gene,logFC_Cancer_vs_Healthy,logFC_Training_CR,pi_score_CvH,pi_score_TR,significance,quadrant,imputed
PC,1.4991,-0.9572,0.075776,0.055679,NS,Discordant (Cancer Up / Training Down),TRUE
CNRIP1,1.0064,-0.9531,0.199194,0.055519,NS,Discordant (Cancer Up / Training Down),TRUE
CLTA,1.1859,-0.7644,0.266601,0.322466,NS,Discordant (Cancer Up / Training Down),TRUE
FUNDC1,0.6636,1.197,0.592893,0.178567,NS,Concordant Up,TRUE
ACTC1,1.2316,0.581,0.076736,0.618211,NS,Concordant Up,TRUE
BCS1L,0.92490000000000006,0.8632,0.15212,0.162776,NS,Concordant Up,TRUE
MYBPH,0.8826,0.9031,0.241202,0.116674,NS,Concordant Up,TRUE
C7,1.5389,-0.1925,0.08809,0.916975,NS,Discordant (Cancer Up / Training Down),TRUE
HDGFL3,0.7645,-0.8992,0.554689,0.167871,NS,Discordant (Cancer Up / Training Down),TRUE
BCO2,-0.8898,0.7513,0.098054,0.232668,NS,Discordant (Cancer Down / Training Up),TRUE
MYL1,-0.794,0.8126,0.122762,0.05231,NS,Discordant (Cancer Down / Training Up),TRUE
PTGIS,1.5023,0.0607,0.066747,0.99213,NS,Concordant Up,TRUE
C6orf136,0.5702,0.9872,0.508891,0.058649,NS,Concordant Up,TRUE
LYVE1,1.5353,-0.0074,0.060589,0.999894,NS,Discordant (Cancer Up / Training Down),TRUE
COL4A1,1.0452,-0.4871,0.092173,0.604692,NS,Discordant (Cancer Up / Training Down),TRUE
UGDH,1.3584,0.1521,0.073616,0.938978,NS,Concordant Up,TRUE
NENF,-0.7436,0.7307,0.368531,0.390806,NS,Discordant (Cancer Down / Training Up),TRUE
HMGCS2,0.6512,-0.8123,0.405668,0.153229,NS,Discordant (Cancer Up / Training Down),TRUE
ACTN3,1.1465,0.2941,0.079519,0.864636,NS,Concordant Up,TRUE
LAMB1,1.1545,-0.286,0.078536,0.816038,NS,Discordant (Cancer Up / Training Down),TRUE
RPL36AL,-0.835,-0.5744,0.189393,0.385152,NS,Concordant Down,TRUE
SELENOP,0.9669,-0.4292,0.204042,0.520138,NS,Discordant (Cancer Up / Training Down),TRUE
LGMN,1.0426,0.3357,0.100956,0.68159,NS,Concordant Up,TRUE
VASP,1.2107,-0.1533,0.057578,0.945627,NS,Discordant (Cancer Up / Training Down),TRUE
NNMT,-0.7081,0.6166,0.221207,0.173857,NS,Discordant (Cancer Down / Training Up),TRUE
MYH7,-0.9771,0.3342,0.082038,0.768435,NS,Discordant (Cancer Down / Training Up),TRUE
PVALB,0.9359,-0.3737,0.17261,0.779711,NS,Discordant (Cancer Up / Training Down),TRUE
ACTN1,1.0061,0.2981,0.084118,0.82649,NS,Concordant Up,FALSE
PFAS,1.0304,-0.2718,0.173976,0.774578,NS,Discordant (Cancer Up / Training Down),TRUE
COL14A1,0.4982,0.7959,0.810071,0.119247,NS,Concordant Up,TRUE
SLC25A4,-0.6714,0.6209,0.222373,0.192208,NS,Discordant (Cancer Down / Training Up),FALSE
OVCA2,-0.9128,0.3735,0.075318,0.722812,NS,Discordant (Cancer Down / Training Up),TRUE
NDUFS5,-0.7625,0.5205,0.057867,0.22625,NS,Discordant (Cancer Down / Training Up),FALSE
RPL32,-0.6154,0.6629,0.145566,0.12921,NS,Discordant (Cancer Down / Training Up),TRUE
CKMT2,-0.7879,0.4845,0.076723,0.35267,NS,Discordant (Cancer Down / Training Up),FALSE
ECM1,0.8629,-0.3982,0.233373,0.393503,NS,Discordant (Cancer Up / Training Down),TRUE
LAMA2,-0.4522,0.8037,0.598884,0.08993,NS,Discordant (Cancer Down / Training Up),TRUE
SYNPO2L,0.321,0.933,0.829704,0.097318,NS,Concordant Up,TRUE
PITPNB,0.6046,-0.6493,0.279544,0.098519,NS,Discordant (Cancer Up / Training Down),TRUE
MRPL12,-0.6431,0.6082,0.137813,0.174981,NS,Discordant (Cancer Down / Training Up),TRUE
TBCEL,0.6382,0.6086,0.257692,0.291461,NS,Concordant Up,TRUE
MRPL48,-0.6373,0.6071,0.267786,0.333445,NS,Discordant (Cancer Down / Training Up),TRUE
ITGA6,0.6685,-0.564,0.223194,0.242121,NS,Discordant (Cancer Up / Training Down),TRUE
PHKA2,-0.7641,0.4592,0.088268,0.416446,NS,Discordant (Cancer Down / Training Up),TRUE
S100A13,0.6632,0.5573,0.099909,0.134716,NS,Concordant Up,FALSE
NDUFA12,-0.7869,0.4299,0.076336,0.45573,NS,Discordant (Cancer Down / Training Up),FALSE
SLC1A4,-0.5249,-0.6765,0.41883,0.288881,NS,Concordant Down,TRUE
GOT2,-0.692,0.5072,0.160821,0.319971,NS,Discordant (Cancer Down / Training Up),FALSE
ATRN,1.1348,0.0625,0.219332,0.991011,NS,Concordant Up,TRUE
TMA7,0.9461,0.2432,0.183809,0.934163,NS,Concordant Up,TRUE
MYLK2,-0.8156,-0.3689,0.053794,0.574791,NS,Concordant Down,TRUE
DES,-0.4133,0.7697,0.75209,0.213318,NS,Discordant (Cancer Down / Training Up),TRUE
PYGM,-0.6792,0.4949,0.136326,0.294178,NS,Discordant (Cancer Down / Training Up),FALSE
MRPS27,-0.5985,0.5648,0.139464,0.192574,NS,Discordant (Cancer Down / Training Up),TRUE
LMOD3,0.5679,-0.5946,0.268327,0.183161,NS,Discordant (Cancer Up / Training Down),TRUE
TRA2B,0.6058,0.5553,0.413999,0.462418,NS,Concordant Up,TRUE
DERA,0.7341,-0.4238,0.234341,0.451215,NS,Discordant (Cancer Up / Training Down),TRUE
MRC2,0.81,0.3472,0.112733,0.590312,NS,Concordant Up,TRUE
STMN1,0.7622,-0.3933,0.091822,0.526846,NS,Discordant (Cancer Up / Training Down),TRUE
CTSC,0.8514,-0.3032,0.444288,0.845154,NS,Discordant (Cancer Up / Training Down),TRUE
EPB41L3,0.817,-0.3358,0.298542,0.589428,NS,Discordant (Cancer Up / Training Down),TRUE
FCGRT,0.9041,-0.2475,0.284441,0.872848,NS,Discordant (Cancer Up / Training Down),TRUE
CPT1A,-0.7775,-0.3676,0.05484,0.557081,NS,Concordant Down,TRUE
FDXR,-0.7575,0.383,0.051713,0.481285,NS,Discordant (Cancer Down / Training Up),TRUE
DHX15,-0.6765,0.4634,0.419582,0.525598,NS,Discordant (Cancer Down / Training Up),TRUE
ANP32E,0.3929,0.747,0.716454,0.1301,NS,Concordant Up,TRUE
RPL24,0.6249,-0.5131,0.084859,0.176749,NS,Discordant (Cancer Up / Training Down),TRUE
MYL6B,-0.82,0.3122,0.200505,0.804296,NS,Discordant (Cancer Down / Training Up),TRUE
MYH8,-0.558,0.5652,0.530922,0.463034,NS,Discordant (Cancer Down / Training Up),TRUE
SNX9,0.7628,-0.3592,0.117371,0.657949,NS,Discordant (Cancer Up / Training Down),TRUE
GSTM4,0.6989,-0.422,0.353769,0.682742,NS,Discordant (Cancer Up / Training Down),TRUE
TMOD4,-0.1561,0.9635,0.957908,0.053464,NS,Discordant (Cancer Down / Training Up),TRUE
SERPINA5,0.8535,-0.2628,0.312489,0.782081,NS,Discordant (Cancer Up / Training Down),TRUE
FLNC,-0.651,0.4514,0.124799,0.323676,NS,Discordant (Cancer Down / Training Up),TRUE
TNNT3,0.3717,0.7287,0.760313,0.182997,NS,Concordant Up,TRUE
DYNLT1,-0.5642,0.5362,0.210931,0.207977,NS,Discordant (Cancer Down / Training Up),TRUE
S100A16,0.6269,-0.4647,0.555394,0.364914,NS,Discordant (Cancer Up / Training Down),TRUE
CUL4A,-0.7187,0.3696,0.051045,0.461585,NS,Discordant (Cancer Down / Training Up),TRUE
AGL,-0.6778,0.3994,0.12230100000000001,0.463317,NS,Discordant (Cancer Down / Training Up),TRUE
NDUFA13,-0.4982,0.5718,0.353641,0.144706,NS,Discordant (Cancer Down / Training Up),FALSE
COL15A1,0.5029,0.5662,0.441659,0.298885,NS,Concordant Up,TRUE
EML4,-0.4342,0.6344,0.661613,0.385093,NS,Discordant (Cancer Down / Training Up),TRUE
UBA5,0.9706,-0.0959,0.057222,0.976289,NS,Discordant (Cancer Up / Training Down),TRUE
AUH,-0.616,0.4491,0.134077,0.310906,NS,Discordant (Cancer Down / Training Up),TRUE
SNU13,-0.719,0.3448,0.074346,0.599809,NS,Discordant (Cancer Down / Training Up),TRUE
TTN,0.4887,0.5747,0.584482,0.36186,NS,Concordant Up,TRUE
CSRP2,0.7257,-0.3353,0.362481,0.789339,NS,Discordant (Cancer Up / Training Down),TRUE
TUBA8,-0.7273,0.3232,0.134623,0.682893,NS,Discordant (Cancer Down / Training Up),FALSE
ALDH2,0.7067,-0.3434,0.069448,0.542801,NS,Discordant (Cancer Up / Training Down),FALSE
SLC25A42,-0.3321,0.7163,0.745196,0.143683,NS,Discordant (Cancer Down / Training Up),TRUE
PDLIM3,-0.7167,0.3268,0.076826,0.602489,NS,Discordant (Cancer Down / Training Up),TRUE
NDUFB1,-0.4529,0.5868,0.349931,0.077224,NS,Discordant (Cancer Down / Training Up),TRUE
FXYD1,-0.5578,-0.4804,0.204808,0.265391,NS,Concordant Down,TRUE
MYBPC2,0.9152,-0.1196,0.107401,0.971192,NS,Discordant (Cancer Up / Training Down),TRUE
HYI,1.0266,0.0076,0.185197,0.999892,NS,Concordant Up,TRUE
CD151,0.9058,-0.1275,0.514629,0.981666,NS,Discordant (Cancer Up / Training Down),TRUE
SYNM,0.3622,0.6704,0.653674,0.099984,NS,Concordant Up,TRUE
RRBP1,0.5882,-0.4423,0.735128,0.641183,NS,Discordant (Cancer Up / Training Down),TRUE
MRPL1,0.3758,-0.6515,0.519095,0.064961,NS,Discordant (Cancer Up / Training Down),TRUE
RHOC,0.6889,0.338,0.088765,0.55359100000000006,NS,Concordant Up,TRUE
CTBP1,-0.4294,0.5941,0.264744,0.057264,NS,Discordant (Cancer Down / Training Up),TRUE
NDUFS4,-0.6349,0.3848,0.148563,0.473514,NS,Discordant (Cancer Down / Training Up),TRUE
COL4A2,0.9589,-0.0556,0.112575,0.994849,NS,Discordant (Cancer Up / Training Down),TRUE
NDUFB9,-0.6197,0.393,0.14537,0.438228,NS,Discordant (Cancer Down / Training Up),TRUE
CLIC2,0.7835,0.2283,0.066197,0.837834,NS,Concordant Up,TRUE
MAOA,0.5356,-0.4697,0.210364,0.221956,NS,Discordant (Cancer Up / Training Down),FALSE
HHATL,-0.4362,-0.5676,0.447113,0.150152,NS,Concordant Down,TRUE
CKAP4,0.7064,0.2922,0.376469,0.795556,NS,Concordant Up,TRUE
NDUFA8,-0.5839,0.4126,0.164878,0.367355,NS,Discordant (Cancer Down / Training Up),TRUE
NDUFAF5,-0.2776,0.7117,0.723233,0.078356,NS,Discordant (Cancer Down / Training Up),TRUE
UBE2D1,-0.5457,-0.4422,0.25527300000000003,0.36306,NS,Concordant Down,TRUE
ATP5IF1,0.2636,-0.7232,0.940912,0.475041,NS,Discordant (Cancer Up / Training Down),TRUE
PAIP1,0.402,-0.5833,0.594441,0.243245,NS,Discordant (Cancer Up / Training Down),TRUE
GMFG,0.7907,-0.1942,0.269689,0.918051,NS,Discordant (Cancer Up / Training Down),TRUE
SMS,-0.4945,0.4875,0.254708,0.193607,NS,Discordant (Cancer Down / Training Up),TRUE
MRPS17,-0.6938,-0.287,0.175223,0.767255,NS,Concordant Down,TRUE
MAPK9,-0.6185,0.3573,0.104994,0.51757,NS,Discordant (Cancer Down / Training Up),TRUE
GMFB,0.5341,0.4397,0.337068,0.434945,NS,Concordant Up,TRUE
PUF60,-0.4809,0.491,0.344773,0.308522,NS,Discordant (Cancer Down / Training Up),TRUE
NDUFA3,-0.5738,0.3977,0.426832,0.65134,NS,Discordant (Cancer Down / Training Up),TRUE
MAPK12,-0.4248,-0.5426,0.401505,0.118723,NS,Concordant Down,TRUE
EMC2,-0.5462,0.4193,0.227423,0.522093,NS,Discordant (Cancer Down / Training Up),TRUE
THEM6,-0.7621,0.2024,0.315669,0.935391,NS,Discordant (Cancer Down / Training Up),TRUE
BDH1,-0.871,-0.0906,0.064188,0.978431,NS,Concordant Down,TRUE
ACSL4,0.4502,-0.5102,0.75746,0.350746,NS,Discordant (Cancer Up / Training Down),TRUE
NRP1,0.589,-0.3713,0.166942,0.484451,NS,Discordant (Cancer Up / Training Down),TRUE
ATE1,0.4015,0.5559,0.639561,0.360329,NS,Concordant Up,TRUE
UBE2F,-0.4532,0.5022,0.439977,0.287647,NS,Discordant (Cancer Down / Training Up),TRUE
CRYL1,0.4159,-0.5385,0.488127,0.209754,NS,Discordant (Cancer Up / Training Down),TRUE
NADK2,-0.4398,0.514,0.261154,0.255572,NS,Discordant (Cancer Down / Training Up),TRUE
NDUFB11,-0.5577,0.3948,0.221316,0.421326,NS,Discordant (Cancer Down / Training Up),FALSE
SIRT5,-0.6723,0.2782,0.136819,0.72756,NS,Discordant (Cancer Down / Training Up),TRUE
ENO3,-0.6277,0.321,0.136201,0.593699,NS,Discordant (Cancer Down / Training Up),FALSE
RPL8,0.6366,-0.309,0.148051,0.631731,NS,Discordant (Cancer Up / Training Down),TRUE
CTPS1,-0.3746,0.5663,0.575881,0.18489,NS,Discordant (Cancer Down / Training Up),TRUE
FERMT3,0.8758,0.0614,0.433198,0.990922,NS,Concordant Up,TRUE
TNNI1,-0.57,0.367,0.480125,0.710254,NS,Discordant (Cancer Down / Training Up),TRUE
NDUFA9,-0.4204,0.5159,0.434378,0.161323,NS,Discordant (Cancer Down / Training Up),FALSE
ACAA1,-0.5211,-0.4107,0.186976,0.304442,NS,Concordant Down,TRUE
RPL37A,0.7312,-0.1975,0.052428,0.866977,NS,Discordant (Cancer Up / Training Down),TRUE
MCU,-0.6299,0.2971,0.089892,0.598825,NS,Discordant (Cancer Down / Training Up),TRUE
COX7A1,-0.5209,0.405,0.220933,0.337519,NS,Discordant (Cancer Down / Training Up),FALSE
HNRNPC,0.7872,0.1322,0.101861,0.942805,NS,Concordant Up,TRUE
RPL27,-0.4618,0.4563,0.212854,0.143557,NS,Discordant (Cancer Down / Training Up),TRUE
GLRX5,-0.5867,0.3305,0.185251,0.58776,NS,Discordant (Cancer Down / Training Up),TRUE
SNRNP70,0.8615,-0.0547,0.207833,0.994394,NS,Discordant (Cancer Up / Training Down),TRUE
BCAP31,0.6934,-0.2211,0.079016,0.807911,NS,Discordant (Cancer Up / Training Down),TRUE
LONP1,-0.5584,0.3546,0.070792,0.316059,NS,Discordant (Cancer Down / Training Up),FALSE
ATP5MG,-0.5959,0.3148,0.131882,0.565355,NS,Discordant (Cancer Down / Training Up),FALSE
CES2,-0.5684,0.3422,0.185537,0.552461,NS,Discordant (Cancer Down / Training Up),TRUE
TPM2,-0.1972,0.7132,0.933217,0.193736,NS,Discordant (Cancer Down / Training Up),FALSE
ENO1,0.5322,-0.3778,0.19595,0.391419,NS,Discordant (Cancer Up / Training Down),FALSE
ARPC2,0.4904,0.4175,0.187361,0.236191,NS,Concordant Up,TRUE
NID2,0.8873,0.0198,0.361047,0.999062,NS,Concordant Up,TRUE
TMEM65,-0.6242,0.2791,0.102217,0.756899,NS,Discordant (Cancer Down / Training Up),TRUE
PRKAA1,-0.6573,0.2459,0.147261,0.784744,NS,Discordant (Cancer Down / Training Up),TRUE
PRKAG1,-0.6172,0.2859,0.136474,0.662899,NS,Discordant (Cancer Down / Training Up),FALSE
NDUFS3,-0.4728,0.4283,0.278257,0.262453,NS,Discordant (Cancer Down / Training Up),FALSE
GSTM1,0.6184,-0.2814,0.546558,0.874129,NS,Discordant (Cancer Up / Training Down),TRUE
NDUFA2,-0.5683,0.3303,0.149771,0.510571,NS,Discordant (Cancer Down / Training Up),FALSE
ADI1,-0.6076,0.2908,0.226426,0.740309,NS,Discordant (Cancer Down / Training Up),TRUE
DRG1,-0.2069,0.6911,0.892186,0.115494,NS,Discordant (Cancer Down / Training Up),TRUE
MSRB2,-0.4742,0.4232,0.3245,0.446211,NS,Discordant (Cancer Down / Training Up),TRUE
UBE3A,-0.4955,-0.4012,0.066242,0.170814,NS,Concordant Down,TRUE
EMD,0.5812,-0.3125,0.22233,0.659704,NS,Discordant (Cancer Up / Training Down),TRUE
CLINT1,0.5354,-0.3558,0.238863,0.488343,NS,Discordant (Cancer Up / Training Down),TRUE
COPE,0.5526,0.3381,0.128048,0.414557,NS,Concordant Up,TRUE
OBSCN,-0.4806,0.4074,0.406671,0.473066,NS,Discordant (Cancer Down / Training Up),TRUE
NDUFB3,-0.5294,0.3584,0.196736,0.434279,NS,Discordant (Cancer Down / Training Up),FALSE
GAA,-0.4512,0.4336,0.108523,0.075496,NS,Discordant (Cancer Down / Training Up),TRUE
TUBB2A,0.7392,-0.1439,0.070999,0.927097,NS,Discordant (Cancer Up / Training Down),FALSE
C20orf27,0.7133,0.1686,0.191339,0.909375,NS,Concordant Up,TRUE
HDDC2,-0.6334,0.2449,0.244732,0.849816,NS,Discordant (Cancer Down / Training Up),TRUE
LSS,-0.5361,-0.3396,0.07448,0.327935,NS,Concordant Down,TRUE
GYS1,-0.5752,0.2999,0.151565,0.598925,NS,Discordant (Cancer Down / Training Up),TRUE
RNF181,-0.82,0.0531,0.080283,0.993413,NS,Discordant (Cancer Down / Training Up),TRUE
NDUFS8,-0.6441,0.2288,0.178765,0.822316,NS,Discordant (Cancer Down / Training Up),TRUE
CAPZA1,0.6792,0.1918,0.084355,0.850897,NS,Concordant Up,FALSE
TIMM44,-0.5581,0.3127,0.206088,0.597321,NS,Discordant (Cancer Down / Training Up),TRUE
DARS2,0.2635,0.6033,0.737869,0.082451,NS,Concordant Up,TRUE
MAPK14,-0.5698,0.2961,0.118789,0.603799,NS,Discordant (Cancer Down / Training Up),TRUE
EIF2B3,-0.516,0.3467,0.117304,0.392122,NS,Discordant (Cancer Down / Training Up),TRUE
PLIN5,-0.6612,0.1997,0.154164,0.868675,NS,Discordant (Cancer Down / Training Up),TRUE
MYL6,0.834,-0.0264,0.067572,0.998223,NS,Discordant (Cancer Up / Training Down),FALSE
UNC45B,-0.583,0.2769,0.111277,0.622428,NS,Discordant (Cancer Down / Training Up),TRUE
SH3BGR,-0.6881,-0.1714,0.090834,0.888291,NS,Concordant Down,TRUE
TIMM8A,-0.6464,0.2129,0.179552,0.854178,NS,Discordant (Cancer Down / Training Up),TRUE
HSPB3,-0.5852,-0.2736,0.100928,0.625539,NS,Concordant Down,TRUE
TNNI2,0.4646,0.3928,0.639924,0.678876,NS,Concordant Up,TRUE
SLMAP,-0.5011,-0.3552,0.158767,0.357374,NS,Concordant Down,TRUE
ALDH1A1,0.5346,-0.3216,0.169945,0.505771,NS,Discordant (Cancer Up / Training Down),FALSE
BIN1,-0.6297,0.226,0.082772,0.756636,NS,Discordant (Cancer Down / Training Up),FALSE
MVP,0.5733,0.2819,0.233408,0.701902,NS,Concordant Up,TRUE
PPIF,-0.6073,0.2473,0.226287,0.791395,NS,Discordant (Cancer Down / Training Up),FALSE
PDHA1,-0.6177,0.2358,0.062931,0.702435,NS,Discordant (Cancer Down / Training Up),FALSE
MXRA7,0.7736,-0.0786,0.066526,0.982149,NS,Discordant (Cancer Up / Training Down),TRUE
FAM120A,-0.3675,0.4828,0.588098,0.292011,NS,Discordant (Cancer Down / Training Up),TRUE
STARD10,0.2158,-0.6344,0.885408,0.288712,NS,Discordant (Cancer Up / Training Down),TRUE
DBI,0.5361,-0.312,0.063308,0.380239,NS,Discordant (Cancer Up / Training Down),FALSE
SUCLA2,-0.5866,0.2581,0.08759,0.645431,NS,Discordant (Cancer Down / Training Up),FALSE
HSPH1,0.2645,0.5796,0.773384,0.306598,NS,Concordant Up,TRUE
CSDE1,-0.6205,0.223,0.071657,0.745634,NS,Discordant (Cancer Down / Training Up),FALSE
NDUFAF4,-0.4097,0.4333,0.539314,0.440776,NS,Discordant (Cancer Down / Training Up),TRUE
NIT1,-0.6417,0.1978,0.055171,0.798902,NS,Discordant (Cancer Down / Training Up),FALSE
RWDD1,-0.6479,-0.1909,0.066792,0.833954,NS,Concordant Down,TRUE
OSTF1,0.6773,0.1597,0.194372,0.899215,NS,Concordant Up,TRUE
OXSM,-0.6161,0.2196,0.062713,0.799978,NS,Discordant (Cancer Down / Training Up),TRUE
ATP5PD,-0.6309,0.2035,0.055573,0.779989,NS,Discordant (Cancer Down / Training Up),FALSE
PSMD7,-0.4067,0.4275,0.285596,0.150075,NS,Discordant (Cancer Down / Training Up),FALSE
COX7C,-0.7342,0.1,0.097819,0.968886,NS,Discordant (Cancer Down / Training Up),FALSE
DNAJB4,0.5081,0.3259,0.2734,0.593484,NS,Concordant Up,TRUE
SMYD5,0.2624,-0.571,0.678126,0.085498,NS,Discordant (Cancer Up / Training Down),TRUE
PLP2,0.2707,0.561,0.836784,0.345679,NS,Concordant Up,TRUE
ACY1,-0.5308,0.3002,0.1814,0.567171,NS,Discordant (Cancer Down / Training Up),FALSE
MLIP,-0.5222,0.3085,0.436552,0.753302,NS,Discordant (Cancer Down / Training Up),TRUE
ABHD16A,-0.5817,-0.2487,0.24844,0.850814,NS,Concordant Down,TRUE
RPL21,0.5248,-0.3055,0.292565,0.595555,NS,Discordant (Cancer Up / Training Down),TRUE
CCDC22,0.2817,0.5462,0.803467,0.386584,NS,Concordant Up,TRUE
ATP5F1C,-0.5607,0.2672,0.097586,0.602908,NS,Discordant (Cancer Down / Training Up),FALSE
NDUFS6,-0.6464,0.1812,0.114073,0.868501,NS,Discordant (Cancer Down / Training Up),FALSE
MECR,-0.6001,0.2275,0.128231,0.768557,NS,Discordant (Cancer Down / Training Up),TRUE
TXNDC5,0.7371,-0.0905,0.096976,0.974922,NS,Discordant (Cancer Up / Training Down),TRUE
COL18A1,0.5186,-0.3086,0.21115,0.566385,NS,Discordant (Cancer Up / Training Down),TRUE
ABCF1,-0.6067,0.2201,0.097137,0.775549,NS,Discordant (Cancer Down / Training Up),TRUE
NDUFA7,-0.5269,0.2988,0.455726,0.760676,NS,Discordant (Cancer Down / Training Up),TRUE
EDF1,-0.6871,-0.1378,0.097217,0.944387,NS,Concordant Down,TRUE
UFD1,-0.4576,0.3643,0.224035,0.336672,NS,Discordant (Cancer Down / Training Up),TRUE
ETHE1,-0.4499,0.3697,0.215503,0.313119,NS,Discordant (Cancer Down / Training Up),TRUE
NUDT19,-0.3528,0.4659,0.607631,0.414226,NS,Discordant (Cancer Down / Training Up),TRUE
RPL23,0.5477,-0.2688,0.071363,0.542354,NS,Discordant (Cancer Up / Training Down),FALSE
CNP,0.6677,-0.1485,0.050405,0.900787,NS,Discordant (Cancer Up / Training Down),TRUE
PNPO,-0.3915,-0.4246,0.385172,0.213024,NS,Concordant Down,TRUE
TMX4,-0.3658,-0.4503,0.353302,0.09989,NS,Concordant Down,TRUE
MCCC2,-0.6752,-0.14,0.065306,0.916415,NS,Concordant Down,TRUE
RPS11,-0.4687,-0.3453,0.263671,0.473146,NS,Concordant Down,TRUE
NCK1,-0.5996,0.214,0.361487,0.90500100000000006,NS,Discordant (Cancer Down / Training Up),TRUE
VAMP2,0.5007,-0.3123,0.15859,0.477007,NS,Discordant (Cancer Up / Training Down),TRUE
ESAM,0.6212,-0.1893,0.139937,0.861807,NS,Discordant (Cancer Up / Training Down),TRUE
MYH11,0.4491,0.36,0.52905,0.596707,NS,Concordant Up,TRUE
DTNA,-0.569,-0.2377,0.208094,0.77753,NS,Concordant Down,TRUE
DDX19A,-0.6062,0.2003,0.109293,0.813481,NS,Discordant (Cancer Down / Training Up),FALSE
CYC1,-0.3891,0.4139,0.44438,0.286168,NS,Discordant (Cancer Down / Training Up),FALSE
DLST,-0.5685,0.234,0.077086,0.676482,NS,Discordant (Cancer Down / Training Up),FALSE
LMNA,0.6731,-0.1285,0.211016,0.954551,NS,Discordant (Cancer Up / Training Down),FALSE
FKBP9,0.6959,-0.1054,0.391482,0.981462,NS,Discordant (Cancer Up / Training Down),TRUE
MCM3AP,-0.7431,-0.0566,0.143737,0.992343,NS,Concordant Down,TRUE
BDH2,0.3769,0.422,0.486111,0.321574,NS,Concordant Up,TRUE
CPA3,0.316,-0.4826,0.687167,0.260299,NS,Discordant (Cancer Up / Training Down),TRUE
UBE2M,-0.544,0.2546,0.096444,0.615051,NS,Discordant (Cancer Down / Training Up),FALSE
FABP3,-0.482,0.3157,0.455919,0.683975,NS,Discordant (Cancer Down / Training Up),FALSE
MYOM1,-0.4931,0.3044,0.408637,0.694681,NS,Discordant (Cancer Down / Training Up),TRUE
CARS2,-0.35,0.447,0.636784,0.402671,NS,Discordant (Cancer Down / Training Up),TRUE
LMCD1,-0.5857,0.2108,0.227686,0.839036,NS,Discordant (Cancer Down / Training Up),FALSE
LANCL2,-0.6326,-0.1637,0.052585,0.878697,NS,Concordant Down,TRUE
RPS15,0.4873,-0.3089,0.75192,0.880954,NS,Discordant (Cancer Up / Training Down),TRUE
SDR39U1,-0.4425,0.3532,0.57883,0.658014,NS,Discordant (Cancer Down / Training Up),TRUE
COQ6,-0.5483,-0.2468,0.269858,0.772985,NS,Concordant Down,TRUE
TNNC2,0.2004,0.594,0.926317,0.320079,NS,Concordant Up,TRUE
RPS23,0.4279,-0.3652,0.639585,0.700612,NS,Discordant (Cancer Up / Training Down),TRUE
CRK,0.6521,0.1408,0.076704,0.914186,NS,Concordant Up,TRUE
KLHL40,-0.5803,0.2125,0.306646,0.861721,NS,Discordant (Cancer Down / Training Up),TRUE
SVIL,0.468,0.3248,0.408705,0.711569,NS,Concordant Up,TRUE
SNRPB,-0.4774,0.3147,0.131661,0.443462,NS,Discordant (Cancer Down / Training Up),TRUE
BCAT2,-0.589,-0.203,0.097475,0.795914,NS,Concordant Down,TRUE
ACADSB,-0.644,-0.1475,0.070921,0.899634,NS,Concordant Down,TRUE
TGM2,0.5677,0.2232,0.176813,0.782357,NS,Concordant Up,FALSE
SSR4,0.5357,0.2552,0.240452,0.691234,NS,Concordant Up,TRUE
GLS,-0.6922,-0.0984,0.059624,0.965006,NS,Concordant Down,TRUE
ACO1,0.4874,-0.3019,0.063706,0.324876,NS,Discordant (Cancer Up / Training Down),FALSE
RGN,0.686,0.1022,0.065212,0.965662,NS,Concordant Up,TRUE
NDUFAF3,-0.5801,0.2074,0.086901,0.779334,NS,Discordant (Cancer Down / Training Up),TRUE
ATP5ME,-0.5702,0.2169,0.144378,0.777378,NS,Discordant (Cancer Down / Training Up),FALSE
ECI1,-0.554,0.2307,0.188357,0.762666,NS,Discordant (Cancer Down / Training Up),FALSE
SEPTIN9,0.5223,0.2623,0.282391,0.732749,NS,Concordant Up,TRUE
FECH,-0.6102,0.1728,0.118435,0.869196,NS,Discordant (Cancer Down / Training Up),TRUE
CACNB3,-0.549,-0.2338,0.134101,0.715895,NS,Concordant Down,TRUE
SNX2,0.6142,0.166,0.092972,0.870044,NS,Concordant Up,FALSE
BAG6,-0.7271,0.0525,0.217649,0.994388,NS,Discordant (Cancer Down / Training Up),TRUE
TUBA4A,-0.5848,0.1946,0.105583,0.809155,NS,Discordant (Cancer Down / Training Up),FALSE
DHRS7,-0.3965,0.3815,0.179611,0.123481,NS,Discordant (Cancer Down / Training Up),FALSE
SLC9A3R2,0.1734,-0.6044,0.938132,0.40596,NS,Discordant (Cancer Up / Training Down),TRUE
MRPL37,-0.6093,0.1685,0.258958,0.93084,NS,Discordant (Cancer Down / Training Up),TRUE
MESD,0.4055,-0.372,0.506954,0.580941,NS,Discordant (Cancer Up / Training Down),TRUE
SLC25A13,-0.5918,0.1849,0.134196,0.847273,NS,Discordant (Cancer Down / Training Up),TRUE
MB,-0.5247,0.2517,0.27784,0.745291,NS,Discordant (Cancer Down / Training Up),FALSE
NUP93,-0.4834,-0.293,0.286108,0.71582,NS,Concordant Down,TRUE
FITM2,-0.4061,0.3663,0.309106,0.409979,NS,Discordant (Cancer Down / Training Up),TRUE
GNA13,0.5593,-0.2103,0.221365,0.821163,NS,Discordant (Cancer Up / Training Down),TRUE
IDH3G,-0.5685,0.201,0.175804,0.824801,NS,Discordant (Cancer Down / Training Up),TRUE
PM20D2,-0.7008,0.0682,0.122769,0.986293,NS,Discordant (Cancer Down / Training Up),TRUE
PDIA4,0.6321,0.1366,0.072792,0.914885,NS,Concordant Up,TRUE
CACNA1S,-0.3891,-0.379,0.247429,0.196241,NS,Concordant Down,TRUE
MICU1,-0.606,0.1621,0.266583,0.928865,NS,Discordant (Cancer Down / Training Up),TRUE
NUDT9,-0.4254,0.3425,0.369842,0.541675,NS,Discordant (Cancer Down / Training Up),TRUE
NUCB1,0.4719,-0.2955,0.261196,0.592657,NS,Discordant (Cancer Up / Training Down),TRUE
GOT1,-0.4866,0.2786,0.327039,0.677794,NS,Discordant (Cancer Down / Training Up),FALSE
ARIH2,-0.2815,-0.4818,0.645627,0.162112,NS,Concordant Down,TRUE
ABHD5,0.6238,-0.1384,0.61309,0.969226,NS,Discordant (Cancer Up / Training Down),TRUE
RPL29,0.5605,-0.2012,0.647811,0.946443,NS,Discordant (Cancer Up / Training Down),TRUE
RRAD,-0.6576,0.1038,0.06436,0.955301,NS,Discordant (Cancer Down / Training Up),TRUE
PAFAH1B3,0.7088,-0.0525,0.078225,0.99073,NS,Discordant (Cancer Up / Training Down),FALSE
CASQ2,-0.6756,-0.0856,0.056102,0.969209,NS,Concordant Down,TRUE
PMM2,0.5401,0.2206,0.063643,0.664318,NS,Concordant Up,FALSE
PGM5,-0.6861,0.0745,0.056357,0.977623,NS,Discordant (Cancer Down / Training Up),FALSE
DCTN3,0.5055,-0.2546,0.174512,0.670778,NS,Discordant (Cancer Up / Training Down),TRUE
COQ5,-0.6737,-0.0857,0.107325,0.974468,NS,Concordant Down,TRUE
GALM,-0.4735,0.2844,0.25061,0.586695,NS,Discordant (Cancer Down / Training Up),FALSE
NANS,0.5052,0.2526,0.253649,0.709912,NS,Concordant Up,TRUE
ACTA1,0.2168,0.5407,0.898261,0.326052,NS,Concordant Up,FALSE
IARS1,-0.5126,0.2447,0.15009,0.770035,NS,Discordant (Cancer Down / Training Up),TRUE
PHKB,-0.4847,0.272,0.316207,0.690685,NS,Discordant (Cancer Down / Training Up),TRUE
TPM1,-0.0821,0.674,0.989271,0.248978,NS,Discordant (Cancer Down / Training Up),FALSE
IDH2,-0.4923,0.2627,0.170289,0.601102,NS,Discordant (Cancer Down / Training Up),FALSE
COQ9,-0.5687,0.1857,0.206465,0.862029,NS,Discordant (Cancer Down / Training Up),FALSE
COMMD6,0.3284,-0.4255,0.623949,0.368393,NS,Discordant (Cancer Up / Training Down),TRUE
TTC38,0.6621,0.0916,0.159016,0.977126,NS,Concordant Up,TRUE
CRADD,0.1049,0.6471,0.978076,0.208264,NS,Concordant Up,TRUE
RAB1B,0.4874,-0.2634,0.129373,0.547826,NS,Discordant (Cancer Up / Training Down),FALSE
CBR4,-0.4606,-0.2892,0.362254,0.655447,NS,Concordant Down,TRUE
HK1,-0.4435,0.30620000000000003,0.105988,0.301451,NS,Discordant (Cancer Down / Training Up),FALSE
AHCYL1,-0.532,0.2177,0.056255,0.652,NS,Discordant (Cancer Down / Training Up),FALSE
FAM114A1,0.6919,-0.0576,0.186496,0.988781,NS,Discordant (Cancer Up / Training Down),TRUE
ART3,-0.213,-0.5352,0.817972,0.099748,NS,Concordant Down,TRUE
MYOF,-0.467,0.2811,0.107813,0.42795,NS,Discordant (Cancer Down / Training Up),FALSE
MYH3,0.731,-0.0157,0.375852,0.999656,NS,Discordant (Cancer Up / Training Down),TRUE
ISCA1,0.3618,-0.3842,0.63272,0.554734,NS,Discordant (Cancer Up / Training Down),TRUE
MAP1S,-0.5359,0.2098,0.053202,0.71423,NS,Discordant (Cancer Down / Training Up),TRUE
MAP2K4,-0.536,0.2095,0.084528,0.722693,NS,Discordant (Cancer Down / Training Up),TRUE
RPL31,-0.4542,0.2901,0.371018,0.639371,NS,Discordant (Cancer Down / Training Up),FALSE
ATP2A3,-0.5783,-0.1654,0.127823,0.871595,NS,Concordant Down,TRUE
GCN1,0.4009,0.3413,0.543748,0.658179,NS,Concordant Up,TRUE
MICOS13,-0.6093,0.132,0.156854,0.936072,NS,Discordant (Cancer Down / Training Up),TRUE
CNPY2,0.5326,0.2086,0.161558,0.792932,NS,Concordant Up,TRUE
SARS2,-0.4195,-0.3217,0.337312,0.571122,NS,Concordant Down,TRUE
SF3B2,0.3902,-0.35,0.409077,0.556507,NS,Discordant (Cancer Up / Training Down),TRUE
ACTN2,0.0128,0.7264,0.99985,0.431902,NS,Concordant Up,TRUE
MARS1,-0.2665,-0.4702,0.859888,0.621248,NS,Concordant Down,TRUE
PXN,-0.2729,0.4629,0.831336,0.613374,NS,Discordant (Cancer Down / Training Up),TRUE
PSPC1,-0.6363,0.0993,0.120688,0.967311,NS,Discordant (Cancer Down / Training Up),TRUE
ATL2,-0.4612,-0.274,0.347716,0.692356,NS,Concordant Down,TRUE
RPS13,-0.3404,0.3934,0.490363,0.264654,NS,Discordant (Cancer Down / Training Up),TRUE
CARS1,0.5326,-0.2011,0.106929,0.763482,NS,Discordant (Cancer Up / Training Down),TRUE
ABCF3,0.1146,0.6188,0.962049,0.256583,NS,Concordant Up,TRUE
GAPVD1,0.6512,0.0802,0.100909,0.977849,NS,Concordant Up,TRUE
IDH3A,-0.4516,0.2796,0.202246,0.518043,NS,Discordant (Cancer Down / Training Up),FALSE
MRPL24,0.0695,0.6613,0.989364,0.262772,NS,Concordant Up,TRUE
ARPC1A,-0.577,0.153,0.174202,0.916823,NS,Discordant (Cancer Down / Training Up),TRUE
HSDL1,-0.2093,-0.5197,0.832611,0.215823,NS,Concordant Down,TRUE
MAP2K6,-0.5489,0.1788,0.108373,0.823791,NS,Discordant (Cancer Down / Training Up),TRUE
TUBB4B,0.4391,-0.2885,0.141776,0.396534,NS,Discordant (Cancer Up / Training Down),FALSE
NT5C3A,-0.4749,-0.2506,0.275711,0.694621,NS,Concordant Down,TRUE
FH,-0.459,0.2664,0.133904,0.495376,NS,Discordant (Cancer Down / Training Up),FALSE
PPM1B,-0.4845,-0.2406,0.199278,0.721858,NS,Concordant Down,TRUE
KRT1,0.3565,-0.3685,0.81799,0.76046,NS,Discordant (Cancer Up / Training Down),TRUE
VDAC3,-0.4787,0.2462,0.264313,0.700775,NS,Discordant (Cancer Down / Training Up),FALSE
NDUFA10,-0.3896,0.3346,0.436613,0.468041,NS,Discordant (Cancer Down / Training Up),FALSE
CLIP1,-0.5788,-0.1449,0.052565,0.869806,NS,Concordant Down,FALSE
SRPRB,-0.5481,0.1754,0.055804,0.80243,NS,Discordant (Cancer Down / Training Up),TRUE
HSD17B8,-0.6809,0.0415,0.076723,0.993835,NS,Discordant (Cancer Down / Training Up),TRUE
VKORC1L1,0.3226,-0.3989,0.601657,0.357903,NS,Discordant (Cancer Up / Training Down),TRUE
RNF7,-0.6951,0.0248,0.094528,0.998161,NS,Discordant (Cancer Down / Training Up),TRUE
RPS7,0.4953,-0.224,0.215155,0.739752,NS,Discordant (Cancer Up / Training Down),FALSE
SESN1,-0.2288,-0.4899,0.732791,0.097489,NS,Concordant Down,TRUE
FAHD2A,-0.456,0.2624,0.306409,0.671674,NS,Discordant (Cancer Down / Training Up),TRUE
SUCLG1,-0.5563,0.1614,0.128982,0.867763,NS,Discordant (Cancer Down / Training Up),FALSE
SCO1,-0.3208,0.3965,0.64803,0.421168,NS,Discordant (Cancer Down / Training Up),TRUE
PNPT1,-0.5126,-0.2041,0.209791,0.840955,NS,Concordant Down,TRUE
DYNLL2,-0.5246,0.1918,0.130137,0.787745,NS,Discordant (Cancer Down / Training Up),FALSE
MYOM2,-0.6096,0.1064,0.272466,0.968052,NS,Discordant (Cancer Down / Training Up),TRUE
MT-CO2,-0.4278,0.2872,0.241776,0.490576,NS,Discordant (Cancer Down / Training Up),FALSE
CPT1B,-0.6558,0.0581,0.051955,0.985547,NS,Discordant (Cancer Down / Training Up),TRUE
RPRD1B,0.5481,-0.165,0.211334,0.88945,NS,Discordant (Cancer Up / Training Down),TRUE
CSTB,0.4423,-0.2707,0.309436,0.622202,NS,Discordant (Cancer Up / Training Down),FALSE
ACACB,0.5341,0.1785,0.216598,0.880615,NS,Concordant Up,TRUE
OXCT1,-0.5566,-0.1545,0.291811,0.919903,NS,Concordant Down,FALSE
TPM3,-0.2522,0.4582,0.894382,0.581878,NS,Discordant (Cancer Down / Training Up),FALSE
COX20,0.5192,-0.1893,0.480961,0.932603,NS,Discordant (Cancer Up / Training Down),TRUE
RPL4,-0.3182,0.3891,0.300259,0.070283,NS,Discordant (Cancer Down / Training Up),FALSE
MCTS1,-0.4454,0.261,0.273758,0.625304,NS,Discordant (Cancer Down / Training Up),TRUE
GYG1,-0.6327,0.0733,0.078153,0.977074,NS,Discordant (Cancer Down / Training Up),TRUE
WBP2,0.5098,-0.1954,0.293636,0.845487,NS,Discordant (Cancer Up / Training Down),TRUE
GCDH,-0.5937,0.1114,0.173731,0.956251,NS,Discordant (Cancer Down / Training Up),TRUE
PRMT1,-0.632,-0.0719,0.050815,0.975324,NS,Concordant Down,TRUE
HNRNPM,0.4958,0.2076,0.288175,0.805387,NS,Concordant Up,TRUE
UQCRB,-0.4961,0.2071,0.197259,0.768809,NS,Discordant (Cancer Down / Training Up),FALSE
PMPCB,-0.4637,0.2394,0.087164,0.548713,NS,Discordant (Cancer Down / Training Up),TRUE
RPS15A,-0.5139,0.1887,0.085057,0.751524,NS,Discordant (Cancer Down / Training Up),FALSE
ECH1,-0.4481,0.2541,0.197495,0.583026,NS,Discordant (Cancer Down / Training Up),FALSE
C11orf68,-0.2853,0.4167,0.546317,0.165156,NS,Discordant (Cancer Down / Training Up),TRUE
ISOC2,-0.4547,0.2471,0.27837,0.677869,NS,Discordant (Cancer Down / Training Up),FALSE
EIF3K,-0.6719,-0.0298,0.136209,0.997333,NS,Concordant Down,TRUE
SURF4,0.6484,-0.0533,0.215786,0.992746,NS,Discordant (Cancer Up / Training Down),TRUE
NDUFV1,-0.3852,0.3158,0.450941,0.521142,NS,Discordant (Cancer Down / Training Up),FALSE
PLAA,-0.5592,0.1416,0.112855,0.895857,NS,Discordant (Cancer Down / Training Up),TRUE
AHSA1,0.4283,0.2721,0.221947,0.517901,NS,Concordant Up,FALSE
CRAT,-0.6169,0.0822,0.058765,0.966781,NS,Discordant (Cancer Down / Training Up),TRUE
RBMX,0.404,0.2942,0.533678,0.677403,NS,Concordant Up,TRUE
SYNPO2,0.2435,0.4545,0.846149,0.399407,NS,Concordant Up,FALSE
MYOM3,-0.3944,0.3032,0.763552,0.838292,NS,Discordant (Cancer Down / Training Up),TRUE
CBR3,0.6282,0.0693,0.196846,0.980551,NS,Concordant Up,TRUE
BPHL,0.3834,0.3136,0.712127,0.765682,NS,Concordant Up,TRUE
ELOC,-0.5184,0.1778,0.145127,0.822157,NS,Discordant (Cancer Down / Training Up),FALSE
COX5A,-0.3654,0.3307,0.432419,0.417634,NS,Discordant (Cancer Down / Training Up),FALSE
LRPPRC,-0.4871,0.207,0.114585,0.699931,NS,Discordant (Cancer Down / Training Up),FALSE
FITM1,-0.4201,-0.2731,0.527106,0.799302,NS,Concordant Down,TRUE
ABCA8,0.6507,-0.0419,0.140624,0.994015,NS,Discordant (Cancer Up / Training Down),TRUE
LACTB2,-0.3859,-0.306,0.32574,0.445065,NS,Concordant Down,TRUE
L2HGDH,-0.5217,0.17,0.273861,0.887041,NS,Discordant (Cancer Down / Training Up),TRUE
LDB3,-0.4409,0.2506,0.255977,0.633666,NS,Discordant (Cancer Down / Training Up),TRUE
HSCB,0.522,0.1694,0.484639,0.940576,NS,Concordant Up,TRUE
VPS37C,-0.5726,-0.1178,0.241423,0.969348,NS,Concordant Down,TRUE
MT-ND1,-0.3359,-0.3542,0.750272,0.668773,NS,Concordant Down,TRUE
MT-ATP6,-0.5956,-0.0939,0.124997,0.963581,NS,Concordant Down,TRUE
TLN2,0.468,-0.2213,0.263465,0.754495,NS,Discordant (Cancer Up / Training Down),TRUE
AIMP1,-0.509,0.1798,0.095035,0.77954,NS,Discordant (Cancer Down / Training Up),TRUE
DCD,0.5813,0.1072,0.54772,0.984931,NS,Concordant Up,TRUE
NGLY1,-0.2142,-0.4743,0.83824,0.332919,NS,Concordant Down,TRUE
ME2,-0.313,0.375,0.569547,0.31607,NS,Discordant (Cancer Down / Training Up),FALSE
AFG3L2,-0.6816,0.0059,0.083008,0.999885,NS,Discordant (Cancer Down / Training Up),TRUE
MYOT,-0.4396,0.2474,0.556748,0.817921,NS,Discordant (Cancer Down / Training Up),TRUE
NEB,0.1158,0.5709,0.981746,0.483818,NS,Concordant Up,TRUE
HSDL2,-0.6024,0.0842,0.052386,0.962211,NS,Discordant (Cancer Down / Training Up),FALSE
PFKFB1,0.2638,-0.4226,0.716068,0.319264,NS,Discordant (Cancer Up / Training Down),TRUE
TXNRD2,-0.4342,-0.2515,0.48222,0.799974,NS,Concordant Down,TRUE
CNBP,-0.5294,0.1556,0.315743,0.916729,NS,Discordant (Cancer Down / Training Up),TRUE
RPIA,0.5194,-0.1645,0.123012,0.839533,NS,Discordant (Cancer Up / Training Down),FALSE
SNX12,0.3343,-0.3495,0.649363,0.551587,NS,Discordant (Cancer Up / Training Down),TRUE
NDUFV2,-0.4178,0.2659,0.291807,0.580834,NS,Discordant (Cancer Down / Training Up),TRUE
SUPV3L1,-0.6295,-0.053900000000000003,0.069711,0.988218,NS,Concordant Down,TRUE
UQCR11,-0.2271,0.4557,0.833858,0.305673,NS,Discordant (Cancer Down / Training Up),TRUE
ACADVL,-0.558,0.1246,0.054145,0.89928,NS,Discordant (Cancer Down / Training Up),FALSE
RTN3,0.5128,-0.1694,0.36944,0.908527,NS,Discordant (Cancer Up / Training Down),TRUE
CASP3,0.492,0.1901,0.527456,0.923722,NS,Concordant Up,TRUE
CKM,-0.2783,0.4035,0.726167,0.3629,NS,Discordant (Cancer Down / Training Up),FALSE
RAB5B,-0.2263,-0.4553,0.726961,0.114641,NS,Concordant Down,TRUE
UBL5,-0.4947,0.1849,0.155868,0.815255,NS,Discordant (Cancer Down / Training Up),TRUE
COA6,-0.537,0.1423,0.255293,0.921602,NS,Discordant (Cancer Down / Training Up),TRUE
PADI2,-0.4357,0.243,0.229213,0.62544,NS,Discordant (Cancer Down / Training Up),TRUE
HK2,-0.3247,0.3525,0.711423,0.686305,NS,Discordant (Cancer Down / Training Up),TRUE
SEC23IP,-0.2022,-0.4744,0.880277,0.469066,NS,Concordant Down,TRUE
METTL26,-0.5316,-0.1447,0.127933,0.888682,NS,Concordant Down,TRUE
LAMTOR2,-0.2627,0.4132,0.669371,0.428644,NS,Discordant (Cancer Down / Training Up),TRUE
VPS29,0.6229,-0.0512,0.073121,0.989006,NS,Discordant (Cancer Up / Training Down),TRUE
PRPSAP2,0.2622,-0.411,0.738495,0.338333,NS,Discordant (Cancer Up / Training Down),TRUE
USP9X,-0.2855,0.387,0.531812,0.173706,NS,Discordant (Cancer Down / Training Up),TRUE
RANGAP1,0.471,0.2005,0.373658,0.865019,NS,Concordant Up,TRUE
SLC16A3,0.4053,-0.2658,0.685693,0.850008,NS,Discordant (Cancer Up / Training Down),TRUE
AAMDC,-0.5665,-0.1044,0.270838,0.964451,NS,Concordant Down,FALSE
NDUFA6,-0.4254,0.2449,0.43046,0.741771,NS,Discordant (Cancer Down / Training Up),FALSE
CHDH,-0.2455,-0.4237,0.728755,0.23571,NS,Concordant Down,TRUE
UQCRC2,-0.3656,0.3031,0.435487,0.497027,NS,Discordant (Cancer Down / Training Up),FALSE
STX7,0.6336,-0.0342,0.088277,0.99546,NS,Discordant (Cancer Up / Training Down),FALSE
HGH1,-0.3387,-0.3289,0.64186,0.659292,NS,Concordant Down,TRUE
TMLHE,-0.2198,-0.4453,0.791517,0.202699,NS,Concordant Down,TRUE
MPST,0.4675,-0.1966,0.083934,0.674579,NS,Discordant (Cancer Up / Training Down),FALSE
IARS2,-0.4421,0.2214,0.16894700000000001,0.646538,NS,Discordant (Cancer Down / Training Up),FALSE
NAPRT,0.4217,-0.2415,0.351645,0.684788,NS,Discordant (Cancer Up / Training Down),TRUE
PRKRA,-0.2694,-0.3923,0.741983,0.408112,NS,Concordant Down,TRUE
VDAC1,-0.5151,0.1461,0.161476,0.886344,NS,Discordant (Cancer Down / Training Up),FALSE
AGMAT,0.1614,-0.4998,0.948572,0.455816,NS,Discordant (Cancer Up / Training Down),TRUE
PMVK,0.1842,0.4762,0.879663,0.293009,NS,Concordant Up,TRUE
FNTA,-0.3602,0.2997,0.434812,0.510958,NS,Discordant (Cancer Down / Training Up),TRUE
MAP3K20,-0.3152,-0.3446,0.664541,0.519189,NS,Concordant Down,TRUE
FN3KRP,-0.3329,0.3254,0.566138,0.5011,NS,Discordant (Cancer Down / Training Up),TRUE
ARPC4,0.3616,0.2965,0.464996,0.534206,NS,Concordant Up,FALSE
MACROD1,-0.4514,0.206,0.362113,0.811565,NS,Discordant (Cancer Down / Training Up),TRUE
TOMM7,0.6031,0.0543,0.358107,0.99332,NS,Concordant Up,TRUE
CHCHD3,-0.4015,0.2557,0.394025,0.659445,NS,Discordant (Cancer Down / Training Up),FALSE
MRPL55,-0.4542,0.2007,0.470406,0.869133,NS,Discordant (Cancer Down / Training Up),TRUE
BCKDK,-0.5642,-0.0887,0.310929,0.979926,NS,Concordant Down,TRUE
MYL4,-0.0693,0.5827,0.99146,0.388335,NS,Discordant (Cancer Down / Training Up),TRUE
RDH11,0.5211,-0.1304,0.240371,0.942363,NS,Discordant (Cancer Up / Training Down),TRUE
GPT2,-0.3008,-0.3504,0.763301,0.660282,NS,Concordant Down,TRUE
GPD1L,-0.6374,0.0125,0.102423,0.99945,NS,Discordant (Cancer Down / Training Up),FALSE
FBLN5,0.3648,0.2843,0.602082,0.743294,NS,Concordant Up,TRUE
CHCHD7,-0.5821,-0.0665,0.195543,0.98522,NS,Concordant Down,TRUE
MOGS,-0.1935,0.4546,0.837065,0.179381,NS,Discordant (Cancer Down / Training Up),TRUE
STAMBP,0.3654,-0.2823,0.554431,0.703123,NS,Discordant (Cancer Up / Training Down),TRUE
STIM1,-0.6108,-0.0368,0.05316,0.994883,NS,Concordant Down,TRUE
RCSD1,-0.5425,0.1044,0.226284,0.957422,NS,Discordant (Cancer Down / Training Up),TRUE
BZW1,-0.3391,0.3073,0.632935,0.623861,NS,Discordant (Cancer Down / Training Up),TRUE
RCN1,0.5943,-0.0513,0.062743,0.987029,NS,Discordant (Cancer Up / Training Down),FALSE
HIKESHI,-0.4968,0.1485,0.256908,0.903733,NS,Discordant (Cancer Down / Training Up),TRUE
SCFD1,-0.4884,0.1561,0.051025,0.791023,NS,Discordant (Cancer Down / Training Up),TRUE
MMUT,-0.6167,0.027,0.064421,0.996927,NS,Discordant (Cancer Down / Training Up),TRUE
DENR,-0.5083,-0.1353,0.236325,0.923583,NS,Concordant Down,TRUE
DNAJB6,0.3889,-0.253,0.484308,0.766639,NS,Discordant (Cancer Up / Training Down),TRUE
EIF4G2,-0.2155,-0.4263,0.814216,0.300747,NS,Concordant Down,TRUE
FARSA,-0.3923,0.247,0.260842,0.562473,NS,Discordant (Cancer Down / Training Up),TRUE
MTX2,0.5709,-0.0681,0.34334,0.98829,NS,Discordant (Cancer Up / Training Down),TRUE
LMAN2,0.2927,0.3452,0.639378,0.439632,NS,Concordant Up,TRUE
LMNB2,-0.366,0.2699,0.644251,0.789812,NS,Discordant (Cancer Down / Training Up),TRUE
SUOX,-0.2619,-0.3739,0.634475,0.246988,NS,Concordant Down,TRUE
CYB5R3,0.4468,-0.1889,0.388796,0.848413,NS,Discordant (Cancer Up / Training Down),FALSE
MTIF2,-0.2341,0.4006,0.834649,0.639997,NS,Discordant (Cancer Down / Training Up),TRUE
TFAM,-0.5873,-0.0463,0.126305,0.991507,NS,Concordant Down,TRUE
ATP5PO,-0.4222,0.2102,0.231023,0.699369,NS,Discordant (Cancer Down / Training Up),FALSE
MRI1,0.4493,0.1824,0.370456,0.87612,NS,Concordant Up,TRUE
POFUT1,-0.3437,0.2864,0.666899,0.787375,NS,Discordant (Cancer Down / Training Up),TRUE
OGDH,-0.4874,0.1423,0.160392,0.879536,NS,Discordant (Cancer Down / Training Up),FALSE
APOOL,-0.4809,0.1484,0.293239,0.902422,NS,Discordant (Cancer Down / Training Up),TRUE
RAB11B,0.5768,0.0525,0.079875,0.986543,NS,Concordant Up,FALSE
CD63,0.5864,-0.0428,0.204218,0.993944,NS,Discordant (Cancer Up / Training Down),TRUE
TRMT10C,-0.075,-0.5541,0.985254,0.329319,NS,Concordant Down,TRUE
TST,-0.4116,-0.2174,0.391854,0.763119,NS,Concordant Down,FALSE
STAC3,-0.4067,-0.2209,0.380732,0.761755,NS,Concordant Down,TRUE
MRPS18B,-0.5568,-0.0707,0.222024,0.985742,NS,Concordant Down,TRUE
GOSR2,-0.4229,0.2042,0.492042,0.858416,NS,Discordant (Cancer Down / Training Up),TRUE
OPA1,-0.5779,0.0484,0.083625,0.988842,NS,Discordant (Cancer Down / Training Up),FALSE
YWHAB,0.5847,-0.0406,0.067029,0.99194,NS,Discordant (Cancer Up / Training Down),FALSE
NIPSNAP2,-0.5402,0.0848,0.138735,0.965437,NS,Discordant (Cancer Down / Training Up),TRUE
MTX1,-0.5368,-0.0879,0.076903,0.959176,NS,Concordant Down,TRUE
VAMP5,-0.3083,0.3161,0.826873,0.657416,NS,Discordant (Cancer Down / Training Up),TRUE
GPX1,0.514,-0.1101,0.07419,0.91703,NS,Discordant (Cancer Up / Training Down),FALSE
NT5C2,-0.1468,0.4766,0.930002,0.302451,NS,Discordant (Cancer Down / Training Up),TRUE
YWHAQ,0.5258,0.0971,0.051545,0.932879,NS,Concordant Up,FALSE
PKM,-0.3,0.3226,0.394992,0.226139,NS,Discordant (Cancer Down / Training Up),FALSE
TUBA1B,0.6032,-0.0187,0.11437,0.99868,NS,Discordant (Cancer Up / Training Down),FALSE
VCL,0.492,-0.1297,0.144701,0.898697,NS,Discordant (Cancer Up / Training Down),FALSE
HMGB1,0.4807,-0.1408,0.086607,0.846864,NS,Discordant (Cancer Up / Training Down),FALSE
MCCC1,-0.5969,0.0245,0.097514,0.997551,NS,Discordant (Cancer Down / Training Up),TRUE
VARS1,-0.4895,0.1316,0.058785,0.855968,NS,Discordant (Cancer Down / Training Up),TRUE
NAXD,-0.5926,0.0281,0.073504,0.996408,NS,Discordant (Cancer Down / Training Up),FALSE
CHORDC1,0.6046,0.0148,0.140171,0.999303,NS,Concordant Up,TRUE
CBR1,0.4511,0.1678,0.14483,0.792052,NS,Concordant Up,FALSE
IAH1,-0.5392,0.0789,0.175933,0.972944,NS,Discordant (Cancer Down / Training Up),FALSE
PANK4,-0.571,0.0448,0.097207,0.990749,NS,Discordant (Cancer Down / Training Up),FALSE
SSPN,-0.5683,0.0466,0.36532,0.994591,NS,Discordant (Cancer Down / Training Up),TRUE
RPLP1,0.5619,-0.0521,0.08293,0.986294,NS,Discordant (Cancer Up / Training Down),FALSE
DMD,-0.4798,0.1337,0.30026,0.922644,NS,Discordant (Cancer Down / Training Up),TRUE
MYLK,-0.242,-0.371,0.776074,0.401983,NS,Concordant Down,FALSE
AP1G1,0.339,-0.2736,0.642129,0.769042,NS,Discordant (Cancer Up / Training Down),TRUE
FXR1,-0.5044,0.1082,0.179901,0.953445,NS,Discordant (Cancer Down / Training Up),TRUE
RTN2,-0.4375,-0.1741,0.216671,0.8031,NS,Concordant Down,TRUE
DCPS,-0.4178,0.1931,0.281184,0.802355,NS,Discordant (Cancer Down / Training Up),TRUE
PPP5C,-0.44,0.1702,0.205965,0.808611,NS,Discordant (Cancer Down / Training Up),FALSE
GSTM3,-0.5971,0.013,0.27607,0.999552,NS,Discordant (Cancer Down / Training Up),FALSE
DNM1L,-0.4784,0.1314,0.177898,0.899459,NS,Discordant (Cancer Down / Training Up),FALSE
NAP1L4,-0.3491,0.2604,0.213335,0.367656,NS,Discordant (Cancer Down / Training Up),FALSE
IDH3B,-0.3532,0.2543,0.350921,0.535705,NS,Discordant (Cancer Down / Training Up),FALSE
DPYSL3,-0.3736,0.2334,0.455603,0.713929,NS,Discordant (Cancer Down / Training Up),FALSE
PELO,0.1728,-0.434,0.854618,0.219586,NS,Discordant (Cancer Up / Training Down),TRUE
AKT1,-0.1142,0.4918,0.960583,0.3344,NS,Discordant (Cancer Down / Training Up),TRUE
MRPL45,0.1583,-0.4462,0.916841,0.359395,NS,Discordant (Cancer Up / Training Down),TRUE
EPM2A,0.3603,-0.2436,0.47567,0.709258,NS,Discordant (Cancer Up / Training Down),TRUE
PDAP1,-0.396,0.2067,0.326682,0.733806,NS,Discordant (Cancer Down / Training Up),FALSE
DPP7,0.3981,0.2046,0.502133,0.834842,NS,Concordant Up,TRUE
PEX19,0.4754,-0.1273,0.407778,0.959146,NS,Discordant (Cancer Up / Training Down),TRUE
RPS14,0.5908,-0.0117,0.070713,0.999394,NS,Discordant (Cancer Up / Training Down),TRUE
SRSF11,-0.0716,-0.5304,0.983612,0.199478,NS,Concordant Down,TRUE
IBA57,-0.5488,-0.053,0.251701,0.99146,NS,Concordant Down,TRUE
MRPS36,-0.0526,-0.549,0.989423,0.087571,NS,Concordant Down,TRUE
STAT1,0.4267,-0.1747,0.497355,0.910108,NS,Discordant (Cancer Up / Training Down),TRUE
PPP2R5D,-0.5454,0.0554,0.06169,0.982613,NS,Discordant (Cancer Down / Training Up),TRUE
RPS10,0.3924,-0.2082,0.385428,0.758379,NS,Discordant (Cancer Up / Training Down),FALSE
TNNC1,-0.3778,0.2219,0.718264,0.879921,NS,Discordant (Cancer Down / Training Up),TRUE
IMPDH2,-0.4898,-0.1098,0.067704,0.906822,NS,Concordant Down,TRUE
RAN,0.5037,-0.0955,0.099046,0.942172,NS,Discordant (Cancer Up / Training Down),FALSE
RPL11,-0.2393,0.3599,0.744262,0.356889,NS,Discordant (Cancer Down / Training Up),FALSE
NFU1,-0.4333,-0.1651,0.307461,0.866903,NS,Concordant Down,TRUE
EPHX1,0.3795,-0.2182,0.436937,0.746933,NS,Discordant (Cancer Up / Training Down),FALSE
PA2G4,0.3925,-0.2041,0.160269,0.613294,NS,Discordant (Cancer Up / Training Down),FALSE
NT5C1A,-0.341,-0.2551,0.584593,0.711158,NS,Concordant Down,TRUE
CAPZB,0.2572,0.3372,0.73784400000000006,0.469344,NS,Concordant Up,FALSE
DNAJA2,-0.3765,0.2179,0.378674,0.708493,NS,Discordant (Cancer Down / Training Up),FALSE
FAM98B,-0.538,0.0553,0.169764,0.987556,NS,Discordant (Cancer Down / Training Up),TRUE
STXBP3,-0.4455,0.1468,0.22091,0.878566,NS,Discordant (Cancer Down / Training Up),TRUE
VPS4A,-0.5526,-0.0395,0.06944,0.992772,NS,Concordant Down,TRUE
TOM1,-0.5335,0.0581,0.122418,0.983263,NS,Discordant (Cancer Down / Training Up),FALSE
RRAGC,0.426,-0.1651,0.417443,0.925813,NS,Discordant (Cancer Up / Training Down),TRUE
ATP5MF,-0.4471,0.1435,0.205235,0.870544,NS,Discordant (Cancer Down / Training Up),FALSE
SGCG,-0.5472,0.0434,0.162045,0.993652,NS,Discordant (Cancer Down / Training Up),TRUE
CTSB,0.5639,-0.0259,0.109678,0.997054,NS,Discordant (Cancer Up / Training Down),FALSE
EPHX2,-0.4715,-0.1178,0.35657,0.944542,NS,Concordant Down,TRUE
SEPTIN2,0.4888,0.1004,0.112095,0.934558,NS,Concordant Up,FALSE
PPP3CB,-0.3176,-0.2716,0.634349,0.664459,NS,Concordant Down,TRUE
TRIM54,-0.3658,0.2229,0.463269,0.739255,NS,Discordant (Cancer Down / Training Up),TRUE
PFN1,0.4367,-0.1518,0.278893,0.87155,NS,Discordant (Cancer Up / Training Down),FALSE
PDP1,-0.192,0.3961,0.874576,0.356856,NS,Discordant (Cancer Down / Training Up),TRUE
ALDH4A1,-0.4886,0.099,0.129932,0.939885,NS,Discordant (Cancer Down / Training Up),FALSE
ACO2,-0.3871,0.2003,0.316558,0.732869,NS,Discordant (Cancer Down / Training Up),FALSE
RAB21,-0.571,0.0163,0.101816,0.998855,NS,Discordant (Cancer Down / Training Up),FALSE
SPEG,-0.489,-0.0979,0.182655,0.951939,NS,Concordant Down,TRUE
STT3B,-0.2483,0.3375,0.869004,0.732414,NS,Discordant (Cancer Down / Training Up),TRUE
KRAS,0.5198,0.0655,0.173846,0.980907,NS,Concordant Up,TRUE
COX5B,-0.2778,0.3072,0.648454,0.48384,NS,Discordant (Cancer Down / Training Up),FALSE
SNTB1,-0.4277,0.1572,0.430975,0.897779,NS,Discordant (Cancer Down / Training Up),FALSE
SCAMP3,0.2436,-0.3409,0.753825,0.4841,NS,Discordant (Cancer Up / Training Down),TRUE
ETF1,-0.3808,0.2032,0.235909,0.67169,NS,Discordant (Cancer Down / Training Up),TRUE
TPD52L2,0.4336,-0.1504,0.343426,0.889571,NS,Discordant (Cancer Up / Training Down),FALSE
NAA50,-0.209,-0.375,0.721227,0.246226,NS,Concordant Down,TRUE
ROMO1,-0.3748,-0.2088,0.556384,0.86461,NS,Concordant Down,TRUE
RAB7A,0.3656,-0.2178,0.213804,0.562462,NS,Discordant (Cancer Up / Training Down),FALSE
GLUD1,0.4527,0.1305,0.230481,0.902952,NS,Concordant Up,FALSE
TMEM205,-0.5164,0.0659,0.131189,0.977469,NS,Discordant (Cancer Down / Training Up),TRUE
MDH2,-0.3733,0.2088,0.32538,0.694617,NS,Discordant (Cancer Down / Training Up),FALSE
DNAJA4,-0.3825,0.1994,0.433614,0.792179,NS,Discordant (Cancer Down / Training Up),TRUE
GPS1,-0.5185,0.0629,0.1301,0.979643,NS,Discordant (Cancer Down / Training Up),FALSE
GLOD4,0.4106,-0.17,0.144339,0.741785,NS,Discordant (Cancer Up / Training Down),FALSE
C12orf57,-0.4682,0.1123,0.259729,0.949327,NS,Discordant (Cancer Down / Training Up),TRUE
COX4I1,-0.3152,0.2648,0.495606,0.543646,NS,Discordant (Cancer Down / Training Up),FALSE
IVD,-0.4583,0.1209,0.261425,0.925254,NS,Discordant (Cancer Down / Training Up),FALSE
ERI3,-0.3515,-0.2275,0.439367,0.6842,NS,Concordant Down,TRUE
MAN2C1,-0.2263,-0.3527,0.774888,0.435887,NS,Concordant Down,TRUE
UFM1,0.4898,-0.0887,0.067644,0.941064,NS,Discordant (Cancer Up / Training Down),FALSE
NDUFS2,-0.3241,0.2542,0.600938,0.687619,NS,Discordant (Cancer Down / Training Up),FALSE
BCAM,0.2885,-0.2888,0.612241,0.569366,NS,Discordant (Cancer Up / Training Down),TRUE
HINT2,-0.1659,-0.4113,0.901079,0.341141,NS,Concordant Down,TRUE
ATG7,-0.1424,0.4334,0.920691,0.395138,NS,Discordant (Cancer Down / Training Up),TRUE
CUL1,-0.426,0.1497,0.242167,0.857351,NS,Discordant (Cancer Down / Training Up),TRUE
NPEPL1,-0.5174,-0.057,0.218085,0.987593,NS,Concordant Down,TRUE
PCYT1A,-0.1721,0.4014,0.878,0.293312,NS,Discordant (Cancer Down / Training Up),TRUE
HINT1,0.4389,-0.1344,0.128256,0.855437,NS,Discordant (Cancer Up / Training Down),FALSE
ATAD1,-0.3704,0.2026,0.506335,0.807831,NS,Discordant (Cancer Down / Training Up),TRUE
NDUFS1,-0.2903,0.2824,0.59719,0.529277,NS,Discordant (Cancer Down / Training Up),FALSE
FLOT1,0.5144,-0.058,0.115332,0.981804,NS,Discordant (Cancer Up / Training Down),FALSE
GSPT1,-0.3891,0.183,0.123509,0.658107,NS,Discordant (Cancer Down / Training Up),TRUE
OCIAD1,-0.5237,-0.0482,0.091637,0.987631,NS,Concordant Down,TRUE
PHKG1,-0.4848,0.087,0.329667,0.971558,NS,Discordant (Cancer Down / Training Up),TRUE
PTGES2,-0.4739,0.0976,0.351287,0.963751,NS,Discordant (Cancer Down / Training Up),TRUE
PFKFB2,-0.4732,-0.0982,0.208,0.953312,NS,Concordant Down,TRUE
RAP2B,0.4885,-0.0823,0.319898,0.973078,NS,Discordant (Cancer Up / Training Down),TRUE
PFDN2,-0.537,-0.0332,0.123271,0.994843,NS,Concordant Down,FALSE
FXN,-0.3933,-0.1765,0.385485,0.830349,NS,Concordant Down,TRUE
PPME1,0.451,-0.1181,0.160579,0.908826,NS,Discordant (Cancer Up / Training Down),TRUE
AIFM1,-0.5057,0.063,0.066641,0.973363,NS,Discordant (Cancer Down / Training Up),FALSE
ARIH1,-0.4134,-0.1553,0.292271,0.879942,NS,Concordant Down,TRUE
TNPO1,0.4537,-0.1139,0.26305,0.946893,NS,Discordant (Cancer Up / Training Down),TRUE
TIMM9,0.157,-0.4103,0.910566,0.378899,NS,Discordant (Cancer Up / Training Down),TRUE
AP2B1,0.4068,0.1596,0.202205,0.802256,NS,Concordant Up,FALSE
ME1,-0.3314,-0.2347,0.383193,0.577233,NS,Concordant Down,FALSE
MAPKAPK2,-0.4704,-0.0954,0.173241,0.955162,NS,Concordant Down,TRUE
GCSH,-0.4723,0.0933,0.323269,0.964577,NS,Discordant (Cancer Down / Training Up),FALSE
LRRC40,0.3168,-0.2482,0.552976,0.708541,NS,Discordant (Cancer Up / Training Down),TRUE
NRAP,-0.4418,-0.1226,0.477312,0.950597,NS,Concordant Down,TRUE
METAP2,-0.4865,0.0778,0.14884,0.965735,NS,Discordant (Cancer Down / Training Up),TRUE
DUSP28,-0.3286,0.2332,0.657133,0.816902,NS,Discordant (Cancer Down / Training Up),TRUE
EEF1A2,-0.5411,0.0206,0.078481,0.997808,NS,Discordant (Cancer Down / Training Up),TRUE
IMMT,-0.4037,0.1576,0.361953,0.865169,NS,Discordant (Cancer Down / Training Up),FALSE
AK3,-0.3588,0.2022,0.543328,0.81199,NS,Discordant (Cancer Down / Training Up),FALSE
UBE2K,-0.3924,0.1685,0.179511,0.747897,NS,Discordant (Cancer Down / Training Up),FALSE
TIPRL,0.2808,0.2782,0.614693,0.533792,NS,Concordant Up,FALSE
PRKG1,-0.325,-0.2336,0.652247,0.775962,NS,Concordant Down,TRUE
APPL1,-0.3151,0.2429,0.441341,0.575065,NS,Discordant (Cancer Down / Training Up),TRUE
EIF2S1,-0.4051,0.1528,0.11497,0.767185,NS,Discordant (Cancer Down / Training Up),FALSE
PPP1R1A,0.3653,-0.1912,0.395558,0.782375,NS,Discordant (Cancer Up / Training Down),TRUE
SBDS,-0.4411,0.1144,0.280059,0.93126,NS,Discordant (Cancer Down / Training Up),FALSE
NXN,-0.3796,-0.1758,0.460605,0.854566,NS,Concordant Down,TRUE
NUDT4,-0.1501,0.4053,0.914705,0.319294,NS,Discordant (Cancer Down / Training Up),TRUE
FHL3,-0.3616,-0.1926,0.69034,0.891813,NS,Concordant Down,TRUE
ARL2,-0.3182,0.236,0.567253,0.744904,NS,Discordant (Cancer Down / Training Up),TRUE
DRG2,-0.3424,0.2113,0.626072,0.847434,NS,Discordant (Cancer Down / Training Up),TRUE
SMIM4,-0.4583,-0.0951,0.3496,0.969905,NS,Concordant Down,TRUE
EIF4G1,-0.5149,0.0382,0.050436,0.990376,NS,Discordant (Cancer Down / Training Up),FALSE
SPCS1,0.4157,-0.1368,0.305044,0.905803,NS,Discordant (Cancer Up / Training Down),TRUE
COBL,-0.2365,-0.3159,0.740936,0.473485,NS,Concordant Down,TRUE
HMGB2,0.374,-0.1763,0.532052,0.86105,NS,Discordant (Cancer Up / Training Down),TRUE
SLC25A5,-0.3595,0.1905,0.482278,0.807666,NS,Discordant (Cancer Down / Training Up),FALSE
RBBP4,-0.4327,0.1165,0.302458,0.935837,NS,Discordant (Cancer Down / Training Up),TRUE
FKBP1A,0.3798,-0.1692,0.192518,0.737623,NS,Discordant (Cancer Up / Training Down),FALSE
FAHD1,-0.2172,0.3317,0.826813,0.524,NS,Discordant (Cancer Down / Training Up),TRUE
SPPL2A,-0.3617,-0.1871,0.4581,0.831006,NS,Concordant Down,TRUE
TCAP,0.0574,0.4913,0.992947,0.423238,NS,Concordant Up,TRUE
SYNCRIP,0.2097,0.338,0.683943,0.196817,NS,Concordant Up,FALSE
PRKAR1A,-0.4776,0.0697,0.080731,0.965114,NS,Discordant (Cancer Down / Training Up),FALSE
MGST2,-0.5145,-0.0327,0.274864,0.996537,NS,Concordant Down,TRUE
PRKDC,-0.4933,-0.0536,0.109231,0.984146,NS,Concordant Down,TRUE
COPA,0.298,0.2487,0.461226,0.576703,NS,Concordant Up,TRUE
PPP1CB,-0.2519,0.2935,0.658704,0.450844,NS,Discordant (Cancer Down / Training Up),FALSE
HSD17B4,-0.3954,-0.1499,0.211308,0.826541,NS,Concordant Down,TRUE
TMEM43,0.5259,-0.0189,0.180438,0.998548,NS,Discordant (Cancer Up / Training Down),FALSE
SDHB,-0.449,0.095,0.170112,0.941961,NS,Discordant (Cancer Down / Training Up),FALSE
EIF5,-0.335,0.2086,0.446128,0.710705,NS,Discordant (Cancer Down / Training Up),FALSE
LARS2,-0.3726,0.1704,0.724227,0.94404,NS,Discordant (Cancer Down / Training Up),TRUE
RAB24,-0.3192,0.2238,0.632446,0.827902,NS,Discordant (Cancer Down / Training Up),TRUE
EEF1G,-0.3869,0.1558,0.141995,0.755667,NS,Discordant (Cancer Down / Training Up),FALSE
RASA4,0.2758,-0.2668,0.702239,0.679515,NS,Discordant (Cancer Up / Training Down),TRUE
PABPC4,-0.5403,-0.0022,0.084245,0.999977,NS,Concordant Down,TRUE
COPS5,-0.4076,0.1349,0.119882,0.825948,NS,Discordant (Cancer Down / Training Up),FALSE
ADSS2,-0.3671,0.1752,0.631448,0.895495,NS,Discordant (Cancer Down / Training Up),FALSE
MICU2,-0.2872,-0.2545,0.791228,0.820745,NS,Concordant Down,TRUE
ACADM,-0.426,0.1152,0.332005,0.933454,NS,Discordant (Cancer Down / Training Up),FALSE
LSM8,-0.1402,0.4005,0.927981,0.263231,NS,Discordant (Cancer Down / Training Up),TRUE
SEC23A,-0.3737,0.1669,0.269529,0.781908,NS,Discordant (Cancer Down / Training Up),TRUE
EIF3L,-0.5212,-0.0194,0.129926,0.998239,NS,Concordant Down,FALSE
POLDIP2,0.4668,-0.0734,0.341138,0.981483,NS,Discordant (Cancer Up / Training Down),TRUE
CDC42,0.4644,-0.0757,0.180335,0.967451,NS,Discordant (Cancer Up / Training Down),FALSE
NUBP1,-0.4281,0.1113,0.375562,0.950016,NS,Discordant (Cancer Down / Training Up),TRUE
RPA3,-0.3679,0.1709,0.570298,0.897856,NS,Discordant (Cancer Down / Training Up),TRUE
NTPCR,-0.2971,0.2409,0.70135,0.76003,NS,Discordant (Cancer Down / Training Up),TRUE
IGFBP5,0.3041,0.2336,0.663956,0.743207,NS,Concordant Up,TRUE
PRUNE1,-0.361,-0.1762,0.331719,0.807476,NS,Concordant Down,TRUE
H2BC4,0.3634,-0.1737,0.760802,0.933809,NS,Discordant (Cancer Up / Training Down),FALSE
RABGGTA,-0.4007,0.1362,0.16556,0.853661,NS,Discordant (Cancer Down / Training Up),TRUE
PPP1CC,0.3377,0.1991,0.427168,0.765261,NS,Concordant Up,TRUE
TIMM13,-0.4415,-0.0949,0.40103,0.964833,NS,Concordant Down,TRUE
IRGQ,-0.0176,0.518,0.998974,0.253387,NS,Discordant (Cancer Down / Training Up),TRUE
RAB12,-0.1916,-0.3437,0.767554,0.257731,NS,Concordant Down,TRUE
TSTD1,-0.0095,0.5258,0.999723,0.185483,NS,Discordant (Cancer Down / Training Up),TRUE
HNRNPUL1,0.3172,0.218,0.676985,0.788618,NS,Concordant Up,TRUE
CUL2,-0.258,-0.2769,0.715078,0.599805,NS,Concordant Down,TRUE
EIF5A,0.422,-0.1127,0.152924,0.900366,NS,Discordant (Cancer Up / Training Down),FALSE
NEK7,-0.3634,-0.1712,0.485491,0.850885,NS,Concordant Down,TRUE
PSMD3,-0.3498,0.1847,0.215581,0.653171,NS,Discordant (Cancer Down / Training Up),FALSE
AGK,0.0333,0.5011,0.99631,0.251776,NS,Concordant Up,TRUE
SCP2,0.2327,-0.3016,0.688568,0.397261,NS,Discordant (Cancer Up / Training Down),FALSE
RNF114,-0.3202,-0.2135,0.501814,0.771757,NS,Concordant Down,TRUE
RPL36,-0.3893,-0.1442,0.558045,0.923441,NS,Concordant Down,TRUE
WDFY1,0.3232,0.2101,0.712567,0.857499,NS,Concordant Up,TRUE
PRDX1,0.2781,-0.2551,0.55508,0.531419,NS,Discordant (Cancer Up / Training Down),FALSE
UCHL5,-0.3261,0.207,0.477572,0.787425,NS,Discordant (Cancer Down / Training Up),TRUE
NDUFB7,-0.4501,0.0829,0.386021,0.973785,NS,Discordant (Cancer Down / Training Up),TRUE
ADHFE1,0.1232,0.4094,0.961713,0.486019,NS,Concordant Up,TRUE
EPDR1,-0.4644,-0.0677,0.27732,0.979448,NS,Concordant Down,FALSE
LNPEP,-0.2846,0.2472,0.643281,0.691271,NS,Discordant (Cancer Down / Training Up),TRUE
LRPAP1,0.279,-0.2523,0.71598,0.754302,NS,Discordant (Cancer Up / Training Down),TRUE
ANXA6,0.4166,-0.1135,0.165348,0.899688,NS,Discordant (Cancer Up / Training Down),FALSE
STT3A,0.219,0.3106,0.832184,0.608987,NS,Concordant Up,TRUE
YBX1,-0.2897,0.2397,0.534061,0.59163,NS,Discordant (Cancer Down / Training Up),FALSE
KLHL41,-0.3394,0.1897,0.758702,0.908356,NS,Discordant (Cancer Down / Training Up),TRUE
TNNT1,-0.203,0.3254,0.933281,0.784181,NS,Discordant (Cancer Down / Training Up),TRUE
SHMT2,-0.3435,-0.1846,0.452467,0.815924,NS,Concordant Down,TRUE
NAMPT,-0.1529,0.3751,0.907143,0.358294,NS,Discordant (Cancer Down / Training Up),FALSE
ADK,0.4701,-0.0578,0.091035,0.977509,NS,Discordant (Cancer Up / Training Down),TRUE
TOMM22,-0.272,0.2558,0.696722,0.725511,NS,Discordant (Cancer Down / Training Up),TRUE
APEX1,0.2623,0.2648,0.536268,0.42805,NS,Concordant Up,FALSE
L3HYPDH,-0.2126,-0.3144,0.812707,0.589829,NS,Concordant Down,TRUE
SMIM20,-0.493,0.0332,0.213617,0.995297,NS,Discordant (Cancer Down / Training Up),TRUE
SYNPO,0.3053,0.2191,0.667133,0.813932,NS,Concordant Up,TRUE
SDHA,-0.4759,0.0479,0.131788,0.986603,NS,Discordant (Cancer Down / Training Up),FALSE
PPP2R5A,-0.4583,0.0654,0.219143,0.979536,NS,Discordant (Cancer Down / Training Up),TRUE
NRBP1,-0.1269,0.3967,0.94492,0.499811,NS,Discordant (Cancer Down / Training Up),TRUE
PHKA1,-0.3829,0.1401,0.428089,0.901978,NS,Discordant (Cancer Down / Training Up),TRUE
ATP5PF,-0.3234,0.1987,0.537647,0.7734,NS,Discordant (Cancer Down / Training Up),FALSE
CAMK2G,-0.425,0.097,0.342122,0.955629,NS,Discordant (Cancer Down / Training Up),TRUE
DHTKD1,-0.3211,-0.2009,0.672728,0.867072,NS,Concordant Down,TRUE
PPA1,0.3957,-0.1262,0.204307,0.873682,NS,Discordant (Cancer Up / Training Down),FALSE
IPO7,-0.5075,-0.0133,0.097813,0.999055,NS,Concordant Down,FALSE
SRL,-0.4385,0.0822,0.186629,0.95747,NS,Discordant (Cancer Down / Training Up),TRUE
LIMS3,-0.326,0.1943,0.617967,0.875981,NS,Discordant (Cancer Down / Training Up),TRUE
NPLOC4,-0.3877,0.1314,0.300394,0.885772,NS,Discordant (Cancer Down / Training Up),FALSE
RPS25,0.2934,-0.2256,0.566903,0.671325,NS,Discordant (Cancer Up / Training Down),FALSE
NIBAN1,0.3911,-0.1276,0.314141,0.901181,NS,Discordant (Cancer Up / Training Down),TRUE
PFDN4,-0.4187,0.0999,0.227646,0.935698,NS,Discordant (Cancer Down / Training Up),FALSE
DEK,0.2965,-0.2216,0.475408,0.665141,NS,Discordant (Cancer Up / Training Down),TRUE
TMED7,0.3534,0.1645,0.49817,0.855898,NS,Concordant Up,TRUE
MCEE,-0.4656,0.0522,0.375659,0.991704,NS,Discordant (Cancer Down / Training Up),TRUE
FN3K,0.491,0.0255,0.182517,0.997066,NS,Concordant Up,TRUE
SERBP1,-0.2759,0.2406,0.717999,0.738152,NS,Discordant (Cancer Down / Training Up),TRUE
PRDX6,0.3221,-0.1941,0.418837,0.712526,NS,Discordant (Cancer Up / Training Down),FALSE
PMPCA,-0.148,0.3682,0.911804,0.377848,NS,Discordant (Cancer Down / Training Up),TRUE
RUVBL2,0.2359,0.2792,0.768563,0.600307,NS,Concordant Up,FALSE
UBQLN1,-0.4857,-0.0294,0.094063,0.994925,NS,Concordant Down,TRUE
ADH5,0.337,-0.1776,0.459224,0.800028,NS,Discordant (Cancer Up / Training Down),FALSE
APRT,0.3651,0.1486,0.458141,0.882971,NS,Concordant Up,FALSE
ITGA7,0.2865,-0.2272,0.494749,0.587664,NS,Discordant (Cancer Up / Training Down),FALSE
CAB39,-0.3608,0.1521,0.470388,0.877754,NS,Discordant (Cancer Down / Training Up),TRUE
TACC2,-0.1081,-0.4048,0.935261,0.179815,NS,Concordant Down,TRUE
PALMD,0.1736,-0.3388,0.880324,0.510467,NS,Discordant (Cancer Up / Training Down),TRUE
RPL6,0.3111,0.2012,0.473829,0.707748,NS,Concordant Up,FALSE
MAP2K3,-0.4761,0.036,0.306977,0.995063,NS,Discordant (Cancer Down / Training Up),TRUE
MME,0.3596,-0.1523,0.439484,0.868125,NS,Discordant (Cancer Up / Training Down),TRUE
MGST3,-0.4033,0.108,0.398555,0.944267,NS,Discordant (Cancer Down / Training Up),FALSE
RPLP2,0.4974,0.0139,0.212554,0.999202,NS,Concordant Up,FALSE
TKFC,0.3215,-0.1896,0.429572,0.751811,NS,Discordant (Cancer Up / Training Down),TRUE
PRMT5,-0.4096,-0.1005,0.18221300000000001,0.923884,NS,Concordant Down,FALSE
NPTN,0.3766,-0.1335,0.710196,0.960845,NS,Discordant (Cancer Up / Training Down),TRUE
HADH,0.2547,-0.255,0.542311,0.441658,NS,Discordant (Cancer Up / Training Down),FALSE
GRPEL1,-0.1425,0.3671,0.938882,0.64836,NS,Discordant (Cancer Down / Training Up),TRUE
ATP5PB,-0.3176,0.1918,0.564947,0.796576,NS,Discordant (Cancer Down / Training Up),FALSE
JAGN1,-0.4319,-0.077,0.227476,0.970554,NS,Concordant Down,TRUE
TRIM28,-0.3679,-0.1405,0.486584,0.934059,NS,Concordant Down,TRUE
QARS1,-0.4075,0.1007,0.301681,0.942082,NS,Discordant (Cancer Down / Training Up),TRUE
COMTD1,-0.2397,0.2678,0.868315,0.815977,NS,Discordant (Cancer Down / Training Up),TRUE
GANAB,0.4543,0.0523,0.209101,0.985528,NS,Concordant Up,FALSE
CIRBP,-0.4465,0.0599,0.110887,0.974162,NS,Discordant (Cancer Down / Training Up),FALSE
HCCS,-0.268,-0.2382,0.692719,0.717707,NS,Concordant Down,TRUE
NARS1,-0.3265,0.1794,0.208241,0.61966,NS,Discordant (Cancer Down / Training Up),FALSE
MYO18A,-0.1757,0.3301,0.870462,0.493132,NS,Discordant (Cancer Down / Training Up),TRUE
MTCH1,0.4501,0.0545,0.219361,0.986475,NS,Concordant Up,TRUE
YWHAE,0.3211,-0.1824,0.414694,0.742452,NS,Discordant (Cancer Up / Training Down),FALSE
ABCE1,-0.1809,0.3223,0.781863,0.268101,NS,Discordant (Cancer Down / Training Up),FALSE
PIN1,-0.2932,-0.2097,0.463485,0.643143,NS,Concordant Down,TRUE
VAPB,-0.2598,0.2427,0.690085,0.661219,NS,Discordant (Cancer Down / Training Up),FALSE
PLIN3,-0.3104,0.191,0.404066,0.691,NS,Discordant (Cancer Down / Training Up),FALSE
GET4,0.0353,0.4661,0.99621,0.287811,NS,Concordant Up,TRUE
SLC25A12,-0.3444,0.1567,0.55094,0.883216,NS,Discordant (Cancer Down / Training Up),TRUE
SGCD,-0.4754,0.0252,0.209918,0.99708,NS,Discordant (Cancer Down / Training Up),FALSE
PTPN11,0.4307,-0.0689,0.100848,0.961253,NS,Discordant (Cancer Up / Training Down),FALSE
CHP1,-0.4409,0.0585,0.175455,0.979579,NS,Discordant (Cancer Down / Training Up),TRUE
CHMP3,0.2641,-0.2331,0.774931,0.793806,NS,Discordant (Cancer Up / Training Down),TRUE
STAT5B,-0.2878,-0.2094,0.345119,0.522588,NS,Concordant Down,FALSE
STK24,0.2983,-0.1977,0.654012,0.853998,NS,Discordant (Cancer Up / Training Down),TRUE
VPS35,0.2745,0.2214,0.649243,0.711516,NS,Concordant Up,FALSE
PFDN6,-0.4663,-0.0287,0.123896,0.995095,NS,Concordant Down,FALSE
HNRNPL,0.4822,-0.0124,0.212224,0.999327,NS,Discordant (Cancer Up / Training Down),TRUE
HLA-A,0.4014,0.0932,0.37169,0.956392,NS,Concordant Up,FALSE
PDZK1IP1,0.1729,0.3214,0.950235,0.751206,NS,Concordant Up,TRUE
PRKCQ,-0.381,-0.113,0.321875,0.931835,NS,Concordant Down,TRUE
AARSD1,-0.3705,-0.123,0.441251,0.921312,NS,Concordant Down,TRUE
USP15,0.4565,0.0368,0.304426,0.994355,NS,Concordant Up,FALSE
SNRPD1,-0.4528,0.0402,0.474565,0.994654,NS,Discordant (Cancer Down / Training Up),TRUE
RPS4X,-0.3411,0.1511,0.240452,0.770962,NS,Discordant (Cancer Down / Training Up),FALSE
SEC24C,-0.3475,0.1445,0.254194,0.812684,NS,Discordant (Cancer Down / Training Up),TRUE
GSS,0.4291,-0.0624,0.176671,0.974622,NS,Discordant (Cancer Up / Training Down),FALSE
VDAC2,-0.2582,0.2331,0.563037,0.552223,NS,Discordant (Cancer Down / Training Up),FALSE
RTN4IP1,-0.4198,0.0714,0.417847,0.981867,NS,Discordant (Cancer Down / Training Up),TRUE
SGCB,-0.3173,-0.1736,0.538256,0.82901,NS,Concordant Down,TRUE
PDCL3,0.0046,0.4862,0.999903,0.175926,NS,Concordant Up,TRUE
ARF6,-0.0656,0.425,0.985492,0.303149,NS,Discordant (Cancer Down / Training Up),TRUE
CCDC93,-0.2346,0.2551,0.902051,0.815468,NS,Discordant (Cancer Down / Training Up),TRUE
DYNLL1,-0.4139,-0.0757,0.309558,0.969806,NS,Concordant Down,FALSE
RPS24,-0.2287,0.2597,0.650477,0.469022,NS,Discordant (Cancer Down / Training Up),TRUE
NDUFS7,-0.2909,0.1974,0.750825,0.861458,NS,Discordant (Cancer Down / Training Up),TRUE
RPS6KA3,-0.4352,0.0527,0.267105,0.985968,NS,Discordant (Cancer Down / Training Up),TRUE
MAPRE2,-0.369,0.1184,0.505311,0.93816,NS,Discordant (Cancer Down / Training Up),TRUE
CACNA2D1,-0.4245,-0.0628,0.181411,0.974073,NS,Concordant Down,FALSE
LZIC,0.2612,0.2252,0.522516,0.563434,NS,Concordant Up,TRUE
JPT2,-0.1594,0.3268,0.857082,0.394387,NS,Discordant (Cancer Down / Training Up),TRUE
LDHD,-0.4843,0.0017,0.49865,0.999993,NS,Discordant (Cancer Down / Training Up),TRUE
SPAG7,-0.3792,-0.1065,0.341841,0.940724,NS,Concordant Down,TRUE
USP47,-0.479,0.006,0.156077,0.999843,NS,Discordant (Cancer Down / Training Up),TRUE
MTARC2,0.3345,-0.1495,0.470988,0.877169,NS,Discordant (Cancer Up / Training Down),TRUE
SEC22B,0.4591,0.0248,0.090572,0.995899,NS,Concordant Up,FALSE
HARS1,-0.4699,-0.0137,0.062221,0.998709,NS,Concordant Down,FALSE
GABARAPL2,-0.3435,0.1398,0.512699,0.905791,NS,Discordant (Cancer Down / Training Up),TRUE
ECHDC2,-0.1697,0.313,0.914375,0.706133,NS,Discordant (Cancer Down / Training Up),TRUE
USP5,0.3322,-0.1495,0.2497,0.768682,NS,Discordant (Cancer Up / Training Down),FALSE
RUVBL1,0.3896,0.092,0.503207,0.964446,NS,Concordant Up,TRUE
RAB18,-0.3462,-0.135,0.395581,0.881607,NS,Concordant Down,TRUE
TACO1,-0.3766,-0.1041,0.597171,0.965287,NS,Concordant Down,TRUE
GSTO1,0.3892,-0.0908,0.379698,0.956923,NS,Discordant (Cancer Up / Training Down),FALSE
YWHAH,0.3155,0.1645,0.314096,0.729968,NS,Concordant Up,FALSE
STK38L,-0.4461,0.0331,0.337661,0.996317,NS,Discordant (Cancer Down / Training Up),TRUE
DAZAP1,0.3216,-0.1573,0.513918,0.862264,NS,Discordant (Cancer Up / Training Down),TRUE
GRSF1,-0.3107,0.1672,0.661859,0.904624,NS,Discordant (Cancer Down / Training Up),TRUE
DNAJC19,-0.2662,0.2108,0.8054,0.873645,NS,Discordant (Cancer Down / Training Up),TRUE
MYH13,0.268,0.2088,0.883145,0.915106,NS,Concordant Up,TRUE
SEC31A,0.2783,0.198,0.66242,0.789182,NS,Concordant Up,TRUE
SPR,0.1834,0.2926,0.878974,0.613485,NS,Concordant Up,FALSE
SRSF7,0.1529,0.3227,0.938643,0.636,NS,Concordant Up,TRUE
HDHD2,0.2446,-0.2306,0.690691,0.667742,NS,Discordant (Cancer Up / Training Down),TRUE
GAMT,-0.4405,0.0331,0.340055,0.995528,NS,Discordant (Cancer Down / Training Up),TRUE
C1QBP,-0.4061,0.067,0.191943,0.968381,NS,Discordant (Cancer Down / Training Up),FALSE
UBE3C,-0.4162,-0.0564,0.243433,0.984298,NS,Concordant Down,TRUE
USP24,-0.3948,-0.0776,0.134429,0.951459,NS,Concordant Down,TRUE
BCKDHB,0.2612,-0.2108,0.800288,0.844725,NS,Discordant (Cancer Up / Training Down),TRUE
ETFRF1,0.0601,-0.4118,0.990282,0.469758,NS,Discordant (Cancer Up / Training Down),TRUE
GFM1,-0.4572,-0.0145,0.191368,0.99897,NS,Concordant Down,TRUE
ATP2B2,-0.101,-0.3695,0.96068,0.405481,NS,Concordant Down,TRUE
PRKCD,0.0624,-0.4074,0.988625,0.477237,NS,Discordant (Cancer Up / Training Down),TRUE
UBE2D3,-0.1482,0.3215,0.917926,0.518014,NS,Discordant (Cancer Down / Training Up),FALSE
UQCC1,-0.2614,-0.2083,0.820699,0.902228,NS,Concordant Down,TRUE
NDUFB8,-0.2421,0.2275,0.829557,0.820043,NS,Discordant (Cancer Down / Training Up),TRUE
DLD,-0.4565,0.0129,0.096558,0.99894,NS,Discordant (Cancer Down / Training Up),FALSE
FERMT2,0.3833,-0.0849,0.261617,0.950071,NS,Discordant (Cancer Up / Training Down),FALSE
UQCRC1,-0.2512,0.2165,0.682686,0.703503,NS,Discordant (Cancer Down / Training Up),FALSE
RIDA,-0.4085,-0.0592,0.306756,0.981445,NS,Concordant Down,FALSE
NACA,-0.406,-0.0613,0.185699,0.973431,NS,Concordant Down,FALSE
HNRNPH3,0.4211,-0.046,0.304811,0.989697,NS,Discordant (Cancer Up / Training Down),TRUE
CALR,0.4493,-0.0172,0.160907,0.998333,NS,Discordant (Cancer Up / Training Down),FALSE
CLYBL,0.4154,-0.0511,0.71738,0.995471,NS,Discordant (Cancer Up / Training Down),TRUE
ST13,0.3854,-0.081,0.182122,0.945921,NS,Discordant (Cancer Up / Training Down),FALSE
MYCBP,0.2071,-0.2593,0.804397,0.694984,NS,Discordant (Cancer Up / Training Down),TRUE
RPL12,0.3513,0.1147,0.415351,0.919626,NS,Concordant Up,FALSE
FUS,0.4215,-0.0443,0.143372,0.986201,NS,Discordant (Cancer Up / Training Down),FALSE
RPS27A,0.2613,-0.203,0.73205,0.79821,NS,Discordant (Cancer Up / Training Down),FALSE
CD99L2,-0.0676,-0.3966,0.97539,0.225593,NS,Concordant Down,TRUE
CAP2,-0.3587,0.1054,0.479601,0.94449,NS,Discordant (Cancer Down / Training Up),FALSE
MT-CO1,0.2041,-0.2598,0.89514,0.810241,NS,Discordant (Cancer Up / Training Down),TRUE
SFXN1,-0.2136,0.2502,0.731278,0.564328,NS,Discordant (Cancer Down / Training Up),TRUE
ALDH6A1,-0.1511,-0.3121,0.920929,0.572769,NS,Concordant Down,FALSE
TSNAX,3e-4,-0.4628,1,0.053999,NS,Discordant (Cancer Up / Training Down),TRUE
LSM6,0.4325,0.0302,0.170556,0.994238,NS,Concordant Up,TRUE
MRRF,0.004,0.4585,0.999949,0.386656,NS,Concordant Up,TRUE
PPP2CA,-0.3564,0.1058,0.253305,0.90525,NS,Discordant (Cancer Down / Training Up),FALSE
KHSRP,0.3352,-0.1268,0.539605,0.918264,NS,Discordant (Cancer Up / Training Down),TRUE
COX6C,-0.1394,0.3225,0.924293,0.494868,NS,Discordant (Cancer Down / Training Up),FALSE
GPT,-0.4223,-0.0393,0.42745,0.99421,NS,Concordant Down,FALSE
EYA3,0.3121,-0.1494,0.667768,0.907181,NS,Discordant (Cancer Up / Training Down),TRUE
LSM3,-0.2985,-0.1627,0.699696,0.907321,NS,Concordant Down,TRUE
SPRYD4,-0.2817,0.1793,0.711376,0.856334,NS,Discordant (Cancer Down / Training Up),TRUE
PPP1R2,-0.3763,-0.0845,0.496359,0.969971,NS,Concordant Down,TRUE
HRC,-0.3884,0.0723,0.433592,0.976359,NS,Discordant (Cancer Down / Training Up),TRUE
CLUH,-0.4169,0.0431,0.221348,0.989968,NS,Discordant (Cancer Down / Training Up),TRUE
RPL35,0.2893,-0.1698,0.66248,0.861926,NS,Discordant (Cancer Up / Training Down),TRUE
ILVBL,-0.2864,-0.1719,0.733004,0.923077,NS,Concordant Down,TRUE
STOML2,-0.2538,0.2043,0.669108,0.739672,NS,Discordant (Cancer Down / Training Up),TRUE
RO60,0.122,0.336,0.948282,0.543264,NS,Concordant Up,TRUE
SNTA1,-0.3999,-0.0568,0.375228,0.984968,NS,Concordant Down,TRUE
EIF3D,-0.4037,-0.053,0.193642,0.98209900000000006,NS,Concordant Down,TRUE
NDUFA11,-0.3705,-0.085,0.570963,0.974374,NS,Concordant Down,TRUE
CARNS1,0.1638,0.2911,0.928732,0.732598,NS,Concordant Up,TRUE
CDNF,-0.2002,0.2546,0.867288,0.820238,NS,Discordant (Cancer Down / Training Up),TRUE
CUTA,-0.41,-0.0447,0.220064,0.988115,NS,Concordant Down,TRUE
HYOU1,0.3563,0.0979,0.470412,0.950854,NS,Concordant Up,FALSE
PYGB,-0.2716,0.1822,0.662209,0.809496,NS,Discordant (Cancer Down / Training Up),FALSE
P4HB,0.3319,-0.1217,0.396801,0.893194,NS,Discordant (Cancer Up / Training Down),FALSE
XIRP1,-0.327,-0.1266,0.700887,0.947053,NS,Concordant Down,TRUE
LAMB3,-0.3015,-0.1521,0.616279,0.897908,NS,Concordant Down,TRUE
SRM,0.1459,0.3075,0.914511,0.538262,NS,Concordant Up,TRUE
JPH1,-0.364,-0.0893,0.637966,0.974852,NS,Concordant Down,TRUE
RCN2,0.0746,0.3787,0.97607,0.284323,NS,Concordant Up,TRUE
PECAM1,0.4326,0.0207,0.327307,0.998099,NS,Concordant Up,TRUE
VPS25,-0.1776,0.2753,0.834817,0.541054,NS,Discordant (Cancer Down / Training Up),TRUE
EIF3E,-0.3237,-0.1292,0.31401,0.846016,NS,Concordant Down,FALSE
GPD2,-0.4211,0.0304,0.289991,0.995474,NS,Discordant (Cancer Down / Training Up),FALSE
CSNK2A1,-0.4185,0.0328,0.24613,0.994351,NS,Discordant (Cancer Down / Training Up),TRUE
PSMD1,-0.3569,0.0933,0.28323,0.932829,NS,Discordant (Cancer Down / Training Up),FALSE
UCHL3,-0.29,0.1596,0.561062,0.831277,NS,Discordant (Cancer Down / Training Up),FALSE
GSK3A,0.2584,-0.1909,0.70328,0.82513,NS,Discordant (Cancer Up / Training Down),TRUE
LPIN1,0.1813,0.2677,0.871869,0.697436,NS,Concordant Up,TRUE
AKR1B1,-0.2149,0.234,0.861841,0.793767,NS,Discordant (Cancer Down / Training Up),FALSE
BABAM2,-0.0353,0.4134,0.99642,0.455686,NS,Discordant (Cancer Down / Training Up),TRUE
RPL7,0.2176,0.231,0.721195,0.60952,NS,Concordant Up,FALSE
PGAM2,-0.2547,0.1927,0.781398,0.845479,NS,Discordant (Cancer Down / Training Up),TRUE
MAPK3,0.3604,0.0868,0.473102,0.964203,NS,Concordant Up,TRUE
JPT1,0.031,-0.4157,0.998416,0.655885,NS,Discordant (Cancer Up / Training Down),TRUE
IMPA1,-0.4282,0.0169,0.347196,0.998818,NS,Discordant (Cancer Down / Training Up),FALSE
BROX,-0.4194,-0.0256,0.392221,0.997456,NS,Concordant Down,TRUE
PRDX3,-0.3056,0.1394,0.304658,0.791597,NS,Discordant (Cancer Down / Training Up),FALSE
PSMB3,0.3208,-0.1237,0.556186,0.919015,NS,Discordant (Cancer Up / Training Down),FALSE
TOMM70,-0.2152,0.2288,0.821812,0.747926,NS,Discordant (Cancer Down / Training Up),TRUE
EIF6,0.4325,0.0114,0.179385,0.999263,NS,Concordant Up,FALSE
CD99,0.3338,0.1097,0.71992,0.961392,NS,Concordant Up,TRUE
PSMD6,-0.2843,0.1583,0.454289,0.775366,NS,Discordant (Cancer Down / Training Up),FALSE
PRKCSH,0.3271,-0.1152,0.555656,0.933015,NS,Discordant (Cancer Up / Training Down),FALSE
DCXR,-0.3143,0.1277,0.650311,0.930724,NS,Discordant (Cancer Down / Training Up),FALSE
ASPA,-0.4223,0.0196,0.415276,0.998609,NS,Discordant (Cancer Down / Training Up),TRUE
AMPD1,-0.4383,0.0035,0.555322,0.99997,NS,Discordant (Cancer Down / Training Up),TRUE
EIF3A,-0.4138,0.0277,0.110197,0.994119,NS,Discordant (Cancer Down / Training Up),FALSE
SERPINB1,-0.0786,0.3626,0.967017,0.217671,NS,Discordant (Cancer Down / Training Up),FALSE
EIF2S2,-0.3497,0.0905,0.330868,0.943083,NS,Discordant (Cancer Down / Training Up),TRUE
PPP6R2,-0.4232,0.0166,0.324924,0.998965,NS,Discordant (Cancer Down / Training Up),TRUE
RPS5,-0.2572,0.1824,0.704415,0.814713,NS,Discordant (Cancer Down / Training Up),FALSE
SAE1,0.185,0.2543,0.840017,0.676526,NS,Concordant Up,TRUE
TBC1D17,-0.1856,-0.2518,0.860617,0.691829,NS,Concordant Down,TRUE
ABHD10,-0.3296,-0.1077,0.51257,0.936737,NS,Concordant Down,TRUE
PSME1,0.4331,0.0042,0.154369,0.999899,NS,Concordant Up,FALSE
LIMS1,0.4113,-0.0259,0.163641,0.995529,NS,Discordant (Cancer Up / Training Down),FALSE
H6PD,-0.4125,-0.024,0.164849,0.99622,NS,Concordant Down,FALSE
TBCB,-0.2849,0.1515,0.65082,0.878601,NS,Discordant (Cancer Down / Training Up),FALSE
AP2M1,0.2608,0.1752,0.531148,0.725709,NS,Concordant Up,FALSE
TMED1,-0.2588,-0.1771,0.692251,0.90183,NS,Concordant Down,TRUE
KTN1,0.2364,-0.1993,0.755359,0.800419,NS,Discordant (Cancer Up / Training Down),TRUE
RPS28,0.3898,-0.0458,0.353322,0.989316,NS,Discordant (Cancer Up / Training Down),TRUE
ARL1,0.3179,-0.1176,0.847867,0.975389,NS,Discordant (Cancer Up / Training Down),TRUE
NAPA,0.301,-0.1344,0.3476,0.819405,NS,Discordant (Cancer Up / Training Down),FALSE
DAG1,-0.0472,-0.3875,0.990968,0.263814,NS,Concordant Down,FALSE
NRDC,0.2899,0.1443,0.746125,0.947106,NS,Concordant Up,TRUE
GPX4,-0.1349,-0.2992,0.900398,0.409536,NS,Concordant Down,FALSE
PPP1R14B,-0.0247,0.4094,0.998489,0.453291,NS,Discordant (Cancer Down / Training Up),TRUE
PEBP1,0.1519,-0.2821,0.842308,0.36892200000000003,NS,Discordant (Cancer Up / Training Down),FALSE
TARS1,0.3275,0.1065,0.509143,0.940449,NS,Concordant Up,TRUE
VCP,0.3499,-0.084,0.226614,0.936393,NS,Discordant (Cancer Up / Training Down),FALSE
BAG3,-0.3317,0.1022,0.53027,0.94637,NS,Discordant (Cancer Down / Training Up),TRUE
RDH14,-0.3723,0.0616,0.469097,0.983316,NS,Discordant (Cancer Down / Training Up),TRUE
STRAP,-0.3218,0.1118,0.380612,0.901647,NS,Discordant (Cancer Down / Training Up),FALSE
COX7A2,-0.2683,0.1651,0.690789,0.861111,NS,Discordant (Cancer Down / Training Up),TRUE
DCTN1,-0.2652,0.168,0.36597,0.646027,NS,Discordant (Cancer Down / Training Up),FALSE
MRPL40,0.0055,0.4277,0.999923,0.423418,NS,Concordant Up,TRUE
LRRC20,-0.2969,-0.1355,0.681373,0.920346,NS,Concordant Down,TRUE
CNDP2,0.3569,0.0753,0.377533,0.965594,NS,Concordant Up,FALSE
H3-3A,0.0976,-0.3345,0.986114,0.784694,NS,Discordant (Cancer Up / Training Down),FALSE
CMBL,-0.4228,0.0092,0.490503,0.999733,NS,Discordant (Cancer Down / Training Up),FALSE
ATP5F1E,-0.3003,0.1314,0.764438,0.945557,NS,Discordant (Cancer Down / Training Up),TRUE
PLIN2,-0.1743,-0.2563,0.911581,0.763162,NS,Concordant Down,TRUE
CSNK2B,-0.3255,-0.105,0.464173,0.933086,NS,Concordant Down,TRUE
HSD17B10,-0.3218,0.1072,0.334683,0.900322,NS,Discordant (Cancer Down / Training Up),FALSE
MYLK3,0.1933,-0.2356,0.889662,0.836406,NS,Discordant (Cancer Up / Training Down),TRUE
COX6B1,-0.2552,0.1728,0.741725,0.854048,NS,Discordant (Cancer Down / Training Up),FALSE
GBE1,-0.2262,0.2017,0.726055,0.726385,NS,Discordant (Cancer Down / Training Up),FALSE
TMEM38A,-0.2695,-0.1576,0.802853,0.9224,NS,Concordant Down,TRUE
PDCD6,0.2094,-0.2174,0.717842,0.632282,NS,Discordant (Cancer Up / Training Down),TRUE
MOB1A,0.4244,-0.0024,0.39328,0.999983,NS,Discordant (Cancer Up / Training Down),TRUE
RPA1,-0.4248,0.0014,0.357073,0.999994,NS,Discordant (Cancer Down / Training Up),TRUE
ABRAXAS2,-0.2732,-0.1527,0.673874,0.881267,NS,Concordant Down,TRUE
PRPSAP1,-0.3413,-0.0844,0.631762,0.975824,NS,Concordant Down,TRUE
DHRS4,-0.3794,-0.0456,0.367013,0.98916,NS,Concordant Down,TRUE
NFIC,-0.2133,-0.2116,0.722933,0.661774,NS,Concordant Down,TRUE
ARL8A,-0.3203,0.1043,0.580538,0.952637,NS,Discordant (Cancer Down / Training Up),TRUE
SNX5,0.3073,0.1168,0.491034,0.916564,NS,Concordant Up,TRUE
PCYT2,-0.3969,0.0269,0.23363,0.995765,NS,Discordant (Cancer Down / Training Up),TRUE
QKI,-0.4051,0.0186,0.450401,0.998836,NS,Discordant (Cancer Down / Training Up),TRUE
SQOR,0.2255,-0.1976,0.770323,0.779653,NS,Discordant (Cancer Up / Training Down),TRUE
RELA,-0.3098,-0.1132,0.624751,0.948567,NS,Concordant Down,TRUE
ALDH1L1,-0.3829,-0.0392,0.443253,0.993343,NS,Concordant Down,FALSE
EIF1,-0.3336,0.0884,0.52131,0.960065,NS,Discordant (Cancer Down / Training Up),FALSE
TCEA3,0.0424,-0.3793,0.994431,0.507966,NS,Discordant (Cancer Up / Training Down),TRUE
CAPZA2,0.1336,0.2879,0.922762,0.542748,NS,Concordant Up,FALSE
LYPLA2,-0.4154,-0.0055,0.291731,0.999859,NS,Concordant Down,FALSE
CFL2,-0.3445,0.0764,0.437581,0.966673,NS,Discordant (Cancer Down / Training Up),FALSE
SAR1B,-0.3326,-0.0876,0.649895,0.972081,NS,Concordant Down,TRUE
SURF1,-0.3944,0.025,0.473742,0.997843,NS,Discordant (Cancer Down / Training Up),TRUE
MTAP,0.3665,0.0528,0.294266,0.981643,NS,Concordant Up,FALSE
PSMD12,-0.3527,0.0665,0.288215,0.967263,NS,Discordant (Cancer Down / Training Up),FALSE
PDPR,-0.3106,0.1082,0.494508,0.92835,NS,Discordant (Cancer Down / Training Up),TRUE
ARF5,0.3437,0.075,0.68252,0.981248,NS,Concordant Up,TRUE
EIF4E3,-0.2796,-0.1389,0.784143,0.949539,NS,Concordant Down,TRUE
ACOT1,0.0658,-0.3515,0.988947,0.66113,NS,Discordant (Cancer Up / Training Down),TRUE
SIRT2,-0.2966,-0.1206,0.686612,0.943311,NS,Concordant Down,TRUE
PRKAA2,-0.227,-0.19,0.701084,0.745778,NS,Concordant Down,TRUE
DDX39B,0.3795,0.0374,0.278969,0.991388,NS,Concordant Up,FALSE
UCHL1,0.3703,-0.0461,0.622293,0.993512,NS,Discordant (Cancer Up / Training Down),FALSE
PSMD11,-0.3388,0.0775,0.306912,0.952669,NS,Discordant (Cancer Down / Training Up),FALSE
HNRNPR,0.2557,0.1602,0.535086,0.764655,NS,Concordant Up,FALSE
DNAJA3,0.3971,-0.0182,0.564281,0.999077,NS,Discordant (Cancer Up / Training Down),TRUE
RAD23A,0.2625,-0.1525,0.545246,0.803793,NS,Discordant (Cancer Up / Training Down),FALSE
TIMM10,-0.1364,-0.2785,0.955623,0.792398,NS,Concordant Down,TRUE
MIF,0.3662,-0.048,0.481489,0.989872,NS,Discordant (Cancer Up / Training Down),FALSE
NAA10,0.076,0.3382,0.975962,0.534637,NS,Concordant Up,TRUE
SEPHS1,-0.1655,0.2487,0.888984,0.711939,NS,Discordant (Cancer Down / Training Up),TRUE
MPI,-0.3759,0.0381,0.365486,0.992415,NS,Discordant (Cancer Down / Training Up),TRUE
PDLIM5,-0.1335,0.2797,0.953259,0.730817,NS,Discordant (Cancer Down / Training Up),FALSE
LYPLA1,-0.1877,0.2253,0.857626,0.739473,NS,Discordant (Cancer Down / Training Up),FALSE
SPG7,0.2691,-0.1438,0.716351,0.910149,NS,Discordant (Cancer Up / Training Down),TRUE
TXNDC17,0.2489,0.1632,0.530093,0.738576,NS,Concordant Up,FALSE
RAB14,0.4,-0.0121,0.206726,0.999145,NS,Discordant (Cancer Up / Training Down),TRUE
MOB2,-0.3515,0.0602,0.504212,0.98459700000000006,NS,Discordant (Cancer Down / Training Up),TRUE
TMED9,0.3282,0.0834,0.488976,0.961498,NS,Concordant Up,TRUE
HECTD1,-0.1532,0.2582,0.932535,0.813626,NS,Discordant (Cancer Down / Training Up),TRUE
PPIC,-0.3683,-0.0425,0.66676,0.995706,NS,Concordant Down,TRUE
NONO,0.3454,-0.0649,0.493589,0.979985,NS,Discordant (Cancer Up / Training Down),TRUE
RPL17,0.3509,-0.0589,0.534895,0.986221,NS,Discordant (Cancer Up / Training Down),TRUE
HLA-C,0.1996,0.21,0.860655,0.80936,NS,Concordant Up,TRUE
TWF2,-0.2589,0.1504,0.62602,0.842933,NS,Discordant (Cancer Down / Training Up),FALSE
PPP2R2A,-0.2072,0.202,0.778961,0.73596,NS,Discordant (Cancer Down / Training Up),FALSE
PPP2R3A,-0.1558,-0.2534,0.906327,0.799548,NS,Concordant Down,TRUE
SOD2,0.3859,-0.0217,0.332184,0.997568,NS,Discordant (Cancer Up / Training Down),FALSE
APEH,0.3511,-0.0564,0.33171,0.978811,NS,Discordant (Cancer Up / Training Down),FALSE
PSMD8,-0.2963,0.1108,0.528935,0.919617,NS,Discordant (Cancer Down / Training Up),TRUE
TPPP3,-0.2234,0.1836,0.84219,0.868176,NS,Discordant (Cancer Down / Training Up),FALSE
HSPG2,0.3226,-0.084,0.733122,0.979423,NS,Discordant (Cancer Up / Training Down),FALSE
TMED2,0.2292,-0.1771,0.71203,0.785102,NS,Discordant (Cancer Up / Training Down),TRUE
CA3,0.1522,0.2536,0.918769,0.707443,NS,Concordant Up,FALSE
TXNRD1,-0.3723,0.0333,0.293589,0.993218,NS,Discordant (Cancer Down / Training Up),FALSE
EIF2A,-0.4032,-0.0023,0.256659,0.999977,NS,Concordant Down,TRUE
GLO1,-0.1795,-0.2255,0.790152,0.587151,NS,Concordant Down,FALSE
RNH1,0.2902,-0.1137,0.419398,0.88461,NS,Discordant (Cancer Up / Training Down),FALSE
PDLIM7,0.2624,0.1413,0.805472,0.932785,NS,Concordant Up,TRUE
ENOPH1,-0.2296,-0.174,0.666604,0.760622,NS,Concordant Down,TRUE
IPO9,0.3229,-0.0806,0.887046,0.981316,NS,Discordant (Cancer Up / Training Down),TRUE
GLRX3,0.3592,-0.0442,0.327976,0.987708,NS,Discordant (Cancer Up / Training Down),TRUE
DTD1,-0.1233,-0.2798,0.942038,0.637759,NS,Concordant Down,TRUE
RNF126,-0.1567,-0.2463,0.894038,0.693996,NS,Concordant Down,TRUE
CUTC,-0.3711,-0.0316,0.576777,0.996658,NS,Concordant Down,TRUE
APIP,0.1522,-0.2505,0.921093,0.757579,NS,Discordant (Cancer Up / Training Down),TRUE
GSK3B,-0.2984,0.104,0.681419,0.956408,NS,Discordant (Cancer Down / Training Up),TRUE
HLA-DRB5,0.189,0.2128,0.920623,0.894372,NS,Concordant Up,TRUE
PRKAB2,-0.3102,-0.0913,0.606827,0.963105,NS,Concordant Down,TRUE
ERAP1,-0.1713,-0.2298,0.874175,0.719614,NS,Concordant Down,TRUE
FUBP1,-0.2391,-0.1618,0.621361,0.782146,NS,Concordant Down,TRUE
UBE2H,-0.1532,0.2467,0.906794,0.72089,NS,Discordant (Cancer Down / Training Up),TRUE
PIP4K2A,0.3943,-0.0055,0.604488,0.999911,NS,Discordant (Cancer Up / Training Down),TRUE
GLRX,-0.3563,0.0426,0.542665,0.992982,NS,Discordant (Cancer Down / Training Up),TRUE
GNPDA2,0.3424,0.0565,0.581419,0.986323,NS,Concordant Up,TRUE
UBE2V1,0.3201,0.0775,0.527299,0.96775,NS,Concordant Up,FALSE
ADSS1,-0.2299,-0.1672,0.785743,0.861334,NS,Concordant Down,TRUE
CAPNS1,0.3628,0.0338,0.267788,0.992253,NS,Concordant Up,FALSE
EZR,0.3871,-0.0095,0.350859,0.999577,NS,Discordant (Cancer Up / Training Down),TRUE
PDIA6,0.3749,0.0198,0.332652,0.997872,NS,Concordant Up,FALSE
MOB4,-0.3171,-0.0774,0.523775,0.969874,NS,Concordant Down,TRUE
CLIC6,-0.3401,0.054,0.769123,0.993546,NS,Discordant (Cancer Down / Training Up),TRUE
PLEC,0.0499,0.3437,0.99225,0.498522,NS,Concordant Up,FALSE
STAT3,-0.2932,-0.1,0.464573,0.925887,NS,Concordant Down,TRUE
SGCA,-0.0846,-0.3084,0.973341,0.534341,NS,Concordant Down,TRUE
SARS1,-0.1771,0.2155,0.855994,0.730092,NS,Discordant (Cancer Down / Training Up),TRUE
PPM1A,-0.348,0.0444,0.358659,0.987751,NS,Discordant (Cancer Down / Training Up),FALSE
PGK1,0.2785,-0.1138,0.323981,0.843276,NS,Discordant (Cancer Up / Training Down),FALSE
UBE2L3,0.3555,-0.0354,0.449066,0.993903,NS,Discordant (Cancer Up / Training Down),FALSE
GSTZ1,-0.3263,0.0646,0.644361,0.9845,NS,Discordant (Cancer Down / Training Up),TRUE
AKT2,-0.1391,0.2516,0.898446,0.596071,NS,Discordant (Cancer Down / Training Up),TRUE
SLIRP,-0.2636,0.127,0.671801,0.909101,NS,Discordant (Cancer Down / Training Up),TRUE
COPS3,-0.2942,-0.0958,0.549489,0.943276,NS,Concordant Down,FALSE
PSMC4,-0.2861,0.1037,0.476469,0.914857,NS,Discordant (Cancer Down / Training Up),FALSE
RRAS2,0.3081,-0.0813,0.718111,0.981628,NS,Discordant (Cancer Up / Training Down),TRUE
LGALSL,-0.3037,-0.0855,0.661669,0.974283,NS,Concordant Down,TRUE
D2HGDH,-0.3647,-0.0241,0.625141,0.998552,NS,Concordant Down,TRUE
ALDH7A1,0.2466,0.1419,0.705751,0.881488,NS,Concordant Up,FALSE
DDB1,-0.2992,0.0891,0.297602,0.915846,NS,Discordant (Cancer Down / Training Up),FALSE
MAT2A,-0.3,0.0882,0.460794,0.943472,NS,Discordant (Cancer Down / Training Up),FALSE
CUL3,-0.3043,-0.0834,0.389473,0.947166,NS,Concordant Down,TRUE
ENSA,0.1452,-0.2423,0.926344,0.761192,NS,Discordant (Cancer Up / Training Down),TRUE
PREB,-0.1192,0.2676,0.942067,0.602213,NS,Discordant (Cancer Down / Training Up),TRUE
SEC24B,-0.2932,-0.0936,0.808294,0.982485,NS,Concordant Down,TRUE
CCAR2,-0.3451,0.0414,0.611269,0.994406,NS,Discordant (Cancer Down / Training Up),TRUE
TIMM21,0.1058,-0.2806,0.964335,0.699361,NS,Discordant (Cancer Up / Training Down),TRUE
DNAJB2,0.3159,-0.0704,0.512158,0.975799,NS,Discordant (Cancer Up / Training Down),TRUE
KPNB1,0.2571,0.1291,0.44679,0.817041,NS,Concordant Up,FALSE
ATP6V1E1,0.2205,0.1655,0.802731,0.863077,NS,Concordant Up,FALSE
ATP2A1,-0.3722,0.0136,0.566261,0.999382,NS,Discordant (Cancer Down / Training Up),TRUE
PSMA2,0.273,-0.1119,0.653476,0.931117,NS,Discordant (Cancer Up / Training Down),FALSE
CARM1,-0.3242,0.0606,0.393727,0.978437,NS,Discordant (Cancer Down / Training Up),TRUE
RAB10,0.2212,-0.162,0.64834,0.762492,NS,Discordant (Cancer Up / Training Down),FALSE
ACADS,-0.3745,-0.0085,0.50416,0.999726,NS,Concordant Down,FALSE
GRB2,-0.3576,-0.0254,0.356685,0.99635,NS,Concordant Down,TRUE
RPL7A,-0.2713,0.1113,0.587969,0.916517,NS,Discordant (Cancer Down / Training Up),FALSE
GHITM,-0.2306,0.152,0.864535,0.929716,NS,Discordant (Cancer Down / Training Up),TRUE
UQCR10,-0.3471,-0.0343,0.547012,0.995207,NS,Concordant Down,TRUE
SQSTM1,-0.30620000000000003,-0.0747,0.65632,0.981825,NS,Concordant Down,TRUE
VBP1,-0.0898,-0.2907,0.952018,0.448573,NS,Concordant Down,TRUE
TBCE,0.2686,0.1109,0.861156,0.977087,NS,Concordant Up,TRUE
UBE2V2,0.1294,-0.2499,0.879735,0.447237,NS,Discordant (Cancer Up / Training Down),FALSE
RPS20,0.3112,-0.0675,0.581699,0.977772,NS,Discordant (Cancer Up / Training Down),FALSE
MRPS22,0.2947,-0.0822,0.630559,0.972285,NS,Discordant (Cancer Up / Training Down),TRUE
SET,0.1033,0.2733,0.946165,0.508389,NS,Concordant Up,FALSE
EPN1,0.2703,0.1059,0.604621,0.948013,NS,Concordant Up,TRUE
TUFM,-0.2767,0.0992,0.496866,0.921063,NS,Discordant (Cancer Down / Training Up),FALSE
RMDN1,-0.2978,0.0774,0.61769,0.971633,NS,Discordant (Cancer Down / Training Up),TRUE
RAP1A,0.1055,0.269,0.976213,0.820342,NS,Concordant Up,TRUE
STRN3,-0.3741,4e-4,0.505263,0.999999,NS,Discordant (Cancer Down / Training Up),TRUE
SIAE,0.3329,0.0415,0.712671,0.996195,NS,Concordant Up,TRUE
GGCT,-0.2724,-0.1018,0.594598,0.932987,NS,Concordant Down,FALSE
LAMTOR5,0.2357,0.1381,0.823526,0.939754,NS,Concordant Up,TRUE
CS,-0.2459,0.1278,0.652855,0.886335,NS,Discordant (Cancer Down / Training Up),FALSE
THNSL1,0.0536,0.3199,0.992896,0.729201,NS,Concordant Up,TRUE
PAK1,-0.2119,-0.1612,0.832229,0.896781,NS,Concordant Down,TRUE
IDI1,0.0739,-0.2987,0.983969,0.660332,NS,Discordant (Cancer Up / Training Down),TRUE
ECHDC3,0.1269,-0.2455,0.950548,0.770634,NS,Discordant (Cancer Up / Training Down),TRUE
SFPQ,0.3609,-0.0112,0.372037,0.999366,NS,Discordant (Cancer Up / Training Down),TRUE
INPP1,-0.071,0.3004,0.976841,0.474204,NS,Discordant (Cancer Down / Training Up),TRUE
ARMT1,-0.1862,-0.1851,0.846924,0.81056,NS,Concordant Down,TRUE
MYL2,-0.3161,0.0551,0.766729,0.992171,NS,Discordant (Cancer Down / Training Up),TRUE
ABHD11,-0.1051,0.2657,0.967133,0.723931,NS,Discordant (Cancer Down / Training Up),TRUE
NDUFB6,-0.255,0.1157,0.768455,0.945434,NS,Discordant (Cancer Down / Training Up),TRUE
OPA3,-0.0885,0.2821,0.981749,0.790934,NS,Discordant (Cancer Down / Training Up),TRUE
PCCA,-0.3283,0.0423,0.542604,0.992091,NS,Discordant (Cancer Down / Training Up),TRUE
ETFB,-0.3126,0.0578,0.551403,0.982858,NS,Discordant (Cancer Down / Training Up),FALSE
IDE,-0.2678,0.1026,0.649398,0.939796,NS,Discordant (Cancer Down / Training Up),FALSE
AGO2,0.3466,-0.0235,0.477752,0.997504,NS,Discordant (Cancer Up / Training Down),TRUE
LAMTOR1,0.2859,-0.0841,0.647592,0.968775,NS,Discordant (Cancer Up / Training Down),TRUE
ATPAF1,-0.2037,0.1661,0.862918,0.899695,NS,Discordant (Cancer Down / Training Up),TRUE
RPS8,-0.3532,-0.0145,0.23077,0.998482,NS,Concordant Down,FALSE
RAB9A,0.1558,0.2118,0.927655,0.872296,NS,Concordant Up,TRUE
COX6A2,0.2436,0.1237,0.910937,0.971469,NS,Concordant Up,TRUE
UBAC1,-0.2802,0.0863,0.572825,0.952967,NS,Discordant (Cancer Down / Training Up),FALSE
PGM1,-0.2588,0.1075,0.670344,0.933242,NS,Discordant (Cancer Down / Training Up),FALSE
EIF2S3,-0.1679,0.1983,0.780321,0.614539,NS,Discordant (Cancer Down / Training Up),FALSE
RBBP7,-0.0628,-0.3034,0.982696,0.51032,NS,Concordant Down,TRUE
TMEM230,0.0534,0.3126,0.995061,0.8621,NS,Concordant Up,TRUE
LAP3,0.1729,-0.193,0.843167,0.751513,NS,Discordant (Cancer Up / Training Down),FALSE
LETM1,-0.2255,-0.14,0.699777,0.858934,NS,Concordant Down,TRUE
PRPS1,0.2282,-0.1372,0.821422,0.922602,NS,Discordant (Cancer Up / Training Down),FALSE
PKIA,0.1335,-0.2317,0.892274,0.5962,NS,Discordant (Cancer Up / Training Down),TRUE
NUDC,-0.2974,-0.0672,0.5936,0.977488,NS,Concordant Down,TRUE
MYH4,-0.1407,0.2236,0.971014,0.910554,NS,Discordant (Cancer Down / Training Up),TRUE
PACSIN3,-0.3368,0.0266,0.430103,0.996137,NS,Discordant (Cancer Down / Training Up),TRUE
MLYCD,-0.2782,0.0851,0.694215,0.97083,NS,Discordant (Cancer Down / Training Up),TRUE
RPS12,-0.257,0.1058,0.486545,0.891678,NS,Discordant (Cancer Down / Training Up),FALSE
DHCR24,-0.3359,-0.0268,0.582311,0.997495,NS,Concordant Down,TRUE
SLC44A2,-0.2404,0.1222,0.760377,0.929341,NS,Discordant (Cancer Down / Training Up),TRUE
G3BP1,0.337,-0.025,0.45862000000000003,0.996874,NS,Discordant (Cancer Up / Training Down),TRUE
GDI2,0.2549,-0.1062,0.514749,0.89635,NS,Discordant (Cancer Up / Training Down),FALSE
BAX,0.1586,0.2023,0.944548,0.894495,NS,Concordant Up,TRUE
PYURF,0.3425,0.0177,0.796192,0.999384,NS,Concordant Up,TRUE
PCCB,-0.344,0.0159,0.412037,0.998653,NS,Discordant (Cancer Down / Training Up),FALSE
NPEPPS,-0.3206,0.0388,0.429461,0.99069,NS,Discordant (Cancer Down / Training Up),FALSE
ATIC,0.3413,-0.0171,0.269992,0.997899,NS,Discordant (Cancer Up / Training Down),FALSE
MAPK1,-0.1163,0.2419,0.90246,0.466755,NS,Discordant (Cancer Down / Training Up),FALSE
EIF1AX,-0.1665,-0.1917,0.836897,0.725023,NS,Concordant Down,TRUE
PTGR2,-0.2511,0.1068,0.768139,0.952139,NS,Discordant (Cancer Down / Training Up),TRUE
RPA2,0.3489,0.008,0.528327,0.999757,NS,Concordant Up,TRUE
SMTN,-0.3153,0.0409,0.504918,0.991702,NS,Discordant (Cancer Down / Training Up),TRUE
ACAT1,-0.3531,0.0025,0.268212,0.999961,NS,Discordant (Cancer Down / Training Up),FALSE
DDOST,-0.252,0.1035,0.718371,0.94498,NS,Discordant (Cancer Down / Training Up),TRUE
ANK2,-0.3481,-0.0067,0.353456,0.999745,NS,Concordant Down,TRUE
ATAD3A,-0.2861,-0.0681,0.653228,0.980447,NS,Concordant Down,TRUE
EIF5B,-0.1442,-0.21,0.846028,0.622787,NS,Concordant Down,TRUE
SNTB2,-0.134,0.22,0.902356,0.656149,NS,Discordant (Cancer Down / Training Up),FALSE
ATXN10,-0.1913,-0.1627,0.809535,0.844691,NS,Concordant Down,TRUE
ACOT2,-0.1588,-0.1947,0.822798,0.660759,NS,Concordant Down,FALSE
CYTH1,-0.1277,-0.2254,0.919409,0.706347,NS,Concordant Down,TRUE
TSPO,0.0973,0.2553,0.96521,0.674785,NS,Concordant Up,FALSE
RPL15,-0.0309,0.3201,0.995594,0.356089,NS,Discordant (Cancer Down / Training Up),FALSE
PCYOX1,0.1248,-0.226,0.903105,0.58683,NS,Discordant (Cancer Up / Training Down),FALSE
NTMT1,-0.2792,-0.0715,0.7044,0.980365,NS,Concordant Down,TRUE
HNRNPH2,0.301,0.0494,0.565436,0.987286,NS,Concordant Up,TRUE
PLCL1,0.1455,-0.2042,0.939024,0.871544,NS,Discordant (Cancer Up / Training Down),TRUE
PREP,-0.3313,-0.0179,0.516969,0.99852,NS,Concordant Down,FALSE
NDUFA5,-0.2759,0.0733,0.67226,0.974126,NS,Discordant (Cancer Down / Training Up),FALSE
SUB1,0.3191,0.0297,0.39591,0.994249,NS,Concordant Up,FALSE
SLC27A1,-0.2614,-0.0862,0.642441,0.960201,NS,Concordant Down,TRUE
EEF2K,0.3228,0.0248,0.599273,0.998255,NS,Concordant Up,TRUE
RDX,-0.2459,0.1014,0.646465,0.929444,NS,Discordant (Cancer Down / Training Up),FALSE
TRIM25,0.3047,0.0421,0.628107,0.99106,NS,Concordant Up,TRUE
CZIB,0.2219,-0.1247,0.673056,0.874831,NS,Discordant (Cancer Up / Training Down),FALSE
TOLLIP,-0.343,-0.0036,0.438635,0.999935,NS,Concordant Down,FALSE
ERP29,0.0026,0.3439,0.99997,0.295731,NS,Concordant Up,TRUE
RTCB,-0.1568,0.1883,0.776071,0.594506,NS,Discordant (Cancer Down / Training Up),FALSE
PLEKHF1,-0.1419,-0.2032,0.902303,0.753324,NS,Concordant Down,TRUE
PFN2,-0.3313,0.0136,0.554238,0.999224,NS,Discordant (Cancer Down / Training Up),TRUE
EIF4EBP1,-0.0227,-0.322,0.997884,0.458243,NS,Concordant Down,TRUE
ALDH9A1,0.0599,-0.2843,0.97601,0.311121,NS,Discordant (Cancer Up / Training Down),FALSE
YKT6,-0.18,-0.1641,0.888354,0.899152,NS,Concordant Down,TRUE
MAPRE1,0.3155,-0.0283,0.298758,0.993528,NS,Discordant (Cancer Up / Training Down),FALSE
DYNLRB1,0.302,-0.0418,0.466988,0.989573,NS,Discordant (Cancer Up / Training Down),TRUE
SMYD1,-0.3366,0.0067,0.603679,0.99984,NS,Discordant (Cancer Down / Training Up),TRUE
COQ10B,-0.1628,0.1801,0.940917,0.909726,NS,Discordant (Cancer Down / Training Up),TRUE
PPT1,0.3231,0.0198,0.598635,0.998608,NS,Concordant Up,TRUE
HSPBP1,-0.3236,-0.0191,0.426098,0.99837,NS,Concordant Down,TRUE
ANXA3,0.1042,-0.2382,0.952433,0.664713,NS,Discordant (Cancer Up / Training Down),FALSE
CDC37,-0.2442,0.0975,0.655954,0.936138,NS,Discordant (Cancer Down / Training Up),FALSE
AKR1A1,0.2456,-0.0958,0.624245,0.933252,NS,Discordant (Cancer Up / Training Down),FALSE
NHLRC2,-0.2976,-0.0436,0.447498,0.986937,NS,Concordant Down,TRUE
FAM98A,-0.2369,-0.1034,0.826231,0.966724,NS,Concordant Down,TRUE
CAPN3,0.1951,0.1448,0.788672,0.860897,NS,Concordant Up,TRUE
LIMCH1,-0.1687,0.1711,0.857598,0.883237,NS,Discordant (Cancer Down / Training Up),TRUE
SCRN2,0.1168,-0.2215,0.940595,0.714484,NS,Discordant (Cancer Up / Training Down),FALSE
KHDRBS1,0.1795,-0.1587,0.874021,0.881457,NS,Discordant (Cancer Up / Training Down),TRUE
NDRG2,-0.1667,0.1713,0.891187,0.855049,NS,Discordant (Cancer Down / Training Up),FALSE
PDXP,0.1236,-0.2141,0.956516,0.841539,NS,Discordant (Cancer Up / Training Down),TRUE
PDLIM1,0.3069,0.0305,0.494185,0.994672,NS,Concordant Up,FALSE
MINDY3,0.1084,-0.229,0.983566,0.826368,NS,Discordant (Cancer Up / Training Down),TRUE
MYBPC1,0.1197,0.2174,0.96268,0.83844,NS,Concordant Up,TRUE
RTN4,-0.1894,-0.1476,0.745374,0.807628,NS,Concordant Down,FALSE
FKBP5,0.0834,0.2535,0.97675,0.811927,NS,Concordant Up,TRUE
DGLUCY,-0.2409,-0.0959,0.838042,0.971066,NS,Concordant Down,TRUE
ARAF,-0.2376,0.0989,0.736302,0.959127,NS,Discordant (Cancer Down / Training Up),TRUE
FLNB,-0.2422,0.093,0.745339,0.957086,NS,Discordant (Cancer Down / Training Up),FALSE
TMCO1,0.2673,0.0678,0.778499,0.989771,NS,Concordant Up,TRUE
COPB1,0.0608,0.2734,0.990298,0.725499,NS,Concordant Up,FALSE
DDAH1,-0.2094,0.1245,0.874719,0.947325,NS,Discordant (Cancer Down / Training Up),TRUE
GPHN,-0.2329,-0.1004,0.661124,0.939849,NS,Concordant Down,TRUE
ANXA7,0.1387,-0.1941,0.780144,0.473446,NS,Discordant (Cancer Up / Training Down),FALSE
PPP1R3A,-0.0486,-0.2841,0.992899,0.683043,NS,Concordant Down,TRUE
MSI2,-0.1673,-0.1652,0.828544,0.803024,NS,Concordant Down,TRUE
PGM2L1,0.2991,-0.0334,0.571046,0.994349,NS,Discordant (Cancer Up / Training Down),FALSE
KRT2,-0.2556,0.0768,0.88209,0.988136,NS,Discordant (Cancer Down / Training Up),TRUE
IPO5,-0.2895,0.0428,0.455511,0.986908,NS,Discordant (Cancer Down / Training Up),FALSE
STX12,-0.3085,-0.0238,0.876586,0.998904,NS,Concordant Down,TRUE
ALDH3A2,-0.2307,0.1011,0.687288,0.929827,NS,Discordant (Cancer Down / Training Up),FALSE
JUP,-0.0349,0.2969,0.995929,0.598921,NS,Discordant (Cancer Down / Training Up),TRUE
MRPS21,0.2242,-0.1073,0.892093,0.975243,NS,Discordant (Cancer Up / Training Down),TRUE
MRPL21,-0.3293,0.0014,0.691751,0.999996,NS,Discordant (Cancer Down / Training Up),TRUE
OTUB1,-0.168,0.1621,0.838036,0.809783,NS,Discordant (Cancer Down / Training Up),FALSE
RPSA,0.2042,-0.1257,0.648287,0.835607,NS,Discordant (Cancer Up / Training Down),FALSE
USP14,0.2766,-0.0529,0.481442,0.978869,NS,Discordant (Cancer Up / Training Down),FALSE
CPNE3,0.1629,-0.1663,0.805296,0.742705,NS,Discordant (Cancer Up / Training Down),FALSE
DDX1,-0.1774,0.1517,0.806809,0.823809,NS,Discordant (Cancer Down / Training Up),FALSE
SRSF6,0.2728,0.0562,0.643769,0.983009,NS,Concordant Up,TRUE
COPG1,0.2327,0.0951,0.765664,0.955074,NS,Concordant Up,FALSE
TMEM109,-0.3144,0.0131,0.394001,0.998899,NS,Discordant (Cancer Down / Training Up),FALSE
HGS,0.2364,-0.0908,0.640563,0.943396,NS,Discordant (Cancer Up / Training Down),TRUE
PCBP1,-0.3003,0.0268,0.381526,0.994652,NS,Discordant (Cancer Down / Training Up),FALSE
CPNE1,0.1171,0.2099,0.928906,0.694518,NS,Concordant Up,TRUE
COQ10A,-0.1892,0.137,0.904389,0.940769,NS,Discordant (Cancer Down / Training Up),TRUE
MTHFD1,0.0809,-0.244,0.947193,0.383666,NS,Discordant (Cancer Up / Training Down),FALSE
ACAD9,-0.1809,0.1436,0.865831,0.899855,NS,Discordant (Cancer Down / Training Up),TRUE
API5,0.1934,0.1309,0.739015,0.875069,NS,Concordant Up,TRUE
ILF2,-0.1242,0.1998,0.933972,0.792149,NS,Discordant (Cancer Down / Training Up),TRUE
DCTN4,-0.2628,0.0607,0.583766,0.976859,NS,Discordant (Cancer Down / Training Up),TRUE
NLN,-0.0455,0.2777,0.992573,0.617034,NS,Discordant (Cancer Down / Training Up),TRUE
USP7,-0.2228,0.1004,0.753109,0.941991,NS,Discordant (Cancer Down / Training Up),TRUE
TMEM143,-0.2987,0.0244,0.706974,0.997994,NS,Discordant (Cancer Down / Training Up),TRUE
PPA2,-0.2147,0.1082,0.750972,0.925782,NS,Discordant (Cancer Down / Training Up),FALSE
SZRD1,-0.2253,-0.0968,0.847509,0.978955,NS,Concordant Down,TRUE
ATPAF2,-0.3122,-0.009,0.627255,0.999715,NS,Concordant Down,TRUE
COASY,0.1949,-0.126,0.798578,0.898697,NS,Discordant (Cancer Up / Training Down),FALSE
ACSL1,0.1978,-0.123,0.811133,0.91249,NS,Discordant (Cancer Up / Training Down),FALSE
RNF123,-0.2982,0.0225,0.523309,0.997187,NS,Discordant (Cancer Down / Training Up),FALSE
DDX6,-0.1942,0.1257,0.719829,0.915091,NS,Discordant (Cancer Down / Training Up),TRUE
PSMD2,-0.2182,0.1015,0.555619,0.882825,NS,Discordant (Cancer Down / Training Up),FALSE
RAB2B,0.1753,-0.1435,0.905364,0.929898,NS,Discordant (Cancer Up / Training Down),TRUE
DHX9,0.0219,0.2956,0.99842,0.576777,NS,Concordant Up,TRUE
UTRN,0.1102,-0.2068,0.955439,0.793127,NS,Discordant (Cancer Up / Training Down),TRUE
UBA1,0.2487,-0.0672,0.5071,0.958862,NS,Discordant (Cancer Up / Training Down),FALSE
PPP2CB,0.1134,0.2018,0.931043,0.742459,NS,Concordant Up,TRUE
HNRNPDL,0.1561,-0.1583,0.850834,0.805329,NS,Discordant (Cancer Up / Training Down),FALSE
PDK2,0.1565,-0.1576,0.946354,0.938668,NS,Discordant (Cancer Up / Training Down),TRUE
DYNC1I2,0.1923,0.1217,0.708802,0.858127,NS,Concordant Up,FALSE
NIPSNAP3B,-0.1609,-0.1528,0.944148,0.939646,NS,Concordant Down,TRUE
PCBP2,-0.1639,0.1495,0.862763,0.857086,NS,Discordant (Cancer Down / Training Up),FALSE
RPS26,-0.1696,-0.1437,0.812246,0.832532,NS,Concordant Down,TRUE
ETFA,-0.1763,0.1362,0.815987,0.864828,NS,Discordant (Cancer Down / Training Up),FALSE
UBA3,-0.2108,0.1015,0.794128,0.94458,NS,Discordant (Cancer Down / Training Up),FALSE
ARMC1,-0.2325,-0.0794,0.735589,0.969414,NS,Concordant Down,TRUE
DHRS11,0.2827,0.0285,0.616119,0.997415,NS,Concordant Up,TRUE
KPNA6,-0.1829,-0.128,0.765929,0.86144,NS,Concordant Down,TRUE
PDLIM2,0.1096,-0.2007,0.967733,0.909546,NS,Discordant (Cancer Up / Training Down),TRUE
UBXN4,-0.2786,-0.0317,0.659616,0.995923,NS,Concordant Down,TRUE
DNAAF5,-0.3024,0.0077,0.587784,0.999785,NS,Discordant (Cancer Down / Training Up),TRUE
UFSP2,0.1653,-0.1439,0.878013,0.909497,NS,Discordant (Cancer Up / Training Down),TRUE
ATP5F1A,-0.2421,0.0668,0.687033,0.973799,NS,Discordant (Cancer Down / Training Up),FALSE
SETD7,-0.2056,0.1025,0.761091,0.930774,NS,Discordant (Cancer Down / Training Up),TRUE
LRRC57,-0.1767,-0.1314,0.928698,0.962541,NS,Concordant Down,TRUE
TRAPPC3,0.0369,0.271,0.991847,0.404216,NS,Concordant Up,TRUE
PABPC1,-0.1518,0.1561,0.773489,0.69626999999999994,NS,Discordant (Cancer Down / Training Up),FALSE
DDX3X,0.1724,0.1346,0.783813,0.830708,NS,Concordant Up,TRUE
MAPKAPK3,0.0943,-0.2126,0.975971,0.874329,NS,Discordant (Cancer Up / Training Down),TRUE
HSP90AA1,0.2416,-0.0645,0.573213,0.966209,NS,Discordant (Cancer Up / Training Down),FALSE
GART,-0.2659,-0.0398,0.618329,0.99102,NS,Concordant Down,TRUE
GALK1,-0.2994,0.0063,0.585835,0.999831,NS,Discordant (Cancer Down / Training Up),TRUE
NUDT2,0.0203,0.2854,0.998648,0.726756,NS,Concordant Up,TRUE
BPNT1,-0.245,0.0604,0.631869,0.975599,NS,Discordant (Cancer Down / Training Up),FALSE
PPP3R1,0.1746,-0.1298,0.771614,0.845083,NS,Discordant (Cancer Up / Training Down),TRUE
TFG,0.2111,0.0933,0.805717,0.956427,NS,Concordant Up,FALSE
GNA11,0.2615,0.0429,0.598986,0.988947,NS,Concordant Up,TRUE
NDUFAB1,0.0314,0.2729,0.996081,0.564007,NS,Concordant Up,FALSE
GSTK1,-0.2755,0.0286,0.579117,0.995342,NS,Discordant (Cancer Down / Training Up),FALSE
ASS1,0.0136,-0.2903,0.999506,0.668864,NS,Discordant (Cancer Up / Training Down),FALSE
HIBADH,-0.2138,-0.089,0.736667,0.94789,NS,Concordant Down,FALSE
KRT10,-0.0389,-0.2633,0.99795,0.872236,NS,Concordant Down,FALSE
PCBD2,-0.2247,-0.0774,0.776422,0.970336,NS,Concordant Down,TRUE
LAMTOR3,0.2539,0.0477,0.703328,0.990311,NS,Concordant Up,TRUE
BTF3L4,-0.2653,-0.0363,0.447294,0.988905,NS,Concordant Down,FALSE
COX19,0.2642,0.0371,0.67896,0.993581,NS,Concordant Up,TRUE
GAPDH,0.2049,0.0962,0.566781,0.884446,NS,Concordant Up,FALSE
COPS8,-0.2819,0.0183,0.497541,0.997852,NS,Discordant (Cancer Down / Training Up),FALSE
SMYD2,-0.0953,-0.2039,0.965428,0.859981,NS,Concordant Down,TRUE
DEPTOR,-0.1797,-0.119,0.84241,0.919425,NS,Concordant Down,TRUE
RPLP0,0.0728,0.2257,0.959705,0.471939,NS,Concordant Up,FALSE
XRCC6,0.2021,0.096,0.707961,0.923272,NS,Concordant Up,FALSE
VAMP3,0.1811,-0.1169,0.828361,0.917278,NS,Discordant (Cancer Up / Training Down),TRUE
PSMD13,-0.2909,0.0067,0.55188,0.999768,NS,Discordant (Cancer Down / Training Up),FALSE
DAD1,-0.0714,0.2257,0.975908,0.686164,NS,Discordant (Cancer Down / Training Up),TRUE
RBM38,-0.1343,-0.1626,0.93025,0.913123,NS,Concordant Down,TRUE
PGPEP1,-0.2434,-0.0522,0.804465,0.992054,NS,Concordant Down,TRUE
TPD52L1,0.2861,0.009,0.714609,0.999726,NS,Concordant Up,TRUE
PSMC5,-0.1958,0.0991,0.651009,0.893576,NS,Discordant (Cancer Down / Training Up),FALSE
TRMT112,-0.2633,0.0282,0.598841,0.99563,NS,Discordant (Cancer Down / Training Up),TRUE
FKBP3,-0.1735,0.1178,0.834448,0.907982,NS,Discordant (Cancer Down / Training Up),FALSE
ERP44,0.2722,0.0189,0.526617,0.997693,NS,Concordant Up,FALSE
LYRM7,0.1243,-0.1659,0.94648,0.882411,NS,Discordant (Cancer Up / Training Down),TRUE
RAB2A,-0.0469,-0.243,0.982217,0.348678,NS,Concordant Down,FALSE
SRSF2,0.2109,-0.0787,0.753519,0.961495,NS,Discordant (Cancer Up / Training Down),FALSE
ACOT13,-0.0511,0.2382,0.990716,0.709016,NS,Discordant (Cancer Down / Training Up),FALSE
XRCC5,0.0137,0.2756,0.998985,0.390898,NS,Concordant Up,FALSE
AP1M1,0.0013,0.2832,0.999993,0.565262,NS,Concordant Up,TRUE
AHCYL2,-0.2348,-0.0487,0.739736,0.989087,NS,Concordant Down,TRUE
PPP1CA,-0.0579,0.2252,0.984029,0.650277,NS,Discordant (Cancer Down / Training Up),FALSE
MAGT1,0.2053,-0.0777,0.868369,0.983173,NS,Discordant (Cancer Up / Training Down),TRUE
CCDC43,0.2792,0.0034,0.769446,0.999972,NS,Concordant Up,TRUE
CAMK2A,-0.2174,0.0651,0.810068,0.981749,NS,Discordant (Cancer Down / Training Up),TRUE
COPS2,-0.2155,0.0669,0.742304,0.972767,NS,Discordant (Cancer Down / Training Up),FALSE
SNX3,0.2549,0.0274,0.577449,0.995046,NS,Concordant Up,FALSE
SCRN3,-0.2388,0.0434,0.804243,0.993369,NS,Discordant (Cancer Down / Training Up),TRUE
HSPA9,-0.2411,0.0409,0.587736,0.987622,NS,Discordant (Cancer Down / Training Up),FALSE
ASPH,0.2368,-0.0451,0.716629,0.989153,NS,Discordant (Cancer Up / Training Down),FALSE
UQCRH,-0.0089,0.2727,0.999754,0.654171,NS,Discordant (Cancer Down / Training Up),FALSE
RPN2,-0.1936,0.0879,0.748339,0.940582,NS,Discordant (Cancer Down / Training Up),FALSE
PAFAH1B1,-0.2796,0.0012,0.492374,0.999991,NS,Discordant (Cancer Down / Training Up),FALSE
UBFD1,0.1424,0.1381,0.937908,0.928961,NS,Concordant Up,TRUE
PITRM1,-0.1684,-0.1119,0.852551,0.921956,NS,Concordant Down,FALSE
ATP2B1,-0.081,-0.1984,0.96529,0.732017,NS,Concordant Down,TRUE
MT-ND2,-0.0708,-0.2083,0.982661,0.801319,NS,Concordant Down,TRUE
RBM8A,0.2662,0.0128,0.717198,0.999417,NS,Concordant Up,TRUE
SNRPE,0.2134,-0.0652,0.829171,0.984601,NS,Discordant (Cancer Up / Training Down),TRUE
GGPS1,0.1173,-0.1611,0.964455,0.938099,NS,Discordant (Cancer Up / Training Down),TRUE
BUB3,0.2544,0.0239,0.667415,0.997109,NS,Concordant Up,TRUE
COMT,-0.2661,0.0116,0.740206,0.999499,NS,Discordant (Cancer Down / Training Up),FALSE
SHMT1,0.024,-0.2535,0.997196,0.527469,NS,Discordant (Cancer Up / Training Down),FALSE
FDX1,0.1585,-0.1187,0.931073,0.964121,NS,Discordant (Cancer Up / Training Down),TRUE
ESD,0.0749,-0.2021,0.952948,0.525694,NS,Discordant (Cancer Up / Training Down),FALSE
SKP1,0.248,-0.0285,0.661767,0.995471,NS,Discordant (Cancer Up / Training Down),FALSE
OSBPL1A,-0.006,0.2699,0.999892,0.68204,NS,Discordant (Cancer Down / Training Up),TRUE
RNPEP,-0.158,0.1178,0.902846,0.934334,NS,Discordant (Cancer Down / Training Up),FALSE
RAB6A,0.1476,0.1277,0.872541,0.881258,NS,Concordant Up,FALSE
RPL35A,0.242,0.0325,0.783692,0.996623,NS,Concordant Up,TRUE
ESYT2,0.1299,0.1443,0.907818,0.863041,NS,Concordant Up,TRUE
NUDCD2,0.1566,0.1167,0.896328,0.930121,NS,Concordant Up,FALSE
TATDN1,0.0331,-0.239,0.995489,0.66189,NS,Discordant (Cancer Up / Training Down),TRUE
PAK2,-0.1263,0.1452,0.87153,0.780132,NS,Discordant (Cancer Down / Training Up),FALSE
PSMC1,0.184,-0.0872,0.799002,0.948227,NS,Discordant (Cancer Up / Training Down),FALSE
HLA-DRB1,0.1758,-0.0945,0.934137,0.979543,NS,Discordant (Cancer Up / Training Down),TRUE
OSBP,-0.1995,0.0706,0.7828,0.969881,NS,Discordant (Cancer Down / Training Up),TRUE
FAM185A,-0.2674,-0.0025,0.780124,0.999985,NS,Concordant Down,TRUE
HP1BP3,-0.0737,-0.1958,0.981746,0.83483,NS,Concordant Down,TRUE
CLCC1,0.0728,-0.1961,0.975465,0.761127,NS,Discordant (Cancer Up / Training Down),TRUE
ACSS2,-0.0441,-0.2243,0.989503,0.596117,NS,Concordant Down,FALSE
PTCD3,0.0327,-0.2356,0.997706,0.873971,NS,Discordant (Cancer Up / Training Down),TRUE
TSC22D1,0.2333,-0.0345,0.767755,0.994879,NS,Discordant (Cancer Up / Training Down),TRUE
MIEN1,0.2029,-0.0644,0.766117,0.975492,NS,Discordant (Cancer Up / Training Down),TRUE
CHMP6,-0.1703,-0.097,0.774399,0.917259,NS,Concordant Down,TRUE
ACSS1,-0.1794,-0.0878,0.852313,0.96312,NS,Concordant Down,TRUE
LCMT1,-0.1576,-0.1095,0.886588,0.936611,NS,Concordant Down,TRUE
COPS6,-0.2301,-0.0356,0.688604,0.99235,NS,Concordant Down,TRUE
PHYKPL,0.1818,-0.0836,0.80314700000000006,0.95592,NS,Discordant (Cancer Up / Training Down),TRUE
NCL,0.1721,-0.0932,0.802516,0.932629,NS,Discordant (Cancer Up / Training Down),FALSE
HIBCH,0.011,0.254,0.999562,0.639463,NS,Concordant Up,FALSE
MAT2B,-0.2418,-0.0228,0.628565,0.996807,NS,Concordant Down,TRUE
TSG101,-0.2332,-0.0313,0.677381,0.994375,NS,Concordant Down,TRUE
ILF3,-0.0805,0.1833,0.971948,0.801672,NS,Discordant (Cancer Down / Training Up),TRUE
VPS36,-0.1363,0.1269,0.863644,0.863472,NS,Discordant (Cancer Down / Training Up),TRUE
ARF4,0.2217,-0.0414,0.792333,0.99236,NS,Discordant (Cancer Up / Training Down),FALSE
UBE2N,0.1121,-0.1509,0.896406,0.751499,NS,Discordant (Cancer Up / Training Down),FALSE
MAP4,0.1176,-0.1449,0.923416,0.84852,NS,Discordant (Cancer Up / Training Down),FALSE
TSN,-0.242,0.02,0.65884,0.997695,NS,Discordant (Cancer Down / Training Up),FALSE
HSPA5,0.2334,0.0284,0.663362,0.994982,NS,Concordant Up,FALSE
HARS2,-0.0893,-0.1717,0.984427,0.93706,NS,Concordant Down,TRUE
UBE2I,0.254,-0.0065,0.715025,0.999814,NS,Discordant (Cancer Up / Training Down),FALSE
LSM2,0.0882,0.172,0.964324,0.817928,NS,Concordant Up,TRUE
DCTPP1,-0.0468,-0.2132,0.99471,0.845499,NS,Concordant Down,TRUE
TPP2,-0.1495,0.1104,0.870804,0.917273,NS,Discordant (Cancer Down / Training Up),TRUE
PHYHD1,0.0418,-0.218,0.996721,0.898706,NS,Discordant (Cancer Up / Training Down),TRUE
SRP14,-0.0992,0.1603,0.965262,0.881755,NS,Discordant (Cancer Down / Training Up),TRUE
NUDT16,0.1439,-0.1154,0.898856,0.923288,NS,Discordant (Cancer Up / Training Down),TRUE
MRPS23,-0.1011,-0.1581,0.966486,0.904134,NS,Concordant Down,TRUE
LNPK,-0.1773,0.0803,0.819955,0.95804,NS,Discordant (Cancer Down / Training Up),FALSE
PIN4,-0.0575,-0.199,0.986436,0.766251,NS,Concordant Down,TRUE
RPL13,0.1309,0.1256,0.940131,0.931209,NS,Concordant Up,FALSE
DYNC1H1,-0.0952,0.1608,0.918251,0.682996,NS,Discordant (Cancer Down / Training Up),FALSE
SNF8,-0.206,0.0499,0.77735,0.988882,NS,Discordant (Cancer Down / Training Up),TRUE
REEP5,-0.0757,0.18,0.971677,0.774559,NS,Discordant (Cancer Down / Training Up),FALSE
CDV3,0.2141,-0.041,0.754284,0.991809,NS,Discordant (Cancer Up / Training Down),TRUE
DNPH1,-0.1718,0.0832,0.855029,0.962994,NS,Discordant (Cancer Down / Training Up),TRUE
CRYAB,0.0395,-0.2152,0.993755,0.724474,NS,Discordant (Cancer Up / Training Down),FALSE
SYNC,0.0034,-0.251,0.999966,0.761495,NS,Discordant (Cancer Up / Training Down),TRUE
NUBPL,-0.1447,-0.1096,0.932267,0.959236,NS,Concordant Down,TRUE
MDH1,-0.0173,-0.2368,0.998117,0.452728,NS,Concordant Down,FALSE
PYCARD,-0.108,0.146,0.977799,0.925243,NS,Discordant (Cancer Down / Training Up),TRUE
RALA,0.1813,-0.0724,0.784686,0.961681,NS,Discordant (Cancer Up / Training Down),FALSE
C9orf64,0.0373,-0.2162,0.99215,0.6314,NS,Discordant (Cancer Up / Training Down),TRUE
PSMA7,0.1455,-0.1071,0.845556,0.898396,NS,Discordant (Cancer Up / Training Down),FALSE
SRSF3,0.1722,0.0802,0.835996,0.960829,NS,Concordant Up,TRUE
UBE4A,-0.1592,-0.0931,0.888356,0.969502,NS,Concordant Down,TRUE
TECR,-0.1873,0.0649,0.870925,0.984169,NS,Discordant (Cancer Down / Training Up),TRUE
SGTA,-0.1774,0.0745,0.830808,0.966442,NS,Discordant (Cancer Down / Training Up),FALSE
PSMA1,-0.2464,-0.0052,0.509234,0.999793,NS,Concordant Down,FALSE
PPP2R1A,-0.0839,0.1675,0.952333,0.73509,NS,Discordant (Cancer Down / Training Up),FALSE
SMAP1,0.1015,0.1499,0.95654,0.917696,NS,Concordant Up,TRUE
SMPX,-0.1239,-0.1272,0.95762100000000006,0.948182,NS,Concordant Down,TRUE
THAP4,0.1245,-0.1262,0.963408,0.957638,NS,Discordant (Cancer Up / Training Down),TRUE
THOP1,-0.0347,-0.216,0.99374,0.643865,NS,Concordant Down,TRUE
CHCHD4,-0.145,-0.1046,0.924556,0.95617,NS,Concordant Down,TRUE
PHB2,-0.194,0.0555,0.7314,0.976529,NS,Discordant (Cancer Down / Training Up),FALSE
NUDT3,-0.0818,-0.1671,0.962279,0.790704,NS,Concordant Down,TRUE
VTA1,-0.1958,0.053,0.786745,0.983813,NS,Discordant (Cancer Down / Training Up),TRUE
CYCS,0.0876,0.161,0.973453,0.879596,NS,Concordant Up,FALSE
WDR77,-0.2115,-0.037,0.724977,0.991372,NS,Concordant Down,FALSE
UQCRFS1,-0.1244,0.1237,0.937982,0.923048,NS,Discordant (Cancer Down / Training Up),FALSE
COPS4,-0.1893,0.0588,0.781073,0.977101,NS,Discordant (Cancer Down / Training Up),FALSE
RPS3A,-0.2039,-0.0434,0.644743,0.983349,NS,Concordant Down,FALSE
VPS13C,-0.1836,-0.063,0.792359,0.978494,NS,Concordant Down,TRUE
HSP90AB1,-0.0724,0.174,0.955815,0.637403,NS,Discordant (Cancer Down / Training Up),FALSE
CCT2,0.2281,0.0177,0.583183,0.997589,NS,Concordant Up,FALSE
RPL23A,0.1461,-0.0995,0.877321,0.931779,NS,Discordant (Cancer Up / Training Down),FALSE
EEF1D,-0.1068,-0.1387,0.9064,0.791156,NS,Concordant Down,FALSE
TBC1D4,-0.1473,-0.0978,0.854545,0.937628,NS,Concordant Down,TRUE
SEC13,-0.0887,0.1561,0.963316,0.869449,NS,Discordant (Cancer Down / Training Up),TRUE
PEPD,0.1758,0.0689,0.791691,0.964483,NS,Concordant Up,FALSE
ANKRD2,-0.108,-0.1364,0.962461,0.923428,NS,Concordant Down,TRUE
SLK,-0.081,0.163,0.978843,0.906993,NS,Discordant (Cancer Down / Training Up),TRUE
CPPED1,0.0884,-0.155,0.96838,0.871861,NS,Discordant (Cancer Up / Training Down),TRUE
PFDN5,-0.1852,-0.0575,0.770651,0.97619,NS,Concordant Down,FALSE
NT5C,0.1969,-0.0457,0.848145,0.991231,NS,Discordant (Cancer Up / Training Down),TRUE
OSTC,-0.0678,0.1743,0.982032,0.849771,NS,Discordant (Cancer Down / Training Up),TRUE
NDUFC2,-0.0215,-0.22,0.998279,0.737903,NS,Concordant Down,TRUE
PUDP,0.0768,0.1641,0.984724,0.908558,NS,Concordant Up,TRUE
RAB5C,0.226,0.0147,0.732651,0.998887,NS,Concordant Up,FALSE
STK38,-0.2042,0.0361,0.834549,0.996325,NS,Discordant (Cancer Down / Training Up),TRUE
TFRC,0.1441,-0.0958,0.936452,0.971687,NS,Discordant (Cancer Up / Training Down),TRUE
SH3GLB1,-0.1762,0.0635,0.818261,0.97402,NS,Discordant (Cancer Down / Training Up),FALSE
U2AF2,-0.0651,0.1739,0.986329,0.891722,NS,Discordant (Cancer Down / Training Up),TRUE
THTPA,-0.045,0.1927,0.991681,0.798633,NS,Discordant (Cancer Down / Training Up),TRUE
PRDX5,0.1883,-0.0486,0.743962,0.982083,NS,Discordant (Cancer Up / Training Down),FALSE
KPNA4,-0.1277,-0.1089,0.904902,0.914729,NS,Concordant Down,FALSE
GSTP1,0.0493,-0.1872,0.984736,0.671349,NS,Discordant (Cancer Up / Training Down),FALSE
PSMC6,0.1032,-0.1327,0.921774,0.82882,NS,Discordant (Cancer Up / Training Down),FALSE
QDPR,0.0606,-0.1751,0.972197,0.660403,NS,Discordant (Cancer Up / Training Down),FALSE
NIT2,-0.227,-0.0083,0.678116,0.999591,NS,Concordant Down,FALSE
MTCH2,-0.1541,0.0809,0.857272,0.954629,NS,Discordant (Cancer Down / Training Up),FALSE
SNRPD2,-0.2009,-0.0337,0.802289,0.994979,NS,Concordant Down,TRUE
CCT7,0.1276,0.1068,0.873188,0.89011,NS,Concordant Up,FALSE
SUCLG2,-0.1689,0.0655,0.879864,0.979757,NS,Discordant (Cancer Down / Training Up),FALSE
SSBP1,-0.2204,-0.0139,0.796266,0.999182,NS,Concordant Down,FALSE
TIGAR,0.1176,0.1163,0.950576,0.951613,NS,Concordant Up,TRUE
RPN1,0.2065,0.0273,0.646806,0.993922,NS,Concordant Up,FALSE
DPP3,0.114,-0.1195,0.922822,0.891776,NS,Discordant (Cancer Up / Training Down),FALSE
GDI1,-0.1723,0.0608,0.786136,0.970975,NS,Discordant (Cancer Down / Training Up),FALSE
LTA4H,0.1328,-0.1,0.817318,0.873564,NS,Discordant (Cancer Up / Training Down),FALSE
HAGH,-0.2241,0.0085,0.722973,0.999614,NS,Discordant (Cancer Down / Training Up),FALSE
LAMP2,0.1666,-0.0658,0.838204,0.971958,NS,Discordant (Cancer Up / Training Down),FALSE
ATP5F1B,-0.1329,0.0991,0.893986,0.928623,NS,Discordant (Cancer Down / Training Up),FALSE
PLCD4,-0.1885,-0.0435,0.829073,0.9906,NS,Concordant Down,TRUE
HSPA8,0.2159,-0.0158,0.625838,0.998081,NS,Discordant (Cancer Up / Training Down),FALSE
CHCHD10,0.1626,0.0691,0.916976,0.98318,NS,Concordant Up,TRUE
HEBP2,-0.0347,-0.1957,0.992157,0.615198,NS,Concordant Down,FALSE
PURA,-0.0443,0.1858,0.992117,0.80103,NS,Discordant (Cancer Down / Training Up),TRUE
RAD23B,0.0963,-0.1324,0.926024,0.81298,NS,Discordant (Cancer Up / Training Down),FALSE
CASQ1,-0.1971,0.0303,0.740338,0.993874,NS,Discordant (Cancer Down / Training Up),TRUE
KLC1,0.0548,-0.1726,0.985089,0.803847,NS,Discordant (Cancer Up / Training Down),TRUE
TOM1L2,-0.1909,0.0363,0.853122,0.995227,NS,Discordant (Cancer Down / Training Up),TRUE
PSMA4,-0.1561,0.0708,0.85003,0.965181,NS,Discordant (Cancer Down / Training Up),FALSE
MAP2K1,-0.1535,0.0729,0.882838,0.969854,NS,Discordant (Cancer Down / Training Up),FALSE
CLTB,0.1711,0.0552,0.875376,0.986146,NS,Concordant Up,TRUE
TMEM126A,-0.1258,-0.1001,0.950756,0.963218,NS,Concordant Down,TRUE
TOMM5,0.0648,-0.1599,0.989204,0.897819,NS,Discordant (Cancer Up / Training Down),TRUE
ISYNA1,0.181,0.0434,0.8657,0.992271,NS,Concordant Up,TRUE
EEF1B2,-0.1058,0.1176,0.928117,0.885373,NS,Discordant (Cancer Down / Training Up),FALSE
HDHD5,-0.1751,0.0478,0.904417,0.992191,NS,Discordant (Cancer Down / Training Up),TRUE
HSD17B12,0.1703,-0.0526,0.847596,0.984234,NS,Discordant (Cancer Up / Training Down),FALSE
CHMP4B,-0.1014,0.1212,0.944455,0.897044,NS,Discordant (Cancer Down / Training Up),FALSE
ARPC5L,0.0614,-0.1602,0.982171,0.834431,NS,Discordant (Cancer Up / Training Down),TRUE
SRP9,-0.2133,-0.0083,0.722283,0.999641,NS,Concordant Down,TRUE
ACP1,0.0817,-0.1394,0.955172,0.820605,NS,Discordant (Cancer Up / Training Down),FALSE
SND1,0.1876,0.0333,0.796032,0.993896,NS,Concordant Up,TRUE
CISD2,-0.2127,0.0079,0.883747,0.999855,NS,Discordant (Cancer Down / Training Up),TRUE
PARP1,-0.2165,-0.0035,0.711421,0.999932,NS,Concordant Down,TRUE
NDUFB10,-0.0503,0.1697,0.990545,0.846094,NS,Discordant (Cancer Down / Training Up),FALSE
PARVB,-0.1468,-0.0725,0.917252,0.977089,NS,Concordant Down,TRUE
SARNP,0.1279,0.0914,0.950509,0.955227,NS,Concordant Up,TRUE
NDUFV3,-0.0379,0.1812,0.996046,0.884062,NS,Discordant (Cancer Down / Training Up),TRUE
PPP3CC,0.18,-0.0388,0.886842,0.995288,NS,Discordant (Cancer Up / Training Down),TRUE
PGM3,0.1219,-0.0967,0.925012,0.947901,NS,Discordant (Cancer Up / Training Down),TRUE
RPL9,-0.1459,-0.0726,0.90056,0.9729,NS,Concordant Down,TRUE
CD38,0.0435,-0.1747,0.993797,0.877656,NS,Discordant (Cancer Up / Training Down),TRUE
KIF5B,-0.2073,-0.0108,0.660082,0.999144,NS,Concordant Down,FALSE
RPS6,-0.1107,0.1061,0.931073,0.923152,NS,Discordant (Cancer Down / Training Up),TRUE
AKR7A2,-0.0365,0.18,0.992011,0.700598,NS,Discordant (Cancer Down / Training Up),FALSE
EIF3I,-0.0395,-0.177,0.992921,0.788628,NS,Concordant Down,FALSE
PSMB1,-0.158,0.058,0.770546,0.966583,NS,Discordant (Cancer Down / Training Up),FALSE
DUSP3,-0.1518,0.0641,0.870817,0.974254,NS,Discordant (Cancer Down / Training Up),TRUE
CBX3,-0.0249,-0.1909,0.997924,0.844019,NS,Concordant Down,TRUE
PPIL3,-0.0676,-0.147,0.979862,0.867841,NS,Concordant Down,FALSE
TIMM8B,0.1777,0.0367,0.922255,0.997196,NS,Concordant Up,TRUE
IGBP1,0.1279,0.0861,0.925812,0.970941,NS,Concordant Up,TRUE
DPP9,0.1958,-0.0182,0.869795,0.999112,NS,Discordant (Cancer Up / Training Down),TRUE
GSR,0.1352,0.0785,0.870445,0.949174,NS,Concordant Up,FALSE
PCBD1,-0.1269,-0.0865,0.903648,0.946625,NS,Concordant Down,FALSE
UBR4,-0.189,0.0243,0.84368,0.998222,NS,Discordant (Cancer Down / Training Up),TRUE
FKBP2,0.1774,-0.0356,0.836488,0.993127,NS,Discordant (Cancer Up / Training Down),FALSE
UBE2B,0.0601,-0.1527,0.988887,0.920322,NS,Discordant (Cancer Up / Training Down),TRUE
PCMT1,0.0993,-0.1131,0.925096,0.873897,NS,Discordant (Cancer Up / Training Down),FALSE
COX17,-0.2046,-0.0074,0.875134,0.999832,NS,Concordant Down,TRUE
MBNL1,-0.1422,0.0697,0.881199,0.969299,NS,Discordant (Cancer Down / Training Up),TRUE
MDP1,0.0877,0.1241,0.964677,0.9068,NS,Concordant Up,TRUE
ACTR1A,-0.0304,0.1812,0.993991,0.663677,NS,Discordant (Cancer Down / Training Up),FALSE
CCT6A,0.0841,0.1271,0.943717,0.824897,NS,Concordant Up,FALSE
SIRT3,-0.1636,-0.0472,0.924171,0.993062,NS,Concordant Down,TRUE
RPL18,0.1073,0.1034,0.926654,0.914188,NS,Concordant Up,FALSE
RTCA,-0.207,-0.0037,0.810547,0.999941,NS,Concordant Down,TRUE
PCTP,-0.0818,0.1287,0.97788,0.951619,NS,Discordant (Cancer Down / Training Up),TRUE
LUC7L2,0.1112,-0.0987,0.934629,0.94509,NS,Discordant (Cancer Up / Training Down),TRUE
SSB,0.1214,0.0884,0.911581,0.946013,NS,Concordant Up,TRUE
PPP3CA,-0.0873,0.1214,0.946948,0.862809,NS,Discordant (Cancer Down / Training Up),FALSE
TMED10,0.1394,0.0683,0.903645,0.973513,NS,Concordant Up,FALSE
PSMB5,-0.1399,-0.0677,0.865781,0.96445,NS,Concordant Down,FALSE
ATP6V1B2,-0.1964,0.0112,0.67974,0.999027,NS,Discordant (Cancer Down / Training Up),FALSE
CALU,-0.0703,0.1371,0.971162,0.846733,NS,Discordant (Cancer Down / Training Up),FALSE
TXNL1,0.1174,-0.0897,0.887581,0.920164,NS,Discordant (Cancer Up / Training Down),FALSE
NAE1,-0.1891,-0.0178,0.809164,0.998318,NS,Concordant Down,TRUE
MMAB,-0.0554,0.1514,0.990423,0.91491,NS,Discordant (Cancer Down / Training Up),TRUE
ACSF2,-0.1273,-0.0795,0.912543,0.959775,NS,Concordant Down,FALSE
NAXE,-0.1986,0.0081,0.716717,0.999563,NS,Discordant (Cancer Down / Training Up),FALSE
CBFB,0.0457,-0.1606,0.993481,0.897289,NS,Discordant (Cancer Up / Training Down),TRUE
RPL19,0.1561,0.0499,0.86549,0.98512,NS,Concordant Up,FALSE
DDX17,0.086,0.1198,0.943421,0.852433,NS,Concordant Up,FALSE
PRDX4,0.1001,0.1057,0.93784,0.911334,NS,Concordant Up,FALSE
UBAP2L,0.0862,-0.1192,0.979671,0.953524,NS,Discordant (Cancer Up / Training Down),TRUE
VPS26A,0.0489,0.1563,0.984099,0.765511,NS,Concordant Up,TRUE
RPL10,0.1996,-0.0056,0.799826,0.999849,NS,Discordant (Cancer Up / Training Down),TRUE
SELENOW,-0.0545,-0.1491,0.988778,0.886921,NS,Concordant Down,TRUE
PSMA6,-0.0998,0.1035,0.952509,0.93536,NS,Discordant (Cancer Down / Training Up),FALSE
RPL10A,0.1429,0.0603,0.898387,0.979655,NS,Concordant Up,FALSE
ABCF2,-0.0593,0.1438,0.988164,0.914109,NS,Discordant (Cancer Down / Training Up),TRUE
UQCC2,-0.1129,-0.0896,0.943292,0.963788,NS,Concordant Down,TRUE
NOMO2,-0.1489,0.0535,0.889703,0.984386,NS,Discordant (Cancer Down / Training Up),TRUE
HMGCL,-0.0239,-0.1775,0.99794,0.833657,NS,Concordant Down,TRUE
NUDCD3,0.0608,0.1402,0.988885,0.944565,NS,Concordant Up,TRUE
MLEC,-0.1603,0.0403,0.839033,0.989306,NS,Discordant (Cancer Down / Training Up),FALSE
HSPB8,-0.1534,0.0459,0.93483,0.99348,NS,Discordant (Cancer Down / Training Up),TRUE
CAPN2,0.0178,0.1814,0.998029,0.667689,NS,Concordant Up,FALSE
JPH2,-0.1418,0.0574,0.916088,0.984885,NS,Discordant (Cancer Down / Training Up),TRUE
RTRAF,0.109,-0.0901,0.914394,0.93385,NS,Discordant (Cancer Up / Training Down),TRUE
RPL5,0.0628,0.1362,0.977965,0.853882,NS,Concordant Up,FALSE
DNM2,-0.0752,0.1233,0.956623,0.839073,NS,Discordant (Cancer Down / Training Up),FALSE
RPL13A,0.197,0.0014,0.796682,0.99999,NS,Concordant Up,FALSE
AK1,-0.0378,0.1604,0.992255,0.78951,NS,Discordant (Cancer Down / Training Up),FALSE
PSMA3,-0.0737,-0.1244,0.96798,0.87531,NS,Concordant Down,FALSE
RIC8A,0.0748,0.1232,0.978902,0.920885,NS,Concordant Up,TRUE
PGRMC2,0.0689,-0.128,0.970371,0.85791,NS,Discordant (Cancer Up / Training Down),FALSE
S100A1,0.1425,0.0537,0.947221,0.99139,NS,Concordant Up,FALSE
VAPA,-0.176,0.0202,0.841164,0.997894,NS,Discordant (Cancer Down / Training Up),TRUE
ECHS1,-0.1167,-0.0794,0.920075,0.955834,NS,Concordant Down,FALSE
TPPP,-0.1277,0.0682,0.939707,0.981643,NS,Discordant (Cancer Down / Training Up),TRUE
CAB39L,-0.0451,-0.1497,0.995477,0.930331,NS,Concordant Down,TRUE
HPCAL1,0.125,0.0698,0.918115,0.97039,NS,Concordant Up,TRUE
C8orf82,0.0909,-0.1038,0.975825,0.972263,NS,Discordant (Cancer Up / Training Down),TRUE
GLUL,-0.0731,-0.1214,0.982884,0.939929,NS,Concordant Down,TRUE
TXNDC12,0.0812,-0.112,0.977083,0.946581,NS,Discordant (Cancer Up / Training Down),TRUE
PSMB6,-0.0827,-0.1099,0.957058,0.89997,NS,Concordant Down,FALSE
SF1,0.0517,-0.1403,0.989167,0.909027,NS,Discordant (Cancer Up / Training Down),TRUE
RDH13,-0.1865,-0.0051,0.874944,0.99992,NS,Concordant Down,TRUE
NQO2,-0.1378,-0.0522,0.943905,0.990968,NS,Concordant Down,TRUE
RPL18A,-0.1357,0.0528,0.918216,0.986272,NS,Discordant (Cancer Down / Training Up),TRUE
UBXN1,-0.1342,-0.0529,0.896754,0.982188,NS,Concordant Down,FALSE
CACYBP,0.0384,0.1487,0.993619,0.864818,NS,Concordant Up,TRUE
NIF3L1,-0.0787,0.1084,0.965737,0.914067,NS,Discordant (Cancer Down / Training Up),FALSE
EIF3M,-0.1715,-0.0147,0.785069,0.998691,NS,Concordant Down,TRUE
COPZ1,0.1434,-0.0425,0.913812,0.992316,NS,Discordant (Cancer Up / Training Down),TRUE
FDPS,0.1481,-0.0375,0.827519,0.988592,NS,Discordant (Cancer Up / Training Down),FALSE
SYPL1,-0.1218,-0.0636,0.921277,0.975261,NS,Concordant Down,FALSE
SAR1A,-0.0497,-0.1356,0.987915,0.871446,NS,Concordant Down,FALSE
EPS15L1,0.1661,-0.0186,0.831408,0.998061,NS,Discordant (Cancer Up / Training Down),TRUE
CKB,0.0208,-0.1638,0.997983,0.805152,NS,Discordant (Cancer Up / Training Down),FALSE
SENP8,0.0404,-0.1438,0.992394,0.869012,NS,Discordant (Cancer Up / Training Down),TRUE
GPI,-0.1092,0.0748,0.894655,0.941133,NS,Discordant (Cancer Down / Training Up),FALSE
DDRGK1,-0.0097,-0.1732,0.999638,0.827947,NS,Concordant Down,TRUE
TPT1,-0.0491,-0.1334,0.981784,0.800197,NS,Concordant Down,FALSE
LMAN1,-0.039,0.1431,0.992817,0.863036,NS,Discordant (Cancer Down / Training Up),TRUE
SNX6,0.1133,0.0684,0.956895,0.981965,NS,Concordant Up,TRUE
ALDOA,0.1052,0.0758,0.891155,0.932122,NS,Concordant Up,FALSE
RAC1,0.124,-0.0567,0.873279,0.970554,NS,Discordant (Cancer Up / Training Down),FALSE
ADIPOQ,0.1247,0.0554,0.912985,0.980667,NS,Concordant Up,FALSE
YARS1,-0.0978,0.0822,0.947054,0.954315,NS,Discordant (Cancer Down / Training Up),TRUE
PPP1R7,-0.0249,0.1542,0.996195,0.769087,NS,Discordant (Cancer Down / Training Up),FALSE
BSG,-0.1474,0.0309,0.85734,0.99354,NS,Discordant (Cancer Down / Training Up),FALSE
HSPB6,-0.1482,-0.0301,0.895093,0.995414,NS,Concordant Down,FALSE
CANX,0.1729,-0.0051,0.818118,0.999852,NS,Discordant (Cancer Up / Training Down),FALSE
LYPLAL1,-0.0727,-0.1042,0.974486,0.937399,NS,Concordant Down,TRUE
MECP2,0.0894,-0.0874,0.974338,0.975725,NS,Discordant (Cancer Up / Training Down),TRUE
ALDOC,-0.1585,-0.0179,0.865293,0.998272,NS,Concordant Down,FALSE
FGGY,0.1481,0.0282,0.928273,0.99762,NS,Concordant Up,TRUE
UBA2,-0.1522,0.024,0.878307,0.996981,NS,Discordant (Cancer Down / Training Up),TRUE
NIPSNAP3A,0.1239,0.0522,0.953843,0.990896,NS,Concordant Up,TRUE
NAGK,0.0588,0.1164,0.981666,0.900627,NS,Concordant Up,FALSE
CCT5,0.0441,0.131,0.986055,0.815558,NS,Concordant Up,FALSE
PPIL1,-0.0936,0.0811,0.955631,0.959002,NS,Discordant (Cancer Down / Training Up),FALSE
EEF2,-0.1133,0.0612,0.879747,0.95999,NS,Discordant (Cancer Down / Training Up),FALSE
TMPO,0.1138,-0.0601,0.951358,0.984665,NS,Discordant (Cancer Up / Training Down),TRUE
NT5DC1,-0.1575,-0.0157,0.911561,0.999029,NS,Concordant Down,TRUE
PPTC7,-0.1477,-0.0253,0.917151,0.99763,NS,Concordant Down,TRUE
SCARB2,-0.069,-0.1039,0.976282,0.928504,NS,Concordant Down,FALSE
STIP1,0.1158,-0.0561,0.88168,0.968863,NS,Discordant (Cancer Up / Training Down),FALSE
GNPDA1,-0.1133,-0.0577,0.923226,0.977238,NS,Concordant Down,FALSE
CCDC124,0.1233,0.0468,0.912565,0.98609,NS,Concordant Up,TRUE
PSMA5,0.1444,-0.0245,0.846679,0.995569,NS,Discordant (Cancer Up / Training Down),FALSE
DCTN2,-0.0614,-0.1068,0.97438,0.893008,NS,Concordant Down,FALSE
NSFL1C,-0.0939,-0.0736,0.932432,0.949528,NS,Concordant Down,FALSE
PSMC3,-0.0761,-0.0914,0.947895,0.901045,NS,Concordant Down,FALSE
EIF2B1,-0.15310000000000001,-0.0136,0.881024,0.999305,NS,Concordant Down,TRUE
ATP6V1G1,0.128,-0.0382,0.895511,0.990774,NS,Discordant (Cancer Up / Training Down),TRUE
EIF4H,-0.1127,0.0535,0.9129,0.97789,NS,Discordant (Cancer Down / Training Up),FALSE
XPO7,-0.0139,0.1502,0.998972,0.81508,NS,Discordant (Cancer Down / Training Up),TRUE
BCKDHA,-0.0803,-0.0814,0.972786,0.965165,NS,Concordant Down,TRUE
MEMO1,-0.0665,-0.0941,0.98689,0.967036,NS,Concordant Down,TRUE
PHPT1,-0.0624,-0.097,0.983915,0.948933,NS,Concordant Down,FALSE
RPS18,-0.107,0.0523,0.881124,0.96835,NS,Discordant (Cancer Down / Training Up),FALSE
VPS4B,-0.0777,-0.081,0.960492,0.945541,NS,Concordant Down,TRUE
ERGIC1,0.0816,0.077,0.961853,0.957601,NS,Concordant Up,FALSE
HSPA1A,0.1103,-0.0473,0.908042,0.981238,NS,Discordant (Cancer Up / Training Down),FALSE
PSMD14,-0.1118,-0.0444,0.910191,0.984467,NS,Concordant Down,FALSE
GMPPB,0.094,-0.0612,0.950546,0.975207,NS,Discordant (Cancer Up / Training Down),FALSE
RACK1,-0.0206,0.1325,0.99782,0.861986,NS,Discordant (Cancer Down / Training Up),FALSE
OXSR1,-0.0011,-0.1513,0.999993,0.778831,NS,Concordant Down,FALSE
PAICS,0.0317,0.1193,0.993786,0.86794,NS,Concordant Up,FALSE
HSPB1,-0.0213,0.1291,0.998017,0.891128,NS,Discordant (Cancer Down / Training Up),FALSE
PSMB2,-0.0704,0.079,0.969165,0.95017,NS,Discordant (Cancer Down / Training Up),FALSE
TOMM40,0.0166,-0.1325,0.999148,0.932432,NS,Discordant (Cancer Up / Training Down),TRUE
EIF4A2,-0.1148,-0.0336,0.913708,0.992136,NS,Concordant Down,FALSE
UROS,0.0924,0.0529,0.960646,0.985527,NS,Concordant Up,TRUE
WARS1,0.1175,-0.0268,0.881802,0.993713,NS,Discordant (Cancer Up / Training Down),FALSE
WDR1,0.0225,-0.12,0.996489,0.842901,NS,Discordant (Cancer Up / Training Down),FALSE
CDH13,-0.0323,0.1091,0.994845,0.915131,NS,Discordant (Cancer Down / Training Up),FALSE
SNRPD3,-0.067,0.0744,0.975901,0.962164,NS,Discordant (Cancer Down / Training Up),FALSE
ATP6V1A,0.0604,0.0807,0.982976,0.960663,NS,Concordant Up,FALSE
PRKACA,-0.1346,0.0064,0.867467,0.999714,NS,Discordant (Cancer Down / Training Up),FALSE
NEDD8,0.0254,0.1153,0.997968,0.941473,NS,Concordant Up,FALSE
GBP2,-0.0453,-0.095,0.995397,0.971994,NS,Concordant Down,TRUE
HTRA2,0.0554,0.0847,0.988817,0.96917,NS,Concordant Up,TRUE
EML2,-0.1302,0.0097,0.933384,0.999676,NS,Discordant (Cancer Down / Training Up),TRUE
UAP1,0.1061,0.032,0.960317,0.995517,NS,Concordant Up,TRUE
CHCHD2,0.0146,0.1233,0.999049,0.898806,NS,Concordant Up,TRUE
ADSL,-0.1169,0.0201,0.920456,0.997548,NS,Discordant (Cancer Down / Training Up),FALSE
PGRMC1,0.1046,0.0318,0.957851,0.995617,NS,Concordant Up,FALSE
SLC25A24,0.0226,-0.1128,0.997536,0.922669,NS,Discordant (Cancer Up / Training Down),TRUE
PEX11B,-0.0683,-0.0662,0.987213,0.989634,NS,Concordant Down,TRUE
GRHPR,-0.0639,-0.0684,0.972823,0.9604,NS,Concordant Down,FALSE
LDHA,-0.006,0.1238,0.999849,0.902102,NS,Discordant (Cancer Down / Training Up),FALSE
TMX3,-0.091,0.0387,0.963459,0.994046,NS,Discordant (Cancer Down / Training Up),TRUE
CCT3,0.0976,0.0319,0.915423,0.990368,NS,Concordant Up,FALSE
CRKL,-0.0243,-0.1052,0.995939,0.883571,NS,Concordant Down,FALSE
EIF4A1,0.0954,-0.0335,0.949342,0.993067,NS,Discordant (Cancer Up / Training Down),FALSE
ATP6V0D1,-0.0027,-0.1248,0.99998,0.95388,NS,Concordant Down,TRUE
PALLD,0.1172,-0.0102,0.97524,0.999788,NS,Discordant (Cancer Up / Training Down),TRUE
CHMP2A,-0.0327,-0.0944,0.996671,0.961383,NS,Concordant Down,TRUE
TIAL1,-0.1212,-0.0047,0.933458,0.999909,NS,Concordant Down,TRUE
GFPT1,-0.0244,-0.1013,0.997591,0.951107,NS,Concordant Down,TRUE
RPL38,0.0274,-0.0981,0.997349,0.953083,NS,Discordant (Cancer Up / Training Down),FALSE
HUWE1,-0.0267,-0.0981,0.995808,0.920357,NS,Concordant Down,TRUE
KRT8,0.0844,0.0391,0.989912,0.997939,NS,Concordant Up,TRUE
YWHAG,0.0452,-0.078,0.987547,0.950015,NS,Discordant (Cancer Up / Training Down),FALSE
ERLIN2,-0.1153,-0.0071,0.90916,0.999659,NS,Concordant Down,FALSE
NAP1L1,-0.0078,0.1137,0.999589,0.856099,NS,Discordant (Cancer Down / Training Up),TRUE
RPL22,0.1167,0.0037,0.916194,0.999918,NS,Concordant Up,FALSE
ERO1A,0.031,-0.0891,0.997941,0.975636,NS,Discordant (Cancer Up / Training Down),TRUE
MYH1,0.087,-0.0325,0.988248,0.998083,NS,Discordant (Cancer Up / Training Down),TRUE
TARDBP,0.0496,-0.0698,0.98818,0.970707,NS,Discordant (Cancer Up / Training Down),TRUE
AK2,-0.0697,-0.0495,0.971569,0.982809,NS,Concordant Down,FALSE
PTGR1,-0.0587,0.0605,0.985144,0.980931,NS,Discordant (Cancer Down / Training Up),TRUE
GORASP2,0.0929,-0.0263,0.953575,0.996068,NS,Discordant (Cancer Up / Training Down),TRUE
PGP,-0.0977,0.0208,0.955791,0.997809,NS,Discordant (Cancer Down / Training Up),FALSE
MYPN,0.0833,-0.0337,0.980538,0.996339,NS,Discordant (Cancer Up / Training Down),TRUE
RPS16,-0.0892,-0.0261,0.955805,0.995837,NS,Concordant Down,FALSE
ACAA2,-0.0562,-0.0586,0.979189,0.971532,NS,Concordant Down,FALSE
RPS21,-0.0384,0.0752,0.989961,0.946933,NS,Discordant (Cancer Down / Training Up),FALSE
LANCL1,0.047,0.0661,0.988905,0.971613,NS,Concordant Up,FALSE
UGP2,-0.0591,0.053900000000000003,0.975292,0.974518,NS,Discordant (Cancer Down / Training Up),FALSE
TPI1,-0.0879,-0.0248,0.942799,0.995142,NS,Concordant Down,FALSE
PPCDC,0.0987,-0.014,0.967203,0.999296,NS,Discordant (Cancer Up / Training Down),TRUE
SRP54,0.027,0.0847,0.997206,0.967811,NS,Concordant Up,TRUE
MTDH,0.1053,0.0052,0.931337,0.999866,NS,Concordant Up,TRUE
BTF3,0.0047,0.1056,0.999947,0.966843,NS,Concordant Up,TRUE
PTGES3,-0.0508,-0.0591,0.978878,0.962997,NS,Concordant Down,FALSE
GSTM2,0.0036,-0.105,0.999959,0.949587,NS,Discordant (Cancer Up / Training Down),FALSE
ENO2,0.0503,-0.058,0.990643,0.984353,NS,Discordant (Cancer Up / Training Down),FALSE
CCT8,-0.0144,0.0937,0.998541,0.903883,NS,Discordant (Cancer Down / Training Up),FALSE
HSPE1,0.0208,-0.087,0.998066,0.952274,NS,Discordant (Cancer Up / Training Down),FALSE
EIF4E,-0.0351,-0.0725,0.993666,0.963512,NS,Concordant Down,FALSE
AHCY,0.0396,-0.0667,0.989218,0.958849,NS,Discordant (Cancer Up / Training Down),FALSE
MSRA,0.0195,0.0867,0.999108,0.978485,NS,Concordant Up,TRUE
PARK7,0.033,-0.0723,0.991901,0.945539,NS,Discordant (Cancer Up / Training Down),FALSE
HDGFL2,-0.0163,0.0884,0.999054,0.961538,NS,Discordant (Cancer Down / Training Up),TRUE
HSPA4,-0.0895,-0.015,0.921091,0.997783,NS,Concordant Down,FALSE
ANXA11,0.0457,-0.0587,0.985113,0.967989,NS,Discordant (Cancer Up / Training Down),FALSE
MAP1LC3B2,-0.0666,0.0364,0.984108,0.994381,NS,Discordant (Cancer Down / Training Up),FALSE
DHODH,-0.0874,-0.0156,0.983569,0.999485,NS,Concordant Down,TRUE
DCAF6,-0.0905,-0.0119,0.952667,0.999161,NS,Concordant Down,TRUE
HSPD1,-0.0232,0.0791,0.997452,0.958792,NS,Discordant (Cancer Down / Training Up),FALSE
CCT4,0.0846,0.0173,0.93773,0.997316,NS,Concordant Up,FALSE
BLMH,0.0364,0.0653,0.991587,0.964857,NS,Concordant Up,TRUE
RPS27,-0.06,-0.0406,0.98844,0.993893,NS,Concordant Down,TRUE
UFL1,0.0878,0.0102,0.963222,0.999514,NS,Concordant Up,TRUE
CRYZ,0.0714,0.0242,0.970986,0.996275,NS,Concordant Up,FALSE
HNRNPD,0.0739,0.0211,0.964636,0.996826,NS,Concordant Up,FALSE
PSMD10,0.0621,-0.0327,0.983075,0.994472,NS,Discordant (Cancer Up / Training Down),FALSE
HSPA1L,-0.0621,0.0327,0.98706,0.995736,NS,Discordant (Cancer Down / Training Up),FALSE
HNRNPU,0.0228,0.0718,0.997555,0.966738,NS,Concordant Up,FALSE
NMT1,-0.009,-0.0856,0.999783,0.972373,NS,Concordant Down,TRUE
MAP2K2,0.0119,0.0821,0.999456,0.964697,NS,Concordant Up,TRUE
MOCS2,-0.0158,-0.0775,0.999297,0.980308,NS,Concordant Down,TRUE
MOCS2,-0.0158,-0.0775,0.999297,0.980308,NS,Concordant Down,TRUE
PDCD6IP,0.0869,0.0061,0.928812,0.999659,NS,Concordant Up,FALSE
SYNGR2,0.0511,-0.0377,0.988545,0.992789,NS,Discordant (Cancer Up / Training Down),TRUE
COPB2,0.0027,0.0841,0.999985,0.980554,NS,Concordant Up,TRUE
TRIM72,-0.0517,-0.033,0.984011,0.99229,NS,Concordant Down,TRUE
SUGT1,0.0456,-0.0372,0.989651,0.991628,NS,Discordant (Cancer Up / Training Down),FALSE
UBXN6,-0.0127,0.0681,0.999295,0.97829,NS,Discordant (Cancer Down / Training Up),TRUE
EEA1,-0.0307,0.0496,0.996535,0.98883,NS,Discordant (Cancer Down / Training Up),TRUE
METTL7A,-0.0604,0.0186,0.984672,0.998344,NS,Discordant (Cancer Down / Training Up),FALSE
XPO1,0.0435,0.0354,0.988676,0.991151,NS,Concordant Up,TRUE
PLGRKT,0.0588,0.0195,0.98814,0.998515,NS,Concordant Up,TRUE
CAPN1,0.0315,0.0461,0.993914,0.983124,NS,Concordant Up,FALSE
UBE2R2,-0.0384,0.0388,0.99539,0.995364,NS,Discordant (Cancer Down / Training Up),TRUE
FAM136A,0.0462,0.0307,0.99164,0.996083,NS,Concordant Up,TRUE
EIF3F,0.0059,-0.0695,0.999862,0.973661,NS,Discordant (Cancer Up / Training Down),FALSE
H1-0,0.0722,0.0021,0.986288,0.999987,NS,Concordant Up,TRUE
SETD3,0.0376,-0.036,0.995361,0.996905,NS,Discordant (Cancer Up / Training Down),TRUE
AARS1,-0.0686,0.0044,0.964353,0.99985,NS,Discordant (Cancer Down / Training Up),FALSE
DECR1,0.0146,0.0581,0.999226,0.983813,NS,Concordant Up,FALSE
GMPR,0.0447,-0.026,0.992875,0.997111,NS,Discordant (Cancer Up / Training Down),FALSE
NSF,-0.0145,0.0536,0.999085,0.983204,NS,Discordant (Cancer Down / Training Up),FALSE
HDGF,0.0581,0.0089,0.978729,0.999458,NS,Concordant Up,FALSE
PSMD4,-0.0244,-0.0426,0.995656,0.982531,NS,Concordant Down,FALSE
FBP2,0.0618,0.0045,0.989162,0.999934,NS,Concordant Up,TRUE
RPS19,0.0367,0.0291,0.992076,0.993942,NS,Concordant Up,FALSE
CHMP5,0.0011,0.0631,0.999995,0.978827,NS,Concordant Up,TRUE
PDCD5,-0.056,0.0039,0.983372,0.999914,NS,Discordant (Cancer Down / Training Up),TRUE
CA14,0.0547,-0.0048,0.99055,0.999923,NS,Discordant (Cancer Up / Training Down),TRUE
OLA1,-0.003,0.0546,0.999946,0.974471,NS,Discordant (Cancer Down / Training Up),FALSE
DUSP23,-0.0403,0.0167,0.995125,0.999217,NS,Discordant (Cancer Down / Training Up),TRUE
ARL8B,-0.056,7e-4,0.981723,0.999997,NS,Discordant (Cancer Down / Training Up),FALSE
SHOC2,0.0352,0.0193,0.994298,0.998433,NS,Concordant Up,TRUE
BANF1,0.0185,0.0337,0.998969,0.995707,NS,Concordant Up,FALSE
RPS17,0.0106,-0.0406,0.99954,0.991263,NS,Discordant (Cancer Up / Training Down),TRUE
MPC1,0.02,-0.0304,0.999645,0.998943,NS,Discordant (Cancer Up / Training Down),TRUE
TCP1,0.0072,0.0426,0.999678,0.984604,NS,Concordant Up,FALSE
NPM1,-0.0027,0.0453,0.999967,0.986882,NS,Discordant (Cancer Down / Training Up),FALSE
SRSF1,-0.0407,0.0068,0.992106,0.999751,NS,Discordant (Cancer Down / Training Up),TRUE
TXN2,-0.0326,-0.0114,0.99533,0.999331,NS,Concordant Down,TRUE
UGGT1,0.0039,0.039,0.999905,0.987123,NS,Concordant Up,TRUE
CD59,0.0131,0.0292,0.999095,0.994188,NS,Concordant Up,FALSE
SERPINB6,-0.019,0.0212,0.998102,0.99707,NS,Discordant (Cancer Down / Training Up),FALSE
HNRNPA0,-0.0176,-0.0221,0.999443,0.998561,NS,Concordant Down,TRUE
PCNA,-0.0127,0.0228,0.999515,0.998625,NS,Discordant (Cancer Down / Training Up),TRUE
IST1,0.005,0.0305,0.999866,0.993346,NS,Concordant Up,TRUE
NSUN2,-0.0097,-0.0257,0.999638,0.997374,NS,Concordant Down,TRUE
ARL6IP5,-0.0179,0.0113,0.998229,0.999142,NS,Discordant (Cancer Down / Training Up),FALSE
PSMC2,-0.0055,-0.0209,0.999795,0.996104,NS,Concordant Down,FALSE
FKBP4,-0.0022,-0.023,0.999981,0.997335,NS,Concordant Down,FALSE
PSMB4,0.0166,-0.0044,0.998314,0.999858,NS,Discordant (Cancer Up / Training Down),FALSE
PSMB7,0.0092,-0.0059,0.999711,0.999853,NS,Discordant (Cancer Up / Training Down),FALSE
PLPBP,-0.0081,-0.0012,0.999775,0.999994,NS,Concordant Down,FALSE
TMX1,-0.0071,0.001,0.9997,0.999993,NS,Discordant (Cancer Down / Training Up),TRUE
EIF3G,-0.0059,-8e-4,0.999841,0.999997,NS,Concordant Down,TRUE
RETSAT,3.0406,-1.3817,0,0.003984,Sig Both,Discordant (Cancer Up / Training Down),TRUE
ATL3,3.4103,-0.9846,0,0.009479,Sig Both,Discordant (Cancer Up / Training Down),TRUE
THY1,2.511,0.9494,0,0.015241,Sig Both,Concordant Up,TRUE
DDX19B,1.9086,-1.2637,1e-6,0.009865,Sig Both,Discordant (Cancer Up / Training Down),TRUE
TUBB4A,1.8677,-1.1335,3e-6,0.015211,Sig Both,Discordant (Cancer Up / Training Down),TRUE
DIAPH2,-1.7291,0.9523,0,0.009701,Sig Both,Discordant (Cancer Down / Training Up),TRUE
G3BP2,-0.9637,0.9494,0.037836,0.021709,Sig Both,Discordant (Cancer Down / Training Up),TRUE
MAP1B,1.1221,-0.7335,0.033423,0.02385,Sig Both,Discordant (Cancer Up / Training Down),TRUE
ALDH1B1,-0.8544,0.689,0.011552,0.030345,Sig Both,Discordant (Cancer Down / Training Up),TRUE
CLPP,-0.6396,0.6174,0.016085,0.015082,Sig Both,Discordant (Cancer Down / Training Up),TRUE
PLIN1,4.1417,-0.8213,0,0.31522,Sig Cancer only,Discordant (Cancer Up / Training Down),TRUE
ADIRF,3.5983,-1.0409,0,0.067833,Sig Cancer only,Discordant (Cancer Up / Training Down),TRUE
HBA1,3.806,-0.5939,0,0.520022,Sig Cancer only,Discordant (Cancer Up / Training Down),FALSE
HBB,3.5681,-0.6169,0,0.493316,Sig Cancer only,Discordant (Cancer Up / Training Down),FALSE
IGHM,3.6335,0.3323,0,0.807767,Sig Cancer only,Concordant Up,FALSE
COMP,3.7712,-0.1454,0,0.972831,Sig Cancer only,Discordant (Cancer Up / Training Down),TRUE
HBG2,3.7262,-0.1216,0,0.981384,Sig Cancer only,Discordant (Cancer Up / Training Down),TRUE
CAVIN3,3.0109,-0.8164,1.1e-5,0.121156,Sig Cancer only,Discordant (Cancer Up / Training Down),TRUE
SNCA,3.6614,-0.0656,0,0.9916,Sig Cancer only,Discordant (Cancer Up / Training Down),FALSE
MGST1,3.1616,-0.514,1e-6,0.594989,Sig Cancer only,Discordant (Cancer Up / Training Down),TRUE
IGKV3-15,3.4644,-0.1958,0,0.91639,Sig Cancer only,Discordant (Cancer Up / Training Down),TRUE
FASN,2.721,-0.9017,3.9e-4,0.098189,Sig Cancer only,Discordant (Cancer Up / Training Down),TRUE
IGKV3-20,3.5578,0.038,0,0.997187,Sig Cancer only,Concordant Up,FALSE
IGKC,3.4542,-0.1072,0,0.979568,Sig Cancer only,Discordant (Cancer Up / Training Down),FALSE
AOC3,3.0182,-0.5425,0,0.525565,Sig Cancer only,Discordant (Cancer Up / Training Down),FALSE
ALB,3.1371000000000002,-0.4069,0,0.72621,Sig Cancer only,Discordant (Cancer Up / Training Down),FALSE
PHGDH,3.4033,-0.1158,0,0.975912,Sig Cancer only,Discordant (Cancer Up / Training Down),TRUE
IGKV3-11,3.0261,-0.4596,0,0.485564,Sig Cancer only,Discordant (Cancer Up / Training Down),TRUE
IGHA1,3.3611,0.0772,0,0.990313,Sig Cancer only,Concordant Up,TRUE
THBS4,2.7714,0.6528,2.4e-5,0.407287,Sig Cancer only,Concordant Up,TRUE
IGHG2,3.3738,-0.0365,0,0.997786,Sig Cancer only,Discordant (Cancer Up / Training Down),FALSE
A2M,3.1786,0.217,0,0.901494,Sig Cancer only,Concordant Up,FALSE
S100A6,3.1368,-0.2566,0,0.89824,Sig Cancer only,Discordant (Cancer Up / Training Down),TRUE
IGHV3-7,3.0643,0.3099,0,0.783409,Sig Cancer only,Concordant Up,FALSE
S100B,2.5842,-0.7839,0.020023,0.430154,Sig Cancer only,Discordant (Cancer Up / Training Down),TRUE
IGLC2,3.3511,3e-4,0,1,Sig Cancer only,Concordant Up,FALSE
C3,3.1919,0.142,0,0.958976,Sig Cancer only,Concordant Up,FALSE
HP,3.2795,0.0338,0,0.998232,Sig Cancer only,Concordant Up,FALSE
S100A9,2.8558,-0.4376,0,0.598577,Sig Cancer only,Discordant (Cancer Up / Training Down),FALSE
APOC1,2.9839,-0.3084,1e-6,0.830246,Sig Cancer only,Discordant (Cancer Up / Training Down),TRUE
CFH,3.1883,0.0935,0,0.979178,Sig Cancer only,Concordant Up,FALSE
MCAM,2.5595,-0.7017,0,0.29788,Sig Cancer only,Discordant (Cancer Up / Training Down),TRUE
ITIH4,3.0794,0.1813,0,0.927262,Sig Cancer only,Concordant Up,FALSE
IGHA2,2.8817,-0.3601,0,0.687181,Sig Cancer only,Discordant (Cancer Up / Training Down),TRUE
CLU,3.192,-0.0479,0,0.99531,Sig Cancer only,Discordant (Cancer Up / Training Down),FALSE
IGHG1,3.1998,-0.0146,0,0.999643,Sig Cancer only,Discordant (Cancer Up / Training Down),FALSE
COL1A2,2.8997,0.3006,0.002621,0.877464,Sig Cancer only,Concordant Up,TRUE
CAT,2.8392,-0.3581,0,0.685573,Sig Cancer only,Discordant (Cancer Up / Training Down),FALSE
SERPING1,3.011,0.1622,0,0.939292,Sig Cancer only,Concordant Up,FALSE
FABP4,2.674,-0.4843,0,0.658364,Sig Cancer only,Discordant (Cancer Up / Training Down),FALSE
GNG2,2.3182,-0.832,2.4e-5,0.109753,Sig Cancer only,Discordant (Cancer Up / Training Down),TRUE
APOL1,2.9092,0.218,0,0.898736,Sig Cancer only,Concordant Up,TRUE
VIM,2.97,-0.0785,0,0.990949,Sig Cancer only,Discordant (Cancer Up / Training Down),FALSE
APOE,2.779,0.2662,0,0.830466,Sig Cancer only,Concordant Up,FALSE
PPBP,2.7628,0.2565,1e-6,0.855499,Sig Cancer only,Concordant Up,TRUE
APOC2,2.7955,0.2211,0,0.87573,Sig Cancer only,Concordant Up,TRUE
CP,2.7087,0.305,0,0.759215,Sig Cancer only,Concordant Up,FALSE
TUBB2B,2.1532,-0.8472,1.7e-5,0.154721,Sig Cancer only,Discordant (Cancer Up / Training Down),TRUE
APOM,2.7683,0.2247,0,0.914123,Sig Cancer only,Concordant Up,TRUE
RCN3,2.3499,0.5567,1.05e-4,0.570535,Sig Cancer only,Concordant Up,TRUE
SERPINA3,2.7577,0.1073,0,0.970689,Sig Cancer only,Concordant Up,FALSE
THBS1,2.7118,0.1485,4.4e-5,0.953653,Sig Cancer only,Concordant Up,TRUE
ORM1,2.7842,-0.0498,0,0.995307,Sig Cancer only,Discordant (Cancer Up / Training Down),FALSE
JCHAIN,2.7257,-0.1002,0,0.984464,Sig Cancer only,Discordant (Cancer Up / Training Down),TRUE
TKT,2.5201,-0.2862,0,0.811863,Sig Cancer only,Discordant (Cancer Up / Training Down),FALSE
SERPINA1,2.6581,-0.133,0,0.966775,Sig Cancer only,Discordant (Cancer Up / Training Down),FALSE
TNKS1BP1,2.1638,-0.6112,4e-6,0.296044,Sig Cancer only,Discordant (Cancer Up / Training Down),TRUE
PNP,2.6614,0.1044,0,0.971381,Sig Cancer only,Concordant Up,FALSE
AGT,2.4073,0.3483,0,0.653387,Sig Cancer only,Concordant Up,FALSE
SLC2A1,2.7484,-0.0037,0,0.999971,Sig Cancer only,Discordant (Cancer Up / Training Down),TRUE
PRELP,2.6865,0.0559,0,0.995193,Sig Cancer only,Concordant Up,FALSE
C1QC,2.234,0.4903,0,0.496534,Sig Cancer only,Concordant Up,TRUE
CFB,2.5438,0.178,0,0.918483,Sig Cancer only,Concordant Up,FALSE
TF,2.6639,0.0349,0,0.997564,Sig Cancer only,Concordant Up,FALSE
ANXA1,2.6086,-0.0868,0,0.986214,Sig Cancer only,Discordant (Cancer Up / Training Down),FALSE
S100A8,2.3813,-0.3131,0,0.789666,Sig Cancer only,Discordant (Cancer Up / Training Down),FALSE
IGLV1-51,2.3581,-0.3347,8.65e-4,0.75093,Sig Cancer only,Discordant (Cancer Up / Training Down),TRUE
HSPA12A,2.5061,-0.1841,0,0.927399,Sig Cancer only,Discordant (Cancer Up / Training Down),TRUE
SNCG,2.3412,-0.3352,0,0.777132,Sig Cancer only,Discordant (Cancer Up / Training Down),TRUE
C1QB,2.1543,0.5071,1e-6,0.450739,Sig Cancer only,Concordant Up,TRUE
IGHG3,2.6349,0.0246,0,0.998938,Sig Cancer only,Concordant Up,TRUE
SAA4,2.58,-0.064,5.5e-5,0.990983,Sig Cancer only,Discordant (Cancer Up / Training Down),TRUE
IGKV4-1,2.4616,0.1684,0,0.935971,Sig Cancer only,Concordant Up,TRUE
FN1,2.5227,0.0922,0,0.979416,Sig Cancer only,Concordant Up,TRUE
S100A4,2.3336,-0.2642,0,0.813409,Sig Cancer only,Discordant (Cancer Up / Training Down),FALSE
AEBP1,1.7765,0.7863,0.004348,0.21248,Sig Cancer only,Concordant Up,TRUE
ANK1,2.4933,-0.0657,0,0.990668,Sig Cancer only,Discordant (Cancer Up / Training Down),FALSE
TAGLN,2.5159,-0.0381,0,0.996766,Sig Cancer only,Discordant (Cancer Up / Training Down),FALSE
COL6A2,2.1612,-0.3452,0,0.735539,Sig Cancer only,Discordant (Cancer Up / Training Down),TRUE
AKR1C1,2.179,-0.3231,0,0.761548,Sig Cancer only,Discordant (Cancer Up / Training Down),FALSE
LXN,2.3506,-0.1428,0,0.93772200000000006,Sig Cancer only,Discordant (Cancer Up / Training Down),TRUE
C4A,2.3688,-0.1182,0,0.967454,Sig Cancer only,Discordant (Cancer Up / Training Down),TRUE
CD44,1.9167,0.563,0.001249,0.471244,Sig Cancer only,Concordant Up,TRUE
PROS1,2.0625,-0.4126,0.002022,0.573386,Sig Cancer only,Discordant (Cancer Up / Training Down),TRUE
GPNMB,1.7276,0.7229,0.00116,0.237461,Sig Cancer only,Concordant Up,TRUE
DEFA3,2.2303,-0.2132,0,0.881481,Sig Cancer only,Discordant (Cancer Up / Training Down),TRUE
LPCAT3,-1.5512,0.8921,5.6e-5,0.054211,Sig Cancer only,Discordant (Cancer Down / Training Up),TRUE
OGN,2.032,0.4053,0,0.593155,Sig Cancer only,Concordant Up,TRUE
CFI,2.346,0.0898,0,0.977933,Sig Cancer only,Concordant Up,TRUE
RBP4,2.2028,-0.2286,0,0.839729,Sig Cancer only,Discordant (Cancer Up / Training Down),TRUE
SOD3,1.8938,-0.5363,0,0.293215,Sig Cancer only,Discordant (Cancer Up / Training Down),FALSE
SPARC,2.4212,0.0059,0,0.999902,Sig Cancer only,Concordant Up,TRUE
TTR,2.4176,0.0042,0,0.999962,Sig Cancer only,Concordant Up,FALSE
IGLV1-40,2.3728,0.0367,0,0.997226,Sig Cancer only,Concordant Up,TRUE
STOM,2.2901,-0.1033,0,0.973166,Sig Cancer only,Discordant (Cancer Up / Training Down),FALSE
CAV1,1.9824,-0.4038,0,0.654732,Sig Cancer only,Discordant (Cancer Up / Training Down),FALSE
TUBA1C,2.1743,-0.2063,8.93e-4,0.896578,Sig Cancer only,Discordant (Cancer Up / Training Down),TRUE
CD81,1.8957,-0.4849,0,0.448671,Sig Cancer only,Discordant (Cancer Up / Training Down),FALSE
HPR,2.0227,0.3304,1.7e-5,0.74597,Sig Cancer only,Concordant Up,TRUE
YAP1,1.996,-0.3546,0,0.721971,Sig Cancer only,Discordant (Cancer Up / Training Down),TRUE
TMOD3,1.8701,0.4587,7.5e-4,0.407922,Sig Cancer only,Concordant Up,TRUE
ARPC5,2.273,0.0398,0,0.995694,Sig Cancer only,Concordant Up,TRUE
AOX1,1.5416,-0.7683,0.003554,0.225965,Sig Cancer only,Discordant (Cancer Up / Training Down),TRUE
FBN1,2.0182,-0.288,0,0.805904,Sig Cancer only,Discordant (Cancer Up / Training Down),FALSE
ADH1B,1.6549,-0.6434,5e-5,0.273923,Sig Cancer only,Discordant (Cancer Up / Training Down),FALSE
S100A11,2.261,-0.0281,0,0.998303,Sig Cancer only,Discordant (Cancer Up / Training Down),TRUE
CARHSP1,1.7509,-0.5346,0.027281,0.408595,Sig Cancer only,Discordant (Cancer Up / Training Down),TRUE
SERPINF2,2.1775,0.1005,0,0.970668,Sig Cancer only,Concordant Up,FALSE
ACADL,1.4818,-0.7919,1.18e-4,0.079643,Sig Cancer only,Discordant (Cancer Up / Training Down),TRUE
SERPINF1,2.0636,0.209,0,0.865218,Sig Cancer only,Concordant Up,FALSE
AKR1C2,1.7661,-0.4958,8e-6,0.431936,Sig Cancer only,Discordant (Cancer Up / Training Down),TRUE
ASPN,1.5927,0.661,1.18e-4,0.24196,Sig Cancer only,Concordant Up,TRUE
CA2,1.8365,-0.412,0,0.545252,Sig Cancer only,Discordant (Cancer Up / Training Down),FALSE
C1S,2.1102,0.1306,1.5e-5,0.959947,Sig Cancer only,Concordant Up,TRUE
PRDX2,1.9827,-0.2579,0,0.837871,Sig Cancer only,Discordant (Cancer Up / Training Down),FALSE
CRIP1,1.8565,-0.3729,3.33e-4,0.666235,Sig Cancer only,Discordant (Cancer Up / Training Down),TRUE
CD9,1.9758,-0.245,0,0.843162,Sig Cancer only,Discordant (Cancer Up / Training Down),TRUE
EPB41,2.0668,-0.1496,0,0.939545,Sig Cancer only,Discordant (Cancer Up / Training Down),TRUE
EHD2,1.8419,-0.3734,0,0.652665,Sig Cancer only,Discordant (Cancer Up / Training Down),FALSE
PLIN4,1.5008,-0.7072,9e-5,0.14407,Sig Cancer only,Discordant (Cancer Up / Training Down),FALSE
BGN,1.6417,0.536,4.2e-5,0.373066,Sig Cancer only,Concordant Up,TRUE
CAVIN2,1.6663,-0.5013,0,0.343462,Sig Cancer only,Discordant (Cancer Up / Training Down),FALSE
MYO6,-1.5562,0.6011,0,0.128912,Sig Cancer only,Discordant (Cancer Down / Training Up),FALSE
DCN,2.0651,0.0904,0,0.984885,Sig Cancer only,Concordant Up,FALSE
FBLN1,1.9805,0.1578,0,0.912312,Sig Cancer only,Concordant Up,FALSE
BPGM,2.0346,-0.0924,0,0.975696,Sig Cancer only,Discordant (Cancer Up / Training Down),FALSE
SH3BGRL,1.8844,0.2206,0,0.843291,Sig Cancer only,Concordant Up,FALSE
LUM,1.9945,0.1074,0,0.974322,Sig Cancer only,Concordant Up,FALSE
SPTB,1.9989,-0.102,0,0.974017,Sig Cancer only,Discordant (Cancer Up / Training Down),FALSE
NDRG1,1.9326,-0.1659,3e-6,0.904051,Sig Cancer only,Discordant (Cancer Up / Training Down),TRUE
CYBRD1,1.938,-0.1449,1.6e-5,0.95192,Sig Cancer only,Discordant (Cancer Up / Training Down),TRUE
FSCN1,1.5064,0.5673,0,0.126129,Sig Cancer only,Concordant Up,FALSE
ANXA2,1.9845,-0.0797,0,0.98653,Sig Cancer only,Discordant (Cancer Up / Training Down),FALSE
DMTN,1.7794,-0.2815,0.002982,0.812803,Sig Cancer only,Discordant (Cancer Up / Training Down),TRUE
CLEC3B,1.804,0.2565,0,0.792156,Sig Cancer only,Concordant Up,FALSE
CSTA,1.3563,-0.7019,0.023531,0.155087,Sig Cancer only,Discordant (Cancer Up / Training Down),TRUE
CAPG,1.6286,0.4283,0.001236,0.636403,Sig Cancer only,Concordant Up,TRUE
CAVIN1,1.5756,-0.4713,1.2e-5,0.457505,Sig Cancer only,Discordant (Cancer Up / Training Down),FALSE
CORO1C,1.9121,0.1196,2.1e-5,0.964049,Sig Cancer only,Concordant Up,TRUE
FBXO7,1.721,0.3001,0,0.690643,Sig Cancer only,Concordant Up,TRUE
LRG1,1.9173,0.1007,0,0.972653,Sig Cancer only,Concordant Up,FALSE
ACLY,1.8193,0.1987,0.006331,0.891022,Sig Cancer only,Concordant Up,TRUE
CSRP1,1.8107,-0.2072,0,0.842939,Sig Cancer only,Discordant (Cancer Up / Training Down),FALSE
ACAT2,1.6327,-0.361,0,0.582555,Sig Cancer only,Discordant (Cancer Up / Training Down),TRUE
MYL3,-1.3419,0.6399,0.009189,0.355971,Sig Cancer only,Discordant (Cancer Down / Training Up),FALSE
COL6A1,1.9144,0.0654,4e-6,0.992057,Sig Cancer only,Concordant Up,TRUE
MFAP4,1.9044,-0.0436,2.86e-4,0.996637,Sig Cancer only,Discordant (Cancer Up / Training Down),TRUE
ALAD,1.8664,-0.0523,0,0.993086,Sig Cancer only,Discordant (Cancer Up / Training Down),FALSE
GLIPR2,1.8977,0.0205,2e-6,0.999095,Sig Cancer only,Concordant Up,TRUE
MYH2,-1.149,0.7593,0.028701,0.180176,Sig Cancer only,Discordant (Cancer Down / Training Up),TRUE
APOD,1.7503,0.1572,0,0.936703,Sig Cancer only,Concordant Up,FALSE
SFXN3,1.8156,0.0849,0,0.96542,Sig Cancer only,Concordant Up,TRUE
LCP1,1.865,0.0268,0,0.99841,Sig Cancer only,Concordant Up,FALSE
AZGP1,1.8104,-0.0809,0,0.980654,Sig Cancer only,Discordant (Cancer Up / Training Down),FALSE
CAV2,1.7101,-0.1806,1e-5,0.936366,Sig Cancer only,Discordant (Cancer Up / Training Down),TRUE
SORBS1,1.4214,-0.4686,5.74e-4,0.495327,Sig Cancer only,Discordant (Cancer Up / Training Down),TRUE
CNN1,1.6491,0.2227,0.002268,0.873846,Sig Cancer only,Concordant Up,TRUE
SH3BGRL3,1.6147,0.2544,0,0.773685,Sig Cancer only,Concordant Up,TRUE
GPX3,1.6429,-0.2252,0,0.818065,Sig Cancer only,Discordant (Cancer Up / Training Down),FALSE
ACTN4,1.5778,0.2898,4e-6,0.761466,Sig Cancer only,Concordant Up,FALSE
EFEMP1,1.7278,0.1319,0,0.947176,Sig Cancer only,Concordant Up,TRUE
DYNC1LI2,1.442,-0.4137,2.9e-5,0.463898,Sig Cancer only,Discordant (Cancer Up / Training Down),TRUE
SDHC,-1.6808,0.1731,0,0.913722,Sig Cancer only,Discordant (Cancer Down / Training Up),TRUE
ACACA,-1.3973,0.4522,2.01e-4,0.487984,Sig Cancer only,Discordant (Cancer Down / Training Up),FALSE
MYH10,1.7569,-0.0841,6.99e-4,0.974709,Sig Cancer only,Discordant (Cancer Up / Training Down),TRUE
LASP1,1.8155,-0.0252,0,0.998336,Sig Cancer only,Discordant (Cancer Up / Training Down),TRUE
B2M,1.6187,-0.2208,0,0.851384,Sig Cancer only,Discordant (Cancer Up / Training Down),FALSE
GGT5,1.3687,-0.4701,1.26e-4,0.178506,Sig Cancer only,Discordant (Cancer Up / Training Down),TRUE
RAB8A,1.7692,-0.067,3.7e-5,0.988146,Sig Cancer only,Discordant (Cancer Up / Training Down),TRUE
F13A1,1.5278,0.3069,4e-6,0.716273,Sig Cancer only,Concordant Up,FALSE
CD36,1.4077,-0.4262,3.2e-4,0.558174,Sig Cancer only,Discordant (Cancer Up / Training Down),FALSE
COL6A3,1.2814,0.5486,0.00679,0.429459,Sig Cancer only,Concordant Up,FALSE
ADD1,1.7863,0.0336,0,0.996534,Sig Cancer only,Concordant Up,TRUE
KLKB1,1.7147,0.0996,0.005424,0.977115,Sig Cancer only,Concordant Up,TRUE
TPM4,1.4611,0.3474,1e-6,0.585931,Sig Cancer only,Concordant Up,FALSE
CALD1,1.5413,0.2639,9e-6,0.774702,Sig Cancer only,Concordant Up,TRUE
CD163,1.4738,-0.3262,0.00434,0.69017,Sig Cancer only,Discordant (Cancer Up / Training Down),TRUE
PEA15,1.7742,-0.023,0,0.998572,Sig Cancer only,Discordant (Cancer Up / Training Down),TRUE
MARCHF5,-1.0541,0.7399,8.55e-4,0.067321,Sig Cancer only,Discordant (Cancer Down / Training Up),TRUE
S100A10,1.6817,0.1028,3e-6,0.974742,Sig Cancer only,Concordant Up,FALSE
BLVRB,1.5328,-0.2469,1e-6,0.802701,Sig Cancer only,Discordant (Cancer Up / Training Down),FALSE
DDAH2,1.6379,-0.136,0,0.943383,Sig Cancer only,Discordant (Cancer Up / Training Down),TRUE
LGALS3BP,1.6092,0.1636,0,0.913138,Sig Cancer only,Concordant Up,TRUE
AHNAK,1.5525,-0.2174,2.2e-5,0.876917,Sig Cancer only,Discordant (Cancer Up / Training Down),FALSE
ISCA2,-1.0264,0.7409,0.008289,0.145364,Sig Cancer only,Discordant (Cancer Down / Training Up),TRUE
PTBP1,1.6525,0.1128,1e-6,0.964611,Sig Cancer only,Concordant Up,TRUE
TUBB6,1.6903,-0.0713,0,0.985871,Sig Cancer only,Discordant (Cancer Up / Training Down),FALSE
CD34,1.6965,0.0495,9e-5,0.991168,Sig Cancer only,Concordant Up,TRUE
AKAP12,1.5801,0.1602,0,0.915577,Sig Cancer only,Concordant Up,FALSE
LTF,1.5756,-0.1644,0.025846,0.923495,Sig Cancer only,Discordant (Cancer Up / Training Down),TRUE
HPRT1,1.5725,-0.166,0,0.896256,Sig Cancer only,Discordant (Cancer Up / Training Down),TRUE
TYMP,1.5536,-0.1835,2e-6,0.897565,Sig Cancer only,Discordant (Cancer Up / Training Down),TRUE
CRIP2,1.7102,-0.0145,0,0.99936,Sig Cancer only,Discordant (Cancer Up / Training Down),FALSE
UROD,1.4918,-0.2193,0,0.783832,Sig Cancer only,Discordant (Cancer Up / Training Down),TRUE
HEBP1,1.4893,-0.2205,2e-6,0.839301,Sig Cancer only,Discordant (Cancer Up / Training Down),FALSE
ADPRH,-1.5648,-0.1431,2e-6,0.940291,Sig Cancer only,Concordant Down,TRUE
VAT1,1.5897,0.1175,0,0.958142,Sig Cancer only,Concordant Up,FALSE
CTSH,1.4286,0.2784,0.022829,0.791628,Sig Cancer only,Concordant Up,TRUE
C8G,1.4661,0.2387,3e-6,0.803423,Sig Cancer only,Concordant Up,TRUE
SPTBN1,1.6712,-0.0302,0,0.997387,Sig Cancer only,Discordant (Cancer Up / Training Down),FALSE
ADH1C,1.267,-0.4331,3.11e-4,0.52567,Sig Cancer only,Discordant (Cancer Up / Training Down),TRUE
MRPL38,-0.9434,0.7506,0.031403,0.148094,Sig Cancer only,Discordant (Cancer Down / Training Up),TRUE
MYOZ2,1.664,-0.0217,0.017112,0.99953,Sig Cancer only,Discordant (Cancer Up / Training Down),TRUE
RAB23,1.2325,0.4527,0.037846,0.676862,Sig Cancer only,Concordant Up,TRUE
ANXA5,1.4694,-0.2119,6.9e-5,0.881257,Sig Cancer only,Discordant (Cancer Up / Training Down),FALSE
GNAI3,1.635,-0.0427,0,0.992965,Sig Cancer only,Discordant (Cancer Up / Training Down),TRUE
CYB5A,1.2709,-0.4036,0.003114,0.623228,Sig Cancer only,Discordant (Cancer Up / Training Down),TRUE
FAH,1.3145,-0.3456,1e-6,0.500201,Sig Cancer only,Discordant (Cancer Up / Training Down),FALSE
ARRB1,1.5342,-0.1213,8.4e-5,0.962032,Sig Cancer only,Discordant (Cancer Up / Training Down),TRUE
SRI,1.4093,-0.2437,0,0.757799,Sig Cancer only,Discordant (Cancer Up / Training Down),FALSE
LGALS1,1.2106,-0.4416,8e-6,0.271401,Sig Cancer only,Discordant (Cancer Up / Training Down),FALSE
C1R,1.5305,0.1187,0.002823,0.955779,Sig Cancer only,Concordant Up,TRUE
CLIC1,1.6017,0.0462,0,0.992201,Sig Cancer only,Concordant Up,FALSE
ARPC1B,1.6412,-0.0018,0,0.99999,Sig Cancer only,Discordant (Cancer Up / Training Down),TRUE
AKR1C3,1.5815,0.0596,7e-6,0.991273,Sig Cancer only,Concordant Up,FALSE
CD58,1.4937,-0.1407,9.92e-4,0.942817,Sig Cancer only,Discordant (Cancer Up / Training Down),TRUE
CTSG,0.9585,0.6752,0.045759,0.167441,Sig Cancer only,Concordant Up,TRUE
DDI2,1.5763,-0.0547,0.003017,0.992936,Sig Cancer only,Discordant (Cancer Up / Training Down),TRUE
SPTAN1,1.58,-0.0484,0,0.993262,Sig Cancer only,Discordant (Cancer Up / Training Down),FALSE
GSN,1.5312,0.0862,1e-6,0.978199,Sig Cancer only,Concordant Up,FALSE
ACTB,1.5433,0.0682,2.38e-4,0.99067,Sig Cancer only,Concordant Up,FALSE
EHD1,1.3118,-0.2902,2.3e-5,0.697231,Sig Cancer only,Discordant (Cancer Up / Training Down),FALSE
SMTNL1,-1.1475,-0.4392,2.5e-4,0.355842,Sig Cancer only,Concordant Down,TRUE
TMEM256,1.3069,-0.2795,6e-6,0.630926,Sig Cancer only,Discordant (Cancer Up / Training Down),TRUE
FAM162A,-1.0706,0.5144,5.12e-4,0.192084,Sig Cancer only,Discordant (Cancer Down / Training Up),FALSE
SELENBP1,1.1109,-0.4736,1.85e-4,0.247819,Sig Cancer only,Discordant (Cancer Up / Training Down),FALSE
CNN3,1.3693,0.2075,7.55e-4,0.879105,Sig Cancer only,Concordant Up,TRUE
APMAP,1.4299,-0.1398,3e-6,0.934232,Sig Cancer only,Discordant (Cancer Up / Training Down),FALSE
SOD1,1.0931,-0.4737,3e-6,0.113759,Sig Cancer only,Discordant (Cancer Up / Training Down),FALSE
SLC25A6,-1.1067,0.4577,0.002922,0.410238,Sig Cancer only,Discordant (Cancer Down / Training Up),FALSE
C2,1.4765,0.0748,0.013117,0.985518,Sig Cancer only,Concordant Up,TRUE
MYO1C,1.3455,-0.2032,4.4e-5,0.866431,Sig Cancer only,Discordant (Cancer Up / Training Down),FALSE
MARCKS,1.4792,0.0684,0,0.982617,Sig Cancer only,Concordant Up,TRUE
MUSTN1,1.1073,0.4383,0.00998,0.526247,Sig Cancer only,Concordant Up,TRUE
CNN2,1.4793,0.0616,5.75e-4,0.990438,Sig Cancer only,Concordant Up,TRUE
AP1B1,0.8687,0.6702,0.022886,0.071293,Sig Cancer only,Concordant Up,TRUE
ARHGAP1,1.2939,0.2449,0,0.702591,Sig Cancer only,Concordant Up,FALSE
PAFAH1B2,1.0035,-0.5305,1.34e-4,0.074786,Sig Cancer only,Discordant (Cancer Up / Training Down),TRUE
HNRNPA3,1.0353,-0.4951,0.005974,0.328583,Sig Cancer only,Discordant (Cancer Up / Training Down),FALSE
GNAQ,0.9578,-0.565,0.029676,0.300463,Sig Cancer only,Discordant (Cancer Up / Training Down),TRUE
G6PD,1.2431,-0.2761,0.005176,0.728162,Sig Cancer only,Discordant (Cancer Up / Training Down),TRUE
TAGLN2,1.4352,0.0834,0,0.974954,Sig Cancer only,Concordant Up,FALSE
MGLL,1.3854,-0.1179,4.2e-5,0.962102,Sig Cancer only,Discordant (Cancer Up / Training Down),TRUE
CYB5B,-1.4561,0.038,0,0.99398,Sig Cancer only,Discordant (Cancer Down / Training Up),FALSE
PTGDS,1.3769,-0.1143,0.014209,0.967219,Sig Cancer only,Discordant (Cancer Up / Training Down),TRUE
NUBP2,0.8569,0.6268,0.016709,0.156383,Sig Cancer only,Concordant Up,TRUE
TMOD1,1.136,0.3468,0.001163,0.613658,Sig Cancer only,Concordant Up,TRUE
C19orf12,-0.8495,0.6319,0.013117,0.108707,Sig Cancer only,Discordant (Cancer Down / Training Up),TRUE
PGD,1.2436,-0.2356,1.4e-5,0.770137,Sig Cancer only,Discordant (Cancer Up / Training Down),FALSE
MT-ND4,-1.2144,0.2644,0.003221,0.832502,Sig Cancer only,Discordant (Cancer Down / Training Up),TRUE
SLC25A11,-1.0748,0.4008,0.002774,0.49635,Sig Cancer only,Discordant (Cancer Down / Training Up),FALSE
PGM2,1.3576,0.1134,1e-6,0.945117,Sig Cancer only,Concordant Up,TRUE
NDUFB5,-0.9255,0.5399,0.017195,0.251539,Sig Cancer only,Discordant (Cancer Down / Training Up),TRUE
GMPR2,0.985,-0.4798,0.022068,0.454785,Sig Cancer only,Discordant (Cancer Up / Training Down),TRUE
PRXL2A,0.8981,-0.5614,0.039957,0.257798,Sig Cancer only,Discordant (Cancer Up / Training Down),FALSE
MRPL49,-1.0582,0.3961,0.00138,0.467689,Sig Cancer only,Discordant (Cancer Down / Training Up),TRUE
BZW2,-1.0007,0.4497,0.010834,0.434829,Sig Cancer only,Discordant (Cancer Down / Training Up),TRUE
PPIA,1.2303,-0.2102,1.51e-4,0.846412,Sig Cancer only,Discordant (Cancer Up / Training Down),FALSE
TNS1,0.9965,-0.4359,6.29e-4,0.279571,Sig Cancer only,Discordant (Cancer Up / Training Down),FALSE
FBP1,-0.9042,0.5248,0.022148,0.272509,Sig Cancer only,Discordant (Cancer Down / Training Up),TRUE
CCS,1.1724,-0.2365,1.1e-4,0.782699,Sig Cancer only,Discordant (Cancer Up / Training Down),TRUE
ASAH1,0.7763,-0.6279,0.033136,0.067451,Sig Cancer only,Discordant (Cancer Up / Training Down),FALSE
LAMB2,1.3049,0.0973,0.002252,0.980061,Sig Cancer only,Concordant Up,TRUE
NDUFB4,-0.8572,0.5427,0.044469,0.258903,Sig Cancer only,Discordant (Cancer Down / Training Up),FALSE
SLC25A46,-1.0768,0.3196,8.54e-4,0.728336,Sig Cancer only,Discordant (Cancer Down / Training Up),TRUE
GCLC,1.1953,-0.1969,3.7e-5,0.840129,Sig Cancer only,Discordant (Cancer Up / Training Down),FALSE
GNAI1,1.3276,-0.0637,0.007236,0.99146,Sig Cancer only,Discordant (Cancer Up / Training Down),TRUE
UQCRQ,-0.8458,0.5402,0.036312,0.230497,Sig Cancer only,Discordant (Cancer Down / Training Up),FALSE
TNXB,1.108,0.2778,0.010724,0.769596,Sig Cancer only,Concordant Up,TRUE
ALYREF,0.9513,-0.4332,0.029125,0.568915,Sig Cancer only,Discordant (Cancer Up / Training Down),TRUE
LGALS3,1.3119,-0.0723,1.74e-4,0.985544,Sig Cancer only,Discordant (Cancer Up / Training Down),FALSE
EPB41L2,1.262,-0.1217,6e-6,0.94047,Sig Cancer only,Discordant (Cancer Up / Training Down),FALSE
AP3B1,1.2749,-0.1084,0.007242,0.974175,Sig Cancer only,Discordant (Cancer Up / Training Down),TRUE
FLNA,1.3649,0.0013,2e-6,0.999995,Sig Cancer only,Concordant Up,FALSE
CAP1,1.3253,0.0408,1e-6,0.99395,Sig Cancer only,Concordant Up,FALSE
TSFM,-0.8886,0.4763,0.008236,0.323899,Sig Cancer only,Discordant (Cancer Down / Training Up),TRUE
SULT1A1,1.2993,0.0564,3.4e-4,0.991027,Sig Cancer only,Concordant Up,TRUE
NDUFA4,-1.1694,0.1856,2e-6,0.815676,Sig Cancer only,Discordant (Cancer Down / Training Up),FALSE
GUK1,1.135,-0.2127,2.65e-4,0.815198,Sig Cancer only,Discordant (Cancer Up / Training Down),TRUE
RHOG,1.1348,-0.211,0.002085,0.872346,Sig Cancer only,Discordant (Cancer Up / Training Down),TRUE
MT-ND3,-1.0523,0.2852,0.025473,0.803439,Sig Cancer only,Discordant (Cancer Down / Training Up),TRUE
LAMC1,1.2267,-0.1088,0.003167,0.972941,Sig Cancer only,Discordant (Cancer Up / Training Down),TRUE
CORO1B,1.3115,0.0232,0.003466,0.998659,Sig Cancer only,Concordant Up,TRUE
LYZ,1.1953,-0.1393,7.03e-4,0.927686,Sig Cancer only,Discordant (Cancer Up / Training Down),TRUE
STEAP4,0.9407,0.3874,0.00189,0.586042,Sig Cancer only,Concordant Up,TRUE
TGFBI,1.2071,0.119,0.001948,0.962812,Sig Cancer only,Concordant Up,TRUE
AGFG1,1.1653,-0.1606,0.014345,0.940492,Sig Cancer only,Discordant (Cancer Up / Training Down),TRUE
STBD1,-0.9907,0.3318,0.001747,0.560739,Sig Cancer only,Discordant (Cancer Down / Training Up),FALSE
TLN1,1.2152,-0.1065,6e-6,0.951538,Sig Cancer only,Discordant (Cancer Up / Training Down),FALSE
GNB1,1.0575,-0.2479,2.68e-4,0.727192,Sig Cancer only,Discordant (Cancer Up / Training Down),FALSE
PLS3,1.0967,0.2043,4.24e-4,0.835895,Sig Cancer only,Concordant Up,FALSE
SEPTIN10,0.841,-0.4568,0.01262,0.3892,Sig Cancer only,Discordant (Cancer Up / Training Down),TRUE
MPP1,1.1717,0.1241,2.85e-4,0.949084,Sig Cancer only,Concordant Up,TRUE
SORD,0.7785,-0.5166,0.005692,0.091436,Sig Cancer only,Discordant (Cancer Up / Training Down),TRUE
PPIB,1.0554,0.2379,6.01e-4,0.767078,Sig Cancer only,Concordant Up,FALSE
EIF4B,0.92490000000000006,-0.3664,0.002973,0.448857,Sig Cancer only,Discordant (Cancer Up / Training Down),TRUE
CTTN,1.148,-0.1433,5e-6,0.89677,Sig Cancer only,Discordant (Cancer Up / Training Down),FALSE
SLC16A1,-0.8412,0.4495,0.024189,0.3453,Sig Cancer only,Discordant (Cancer Down / Training Up),FALSE
PICALM,1.1145,0.176,0.001185,0.890383,Sig Cancer only,Concordant Up,TRUE
PFKM,-0.8176,0.4694,0.047699,0.352947,Sig Cancer only,Discordant (Cancer Down / Training Up),FALSE
CST3,1.2116,0.074,3.53e-4,0.984038,Sig Cancer only,Concordant Up,TRUE
MTM1,-0.9544,0.3303,0.003128,0.634484,Sig Cancer only,Discordant (Cancer Down / Training Up),TRUE
MYL9,0.8358,0.4446,0.022322,0.324498,Sig Cancer only,Concordant Up,TRUE
GYPC,1.0567,0.2169,0.002226,0.833193,Sig Cancer only,Concordant Up,TRUE
RAP1B,1.2324,-0.031,7e-5,0.996963,Sig Cancer only,Discordant (Cancer Up / Training Down),FALSE
IQGAP1,0.8654,0.3972,0.007496,0.383758,Sig Cancer only,Concordant Up,FALSE
ZBTB9,-0.8871,0.3736,0.018126,0.527174,Sig Cancer only,Discordant (Cancer Down / Training Up),TRUE
CSPG4,0.9835,-0.2762,0.014072,0.719937,Sig Cancer only,Discordant (Cancer Up / Training Down),TRUE
ACYP2,-0.9052,0.3523,0.025924,0.610948,Sig Cancer only,Discordant (Cancer Down / Training Up),FALSE
STX4,-0.7637,-0.491,0.012028,0.321599,Sig Cancer only,Concordant Down,TRUE
CTNNA1,0.7555,-0.4958,0.012092,0.138357,Sig Cancer only,Discordant (Cancer Up / Training Down),TRUE
MSN,1.1853,-0.0605,3.3e-5,0.986309,Sig Cancer only,Discordant (Cancer Up / Training Down),FALSE
GPD1,0.8018,-0.4386,0.005384,0.208704,Sig Cancer only,Discordant (Cancer Up / Training Down),FALSE
AP2A2,1.0648,0.1752,9.06e-4,0.865351,Sig Cancer only,Concordant Up,TRUE
HDLBP,1.1422,-0.0911,1.51e-4,0.969782,Sig Cancer only,Discordant (Cancer Up / Training Down),TRUE
HINT3,-0.9916,0.2391,3.8e-4,0.726385,Sig Cancer only,Discordant (Cancer Down / Training Up),TRUE
PTRHD1,-0.9544,0.2741,0.007227,0.743133,Sig Cancer only,Discordant (Cancer Down / Training Up),TRUE
ALDH5A1,-0.8781,0.3454,0.007267,0.514504,Sig Cancer only,Discordant (Cancer Down / Training Up),FALSE
GNAI2,1.2127,0.0083,6.2e-5,0.999782,Sig Cancer only,Concordant Up,FALSE
NID1,1.1605,0.0592,0.004146,0.99119,Sig Cancer only,Concordant Up,TRUE
ARFIP1,0.9706,-0.2484,0.003106,0.807815,Sig Cancer only,Discordant (Cancer Up / Training Down),TRUE
EPS15,1.0897,-0.1223,0.024646,0.935997,Sig Cancer only,Discordant (Cancer Up / Training Down),TRUE
PLN,-1.0984,-0.1128,8.54e-4,0.958149,Sig Cancer only,Concordant Down,TRUE
DHRS7C,-0.9019,0.3085,0.005186,0.608387,Sig Cancer only,Discordant (Cancer Down / Training Up),TRUE
ANXA4,0.9351,0.2734,0.001103,0.640359,Sig Cancer only,Concordant Up,FALSE
COQ3,-1.1001,0.1071,0.004239,0.967841,Sig Cancer only,Discordant (Cancer Down / Training Up),TRUE
FLOT2,0.951,-0.254,1.85e-4,0.638651,Sig Cancer only,Discordant (Cancer Up / Training Down),FALSE
RPL30,-0.689,0.5141,0.014975,0.065741,Sig Cancer only,Discordant (Cancer Down / Training Up),FALSE
MANF,0.8772,0.3212,0.041323,0.693648,Sig Cancer only,Concordant Up,TRUE
ITGA1,1.0365,-0.1593,0.003466,0.908789,Sig Cancer only,Discordant (Cancer Up / Training Down),TRUE
ESYT1,0.8911,-0.3036,0.007674,0.626526,Sig Cancer only,Discordant (Cancer Up / Training Down),FALSE
CSRP3,-0.7833,0.4071,0.013701,0.322089,Sig Cancer only,Discordant (Cancer Down / Training Up),TRUE
ACAD8,-0.9891,-0.1988,0.002981,0.84934,Sig Cancer only,Concordant Down,TRUE
ATP5F1D,-0.7826,0.3994,0.01254,0.329505,Sig Cancer only,Discordant (Cancer Down / Training Up),FALSE
ACSL3,-0.8823,0.297,0.001375,0.547393,Sig Cancer only,Discordant (Cancer Down / Training Up),TRUE
CALM1,0.8935,-0.2817,0.011972,0.699345,Sig Cancer only,Discordant (Cancer Up / Training Down),FALSE
HNRNPA2B1,1.0095,-0.1648,5.1e-5,0.849908,Sig Cancer only,Discordant (Cancer Up / Training Down),FALSE
VWF,0.79,-0.3841,0.048051,0.459135,Sig Cancer only,Discordant (Cancer Up / Training Down),TRUE
ATP6V1H,0.9892,-0.1844,1.23e-4,0.82239,Sig Cancer only,Discordant (Cancer Up / Training Down),TRUE
ANK3,-1.0456,0.1259,7e-6,0.923627,Sig Cancer only,Discordant (Cancer Down / Training Up),TRUE
RRAS,0.818,-0.352,0.008627,0.451721,Sig Cancer only,Discordant (Cancer Up / Training Down),FALSE
FBLN2,1.0985,-0.0705,4.4e-5,0.978738,Sig Cancer only,Discordant (Cancer Up / Training Down),FALSE
RAB1A,1.1343,-0.0309,1e-6,0.995557,Sig Cancer only,Discordant (Cancer Up / Training Down),TRUE
MT-ATP8,-0.8766,0.2819,0.045676,0.767254,Sig Cancer only,Discordant (Cancer Down / Training Up),TRUE
PSAP,0.7475,-0.4081,0.040684,0.380961,Sig Cancer only,Discordant (Cancer Up / Training Down),FALSE
ARHGDIB,1.0179,-0.1358,0.009937,0.94401,Sig Cancer only,Discordant (Cancer Up / Training Down),TRUE
KCTD12,1.0288,0.1237,9.8e-5,0.927965,Sig Cancer only,Concordant Up,TRUE
LAMP1,0.9358,0.21560000000000001,0.014681,0.852054,Sig Cancer only,Concordant Up,TRUE
PDHX,-0.9306,0.2199,0.006437,0.812582,Sig Cancer only,Discordant (Cancer Down / Training Up),FALSE
CISD1,-0.7825,0.3613,0.002561,0.308188,Sig Cancer only,Discordant (Cancer Down / Training Up),TRUE
LHPP,1.0679,-0.0706,0.004493,0.985476,Sig Cancer only,Discordant (Cancer Up / Training Down),TRUE
DCUN1D1,0.6996,-0.4348,0.015927,0.187284,Sig Cancer only,Discordant (Cancer Up / Training Down),TRUE
NPC2,0.9691,-0.1632,7.68e-4,0.881038,Sig Cancer only,Discordant (Cancer Up / Training Down),TRUE
TPSB2,0.9373,0.1918,0.036795,0.902742,Sig Cancer only,Concordant Up,TRUE
CAMK2B,-0.9453,0.1766,2.9e-4,0.8366,Sig Cancer only,Discordant (Cancer Down / Training Up),TRUE
LRRC59,0.9744,0.1399,0.002368,0.928555,Sig Cancer only,Concordant Up,TRUE
ENDOD1,-0.8737,0.2341,0.001182,0.699494,Sig Cancer only,Discordant (Cancer Down / Training Up),FALSE
HNRNPF,0.8503,-0.2559,0.018625,0.683095,Sig Cancer only,Discordant (Cancer Up / Training Down),TRUE
AQP1,1.051,0.0514,0.012977,0.991638,Sig Cancer only,Concordant Up,TRUE
GNG12,1.0425,-0.059,1.76e-4,0.985608,Sig Cancer only,Discordant (Cancer Up / Training Down),FALSE
EIPR1,0.7097,-0.39,0.019147,0.341329,Sig Cancer only,Discordant (Cancer Up / Training Down),TRUE
TALDO1,0.793,-0.3041,0.004741,0.51010200000000006,Sig Cancer only,Discordant (Cancer Up / Training Down),FALSE
ARPC3,0.8709,0.2258,0.010426,0.792102,Sig Cancer only,Concordant Up,FALSE
MPC2,-0.94,-0.1535,0.002205,0.899094,Sig Cancer only,Concordant Down,TRUE
SAMM50,-0.7531,0.3385,0.043576,0.553038,Sig Cancer only,Discordant (Cancer Down / Training Up),FALSE
COQ7,-0.84,0.2497,0.006664,0.711934,Sig Cancer only,Discordant (Cancer Down / Training Up),TRUE
YBX3,-0.7851,0.3024,0.031906,0.637552,Sig Cancer only,Discordant (Cancer Down / Training Up),FALSE
AMPD3,-0.917,0.1695,0.017599,0.907337,Sig Cancer only,Discordant (Cancer Down / Training Up),TRUE
PTMS,1.0469,-0.0342,9e-5,0.995123,Sig Cancer only,Discordant (Cancer Up / Training Down),TRUE
PYGL,0.7574,-0.3223,0.001471,0.348511,Sig Cancer only,Discordant (Cancer Up / Training Down),FALSE
MAPT,-0.798,0.2816,0.005193,0.581558,Sig Cancer only,Discordant (Cancer Down / Training Up),FALSE
KDSR,0.9842,-0.0935,0.017193,0.981272,Sig Cancer only,Discordant (Cancer Up / Training Down),TRUE
KPNA3,-0.7532,0.3238,0.039712,0.579779,Sig Cancer only,Discordant (Cancer Down / Training Up),TRUE
IFITM1,0.9553,-0.1198,0.00261,0.94383,Sig Cancer only,Discordant (Cancer Up / Training Down),TRUE
SAMHD1,1.072,-0.0015,0.024735,0.999994,Sig Cancer only,Discordant (Cancer Up / Training Down),TRUE
ADPRHL1,-1.0425,-0.0307,9.44e-4,0.996805,Sig Cancer only,Concordant Down,TRUE
PITPNA,0.9405,-0.1284,0.001042,0.924285,Sig Cancer only,Discordant (Cancer Up / Training Down),FALSE
TPP1,0.7827,-0.2857,0.038511,0.670438,Sig Cancer only,Discordant (Cancer Up / Training Down),TRUE
SYNE2,-0.7595,0.3081,0.029984,0.686187,Sig Cancer only,Discordant (Cancer Down / Training Up),TRUE
MYH14,-1.0074,0.0589,1.15e-4,0.984624,Sig Cancer only,Discordant (Cancer Down / Training Up),TRUE
HMBS,1.0611,-0.0043,0.003714,0.999945,Sig Cancer only,Discordant (Cancer Up / Training Down),TRUE
DDT,0.8694,-0.1939,0.0031580000000000002,0.817016,Sig Cancer only,Discordant (Cancer Up / Training Down),FALSE
CAND1,1.0083,-0.0532,2.7e-5,0.985686,Sig Cancer only,Discordant (Cancer Up / Training Down),FALSE
DBNL,1.0168,0.0443,1.13e-4,0.991327,Sig Cancer only,Concordant Up,TRUE
CYFIP1,0.8788,-0.1818,0.004667,0.846815,Sig Cancer only,Discordant (Cancer Up / Training Down),TRUE
RANBP1,0.9742,-0.0863,9.08e-4,0.967843,Sig Cancer only,Discordant (Cancer Up / Training Down),TRUE
BTD,1.0401,0.0201,0.001059,0.998658,Sig Cancer only,Concordant Up,FALSE
EHD4,0.9078,0.1511,0.003978,0.89959,Sig Cancer only,Concordant Up,TRUE
ECI2,-0.9192,0.1391,0.003162,0.918356,Sig Cancer only,Discordant (Cancer Down / Training Up),TRUE
DPYSL2,0.9766,0.0708,0.001059,0.980002,Sig Cancer only,Concordant Up,FALSE
IDH1,0.7305,-0.3164,0.013693,0.48273,Sig Cancer only,Discordant (Cancer Up / Training Down),FALSE
PDIA3,1.0351,0.01,6.33e-4,0.999656,Sig Cancer only,Concordant Up,FALSE
SUMO2,0.9025,-0.1426,8.39e-4,0.897977,Sig Cancer only,Discordant (Cancer Up / Training Down),TRUE
PPP1R12B,1.0089,-0.0301,0.039533,0.99793,Sig Cancer only,Discordant (Cancer Up / Training Down),TRUE
ANP32A,0.9373,-0.1016,2.7e-5,0.936533,Sig Cancer only,Discordant (Cancer Up / Training Down),TRUE
TXLNB,-0.9018,-0.1335,0.03559,0.949211,Sig Cancer only,Concordant Down,TRUE
HLA-DRA,0.6354,-0.3997,0.036578,0.28045,Sig Cancer only,Discordant (Cancer Up / Training Down),TRUE
CSE1L,-0.8843,0.1501,5.1e-5,0.838643,Sig Cancer only,Discordant (Cancer Down / Training Up),FALSE
PITHD1,1.0006,-0.0338,6.11e-4,0.995303,Sig Cancer only,Discordant (Cancer Up / Training Down),TRUE
CPT2,-0.7933,0.2407,0.010119,0.716033,Sig Cancer only,Discordant (Cancer Down / Training Up),FALSE
CTSD,0.8104,-0.2219,0.004667,0.738402,Sig Cancer only,Discordant (Cancer Up / Training Down),FALSE
ITGB1,0.7763,-0.2539,0.015292,0.69403,Sig Cancer only,Discordant (Cancer Up / Training Down),FALSE
SDHD,-1.0217,0.004,0.005428,0.999955,Sig Cancer only,Discordant (Cancer Down / Training Up),TRUE
PACSIN2,0.7028,-0.3196,0.007232,0.40575,Sig Cancer only,Discordant (Cancer Up / Training Down),TRUE
NNT,-0.7225,0.2998,0.013488,0.517486,Sig Cancer only,Discordant (Cancer Down / Training Up),FALSE
LDHB,0.801,-0.2136,0.029787,0.821971,Sig Cancer only,Discordant (Cancer Up / Training Down),FALSE
PDHB,-0.6849,0.3273,0.03894,0.493882,Sig Cancer only,Discordant (Cancer Down / Training Up),FALSE
MYH9,0.9563,0.0532,0.002021,0.989374,Sig Cancer only,Concordant Up,FALSE
ELAVL1,0.8148,-0.1934,0.009888,0.826848,Sig Cancer only,Discordant (Cancer Up / Training Down),TRUE
UBE2O,0.8113,0.1957,0.013493,0.831557,Sig Cancer only,Concordant Up,TRUE
DYSF,-0.7325,0.2682,0.006997,0.572691,Sig Cancer only,Discordant (Cancer Down / Training Up),FALSE
SNX1,0.9139,-0.0816,0.01861,0.978872,Sig Cancer only,Discordant (Cancer Up / Training Down),TRUE
CAMK2D,-0.553,0.4372,0.037702,0.086131,Sig Cancer only,Discordant (Cancer Down / Training Up),FALSE
PGAM1,0.6219,-0.3666,0.019823,0.242946,Sig Cancer only,Discordant (Cancer Up / Training Down),FALSE
BCAP29,-0.6695,0.3189,0.033982,0.511746,Sig Cancer only,Discordant (Cancer Down / Training Up),TRUE
PSMF1,0.794,-0.1936,0.023256,0.84423,Sig Cancer only,Discordant (Cancer Up / Training Down),FALSE
PIP4K2B,-0.77,0.2161,0.004987,0.764648,Sig Cancer only,Discordant (Cancer Down / Training Up),TRUE
ARPP19,-0.7685,-0.2172,0.003584,0.71683,Sig Cancer only,Concordant Down,TRUE
NME1,0.8425,-0.1427,1.73e-4,0.857,Sig Cancer only,Discordant (Cancer Up / Training Down),FALSE
ENDOG,-0.7423,-0.2404,0.046993,0.771225,Sig Cancer only,Concordant Down,TRUE
TUBB,0.8159,-0.1663,0.017013,0.885455,Sig Cancer only,Discordant (Cancer Up / Training Down),FALSE
SCCPDH,-0.6481,0.3327,0.022938,0.379207,Sig Cancer only,Discordant (Cancer Down / Training Up),FALSE
SLC25A20,-0.6788,0.2985,0.045862,0.577535,Sig Cancer only,Discordant (Cancer Down / Training Up),FALSE
CNIH4,-0.6141,0.3594,0.026445,0.285018,Sig Cancer only,Discordant (Cancer Down / Training Up),TRUE
PTPA,0.6907,-0.2791,0.031247,0.605278,Sig Cancer only,Discordant (Cancer Up / Training Down),FALSE
SDCBP,0.7444,-0.224,0.015009,0.741685,Sig Cancer only,Discordant (Cancer Up / Training Down),TRUE
CYB5R1,-0.744,0.2205,0.006818,0.712327,Sig Cancer only,Discordant (Cancer Down / Training Up),FALSE
HNRNPA1,0.8075,-0.154,0.001902,0.86007,Sig Cancer only,Discordant (Cancer Up / Training Down),FALSE
APOO,-0.7372,0.2233,0.049314,0.797308,Sig Cancer only,Discordant (Cancer Down / Training Up),TRUE
APOBEC2,-0.9537,0.006,0.028431,0.999912,Sig Cancer only,Discordant (Cancer Down / Training Up),TRUE
FARSB,-0.8339,0.123,3e-6,0.85222,Sig Cancer only,Discordant (Cancer Down / Training Up),TRUE
MYL12B,0.7929,0.1633,0.004108,0.852272,Sig Cancer only,Concordant Up,FALSE
SLC25A3,-0.6266,0.3288,0.014353,0.317042,Sig Cancer only,Discordant (Cancer Down / Training Up),FALSE
DNAJB1,0.7248,0.2281,0.035462,0.766364,Sig Cancer only,Concordant Up,TRUE
GCLM,0.9324,-0.0195,0.004492,0.998709,Sig Cancer only,Discordant (Cancer Up / Training Down),FALSE
FIS1,-0.6835,0.2671,0.011109,0.552805,Sig Cancer only,Discordant (Cancer Down / Training Up),FALSE
NLRX1,-0.8256,0.1249,0.010707,0.93843,Sig Cancer only,Discordant (Cancer Down / Training Up),TRUE
ATP2B4,0.892,-0.058,0.001616,0.985574,Sig Cancer only,Discordant (Cancer Up / Training Down),TRUE
COA3,-0.8412,0.1072,0.020111,0.961534,Sig Cancer only,Discordant (Cancer Down / Training Up),TRUE
PARVA,0.9272,-0.02,0.001864,0.998517,Sig Cancer only,Discordant (Cancer Up / Training Down),TRUE
ECPAS,-0.8087,0.1376,0.001116,0.882508,Sig Cancer only,Discordant (Cancer Down / Training Up),FALSE
NCLN,0.7962,0.1488,0.022128,0.928461,Sig Cancer only,Concordant Up,TRUE
SYPL2,-0.8924,0.0481,2.5e-4,0.987823,Sig Cancer only,Discordant (Cancer Down / Training Up),TRUE
TIMM50,-0.7303,0.2088,0.03116,0.820693,Sig Cancer only,Discordant (Cancer Down / Training Up),TRUE
EHBP1L1,-0.7956,0.1382,0.001355,0.883751,Sig Cancer only,Discordant (Cancer Down / Training Up),TRUE
JSRP1,-0.8354,-0.0969,0.013316,0.963718,Sig Cancer only,Concordant Down,TRUE
NEK9,-0.6325,-0.2996,0.012313,0.472443,Sig Cancer only,Concordant Down,TRUE
CMPK1,0.7272,-0.2042,0.009873,0.7574,Sig Cancer only,Discordant (Cancer Up / Training Down),FALSE
MFN2,-0.8314,0.0954,9.79e-4,0.948494,Sig Cancer only,Discordant (Cancer Down / Training Up),TRUE
ATG3,0.916,-0.0087,5.89e-4,0.999688,Sig Cancer only,Discordant (Cancer Up / Training Down),TRUE
CFL1,0.7194,-0.203,0.020972,0.787107,Sig Cancer only,Discordant (Cancer Up / Training Down),FALSE
DMAC2L,-0.8608,-0.0589,0.002259,0.985029,Sig Cancer only,Concordant Down,TRUE
FABP5,0.7416,-0.1752,0.035345,0.868227,Sig Cancer only,Discordant (Cancer Up / Training Down),FALSE
RPS9,-0.7358,0.1788,0.00126,0.757134,Sig Cancer only,Discordant (Cancer Down / Training Up),FALSE
TXN,0.692,-0.2217,0.012572,0.698271,Sig Cancer only,Discordant (Cancer Up / Training Down),FALSE
ABHD14B,0.7867,-0.1265,8.65e-4,0.893052,Sig Cancer only,Discordant (Cancer Up / Training Down),FALSE
CYGB,0.7432,-0.1697,0.045462,0.891515,Sig Cancer only,Discordant (Cancer Up / Training Down),TRUE
YWHAZ,0.9019,-0.0101,0.012612,0.999688,Sig Cancer only,Discordant (Cancer Up / Training Down),FALSE
RPS2,-0.5777,0.3337,0.003808,0.145613,Sig Cancer only,Discordant (Cancer Down / Training Up),FALSE
ATP1B1,-0.7924,0.1184,0.014328,0.939122,Sig Cancer only,Discordant (Cancer Down / Training Up),TRUE
PDXK,0.809,-0.0984,0.003106,0.949749,Sig Cancer only,Discordant (Cancer Up / Training Down),FALSE
HSPA2,-0.8431,-0.0623,0.020462,0.986828,Sig Cancer only,Concordant Down,TRUE
CUL5,-0.7084,0.1967,0.020811,0.794169,Sig Cancer only,Discordant (Cancer Down / Training Up),FALSE
HLA-B,0.8208,-0.0837,7.98e-4,0.958604,Sig Cancer only,Discordant (Cancer Up / Training Down),TRUE
ATP2A2,-0.8342,0.07,0.018845,0.982622,Sig Cancer only,Discordant (Cancer Down / Training Up),FALSE
CTSZ,0.8732,-0.0305,0.006013,0.996633,Sig Cancer only,Discordant (Cancer Up / Training Down),TRUE
COQ8A,-0.7883,0.1145,0.006449,0.934435,Sig Cancer only,Discordant (Cancer Down / Training Up),TRUE
EML1,-0.7892,0.1112,0.003691,0.93416,Sig Cancer only,Discordant (Cancer Down / Training Up),TRUE
GARS1,-0.6485,0.2495,0.013994,0.581781,Sig Cancer only,Discordant (Cancer Down / Training Up),FALSE
IMPA2,-0.798,-0.0967,0.046565,0.969943,Sig Cancer only,Concordant Down,TRUE
FHL1,-0.5798,0.3141,0.044718,0.40142099999999997,Sig Cancer only,Discordant (Cancer Down / Training Up),FALSE
SYNJ2BP,-0.6043,0.2878,0.027877,0.464986,Sig Cancer only,Discordant (Cancer Down / Training Up),FALSE
MT-ND5,-0.766,0.1239,0.031847,0.939232,Sig Cancer only,Discordant (Cancer Down / Training Up),TRUE
CLIC4,0.7248,0.1636,0.010587,0.847564,Sig Cancer only,Concordant Up,FALSE
ACOT9,-0.638,0.2449,0.007826,0.544954,Sig Cancer only,Discordant (Cancer Down / Training Up),TRUE
HSPB7,-0.6716,0.2076,0.030303,0.764701,Sig Cancer only,Discordant (Cancer Down / Training Up),TRUE
TMEM11,-0.6547,0.2237,0.024644,0.71098,Sig Cancer only,Discordant (Cancer Down / Training Up),TRUE
VPS28,-0.8281,0.0495,0.003884,0.990309,Sig Cancer only,Discordant (Cancer Down / Training Up),TRUE
DSTN,0.7985,-0.0779,0.002208,0.967187,Sig Cancer only,Discordant (Cancer Up / Training Down),FALSE
PSMD5,0.789,-0.0859,0.004403,0.964974,Sig Cancer only,Discordant (Cancer Up / Training Down),TRUE
SEPTIN11,0.7229,0.1519,0.01776,0.883007,Sig Cancer only,Concordant Up,TRUE
DBT,-0.7848,-0.0877,0.005768,0.963435,Sig Cancer only,Concordant Down,TRUE
DHRS7B,-0.8373,0.0351,0.002395,0.994564,Sig Cancer only,Discordant (Cancer Down / Training Up),TRUE
CAND2,-0.7085,-0.1631,0.029658,0.871309,Sig Cancer only,Concordant Down,TRUE
RPL14,0.7508,0.1193,0.046842,0.948403,Sig Cancer only,Concordant Up,TRUE
FUNDC2,-0.7163,0.1521,0.032549,0.893314,Sig Cancer only,Discordant (Cancer Down / Training Up),FALSE
MRPL46,-0.7943,0.0739,0.03437,0.981331,Sig Cancer only,Discordant (Cancer Down / Training Up),TRUE
CAVIN4,-0.6923,0.1735,0.041528,0.858334,Sig Cancer only,Discordant (Cancer Down / Training Up),TRUE
DIABLO,-0.778,-0.0865,0.002144,0.956696,Sig Cancer only,Concordant Down,TRUE
ECHDC1,0.8587,2e-4,0.009987,1,Sig Cancer only,Concordant Up,TRUE
AIMP2,-0.6405,0.2181,0.02523,0.703934,Sig Cancer only,Discordant (Cancer Down / Training Up),TRUE
NOL3,-0.7722,0.0848,0.012551,0.967735,Sig Cancer only,Discordant (Cancer Down / Training Up),TRUE
TRAP1,-0.6473,0.2074,0.03121,0.749401,Sig Cancer only,Discordant (Cancer Down / Training Up),TRUE
EPRS1,-0.6287,0.226,0.0055,0.573469,Sig Cancer only,Discordant (Cancer Down / Training Up),FALSE
FHOD1,-0.7072,0.141,0.018867,0.897135,Sig Cancer only,Discordant (Cancer Down / Training Up),TRUE
ILK,0.7707,-0.0765,0.002362,0.966535,Sig Cancer only,Discordant (Cancer Up / Training Down),FALSE
SEPTIN7,0.7684,0.0787,0.010121,0.971092,Sig Cancer only,Concordant Up,FALSE
ATP1A1,-0.641,0.2048,0.029181,0.747144,Sig Cancer only,Discordant (Cancer Down / Training Up),FALSE
RSU1,0.6887,-0.1563,0.026696,0.872262,Sig Cancer only,Discordant (Cancer Up / Training Down),FALSE
PFKL,-0.7882,0.0557,0.011229,0.986903,Sig Cancer only,Discordant (Cancer Down / Training Up),FALSE
NME2,0.7649,0.0768,0.004457,0.96859,Sig Cancer only,Concordant Up,FALSE
ATP1A2,-0.7978,0.0415,0.009231,0.992851,Sig Cancer only,Discordant (Cancer Down / Training Up),TRUE
ARHGDIA,0.7393,-0.0995,0.012221,0.950392,Sig Cancer only,Discordant (Cancer Up / Training Down),FALSE
LPP,0.8005,0.0326,0.007307,0.995506,Sig Cancer only,Concordant Up,TRUE
BOLA2,0.7612,0.0689,0.010324,0.977016,Sig Cancer only,Concordant Up,TRUE
CLTC,0.6225,0.207,0.042702,0.749679,Sig Cancer only,Concordant Up,FALSE
CLIP2,-0.7771,0.0521,0.003438,0.987434,Sig Cancer only,Discordant (Cancer Down / Training Up),TRUE
HADHB,-0.6296,0.1992,0.017953,0.725959,Sig Cancer only,Discordant (Cancer Down / Training Up),FALSE
LACTB,-0.8238,0.0047,0.005069,0.99991,Sig Cancer only,Discordant (Cancer Down / Training Up),FALSE
BCL2L13,-0.7169,0.1115,0.014659,0.935094,Sig Cancer only,Discordant (Cancer Down / Training Up),TRUE
CLIC5,-0.7597,0.0676,0.013535,0.97996,Sig Cancer only,Discordant (Cancer Down / Training Up),TRUE
RARS1,-0.6581,0.1674,0.005868,0.786119,Sig Cancer only,Discordant (Cancer Down / Training Up),TRUE
TTLL12,0.7748,0.0446,0.022176,0.993245,Sig Cancer only,Concordant Up,TRUE
RHOA,0.5817,-0.2339,0.03358,0.617824,Sig Cancer only,Discordant (Cancer Up / Training Down),FALSE
OPTN,-0.6366,0.1779,0.049056,0.836147,Sig Cancer only,Discordant (Cancer Down / Training Up),TRUE
LRRC47,-0.7453,0.0586,0.005593,0.981977,Sig Cancer only,Discordant (Cancer Down / Training Up),FALSE
ALDH16A1,0.793,-0.0076,0.008034,0.999762,Sig Cancer only,Discordant (Cancer Up / Training Down),TRUE
RYR1,-0.7131,-0.0875,0.032766000000000003,0.966805,Sig Cancer only,Concordant Down,TRUE
PSME2,0.6962,-0.1035,0.014011,0.940919,Sig Cancer only,Discordant (Cancer Up / Training Down),FALSE
ACTR3,0.5847,0.2137,0.020015,0.645172,Sig Cancer only,Concordant Up,FALSE
DLAT,-0.6155,0.1798,0.035326,0.79922,Sig Cancer only,Discordant (Cancer Down / Training Up),FALSE
ETFDH,-0.6396,0.155,0.048882,0.874381,Sig Cancer only,Discordant (Cancer Down / Training Up),FALSE
HNRNPK,0.5639,-0.2296,0.033995,0.610027,Sig Cancer only,Discordant (Cancer Up / Training Down),FALSE
ISOC1,-0.6783,-0.115,0.011806,0.921975,Sig Cancer only,Concordant Down,TRUE
HSP90B1,0.7816,-0.0111,0.017013,0.999546,Sig Cancer only,Discordant (Cancer Up / Training Down),FALSE
RPL27A,0.7416,0.0486,0.017733,0.989797,Sig Cancer only,Concordant Up,FALSE
KARS1,-0.6204,0.1661,0.009113,0.779496,Sig Cancer only,Discordant (Cancer Down / Training Up),TRUE
KPNA1,-0.6641,-0.1216,0.035961,0.927369,Sig Cancer only,Concordant Down,TRUE
ACTR2,0.6227,0.1618,0.005875,0.777024,Sig Cancer only,Concordant Up,FALSE
GNAS,0.5929,-0.1866,0.023021,0.74331,Sig Cancer only,Discordant (Cancer Up / Training Down),FALSE
C11orf54,-0.7577,-0.0206,0.025702,0.998429,Sig Cancer only,Concordant Down,FALSE
AKAP1,-0.6391,-0.1392,0.040473,0.905904,Sig Cancer only,Concordant Down,TRUE
STAM,0.7552,-0.0223,0.004803,0.997552,Sig Cancer only,Discordant (Cancer Up / Training Down),TRUE
PPCS,0.6758,0.0992,0.00492,0.940882,Sig Cancer only,Concordant Up,TRUE
MAVS,-0.77,0.0017,2.52e-4,0.999983,Sig Cancer only,Discordant (Cancer Down / Training Up),TRUE
ARF1,0.7347,0.0366,0.00962,0.993628,Sig Cancer only,Concordant Up,FALSE
CLASP2,-0.6225,-0.1433,0.022838,0.883799,Sig Cancer only,Concordant Down,TRUE
SLC37A4,-0.7576,-0.0068,0.008481,0.999812,Sig Cancer only,Concordant Down,TRUE
HADHA,-0.578,0.1848,0.020765,0.729527,Sig Cancer only,Discordant (Cancer Down / Training Up),FALSE
CACNB1,-0.6837,-0.061,0.034437,0.983702,Sig Cancer only,Concordant Down,TRUE
NUTF2,0.5775,-0.1666,0.004677,0.714298,Sig Cancer only,Discordant (Cancer Up / Training Down),FALSE
PGLS,0.7158,0.0281,0.002982,0.995454,Sig Cancer only,Concordant Up,FALSE
ELOB,-0.5869,0.1559,0.027901,0.827108,Sig Cancer only,Discordant (Cancer Down / Training Up),FALSE
USO1,-0.7301,0.0114,0.004322,0.99933399999999994,Sig Cancer only,Discordant (Cancer Down / Training Up),FALSE
EEF1A1,0.6381,-0.0935,0.032793,0.952602,Sig Cancer only,Discordant (Cancer Up / Training Down),FALSE
HSPB2,-0.5608,0.1705,0.038214,0.788295,Sig Cancer only,Discordant (Cancer Down / Training Up),TRUE
PTER,-0.6917,-0.0325,0.013495,0.995819,Sig Cancer only,Concordant Down,TRUE
ZYX,0.6474,-0.0767,0.014678,0.964404,Sig Cancer only,Discordant (Cancer Up / Training Down),FALSE
BLVRA,0.6752,0.0485,0.014169,0.987465,Sig Cancer only,Concordant Up,FALSE
FYCO1,-0.5794,-0.1418,0.043994,0.874027,Sig Cancer only,Concordant Down,TRUE
TRIP10,-0.5603,0.1568,0.037936,0.821868,Sig Cancer only,Discordant (Cancer Down / Training Up),TRUE
STUB1,-0.636,0.0798,0.045619,0.969549,Sig Cancer only,Discordant (Cancer Down / Training Up),TRUE
DYNC1LI1,-0.5575,0.1575,0.020881,0.792424,Sig Cancer only,Discordant (Cancer Down / Training Up),TRUE
SLC35A4,-0.6862,0.0189,0.045192,0.998726,Sig Cancer only,Discordant (Cancer Down / Training Up),TRUE
CAST,0.6539,-0.045,0.011095,0.988166,Sig Cancer only,Discordant (Cancer Up / Training Down),FALSE
GNB2,0.6156,-0.081,0.034667,0.963076,Sig Cancer only,Discordant (Cancer Up / Training Down),FALSE
DNPEP,-0.5804,0.1162,0.020668,0.899148,Sig Cancer only,Discordant (Cancer Down / Training Up),FALSE
AP2A1,0.5944,0.0991,0.011493,0.923473,Sig Cancer only,Concordant Up,FALSE
MAPRE3,-0.6357,-0.0573,0.030479,0.983827,Sig Cancer only,Concordant Down,TRUE
LARS1,-0.5155,0.1762,0.044175,0.76107,Sig Cancer only,Discordant (Cancer Down / Training Up),TRUE
DARS1,-0.5839,0.1065,0.011313,0.9071,Sig Cancer only,Discordant (Cancer Down / Training Up),FALSE
MAOB,-0.578,-0.104,0.032255,0.927483,Sig Cancer only,Concordant Down,FALSE
TBCA,0.6148,-0.0661,0.022135,0.973545,Sig Cancer only,Discordant (Cancer Up / Training Down),FALSE
PRKAR2A,-0.6216,0.051,0.013328,0.983559,Sig Cancer only,Discordant (Cancer Down / Training Up),FALSE
PBXIP1,-0.54990000000000006,0.1166,0.042829,0.90442,Sig Cancer only,Discordant (Cancer Down / Training Up),TRUE
HBS1L,-0.5693,0.0953,0.035754,0.943137,Sig Cancer only,Discordant (Cancer Down / Training Up),TRUE
XPNPEP1,-0.6596,0.0048,0.005657,0.99987,Sig Cancer only,Discordant (Cancer Down / Training Up),FALSE
RPS3,-0.4789,0.1849,0.047828,0.677441,Sig Cancer only,Discordant (Cancer Down / Training Up),FALSE
FAM114A2,0.6158,-0.0427,0.046058,0.991036,Sig Cancer only,Discordant (Cancer Up / Training Down),FALSE
EIF3B,-0.5475,0.097,0.007923,0.907439,Sig Cancer only,Discordant (Cancer Down / Training Up),TRUE
OPLAH,-0.6134,0.0286,0.031314,0.995731,Sig Cancer only,Discordant (Cancer Down / Training Up),TRUE
PPID,-0.6208,-0.0167,0.035836,0.998759,Sig Cancer only,Concordant Down,TRUE
MTPN,0.543,-0.0893,0.029594,0.939714,Sig Cancer only,Discordant (Cancer Up / Training Down),FALSE
COPS7A,-0.5284,0.0845,0.030848,0.943956,Sig Cancer only,Discordant (Cancer Down / Training Up),TRUE
PSMD9,0.5969,-0.0107,0.029119,0.999389,Sig Cancer only,Discordant (Cancer Up / Training Down),FALSE
HNRNPH1,0.5257,-0.0262,0.005808,0.993647,Sig Cancer only,Discordant (Cancer Up / Training Down),FALSE
EIF3J,-0.5034,0.0358,0.038527,0.990654,Sig Cancer only,Discordant (Cancer Down / Training Up),TRUE
EIF3C,-0.4796,-0.0139,0.038973,0.998665,Sig Cancer only,Concordant Down,TRUE
CES1,2.0423,-1.3377,0.060965,0.022992,Sig Training only,Discordant (Cancer Up / Training Down),TRUE
ABLIM2,0.7273,1.9339,0.093775,0,Sig Training only,Concordant Up,TRUE
FTL,0.5746,1.9556,0.455969,0,Sig Training only,Concordant Up,FALSE
RBM3,0.679,-1.7615,0.299069,1.34e-4,Sig Training only,Discordant (Cancer Up / Training Down),TRUE
SLC41A3,-0.7234,1.506,0.399643,0.005579,Sig Training only,Discordant (Cancer Down / Training Up),TRUE
SELENOO,-0.3682,1.537,0.753394,0.001207,Sig Training only,Discordant (Cancer Down / Training Up),TRUE
MRPL13,-0.7621,1.1071,0.056868,0.003394,Sig Training only,Discordant (Cancer Down / Training Up),TRUE
MYOZ1,0.4674,1.2979,0.710941,0.011088,Sig Training only,Concordant Up,TRUE
TMEM70,-0.3101,1.1174,0.799265,0.020812,Sig Training only,Discordant (Cancer Down / Training Up),TRUE
PBDC1,0.5114,0.8417,0.302984,0.011138,Sig Training only,Concordant Up,TRUE
KRT19,0.3561,-0.9474,0.785692,0.041647000000000003,Sig Training only,Discordant (Cancer Up / Training Down),TRUE
CAPRIN1,0.3445,-0.9028,0.843135,0.043409,Sig Training only,Discordant (Cancer Up / Training Down),TRUE
FTH1,-0.5211,0.683,0.252883,0.027691,Sig Training only,Discordant (Cancer Down / Training Up),FALSE
ENPP4,-0.3074,0.8658,0.725081,0.005066,Sig Training only,Discordant (Cancer Down / Training Up),TRUE
PFDN1,-0.4439,-0.618,0.283174,0.043032,Sig Training only,Concordant Down,TRUE
SCN1B,0.2779,-0.7522,0.689387,0.019698,Sig Training only,Discordant (Cancer Up / Training Down),TRUE
IL18,-0.0309,0.9003,0.997731,0.017742,Sig Training only,Discordant (Cancer Down / Training Up),TRUE
PEBP4,0.1586,-0.7428,0.887747,0.036571,Sig Training only,Discordant (Cancer Up / Training Down),TRUE
KYAT1,-0.1441,-0.7263,0.924654,0.021194,Sig Training only,Concordant Down,TRUE
ARCN1,-0.0678,0.4703,0.963719,0.011036,Sig Training only,Discordant (Cancer Down / Training Up),TRUE
