contrast,value
Cancer_vs_Healthy,0.7091708591036777
Cancer_vs_Healthy,0.755700827647327
Cancer_vs_Healthy,0.5718793675040154
Cancer_vs_Healthy,0.43122945127367374
Cancer_vs_Healthy,0.9859133403674984
Cancer_vs_Healthy,0.48064202531943767
Cancer_vs_Healthy,0.18527029592018968
Cancer_vs_Healthy,0.9541599602290012
Cancer_vs_Healthy,0.8004669659170252
Cancer_vs_Healthy,0.8666033856805929
Cancer_vs_Healthy,0.05605316366700748
Cancer_vs_Healthy,2.969827507621523e-6
Cancer_vs_Healthy,0.9259519296727948
Cancer_vs_Healthy,0.9840927487770827
Cancer_vs_Healthy,0.8929795870181326
Cancer_vs_Healthy,0.0946853830809088
Cancer_vs_Healthy,0.9199414903538944
Cancer_vs_Healthy,0.3182906004080866
Cancer_vs_Healthy,0.9265852433547156
Cancer_vs_Healthy,0.6490515253137419
Cancer_vs_Healthy,0.9788480858353392
Cancer_vs_Healthy,0.6413343595216914
Cancer_vs_Healthy,0.9949346701174276
Cancer_vs_Healthy,0.9999999488397404
Cancer_vs_Healthy,0.8098547852976996
Cancer_vs_Healthy,3.746082464537187e-5
Cancer_vs_Healthy,0.9823934688582352
Cancer_vs_Healthy,0.994938953613412
Cancer_vs_Healthy,2.4167389915051283e-6
Cancer_vs_Healthy,0.9295826663247896
Cancer_vs_Healthy,0.2858681977772082
Cancer_vs_Healthy,0.9093858772633356
Cancer_vs_Healthy,0.9218918861992996
Cancer_vs_Healthy,0.6645574560775594
Cancer_vs_Healthy,0.622337283257755
Cancer_vs_Healthy,0.3813623489527205
Cancer_vs_Healthy,0.8800150018106825
Cancer_vs_Healthy,0.2076644353668131
Cancer_vs_Healthy,0.9577773949891536
Cancer_vs_Healthy,0.7211966510419051
Cancer_vs_Healthy,0.7518056689878048
Cancer_vs_Healthy,0.9798630760280774
Cancer_vs_Healthy,0.703690201541255
Cancer_vs_Healthy,0.9745467527783924
Cancer_vs_Healthy,0.6612576482589844
Cancer_vs_Healthy,0.2056263558603471
Cancer_vs_Healthy,0.7731729835871785
Cancer_vs_Healthy,0.997378853948847
Cancer_vs_Healthy,0.9872106022387022
Cancer_vs_Healthy,0.34801903902673476
Cancer_vs_Healthy,0.95008839128265
Cancer_vs_Healthy,0.7980147887524734
Cancer_vs_Healthy,0.9703604774695817
Cancer_vs_Healthy,0.6672190275875225
Cancer_vs_Healthy,0.72281120552124
Cancer_vs_Healthy,0.16625761919211646
Cancer_vs_Healthy,0.98858923748738
Cancer_vs_Healthy,0.4751536040438196
Cancer_vs_Healthy,0.8999173083825348
Cancer_vs_Healthy,0.9592203869322384
Cancer_vs_Healthy,5.472900284701848e-6
Cancer_vs_Healthy,0.9985041624577576
Cancer_vs_Healthy,0.2292531341992805
Cancer_vs_Healthy,0.9929110041382658
Cancer_vs_Healthy,0.9000665266067607
Cancer_vs_Healthy,0.2404372454537108
Cancer_vs_Healthy,0.6987559549112701
Cancer_vs_Healthy,0.8685967089592938
Cancer_vs_Healthy,0.9408352552801268
Cancer_vs_Healthy,0.32261838252483915
Cancer_vs_Healthy,0.9999999780907428
Cancer_vs_Healthy,0.00481472539240717
Cancer_vs_Healthy,0.05227233521875614
Cancer_vs_Healthy,0.23231871471070276
Cancer_vs_Healthy,2.5845673029259673e-7
Cancer_vs_Healthy,0.7058506242494107
Cancer_vs_Healthy,0.9754311275214786
Cancer_vs_Healthy,0.8949894408236396
Cancer_vs_Healthy,0.13620619118925026
Cancer_vs_Healthy,0.740117245689911
Cancer_vs_Healthy,3.856757428241703e-4
Cancer_vs_Healthy,3.301929905798762e-6
Cancer_vs_Healthy,0.4299139539472365
Cancer_vs_Healthy,9.150573814253903e-5
Cancer_vs_Healthy,0.02068953792800765
Cancer_vs_Healthy,0.5427426019753426
Cancer_vs_Healthy,0.9123654180492384
Cancer_vs_Healthy,0.6806792470189614
Cancer_vs_Healthy,0.8184753397246392
Cancer_vs_Healthy,0.6144532771091842
Cancer_vs_Healthy,0.4420581462790773
Cancer_vs_Healthy,0.9168513929842016
Cancer_vs_Healthy,0.7583396602911815
Cancer_vs_Healthy,0.09638349717590453
Cancer_vs_Healthy,0.5729894601559439
Cancer_vs_Healthy,0.2045315916215951
Cancer_vs_Healthy,0.4761492834038438
Cancer_vs_Healthy,0.1670894748009637
Cancer_vs_Healthy,0.5103410461933614
Cancer_vs_Healthy,0.1993134424188711
Cancer_vs_Healthy,0.55297870264267035
Cancer_vs_Healthy,0.17939987268005733
Cancer_vs_Healthy,0.12616703844333754
Cancer_vs_Healthy,1.575422046908855e-14
Cancer_vs_Healthy,7.754772094517768e-10
Cancer_vs_Healthy,0.9642883896225752
Cancer_vs_Healthy,0.5616868508800297
Cancer_vs_Healthy,0.04641725421418645
Cancer_vs_Healthy,0.9860707824306983
Cancer_vs_Healthy,0.9991392375762288
Cancer_vs_Healthy,0.6823757048593505
Cancer_vs_Healthy,7.781596745165996e-4
Cancer_vs_Healthy,0.11770987302210333
Cancer_vs_Healthy,0.862779036724077
Cancer_vs_Healthy,0.14590857269813096
Cancer_vs_Healthy,0.5852578568505985
Cancer_vs_Healthy,0.36940287711917064
Cancer_vs_Healthy,0.4099238971731019
Cancer_vs_Healthy,0.817741411838662
Cancer_vs_Healthy,0.9164468361661487
Cancer_vs_Healthy,0.7909342632313409
Cancer_vs_Healthy,0.00446342505407777
Cancer_vs_Healthy,0.5006931537999623
Cancer_vs_Healthy,4.004801430922327e-5
Cancer_vs_Healthy,0.6911772420574084
Cancer_vs_Healthy,0.7900439763407785
Cancer_vs_Healthy,0.559659572943345
Cancer_vs_Healthy,0.9805815318107616
Cancer_vs_Healthy,0.999999707362894
Cancer_vs_Healthy,0.511018855756205
Cancer_vs_Healthy,0.8402221223315489
Cancer_vs_Healthy,0.9617343790200074
Cancer_vs_Healthy,7.018023535224554e-12
Cancer_vs_Healthy,0.9122670255668902
Cancer_vs_Healthy,0.17047412871066012
Cancer_vs_Healthy,0.33623256319045774
Cancer_vs_Healthy,0.9026193497291796
Cancer_vs_Healthy,0.4449627718757801
Cancer_vs_Healthy,0.9589869677283506
Cancer_vs_Healthy,0.9160136149749972
Cancer_vs_Healthy,0.9950256116935892
Cancer_vs_Healthy,0.5995830747912406
Cancer_vs_Healthy,1.0877700262478687e-7
Cancer_vs_Healthy,9.48723366762851e-5
Cancer_vs_Healthy,0.14505948932830212
Cancer_vs_Healthy,0.8111901078982513
Cancer_vs_Healthy,0.974237052416634
Cancer_vs_Healthy,0.7153668205600543
Cancer_vs_Healthy,0.00571385644236247
Cancer_vs_Healthy,0.9979150448329506
Cancer_vs_Healthy,0.40137720926294473
Cancer_vs_Healthy,0.9804708978127448
Cancer_vs_Healthy,0.9883684564615522
Cancer_vs_Healthy,0.48006091762208913
Cancer_vs_Healthy,4.677087918606483e-4
Cancer_vs_Healthy,0.08223794455684978
Cancer_vs_Healthy,0.19594939952807305
Cancer_vs_Healthy,0.9757949866484048
Cancer_vs_Healthy,0.00263777684851173
Cancer_vs_Healthy,0.1939833572352744
Cancer_vs_Healthy,0.6060613544458173
Cancer_vs_Healthy,0.1728361728530228
Cancer_vs_Healthy,0.8154062153773952
Cancer_vs_Healthy,0.4090653044061952
Cancer_vs_Healthy,6.765942268850259e-5
Cancer_vs_Healthy,0.8830577109546992
Cancer_vs_Healthy,0.14623926359619208
Cancer_vs_Healthy,0.9872500669152318
Cancer_vs_Healthy,0.955343961521694
Cancer_vs_Healthy,0.4384877099706028
Cancer_vs_Healthy,0.7379770278584098
Cancer_vs_Healthy,0.9774686287586112
Cancer_vs_Healthy,0.9911600385291832
Cancer_vs_Healthy,0.8208809275730758
Cancer_vs_Healthy,0.4725470330294999
Cancer_vs_Healthy,0.02363834517233531
Cancer_vs_Healthy,0.3750315018637741
Cancer_vs_Healthy,0.5348490945062901
Cancer_vs_Healthy,0.3475828489741476
Cancer_vs_Healthy,0.9946916964847726
Cancer_vs_Healthy,0.9945945779933852
Cancer_vs_Healthy,0.34677955370464314
Cancer_vs_Healthy,0.9182726415438632
Cancer_vs_Healthy,0.8807889480084534
Cancer_vs_Healthy,0.948515955271942
Cancer_vs_Healthy,0.8770009373337525
Cancer_vs_Healthy,0.9800645485001463
Cancer_vs_Healthy,0.6935922173160279
Cancer_vs_Healthy,0.5662950591171865
Cancer_vs_Healthy,0.3687094909573856
Cancer_vs_Healthy,0.7169209767914582
Cancer_vs_Healthy,0.05283985552849848
Cancer_vs_Healthy,0.9230143934454474
Cancer_vs_Healthy,0.01679827736231885
Cancer_vs_Healthy,0.3806104326045591
Cancer_vs_Healthy,0.7471505657628436
Cancer_vs_Healthy,0.7927337709271567
Cancer_vs_Healthy,0.8878739972229858
Cancer_vs_Healthy,2.29469499415763e-13
Cancer_vs_Healthy,0.13700970166321613
Cancer_vs_Healthy,0.00684438229782899
Cancer_vs_Healthy,0.6550385193973309
Cancer_vs_Healthy,0.8868789175283806
Cancer_vs_Healthy,0.90706977619353
Cancer_vs_Healthy,0.31921033676994004
Cancer_vs_Healthy,0.07056878872905852
Cancer_vs_Healthy,0.0310305687798552
Cancer_vs_Healthy,0.01407089398018907
Cancer_vs_Healthy,0.9400346481339008
Cancer_vs_Healthy,0.9950214891361
Cancer_vs_Healthy,0.9028710806945518
Cancer_vs_Healthy,0.02774709713014459
Cancer_vs_Healthy,0.4615282068520959
Cancer_vs_Healthy,0.6423458585498459
Cancer_vs_Healthy,0.987950956631378
Cancer_vs_Healthy,0.921949749014774
Cancer_vs_Healthy,0.9404040292704524
Cancer_vs_Healthy,0.41329725088184766
Cancer_vs_Healthy,1.0530730290551684e-4
Cancer_vs_Healthy,0.00433573267259263
Cancer_vs_Healthy,0.9946461780590556
Cancer_vs_Healthy,0.5440770302847416
Cancer_vs_Healthy,2.683769216064895e-4
Cancer_vs_Healthy,0.9823222859426298
Cancer_vs_Healthy,2.2925473438140497e-4
Cancer_vs_Healthy,0.1738088217358417
Cancer_vs_Healthy,0.20320180741600585
Cancer_vs_Healthy,8.485606461034321e-6
Cancer_vs_Healthy,0.7674130715924876
Cancer_vs_Healthy,0.18569778867933212
Cancer_vs_Healthy,0.02119582544708733
Cancer_vs_Healthy,0.7084991452091027
Cancer_vs_Healthy,0.37442593044512634
Cancer_vs_Healthy,9.817463751969325e-4
Cancer_vs_Healthy,0.01261290082414297
Cancer_vs_Healthy,0.25787957666337485
Cancer_vs_Healthy,0.5709920042804293
Cancer_vs_Healthy,0.8516612095938318
Cancer_vs_Healthy,0.8784925298247744
Cancer_vs_Healthy,0.2256355395110568
Cancer_vs_Healthy,0.07924364472878363
Cancer_vs_Healthy,0.8517381440448464
Cancer_vs_Healthy,0.8651001117227523
Cancer_vs_Healthy,4.7260924681237666e-4
Cancer_vs_Healthy,0.9801799699155432
Cancer_vs_Healthy,0.3140478208012005
Cancer_vs_Healthy,0.2896353356979052
Cancer_vs_Healthy,0.9991815721716772
Cancer_vs_Healthy,0.8070592684585585
Cancer_vs_Healthy,0.9905264400784956
Cancer_vs_Healthy,1.4423647913563772e-10
Cancer_vs_Healthy,0.9829732277843086
Cancer_vs_Healthy,0.26998460375081734
Cancer_vs_Healthy,0.4872682826450838
Cancer_vs_Healthy,0.9120460964806584
Cancer_vs_Healthy,0.2077550970600624
Cancer_vs_Healthy,0.02575677920103858
Cancer_vs_Healthy,0.9093782810546598
Cancer_vs_Healthy,0.9035510449069308
Cancer_vs_Healthy,0.02048215478916958
Cancer_vs_Healthy,0.9912440233087556
Cancer_vs_Healthy,0.00117012982966387
Cancer_vs_Healthy,0.40544653774829137
Cancer_vs_Healthy,0.00224982458154471
Cancer_vs_Healthy,0.4506680491924891
Cancer_vs_Healthy,1.0080701074895346e-9
Cancer_vs_Healthy,0.5869399587571529
Cancer_vs_Healthy,0.49217283660455097
Cancer_vs_Healthy,0.5747499406465317
Cancer_vs_Healthy,0.818784447042302
Cancer_vs_Healthy,0.49598629719288745
Cancer_vs_Healthy,0.9936394729397572
Cancer_vs_Healthy,0.3808142846661106
Cancer_vs_Healthy,3.124132446196107e-6
Cancer_vs_Healthy,0.4791888753997906
Cancer_vs_Healthy,0.7926732016982191
Cancer_vs_Healthy,2.1980339255140883e-9
Cancer_vs_Healthy,0.9107606627422158
Cancer_vs_Healthy,0.992921130704356
Cancer_vs_Healthy,0.7953274785402644
Cancer_vs_Healthy,0.96519927558489
Cancer_vs_Healthy,0.9963435832848404
Cancer_vs_Healthy,0.6988074238081708
Cancer_vs_Healthy,0.00166215727395925
Cancer_vs_Healthy,2.4505748800773174e-23
Cancer_vs_Healthy,0.00174877673792331
Cancer_vs_Healthy,0.27075834109911967
Cancer_vs_Healthy,0.9309994176313608
Cancer_vs_Healthy,0.9580801138957088
Cancer_vs_Healthy,0.7888988516209761
Cancer_vs_Healthy,0.00152183129463323
Cancer_vs_Healthy,0.107837926642265
Cancer_vs_Healthy,0.8792535556663417
Cancer_vs_Healthy,0.9411146377287612
Cancer_vs_Healthy,0.7228903528315996
Cancer_vs_Healthy,0.8008180627637758
Cancer_vs_Healthy,0.5083064364129194
Cancer_vs_Healthy,0.04171552930860199
Cancer_vs_Healthy,0.434924155682611
Cancer_vs_Healthy,0.8125465383337123
Cancer_vs_Healthy,0.5929879195718898
Cancer_vs_Healthy,0.9580353060306084
Cancer_vs_Healthy,0.7134652551097742
Cancer_vs_Healthy,0.5857850540761489
Cancer_vs_Healthy,0.3941806337427134
Cancer_vs_Healthy,0.8874355211414888
Cancer_vs_Healthy,0.992617045662403
Cancer_vs_Healthy,0.7933286402332717
Cancer_vs_Healthy,0.9715776226829927
Cancer_vs_Healthy,0.5821421604358696
Cancer_vs_Healthy,0.5282603495574373
Cancer_vs_Healthy,0.8454003584812414
Cancer_vs_Healthy,0.8245518703049503
Cancer_vs_Healthy,0.9845474021349432
Cancer_vs_Healthy,0.8872262624908944
Cancer_vs_Healthy,0.8835909580249391
Cancer_vs_Healthy,0.6612933942840505
Cancer_vs_Healthy,0.1068657175683588
Cancer_vs_Healthy,1.5070890617659211e-5
Cancer_vs_Healthy,0.31601196435339596
Cancer_vs_Healthy,8.754136546029375e-4
Cancer_vs_Healthy,0.17391639277814153
Cancer_vs_Healthy,9.149777017000896e-11
Cancer_vs_Healthy,0.6340294917291659
Cancer_vs_Healthy,0.4919995175596248
Cancer_vs_Healthy,0.6244936264846761
Cancer_vs_Healthy,0.31362874021052634
Cancer_vs_Healthy,1.275225959676153e-12
Cancer_vs_Healthy,0.00286004672581399
Cancer_vs_Healthy,0.4750831040915504
Cancer_vs_Healthy,0.05853389654125136
Cancer_vs_Healthy,0.181148953424546
Cancer_vs_Healthy,0.39856517226858873
Cancer_vs_Healthy,0.7743412758144008
Cancer_vs_Healthy,0.47585492809666896
Cancer_vs_Healthy,0.95423308788653
Cancer_vs_Healthy,0.99016267847127
Cancer_vs_Healthy,0.9064545317893156
Cancer_vs_Healthy,0.9327326062035076
Cancer_vs_Healthy,0.8480230935640649
Cancer_vs_Healthy,0.9258374008464928
Cancer_vs_Healthy,0.8610870654507384
Cancer_vs_Healthy,0.4397149731747711
Cancer_vs_Healthy,4.8787207932690574e-17
Cancer_vs_Healthy,0.1672366661340157
Cancer_vs_Healthy,0.784425168049607
Cancer_vs_Healthy,0.6782345673904931
Cancer_vs_Healthy,1.3809429859607356e-8
Cancer_vs_Healthy,0.6516772187680677
Cancer_vs_Healthy,0.979356670289176
Cancer_vs_Healthy,0.9669822902686463
Cancer_vs_Healthy,0.9700140681943864
Cancer_vs_Healthy,0.1808924329056506
Cancer_vs_Healthy,0.08654683205887234
Cancer_vs_Healthy,0.4380247337583321
Cancer_vs_Healthy,0.3329369923486411
Cancer_vs_Healthy,0.00145631339306352
Cancer_vs_Healthy,0.9377718635202624
Cancer_vs_Healthy,0.5431567525493315
Cancer_vs_Healthy,0.9536994037362788
Cancer_vs_Healthy,0.00138463060954572
Cancer_vs_Healthy,0.9944986931245834
Cancer_vs_Healthy,0.7959479877876612
Cancer_vs_Healthy,0.9302411945830978
Cancer_vs_Healthy,0.9519904681863224
Cancer_vs_Healthy,0.9511271391776224
Cancer_vs_Healthy,0.975237338039814
Cancer_vs_Healthy,0.07821166006637148
Cancer_vs_Healthy,0.7242079851947343
Cancer_vs_Healthy,0.5279855813456726
Cancer_vs_Healthy,0.8837139449920888
Cancer_vs_Healthy,0.14521418825356094
Cancer_vs_Healthy,0.8303859202849244
Cancer_vs_Healthy,6.802723959411939e-8
Cancer_vs_Healthy,0.9905940759028816
Cancer_vs_Healthy,0.303630686137065
Cancer_vs_Healthy,0.9988716657616644
Cancer_vs_Healthy,0.7812380282816198
Cancer_vs_Healthy,6.784041589684964e-4
Cancer_vs_Healthy,0.4185806367301955
Cancer_vs_Healthy,7.839323857920563e-12
Cancer_vs_Healthy,0.9484987077709044
Cancer_vs_Healthy,0.6731947665943884
Cancer_vs_Healthy,0.852409632960955
Cancer_vs_Healthy,0.9947313781094528
Cancer_vs_Healthy,0.8860653462527115
Cancer_vs_Healthy,0.959185718291338
Cancer_vs_Healthy,7.29545781572834e-6
Cancer_vs_Healthy,0.751939996221355
Cancer_vs_Healthy,0.117047635547978
Cancer_vs_Healthy,0.9967779586311694
Cancer_vs_Healthy,0.875892856462232
Cancer_vs_Healthy,1.0266013327403183e-13
Cancer_vs_Healthy,0.15750729371690905
Cancer_vs_Healthy,0.564762054153613
Cancer_vs_Healthy,0.7909431795632587
Cancer_vs_Healthy,0.9465097564261972
Cancer_vs_Healthy,0.6748785485561609
Cancer_vs_Healthy,0.6229145072948997
Cancer_vs_Healthy,0.20533798116072996
Cancer_vs_Healthy,0.01929042008336279
Cancer_vs_Healthy,0.919881773555027
Cancer_vs_Healthy,0.2821401960123332
Cancer_vs_Healthy,0.17201279382140866
Cancer_vs_Healthy,0.00148437245891806
Cancer_vs_Healthy,0.2689447482722144
Cancer_vs_Healthy,0.03059314450200613
Cancer_vs_Healthy,0.9453510006432628
Cancer_vs_Healthy,0.08934210396699592
Cancer_vs_Healthy,0.00984595136815473
Cancer_vs_Healthy,0.9941001108816808
Cancer_vs_Healthy,0.3754301078395024
Cancer_vs_Healthy,6.522124137382412e-5
Cancer_vs_Healthy,0.7710053981266021
Cancer_vs_Healthy,0.864168277876754
Cancer_vs_Healthy,0.7873167715359929
Cancer_vs_Healthy,0.4593111898419948
Cancer_vs_Healthy,0.9961220514162124
Cancer_vs_Healthy,0.10134951851103126
Cancer_vs_Healthy,0.9104698384056048
Cancer_vs_Healthy,0.9934903346964692
Cancer_vs_Healthy,0.3666767666253735
Cancer_vs_Healthy,0.9957886958074036
Cancer_vs_Healthy,0.952638280011218
Cancer_vs_Healthy,0.6291576700298019
Cancer_vs_Healthy,0.9160582711456224
Cancer_vs_Healthy,0.34111640476619204
Cancer_vs_Healthy,0.6619533794265593
Cancer_vs_Healthy,0.19483642341947097
Cancer_vs_Healthy,0.40761901974508385
Cancer_vs_Healthy,0.9767041567607456
Cancer_vs_Healthy,7.809574046997346e-8
Cancer_vs_Healthy,1.7685104912212324e-5
Cancer_vs_Healthy,0.7603345371877891
Cancer_vs_Healthy,0.8978429957845825
Cancer_vs_Healthy,0.28911019020322676
Cancer_vs_Healthy,0.7672817468437196
Cancer_vs_Healthy,0.6126514950962705
Cancer_vs_Healthy,1.2644428877880678e-5
Cancer_vs_Healthy,0.9848540231192162
Cancer_vs_Healthy,0.3805770079185216
Cancer_vs_Healthy,0.00135381770360765
Cancer_vs_Healthy,0.83933130650788
Cancer_vs_Healthy,0.9991871172643868
Cancer_vs_Healthy,1.408043351075291e-6
Cancer_vs_Healthy,0.12571152033428784
Cancer_vs_Healthy,0.04856837808707721
Cancer_vs_Healthy,0.12182938707284664
Cancer_vs_Healthy,0.03022004366632213
Cancer_vs_Healthy,1.3947998048098504e-6
Cancer_vs_Healthy,0.2424955143733674
Cancer_vs_Healthy,0.26464639972157017
Cancer_vs_Healthy,2.932677465273109e-9
Cancer_vs_Healthy,0.689818441374873
Cancer_vs_Healthy,0.19228838066715737
Cancer_vs_Healthy,0.2273634585123019
Cancer_vs_Healthy,0.9990668327747996
Cancer_vs_Healthy,0.44434519658065874
Cancer_vs_Healthy,0.9809802491164992
Cancer_vs_Healthy,0.0843018662827567
Cancer_vs_Healthy,8.841794574756734e-5
Cancer_vs_Healthy,0.677157149757755
Cancer_vs_Healthy,0.08806502812238211
Cancer_vs_Healthy,0.13104300283025225
Cancer_vs_Healthy,5.7624261512995696e-5
Cancer_vs_Healthy,0.5100850996597545
Cancer_vs_Healthy,0.9983470079327118
Cancer_vs_Healthy,0.43588945435027976
Cancer_vs_Healthy,0.9985467817604884
Cancer_vs_Healthy,0.6137705039889007
Cancer_vs_Healthy,0.914135979389486
Cancer_vs_Healthy,0.5978431411995835
Cancer_vs_Healthy,0.6093521494581026
Cancer_vs_Healthy,0.9983144972759628
Cancer_vs_Healthy,0.8854281216565606
Cancer_vs_Healthy,0.9753428737126052
Cancer_vs_Healthy,0.7740589308671819
Cancer_vs_Healthy,0.00346341126375394
Cancer_vs_Healthy,0.0793344326357343
Cancer_vs_Healthy,0.2400406045896944
Cancer_vs_Healthy,1.976617432252828e-8
Cancer_vs_Healthy,0.8395099150368501
Cancer_vs_Healthy,0.38311159076777146
Cancer_vs_Healthy,0.8573278216438845
Cancer_vs_Healthy,0.9089789247653604
Cancer_vs_Healthy,0.07441554339969443
Cancer_vs_Healthy,0.9760122213891732
Cancer_vs_Healthy,0.99913023260963
Cancer_vs_Healthy,0.9883458451083628
Cancer_vs_Healthy,0.04379261708230629
Cancer_vs_Healthy,0.00171077277580005
Cancer_vs_Healthy,0.0044746500144956
Cancer_vs_Healthy,0.00494167685260165
Cancer_vs_Healthy,0.46689387887154576
Cancer_vs_Healthy,0.9862029362924628
Cancer_vs_Healthy,0.8478706114763094
Cancer_vs_Healthy,0.6500464152167639
Cancer_vs_Healthy,0.7872666844958878
Cancer_vs_Healthy,1.9649557714668313e-4
Cancer_vs_Healthy,0.9227456522117652
Cancer_vs_Healthy,7.210760912507272e-4
Cancer_vs_Healthy,0.9936687646087844
Cancer_vs_Healthy,0.01836240930230625
Cancer_vs_Healthy,0.31879404850567034
Cancer_vs_Healthy,0.9126313763721924
Cancer_vs_Healthy,0.07634961599440232
Cancer_vs_Healthy,0.8802046855657317
Cancer_vs_Healthy,0.04105034038172319
Cancer_vs_Healthy,0.789422393847063
Cancer_vs_Healthy,0.6960800713383296
Cancer_vs_Healthy,0.2655179200746148
Cancer_vs_Healthy,0.02386997080939312
Cancer_vs_Healthy,0.9818009989414126
Cancer_vs_Healthy,0.01779881148508651
Cancer_vs_Healthy,0.7434019633360761
Cancer_vs_Healthy,0.03665683617741661
Cancer_vs_Healthy,0.9610655912341758
Cancer_vs_Healthy,0.519990165018279
Cancer_vs_Healthy,0.3510917983688479
Cancer_vs_Healthy,0.7393290231383186
Cancer_vs_Healthy,2.237428721646335e-4
Cancer_vs_Healthy,0.971875735341744
Cancer_vs_Healthy,0.867885970932166
Cancer_vs_Healthy,0.01665523451506879
Cancer_vs_Healthy,0.2757567475616322
Cancer_vs_Healthy,2.1671408577079556e-4
Cancer_vs_Healthy,5.576940993827488e-10
Cancer_vs_Healthy,0.998934177621968
Cancer_vs_Healthy,0.0291846304399176
Cancer_vs_Healthy,0.28361136594489095
Cancer_vs_Healthy,0.794653423107332
Cancer_vs_Healthy,0.9544185275722984
Cancer_vs_Healthy,0.4540790146051002
Cancer_vs_Healthy,0.9006444885064872
Cancer_vs_Healthy,0.95348861324617
Cancer_vs_Healthy,0.6327949942756943
Cancer_vs_Healthy,0.9127156442542592
Cancer_vs_Healthy,0.4260323009757935
Cancer_vs_Healthy,0.958653868476096
Cancer_vs_Healthy,0.5237885383764972
Cancer_vs_Healthy,0.9999167869681036
Cancer_vs_Healthy,0.9958976603200764
Cancer_vs_Healthy,0.9549351009492164
Cancer_vs_Healthy,0.00536435319542645
Cancer_vs_Healthy,0.9577065046024054
Cancer_vs_Healthy,0.13680851752309223
Cancer_vs_Healthy,0.02778678665915061
Cancer_vs_Healthy,0.4520436239211795
Cancer_vs_Healthy,0.19745037616906536
Cancer_vs_Healthy,0.12149488079501468
Cancer_vs_Healthy,0.45751919793577905
Cancer_vs_Healthy,0.9679642149134828
Cancer_vs_Healthy,0.4050421329702062
Cancer_vs_Healthy,0.9320020667938276
Cancer_vs_Healthy,2.0653652609569714e-6
Cancer_vs_Healthy,0.01577010189359027
Cancer_vs_Healthy,0.6953346213986772
Cancer_vs_Healthy,0.5375499561422203
Cancer_vs_Healthy,0.00497322456281062
Cancer_vs_Healthy,0.01733497838160951
Cancer_vs_Healthy,0.9951731914543576
Cancer_vs_Healthy,0.8875114239157597
Cancer_vs_Healthy,0.33938556817707755
Cancer_vs_Healthy,0.17932953484429892
Cancer_vs_Healthy,0.46461397650689834
Cancer_vs_Healthy,0.9018823830849751
Cancer_vs_Healthy,0.13116445220909137
Cancer_vs_Healthy,0.6484591880380194
Cancer_vs_Healthy,0.2863703922992631
Cancer_vs_Healthy,0.7824372800147084
Cancer_vs_Healthy,0.5846902933971471
Cancer_vs_Healthy,0.9858804972496478
Cancer_vs_Healthy,0.29198825146347357
Cancer_vs_Healthy,0.47956417060059126
Cancer_vs_Healthy,0.950558127269951
Cancer_vs_Healthy,0.9418112268834123
Cancer_vs_Healthy,6.220929674394661e-6
Cancer_vs_Healthy,0.4275045600771943
Cancer_vs_Healthy,0.8789679054987566
Cancer_vs_Healthy,0.11805235093007646
Cancer_vs_Healthy,0.9646096014343096
Cancer_vs_Healthy,0.3128016098502023
Cancer_vs_Healthy,0.260918521702775
Cancer_vs_Healthy,0.9149637519477798
Cancer_vs_Healthy,0.02665130331858114
Cancer_vs_Healthy,0.3726786670387965
Cancer_vs_Healthy,0.6201413973321263
Cancer_vs_Healthy,0.05508258352653034
Cancer_vs_Healthy,0.33720149867481136
Cancer_vs_Healthy,0.3005905290625137
Cancer_vs_Healthy,0.9986591315115988
Cancer_vs_Healthy,0.9777572535275908
Cancer_vs_Healthy,0.9473344096636518
Cancer_vs_Healthy,0.8312665322533548
Cancer_vs_Healthy,0.5144157146009701
Cancer_vs_Healthy,0.9755469977490648
Cancer_vs_Healthy,0.0445901362877221
Cancer_vs_Healthy,0.6625092096106302
Cancer_vs_Healthy,0.1938167972307514
Cancer_vs_Healthy,0.9685641782356912
Cancer_vs_Healthy,0.9164140106149506
Cancer_vs_Healthy,0.5146385905335137
Cancer_vs_Healthy,0.60900790936556215
Cancer_vs_Healthy,0.7209885877105242
Cancer_vs_Healthy,0.03983498456754784
Cancer_vs_Healthy,0.8260861090461321
Cancer_vs_Healthy,0.9826609211923472
Cancer_vs_Healthy,5.800776325078727e-5
Cancer_vs_Healthy,1.124658494883653e-4
Cancer_vs_Healthy,0.17978847112901397
Cancer_vs_Healthy,0.5968988037149269
Cancer_vs_Healthy,0.05306728090176518
Cancer_vs_Healthy,0.3578073221580548
Cancer_vs_Healthy,0.9997146139990408
Cancer_vs_Healthy,0.8184919561934508
Cancer_vs_Healthy,0.445563408832244
Cancer_vs_Healthy,8.816928153362578e-6
Cancer_vs_Healthy,0.921002191404927
Cancer_vs_Healthy,0.5433868471278496
Cancer_vs_Healthy,0.9996781953877948
Cancer_vs_Healthy,6.1292503641969e-7
Cancer_vs_Healthy,0.9999884935514048
Cancer_vs_Healthy,0.9431661322691466
Cancer_vs_Healthy,0.4815245669860118
Cancer_vs_Healthy,0.987863015455946
Cancer_vs_Healthy,0.02263523016852031
Cancer_vs_Healthy,5.122079513952735e-5
Cancer_vs_Healthy,0.04053415603603908
Cancer_vs_Healthy,0.259453514421515
Cancer_vs_Healthy,0.4883597975675198
Cancer_vs_Healthy,0.5476026368662209
Cancer_vs_Healthy,0.8721151759228973
Cancer_vs_Healthy,0.8329989279726595
Cancer_vs_Healthy,0.6058419281148536
Cancer_vs_Healthy,0.00128937269450078
Cancer_vs_Healthy,1.7205393183979413e-4
Cancer_vs_Healthy,0.01735651060180069
Cancer_vs_Healthy,0.9599442961486644
Cancer_vs_Healthy,0.9911119630043236
Cancer_vs_Healthy,0.14041827874203822
Cancer_vs_Healthy,0.9997709478442044
Cancer_vs_Healthy,0.48572465968224526
Cancer_vs_Healthy,0.4234266616242585
Cancer_vs_Healthy,0.9488507614781936
Cancer_vs_Healthy,0.01663835043465359
Cancer_vs_Healthy,0.02155698286474255
Cancer_vs_Healthy,0.6063545363840895
Cancer_vs_Healthy,0.8841660830522216
Cancer_vs_Healthy,0.12352103481004433
Cancer_vs_Healthy,0.289487715433151
Cancer_vs_Healthy,0.4715048971394627
Cancer_vs_Healthy,0.22893110151962184
Cancer_vs_Healthy,0.19419267012531335
Cancer_vs_Healthy,0.9304402872412176
Cancer_vs_Healthy,0.9963062665308248
Cancer_vs_Healthy,0.4641803530448957
Cancer_vs_Healthy,0.5896598954534843
Cancer_vs_Healthy,0.8192819856558915
Cancer_vs_Healthy,0.9184147346725487
Cancer_vs_Healthy,0.00479778146878193
Cancer_vs_Healthy,6.872737767214614e-5
Cancer_vs_Healthy,0.0219280333101877
Cancer_vs_Healthy,0.6600714026146556
Cancer_vs_Healthy,0.9637982024917884
Cancer_vs_Healthy,0.2871466191707184
Cancer_vs_Healthy,0.9058151114724045
Cancer_vs_Healthy,0.955402326065602
Cancer_vs_Healthy,0.7674252824728544
Cancer_vs_Healthy,0.935653405436404
Cancer_vs_Healthy,0.03642116064027405
Cancer_vs_Healthy,0.975795625920813
Cancer_vs_Healthy,0.05233473595682975
Cancer_vs_Healthy,0.2262200792511933
Cancer_vs_Healthy,0.8119060116561266
Cancer_vs_Healthy,0.88584284047478
Cancer_vs_Healthy,0.2336602041370564
Cancer_vs_Healthy,0.9853017026620644
Cancer_vs_Healthy,0.6718911493311894
Cancer_vs_Healthy,1.5373818781185914e-9
Cancer_vs_Healthy,1.0975508504899692e-4
Cancer_vs_Healthy,0.2591089846326842
Cancer_vs_Healthy,0.8151537052648974
Cancer_vs_Healthy,0.9970356303680052
Cancer_vs_Healthy,0.4373155645647102
Cancer_vs_Healthy,0.989864183987349
Cancer_vs_Healthy,0.6051696300720611
Cancer_vs_Healthy,0.6429066281910598
Cancer_vs_Healthy,0.02557870782894993
Cancer_vs_Healthy,0.03016632496649405
Cancer_vs_Healthy,0.16871514418633304
Cancer_vs_Healthy,0.9816414445808772
Cancer_vs_Healthy,0.9132144448240078
Cancer_vs_Healthy,0.00151656967350257
Cancer_vs_Healthy,0.8191764679163803
Cancer_vs_Healthy,0.6768394864818216
Cancer_vs_Healthy,0.4646121278829654
Cancer_vs_Healthy,0.989082514712638
Cancer_vs_Healthy,0.1326783685099867
Cancer_vs_Healthy,0.9235712579057594
Cancer_vs_Healthy,8.225157767295964e-8
Cancer_vs_Healthy,0.22270405804997823
Cancer_vs_Healthy,0.5058284374572921
Cancer_vs_Healthy,0.11371858280567788
Cancer_vs_Healthy,0.9987044242335428
Cancer_vs_Healthy,0.901184540765196
Cancer_vs_Healthy,0.5202282196510187
Cancer_vs_Healthy,0.00778223063282374
Cancer_vs_Healthy,0.08382311473006365
Cancer_vs_Healthy,0.5559735494923371
Cancer_vs_Healthy,0.12687341134334745
Cancer_vs_Healthy,0.04329299647985221
Cancer_vs_Healthy,0.9821756616915098
Cancer_vs_Healthy,0.8059618045313831
Cancer_vs_Healthy,0.99125560819914
Cancer_vs_Healthy,0.9027538336926084
Cancer_vs_Healthy,0.17443621723268993
Cancer_vs_Healthy,0.6180055135590902
Cancer_vs_Healthy,3.4538308937446065e-10
Cancer_vs_Healthy,0.9546786443399188
Cancer_vs_Healthy,0.9820772681520464
Cancer_vs_Healthy,0.940840281760916
Cancer_vs_Healthy,0.09662387930986983
Cancer_vs_Healthy,0.6002527921565829
Cancer_vs_Healthy,1.957013121964052e-4
Cancer_vs_Healthy,0.06008984428745898
Cancer_vs_Healthy,0.48197885650943806
Cancer_vs_Healthy,0.8381991107152795
Cancer_vs_Healthy,0.9517777748524472
Cancer_vs_Healthy,0.2227702688190005
Cancer_vs_Healthy,0.3028623487584827
Cancer_vs_Healthy,0.9984778559475574
Cancer_vs_Healthy,0.7685251061837719
Cancer_vs_Healthy,0.6940892733764031
Cancer_vs_Healthy,0.501658065315817
Cancer_vs_Healthy,0.9447238597983902
Cancer_vs_Healthy,0.01928689037684763
Cancer_vs_Healthy,0.7132231230667008
Cancer_vs_Healthy,0.06482510218239457
Cancer_vs_Healthy,0.30057624646953224
Cancer_vs_Healthy,0.1585405293226629
Cancer_vs_Healthy,0.07610002749632995
Cancer_vs_Healthy,0.7458547746664442
Cancer_vs_Healthy,0.8307478066408491
Cancer_vs_Healthy,0.05734017125545528
Cancer_vs_Healthy,0.12272405125600992
Cancer_vs_Healthy,0.9840258978343
Cancer_vs_Healthy,0.5948310863490296
Cancer_vs_Healthy,0.7897524102580267
Cancer_vs_Healthy,0.9927999364668711
Cancer_vs_Healthy,0.0922060581558276
Cancer_vs_Healthy,0.30782458653618106
Cancer_vs_Healthy,0.06251649703785958
Cancer_vs_Healthy,0.8047164438109714
Cancer_vs_Healthy,0.7024440349649111
Cancer_vs_Healthy,0.3531625139128947
Cancer_vs_Healthy,0.7827272965070369
Cancer_vs_Healthy,0.00466003741524012
Cancer_vs_Healthy,0.9334867557432528
Cancer_vs_Healthy,0.13686756686549792
Cancer_vs_Healthy,0.8194633079349222
Cancer_vs_Healthy,0.20177489341988156
Cancer_vs_Healthy,0.00672117605280402
Cancer_vs_Healthy,0.2647785694301083
Cancer_vs_Healthy,0.862902368826277
Cancer_vs_Healthy,0.08011824442940486
Cancer_vs_Healthy,0.981250570237629
Cancer_vs_Healthy,0.5940591056940695
Cancer_vs_Healthy,0.8442011054764709
Cancer_vs_Healthy,0.3484503661410966
Cancer_vs_Healthy,1.881461639944498e-9
Cancer_vs_Healthy,0.9997494104887772
Cancer_vs_Healthy,0.00706409787660841
Cancer_vs_Healthy,4.497188298689183e-7
Cancer_vs_Healthy,0.5737155506557898
Cancer_vs_Healthy,0.9966757007555856
Cancer_vs_Healthy,0.4525902755567782
Cancer_vs_Healthy,0.9439062600755465
Cancer_vs_Healthy,0.07405828982888898
Cancer_vs_Healthy,0.7347807852509489
Cancer_vs_Healthy,4.586773293847052e-4
Cancer_vs_Healthy,0.30992598147127964
Cancer_vs_Healthy,0.5831987305750125
Cancer_vs_Healthy,0.7779972271675586
Cancer_vs_Healthy,0.8921455504281276
Cancer_vs_Healthy,1.633046313675228e-4
Cancer_vs_Healthy,3.2807862813708615e-5
Cancer_vs_Healthy,0.6776543467349075
Cancer_vs_Healthy,0.0568474377730686
Cancer_vs_Healthy,0.07415801376227836
Cancer_vs_Healthy,0.94491580211372606
Cancer_vs_Healthy,0.9577024041478732
Cancer_vs_Healthy,0.01599293492577124
Cancer_vs_Healthy,0.06880821107421042
Cancer_vs_Healthy,0.718940600146614
Cancer_vs_Healthy,0.3323292352217964
Cancer_vs_Healthy,0.9785804464838104
Cancer_vs_Healthy,0.8479595714693232
Cancer_vs_Healthy,0.9899992527559373
Cancer_vs_Healthy,0.9398536517825988
Cancer_vs_Healthy,0.0951667874458786
Cancer_vs_Healthy,0.9562076770646424
Cancer_vs_Healthy,4.747042348538358e-4
Cancer_vs_Healthy,0.5501795601674175
Cancer_vs_Healthy,0.02255966012980168
Cancer_vs_Healthy,0.7632795924482948
Cancer_vs_Healthy,0.3819051100532968
Cancer_vs_Healthy,0.8988564723065764
Cancer_vs_Healthy,0.9409735507262528
Cancer_vs_Healthy,0.849721863016641
Cancer_vs_Healthy,0.8490303062687109
Cancer_vs_Healthy,0.06264977397857949
Cancer_vs_Healthy,0.8298086024924362
Cancer_vs_Healthy,0.5657222698346437
Cancer_vs_Healthy,0.9852078774966296
Cancer_vs_Healthy,0.995153839967346
Cancer_vs_Healthy,0.970214838838658
Cancer_vs_Healthy,0.8320123281352929
Cancer_vs_Healthy,0.9840701527773444
Cancer_vs_Healthy,0.9823234112459808
Cancer_vs_Healthy,0.992375754544016
Cancer_vs_Healthy,0.9759968918601046
Cancer_vs_Healthy,3.4826154701551556e-6
Cancer_vs_Healthy,0.00455576225457524
Cancer_vs_Healthy,0.9257737051122475
Cancer_vs_Healthy,0.8084685674698078
Cancer_vs_Healthy,0.6553099190521631
Cancer_vs_Healthy,0.5323758027976367
Cancer_vs_Healthy,0.11853414577330476
Cancer_vs_Healthy,0.01096652061698994
Cancer_vs_Healthy,6.290553195836357e-5
Cancer_vs_Healthy,0.8210805719144421
Cancer_vs_Healthy,0.994356612638064
Cancer_vs_Healthy,0.7638248614028306
Cancer_vs_Healthy,0.00750964115510009
Cancer_vs_Healthy,0.9540296498229344
Cancer_vs_Healthy,0.5959220103562803
Cancer_vs_Healthy,0.9491646301581996
Cancer_vs_Healthy,0.9001237319166144
Cancer_vs_Healthy,0.07696005465384677
Cancer_vs_Healthy,0.2850023509757879
Cancer_vs_Healthy,0.9646715351014232
Cancer_vs_Healthy,0.0823322845203187
Cancer_vs_Healthy,0.9436249801148172
Cancer_vs_Healthy,0.1481753732063561
Cancer_vs_Healthy,1.028856924902428e-7
Cancer_vs_Healthy,0.42420284401493713
Cancer_vs_Healthy,0.6540272153692708
Cancer_vs_Healthy,0.00096067846918441275
Cancer_vs_Healthy,0.9987508886885712
Cancer_vs_Healthy,7.335814822911587e-8
Cancer_vs_Healthy,5.733472759414813e-5
Cancer_vs_Healthy,0.7231577729178303
Cancer_vs_Healthy,0.9697613823525376
Cancer_vs_Healthy,0.01032144429475406
Cancer_vs_Healthy,0.01703107243510324
Cancer_vs_Healthy,0.9898923470743906
Cancer_vs_Healthy,0.9358492806127812
Cancer_vs_Healthy,0.21801050199230143
Cancer_vs_Healthy,0.5504009462769283
Cancer_vs_Healthy,0.981107547635026
Cancer_vs_Healthy,0.07995676522965323
Cancer_vs_Healthy,0.7951318405761596
Cancer_vs_Healthy,1.5961533199642324e-4
Cancer_vs_Healthy,0.45695514324593706
Cancer_vs_Healthy,0.6796921058224628
Cancer_vs_Healthy,0.10299253674812112
Cancer_vs_Healthy,0.06639213981129775
Cancer_vs_Healthy,0.09063951081559092
Cancer_vs_Healthy,0.576082185781865
Cancer_vs_Healthy,0.6007112718229266
Cancer_vs_Healthy,0.389026437907969
Cancer_vs_Healthy,0.9661411006491262
Cancer_vs_Healthy,0.31050583069782633
Cancer_vs_Healthy,0.9664743201983166
Cancer_vs_Healthy,0.04532593819541161
Cancer_vs_Healthy,0.8286639168212625
Cancer_vs_Healthy,0.19228349934069985
Cancer_vs_Healthy,0.2672808162375276
Cancer_vs_Healthy,0.2095584931078084
Cancer_vs_Healthy,0.5157272282122237
Cancer_vs_Healthy,0.9850114875687036
Cancer_vs_Healthy,0.01738302023825806
Cancer_vs_Healthy,0.6489865106310727
Cancer_vs_Healthy,1.2186700408155652e-4
Cancer_vs_Healthy,0.9807520783055432
Cancer_vs_Healthy,0.41389113329954896
Cancer_vs_Healthy,0.8587147749517097
Cancer_vs_Healthy,0.5105222687425923
Cancer_vs_Healthy,0.8088659179554166
Cancer_vs_Healthy,0.3845832749181721
Cancer_vs_Healthy,0.05588154991929828
Cancer_vs_Healthy,0.35561226800655876
Cancer_vs_Healthy,0.35600004483220055
Cancer_vs_Healthy,0.8468816597674557
Cancer_vs_Healthy,0.7490410769021584
Cancer_vs_Healthy,8.00957823395892e-4
Cancer_vs_Healthy,0.03024132197863534
Cancer_vs_Healthy,0.8487228910847884
Cancer_vs_Healthy,0.8674382509648881
Cancer_vs_Healthy,0.9343808581576898
Cancer_vs_Healthy,0.9989068405006036
Cancer_vs_Healthy,0.9270183874664698
Cancer_vs_Healthy,0.989990087674022
Cancer_vs_Healthy,0.6020565690915559
Cancer_vs_Healthy,0.01077739947261153
Cancer_vs_Healthy,0.00888406670142584
Cancer_vs_Healthy,0.9087926749494344
Cancer_vs_Healthy,0.05695577158180143
Cancer_vs_Healthy,0.4203308130605304
Cancer_vs_Healthy,0.919335150982002
Cancer_vs_Healthy,0.2977524806039089
Cancer_vs_Healthy,6.028431852436677e-4
Cancer_vs_Healthy,0.9831697639121332
Cancer_vs_Healthy,0.4367575113578612
Cancer_vs_Healthy,0.7825923674996615
Cancer_vs_Healthy,0.9994614078441092
Cancer_vs_Healthy,0.00429849182925584
Cancer_vs_Healthy,0.4993859233210096
Cancer_vs_Healthy,0.38583290442332496
Cancer_vs_Healthy,0.4097957834558264
Cancer_vs_Healthy,0.9233584985485734
Cancer_vs_Healthy,0.6565901246425392
Cancer_vs_Healthy,0.9656080211622896
Cancer_vs_Healthy,0.9998473543995156
Cancer_vs_Healthy,0.10142050653983782
Cancer_vs_Healthy,0.0420675625177829
Cancer_vs_Healthy,1.3827872779805872e-8
Cancer_vs_Healthy,0.32456259186500064
Cancer_vs_Healthy,0.05495502937045494
Cancer_vs_Healthy,0.978362225130779
Cancer_vs_Healthy,0.9871703894309602
Cancer_vs_Healthy,0.9484232206466198
Cancer_vs_Healthy,0.7846445352992949
Cancer_vs_Healthy,0.924660075117331
Cancer_vs_Healthy,0.08671827492177779
Cancer_vs_Healthy,0.2769115741159279
Cancer_vs_Healthy,0.9477523998756158
Cancer_vs_Healthy,0.9250022233555464
Cancer_vs_Healthy,0.14472898774261014
Cancer_vs_Healthy,0.5564144471373832
Cancer_vs_Healthy,0.14321254387769333
Cancer_vs_Healthy,0.8305559046377775
Cancer_vs_Healthy,0.6650476126375762
Cancer_vs_Healthy,0.4828831314457646
Cancer_vs_Healthy,0.00875601932276271
Cancer_vs_Healthy,6.529078741826706e-7
Cancer_vs_Healthy,0.5222744117549691
Cancer_vs_Healthy,0.9463055420890476
Cancer_vs_Healthy,0.75803724745849
Cancer_vs_Healthy,0.7299788549125856
Cancer_vs_Healthy,0.9942603695558764
Cancer_vs_Healthy,0.799871230405463
Cancer_vs_Healthy,0.9584097513367192
Cancer_vs_Healthy,0.9651504766811848
Cancer_vs_Healthy,0.18012305178598226
Cancer_vs_Healthy,0.1889094138714217
Cancer_vs_Healthy,0.00957603185412667
Cancer_vs_Healthy,0.05316225652425566
Cancer_vs_Healthy,0.9627432298265428
Cancer_vs_Healthy,0.6837947180761187
Cancer_vs_Healthy,8.487186723660885e-5
Cancer_vs_Healthy,0.909846873099344
Cancer_vs_Healthy,0.7239766427470821
Cancer_vs_Healthy,2.7326431586598695e-6
Cancer_vs_Healthy,0.9535054206014776
Cancer_vs_Healthy,0.5966652664060219
Cancer_vs_Healthy,0.9824958003716546
Cancer_vs_Healthy,0.05197991314905397
Cancer_vs_Healthy,0.6484417149705562
Cancer_vs_Healthy,0.273192426263192
Cancer_vs_Healthy,0.9697862614536276
Cancer_vs_Healthy,0.6537326539600786
Cancer_vs_Healthy,0.20445299037268047
Cancer_vs_Healthy,0.9200649197231432
Cancer_vs_Healthy,0.00388573667076142
Cancer_vs_Healthy,0.8386152567406706
Cancer_vs_Healthy,0.112623022275187
Cancer_vs_Healthy,0.8073581614789611
Cancer_vs_Healthy,0.0283430065985514
Cancer_vs_Healthy,0.9985367138643144
Cancer_vs_Healthy,0.9755489608045846
Cancer_vs_Healthy,0.8194921586251327
Cancer_vs_Healthy,0.9913411569768504
Cancer_vs_Healthy,0.9046985820267224
Cancer_vs_Healthy,0.08303912236244536
Cancer_vs_Healthy,0.8471661187798409
Cancer_vs_Healthy,0.5699976071168547
Cancer_vs_Healthy,0.5893658783543815
Cancer_vs_Healthy,0.28904083550727105
Cancer_vs_Healthy,0.2438705584275207
Cancer_vs_Healthy,0.06579705456073873
Cancer_vs_Healthy,0.3654392712493033
Cancer_vs_Healthy,0.9969314417649352
Cancer_vs_Healthy,0.5401634616348473
Cancer_vs_Healthy,0.6991169784242883
Cancer_vs_Healthy,0.4305410321701435
Cancer_vs_Healthy,0.06524854898508424
Cancer_vs_Healthy,0.2145809851214918
Cancer_vs_Healthy,0.04730021540163058
Cancer_vs_Healthy,0.7637528122435295
Cancer_vs_Healthy,0.03720983463340491
Cancer_vs_Healthy,0.9331009103628112
Cancer_vs_Healthy,0.05674532170708492
Cancer_vs_Healthy,0.04507241169472304
Cancer_vs_Healthy,1.8905666911195355e-5
Cancer_vs_Healthy,0.983608091929812
Cancer_vs_Healthy,0.5884813944238891
Cancer_vs_Healthy,0.3676026450039422
Cancer_vs_Healthy,0.03491550910502863
Cancer_vs_Healthy,0.8848462762936986
Cancer_vs_Healthy,0.5244097417775899
Cancer_vs_Healthy,0.3796461010287669
Cancer_vs_Healthy,0.989720592370852
Cancer_vs_Healthy,0.44821670107602624
Cancer_vs_Healthy,0.7683706102923821
Cancer_vs_Healthy,0.9115730539863434
Cancer_vs_Healthy,0.9758861257462788
Cancer_vs_Healthy,0.9420430370323428
Cancer_vs_Healthy,0.9979928227575904
Cancer_vs_Healthy,0.49938540103338935
Cancer_vs_Healthy,0.21724378175301604
Cancer_vs_Healthy,0.02499419476649766
Cancer_vs_Healthy,0.7025989050978911
Cancer_vs_Healthy,0.9888394780724816
Cancer_vs_Healthy,0.811978501621526
Cancer_vs_Healthy,0.975189161509499
Cancer_vs_Healthy,0.4658538951669398
Cancer_vs_Healthy,0.19018813681607788
Cancer_vs_Healthy,9.853083817905076e-6
Cancer_vs_Healthy,0.10907529407732304
Cancer_vs_Healthy,0.6882580815188314
Cancer_vs_Healthy,0.00850405950959089
Cancer_vs_Healthy,0.370399116874674
Cancer_vs_Healthy,0.9274958587974718
Cancer_vs_Healthy,0.9474906872212135
Cancer_vs_Healthy,0.9865796420763328
Cancer_vs_Healthy,0.6986753001855359
Cancer_vs_Healthy,0.5846482859110288
Cancer_vs_Healthy,0.2553023876288621
Cancer_vs_Healthy,0.4197157846852395
Cancer_vs_Healthy,0.9963723406800006
Cancer_vs_Healthy,0.584861022812217
Cancer_vs_Healthy,0.9907580137967112
Cancer_vs_Healthy,0.17706791602179645
Cancer_vs_Healthy,0.9829178796118432
Cancer_vs_Healthy,0.6245468553186921
Cancer_vs_Healthy,0.20669940104082907
Cancer_vs_Healthy,0.7774734240233968
Cancer_vs_Healthy,0.38853997823947506
Cancer_vs_Healthy,0.9969269314181584
Cancer_vs_Healthy,0.967804598656244
Cancer_vs_Healthy,0.47364262243044813
Cancer_vs_Healthy,0.6678578521812356
Cancer_vs_Healthy,0.4030798716248368
Cancer_vs_Healthy,0.1682099017681415
Cancer_vs_Healthy,0.12068195341162526
Cancer_vs_Healthy,0.3201138622977699
Cancer_vs_Healthy,0.01753739294994312
Cancer_vs_Healthy,0.9455478149325124
Cancer_vs_Healthy,0.4362553563361566
Cancer_vs_Healthy,0.13196026481412276
Cancer_vs_Healthy,0.6687689819783664
Cancer_vs_Healthy,0.003571801431144
Cancer_vs_Healthy,0.999999508297408
Cancer_vs_Healthy,0.3856501049197278
Cancer_vs_Healthy,0.5697497347420766
Cancer_vs_Healthy,0.02597489867119379
Cancer_vs_Healthy,0.5844058712581854
Cancer_vs_Healthy,0.34774332655784806
Cancer_vs_Healthy,0.6103587945698776
Cancer_vs_Healthy,0.02071799525188645
Cancer_vs_Healthy,0.234615444352444
Cancer_vs_Healthy,0.7077591061263664
Cancer_vs_Healthy,0.01892847667440828
Cancer_vs_Healthy,0.9433208615595184
Cancer_vs_Healthy,0.9447311059172636
Cancer_vs_Healthy,0.9860641039455122
Cancer_vs_Healthy,0.8366186353234191
Cancer_vs_Healthy,0.907663275850177
Cancer_vs_Healthy,4.301602482085555e-5
Cancer_vs_Healthy,0.7086491841195544
Cancer_vs_Healthy,0.5260306968478254
Cancer_vs_Healthy,0.9031944518185776
Cancer_vs_Healthy,2.931625139954761e-4
Cancer_vs_Healthy,0.1949001827831367
Cancer_vs_Healthy,0.8361554410613337
Cancer_vs_Healthy,0.7117545961114691
Cancer_vs_Healthy,7.627019529531134e-4
Cancer_vs_Healthy,0.34988356713982605
Cancer_vs_Healthy,0.0534032231138442
Cancer_vs_Healthy,0.03052992837372664
Cancer_vs_Healthy,0.48651281517186906
Cancer_vs_Healthy,0.9833625125709076
Cancer_vs_Healthy,0.12496346629696498
Cancer_vs_Healthy,0.9958300987688452
Cancer_vs_Healthy,0.9865310254123516
Cancer_vs_Healthy,0.08253146219550903
Cancer_vs_Healthy,0.4837840515761631
Cancer_vs_Healthy,0.752376217568584
Cancer_vs_Healthy,0.8592660893947672
Cancer_vs_Healthy,0.4786341681890687
Cancer_vs_Healthy,4.8343283603186646e-4
Cancer_vs_Healthy,0.2590903196517048
Cancer_vs_Healthy,0.04219681611135162
Cancer_vs_Healthy,0.74330628629098
Cancer_vs_Healthy,0.5176504581848853
Cancer_vs_Healthy,0.44669819260520394
Cancer_vs_Healthy,0.8787130879519238
Cancer_vs_Healthy,0.8763918101848371
Cancer_vs_Healthy,0.8001130634953146
Cancer_vs_Healthy,0.994437703180935
Cancer_vs_Healthy,0.1849286079224469
Cancer_vs_Healthy,0.9956391278481754
Cancer_vs_Healthy,0.7854795119602231
Cancer_vs_Healthy,4.2461754328254144e-14
Cancer_vs_Healthy,0.9932027763592596
Cancer_vs_Healthy,0.8346536879861853
Cancer_vs_Healthy,0.6167802998649625
Cancer_vs_Healthy,0.4834230498805221
Cancer_vs_Healthy,0.32368293658473546
Cancer_vs_Healthy,0.435542452086712
Cancer_vs_Healthy,0.9166760114091724
Cancer_vs_Healthy,0.380117214832081
Cancer_vs_Healthy,0.5185625841358854
Cancer_vs_Healthy,0.8886245093867093
Cancer_vs_Healthy,0.25029660198649334
Cancer_vs_Healthy,0.29790337896290797
Cancer_vs_Healthy,0.2696746122843987
Cancer_vs_Healthy,0.09460145807911167
Cancer_vs_Healthy,0.9234621267102262
Cancer_vs_Healthy,0.9522506692584388
Cancer_vs_Healthy,6.414121201002038e-8
Cancer_vs_Healthy,0.9804446423991342
Cancer_vs_Healthy,0.8025665341720684
Cancer_vs_Healthy,0.9739305024777638
Cancer_vs_Healthy,0.04390933240332956
Cancer_vs_Healthy,0.5042029137289231
Cancer_vs_Healthy,0.91599472801394
Cancer_vs_Healthy,0.9323718990373212
Cancer_vs_Healthy,0.02233276903537819
Cancer_vs_Healthy,0.7563922757892351
Cancer_vs_Healthy,0.969066765054405
Cancer_vs_Healthy,0.15401574067737692
Cancer_vs_Healthy,0.6119209239427602
Cancer_vs_Healthy,0.9225751093869394
Cancer_vs_Healthy,0.06487121699955369
Cancer_vs_Healthy,0.4683488147489763
Cancer_vs_Healthy,0.98900379790904
Cancer_vs_Healthy,0.97008506597734
Cancer_vs_Healthy,0.5926896449291104
Cancer_vs_Healthy,0.648267561840077
Cancer_vs_Healthy,0.5438599261191606
Cancer_vs_Healthy,0.9996388289714584
Cancer_vs_Healthy,0.9972217066532264
Cancer_vs_Healthy,0.02744953952991579
Cancer_vs_Healthy,0.9669735492583134
Cancer_vs_Healthy,0.5563301710810336
Cancer_vs_Healthy,0.00140367026709389
Cancer_vs_Healthy,0.9970470332940974
Cancer_vs_Healthy,0.01055120703943491
Cancer_vs_Healthy,0.09726257731854472
Cancer_vs_Healthy,0.4431793040254736
Cancer_vs_Healthy,0.9641825624495718
Cancer_vs_Healthy,0.9819197138420882
Cancer_vs_Healthy,0.13858817973463544
Cancer_vs_Healthy,0.7310356768547474
Cancer_vs_Healthy,0.4107197800926069
Cancer_vs_Healthy,0.02079724911763504
Cancer_vs_Healthy,0.9995569260447515
Cancer_vs_Healthy,0.5183670212908285
Cancer_vs_Healthy,0.9492036478011892
Cancer_vs_Healthy,0.2193805753198503
Cancer_vs_Healthy,0.17981449873045122
Cancer_vs_Healthy,0.8840889798646157
Cancer_vs_Healthy,0.5603332496880216
Cancer_vs_Healthy,0.6336998998075434
Cancer_vs_Healthy,0.5024085711159674
Cancer_vs_Healthy,0.04642474175826263
Cancer_vs_Healthy,0.9960540664413056
Cancer_vs_Healthy,0.10517542728260856
Cancer_vs_Healthy,0.136093936867194
Cancer_vs_Healthy,0.5899749905682304
Cancer_vs_Healthy,1.9009548992169698e-5
Cancer_vs_Healthy,0.21992982606193617
Cancer_vs_Healthy,0.9654879637572162
Cancer_vs_Healthy,0.9791072513186336
Cancer_vs_Healthy,0.19595151115147097
Cancer_vs_Healthy,0.4464047532463694
Cancer_vs_Healthy,0.07449365676098947
Cancer_vs_Healthy,0.34106854174720314
Cancer_vs_Healthy,7.172411938942847e-5
Cancer_vs_Healthy,0.784534845328065
Cancer_vs_Healthy,0.18788658301907576
Cancer_vs_Healthy,0.9587156216305948
Cancer_vs_Healthy,0.3053350949034107
Cancer_vs_Healthy,0.8954732831082071
Cancer_vs_Healthy,0.00118709187634701
Cancer_vs_Healthy,0.5908985067766949
Cancer_vs_Healthy,0.1949890691937378
Cancer_vs_Healthy,0.25681420403776356
Cancer_vs_Healthy,0.7153543919812764
Cancer_vs_Healthy,0.9435250521148952
Cancer_vs_Healthy,0.9732430491706988
Cancer_vs_Healthy,0.9782861405841314
Cancer_vs_Healthy,0.7895500515197126
Cancer_vs_Healthy,0.6145653060543101
Cancer_vs_Healthy,0.05849047986124224
Cancer_vs_Healthy,0.3368145939558123
Cancer_vs_Healthy,1.0648012509152237e-8
Cancer_vs_Healthy,0.5079525153918902
Cancer_vs_Healthy,0.9980211772781468
Cancer_vs_Healthy,0.8745699832139028
Cancer_vs_Healthy,0.25685050068247217
Cancer_vs_Healthy,0.5015351758560345
Cancer_vs_Healthy,0.7029284923165391
Cancer_vs_Healthy,0.3255034787588039
Cancer_vs_Healthy,0.9796108797230316
Cancer_vs_Healthy,0.00285828630217961
Cancer_vs_Healthy,0.3205650683378668
Cancer_vs_Healthy,0.6327157104363712
Cancer_vs_Healthy,0.08755569341992753
Cancer_vs_Healthy,0.9843659774131164
Cancer_vs_Healthy,0.9881751640004656
Cancer_vs_Healthy,0.00645043420223292
Cancer_vs_Healthy,0.9949471098362253
Cancer_vs_Healthy,0.01470743649634402
Cancer_vs_Healthy,0.2458305200895373
Cancer_vs_Healthy,0.07696776246054603
Cancer_vs_Healthy,4.236129633778055e-7
Cancer_vs_Healthy,0.10391355290599054
Cancer_vs_Healthy,0.10999077294131358
Cancer_vs_Healthy,0.27991235758350397
Cancer_vs_Healthy,0.5406942668572378
Cancer_vs_Healthy,0.5104014132362568
Cancer_vs_Healthy,1.598908995932645e-5
Cancer_vs_Healthy,0.8484197762529648
Cancer_vs_Healthy,0.00404468371916918
Cancer_vs_Healthy,2.07739661860437e-5
Cancer_vs_Healthy,0.4949434968104017
Cancer_vs_Healthy,0.30705577674139345
Cancer_vs_Healthy,0.15559958175571123
Cancer_vs_Healthy,0.983737142168276
Cancer_vs_Healthy,0.9998451727665608
Cancer_vs_Healthy,0.7576385788227471
Cancer_vs_Healthy,0.01549941940753976
Cancer_vs_Healthy,0.2898566908235954
Cancer_vs_Healthy,0.06298631736154449
Cancer_vs_Healthy,0.995058792307282
Cancer_vs_Healthy,0.07839561112177759
Cancer_vs_Healthy,0.883146780381995
Cancer_vs_Healthy,0.34901579044607106
Cancer_vs_Healthy,0.00112918244721059
Cancer_vs_Healthy,9.234214198447872e-5
Cancer_vs_Healthy,2.1859861068729617e-4
Cancer_vs_Healthy,0.99950934061964
Cancer_vs_Healthy,0.9755782510162918
Cancer_vs_Healthy,0.8427115996463344
Cancer_vs_Healthy,0.98589413988084
Cancer_vs_Healthy,0.04920233222628652
Cancer_vs_Healthy,0.00116359309425959
Cancer_vs_Healthy,0.5750939942128633
Cancer_vs_Healthy,0.999172842910668
Cancer_vs_Healthy,0.8802399375337513
Cancer_vs_Healthy,0.743078241305565
Cancer_vs_Healthy,0.98558660321378
Cancer_vs_Healthy,0.7520872655917099
Cancer_vs_Healthy,0.4072135810178623
Cancer_vs_Healthy,0.5844218594950796
Cancer_vs_Healthy,0.19233036605587445
Cancer_vs_Healthy,0.4549608373155033
Cancer_vs_Healthy,0.0695849891920851
Cancer_vs_Healthy,0.04079973330609177
Cancer_vs_Healthy,0.9709911522177778
Cancer_vs_Healthy,0.07464736997095944
Cancer_vs_Healthy,0.8897871502136944
Cancer_vs_Healthy,0.9978390719932814
Cancer_vs_Healthy,0.5546437063315647
Cancer_vs_Healthy,0.7572468876965378
Cancer_vs_Healthy,0.08379617628278642
Cancer_vs_Healthy,0.28626746692816524
Cancer_vs_Healthy,0.5532906006380325
Cancer_vs_Healthy,0.8551737628038888
Cancer_vs_Healthy,0.959620853689024
Cancer_vs_Healthy,0.10921594998005436
Cancer_vs_Healthy,0.9061015907096192
Cancer_vs_Healthy,0.9148155611780252
Cancer_vs_Healthy,0.5013707454749764
Cancer_vs_Healthy,0.1290094957787984
Cancer_vs_Healthy,0.20096657628699577
Cancer_vs_Healthy,0.7940530212665426
Cancer_vs_Healthy,0.10595363672627844
Cancer_vs_Healthy,0.7551253734200332
Cancer_vs_Healthy,0.9406987150274256
Cancer_vs_Healthy,0.988725592290164
Cancer_vs_Healthy,0.991105850193743
Cancer_vs_Healthy,0.4255125830324424
Cancer_vs_Healthy,0.02304685842120256
Cancer_vs_Healthy,0.07453151280062431
Cancer_vs_Healthy,0.6331263025712959
Cancer_vs_Healthy,0.19483123218475248
Cancer_vs_Healthy,0.99464472736844
Cancer_vs_Healthy,0.7422620030646268
Cancer_vs_Healthy,0.198478790333189
Cancer_vs_Healthy,0.853066801106206
Cancer_vs_Healthy,0.4339338013201372
Cancer_vs_Healthy,0.5122007057750183
Cancer_vs_Healthy,0.7049049747910472
Cancer_vs_Healthy,0.9189412828855628
Cancer_vs_Healthy,0.08189019300899221
Cancer_vs_Healthy,0.9351721330423356
Cancer_vs_Healthy,0.985748616041037
Cancer_vs_Healthy,0.8810565961146345
Cancer_vs_Healthy,0.9802732297013004
Cancer_vs_Healthy,0.9832822108660196
Cancer_vs_Healthy,0.1673100556571792
Cancer_vs_Healthy,0.05375907476120647
Cancer_vs_Healthy,0.5579133017760961
Cancer_vs_Healthy,0.9333345868690124
Cancer_vs_Healthy,0.9827884387076432
Cancer_vs_Healthy,0.19370104516650688
Cancer_vs_Healthy,0.0102914642465034
Cancer_vs_Healthy,0.5008999392694525
Cancer_vs_Healthy,0.48664493698605016
Cancer_vs_Healthy,0.9901879993297392
Cancer_vs_Healthy,0.7073401836626967
Cancer_vs_Healthy,0.5223131100983961
Cancer_vs_Healthy,0.9769779760527004
Cancer_vs_Healthy,0.8149963000864646
Cancer_vs_Healthy,0.8080305998027011
Cancer_vs_Healthy,0.9610722891456556
Cancer_vs_Healthy,0.43814387739324034
Cancer_vs_Healthy,0.9617144255558596
Cancer_vs_Healthy,0.5693567154529022
Cancer_vs_Healthy,0.9743908126757488
Cancer_vs_Healthy,0.8775060449470166
Cancer_vs_Healthy,0.9686631012760938
Cancer_vs_Healthy,0.8893326362632902
Cancer_vs_Healthy,0.4085544995896752
Cancer_vs_Healthy,0.7765618778546004
Cancer_vs_Healthy,0.9818178543817854
Cancer_vs_Healthy,0.06714498903947395
Cancer_vs_Healthy,0.39274226011023977
Cancer_vs_Healthy,0.28552025295619454
Cancer_vs_Healthy,0.5190784110720215
Cancer_vs_Healthy,0.9893283154274966
Cancer_vs_Healthy,0.6967241779824634
Cancer_vs_Healthy,0.11569360327259956
Cancer_vs_Healthy,0.98081159979508
Cancer_vs_Healthy,0.7194676794653432
Cancer_vs_Healthy,0.03271383891332249
Cancer_vs_Healthy,0.5573833498883545
Cancer_vs_Healthy,0.9844737918792076
Cancer_vs_Healthy,0.3287336752694937
Cancer_vs_Healthy,0.28798679656318743
Cancer_vs_Healthy,0.8475327773784269
Cancer_vs_Healthy,0.17147271019026386
Cancer_vs_Healthy,0.9979780088625856
Cancer_vs_Healthy,0.4587843618331103
Cancer_vs_Healthy,3.59966801748416e-7
Cancer_vs_Healthy,0.9999979866479078
Cancer_vs_Healthy,0.20391214150212617
Cancer_vs_Healthy,0.04221020876373261
Cancer_vs_Healthy,0.3374252066862819
Cancer_vs_Healthy,0.8530162537394719
Cancer_vs_Healthy,0.932148655449837
Cancer_vs_Healthy,0.5729501092093214
Cancer_vs_Healthy,0.9995650674677896
Cancer_vs_Healthy,0.8808477994286582
Cancer_vs_Healthy,0.4438586183675477
Cancer_vs_Healthy,0.3414354090046258
Cancer_vs_Healthy,0.635054656699764
Cancer_vs_Healthy,2.3220225518989803e-4
Cancer_vs_Healthy,9.436812695891696e-4
Cancer_vs_Healthy,0.9863463312951402
Cancer_vs_Healthy,0.03676489568335116
Cancer_vs_Healthy,0.8843491969339108
Cancer_vs_Healthy,0.0858883108683774
Cancer_vs_Healthy,0.9686132963428506
Cancer_vs_Healthy,0.9933134236974168
Cancer_vs_Healthy,0.9438428974276044
Cancer_vs_Healthy,0.9618174518580656
Cancer_vs_Healthy,0.771077809079054
Cancer_vs_Healthy,0.3973470898510739
Cancer_vs_Healthy,0.4923837513121178
Cancer_vs_Healthy,0.02626763183816703
Cancer_vs_Healthy,0.4035620660574134
Cancer_vs_Healthy,0.9564665162781844
Cancer_vs_Healthy,0.74582809081111
Cancer_vs_Healthy,0.8988596641014674
Cancer_vs_Healthy,0.6298320903235579
Cancer_vs_Healthy,0.9614434125269083
Cancer_vs_Healthy,0.17805998722259814
Cancer_vs_Healthy,0.9560160957906808
Cancer_vs_Healthy,0.2403094267440332
Cancer_vs_Healthy,0.00432764204899573
Cancer_vs_Healthy,0.9182311884488936
Cancer_vs_Healthy,0.9250810133418782
Cancer_vs_Healthy,0.4452999048635983
Cancer_vs_Healthy,0.6398727795617698
Cancer_vs_Healthy,0.15947306898915967
Cancer_vs_Healthy,0.3372676202909469
Cancer_vs_Healthy,0.7231282780026431
Cancer_vs_Healthy,0.2583415623373736
Cancer_vs_Healthy,0.03336394590968251
Cancer_vs_Healthy,0.8593809066451189
Cancer_vs_Healthy,0.25330854523225216
Cancer_vs_Healthy,0.9875299218715208
Cancer_vs_Healthy,0.9986675204220062
Cancer_vs_Healthy,0.9179966786375918
Cancer_vs_Healthy,0.9216013188324956
Cancer_vs_Healthy,0.00270560871614028
Cancer_vs_Healthy,0.9989315360909272
Cancer_vs_Healthy,0.8341530496823781
Cancer_vs_Healthy,0.5419426730517529
Cancer_vs_Healthy,0.8461375605481122
Cancer_vs_Healthy,0.7198142814523149
Cancer_vs_Healthy,0.491566718194574
Cancer_vs_Healthy,0.9846346075226208
Cancer_vs_Healthy,0.10649911239242722
Cancer_vs_Healthy,0.03946191294878447
Cancer_vs_Healthy,1.783456157704419e-4
Cancer_vs_Healthy,0.9937686144105782
Cancer_vs_Healthy,0.9701794213125602
Cancer_vs_Healthy,0.5906005504722548
Cancer_vs_Healthy,0.9988621606469454
Cancer_vs_Healthy,0.6667569862216994
Cancer_vs_Healthy,0.7009067363067248
Cancer_vs_Healthy,0.904909510285332
Cancer_vs_Healthy,0.8308415277933742
Cancer_vs_Healthy,0.999968165016198
Cancer_vs_Healthy,0.9989169943524328
Cancer_vs_Healthy,0.9893399930473408
Cancer_vs_Healthy,0.1240167216919294
Cancer_vs_Healthy,0.06890538888371779
Cancer_vs_Healthy,0.293239033464659
Cancer_vs_Healthy,0.6513480293934346
Cancer_vs_Healthy,0.7378035101237823
Cancer_vs_Healthy,0.9990006693296876
Cancer_vs_Healthy,0.5739520810336489
Cancer_vs_Healthy,0.3594642645583613
Cancer_vs_Healthy,0.9455371641070928
Cancer_vs_Healthy,0.7660697092334857
Cancer_vs_Healthy,0.5425021266611073
Cancer_vs_Healthy,0.5298006364493207
Cancer_vs_Healthy,0.2467850324700675
Cancer_vs_Healthy,0.12432110605075876
Cancer_vs_Healthy,0.176238636441529
Cancer_vs_Healthy,0.433368711321223
Cancer_vs_Healthy,0.15981044528382596
Cancer_vs_Healthy,0.9976711223511856
Cancer_vs_Healthy,0.7550974911691335
Cancer_vs_Healthy,0.5813539680367011
Cancer_vs_Healthy,0.3650789848836744
Cancer_vs_Healthy,0.3416460633452499
Cancer_vs_Healthy,0.11902613423027772
Cancer_vs_Healthy,0.10965561159080424
Cancer_vs_Healthy,0.9953045776747896
Cancer_vs_Healthy,0.3834842666005809
Cancer_vs_Healthy,0.1147604518448571
Cancer_vs_Healthy,0.5104278562588929
Cancer_vs_Healthy,0.451102694038161
Cancer_vs_Healthy,0.11143493562085728
Cancer_vs_Healthy,0.922509567561574
Cancer_vs_Healthy,0.3319749883673955
Cancer_vs_Healthy,0.4898382575371621
Cancer_vs_Healthy,0.21517438880777293
Cancer_vs_Healthy,0.6975508362310653
Cancer_vs_Healthy,0.6622018343619964
Cancer_vs_Healthy,0.625315708438716
Cancer_vs_Healthy,0.19608355696845256
Cancer_vs_Healthy,0.9092710045774944
Cancer_vs_Healthy,0.6407125608554525
Cancer_vs_Healthy,0.5372652863657168
Cancer_vs_Healthy,0.24237028583662976
Cancer_vs_Healthy,0.00164694882751726
Cancer_vs_Healthy,0.789366201698326
Cancer_vs_Healthy,0.04837345327529709
Cancer_vs_Healthy,0.9449193109067768
Cancer_vs_Healthy,0.5902503960523198
Cancer_vs_Healthy,0.03434876039321385
Cancer_vs_Healthy,0.06571784365320434
Cancer_vs_Healthy,0.7653112707255874
Cancer_vs_Healthy,0.992039336947499
Cancer_vs_Healthy,0.63461787108627
Cancer_vs_Healthy,0.7701662451426847
Cancer_vs_Healthy,0.4041537646236613
Cancer_vs_Healthy,0.955935805469002
Cancer_vs_Healthy,0.8094809726468916
Cancer_vs_Healthy,0.44838035727340886
Cancer_vs_Healthy,0.9124985664651344
Cancer_vs_Healthy,0.5454543005907528
Cancer_vs_Healthy,0.6005874361577923
Cancer_vs_Healthy,0.05006289512621004
Cancer_vs_Healthy,0.9999971992971076
Cancer_vs_Healthy,0.8687125682610293
Cancer_vs_Healthy,0.24378323852167008
Cancer_vs_Healthy,0.02113984074231814
Cancer_vs_Healthy,0.5629079074039424
Cancer_vs_Healthy,0.8643973372284625
Cancer_vs_Healthy,0.9410231154032928
Cancer_vs_Healthy,0.5163633983434572
Cancer_vs_Healthy,0.41006394174854893
Cancer_vs_Healthy,0.9886601796851444
Cancer_vs_Healthy,8.947382362914652e-4
Cancer_vs_Healthy,0.2578743051675068
Cancer_vs_Healthy,0.8159971505294956
Cancer_vs_Healthy,0.98709207387864
Cancer_vs_Healthy,0.9999149894229707
Cancer_vs_Healthy,5.868803472323461e-5
Cancer_vs_Healthy,0.6463095081732172
Cancer_vs_Healthy,0.9029021594674644
Cancer_vs_Healthy,0.7476069642437455
Cancer_vs_Healthy,0.9952347982269772
Cancer_vs_Healthy,0.9086502168146272
Cancer_vs_Healthy,0.9997102232557352
Cancer_vs_Healthy,0.10638710818546256
Cancer_vs_Healthy,0.16449758803522202
Cancer_vs_Healthy,0.6432851691074318
Cancer_vs_Healthy,0.9739194719671728
Cancer_vs_Healthy,0.9309600539653098
Cancer_vs_Healthy,0.9999104569768982
Cancer_vs_Healthy,0.9014375590290168
Cancer_vs_Healthy,0.9361003248876608
Cancer_vs_Healthy,0.8847641759727721
Cancer_vs_Healthy,0.49750882458202766
Cancer_vs_Healthy,0.263798147725459
Cancer_vs_Healthy,0.00385547692052125
Cancer_vs_Healthy,0.9978107597947898
Cancer_vs_Healthy,0.5559600547712994
Cancer_vs_Healthy,0.3418839542041359
Cancer_vs_Healthy,0.3585301299961996
Cancer_vs_Healthy,0.07610233148690367
Cancer_vs_Healthy,0.9236705334982862
Cancer_vs_Healthy,0.7040583990020937
Cancer_vs_Healthy,0.8232956664349091
Cancer_vs_Healthy,0.36728587660494344
Cancer_vs_Healthy,0.6785435364708764
Cancer_vs_Healthy,0.9975936161118644
Cancer_vs_Healthy,0.16677551064648524
Cancer_vs_Healthy,0.01684826302631219
Cancer_vs_Healthy,0.7014424297761432
Cancer_vs_Healthy,0.8294573511988487
Cancer_vs_Healthy,0.5246143921564262
Cancer_vs_Healthy,0.7237354567059239
Cancer_vs_Healthy,0.4188437745328874
Cancer_vs_Healthy,0.4591649855194184
Cancer_vs_Healthy,0.8978175451026922
Cancer_vs_Healthy,0.9652404224912934
Cancer_vs_Healthy,0.8782983939287428
Cancer_vs_Healthy,0.6381609273323441
Cancer_vs_Healthy,0.791468385418474
Cancer_vs_Healthy,0.5545264915603866
Cancer_vs_Healthy,0.6515836909333725
Cancer_vs_Healthy,0.8720789276886265
Cancer_vs_Healthy,0.9021732335118822
Cancer_vs_Healthy,0.9987572996987084
Cancer_vs_Healthy,0.4507675142140677
Cancer_vs_Healthy,0.3599527760711717
Cancer_vs_Healthy,0.7647028945313235
Cancer_vs_Healthy,0.6109413878049668
Cancer_vs_Healthy,0.712353624170963
Cancer_vs_Healthy,0.20276993011575717
Cancer_vs_Healthy,0.9683011313053898
Cancer_vs_Healthy,0.24158259981583063
Cancer_vs_Healthy,0.997127931392924
Cancer_vs_Healthy,0.8094804480590898
Cancer_vs_Healthy,0.6616880907491288
Cancer_vs_Healthy,0.11285764783949698
Cancer_vs_Healthy,0.9692645597906732
Cancer_vs_Healthy,0.06164368323568292
Cancer_vs_Healthy,0.980918983121425
Cancer_vs_Healthy,0.9283013791170772
Cancer_vs_Healthy,0.7312868066450126
Cancer_vs_Healthy,0.30614946671573035
Cancer_vs_Healthy,0.9804207862655004
Cancer_vs_Healthy,0.7715736371035974
Cancer_vs_Healthy,0.16600949163619955
Cancer_vs_Healthy,0.4614939987706706
Cancer_vs_Healthy,0.01200139021809997
Cancer_vs_Healthy,0.9798904019866844
Cancer_vs_Healthy,0.4830183122561416
Cancer_vs_Healthy,0.21009022003857103
Cancer_vs_Healthy,0.8228206197643877
Cancer_vs_Healthy,0.9448837971506022
Cancer_vs_Healthy,0.4244918184445347
Cancer_vs_Healthy,0.9960454247892832
Cancer_vs_Healthy,0.02987419617695705
Cancer_vs_Healthy,0.4173293812303594
Cancer_vs_Healthy,0.17320995525665603
Cancer_vs_Healthy,0.7986903601041841
Cancer_vs_Healthy,0.8574816922416892
Cancer_vs_Healthy,0.98970571616547
Cancer_vs_Healthy,0.4898899079997469
Cancer_vs_Healthy,0.5184266241592115
Cancer_vs_Healthy,4.15071391891834e-4
Cancer_vs_Healthy,0.12099291799597006
Cancer_vs_Healthy,0.5179780374697802
Cancer_vs_Healthy,0.9702538021773648
Cancer_vs_Healthy,0.20887512876492267
Cancer_vs_Healthy,0.4960257802385194
Cancer_vs_Healthy,0.8432486848774371
Cancer_vs_Healthy,0.9918565941606204
Cancer_vs_Healthy,0.9188990580850044
Cancer_vs_Healthy,0.02879549482624431
Cancer_vs_Healthy,0.4200989074882719
Cancer_vs_Healthy,0.8596014166140995
Cancer_vs_Healthy,0.02960322411943182
Cancer_vs_Healthy,5.813635805006123e-4
Cancer_vs_Healthy,0.8119385356530021
Cancer_vs_Healthy,0.2223220366548358
Cancer_vs_Healthy,0.9507968415985316
Cancer_vs_Healthy,0.6292187674687968
Cancer_vs_Healthy,0.8478290467954774
Cancer_vs_Healthy,1.5682752884961842e-7
Cancer_vs_Healthy,0.12974793503832055
Cancer_vs_Healthy,0.9039547623910807
Cancer_vs_Healthy,0.984953902998062
Cancer_vs_Healthy,0.5621189289779599
Cancer_vs_Healthy,0.6409371181820667
Cancer_vs_Healthy,0.11367975898693378
Cancer_vs_Healthy,0.9996961376092552
Cancer_vs_Healthy,0.9655530347810514
Cancer_vs_Healthy,0.7829761805741912
Cancer_vs_Healthy,0.25807079534086125
Cancer_vs_Healthy,0.7589565340070581
Cancer_vs_Healthy,0.9949115956792988
Cancer_vs_Healthy,0.9714660914071498
Cancer_vs_Healthy,0.9869950827715166
Cancer_vs_Healthy,0.5631743699950004
Cancer_vs_Healthy,0.41235801173047726
Cancer_vs_Healthy,0.921354819806611
Cancer_vs_Healthy,0.8218209656573822
Cancer_vs_Healthy,0.5453137686871056
Cancer_vs_Healthy,0.9967590150387284
Cancer_vs_Healthy,0.9981934059219972
Cancer_vs_Healthy,0.9885378326063238
Cancer_vs_Healthy,0.6504090123048558
Cancer_vs_Healthy,0.4750860241444481
Cancer_vs_Healthy,0.637186149796102
Cancer_vs_Healthy,0.8376695021065769
Cancer_vs_Healthy,0.8573451307768007
Cancer_vs_Healthy,0.6183399485930355
Cancer_vs_Healthy,0.7037928417943609
Cancer_vs_Healthy,0.9388076174495894
Cancer_vs_Healthy,0.02571957476980941
Cancer_vs_Healthy,0.6751418750771044
Cancer_vs_Healthy,0.04596626006376525
Cancer_vs_Healthy,0.0236956414998145
Cancer_vs_Healthy,0.784177671391744
Cancer_vs_Healthy,0.02951493099733295
Cancer_vs_Healthy,0.00358272320652886
Cancer_vs_Healthy,0.34905789418256067
Cancer_vs_Healthy,0.9639418690726276
Cancer_vs_Healthy,0.9608789669875976
Cancer_vs_Healthy,0.0949110600008462
Cancer_vs_Healthy,0.01460258299735539
Cancer_vs_Healthy,0.00352478636924139
Cancer_vs_Healthy,0.9786643655485032
Cancer_vs_Healthy,0.90051326862869
Cancer_vs_Healthy,0.9642202816390176
Cancer_vs_Healthy,0.910278288622462
Cancer_vs_Healthy,0.36316584070025154
Cancer_vs_Healthy,0.788420991197199
Cancer_vs_Healthy,0.06144095754133931
Cancer_vs_Healthy,0.49022420450200743
Cancer_vs_Healthy,0.9789239260356226
Cancer_vs_Healthy,0.9775657380355474
Cancer_vs_Healthy,0.01357435917204454
Cancer_vs_Healthy,0.02299951462891603
Cancer_vs_Healthy,0.01138592125120633
Cancer_vs_Healthy,0.1627669847824597
Cancer_vs_Healthy,0.5489924034585928
Cancer_vs_Healthy,0.14218265555501808
Cancer_vs_Healthy,0.23229403717306077
Cancer_vs_Healthy,0.410873255594949
Cancer_vs_Healthy,0.6985122633145167
Cancer_vs_Healthy,0.9090871884192514
Cancer_vs_Healthy,0.8605774703939617
Cancer_vs_Healthy,0.7722484903062655
Cancer_vs_Healthy,0.9658942695599816
Cancer_vs_Healthy,0.9307870720439962
Cancer_vs_Healthy,0.05779299203022151
Cancer_vs_Healthy,0.4750200071484912
Cancer_vs_Healthy,0.8810649939508732
Cancer_vs_Healthy,0.8736272739452794
Cancer_vs_Healthy,0.9978102238253715
Cancer_vs_Healthy,0.5501634030341402
Cancer_vs_Healthy,0.05843267598651307
Cancer_vs_Healthy,0.9150923732708884
Cancer_vs_Healthy,0.9623252602623276
Cancer_vs_Healthy,0.8591956124672501
Cancer_vs_Healthy,5.393964561446204e-4
Cancer_vs_Healthy,0.9474497226109864
Cancer_vs_Healthy,0.6395341359677015
Cancer_vs_Healthy,0.2112869945183408
Cancer_vs_Healthy,0.7643453335425268
Cancer_vs_Healthy,0.822073728094093
Cancer_vs_Healthy,0.5676688339340756
Cancer_vs_Healthy,0.9960809187036752
Cancer_vs_Healthy,0.9519299153130713
Cancer_vs_Healthy,0.26284619536724496
Cancer_vs_Healthy,0.6148878852566652
Cancer_vs_Healthy,5.675402438853883e-5
Cancer_vs_Healthy,0.9986782983329652
Cancer_vs_Healthy,0.1262459198374673
Cancer_vs_Healthy,0.4481027838087608
Cancer_vs_Healthy,0.965593591583164
Cancer_vs_Healthy,0.9963414010769716
Cancer_vs_Healthy,0.3482383792870272
Cancer_vs_Healthy,0.5355080803552625
Cancer_vs_Healthy,0.412100429673436
Cancer_vs_Healthy,0.00799006179868826
Cancer_vs_Healthy,0.7506123209737563
Cancer_vs_Healthy,0.8675507017864331
Cancer_vs_Healthy,0.9421180571787824
Cancer_vs_Healthy,0.0566060173727014
Cancer_vs_Healthy,0.23192903049601332
Cancer_vs_Healthy,0.7663230594964057
Cancer_vs_Healthy,0.9215098430429256
Cancer_vs_Healthy,0.966637965292313
Cancer_vs_Healthy,0.14436432018153997
Cancer_vs_Healthy,0.6119977124449432
Cancer_vs_Healthy,0.5660150780401674
Cancer_vs_Healthy,0.9840968466206462
Cancer_vs_Healthy,0.5487173908952642
Cancer_vs_Healthy,0.9050228376587828
Cancer_vs_Healthy,0.6372588861462941
Cancer_vs_Healthy,0.2972613200869539
Cancer_vs_Healthy,0.9880939297987316
Cancer_vs_Healthy,0.995337236512613
Cancer_vs_Healthy,0.8720269250313447
Cancer_vs_Healthy,0.00797472053798043
Cancer_vs_Healthy,0.6302055678784713
Cancer_vs_Healthy,0.4225236615942854
Cancer_vs_Healthy,0.9280468740366572
Cancer_vs_Healthy,0.9953839884488976
Cancer_vs_Healthy,0.05606253179548553
Cancer_vs_Healthy,0.8398697539542044
Cancer_vs_Healthy,0.710444935563851
Cancer_vs_Healthy,0.9968009626078436
Cancer_vs_Healthy,0.7956154825194398
Cancer_vs_Healthy,0.6704140509489126
Cancer_vs_Healthy,0.9991038662321058
Cancer_vs_Healthy,0.8451036174433619
Cancer_vs_Healthy,0.05902885335513552
Cancer_vs_Healthy,0.9688684578851362
Cancer_vs_Healthy,0.7583658872937322
Cancer_vs_Healthy,0.8463432589499004
Cancer_vs_Healthy,0.9989968978091296
Cancer_vs_Healthy,0.9365369807451716
Cancer_vs_Healthy,0.9996513171410631
Cancer_vs_Healthy,0.9461698082832344
Cancer_vs_Healthy,0.7590533412340518
Cancer_vs_Healthy,0.9948181623647344
Cancer_vs_Healthy,0.971783240888144
Cancer_vs_Healthy,0.3760172339131497
Cancer_vs_Healthy,2.2879626238968547e-4
Cancer_vs_Healthy,0.993030157087726
Cancer_vs_Healthy,0.21542146328732611
Cancer_vs_Healthy,0.9448774126486292
Cancer_vs_Healthy,0.8302564291132245
Cancer_vs_Healthy,0.03307491103293397
Cancer_vs_Healthy,0.9995458011888386
Cancer_vs_Healthy,0.8807724609682508
Cancer_vs_Healthy,0.00642235787002335
Cancer_vs_Healthy,0.8930912201099801
Cancer_vs_Healthy,0.4861154631152184
Cancer_vs_Healthy,0.6869938133321222
Cancer_vs_Healthy,0.9725582039139256
Cancer_vs_Healthy,0.09063933227399884
Cancer_vs_Healthy,1.207083900982171e-7
Cancer_vs_Healthy,0.1269191795453643
Cancer_vs_Healthy,0.9983299451542114
Cancer_vs_Healthy,0.1487888550204518
Cancer_vs_Healthy,0.9970715341008564
Cancer_vs_Healthy,0.9447105506946708
Cancer_vs_Healthy,0.9369440096621728
Cancer_vs_Healthy,0.7873082359856941
Cancer_vs_Healthy,0.60531942776104
Cancer_vs_Healthy,0.02208983918651776
Cancer_vs_Healthy,0.9869238937155028
Cancer_vs_Healthy,0.16682871793262172
Cancer_vs_Healthy,0.29284343925498946
Cancer_vs_Healthy,0.9983602726715938
Cancer_vs_Healthy,0.00185927028978067
Cancer_vs_Healthy,0.754594342155936
Cancer_vs_Healthy,0.07420230720251755
Cancer_vs_Healthy,0.18154555839142883
Cancer_vs_Healthy,0.999998320033288
Cancer_vs_Healthy,0.8486340888908726
Cancer_vs_Healthy,0.7876727381837928
Cancer_vs_Healthy,0.9733480554839948
Cancer_vs_Healthy,0.7485377158678658
Cancer_vs_Healthy,0.4080513253024454
Cancer_vs_Healthy,0.10007468593947104
Cancer_vs_Healthy,0.22790871597440157
Cancer_vs_Healthy,0.8826421140331502
Cancer_vs_Healthy,0.9508056439862984
Cancer_vs_Healthy,6.300376974544664e-4
Cancer_vs_Healthy,0.9948586047931448
Cancer_vs_Healthy,0.6974764664947797
Cancer_vs_Healthy,0.2380486273237984
Cancer_vs_Healthy,0.30884083262635453
Cancer_vs_Healthy,0.752455756389883
Cancer_vs_Healthy,0.8940079088051919
Cancer_vs_Healthy,0.4977455840894593
Cancer_vs_Healthy,0.9599671833752697
Cancer_vs_Healthy,0.1578057651573906
Cancer_vs_Healthy,0.7479306296352614
Cancer_vs_Healthy,0.15890514479427836
Cancer_vs_Healthy,0.731858020053494
Cancer_vs_Healthy,0.9382767219346572
Cancer_vs_Healthy,0.6613191694149563
Cancer_vs_Healthy,0.8200579758746649
Cancer_vs_Healthy,0.7483414694799617
Cancer_vs_Healthy,0.915890836334246
Cancer_vs_Healthy,0.9605424024215778
Cancer_vs_Healthy,0.11708699499449458
Cancer_vs_Healthy,0.7199535044357929
Cancer_vs_Healthy,0.05522928403265205
Cancer_vs_Healthy,0.9653487555450196
Cancer_vs_Healthy,0.9693127039986716
Cancer_vs_Healthy,0.15561294826631622
Cancer_vs_Healthy,0.5652231301938446
Cancer_vs_Healthy,0.8148622719029207
Cancer_vs_Healthy,0.0421785541601035
Cancer_vs_Healthy,0.6398452747501105
Cancer_vs_Healthy,0.8033392699695227
Cancer_vs_Healthy,0.9646656453501464
Cancer_vs_Healthy,0.10228648671884236
Cancer_vs_Healthy,0.566450294257696
Cancer_vs_Healthy,0.7488297506872341
Cancer_vs_Healthy,0.00790808555025371
Cancer_vs_Healthy,0.00844943407411013
Cancer_vs_Healthy,0.6559989860440226
Cancer_vs_Healthy,0.4431179695818704
Cancer_vs_Healthy,0.9942714953719856
Cancer_vs_Healthy,0.998184085525636
Cancer_vs_Healthy,0.9064068810145318
Cancer_vs_Healthy,0.00248200826287104
Cancer_vs_Healthy,0.9823401005111309
Cancer_vs_Healthy,0.9981638189853682
Cancer_vs_Healthy,0.9148831342139722
Cancer_vs_Healthy,0.7191289673399165
Cancer_vs_Healthy,0.9833492358469256
Cancer_vs_Healthy,0.6430527567063936
Cancer_vs_Healthy,0.6889790156765948
Cancer_vs_Healthy,0.9792563743760702
Cancer_vs_Healthy,0.9691370210479238
Cancer_vs_Healthy,0.00930253098830926
Cancer_vs_Healthy,0.26354753903985023
Cancer_vs_Healthy,2.150465921028866e-6
Cancer_vs_Healthy,0.00110196250410667
Cancer_vs_Healthy,0.5806196129345521
Cancer_vs_Healthy,0.9989787336436404
Cancer_vs_Healthy,0.9121732802480622
Cancer_vs_Healthy,0.00334933552769158
Cancer_vs_Healthy,0.9809981102122092
Cancer_vs_Healthy,0.5122940659620558
Cancer_vs_Healthy,0.9489567189301852
Cancer_vs_Healthy,0.1068401636527673
Cancer_vs_Healthy,0.04616518507751096
Cancer_vs_Healthy,0.9894191605190016
Cancer_vs_Healthy,0.9995153921465416
Cancer_vs_Healthy,0.6866134164185524
Cancer_vs_Healthy,0.9372482489647608
Cancer_vs_Healthy,0.9993806045502855
Cancer_vs_Healthy,0.08986813555730852
Cancer_vs_Healthy,0.5904940482610462
Cancer_vs_Healthy,0.8113450130437827
Cancer_vs_Healthy,0.8034785772646577
Cancer_vs_Healthy,0.2034930323550028
Cancer_vs_Healthy,0.01903377415711316
Cancer_vs_Healthy,0.48392587843973967
Cancer_vs_Healthy,0.01015590617681773
Cancer_vs_Healthy,0.7862427752130146
Cancer_vs_Healthy,0.8538776975884946
Cancer_vs_Healthy,0.916489089617834
Cancer_vs_Healthy,0.4636348468478183
Cancer_vs_Healthy,0.6528362652942521
Cancer_vs_Healthy,0.8848606660586109
Cancer_vs_Healthy,0.8449150807872177
Cancer_vs_Healthy,0.1916730834992459
Cancer_vs_Healthy,0.6223972975597233
Cancer_vs_Healthy,0.25540627396529664
Cancer_vs_Healthy,0.8658478992748168
Cancer_vs_Healthy,0.5374335371551092
Cancer_vs_Healthy,0.733138678755936
Cancer_vs_Healthy,0.28949488989263444
Cancer_vs_Healthy,0.8728550398683322
Cancer_vs_Healthy,0.3151404795702562
Cancer_vs_Healthy,0.3749197861043357
Cancer_vs_Healthy,0.8291679546452035
Cancer_vs_Healthy,0.32941385101658455
Cancer_vs_Healthy,0.05854220919086223
Cancer_vs_Healthy,0.1053528374224104
Cancer_vs_Healthy,0.31814236340639
Cancer_vs_Healthy,0.4886688575134735
Cancer_vs_Healthy,0.9858153687523868
Cancer_vs_Healthy,0.9977803561104346
Cancer_vs_Healthy,0.9414223287170592
Cancer_vs_Healthy,0.895180790959712
Cancer_vs_Healthy,0.9332941788946932
Cancer_vs_Healthy,0.26282110850357154
Cancer_vs_Healthy,0.9690679611864144
Cancer_vs_Healthy,0.9362546806954736
Cancer_vs_Healthy,0.01199194493393821
Cancer_vs_Healthy,0.9215964006889388
Cancer_vs_Healthy,0.41521248530719834
Cancer_vs_Healthy,0.14749422971473267
Cancer_vs_Healthy,0.8253960202914524
Cancer_vs_Healthy,0.6544312156695
Cancer_vs_Healthy,0.2982881371706108
Cancer_vs_Healthy,0.16929389207455758
Cancer_vs_Healthy,0.6822411522284364
Cancer_vs_Healthy,0.22665264484728884
Cancer_vs_Healthy,0.9923012543562392
Cancer_vs_Healthy,0.9776102745581198
Cancer_vs_Healthy,0.8276184579040473
Cancer_vs_Healthy,0.5213522073322013
Cancer_vs_Healthy,0.2645943568442713
Cancer_vs_Healthy,0.07494168529482802
Cancer_vs_Healthy,0.9672175006001292
Cancer_vs_Healthy,0.48225658732657656
Cancer_vs_Healthy,0.893118324066971
Cancer_vs_Healthy,0.08234069729857357
Cancer_vs_Healthy,0.01440595476215211
Cancer_vs_Healthy,0.9350734419432676
Cancer_vs_Healthy,0.845675185334912
Cancer_vs_Healthy,0.11013513008960275
Cancer_vs_Healthy,0.16921187358515552
Cancer_vs_Healthy,0.14502327665083845
Cancer_vs_Healthy,0.8268066718416658
Cancer_vs_Healthy,0.9510892629001866
Cancer_vs_Healthy,0.5694616683293898
Cancer_vs_Healthy,0.9882944207477352
Cancer_vs_Healthy,0.6446488780307175
Cancer_vs_Healthy,0.12636832804137063
Cancer_vs_Healthy,0.9996855062298576
Cancer_vs_Healthy,0.6321919762344672
Cancer_vs_Healthy,0.13577706810982965
Cancer_vs_Healthy,0.623885147852287
Cancer_vs_Healthy,0.6933798287382498
Cancer_vs_Healthy,0.7927654139402827
Training_CR,0.91542736611982
Training_CR,0.985016842344694
Training_CR,0.9840895719765586
Training_CR,0.8368040090493857
Training_CR,0.9846372985799348
Training_CR,0.9223372458745812
Training_CR,0.6762371950709403
Training_CR,0.2416150810279244
Training_CR,0.9634133780914405
Training_CR,0.997357801744264
Training_CR,0.21574893624154223
Training_CR,0.9733732300253164
Training_CR,0.6210953379650052
Training_CR,0.991517122886723
Training_CR,0.9983988087135944
Training_CR,0.6885867079883514
Training_CR,0.998108556923052
Training_CR,0.8679310306340818
Training_CR,0.6448378346510902
Training_CR,0.29394696298611334
Training_CR,0.9985041529542832
Training_CR,0.978509524281993
Training_CR,0.8676270040406802
Training_CR,0.8304709173003834
Training_CR,0.996345195656536
Training_CR,0.9216340163778188
Training_CR,0.999508727483055
Training_CR,0.7647817174645696
Training_CR,0.8403639169779789
Training_CR,0.6037021836395782
Training_CR,0.8314967941982373
Training_CR,0.9978330366796356
Training_CR,0.928892010058282
Training_CR,0.8072162817270382
Training_CR,0.9220930538840344
Training_CR,0.4867030992508848
Training_CR,0.9407678684810492
Training_CR,0.5764420435330473
Training_CR,0.9491769898052766
Training_CR,0.9296206741186224
Training_CR,0.9718041691890608
Training_CR,0.9849783726363678
Training_CR,0.9730048542734688
Training_CR,0.9660691333961976
Training_CR,0.8840578239309109
Training_CR,0.8539948098557695
Training_CR,0.9751445295643776
Training_CR,0.8917358982087396
Training_CR,0.8478683119557554
Training_CR,0.6645340585874084
Training_CR,0.8139266383579347
Training_CR,0.9504118126557862
Training_CR,0.9996367287418796
Training_CR,0.921139539544227
Training_CR,0.296738689935128
Training_CR,0.9547926213090556
Training_CR,0.9912386755104158
Training_CR,0.995487172153478
Training_CR,0.3733042657592839
Training_CR,0.16773810506356965
Training_CR,0.153102293381216
Training_CR,0.9999212744808792
Training_CR,0.9010643214220808
Training_CR,0.9652207912819276
Training_CR,0.9374740033237188
Training_CR,0.9050818421458752
Training_CR,0.8103920807389491
Training_CR,0.7209832446435119
Training_CR,0.9924531038813
Training_CR,0.93128429035394
Training_CR,0.24172313118257135
Training_CR,0.9297445633227792
Training_CR,0.6226368944988402
Training_CR,0.9536783871032282
Training_CR,0.3187037320883899
Training_CR,0.8257708796826926
Training_CR,0.8047788031144257
Training_CR,0.9416524029459316
Training_CR,0.9494126458230274
Training_CR,0.958082831488398
Training_CR,0.622313699074593
Training_CR,0.8043088624493692
Training_CR,0.9997507090168524
Training_CR,0.6249845878327102
Training_CR,0.10982029698342584
Training_CR,0.624261366394238
Training_CR,0.9987218596957448
Training_CR,0.36415430666976695
Training_CR,0.9021044316712428
Training_CR,0.5336816739438647
Training_CR,0.9999551506968788
Training_CR,0.9786435411364536
Training_CR,0.942553768221257
Training_CR,0.9628616493506316
Training_CR,0.5221914104833656
Training_CR,0.979075775985753
Training_CR,0.2617883080758425
Training_CR,0.9687666707923236
Training_CR,0.8751564554386457
Training_CR,0.9822345149130112
Training_CR,0.6944478548059384
Training_CR,0.5222045607300226
Training_CR,0.906130701497094
Training_CR,0.964523697816392
Training_CR,0.9875619409731268
Training_CR,0.9147010057785188
Training_CR,0.7915009032479468
Training_CR,0.7048637704376717
Training_CR,0.9999974216731474
Training_CR,0.8603714094739536
Training_CR,0.9020541540585963
Training_CR,0.16609383462153732
Training_CR,0.8408720749817233
Training_CR,0.9950569312596628
Training_CR,0.9916518825740064
Training_CR,0.9913525708525384
Training_CR,0.34485928861891235
Training_CR,0.9780393718860289
Training_CR,0.9507986330838356
Training_CR,0.5476546610080928
Training_CR,0.7343632466081405
Training_CR,0.5197024958342832
Training_CR,0.9174860495716508
Training_CR,0.9190622675601108
Training_CR,0.9937891655679638
Training_CR,0.938297550755104
Training_CR,0.979685408020358
Training_CR,0.9932543914284232
Training_CR,0.987597003279124
Training_CR,0.4412991607489101
Training_CR,0.9988085626045003
Training_CR,0.981783337713799
Training_CR,0.963619659371162
Training_CR,0.9027780625227272
Training_CR,0.725169008705395
Training_CR,0.9942230705536568
Training_CR,0.5300746394748751
Training_CR,0.7852873804663895
Training_CR,0.9650117549710706
Training_CR,0.8629194012437573
Training_CR,0.9999205774003967
Training_CR,0.9128066351439076
Training_CR,0.42668835951977
Training_CR,0.12756422509567145
Training_CR,0.9107859607821698
Training_CR,0.4097991439500357
Training_CR,0.2949092451351073
Training_CR,0.9939558180009844
Training_CR,0.837804586122876
Training_CR,0.05939625256125738
Training_CR,0.9760732864843538
Training_CR,0.9300483931213308
Training_CR,0.719889729468261
Training_CR,0.7542926174828212
Training_CR,0.32072495604693596
Training_CR,0.509551594111664
Training_CR,0.8809181223416497
Training_CR,0.8409832410244117
Training_CR,0.996463107463848
Training_CR,0.9444122164490067
Training_CR,0.5335735470968188
Training_CR,0.942526502717046
Training_CR,0.9918472136169888
Training_CR,0.7234399418951089
Training_CR,0.3568045144871572
Training_CR,0.5378279694429822
Training_CR,0.8459796397288911
Training_CR,0.5642110245582357
Training_CR,0.9485325855296108
Training_CR,0.7080597233886469
Training_CR,0.9975467364618767
Training_CR,0.9513055691737284
Training_CR,0.9546345089065598
Training_CR,0.9881264515602918
Training_CR,0.7015876757492184
Training_CR,0.5546086733903932
Training_CR,0.9999821540573918
Training_CR,0.9575304476130808
Training_CR,0.12853085951558532
Training_CR,0.9708395387582462
Training_CR,0.999544283743398
Training_CR,0.999969627633636
Training_CR,0.8968704079685805
Training_CR,0.5284880742812609
Training_CR,0.9977967351335736
Training_CR,0.9977389176430204
Training_CR,0.7317205000835462
Training_CR,0.6028959384256792
Training_CR,0.9891256627184356
Training_CR,0.9375233680304824
Training_CR,0.998105179737427
Training_CR,0.9851313780318828
Training_CR,0.3030393846075751
Training_CR,0.9999941276687294
Training_CR,0.9180829131036662
Training_CR,0.994135511024902
Training_CR,0.4717457634059225
Training_CR,0.617159084793736
Training_CR,0.3699086241584182
Training_CR,0.8617152380171403
Training_CR,0.6867533610552863
Training_CR,0.8004242456966024
Training_CR,0.3343368673090195
Training_CR,0.8694750440101304
Training_CR,0.9737320276665568
Training_CR,0.4250379906216965
Training_CR,0.9968692380108076
Training_CR,0.7582252528516302
Training_CR,0.3216067425101815
Training_CR,0.8085262039445018
Training_CR,0.7551768866384333
Training_CR,0.5208625868616692
Training_CR,0.9663999701870972
Training_CR,0.9880582678186856
Training_CR,0.6911861961557799
Training_CR,0.996341129670168
Training_CR,0.9998143360973404
Training_CR,0.8546008451045476
Training_CR,0.9786887206096658
Training_CR,0.6153005671435541
Training_CR,0.9841080949823172
Training_CR,0.9717411516626852
Training_CR,0.9989451496892552
Training_CR,0.4362821293292463
Training_CR,0.195099793850354
Training_CR,0.9897281266710064
Training_CR,0.928818756530007
Training_CR,0.8731963037014221
Training_CR,0.5250476935918769
Training_CR,0.8086728403337969
Training_CR,0.9066485562797852
Training_CR,0.8305753107822618
Training_CR,0.8777319015012232
Training_CR,0.999915082876456
Training_CR,0.6435871611605807
Training_CR,0.9973616783953074
Training_CR,0.9218997344197508
Training_CR,0.9907461438451108
Training_CR,0.9938871847548358
Training_CR,0.6274601097839203
Training_CR,0.9144376397613002
Training_CR,0.5099767010763968
Training_CR,0.9144678476574604
Training_CR,0.4495674693554222
Training_CR,0.9281845636043026
Training_CR,0.7979847884551752
Training_CR,0.5849350605578858
Training_CR,0.9945282435012736
Training_CR,0.9868285611413856
Training_CR,0.47067603645639094
Training_CR,0.7281103399843101
Training_CR,0.8123941672831397
Training_CR,0.9938777126702
Training_CR,0.9804024982132242
Training_CR,0.8549402650728861
Training_CR,0.9640115315974792
Training_CR,0.9832173859974892
Training_CR,0.8686534622458263
Training_CR,0.9485544411762696
Training_CR,0.8268313455149129
Training_CR,0.999943745928861
Training_CR,0.3408075328809409
Training_CR,0.9709590678879312
Training_CR,0.7201052942203165
Training_CR,0.925551469110916
Training_CR,0.9910248803236196
Training_CR,0.6080926350705717
Training_CR,0.9675311684166462
Training_CR,0.9604673680784824
Training_CR,0.9994172785462848
Training_CR,0.9999296787712758
Training_CR,0.330704864831889
Training_CR,0.9410392297887452
Training_CR,0.4360100785112947
Training_CR,0.943933138034994
Training_CR,0.9713928901640998
Training_CR,0.997927732750275
Training_CR,0.42253682360509015
Training_CR,0.9043083538388784
Training_CR,0.9932475508990938
Training_CR,2.2144524016790118e-16
Training_CR,0.4187298694896772
Training_CR,0.7802063787215585
Training_CR,0.999562864242325
Training_CR,0.988467904737282
Training_CR,0.8696885326262903
Training_CR,0.9758644668197024
Training_CR,0.9992446116007092
Training_CR,0.9995802245801708
Training_CR,0.9972610248932324
Training_CR,0.3863058151581332
Training_CR,0.9926227555359066
Training_CR,0.8798570720769412
Training_CR,0.7096719017658074
Training_CR,0.99094258190605
Training_CR,0.9510688637981146
Training_CR,0.9643965741324374
Training_CR,0.9999999999910952
Training_CR,0.7243235571017167
Training_CR,0.7651550199769644
Training_CR,0.8893166950459036
Training_CR,0.9998814420000977
Training_CR,0.8867976271943273
Training_CR,0.8903343571753293
Training_CR,0.996954090039239
Training_CR,0.9713296565364958
Training_CR,0.946949515981176
Training_CR,0.48908731417686
Training_CR,0.6565325811514608
Training_CR,0.6487086449559377
Training_CR,0.9994911151079858
Training_CR,0.5264248488095082
Training_CR,0.9988706199878192
Training_CR,0.998535183613588
Training_CR,0.9978315775923016
Training_CR,0.9528854893833976
Training_CR,0.6916263104925278
Training_CR,0.9200252716209236
Training_CR,0.5443836947600895
Training_CR,0.8203847961446331
Training_CR,0.9373349363546892
Training_CR,0.8652823099407815
Training_CR,0.9751253086727324
Training_CR,0.9064009210901824
Training_CR,0.8881848226392337
Training_CR,0.9898510216568625
Training_CR,0.9801988070702142
Training_CR,0.448643889544993
Training_CR,0.9993169916696814
Training_CR,0.9862259152825558
Training_CR,0.8211596760384434
Training_CR,0.981200311581638
Training_CR,0.7956620610886093
Training_CR,0.9139586381666324
Training_CR,0.00213076560618624
Training_CR,0.9705787309838012
Training_CR,0.5747146496347308
Training_CR,0.9486907377924026
Training_CR,0.9589779762341554
Training_CR,0.5072551522217759
Training_CR,0.8737844919769123
Training_CR,0.8961366023779805
Training_CR,0.9883913322968936
Training_CR,0.9695608390389738
Training_CR,0.9708652022510924
Training_CR,0.00276122415052647
Training_CR,0.864669533398364
Training_CR,0.90723308453875
Training_CR,0.8294372092274186
Training_CR,0.9319154596074796
Training_CR,0.587010559056251
Training_CR,0.8034462430112029
Training_CR,0.987262074530311
Training_CR,0.9150919557793252
Training_CR,0.6680453774259069
Training_CR,0.9338218117372612
Training_CR,0.6958198131845834
Training_CR,0.23334276640598595
Training_CR,0.8859661775739976
Training_CR,0.9946820154794388
Training_CR,0.9995111192813492
Training_CR,0.737286838667835
Training_CR,0.9861538988233564
Training_CR,0.9741417150693342
Training_CR,0.9238344999879068
Training_CR,0.9848003505852908
Training_CR,0.8589573082108882
Training_CR,0.3608467263835789
Training_CR,0.3682841005904723
Training_CR,0.6273198821675698
Training_CR,0.9550286461407886
Training_CR,0.8391085727473186
Training_CR,0.7391649603195344
Training_CR,0.9985700830518958
Training_CR,0.9610847137742548
Training_CR,0.4883812236176361
Training_CR,0.9145954341475592
Training_CR,0.9742338702337756
Training_CR,0.3576548915753511
Training_CR,0.6393736753164511
Training_CR,0.9718942755492902
Training_CR,0.9844134890046596
Training_CR,0.3163912324732794
Training_CR,0.9909398946723328
Training_CR,0.7740516354797646
Training_CR,0.9883930590117144
Training_CR,0.9580307351456476
Training_CR,0.4685548723955137
Training_CR,0.821193554642193
Training_CR,0.8636032608406057
Training_CR,0.943455851776952
Training_CR,0.9922700156492428
Training_CR,0.9998607709103065
Training_CR,0.8847644061145282
Training_CR,0.9998933807857804
Training_CR,0.3304610151746755
Training_CR,0.8665058030460305
Training_CR,0.979801356573586
Training_CR,0.9338766127580748
Training_CR,0.4213070308373221
Training_CR,0.5651021340200866
Training_CR,0.5686695015762646
Training_CR,0.01710223543675532
Training_CR,0.8284684838465731
Training_CR,0.9944849477303092
Training_CR,0.8007797542803291
Training_CR,0.6797739433786013
Training_CR,0.9995084097594666
Training_CR,0.999969211583966
Training_CR,0.9861034835551574
Training_CR,0.8510559307213467
Training_CR,0.4132878093398616
Training_CR,0.3373285916396051
Training_CR,0.5459532951591954
Training_CR,0.9724534338583608
Training_CR,0.7209527613554171
Training_CR,0.6290023568165826
Training_CR,0.896826321421525
Training_CR,0.9993059756055984
Training_CR,0.984245580444266
Training_CR,0.9757502498296132
Training_CR,0.7895327728469741
Training_CR,0.9806547305155868
Training_CR,0.8284443081966154
Training_CR,0.877189695135819
Training_CR,0.7256759191096398
Training_CR,0.9775020112370032
Training_CR,0.8275654168409613
Training_CR,0.7596667674631374
Training_CR,0.08408320660683113
Training_CR,0.9946606538130416
Training_CR,0.8777065359822208
Training_CR,0.8786815911500144
Training_CR,0.992084344317083
Training_CR,0.8965154211669006
Training_CR,0.9957161977613278
Training_CR,0.7953351373999558
Training_CR,0.17747868152144908
Training_CR,0.08685031566948688
Training_CR,0.8324957711480345
Training_CR,0.9831302063119666
Training_CR,0.9862562607242232
Training_CR,0.985672725407208
Training_CR,0.9757821948297544
Training_CR,0.8971910536732685
Training_CR,0.9506053604751292
Training_CR,0.8053363161876802
Training_CR,0.8977989688513232
Training_CR,0.4989071942547814
Training_CR,0.9430187651150302
Training_CR,0.01258843327739084
Training_CR,0.35724509441661306
Training_CR,0.9738866560536228
Training_CR,0.8750891251732819
Training_CR,0.8037271894183857
Training_CR,0.9490706220696128
Training_CR,0.25979422831447946
Training_CR,0.13901580789148407
Training_CR,0.6250884118788286
Training_CR,0.8399531625850941
Training_CR,0.9711489908981792
Training_CR,0.9250018867499228
Training_CR,0.9983574043020516
Training_CR,0.8297239877383646
Training_CR,0.8874634698625087
Training_CR,0.8639109968198315
Training_CR,0.8939403892624141
Training_CR,0.9480459273733536
Training_CR,0.5788239457366205
Training_CR,0.9998248747481984
Training_CR,0.2994803121286169
Training_CR,0.9272888349932203
Training_CR,0.8405045041632165
Training_CR,0.9728546920860408
Training_CR,0.999995387271071
Training_CR,0.9802895724885868
Training_CR,0.5655779047786874
Training_CR,0.5813579916329287
Training_CR,0.8146937253571781
Training_CR,0.17259837210712073
Training_CR,0.953376922086658
Training_CR,0.9413279150445724
Training_CR,0.9978406307003272
Training_CR,0.8783511815612214
Training_CR,0.9588853359037884
Training_CR,0.3210018324937771
Training_CR,0.9796133693922024
Training_CR,0.8232310161744232
Training_CR,0.34106139704699995
Training_CR,0.8186258834725103
Training_CR,0.5190863268246535
Training_CR,0.8076090364847633
Training_CR,0.3130243681911534
Training_CR,0.6972249761539273
Training_CR,0.9989177939013164
Training_CR,0.9981452061141896
Training_CR,0.9932921798498546
Training_CR,0.9295639510262182
Training_CR,0.5891068269283924
Training_CR,0.8258154889496189
Training_CR,0.8959675047356436
Training_CR,0.954763330431719
Training_CR,0.8300540351428041
Training_CR,0.999248060800226
Training_CR,0.9565147195337114
Training_CR,0.9928991563677148
Training_CR,0.9994395319246352
Training_CR,0.9815209694117916
Training_CR,0.8291306908802608
Training_CR,0.795070508537199
Training_CR,0.9949683711849332
Training_CR,0.9387934481845256
Training_CR,0.8802208626263537
Training_CR,0.00396951016517339
Training_CR,0.93925768986795
Training_CR,0.9263096671797968
Training_CR,0.934957530511618
Training_CR,0.13315777967517853
Training_CR,0.9321357001740388
Training_CR,0.4041426033538586
Training_CR,0.39858224951572296
Training_CR,0.9757473985022538
Training_CR,0.9999974584928092
Training_CR,0.9676104911799656
Training_CR,0.9849548487153084
Training_CR,0.7267343296481663
Training_CR,0.9778971541495012
Training_CR,0.7837754884432612
Training_CR,0.9858167191583106
Training_CR,0.996720018443989
Training_CR,0.9791662168979034
Training_CR,0.988538636256886
Training_CR,0.2637419244711113
Training_CR,0.902999564259838
Training_CR,0.9996855867676108
Training_CR,0.9987336415424186
Training_CR,0.6798454468321568
Training_CR,0.6313250294614943
Training_CR,0.946600624491714
Training_CR,0.938493540853977
Training_CR,0.6940763576755848
Training_CR,0.890893531881163
Training_CR,0.7407514050056311
Training_CR,0.9332112156433175
Training_CR,0.943061574425202
Training_CR,0.5389891698399162
Training_CR,0.9996860908424252
Training_CR,0.5831445016458154
Training_CR,0.9964707516726944
Training_CR,0.909427696907638
Training_CR,0.934382216394
Training_CR,0.9967850542324436
Training_CR,0.7956307415178682
Training_CR,0.9282992116935584
Training_CR,0.8726197116196234
Training_CR,0.4702205897814918
Training_CR,0.9511831633074804
Training_CR,0.99898382621763
Training_CR,0.4988975004785832
Training_CR,0.3869579606127002
Training_CR,0.7870983780765834
Training_CR,0.3735544132638579
Training_CR,0.6458325910698944
Training_CR,0.7154486390563222
Training_CR,0.9597523048529588
Training_CR,0.9083753959511708
Training_CR,0.7553528800977678
Training_CR,0.5826386460564464
Training_CR,0.9897510908230006
Training_CR,0.6362021001429496
Training_CR,0.9980110360068448
Training_CR,0.9898525033964676
Training_CR,0.6215947241687607
Training_CR,0.9059586177817222
Training_CR,0.3409532013323443
Training_CR,0.901093626909402
Training_CR,0.0851566696980935
Training_CR,0.8979309069865665
Training_CR,0.9041536252429726
Training_CR,0.9045450811069836
Training_CR,0.9987452844454114
Training_CR,0.7439268923919186
Training_CR,0.5982946124011613
Training_CR,0.9642710748676396
Training_CR,0.18534556982557487
Training_CR,0.9871688125227224
Training_CR,0.700966743193481
Training_CR,0.9995534430724332
Training_CR,0.27406635069359175
Training_CR,0.9982672242583904
Training_CR,0.7389394598141299
Training_CR,0.8981719135528935
Training_CR,0.6026766767215828
Training_CR,0.9515581684686382
Training_CR,0.8309035878433391
Training_CR,0.924112839137655
Training_CR,0.9890218569097472
Training_CR,0.7146457561014837
Training_CR,0.9985854903299204
Training_CR,0.8950183726407795
Training_CR,0.865240521579476
Training_CR,0.9949844668343644
Training_CR,0.9971340323137686
Training_CR,0.9957949706065417
Training_CR,0.8987942957913467
Training_CR,0.991217649190942
Training_CR,0.9724283009024062
Training_CR,0.8075242518238702
Training_CR,0.9995486292893024
Training_CR,0.9977234415340654
Training_CR,0.8912322966471117
Training_CR,0.7394305359222572
Training_CR,0.766486405484374
Training_CR,0.8802781692154162
Training_CR,0.3099468495723764
Training_CR,0.957870313295976
Training_CR,0.9994881637423504
Training_CR,0.2844370702688404
Training_CR,0.8832634877501486
Training_CR,0.8799616767158915
Training_CR,0.9950986302342276
Training_CR,0.9628535110060406
Training_CR,0.5864466005866532
Training_CR,0.6457925263511975
Training_CR,0.8148474826059278
Training_CR,0.9116462038248772
Training_CR,0.9728068888561632
Training_CR,0.9819821277019032
Training_CR,0.8506624071694814
Training_CR,0.93518413402873235
Training_CR,0.9578933376704716
Training_CR,0.7551338643766337
Training_CR,0.6939864735900584
Training_CR,0.9264858598778724
Training_CR,0.941248790594538
Training_CR,0.997499539354813
Training_CR,0.7941416780163477
Training_CR,0.5291127764630661
Training_CR,0.9493082547235844
Training_CR,0.6410778617078913
Training_CR,0.44289753636456336
Training_CR,0.8889147833634876
Training_CR,0.9349949248802892
Training_CR,0.33607067285360415
Training_CR,0.9793567820686792
Training_CR,0.7209486170549001
Training_CR,0.9829220185146824
Training_CR,0.9994619719282404
Training_CR,0.9845264348667714
Training_CR,0.7254340749573576
Training_CR,0.9747597527856544
Training_CR,0.7694769724303758
Training_CR,0.8112049867161709
Training_CR,0.9741312822612176
Training_CR,0.27375267339442527
Training_CR,0.7188819155684194
Training_CR,0.6990894918749121
Training_CR,0.927777528609672
Training_CR,0.94898559745639
Training_CR,0.01826455813786544
Training_CR,0.8252932344352601
Training_CR,0.628713204587234
Training_CR,0.9069036993028838
Training_CR,0.7938445076847569
Training_CR,0.8749417982295875
Training_CR,0.8247093716806042
Training_CR,0.9996750049807742
Training_CR,0.9725001933359602
Training_CR,0.99769474295257
Training_CR,0.935835058070822
Training_CR,0.9962207981750926
Training_CR,0.960659727135274
Training_CR,0.999373317447948
Training_CR,0.9694464169084402
Training_CR,0.990739226014996
Training_CR,0.9784331414450396
Training_CR,0.9996794756349168
Training_CR,0.991780457615929
Training_CR,0.840438722472147
Training_CR,0.736522364970119
Training_CR,0.972488494258394
Training_CR,0.9940160306042708
Training_CR,0.952861220228756
Training_CR,0.8242801858894203
Training_CR,0.7435100587473851
Training_CR,0.4794917052615097
Training_CR,0.951553143463805
Training_CR,0.9175977525383824
Training_CR,0.9486106170379532
Training_CR,0.9995403234367212
Training_CR,0.9384116943004692
Training_CR,0.9038672953632158
Training_CR,0.1235450126009062
Training_CR,0.8173683050169219
Training_CR,0.9272897448094246
Training_CR,0.9933713104144648
Training_CR,0.8297140760911099
Training_CR,0.39797259437713134
Training_CR,0.28157294498259106
Training_CR,0.7403267037954664
Training_CR,0.116430067857884
Training_CR,0.7349865323244597
Training_CR,0.6887038141065323
Training_CR,0.91873218408421
Training_CR,0.9984922734722104
Training_CR,0.6092277795438356
Training_CR,0.999975476391564
Training_CR,0.30657450696939964
Training_CR,0.8224444057970596
Training_CR,0.9978868029961538
Training_CR,0.7227100773709778
Training_CR,0.8334680290565185
Training_CR,0.99651273796982065
Training_CR,0.3851909178018725
Training_CR,0.9513475056942318
Training_CR,0.8280205372449769
Training_CR,0.537152562183935
Training_CR,0.8725592200389095
Training_CR,0.7186136816518776
Training_CR,0.9808571601877368
Training_CR,0.9535376750521766
Training_CR,0.7523194341424543
Training_CR,0.8246988328945393
Training_CR,0.9851185344023992
Training_CR,0.4924090221696435
Training_CR,0.6282235194256187
Training_CR,0.9863354313222464
Training_CR,0.9590632092122474
Training_CR,0.17738867081937187
Training_CR,0.7872774576631583
Training_CR,0.7284240506543458
Training_CR,0.9937829469456622
Training_CR,0.992110514681409
Training_CR,0.7453292816059581
Training_CR,0.9991050519630036
Training_CR,0.999999828325745
Training_CR,0.963929468060097
Training_CR,0.983403076113125
Training_CR,0.6652960567404382
Training_CR,0.8227987183188291
Training_CR,0.9581235605385262
Training_CR,0.9521613182124776
Training_CR,0.8492097585441167
Training_CR,0.25002321588052906
Training_CR,0.03981711240018956
Training_CR,0.595084076811213
Training_CR,0.624038521656981
Training_CR,0.8350854113099938
Training_CR,0.9999979900293854
Training_CR,0.6428527661717207
Training_CR,0.4649235405786914
Training_CR,0.9877626738929172
Training_CR,0.8551144304549735
Training_CR,0.9052993277238336
Training_CR,0.8167354701155968
Training_CR,0.4119039787743198
Training_CR,0.992152973829452
Training_CR,0.02265670152928338
Training_CR,0.9872234618960692
Training_CR,0.28081250804363406
Training_CR,0.9386507154438284
Training_CR,0.9999293674217804
Training_CR,0.7073349504436357
Training_CR,0.8232480635047006
Training_CR,0.9286793193330714
Training_CR,0.628992812045134
Training_CR,0.6824088140417311
Training_CR,0.6256870631950758
Training_CR,0.9078224469242276
Training_CR,0.4726068075313295
Training_CR,0.9995102856485504
Training_CR,0.9876234664651476
Training_CR,0.7333734423791002
Training_CR,0.9145834668523724
Training_CR,0.9970918528170728
Training_CR,0.8065640314977298
Training_CR,0.5072315574584468
Training_CR,0.998092844899414
Training_CR,0.7219787179872508
Training_CR,0.8536198502951076
Training_CR,0.9941779103411656
Training_CR,0.5487858802099775
Training_CR,0.9995483527473809
Training_CR,0.9956515234438804
Training_CR,0.9654231807626824
Training_CR,0.6454425851551496
Training_CR,0.5735910447904847
Training_CR,0.7581380270594629
Training_CR,0.9608501366434002
Training_CR,0.509334261180473
Training_CR,0.9994872453066916
Training_CR,0.7496704093246004
Training_CR,0.952227976507484
Training_CR,0.4539863975105548
Training_CR,0.78775526631257
Training_CR,0.8929346203008153
Training_CR,0.5424670895006899
Training_CR,0.9693790996955272
Training_CR,0.9584768405333692
Training_CR,0.13589814531340502
Training_CR,0.8181860666935877
Training_CR,0.8341062495785085
Training_CR,0.9398175264124928
Training_CR,0.21389298978517415
Training_CR,0.7295740124291369
Training_CR,0.393709640790248
Training_CR,0.882516958092984
Training_CR,0.9003490503408608
Training_CR,0.9171930555173304
Training_CR,0.7545762189309914
Training_CR,0.8936721654125147
Training_CR,0.6841362057048036
Training_CR,0.5788150646196167
Training_CR,0.8341730557328974
Training_CR,0.9995606914998452
Training_CR,0.48898468830830166
Training_CR,0.9999402070755428
Training_CR,0.9442079571327898
Training_CR,0.9994822757052444
Training_CR,0.918845529428576
Training_CR,0.9290193417277954
Training_CR,0.680755204698696
Training_CR,0.7269934899131278
Training_CR,0.9933063772087358
Training_CR,0.7692938903065657
Training_CR,0.6122509338180815
Training_CR,0.9888076609994588
Training_CR,0.999008942683799
Training_CR,0.999798295146955
Training_CR,0.6845675778360478
Training_CR,0.994457375499416
Training_CR,0.953114108990427
Training_CR,0.950825815388774
Training_CR,0.988258121241711
Training_CR,0.9996977440407332
Training_CR,0.9753500407282956
Training_CR,0.8342705185040632
Training_CR,0.955172105666526
Training_CR,0.8900011943670535
Training_CR,0.8995483956578354
Training_CR,0.9885281749847984
Training_CR,0.8555384447129623
Training_CR,0.3503559572485516
Training_CR,0.7544553089393568
Training_CR,0.978155570807041
Training_CR,0.9808506477498722
Training_CR,0.8812350084394558
Training_CR,0.8978673279896099
Training_CR,0.7168095434084439
Training_CR,5.149817648652736e-6
Training_CR,0.4268101613816915
Training_CR,0.8878246551521146
Training_CR,0.7780069380580863
Training_CR,0.9591691154796824
Training_CR,0.965690157862344
Training_CR,0.9113563893845265
Training_CR,0.9699861900155374
Training_CR,0.9943794985343272
Training_CR,0.7465616959092292
Training_CR,0.9684888164791476
Training_CR,0.8586406430455791
Training_CR,0.9994715094822956
Training_CR,0.2318555202551163
Training_CR,0.9356205163018444
Training_CR,0.08487276774329294
Training_CR,0.9921465270753173
Training_CR,0.9820710252971244
Training_CR,0.4045354983916212
Training_CR,0.0973251918386203
Training_CR,0.7171885546839988
Training_CR,0.8488733721943091
Training_CR,0.4605130063100116
Training_CR,0.6615445030285056
Training_CR,0.6496939582648293
Training_CR,0.6984273755545297
Training_CR,0.9731658563367837
Training_CR,0.7510796019545419
Training_CR,0.9848554354580076
Training_CR,0.12551141402917448
Training_CR,0.8724787812010194
Training_CR,0.9935152231143994
Training_CR,0.9933851302719876
Training_CR,0.85026943215608
Training_CR,0.2067823773550268
Training_CR,0.6281942050782584
Training_CR,0.6611421990182688
Training_CR,0.6521081300384604
Training_CR,0.865005376143627
Training_CR,0.5470283502247715
Training_CR,0.8485080461623207
Training_CR,0.9906852039219726
Training_CR,0.9948607757248497
Training_CR,0.7872522330698548
Training_CR,0.8319157576519711
Training_CR,0.8593855627932367
Training_CR,0.9981993887480736
Training_CR,0.9999947981977448
Training_CR,0.6563697317210966
Training_CR,0.4415171664486154
Training_CR,0.859379648874816
Training_CR,0.99913236389122
Training_CR,0.977544267110612
Training_CR,0.8919746549679596
Training_CR,0.9829857512338548
Training_CR,0.7914969385144912
Training_CR,0.8976291484473687
Training_CR,0.982430326380078
Training_CR,0.9257957612207798
Training_CR,0.3841743417587168
Training_CR,0.3600911629610038
Training_CR,0.7934756195552062
Training_CR,0.9999950333763118
Training_CR,0.7788053171202405
Training_CR,0.5031986285548753
Training_CR,0.9852446486972426
Training_CR,0.9316746946575548
Training_CR,0.17884256696118625
Training_CR,0.6550439071612366
Training_CR,0.04832457327395359
Training_CR,0.7091472598035086
Training_CR,0.766040977437982
Training_CR,0.8066544760567191
Training_CR,0.5450926658909976
Training_CR,0.7945560337662292
Training_CR,0.8184412494101505
Training_CR,0.82625279537193
Training_CR,0.875491566441238
Training_CR,0.9084674779774838
Training_CR,0.4336446034665643
Training_CR,0.9404771887741096
Training_CR,0.9127848440402112
Training_CR,0.9888970892261696
Training_CR,0.740180787466169
Training_CR,0.990952848523282
Training_CR,0.7155052991817962
Training_CR,0.576887016774172
Training_CR,0.6905981672773857
Training_CR,0.9001956650320578
Training_CR,0.995748564281274
Training_CR,0.44939997707595225
Training_CR,0.8028168078047944
Training_CR,0.6995830415070307
Training_CR,0.49626727486402133
Training_CR,0.08358020719472166
Training_CR,0.918900778488366
Training_CR,0.27959966604384895
Training_CR,0.285320590916205
Training_CR,0.9671484930119648
Training_CR,0.8369755750423737
Training_CR,0.8599619833869145
Training_CR,0.8285472681196722
Training_CR,0.7653813845704825
Training_CR,0.8573146731335854
Training_CR,0.4740248904613802
Training_CR,0.24141851171217257
Training_CR,0.29386952306708436
Training_CR,0.8963123938877124
Training_CR,0.9399040258873248
Training_CR,0.8846287900892578
Training_CR,0.9986574547270064
Training_CR,0.18914971749262055
Training_CR,0.4358524378207336
Training_CR,0.7887967476286627
Training_CR,0.6385444335541938
Training_CR,0.8884565505854477
Training_CR,0.8352486089852554
Training_CR,0.9904739460753296
Training_CR,0.9743451165766974
Training_CR,0.6863872888844483
Training_CR,0.4468879985425878
Training_CR,0.9441536268305396
Training_CR,0.9880702037828916
Training_CR,0.9077762097508396
Training_CR,0.9840412606715346
Training_CR,0.862790857571646
Training_CR,0.05561235133864801
Training_CR,0.8199219268685105
Training_CR,0.9623563034970076
Training_CR,0.8182448060861074
Training_CR,0.9930839689036938
Training_CR,0.6819594924532375
Training_CR,0.875690070520564
Training_CR,0.9979988394318292
Training_CR,0.18085655266576975
Training_CR,0.4697985445926869
Training_CR,0.9744620725207276
Training_CR,0.991741775472602
Training_CR,0.952602676350939
Training_CR,0.9927151805749264
Training_CR,0.9154790782033309
Training_CR,0.9793810513590592
Training_CR,0.8508069584249499
Training_CR,0.342775895998978
Training_CR,0.9730483241922632
Training_CR,0.9271555919101264
Training_CR,0.970984491714952
Training_CR,0.7395367928087924
Training_CR,0.9998587834344111
Training_CR,0.9854648091000442
Training_CR,0.8865264211523857
Training_CR,0.4836141215984284
Training_CR,0.9993379157191205
Training_CR,0.7013677452563196
Training_CR,0.8800505585255134
Training_CR,0.01807237937581192
Training_CR,0.6499202311016647
Training_CR,0.247106643258933
Training_CR,0.3338768844079588
Training_CR,0.8734481969752418
Training_CR,0.915351013100736
Training_CR,0.5138569551754791
Training_CR,0.9917545694250404
Training_CR,0.8758982667215615
Training_CR,0.999983662017732
Training_CR,0.00807764848350501
Training_CR,0.9020400764322004
Training_CR,0.9319401185222168
Training_CR,0.9437649395401526
Training_CR,0.9917704281369988
Training_CR,0.8912451637481794
Training_CR,0.9972904658681376
Training_CR,0.32102738594739294
Training_CR,0.4742132154896265
Training_CR,0.8297428762302242
Training_CR,0.26215142031748945
Training_CR,0.9759439413942012
Training_CR,0.9999871530802286
Training_CR,0.7791908655268828
Training_CR,0.570938255921615
Training_CR,0.9997174407134384
Training_CR,0.959239615387093
Training_CR,0.9855664575683808
Training_CR,0.5843571006512503
Training_CR,0.746712108875445
Training_CR,0.259393811873323
Training_CR,0.16471137335905775
Training_CR,0.4627424250800825
Training_CR,0.9995922878375758
Training_CR,0.5284906137427445
Training_CR,0.5431704218148424
Training_CR,0.9999823188652416
Training_CR,0.9970009318490642
Training_CR,0.9350038238826632
Training_CR,0.8529834896324041
Training_CR,0.5755331241151523
Training_CR,0.7607286378320102
Training_CR,0.9079526425466998
Training_CR,0.8206046477059906
Training_CR,0.9993366234007592
Training_CR,0.43939801653694305
Training_CR,0.9700644528515424
Training_CR,0.9863199000382592
Training_CR,0.958519781877972
Training_CR,0.01522903135179829
Training_CR,0.6726711583617343
Training_CR,0.4800889624551879
Training_CR,0.9605198781336618
Training_CR,0.79242414364506
Training_CR,0.981790653657678
Training_CR,0.943793403188796
Training_CR,0.9329313896405184
Training_CR,0.2329467174887579
Training_CR,0.9760447093044782
Training_CR,0.9988019562453616
Training_CR,0.6401482419629726
Training_CR,0.9994431637353656
Training_CR,0.8578414879387197
Training_CR,0.6865068954304009
Training_CR,0.9614254152333852
Training_CR,0.7531398677392087
Training_CR,0.951794577051936
Training_CR,0.4838164971303678
Training_CR,0.9991488279954032
Training_CR,0.7485488005741078
Training_CR,0.7948176123347801
Training_CR,0.4750511437157885
Training_CR,0.9631066816642304
Training_CR,0.57154752224396
Training_CR,0.7370956052652267
Training_CR,0.3895950271312698
Training_CR,0.9958270152846826
Training_CR,0.976661345804226
Training_CR,0.04732352806643711
Training_CR,0.31170806136754886
Training_CR,0.9709158278813624
Training_CR,0.806322142976
Training_CR,0.47680071186985007
Training_CR,0.7530344099248637
Training_CR,0.9958828979442832
Training_CR,0.9942880255717338
Training_CR,0.8558568237753241
Training_CR,0.736320266735978
Training_CR,0.9489257285008714
Training_CR,0.9640169742687388
Training_CR,0.9999196896254724
Training_CR,0.9838153136135396
Training_CR,0.8201306632284365
Training_CR,0.21926475170698828
Training_CR,0.830199441600276
Training_CR,0.9680291034616992
Training_CR,0.9927153926357544
Training_CR,0.47240324583137144
Training_CR,0.9328316576168482
Training_CR,0.7549260541434357
Training_CR,0.8231660221799582
Training_CR,0.9854219590818916
Training_CR,0.415931034710492
Training_CR,0.8922853337679728
Training_CR,0.5328219235566816
Training_CR,0.9997939296227066
Training_CR,0.9585300382781476
Training_CR,0.6823798779667252
Training_CR,0.9514788673536848
Training_CR,0.5802518610780297
Training_CR,0.6446630563187904
Training_CR,0.928877479570694
Training_CR,0.5454665248427989
Training_CR,0.921813919238296
Training_CR,0.7661771421875285
Training_CR,0.7740942698331501
Training_CR,0.964938411200688
Training_CR,0.9992928710019688
Training_CR,0.8760918579520258
Training_CR,0.9989215462334894
Training_CR,0.9848969748384152
Training_CR,0.9995879433321792
Training_CR,0.944402612119538
Training_CR,0.7179384688600371
Training_CR,0.9717051163975838
Training_CR,0.8233814043926735
Training_CR,0.9996782835156456
Training_CR,0.999369138050197
Training_CR,0.8291845379239576
Training_CR,0.9843924053856824
Training_CR,0.7580337019768681
Training_CR,0.473389575500057
Training_CR,0.994088032241746
Training_CR,0.994454614947201
Training_CR,0.4868067993500253
Training_CR,0.9864332422535744
Training_CR,0.1791806788714426
Training_CR,0.9188403956583416
Training_CR,0.9832510552917192
Training_CR,0.9841301991335522
Training_CR,0.9708759757532224
Training_CR,0.8147441021854791
Training_CR,0.999965315152741
Training_CR,0.9973036383502736
Training_CR,0.6848050359520291
Training_CR,0.999127051162028
Training_CR,0.9912520774073432
Training_CR,0.762798217286222
Training_CR,0.15307941422265395
Training_CR,0.9627088793329628
Training_CR,0.9652818494581628
Training_CR,0.9990393757398276
Training_CR,0.845112220025841
Training_CR,0.02329094689304463
Training_CR,0.868836261179037
Training_CR,0.9861891093263232
Training_CR,0.9893486631252328
Training_CR,0.9949485874647538
Training_CR,0.6271172289311279
Training_CR,0.9999515993758434
Training_CR,0.09649887778119068
Training_CR,0.00789567705036533
Training_CR,0.9960124569948986
Training_CR,0.9955953109269016
Training_CR,0.7815748130007102
Training_CR,0.9999431755519546
Training_CR,0.7009829946969056
Training_CR,0.9272403270587548
Training_CR,0.9803423981345404
Training_CR,0.8901798247080575
Training_CR,0.7500618406940851
Training_CR,0.08155447507519319
Training_CR,0.9193612487967082
Training_CR,0.721601102072589
Training_CR,0.9808354555163604
Training_CR,0.8792774162688278
Training_CR,0.34329365759149755
Training_CR,0.985282812504517
Training_CR,0.957309278212766
Training_CR,0.9984875487570458
Training_CR,0.9134169870249184
Training_CR,0.9864070929927128
Training_CR,0.9890631019955514
Training_CR,0.23250756298684935
Training_CR,0.1719739736141871
Training_CR,0.9993098004181418
Training_CR,0.835088767529214
Training_CR,0.9947149910332382
Training_CR,0.8984564145676908
Training_CR,0.7349334290970377
Training_CR,0.8836585803207581
Training_CR,0.9394409507969368
Training_CR,0.9387600677850836
Training_CR,0.5647558514790324
Training_CR,0.4471464359523104
Training_CR,0.9987464061555168
Training_CR,0.993774259383028
Training_CR,0.8321106889086716
Training_CR,0.7306445418700946
Training_CR,0.9455247764164164
Training_CR,0.8235574513077285
Training_CR,0.5369790736224674
Training_CR,0.12626084427120626
Training_CR,0.9607340765413708
Training_CR,0.1403076058943004
Training_CR,0.4042305285185302
Training_CR,0.991852013358027
Training_CR,0.5172844806337812
Training_CR,0.7749040488244496
Training_CR,0.9217012739850906
Training_CR,0.4915617671235851
Training_CR,0.8120074245331611
Training_CR,0.8113071937571436
Training_CR,0.6998752691839316
Training_CR,0.1924650530409809
Training_CR,0.7008149573144005
Training_CR,0.7761686596606279
Training_CR,0.6802832266855025
Training_CR,0.8700744154517509
Training_CR,0.9998342807325126
Training_CR,0.8982822216234367
Training_CR,0.9927963522405404
Training_CR,0.9230864039662972
Training_CR,0.869394486916856
Training_CR,0.5647265337225355
Training_CR,0.4041690667096832
Training_CR,0.8751921443807926
Training_CR,0.6681887723976548
Training_CR,0.9998772482253612
Training_CR,0.9769117870491986
Training_CR,0.678370413225951
Training_CR,0.49763705625486
Training_CR,0.5421981635078835
Training_CR,0.6759260992552761
Training_CR,0.06315697696767261
Training_CR,0.7392596806803945
Training_CR,0.9743631679017588
Training_CR,0.9947110408372216
Training_CR,0.43997678889298425
Training_CR,0.6271926904897406
Training_CR,0.5685158296732596
Training_CR,0.9966452027847816
Training_CR,0.8649641253082171
Training_CR,0.8435056970625782
Training_CR,0.7727380312019416
Training_CR,0.784693842088911
Training_CR,0.99960831225417
Training_CR,0.9737028356616352
Training_CR,0.881626156295906
Training_CR,0.9962316752218524
Training_CR,0.9563077709444664
Training_CR,0.97140541653278
Training_CR,0.9775070517992658
Training_CR,0.9787655205091624
Training_CR,0.9931162610560172
Training_CR,0.8948044221524721
Training_CR,0.8596601208334841
Training_CR,0.9211032236507136
Training_CR,0.991560702479605
Training_CR,0.9999389169510984
Training_CR,0.6996143684529549
Training_CR,0.6504417756874902
Training_CR,0.6168440840414092
Training_CR,0.5274928762586436
Training_CR,0.24993332945101623
Training_CR,0.9933543179439844
Training_CR,0.9981293540583392
Training_CR,0.37661104430360065
Training_CR,0.6768508613993414
Training_CR,0.37001725428894794
Training_CR,0.9498282037253152
Training_CR,0.8597033085118659
Training_CR,0.8018002140929295
Training_CR,0.8084507432186954
Training_CR,0.9436354766954586
Training_CR,0.9256394728984344
Training_CR,0.9954222837668594
Training_CR,0.3118032828445553
Training_CR,0.4134294298763145
Training_CR,0.3712043442440453
Training_CR,0.9872317899589496
Training_CR,0.5740330339058557
Training_CR,0.8250243459945696
Training_CR,0.9007621917954066
Training_CR,0.986197693629186
Training_CR,0.9205738963565708
Training_CR,0.3899353124459452
Training_CR,0.6923649033044766
Training_CR,0.9995847247754984
Training_CR,0.5847835548999957
Training_CR,0.9665853812975056
Training_CR,0.8156354896834821
Training_CR,0.9956824604036774
Training_CR,0.917377095741744
Training_CR,0.7257527621523843
Training_CR,0.7393711211867098
Training_CR,0.9110092459880216
Training_CR,0.6492233013521084
Training_CR,0.9230133472391984
Training_CR,0.9174134673448204
Training_CR,0.7755503638227255
Training_CR,0.927613890301441
Training_CR,0.9770721715959474
Training_CR,0.4603561851072231
Training_CR,0.773233295918448
Training_CR,0.9527390782759746
Training_CR,0.8067869543824854
Training_CR,0.9788411855341044
Training_CR,0.7496482282320222
Training_CR,0.7338432909106954
Training_CR,0.762339860373468
Training_CR,0.9294910648769524
Training_CR,0.9700383820472486
Training_CR,0.9146803861552584
Training_CR,0.860709960925065
Training_CR,0.02218483037701043
Training_CR,0.8244472635305906
Training_CR,0.8230764937042044
Training_CR,0.9863116869294232
Training_CR,0.5354150818102729
Training_CR,0.9686329199741734
Training_CR,0.46857103500749264
Training_CR,0.9351051175734963
Training_CR,0.887462560711077
Training_CR,0.38160081649144634
Training_CR,0.7258462130283189
Training_CR,0.9679870607469502
Training_CR,0.958116353644378
Training_CR,0.39568962624345305
Training_CR,0.01363082875071734
Training_CR,0.9999998359648212
Training_CR,0.9994666928768822
Training_CR,0.986099436083488
Training_CR,0.9962054698310424
Training_CR,0.7334449292249785
Training_CR,0.929653635366838
Training_CR,0.7766682283051578
Training_CR,0.48248018596014747
Training_CR,0.7600118300064738
Training_CR,0.9981170819875884
Training_CR,0.866870512326562
Training_CR,0.4338223856186577
Training_CR,0.8572034835802587
Training_CR,0.9290652895888866
Training_CR,0.2035015112296651
Training_CR,0.6588608753478162
Training_CR,0.5940934186507332
Training_CR,0.10018778342758967
Training_CR,0.8622760538103118
Training_CR,0.9999942951481544
Training_CR,0.9912558088106388
Training_CR,0.9896526717560338
Training_CR,0.9375716930664892
Training_CR,0.9168898239616096
Training_CR,0.9847822284906628
Training_CR,0.5291255719143989
Training_CR,0.9681700770119316
Training_CR,0.740801561373609
Training_CR,0.8688506801940946
Training_CR,0.9086153619110796
Training_CR,0.999557564034822
Training_CR,0.9963481491694416
Training_CR,0.988925293225672
Training_CR,0.9990979193275912
Training_CR,0.9998128264138612
Training_CR,0.9985812354719916
Training_CR,0.9117788472339208
Training_CR,0.8590619655567906
Training_CR,0.4109338143271337
Training_CR,0.9519324572038784
Training_CR,0.9980356036706944
Training_CR,0.8140825737519051
Training_CR,0.17249514537052185
Training_CR,0.8004699691555719
Training_CR,0.8211751927116253
Training_CR,0.9663193712001208
Training_CR,0.826557476837819
Training_CR,0.8195445610637757
Training_CR,0.9910570755441174
Training_CR,0.1528260756790267
Training_CR,0.9991452483531552
Training_CR,0.9222974633505578
Training_CR,0.676816856048692
Training_CR,0.8626012115523297
Training_CR,0.09834698641120752
Training_CR,0.5158636085676163
Training_CR,0.9859437796561712
Training_CR,0.8914885068416025
Training_CR,0.9999975288052334
Training_CR,0.8686777403695302
Training_CR,0.5762207504634657
Training_CR,0.9292381351386442
Training_CR,0.8925660031963715
Training_CR,0.9017919160613542
Training_CR,0.853085456852802
Training_CR,0.9920847740847616
Training_CR,0.6994862239764038
Training_CR,0.2960435826711302
Training_CR,0.6304099893873413
Training_CR,0.9914885513505662
Training_CR,0.9912696739431294
Training_CR,0.05068488671506386
Training_CR,0.8527482698177555
Training_CR,0.6035045177124991
Training_CR,0.00681795154875756
Training_CR,0.7777884758311285
Training_CR,0.3601687540752931
Training_CR,0.6765192702891276
Training_CR,0.6373431621601974
Training_CR,0.9783696644026756
Training_CR,0.9579349060767084
Training_CR,0.9592915572752276
Training_CR,0.5468121424523694
Training_CR,0.9358153340809722
Training_CR,0.999026080421751
Training_CR,0.967985971889616
Training_CR,0.818926644685426
Training_CR,0.9042539839719764
Training_CR,0.3621634776690521
Training_CR,0.7683376788463303
Training_CR,0.7840511886678228
Training_CR,0.9923955582308244
Training_CR,0.8293709639384267
Training_CR,0.9239592329797376
Training_CR,0.9107753210502856
Training_CR,0.8012974834644093
Training_CR,0.5917763883055657
Training_CR,0.33815465761971175
Training_CR,0.9992179692705316
Training_CR,0.8764524293174321
Training_CR,0.17835830257440125
Training_CR,0.6775117211838634
Training_CR,0.4927942414048044
Training_CR,0.9943669278803928
Training_CR,0.4482828366257072
Training_CR,0.9837782248738892
Training_CR,0.2234683344811866
Training_CR,0.27952968671675116
Training_CR,0.3701146277121086
Training_CR,0.9277953894661136
Training_CR,0.9098447847507738
Training_CR,0.8701756483307762
Training_CR,0.7989098250595876
Training_CR,0.9504834954380204
Training_CR,0.7904829657081247
Training_CR,0.9865521997102372
Training_CR,0.2170616938846325
Training_CR,0.1797457582664818
Training_CR,0.6093074510426064
Training_CR,0.4652152580132046
Training_CR,0.9243222023826664
Training_CR,0.02634046012193876
Training_CR,0.6177247625937315
Training_CR,0.14910815821661702
Training_CR,0.2328383774424135
Training_CR,0.9935878807638556
Training_CR,0.9508668541144542
Training_CR,0.8365366538497675
Training_CR,0.9127586153996914
Training_CR,0.8756738979077858
Training_CR,0.6021312447636636
Training_CR,0.7412990328917763
Training_CR,0.9795827957143014
Training_CR,0.9204088497150856
Training_CR,0.7241834290457736
Training_CR,0.49622273339031553
Training_CR,0.9200169452242996
Training_CR,0.4047768532479758
Training_CR,0.8217927805018977
Training_CR,0.9223474764297632
Training_CR,0.7028983706568795
Training_CR,0.9977898903047862
Training_CR,0.9917410726766536
Training_CR,0.9922787921323484
Training_CR,0.9353367779671616
Training_CR,0.8803189725573418
Training_CR,0.30928922306479023
Training_CR,0.6776335966391477
Training_CR,0.9985312976563492
Training_CR,0.10090106857022468
Training_CR,0.5745896224771128
Training_CR,0.928203294470607
Training_CR,0.8407148160263275
Training_CR,0.33380778434229846
Training_CR,0.993713794791802
Training_CR,0.8102970539269748
Training_CR,0.20217434857828856
Training_CR,0.922943947385879
Training_CR,0.999454490851985
Training_CR,0.9998584256554136
Training_CR,0.9802765412181126
Training_CR,0.9876429703547458
Training_CR,0.6160039073440233
Training_CR,0.07726558280049439
Training_CR,0.4752226913250445
Training_CR,0.958775082398142
Training_CR,0.7727655162545038
Training_CR,0.9124780250660798
Training_CR,0.994192475337677
Training_CR,0.2881715171903457
Training_CR,0.9570973283729184
Training_CR,0.7167022904923236
Training_CR,0.8888901234195106
Training_CR,0.8030290962811778
Training_CR,0.9992486113306532
Training_CR,0.8917675046736897
Training_CR,0.946610482745569
Training_CR,0.9930863807426462
Training_CR,0.9223846501078266
Training_CR,0.990674409905594
Training_CR,0.8857672343197275
Training_CR,0.999981354184005
Training_CR,0.8491620864435737
Training_CR,0.8051058003976442
Training_CR,0.9979795856839212
Training_CR,0.5313255225775136
Training_CR,0.8661166553325111
Training_CR,0.9995382861290468
Training_CR,0.5852916640375705
Training_CR,0.8907898138147472
Training_CR,0.9560991328033628
Training_CR,0.7157310987186495
Training_CR,0.8567822476786905
Training_CR,0.9072091634487168
Training_CR,0.5650253440526908
Training_CR,0.9989045713470064
Training_CR,0.5745981702801067
Training_CR,0.34943884882437626
Training_CR,0.898167659060583
Training_CR,0.573860366182493
Training_CR,0.6565189313792539
Training_CR,0.4705529413859558
Training_CR,0.9985534364734402
Training_CR,0.995477879964068
Training_CR,0.8047794298335976
Training_CR,0.5821475617534432
Training_CR,0.8242199157437167
Training_CR,0.05280448132637092
Training_CR,0.9851918429327218
Training_CR,0.9261326144794912
Training_CR,0.7712206442533073
Training_CR,0.5989239996094904
Training_CR,0.01454719883870073
Training_CR,0.5235024139256856
Training_CR,0.8438241411997656
Training_CR,0.57180747719192
Training_CR,0.3794021193606591
Training_CR,0.984123999710448
Training_CR,0.05953948715582072
Training_CR,0.6871363918176536
Training_CR,0.9650157896011572
Training_CR,0.9980260787706988
Training_CR,0.7546370962574761
Training_CR,0.953967860666418
Training_CR,0.9399014284963536
Training_CR,0.9998358187759188
Training_CR,0.875054446014563
Training_CR,0.975909527028088
Training_CR,0.8163523624791722
Training_CR,0.928466410462722
Training_CR,0.9006713772900579
Training_CR,0.21710803078002164
Training_CR,0.5853031474721163
Training_CR,0.40548015190807934
Training_CR,0.9959392367481132
Training_CR,0.920610215467791
Training_CR,0.7119565771230342
Training_CR,0.8278544249528133
Training_CR,0.8867208547129071
Training_CR,0.8627555958024951
Training_CR,0.9999838950004498
Training_CR,0.8996821443913533
Training_CR,0.993815280097473
Training_CR,0.812195466271131
Training_CR,0.5265417988569316
Training_CR,0.7554597168464176
Training_CR,0.9629808738974484
Training_CR,0.8156381096078438
Training_CR,0.4049826700601587
Training_CR,0.36243878921223993
Training_CR,0.9994179853698302
Training_CR,0.21456431707608056
Training_CR,0.8947616186321875
Training_CR,0.37632371955784993
Training_CR,0.8495805010560057
Training_CR,0.7661938539426644
Training_CR,0.38259957462253347
Training_CR,0.34144137744914566
Training_CR,0.829008551819154
Training_CR,0.9999598670340428
Training_CR,0.07195867617396554
Training_CR,0.52409316793589
Training_CR,0.6388221987720953
Training_CR,0.2555643807416475
Training_CR,0.7306804566988967
Training_CR,0.9593972731571804
Training_CR,0.00734707100364583
Training_CR,0.8196092332110928
Training_CR,0.00925691916242167
Training_CR,0.9724589781387938
Training_CR,0.6774630906397104
Training_CR,0.990296239044472
Training_CR,0.93123658381563
Training_CR,0.999718723609522
Training_CR,0.9508572324432962
Training_CR,0.998794298795684
Training_CR,0.821406923551546
Training_CR,0.9853007375872695
Training_CR,0.7478239275667672
Training_CR,0.8272740706087713
Training_CR,0.9771349379308748
Training_CR,0.7641028443480794
Training_CR,0.9604178968412552
Training_CR,0.9997621961443952
Training_CR,0.9423750473012508
Training_CR,0.6302907242458692
Training_CR,0.9243059393005691
Training_CR,0.439115650827219
Training_CR,0.7919864548231778
Training_CR,0.9899900129421948
Training_CR,0.9888950529872028
Training_CR,0.991625945058584
Training_CR,0.97888417016147
Training_CR,0.9999795688673844
Training_CR,0.48949786014237584
Training_CR,0.5360760326680494
Training_CR,0.7028526065398729
Training_CR,0.7184691976258477
Training_CR,0.9787220870693658
Training_CR,0.5299293546285072
Training_CR,0.5972976740462316
Training_CR,0.997041554546134
Training_CR,0.716207857385071
Training_CR,0.9723221184720048
Training_CR,0.8996403430695636
Training_CR,0.921474236456634
Training_CR,0.46355333078659833
Training_CR,0.7353096959882398
Training_CR,0.999974194221073
Training_CR,0.8006160839933335
Training_CR,0.9855186541836656
Training_CR,0.08583765185707742
Training_CR,0.3726166923064042
Training_CR,0.9503084320403554
Training_CR,0.9830708137026803
Training_CR,0.2226443605085987
Training_CR,0.5540342952626174
Training_CR,0.7918463785346124
Training_CR,0.9670416093523176
Training_CR,0.9026136913577658
Training_CR,0.5812396564398696
Training_CR,0.9900728711682228
Training_CR,0.04466057401898297
Training_CR,0.5632917239149886
Training_CR,0.1835390578102495
Training_CR,0.9617082579207548
Training_CR,0.8634769694192391
Training_CR,0.8404532502991231
Training_CR,0.9136641854478414
Training_CR,0.6481892970694021
Training_CR,0.5140773738306612
Training_CR,0.7108962224980403
Training_CR,0.8772413030294576
Training_CR,0.9229860848629172
Training_CR,0.97969741839923985
Training_CR,0.9743083390349102
Training_CR,0.9301150613841797
Training_CR,0.2034403162091259
Training_CR,0.21198073759748773
Training_CR,0.982121306648666
Training_CR,0.6533651002457438
Training_CR,0.9690674338656704
Training_CR,0.7142893777910916
Training_CR,0.9849421695550998
Training_CR,0.7082639054817645
Training_CR,0.702716223270666
Training_CR,0.6862278151009126
Training_CR,0.3841048057052388
Training_CR,0.9998334616778952
Training_CR,0.905115753363698
Training_CR,0.5023547724099251
Training_CR,0.4904586710942376
Training_CR,0.11018348027875148
Training_CR,0.9006929753462924
Training_CR,0.9998806494828902
Training_CR,0.9564560658195458
Training_CR,0.9984185622394084
Training_CR,0.9950969071153276
Training_CR,0.9907936117601572
Training_CR,0.7862612106322205
Training_CR,0.9271616589741858
Training_CR,0.7598335740531036
Training_CR,0.9604699883473145
Training_CR,0.6825478819410401
Training_CR,0.8127314400690826
Training_CR,0.9693613310927236
Training_CR,0.7954902082281645
Training_CR,0.4933708868265379
Training_CR,0.9363117559532672
Training_CR,0.7991127630517646
Training_CR,0.4858859242246569
Training_CR,0.7548790878845012
Training_CR,0.8114854409281962
Training_CR,0.9986518601243282
Training_CR,0.8444404047058784
Training_CR,0.8989205643550854
Training_CR,0.996424041363152
Training_CR,0.2464346284146236
Training_CR,0.9198261135853794
Training_CR,0.8652072430316368
Training_CR,0.20849430452378875
Training_CR,0.7436824992941785
Training_CR,0.4520333384868652
Training_CR,0.938814230568484
Training_CR,0.9371632305586152
Training_CR,0.3756389730410669
Training_CR,0.9499455430396664
Training_CR,0.9600947210810844
Training_CR,0.3960917104976252
Training_CR,0.7078921758081654
Training_CR,0.9229860078427156
Training_CR,0.957186735850994
Training_CR,0.46455843238703554
Training_CR,0.9059452289044064
Training_CR,0.6067746905323048
Training_CR,0.914024560412406
Training_CR,0.8934597235707024
Training_CR,0.9985373920455964
Training_CR,0.01678062031178499
Training_CR,0.9560319806569388
Training_CR,0.9404211647798564
Training_CR,0.9290460435585324
Training_CR,0.7203334286786862
Training_CR,0.9180410555773516
Training_CR,0.9654563030419776
Training_CR,0.11338367716130524
Training_CR,0.45921706213781066
Training_CR,0.8171350942192445
Training_CR,0.39906925061864934
Training_CR,0.7354006539643398
Training_CR,0.6822440007734482
Training_CR,0.932039687918702
Training_CR,0.8087485194020835
Training_CR,0.6463548599829009
Training_CR,0.9754325465086592
Training_CR,0.8874911044434336
Training_CR,0.757506407420056
Training_CR,0.9751385924512906
Training_CR,0.9361537542814398
Training_CR,0.8157972269761791
Training_CR,0.2769056762768605
Training_CR,0.6649477951147036
Training_CR,0.9886644344690472
Training_CR,0.9207477935320152
Training_CR,0.8050780827142535
Training_CR,0.9647679312682724
Training_CR,0.9442232131075458
Training_CR,0.9775779525753486
Training_CR,0.7898704342146895
Training_CR,0.9972943057344889
Training_CR,0.9493060007054326
Training_CR,0.9708703814823504
Training_CR,0.2107561741750139
Training_CR,0.8666468949004853
Training_CR,0.9597942607599176
Training_CR,0.9542275082935212
Training_CR,0.9968961200356812
Training_CR,0.35270498269494893
Training_CR,0.906628856603033
Training_CR,0.9917691263173642
Training_CR,0.8610393973790096
Training_CR,0.9991763129837716
Training_CR,0.9844444593877694
Training_CR,0.9190704982283958
Training_CR,0.5835990765358763
Training_CR,0.08068673800897284
Training_CR,0.9473985220248434
Training_CR,0.10888850016639008
Training_CR,0.7874034772632666
Training_CR,0.01480002927087467
Training_CR,0.4873972482476656
Training_CR,0.7760178440234056
Training_CR,0.9951291878437918
Training_CR,0.8996490234113471
Training_CR,0.7486232649846656
Training_CR,0.9455376585817026
Training_CR,0.6407062797723558
Training_CR,0.11296061325129088
Training_CR,0.9693942877094668
Training_CR,0.2669762994889496
Training_CR,0.9308755676639328
Training_CR,0.9965262281307324
Training_CR,0.504998749466411
Training_CR,0.7383908900504517
Training_CR,0.9979408488229248
Training_CR,0.994541204182662
Training_CR,0.21600292135337637
Training_CR,0.9106298044007068
Training_CR,0.8364275339749099
Training_CR,0.9944917554769932
Training_CR,0.9434545323838618
Training_CR,0.188052421618805
Training_CR,0.9689919044433676
Training_CR,0.7612737183289383
Training_CR,0.6473797901774494
Training_CR,0.990061827008746
Training_CR,0.997730503345233
Training_CR,0.9192409382516852
Training_CR,0.63041354946332
Training_CR,0.7016121714974052
Training_CR,0.5394367025373011
Training_CR,0.00667390796606299
Training_CR,0.8049522863530162
Training_CR,0.816889946222001
Training_CR,0.9540952079430804
Training_CR,0.6927591652397901
Training_CR,0.8603216346658019
Training_CR,0.7259375372388132
Training_CR,0.9974606130443998
Training_CR,0.07850588805326753
Training_CR,0.656567183904542
Training_CR,0.938188187941022
Training_CR,0.990151250257502
Training_CR,0.8582299529212526
Training_CR,0.7391323814595258
Training_CR,0.9956017837944452
Training_CR,0.6669806380616864
Training_CR,0.9424220989082884
Training_CR,0.9791069479926208
Training_CR,0.4857263280388848
Training_CR,0.3390384066998606
Training_CR,0.8686087532472893
Training_CR,0.4626350595313563
Training_CR,0.7178924437873124
Training_CR,0.6547691363607445
Training_CR,0.9997954793126184
Training_CR,0.6981978404478023
Training_CR,0.9975589085882992
Training_CR,0.8636740452957851
Training_CR,0.480758044632524
Training_CR,0.7109505850740394
Training_CR,0.9292564910705068
Training_CR,0.7945570726889889
Training_CR,0.4162048787597823
Training_CR,0.9057868363757378
Training_CR,0.9944759142926934
Training_CR,0.9364970537884352
Training_CR,0.20381863642322703
Training_CR,0.5333098712761829
Training_CR,0.4933172209098695
Training_CR,0.9857708851597752
Training_CR,0.99543750970914
Training_CR,0.23102240471255664
Training_CR,0.9981321936753452
Training_CR,0.35957235205357185
Training_CR,0.8404709202331558
Training_CR,0.33138035111810926
Training_CR,0.7142325201796706
Training_CR,0.14155296385193725
Training_CR,0.8480814171665652
Training_CR,0.9186496321087304
Training_CR,0.9996992299076668
Training_CR,0.992415774624065
Training_CR,0.9942058842151096
Training_CR,0.9201380602863932
Training_CR,0.839501101803965
Training_CR,0.5210224633807468
Training_CR,0.6361733913885163
Training_CR,0.3107945010965567
Training_CR,0.99515214847251
Training_CR,0.8464771611460445
Training_CR,0.5948935548053396
Training_CR,0.18582900342787595
Training_CR,0.9999741612402098
Training_CR,0.9916209726792684
Training_CR,0.9404816535892162
Training_CR,0.9868817254843144
Training_CR,0.8476121374115297
Training_CR,0.9970719581505318
Training_CR,0.9372794134479624
Training_CR,0.9047253801972992
Training_CR,0.9722682716618192
Training_CR,0.5869910756829425
Training_CR,0.41544205123707034
Training_CR,0.8366228201669332
Training_CR,0.8232135688020066
Training_CR,0.99974896138672
Training_CR,0.9125375438183272
Training_CR,0.4606531185483376
Training_CR,0.9078011821911725
Training_CR,0.9898049371839982
Training_CR,0.9851247544786732
Training_CR,0.8269728418556236
Training_CR,0.9214975703780454
Training_CR,0.1622310917571237
Training_CR,0.4091760516251472
Training_CR,0.654589220144749
Training_CR,0.992345838665501
Training_CR,0.9892804332513998
Training_CR,0.34504036442500063
Training_CR,0.448745579263516
Training_CR,0.10326063967518057
Training_CR,0.975585958826432
Training_CR,0.9691340225483014
Training_CR,0.8608899854936439
Training_CR,0.06874589158209939
Training_CR,0.8678813235398893
Training_CR,0.8905103056014583
Training_CR,0.6552410829106916
Training_CR,0.9950958600364328
Training_CR,0.924289531410329
Training_CR,0.21924121535876853
Training_CR,0.9853921182508092
Training_CR,0.9784634306744874
Training_CR,0.5977117455326908
Training_CR,0.8941118771892773
Training_CR,0.9808819585226892
Training_CR,0.9075476131883174
Training_CR,0.8359669362762269
Training_CR,0.349861349892641
Training_CR,0.5615365202090931
Training_CR,0.8251260902477131
Training_CR,0.9141495224822972
Training_CR,0.9096755694478456
Training_CR,0.6499883216613127
Training_CR,0.8241982156413676
Training_CR,0.72730026386385
Training_CR,0.6640352072587258
Training_CR,0.8543595880856759
Training_CR,0.9088497147749192
Training_CR,0.35865719832605175
Training_CR,0.992092019752188
Training_CR,0.991219288961328
Training_CR,0.9598729647272553
Training_CR,0.8985747389891972
Training_CR,0.7462245845872053
Training_CR,0.9277395971928888
Training_CR,0.9997792344712216
Training_CR,0.994611976733738
Training_CRE,0.9820115943799796
Training_CRE,0.9805859543243364
Training_CRE,0.9335812457077954
Training_CRE,0.8206004646939397
Training_CRE,0.970960428491613
Training_CRE,0.9665467421713484
Training_CRE,0.9483593129676776
Training_CRE,0.6683297964368258
Training_CRE,0.9962918292129735
Training_CRE,0.9723894019012136
Training_CRE,0.4608344558882215
Training_CRE,0.9767444329695666
Training_CRE,0.6323256250682379
Training_CRE,0.9959852813981204
Training_CRE,0.9932827503085018
Training_CRE,0.9940478390021756
Training_CRE,0.9993326377617489
Training_CRE,0.9660116454920578
Training_CRE,0.6483803767716508
Training_CRE,0.9644176364960398
Training_CRE,0.9403713249671776
Training_CRE,0.9994020410447428
Training_CRE,0.5755668675864243
Training_CRE,0.6628555238778321
Training_CRE,0.9374601138685916
Training_CRE,0.9076676186989204
Training_CRE,0.9760428257464568
Training_CRE,0.8430578214752315
Training_CRE,0.9316989508935432
Training_CRE,0.6872087537712301
Training_CRE,0.957112141853214
Training_CRE,0.979293704372966
Training_CRE,0.884212817696551
Training_CRE,0.9306766903058868
Training_CRE,0.9975671402716806
Training_CRE,0.9994256171419864
Training_CRE,0.9992980771447916
Training_CRE,0.6039199133217431
Training_CRE,0.9491945190074962
Training_CRE,0.8801138825104928
Training_CRE,0.8720987433604379
Training_CRE,0.984881537299361
Training_CRE,0.9630814307168084
Training_CRE,0.9965242200977554
Training_CRE,0.9819104292631397
Training_CRE,0.9361143596054408
Training_CRE,0.7434527409574845
Training_CRE,0.5863284619010721
Training_CRE,0.982945319717132
Training_CRE,0.8245320642878353
Training_CRE,0.973454395224882
Training_CRE,0.8349904721880977
Training_CRE,0.9999318716148272
Training_CRE,0.9947059749814812
Training_CRE,0.7431148405334055
Training_CRE,0.999823792048402
Training_CRE,0.9176545540726808
Training_CRE,0.8220276135449976
Training_CRE,0.6177843282223927
Training_CRE,0.6157121538249438
Training_CRE,0.4337101130844215
Training_CRE,0.979551088269608
Training_CRE,0.9241045935681448
Training_CRE,0.8716582286901923
Training_CRE,0.9635790757862724
Training_CRE,0.8830697378971815
Training_CRE,0.4650631376264127
Training_CRE,0.959118066788727
Training_CRE,0.9997869875755716
Training_CRE,0.8834925671172669
Training_CRE,0.57957646820300035
Training_CRE,0.8934508559312597
Training_CRE,0.9815068632121084
Training_CRE,0.9857319145542974
Training_CRE,0.7176269617416748
Training_CRE,0.9574810564235944
Training_CRE,0.5401864448802494
Training_CRE,0.9411334107254744
Training_CRE,0.995630787049754
Training_CRE,0.99520468204721
Training_CRE,0.9842923483441705
Training_CRE,0.8486059602075253
Training_CRE,0.9659374239641176
Training_CRE,0.7940878021301677
Training_CRE,0.6280091960224297
Training_CRE,0.8443215790186136
Training_CRE,0.9999999584528187
Training_CRE,0.6865741431214554
Training_CRE,0.950073596370198
Training_CRE,0.7155204241199885
Training_CRE,0.999964544964308
Training_CRE,0.9997741896318446
Training_CRE,0.9997709488156852
Training_CRE,0.8912883826587111
Training_CRE,0.919923467062718
Training_CRE,0.8190046426433591
Training_CRE,0.6338429685337263
Training_CRE,0.7137078883599912
Training_CRE,0.9963018231771616
Training_CRE,0.9263940666911876
Training_CRE,0.8133040112975249
Training_CRE,0.9866031981838184
Training_CRE,0.9999993815866276
Training_CRE,0.9872771548740912
Training_CRE,0.8842599592964017
Training_CRE,0.8315920373281606
Training_CRE,0.6720723070192631
Training_CRE,0.9647033637167248
Training_CRE,0.9939445817825286
Training_CRE,0.9624166367757444
Training_CRE,0.998714322233488
Training_CRE,0.6164858674920263
Training_CRE,0.8172515066639365
Training_CRE,0.7947138221032924
Training_CRE,0.9998331627632624
Training_CRE,0.999117390961939
Training_CRE,0.4048824534737261
Training_CRE,0.9801558427120294
Training_CRE,0.9843043781806452
Training_CRE,0.5038346454343035
Training_CRE,0.9999804568798676
Training_CRE,0.7087490662446498
Training_CRE,0.9631766699974864
Training_CRE,0.9959004932483332
Training_CRE,0.7449534750800321
Training_CRE,0.8930129907941471
Training_CRE,0.9088532207037772
Training_CRE,0.8633269579753435
Training_CRE,0.9967083310184122
Training_CRE,0.5623088953204087
Training_CRE,0.9997260622716098
Training_CRE,0.9516603376616328
Training_CRE,0.6471401319289639
Training_CRE,0.7046853464540521
Training_CRE,0.9971947936638268
Training_CRE,0.9389564930347004
Training_CRE,0.6628328849121057
Training_CRE,0.970813653363934
Training_CRE,0.901081685845252
Training_CRE,0.7315098411387911
Training_CRE,0.992378424212483
Training_CRE,0.9593202834807992
Training_CRE,0.8450479429646357
Training_CRE,0.3416286848513317
Training_CRE,0.8813080017845
Training_CRE,0.8730574878695021
Training_CRE,0.29766823214121674
Training_CRE,0.9976733552213952
Training_CRE,0.6271556622567465
Training_CRE,0.4126579548980265
Training_CRE,0.6284114001080984
Training_CRE,0.9982140017174288
Training_CRE,0.9114295548127982
Training_CRE,0.7589583789234626
Training_CRE,0.3555009312604003
Training_CRE,0.7068827790036404
Training_CRE,0.9996175293892516
Training_CRE,0.6332739995787091
Training_CRE,0.9915397898147852
Training_CRE,0.9996720821309684
Training_CRE,0.9172300559981488
Training_CRE,0.9784484370486036
Training_CRE,0.969123819137274
Training_CRE,0.9330522561782948
Training_CRE,0.4443322174032865
Training_CRE,0.8140473675310353
Training_CRE,0.9644955408319992
Training_CRE,0.8023708665647682
Training_CRE,0.9172214883271678
Training_CRE,0.8835102882180901
Training_CRE,0.9403496648795082
Training_CRE,0.9910381471845496
Training_CRE,0.9992763359892276
Training_CRE,0.8967921472501356
Training_CRE,0.9319807214291264
Training_CRE,0.6529368525235228
Training_CRE,0.8345204217275933
Training_CRE,0.8204435276344144
Training_CRE,0.06009456407525671
Training_CRE,0.7642151783252618
Training_CRE,0.8162313168078456
Training_CRE,0.9410793200302412
Training_CRE,0.8156313760971581
Training_CRE,0.4810335169449763
Training_CRE,0.9958586164598352
Training_CRE,0.9999232968734276
Training_CRE,0.5990994302041499
Training_CRE,0.7822909754395778
Training_CRE,0.8480605515696958
Training_CRE,0.7939768158446086
Training_CRE,0.992327668700653
Training_CRE,0.6787521905411036
Training_CRE,0.5106802547849868
Training_CRE,0.9470899143433144
Training_CRE,0.8587192667856728
Training_CRE,0.9898115957324852
Training_CRE,0.39479472377682306
Training_CRE,0.8393044547605351
Training_CRE,0.8522696246570135
Training_CRE,0.9984624812262652
Training_CRE,0.7577160140646887
Training_CRE,0.8708812521312325
Training_CRE,0.266052021620816
Training_CRE,0.8398782557186704
Training_CRE,0.8523009197039395
Training_CRE,0.05798538580431766
Training_CRE,0.9845318942679276
Training_CRE,0.9375459589755376
Training_CRE,0.83739346361831
Training_CRE,0.9258467313467936
Training_CRE,0.878756568298777
Training_CRE,0.7084381016299458
Training_CRE,0.9810452366746856
Training_CRE,0.908774083130213
Training_CRE,0.7129766228417984
Training_CRE,0.9160368888534484
Training_CRE,0.9902908853002702
Training_CRE,0.9896690292350788
Training_CRE,0.9821658094153576
Training_CRE,0.4500724984016431
Training_CRE,0.9730213380167136
Training_CRE,0.8864989442377829
Training_CRE,0.9055920820576168
Training_CRE,0.6836390883159604
Training_CRE,0.8121494801665743
Training_CRE,0.9979715678456742
Training_CRE,0.9855433898497796
Training_CRE,0.999993589845338
Training_CRE,0.4310476605065904
Training_CRE,0.47486285102222975
Training_CRE,0.9603136463787012
Training_CRE,0.874775271693486
Training_CRE,0.910203641040285
Training_CRE,0.9999412523167496
Training_CRE,0.9897865802312458
Training_CRE,0.8992736672121839
Training_CRE,0.9968521118189504
Training_CRE,0.9981256165815804
Training_CRE,0.9780222029776302
Training_CRE,0.6830029865634478
Training_CRE,0.9997556422633296
Training_CRE,0.6774032796071155
Training_CRE,0.9999865837779468
Training_CRE,0.865277121416991
Training_CRE,0.9674161863991898
Training_CRE,0.9557158163905748
Training_CRE,0.6496474684187231
Training_CRE,0.9882148770131578
Training_CRE,0.996584451900284
Training_CRE,0.9308204768560192
Training_CRE,0.9998357332925732
Training_CRE,0.790550887295026
Training_CRE,0.9998767941923754
Training_CRE,0.9956531905188692
Training_CRE,0.8129714946449309
Training_CRE,0.977500108876338
Training_CRE,0.9857571468005548
Training_CRE,0.8981705493951974
Training_CRE,0.98351633480813
Training_CRE,0.4713639682933274
Training_CRE,0.9781993417099776
Training_CRE,0.5156631313510971
Training_CRE,0.9034300161631792
Training_CRE,0.6637650136901527
Training_CRE,0.9836068531289358
Training_CRE,0.9876380618874976
Training_CRE,0.8460580579445705
Training_CRE,0.9997353024507472
Training_CRE,0.9999353509017106
Training_CRE,0.9855571713154184
Training_CRE,0.993637591574397
Training_CRE,0.9019367276855352
Training_CRE,0.6904997256249481
Training_CRE,0.9747885622339512
Training_CRE,0.9999796956266388
Training_CRE,0.9647040164053056
Training_CRE,0.8174611119228061
Training_CRE,0.7381326460749221
Training_CRE,0.925388430914862
Training_CRE,0.8310488406593152
Training_CRE,5.59663504201068e-11
Training_CRE,0.5395948515061526
Training_CRE,0.9457977011729448
Training_CRE,0.9845539394324948
Training_CRE,0.9965783069773722
Training_CRE,0.9833297256775524
Training_CRE,0.9530279682439674
Training_CRE,0.8179100412891808
Training_CRE,0.9941056035542288
Training_CRE,0.973987150514985
Training_CRE,0.7118465059680855
Training_CRE,0.840924978196987
Training_CRE,0.9196567161931256
Training_CRE,0.8479521911335033
Training_CRE,0.985894030165609
Training_CRE,0.987149020638608
Training_CRE,0.9952959029436462
Training_CRE,0.9954191041558782
Training_CRE,0.4557615508524157
Training_CRE,0.7957906944708869
Training_CRE,0.9884870915941152
Training_CRE,0.9831375769902142
Training_CRE,0.9997660040386988
Training_CRE,0.993254163550518
Training_CRE,0.9949692640701664
Training_CRE,0.8935976504326542
Training_CRE,0.9842355858194062
Training_CRE,0.6754580981783512
Training_CRE,0.9101814944027824
Training_CRE,0.460551373693916
Training_CRE,0.9668550787961834
Training_CRE,0.8936666103546846
Training_CRE,0.965906446983496
Training_CRE,0.921676043398926
Training_CRE,0.9977366613256864
Training_CRE,0.917293448028986
Training_CRE,0.985310321702196
Training_CRE,0.9749937060768424
Training_CRE,0.8360232944064565
Training_CRE,0.8825444252123711
Training_CRE,0.2559336517184358
Training_CRE,0.9920206619724978
Training_CRE,0.9999158925494424
Training_CRE,0.97112086548193
Training_CRE,0.9998874289556826
Training_CRE,0.9050977625084256
Training_CRE,0.9590207634748952
Training_CRE,0.947889215497564
Training_CRE,0.5072111791845885
Training_CRE,0.999419653653815
Training_CRE,0.9110293288323752
Training_CRE,0.9652678288575742
Training_CRE,0.5214493519131351
Training_CRE,0.9960131520182276
Training_CRE,1.273715769089151e-4
Training_CRE,0.9582346033832272
Training_CRE,0.4816636325220008
Training_CRE,0.7821753120214456
Training_CRE,0.9470005566476668
Training_CRE,0.45820150970922213
Training_CRE,0.9011462567458848
Training_CRE,0.9891866132724644
Training_CRE,0.9999497898227312
Training_CRE,0.9617947037233652
Training_CRE,0.9986705761312574
Training_CRE,0.12502904027389594
Training_CRE,0.9945710772103992
Training_CRE,0.9510839692316644
Training_CRE,0.8135542892013456
Training_CRE,0.9706219022789768
Training_CRE,0.7375532295903486
Training_CRE,0.6800027698833045
Training_CRE,0.9755782871398888
Training_CRE,0.8505826762957241
Training_CRE,0.8518171456214754
Training_CRE,0.9887462827482876
Training_CRE,0.9763543552406276
Training_CRE,0.432723650906441
Training_CRE,0.9518880776349696
Training_CRE,0.9876166686659462
Training_CRE,0.9996107914391592
Training_CRE,0.9113253149210664
Training_CRE,0.9451381484015544
Training_CRE,0.9724811126954004
Training_CRE,0.9431387894299196
Training_CRE,0.9578744411286572
Training_CRE,0.9519916488754944
Training_CRE,0.49463331468294336
Training_CRE,0.6020639736491051
Training_CRE,0.9299535498171386
Training_CRE,0.999980184546852
Training_CRE,0.9950163534993444
Training_CRE,0.985962537033621
Training_CRE,0.9953852163838663
Training_CRE,0.9792828624072306
Training_CRE,0.9131856417264403
Training_CRE,0.9942423832033426
Training_CRE,0.9906198441711924
Training_CRE,0.08878203294766006
Training_CRE,0.49382178182686903
Training_CRE,0.9498020053477996
Training_CRE,0.9530530471925976
Training_CRE,0.9014214847285856
Training_CRE,0.9340806398887884
Training_CRE,0.7835235593890664
Training_CRE,0.9938995162134924
Training_CRE,0.9983053951610122
Training_CRE,0.6537059644346658
Training_CRE,0.8682010626187248
Training_CRE,0.9958348470477134
Training_CRE,0.982642345022425
Training_CRE,0.9252924396708636
Training_CRE,0.9999845113999932
Training_CRE,0.9000372868182922
Training_CRE,0.8464020147650092
Training_CRE,0.532523689110781
Training_CRE,0.7762427721095742
Training_CRE,0.999841756005669
Training_CRE,0.9989875752567642
Training_CRE,0.08488386063399696
Training_CRE,0.7073437688845517
Training_CRE,0.6060398872328235
Training_CRE,0.06221901064377158
Training_CRE,0.6322249268722054
Training_CRE,0.9810557254245178
Training_CRE,0.922460960271036
Training_CRE,0.6164911352526401
Training_CRE,0.9996087464190117
Training_CRE,0.972583068821144
Training_CRE,0.9966099525225944
Training_CRE,0.8715916184032373
Training_CRE,0.8038953785532553
Training_CRE,0.6475099048499774
Training_CRE,0.7539267634703695
Training_CRE,0.986539007123185
Training_CRE,0.9758857985558398
Training_CRE,0.7447405784117056
Training_CRE,0.9536439538898328
Training_CRE,0.9915631100837397
Training_CRE,0.9874919440874116
Training_CRE,0.9906355339209456
Training_CRE,0.9706658549221442
Training_CRE,0.8612820209099074
Training_CRE,0.9271732206045048
Training_CRE,0.385310747828194
Training_CRE,0.6524958902780027
Training_CRE,0.9994431932949924
Training_CRE,0.6661741252587209
Training_CRE,0.8379660068717353
Training_CRE,0.19118790279474784
Training_CRE,0.8601901636772741
Training_CRE,0.964400482438042
Training_CRE,0.9980683591092604
Training_CRE,0.9972240141774608
Training_CRE,0.9827717903570712
Training_CRE,0.9761081402660106
Training_CRE,0.8947574904203155
Training_CRE,0.4482084680335345
Training_CRE,0.32655779747816194
Training_CRE,0.9034465305455412
Training_CRE,0.9944056072479543
Training_CRE,0.9134724697811392
Training_CRE,0.4109305361172477
Training_CRE,0.9695901497788972
Training_CRE,0.9651659488660564
Training_CRE,0.996967975428218
Training_CRE,0.8212787646907668
Training_CRE,0.8695270536056177
Training_CRE,0.39874908109870505
Training_CRE,0.8333871412551932
Training_CRE,0.19165073498439653
Training_CRE,0.9766823625758128
Training_CRE,0.9964666491425208
Training_CRE,0.9908540167158828
Training_CRE,0.8131340307128063
Training_CRE,0.9176637591121272
Training_CRE,0.5863281758035456
Training_CRE,0.2981718048741556
Training_CRE,0.6093402393549296
Training_CRE,0.9504315235462794
Training_CRE,0.9178013279573134
Training_CRE,0.9678691405828556
Training_CRE,0.9984955459669744
Training_CRE,0.9036769695630202
Training_CRE,0.9988470759429968
Training_CRE,0.8330968847115788
Training_CRE,0.7473177598053979
Training_CRE,0.9151990980303129
Training_CRE,0.29029939789331477
Training_CRE,0.9954956453220112
Training_CRE,0.8372826081446871
Training_CRE,0.9671719900605968
Training_CRE,0.6537952717620475
Training_CRE,0.9810950119424052
Training_CRE,0.9987723899223012
Training_CRE,0.9053953894466192
Training_CRE,0.9155390278405277
Training_CRE,0.17832695356642994
Training_CRE,0.01260583305203435
Training_CRE,0.4933691716620859
Training_CRE,0.9002385862775909
Training_CRE,0.858335701457607
Training_CRE,0.9534458224950328
Training_CRE,0.8951364753994612
Training_CRE,0.7963789515238573
Training_CRE,0.6254638148220387
Training_CRE,0.9991982793600328
Training_CRE,0.97932239828415
Training_CRE,0.9971577563397588
Training_CRE,0.9436034389995402
Training_CRE,0.5206635809212034
Training_CRE,0.831273010689397
Training_CRE,0.9920374320011072
Training_CRE,0.9817491358029876
Training_CRE,0.9942049220405677
Training_CRE,0.9999835868714156
Training_CRE,0.48351497882663114
Training_CRE,0.9009130908687456
Training_CRE,0.6821611154011524
Training_CRE,0.8597567132795053
Training_CRE,0.8489212058191375
Training_CRE,0.8956642926079276
Training_CRE,0.01320760354016844
Training_CRE,0.9289976544607342
Training_CRE,0.9092336915451406
Training_CRE,0.917226339838552
Training_CRE,0.9749571413368469
Training_CRE,0.5720157763654303
Training_CRE,0.8286820503498221
Training_CRE,0.9723837910782516
Training_CRE,0.9992471063514908
Training_CRE,0.9769883915931968
Training_CRE,0.9985590971605744
Training_CRE,0.14407357524106365
Training_CRE,0.8978725409745829
Training_CRE,0.696389937865211
Training_CRE,0.5153361906357082
Training_CRE,0.6708391692487458
Training_CRE,0.8998468694106435
Training_CRE,0.4002145691964464
Training_CRE,0.5564740334527729
Training_CRE,0.917436090379617
Training_CRE,0.925113305268674
Training_CRE,0.975069945313172
Training_CRE,0.9010654384341594
Training_CRE,0.7126748891574413
Training_CRE,0.8445139464558257
Training_CRE,0.7452140476246727
Training_CRE,0.8466838116644438
Training_CRE,0.9972342360233498
Training_CRE,0.9087955997965216
Training_CRE,0.8949820442753783
Training_CRE,0.6914823062844934
Training_CRE,0.8822137432465746
Training_CRE,0.9998566337321192
Training_CRE,0.9348833986318736
Training_CRE,0.8936410301291938
Training_CRE,0.5257825148826386
Training_CRE,0.6905702024901762
Training_CRE,0.9958190660814646
Training_CRE,0.7547035280025598
Training_CRE,0.9898016642172176
Training_CRE,0.9893205356527224
Training_CRE,0.998129285585746
Training_CRE,0.948843478039614
Training_CRE,0.456510683976027
Training_CRE,0.8595689952134714
Training_CRE,0.8510640155030849
Training_CRE,0.9419872536003736
Training_CRE,0.8751350529777618
Training_CRE,0.8383129158958145
Training_CRE,0.9831915137927822
Training_CRE,0.5407907967634177
Training_CRE,0.7582239137732781
Training_CRE,0.836829774728227
Training_CRE,0.8391512929958523
Training_CRE,0.983676329202353
Training_CRE,0.967023233420529
Training_CRE,0.5836871663290163
Training_CRE,0.5785373987073865
Training_CRE,0.4584880704445145
Training_CRE,0.8298170341700617
Training_CRE,0.8769635606285493
Training_CRE,0.9327582108774516
Training_CRE,0.9998655900394804
Training_CRE,0.8047689480704652
Training_CRE,0.6324938436865206
Training_CRE,0.5957676669854409
Training_CRE,0.9932940955790508
Training_CRE,0.9027100503835775
Training_CRE,0.884007947216054
Training_CRE,0.9858804183310812
Training_CRE,0.6444658776997049
Training_CRE,0.9935013000089284
Training_CRE,0.8121384757823639
Training_CRE,0.8259650971683876
Training_CRE,0.5214429556036538
Training_CRE,0.9829873001345152
Training_CRE,0.9904708079949132
Training_CRE,0.9488057110263852
Training_CRE,0.9996573581619326
Training_CRE,0.8749280171651602
Training_CRE,0.6245945197284906
Training_CRE,0.9766718934373526
Training_CRE,0.4044919583157993
Training_CRE,0.8628624821190544
Training_CRE,0.977645569186858
Training_CRE,0.9687915127246136
Training_CRE,0.5412203165263845
Training_CRE,0.9990951756426772
Training_CRE,0.8457320470658721
Training_CRE,0.8352652271000819
Training_CRE,0.4683816802389736
Training_CRE,0.9496021043099548
Training_CRE,0.9074553964962128
Training_CRE,0.9982525802721912
Training_CRE,0.9566225140539306
Training_CRE,0.6578157935753415
Training_CRE,0.9549464148371628
Training_CRE,0.9752324241892788
Training_CRE,0.9956664078273876
Training_CRE,0.916904257974334
Training_CRE,0.991713339702211
Training_CRE,0.9930815666516486
Training_CRE,0.8328402126489568
Training_CRE,0.9697728302920556
Training_CRE,0.7375684522860294
Training_CRE,0.9995332072949432
Training_CRE,0.746484581683153
Training_CRE,0.9864844254492656
Training_CRE,0.9899267448137749
Training_CRE,0.5368814342707787
Training_CRE,0.7192878699233365
Training_CRE,0.9969927009926328
Training_CRE,0.5997208289938105
Training_CRE,0.9779444092516286
Training_CRE,0.874950428018579
Training_CRE,0.924494429755764
Training_CRE,0.6765585888480248
Training_CRE,0.8122188670020684
Training_CRE,0.7107381970149216
Training_CRE,0.9808423368271496
Training_CRE,0.8660818792751732
Training_CRE,0.9811111032113412
Training_CRE,0.5790263727876658
Training_CRE,0.9965914521147652
Training_CRE,0.2200315672076669
Training_CRE,0.985322877094026
Training_CRE,0.9004727628785458
Training_CRE,0.981054695740034
Training_CRE,0.9842971609383836
Training_CRE,0.993196881127932
Training_CRE,0.998961525837805
Training_CRE,0.8353920202010865
Training_CRE,0.9972971589797156
Training_CRE,0.9547053090522108
Training_CRE,0.7835307737926276
Training_CRE,0.4553711806615483
Training_CRE,0.9982538749015156
Training_CRE,0.7741967857961015
Training_CRE,0.8427831552734105
Training_CRE,0.611498499413288
Training_CRE,0.9815020982461928
Training_CRE,0.9876566034195304
Training_CRE,0.41834137752384465
Training_CRE,0.9713328277495202
Training_CRE,0.9534359106232037
Training_CRE,0.9839091823237166
Training_CRE,0.954739575244908
Training_CRE,0.7699430495724461
Training_CRE,0.860734177804151
Training_CRE,0.6439721237576427
Training_CRE,0.6893871305814845
Training_CRE,0.9956796491498806
Training_CRE,0.7561980213614009
Training_CRE,0.9618217610436248
Training_CRE,0.7880600583788507
Training_CRE,0.9457415541886468
Training_CRE,0.4722612448068809
Training_CRE,0.1122865789008017
Training_CRE,0.813896560428488
Training_CRE,0.9996141361315432
Training_CRE,0.995146877076066
Training_CRE,0.9996988810229516
Training_CRE,0.9347058769293493
Training_CRE,0.7609103548459053
Training_CRE,0.17183132739109666
Training_CRE,0.9767381256566424
Training_CRE,0.8480534305940071
Training_CRE,0.9935832298884714
Training_CRE,0.9932376579456886
Training_CRE,0.9450029240469032
Training_CRE,0.9915862908178804
Training_CRE,0.9685747216865058
Training_CRE,0.9795385182149408
Training_CRE,0.879927808354245
Training_CRE,0.5517000996848996
Training_CRE,0.9871639316302566
Training_CRE,0.8001122177771549
Training_CRE,0.9995185515898708
Training_CRE,0.9964420751310518
Training_CRE,0.9930806112392884
Training_CRE,0.9997054002741422
Training_CRE,0.8934908455341734
Training_CRE,0.977701125918524
Training_CRE,0.2830484769235391
Training_CRE,0.7439481544288485
Training_CRE,0.4513363152710277
Training_CRE,0.7797290752466908
Training_CRE,0.99694257865313
Training_CRE,0.6487061946179155
Training_CRE,0.4874961355078696
Training_CRE,0.473155003909003
Training_CRE,0.7933355374243745
Training_CRE,0.513054777121955
Training_CRE,0.9412273445732616
Training_CRE,0.8285851410363311
Training_CRE,0.300078180700547
Training_CRE,0.4045004287872969
Training_CRE,0.9568341688096932
Training_CRE,0.248530927653059
Training_CRE,0.8680421368883728
Training_CRE,0.6334174020802193
Training_CRE,0.9017875595201708
Training_CRE,0.9982952464505536
Training_CRE,0.9815218915971708
Training_CRE,0.7649069184234064
Training_CRE,0.7515979703029988
Training_CRE,0.8720627949400074
Training_CRE,0.9999966634012792
Training_CRE,0.9874548703246387
Training_CRE,0.977272101385856
Training_CRE,0.8939300373282661
Training_CRE,0.8172584032841081
Training_CRE,0.9846336937269864
Training_CRE,0.9540917976802912
Training_CRE,0.9658475052425016
Training_CRE,0.99798818995928
Training_CRE,0.7071481450058834
Training_CRE,0.24966826097256528
Training_CRE,0.5650116617552541
Training_CRE,0.7739260131324472
Training_CRE,0.9691759058237666
Training_CRE,0.9494991315278706
Training_CRE,0.4155021660397649
Training_CRE,0.7165694359054209
Training_CRE,0.9900407790528668
Training_CRE,0.8774544470812294
Training_CRE,0.48110354229303903
Training_CRE,0.8258656311999587
Training_CRE,0.8297021244560202
Training_CRE,0.999118081273954
Training_CRE,0.8915283703457375
Training_CRE,0.7263067583519766
Training_CRE,0.9943536444578448
Training_CRE,0.9973623585144216
Training_CRE,0.04589956027238995
Training_CRE,0.9995867214418612
Training_CRE,0.5201154756364983
Training_CRE,0.7395173098887268
Training_CRE,0.9739102812072288
Training_CRE,0.985019883360676
Training_CRE,0.7954524848462017
Training_CRE,0.7293107305156177
Training_CRE,0.1875800579152677
Training_CRE,0.7624835847409894
Training_CRE,0.7506757438273673
Training_CRE,0.9697212584488756
Training_CRE,0.4417778567462168
Training_CRE,0.5719866697730375
Training_CRE,0.9489116048194934
Training_CRE,0.9856285912719752
Training_CRE,0.9374970485565888
Training_CRE,0.9968091984121012
Training_CRE,0.95949041540397
Training_CRE,0.8170907478384463
Training_CRE,0.9806417985071444
Training_CRE,0.10808264874433791
Training_CRE,0.8730855275911964
Training_CRE,0.47559229799027675
Training_CRE,0.9025211269961056
Training_CRE,0.9931130826212904
Training_CRE,0.7842779789108691
Training_CRE,0.8819500279993876
Training_CRE,0.9604105863336884
Training_CRE,0.9585751232967846
Training_CRE,0.999734582597764
Training_CRE,0.8519122811629567
Training_CRE,0.7635127904682704
Training_CRE,0.8971945895816064
Training_CRE,0.9956488360936884
Training_CRE,0.9923859802245624
Training_CRE,0.7946237996401149
Training_CRE,0.9510610015897188
Training_CRE,0.9879097365399928
Training_CRE,0.5012713187573914
Training_CRE,0.6366522883383526
Training_CRE,0.9914245177277482
Training_CRE,0.7299822956788488
Training_CRE,0.996710939119189
Training_CRE,0.669668614593103
Training_CRE,0.9035214412587972
Training_CRE,0.6815410310657467
Training_CRE,0.9430253090610288
Training_CRE,0.997907178629452
Training_CRE,0.7354711420230514
Training_CRE,0.6963529578400716
Training_CRE,0.7265567553438066
Training_CRE,0.8882770305595237
Training_CRE,0.8827537242443648
Training_CRE,0.9785624109642268
Training_CRE,0.9652214513827432
Training_CRE,0.8855932269226479
Training_CRE,0.7479774941827917
Training_CRE,0.6790832417577051
Training_CRE,0.966562822601452
Training_CRE,0.8900775761747779
Training_CRE,0.977454087700386
Training_CRE,0.9882456782395532
Training_CRE,0.14417918709802405
Training_CRE,0.7890728716338457
Training_CRE,0.8497779999707199
Training_CRE,0.8184286449194106
Training_CRE,0.6803318237721175
Training_CRE,0.9437036452632118
Training_CRE,0.1874206304896339
Training_CRE,0.9348307161419284
Training_CRE,0.49487524388409
Training_CRE,0.9975579946805362
Training_CRE,0.9275718097200056
Training_CRE,0.8686622462321503
Training_CRE,0.5352674120321118
Training_CRE,0.8083492844687233
Training_CRE,0.8917196967775267
Training_CRE,0.9909223354626844
Training_CRE,0.9818100284018156
Training_CRE,0.9620171162949344
Training_CRE,0.999997168940986
Training_CRE,0.9528698551268624
Training_CRE,0.9942025677884287
Training_CRE,0.970642785962492
Training_CRE,0.9096415675139616
Training_CRE,0.5607848954399867
Training_CRE,0.9195364026241762
Training_CRE,0.6886731557237815
Training_CRE,0.9609046431324534
Training_CRE,0.9591522329111036
Training_CRE,0.8718387837610209
Training_CRE,0.9796948721532736
Training_CRE,0.7573778632996007
Training_CRE,0.8914760312269125
Training_CRE,0.7603831838511499
Training_CRE,0.8704145075665103
Training_CRE,0.9925646033915704
Training_CRE,0.9989536607094603
Training_CRE,0.8922009568824946
Training_CRE,0.9729238629045912
Training_CRE,0.9844476613265816
Training_CRE,0.9827576974362194
Training_CRE,0.9360847681965314
Training_CRE,0.7647484519626805
Training_CRE,0.9414758200315448
Training_CRE,0.6372008134843423
Training_CRE,0.986118371040578
Training_CRE,0.9736484974156898
Training_CRE,0.9999319728997988
Training_CRE,0.81090751667361
Training_CRE,0.9975240841959716
Training_CRE,0.9243810128551996
Training_CRE,2.59006839633907e-4
Training_CRE,0.9347512789800037
Training_CRE,0.7246493914348343
Training_CRE,0.980712413962768
Training_CRE,0.992149228090013
Training_CRE,0.9971345504951912
Training_CRE,0.973107458011738
Training_CRE,0.9902784852394914
Training_CRE,0.986216055145443
Training_CRE,0.7438600488510165
Training_CRE,0.7260520920029299
Training_CRE,0.855491374081941
Training_CRE,0.8763201030117057
Training_CRE,0.2927161656076658
Training_CRE,0.9923835643017233
Training_CRE,0.14303023462418535
Training_CRE,0.8740874384335551
Training_CRE,0.8754386951335407
Training_CRE,0.4801259219531867
Training_CRE,0.0779674246923189
Training_CRE,0.9050670876365686
Training_CRE,0.7902090357008453
Training_CRE,0.3150698814986667
Training_CRE,0.7109814271750714
Training_CRE,0.7915504901887254
Training_CRE,0.8114509992579771
Training_CRE,0.9998476281407171
Training_CRE,0.4951396326957974
Training_CRE,0.9735698727492402
Training_CRE,0.7700521040092525
Training_CRE,0.8982361361186462
Training_CRE,0.9843234747526723
Training_CRE,0.876400091791774
Training_CRE,0.7084469532400339
Training_CRE,0.48041695326392425
Training_CRE,0.7931506084339716
Training_CRE,0.03800264177167246
Training_CRE,0.9161686924675332
Training_CRE,0.9323342059555736
Training_CRE,0.8697994590046085
Training_CRE,0.6518360018620671
Training_CRE,0.6330029752012725
Training_CRE,0.9479843782672508
Training_CRE,0.6916952780474777
Training_CRE,0.7513375897158504
Training_CRE,0.9875120259204788
Training_CRE,0.7865389394933565
Training_CRE,0.9996116551544508
Training_CRE,0.6478680768132893
Training_CRE,0.6058569211897121
Training_CRE,0.9232326531233056
Training_CRE,0.7602135369918788
Training_CRE,0.9944123018807296
Training_CRE,0.999724526949788
Training_CRE,0.984302194162126
Training_CRE,0.932974798683194
Training_CRE,0.9702157947658056
Training_CRE,0.999995463168251
Training_CRE,0.9871890439690452
Training_CRE,0.5074211088034541
Training_CRE,0.6701392423640744
Training_CRE,0.9488329371636472
Training_CRE,0.9234333469344836
Training_CRE,0.9761706199717868
Training_CRE,0.7836476115628476
Training_CRE,0.9137485935832084
Training_CRE,0.9982483991833832
Training_CRE,0.35754313344000294
Training_CRE,0.9532333496876874
Training_CRE,0.9198357908125052
Training_CRE,0.9040532016037656
Training_CRE,0.6128296142301644
Training_CRE,0.7731971278603479
Training_CRE,0.9993922386024776
Training_CRE,0.4069995171722592
Training_CRE,0.7545009998140565
Training_CRE,0.7901577591795476
Training_CRE,0.971669886947525
Training_CRE,0.9988662798623906
Training_CRE,0.7483775947406055
Training_CRE,0.6240135930609385
Training_CRE,0.984504687712572
Training_CRE,0.9963613704768656
Training_CRE,0.49166159470112847
Training_CRE,0.9551809694335164
Training_CRE,0.9615381313656496
Training_CRE,0.8121147085283007
Training_CRE,0.9997362576589972
Training_CRE,0.8181627150354533
Training_CRE,0.9469024533040198
Training_CRE,0.6351405191443524
Training_CRE,0.8379421162530111
Training_CRE,0.38949384670269666
Training_CRE,0.9999689196664884
Training_CRE,0.7513598395099881
Training_CRE,0.7130558822488826
Training_CRE,0.4247902690730034
Training_CRE,0.3105125144782744
Training_CRE,0.9947197366680316
Training_CRE,0.5769928051673099
Training_CRE,0.9661357102931236
Training_CRE,0.964909779617114
Training_CRE,0.9953134415878468
Training_CRE,0.9206836977592672
Training_CRE,0.9391848045563412
Training_CRE,0.9659101593737854
Training_CRE,0.4492072613089758
Training_CRE,0.9208026919137844
Training_CRE,0.4928406135446618
Training_CRE,0.5710968571956403
Training_CRE,0.8902061422688203
Training_CRE,0.3527907643902592
Training_CRE,0.32172322970447803
Training_CRE,0.8830325201268681
Training_CRE,0.952461344025038
Training_CRE,0.9993698032237652
Training_CRE,0.5809013025779476
Training_CRE,0.7952942002418696
Training_CRE,0.904860181937853
Training_CRE,0.9923580570200886
Training_CRE,0.9045538989132192
Training_CRE,0.9813986583958112
Training_CRE,0.833085216600393
Training_CRE,0.8654532510692985
Training_CRE,0.9334286205994604
Training_CRE,0.4275237878034223
Training_CRE,0.01184773929671226
Training_CRE,0.694893180015653
Training_CRE,0.9994226510532552
Training_CRE,0.912610719208
Training_CRE,0.9550266975767604
Training_CRE,0.9663386596577566
Training_CRE,0.9250185704166396
Training_CRE,0.0748195144177799
Training_CRE,0.28519530856454123
Training_CRE,0.9246567002829882
Training_CRE,0.9573283691927
Training_CRE,0.9939969772801044
Training_CRE,0.6947944293239605
Training_CRE,0.9887338218261202
Training_CRE,0.6409756364476825
Training_CRE,0.9511179441878272
Training_CRE,0.4840832909978392
Training_CRE,0.6658966319177313
Training_CRE,0.9995146993406564
Training_CRE,0.8421163653957303
Training_CRE,0.9958693626105156
Training_CRE,0.668354631964455
Training_CRE,0.8165174783971939
Training_CRE,0.9045584488787802
Training_CRE,0.9997157177482888
Training_CRE,0.9276653102302356
Training_CRE,0.5097929185346304
Training_CRE,0.8920428063509853
Training_CRE,0.7945189746555076
Training_CRE,0.08463013991845882
Training_CRE,0.4518058457505657
Training_CRE,0.4363260969614904
Training_CRE,0.5386276247221425
Training_CRE,0.9966360448187744
Training_CRE,0.9504921990560818
Training_CRE,0.6189837945422665
Training_CRE,0.9995496261820996
Training_CRE,0.9488451473195212
Training_CRE,0.97142128378900094
Training_CRE,0.03432665856027419
Training_CRE,0.7877421794137076
Training_CRE,0.9913842504069866
Training_CRE,0.9948851665825206
Training_CRE,0.9683284872452552
Training_CRE,0.6987050796323633
Training_CRE,0.9906171309323808
Training_CRE,0.4951022921480822
Training_CRE,0.6687563897343325
Training_CRE,0.8924571732067157
Training_CRE,0.28496436320075297
Training_CRE,0.9031636201412172
Training_CRE,0.989280875148036
Training_CRE,0.9999764882746168
Training_CRE,0.40148655235530745
Training_CRE,0.963350741705602
Training_CRE,0.9859294540349576
Training_CRE,0.987250319684752
Training_CRE,0.22850877572608175
Training_CRE,0.8980451743994556
Training_CRE,0.5938095101340619
Training_CRE,0.6324340593325357
Training_CRE,0.24802378109504977
Training_CRE,0.9880804391097594
Training_CRE,0.8903680755880397
Training_CRE,0.5830181706290761
Training_CRE,0.9778529860867816
Training_CRE,0.9993533512930812
Training_CRE,0.7985180273685187
Training_CRE,0.680832273104083
Training_CRE,0.6657798603659487
Training_CRE,0.8426397758154726
Training_CRE,0.9080681782518276
Training_CRE,0.7059808611811493
Training_CRE,0.9894333153674174
Training_CRE,0.7471895402636022
Training_CRE,0.9524694802093002
Training_CRE,0.7296829532631871
Training_CRE,0.9654524128084326
Training_CRE,0.8375724405782669
Training_CRE,0.6648270393783225
Training_CRE,0.8460028681484356
Training_CRE,0.8908527295977418
Training_CRE,0.9965727504142996
Training_CRE,0.8574891660080574
Training_CRE,0.9844693693022571
Training_CRE,0.9935472056239598
Training_CRE,0.630334071236892
Training_CRE,0.9823626770284516
Training_CRE,0.9121445081677696
Training_CRE,0.499191327008277
Training_CRE,0.7438627819882959
Training_CRE,0.786379228805949
Training_CRE,0.6153027257756024
Training_CRE,0.9790681182959496
Training_CRE,0.7630070672529045
Training_CRE,0.83511958904182
Training_CRE,0.7213581224458149
Training_CRE,0.7673088624636865
Training_CRE,0.8450971725260737
Training_CRE,0.9935904198404212
Training_CRE,0.21120779447900495
Training_CRE,0.9988817980805004
Training_CRE,0.8303008769191628
Training_CRE,0.999394303533119
Training_CRE,0.7486110522359919
Training_CRE,0.9945704397235272
Training_CRE,0.8883001619785588
Training_CRE,0.05483093494587589
Training_CRE,0.2522072432253778
Training_CRE,0.8407352781892645
Training_CRE,0.7854172311552282
Training_CRE,0.9315542412582716
Training_CRE,0.999852477030197
Training_CRE,0.9823664576977688
Training_CRE,0.9827070678068762
Training_CRE,0.9995264704410938
Training_CRE,0.9553192059666344
Training_CRE,0.9961009204082344
Training_CRE,0.8813526844749593
Training_CRE,0.9354802702601274
Training_CRE,0.8583623064360433
Training_CRE,0.24656879028696396
Training_CRE,0.2625585093076997
Training_CRE,0.9599146379836236
Training_CRE,0.7352106821909402
Training_CRE,0.6853399034766438
Training_CRE,0.9905734978523678
Training_CRE,0.9933122217394388
Training_CRE,0.44993198287487496
Training_CRE,0.9676650228222572
Training_CRE,0.9991153037288358
Training_CRE,0.8745400763458206
Training_CRE,0.9934849698792922
Training_CRE,0.8806946828347836
Training_CRE,0.9899425377229164
Training_CRE,0.6646005010274181
Training_CRE,0.577755642650166
Training_CRE,0.9941234718441329
Training_CRE,0.9951140510334652
Training_CRE,0.9870256442336892
Training_CRE,0.9977657190017885
Training_CRE,0.4858305303034619
Training_CRE,0.947164586114311
Training_CRE,0.9967264402331084
Training_CRE,0.9454428356412858
Training_CRE,0.6979612931483264
Training_CRE,0.9850867836886984
Training_CRE,0.9081354875798902
Training_CRE,0.9574235968342538
Training_CRE,0.9941671925142096
Training_CRE,0.9184587461710916
Training_CRE,0.5048126709415864
Training_CRE,0.7735893943333908
Training_CRE,0.973656244196156
Training_CRE,0.677680887478639
Training_CRE,0.9496381576690645
Training_CRE,0.9066594521652732
Training_CRE,0.8408422386800489
Training_CRE,0.8231878252443436
Training_CRE,0.9945252316409272
Training_CRE,0.6290813778347404
Training_CRE,0.9999635626828072
Training_CRE,0.9342728302011722
Training_CRE,0.7747290114447237
Training_CRE,0.9851832703312816
Training_CRE,0.8556571405497738
Training_CRE,0.9967129085373276
Training_CRE,0.9811025309112584
Training_CRE,0.20049972988630785
Training_CRE,0.5082612601426348
Training_CRE,0.987253294207962
Training_CRE,0.9991472063760276
Training_CRE,0.999652956638574
Training_CRE,0.999579188215234
Training_CRE,0.999106761637977
Training_CRE,0.9812269759950308
Training_CRE,0.7021050095724973
Training_CRE,0.7688328933563906
Training_CRE,0.6879791176274852
Training_CRE,0.7085066418042095
Training_CRE,0.9215642111267218
Training_CRE,0.859199198663211
Training_CRE,0.13095722960183742
Training_CRE,0.00367277067067767
Training_CRE,0.9567777536253408
Training_CRE,0.975515855784666
Training_CRE,0.9922481708961288
Training_CRE,0.982195916365061
Training_CRE,0.999907505052423
Training_CRE,0.05118534934229731
Training_CRE,0.22606955156564615
Training_CRE,0.9030251956268076
Training_CRE,0.7761203887990993
Training_CRE,0.2784940526475729
Training_CRE,0.7873460914000308
Training_CRE,0.5168416622658195
Training_CRE,0.8152103091225164
Training_CRE,0.9660636685870146
Training_CRE,0.841901157477802
Training_CRE,0.9722954343202042
Training_CRE,0.5247764449640188
Training_CRE,0.5309898362753804
Training_CRE,0.9981211356462296
Training_CRE,0.920668884811524
Training_CRE,0.9555649352502752
Training_CRE,0.12619926768755402
Training_CRE,0.9487824702558306
Training_CRE,0.9930291412755454
Training_CRE,0.8791261164432125
Training_CRE,0.9173629279100414
Training_CRE,0.6439150395638328
Training_CRE,0.42591571806101736
Training_CRE,0.2159066254565246
Training_CRE,0.6749913707317777
Training_CRE,0.9778450667223696
Training_CRE,0.8840999826896005
Training_CRE,0.9963661762128664
Training_CRE,0.9651713380443658
Training_CRE,0.7555861441119345
Training_CRE,0.9868166792044074
Training_CRE,0.9455366393990272
Training_CRE,0.7510788805986995
Training_CRE,0.2536798425305948
Training_CRE,0.2179009729221368
Training_CRE,0.9765483288117692
Training_CRE,0.9412038732246544
Training_CRE,0.5841821580461608
Training_CRE,0.9996343790691538
Training_CRE,0.9949465795365808
Training_CRE,0.8471551432022798
Training_CRE,0.497867800977315
Training_CRE,0.8412161544254126
Training_CRE,0.7650699553701044
Training_CRE,0.8091533218820223
Training_CRE,0.284614340743698
Training_CRE,0.9919787621890648
Training_CRE,0.9195473473424772
Training_CRE,0.9630813922005598
Training_CRE,0.9874270665351884
Training_CRE,0.8065876635551543
Training_CRE,0.15117936720743066
Training_CRE,0.8997549488945956
Training_CRE,0.12417539833008628
Training_CRE,0.1317520101004755
Training_CRE,0.9511939544046488
Training_CRE,0.9229197354629536
Training_CRE,0.48131276109448184
Training_CRE,0.5570110039101178
Training_CRE,0.8561916515478648
Training_CRE,0.5185329923002577
Training_CRE,0.9976281944315822
Training_CRE,0.9855088338792188
Training_CRE,0.4931323346184021
Training_CRE,0.7714919905655024
Training_CRE,0.14522999612058796
Training_CRE,0.910781513752809
Training_CRE,0.40139355275689415
Training_CRE,0.997491875166742
Training_CRE,0.991698426414344
Training_CRE,0.9531949417576792
Training_CRE,0.423044687125608
Training_CRE,0.5188290400326896
Training_CRE,0.8583548500006614
Training_CRE,0.9779763445101384
Training_CRE,0.9995670157370032
Training_CRE,0.9984763791992376
Training_CRE,0.9981210597057834
Training_CRE,0.98603537499793
Training_CRE,0.8751911370006207
Training_CRE,0.7943273818433424
Training_CRE,0.9752326659595256
Training_CRE,0.958982284366575
Training_CRE,0.6428607034818603
Training_CRE,0.9649666219713882
Training_CRE,0.791667799462981
Training_CRE,0.9995642681493112
Training_CRE,0.9934469009686356
Training_CRE,0.9511016938020116
Training_CRE,0.9073411029771042
Training_CRE,0.6086837397526895
Training_CRE,0.7564186749052141
Training_CRE,0.8710792451498687
Training_CRE,0.982374507413727
Training_CRE,0.6851862142941412
Training_CRE,0.9999330123082648
Training_CRE,0.9999967807120702
Training_CRE,0.09189362862085798
Training_CRE,0.9179923511699566
Training_CRE,0.9845328298988744
Training_CRE,0.998224505921729
Training_CRE,0.36860211335949294
Training_CRE,0.6436185519416534
Training_CRE,0.4571975301392522
Training_CRE,0.5042276761741057
Training_CRE,0.9902556760266936
Training_CRE,0.9786740861070868
Training_CRE,0.99970822047861
Training_CRE,0.15595604806079227
Training_CRE,0.0860168461365953
Training_CRE,0.9896508199034588
Training_CRE,0.9757050281327162
Training_CRE,0.9700922555492412
Training_CRE,0.5086466941637015
Training_CRE,0.9774907320172675
Training_CRE,0.6671084018069138
Training_CRE,0.9941600204658866
Training_CRE,0.9611490290665656
Training_CRE,0.22246335327537825
Training_CRE,0.6947132803179096
Training_CRE,0.9419713572616188
Training_CRE,0.1666732864411342
Training_CRE,0.8850518265940519
Training_CRE,0.7022927097810624
Training_CRE,0.5382909379810012
Training_CRE,0.925579016995468
Training_CRE,0.8730532123857809
Training_CRE,0.06640651294162321
Training_CRE,0.9781067073679184
Training_CRE,0.7801716684621889
Training_CRE,0.9427368138068876
Training_CRE,0.9999744951866671
Training_CRE,0.8921186309694765
Training_CRE,0.9999825543713708
Training_CRE,0.9993968507119894
Training_CRE,0.9421623593858558
Training_CRE,0.992642766037576
Training_CRE,0.85237161669802
Training_CRE,0.8361381824920401
Training_CRE,0.4441554102469401
Training_CRE,0.8678746724314176
Training_CRE,0.630167855013324
Training_CRE,0.9560115541329848
Training_CRE,0.8883940799396093
Training_CRE,0.6513506821646967
Training_CRE,0.967796093873638
Training_CRE,0.9900231437601442
Training_CRE,0.9558542897442632
Training_CRE,0.7775498356029218
Training_CRE,0.546702404009174
Training_CRE,0.5827644704921808
Training_CRE,0.8661087149605095
Training_CRE,0.5326644043297244
Training_CRE,0.9591020600433138
Training_CRE,0.6677950449002066
Training_CRE,0.20968591301786405
Training_CRE,0.9332575068149704
Training_CRE,0.7545160318555427
Training_CRE,0.8815760661392295
Training_CRE,0.9969434022126492
Training_CRE,0.5957038318946025
Training_CRE,0.435083893060739
Training_CRE,0.665585691222219
Training_CRE,0.8419146782972264
Training_CRE,0.2507326060871346
Training_CRE,0.9767975106598276
Training_CRE,0.977226863536786
Training_CRE,0.7491012201621348
Training_CRE,0.5454616366041016
Training_CRE,0.3124407730566149
Training_CRE,0.6824905296501106
Training_CRE,0.9848967551594098
Training_CRE,0.8585262846330942
Training_CRE,0.9995924500566028
Training_CRE,0.4174893018813405
Training_CRE,0.9593639549049472
Training_CRE,0.978462753344616
Training_CRE,0.4651798113523627
Training_CRE,0.8551745707532402
Training_CRE,0.983708780349685
Training_CRE,0.9999678636229826
Training_CRE,0.9828337606456456
Training_CRE,0.7560022236238538
Training_CRE,0.8721045211256273
Training_CRE,0.9983005787516362
Training_CRE,0.961360346068097
Training_CRE,0.8394842748365785
Training_CRE,0.6366510528125238
Training_CRE,0.7655113588853969
Training_CRE,0.9071509732467258
Training_CRE,0.953431140105204
Training_CRE,0.9926804891048642
Training_CRE,0.9990948219896127
Training_CRE,0.9712560707363928
Training_CRE,0.9520985152558694
Training_CRE,0.9527188371451104
Training_CRE,0.6711300343208373
Training_CRE,0.995472665234424
Training_CRE,0.9972981452729264
Training_CRE,0.5220507884292096
Training_CRE,0.8391728538949453
Training_CRE,0.987399058056356
Training_CRE,0.943923104541178
Training_CRE,0.8672031497127219
Training_CRE,0.904406043877969
Training_CRE,0.6746351904397737
Training_CRE,0.9994992207358082
Training_CRE,0.4638871004002718
Training_CRE,0.18061590023849747
Training_CRE,0.8478734593849968
Training_CRE,0.9985388086794638
Training_CRE,0.8086441019647852
Training_CRE,0.7591540834601569
Training_CRE,0.3294161687210263
Training_CRE,0.9172991904815818
Training_CRE,0.9573055510173024
Training_CRE,0.9631811137521744
Training_CRE,0.8876398497507801
Training_CRE,0.01751448417505361
Training_CRE,0.7486269811786612
Training_CRE,0.6282231424340508
Training_CRE,0.957890662335599
Training_CRE,0.9418205846096898
Training_CRE,0.8548984004268274
Training_CRE,0.9000523585252875
Training_CRE,0.3938054593915824
Training_CRE,0.982377267517715
Training_CRE,0.5395030541116967
Training_CRE,0.9994977806268528
Training_CRE,0.9519433814254536
Training_CRE,0.763589931316841
Training_CRE,0.945234457740722
Training_CRE,0.9575990914924872
Training_CRE,0.9302142468859996
Training_CRE,0.9829490243434734
Training_CRE,0.614888095900876
Training_CRE,0.5745332990755142
Training_CRE,0.9384173394209704
Training_CRE,0.8594704295102095
Training_CRE,0.8399915600406831
Training_CRE,0.9528048629298392
Training_CRE,0.6858761748656473
Training_CRE,0.9447685021912418
Training_CRE,0.840368673040122
Training_CRE,0.9999890819735886
Training_CRE,0.28472129870667273
Training_CRE,0.6084164581599372
Training_CRE,0.17788732770883903
Training_CRE,0.7901260155971838
Training_CRE,0.06746063686751669
Training_CRE,0.9676382319961904
Training_CRE,0.958764599250438
Training_CRE,0.9664359444009696
Training_CRE,0.8536231210893643
Training_CRE,0.9523679368595842
Training_CRE,0.9674385714242952
Training_CRE,0.8979234929114267
Training_CRE,0.5990183546392869
Training_CRE,0.994707744589962
Training_CRE,0.7288752308554518
Training_CRE,0.8326279457119761
Training_CRE,0.4571903263244806
Training_CRE,0.39151492446822855
Training_CRE,0.8376729099878681
Training_CRE,0.997392173843714
Training_CRE,0.9064862100839736
Training_CRE,0.7240271576037907
Training_CRE,0.6734469274594469
Training_CRE,0.8195787144013179
Training_CRE,0.955819565742997
Training_CRE,0.629441376297998
Training_CRE,0.5280699048996007
Training_CRE,0.9535962354558314
Training_CRE,0.8219853346222455
Training_CRE,0.9995735660390588
Training_CRE,0.6967583322399
Training_CRE,0.7925892581357101
Training_CRE,0.6590019948952136
Training_CRE,0.01970771670048639
Training_CRE,0.05381386353101639
Training_CRE,0.9981474980004876
Training_CRE,0.9300494104492204
Training_CRE,0.5765267554533677
Training_CRE,0.3660733136552418
Training_CRE,0.7961535552144725
Training_CRE,0.6907356521173467
Training_CRE,0.9755049454829624
Training_CRE,0.04839787892575586
Training_CRE,0.7120896869146046
Training_CRE,0.7308632622295075
Training_CRE,0.1350803169534716
Training_CRE,0.9819080779263768
Training_CRE,0.9539057217834764
Training_CRE,0.9961324058626008
Training_CRE,0.12947330165775378
Training_CRE,0.01655403914024847
Training_CRE,0.5956665424033104
Training_CRE,0.9295382929010008
Training_CRE,0.9488073128060815
Training_CRE,0.1116798134985103
Training_CRE,0.9518279193816684
Training_CRE,0.27509529984189585
Training_CRE,0.9584850416548676
Training_CRE,0.760702688291695
Training_CRE,0.9638333727921116
Training_CRE,0.9987645681364578
Training_CRE,0.03920979044033624
Training_CRE,0.7783520271995801
Training_CRE,0.9943725532403704
Training_CRE,0.39675243431154983
Training_CRE,0.9955708847907844
Training_CRE,0.6080962745825625
Training_CRE,0.9813063190155724
Training_CRE,0.9943918352550224
Training_CRE,0.8809144935968138
Training_CRE,0.988324711450412
Training_CRE,0.9862245285292482
Training_CRE,0.5541014039075869
Training_CRE,0.5749034686565416
Training_CRE,0.9642776678111936
Training_CRE,0.01942450304542684
Training_CRE,0.8301752325560086
Training_CRE,0.40216348306944977
Training_CRE,0.8833889067845532
Training_CRE,0.7708063973683918
Training_CRE,0.9980479461862588
Training_CRE,0.8415305112203713
Training_CRE,0.4521741391616998
Training_CRE,0.9444222913020408
Training_CRE,0.7759500435256139
Training_CRE,0.9266697598409618
Training_CRE,0.9108565452583928
Training_CRE,0.9759350558080906
Training_CRE,0.9335091909499832
Training_CRE,0.21044034545782603
Training_CRE,0.950494783815079
Training_CRE,0.998506263275143
Training_CRE,0.5673652915880204
Training_CRE,0.9810652867309828
Training_CRE,0.21223986990830115
Training_CRE,0.9798596018123338
Training_CRE,0.8182832572798803
Training_CRE,0.5277481965465999
Training_CRE,0.21831187870365656
Training_CRE,0.27261807159764356
Training_CRE,0.9954711987188372
Training_CRE,0.950290739370202
Training_CRE,0.9976247067425624
Training_CRE,0.9998523403238294
Training_CRE,0.9996127550148144
Training_CRE,0.9133671476399594
Training_CRE,0.5785168432275498
Training_CRE,0.6911301532325642
Training_CRE,0.9646337095118152
Training_CRE,0.49919159978222105
Training_CRE,0.8155363210221096
Training_CRE,0.1702271862543037
Training_CRE,0.7432747389833632
Training_CRE,0.8086701336727873
Training_CRE,0.7345177745941253
Training_CRE,0.9783155876348962
Training_CRE,0.6288225880629317
Training_CRE,0.998927390480412
Training_CRE,0.9675799392467918
Training_CRE,0.5686140450446485
Training_CRE,0.8941818486662462
Training_CRE,0.9934315716902729
Training_CRE,0.9818266930021766
Training_CRE,0.991537582796252
Training_CRE,0.9496892492308536
Training_CRE,0.9758503500628862
Training_CRE,0.7445496278942597
Training_CRE,0.851585266715573
Training_CRE,0.9154770923436888
Training_CRE,0.9882868656008648
Training_CRE,0.999962198092976
Training_CRE,0.342564579371246
Training_CRE,0.6442385952660958
Training_CRE,0.913251679552048
Training_CRE,0.9249323908381838
Training_CRE,0.9081286251763604
Training_CRE,0.9998418337076184
Training_CRE,0.9597393871903068
Training_CRE,0.00117643135331067
Training_CRE,0.9153835343883951
Training_CRE,0.4212028219969775
Training_CRE,0.966323588361823
Training_CRE,0.16977616397750175
Training_CRE,0.96791843677431455
Training_CRE,0.17066295118762936
Training_CRE,0.8045747874553847
Training_CRE,0.6568012213278095
Training_CRE,0.9908968652826114
Training_CRE,0.4571919888633316
Training_CRE,0.98852653006519
Training_CRE,0.873532816898329
Training_CRE,0.8796222756533086
Training_CRE,0.9880899319972548
Training_CRE,0.8692804602480683
Training_CRE,0.5106285711323261
Training_CRE,0.953021077532624
Training_CRE,0.7243498672985351
Training_CRE,0.8595379334125006
Training_CRE,0.05822409536721761
Training_CRE,0.27333014564763386
Training_CRE,0.9594496800781412
Training_CRE,0.970887372622394
Training_CRE,0.9148005909578444
Training_CRE,0.731001948091968
Training_CRE,0.66700435031289
Training_CRE,0.5814468805134976
Training_CRE,0.7629849334263313
Training_CRE,0.8659172689280695
Training_CRE,0.9999766825795058
Training_CRE,0.990647802116486
Training_CRE,0.9382686367037526
Training_CRE,0.13913062021286424
Training_CRE,0.9935555858617128
Training_CRE,0.9216859311388572
Training_CRE,0.41590797822213577
Training_CRE,0.9415584300243508
Training_CRE,0.3828283765007493
Training_CRE,0.977211884720664
Training_CRE,0.6890382231883029
Training_CRE,0.01861621934687403
Training_CRE,0.9815127661101274
Training_CRE,0.03130478944560928
Training_CRE,0.4072427006900406
Training_CRE,0.9351606489617116
Training_CRE,0.36558283136840874
Training_CRE,0.6153355311655297
Training_CRE,0.4903084875637864
Training_CRE,0.421861396441172
Training_CRE,0.9302448949333292
Training_CRE,2.1368432242168436e-4
Training_CRE,0.9999762225214388
Training_CRE,0.999854483873544
Training_CRE,0.16651149168559817
Training_CRE,0.7883060039727671
Training_CRE,0.9902293212529458
Training_CRE,0.9997967661797956
Training_CRE,0.81521988756238
Training_CRE,0.1116525605503868
Training_CRE,0.7496376887206144
Training_CRE,0.6641168430136715
Training_CRE,0.6830551238857029
Training_CRE,0.9617724662683064
Training_CRE,0.7374524043080636
Training_CRE,0.5263052016696811
Training_CRE,0.5797530956153516
Training_CRE,0.8516566356597425
Training_CRE,0.9800948913690176
Training_CRE,0.9796519637562492
Training_CRE,0.9997089117241732
Training_CRE,0.8482978287143029
Training_CRE,0.9979829042581534
Training_CRE,0.9995727706900136
Training_CRE,0.8717724377803918
Training_CRE,0.9568748060261022
Training_CRE,0.922340763270382
Training_CRE,0.545712784292855
Training_CRE,0.962657669112588
Training_CRE,0.9861352504032428
Training_CRE,0.9602943099763228
Training_CRE,0.9929585972632524
Training_CRE,0.03693045462004107
Training_CRE,0.8946967921459837
Training_CRE,0.170569053517316
Training_CRE,0.9939533372568125
Training_CRE,0.99839921355426
Training_CRE,0.9854565352900988
Training_CRE,0.8675372411548575
Training_CRE,0.7158437636037001
Training_CRE,0.3680780446435307
Training_CRE,0.9794215561655888
Training_CRE,0.9626529064520254
Training_CRE,0.7311974434345321
Training_CRE,0.3969133749229709
Training_CRE,0.5145256248668469
Training_CRE,0.8455470266823093
Training_CRE,0.9988152800307196
Training_CRE,0.8696617497694307
Training_CRE,0.8152653540934709
Training_CRE,0.987157698392056
Training_CRE,0.9305363918700504
Training_CRE,0.9592808178568064
Training_CRE,0.4783509596821174
Training_CRE,0.8922832173801428
Training_CRE,0.9998511899711888
Training_CRE,0.9820384538393598
Training_CRE,0.9939120704696788
Training_CRE,0.8685971715741059
Training_CRE,0.8156655377121638
Training_CRE,0.1847427287767205
Training_CRE,0.9988710606555836
Training_CRE,0.3802732542887377
Training_CRE,0.7988116513252291
Training_CRE,0.4994924263368469
Training_CRE,0.7832007783375605
Training_CRE,0.8717666310786577
Training_CRE,0.9860207257061648
Training_CRE,0.01222166518990312
Training_CRE,0.9142478709129302
Training_CRE,0.9574610614022212
Training_CRE,0.96328099879551
Training_CRE,0.5436888107319113
Training_CRE,0.6959020864041382
Training_CRE,0.82747974824514
Training_CRE,0.5757517857100328
Training_CRE,0.23460701426557565
Training_CRE,0.8237500417587221
Training_CRE,0.9472339550238869
Training_CRE,0.683753027072599
Training_CRE,0.34010343829971246
Training_CRE,0.9193255934604672
Training_CRE,0.4435538162790888
Training_CRE,0.5747513913628784
Training_CRE,0.624684305789213
Training_CRE,0.04430123534467351
Training_CRE,0.9318541443457272
Training_CRE,0.4879574798291512
Training_CRE,0.4759645954522863
Training_CRE,0.2321408772545801
Training_CRE,0.5890750371639315
Training_CRE,0.517166872603687
Training_CRE,0.9999850723534316
Training_CRE,0.8853852697079653
Training_CRE,0.971646583729072
Training_CRE,0.7928971388840264
Training_CRE,0.7179651561145312
Training_CRE,0.7964238268334117
Training_CRE,0.5336638986983825
Training_CRE,0.953031951344054
Training_CRE,0.9300192462785456
Training_CRE,0.7344694961123681
Training_CRE,0.7909387731685116
Training_CRE,0.8963765155743845
Training_CRE,0.9979786316105084
Training_CRE,0.5642916783370403
Training_CRE,0.9892810365027084
Training_CRE,0.9954510199310556
Training_CRE,0.6697344393834015
Training_CRE,0.9131546105646388
Training_CRE,0.7052638796427951
Training_CRE,0.7183204454330473
Training_CRE,0.16177972297138177
Training_CRE,0.9230104617112752
Training_CRE,0.999963490604824
Training_CRE,0.9998317213375808
Training_CRE,0.8636231313312325
Training_CRE,0.8596477439205477
Training_CRE,0.6013502140389337
Training_CRE,0.903599549376904
Training_CRE,0.99874854180086
Training_CRE,0.657945774776939
Training_CRE,0.789338983881109
Training_CRE,0.6105941469876557
Training_CRE,0.9923979600047372
Training_CRE,0.8614016504123432
Training_CRE,0.7781717872377195
Training_CRE,0.663228620169619
Training_CRE,0.5072083484788859
Training_CRE,0.4815347332682904
Training_CRE,0.7781485638712077
Training_CRE,0.9533229797562494
Training_CRE,0.7324997181779941
Training_CRE,0.39256523458299736
Training_CRE,0.9417028690158674
Training_CRE,0.9954670551295436
Training_CRE,0.2739505557548494
Training_CRE,0.9944185609661738
Training_CRE,0.9783619174490784
Training_CRE,0.9835311451075508
Training_CRE,0.923933275620803
Training_CRE,0.7370008971622348
Training_CRE,0.7125766163004918
Training_CRE,0.7970173597325461
Training_CRE,0.9921829470257492
Training_CRE,0.9709143835300345
Training_CRE,0.7032792103006855
Training_CRE,0.8133131813196252
Training_CRE,0.7459039975412532
Training_CRE,0.4466967935657072
Training_CRE,0.9476238718592246
Training_CRE,0.7387871943961538
Training_CRE,0.8639033577416808
Training_CRE,0.9915977103588406
Training_CRE,0.891020974628754
Training_CRE,0.9935577466988482
Training_CRE,0.8405599560115122
Training_CRE,0.2746633904671805
Training_CRE,0.7136835356883505
Training_CRE,0.7270660042346937
Training_CRE,0.4409605065603887
Training_CRE,0.3700297197473184
Training_CRE,0.9352186644907948
Training_CRE,0.986887246213814
Training_CRE,0.8457260462929471
Training_CRE,0.6499204278491061
Training_CRE,0.6304641724481265
Training_CRE,0.9921372550489648
Training_CRE,0.9998413354380524
Training_CRE,0.962099535670482
Training_CRE,0.22101588520821935
Training_CRE,0.9919073047550928
Training_CRE,0.8071493825240402
Training_CRE,0.08593550995887075
Training_CRE,0.7133350602056843
Training_CRE,0.5851422458888906
Training_CRE,0.9995437203898384
Training_CRE,0.9899024205953336
Training_CRE,0.41352684679285406
Training_CRE,0.9884756186119844
Training_CRE,0.4779557329481141
Training_CRE,0.8847824881726786
Training_CRE,0.9930882836925276
Training_CRE,0.8275492632474858
Training_CRE,0.9886326210025504
Training_CRE,0.40798056866921945
Training_CRE,0.9886313622171928
Training_CRE,0.01270174325224575
Training_CRE,0.12253942936437952
Training_CRE,0.9660481748423224
Training_CRE,0.979534445064404
Training_CRE,0.9955110830694458
Training_CRE,0.5954360295133445
Training_CRE,0.8776476783916619
Training_CRE,0.9995043451371818
Training_CRE,0.9430480218103284
Training_CRE,0.7459093707934824
Training_CRE,0.4487212446910543
Training_CRE,0.941829644320796
Training_CRE,0.6619122027535254
Training_CRE,0.9260709542415206
Training_CRE,0.8673456639659257
Training_CRE,0.986311369927752
Training_CRE,0.9772804231658574
Training_CRE,0.1918495655550938
Training_CRE,0.9981083504687616
Training_CRE,0.4463851857517305
Training_CRE,0.9799799847533024
Training_CRE,0.9155343580721595
Training_CRE,0.9830864993544765
Training_CRE,0.9877833578809724
Training_CRE,0.8973151435742147
Training_CRE,0.992718517221596
Training_CRE,0.5960072108023743
Training_CRE,0.9648704404451124
Training_CRE,0.9161063089423646
Training_CRE,0.8800729964349517
Training_CRE,0.5613601441326413
Training_CRE,0.9032677336025584
Training_CRE,0.04781561137744264
Training_CRE,0.9973943716527948
Training_CRE,0.9973581722842658
Training_CRE,0.8771925847409875
Training_CRE,0.9181482529824596
Training_CRE,0.8187739090675986
Training_CRE,0.7049847581740389
Training_CRE,0.9642943582790068
Training_CRE,0.27835829932656697
Training_CRE,0.8443573257612703
Training_CRE,0.7753952110014388
Training_CRE,0.5990188602924679
Training_CRE,0.8246652939884468
Training_CRE,0.7742488731174944
Training_CRE,0.8111439069942283
Training_CRE,0.6851575765192445
Training_CRE,0.9549056725606498
Training_CRE,0.7735018885544127
Training_CRE,0.8808757062894927
Training_CRE,0.9282671238131082
Training_CRE,0.7921652872631868
Training_CRE,0.9253092843987252
Training_CRE,0.8750525615104513
Training_CRE,0.5128003320890189
Training_CRE,0.9999554870416072
Training_CRE,0.8880506280723138
Training_CRE,0.989430748322712
Training_CRE,0.6515411580285079
Training_CRE,0.6780012918112088
Training_CRE,0.8942184655766122
Training_CRE,0.9109526175322928
Training_CRE,0.8524315249603751
Training_CRE,0.3015593707893547
Training_CRE,0.9291856413175592
Training_CRE,0.987222453511342
Training_CRE,0.6539513262760899
Training_CRE,0.2567366895050031
Training_CRE,0.6706016856312775
Training_CRE,0.8967936493367711
Training_CRE,0.6954297866833039
Training_CRE,0.98493343321851
Training_CRE,0.9224038734748582
Training_CRE,0.7234596577572935
Training_CRE,0.8650526627648167
Training_CRE,0.7799214032582418
Training_CRE,0.4515010962974362
Training_CRE,0.7407613637218773
Training_CRE,0.7122012966274478
Training_CRE,0.9965690247097214
Training_CRE,0.7175988539230527
Training_CRE,0.9951813510223582
Training_CRE,0.9989218528173875
Training_CRE,0.9935070453290804
Training_CRE,0.9409120126971838
Training_CRE,0.9959467597213246
Training_CRE,0.8871500343780527
Training_CRE,0.9947507667371802
Training_CRE,0.5365384101116765
Training_CRE,0.851181094035813
Training_CRE,0.9852108743400174
Training_CRE,0.5503382080590324
Training_CRE,0.1331999011404036
Training_CRE,0.9127329395889974
Training_CRE,0.9976350167286858
Training_CRE,0.9971296824978256
Training_CRE,0.217388040342198
Training_CRE,0.9928069573525012
Training_CRE,0.9688539532563448
Training_CRE,0.9650192022587208
Training_CRE,0.9685444193060646
Training_CRE,0.9958233133109649
Training_CRE,0.4287165131517237
Training_CRE,0.8469103423768813
Training_CRE,0.8190592610711971
Training_CRE,0.23148860186421744
Training_CRE,0.6331724664797693
Training_CRE,0.9778635000955308
Training_CRE,0.7035159099509588
Training_CRE,0.9190114182384116
Training_CRE,0.8197167485181267
Training_CRE,0.6986709688205128
Training_CRE,0.7103100093373783
Training_CRE,0.5300856548425514
Training_CRE,0.4345616998962384
Training_CRE,0.7674969109669603
Training_CRE,0.10605483566544956
Training_CRE,0.971690112498885
Training_CRE,0.7473684115785838
Training_CRE,0.9373616269847715
Training_CRE,0.7428197925067074
Training_CRE,0.06689531416108559
Training_CRE,0.22324248831031707
Training_CRE,0.9333241872307751
Training_CRE,0.9665622520724844
Training_CRE,0.16767738658029444
Training_CRE,0.7622965361725617
Training_CRE,0.6451161229691588
Training_CRE,0.8916606958255204
Training_CRE,0.9842062116165372
Training_CRE,0.6308992897062221
Training_CRE,0.21620153042368315
Training_CRE,0.9655198950129578
Training_CRE,0.8063538908989109
Training_CRE,0.645311640995137
Training_CRE,0.998837762081665
Training_CRE,0.5421529163648425
Training_CRE,0.6354312208533427
Training_CRE,0.9289898755193688
Training_CRE,0.9254223286914838
Training_CRE,0.9557468439791283
Training_CRE,0.4317886435724306
Training_CRE,0.999506891850611
Training_CRE,0.8742615263609284
Training_CRE,0.01956270972626098
Training_CRE,0.8555154697986208
Training_CRE,0.5625527157137936
Training_CRE,0.19368246023274785
Training_CRE,0.19344314327638684
Training_CRE,0.9844472587629912
Training_CRE,0.02407333533522314
Training_CRE,0.998708253307882
Training_CRE,0.28972890451521266
Training_CRE,0.8628334238266032
Training_CRE,0.8555228169933488
Training_CRE,0.5692013079171921
Training_CRE,0.9979122713570652
Training_CRE,0.4142612883766116
Training_CRE,0.4362458120480475
Training_PLA,0.890330278904914
Training_PLA,0.9974530928952148
Training_PLA,0.9995026985438528
Training_PLA,0.9483484574174204
Training_PLA,0.9984117699839412
Training_PLA,0.9143916963884184
Training_PLA,0.5993177036252856
Training_PLA,0.2754359720725978
Training_PLA,0.9505708431192128
Training_PLA,0.93580175457375
Training_PLA,0.3926484125771822
Training_PLA,0.9886857506434064
Training_PLA,0.8340715755613058
Training_PLA,0.9941234908208672
Training_PLA,0.9998633232907248
Training_PLA,0.44114930230188487
Training_PLA,0.9970150005343004
Training_PLA,0.8585939111214052
Training_PLA,0.8441203585923984
Training_PLA,0.10110648817037736
Training_PLA,0.976679775931975
Training_PLA,0.9463112611104548
Training_PLA,0.9997560899769042
Training_PLA,0.9958425633302496
Training_PLA,0.9856735139889256
Training_PLA,0.9788716731366256
Training_PLA,0.9737328332709518
Training_PLA,0.8206644151632979
Training_PLA,0.879402703847789
Training_PLA,0.8181537096791908
Training_PLA,0.4199600860149577
Training_PLA,0.9570934626316268
Training_PLA,0.496453582174348
Training_PLA,0.8128369661455138
Training_PLA,0.7640431368581296
Training_PLA,0.17572891559141518
Training_PLA,0.8253512233649688
Training_PLA,0.7913983433379642
Training_PLA,0.982748398616866
Training_PLA,0.9938956620997362
Training_PLA,0.996511724170102
Training_PLA,0.892009806327666
Training_PLA,0.993821791841619
Training_PLA,0.9524027959013672
Training_PLA,0.8229615419294021
Training_PLA,0.8748200776717727
Training_PLA,0.9709685531837458
Training_PLA,0.9980472566834988
Training_PLA,0.7800047084761255
Training_PLA,0.7530518545794433
Training_PLA,0.7399354125544669
Training_PLA,0.4859313141175482
Training_PLA,0.998894652967417
Training_PLA,0.8641304520706029
Training_PLA,0.30953870598132405
Training_PLA,0.8869914832621707
Training_PLA,0.9880559032110162
Training_PLA,0.9291940803536988
Training_PLA,0.49439499966162814
Training_PLA,0.19707873781492355
Training_PLA,0.2146718692214399
Training_PLA,0.9778177061907912
Training_PLA,0.9462750637926876
Training_PLA,0.9993202009885416
Training_PLA,0.9618895802958836
Training_PLA,0.44357999132874104
Training_PLA,0.999369662968909
Training_PLA,0.6272772468756623
Training_PLA,0.9732026883953816
Training_PLA,0.990124819292486
Training_PLA,0.348519006241622
Training_PLA,0.9849110910162336
Training_PLA,0.3870016689924544
Training_PLA,0.9483845144105758
Training_PLA,0.3692133342167883
Training_PLA,0.8146589835364649
Training_PLA,0.9960343897173728
Training_PLA,0.9771624886949856
Training_PLA,0.8073660131875582
Training_PLA,0.934994524504992
Training_PLA,0.3206105767982697
Training_PLA,0.90317790001183
Training_PLA,0.9617752820847298
Training_PLA,0.7397567045325737
Training_PLA,0.05531336686144923
Training_PLA,0.6772005105259001
Training_PLA,0.9944275841330432
Training_PLA,0.3831002998218527
Training_PLA,0.90438146380805
Training_PLA,0.669876302899946
Training_PLA,0.9991873256330868
Training_PLA,0.9309184255340696
Training_PLA,0.8651929038531425
Training_PLA,0.6381648880525491
Training_PLA,0.3858388032218581
Training_PLA,0.9813310433494812
Training_PLA,0.326688990986569
Training_PLA,0.969484350274924
Training_PLA,0.7802606298781319
Training_PLA,0.999115860803232
Training_PLA,0.7653231763708893
Training_PLA,0.2696804065573219
Training_PLA,0.7669122240383933
Training_PLA,0.9648187373530804
Training_PLA,0.984378149574764
Training_PLA,0.9956384203843284
Training_PLA,0.972472109649552
Training_PLA,0.61207898535062355
Training_PLA,0.9942406048267772
Training_PLA,0.7972933514776925
Training_PLA,0.765447284038806
Training_PLA,0.19976554258021223
Training_PLA,0.9314138512747974
Training_PLA,0.9218332900389792
Training_PLA,0.9782118767588932
Training_PLA,0.9699007886655908
Training_PLA,0.7026611561196624
Training_PLA,0.9931523846473248
Training_PLA,0.9511178935398884
Training_PLA,0.8758906173652945
Training_PLA,0.43092873409257754
Training_PLA,0.6863337696639912
Training_PLA,0.921594546507832
Training_PLA,0.8506346137006068
Training_PLA,0.8904739130602708
Training_PLA,0.9917234506649826
Training_PLA,0.9971981168382132
Training_PLA,0.9692810044239968
Training_PLA,0.9880134972191782
Training_PLA,0.7216777340802768
Training_PLA,0.9983522547909032
Training_PLA,0.9991044851807166
Training_PLA,0.921134987222606
Training_PLA,0.9993214243919036
Training_PLA,0.47466587748238726
Training_PLA,0.8584402376889616
Training_PLA,0.7146380799629354
Training_PLA,0.7459967347523778
Training_PLA,0.9995648422329868
Training_PLA,0.993018737572412
Training_PLA,0.9974734272673572
Training_PLA,0.937127264704083
Training_PLA,0.396285471106214
Training_PLA,0.3081863865111492
Training_PLA,0.9816757028045068
Training_PLA,0.3280644113474657
Training_PLA,0.5973365236588742
Training_PLA,0.9939192535628664
Training_PLA,0.998740292249526
Training_PLA,0.06618608297986164
Training_PLA,0.409200113718203
Training_PLA,0.8598717327976065
Training_PLA,0.7294310950112629
Training_PLA,0.9052278036744345
Training_PLA,0.6721737252800268
Training_PLA,0.6511566064697462
Training_PLA,0.7276702502440741
Training_PLA,0.9911496693125535
Training_PLA,0.9999976088291596
Training_PLA,0.8489704186379646
Training_PLA,0.4192895896087179
Training_PLA,0.7392998459017153
Training_PLA,0.9030574457874534
Training_PLA,0.6896549861122803
Training_PLA,0.6850125895570466
Training_PLA,0.5544409565705708
Training_PLA,0.8185704331030936
Training_PLA,0.6296424280611069
Training_PLA,0.9885633390098998
Training_PLA,0.7637461987794814
Training_PLA,0.981998943857586
Training_PLA,0.8069813604077187
Training_PLA,0.8979015237066649
Training_PLA,0.9884611977191164
Training_PLA,0.6729796959874931
Training_PLA,0.7749662620867134
Training_PLA,0.8723098737028995
Training_PLA,0.9973130407278884
Training_PLA,0.7420569363984801
Training_PLA,0.9734919462149232
Training_PLA,0.7945802050904777
Training_PLA,0.944868493915763
Training_PLA,0.9916315074719196
Training_PLA,0.8740550329016614
Training_PLA,0.9999997485365644
Training_PLA,0.9958761391490416
Training_PLA,0.9632478804914872
Training_PLA,0.7033092289676667
Training_PLA,0.7012539935843874
Training_PLA,0.4278232191548299
Training_PLA,0.9994798824206176
Training_PLA,0.9073108393850532
Training_PLA,0.5521725178847622
Training_PLA,0.9560565749988288
Training_PLA,0.9913564608622516
Training_PLA,0.9542762122291092
Training_PLA,0.8855399517074689
Training_PLA,0.7259039500529778
Training_PLA,0.2906219915320706
Training_PLA,0.7167581386410646
Training_PLA,0.8500362615761209
Training_PLA,0.8843091423771849
Training_PLA,0.782048212479975
Training_PLA,0.9583386740894494
Training_PLA,0.9941322631981572
Training_PLA,0.99767678710998
Training_PLA,0.954885352413298
Training_PLA,0.7370413722173568
Training_PLA,0.27028205812183814
Training_PLA,0.8528642107510878
Training_PLA,0.8140038605608392
Training_PLA,0.6504534504758864
Training_PLA,0.9766853938084556
Training_PLA,0.9877879381479014
Training_PLA,0.8723218957997507
Training_PLA,0.8734800575379037
Training_PLA,0.9958906851573932
Training_PLA,0.7969764031300127
Training_PLA,0.8696782391849084
Training_PLA,0.9525215907580896
Training_PLA,0.995698950538753
Training_PLA,0.9995651110665954
Training_PLA,0.8836539953018545
Training_PLA,0.5819463162060446
Training_PLA,0.06658848283476466
Training_PLA,0.9571068012441046
Training_PLA,0.7043215003712623
Training_PLA,0.6970114645374792
Training_PLA,0.8323007812169398
Training_PLA,0.9991357268430948
Training_PLA,0.9214082954182828
Training_PLA,0.9111350603451642
Training_PLA,0.9166253604023256
Training_PLA,0.9999100632478348
Training_PLA,0.4239980820570957
Training_PLA,0.9607801874248592
Training_PLA,0.8603698459789078
Training_PLA,0.9640791141529091
Training_PLA,0.9999691549302464
Training_PLA,0.8270793309152796
Training_PLA,0.8297316776682575
Training_PLA,0.6772249958488586
Training_PLA,0.7945961991893654
Training_PLA,0.39968869264828233
Training_PLA,0.9333094527912964
Training_PLA,0.7371821376557478
Training_PLA,0.7633743279387725
Training_PLA,0.999931268378924
Training_PLA,0.9431957165418388
Training_PLA,0.3327375975413445
Training_PLA,0.3737532378500674
Training_PLA,0.9558446816295192
Training_PLA,0.9792877362416194
Training_PLA,0.975259176358796
Training_PLA,0.9650207770556762
Training_PLA,0.9801143087365884
Training_PLA,0.9045991082252032
Training_PLA,0.9399152820523918
Training_PLA,0.9449425774509932
Training_PLA,0.9979093964347504
Training_PLA,0.9818810716880056
Training_PLA,0.5693153347192454
Training_PLA,0.999957083226678
Training_PLA,0.9360425474429708
Training_PLA,0.8941697315262241
Training_PLA,0.9298376397330488
Training_PLA,0.6371384875601334
Training_PLA,0.916033028760324
Training_PLA,0.9097576589693084
Training_PLA,0.9754850493410204
Training_PLA,0.9907917634829448
Training_PLA,0.1443130485636944
Training_PLA,0.9867328276391678
Training_PLA,0.22660517159787508
Training_PLA,0.8622308875780539
Training_PLA,0.995087971838582
Training_PLA,0.9006354894989921
Training_PLA,0.4345614783007976
Training_PLA,0.47126047243284447
Training_PLA,0.9532755902254288
Training_PLA,2.2361155934054466e-8
Training_PLA,0.6321125372753792
Training_PLA,0.26552544140991463
Training_PLA,0.9735592835161544
Training_PLA,0.9831141786024156
Training_PLA,0.8165944832558275
Training_PLA,0.9965958492552828
Training_PLA,0.7807878568027505
Training_PLA,0.999154289672399
Training_PLA,0.9319157584315296
Training_PLA,0.4784344374206875
Training_PLA,0.9568356341801662
Training_PLA,0.90395297491578
Training_PLA,0.7506915694582832
Training_PLA,0.9968004418661008
Training_PLA,0.78466116121732
Training_PLA,0.9482452377076752
Training_PLA,0.9951251167283086
Training_PLA,0.9889130681579876
Training_PLA,0.8929735740001443
Training_PLA,0.85742039831839
Training_PLA,0.981734087964866
Training_PLA,0.672479386991879
Training_PLA,0.8271114891375674
Training_PLA,0.9792661889240905
Training_PLA,0.9994800806130004
Training_PLA,0.7535201534117548
Training_PLA,0.6872640837298059
Training_PLA,0.5822334271733963
Training_PLA,0.967571146739334
Training_PLA,0.9594532860045653
Training_PLA,0.47397361871182514
Training_PLA,0.9855649016249768
Training_PLA,0.9726703989151791
Training_PLA,0.999331150876793
Training_PLA,0.9932810846358668
Training_PLA,0.5044677367022372
Training_PLA,0.6374445048506764
Training_PLA,0.5677732160132416
Training_PLA,0.8913203058887268
Training_PLA,0.7562787625537368
Training_PLA,0.7740108877502079
Training_PLA,0.9330442817529424
Training_PLA,0.8847973276559693
Training_PLA,0.7152748315145412
Training_PLA,0.9913739080807268
Training_PLA,0.9988497339952724
Training_PLA,0.2508492476933995
Training_PLA,0.6313671774686289
Training_PLA,0.9776362691835424
Training_PLA,0.8823078965771116
Training_PLA,0.8448127957202299
Training_PLA,0.9997997103569968
Training_PLA,0.7876661675828939
Training_PLA,0.4327286874819197
Training_PLA,0.7992279950830097
Training_PLA,0.9096675423911668
Training_PLA,0.9988990037761994
Training_PLA,0.6935516574716168
Training_PLA,0.8599394522609103
Training_PLA,0.9289622046302468
Training_PLA,0.6362993717298164
Training_PLA,0.97581542655986
Training_PLA,0.7881537571980879
Training_PLA,0.8942882415553315
Training_PLA,0.00991575012388724
Training_PLA,0.5720754052801742
Training_PLA,0.931565222402595
Training_PLA,0.9436531727959292
Training_PLA,0.9528402314434208
Training_PLA,0.6576004808898376
Training_PLA,0.97600804107249
Training_PLA,0.9989492912183526
Training_PLA,0.9944341918144128
Training_PLA,0.7507223194444377
Training_PLA,0.9180139721130892
Training_PLA,0.4828934202401401
Training_PLA,0.46705667943768775
Training_PLA,0.9170348038356289
Training_PLA,0.9484286025824068
Training_PLA,0.996992147985117
Training_PLA,0.76248289271179
Training_PLA,0.9995956537256634
Training_PLA,0.994641778925378
Training_PLA,0.9676463793975052
Training_PLA,0.9999930844613478
Training_PLA,0.841500769273335
Training_PLA,0.617868878255404
Training_PLA,0.5394312912183664
Training_PLA,0.5454945005768547
Training_PLA,0.9002237483512507
Training_PLA,0.5576491022417007
Training_PLA,0.5881484047246521
Training_PLA,0.9719940457433208
Training_PLA,0.7870651482140499
Training_PLA,0.3568386303952022
Training_PLA,0.840410885107472
Training_PLA,0.9804820417773926
Training_PLA,0.968256219938839
Training_PLA,0.9393673410365968
Training_PLA,0.9962060237244966
Training_PLA,0.8362223494363697
Training_PLA,0.17909762622635753
Training_PLA,0.9963637667874108
Training_PLA,0.92136466738125
Training_PLA,0.992354047581909
Training_PLA,0.8625106680210043
Training_PLA,0.6186722746408668
Training_PLA,0.928646132582268
Training_PLA,0.6181518486245862
Training_PLA,0.9355044207743513
Training_PLA,0.9882924858379484
Training_PLA,0.999190776027428
Training_PLA,0.9423753616306224
Training_PLA,0.8489923902127144
Training_PLA,0.5555987782022281
Training_PLA,0.9804556261486752
Training_PLA,0.9304338757983902
Training_PLA,0.8085668770983767
Training_PLA,0.9995134354822026
Training_PLA,0.7502897744139384
Training_PLA,0.7795102474266787
Training_PLA,0.10782997853661928
Training_PLA,0.997972442889782
Training_PLA,0.9399888181897136
Training_PLA,0.847518862677362
Training_PLA,0.9218020488824172
Training_PLA,0.999245717884214
Training_PLA,0.9631695868930172
Training_PLA,0.9818721450346218
Training_PLA,0.927211918180078
Training_PLA,0.29990824580720676
Training_PLA,0.4777576699273505
Training_PLA,0.6586528797115877
Training_PLA,0.864249656560832
Training_PLA,0.6135034583540031
Training_PLA,0.7964401454461892
Training_PLA,0.5341696650090566
Training_PLA,0.996461830483356
Training_PLA,0.995575343015052
Training_PLA,0.8827843512376263
Training_PLA,0.3658231087874329
Training_PLA,0.9978242602801386
Training_PLA,0.8699988340841047
Training_PLA,0.9345785359812996
Training_PLA,0.9382781083643956
Training_PLA,0.9525107082329498
Training_PLA,0.9918455807482016
Training_PLA,0.14961671377592975
Training_PLA,0.3499606860576291
Training_PLA,0.9495840630549168
Training_PLA,0.8621864459588995
Training_PLA,0.7644004341107948
Training_PLA,0.9672557999598954
Training_PLA,0.8704852541510526
Training_PLA,0.9980866832082482
Training_PLA,0.8535679293069665
Training_PLA,0.3473251988798549
Training_PLA,0.18041792504549295
Training_PLA,0.8951136071215062
Training_PLA,0.9109640780744428
Training_PLA,0.995665394096481
Training_PLA,0.7281909180651654
Training_PLA,0.9943394986138004
Training_PLA,0.9001514189854161
Training_PLA,0.8335962517085094
Training_PLA,0.19418027662330936
Training_PLA,0.3792488613723215
Training_PLA,0.8867718625310547
Training_PLA,0.9999273078775928
Training_PLA,0.05332939096612296
Training_PLA,0.15309582255009413
Training_PLA,0.9032811766114616
Training_PLA,0.8133259250642038
Training_PLA,0.935787346983908
Training_PLA,0.6429309414778807
Training_PLA,0.3611278410156248
Training_PLA,0.3433660777016961
Training_PLA,0.8925999730138439
Training_PLA,0.8365757605114872
Training_PLA,0.9999999494963668
Training_PLA,0.6262810366023558
Training_PLA,0.99983745639097
Training_PLA,0.9027860962640832
Training_PLA,0.6947262415692699
Training_PLA,0.9704892236498336
Training_PLA,0.998564451240833
Training_PLA,0.9921003919119687
Training_PLA,0.9706315447389682
Training_PLA,0.9987482187846524
Training_PLA,0.1614096461726925
Training_PLA,0.6566219730430553
Training_PLA,0.9961678319431436
Training_PLA,0.8586238549805073
Training_PLA,0.998333012572124
Training_PLA,0.9978883460179592
Training_PLA,0.420342448845922
Training_PLA,0.9997033994609608
Training_PLA,0.5007726152493104
Training_PLA,0.252276750808993
Training_PLA,0.9976890588618827
Training_PLA,0.9967919196933892
Training_PLA,0.9235920481257786
Training_PLA,0.9631319813357414
Training_PLA,0.9947665948938248
Training_PLA,0.3760013745162395
Training_PLA,0.9349342605569672
Training_PLA,0.7626778248246132
Training_PLA,0.05727440028610273
Training_PLA,0.8499605682428732
Training_PLA,0.8145747761793352
Training_PLA,0.9174777056985568
Training_PLA,0.01191665051427867
Training_PLA,0.5501063232460891
Training_PLA,0.9822360624593716
Training_PLA,0.996631686561686
Training_PLA,0.39882326998773426
Training_PLA,0.9837527385898476
Training_PLA,0.8014120659580879
Training_PLA,0.8866874700046158
Training_PLA,0.9838453084566026
Training_PLA,0.9960176938028624
Training_PLA,0.4622099065253405
Training_PLA,0.89940997685374
Training_PLA,0.9983340176895756
Training_PLA,0.8262952108095095
Training_PLA,0.9900947306314216
Training_PLA,0.38652011320472773
Training_PLA,0.9314585560691004
Training_PLA,0.7175100031840417
Training_PLA,0.9788159268087472
Training_PLA,0.7343664951000114
Training_PLA,0.7723795990360837
Training_PLA,0.01876773253451578
Training_PLA,0.9936149109701128
Training_PLA,0.994213162445486
Training_PLA,0.9377402580192188
Training_PLA,0.10840095579233802
Training_PLA,0.9861754276590952
Training_PLA,0.7668430653378074
Training_PLA,0.6652048060597007
Training_PLA,0.7120741039564265
Training_PLA,0.9376431845323968
Training_PLA,0.988156409349336
Training_PLA,0.9926022067281356
Training_PLA,0.9174798082319208
Training_PLA,0.98383756867866
Training_PLA,0.920378936167856
Training_PLA,0.9795153328874316
Training_PLA,0.9984662855922116
Training_PLA,0.9999231511717068
Training_PLA,0.9883363996150714
Training_PLA,0.22395355328501684
Training_PLA,0.9788731151756166
Training_PLA,0.9998239552729832
Training_PLA,0.9100123875322672
Training_PLA,0.6447233054857214
Training_PLA,0.8703017409985762
Training_PLA,0.983843196720163
Training_PLA,0.8978014808737917
Training_PLA,0.8152266078760093
Training_PLA,0.8154037675601336
Training_PLA,0.5188296449014549
Training_PLA,0.8830566352597957
Training_PLA,0.9618984036501272
Training_PLA,0.9029333941272262
Training_PLA,0.8707573162448453
Training_PLA,0.6097542573851616
Training_PLA,0.8906602835771855
Training_PLA,0.9817306744228684
Training_PLA,0.9989505926041884
Training_PLA,0.9269101986399352
Training_PLA,0.9897558175777776
Training_PLA,0.9976547576590006
Training_PLA,0.972697939364925
Training_PLA,0.4728157194026513
Training_PLA,0.785284848057894
Training_PLA,0.9818018615595202
Training_PLA,0.7668177524044605
Training_PLA,0.6187200438439991
Training_PLA,0.9999638441417156
Training_PLA,0.2576531867242824
Training_PLA,0.6298133251590828
Training_PLA,0.6794369843590947
Training_PLA,0.8911331276880453
Training_PLA,0.9962862199834072
Training_PLA,0.96341033991924
Training_PLA,0.8371918710544282
Training_PLA,0.992800665111972
Training_PLA,0.627392182105113
Training_PLA,0.930228824240926
Training_PLA,0.9293729765408802
Training_PLA,0.8119697110800865
Training_PLA,0.7058076213492965
Training_PLA,0.32379141410279144
Training_PLA,0.9955171932238368
Training_PLA,0.10469604011993236
Training_PLA,0.8618533835248998
Training_PLA,0.8601962418871573
Training_PLA,0.5579415730746996
Training_PLA,0.9982147515012616
Training_PLA,0.7291815755249627
Training_PLA,0.8691201372702875
Training_PLA,0.9746678249626464
Training_PLA,0.4147982386259092
Training_PLA,0.9819742638171802
Training_PLA,0.2472991006494695
Training_PLA,0.9829416589126356
Training_PLA,0.2669329353840201
Training_PLA,0.989561622691923
Training_PLA,0.8357275204215113
Training_PLA,0.982136440912788
Training_PLA,0.9379329453091748
Training_PLA,0.6943815386520504
Training_PLA,0.8830080258850564
Training_PLA,0.7950525648870187
Training_PLA,0.8634657486475594
Training_PLA,0.9301223395414676
Training_PLA,0.9202032011324583
Training_PLA,0.8641727984942541
Training_PLA,0.7649212617148121
Training_PLA,0.8592934265425409
Training_PLA,0.9999548095816782
Training_PLA,0.9751234672784526
Training_PLA,0.9900319551229164
Training_PLA,0.891617722942109
Training_PLA,0.961555252148974
Training_PLA,0.5614484504650497
Training_PLA,0.8078659706689761
Training_PLA,0.998268565894271
Training_PLA,0.833934470614063
Training_PLA,0.9735864486918864
Training_PLA,0.9399748637295396
Training_PLA,0.7721722543638967
Training_PLA,0.43580517666778423
Training_PLA,0.767716885412243
Training_PLA,0.916790114181498
Training_PLA,0.10481781924317046
Training_PLA,0.9998632815594344
Training_PLA,0.986834059601004
Training_PLA,0.8420527098893906
Training_PLA,0.9760307211746808
Training_PLA,0.590804060813023
Training_PLA,0.4156042353245546
Training_PLA,0.9986402463882526
Training_PLA,0.7372875092816018
Training_PLA,0.19873078296439112
Training_PLA,0.8887265884735597
Training_PLA,0.885606054120484
Training_PLA,0.9192858237346704
Training_PLA,0.9565147532749296
Training_PLA,0.5993895394798419
Training_PLA,0.32742578450418414
Training_PLA,0.4400212881330487
Training_PLA,0.8906338176224663
Training_PLA,0.9899500869194504
Training_PLA,0.9289047648311752
Training_PLA,0.8805151373148771
Training_PLA,0.823489377626317
Training_PLA,0.6448145033857084
Training_PLA,0.35924892140516557
Training_PLA,0.9960281956895431
Training_PLA,0.9382422616839404
Training_PLA,0.06359985116207713
Training_PLA,0.7668408628059632
Training_PLA,0.5930014733567829
Training_PLA,0.9996101678520732
Training_PLA,0.9696607832934426
Training_PLA,0.8299593366003427
Training_PLA,0.8952301104120077
Training_PLA,0.9942928823468072
Training_PLA,0.9588103971495872
Training_PLA,0.9782917479167396
Training_PLA,0.9732209714380936
Training_PLA,0.1913420732146162
Training_PLA,0.6211338081897145
Training_PLA,0.8528581814964318
Training_PLA,0.9596355281753824
Training_PLA,0.8984872544153499
Training_PLA,0.07342530841814791
Training_PLA,0.939819041695694
Training_PLA,0.2914821451084546
Training_PLA,0.8469118799759561
Training_PLA,0.5454291442887723
Training_PLA,0.916286845915746
Training_PLA,0.9734715763140124
Training_PLA,0.28367649644735676
Training_PLA,0.825246925747472
Training_PLA,0.8134734048556981
Training_PLA,0.8978281345868729
Training_PLA,0.9745782691458068
Training_PLA,0.9919371365675246
Training_PLA,0.9977968875848794
Training_PLA,0.7792329839402121
Training_PLA,0.9083727300636578
Training_PLA,0.9940557930140927
Training_PLA,0.5753392772511049
Training_PLA,0.935575214831983
Training_PLA,0.9603708565792842
Training_PLA,0.470785119610068
Training_PLA,0.9076937696724564
Training_PLA,0.9991905241727964
Training_PLA,0.889084852493686
Training_PLA,0.8677430050355253
Training_PLA,0.5255136623115959
Training_PLA,0.9366527459031696
Training_PLA,0.989553165755672
Training_PLA,0.13483500247361646
Training_PLA,0.9970005911826036
Training_PLA,0.9998791532016988
Training_PLA,0.9806742338290024
Training_PLA,0.9637802410870828
Training_PLA,0.13349922407315776
Training_PLA,0.9415290670144651
Training_PLA,0.9481740301047512
Training_PLA,0.9932261315827328
Training_PLA,0.2383962572401525
Training_PLA,0.7898689190442407
Training_PLA,0.598783224292735
Training_PLA,0.6569711693939998
Training_PLA,0.33856030985496705
Training_PLA,0.8235839437652284
Training_PLA,0.9275967171454096
Training_PLA,0.9711161335819218
Training_PLA,0.9913795751125394
Training_PLA,0.40652053679840366
Training_PLA,0.825982499219659
Training_PLA,0.2814226119185099
Training_PLA,0.9131095093616812
Training_PLA,0.9959827758442592
Training_PLA,0.5014157754034173
Training_PLA,0.7394658477521268
Training_PLA,0.962641125478138
Training_PLA,0.39618358457261654
Training_PLA,0.9481727140439568
Training_PLA,0.8185679419579561
Training_PLA,0.04558093651439231
Training_PLA,0.647004073726319
Training_PLA,0.9108916175925924
Training_PLA,0.6078139873162296
Training_PLA,0.944474515845042
Training_PLA,0.9007222503057604
Training_PLA,0.3691935213455823
Training_PLA,0.8290340727649754
Training_PLA,0.8547114107183605
Training_PLA,0.7897038542319628
Training_PLA,0.993994397822299
Training_PLA,0.5611746469797962
Training_PLA,0.2925155393007136
Training_PLA,0.8968526133426905
Training_PLA,0.8208446385763059
Training_PLA,0.980750106276786
Training_PLA,0.7822964700955504
Training_PLA,0.92773389179610255
Training_PLA,0.999981417763364
Training_PLA,0.9980750663775874
Training_PLA,0.01175240029327939
Training_PLA,0.9662983159689577
Training_PLA,0.9268542114680106
Training_PLA,0.9729976336903552
Training_PLA,0.778904289599184
Training_PLA,0.7742841088204558
Training_PLA,0.9695188043801636
Training_PLA,0.26129353372819103
Training_PLA,0.17850769681582118
Training_PLA,0.7502607635678725
Training_PLA,0.7335137415911867
Training_PLA,0.8057631913960053
Training_PLA,0.533358622711511
Training_PLA,0.9042490508907204
Training_PLA,0.3320046761122091
Training_PLA,0.9975166535990851
Training_PLA,0.8497198187697673
Training_PLA,0.6792529267429791
Training_PLA,0.7916222444833617
Training_PLA,0.4383138897642327
Training_PLA,0.9241204555404244
Training_PLA,0.18475445896318624
Training_PLA,0.9894883666363092
Training_PLA,0.5130716969866965
Training_PLA,0.9902469108488878
Training_PLA,0.9891075565790908
Training_PLA,0.832288470171904
Training_PLA,0.8823523843526011
Training_PLA,0.6494515581260735
Training_PLA,0.48565455762154736
Training_PLA,0.35305332785990245
Training_PLA,0.6843703489798806
Training_PLA,0.9971543029509756
Training_PLA,0.3820067329433659
Training_PLA,0.9984541857003316
Training_PLA,0.9901066958827296
Training_PLA,0.8817573757060132
Training_PLA,0.9498607697884678
Training_PLA,0.9710097808809416
Training_PLA,0.9989801570784732
Training_PLA,0.7216599459013512
Training_PLA,0.972253859949449
Training_PLA,0.8611397675313796
Training_PLA,0.6978150638612012
Training_PLA,0.8722821197800349
Training_PLA,0.3086468392904819
Training_PLA,0.7827216209741672
Training_PLA,0.8995161673836386
Training_PLA,0.9452183216066364
Training_PLA,0.8113776195085386
Training_PLA,0.7673382335026281
Training_PLA,0.9332642443771818
Training_PLA,0.5997236919122805
Training_PLA,0.5068698111633888
Training_PLA,0.9909170632581412
Training_PLA,0.673971634857939
Training_PLA,0.9958516283438782
Training_PLA,0.21342063235540065
Training_PLA,0.9705770797587624
Training_PLA,0.8947623786277388
Training_PLA,0.430954020834539
Training_PLA,0.9765138338787698
Training_PLA,0.960947547630762
Training_PLA,0.3941997232568326
Training_PLA,0.9403121687099588
Training_PLA,0.9279612679344436
Training_PLA,0.4441969486123754
Training_PLA,0.17452099373157215
Training_PLA,0.6781473525579527
Training_PLA,0.9313605565701653
Training_PLA,0.4391391011025699
Training_PLA,0.9803660401528884
Training_PLA,0.7356670380331276
Training_PLA,0.7498504172410718
Training_PLA,0.9773945952270844
Training_PLA,0.929095485197172
Training_PLA,0.6048908456267148
Training_PLA,0.9109697686739832
Training_PLA,0.992979125671288
Training_PLA,0.16359847420401197
Training_PLA,0.9662746344684154
Training_PLA,0.8720310864790328
Training_PLA,0.9786032363294354
Training_PLA,0.7466753794596728
Training_PLA,0.9337795269934548
Training_PLA,0.6642671001209611
Training_PLA,0.9612177403740862
Training_PLA,0.8392828101749673
Training_PLA,0.9590999335732217
Training_PLA,0.4604647833274669
Training_PLA,0.8628543914780915
Training_PLA,0.8510512651570318
Training_PLA,0.9911120153529152
Training_PLA,0.8085143728272255
Training_PLA,0.974326012699386
Training_PLA,0.40495814734858
Training_PLA,0.538305991972098
Training_PLA,0.934973227958974
Training_PLA,0.9989557251716809
Training_PLA,0.998414911554193
Training_PLA,0.6934224785201784
Training_PLA,0.7040762758707394
Training_PLA,0.8477993758794369
Training_PLA,0.535578138440563
Training_PLA,0.5989257991793475
Training_PLA,0.8533711395162241
Training_PLA,0.3998971365267054
Training_PLA,0.37614150254944223
Training_PLA,0.9951265609699718
Training_PLA,0.956450822873982
Training_PLA,0.9817273479695026
Training_PLA,0.6902220121881651
Training_PLA,0.6961269833167215
Training_PLA,0.00241508847862498
Training_PLA,0.26886674689174933
Training_PLA,0.9988846858723506
Training_PLA,0.6547731802847726
Training_PLA,0.9479631357917448
Training_PLA,0.9380857927738936
Training_PLA,0.6293778958753559
Training_PLA,0.8889560588630263
Training_PLA,0.9386256138380288
Training_PLA,0.8947023893365009
Training_PLA,0.9657426929034616
Training_PLA,0.9268094471346086
Training_PLA,0.8417044437377045
Training_PLA,0.6418043681386154
Training_PLA,0.9210561829142762
Training_PLA,0.27418861484956975
Training_PLA,0.9744652747360678
Training_PLA,0.9885912231936697
Training_PLA,0.7160184669917095
Training_PLA,0.6375530651872655
Training_PLA,0.7263296893412261
Training_PLA,0.971988164194998
Training_PLA,0.8776217608454898
Training_PLA,0.8301433719972602
Training_PLA,0.7846041443633407
Training_PLA,0.8232738311641392
Training_PLA,0.9135322226921452
Training_PLA,0.992667405046142
Training_PLA,0.8794101062316617
Training_PLA,0.04605425869337677
Training_PLA,0.9407403913041966
Training_PLA,0.930474718827504
Training_PLA,0.78572174537159
Training_PLA,0.9915238088419084
Training_PLA,0.3600580293342045
Training_PLA,0.7463180796225911
Training_PLA,0.8008806315377988
Training_PLA,0.11693190794583418
Training_PLA,0.9025246715845746
Training_PLA,0.5600487269706881
Training_PLA,0.9988098264786768
Training_PLA,0.8397356767727044
Training_PLA,0.8963724157429961
Training_PLA,0.9670548378659648
Training_PLA,0.984380011245243
Training_PLA,0.4960976757925659
Training_PLA,0.8699238814842196
Training_PLA,0.9997836116153448
Training_PLA,0.8962366193503991
Training_PLA,0.5594423274843723
Training_PLA,0.8931401960128728
Training_PLA,0.7631736251065182
Training_PLA,0.8937414312484804
Training_PLA,0.747423943050982
Training_PLA,0.8953884848593706
Training_PLA,0.7887716709019076
Training_PLA,0.8928935875884085
Training_PLA,0.9538205772292078
Training_PLA,0.8709291211589243
Training_PLA,0.6897784391559298
Training_PLA,0.421917975544464
Training_PLA,0.7537155446264614
Training_PLA,0.935703272406292
Training_PLA,0.37247207904555474
Training_PLA,0.561722688823574
Training_PLA,0.7645469897674311
Training_PLA,0.7661403694289526
Training_PLA,0.41296696518380627
Training_PLA,0.5468503854174264
Training_PLA,0.01133490310055626
Training_PLA,0.6721710588969873
Training_PLA,0.9721245533099367
Training_PLA,0.9407266298349376
Training_PLA,0.22446798414815425
Training_PLA,0.997598707306542
Training_PLA,0.9591293213149348
Training_PLA,0.9473707248866003
Training_PLA,0.8479680211382108
Training_PLA,0.7031438900501746
Training_PLA,0.4818595018031016
Training_PLA,0.9779129298121658
Training_PLA,0.886109824818087
Training_PLA,0.9389114524846596
Training_PLA,0.9860065005356472
Training_PLA,0.9981454001645448
Training_PLA,0.5874342188518448
Training_PLA,0.6957021699295515
Training_PLA,0.37756169982691673
Training_PLA,0.9931285429042188
Training_PLA,0.9234203781692436
Training_PLA,0.6571052825687413
Training_PLA,0.9228837053026586
Training_PLA,0.00232450897724193
Training_PLA,0.14184988747721544
Training_PLA,0.03569342175574729
Training_PLA,0.9999999630077108
Training_PLA,0.5424358901909722
Training_PLA,0.5859714335354226
Training_PLA,0.876056680049281
Training_PLA,0.999913646266034
Training_PLA,0.8479467183102407
Training_PLA,0.7844402898868803
Training_PLA,0.5771274726354862
Training_PLA,0.3157153162753186
Training_PLA,0.13614883032645878
Training_PLA,0.06878905896843127
Training_PLA,0.5219192964679116
Training_PLA,0.9614304603307828
Training_PLA,0.9246494982747592
Training_PLA,0.9930676271429596
Training_PLA,0.958785100686279
Training_PLA,0.41940041100507247
Training_PLA,0.8622351908698364
Training_PLA,0.8447752594142228
Training_PLA,0.14503847681057214
Training_PLA,0.6803155751584183
Training_PLA,0.9999979178094868
Training_PLA,0.7299695340965544
Training_PLA,0.6989719827639203
Training_PLA,0.21834594928707815
Training_PLA,0.34065578010303443
Training_PLA,0.7426608585680681
Training_PLA,0.9668492449276048
Training_PLA,0.9874440551459456
Training_PLA,0.9989039822724524
Training_PLA,0.9796395065961636
Training_PLA,0.6143275585936387
Training_PLA,0.9796262029964536
Training_PLA,0.9334505521956
Training_PLA,0.8886473312683623
Training_PLA,0.997411630222282
Training_PLA,0.5520907994140501
Training_PLA,0.4139810332714431
Training_PLA,0.07369859898560759
Training_PLA,0.4807717040222048
Training_PLA,0.3586418527345786
Training_PLA,0.994103690042311
Training_PLA,0.9968133470121032
Training_PLA,0.974343943915014
Training_PLA,0.9975183931532864
Training_PLA,0.9923959595303172
Training_PLA,0.7475456686335479
Training_PLA,0.9978857773981452
Training_PLA,0.4355866713665324
Training_PLA,0.9201702629216482
Training_PLA,0.998436143361922
Training_PLA,0.8818417264509812
Training_PLA,0.9382256444192768
Training_PLA,0.8556577726609166
Training_PLA,0.9964223980926936
Training_PLA,0.7245504457500126
Training_PLA,0.05016601145608127
Training_PLA,0.6428469990285626
Training_PLA,0.14587044697305923
Training_PLA,0.9816659835333178
Training_PLA,0.13985185809869216
Training_PLA,0.9016795531423124
Training_PLA,0.5139041908234993
Training_PLA,0.4921170423552744
Training_PLA,0.6903405015306459
Training_PLA,0.9395299901595292
Training_PLA,0.7713128963462452
Training_PLA,0.971586466150151
Training_PLA,0.8834142534980554
Training_PLA,0.9799689690456328
Training_PLA,0.08488716418703685
Training_PLA,0.30892310230635406
Training_PLA,0.908072750710532
Training_PLA,0.8053927155623589
Training_PLA,0.9994700607136312
Training_PLA,0.9999258477575076
Training_PLA,0.9998510968945842
Training_PLA,0.5551003897203005
Training_PLA,0.6993522008296039
Training_PLA,0.8877878491947658
Training_PLA,0.6765625411351027
Training_PLA,0.6990572227242478
Training_PLA,0.9862063655270796
Training_PLA,0.5209455530875685
Training_PLA,0.9475342073023132
Training_PLA,0.9784550740777502
Training_PLA,0.7812186132699074
Training_PLA,0.9924151740201902
Training_PLA,0.996408325410459
Training_PLA,0.8094606240586814
Training_PLA,0.33300343405113814
Training_PLA,0.16059119222708018
Training_PLA,0.9376371348249553
Training_PLA,0.9920206348571292
Training_PLA,0.41603952098291574
Training_PLA,0.8010789148399539
Training_PLA,0.984181175615041
Training_PLA,0.9864436428354044
Training_PLA,0.9996116609013678
Training_PLA,0.9872431943791976
Training_PLA,0.7783521921133731
Training_PLA,0.8930517781591408
Training_PLA,0.4531580218480909
Training_PLA,0.9692961643196852
Training_PLA,0.9962460765261442
Training_PLA,0.5295476535116773
Training_PLA,0.9928910280777444
Training_PLA,0.9316456995524136
Training_PLA,0.9830068448222256
Training_PLA,0.00164767766368643
Training_PLA,0.8694756846797956
Training_PLA,0.4780216065542721
Training_PLA,0.9999791280055388
Training_PLA,0.5450221797811702
Training_PLA,0.986014181633718
Training_PLA,0.7657756125344386
Training_PLA,0.9101625319007676
Training_PLA,0.34332136287995696
Training_PLA,0.8612780367717191
Training_PLA,0.90333402971793
Training_PLA,0.9440576498997778
Training_PLA,0.7502751833040028
Training_PLA,0.9867670185334568
Training_PLA,0.9148128925124897
Training_PLA,0.9718902043027714
Training_PLA,0.8581456065909325
Training_PLA,0.9993786181652357
Training_PLA,0.4029556688057217
Training_PLA,0.7495157213444081
Training_PLA,0.8286907267643586
Training_PLA,0.4423131058979506
Training_PLA,0.837607665520423
Training_PLA,0.933578147977243
Training_PLA,0.03683526336473002
Training_PLA,0.35767587033666015
Training_PLA,0.4211754514739922
Training_PLA,0.9990861017509044
Training_PLA,0.6940756664316102
Training_PLA,0.2552758646193754
Training_PLA,0.7968181478502516
Training_PLA,0.9944767942636398
Training_PLA,0.17131377376538875
Training_PLA,0.3069964062690165
Training_PLA,0.44557321363164193
Training_PLA,0.9988348231009344
Training_PLA,0.9997280187714844
Training_PLA,0.7038098352416995
Training_PLA,0.6589369494540607
Training_PLA,0.9153867570440988
Training_PLA,0.9994362147139746
Training_PLA,0.9504024434481644
Training_PLA,0.6973374452396389
Training_PLA,0.9451476813638722
Training_PLA,0.5675245543360081
Training_PLA,0.8335069080975348
Training_PLA,0.9739848563857866
Training_PLA,0.8555884741927322
Training_PLA,0.17200159004512558
Training_PLA,0.8156941857449546
Training_PLA,0.9970704808815086
Training_PLA,0.7858779550475435
Training_PLA,0.9611988107122617
Training_PLA,0.39419983530755015
Training_PLA,0.6437996867990778
Training_PLA,0.38108099679809654
Training_PLA,0.9945515240137708
Training_PLA,0.963142900723813
Training_PLA,0.9336438130235312
Training_PLA,0.9257809179753024
Training_PLA,0.32641317545053555
Training_PLA,0.20185428333033584
Training_PLA,0.8503447555413967
Training_PLA,0.8919718103178655
Training_PLA,0.9560181729681148
Training_PLA,0.4399400973785253
Training_PLA,0.7256852971311759
Training_PLA,0.956422537905575
Training_PLA,0.9950816063034942
Training_PLA,0.948068688486178
Training_PLA,0.9454423029339653
Training_PLA,0.9868813961526716
Training_PLA,0.900265898885731
Training_PLA,0.9058441441621088
Training_PLA,0.8545686500029909
Training_PLA,0.9878454518488192
Training_PLA,0.9872377093660468
Training_PLA,0.9724938609144688
Training_PLA,0.9506487939323532
Training_PLA,0.9153569175533006
Training_PLA,0.6327173360427715
Training_PLA,0.508249783563753
Training_PLA,0.6323833069602218
Training_PLA,0.980860228998096
Training_PLA,0.9900421710429304
Training_PLA,0.6095000454085882
Training_PLA,0.9081734703925168
Training_PLA,0.08115422506580804
Training_PLA,0.8335055151792191
Training_PLA,0.8848114469504949
Training_PLA,0.59162365311548
Training_PLA,0.2535353761372047
Training_PLA,0.6770047962948611
Training_PLA,0.9987294506083833
Training_PLA,0.9901065832094114
Training_PLA,0.3090793296065738
Training_PLA,0.9992442291697065
Training_PLA,0.9057491836650572
Training_PLA,0.9421646242830006
Training_PLA,0.12146368772639753
Training_PLA,0.9682687682070872
Training_PLA,0.9668410141125218
Training_PLA,0.965429960048156
Training_PLA,0.9200737463977156
Training_PLA,0.1194739777652096
Training_PLA,0.34268625750502885
Training_PLA,0.9999819430249732
Training_PLA,0.999922107096061
Training_PLA,0.9976687536087068
Training_PLA,0.3575396088538125
Training_PLA,0.99986302546518
Training_PLA,0.5508037818054783
Training_PLA,0.01881926838709868
Training_PLA,0.9394613401919794
Training_PLA,0.9027023267171292
Training_PLA,0.9786209100652288
Training_PLA,0.8202924459772655
Training_PLA,0.9590423459430348
Training_PLA,0.9996969353522402
Training_PLA,0.8273488196902034
Training_PLA,0.9817861679057482
Training_PLA,0.2543823374740579
Training_PLA,0.07330343897571832
Training_PLA,0.9551839723177886
Training_PLA,0.3917226591949885
Training_PLA,0.9995383470300672
Training_PLA,0.8800481052483737
Training_PLA,0.8067654836040196
Training_PLA,0.8144281449024618
Training_PLA,0.939914313565418
Training_PLA,0.8370653319876099
Training_PLA,0.9497937556129014
Training_PLA,0.8849632674485383
Training_PLA,0.6537679217464213
Training_PLA,0.5329544544494493
Training_PLA,0.19930332744267049
Training_PLA,0.9927377088357634
Training_PLA,0.9124923767418046
Training_PLA,0.9971496789737
Training_PLA,0.5907180979149795
Training_PLA,0.0771748365563204
Training_PLA,0.7444224339226359
Training_PLA,0.9691071313900173
Training_PLA,0.996112233875273
Training_PLA,6.68372595977993e-4
Training_PLA,0.9625683692873154
Training_PLA,0.9936917308771348
Training_PLA,0.9922504918347722
Training_PLA,0.9998238982822512
Training_PLA,0.4175453249799747
Training_PLA,0.8083009025758517
Training_PLA,0.9314670116367328
Training_PLA,0.7916619830155006
Training_PLA,0.05044412721794335
Training_PLA,0.9879333223072916
Training_PLA,0.06836294670998747
Training_PLA,0.8838991540889864
Training_PLA,0.9947241085626914
Training_PLA,0.4399176665316738
Training_PLA,0.3639701356901048
Training_PLA,0.7061921117347323
Training_PLA,0.5322178978697972
Training_PLA,0.8806906442320621
Training_PLA,0.8578778599709844
Training_PLA,0.9285685485456656
Training_PLA,0.7392894142740235
Training_PLA,0.5662852115728766
Training_PLA,0.7898151066786274
Training_PLA,0.9404060548867128
Training_PLA,0.9966695474426712
Training_PLA,0.9125794680482048
Training_PLA,0.9811842523497938
Training_PLA,0.9868159709661516
Training_PLA,0.9179147256780872
Training_PLA,0.9833667874623948
Training_PLA,0.5482763317538344
Training_PLA,0.9679675699540372
Training_PLA,0.3798439079824233
Training_PLA,0.9674068297167596
Training_PLA,0.9948759625970262
Training_PLA,0.9782099685475172
Training_PLA,0.18558057007072123
Training_PLA,0.8073528902664698
Training_PLA,0.8508362191308051
Training_PLA,0.7248091559310245
Training_PLA,0.0033265327665989
Training_PLA,0.4623775640882497
Training_PLA,0.9518189970862394
Training_PLA,0.9718800957675124
Training_PLA,0.15471680537674667
Training_PLA,0.08030856741834654
Training_PLA,0.6520455813397966
Training_PLA,0.9987395226741008
Training_PLA,0.8447728017044639
Training_PLA,0.9913859705028266
Training_PLA,0.3208565281767729
Training_PLA,0.9124629553723086
Training_PLA,0.9999779174601832
Training_PLA,0.9562621847182118
Training_PLA,0.9117665858875538
Training_PLA,0.8647448346331897
Training_PLA,0.9594714937993728
Training_PLA,0.9783782386836076
Training_PLA,0.6804049592203013
Training_PLA,0.9901693436978533
Training_PLA,0.8632588319472944
Training_PLA,0.7504937650636297
Training_PLA,0.7482076308296925
Training_PLA,0.4671620942152317
Training_PLA,0.9904704276991496
Training_PLA,0.9925992046194694
Training_PLA,0.3312295600819649
Training_PLA,0.9662393771135542
Training_PLA,0.794718394361905
Training_PLA,0.8245285154100732
Training_PLA,0.40835079867433194
Training_PLA,0.9478901624637992
Training_PLA,0.9518321601216778
Training_PLA,0.07980991120994764
Training_PLA,0.998004497434228
Training_PLA,0.9804502556738836
Training_PLA,0.7784764868945826
Training_PLA,0.8144360848302794
Training_PLA,0.752176711793191
Training_PLA,0.9990013011950176
Training_PLA,0.9602496327795328
Training_PLA,0.9942425461995752
Training_PLA,0.997892649251754
Training_PLA,0.08630181628602449
Training_PLA,0.9262745306485644
Training_PLA,0.4220493509866309
Training_PLA,0.996760802299013
Training_PLA,0.9995094675760674
Training_PLA,0.288888825833785
Training_PLA,0.9999846502877036
Training_PLA,0.8339092396155144
Training_PLA,0.9704715946324072
Training_PLA,0.2415631451349844
Training_PLA,0.9385109931150024
Training_PLA,0.9719798278082924
Training_PLA,0.6815259414938499
Training_PLA,0.7317844220356703
Training_PLA,0.6113865730174826
Training_PLA,0.9605118921656152
Training_PLA,0.7777943006423625
Training_PLA,0.3695421781851559
Training_PLA,0.681627787658995
Training_PLA,0.690333929315276
Training_PLA,0.07387699072847517
Training_PLA,0.39732630737712726
Training_PLA,0.9533331523210804
Training_PLA,0.8324393168742769
Training_PLA,0.9895951779364084
Training_PLA,0.9978086649338472
Training_PLA,0.3450930997388578
Training_PLA,0.9792959814037028
Training_PLA,0.97007261477296
Training_PLA,0.4441669256860275
Training_PLA,0.8311848398790839
Training_PLA,0.8672629546820108
Training_PLA,0.9799933477203608
Training_PLA,0.9834416024053316
Training_PLA,0.9909890115091612
Training_PLA,0.30706857202534843
Training_PLA,0.9436271055419588
Training_PLA,0.9982478880031906
Training_PLA,0.10042916231322072
Training_PLA,0.8490640268164038
Training_PLA,0.9502841570061412
Training_PLA,0.9915828866093924
Training_PLA,0.12291545364489
Training_PLA,0.8974391754311962
Training_PLA,0.7364030588922557
Training_PLA,0.9883532654388532
Training_PLA,0.9777981326306708
Training_PLA,0.8202317838828048
Training_PLA,0.2674294437657305
Training_PLA,0.7806237046714637
Training_PLA,0.9777981591169622
Training_PLA,0.6008351476497967
Training_PLA,0.00796453057996627
Training_PLA,0.9830401318695084
Training_PLA,0.8356412824495446
Training_PLA,0.971676011526496
Training_PLA,0.6719604671459808
Training_PLA,0.6962106368669023
Training_PLA,0.9031987367139378
Training_PLA,0.9963752315678944
Training_PLA,0.4712178116690213
Training_PLA,0.4649044784271403
Training_PLA,0.9996051513730172
Training_PLA,0.8021145602344265
Training_PLA,0.5391993179369295
Training_PLA,0.9294911642518296
Training_PLA,0.7930541028458188
Training_PLA,0.04199246132894797
Training_PLA,0.14357209894739903
Training_PLA,0.7592749552282879
Training_PLA,0.05395054251850858
Training_PLA,0.917005533463437
Training_PLA,0.972662016951168
Training_PLA,0.9927853200504352
Training_PLA,0.9860636703700402
Training_PLA,0.6684918441823947
Training_PLA,0.9462409816736888
Training_PLA,0.9994379138085804
Training_PLA,0.7350057179254125
Training_PLA,0.8822389423626703
Training_PLA,0.5061089419563912
Training_PLA,0.9921945685580636
Training_PLA,0.991856507125262
Training_PLA,0.9979169765800286
Training_PLA,0.9007958026159112
Training_PLA,0.9680240839585073
Training_PLA,0.8956009209606561
Training_PLA,0.7401281506980756
Training_PLA,0.9987755127434492
Training_PLA,0.9734828711626516
Training_PLA,0.8696601472216018
Training_PLA,0.3391289953826699
Training_PLA,0.909525193699695
Training_PLA,0.7622403295836816
Training_PLA,0.22574735391030273
Training_PLA,0.4286059500720679
Training_PLA,0.8259947343691961
Training_PLA,0.7992280727311869
Training_PLA,0.9843727258580584
Training_PLA,0.871338302942398
Training_PLA,0.4164713002299813
Training_PLA,0.9241101979504516
Training_PLA,0.05012281169250835
Training_PLA,0.9747042510885352
Training_PLA,0.9641074238596082
Training_PLA,0.7123856429296269
Training_PLA,0.9055489979107616
Training_PLA,0.21271511023256848
Training_PLA,0.2570668166069038
Training_PLA,0.5289641834421489
Training_PLA,0.7557777653031499
Training_PLA,0.9542335004194128
Training_PLA,0.33842207458076917
Training_PLA,0.1577988926358578
Training_PLA,0.5946879083089978
Training_PLA,0.94227777046046
Training_PLA,0.883312401843694
Training_PLA,0.9990781793135188
Training_PLA,0.7888078585344013
Training_PLA,0.6376533183940803
Training_PLA,0.17170159914737512
Training_PLA,0.7336059165337145
Training_PLA,0.8503201413328443
Training_PLA,0.9253058218932938
Training_PLA,0.00336985779796182
Training_PLA,0.9331362137870156
Training_PLA,0.28427506989716284
Training_PLA,0.01633702274862595
Training_PLA,0.9911732443337664
Training_PLA,0.8587087429868279
Training_PLA,0.8223534105318031
Training_PLA,0.9205230190260896
Training_PLA,0.7984815636722449
Training_PLA,0.7195288631050949
Training_PLA,0.7775762580614737
Training_PLA,0.569750205547302
Training_PLA,0.9528929215815052
Training_PLA,0.9910714189973692
Training_PLA,0.99999903055862
Training_PLA,0.9976578303859888
Training_PLA,0.8393908761263733
Training_PLA,0.4251392547926341
Training_PLA,0.8877955886061197
Training_PLA,0.999995670517546
Training_PLA,0.5999759105180642
Training_PLA,0.16912700846982412
Training_PLA,0.8872531177091983
Training_PLA,0.9638421071216902
Training_PLA,0.9680559888256588
Training_PLA,0.787235336633242
Training_PLA,0.28843484288766086
Training_PLA,0.985638843153703
Training_PLA,0.9999699410457968
Training_PLA,0.2426571069286577
Training_PLA,0.20102364576633736
Training_PLA,0.01029795396803733
Training_PLA,0.992467642821377
Training_PLA,0.5998787995348666
Training_PLA,0.967276528573506
Training_PLA,4.029871870146356e-4
Training_PLA,0.9992999311529852
Training_PLA,0.9661201845483356
Training_PLA,0.8831957581296209
Training_PLA,0.9615208681678636
Training_PLA,0.9993723845698246
Training_PLA,0.99843603687697
Training_PLA,0.997174088211808
Training_PLA,0.9623192270018122
Training_PLA,0.8768692158129304
Training_PLA,0.9458351356477832
Training_PLA,0.18534816239845123
Training_PLA,0.676305317716324
Training_PLA,0.98043875079562
Training_PLA,0.926349106094234
Training_PLA,8.918442836574809e-4
Training_PLA,0.3172914885929185
Training_PLA,0.631224051467358
Training_PLA,0.9543494462001528
Training_PLA,0.9037870021083528
Training_PLA,0.9931522290023344
Training_PLA,0.8298365096210784
Training_PLA,0.04092888067054369
Training_PLA,0.4920194949158189
Training_PLA,0.980803559523177
Training_PLA,0.6527360455851967
Training_PLA,0.9704835671460742
Training_PLA,0.9460449339690902
Training_PLA,0.5401023534118986
Training_PLA,0.998122710230301
Training_PLA,0.9999594314195084
Training_PLA,0.07867526870451806
Training_PLA,0.06095570936268217
Training_PLA,0.8844516635084817
Training_PLA,0.9521950230717487
Training_PLA,0.9619658216850654
Training_PLA,0.994476258707868
Training_PLA,0.9708002782940378
Training_PLA,0.7329023265905086
Training_PLA,0.7987853877829348
Training_PLA,0.2689885483465989
Training_PLA,0.9484860360140612
Training_PLA,0.9897952344970086
Training_PLA,0.890564647314624
Training_PLA,0.6304642693837735
Training_PLA,0.9075205954854674
Training_PLA,0.2383657295942356
Training_PLA,0.2951853188561669
Training_PLA,0.9956614662208072
Training_PLA,0.923382468209418
Training_PLA,0.41413431609715806
Training_PLA,0.9520505463045464
Training_PLA,0.829779861739464
Training_PLA,0.9432808340986668
Training_PLA,0.7975009428668934
Training_PLA,0.9983152582575948
Training_PLA,0.4938623035575722
Training_PLA,0.26096087077723407
Training_PLA,0.06622418577414274
Training_PLA,0.9347437993391892
Training_PLA,0.9737723376176995
Training_PLA,0.6705112686333818
Training_PLA,0.3902666619241742
Training_PLA,0.03669202362691248
Training_PLA,0.9976551956623886
Training_PLA,0.01438611652862975
Training_PLA,0.8567322005964889
Training_PLA,0.9796408414973772
Training_PLA,0.9825191210280174
Training_PLA,0.9037906993555276
Training_PLA,0.8932534921261609
Training_PLA,0.9810655871210346
Training_PLA,0.8014240240836724
Training_PLA,0.9862608698931744
Training_PLA,0.997290298294618
Training_PLA,0.6961435832260482
Training_PLA,0.42360816696336206
Training_PLA,0.9999962931440136
Training_PLA,0.9128092744993914
Training_PLA,0.9874863460073716
Training_PLA,0.21258624884145036
Training_PLA,0.7968770881066303
Training_PLA,0.7353160231470424
Training_PLA,0.5294343343558993
Training_PLA,0.3145301367840865
Training_PLA,0.44919347940590687
Training_PLA,0.8088268990084511
Training_PLA,0.9830175267903988
Training_PLA,0.47389162302784255
Training_PLA,0.9990421126672396
Training_PLA,0.3310378572001687
Training_PLA,0.0744925088842888
Training_PLA,0.9256357218449012
Training_PLA,0.33092335664828976
Training_PLA,0.8133985613836372
Training_PLA,0.4177775724284575
Training_PLA,0.9609437097454904
Training_PLA,0.970482527373207
Training_PLA,0.5565793843186162
Training_PLA,0.7468059521334498
Training_PLA,0.9910962501605858
Training_PLA,8.553203148344421e-4
Training_PLA,0.9988384385183444
Training_PLA,0.982970778106546
Training_PLA,0.4687301226010899
Training_PLA,0.4215954665615808
Training_PLA,0.7452779358140518
Training_PLA,0.3951750070383336
Training_PLA,0.9977602207469672
Training_PLA,0.04154940008024275
Training_PLA,0.9234361405652912
Training_PLA,0.9976215326656752
Training_PLA,0.2883203630279175
Training_PLA,0.7399612809168828
Training_PLA,0.6028093964688062
Training_PLA,0.9997175663950034
Training_PLA,0.9876324296583384
Training_PLA,0.7960210887785234
Training_PLA,0.9958422448441708
Training_PLA,0.8927144882692402
Training_PLA,0.60181069205883575
Training_PLA,0.9955549542137812
Training_PLA,0.9999653643694478
Training_PLA,0.6262026116411579
Training_PLA,0.9997272785966744
Training_PLA,0.1705099919984603
Training_PLA,0.9999969631294404
Training_PLA,0.8322259925676341
Training_PLA,0.860221666658851
Training_PLA,0.9328106228111436
Training_PLA,0.7147659502348758
Training_PLA,0.9566522294745272
Training_PLA,0.999864876122426
Training_PLA,0.9985034792319636
Training_PLA,0.8109188590747405
Training_PLA,0.44582861588509576
Training_PLA,0.987330295238648
Training_PLA,0.6850297278572569
Training_PLA,0.4152409522575149
Training_PLA,0.9052060434687078
Training_PLA,0.867207534633687
Training_PLA,0.48730399956936776
Training_PLA,0.7428350436840402
Training_PLA,0.14655147660648396
Training_PLA,0.3949815005136192
Training_PLA,0.00805764864367862
Training_PLA,0.9997202246044492
Training_PLA,0.997575576816268
Training_PLA,0.7471113902551427
Training_PLA,0.6538987839220611
Training_PLA,0.6559836083702397
Training_PLA,0.00584332079577054
Training_PLA,0.9445533161546444
Training_PLA,0.668584373805468
Training_PLA,0.05766789659304958
Training_PLA,0.8733104750089871
Training_PLA,0.5951721297872454
Training_PLA,0.9596701969703944
Training_PLA,0.4538615655677924
Training_PLA,0.8860142844624906
Training_PLA,0.01485022735885164
Training_PLA,0.952348482600021
Training_PLA,7.380573534933118e-6
Training_PLA,0.94347448708766
Training_PLA,0.7584785903563049
Training_PLA,0.0548071010440698
Training_PLA,0.446818218514678
Training_PLA,0.6746553548629313
Training_PLA,0.9882228026949358
Training_PLA,0.9754676996472798
Training_PLA,0.9621295688327176
Training_PLA,0.8864538115166885
Training_PLA,0.9259926467284232
Training_PLA,0.24660547788627393
Training_PLA,0.9948537439526652
Training_PLA,0.5626828071001821
Training_PLA,0.8717661620710123
Training_PLA,0.9223773446289888
Training_PLA,0.894269827278479
Training_PLA,0.3127421517428349
Training_PLA,0.9888724613531212
Training_PLA,0.2579470132924148
Training_PLA,0.26459996696595567
Training_PLA,0.8788608456475625
Training_PLA,0.8812013327805577
Training_PLA,0.9426321714082356
Training_PLA,0.8398513974958832
Training_PLA,0.9946876420084636
Training_PLA,0.9695896991239392
Training_PLA,0.4681903976266733
Training_PLA,0.9941745635149988
Training_PLA,0.3444972799204308
Training_PLA,0.9113826386393452
Training_PLA,0.31792729457277175
Training_PLA,0.5397903821318837
Training_PLA,0.7792169036482532
Training_PLA,0.9965983744319452
Training_PLA,0.8317025760980928
Training_PLA,0.5643436413792549
Training_PLA,0.999025141391732
Training_PLA,0.8626743445603782
Training_PLA,0.04835894191726508
Training_PLA,0.8951783461134057
Training_PLA,0.46194301838128154
Training_PLA,0.9855590779904672
Training_PLA,0.04063167480444676
Training_PLA,0.1164417932352109
Training_PLA,0.988357686815692
Training_PLA,0.9990075171064676
Training_PLA,0.2722252144778018
Training_PLA,0.5181791479909461
Training_PLA,0.492221713648797
Training_PLA,0.9792839960046996
Training_PLA,0.664428089889002
Training_PLA,0.05351240251630207
Training_PLA,0.943582270786032
Training_PLA,0.08136388749398542
Training_PLA,0.13276994821225144
Training_PLA,0.4525026530872264
Training_PLA,0.99271248392139
Training_PLA,0.9956544996321726
Training_PLA,0.962988327446675
Training_PLA,0.976051713861012
Training_PLA,0.3161845797468093
Training_PLA,0.9766755759312764
Training_PLA,0.7163416034583184
Training_PLA,0.8467481818403597
Training_PLA,0.9448515991785766
Training_PLA,0.8761322770029826
Training_PLA,0.9518215541858503
Training_PLA,0.9939935593396424
Training_PLA,0.16852767727147352
Training_PLA,0.6308063064663334
Training_PLA,0.9677360072393896
Training_PLA,0.5345240110610777
Training_PLA,0.9666859894640172
Training_PLA,0.9960671456858068
Training_PLA,0.9962656084608036
Training_PLA,0.9945580174936997
Training_PLA,0.8225755882174692
Training_PLA,0.02993463994215916
Training_PLA,0.965289631293789
Training_PLA,0.9232346763942292
Training_PLA,0.9740967538708014
Training_PLA,0.8561763763723207
Training_PLA,0.9356113498983012
Training_PLA,0.1671874931824821
Training_PLA,0.1851244052658147
Training_PLA,0.9999839434979896
Training_PLA,0.6834095391678541
Training_PLA,0.9927523429792232
Training_PLA,0.9481795705121584
Training_PLA,0.8913749374269951
Training_PLA,0.9050712411035776
Training_PLA,0.17084067746165574
Training_PLA,0.7124017494982858
Training_PLA,0.9965305874883568
Training_PLA,0.7931662968263058
Training_PLA,0.958147568363359
Training_PLA,0.7114133383021236
Training_PLA,0.6073229473961794
Training_PLA,0.6974902825722761
Training_PLA,0.9315345375349195
Training_PLA,0.6247526211375944
Training_PLA,0.6385927683226346
Training_PLA,0.7519306576018249
Training_PLA,0.9338632945501656
Training_PLA,0.8013320094675177
Training_PLA,0.8554722106968077
Training_PLA,0.4572927855891119
Training_PLA,0.9938955281668606
Training_PLA,0.02085534165630609
Training_PLA,0.9877828839269284
Training_PLA,0.9364765944257084
Training_PLA,0.26861190401688995
Training_PLA,0.6763120845165561
Training_PLA,0.04601830168490675
Training_PLA,0.9867042309703212
Training_PLA,0.9998673173468938
Training_PLA,0.0065674994498797
Training_PLA,0.833239225477257
Training_PLA,0.9993367272397862
Training_PLA,0.415367931118531
Training_PLA,0.8821783359247551
Training_PLA,0.9646426297177756
Training_PLA,0.32007678869407924
Training_PLA,0.48497060754395926
Training_PLA,0.565981222768235
Training_PLA,0.7302199490698655
Training_PLA,0.9340851162165036
Training_PLA,0.5161378904766257
Training_PLA,0.9840061658411576
Training_PLA,0.04488492945743758
Training_PLA,0.9544381063798674
Training_PLA,0.9597995911479176
Training_PLA,0.915953632226672
Training_PLA,0.6220256735248918
Training_PLA,0.999127422228268
Training_PLA,0.970849277051868
Training_PLA,0.04825610073135723
Training_PLA,0.1337400134564408
Training_PLA,0.7678035672536488
Training_PLA,0.3565094940325733
Training_PLA,0.17678920535876075
Training_PLA,0.8301987451863321
Training_PLA,0.8732665576487615
Training_PLA,0.7700726389346605
Training_PLA,0.7871413726280861
Training_PLA,0.9937484723431038
Training_PLA,0.5656196456307244
Training_PLA,0.7519218279167772
Training_PLA,0.889256558062478
Training_PLA,0.9845278900447096
Training_PLA,0.9983731754253824
Training_PLA,0.20367965832255663
Training_PLA,0.8512137186025746
Training_PLA,0.8268245468270399
Training_PLA,0.9027125630849144
Training_PLA,0.7382420409506472
Training_PLA,0.9668748363800777
Training_PLA,0.9999869539562862
Training_PLA,0.9449497722706758
Training_PLA,0.980294717290874
Training_PLA,0.9783485685305916
Training_PLA,0.8978083296818615
Training_PLA,0.9971961300483528
Training_PLA,0.565564722615546
Training_PLA,0.7843166955453524
Training_PLA,0.9970313790301591
Training_PLA,0.07568214581298205
Training_PLA,0.8397782296878052
Training_PLA,0.4017340049813881
Training_PLA,0.755473412416915
Training_PLA,0.952730725622734
Training_PLA,0.9906970027658808
Training_PLA,0.9984745999943658
Training_PLA,0.3807205342274622
Training_PLA,0.4524910324226089
Training_PLA,0.42376790604483167
Training_PLA,0.01675422447393572
Training_PLA,0.7804961734092275
Training_PLA,0.0880611545502526
Training_PLA,0.4168571949531439
Training_PLA,0.32148032220624795
Training_PLA,0.9941555722108404
Training_PLA,0.2693151840797451
Training_PLA,0.9999830458800394
Training_PLA,0.6943520378001524
Training_PLA,0.9303353981380462
Training_PLA,0.999876834174186
Training_PLA,0.2744574645564435
Training_PLA,0.00348095083464605
Training_PLA,0.3863630506667344
Training_PLA,0.42349154877597706
Training_PLA,0.6222360336599826
Training_PLA,0.6121931650043466
Training_PLA,0.34945233873267356
Training_PLA,0.813350755533979
Training_PLA,0.9980667071237488
Training_PLA,0.9999770112172872
Training_PLA,0.5895707708310197
Training_PLA,0.8075798769970375
Training_PLA,0.998182246773554
Training_PLA,0.9347912074291914
Training_PLA,0.6807690074226632
Training_PLA,0.00318955033107295
Training_PLA,0.959750545021452
Training_PLA,0.7409679969331275
Training_PLA,0.3797697178798152
Training_PLA,0.8933378227823795
Training_PLA,0.9816072540891873
Training_PLA,0.6168181712095361
Training_PLA,0.06695525233980958
Training_PLA,0.8999963989500538
Training_PLA,0.10037377509155984
Training_PLA,0.07988251526683697
Training_PLA,0.7023888068436152
Training_PLA,0.6988679891012951
Training_PLA,0.9971321120090584
Training_PLA,0.6463515499299833
Training_PLA,0.95372754682058
Training_PLA,0.8529792227922114
Training_PLA,0.9520811241883896
Training_PLA,0.08391676017801417
Training_PLA,0.6950148266485823
Training_PLA,0.9987616463859772
Training_PLA,0.8652827372701174
Training_PLA,0.9545807140303086
Training_PLA,0.8309110498175386
Training_PLA,0.767840132327276
Training_PLA,0.8076083469198898
Training_PLA,0.7219106736376664
Training_PLA,0.6439382173321652
Training_PLA,0.432088614547853
Training_PLA,0.17073904266452658
Training_PLA,0.9814610847209234
Training_PLA,0.35728153319475475
Training_PLA,0.7762104160510984
Training_PLA,0.8537435208557065
Training_PLA,0.9996918750108008
Training_PLA,0.7247217754111359
Training_PLA,0.9999926770194562
Training_PLA,0.17466649650298716
Training_PLA,0.6540475462195519
Training_PLA,0.13954893783717606
Training_PLA,0.662737160324824
Training_PLA,0.2494925900701697
Training_PLA,0.8912759051521821
Training_PLA,0.9272644950167274
Training_PLA,0.9569704223095894
Training_PLA,0.40924911833299377
Training_PLA,0.6274876253205861
Training_PLA,0.05688215227974792
Training_PLA,0.2924172773584239
Training_PLA,0.5443308921903574
Training_PLA,0.9990281261933734
Training_PLA,0.08951507472530695
Training_PLA,0.7657907346651522
Training_PLA,0.24612688699182872
Training_PLA,0.974069537495667
Training_PLA,0.3916811548418847
Training_PLA,0.8669134709656879
Training_PLA,0.14861091143692548
Training_PLA,0.6453850979759364
Training_PLA,0.999999854436294
Training_PLA,0.9878464251302188
Training_PLA,0.9765550023124764
Training_PLA,0.9439237552294842
Training_PLA,0.5702968650573835
Training_PLA,0.5459152589662888
Training_PLA,0.4775537353053309
Training_PLA,0.33205175200934467
Training_PLA,0.42166101009291784
Training_PLA,0.8079175791129255
Training_PLA,0.5821772503863316
Training_PLA,0.8320085603104866
Training_PLA,0.6335909670335896
Training_PLA,0.9372350979513197
Training_PLA,0.9637662335867672
Training_PLA,0.782464518907815
Training_PLA,0.5276817489694862
Training_PLA,0.6112622585187497
Training_PLA,0.920489562987198
Training_PLA,0.9556676814828696
Training_PLA,0.629953373296862
Training_PLA,0.966983938279475
Training_PLA,0.02267834525456539
Training_PLA,0.02282329008426184
Training_PLA,0.9209074947936337
Training_PLA,0.9989862277242308
Training_PLA,0.6501858647243336
Training_PLA,0.9271021744163958
Training_PLA,0.6012221823246644
Training_PLA,0.5061171289759191
Training_PLA,0.7119607662662388
Training_PLA,0.9445916763531982
Training_PLA,0.9881969534278626
Training_PLA,0.9635296024842944
Training_PLA,0.16355418426424162
Training_PLA,0.13313167717940538
Training_PLA,0.9928626471336656
Training_PLA,0.9995918503629456
Training_PLA,0.9444197179672325
Training_PLA,0.13756801947507188
Training_PLA,0.46219751119720615
Training_PLA,0.2959129376109269
Training_PLA,0.3608435035036298
Training_PLA,0.7734887460955848
Training_PLA,0.5398019774581954
Training_PLA,0.1997791507439259
Training_PLA,0.35169309632080287
Training_PLA,0.9994265297205044
Training_PLA,0.49863287756432384
Training_PLA,0.9997725160672744
Training_PLA,0.9810298443826404
Training_PLA,0.24544268852195375
Training_PLA,0.999920376073612
Training_PLA,0.6480951699774957
Training_PLA,0.7873472901050389
Training_PLA,0.7296758027843956
Training_PLA,0.8951731773237395
Training_PLA,0.988632581999865
Training_PLA,0.3563643224022527
Training_PLA,0.18176038355927565
Training_PLA,0.4654389320810192
Training_PLA,0.06253719346707347
Training_PLA,0.8078820967067323
Training_PLA,0.9784105933422826
Training_PLA,0.8885391454828278
Training_PLA,0.3066574044350321
Training_PLA,0.9665495051883104
Training_PLA,0.9985458300715162
Training_PLA,0.8951291422604124
Training_PLA,0.6400966358537352
Training_PLA,0.9510130919742305
Training_PLA,0.9903067740236372
Training_PLA,0.7885781637087526
Training_PLA,0.6872777521990174
Training_PLA,0.46195563486277846
Training_PLA,0.9607138783206036
Training_PLA,0.7892064033067514
Training_PLA,0.6022860187134095
Training_PLA,0.4800163925424007
