"pathway","database","size","NES_Training_CRE","NES_Training_PLA","padj_Training_CRE","padj_Training_PLA","sig_cat"
"BIOCARTA_COMP_PATHWAY","BioCarta",11,1.64997103863154,-0.855356230552016,0.161490683229814,0.789904200442152,"NS"
"BIOCARTA_UCALPAIN_PATHWAY","BioCarta",12,1.68007159043947,-1.42472884378571,0.161490683229814,0.514905743095134,"NS"
"BIOCARTA_EIF4_PATHWAY","BioCarta",12,-1.47688959494689,1.41233208285595,0.214237756335245,0.514905743095134,"NS"
"BIOCARTA_EIF_PATHWAY","BioCarta",15,-1.5144861981545,1.1992679075357,0.214237756335245,0.624040692486168,"NS"
"BIOCARTA_MTOR_PATHWAY","BioCarta",10,-1.54327645874674,0.910889381153944,0.214237756335245,0.789904200442152,"NS"
"BIOCARTA_NDKDYNAMIN_PATHWAY","BioCarta",11,1.56706347890772,-1.41990597468043,0.214237756335245,0.514905743095134,"NS"
"BIOCARTA_PTDINS_PATHWAY","BioCarta",10,1.3472052195735,0.875288520376812,0.357604867114954,0.789904200442152,"NS"
"BIOCARTA_ERAD_PATHWAY","BioCarta",10,1.02450998117608,0.796986306550627,0.576516877200249,0.789904200442152,"NS"
"BIOCARTA_FAS_PATHWAY","BioCarta",10,1.00341333036314,0.525311792384498,0.576516877200249,0.976971260132646,"NS"
"BIOCARTA_TNFR1_PATHWAY","BioCarta",11,1.01134818535147,0.849566383249616,0.576516877200249,0.789904200442152,"NS"
"BIOCARTA_AGR_PATHWAY","BioCarta",14,-0.857422671540473,-0.859841666448854,0.749795658886568,0.789904200442152,"NS"
"BIOCARTA_PROTEASOME_PATHWAY","BioCarta",18,-0.730803510397696,-1.27496621305414,0.845731191885038,0.563530691708658,"NS"
"GOBP_COLLAGEN_FIBRIL_ORGANIZATION","GO:BP",15,2.08759841362397,-1.1866218432769,0.0167083136922441,0.549059756556841,"Tr.(CRE) only"
"GOBP_LAMELLIPODIUM_ORGANIZATION","GO:BP",25,2.11077029265173,-1.18188596969209,0.0167083136922441,0.52613721575195,"Tr.(CRE) only"
"GOBP_LEUKOCYTE_CELL_CELL_ADHESION","GO:BP",58,1.93224970890221,-1.69139484323423,0.0186925926143294,0.12037531512682,"Tr.(CRE) only"
"GOBP_NEGATIVE_REGULATION_OF_ACTIN_FILAMENT_DEPOLYMERIZATION","GO:BP",20,2.03022702292284,-1.43613229430614,0.0186925926143294,0.298700358995133,"Tr.(CRE) only"
"GOBP_POSITIVE_REGULATION_OF_LAMELLIPODIUM_ASSEMBLY","GO:BP",10,1.92426410838858,-1.16885501478102,0.0397948097447278,0.580421168687982,"Tr.(CRE) only"
"GOBP_CALCIUM_ION_TRANSMEMBRANE_TRANSPORT","GO:BP",68,-1.71350834097524,0.797889017506001,0.0485773168115011,0.950969281927736,"Tr.(CRE) only"
"GOBP_POSITIVE_REGULATION_OF_HYDROLASE_ACTIVITY","GO:BP",27,1.84322102848209,-1.3137351452666,0.0497850750953305,0.385389840041587,"Tr.(CRE) only"
"GOBP_ANTIMICROBIAL_HUMORAL_RESPONSE","GO:BP",25,1.88662764237741,-1.22468704642465,0.0555044335325367,0.470808678500986,"NS"
"GOBP_DEPHOSPHORYLATION","GO:BP",29,-1.81032903837054,1.99094642384594,0.0711971638961201,0.0279329759157173,"Tr.(PLA) only"
"GOBP_NEGATIVE_REGULATION_OF_ACTIN_FILAMENT_POLYMERIZATION","GO:BP",23,1.8685327944988,-1.56789213197499,0.0711971638961201,0.212097576614141,"NS"
"GOBP_ENDOTHELIAL_CELL_PROLIFERATION","GO:BP",25,1.80434375243104,-1.27157476495415,0.10789313904068,0.423049234717831,"NS"
"GOBP_GRANULOCYTE_CHEMOTAXIS","GO:BP",21,1.80528917664392,-1.15150577419851,0.123142141783243,0.570648197938616,"NS"
"GOBP_PLATELET_AGGREGATION","GO:BP",25,1.76735613283348,-1.87745280197836,0.123142141783243,0.0744614799442859,"NS"
"GOBP_ACTIN_NUCLEATION","GO:BP",19,1.75260831243896,-1.24975942425499,0.14918425790323,0.456188306757783,"NS"
"GOBP_CELL_CELL_JUNCTION_ASSEMBLY","GO:BP",25,1.72674191302837,-1.68131323790553,0.151984262743756,0.137151499248048,"NS"
"GOBP_REGULATION_OF_MONOATOMIC_ION_TRANSMEMBRANE_TRANSPORT","GO:BP",71,-1.61546784786381,-0.773335943831405,0.151984262743756,0.97038954828869,"NS"
"GOBP_POLYOL_METABOLIC_PROCESS","GO:BP",23,-1.7736467822342,0.772230102357919,0.154708285933183,0.932700897366957,"NS"
"GOBP_ARP2_3_COMPLEX_MEDIATED_ACTIN_NUCLEATION","GO:BP",16,1.73770047698667,-1.06209757160842,0.154757443484411,0.689318541275418,"NS"
"GOBP_CEREBELLAR_CORTEX_DEVELOPMENT","GO:BP",10,1.76666915526671,0.842222170402092,0.154757443484411,0.877905208888695,"NS"
"GOBP_FIBROBLAST_MIGRATION","GO:BP",20,1.73306737096388,-1.45153882694586,0.154757443484411,0.292880967955853,"NS"
"GOBP_RESPONSE_TO_ESTRADIOL","GO:BP",23,1.7262212347021,-2.32889171320934,0.154757443484411,0.000753055286517878,"Tr.(PLA) only"
"GOBP_AMINO_ACID_BETAINE_METABOLIC_PROCESS","GO:BP",11,-1.77108442266338,-1.23249325465645,0.159726234960258,0.51534939407661,"NS"
"GOBP_CALCIUM_MEDIATED_SIGNALING","GO:BP",44,-1.62704262914127,1.45310064748886,0.164871689449536,0.243909320924553,"NS"
"GOBP_CHOLESTEROL_EFFLUX","GO:BP",16,1.7105527485645,-1.57875840319402,0.164871689449536,0.220581933422139,"NS"
"GOBP_NEGATIVE_REGULATION_OF_PROTEIN_POLYMERIZATION","GO:BP",29,1.70599725153774,-1.72095675365737,0.164871689449536,0.107263317050477,"NS"
"GOBP_REGULATION_OF_T_CELL_ACTIVATION","GO:BP",47,1.64858302484534,-1.41415553002002,0.164871689449536,0.268474853897978,"NS"
"GOBP_NEUTROPHIL_CHEMOTAXIS","GO:BP",17,1.70927888451919,-1.4001255992949,0.170105000723263,0.336083915380631,"NS"
"GOBP_REACTIVE_NITROGEN_SPECIES_METABOLIC_PROCESS","GO:BP",26,1.70068540319702,-1.77546341718038,0.170105000723263,0.0972472106341894,"NS"
"GOBP_REGULATION_OF_STEROL_TRANSPORT","GO:BP",15,1.71449906382779,-1.81325212573784,0.171211099335196,0.0997667856838296,"NS"
"GOBP_BARBED_END_ACTIN_FILAMENT_CAPPING","GO:BP",12,1.7300542076368,-1.06915417263226,0.179525276823148,0.689500783523618,"NS"
"GOBP_ANTIBACTERIAL_HUMORAL_RESPONSE","GO:BP",16,1.69344400604826,-1.43446521906883,0.18218962469598,0.308126343899269,"NS"
"GOBP_CORTICAL_ACTIN_CYTOSKELETON_ORGANIZATION","GO:BP",15,1.69341695732873,-1.7039267277154,0.187611876550675,0.13862463882322,"NS"
"GOBP_DEFENSE_RESPONSE_TO_GRAM_POSITIVE_BACTERIUM","GO:BP",15,1.67807642160636,-1.10357426213406,0.191236196893131,0.638921312879014,"NS"
"GOBP_SPERMATID_DIFFERENTIATION","GO:BP",21,-1.69842511374386,0.984913842675993,0.19161026665852,0.759650273051382,"NS"
"GOBP_AMP_BIOSYNTHETIC_PROCESS","GO:BP",11,-1.71719204671587,1.30136164394713,0.195375898402906,0.435357549043176,"NS"
"GOBP_HETEROTYPIC_CELL_CELL_ADHESION","GO:BP",10,1.69628837946669,-1.65844933251608,0.195375898402906,0.190526246897545,"NS"
"GOBP_REGULATION_OF_NITRIC_OXIDE_METABOLIC_PROCESS","GO:BP",19,1.67204741848824,-1.75232448853632,0.195375898402906,0.102050113895216,"NS"
"GOBP_RECEPTOR_RECYCLING","GO:BP",11,1.69647086647229,-1.11015219886492,0.196092407902271,0.642200398997121,"NS"
"GOBP_CELL_CYCLE_CHECKPOINT_SIGNALING","GO:BP",17,-1.69350043819331,1.70793637422679,0.197960317779018,0.143530384456387,"NS"
"GOBP_MEMBRANE_INVAGINATION","GO:BP",13,1.67810272919945,-1.95688212858496,0.200737090328867,0.0549520153645049,"NS"
"GOBP_POSITIVE_REGULATION_OF_NITRIC_OXIDE_METABOLIC_PROCESS","GO:BP",12,1.6832552887352,-1.4993945961136,0.202299635701275,0.287415301186041,"NS"
"GOBP_SUBSTANTIA_NIGRA_DEVELOPMENT","GO:BP",25,1.63406423537771,-1.0225442328663,0.202299635701275,0.719920612318596,"NS"
"GOBP_RNA_TEMPLATED_DNA_BIOSYNTHETIC_PROCESS","GO:BP",18,1.65657703658894,-1.05625891249497,0.206104747331364,0.69387053378467,"NS"
"GOBP_HOMOTYPIC_CELL_CELL_ADHESION","GO:BP",30,1.63676264270711,-1.41765026787529,0.207213060136598,0.293522117683991,"NS"
"GOBP_ALCOHOL_BIOSYNTHETIC_PROCESS","GO:BP",37,-1.58104906952688,-1.07463839737565,0.219692309547933,0.657485210674057,"NS"
"GOBP_PLATELET_ACTIVATION","GO:BP",32,1.61027387774349,-1.80897809502903,0.224573990159516,0.0649463766364372,"NS"
"GOBP_RIBONUCLEOSIDE_MONOPHOSPHATE_BIOSYNTHETIC_PROCESS","GO:BP",17,-1.6621069513296,0.885244709429036,0.224573990159516,0.845235816447563,"NS"
"GOBP_TRANSLATIONAL_INITIATION","GO:BP",58,-1.48665283735214,1.75139647494515,0.225008416680819,0.0744614799442859,"NS"
"GOBP_DNA_INTEGRITY_CHECKPOINT_SIGNALING","GO:BP",12,-1.66005843083121,1.63036085102882,0.225184104820199,0.184850904869757,"NS"
"GOBP_MESODERM_DEVELOPMENT","GO:BP",10,-1.66103696529541,0.973393396719066,0.225184104820199,0.772311964428241,"NS"
"GOBP_NEGATIVE_REGULATION_OF_RNA_SPLICING","GO:BP",10,1.65368973215425,-1.02218843781058,0.225184104820199,0.727320275673906,"NS"
"GOBP_PROTEIN_LOCALIZATION_TO_ENDOPLASMIC_RETICULUM","GO:BP",22,1.61204957225374,-1.00564188087502,0.225184104820199,0.73987201079714,"NS"
"GOBP_REGULATION_OF_CALCIUM_ION_TRANSPORT","GO:BP",59,-1.47989435925153,-0.729743842623175,0.225184104820199,0.980374550781456,"NS"
"GOBP_REGULATION_OF_ESTABLISHMENT_OF_PROTEIN_LOCALIZATION_TO_MITOCHONDRION","GO:BP",19,-1.65671765828732,1.68531303684538,0.226479612658822,0.14043526361128,"NS"
"GOBP_MIDBRAIN_DEVELOPMENT","GO:BP",28,1.60236500985457,-0.891521641806615,0.230189866390318,0.852435731861499,"NS"
"GOBP_NEGATIVE_REGULATION_OF_MRNA_METABOLIC_PROCESS","GO:BP",29,1.61060985164427,-0.69097403049026,0.231564184115205,0.977904115357447,"NS"
"GOBP_ESTABLISHMENT_OR_MAINTENANCE_OF_BIPOLAR_CELL_POLARITY","GO:BP",11,1.63170048739257,-1.60477415818966,0.236828700540213,0.220581933422139,"NS"
"GOBP_POSITIVE_REGULATION_OF_CELL_CELL_ADHESION","GO:BP",44,1.53601232402511,-1.22724639676715,0.236828700540213,0.431809736157562,"NS"
"GOBP_LEUKOCYTE_MEDIATED_CYTOTOXICITY","GO:BP",27,1.60184303677688,-1.93141871187814,0.237610046746467,0.0576413199630682,"NS"
"GOBP_DNA_BIOSYNTHETIC_PROCESS","GO:BP",22,1.59121450469041,-1.05112833543663,0.238870284697892,0.691497267244073,"NS"
"GOBP_PEPTIDE_CROSS_LINKING","GO:BP",10,1.62848519543569,-1.35619747408887,0.241092240351595,0.388865940959983,"NS"
"GOBP_MITOCHONDRIAL_MEMBRANE_ORGANIZATION","GO:BP",56,-1.46754843532492,1.74255419485587,0.241922308948993,0.0649463766364372,"NS"
"GOBP_POLYOL_BIOSYNTHETIC_PROCESS","GO:BP",14,-1.64124135675154,-0.890983121187648,0.241922308948993,0.840867992766727,"NS"
"GOBP_INORGANIC_ION_IMPORT_ACROSS_PLASMA_MEMBRANE","GO:BP",11,-1.64131445336973,0.772067640236533,0.244507153185276,0.920535762112209,"NS"
"GOBP_HYDROGEN_PEROXIDE_CATABOLIC_PROCESS","GO:BP",16,1.61521141617595,-1.7242144279531,0.244530577268301,0.132123411978221,"NS"
"GOBP_INTERLEUKIN_8_PRODUCTION","GO:BP",16,1.6114409024291,-1.83430808865148,0.245382178539518,0.0900181488203267,"NS"
"GOBP_POSITIVE_REGULATION_OF_LEUKOCYTE_CELL_CELL_ADHESION","GO:BP",40,1.53639636293823,-1.3029190998474,0.245382178539518,0.369289429685609,"NS"
"GOBP_NEGATIVE_REGULATION_OF_VASCULATURE_DEVELOPMENT","GO:BP",20,1.58482545194552,-1.1816966082654,0.254100583892732,0.53753008423586,"NS"
"GOBP_QUINONE_METABOLIC_PROCESS","GO:BP",11,-1.63311350024546,1.76979800855619,0.254100583892732,0.0983056675272813,"NS"
"GOBP_REGULATION_OF_DNA_BIOSYNTHETIC_PROCESS","GO:BP",16,1.60208206839748,-0.938123661185342,0.254100583892732,0.801933418663689,"NS"
"GOBP_RHO_PROTEIN_SIGNAL_TRANSDUCTION","GO:BP",25,1.57079786454214,-1.71945005659732,0.259291576081634,0.124101307189542,"NS"
"GOBP_REGULATION_OF_CELL_MORPHOGENESIS","GO:BP",44,1.51430207537907,-1.83649811754908,0.25938245540772,0.0549520153645049,"NS"
"GOBP_CORTICAL_CYTOSKELETON_ORGANIZATION","GO:BP",19,1.58824209349821,-1.63089002656584,0.263626949478268,0.176559724109102,"NS"
"GOBP_ANTIMICROBIAL_HUMORAL_IMMUNE_RESPONSE_MEDIATED_BY_ANTIMICROBIAL_PEPTIDE","GO:BP",13,1.60984859980526,-0.959168251029855,0.263678733256984,0.781662492384756,"NS"
"GOBP_NEGATIVE_REGULATION_OF_ENDOTHELIAL_CELL_PROLIFERATION","GO:BP",10,1.59466645578924,-1.17231342568692,0.272992189112766,0.577093360068207,"NS"
"GOBP_REGULATION_OF_TELOMERE_MAINTENANCE_VIA_TELOMERASE","GO:BP",14,1.59039666745529,-0.943659013288496,0.272992189112766,0.789842581759255,"NS"
"GOBP_REGULATION_OF_RECEPTOR_MEDIATED_ENDOCYTOSIS","GO:BP",26,1.55716400129554,-1.37386586035314,0.274779903447451,0.328737899437248,"NS"
"GOBP_BRANCHED_CHAIN_AMINO_ACID_METABOLIC_PROCESS","GO:BP",21,-1.5711103439808,0.911218939538771,0.275870697197003,0.831755050505051,"NS"
"GOBP_STEM_CELL_DIFFERENTIATION","GO:BP",30,-1.51607739543722,-0.904153022977741,0.279179377070214,0.843248930365605,"NS"
"GOBP_OLEFINIC_COMPOUND_METABOLIC_PROCESS","GO:BP",32,-1.51663835712752,-1.79556757250185,0.286962675874686,0.0679158306582735,"NS"
"GOBP_REGULATION_OF_MONOATOMIC_ION_TRANSPORT","GO:BP",91,-1.3877082478883,-0.821312734949708,0.287115305035965,0.951806121788649,"NS"
"GOBP_MEIOTIC_CELL_CYCLE_PROCESS","GO:BP",13,1.5719808481467,-0.52610335499303,0.293853132612444,0.999195369204614,"NS"
"GOBP_DEFENSE_RESPONSE_TO_GRAM_NEGATIVE_BACTERIUM","GO:BP",14,1.56376095705854,-0.745435150619488,0.296795233001879,0.939002106329485,"NS"
"GOBP_POSITIVE_REGULATION_OF_LIPID_LOCALIZATION","GO:BP",22,1.53043814331821,-1.85972569450374,0.296795233001879,0.0789940423073131,"NS"
"GOBP_UBIQUINONE_METABOLIC_PROCESS","GO:BP",10,-1.58193273455023,1.7898575982574,0.296795233001879,0.0972472106341894,"NS"
"GOBP_POSITIVE_REGULATION_OF_ENDOTHELIAL_CELL_PROLIFERATION","GO:BP",15,1.56321763700769,-1.34861026590739,0.300693007622315,0.385682633445821,"NS"
"GOBP_KETONE_BIOSYNTHETIC_PROCESS","GO:BP",16,-1.54919343739277,1.48006986699515,0.305171863309167,0.285653111717313,"NS"
"GOBP_PROTEIN_N_LINKED_GLYCOSYLATION","GO:BP",13,1.55900921197813,0.831206620537235,0.305171863309167,0.887866265321215,"NS"
"GOBP_REGULATION_OF_DNA_REPAIR","GO:BP",31,-1.48404140391209,1.12110366481365,0.305171863309167,0.603837783572184,"NS"
"GOBP_IMP_METABOLIC_PROCESS","GO:BP",15,-1.56210561039969,1.19956906507237,0.306861713037813,0.538417734390889,"NS"
"GOBP_ODONTOGENESIS","GO:BP",12,1.53734322238552,-1.82169069192494,0.306861713037813,0.0983056675272813,"NS"
"GOBP_COMPLEMENT_ACTIVATION_CLASSICAL_PATHWAY","GO:BP",19,1.52752867565964,-0.704465189461113,0.308103203802095,0.966189665316403,"NS"
"GOBP_TELOMERE_MAINTENANCE_VIA_TELOMERE_LENGTHENING","GO:BP",20,1.5312866249221,-1.16083510694706,0.310841742284474,0.564850266026019,"NS"
"GOBP_RESPIRATORY_SYSTEM_DEVELOPMENT","GO:BP",33,1.47579190502788,-1.244155820982,0.315083255999245,0.431809736157562,"NS"
"GOBP_RECEPTOR_METABOLIC_PROCESS","GO:BP",15,1.53539351169991,-0.898813277919681,0.315815714269987,0.832270134902449,"NS"
"GOBP_HUMORAL_IMMUNE_RESPONSE_MEDIATED_BY_CIRCULATING_IMMUNOGLOBULIN","GO:BP",20,1.52219710265671,-0.835530095076637,0.316621507873604,0.894481573067615,"NS"
"GOBP_ICOSANOID_BIOSYNTHETIC_PROCESS","GO:BP",15,1.52961655848747,-1.51698866531567,0.318230659025788,0.264948236991101,"NS"
"GOBP_REGULATION_OF_CHOLESTEROL_EFFLUX","GO:BP",10,1.54526438608365,-1.54963108831833,0.318230659025788,0.268474853897978,"NS"
"GOBP_PURINE_NUCLEOSIDE_MONOPHOSPHATE_BIOSYNTHETIC_PROCESS","GO:BP",14,-1.53059084904883,1.05128889679979,0.321294232858794,0.700439988106395,"NS"
"GOBP_POSITIVE_REGULATION_OF_CHROMOSOME_ORGANIZATION","GO:BP",21,1.50418971916895,-0.891044593291556,0.32265950403341,0.847895693481286,"NS"
"GOBP_REGULATION_OF_G_PROTEIN_COUPLED_RECEPTOR_SIGNALING_PATHWAY","GO:BP",20,1.50414172400571,-1.25780595656588,0.334277546038572,0.445884217529309,"NS"
"GOBP_VESICLE_MEDIATED_TRANSPORT_IN_SYNAPSE","GO:BP",52,1.41802091379943,-1.21769907144835,0.336743898228817,0.445884217529309,"NS"
"GOBP_POSITIVE_REGULATION_OF_AUTOPHAGY_OF_MITOCHONDRION","GO:BP",11,-1.5364132072142,1.61200761330902,0.338645649962047,0.209287250189729,"NS"
"GOBP_REGULATION_OF_FIBROBLAST_MIGRATION","GO:BP",12,1.50350716482125,-1.19632841837131,0.339959158058892,0.549059756556841,"NS"
"GOBP_POSITIVE_REGULATION_OF_RECEPTOR_MEDIATED_ENDOCYTOSIS","GO:BP",12,1.49935327424729,-0.914727750908215,0.345051521480228,0.821220744030404,"NS"
"GOBP_ARTERY_DEVELOPMENT","GO:BP",14,1.5039819700602,-1.18369016141962,0.346416352336213,0.548063756236294,"NS"
"GOBP_NEGATIVE_REGULATION_OF_KINASE_ACTIVITY","GO:BP",23,1.48686763222547,-0.559236783429563,0.346416352336213,0.999195369204614,"NS"
"GOBP_REGULATION_OF_EMBRYONIC_DEVELOPMENT","GO:BP",11,1.51431062683544,-0.845999450254814,0.348046226208146,0.869873573851372,"NS"
"GOBP_POSITIVE_REGULATION_OF_SMOOTH_MUSCLE_CELL_PROLIFERATION","GO:BP",10,1.51479356875622,0.899661317055279,0.350009101691492,0.828826418643536,"NS"
"GOBP_POSITIVE_REGULATION_OF_ESTABLISHMENT_OF_PROTEIN_LOCALIZATION_TO_MITOCHONDRION","GO:BP",15,-1.50848711587007,1.5381543882564,0.351965045515953,0.238386902427589,"NS"
"GOBP_POSITIVE_REGULATION_OF_TELOMERE_MAINTENANCE_VIA_TELOMERE_LENGTHENING","GO:BP",13,1.49493591285279,-1.27767798104138,0.352333132651013,0.447157271392211,"NS"
"GOBP_MYELOID_LEUKOCYTE_ACTIVATION","GO:BP",31,1.44432581606296,-1.12508157043879,0.354168583080367,0.580421168687982,"NS"
"GOBP_NEGATIVE_REGULATION_OF_LEUKOCYTE_CELL_CELL_ADHESION","GO:BP",17,1.48314057966635,-1.34607374042126,0.354168583080367,0.37993265993266,"NS"
"GOBP_POSITIVE_REGULATION_OF_INSULIN_SECRETION_INVOLVED_IN_CELLULAR_RESPONSE_TO_GLUCOSE_STIMULUS","GO:BP",10,-1.51234771785601,-0.760036554299101,0.354168583080367,0.921025798432119,"NS"
"GOBP_TELOMERE_ORGANIZATION","GO:BP",37,1.43178186789698,0.693198532718145,0.355817798963945,0.97596712418865,"NS"
"GOBP_MAINTENANCE_OF_PROTEIN_LOCALIZATION_IN_ORGANELLE","GO:BP",13,1.48927478213775,1.06695383926245,0.356432466043305,0.692270917799781,"NS"
"GOBP_SPHINGOLIPID_BIOSYNTHETIC_PROCESS","GO:BP",10,-1.5057285441992,0.990857447623274,0.359164039130083,0.75636187767517,"NS"
"GOBP_POSITIVE_REGULATION_OF_GTPASE_ACTIVITY","GO:BP",15,1.4787694706172,-1.07336373677388,0.363873145429136,0.672969060087258,"NS"
"GOBP_POSITIVE_REGULATION_OF_SUBSTRATE_ADHESION_DEPENDENT_CELL_SPREADING","GO:BP",15,1.48016412365312,-1.72157783449868,0.363873145429136,0.131672372258146,"NS"
"GOBP_SMOOTH_MUSCLE_CELL_PROLIFERATION","GO:BP",26,1.45557918064635,1.23543258180687,0.36472625163695,0.469489175957058,"NS"
"GOBP_REGULATION_OF_CELL_SHAPE","GO:BP",30,1.43610318443133,-2.00064101686988,0.36564513361697,0.0298888778884082,"Tr.(PLA) only"
"GOBP_T_CELL_MEDIATED_CYTOTOXICITY","GO:BP",12,1.47809963849856,-1.93625540920368,0.36564513361697,0.0794865912687166,"NS"
"GOBP_GMP_BIOSYNTHETIC_PROCESS","GO:BP",10,-1.48705208453681,0.73763613302641,0.371009993269697,0.93568120528079,"NS"
"GOBP_TISSUE_REMODELING","GO:BP",18,1.45783196543809,-0.742512091906839,0.371009993269697,0.950963713510694,"NS"
"GOBP_APICAL_JUNCTION_ASSEMBLY","GO:BP",14,1.46649568498903,-1.47487699021046,0.377428985878031,0.289008683774027,"NS"
"GOBP_BIOLOGICAL_PROCESS_INVOLVED_IN_INTERACTION_WITH_SYMBIONT","GO:BP",10,1.47687604750584,-0.763336278847433,0.377428985878031,0.920535762112209,"NS"
"GOBP_INTERLEUKIN_6_PRODUCTION","GO:BP",16,1.46051945763528,-1.49572629232388,0.377428985878031,0.27233353982868,"NS"
"GOBP_LONG_CHAIN_FATTY_ACID_METABOLIC_PROCESS","GO:BP",26,-1.41388308845497,-1.42165807643274,0.377428985878031,0.292880967955853,"NS"
"GOBP_POSITIVE_REGULATION_OF_NON_CANONICAL_NF_KAPPAB_SIGNAL_TRANSDUCTION","GO:BP",11,1.47321094595436,-0.963762820354806,0.377428985878031,0.778858447402266,"NS"
"GOBP_POSITIVE_REGULATION_OF_TELOMERE_MAINTENANCE","GO:BP",20,1.4477222752703,-0.939919615267324,0.377428985878031,0.79999953318977,"NS"
"GOBP_POSITIVE_REGULATION_OF_T_CELL_MEDIATED_IMMUNITY","GO:BP",13,1.45607774138138,-1.34208237093061,0.381557789093756,0.388865940959983,"NS"
"GOBP_ACTIN_FILAMENT_SEVERING","GO:BP",10,1.46471050151126,-0.800543991592957,0.387841926334644,0.905859407121535,"NS"
"GOBP_MACROPHAGE_ACTIVATION","GO:BP",14,1.44989006935965,-0.796258398967874,0.387841926334644,0.918485384125152,"NS"
"GOBP_POSITIVE_REGULATION_OF_HORMONE_SECRETION","GO:BP",25,-1.40795324293982,0.825468946897265,0.387841926334644,0.90642440946013,"NS"
"GOBP_POSITIVE_REGULATION_OF_LIPID_TRANSPORT","GO:BP",15,1.45252452839358,-1.71418437408456,0.387841926334644,0.137151499248048,"NS"
"GOBP_POSITIVE_REGULATION_OF_TRANSPORTER_ACTIVITY","GO:BP",14,-1.45144952063807,-0.799637603084297,0.387841926334644,0.913866156198209,"NS"
"GOBP_RESPONSE_TO_TRANSFORMING_GROWTH_FACTOR_BETA","GO:BP",44,1.37516766535864,-0.744702400688401,0.387841926334644,0.966431820193744,"NS"
"GOBP_POSITIVE_REGULATION_OF_INSULIN_SECRETION","GO:BP",23,-1.41550482696253,0.743473926236082,0.390754221596507,0.950969281927736,"NS"
"GOBP_NEGATIVE_REGULATION_OF_EPITHELIAL_CELL_PROLIFERATION","GO:BP",14,1.44316500601414,-1.25990650741858,0.393919830747751,0.45943378301349,"NS"
"GOBP_PEPTIDYL_TYROSINE_MODIFICATION","GO:BP",13,1.43838622517744,1.26578671193605,0.394926469353367,0.471874310174388,"NS"
"GOBP_ENDOCYTIC_RECYCLING","GO:BP",25,1.41893563831964,-1.42546016677578,0.395592163846839,0.292880967955853,"NS"
"GOBP_NEGATIVE_REGULATION_OF_CATALYTIC_ACTIVITY","GO:BP",50,1.35502762922572,-0.806265540842036,0.395592163846839,0.93883343116833,"NS"
"GOBP_STEROL_TRANSPORT","GO:BP",29,1.39637363288536,-1.42734394197318,0.395592163846839,0.290080157885271,"NS"
"GOBP_POSITIVE_REGULATION_OF_PROTEIN_UBIQUITINATION","GO:BP",26,-1.38546751011781,-0.548334794690016,0.399389195906819,0.999461400359066,"NS"
"GOBP_MUSCLE_CELL_PROLIFERATION","GO:BP",36,1.37230659859638,0.958050213720948,0.402499794086154,0.787428929074997,"NS"
"GOBP_REGULATION_OF_LIPID_LOCALIZATION","GO:BP",39,1.36437321202809,-1.33579959488152,0.409069981583794,0.340725392540775,"NS"
"GOBP_SPROUTING_ANGIOGENESIS","GO:BP",20,1.4028892945162,-1.27952459515297,0.409069981583794,0.428741524535655,"NS"
"GOBP_POSITIVE_REGULATION_OF_PEPTIDE_SECRETION","GO:BP",25,-1.3751945500861,0.729431686257038,0.411607847587996,0.958740503872554,"NS"
"GOBP_BIOMINERAL_TISSUE_DEVELOPMENT","GO:BP",12,1.41738216784256,-1.0907106754558,0.41239613770547,0.663510731816519,"NS"
"GOBP_CARDIAC_MUSCLE_CONTRACTION","GO:BP",51,-1.293147193885,1.36157590144945,0.41239613770547,0.305952152791087,"NS"
"GOBP_MITOTIC_CELL_CYCLE_PHASE_TRANSITION","GO:BP",52,-1.30531657984797,1.34982211698819,0.41239613770547,0.306273644975928,"NS"
"GOBP_RAC_PROTEIN_SIGNAL_TRANSDUCTION","GO:BP",11,1.4277418609664,-0.877982706816946,0.41239613770547,0.846178774795102,"NS"
"GOBP_REGULATION_OF_HEART_CONTRACTION","GO:BP",52,-1.30641141589073,0.960380135666919,0.41239613770547,0.789842581759255,"NS"
"GOBP_T_CELL_MEDIATED_IMMUNITY","GO:BP",21,1.39355507653844,-1.5915779502348,0.41239613770547,0.192505078141193,"NS"
"GOBP_PURINE_RIBONUCLEOSIDE_METABOLIC_PROCESS","GO:BP",10,1.4247338974488,0.717874751276406,0.412672974004207,0.949528353838747,"NS"
"GOBP_RIBONUCLEOSIDE_METABOLIC_PROCESS","GO:BP",10,1.4247338974488,0.717874751276406,0.412672974004207,0.949528353838747,"NS"
"GOBP_CYTOPLASMIC_TRANSLATIONAL_INITIATION","GO:BP",28,-1.35990349633983,1.35717786992485,0.415826369498902,0.347206453651555,"NS"
"GOBP_NEGATIVE_REGULATION_OF_NUCLEOCYTOPLASMIC_TRANSPORT","GO:BP",10,1.42208108559671,-1.46501840594364,0.415826369498902,0.31735680589947,"NS"
"GOBP_COMPLEMENT_ACTIVATION","GO:BP",27,1.37419431312146,-0.785051702458092,0.416965581257322,0.932700897366957,"NS"
"GOBP_REGULATION_OF_TRANSLATIONAL_INITIATION","GO:BP",30,-1.35731495877458,1.489899117574,0.416965581257322,0.238920393001415,"NS"
"GOBP_ENDODERM_FORMATION","GO:BP",10,1.41830393711137,-1.43399527044427,0.419619475622934,0.340725392540775,"NS"
"GOBP_MEMBRANE_LIPID_BIOSYNTHETIC_PROCESS","GO:BP",11,-1.42051103103442,1.18631163062803,0.420079371461787,0.554958015533092,"NS"
"GOBP_NEGATIVE_REGULATION_OF_MRNA_CATABOLIC_PROCESS","GO:BP",21,1.38424900296049,0.770322287232782,0.420385581458914,0.934021055328121,"NS"
"GOBP_INTRA_GOLGI_VESICLE_MEDIATED_TRANSPORT","GO:BP",12,1.40242303783216,1.12896465105352,0.425583004609681,0.623345660921545,"NS"
"GOBP_REGULATION_OF_HYDROLASE_ACTIVITY","GO:BP",47,1.32669904331515,-1.34436681279042,0.429957910284444,0.327571272390884,"NS"
"GOBP_PROSTANOID_BIOSYNTHETIC_PROCESS","GO:BP",10,1.40936068396245,-1.39124185324128,0.430199925981749,0.374790091801035,"NS"
"GOBP_NEGATIVE_REGULATION_OF_REPRODUCTIVE_PROCESS","GO:BP",11,1.40475503818302,-1.17787838531958,0.430413585294745,0.572449420827146,"NS"
"GOBP_POSITIVE_REGULATION_OF_ACTIN_FILAMENT_BUNDLE_ASSEMBLY","GO:BP",20,1.37472263712043,-0.806236456669445,0.430413585294745,0.918485384125152,"NS"
"GOBP_REGULATION_OF_STEM_CELL_DIFFERENTIATION","GO:BP",12,-1.40116752710419,0.552080758838817,0.430413585294745,0.995723845275012,"NS"
"GOBP_ANTIVIRAL_INNATE_IMMUNE_RESPONSE","GO:BP",12,-1.39761915984184,0.688266779740402,0.431230525238929,0.962995632043422,"NS"
"GOBP_HYDROGEN_PEROXIDE_METABOLIC_PROCESS","GO:BP",23,1.36197301148353,-1.90768924868384,0.435131763125316,0.0576413199630682,"NS"
"GOBP_LYMPHOCYTE_MEDIATED_IMMUNITY","GO:BP",59,1.29992320631314,-1.62868523581944,0.435131763125316,0.0900181488203267,"NS"
"GOBP_REGULATION_OF_TELOMERE_MAINTENANCE","GO:BP",26,1.35985364062871,0.645014968884057,0.435131763125316,0.985574381139323,"NS"
"GOBP_OSTEOCLAST_DIFFERENTIATION","GO:BP",11,-1.39853993755556,-0.628144322336474,0.438818071843476,0.977904115357447,"NS"
"GOBP_PLASMA_LIPOPROTEIN_PARTICLE_CLEARANCE","GO:BP",13,1.37983846935351,-1.73245588314197,0.438818071843476,0.131672372258146,"NS"
"GOBP_ACIDIC_AMINO_ACID_TRANSPORT","GO:BP",10,-1.39451923556634,0.630613692175942,0.442116567701786,0.97596712418865,"NS"
"GOBP_FILOPODIUM_ASSEMBLY","GO:BP",11,1.38971147153455,-1.52582632075475,0.448782624510655,0.27679183863658,"NS"
"GOBP_EPITHELIAL_CELL_DEVELOPMENT","GO:BP",34,1.31697816448872,-1.28337204969273,0.451242805511911,0.388865940959983,"NS"
"GOBP_ESTABLISHMENT_OF_PROTEIN_LOCALIZATION_TO_MITOCHONDRIAL_MEMBRANE","GO:BP",22,-1.34200920560722,1.29077971604515,0.451242805511911,0.42160675212474,"NS"
"GOBP_PALLIUM_DEVELOPMENT","GO:BP",28,1.34020536977784,-1.56202387263021,0.451242805511911,0.202360535032983,"NS"
"GOBP_POSITIVE_REGULATION_OF_DNA_BIOSYNTHETIC_PROCESS","GO:BP",13,1.369668293126,-1.02102050581509,0.451242805511911,0.727320275673906,"NS"
"GOBP_POSITIVE_REGULATION_OF_STRESS_FIBER_ASSEMBLY","GO:BP",16,1.36998247618997,-0.983779536420965,0.451242805511911,0.759650273051382,"NS"
"GOBP_REGULATION_OF_POLYSACCHARIDE_BIOSYNTHETIC_PROCESS","GO:BP",10,1.38538668952645,0.919410387721094,0.451242805511911,0.815445269036852,"NS"
"GOBP_MONOSACCHARIDE_BIOSYNTHETIC_PROCESS","GO:BP",37,-1.28898994484874,0.911925949747654,0.454905769384015,0.840265746575864,"NS"
"GOBP_COLLAGEN_BIOSYNTHETIC_PROCESS","GO:BP",10,1.37939831329884,-0.855328167199481,0.455933740498091,0.861120699324287,"NS"
"GOBP_CANONICAL_NF_KAPPAB_SIGNAL_TRANSDUCTION","GO:BP",61,1.28032711590023,-1.13176061898209,0.456222052197569,0.553073253239166,"NS"
"GOBP_CELLULAR_COMPONENT_MAINTENANCE","GO:BP",10,1.37807604864018,-0.870801331946292,0.456222052197569,0.847895693481286,"NS"
"GOBP_T_CELL_PROLIFERATION","GO:BP",29,1.3248058644578,-0.719471216511574,0.45877277898806,0.97038954828869,"NS"
"GOBP_NEGATIVE_REGULATION_OF_TRANSFERASE_ACTIVITY","GO:BP",31,1.31475080391115,-0.474414177084265,0.461199277519312,0.999461400359066,"NS"
"GOBP_PEPTIDYL_THREONINE_MODIFICATION","GO:BP",10,-1.36788880009244,1.02296625244604,0.461199277519312,0.727320275673906,"NS"
"GOBP_PEPTIDYL_THREONINE_PHOSPHORYLATION","GO:BP",10,-1.36788880009244,1.02296625244604,0.461199277519312,0.727320275673906,"NS"
"GOBP_ACYL_COA_METABOLIC_PROCESS","GO:BP",44,-1.272821413331,1.39635968053538,0.46197234082813,0.289008683774027,"NS"
"GOBP_NUCLEOTIDE_SUGAR_METABOLIC_PROCESS","GO:BP",16,1.35859351988225,0.816698456311311,0.46197234082813,0.90642440946013,"NS"
"GOBP_REGULATION_OF_NUCLEOTIDE_METABOLIC_PROCESS","GO:BP",26,-1.31701528275428,1.1659340966248,0.46197234082813,0.559036354907694,"NS"
"GOBP_RESPONSE_TO_GROWTH_HORMONE","GO:BP",10,1.36727051925757,-1.3123292428603,0.46197234082813,0.431809736157562,"NS"
"GOBP_REGULATION_OF_BLOOD_CIRCULATION","GO:BP",59,-1.24963269912894,-0.844929018119652,0.466164707495627,0.918485384125152,"NS"
"GOBP_REGULATION_OF_CYTOPLASMIC_TRANSLATION","GO:BP",16,1.35381715755469,1.381182276136,0.466164707495627,0.352006488598868,"NS"
"GOBP_MEIOTIC_CELL_CYCLE","GO:BP",16,1.34623665667342,0.467971666093717,0.467024878665746,0.999461400359066,"NS"
"GOBP_NEGATIVE_REGULATION_OF_LIPID_METABOLIC_PROCESS","GO:BP",17,1.3451868354612,0.566964470139717,0.467024878665746,0.995723845275012,"NS"
"GOBP_NEGATIVE_REGULATION_OF_LYMPHOCYTE_ACTIVATION","GO:BP",16,1.34619936052251,-1.1937348701305,0.467024878665746,0.53148367218479,"NS"
"GOBP_ORGANIC_HYDROXY_COMPOUND_TRANSPORT","GO:BP",46,1.28086676263867,-1.22986639400927,0.467024878665746,0.436101768244177,"NS"
"GOBP_REGULATION_OF_CHROMOSOME_ORGANIZATION","GO:BP",36,1.28879026813986,0.847986218286503,0.472600637074321,0.892156628372845,"NS"
"GOBP_NADH_METABOLIC_PROCESS","GO:BP",28,-1.28207273735266,1.15592310412238,0.473079288724055,0.563713156819111,"NS"
"GOBP_PROTEIN_HOMOOLIGOMERIZATION","GO:BP",47,1.27587074367123,-1.22574415382577,0.473079288724055,0.431809736157562,"NS"
"GOBP_MITOCHONDRIAL_CALCIUM_ION_TRANSMEMBRANE_TRANSPORT","GO:BP",10,-1.34167092272031,1.44720739625122,0.475593104774254,0.308126343899269,"NS"
"GOBP_OLIGODENDROCYTE_DIFFERENTIATION","GO:BP",12,-1.3453743233723,0.715776758122944,0.475593104774254,0.951829323285667,"NS"
"GOBP_POSITIVE_REGULATION_OF_DNA_REPAIR","GO:BP",22,-1.30982282498832,0.854858089349584,0.475593104774254,0.87988862361658,"NS"
"GOBP_PROTEIN_COMPLEX_OLIGOMERIZATION","GO:BP",66,1.24673231618217,-1.01296984231172,0.475593104774254,0.725576492805887,"NS"
"GOBP_METABOLIC_COMPOUND_SALVAGE","GO:BP",16,-1.31447328964285,-0.813435366406452,0.480271982714051,0.909578631168672,"NS"
"GOBP_NAD_METABOLIC_PROCESS","GO:BP",15,-1.319446124577,1.21934235940679,0.480271982714051,0.511564109057145,"NS"
"GOBP_NEGATIVE_REGULATION_OF_INTRACELLULAR_PROTEIN_TRANSPORT","GO:BP",11,1.34329319763521,-1.46678527051903,0.480271982714051,0.307793290504627,"NS"
"GOBP_NEGATIVE_REGULATION_OF_NERVOUS_SYSTEM_DEVELOPMENT","GO:BP",12,1.32654937701036,-1.12584184008775,0.480271982714051,0.627104870878249,"NS"
"GOBP_NEGATIVE_REGULATION_OF_RNA_CATABOLIC_PROCESS","GO:BP",25,1.30296033879186,0.901022709605151,0.480271982714051,0.840867992766727,"NS"
"GOBP_REGULATION_OF_LIPID_TRANSPORT","GO:BP",31,1.2858954580978,-1.17473216881326,0.480271982714051,0.514293928868375,"NS"
"GOBP_REGULATION_OF_TELOMERE_MAINTENANCE_VIA_TELOMERE_LENGTHENING","GO:BP",16,1.32671962886005,-1.08263001175106,0.480271982714051,0.663933636349036,"NS"
"GOBP_RENAL_FILTRATION","GO:BP",10,1.34501864871197,-1.16587065911771,0.480271982714051,0.583699431769994,"NS"
"GOBP_NEGATIVE_REGULATION_OF_CELLULAR_RESPONSE_TO_INSULIN_STIMULUS","GO:BP",12,-1.32939798990019,0.99480346050866,0.480521718363935,0.754448430028358,"NS"
"GOBP_POSITIVE_REGULATION_OF_COLD_INDUCED_THERMOGENESIS","GO:BP",17,1.31734106642444,-1.27027476428907,0.480521718363935,0.447157271392211,"NS"
"GOBP_POSITIVE_REGULATION_OF_CYTOKINE_PRODUCTION_INVOLVED_IN_IMMUNE_RESPONSE","GO:BP",13,1.32046307391613,-1.05743957385012,0.480521718363935,0.696041962159124,"NS"
"GOBP_STRIATED_MUSCLE_ADAPTATION","GO:BP",20,1.31307797425627,0.879669455122463,0.480521718363935,0.854497777777778,"NS"
"GOBP_GLYCOLYTIC_PROCESS_THROUGH_FRUCTOSE_6_PHOSPHATE","GO:BP",18,-1.29867972268464,1.40036944811579,0.482031030276403,0.332367577528453,"NS"
"GOBP_NEGATIVE_REGULATION_OF_NUCLEOTIDE_METABOLIC_PROCESS","GO:BP",12,-1.32492483723657,1.36030808600829,0.482031030276403,0.383524475027115,"NS"
"GOBP_REGULATION_OF_CATION_CHANNEL_ACTIVITY","GO:BP",15,-1.30700875206061,-1.3000731459859,0.482031030276403,0.423049234717831,"NS"
"GOBP_RESPONSE_TO_ORGANOPHOSPHORUS","GO:BP",26,1.2895653364949,-1.5285308652684,0.482031030276403,0.220581933422139,"NS"
"GOBP_REGULATION_OF_DOUBLE_STRAND_BREAK_REPAIR","GO:BP",18,-1.29647944505352,0.780850502022643,0.482736276281487,0.921144339902543,"NS"
"GOBP_SHORT_CHAIN_FATTY_ACID_METABOLIC_PROCESS","GO:BP",10,-1.32217999455107,1.28704381642456,0.484806644054159,0.455222553598559,"NS"
"GOBP_REGULATION_OF_PHOSPHOLIPID_METABOLIC_PROCESS","GO:BP",12,1.31490494343943,-1.02262914150163,0.486061276962732,0.728646189421832,"NS"
"GOBP_POSITIVE_REGULATION_OF_ACTIN_FILAMENT_POLYMERIZATION","GO:BP",12,1.31291958467241,-0.845248998401525,0.48741859692683,0.876685462785796,"NS"
"GOBP_REGULATION_OF_CARDIAC_CONDUCTION","GO:BP",10,-1.31632210055037,0.742490319767975,0.48741859692683,0.933759706077025,"NS"
"GOBP_TELOMERASE_RNA_LOCALIZATION","GO:BP",10,1.32880970338671,0.94350335343681,0.48741859692683,0.792069521685866,"NS"
"GOBP_TELENCEPHALON_DEVELOPMENT","GO:BP",35,1.2587364456657,-1.50686563642132,0.48852729870464,0.220813275409964,"NS"
"GOBP_CONNECTIVE_TISSUE_DEVELOPMENT","GO:BP",30,1.27354143085715,-1.02470327070537,0.489308462881664,0.710683735317201,"NS"
"GOBP_ONE_CARBON_METABOLIC_PROCESS","GO:BP",11,1.3250562125271,-1.74610044471752,0.489308462881664,0.131672372258146,"NS"
"GOBP_REGULATION_OF_DNA_REPLICATION","GO:BP",10,1.32591037666972,-0.797433432513529,0.490059921904942,0.90642440946013,"NS"
"GOBP_PLASMINOGEN_ACTIVATION","GO:BP",11,1.32046389440374,-1.58111090946418,0.494439680338637,0.234293534623599,"NS"
"GOBP_POSITIVE_REGULATION_OF_EXTRINSIC_APOPTOTIC_SIGNALING_PATHWAY","GO:BP",11,1.320879742543,-0.870946770593509,0.494439680338637,0.852680714251226,"NS"
"GOBP_GLYCOSYLATION","GO:BP",17,1.29784024615641,1.01879528941429,0.495925747039669,0.727320275673906,"NS"
"GOBP_PROTEIN_INSERTION_INTO_MEMBRANE","GO:BP",10,1.31894665926664,1.06013271445742,0.498726785838492,0.700780996634643,"NS"
"GOBP_POSITIVE_REGULATION_OF_CYTOPLASMIC_TRANSLATION","GO:BP",12,1.2984462463914,1.30155731476169,0.500300528362043,0.433607561915632,"NS"
"GOBP_REGULATION_OF_SMALL_MOLECULE_METABOLIC_PROCESS","GO:BP",82,-1.18716651312065,1.20463161728006,0.500300528362043,0.433607561915632,"NS"
"GOBP_REGULATION_OF_DEFENSE_RESPONSE_TO_VIRUS","GO:BP",10,1.315189731813,-0.845205688513347,0.50042601212954,0.869873573851372,"NS"
"GOBP_STRIATED_MUSCLE_CONTRACTION","GO:BP",74,-1.19711910609759,1.33261165175518,0.50042601212954,0.298700358995133,"NS"
"GOBP_RESPONSE_TO_MECHANICAL_STIMULUS","GO:BP",32,1.26004510345608,0.795993796427642,0.501257583342128,0.92730452445552,"NS"
"GOBP_REGULATION_OF_RHO_PROTEIN_SIGNAL_TRANSDUCTION","GO:BP",15,1.28585603076453,-1.66351928758413,0.50296944325217,0.171921384458253,"NS"
"GOBP_REGULATION_OF_CARDIAC_MUSCLE_CONTRACTION","GO:BP",26,-1.26029485697819,0.798775324071982,0.503277314404839,0.920535762112209,"NS"
"GOBP_POSITIVE_REGULATION_OF_CELL_KILLING","GO:BP",11,1.30193131247298,-1.99348216026889,0.507290025364048,0.0363204607752587,"Tr.(PLA) only"
"GOBP_CEREBRAL_CORTEX_DEVELOPMENT","GO:BP",21,1.27099357547764,-1.78991829217186,0.509372632094848,0.0874937000503996,"NS"
"GOBP_NEURON_PROJECTION_ORGANIZATION","GO:BP",15,1.2792456348422,-1.35787509218521,0.511399926512356,0.37993265993266,"NS"
"GOBP_RIBONUCLEOSIDE_MONOPHOSPHATE_METABOLIC_PROCESS","GO:BP",28,-1.23889487665408,0.828365322732681,0.511780072109547,0.911154206977694,"NS"
"GOBP_ADENYLATE_CYCLASE_INHIBITING_G_PROTEIN_COUPLED_RECEPTOR_SIGNALING_PATHWAY","GO:BP",10,1.29907942100488,-1.6247831896838,0.511920908864222,0.212520996441281,"NS"
"GOBP_NEGATIVE_REGULATION_OF_INTRACELLULAR_TRANSPORT","GO:BP",19,1.27157081037171,-1.90123567734707,0.511920908864222,0.0863134379981149,"NS"
"GOBP_NUCLEOTIDE_SUGAR_BIOSYNTHETIC_PROCESS","GO:BP",13,1.28467866666203,0.985800364026619,0.511920908864222,0.762777358465773,"NS"
"GOBP_POSITIVE_REGULATION_OF_NF_KAPPAB_TRANSCRIPTION_FACTOR_ACTIVITY","GO:BP",20,1.26739715952261,-1.04624892320575,0.511920908864222,0.701210870793647,"NS"
"GOBP_REGULATION_OF_ALPHA_BETA_T_CELL_ACTIVATION","GO:BP",16,1.2813786213366,-1.46833862359161,0.511920908864222,0.289019963702359,"NS"
"GOBP_REGULATION_OF_POLYSACCHARIDE_METABOLIC_PROCESS","GO:BP",12,1.28442001440173,0.74858904253493,0.511920908864222,0.933759706077025,"NS"
"GOBP_TYPE_2_MITOPHAGY","GO:BP",10,-1.28717475778528,1.48978691012591,0.511920908864222,0.289008683774027,"NS"
"GOBP_NEGATIVE_REGULATION_OF_CANONICAL_WNT_SIGNALING_PATHWAY","GO:BP",11,-1.28254617084053,0.915022978805869,0.514664857851925,0.82056462056462,"NS"
"GOBP_AMP_METABOLIC_PROCESS","GO:BP",18,-1.25779280937274,0.99946134281097,0.515873386633921,0.746525788754424,"NS"
"GOBP_EMBRYO_IMPLANTATION","GO:BP",15,1.27066511684644,-1.86628378026647,0.515873386633921,0.0871158656989788,"NS"
"GOBP_GRANULOCYTE_MIGRATION","GO:BP",27,1.24866143373599,-1.20345176008095,0.515873386633921,0.498013593625603,"NS"
"GOBP_NEGATIVE_REGULATION_OF_AMYLOID_FIBRIL_FORMATION","GO:BP",10,-1.28227631266418,-1.21980169352994,0.516645471779283,0.528752847968237,"NS"
"GOBP_PHOSPHATIDYLCHOLINE_METABOLIC_PROCESS","GO:BP",11,1.28813865171842,1.10464258696548,0.516645471779283,0.643176822916289,"NS"
"GOBP_REGULATION_OF_AMYLOID_FIBRIL_FORMATION","GO:BP",10,-1.28227631266418,-1.21980169352994,0.516645471779283,0.528752847968237,"NS"
"GOBP_ESTABLISHMENT_OF_PROTEIN_LOCALIZATION_TO_ENDOPLASMIC_RETICULUM","GO:BP",11,1.28549494214319,0.607091862346738,0.517683030670296,0.984800452645213,"NS"
"GOBP_REGULATION_OF_GLYCOLYTIC_PROCESS","GO:BP",15,-1.25885849774873,0.995133510417958,0.517683030670296,0.75636187767517,"NS"
"GOBP_ALDEHYDE_METABOLIC_PROCESS","GO:BP",31,-1.21696804181326,-1.61298960995493,0.522605032506693,0.165534339316789,"NS"
"GOBP_ENDODERM_DEVELOPMENT","GO:BP",12,1.27312548502617,-1.69506145609296,0.522815820695063,0.154542015063029,"NS"
"GOBP_POSITIVE_REGULATION_OF_MONOATOMIC_ION_TRANSPORT","GO:BP",40,-1.20673720318233,-0.76068638276964,0.522815820695063,0.959647917291813,"NS"
"GOBP_POSITIVE_REGULATION_OF_POST_TRANSLATIONAL_PROTEIN_MODIFICATION","GO:BP",31,-1.21425655148162,-0.772012795517165,0.522815820695063,0.950969281927736,"NS"
"GOBP_REGULATION_OF_PEPTIDYL_TYROSINE_PHOSPHORYLATION","GO:BP",11,1.2796420635449,1.28966993870312,0.522815820695063,0.447157271392211,"NS"
"GOBP_REGULATION_OF_STRIATED_MUSCLE_CONTRACTION","GO:BP",36,-1.21007571137739,1.3154054989493,0.522815820695063,0.375693576254758,"NS"
"GOBP_TRICARBOXYLIC_ACID_METABOLIC_PROCESS","GO:BP",12,1.26756565907634,0.963085564653777,0.528271861541075,0.78021907845351,"NS"
"GOBP_GASTRULATION","GO:BP",21,1.24591297613239,-0.979051736286004,0.534524347027524,0.76907532398143,"NS"
"GOBP_AMINO_ACID_TRANSMEMBRANE_TRANSPORT","GO:BP",10,1.27654407595663,-0.953009589143245,0.536422832206435,0.782112520769601,"NS"
"GOBP_L_AMINO_ACID_TRANSPORT","GO:BP",10,1.27654407595663,-0.953009589143245,0.536422832206435,0.782112520769601,"NS"
"GOBP_NUCLEAR_TRANSCRIBED_MRNA_CATABOLIC_PROCESS","GO:BP",19,1.24614155732033,-0.990890989673736,0.537804053192718,0.757361506162806,"NS"
"GOBP_MACROPHAGE_MIGRATION","GO:BP",11,1.26875953131315,-1.3072714026268,0.53906484334524,0.431809736157562,"NS"
"GOBP_CELL_CYCLE_G2_M_PHASE_TRANSITION","GO:BP",16,-1.2403620647551,-0.850873934515073,0.546294542834165,0.877905208888695,"NS"
"GOBP_APPENDAGE_MORPHOGENESIS","GO:BP",10,1.26906251643881,0.759155053727734,0.54724820638537,0.925182096840064,"NS"
"GOBP_LIPOPOLYSACCHARIDE_MEDIATED_SIGNALING_PATHWAY","GO:BP",11,1.2633217567995,0.785324003034737,0.54724820638537,0.918485384125152,"NS"
"GOBP_NEGATIVE_REGULATION_OF_PROTEOLYSIS","GO:BP",38,1.20371478404455,-0.958906172748986,0.54724820638537,0.784018514071131,"NS"
"GOBP_RESPONSE_TO_MUSCLE_ACTIVITY","GO:BP",12,-1.25331267650567,0.708452882353772,0.54724820638537,0.952782723753206,"NS"
"GOBP_POSITIVE_REGULATION_OF_INTERLEUKIN_8_PRODUCTION","GO:BP",13,1.24960991372648,-1.68070973289393,0.547784860017386,0.171792871143928,"NS"
"GOBP_REGULATION_OF_SMOOTH_MUSCLE_CONTRACTION","GO:BP",11,-1.24911393211466,-1.40592416561445,0.547784860017386,0.356105832440383,"NS"
"GOBP_REGULATION_OF_TRANSPORTER_ACTIVITY","GO:BP",24,-1.21553012854452,-0.937751125008921,0.547784860017386,0.804473810079977,"NS"
"GOBP_STRESS_ACTIVATED_PROTEIN_KINASE_SIGNALING_CASCADE","GO:BP",15,-1.23746611275058,-0.86572962547103,0.547784860017386,0.861120699324287,"NS"
"GOBP_NEGATIVE_REGULATION_OF_CELL_CELL_ADHESION","GO:BP",24,1.21995765721961,-1.40436641076281,0.54951345842408,0.309646836894895,"NS"
"GOBP_MODIFIED_AMINO_ACID_BIOSYNTHETIC_PROCESS","GO:BP",19,-1.21964475462417,-1.5658970202579,0.550851650438399,0.215696831642162,"NS"
"GOBP_NEGATIVE_REGULATION_OF_PROTEIN_LOCALIZATION_TO_NUCLEUS","GO:BP",10,1.25929598727303,-1.48761042593987,0.553931654074216,0.298700358995133,"NS"
"GOBP_POSITIVE_REGULATION_OF_SMALL_GTPASE_MEDIATED_SIGNAL_TRANSDUCTION","GO:BP",16,1.23825873857602,0.709642344722192,0.553931654074216,0.958740503872554,"NS"
"GOBP_REGULATION_OF_NEUROTRANSMITTER_TRANSPORT","GO:BP",13,-1.24347142442125,1.2419269615017,0.554798804205719,0.500163509633845,"NS"
"GOBP_HEART_PROCESS","GO:BP",72,-1.15459472161758,0.911119370937792,0.554831055029284,0.852214033126461,"NS"
"GOBP_BONE_MINERALIZATION","GO:BP",10,1.25445394511134,-1.06810527070974,0.556239999065606,0.691497267244073,"NS"
"GOBP_EXECUTION_PHASE_OF_APOPTOSIS","GO:BP",13,1.23900657158213,0.760808901130037,0.556239999065606,0.925182096840064,"NS"
"GOBP_CYTOKINE_PRODUCTION_INVOLVED_IN_IMMUNE_RESPONSE","GO:BP",14,1.23460434679134,-1.0065208581238,0.557249512377575,0.743258221635451,"NS"
"GOBP_RECEPTOR_CLUSTERING","GO:BP",12,1.23752658520604,-0.94973018788722,0.557461699113493,0.789780886391806,"NS"
"GOBP_PURINE_NUCLEOSIDE_METABOLIC_PROCESS","GO:BP",11,1.2428420715929,1.00351780548879,0.558905160290635,0.746525788754424,"NS"
"GOBP_G_PROTEIN_COUPLED_DOPAMINE_RECEPTOR_SIGNALING_PATHWAY","GO:BP",11,1.24126542896242,-1.74693115586137,0.559606468307267,0.131672372258146,"NS"
"GOBP_MITOCHONDRIAL_CALCIUM_ION_HOMEOSTASIS","GO:BP",10,-1.23750401278772,1.13219982730944,0.55975752885381,0.627104870878249,"NS"
"GOBP_REGULATION_OF_DNA_METABOLIC_PROCESS","GO:BP",68,-1.14886727429889,0.904492406678145,0.56194340059257,0.854497777777778,"NS"
"GOBP_CELLULAR_RESPONSE_TO_VASCULAR_ENDOTHELIAL_GROWTH_FACTOR_STIMULUS","GO:BP",14,1.22642578550831,-1.03134410379271,0.566374423980906,0.718767478517313,"NS"
"GOBP_NEGATIVE_REGULATION_OF_CELL_ACTIVATION","GO:BP",24,1.20409135169891,-1.47711800939883,0.566374423980906,0.268474853897978,"NS"
"GOBP_POSITIVE_REGULATION_OF_NUCLEOTIDE_METABOLIC_PROCESS","GO:BP",10,-1.23060523890608,-1.04960515359539,0.566374423980906,0.702259801860827,"NS"
"GOBP_REGULATION_OF_SMALL_GTPASE_MEDIATED_SIGNAL_TRANSDUCTION","GO:BP",38,1.18394596569185,-1.09395325359786,0.566374423980906,0.630189061581795,"NS"
"GOBP_CENTRAL_NERVOUS_SYSTEM_NEURON_DEVELOPMENT","GO:BP",11,-1.22511643321898,0.815232867308909,0.569703226982295,0.897018876506709,"NS"
"GOBP_MUSCLE_CONTRACTION","GO:BP",126,-1.11776870775221,1.16483945767648,0.572407477172088,0.457757396978461,"NS"
"GOBP_CELLULAR_RESPONSE_TO_UV","GO:BP",17,-1.20419693804769,1.10236717417526,0.576516996064693,0.64955120677337,"NS"
"GOBP_NATURAL_KILLER_CELL_MEDIATED_IMMUNITY","GO:BP",15,1.21486469347111,-1.51952266484207,0.576516996064693,0.263755290772091,"NS"
"GOBP_PLACENTA_DEVELOPMENT","GO:BP",23,1.19749078125278,-0.852371313178679,0.576516996064693,0.881340509349165,"NS"
"GOBP_REGULATION_OF_FILOPODIUM_ASSEMBLY","GO:BP",10,1.23235296698438,-1.42167163699595,0.576516996064693,0.349165255820605,"NS"
"GOBP_NUCLEAR_TRANSCRIBED_MRNA_CATABOLIC_PROCESS_DEADENYLATION_DEPENDENT_DECAY","GO:BP",12,1.21785659602937,-0.989929403626487,0.579966847423702,0.759650273051382,"NS"
"GOBP_POSITIVE_REGULATION_OF_TYPE_I_INTERFERON_PRODUCTION","GO:BP",16,1.20504929860848,-0.962435248505266,0.582548341657062,0.780619849522114,"NS"
"GOBP_RESPONSE_TO_MONOAMINE","GO:BP",13,1.21032367802052,-1.60461664834116,0.58572650095049,0.212097576614141,"NS"
"GOBP_RESPONSE_TO_EPIDERMAL_GROWTH_FACTOR","GO:BP",14,1.20673277199895,-1.2278040906077,0.585918024802388,0.498523137512307,"NS"
"GOBP_SUPEROXIDE_METABOLIC_PROCESS","GO:BP",19,1.19725613654198,-1.89387587632501,0.587011443126551,0.0871158656989788,"NS"
"GOBP_PROTEIN_REFOLDING","GO:BP",18,1.19530020770304,-0.975658859186339,0.587148914261486,0.771142798364385,"NS"
"GOBP_PURINE_NUCLEOSIDE_MONOPHOSPHATE_METABOLIC_PROCESS","GO:BP",26,-1.17737203283726,0.883394212078413,0.587148914261486,0.855042313812535,"NS"
"GOBP_RETINA_DEVELOPMENT_IN_CAMERA_TYPE_EYE","GO:BP",16,1.19912387807831,-1.62801042210379,0.587148914261486,0.184850904869757,"NS"
"GOBP_REGULATION_OF_SYSTEMIC_ARTERIAL_BLOOD_PRESSURE","GO:BP",16,1.19653472403283,-1.09577345371538,0.58752136557562,0.64955120677337,"NS"
"GOBP_REGULATION_OF_PLASMA_LIPOPROTEIN_PARTICLE_LEVELS","GO:BP",20,1.19042749419045,-1.01346778604494,0.588167586245829,0.728646189421832,"NS"
"GOBP_MYELOID_CELL_DEVELOPMENT","GO:BP",13,1.19994915090266,-1.57717948391457,0.592230405589046,0.223215923683728,"NS"
"GOBP_POSITIVE_REGULATION_OF_ALPHA_BETA_T_CELL_ACTIVATION","GO:BP",13,1.20076118564055,-1.05008584638078,0.592230405589046,0.701210870793647,"NS"
"GOBP_POSITIVE_REGULATION_OF_D_GLUCOSE_TRANSMEMBRANE_TRANSPORT","GO:BP",10,-1.19998286785773,1.41615576758046,0.592230405589046,0.340725392540775,"NS"
"GOBP_REGULATION_OF_GLIOGENESIS","GO:BP",12,-1.20153049668725,0.954252249431651,0.592230405589046,0.783963491961522,"NS"
"GOBP_POSITIVE_REGULATION_OF_TRANSMEMBRANE_TRANSPORT","GO:BP",43,-1.14493098322732,-0.912122059894308,0.59306919905624,0.845235816447563,"NS"
"GOBP_ACETYL_COA_BIOSYNTHETIC_PROCESS","GO:BP",15,-1.18489291699337,0.859422060747858,0.597759644746501,0.869873573851372,"NS"
"GOBP_NEGATIVE_REGULATION_OF_PROTEIN_UBIQUITINATION","GO:BP",22,1.17937370712198,0.466484771457567,0.600755439131009,0.999461400359066,"NS"
"GOBP_EMBRYONIC_PLACENTA_DEVELOPMENT","GO:BP",10,1.20359445207373,-1.0421253932714,0.60179886201719,0.708929738452102,"NS"
"GOBP_CELLULAR_RESPONSE_TO_LIGHT_STIMULUS","GO:BP",19,-1.16873926670307,1.33991483255627,0.60318936715148,0.380092887641524,"NS"
"GOBP_PROTEIN_INSERTION_INTO_MITOCHONDRIAL_OUTER_MEMBRANE","GO:BP",10,-1.18950956503816,1.47116038691477,0.603384747140603,0.294806144842721,"NS"
"GOBP_TRANSFORMING_GROWTH_FACTOR_BETA_RECEPTOR_SIGNALING_PATHWAY","GO:BP",35,1.15984700744648,-0.796594412991137,0.603545874467892,0.93568120528079,"NS"
"GOBP_POSITIVE_REGULATION_OF_CELL_SUBSTRATE_ADHESION","GO:BP",32,1.15792233089711,-1.59833545993871,0.610740977893869,0.171792871143928,"NS"
"GOBP_REGULATION_OF_DNA_RECOMBINATION","GO:BP",16,-1.17105229901893,0.640290414501773,0.613491662050084,0.97823025543435,"NS"
"GOBP_FOREBRAIN_DEVELOPMENT","GO:BP",41,1.14479668657164,-1.49642316597558,0.615753991961091,0.216192961501667,"NS"
"GOBP_NEUROMUSCULAR_JUNCTION_DEVELOPMENT","GO:BP",13,-1.18230944355697,0.671321285509598,0.615753991961091,0.966431820193744,"NS"
"GOBP_REGULATION_OF_EXOSOMAL_SECRETION","GO:BP",12,-1.17915043014588,-1.22966438189108,0.619227023716037,0.507661937346289,"NS"
"GOBP_NEGATIVE_REGULATION_OF_ENDOTHELIAL_CELL_MIGRATION","GO:BP",12,1.17835375676951,-0.793428511804119,0.62092790667096,0.91224950636575,"NS"
"GOBP_POSITIVE_REGULATION_OF_INTERLEUKIN_6_PRODUCTION","GO:BP",10,1.18650920074238,-1.3119516216814,0.62092790667096,0.431809736157562,"NS"
"GOBP_UNSATURATED_FATTY_ACID_BIOSYNTHETIC_PROCESS","GO:BP",13,1.17554932882091,-1.64472232559282,0.622331388222377,0.188867857565361,"NS"
"GOBP_REGULATION_OF_T_CELL_MEDIATED_IMMUNITY","GO:BP",18,1.16384590696164,-1.48920866341613,0.623597225436979,0.27233353982868,"NS"
"GOBP_ESTABLISHMENT_OF_ENDOTHELIAL_BARRIER","GO:BP",12,1.17396195002049,-1.42153902538757,0.626828179504029,0.340725392540775,"NS"
"GOBP_B_CELL_MEDIATED_IMMUNITY","GO:BP",28,1.14446876024644,-0.814831699899947,0.627808832425892,0.920535762112209,"NS"
"GOBP_SEQUESTERING_OF_CALCIUM_ION","GO:BP",37,-1.12155158154057,-0.772622187598247,0.627808832425892,0.951829323285667,"NS"
"GOBP_TIGHT_JUNCTION_ORGANIZATION","GO:BP",11,1.17485789641885,-0.672900120669139,0.627808832425892,0.966307112022909,"NS"
"GOBP_PRODUCTION_OF_MOLECULAR_MEDIATOR_OF_IMMUNE_RESPONSE","GO:BP",25,1.14325091065758,-0.949641320767574,0.629215428988205,0.792069521685866,"NS"
"GOBP_PROTEIN_LOCALIZATION_TO_LYSOSOME","GO:BP",14,1.16502540217781,-1.88567819958782,0.629215428988205,0.0871158656989788,"NS"
"GOBP_PROTEIN_NEDDYLATION","GO:BP",17,-1.15555016533932,1.50765371043597,0.629215428988205,0.261920483261672,"NS"
"GOBP_PURINE_CONTAINING_COMPOUND_SALVAGE","GO:BP",11,-1.16671238795988,-0.72299493543171,0.629215428988205,0.942406068011609,"NS"
"GOBP_REGULATION_OF_GLUCONEOGENESIS","GO:BP",12,-1.16615925031068,1.61177717869348,0.629215428988205,0.193009519838788,"NS"
"GOBP_BLOOD_VESSEL_ENDOTHELIAL_CELL_MIGRATION","GO:BP",22,1.15062062463974,-1.39264628390524,0.633130472713711,0.327571272390884,"NS"
"GOBP_NEGATIVE_REGULATION_OF_IMMUNE_EFFECTOR_PROCESS","GO:BP",17,1.15386409072299,-1.25486345642091,0.633130472713711,0.459031486418725,"NS"
"GOBP_NEURON_MIGRATION","GO:BP",23,1.1474958770045,-1.57148424226276,0.633130472713711,0.209287250189729,"NS"
"GOBP_POSITIVE_REGULATION_OF_GLUCOSE_METABOLIC_PROCESS","GO:BP",14,1.16146584649108,1.00817638212099,0.633130472713711,0.74374863438,"NS"
"GOBP_CELLULAR_RESPONSE_TO_XENOBIOTIC_STIMULUS","GO:BP",35,-1.11695386222519,-0.748386513296611,0.634382531726435,0.963096943761801,"NS"
"GOBP_DIGESTION","GO:BP",15,1.15778247465757,-1.24726930169895,0.634382531726435,0.473101776424012,"NS"
"GOBP_MYOBLAST_DIFFERENTIATION","GO:BP",18,-1.14603422673274,1.13707149055885,0.634382531726435,0.608796151123933,"NS"
"GOBP_NEGATIVE_REGULATION_OF_CARBOHYDRATE_METABOLIC_PROCESS","GO:BP",16,-1.1407703295175,1.11411817136463,0.641073292951035,0.637653282038952,"NS"
"GOBP_REGULATION_OF_REPRODUCTIVE_PROCESS","GO:BP",16,1.14681912114161,-0.97707300790149,0.643140947417408,0.768818757231562,"NS"
"GOBP_POSITIVE_REGULATION_OF_CELL_JUNCTION_ASSEMBLY","GO:BP",13,1.15158775022994,-1.3446442854591,0.643550484999447,0.388865940959983,"NS"
"GOBP_APOPTOTIC_CELL_CLEARANCE","GO:BP",12,1.15336382487278,-1.59308689329907,0.644528162815025,0.216240323548652,"NS"
"GOBP_POSITIVE_REGULATION_OF_GLIOGENESIS","GO:BP",10,-1.14717775318149,0.783326414623223,0.645443080968203,0.918485384125152,"NS"
"GOBP_REGULATION_OF_LIPID_STORAGE","GO:BP",10,1.15524537987772,-1.42196164268563,0.647018022760942,0.349165255820605,"NS"
"GOBP_REGULATION_OF_MYOBLAST_DIFFERENTIATION","GO:BP",10,-1.14426912738451,1.66097646316187,0.647018022760942,0.176559724109102,"NS"
"GOBP_STEROL_BIOSYNTHETIC_PROCESS","GO:BP",22,-1.13235453461477,0.875310332152174,0.647018022760942,0.861120699324287,"NS"
"GOBP_POSITIVE_REGULATION_OF_DOUBLE_STRAND_BREAK_REPAIR","GO:BP",13,-1.14415882695275,0.678883684912383,0.647066585473429,0.966189665316403,"NS"
"GOBP_REGULATION_OF_SKELETAL_MUSCLE_ADAPTATION","GO:BP",10,1.15380150962427,1.41019198894455,0.647066585473429,0.345778356983716,"NS"
"GOBP_RESPONSE_TO_ACTIVITY","GO:BP",27,-1.11765679362832,-0.794335292096962,0.647066585473429,0.92730452445552,"NS"
"GOBP_POSITIVE_REGULATION_OF_CANONICAL_NF_KAPPAB_SIGNAL_TRANSDUCTION","GO:BP",45,1.11577653606913,-1.23860899484699,0.648743187956679,0.431809736157562,"NS"
"GOBP_RESPONSE_TO_INTERLEUKIN_7","GO:BP",11,1.14518343823431,-1.34458610007076,0.649859908422571,0.396432290205321,"NS"
"GOBP_EPITHELIAL_TO_MESENCHYMAL_TRANSITION","GO:BP",17,1.13525525458898,-1.24081933787166,0.650231342181428,0.471612914055774,"NS"
"GOBP_NEGATIVE_REGULATION_OF_SMALL_MOLECULE_METABOLIC_PROCESS","GO:BP",29,-1.11456795633227,0.983351825777894,0.650231342181428,0.763948798877784,"NS"
"GOBP_NEUTROPHIL_MIGRATION","GO:BP",23,1.12467490173971,-1.31242629063299,0.650231342181428,0.383524475027115,"NS"
"GOBP_REGULATION_OF_GTPASE_ACTIVITY","GO:BP",23,1.12499962216169,-1.37650232832939,0.650231342181428,0.332231778328091,"NS"
"GOBP_REGULATION_OF_NEUROTRANSMITTER_SECRETION","GO:BP",10,-1.13764384400962,1.31405953151872,0.650231342181428,0.431809736157562,"NS"
"GOBP_EXOCYTOSIS","GO:BP",58,-1.09100911966477,-1.3162890573542,0.65023404137082,0.328204644879558,"NS"
"GOBP_RECOMBINATIONAL_REPAIR","GO:BP",20,1.12697096845976,0.458276619640912,0.651548073904902,0.999461400359066,"NS"
"GOBP_REGULATION_OF_GRANULOCYTE_CHEMOTAXIS","GO:BP",11,1.13862831995152,0.714650735548914,0.651548073904902,0.952782723753206,"NS"
"GOBP_SMOOTH_MUSCLE_CONTRACTION","GO:BP",17,-1.12609201142367,-1.2899257135904,0.651548073904902,0.429231054666459,"NS"
"GOBP_STRIATED_MUSCLE_CELL_PROLIFERATION","GO:BP",10,1.14421306679497,-0.815151708509989,0.651548073904902,0.889306346842143,"NS"
"GOBP_DIGESTIVE_SYSTEM_PROCESS","GO:BP",14,1.13337893256877,-1.04870538395639,0.652739103381115,0.701210870793647,"NS"
"GOBP_APPENDAGE_DEVELOPMENT","GO:BP",13,1.12899217964787,-0.592665336637437,0.654236237113044,0.988348259841115,"NS"
"GOBP_CARBOHYDRATE_BIOSYNTHETIC_PROCESS","GO:BP",58,-1.08614997268933,1.25139080674098,0.654236237113044,0.392941893015683,"NS"
"GOBP_POSITIVE_REGULATION_OF_PHAGOCYTOSIS","GO:BP",13,-1.12840892480351,-0.801382157669691,0.654236237113044,0.911833098921706,"NS"
"GOBP_REGULATION_OF_ALCOHOL_BIOSYNTHETIC_PROCESS","GO:BP",12,-1.13244720442304,1.44232223318288,0.654236237113044,0.317564343206185,"NS"
"GOBP_VESICLE_CARGO_LOADING","GO:BP",13,1.12447331735232,-0.687433259708362,0.65864582177434,0.964693590516375,"NS"
"GOBP_RESPONSE_TO_FUNGUS","GO:BP",13,1.12398088236861,-1.28602911805304,0.658673428418434,0.438278640990261,"NS"
"GOBP_RETINOL_METABOLIC_PROCESS","GO:BP",13,-1.12256393219505,-1.07405120598222,0.661871046859976,0.679686427414262,"NS"
"GOBP_ORGANIC_ACID_TRANSMEMBRANE_TRANSPORT","GO:BP",27,1.09749707773442,1.05398957725381,0.671454690183191,0.695690330669174,"NS"
"GOBP_EMBRYONIC_ORGAN_DEVELOPMENT","GO:BP",33,1.09813236614865,-1.38407106941363,0.674362902921319,0.310936318513043,"NS"
"GOBP_ENDOTHELIAL_CELL_DEVELOPMENT","GO:BP",16,1.11279764718132,-1.5509296377175,0.674362902921319,0.241422817790816,"NS"
"GOBP_FORMATION_OF_CYTOPLASMIC_TRANSLATION_INITIATION_COMPLEX","GO:BP",13,-1.11215333809848,0.660407041170878,0.674362902921319,0.97038954828869,"NS"
"GOBP_NEGATIVE_REGULATION_OF_SMOOTH_MUSCLE_CELL_PROLIFERATION","GO:BP",14,1.11463795444943,1.07294703728134,0.674362902921319,0.674588672364155,"NS"
"GOBP_PROTEIN_SUMOYLATION","GO:BP",10,1.12057525608349,-0.92948226151167,0.674362902921319,0.80274066949729,"NS"
"GOBP_PYRUVATE_METABOLIC_PROCESS","GO:BP",56,-1.07657177457205,1.5955754564212,0.674362902921319,0.131672372258146,"NS"
"GOBP_RESPONSE_TO_CAMP","GO:BP",21,1.10139069239497,-1.09583847060316,0.674362902921319,0.634142401516092,"NS"
"GOBP_REGULATION_OF_CELLULAR_RESPONSE_TO_INSULIN_STIMULUS","GO:BP",24,-1.09145432120406,-0.703111441290554,0.68192346509781,0.97038954828869,"NS"
"GOBP_DOUBLE_STRAND_BREAK_REPAIR","GO:BP",33,-1.07410874900488,0.783485154631132,0.683668252522101,0.937755415793152,"NS"
"GOBP_POSITIVE_REGULATION_OF_CALCIUM_ION_TRANSPORT","GO:BP",26,-1.08390668760194,-1.0546497669566,0.683668252522101,0.689318541275418,"NS"
"GOBP_POSITIVE_REGULATION_OF_CELL_SUBSTRATE_JUNCTION_ORGANIZATION","GO:BP",12,1.10236562970707,-0.7620669824715,0.683668252522101,0.921976654432035,"NS"
"GOBP_POSITIVE_REGULATION_OF_DNA_METABOLIC_PROCESS","GO:BP",47,-1.0739353967994,0.742667234812622,0.683668252522101,0.9664316690507,"NS"
"GOBP_POSITIVE_REGULATION_OF_MONOATOMIC_ION_TRANSMEMBRANE_TRANSPORT","GO:BP",30,-1.07865873357813,-0.865056063370034,0.683668252522101,0.880957369538496,"NS"
"GOBP_POSITIVE_REGULATION_OF_PATTERN_RECOGNITION_RECEPTOR_SIGNALING_PATHWAY","GO:BP",19,1.09588796929943,-0.805751654263387,0.683668252522101,0.918485384125152,"NS"
"GOBP_REGULATION_OF_CARBOHYDRATE_CATABOLIC_PROCESS","GO:BP",20,-1.08393199849987,0.887760794173701,0.683668252522101,0.847308282828283,"NS"
"GOBP_REGULATION_OF_GENERATION_OF_PRECURSOR_METABOLITES_AND_ENERGY","GO:BP",41,-1.06941309131288,1.13792757553267,0.683668252522101,0.570910636796047,"NS"
"GOBP_REGULATION_OF_MITOTIC_NUCLEAR_DIVISION","GO:BP",11,-1.10217618271358,-0.690244778518249,0.683668252522101,0.958740503872554,"NS"
"GOBP_REGULATION_OF_REGULATED_SECRETORY_PATHWAY","GO:BP",10,-1.10095001462354,0.887286848902294,0.683668252522101,0.840867992766727,"NS"
"GOBP_FORMATION_OF_PRIMARY_GERM_LAYER","GO:BP",15,1.09456138865585,-1.06508606594774,0.684547906350465,0.685738045738046,"NS"
"GOBP_IMPORT_ACROSS_PLASMA_MEMBRANE","GO:BP",23,-1.07663243636564,0.612243225537851,0.684547906350465,0.99203743537492,"NS"
"GOBP_REGULATION_OF_BLOOD_PRESSURE","GO:BP",29,1.0778444630185,-1.29748608519369,0.684547906350465,0.385682633445821,"NS"
"GOBP_LUNG_MORPHOGENESIS","GO:BP",15,1.092410184613,-0.871500615218522,0.685745486193788,0.85682797901184,"NS"
"GOBP_PROTEIN_QUALITY_CONTROL_FOR_MISFOLDED_OR_INCOMPLETELY_SYNTHESIZED_PROTEINS","GO:BP",10,-1.09625169196352,1.44572770577431,0.68631515277039,0.308126343899269,"NS"
"GOBP_CENTRAL_NERVOUS_SYSTEM_NEURON_DIFFERENTIATION","GO:BP",15,-1.081349560637,-0.833853439436819,0.686660050572804,0.883965535632702,"NS"
"GOBP_CHEMOKINE_PRODUCTION","GO:BP",10,1.09885431935917,-1.02950974832622,0.686660050572804,0.720274262644879,"NS"
"GOBP_ICOSANOID_METABOLIC_PROCESS","GO:BP",29,1.07365181152111,-1.6801616171313,0.686955442399765,0.131672372258146,"NS"
"GOBP_NEURAL_PRECURSOR_CELL_PROLIFERATION","GO:BP",14,1.09179398195598,-1.38805024967721,0.686955442399765,0.357040454011974,"NS"
"GOBP_NUCLEOBASE_METABOLIC_PROCESS","GO:BP",19,1.08197511396052,-0.923755882058932,0.686955442399765,0.815445269036852,"NS"
"GOBP_CANONICAL_WNT_SIGNALING_PATHWAY","GO:BP",31,-1.06798238314013,-0.633133239491463,0.687351424343305,0.995723845275012,"NS"
"GOBP_ADENYLATE_CYCLASE_MODULATING_G_PROTEIN_COUPLED_RECEPTOR_SIGNALING_PATHWAY","GO:BP",23,1.07712666720585,-1.81439621964189,0.688410886483827,0.0890671641791045,"NS"
"GOBP_NUCLEOTIDE_EXCISION_REPAIR","GO:BP",10,-1.08634379945841,0.78271386173191,0.688410886483827,0.918485384125152,"NS"
"GOBP_POSITIVE_REGULATION_OF_LYMPHOCYTE_DIFFERENTIATION","GO:BP",15,1.08445572071585,-1.5091653493861,0.688410886483827,0.268474853897978,"NS"
"GOBP_REGULATION_OF_BIOLOGICAL_PROCESS_INVOLVED_IN_SYMBIOTIC_INTERACTION","GO:BP",10,1.09299965087607,-1.90410868485444,0.688410886483827,0.0660208709897966,"NS"
"GOBP_STRESS_GRANULE_ASSEMBLY","GO:BP",15,-1.07548141067026,1.42759496356655,0.688410886483827,0.308126343899269,"NS"
"GOBP_VIRAL_GENE_EXPRESSION","GO:BP",21,1.07749855561969,0.677366372904022,0.688410886483827,0.97596712418865,"NS"
"GOBP_GMP_METABOLIC_PROCESS","GO:BP",14,-1.07934209679681,0.607955866450945,0.690018177488677,0.985574381139323,"NS"
"GOBP_REGULATION_OF_CELL_CYCLE_G1_S_PHASE_TRANSITION","GO:BP",19,1.07433242658903,1.34109485127032,0.690501487183132,0.37993265993266,"NS"
"GOBP_POSITIVE_REGULATION_OF_PROTEIN_CATABOLIC_PROCESS","GO:BP",60,1.05970194517181,-1.07818515745829,0.694181555516245,0.638921312879014,"NS"
"GOBP_REGULATION_OF_CELL_CYCLE_PHASE_TRANSITION","GO:BP",41,-1.05625658834427,1.43658070355678,0.69565547644854,0.266366898922064,"NS"
"GOBP_REGULATION_OF_STRESS_ACTIVATED_PROTEIN_KINASE_SIGNALING_CASCADE","GO:BP",11,-1.07143080643445,-0.980430291696445,0.704308172519013,0.762777358465773,"NS"
"GOBP_MORPHOGENESIS_OF_A_POLARIZED_EPITHELIUM","GO:BP",10,1.08063831343291,-1.71048964422648,0.704875726832364,0.150868409105649,"NS"
"GOBP_CHAPERONE_MEDIATED_AUTOPHAGY","GO:BP",10,1.07951140106893,-1.11461355186572,0.705606968650368,0.638921312879014,"NS"
"GOBP_ENDOTHELIAL_CELL_DIFFERENTIATION","GO:BP",18,1.06473590287345,-1.66853960868236,0.706100485289748,0.166383970964524,"NS"
"GOBP_REGULATION_OF_CELL_DIVISION","GO:BP",22,-1.06122543836582,-1.00671738400245,0.707988251178435,0.737860748450603,"NS"
"GOBP_REGULATION_OF_AMIDE_METABOLIC_PROCESS","GO:BP",21,-1.05683683425643,-0.933051343828178,0.710213316677266,0.81302260824517,"NS"
"GOBP_MITOCHONDRIAL_ELECTRON_TRANSPORT_UBIQUINOL_TO_CYTOCHROME_C","GO:BP",11,-1.06269461338629,2.01135587124424,0.712763863664108,0.0137494379277665,"Tr.(PLA) only"
"GOBP_RETROGRADE_TRANSPORT_ENDOSOME_TO_GOLGI","GO:BP",29,1.05346941154474,-0.923351493143976,0.715724375199533,0.821588712850246,"NS"
"GOBP_AMYLOID_BETA_CLEARANCE","GO:BP",11,1.06492216071556,-1.13065665099528,0.715890192867011,0.626609609168767,"NS"
"GOBP_NEGATIVE_REGULATION_OF_ERBB_SIGNALING_PATHWAY","GO:BP",11,1.06526423993466,-0.870420947999465,0.715890192867011,0.852680714251226,"NS"
"GOBP_NEURON_PROJECTION_EXTENSION","GO:BP",26,1.05077070186456,-1.31213784156046,0.715890192867011,0.37993265993266,"NS"
"GOBP_GLUCOSE_METABOLIC_PROCESS","GO:BP",74,-1.03065985944098,1.60176983678229,0.716387379619403,0.0953889580530354,"NS"
"GOBP_MODULATION_OF_PROCESS_OF_ANOTHER_ORGANISM","GO:BP",23,1.05014467369477,-1.80874539337864,0.716820742839279,0.0890671641791045,"NS"
"GOBP_LUNG_EPITHELIUM_DEVELOPMENT","GO:BP",11,1.05783909271368,-0.691081064979897,0.7229278052576,0.958740503872554,"NS"
"GOBP_RESPIRATORY_CHAIN_COMPLEX_IV_ASSEMBLY","GO:BP",12,-1.05526444998445,1.16835146045921,0.7229278052576,0.57757188389494,"NS"
"GOBP_REGULATION_OF_NUCLEAR_DIVISION","GO:BP",14,-1.04817321758893,-0.836806347515499,0.728822357748063,0.880957369538496,"NS"
"GOBP_DEVELOPMENTAL_GROWTH_INVOLVED_IN_MORPHOGENESIS","GO:BP",35,1.03985783857966,-1.4301137823823,0.729978685463256,0.27679183863658,"NS"
"GOBP_NUCLEOSIDE_METABOLIC_PROCESS","GO:BP",15,1.05065637740532,0.737389567636495,0.73030226714194,0.945805478830578,"NS"
"GOBP_POSITIVE_REGULATION_OF_RNA_SPLICING","GO:BP",13,-1.04481085130928,-1.10782041088482,0.73030226714194,0.638921312879014,"NS"
"GOBP_PROTEIN_MONOUBIQUITINATION","GO:BP",12,-1.04758460987572,0.811989717691133,0.73030226714194,0.905466399591532,"NS"
"GOBP_REGULATION_OF_ERYTHROCYTE_DIFFERENTIATION","GO:BP",12,1.05133600618828,-1.28540718671601,0.73030226714194,0.44440866388567,"NS"
"GOBP_NEGATIVE_REGULATION_OF_POST_TRANSLATIONAL_PROTEIN_MODIFICATION","GO:BP",26,1.03846734863932,-0.458291944941349,0.73050384228988,0.999461400359066,"NS"
"GOBP_HORMONE_TRANSPORT","GO:BP",50,-1.03298833690972,-0.662055888123719,0.730712719874164,0.995723845275012,"NS"
"GOBP_AMINO_SUGAR_METABOLIC_PROCESS","GO:BP",10,1.04736832251918,-0.911202468834268,0.732417253133283,0.815835491397656,"NS"
"GOBP_CHLORIDE_TRANSPORT","GO:BP",11,-1.03710855247494,-0.600309756443938,0.733885774173175,0.984800452645213,"NS"
"GOBP_REGULATION_OF_SYSTEMIC_ARTERIAL_BLOOD_PRESSURE_MEDIATED_BY_A_CHEMICAL_SIGNAL","GO:BP",11,1.04302445935383,-1.26814694446815,0.739664175609167,0.472559476930721,"NS"
"GOBP_BASE_EXCISION_REPAIR","GO:BP",10,-1.03629993788675,1.01121650391397,0.741020213978909,0.73987201079714,"NS"
"GOBP_ENDOTHELIUM_DEVELOPMENT","GO:BP",22,1.03172740900681,-1.74047109800006,0.742911934910043,0.12037531512682,"NS"
"GOBP_GLUTAMINE_FAMILY_AMINO_ACID_CATABOLIC_PROCESS","GO:BP",10,1.03906747704343,0.878520769355995,0.742911934910043,0.847308282828283,"NS"
"GOBP_POSITIVE_REGULATION_OF_DNA_RECOMBINATION","GO:BP",11,-1.02907103545088,0.60986006954807,0.743506210696922,0.984800452645213,"NS"
"GOBP_PROTEIN_TRANSMEMBRANE_TRANSPORT","GO:BP",22,1.02815163214998,0.91668494723914,0.746540304861722,0.821931601193897,"NS"
"GOBP_REGULATION_OF_CANONICAL_WNT_SIGNALING_PATHWAY","GO:BP",29,-1.02404270354027,0.559659054340827,0.747362407760178,0.999195369204614,"NS"
"GOBP_CALCINEURIN_MEDIATED_SIGNALING","GO:BP",13,1.01953724468901,0.556835172393256,0.749509281482465,0.995723845275012,"NS"
"GOBP_CELLULAR_RESPONSE_TO_ALCOHOL","GO:BP",21,-1.01268753878836,-1.30350543628039,0.749509281482465,0.401925526863826,"NS"
"GOBP_CELLULAR_RESPONSE_TO_OXYGEN_RADICAL","GO:BP",12,1.02410630429685,-1.95904602040623,0.749509281482465,0.0730166898775649,"NS"
"GOBP_COPII_COATED_VESICLE_BUDDING","GO:BP",18,1.0228946921232,0.669729314790258,0.749509281482465,0.97038954828869,"NS"
"GOBP_FATTY_ACYL_COA_BIOSYNTHETIC_PROCESS","GO:BP",11,-1.01955210229389,0.69865777542002,0.749509281482465,0.958740503872554,"NS"
"GOBP_INORGANIC_ANION_TRANSMEMBRANE_TRANSPORT","GO:BP",11,-1.01453270488093,0.622720337768526,0.749509281482465,0.980992804810697,"NS"
"GOBP_MITOCHONDRION_LOCALIZATION","GO:BP",14,-1.01300842115075,0.989486735679004,0.749509281482465,0.758949085319346,"NS"
"GOBP_NEURON_PROJECTION_GUIDANCE","GO:BP",20,-1.01184414209365,-1.52989765680819,0.749509281482465,0.22479831808708,"NS"
"GOBP_POSITIVE_REGULATION_OF_MRNA_PROCESSING","GO:BP",10,-1.02034550050603,-1.23223731994677,0.749509281482465,0.513577355164458,"NS"
"GOBP_POSITIVE_REGULATION_OF_T_CELL_PROLIFERATION","GO:BP",17,1.01995776199786,0.653862307374406,0.749509281482465,0.97596712418865,"NS"
"GOBP_REGULATION_OF_CARBOHYDRATE_METABOLIC_PROCESS","GO:BP",44,-1.01804379164053,1.07702119542572,0.749509281482465,0.654638316856625,"NS"
"GOBP_REGULATION_OF_DOUBLE_STRAND_BREAK_REPAIR_VIA_HOMOLOGOUS_RECOMBINATION","GO:BP",12,1.03313662112339,0.573244527273541,0.749509281482465,0.993629397893346,"NS"
"GOBP_REGULATION_OF_MITOTIC_CELL_CYCLE_PHASE_TRANSITION","GO:BP",31,-1.01077912994704,1.42509854851822,0.749509281482465,0.292880967955853,"NS"
"GOBP_REGULATION_OF_VASOCONSTRICTION","GO:BP",11,-1.01651110805384,-1.43320127699229,0.749509281482465,0.334003017038851,"NS"
"GOBP_TOLL_LIKE_RECEPTOR_SIGNALING_PATHWAY","GO:BP",12,1.02678583533318,-1.64962078192767,0.749509281482465,0.181870112626695,"NS"
"GOBP_VESICLE_COATING","GO:BP",10,1.02677779764171,-0.71299108539479,0.749509281482465,0.950969281927736,"NS"
"GOBP_VESICLE_TARGETING_TO_FROM_OR_WITHIN_GOLGI","GO:BP",10,1.02677779764171,-0.71299108539479,0.749509281482465,0.950969281927736,"NS"
"GOBP_NEGATIVE_REGULATION_OF_LIPID_BIOSYNTHETIC_PROCESS","GO:BP",11,1.01521509078502,-0.79216080066949,0.75273305495413,0.911833098921706,"NS"
"GOBP_NEGATIVE_REGULATION_OF_RESPONSE_TO_CYTOKINE_STIMULUS","GO:BP",11,1.01577541839927,-1.08302389423092,0.75273305495413,0.672969060087258,"NS"
"GOBP_POSITIVE_REGULATION_OF_ADAPTIVE_IMMUNE_RESPONSE","GO:BP",18,1.00877179165711,-1.03781706013092,0.75297346247946,0.708929738452102,"NS"
"GOBP_DENDRITIC_SPINE_DEVELOPMENT","GO:BP",14,1.00920202473008,-1.2483069615961,0.756244256639701,0.472559476930721,"NS"
"GOBP_REGULATION_OF_CELL_KILLING","GO:BP",16,1.00262268922911,-1.87832776953617,0.760150794503423,0.0776165442773122,"NS"
"GOBP_INSULIN_LIKE_GROWTH_FACTOR_RECEPTOR_SIGNALING_PATHWAY","GO:BP",11,1.00658860492156,1.11598718860664,0.760581239645699,0.637033016999868,"NS"
"GOBP_CIRCADIAN_RHYTHM","GO:BP",38,1.00019345818849,0.871220630407277,0.760681848366895,0.87988862361658,"NS"
"GOBP_RELAXATION_OF_MUSCLE","GO:BP",14,-0.998779720398214,0.838565524230502,0.760681848366895,0.88392513831628,"NS"
"GOBP_AMINE_METABOLIC_PROCESS","GO:BP",19,1.00149498043114,-1.38931020552708,0.762084616150236,0.336083915380631,"NS"
"GOBP_HORMONE_MEDIATED_SIGNALING_PATHWAY","GO:BP",34,-0.995810583112005,-0.889937482106701,0.762084616150236,0.86170563909937,"NS"
"GOBP_MODULATION_BY_HOST_OF_VIRAL_PROCESS","GO:BP",15,1.00094275463289,-1.55763422401403,0.762084616150236,0.24238928411203,"NS"
"GOBP_CELLULAR_RESPONSE_TO_CAMP","GO:BP",13,0.999656049779759,-0.968992687797948,0.762198589007253,0.773928989050707,"NS"
"GOBP_POSITIVE_REGULATION_BY_HOST_OF_VIRAL_PROCESS","GO:BP",10,0.998924036035544,-1.33215739347426,0.762198589007253,0.416084354018904,"NS"
"GOBP_POSITIVE_REGULATION_OF_WNT_SIGNALING_PATHWAY","GO:BP",20,0.998114308687207,-0.778184615602548,0.762198589007253,0.92866160826238,"NS"
"GOBP_RESPONSE_TO_ESTROGEN","GO:BP",10,0.99418446946146,-1.70658905797332,0.769303995718681,0.155790877156996,"NS"
"GOBP_CELL_REDOX_HOMEOSTASIS","GO:BP",20,-0.991863667047229,-0.917308275419043,0.770220865370119,0.826072203058461,"NS"
"GOBP_ER_NUCLEUS_SIGNALING_PATHWAY","GO:BP",14,0.993976583393344,1.00518452531345,0.770220865370119,0.745322945031912,"NS"
"GOBP_MITOCHONDRIAL_RESPIRATORY_CHAIN_COMPLEX_ASSEMBLY","GO:BP",50,-0.995300151312793,2.00523608987232,0.770220865370119,0.00409282150354644,"Tr.(PLA) only"
"GOBP_POSITIVE_REGULATION_OF_TOR_SIGNALING","GO:BP",14,0.992027060755999,1.25032500511077,0.770754293776971,0.476136738357821,"NS"
"GOBP_RHYTHMIC_PROCESS","GO:BP",48,0.989411755370407,0.866388417717193,0.770754293776971,0.884349060809319,"NS"
"GOBP_PROTEIN_METHYLATION","GO:BP",16,-0.980240332635351,1.22666695556325,0.776810306300083,0.503493640172123,"NS"
"GOBP_REGULATION_OF_CYTOKINESIS","GO:BP",13,-0.984129128535748,-1.13278908955345,0.776810306300083,0.615159554309103,"NS"
"GOBP_INTRACELLULAR_LIPID_TRANSPORT","GO:BP",13,-0.981822840557009,-0.837138742916629,0.779735995840222,0.880957369538496,"NS"
"GOBP_NEGATIVE_REGULATION_OF_LIPID_TRANSPORT","GO:BP",12,0.987505239083259,1.27526448657517,0.781554006859396,0.459031486418725,"NS"
"GOBP_DNA_RECOMBINATION","GO:BP",34,0.983815359318096,0.49714854298395,0.783373694826648,0.999461400359066,"NS"
"GOBP_NEGATIVE_REGULATION_OF_WNT_SIGNALING_PATHWAY","GO:BP",14,-0.973485816374339,0.661808217869833,0.784372241234379,0.97038954828869,"NS"
"GOBP_POSITIVE_REGULATION_OF_PROTEIN_SECRETION","GO:BP",35,-0.977664776609819,0.928753093217596,0.784372241234379,0.815445269036852,"NS"
"GOBP_PROTEIN_LOCALIZATION_TO_ENDOSOME","GO:BP",10,0.97505320993102,-1.06101197281925,0.784372241234379,0.696478521507598,"NS"
"GOBP_REGULATION_OF_AXONOGENESIS","GO:BP",17,0.973121433283819,-0.843853609482991,0.785775414760154,0.883965535632702,"NS"
"GOBP_REGULATION_OF_LYMPHOCYTE_DIFFERENTIATION","GO:BP",20,0.97597704684184,-1.80196916685231,0.787144679579771,0.0890368484611117,"NS"
"GOBP_HIPPOCAMPUS_DEVELOPMENT","GO:BP",12,0.977323127919147,-0.788646341099042,0.7894557722533,0.914353114558127,"NS"
"GOBP_GLYCOLYTIC_PROCESS_THROUGH_GLUCOSE_6_PHOSPHATE","GO:BP",15,-0.967917080021366,1.37729647577109,0.790770387332281,0.35275996479316,"NS"
"GOBP_MUSCLE_ORGAN_MORPHOGENESIS","GO:BP",14,-0.965943326329754,1.11707161860908,0.790770387332281,0.632420601540889,"NS"
"GOBP_POSITIVE_REGULATION_OF_BLOOD_VESSEL_ENDOTHELIAL_CELL_MIGRATION","GO:BP",10,0.965605477901916,-0.691225033777172,0.790770387332281,0.959647917291813,"NS"
"GOBP_POSITIVE_REGULATION_OF_CARBOHYDRATE_METABOLIC_PROCESS","GO:BP",19,0.968472157295686,0.706104271012833,0.790770387332281,0.963096943761801,"NS"
"GOBP_REGULATION_OF_ENDOPLASMIC_RETICULUM_UNFOLDED_PROTEIN_RESPONSE","GO:BP",10,0.96681835445805,0.92493485032914,0.790770387332281,0.813785803898445,"NS"
"GOBP_RESPONSE_TO_TUMOR_CELL","GO:BP",11,0.969697508126322,-1.31230783052755,0.790770387332281,0.429521273193806,"NS"
"GOBP_WNT_SIGNALING_PATHWAY","GO:BP",51,-0.983592414951715,-0.761794442612992,0.790770387332281,0.9664316690507,"NS"
"GOBP_ENDOCRINE_PROCESS","GO:BP",12,0.970130692900693,-1.4345574458516,0.792473111845349,0.332367577528453,"NS"
"GOBP_REGULATION_OF_NERVOUS_SYSTEM_DEVELOPMENT","GO:BP",56,0.967350260862621,-1.10342641753857,0.797443052635017,0.608359829756194,"NS"
"GOBP_REGULATION_OF_NERVOUS_SYSTEM_PROCESS","GO:BP",10,-0.956214978483162,-1.17573071503227,0.8008171991952,0.574442633987374,"NS"
"GOBP_PROTEIN_EXIT_FROM_ENDOPLASMIC_RETICULUM","GO:BP",10,0.95266249568281,0.907216385204354,0.802177232291992,0.822796291743581,"NS"
"GOBP_EXTRACELLULAR_VESICLE_BIOGENESIS","GO:BP",14,-0.951372576844482,-1.09106361164367,0.804709384116565,0.657493029232218,"NS"
"GOBP_REGULATION_OF_MITOCHONDRIAL_OUTER_MEMBRANE_PERMEABILIZATION_INVOLVED_IN_APOPTOTIC_SIGNALING_PATHWAY","GO:BP",10,-0.94883163595258,1.28171759731698,0.811710728433988,0.457620872067065,"NS"
"GOBP_REGULATION_OF_GLUCOSE_METABOLIC_PROCESS","GO:BP",27,-0.953795668890586,1.36989958792533,0.813115922523557,0.340725392540775,"NS"
"GOBP_REGULATION_OF_CIRCADIAN_RHYTHM","GO:BP",25,0.948498650004405,0.884919321205614,0.814857273873667,0.856087103503132,"NS"
"GOBP_VESICLE_LOCALIZATION","GO:BP",44,0.956012905375564,-1.07879863239695,0.814857273873667,0.637653282038952,"NS"
"GOBP_VESICLE_TARGETING","GO:BP",13,0.947703746228194,-0.972855316153666,0.815354298856951,0.770216049382716,"NS"
"GOBP_REGULATION_OF_AEROBIC_RESPIRATION","GO:BP",12,-0.944437727840767,0.857079367016104,0.816386908952247,0.869873573851372,"NS"
"GOBP_REGULATION_OF_EPITHELIAL_TO_MESENCHYMAL_TRANSITION","GO:BP",10,0.944480077134373,-0.720677283575116,0.816386908952247,0.946914134393162,"NS"
"GOBP_REGULATION_OF_PLATELET_ACTIVATION","GO:BP",10,0.944231112938229,-1.23820889285953,0.816386908952247,0.506821341258808,"NS"
"GOBP_REGULATION_OF_CARBOHYDRATE_BIOSYNTHETIC_PROCESS","GO:BP",24,-0.945301350253528,1.4420801548149,0.819316957675905,0.287415301186041,"NS"
"GOBP_DNA_TEMPLATED_DNA_REPLICATION","GO:BP",10,-0.937131766116171,0.696715581511918,0.820766310554653,0.957966902466267,"NS"
"GOBP_FATTY_ACID_DERIVATIVE_METABOLIC_PROCESS","GO:BP",23,-0.93948994632739,-1.35543134996943,0.820766310554653,0.34786545215101,"NS"
"GOBP_MONOCARBOXYLIC_ACID_TRANSPORT","GO:BP",32,0.946319968203188,1.31212877714475,0.820766310554653,0.383524475027115,"NS"
"GOBP_NEGATIVE_REGULATION_OF_LIPID_LOCALIZATION","GO:BP",14,0.940345823488375,1.00389415903182,0.820766310554653,0.746077184054283,"NS"
"GOBP_REGULATION_OF_WNT_SIGNALING_PATHWAY","GO:BP",37,0.94692747525059,-0.684258123250046,0.820766310554653,0.984800452645213,"NS"
"GOBP_VASOCONSTRICTION","GO:BP",13,-0.938223811971,-1.39491279249593,0.820766310554653,0.359017500005007,"NS"
"GOBP_REGULATION_OF_IMMUNE_EFFECTOR_PROCESS","GO:BP",55,0.945833405360746,-1.61509688899933,0.821821246949233,0.107263317050477,"NS"
"GOBP_IMPORT_INTO_THE_MITOCHONDRION","GO:BP",24,0.935833541728125,0.96127830648524,0.823271333807698,0.781940064868224,"NS"
"GOBP_NUTRIENT_STORAGE","GO:BP",17,0.931944547354524,-1.48691460704534,0.823902291075894,0.285653111717313,"NS"
"GOBP_POSITIVE_REGULATION_OF_CELL_CYCLE","GO:BP",41,0.939917537197436,0.559511102251077,0.824211502782931,0.999461400359066,"NS"
"GOBP_NUCLEAR_MIGRATION","GO:BP",11,0.931190905022876,-0.760447042032369,0.825277664991035,0.921976654432035,"NS"
"GOBP_POSITIVE_REGULATION_OF_CANONICAL_WNT_SIGNALING_PATHWAY","GO:BP",16,0.929270608092515,-0.879884101318407,0.825277664991035,0.852680714251226,"NS"
"GOBP_POSITIVE_REGULATION_OF_ERYTHROCYTE_DIFFERENTIATION","GO:BP",10,0.928952675176248,-1.18012538921496,0.825277664991035,0.571030976341126,"NS"
"GOBP_APOPTOTIC_MITOCHONDRIAL_CHANGES","GO:BP",40,-0.943850875868405,1.52177705294699,0.82779586034448,0.20339624625414,"NS"
"GOBP_REGULATION_OF_STEROID_BIOSYNTHETIC_PROCESS","GO:BP",16,-0.931662271295493,1.02103680866022,0.82779586034448,0.728646189421832,"NS"
"GOBP_REGULATION_OF_INCLUSION_BODY_ASSEMBLY","GO:BP",11,-0.92708201790795,0.976400437646313,0.828095652864706,0.773928989050707,"NS"
"GOBP_REGULATION_OF_GLYCOGEN_METABOLIC_PROCESS","GO:BP",10,0.925346343146315,0.731294713206136,0.82838206476648,0.939996147799966,"NS"
"GOBP_POSITIVE_REGULATION_OF_DNA_BINDING_TRANSCRIPTION_FACTOR_ACTIVITY","GO:BP",23,0.926220213200931,-0.860704082513698,0.82924041563447,0.877905208888695,"NS"
"GOBP_RESPONSE_TO_ZINC_ION","GO:BP",11,-0.924803059978633,-0.92070616766916,0.82924041563447,0.815373557214138,"NS"
"GOBP_NUCLEOSIDE_DIPHOSPHATE_CATABOLIC_PROCESS","GO:BP",42,-0.940223185150439,1.35594217639896,0.832590970936359,0.320134484215992,"NS"
"GOBP_REGULATION_OF_CALCIUM_ION_TRANSMEMBRANE_TRANSPORTER_ACTIVITY","GO:BP",13,-0.922837184864703,-0.945094617128977,0.834261080317949,0.789842581759255,"NS"
"GOBP_DE_NOVO_PROTEIN_FOLDING","GO:BP",18,0.916663609138144,-0.667553111166107,0.839878162319973,0.97596712418865,"NS"
"GOBP_NEGATIVE_REGULATION_OF_NEURON_PROJECTION_DEVELOPMENT","GO:BP",14,0.916664730996095,-0.680394810146767,0.839878162319973,0.9664316690507,"NS"
"GOBP_IRES_DEPENDENT_VIRAL_TRANSLATIONAL_INITIATION","GO:BP",10,0.910389800331916,0.919114052742664,0.839915635962757,0.815445269036852,"NS"
"GOBP_MULTICELLULAR_ORGANISMAL_LEVEL_CHEMICAL_HOMEOSTASIS","GO:BP",13,0.91334143887354,0.85621592188549,0.839915635962757,0.871131571934513,"NS"
"GOBP_RESPONSE_TO_HEAT","GO:BP",36,0.930590642491879,-0.9271819385202,0.839915635962757,0.821588712850246,"NS"
"GOBP_GLYCOSYL_COMPOUND_METABOLIC_PROCESS","GO:BP",22,0.916040969162995,-0.840406145389775,0.842649780837941,0.889306346842143,"NS"
"GOBP_PROTEIN_LIPID_COMPLEX_ORGANIZATION","GO:BP",13,0.910203702943782,1.09745347403231,0.842649780837941,0.656097809431128,"NS"
"GOBP_RESPONSE_TO_RETINOIC_ACID","GO:BP",14,-0.90920242919507,1.26959838354787,0.842649780837941,0.457309325316887,"NS"
"GOBP_MACROMOLECULE_DEACYLATION","GO:BP",15,-0.907588915480381,1.65389920365632,0.846303642595402,0.169398907103825,"NS"
"GOBP_PROSTANOID_METABOLIC_PROCESS","GO:BP",20,0.910248630228914,-1.23639170521322,0.846303642595402,0.467549005487634,"NS"
"GOBP_RESPONSE_TO_ANGIOTENSIN","GO:BP",14,0.904891273545807,-0.856520807249755,0.846303642595402,0.869002070828996,"NS"
"GOBP_PURINE_NUCLEOTIDE_CATABOLIC_PROCESS","GO:BP",54,-0.933589020305704,1.29534349873628,0.847287450114356,0.362594783465994,"NS"
"GOBP_REGULATION_OF_MYELINATION","GO:BP",10,-0.899597935187636,-0.762690994444381,0.848198729261905,0.920535762112209,"NS"
"GOBP_AMYLOID_FIBRIL_FORMATION","GO:BP",20,-0.908527455863889,-1.23608234186527,0.850162553564225,0.467549005487634,"NS"
"GOBP_INNATE_IMMUNE_RESPONSE_ACTIVATING_CELL_SURFACE_RECEPTOR_SIGNALING_PATHWAY","GO:BP",12,0.903875545472012,-1.05195631089796,0.850162553564225,0.701210870793647,"NS"
"GOBP_LACTATE_METABOLIC_PROCESS","GO:BP",10,0.899069841387359,0.568887712717844,0.850162553564225,0.99203743537492,"NS"
"GOBP_REGULATION_OF_ADAPTIVE_IMMUNE_RESPONSE","GO:BP",25,0.905863708913886,-1.41786762545353,0.850162553564225,0.298700358995133,"NS"
"GOBP_REGULATION_OF_CALCINEURIN_MEDIATED_SIGNALING","GO:BP",12,0.901449291116356,0.800752202735666,0.850414233987524,0.911833098921706,"NS"
"GOBP_CHAPERONE_MEDIATED_PROTEIN_COMPLEX_ASSEMBLY","GO:BP",11,0.893707483045137,0.484180504720613,0.8518028850972,0.999461400359066,"NS"
"GOBP_POSITIVE_REGULATION_OF_LIPID_BIOSYNTHETIC_PROCESS","GO:BP",22,-0.904137717998824,1.31960380845528,0.852635544380541,0.385682633445821,"NS"
"GOBP_RESPONSE_TO_PURINE_CONTAINING_COMPOUND","GO:BP",33,0.910466476979411,-1.39772268105283,0.853863774329566,0.301824212271973,"NS"
"GOBP_MUSCLE_SYSTEM_PROCESS","GO:BP",154,-0.948209656281414,1.10487212139474,0.853904317716062,0.563713156819111,"NS"
"GOBP_PROTEIN_LOCALIZATION_TO_CHROMOSOME","GO:BP",13,-0.895076271842761,1.37135298723044,0.853904317716062,0.375693576254758,"NS"
"GOBP_BODY_FLUID_SECRETION","GO:BP",11,0.886962689672446,-1.15627468465852,0.8559655806563,0.59661434126288,"NS"
"GOBP_SKELETAL_MUSCLE_ADAPTATION","GO:BP",14,0.892079292169564,1.13788169394321,0.8559655806563,0.60796211438707,"NS"
"GOBP_CELLULAR_RESPONSE_TO_HEAT","GO:BP",21,0.898856806827902,-0.988328816423457,0.856136375513569,0.759650273051382,"NS"
"GOBP_NEGATIVE_REGULATION_OF_RELEASE_OF_CYTOCHROME_C_FROM_MITOCHONDRIA","GO:BP",10,-0.888492043363366,1.06107609502253,0.856146170848949,0.700439988106395,"NS"
"GOBP_POSITIVE_REGULATION_OF_LEUKOCYTE_MEDIATED_IMMUNITY","GO:BP",21,0.895938705455104,-1.41949556951858,0.858283789481558,0.317564343206185,"NS"
"GOBP_REGULATION_OF_FAT_CELL_DIFFERENTIATION","GO:BP",11,-0.886148380251075,0.623181732261371,0.85846920852271,0.980992804810697,"NS"
"GOBP_MITOCHONDRIAL_TRANSMEMBRANE_TRANSPORT","GO:BP",45,0.905068761882934,1.42970333745653,0.858491820740782,0.266366898922064,"NS"
"GOBP_PERIPHERAL_NERVOUS_SYSTEM_AXON_ENSHEATHMENT","GO:BP",12,0.883223528186681,-0.793334271494029,0.858491820740782,0.91224950636575,"NS"
"GOBP_POSITIVE_REGULATION_OF_NERVOUS_SYSTEM_DEVELOPMENT","GO:BP",36,-0.906767884284542,-0.996838922277387,0.858491820740782,0.746525788754424,"NS"
"GOBP_POSITIVE_REGULATION_OF_NEUROGENESIS","GO:BP",36,-0.906767884284542,-0.996838922277387,0.858491820740782,0.746525788754424,"NS"
"GOBP_SENSORY_PERCEPTION_OF_LIGHT_STIMULUS","GO:BP",18,0.887146434608379,-0.527610525665623,0.863612628337053,0.999195369204614,"NS"
"GOBP_AXON_EXTENSION","GO:BP",22,0.883975136494747,-1.4778621144592,0.867360991770254,0.266484403011832,"NS"
"GOBP_POLYSACCHARIDE_CATABOLIC_PROCESS","GO:BP",12,0.874801869565158,1.61781222197666,0.867360991770254,0.190295944824377,"NS"
"GOBP_POSITIVE_REGULATION_OF_TORC1_SIGNALING","GO:BP",12,0.873838111688252,1.16427544152563,0.867360991770254,0.582698628316291,"NS"
"GOBP_REGULATION_OF_CELLULAR_RESPIRATION","GO:BP",15,-0.876886599934794,1.19835451691529,0.867360991770254,0.539794730143256,"NS"
"GOBP_REGULATION_OF_NEURON_PROJECTION_DEVELOPMENT","GO:BP",59,0.905471134125461,-1.4043931268403,0.867360991770254,0.241952235222011,"NS"
"GOBP_STRIATED_MUSCLE_CELL_APOPTOTIC_PROCESS","GO:BP",11,-0.873551150277851,1.55998291074192,0.867360991770254,0.238386902427589,"NS"
"GOBP_VASCULAR_PROCESS_IN_CIRCULATORY_SYSTEM","GO:BP",40,-0.9051687221753,-1.6261847530878,0.867360991770254,0.131672372258146,"NS"
"GOBP_POSITIVE_REGULATION_OF_MITOTIC_CELL_CYCLE","GO:BP",19,-0.877099506707682,1.03834556398129,0.874165728346573,0.708929738452102,"NS"
"GOBP_REGULATION_OF_CELLULAR_RESPONSE_TO_TRANSFORMING_GROWTH_FACTOR_BETA_STIMULUS","GO:BP",22,0.875803330116607,-0.85331256638027,0.874199630011293,0.88140693018544,"NS"
"GOBP_CHAPERONE_MEDIATED_PROTEIN_FOLDING","GO:BP",46,0.888668908175453,0.58821226582794,0.876050305122551,0.999458508471783,"NS"
"GOBP_PEPTIDYL_SERINE_MODIFICATION","GO:BP",10,-0.860363875240547,0.506839134230132,0.877286099264505,0.999195369204614,"NS"
"GOBP_REGULATION_OF_NON_CANONICAL_NF_KAPPAB_SIGNAL_TRANSDUCTION","GO:BP",18,0.871422279866749,-0.972554847657532,0.877286099264505,0.773730091105722,"NS"
"GOBP_PYRIDINE_CONTAINING_COMPOUND_CATABOLIC_PROCESS","GO:BP",43,-0.89365153452695,1.30839030245807,0.87924888500412,0.374790091801035,"NS"
"GOBP_POSITIVE_REGULATION_OF_EXOSOMAL_SECRETION","GO:BP",10,-0.852575810032264,-1.30188025366277,0.88279302939156,0.436101768244177,"NS"
"GOBP_CELLULAR_RESPONSE_TO_CALCIUM_ION","GO:BP",21,0.866710172492727,0.921448737146762,0.883721076967288,0.82056462056462,"NS"
"GOBP_FATTY_ACID_DERIVATIVE_BIOSYNTHETIC_PROCESS","GO:BP",16,-0.861419787862472,-1.5854730861226,0.883721076967288,0.216758817653597,"NS"
"GOBP_INTEGRATED_STRESS_RESPONSE_SIGNALING","GO:BP",11,-0.852908652515086,0.895246168507533,0.883721076967288,0.840265746575864,"NS"
"GOBP_LONG_CHAIN_FATTY_ACID_TRANSPORT","GO:BP",20,0.865523167922378,1.18108547449086,0.883721076967288,0.549290927624873,"NS"
"GOBP_PROGRAMMED_NECROTIC_CELL_DEATH","GO:BP",11,-0.85130056705903,0.837684751026026,0.883721076967288,0.87988862361658,"NS"
"GOBP_VIRAL_TRANSLATION","GO:BP",12,0.853270450731922,0.891197792979076,0.883721076967288,0.841126714297446,"NS"
"GOBP_POSITIVE_REGULATION_OF_IMMUNE_EFFECTOR_PROCESS","GO:BP",38,0.876494626411749,-1.47920323154189,0.883911305979253,0.228901849359454,"NS"
"GOBP_ADENYLATE_CYCLASE_ACTIVATING_G_PROTEIN_COUPLED_RECEPTOR_SIGNALING_PATHWAY","GO:BP",14,-0.849835516648131,-1.51056345595022,0.884158253524232,0.27233353982868,"NS"
"GOBP_POSITIVE_REGULATION_OF_MEMBRANE_PERMEABILITY","GO:BP",15,-0.849520121694641,1.43642481022118,0.884158253524232,0.30407488369486,"NS"
"GOBP_REGULATION_OF_RELEASE_OF_CYTOCHROME_C_FROM_MITOCHONDRIA","GO:BP",13,-0.848474957973638,1.17351526902406,0.884158253524232,0.573989134529413,"NS"
"GOBP_VASCULAR_TRANSPORT","GO:BP",12,-0.845869405889805,-1.01887680212532,0.884158253524232,0.732224564037606,"NS"
"GOBP_POSITIVE_REGULATION_OF_CELL_DIVISION","GO:BP",14,0.844746187897417,-0.717638559668945,0.892350774965844,0.952782723753206,"NS"
"GOBP_REGULATION_OF_INFLAMMATORY_RESPONSE_TO_ANTIGENIC_STIMULUS","GO:BP",10,-0.838290609287754,0.708002299077621,0.892350774965844,0.952782723753206,"NS"
"GOBP_RESPONSE_TO_TOPOLOGICALLY_INCORRECT_PROTEIN","GO:BP",53,0.874722149561642,1.03281374758228,0.892350774965844,0.705326410361123,"NS"
"GOBP_AXO_DENDRITIC_TRANSPORT","GO:BP",19,0.847324456590571,0.712605399049583,0.895097716887517,0.959647917291813,"NS"
"GOBP_FATTY_ACYL_COA_METABOLIC_PROCESS","GO:BP",14,-0.837226385381816,0.927996402713925,0.895097716887517,0.815445269036852,"NS"
"GOBP_INORGANIC_ANION_TRANSPORT","GO:BP",14,-0.836200994098613,0.39185341350336,0.895097716887517,0.999461400359066,"NS"
"GOBP_NEGATIVE_REGULATION_OF_DNA_METABOLIC_PROCESS","GO:BP",14,0.839970091579139,0.86649565710197,0.895097716887517,0.86433843110401,"NS"
"GOBP_NEGATIVE_REGULATION_OF_HYDROLASE_ACTIVITY","GO:BP",15,-0.840688401248268,0.902903746772178,0.895097716887517,0.83552351998954,"NS"
"GOBP_NON_CANONICAL_NF_KAPPAB_SIGNAL_TRANSDUCTION","GO:BP",19,0.848255114860923,-0.981187211508817,0.895097716887517,0.76907532398143,"NS"
"GOBP_RIBOSOMAL_SMALL_SUBUNIT_ASSEMBLY","GO:BP",10,0.83521188596897,0.943361573055569,0.895097716887517,0.792069521685866,"NS"
"GOBP_CELLULAR_RESPONSE_TO_EXTERNAL_STIMULUS","GO:BP",15,0.837002885742674,1.16495379480634,0.896329872981855,0.580237043804883,"NS"
"GOBP_GLUTAMATE_METABOLIC_PROCESS","GO:BP",11,0.82830786820011,1.33199813531185,0.896329872981855,0.406675017044283,"NS"
"GOBP_POSITIVE_REGULATION_OF_PROTEIN_CONTAINING_COMPLEX_DISASSEMBLY","GO:BP",10,-0.828173571715237,-0.60895752262512,0.896329872981855,0.983772331416788,"NS"
"GOBP_REGULATION_OF_POST_TRANSLATIONAL_PROTEIN_MODIFICATION","GO:BP",66,-0.889924974717652,0.578026891721745,0.896329872981855,0.999461400359066,"NS"
"GOBP_REGULATION_OF_STEROID_METABOLIC_PROCESS","GO:BP",23,-0.851101329241704,-1.40561708106771,0.896329872981855,0.306586002028692,"NS"
"GOBP_STEM_CELL_PROLIFERATION","GO:BP",11,0.82838023157937,0.67174958233326,0.896329872981855,0.966897029710858,"NS"
"GOBP_REGULATION_OF_PROTEIN_UBIQUITINATION","GO:BP",50,-0.876029603311164,-0.725885962114908,0.901310325720614,0.977904115357447,"NS"
"GOBP_HETEROCHROMATIN_FORMATION","GO:BP",12,-0.823959194991119,-1.44248123294071,0.903659756572,0.328737899437248,"NS"
"GOBP_PEPTIDYL_AMINO_ACID_MODIFICATION","GO:BP",59,0.864654498453997,0.811103332543601,0.9110029622271,0.93568120528079,"NS"
"GOBP_CARDIAC_MYOFIBRIL_ASSEMBLY","GO:BP",10,0.814063522233742,0.796081799103987,0.91161008828905,0.911833098921706,"NS"
"GOBP_ISOPRENOID_METABOLIC_PROCESS","GO:BP",28,-0.84251305666789,-1.3802756854925,0.91161008828905,0.320134484215992,"NS"
"GOBP_REGULATION_OF_INTRACELLULAR_ESTROGEN_RECEPTOR_SIGNALING_PATHWAY","GO:BP",11,-0.816322563731035,-0.68743522732459,0.913006619340806,0.959647917291813,"NS"
"GOBP_RESPONSE_TO_ALKALOID","GO:BP",18,-0.829142128521214,1.20847254965209,0.913006619340806,0.519665481530444,"NS"
"GOBP_NUCLEOSIDE_DIPHOSPHATE_METABOLIC_PROCESS","GO:BP",49,-0.866062217350514,1.3772372991469,0.913364441713393,0.292880967955853,"NS"
"GOBP_TRICARBOXYLIC_ACID_CYCLE","GO:BP",25,-0.838687839055879,1.75835164994803,0.913364441713393,0.0983056675272813,"NS"
"GOBP_MITOCHONDRIAL_FUSION","GO:BP",11,-0.810976444207536,1.30368344989995,0.914991525361937,0.433101905972046,"NS"
"GOBP_POLYSACCHARIDE_BIOSYNTHETIC_PROCESS","GO:BP",18,0.820715266373551,1.56465936893909,0.914991525361937,0.220581933422139,"NS"
"GOBP_PROTEIN_DEACYLATION","GO:BP",14,-0.812907066239677,1.62606798105073,0.914991525361937,0.174798856306935,"NS"
"GOBP_REGULATION_OF_MITOCHONDRIAL_MEMBRANE_PERMEABILITY_INVOLVED_IN_APOPTOTIC_PROCESS","GO:BP",15,-0.815220433114209,1.21275474076986,0.915302991695225,0.51748684937973,"NS"
"GOBP_CELLULAR_RESPONSE_TO_METAL_ION","GO:BP",40,0.842820735945827,0.984255131210436,0.916208570743312,0.765437212316367,"NS"
"GOBP_IMMUNOGLOBULIN_PRODUCTION","GO:BP",11,0.803454694511687,-0.654637077627699,0.916208570743312,0.97038954828869,"NS"
"GOBP_PURINE_CONTAINING_COMPOUND_CATABOLIC_PROCESS","GO:BP",62,-0.867333406899153,1.48176954149004,0.916208570743312,0.197144541778976,"NS"
"GOBP_POSTSYNAPSE_ASSEMBLY","GO:BP",11,0.79963249824572,-1.327996026007,0.917417425757114,0.41313815484748,"NS"
"GOBP_MUSCLE_CELL_CELLULAR_HOMEOSTASIS","GO:BP",14,-0.80254099680058,1.11705691746902,0.918070498011275,0.632420601540889,"NS"
"GOBP_REGULATION_OF_PHAGOCYTOSIS","GO:BP",22,-0.819216152174023,0.732909257442024,0.918070498011275,0.952782723753206,"NS"
"GOBP_CALCIUM_ION_REGULATED_EXOCYTOSIS","GO:BP",10,-0.794254612062547,-0.76314497681049,0.922049451331407,0.920535762112209,"NS"
"GOBP_CELL_CYCLE_G1_S_PHASE_TRANSITION","GO:BP",30,0.822401317058306,1.36716754270951,0.922049451331407,0.340725392540775,"NS"
"GOBP_REGULATION_OF_OSTEOBLAST_DIFFERENTIATION","GO:BP",11,-0.79572334904111,0.624442799835186,0.922049451331407,0.980992804810697,"NS"
"GOBP_CELLULAR_RESPONSE_TO_TOPOLOGICALLY_INCORRECT_PROTEIN","GO:BP",28,-0.824312160844148,1.16678260006908,0.924814454669168,0.549290927624873,"NS"
"GOBP_MONOCARBOXYLIC_ACID_BIOSYNTHETIC_PROCESS","GO:BP",54,-0.850216251266541,-1.41082721701168,0.924814454669168,0.261920483261672,"NS"
"GOBP_REGULATION_OF_CHROMOSOME_SEGREGATION","GO:BP",10,-0.790450681037688,1.04562355660592,0.924814454669168,0.708929738452102,"NS"
"GOBP_REGULATION_OF_TUBE_SIZE","GO:BP",26,-0.819968601471142,-1.74386578038252,0.924814454669168,0.102141116984601,"NS"
"GOBP_TUBE_CLOSURE","GO:BP",11,-0.790519441148809,-1.50762373800974,0.924814454669168,0.287415301186041,"NS"
"GOBP_T_CELL_ACTIVATION_INVOLVED_IN_IMMUNE_RESPONSE","GO:BP",12,0.792898026962108,-1.49576416216147,0.924814454669168,0.289019963702359,"NS"
"GOBP_CELL_ADHESION_MEDIATED_BY_INTEGRIN","GO:BP",10,0.776970114776159,-1.60955600577048,0.930403695992365,0.221547507986317,"NS"
"GOBP_DE_NOVO_POST_TRANSLATIONAL_PROTEIN_FOLDING","GO:BP",16,0.792138175134028,0.496512829816201,0.930952416924964,0.999458508471783,"NS"
"GOBP_REGULATION_OF_DNA_BINDING_TRANSCRIPTION_FACTOR_ACTIVITY","GO:BP",30,0.814222608543722,-0.855777123969691,0.930952416924964,0.888888888888889,"NS"
"GOBP_REGULATION_OF_OXIDATIVE_STRESS_INDUCED_INTRINSIC_APOPTOTIC_SIGNALING_PATHWAY","GO:BP",17,0.789347930704496,-0.927043455484106,0.931258520878876,0.81391022714231,"NS"
"GOBP_REGULATION_OF_THE_FORCE_OF_HEART_CONTRACTION","GO:BP",14,-0.784513469195952,1.55386165498617,0.933583974050009,0.230412926391382,"NS"
"GOBP_ENERGY_HOMEOSTASIS","GO:BP",10,0.770016225431043,0.938999285863929,0.933619281993535,0.797918427957545,"NS"
"GOBP_ORGANELLE_FUSION","GO:BP",43,-0.834857450965946,-0.927572051813743,0.933619281993535,0.828192348082319,"NS"
"GOBP_REGULATION_OF_LYMPHOCYTE_MEDIATED_IMMUNITY","GO:BP",25,0.801712199446205,-1.4548904899631,0.933619281993535,0.27679183863658,"NS"
"GOBP_TERPENOID_METABOLIC_PROCESS","GO:BP",25,-0.80794024200696,-1.368876357818,0.933619281993535,0.337236906510034,"NS"
"GOBP_LONG_CHAIN_FATTY_ACID_IMPORT_INTO_CELL","GO:BP",10,0.76511924944956,1.50652002196036,0.933910525050824,0.285368153544955,"NS"
"GOBP_POSITIVE_REGULATION_OF_AXONOGENESIS","GO:BP",13,-0.782041176189568,-0.961810691206231,0.933910525050824,0.779874213836478,"NS"
"GOBP_POSITIVE_REGULATION_OF_MITOCHONDRIAL_MEMBRANE_PERMEABILITY","GO:BP",14,-0.779675303327065,1.48309770289092,0.933910525050824,0.285653111717313,"NS"
"GOBP_RESPONSE_TO_NERVE_GROWTH_FACTOR","GO:BP",13,0.775843053485536,1.23167504701673,0.934334030937858,0.510816133191378,"NS"
"GOBP_POSITIVE_REGULATION_OF_NEURON_PROJECTION_DEVELOPMENT","GO:BP",24,0.796486876537894,-1.68140077139457,0.934882394729026,0.131672372258146,"NS"
"GOBP_POSITIVE_REGULATION_OF_PRODUCTION_OF_MOLECULAR_MEDIATOR_OF_IMMUNE_RESPONSE","GO:BP",19,0.785871866274547,-1.04342723630623,0.935225067750626,0.701210870793647,"NS"
"GOBP_NEGATIVE_REGULATION_OF_RESPONSE_TO_ENDOPLASMIC_RETICULUM_STRESS","GO:BP",18,0.783440604317364,0.965747026623546,0.936050439296698,0.781662492384756,"NS"
"GOBP_PROTEIN_AUTOPHOSPHORYLATION","GO:BP",16,-0.784109891352621,0.947853718940297,0.936050439296698,0.792069521685866,"NS"
"GOBP_NEGATIVE_REGULATION_OF_OXIDATIVE_STRESS_INDUCED_INTRINSIC_APOPTOTIC_SIGNALING_PATHWAY","GO:BP",12,0.770413625845181,0.879816326564428,0.938294876296256,0.852214033126461,"NS"
"GOBP_NUCLEAR_RECEPTOR_MEDIATED_SIGNALING_PATHWAY","GO:BP",31,0.794661831076666,-1.16747401868294,0.940539190116334,0.52613721575195,"NS"
"GOBP_INCLUSION_BODY_ASSEMBLY","GO:BP",15,-0.769507395595401,1.00583614614205,0.943452832789757,0.746077184054283,"NS"
"GOBP_ASSOCIATIVE_LEARNING","GO:BP",10,0.75228460960467,-0.545554458657532,0.943681516593092,0.995723845275012,"NS"
"GOBP_REGULATION_OF_PROTEIN_EXPORT_FROM_NUCLEUS","GO:BP",12,-0.755346392152292,-1.18022506782229,0.943681516593092,0.561798612971811,"NS"
"GOBP_AMYLOID_BETA_METABOLIC_PROCESS","GO:BP",17,0.765197227506483,-1.20889853178787,0.94399119183494,0.511688742331853,"NS"
"GOBP_CELLULAR_RESPONSE_TO_HYDROGEN_PEROXIDE","GO:BP",14,-0.76130183139128,-0.78393864345043,0.94399119183494,0.920535762112209,"NS"
"GOBP_CELL_SURFACE_PATTERN_RECOGNITION_RECEPTOR_SIGNALING_PATHWAY","GO:BP",10,0.747301237170304,-1.16246319553709,0.94399119183494,0.587822446592378,"NS"
"GOBP_LIMBIC_SYSTEM_DEVELOPMENT","GO:BP",15,0.765689335953299,-0.895121665751255,0.94399119183494,0.838934337727558,"NS"
"GOBP_POSITIVE_REGULATION_OF_CELL_MATRIX_ADHESION","GO:BP",16,0.767498864265332,-1.3360916741048,0.94399119183494,0.387477313974592,"NS"
"GOBP_REGULATION_OF_CHOLESTEROL_METABOLIC_PROCESS","GO:BP",14,-0.758949674787623,0.854443749295002,0.94399119183494,0.87362270387036,"NS"
"GOBP_REGULATION_OF_EXTENT_OF_CELL_GROWTH","GO:BP",17,0.761099723263656,-1.18777282022218,0.94399119183494,0.542275538359944,"NS"
"GOBP_REGULATION_OF_LIPID_CATABOLIC_PROCESS","GO:BP",14,0.75641912264821,-0.618730360028677,0.94399119183494,0.984800452645213,"NS"
"GOBP_REGULATION_OF_MITOCHONDRION_ORGANIZATION","GO:BP",39,-0.81024570016122,1.41470198029661,0.94399119183494,0.285653111717313,"NS"
"GOBP_REGULATION_OF_SYNAPTIC_VESICLE_RECYCLING","GO:BP",11,0.749030634517505,-0.954844753200045,0.94399119183494,0.782112520769601,"NS"
"GOBP_SENSORY_PERCEPTION_OF_MECHANICAL_STIMULUS","GO:BP",22,0.771519032271652,-1.1634095418343,0.94399119183494,0.549059756556841,"NS"
"GOBP_BROWN_FAT_CELL_DIFFERENTIATION","GO:BP",10,-0.746255992972853,0.793929008811967,0.944283182757048,0.912850037619251,"NS"
"GOBP_EMBRYONIC_EPITHELIAL_TUBE_FORMATION","GO:BP",12,-0.744828582159417,-1.64103924078175,0.944283182757048,0.18602558838539,"NS"
"GOBP_MITOCHONDRIAL_ELECTRON_TRANSPORT_CYTOCHROME_C_TO_OXYGEN","GO:BP",13,0.745624759344908,1.75763325835638,0.944283182757048,0.0997667856838296,"NS"
"GOBP_NEGATIVE_REGULATION_OF_CANONICAL_NF_KAPPAB_SIGNAL_TRANSDUCTION","GO:BP",13,0.750896729183379,0.825374769710026,0.944283182757048,0.891580121572007,"NS"
"GOBP_NEGATIVE_REGULATION_OF_MACROAUTOPHAGY","GO:BP",11,0.742726702215929,1.30433634760245,0.944283182757048,0.431809736157562,"NS"
"GOBP_NEURAL_TUBE_FORMATION","GO:BP",12,-0.744828582159417,-1.64103924078175,0.944283182757048,0.18602558838539,"NS"
"GOBP_POSITIVE_REGULATION_OF_STEROID_METABOLIC_PROCESS","GO:BP",10,-0.743211771254928,-1.04639377634728,0.944283182757048,0.706045439823775,"NS"
"GOBP_POSITIVE_REGULATION_OF_SYNAPTIC_TRANSMISSION","GO:BP",23,0.76474335182536,-0.719777936562787,0.944283182757048,0.963096943761801,"NS"
"GOBP_PROTEIN_TRANSMEMBRANE_IMPORT_INTO_INTRACELLULAR_ORGANELLE","GO:BP",17,0.753401629922094,1.23025743862972,0.944283182757048,0.493171774768353,"NS"
"GOBP_REGULATION_OF_PROTEIN_NEDDYLATION","GO:BP",11,-0.74647610645754,1.11403628844274,0.944283182757048,0.637653282038952,"NS"
"GOBP_THIOESTER_BIOSYNTHETIC_PROCESS","GO:BP",28,-0.781932557957986,0.765434630369335,0.944283182757048,0.94145989322768,"NS"
"GOBP_AMIDE_BIOSYNTHETIC_PROCESS","GO:BP",51,-0.812475842519585,-0.832430758642613,0.945086135642405,0.921144339902543,"NS"
"GOBP_PROTEIN_DEACETYLATION","GO:BP",10,0.728254622059478,1.47827797224003,0.94732565990194,0.292880967955853,"NS"
"GOBP_MAINTENANCE_OF_CELL_NUMBER","GO:BP",11,-0.728346968433254,-0.900032574944013,0.950244459440125,0.828855036055724,"NS"
"GOBP_CELL_CELL_ADHESION_VIA_PLASMA_MEMBRANE_ADHESION_MOLECULES","GO:BP",12,-0.725355983508414,0.904395243594217,0.952152768611404,0.830854241929909,"NS"
"GOBP_VASCULAR_ASSOCIATED_SMOOTH_MUSCLE_CELL_PROLIFERATION","GO:BP",12,0.730965418879012,0.777664435528155,0.952343044765126,0.920535762112209,"NS"
"GOBP_INTERFERON_BETA_PRODUCTION","GO:BP",12,-0.721823381759154,-0.756694994856567,0.952665639796813,0.926463073963624,"NS"
"GOBP_CELLULAR_RESPONSE_TO_UNFOLDED_PROTEIN","GO:BP",23,0.750200732188213,1.20629990296141,0.95362471055193,0.511688742331853,"NS"
"GOBP_EAR_MORPHOGENESIS","GO:BP",10,0.713763964262876,0.865427227875543,0.958141354493814,0.85682797901184,"NS"
"GOBP_POSITIVE_REGULATION_OF_LIPID_METABOLIC_PROCESS","GO:BP",31,-0.771750131620268,1.02256753241092,0.958166669640662,0.719920612318596,"NS"
"GOBP_AMYLOID_BETA_FORMATION","GO:BP",12,0.713212729263949,-1.13290030483051,0.959031694014222,0.616411900990035,"NS"
"GOBP_LIPID_IMPORT_INTO_CELL","GO:BP",11,0.707962569627322,1.45895076637009,0.959031694014222,0.30407488369486,"NS"
"GOBP_NEGATIVE_REGULATION_OF_HEMOPOIESIS","GO:BP",15,0.728533123656937,-1.13506823147694,0.959031694014222,0.604552015027267,"NS"
"GOBP_POSITIVE_REGULATION_OF_CALCIUM_ION_TRANSMEMBRANE_TRANSPORT","GO:BP",20,-0.74314304424292,-0.961095630496576,0.959031694014222,0.782112520769601,"NS"
"GOBP_PROTEIN_EXPORT_FROM_NUCLEUS","GO:BP",20,-0.738699332072714,-0.768152473921121,0.959031694014222,0.93568120528079,"NS"
"GOBP_REGULATION_OF_LEUKOCYTE_MEDIATED_IMMUNITY","GO:BP",28,0.748218365417662,-1.45433240818201,0.959031694014222,0.268474853897978,"NS"
"GOBP_RESPONSE_TO_COLD","GO:BP",11,-0.707765945464743,0.8004008672628,0.959031694014222,0.911154206977694,"NS"
"GOBP_GLUTATHIONE_METABOLIC_PROCESS","GO:BP",24,-0.750923125361488,-1.41589408515332,0.95929675092856,0.305952152791087,"NS"
"GOBP_POSITIVE_REGULATION_OF_REACTIVE_OXYGEN_SPECIES_METABOLIC_PROCESS","GO:BP",22,0.735072136255979,-0.94335945769232,0.960029762751466,0.801933418663689,"NS"
"GOBP_PRIMARY_ALCOHOL_METABOLIC_PROCESS","GO:BP",27,-0.751977094661509,-1.26641859039785,0.960029762751466,0.431809736157562,"NS"
"GOBP_FATTY_ACID_CATABOLIC_PROCESS","GO:BP",43,0.765717707530582,1.25261255868311,0.961129569716522,0.424534847481841,"NS"
"GOBP_ACETYL_COA_METABOLIC_PROCESS","GO:BP",21,-0.734299363974721,0.967989473168588,0.961626758115743,0.778858447402266,"NS"
"GOBP_MITOCHONDRIAL_OUTER_MEMBRANE_PERMEABILIZATION","GO:BP",11,0.697165328600843,1.35453920941048,0.963039236939085,0.385856417636989,"NS"
"GOBP_REGULATION_OF_ORGANIC_ACID_TRANSPORT","GO:BP",16,-0.716046200794379,1.08281353678274,0.963039236939085,0.66724912611352,"NS"
"GOBP_XENOBIOTIC_METABOLIC_PROCESS","GO:BP",23,-0.73170349663933,-1.28953988130894,0.965413691679204,0.406237221427111,"NS"
"GOBP_CARDIAC_MUSCLE_TISSUE_MORPHOGENESIS","GO:BP",11,-0.69092825738758,1.40617688341865,0.969641327845639,0.345778356983716,"NS"
"GOBP_ALCOHOL_CATABOLIC_PROCESS","GO:BP",13,-0.694600638338347,-1.11145131956881,0.969886103854743,0.637033016999868,"NS"
"GOBP_RESPONSE_TO_OXYGEN_RADICAL","GO:BP",13,0.691401121803075,-1.99784134533459,0.970254973862581,0.038815066134985,"Tr.(PLA) only"
"GOBP_MUSCLE_CELL_APOPTOTIC_PROCESS","GO:BP",16,0.697245446393446,1.43254144912927,0.974380111783969,0.308126343899269,"NS"
"GOBP_BINDING_OF_SPERM_TO_ZONA_PELLUCIDA","GO:BP",11,0.676691649375604,1.27734213309059,0.980511943417272,0.457309325316887,"NS"
"GOBP_REGULATION_OF_DENDRITE_DEVELOPMENT","GO:BP",15,0.691000443095897,-0.960166021625795,0.980644946154292,0.78021907845351,"NS"
"GOBP_GLIAL_CELL_MIGRATION","GO:BP",14,-0.688433728015663,-1.07131361578819,0.981082560328494,0.681968232611442,"NS"
"GOBP_LEARNING","GO:BP",20,-0.699364909476389,-0.833251302249373,0.98258434579636,0.897017340178018,"NS"
"GOBP_MITOCHONDRIAL_FISSION","GO:BP",12,0.664618924676643,1.36818493632547,0.98258434579636,0.377574873184629,"NS"
"GOBP_ORGANELLE_MEMBRANE_FUSION","GO:BP",32,-0.730609798740912,-1.33112920065593,0.98258434579636,0.359131229019133,"NS"
"GOBP_POSITIVE_REGULATION_OF_VIRAL_PROCESS","GO:BP",19,0.684953371979827,-1.50095926395426,0.98258434579636,0.268474853897978,"NS"
"GOBP_PROTEIN_HOMOTETRAMERIZATION","GO:BP",20,0.693581413924497,-1.43937538217173,0.98258434579636,0.298700358995133,"NS"
"GOBP_PROTEIN_IMPORT_INTO_MITOCHONDRIAL_MATRIX","GO:BP",13,-0.668993119389177,1.05728829332167,0.98258434579636,0.697976550933027,"NS"
"GOBP_TYPE_I_INTERFERON_PRODUCTION","GO:BP",24,0.702556437132981,0.684732168437395,0.98258434579636,0.97038954828869,"NS"
"GOBP_EMBRYONIC_ORGAN_MORPHOGENESIS","GO:BP",16,0.680939747099001,-1.03680296709777,0.982617145170205,0.708929738452102,"NS"
"GOBP_STEROID_HORMONE_RECEPTOR_SIGNALING_PATHWAY","GO:BP",23,-0.700342932577329,-0.982220992588894,0.983342362493098,0.759650273051382,"NS"
"GOBP_CELL_SURFACE_RECEPTOR_SIGNALING_PATHWAY_VIA_JAK_STAT","GO:BP",11,-0.655350824100743,-1.23475089676957,0.983397515429122,0.511688742331853,"NS"
"GOBP_CELL_SURFACE_RECEPTOR_SIGNALING_PATHWAY_VIA_STAT","GO:BP",11,-0.655350824100743,-1.23475089676957,0.983397515429122,0.511688742331853,"NS"
"GOBP_MORPHOGENESIS_OF_EMBRYONIC_EPITHELIUM","GO:BP",13,-0.659211944889124,-1.66595058835765,0.983397515429122,0.177279444837114,"NS"
"GOBP_AXONAL_TRANSPORT","GO:BP",15,0.660163202896066,0.830117815558409,0.988866142922305,0.888392360879522,"NS"
"GOBP_FATTY_ACID_TRANSPORT","GO:BP",25,0.684310834004146,1.51053707052263,0.989868346054788,0.238386902427589,"NS"
"GOBP_DENDRITE_MORPHOGENESIS","GO:BP",17,0.66123987752135,-1.35998303926468,0.990838853985805,0.373579595649696,"NS"
"GOBP_GLYCEROLIPID_CATABOLIC_PROCESS","GO:BP",10,-0.641651662612807,-1.15921378755605,0.990838853985805,0.59134448495343,"NS"
"GOBP_POSITIVE_REGULATION_OF_PROTEASOMAL_UBIQUITIN_DEPENDENT_PROTEIN_CATABOLIC_PROCESS","GO:BP",22,-0.672285081848415,-0.546764771611924,0.990838853985805,0.999195369204614,"NS"
"GOBP_REGULATION_OF_LIPID_BIOSYNTHETIC_PROCESS","GO:BP",42,0.704034497208965,-1.14075198066753,0.990838853985805,0.559036354907694,"NS"
"GOBP_CELLULAR_HYPEROSMOTIC_RESPONSE","GO:BP",10,-0.633875762989511,1.39904727163585,0.992145971131137,0.356105832440383,"NS"
"GOBP_GRANULOCYTE_ACTIVATION","GO:BP",10,-0.635136810738394,-0.706200103961288,0.992145971131137,0.952782723753206,"NS"
"GOBP_RIBOSOME_ASSEMBLY","GO:BP",23,-0.673654864835222,1.04702969119099,0.992145971131137,0.699956974715192,"NS"
"GOBP_FATTY_ACID_METABOLIC_PROCESS","GO:BP",128,-0.790463853609883,-1.16207112815297,0.993675843558351,0.431809736157562,"NS"
"GOBP_POLYSACCHARIDE_METABOLIC_PROCESS","GO:BP",35,0.684911261253078,1.66288583909908,0.993675843558351,0.131672372258146,"NS"
"GOBP_PURINE_NUCLEOBASE_METABOLIC_PROCESS","GO:BP",11,0.628896913633995,-0.781885147446257,0.993675843558351,0.918485384125152,"NS"
"GOBP_REGULATION_OF_ALPHA_BETA_T_CELL_DIFFERENTIATION","GO:BP",11,0.634181870338085,-1.3623153458742,0.993675843558351,0.385682633445821,"NS"
"GOBP_REGULATION_OF_EARLY_ENDOSOME_TO_LATE_ENDOSOME_TRANSPORT","GO:BP",11,-0.625237662745451,0.596819243287538,0.993675843558351,0.986480224769107,"NS"
"GOBP_REGULATION_OF_LIPID_METABOLIC_PROCESS","GO:BP",68,0.729231093195778,-1.24495811373324,0.993675843558351,0.383524475027115,"NS"
"GOBP_REGULATION_OF_NEUROGENESIS","GO:BP",50,0.700667459386625,-1.06773641238689,0.995317987990499,0.656097809431128,"NS"
"GOBP_TRANSCRIPTION_INITIATION_AT_RNA_POLYMERASE_II_PROMOTER","GO:BP",13,0.624022460643807,1.04952496692053,0.995317987990499,0.701210870793647,"NS"
"GOBP_REGULATION_OF_EPITHELIAL_CELL_DIFFERENTIATION","GO:BP",10,0.608554945747072,-1.56763514778452,0.995376746202502,0.258109743615527,"NS"
"GOBP_FATTY_ACID_BIOSYNTHETIC_PROCESS","GO:BP",47,-0.713506387572244,-1.38732098210723,0.996544963291248,0.287415301186041,"NS"
"GOBP_HYPEROSMOTIC_RESPONSE","GO:BP",11,-0.612258347225111,1.27589753222876,0.998391166438905,0.457706964897834,"NS"
"GOBP_ACTIN_MYOSIN_FILAMENT_SLIDING","GO:BP",14,0.613337336202237,1.58643830930226,0.998525668991972,0.209128991893803,"NS"
"GOBP_CELLULAR_RESPONSE_TO_ANGIOTENSIN","GO:BP",12,0.602768387848999,-0.804057170461987,0.998619787589166,0.90642440946013,"NS"
"GOBP_DENDRITE_DEVELOPMENT","GO:BP",33,0.659619410296314,-1.46280008471578,0.998619787589166,0.264090177133655,"NS"
"GOBP_MONOATOMIC_ANION_TRANSPORT","GO:BP",18,0.627077928441296,0.718075059581065,0.998619787589166,0.957966902466267,"NS"
"GOBP_CELLULAR_RESPONSE_TO_KETONE","GO:BP",23,-0.618415720250505,-1.05208256441277,0.999689300250129,0.692862777580562,"NS"
"GOBP_CELLULAR_RESPONSE_TO_OXIDATIVE_STRESS","GO:BP",65,-0.720828826871619,-1.13473455566741,0.999689300250129,0.547392418046712,"NS"
"GOBP_DETOXIFICATION","GO:BP",57,0.665568411350596,-2.09166045080374,0.999689300250129,0.00317115219457725,"Tr.(PLA) only"
"GOBP_ENERGY_RESERVE_METABOLIC_PROCESS","GO:BP",35,0.636047513855483,1.55992743973431,0.999689300250129,0.190295944824377,"NS"
"GOBP_FRUCTOSE_6_PHOSPHATE_METABOLIC_PROCESS","GO:BP",10,-0.588271391920109,1.20515959006743,0.999689300250129,0.547392418046712,"NS"
"GOBP_GLUCOSE_CATABOLIC_PROCESS","GO:BP",18,0.62218946297054,1.42470083433518,0.999689300250129,0.308126343899269,"NS"
"GOBP_MONOCARBOXYLIC_ACID_CATABOLIC_PROCESS","GO:BP",53,0.675602243272571,1.19373362749128,0.999689300250129,0.473276705544155,"NS"
"GOBP_ORGANELLE_TRANSPORT_ALONG_MICROTUBULE","GO:BP",17,0.59717130535021,-0.676092320564307,0.999689300250129,0.97038954828869,"NS"
"GOBP_PEPTIDYL_LYSINE_MODIFICATION","GO:BP",19,-0.595299151277031,0.795361307075683,0.999689300250129,0.919334345656822,"NS"
"GOBP_POSITIVE_REGULATION_OF_SMALL_MOLECULE_METABOLIC_PROCESS","GO:BP",43,-0.688206018678552,-0.770567769602759,0.999689300250129,0.95589448441247,"NS"
"GOBP_PROTEIN_TETRAMERIZATION","GO:BP",29,0.633638234024653,-1.21794467224546,0.999689300250129,0.471612914055774,"NS"
"GOBP_REGULATION_OF_AMYLOID_PRECURSOR_PROTEIN_CATABOLIC_PROCESS","GO:BP",14,0.587417136023367,-1.37910942433507,0.999689300250129,0.362594783465994,"NS"
"GOBP_REGULATION_OF_FATTY_ACID_BIOSYNTHETIC_PROCESS","GO:BP",11,-0.578512042911069,-1.51145792648215,0.999689300250129,0.287415301186041,"NS"
"GOBP_REGULATION_OF_NEUTROPHIL_MIGRATION","GO:BP",11,-0.582338583359069,-0.632984299338122,0.999689300250129,0.977562097277428,"NS"
"GOBP_RESPONSE_TO_KETONE","GO:BP",41,0.642610694495673,-1.54076734518747,0.999689300250129,0.187496413901574,"NS"
"GOBP_SYNAPSE_ASSEMBLY","GO:BP",23,-0.623190449968915,-0.832351907624563,0.999689300250129,0.897085701579313,"NS"
"GOBP_TUBE_FORMATION","GO:BP",15,0.581052281899894,-1.52287583903957,0.999689300250129,0.262104427649515,"NS"
"GOBP_ATP_METABOLIC_PROCESS","GO:BP",123,-0.746177233928835,2.21646393525509,1,5.27426847296677e-06,"Tr.(PLA) only"
"GOBP_CELLULAR_RESPONSE_TO_CORTICOSTEROID_STIMULUS","GO:BP",17,0.553704479194039,-1.11750368493767,1,0.626609609168767,"NS"
"GOBP_CELLULAR_RESPONSE_TO_GLUCOCORTICOID_STIMULUS","GO:BP",14,0.492069258970093,-1.14599243472834,1,0.587822446592378,"NS"
"GOBP_CELLULAR_RESPONSE_TO_REACTIVE_OXYGEN_SPECIES","GO:BP",39,0.537171543660624,-1.06892816529393,1,0.657493029232218,"NS"
"GOBP_CELLULAR_RESPONSE_TO_STEROID_HORMONE_STIMULUS","GO:BP",44,-0.601843382211007,-1.06674289999743,1,0.653641211667123,"NS"
"GOBP_DNA_TEMPLATED_TRANSCRIPTION_INITIATION","GO:BP",15,0.570289488314414,0.858463537154068,1,0.869873573851372,"NS"
"GOBP_ELECTRON_TRANSPORT_CHAIN","GO:BP",80,-0.558256828964568,2.46546202404812,1,2.07745083813418e-07,"Tr.(PLA) only"
"GOBP_ENERGY_DERIVATION_BY_OXIDATION_OF_ORGANIC_COMPOUNDS","GO:BP",181,-0.605741300265653,2.55730038591776,1,7.7514047515152e-13,"Tr.(PLA) only"
"GOBP_ESTROGEN_RECEPTOR_SIGNALING_PATHWAY","GO:BP",14,-0.484203248841016,-0.595741155567067,1,0.988712753919931,"NS"
"GOBP_FATTY_ACID_BETA_OXIDATION","GO:BP",37,0.527178056454253,1.20403719949901,1,0.489277861003793,"NS"
"GOBP_FATTY_ACID_TRANSMEMBRANE_TRANSPORT","GO:BP",11,-0.413905008652983,1.30493063916895,1,0.431809736157562,"NS"
"GOBP_GLUCAN_BIOSYNTHETIC_PROCESS","GO:BP",16,-0.317210181507353,1.53796311115085,1,0.238386902427589,"NS"
"GOBP_GLUCAN_METABOLIC_PROCESS","GO:BP",33,-0.574280867208512,1.65098235340373,1,0.135355634596492,"NS"
"GOBP_GLUTAMINE_FAMILY_AMINO_ACID_METABOLIC_PROCESS","GO:BP",21,-0.583727376007831,0.862598922346869,1,0.872561114918894,"NS"
"GOBP_INFLAMMATORY_RESPONSE_TO_ANTIGENIC_STIMULUS","GO:BP",13,-0.546710868398395,-1.08593537660946,1,0.662428525267284,"NS"
"GOBP_LIPID_MODIFICATION","GO:BP",48,0.505407519576029,1.53687542301432,1,0.180029803571469,"NS"
"GOBP_LIPID_OXIDATION","GO:BP",44,0.553440104336836,1.32835311089553,1,0.345778356983716,"NS"
"GOBP_LONG_TERM_SYNAPTIC_POTENTIATION","GO:BP",18,0.451992937625845,0.7432390207171,1,0.945100947454975,"NS"
"GOBP_NEGATIVE_REGULATION_OF_INFLAMMATORY_RESPONSE","GO:BP",20,0.559802616618437,-1.18646553422431,1,0.53148367218479,"NS"
"GOBP_NUCLEOSIDE_TRIPHOSPHATE_BIOSYNTHETIC_PROCESS","GO:BP",76,-0.479497210297241,2.32304985384304,1,3.31613143278504e-06,"Tr.(PLA) only"
"GOBP_REGULATION_OF_AXON_EXTENSION","GO:BP",15,-0.493763853970182,-1.19740382394785,1,0.53753008423586,"NS"
"GOBP_REGULATION_OF_CD4_POSITIVE_ALPHA_BETA_T_CELL_ACTIVATION","GO:BP",10,-0.538057283449103,-1.2915143097512,1,0.446900045378235,"NS"
"GOBP_REGULATION_OF_FATTY_ACID_METABOLIC_PROCESS","GO:BP",24,0.52836435786388,-0.942947065551921,1,0.796169121978025,"NS"
"GOBP_REGULATION_OF_INTRACELLULAR_STEROID_HORMONE_RECEPTOR_SIGNALING_PATHWAY","GO:BP",15,-0.575894421721741,-1.018345314066,1,0.727320275673906,"NS"
"GOBP_REGULATION_OF_KETONE_METABOLIC_PROCESS","GO:BP",30,-0.560103463022182,-1.01995813879018,1,0.719920612318596,"NS"
"GOBP_REGULATION_OF_SYNAPSE_ASSEMBLY","GO:BP",14,0.488002229101505,-0.832278444834923,1,0.88392513831628,"NS"
"GOBP_RESPONSE_TO_ARSENIC_CONTAINING_SUBSTANCE","GO:BP",10,-0.546203949610356,0.81140730472963,1,0.899459900219034,"NS"
"GOBP_RESPONSE_TO_PROSTAGLANDIN","GO:BP",12,0.497229125629573,-1.4531116925525,1,0.31564598395537,"NS"
"GOBP_RESPONSE_TO_TEMPERATURE_STIMULUS","GO:BP",49,0.638987051290546,-0.88270984909532,1,0.87362270387036,"NS"
"GOBP_UNSATURATED_FATTY_ACID_METABOLIC_PROCESS","GO:BP",30,0.528494789616578,-1.75651523262813,1,0.0871158656989788,"NS"
"GOBP_VESICLE_MEDIATED_TRANSPORT_BETWEEN_ENDOSOMAL_COMPARTMENTS","GO:BP",16,-0.55278521731709,0.635472591523302,1,0.980953460589307,"NS"
"HALLMARK_COAGULATION","Hallmark",53,1.66209826224805,-1.66084940053179,0.0481595834846834,0.0351479483406899,"Both"
"HALLMARK_PROTEIN_SECRETION","Hallmark",49,1.50975989897434,-1.21101734380765,0.11371511946015,0.311044896238527,"NS"
"HALLMARK_KRAS_SIGNALING_UP","Hallmark",24,1.42894370574115,-1.22729862385763,0.249564277746793,0.31942223368584,"NS"
"HALLMARK_UV_RESPONSE_DN","Hallmark",26,1.3579863985515,-1.55203860348968,0.299213976150098,0.109036422314431,"NS"
"HALLMARK_MYOGENESIS","Hallmark",113,1.22159978816644,1.35823954218139,0.310591831841432,0.126338924233661,"NS"
"HALLMARK_SPERMATOGENESIS","Hallmark",12,-1.27948310120198,-0.741750691639985,0.403004617186962,0.886148850247714,"NS"
"HALLMARK_BILE_ACID_METABOLISM","Hallmark",25,-1.12603474342428,-1.67915366536468,0.578125633232016,0.0745158002038736,"NS"
"HALLMARK_IL6_JAK_STAT3_SIGNALING","Hallmark",10,0.961758543996759,-1.30468302138557,0.727311780981506,0.311044896238527,"NS"
"HALLMARK_REACTIVE_OXYGEN_SPECIES_PATHWAY","Hallmark",28,0.988372254345874,-1.51114564150357,0.727311780981506,0.126338924233661,"NS"
"HALLMARK_UNFOLDED_PROTEIN_RESPONSE","Hallmark",35,-0.963913128188435,0.712188358070049,0.727311780981506,0.90484022556391,"NS"
"HALLMARK_CHOLESTEROL_HOMEOSTASIS","Hallmark",21,-0.740333722890296,-1.29231973916795,0.974652813733273,0.311044896238527,"NS"
"HALLMARK_TNFA_SIGNALING_VIA_NFKB","Hallmark",17,-0.616976854492348,0.952972917477915,0.975242202411152,0.68051668757496,"NS"
"KEGG_MEDICUS_PATHOGEN_ESCHERICHIA_EAE_TIR_TCCP_TO_ACTIN_SIGNALING_PATHWAY","KEGG",10,1.64142231906985,-0.599669419904904,0.105512287750777,0.97657522567204,"NS"
"KEGG_MEDICUS_PATHOGEN_ESCHERICHIA_EAE_TIR_TO_ACTIN_SIGNALING_PATHWAY","KEGG",11,1.64541640814394,-0.473627134645708,0.105512287750777,0.993216630196936,"NS"
"KEGG_MEDICUS_PATHOGEN_ESCHERICHIA_ESPT_TO_RAC_SIGNALING_PATHWAY","KEGG",11,1.65337729002292,-0.740857575225951,0.105512287750777,0.861187086518456,"NS"
"KEGG_MEDICUS_PATHOGEN_ESCHERICHIA_MAP_TO_CDC42_SIGNALING_PATHWAY","KEGG",11,1.66241174619564,-0.701599955514881,0.105512287750777,0.89347647702407,"NS"
"KEGG_MEDICUS_PATHOGEN_HCV_CORE_TO_ERK_SIGNALING_PATHWAY","KEGG",11,1.64194776315209,-1.04606000245113,0.105512287750777,0.581600228332223,"NS"
"KEGG_MEDICUS_PATHOGEN_SALMONELLA_SOPB_TO_ARNO_ARF_ACTB_G_SIGNALING_PATHWAY","KEGG",14,1.67765380937965,-0.823074007374076,0.105512287750777,0.79742726796799,"NS"
"KEGG_MEDICUS_PATHOGEN_SALMONELLA_SOPE_TO_RAC_SIGNALING_PATHWAY","KEGG",12,1.7285329957707,-0.99081634832128,0.105512287750777,0.638729877605237,"NS"
"KEGG_MEDICUS_PATHOGEN_SHIGELLA_IPAC_TO_ACTIN_SIGNALING_PATHWAY","KEGG",11,1.72005413782568,-0.913690070251065,0.105512287750777,0.698261388502089,"NS"
"KEGG_MEDICUS_PATHOGEN_SHIGELLA_IPGD_TO_ARNO_ARF_ACTB_G_SIGNALING_PATHWAY","KEGG",14,1.67765380937965,-0.823074007374076,0.105512287750777,0.79742726796799,"NS"
"KEGG_MEDICUS_REFERENCE_ARNO_ARF_ACTB_G_SIGNALING_PATHWAY","KEGG",14,1.67765380937965,-0.823074007374076,0.105512287750777,0.79742726796799,"NS"
"KEGG_MEDICUS_REFERENCE_EGF_EGFR_ACTIN_SIGNALING_PATHWAY","KEGG",12,1.73413673851913,-0.792949935102526,0.105512287750777,0.81687758812791,"NS"
"KEGG_MEDICUS_REFERENCE_TIGHT_JUNCTION_ACTIN_SIGNALING_PATHWAY","KEGG",11,1.72005413782568,-0.913690070251065,0.105512287750777,0.698261388502089,"NS"
"KEGG_MEDICUS_REFERENCE_ITGA_B_TALIN_VINCULIN_SIGNALING_PATHWAY","KEGG",12,1.51115359886907,-1.94336779685362,0.242804995196926,0.013712731776795,"Tr.(PLA) only"
"KEGG_MEDICUS_REFERENCE_MICROTUBULE_RHOA_SIGNALING_PATHWAY","KEGG",11,1.47092869620402,-1.86753679103179,0.281569431051109,0.0416630196936543,"Tr.(PLA) only"
"KEGG_MEDICUS_VARIANT_MUTATION_CAUSED_ABERRANT_DCTN1_TO_RETROGRADE_AXONAL_TRANSPORT","KEGG",11,1.45755693746566,-1.61999090821899,0.289976742866867,0.0706783369803063,"NS"
"KEGG_MEDICUS_REFERENCE_BRANCHING_MICROTUBULE_NUCLEATION","KEGG",10,1.37641593548517,-1.75024701065068,0.319843516144807,0.0469692273632942,"Tr.(PLA) only"
"KEGG_MEDICUS_REFERENCE_CITRATE_CYCLE_SECOND_CARBON_OXIDATION_2","KEGG",10,-1.42639980339626,1.37758479889056,0.319843516144807,0.200042789901583,"NS"
"KEGG_MEDICUS_REFERENCE_KEAP1_NRF2_SIGNALING_PATHWAY","KEGG",10,-1.44535824003693,-0.67744724233309,0.319843516144807,0.912393813983882,"NS"
"KEGG_MEDICUS_REFERENCE_ASSEMBLY_AND_TRAFFICKING_OF_TELOMERASE","KEGG",10,1.3271459239664,0.939034005026019,0.370438052862969,0.693190533963659,"NS"
"KEGG_MEDICUS_REFERENCE_TLR2_4_MAPK_SIGNALING_PATHWAY","KEGG",10,-1.26836103648788,1.36298740855592,0.445325976661593,0.208122500805428,"NS"
"KEGG_MEDICUS_VARIANT_MUTATION_CAUSED_ABERRANT_ABETA_TO_ANTEROGRADE_AXONAL_TRANSPORT","KEGG",13,1.26235279636564,-1.47183961369455,0.445325976661593,0.127860245219658,"NS"
"KEGG_MEDICUS_REFERENCE_ISOLEUCINE_DEGRADATION","KEGG",10,-1.23095846541927,1.1106827146223,0.453353675764254,0.49427399318195,"NS"
"KEGG_MEDICUS_REFERENCE_BETA_OXIDATION","KEGG",11,-1.21020694233598,0.746321331682269,0.459871289184139,0.861187086518456,"NS"
"KEGG_MEDICUS_ENV_FACTOR_IRON_TO_ANTEROGRADE_AXONAL_TRANSPORT","KEGG",11,1.21179168317239,-1.5364999046938,0.461770063216544,0.106708346358237,"NS"
"KEGG_MEDICUS_ENV_FACTOR_ZN_TO_ANTEROGRADE_AXONAL_TRANSPORT","KEGG",12,1.15746412034702,-1.49663462903044,0.507776176753122,0.120852089636681,"NS"
"KEGG_MEDICUS_REFERENCE_ARL8_REGULATED_MICROTUBULE_PLUS_END_DIRECTED_TRANSPORT","KEGG",14,1.06290268494498,-1.62391914844051,0.622512448910386,0.0631319969362413,"NS"
"KEGG_MEDICUS_REFERENCE_RETROGRADE_AXONAL_TRANSPORT","KEGG",15,1.06657366246415,-1.60421805228404,0.622512448910386,0.065479056331247,"NS"
"KEGG_MEDICUS_VARIANT_MUTATION_CAUSED_ABERRANT_HTT_TO_RETROGRADE_AXONAL_TRANSPORT","KEGG",15,1.06657366246415,-1.60421805228404,0.622512448910386,0.065479056331247,"NS"
"KEGG_MEDICUS_REFERENCE_ELECTRON_TRANSFER_IN_COMPLEX_IV","KEGG",11,1.01127227113528,1.61907579718073,0.67213935452102,0.0551737304314624,"NS"
"KEGG_MEDICUS_VARIANT_MUTATION_CAUSED_ABERRANT_ABETA_TO_ELECTRON_TRANSFER_IN_COMPLEX_IV","KEGG",11,1.01127227113528,1.61907579718073,0.67213935452102,0.0551737304314624,"NS"
"KEGG_MEDICUS_ENV_FACTOR_ARSENIC_TO_ELECTRON_TRANSFER_IN_COMPLEX_IV","KEGG",12,0.970398430031306,1.53083692694019,0.734041786743516,0.0924173365376647,"NS"
"KEGG_MEDICUS_VARIANT_MUTATION_CAUSED_ABERRANT_ABETA_TO_26S_PROTEASOME_MEDIATED_PROTEIN_DEGRADATION","KEGG",32,-0.912532756300692,1.11849738369063,0.823206740314616,0.461377870563674,"NS"
"KEGG_MEDICUS_VARIANT_MUTATION_CAUSED_ABERRANT_HTT_TO_26S_PROTEASOME_MEDIATED_PROTEIN_DEGRADATION","KEGG",32,-0.912532756300692,1.11849738369063,0.823206740314616,0.461377870563674,"NS"
"KEGG_MEDICUS_VARIANT_SCRAPIE_CONFORMATION_PRPSC_TO_26S_PROTEASOME_MEDIATED_PROTEIN_DEGRADATION","KEGG",32,-0.912532756300692,1.11849738369063,0.823206740314616,0.461377870563674,"NS"
"KEGG_MEDICUS_VARIANT_MUTATION_CAUSED_ABERRANT_SNCA_TO_26S_PROTEASOME_MEDIATED_PROTEIN_DEGRADATION","KEGG",33,-0.867711725242149,1.09266530822985,0.922714237307746,0.49427399318195,"NS"
"KEGG_MEDICUS_VARIANT_MUTATION_CAUSED_ABERRANT_SOD1_TO_26S_PROTEASOME_MEDIATED_PROTEIN_DEGRADATION","KEGG",34,-0.858097473143826,0.869089915195542,0.927120406936116,0.79742726796799,"NS"
"KEGG_MEDICUS_REFERENCE_26S_PROTEASOME_MEDIATED_PROTEIN_DEGRADATION","KEGG",33,-0.801479265994101,1.00740999201316,0.96973608167983,0.629138498873288,"NS"
"KEGG_MEDICUS_VARIANT_MUTATION_INACTIVATED_UBQLN2_TO_26S_PROTEASOME_MEDIATED_PROTEIN_DEGRADATION","KEGG",33,-0.801479265994101,1.00740999201316,0.96973608167983,0.629138498873288,"NS"
"KEGG_MEDICUS_REFERENCE_ELECTRON_TRANSFER_IN_COMPLEX_I","KEGG",40,0.617902841285665,2.31403345978004,0.992368881897243,8.92123492301166e-06,"Tr.(PLA) only"
"KEGG_MEDICUS_REFERENCE_GLYCOLYSIS","KEGG",16,0.644089539875168,0.946717277187823,0.992368881897243,0.693190533963659,"NS"
"KEGG_MEDICUS_REFERENCE_VGCC_CA2_APOPTOTIC_PATHWAY","KEGG",10,-0.583583229923267,1.76963512677701,0.992368881897243,0.0422629846133172,"Tr.(PLA) only"
"KEGG_MEDICUS_VARIANT_MUTATION_INACTIVATED_VCP_TO_26S_PROTEASOME_MEDIATED_PROTEIN_DEGRADATION","KEGG",34,-0.75712598326318,0.949066519712947,0.992368881897243,0.693190533963659,"NS"
"KEGG_MEDICUS_VARIANT_SCRAPIE_CONFORMATION_PRPSC_TO_MGLUR5_CA2_APOPTOTIC_PATHWAY","KEGG",10,-0.515761192103513,1.99077398274183,0.992368881897243,0.00225889303115669,"Tr.(PLA) only"
"SIG_CHEMOTAXIS","Other",15,1.39989806006115,0.595648724688159,0.1456,0.974428236989015,"NS"
"SIG_INSULIN_RECEPTOR_PATHWAY_IN_CARDIAC_MYOCYTES","Other",21,1.38857523010398,-0.760766756722812,0.1456,0.974428236989015,"NS"
"SIG_PIP3_SIGNALING_IN_CARDIAC_MYOCTES","Other",15,1.35457396506802,-0.615080992278421,0.1456,0.974428236989015,"NS"
"SIG_REGULATION_OF_THE_ACTIN_CYTOSKELETON_BY_RHO_GTPASES","Other",20,1.37408060314098,0.565789413866397,0.1456,0.974428236989015,"NS"
"WNT_SIGNALING","Other",11,0.99328468816883,0.845834744362839,0.464582127002509,0.974428236989015,"NS"
"PID_SYNDECAN_1_PATHWAY","PID",16,2.15730792044263,-1.09361303436514,0.00387500982204813,0.722056738368195,"Tr.(CRE) only"
"PID_HDAC_CLASSI_PATHWAY","PID",15,-1.7238779585063,1.24457984774644,0.101052053477955,0.581626965856495,"NS"
"PID_INTEGRIN1_PATHWAY","PID",28,1.72769915001312,-2.14123892743181,0.101052053477955,0.00591792689805309,"Tr.(PLA) only"
"PID_P75_NTR_PATHWAY","PID",12,1.70740861354962,-1.11410348875051,0.101052053477955,0.722056738368195,"NS"
"PID_S1P_S1P3_PATHWAY","PID",11,1.76931449381968,-1.38403647960989,0.101052053477955,0.486801242236025,"NS"
"PID_THROMBIN_PAR1_PATHWAY","PID",18,1.80557348085215,-2.29177474976772,0.101052053477955,0.00223490217789942,"Tr.(PLA) only"
"PID_BETA_CATENIN_NUC_PATHWAY","PID",14,1.66217548769198,-1.12453769695756,0.118683531558744,0.722056738368195,"NS"
"PID_HDAC_CLASSII_PATHWAY","PID",11,1.62436033234271,-1.95357261519777,0.145498096056995,0.0264671650969036,"Tr.(PLA) only"
"PID_INTEGRIN3_PATHWAY","PID",13,1.60294472451284,-1.7317759491619,0.150610754313059,0.118381502890173,"NS"
"PID_NCADHERIN_PATHWAY","PID",13,1.47931461617372,-1.39942605778354,0.293497880199807,0.473628773281952,"NS"
"PID_ECADHERIN_STABILIZATION_PATHWAY","PID",12,1.43850549230437,-1.34407646130165,0.314077150588383,0.514254265272427,"NS"
"PID_ILK_PATHWAY","PID",23,1.40720310581649,-0.90180033484073,0.314077150588383,0.886702417035828,"NS"
"PID_P53_REGULATION_PATHWAY","PID",20,-1.40153808805832,1.43335861399854,0.314077150588383,0.396187803309361,"NS"
"PID_INSULIN_GLUCOSE_PATHWAY","PID",17,1.39316528321419,-1.07113986925708,0.316380897026058,0.725403817914831,"NS"
"PID_S1P_S1P2_PATHWAY","PID",12,1.39675897351961,-1.21430082877773,0.316380897026058,0.627848101265823,"NS"
"PID_HNF3B_PATHWAY","PID",10,-1.35326968320665,0.957708936021712,0.343308823529412,0.845666107454725,"NS"
"PID_PI3KCI_AKT_PATHWAY","PID",15,1.32803930855476,-0.902213425826604,0.359663826953547,0.875615331837262,"NS"
"PID_ECADHERIN_NASCENT_AJ_PATHWAY","PID",16,1.23417648002947,-1.17302882476458,0.451792437387461,0.660610573343261,"NS"
"PID_TELOMERASE_PATHWAY","PID",13,1.23267282727482,-1.02839216372026,0.455469553070172,0.753256262042389,"NS"
"PID_LIS1_PATHWAY","PID",16,1.15664099323308,-1.97616316457381,0.534194009445687,0.0264671650969036,"Tr.(PLA) only"
"PID_P38_MK2_PATHWAY","PID",10,1.16646695096121,-1.02314162156987,0.534194009445687,0.754301901021788,"NS"
"PID_VEGFR1_2_PATHWAY","PID",32,1.10883753403668,-0.803153807897603,0.55806891468583,0.91367788183605,"NS"
"PID_ERA_GENOMIC_PATHWAY","PID",15,1.09225777475111,-0.981552192057267,0.587538940809969,0.802177404961628,"NS"
"PID_LYMPH_ANGIOGENESIS_PATHWAY","PID",12,1.07096738545372,1.29424400506419,0.620522765888067,0.556280714159448,"NS"
"PID_P38_ALPHA_BETA_DOWNSTREAM_PATHWAY","PID",11,-1.0566442034847,-1.0353391292541,0.629419247951244,0.753256262042389,"NS"
"PID_HEDGEHOG_GLI_PATHWAY","PID",15,1.04400581080753,-0.923053670218923,0.64041250402836,0.873218428902884,"NS"
"PID_LKB1_PATHWAY","PID",17,1.02176094044534,-0.940706148315544,0.649667419333125,0.856812398797132,"NS"
"PID_P73PATHWAY","PID",15,-1.0213035769655,0.658399960471921,0.649667419333125,0.964574549070612,"NS"
"PID_ARF6_TRAFFICKING_PATHWAY","PID",13,1.01391236174128,-1.71997725773651,0.655621693121693,0.118381502890173,"NS"
"PID_AR_PATHWAY","PID",16,0.968808818542453,-0.840636957971224,0.684057174271578,0.888913288133732,"NS"
"PID_IL6_7_PATHWAY","PID",12,0.915975111939781,0.783338370352141,0.738228247992629,0.91367788183605,"NS"
"PID_RHOA_PATHWAY","PID",15,0.917942482610431,-1.3605092214882,0.738228247992629,0.486801242236025,"NS"
"PID_AURORA_B_PATHWAY","PID",13,0.872679572705106,-1.72450974431491,0.752878739455921,0.118381502890173,"NS"
"PID_TXA2PATHWAY","PID",14,0.854867802976584,-1.28237176038475,0.76728408485338,0.57695885509839,"NS"
"PID_HIF1_TFPATHWAY","PID",20,0.853462750670554,1.24113540364035,0.76979808468905,0.581626965856495,"NS"
"PID_TGFBR_PATHWAY","PID",15,-0.782089136574996,0.87733784215483,0.838850673545429,0.888913288133732,"NS"
"PID_IL12_2PATHWAY","PID",14,0.733584498400332,-0.908354195349121,0.889666736998745,0.875615331837262,"NS"
"PID_ALPHA_SYNUCLEIN_PATHWAY","PID",12,-0.653612685443294,0.538177867438536,0.922145328719723,0.986282888253593,"NS"
"PID_ANGIOPOIETIN_RECEPTOR_PATHWAY","PID",15,-0.648243880931128,0.736437964540167,0.922145328719723,0.938058427868688,"NS"
"PID_IFNG_PATHWAY","PID",16,0.668498252786418,1.12458088500494,0.922145328719723,0.722056738368195,"NS"
"REACTOME_COLLAGEN_CHAIN_TRIMERIZATION","Reactome",12,2.38692290212282,-1.71551114630049,1.13702879978591e-05,0.112143506844899,"Tr.(CRE) only"
"REACTOME_ECM_PROTEOGLYCANS","Reactome",27,2.18736565115209,-2.09407407339429,0.000439099438148354,0.00429588187503655,"Both"
"REACTOME_INTEGRIN_CELL_SURFACE_INTERACTIONS","Reactome",23,2.21540712878384,-2.17388368684762,0.00110792944680762,0.00352662243732663,"Both"
"REACTOME_INTERLEUKIN_12_FAMILY_SIGNALING","Reactome",31,2.20007217302767,-2.3675477345592,0.00110792944680762,0.000223446696996249,"Both"
"REACTOME_SEMAPHORIN_INTERACTIONS","Reactome",23,2.05677588852388,-1.7450178445268,0.00440776945711421,0.0647722124548519,"Tr.(CRE) only"
"REACTOME_FCGAMMA_RECEPTOR_FCGR_DEPENDENT_PHAGOCYTOSIS","Reactome",36,1.92527333855969,-1.11393014335701,0.00622343770898131,0.524067996135711,"Tr.(CRE) only"
"REACTOME_ER_TO_GOLGI_ANTEROGRADE_TRANSPORT","Reactome",68,1.81089491652643,-1.1938856522164,0.006976828915249,0.414298818798693,"Tr.(CRE) only"
"REACTOME_RHO_GTPASES_ACTIVATE_PKNS","Reactome",21,1.91809690165372,-1.28612570973066,0.0134900137349882,0.395816374846053,"Tr.(CRE) only"
"REACTOME_TRANS_GOLGI_NETWORK_VESICLE_BUDDING","Reactome",30,1.86133874611972,-1.44325056374311,0.0203247329193923,0.224362520651404,"Tr.(CRE) only"
"REACTOME_INTERFERON_ALPHA_BETA_SIGNALING","Reactome",12,1.87587381112153,-1.31494666286086,0.0269822441776907,0.397229599977071,"Tr.(CRE) only"
"REACTOME_REGULATION_OF_TP53_ACTIVITY","Reactome",25,-1.90352295141769,1.72215516051598,0.028337276385926,0.0587109976047334,"Tr.(CRE) only"
"REACTOME_COPI_DEPENDENT_GOLGI_TO_ER_RETROGRADE_TRAFFIC","Reactome",31,1.83459918494284,-1.6628824195908,0.0292708370741897,0.08674860580151,"Tr.(CRE) only"
"REACTOME_SARS_COV_2_HOST_INTERACTIONS","Reactome",68,1.68276942329528,-1.03852481020118,0.0304047293919786,0.602044988000959,"Tr.(CRE) only"
"REACTOME_RHO_GTPASES_ACTIVATE_CIT","Reactome",12,1.82796370879608,-0.84605488212254,0.0461481663795225,0.769085872154529,"Tr.(CRE) only"
"REACTOME_SEMA4D_IN_SEMAPHORIN_SIGNALING","Reactome",11,1.80538086004117,-1.29963041234556,0.0498303037275656,0.40171954338411,"Tr.(CRE) only"
"REACTOME_SARS_COV_1_HOST_INTERACTIONS","Reactome",53,1.64488199743679,-1.44543091578995,0.051498127340824,0.172800081103001,"NS"
"REACTOME_P75_NTR_RECEPTOR_MEDIATED_SIGNALLING","Reactome",11,1.78843933045194,-1.86723211061188,0.0600228658536585,0.0576350848718469,"NS"
"REACTOME_SCAVENGING_OF_HEME_FROM_PLASMA","Reactome",19,1.74585101837968,-1.70766576324918,0.072650952534711,0.08674860580151,"NS"
"REACTOME_RHO_GTPASES_ACTIVATE_PAKS","Reactome",17,1.74455298424254,-1.02134209432918,0.0751584578705588,0.648917915822833,"NS"
"REACTOME_RHO_GTPASES_ACTIVATE_ROCKS","Reactome",13,1.74699597281241,-0.888989766586669,0.0895869887974085,0.730111589531388,"NS"
"REACTOME_MATURATION_OF_SARS_COV_2_SPIKE_PROTEIN","Reactome",12,1.73187966180352,-0.493226891237863,0.10011954572624,0.991468343062416,"NS"
"REACTOME_RHO_GTPASES_ACTIVATE_WASPS_AND_WAVES","Reactome",16,1.69455447819823,-0.514891589670295,0.103047593357103,0.991468343062416,"NS"
"REACTOME_SARS_COV_1_ACTIVATES_MODULATES_INNATE_IMMUNE_RESPONSES","Reactome",12,1.71279649137981,-1.54477099716438,0.112685431723089,0.200614982136233,"NS"
"REACTOME_SENSORY_PROCESSING_OF_SOUND","Reactome",19,1.67647419673269,-1.54233421249494,0.113986469317749,0.172800081103001,"NS"
"REACTOME_SENSORY_PROCESSING_OF_SOUND_BY_OUTER_HAIR_CELLS_OF_THE_COCHLEA","Reactome",14,1.67162211759684,-1.58714570943043,0.120906399755745,0.175641863715258,"NS"
"REACTOME_GAP_JUNCTION_TRAFFICKING_AND_REGULATION","Reactome",16,1.6595287868386,-1.27737392388489,0.121028744326778,0.407730651385474,"NS"
"REACTOME_INTRA_GOLGI_AND_RETROGRADE_GOLGI_TO_ER_TRAFFIC","Reactome",57,1.52079858537091,-1.28205756334904,0.121028744326778,0.318991736748566,"NS"
"REACTOME_LYSOSOME_VESICLE_BIOGENESIS","Reactome",16,1.65738215204752,-1.42853213816939,0.121028744326778,0.278955840497448,"NS"
"REACTOME_RHOBTB2_GTPASE_CYCLE","Reactome",18,1.64938270681229,-0.737848694123058,0.121028744326778,0.890981860389404,"NS"
"REACTOME_TRANSLATION_OF_SARS_COV_2_STRUCTURAL_PROTEINS","Reactome",17,1.65683648526538,-0.729971566572168,0.121028744326778,0.890981860389404,"NS"
"REACTOME_CHAPERONE_MEDIATED_AUTOPHAGY","Reactome",11,1.67117593843321,-1.86282710322129,0.125364213491818,0.0585880459312359,"NS"
"REACTOME_RHOV_GTPASE_CYCLE","Reactome",12,1.67186897843126,0.520788484350688,0.125364213491818,0.991379953755741,"NS"
"REACTOME_HCMV_LATE_EVENTS","Reactome",16,-1.63518346687122,1.0526510252754,0.136557357183925,0.610186034180847,"NS"
"REACTOME_MET_ACTIVATES_PTK2_SIGNALING","Reactome",11,1.64737243713824,-1.6498322223626,0.139236716027875,0.151136051445375,"NS"
"REACTOME_SARS_COV_2_ACTIVATES_MODULATES_INNATE_AND_ADAPTIVE_IMMUNE_RESPONSES","Reactome",24,1.57993373190394,-1.17263595378703,0.150423268938572,0.485871149664253,"NS"
"REACTOME_NEDDYLATION","Reactome",72,-1.42644429287752,1.69631429819423,0.165214999786389,0.0358329628135213,"Tr.(PLA) only"
"REACTOME_THROMBIN_SIGNALLING_THROUGH_PROTEINASE_ACTIVATED_RECEPTORS_PARS","Reactome",10,1.59621358673681,-1.68157024366332,0.179450486548369,0.127606696221796,"NS"
"REACTOME_VEGFR2_MEDIATED_VASCULAR_PERMEABILITY","Reactome",10,1.58382411972505,-1.19911346701076,0.193001667454767,0.498872028348235,"NS"
"REACTOME_ENDOSOMAL_SORTING_COMPLEX_REQUIRED_FOR_TRANSPORT_ESCRT","Reactome",18,-1.54743586745314,1.17303848835572,0.199714402284782,0.498872028348235,"NS"
"REACTOME_CELLULAR_SENESCENCE","Reactome",20,-1.51651946380454,1.13866058292355,0.217257724719101,0.524067996135711,"NS"
"REACTOME_REGULATION_OF_TP53_ACTIVITY_THROUGH_PHOSPHORYLATION","Reactome",12,-1.56406140500881,0.99587761156674,0.226784853907836,0.659007069139332,"NS"
"REACTOME_BRANCHED_CHAIN_AMINO_ACID_CATABOLISM","Reactome",18,-1.50045014337273,0.968120879080953,0.247286821705426,0.674267026062318,"NS"
"REACTOME_MATURATION_OF_TCA_ENZYMES_AND_REGULATION_OF_TCA_CYCLE","Reactome",12,-1.54693249369683,1.5147327269438,0.247286821705426,0.20285595273715,"NS"
"REACTOME_DEVELOPMENTAL_LINEAGE_OF_PANCREATIC_DUCTAL_CELLS","Reactome",18,1.49464047054899,-2.05769869577625,0.247742033691902,0.012498408671167,"Tr.(PLA) only"
"REACTOME_PROTEIN_LOCALIZATION","Reactome",80,-1.34556979750132,1.49724950460504,0.247742033691902,0.0984026254318729,"NS"
"REACTOME_ION_CHANNEL_TRANSPORT","Reactome",32,-1.40856838941395,0.547783936863826,0.262247943510228,0.991468343062416,"NS"
"REACTOME_RHOBTB_GTPASE_CYCLE","Reactome",22,1.46174112258349,0.777133823791322,0.262247943510228,0.868659615461461,"NS"
"REACTOME_CITRIC_ACID_CYCLE_TCA_CYCLE","Reactome",25,-1.42023248108057,2.09848849353526,0.283204822882004,0.00352662243732663,"Tr.(PLA) only"
"REACTOME_FORMATION_OF_THE_DYSTROPHIN_GLYCOPROTEIN_COMPLEX_DGC","Reactome",22,-1.43104495639841,0.593691339889516,0.306205548618275,0.978486564271665,"NS"
"REACTOME_FCGR_ACTIVATION","Reactome",10,1.47340089497698,-1.44539343342675,0.306338816853737,0.281729069580588,"NS"
"REACTOME_COMPLEMENT_CASCADE","Reactome",30,1.39452511753347,-1.27147284271717,0.312926718252162,0.393280559294248,"NS"
"REACTOME_INITIAL_TRIGGERING_OF_COMPLEMENT","Reactome",21,1.4166172502264,-1.17495524740051,0.312926718252162,0.498872028348235,"NS"
"REACTOME_LAMININ_INTERACTIONS","Reactome",16,1.43268353408558,-2.07574359811058,0.331742755274375,0.012498408671167,"Tr.(PLA) only"
"REACTOME_E3_UBIQUITIN_LIGASES_UBIQUITINATE_TARGET_PROTEINS","Reactome",13,-1.43922629295787,-0.892539934804184,0.342346313046144,0.72821030114827,"NS"
"REACTOME_MYD88_INDEPENDENT_TLR4_CASCADE","Reactome",31,-1.35175712159942,1.60208354510076,0.351832294278009,0.114660013824088,"NS"
"REACTOME_RHO_GTPASES_ACTIVATE_IQGAPS","Reactome",16,1.40986883271741,-1.80715864099073,0.354937777187868,0.0576350848718469,"NS"
"REACTOME_UNFOLDED_PROTEIN_RESPONSE_UPR","Reactome",23,1.38122433758846,0.803168524591879,0.356278217627429,0.83950992848153,"NS"
"REACTOME_INTERLEUKIN_17_SIGNALING","Reactome",21,-1.37790914348198,1.81744523574241,0.358589464518938,0.0467151261937244,"Tr.(PLA) only"
"REACTOME_APOPTOTIC_CLEAVAGE_OF_CELLULAR_PROTEINS","Reactome",14,1.404548188375,-1.01841612300808,0.365086845294197,0.644855607355607,"NS"
"REACTOME_HSP90_CHAPERONE_CYCLE_FOR_STEROID_HORMONE_RECEPTORS_SHR_IN_THE_PRESENCE_OF_LIGAND","Reactome",36,1.34129418536139,-1.07432945559504,0.365214125824694,0.567212668719541,"NS"
"REACTOME_RESPONSE_OF_MTB_TO_PHAGOCYTOSIS","Reactome",14,1.40098172508402,-1.31527722871997,0.365214125824694,0.386302731155757,"NS"
"REACTOME_DNA_DOUBLE_STRAND_BREAK_REPAIR","Reactome",18,-1.37848954854706,1.11169454279891,0.368586898633055,0.538145781192273,"NS"
"REACTOME_ION_TRANSPORT_BY_P_TYPE_ATPASES","Reactome",18,-1.37869742667316,0.763113091074642,0.368586898633055,0.874928107675432,"NS"
"REACTOME_APOPTOTIC_EXECUTION_PHASE","Reactome",21,1.36128928736094,-0.947785659781801,0.386262954684007,0.701634645545299,"NS"
"REACTOME_HOMOLOGY_DIRECTED_REPAIR","Reactome",12,-1.39020792139083,-0.714886879348657,0.387225969645868,0.891358036742742,"NS"
"REACTOME_CLEC7A_DECTIN_1_SIGNALING","Reactome",46,-1.28291694314694,1.05159914732563,0.398810255524288,0.602044988000959,"NS"
"REACTOME_RHOD_GTPASE_CYCLE","Reactome",19,1.35000959906007,-1.22588415890027,0.400773539610563,0.452688975774302,"NS"
"REACTOME_DARPP_32_EVENTS","Reactome",14,-1.37082639341267,1.13048563407501,0.410254265640682,0.529119119627926,"NS"
"REACTOME_TURBULENT_OSCILLATORY_DISTURBED_FLOW_SHEAR_STRESS_ACTIVATES_SIGNALING_BY_PIEZO1_AND_INTEGRINS_IN_ENDOTHELIAL_CELLS","Reactome",14,1.34660013585876,-1.30831637042553,0.42507068803016,0.393280559294248,"NS"
"REACTOME_N_GLYCAN_TRIMMING_IN_THE_ER_AND_CALNEXIN_CALRETICULIN_CYCLE","Reactome",14,1.32695811400471,-1.51328346998418,0.458975469343047,0.223242363247758,"NS"
"REACTOME_COPI_INDEPENDENT_GOLGI_TO_ER_RETROGRADE_TRAFFIC","Reactome",28,1.2694833249211,-1.42453847468588,0.493298744138129,0.241313369825767,"NS"
"REACTOME_MET_PROMOTES_CELL_MOTILITY","Reactome",17,1.29425434703814,-1.36802049804011,0.493298744138129,0.318991736748566,"NS"
"REACTOME_RHOC_GTPASE_CYCLE","Reactome",19,1.2748874549922,-1.1015962293698,0.495187865086961,0.544435820120789,"NS"
"REACTOME_RHOU_GTPASE_CYCLE","Reactome",14,1.3024370156983,0.887675594740994,0.495187865086961,0.732752624088241,"NS"
"REACTOME_COPII_MEDIATED_VESICLE_TRANSPORT","Reactome",27,1.25226056036091,-0.796725800157166,0.511786836457356,0.857860035746116,"NS"
"REACTOME_FOXO_MEDIATED_TRANSCRIPTION","Reactome",11,1.28240676979228,-1.12445898147676,0.520898157372513,0.528348985193682,"NS"
"REACTOME_PEROXISOMAL_PROTEIN_IMPORT","Reactome",21,-1.24818481270417,-0.903268605647727,0.520898157372513,0.732752624088241,"NS"
"REACTOME_DRUG_ADME","Reactome",22,1.23577183963522,-1.38337778520438,0.532409176776335,0.296782005824997,"NS"
"REACTOME_FORMATION_OF_TUBULIN_FOLDING_INTERMEDIATES_BY_CCT_TRIC","Reactome",17,1.25083066985057,-1.38607526128489,0.532409176776335,0.308056664048656,"NS"
"REACTOME_MITOCHONDRIAL_PROTEIN_DEGRADATION","Reactome",78,-1.16556097275151,2.47634529853879,0.532409176776335,4.92508320761842e-08,"Tr.(PLA) only"
"REACTOME_ROLE_OF_PHOSPHOLIPIDS_IN_PHAGOCYTOSIS","Reactome",12,1.26946218229192,-1.30091198102978,0.532409176776335,0.405199277027234,"NS"
"REACTOME_HIGH_LAMINAR_FLOW_SHEAR_STRESS_ACTIVATES_SIGNALING_BY_PIEZO1_AND_PECAM1_CDH5_KDR_IN_ENDOTHELIAL_CELLS","Reactome",18,1.2380027934835,-1.86595065804823,0.539271856037918,0.0435045348971635,"Tr.(PLA) only"
"REACTOME_DEFECTIVE_INTRINSIC_PATHWAY_FOR_APOPTOSIS","Reactome",10,1.26349517207571,-1.40193569371457,0.543756265902571,0.318991736748566,"NS"
"REACTOME_REGULATION_OF_LIPID_METABOLISM_BY_PPARALPHA","Reactome",12,-1.24368927069441,-1.07817404319444,0.567886113857068,0.57788715670704,"NS"
"REACTOME_AGGREPHAGY","Reactome",22,1.20773881580022,-1.60175688759237,0.578281297170589,0.145831566673733,"NS"
"REACTOME_SYNTHESIS_OF_DNA","Reactome",38,-1.17420545969022,1.12582960996373,0.578281297170589,0.524067996135711,"NS"
"REACTOME_METABOLISM_OF_NITRIC_OXIDE_NOS3_ACTIVATION_AND_REGULATION","Reactome",11,1.23019085636366,-0.900530710141748,0.580979531740237,0.723043362861219,"NS"
"REACTOME_PYRUVATE_METABOLISM","Reactome",23,-1.20136064706224,1.47445824611887,0.580979531740237,0.223242363247758,"NS"
"REACTOME_SARS_COV_2_MODULATES_HOST_TRANSLATION_MACHINERY","Reactome",35,1.18715297087088,-0.610126900362264,0.580979531740237,0.986771825205989,"NS"
"REACTOME_DNA_REPLICATION","Reactome",44,-1.16534837267603,1.01342522465429,0.581159829227598,0.648917915822833,"NS"
"REACTOME_OXIDATIVE_STRESS_INDUCED_SENESCENCE","Reactome",15,-1.2094088915572,1.22320337549019,0.581159829227598,0.469253337644274,"NS"
"REACTOME_CIRCADIAN_CLOCK","Reactome",42,-1.16204793346172,1.30020381599394,0.590276047635657,0.328167115902965,"NS"
"REACTOME_MITOCHONDRIAL_PROTEIN_IMPORT","Reactome",47,-1.15750860095267,2.0214431973232,0.590276047635657,0.00352662243732663,"Tr.(PLA) only"
"REACTOME_CREATION_OF_C4_AND_C2_ACTIVATORS","Reactome",16,1.20164369544513,-1.1653995270676,0.591239310511219,0.498872028348235,"NS"
"REACTOME_PROCESSING_OF_DNA_DOUBLE_STRAND_BREAK_ENDS","Reactome",10,-1.21361502283777,-0.80155536061992,0.592312917481774,0.815166898048751,"NS"
"REACTOME_RHOBTB1_GTPASE_CYCLE","Reactome",14,1.20279023157946,0.763960567698824,0.592312917481774,0.86188549564859,"NS"
"REACTOME_S_PHASE","Reactome",42,-1.15461561191595,1.40260937670498,0.592312917481774,0.225634906967781,"NS"
"REACTOME_PROTEIN_HYDROXYLATION","Reactome",10,-1.20911359860132,0.969146916558066,0.593270711125836,0.678150923099827,"NS"
"REACTOME_INTRAFLAGELLAR_TRANSPORT","Reactome",12,1.19553912713951,-1.72009814269851,0.600449634671829,0.112143506844899,"NS"
"REACTOME_POST_CHAPERONIN_TUBULIN_FOLDING_PATHWAY","Reactome",13,1.19098912306358,-1.50807942571163,0.600449634671829,0.223242363247758,"NS"
"REACTOME_GLYCOGEN_BREAKDOWN_GLYCOGENOLYSIS","Reactome",12,1.1924514272332,0.995907570032249,0.601126536802008,0.659007069139332,"NS"
"REACTOME_FATTY_ACYL_COA_BIOSYNTHESIS","Reactome",11,-1.18449060521431,0.682850763712069,0.60502448627829,0.912851967054602,"NS"
"REACTOME_ATTENUATION_PHASE","Reactome",14,1.16676875622576,-0.657465247278314,0.619961212209092,0.941886828054472,"NS"
"REACTOME_MITOTIC_G1_PHASE_AND_G1_S_TRANSITION","Reactome",44,-1.12310247410301,1.70902198289978,0.622009029345372,0.0467151261937244,"Tr.(PLA) only"
"REACTOME_SARS_COV_1_MODULATES_HOST_TRANSLATION_MACHINERY","Reactome",32,1.13906819424286,-0.829917701708853,0.622009029345372,0.830878089799718,"NS"
"REACTOME_DEATH_RECEPTOR_SIGNALING","Reactome",19,1.15099060390454,-1.38143804664461,0.631201730925264,0.306737099562323,"NS"
"REACTOME_REGULATION_OF_MRNA_STABILITY_BY_PROTEINS_THAT_BIND_AU_RICH_ELEMENTS","Reactome",49,1.11883747968207,-1.00011916377979,0.631201730925264,0.655255425612381,"NS"
"REACTOME_DETOXIFICATION_OF_REACTIVE_OXYGEN_SPECIES","Reactome",22,-1.13631751231046,-1.73409771994812,0.639635494738717,0.073371612233624,"NS"
"REACTOME_DOWNSTREAM_TCR_SIGNALING","Reactome",41,-1.10709040928981,0.922084849363688,0.639635494738717,0.723043362861219,"NS"
"REACTOME_TOLL_LIKE_RECEPTOR_9_TLR9_CASCADE","Reactome",28,-1.13019224618354,1.49630180931011,0.639635494738717,0.17869373776908,"NS"
"REACTOME_ASSOCIATION_OF_TRIC_CCT_WITH_TARGET_PROTEINS_DURING_BIOSYNTHESIS","Reactome",10,1.15248276761729,0.708064481586509,0.649112764739553,0.890981860389404,"NS"
"REACTOME_ARACHIDONATE_METABOLISM","Reactome",15,1.13511935250341,-1.66629298377776,0.657744874715262,0.126182147946625,"NS"
"REACTOME_DEADENYLATION_DEPENDENT_MRNA_DECAY","Reactome",14,-1.13177812165207,-0.536019274622617,0.657744874715262,0.991379953755741,"NS"
"REACTOME_DNA_REPLICATION_PRE_INITIATION","Reactome",40,-1.09706457651122,0.934300185162466,0.661507290430208,0.723043362861219,"NS"
"REACTOME_ASSEMBLY_AND_CELL_SURFACE_PRESENTATION_OF_NMDA_RECEPTORS","Reactome",14,1.12930880732702,-1.17405229031052,0.668993223978969,0.498872028348235,"NS"
"REACTOME_GPCR_LIGAND_BINDING","Reactome",12,1.13152948478572,-1.56431747708252,0.668993223978969,0.180314954426929,"NS"
"REACTOME_CROSS_PRESENTATION_OF_SOLUBLE_EXOGENOUS_ANTIGENS_ENDOSOMES","Reactome",34,1.09995267415138,0.889723257577142,0.671231547544723,0.755480104962578,"NS"
"REACTOME_CELL_SURFACE_INTERACTIONS_AT_THE_VASCULAR_WALL","Reactome",38,1.09728329448431,-1.78820017226304,0.672108750725388,0.032479229844579,"Tr.(PLA) only"
"REACTOME_GAMMA_CARBOXYLATION_HYPUSINYLATION_HYDROXYLATION_AND_ARYLSULFATASE_ACTIVATION","Reactome",16,-1.11061315352731,0.929199323562136,0.672108750725388,0.719855929489348,"NS"
"REACTOME_FACTORS_INVOLVED_IN_MEGAKARYOCYTE_DEVELOPMENT_AND_PLATELET_PRODUCTION","Reactome",29,1.10410928478872,-1.64566604468812,0.672112684992783,0.0954901960784314,"NS"
"REACTOME_KINESINS","Reactome",11,1.11447913658042,-1.6045556512224,0.678546671309924,0.172800081103001,"NS"
"REACTOME_CHROMATIN_ORGANIZATION","Reactome",16,-1.09928344489735,1.10489550831037,0.690121040513074,0.544435820120789,"NS"
"REACTOME_MITOCHONDRIAL_FATTY_ACID_BETA_OXIDATION","Reactome",24,-1.08843419085747,1.26040172789998,0.691587441215279,0.409075060225688,"NS"
"REACTOME_SUMOYLATION","Reactome",18,1.10386154409102,-0.918710863650985,0.691587441215279,0.723043362861219,"NS"
"REACTOME_IRE1ALPHA_ACTIVATES_CHAPERONES","Reactome",17,1.09108340596898,0.633220614897084,0.693399608086794,0.953649184551022,"NS"
"REACTOME_MITOCHONDRIAL_BIOGENESIS","Reactome",41,-1.06332684686913,1.87585775873692,0.693399608086794,0.012498408671167,"Tr.(PLA) only"
"REACTOME_MITOCHONDRIAL_CALCIUM_ION_TRANSPORT","Reactome",14,-1.08961676524126,1.64743440268545,0.693399608086794,0.127606696221796,"NS"
"REACTOME_MITOPHAGY","Reactome",19,-1.0770291788728,1.38386961943706,0.699023440591317,0.311140529348622,"NS"
"REACTOME_PEPTIDE_HORMONE_METABOLISM","Reactome",14,1.08656972390574,-2.03314557532232,0.700755913564089,0.012498408671167,"Tr.(PLA) only"
"REACTOME_M_DECAY_DEGRADATION_OF_MATERNAL_MRNAS_BY_MATERNALLY_STORED_FACTORS","Reactome",11,-1.08504908162599,0.97383669943879,0.701989496111933,0.674602136008213,"NS"
"REACTOME_CARBOXYTERMINAL_POST_TRANSLATIONAL_MODIFICATIONS_OF_TUBULIN","Reactome",10,1.0740857859896,-1.60351772643793,0.729408762698188,0.172800081103001,"NS"
"REACTOME_MAPK_TARGETS_NUCLEAR_EVENTS_MEDIATED_BY_MAP_KINASES","Reactome",11,-1.06651659721181,1.9797930103973,0.73677324358435,0.00953376137582071,"Tr.(PLA) only"
"REACTOME_CA_DEPENDENT_EVENTS","Reactome",11,-1.06206897196066,0.9127859704559,0.737881819835613,0.723043362861219,"NS"
"REACTOME_EPIGENETIC_REGULATION_BY_WDR5_CONTAINING_HISTONE_MODIFYING_COMPLEXES","Reactome",12,1.0637940171203,-2.03383036006112,0.737881819835613,0.0114384608401502,"Tr.(PLA) only"
"REACTOME_ENOS_ACTIVATION","Reactome",10,1.06354790616716,-0.903113278845832,0.738476308091712,0.723043362861219,"NS"
"REACTOME_GENE_SILENCING_BY_RNA","Reactome",11,-1.05864831798191,-1.15647971498483,0.740293004033755,0.524067996135711,"NS"
"REACTOME_CELLULAR_RESPONSE_TO_HYPOXIA","Reactome",36,-1.04300640734488,1.27466768758355,0.749343686740891,0.371254250953557,"NS"
"REACTOME_CHROMOSOME_MAINTENANCE","Reactome",11,-1.0499599251111,0.833711241404878,0.752763595350383,0.793529739249187,"NS"
"REACTOME_G_ALPHA_Z_SIGNALLING_EVENTS","Reactome",10,1.04475720700952,-1.91054960524889,0.756750675067507,0.0435045348971635,"Tr.(PLA) only"
"REACTOME_REPRODUCTION","Reactome",10,-1.05008504959662,0.487647219537481,0.756750675067507,0.991468343062416,"NS"
"REACTOME_CELLULAR_RESPONSES_TO_MECHANICAL_STIMULI","Reactome",31,1.02480678569677,-1.69488016561735,0.762950319482261,0.073371612233624,"NS"
"REACTOME_GLYCOGEN_METABOLISM","Reactome",17,1.03261456131652,1.08218042189359,0.77894990427164,0.567212668719541,"NS"
"REACTOME_TOLL_LIKE_RECEPTOR_TLR1_TLR2_CASCADE","Reactome",31,-1.01650846903677,1.16665459577261,0.781494988152905,0.498872028348235,"NS"
"REACTOME_PINK1_PRKN_MEDIATED_MITOPHAGY","Reactome",16,-1.01986598459947,1.23076244419942,0.794062269436043,0.460728996356474,"NS"
"REACTOME_CA2_PATHWAY","Reactome",12,-1.00883545044197,-1.23201886225652,0.800730747611017,0.462323128561265,"NS"
"REACTOME_HSF1_ACTIVATION","Reactome",18,1.01497930449288,-0.923932331461492,0.800730747611017,0.719855929489348,"NS"
"REACTOME_G_PROTEIN_MEDIATED_EVENTS","Reactome",17,1.00944635700202,-1.21603454656742,0.805305439226399,0.455187292672075,"NS"
"REACTOME_DAG_AND_IP3_SIGNALING","Reactome",11,-1.00589509157298,-0.899510136654063,0.808100454106758,0.723043362861219,"NS"
"REACTOME_SIGNALING_BY_CSF3_G_CSF","Reactome",13,-1.00542250967418,0.725416063437373,0.808748586994793,0.889694414608977,"NS"
"REACTOME_ANTIGEN_ACTIVATES_B_CELL_RECEPTOR_BCR_LEADING_TO_GENERATION_OF_SECOND_MESSENGERS","Reactome",14,0.997190053488877,-1.0009719107176,0.825490353805521,0.655255425612381,"NS"
"REACTOME_INTERLEUKIN_1_SIGNALING","Reactome",45,-0.991721860425013,0.938200706343753,0.825490353805521,0.719855929489348,"NS"
"REACTOME_DEGRADATION_OF_CRY_AND_PER_PROTEINS","Reactome",34,-0.981755647865718,1.12071735103517,0.832858600177528,0.524067996135711,"NS"
"REACTOME_SWITCHING_OF_ORIGINS_TO_A_POST_REPLICATIVE_STATE","Reactome",34,-0.981755647865718,1.12071735103517,0.832858600177528,0.524067996135711,"NS"
"REACTOME_NON_INTEGRIN_MEMBRANE_ECM_INTERACTIONS","Reactome",33,-0.974862300363892,-1.03465369337063,0.837929360639822,0.620480968307055,"NS"
"REACTOME_HCMV_EARLY_EVENTS","Reactome",22,0.974828944437249,-1.44807644951075,0.838477366255144,0.237098344693281,"NS"
"REACTOME_MUSCLE_CONTRACTION","Reactome",81,0.972373463287654,1.03019191715009,0.838477366255144,0.631061522132866,"NS"
"REACTOME_RESPIRATORY_SYNCYTIAL_VIRUS_RSV_GENOME_REPLICATION_TRANSCRIPTION_AND_TRANSLATION","Reactome",11,0.970512520172511,0.701809706982367,0.838477366255144,0.894606176296317,"NS"
"REACTOME_PLATELET_HOMEOSTASIS","Reactome",23,-0.959096408681734,-1.15560025551403,0.840512787440768,0.498872028348235,"NS"
"REACTOME_ADIPOGENESIS","Reactome",11,-0.928430933698366,-0.979918417278706,0.85245899696344,0.659007069139332,"NS"
"REACTOME_CARGO_CONCENTRATION_IN_THE_ER","Reactome",15,0.947906354894945,1.2497853668642,0.85245899696344,0.4416904024664,"NS"
"REACTOME_FATTY_ACID_METABOLISM","Reactome",65,-0.956596223112532,-1.0373042166586,0.85245899696344,0.610186034180847,"NS"
"REACTOME_PHASE_I_FUNCTIONALIZATION_OF_COMPOUNDS","Reactome",26,0.945339705588362,-1.54971374020645,0.85245899696344,0.151961931507918,"NS"
"REACTOME_PKR_MEDIATED_SIGNALING","Reactome",35,0.943712053841257,0.940501493735326,0.85245899696344,0.719855929489348,"NS"
"REACTOME_PYROPTOSIS","Reactome",10,-0.941516366672889,1.38137874875606,0.85245899696344,0.328167115902965,"NS"
"REACTOME_TRANSCRIPTIONAL_AND_POST_TRANSLATIONAL_REGULATION_OF_MITF_M_EXPRESSION_AND_ACTIVITY","Reactome",21,0.959515340756431,1.10253375607384,0.85245899696344,0.544435820120789,"NS"
"REACTOME_TBC_RABGAPS","Reactome",11,0.933105653473643,-1.08837805999272,0.857278963414634,0.559946693731256,"NS"
"REACTOME_NUCLEOTIDE_CATABOLISM","Reactome",11,0.92633926491772,-1.02320052266793,0.867997935319543,0.640115667718191,"NS"
"REACTOME_TRANSPORT_OF_MATURE_TRANSCRIPT_TO_CYTOPLASM","Reactome",14,-0.922237511016156,-0.737996533192521,0.873676667233062,0.881142813665069,"NS"
"REACTOME_APC_C_MEDIATED_DEGRADATION_OF_CELL_CYCLE_PROTEINS","Reactome",35,-0.931594705703243,1.11361232899184,0.875990097100857,0.528348985193682,"NS"
"REACTOME_FCGR3A_MEDIATED_IL10_SYNTHESIS","Reactome",16,0.910448028213916,-1.20601489513187,0.87600502331221,0.474767549657418,"NS"
"REACTOME_MTORC1_MEDIATED_SIGNALLING","Reactome",13,-0.910541630958644,-1.12685860525188,0.87600502331221,0.528348985193682,"NS"
"REACTOME_RHOG_GTPASE_CYCLE","Reactome",28,0.925725138581598,-1.46911090127521,0.87600502331221,0.20285595273715,"NS"
"REACTOME_APC_C_CDH1_MEDIATED_DEGRADATION_OF_CDC20_AND_OTHER_APC_C_CDH1_TARGETED_PROTEINS_IN_LATE_MITOSIS_EARLY_G1","Reactome",32,-0.926364232218734,1.00692656162078,0.87798620624124,0.655255425612381,"NS"
"REACTOME_CDK_MEDIATED_PHOSPHORYLATION_AND_REMOVAL_OF_CDC6","Reactome",32,-0.926364232218734,1.00692656162078,0.87798620624124,0.655255425612381,"NS"
"REACTOME_DEGRADATION_OF_GLI1_BY_THE_PROTEASOME","Reactome",34,-0.924600701053729,1.20207492483204,0.87798620624124,0.452688975774302,"NS"
"REACTOME_HSF1_DEPENDENT_TRANSACTIVATION","Reactome",20,0.912456238443532,0.908101850435993,0.87798620624124,0.723043362861219,"NS"
"REACTOME_RAC2_GTPASE_CYCLE","Reactome",23,0.91155654057625,-1.15793702428802,0.887884934538078,0.498872028348235,"NS"
"REACTOME_AUTOPHAGY","Reactome",65,0.908913512668425,-0.94017469274436,0.926996386128886,0.723043362861219,"NS"
"REACTOME_TCR_SIGNALING","Reactome",45,-0.903608705675512,0.800581553988808,0.929011996378452,0.872989101633603,"NS"
"REACTOME_G_ALPHA_S_SIGNALLING_EVENTS","Reactome",15,0.871817795944114,-1.76919848340009,0.933738733065866,0.0746703465194726,"NS"
"REACTOME_METABOLISM_OF_COFACTORS","Reactome",12,-0.859097161008771,-1.1444562144735,0.933738733065866,0.524067996135711,"NS"
"REACTOME_REGULATION_OF_CHOLESTEROL_BIOSYNTHESIS_BY_SREBP_SREBF","Reactome",15,-0.864986868261681,0.628275716246798,0.933738733065866,0.953649184551022,"NS"
"REACTOME_INACTIVATION_OF_CSF3_G_CSF_SIGNALING","Reactome",10,-0.853642013737087,0.852515003565217,0.939062095267489,0.77370535834596,"NS"
"REACTOME_CYTOPROTECTION_BY_HMOX1","Reactome",20,0.866813311950669,1.16493188112134,0.939577184722306,0.498872028348235,"NS"
"REACTOME_CELL_EXTRACELLULAR_MATRIX_INTERACTIONS","Reactome",13,0.850143128276096,-1.19743947854904,0.94178722949298,0.489643887021385,"NS"
"REACTOME_G2_M_DNA_DAMAGE_CHECKPOINT","Reactome",13,-0.849477338082795,-0.796947652084202,0.94178722949298,0.830878089799718,"NS"
"REACTOME_ACTIVATION_OF_APC_C_AND_APC_C_CDC20_MEDIATED_DEGRADATION_OF_MITOTIC_PROTEINS","Reactome",33,-0.873932145924463,0.99996420573126,0.946818280034572,0.659007069139332,"NS"
"REACTOME_FCERI_MEDIATED_NF_KB_ACTIVATION","Reactome",46,-0.884983446940587,0.795097440845305,0.946818280034572,0.878378767783437,"NS"
"REACTOME_GLUTATHIONE_CONJUGATION","Reactome",20,-0.854512666308992,-1.33290740493848,0.946818280034572,0.345227469399529,"NS"
"REACTOME_SIGNAL_TRANSDUCTION_BY_L1","Reactome",10,-0.836987890357597,-0.716288487422492,0.946818280034572,0.890981860389404,"NS"
"REACTOME_ACTIVATION_OF_AMPK_DOWNSTREAM_OF_NMDARS","Reactome",15,0.843335857648539,-1.3273343987745,0.953477191918279,0.371254250953557,"NS"
"REACTOME_COOPERATION_OF_PDCL_PHLP1_AND_TRIC_CCT_IN_G_PROTEIN_BETA_FOLDING","Reactome",16,0.84092756067604,-1.19491659873505,0.953578559773274,0.485871149664253,"NS"
"REACTOME_TRANSCRIPTIONAL_ACTIVITY_OF_SMAD2_SMAD3_SMAD4_HETEROTRIMER","Reactome",11,0.833536401172166,1.18999895667959,0.953578559773274,0.498872028348235,"NS"
"REACTOME_CELLULAR_RESPONSE_TO_HEAT_STRESS","Reactome",40,0.861630043608984,0.712357424577215,0.957616820096219,0.941886828054472,"NS"
"REACTOME_G_ALPHA_I_SIGNALLING_EVENTS","Reactome",37,0.855421141185019,-1.2054671835247,0.957616820096219,0.4416904024664,"NS"
"REACTOME_RAB_REGULATION_OF_TRAFFICKING","Reactome",26,0.845090451229553,-0.963906103024208,0.957616820096219,0.679433098725484,"NS"
"REACTOME_TNFR2_NON_CANONICAL_NF_KB_PATHWAY","Reactome",35,-0.861056059231754,1.31207463495679,0.957616820096219,0.328167115902965,"NS"
"REACTOME_LATE_ENDOSOMAL_MICROAUTOPHAGY","Reactome",15,-0.819206177500057,-0.954712256752295,0.96634354238917,0.679149491478904,"NS"
"REACTOME_REGULATION_OF_INSULIN_SECRETION","Reactome",23,-0.832904558419003,-1.43157568278331,0.969375516882131,0.253116675930672,"NS"
"REACTOME_ANTIGEN_PROCESSING_UB_ATP_INDEPENDENT_PROTEASOMAL_DEGRADATION","Reactome",16,-0.817534475570104,-1.16733148428773,0.970404737294126,0.498872028348235,"NS"
"REACTOME_CRISTAE_FORMATION","Reactome",25,-0.828476298990217,2.23883256221597,0.970404737294126,0.000749805584675401,"Tr.(PLA) only"
"REACTOME_DECTIN_1_MEDIATED_NONCANONICAL_NF_KB_SIGNALING","Reactome",36,-0.835554727093637,1.2788501748166,0.970404737294126,0.368047158403869,"NS"
"REACTOME_DEGRADATION_OF_BETA_CATENIN_BY_THE_DESTRUCTION_COMPLEX","Reactome",40,-0.843579263939364,1.46181074812216,0.970404737294126,0.176312739093008,"NS"
"REACTOME_FORMATION_OF_PARAXIAL_MESODERM","Reactome",30,-0.832511530246698,1.1138556775072,0.970404737294126,0.528348985193682,"NS"
"REACTOME_REGULATION_OF_ORNITHINE_DECARBOXYLASE_ODC","Reactome",30,-0.832511530246698,1.1138556775072,0.970404737294126,0.528348985193682,"NS"
"REACTOME_SOMITOGENESIS","Reactome",30,-0.832511530246698,1.1138556775072,0.970404737294126,0.528348985193682,"NS"
"REACTOME_ACTIVATION_OF_THE_MRNA_UPON_BINDING_OF_THE_CAP_BINDING_COMPLEX_AND_EIFS_AND_SUBSEQUENT_BINDING_TO_43S","Reactome",54,-0.815465044062191,0.720405506281896,0.972606745954377,0.947076128034815,"NS"
"REACTOME_ADORA2B_MEDIATED_ANTI_INFLAMMATORY_CYTOKINES_PRODUCTION","Reactome",12,0.743274433417536,-1.60089477747212,0.972606745954377,0.172800081103001,"NS"
"REACTOME_AQUAPORIN_MEDIATED_TRANSPORT","Reactome",10,-0.732939168608728,-1.41315918182194,0.972606745954377,0.311140529348622,"NS"
"REACTOME_COMPLEX_III_ASSEMBLY","Reactome",18,-0.76602858996699,1.91490126736264,0.972606745954377,0.0140325175626291,"Tr.(PLA) only"
"REACTOME_CYCLIN_A_CDK2_ASSOCIATED_EVENTS_AT_S_PHASE_ENTRY","Reactome",36,-0.824996107997803,1.44648563293039,0.972606745954377,0.20285595273715,"NS"
"REACTOME_CYTOSOLIC_TRNA_AMINOACYLATION","Reactome",23,0.785058427620497,1.58448511702786,0.972606745954377,0.142636143479423,"NS"
"REACTOME_DDX58_IFIH1_MEDIATED_INDUCTION_OF_INTERFERON_ALPHA_BETA","Reactome",16,0.793820908823019,-0.98300721516925,0.972606745954377,0.659007069139332,"NS"
"REACTOME_FBXL7_DOWN_REGULATES_AURKA_DURING_MITOTIC_ENTRY_AND_IN_EARLY_MITOSIS","Reactome",33,-0.786323989217425,1.12087029203267,0.972606745954377,0.524067996135711,"NS"
"REACTOME_FCERI_MEDIATED_CA_2_MOBILIZATION","Reactome",14,-0.760693948262566,-0.909428061670797,0.972606745954377,0.723043362861219,"NS"
"REACTOME_GASTRULATION","Reactome",31,-0.789680995741793,1.05125069640481,0.972606745954377,0.610186034180847,"NS"
"REACTOME_GLUCAGON_LIKE_PEPTIDE_1_GLP1_REGULATES_INSULIN_SECRETION","Reactome",11,-0.748072862453366,-1.22071374807228,0.972606745954377,0.474767549657418,"NS"
"REACTOME_GLUCOSE_METABOLISM","Reactome",33,-0.799809104930004,1.24267643903789,0.972606745954377,0.414506730446803,"NS"
"REACTOME_GPER1_SIGNALING","Reactome",14,0.757304813361989,-1.69792111110916,0.972606745954377,0.113976058873328,"NS"
"REACTOME_MRNA_SPLICING_MINOR_PATHWAY","Reactome",11,0.787664093381354,0.721859084136058,0.972606745954377,0.889694414608977,"NS"
"REACTOME_NUCLEAR_EVENTS_KINASE_AND_TRANSCRIPTION_FACTOR_ACTIVATION","Reactome",12,-0.753808379306837,1.89718344056646,0.972606745954377,0.0139139367214785,"Tr.(PLA) only"
"REACTOME_ORC1_REMOVAL_FROM_CHROMATIN","Reactome",33,-0.786323989217425,1.12087029203267,0.972606745954377,0.524067996135711,"NS"
"REACTOME_PROTEIN_FOLDING","Reactome",38,0.79247644682704,-1.72164289299439,0.972606745954377,0.0472375261891829,"Tr.(PLA) only"
"REACTOME_RAB_GEFS_EXCHANGE_GTP_FOR_GDP_ON_RABS","Reactome",20,-0.786319872439752,-1.10048778799463,0.972606745954377,0.544435820120789,"NS"
"REACTOME_REGULATED_NECROSIS","Reactome",19,-0.78256233664859,0.997302725840424,0.972606745954377,0.656612262485232,"NS"
"REACTOME_REGULATION_OF_PYRUVATE_METABOLISM","Reactome",13,-0.748697193294114,1.43713173243835,0.972606745954377,0.278955840497448,"NS"
"REACTOME_SCF_BETA_TRCP_MEDIATED_DEGRADATION_OF_EMI1","Reactome",33,-0.786323989217425,1.12087029203267,0.972606745954377,0.524067996135711,"NS"
"REACTOME_SCF_SKP2_MEDIATED_DEGRADATION_OF_P27_P21","Reactome",33,-0.786323989217425,1.12087029203267,0.972606745954377,0.524067996135711,"NS"
"REACTOME_SELECTIVE_AUTOPHAGY","Reactome",44,0.82073433055286,-0.989238684911702,0.972606745954377,0.659007069139332,"NS"
"REACTOME_SIGNALING_BY_RETINOIC_ACID","Reactome",15,-0.775566035237167,0.919561664194569,0.972606745954377,0.719855929489348,"NS"
"REACTOME_SIGNALING_BY_TGFB_FAMILY_MEMBERS","Reactome",27,0.773152546817638,1.12603098631043,0.972606745954377,0.524067996135711,"NS"
"REACTOME_TRANSCRIPTIONAL_ACTIVATION_OF_MITOCHONDRIAL_BIOGENESIS","Reactome",12,-0.745857961847658,0.840165284850376,0.972606745954377,0.781002510174662,"NS"
"REACTOME_TRIGLYCERIDE_METABOLISM","Reactome",15,0.756437680548849,-0.875598667212669,0.972606745954377,0.743347974398471,"NS"
"REACTOME_VASOPRESSIN_REGULATES_RENAL_WATER_HOMEOSTASIS_VIA_AQUAPORINS","Reactome",10,-0.732939168608728,-1.41315918182194,0.972606745954377,0.311140529348622,"NS"
"REACTOME_VIF_MEDIATED_DEGRADATION_OF_APOBEC3G","Reactome",34,-0.816864121926075,1.28529900455245,0.972606745954377,0.368047158403869,"NS"
"REACTOME_MTOR_SIGNALLING","Reactome",22,-0.757790731546544,0.875260306262025,0.975941721664959,0.759024220926,"NS"
"REACTOME_G2_M_CHECKPOINTS","Reactome",44,-0.794099719061176,0.753322659088947,0.979242203030972,0.911746528217715,"NS"
"REACTOME_ACTIVATION_OF_NF_KAPPAB_IN_B_CELLS","Reactome",34,-0.763084051283681,1.08521931660038,0.992858259167256,0.559235396935084,"NS"
"REACTOME_ASYMMETRIC_LOCALIZATION_OF_PCP_PROTEINS","Reactome",31,-0.719282109678066,1.0049453506569,0.992858259167256,0.655255425612381,"NS"
"REACTOME_DEGRADATION_OF_AXIN","Reactome",31,-0.719282109678066,1.0049453506569,0.992858259167256,0.655255425612381,"NS"
"REACTOME_ENERGY_DEPENDENT_REGULATION_OF_MTOR_BY_LKB1_AMPK","Reactome",12,-0.680905403919935,0.841979061482568,0.992858259167256,0.780752326761518,"NS"
"REACTOME_G1_S_DNA_DAMAGE_CHECKPOINTS","Reactome",31,-0.719282109678066,1.0049453506569,0.992858259167256,0.655255425612381,"NS"
"REACTOME_METABOLISM_OF_STEROIDS","Reactome",33,0.735693755453746,-1.2160173087599,0.992858259167256,0.436985072191859,"NS"
"REACTOME_PROTEASOME_ASSEMBLY","Reactome",37,-0.752417292143087,0.917454931360055,0.992858259167256,0.72821030114827,"NS"
"REACTOME_REGULATION_OF_RUNX3_EXPRESSION_AND_ACTIVITY","Reactome",32,-0.750973865635549,0.981566810037437,0.992858259167256,0.666490973710472,"NS"
"REACTOME_RUNX1_REGULATES_TRANSCRIPTION_OF_GENES_INVOLVED_IN_DIFFERENTIATION_OF_HSCS","Reactome",35,-0.735156632381388,0.87836011556225,0.992858259167256,0.768825673882371,"NS"
"REACTOME_SIGNALING_BY_TGF_BETA_RECEPTOR_COMPLEX","Reactome",25,0.698311201787786,1.1762636329816,0.992858259167256,0.498872028348235,"NS"
"REACTOME_STABILIZATION_OF_P53","Reactome",31,-0.719282109678066,1.0049453506569,0.992858259167256,0.655255425612381,"NS"
"REACTOME_TGF_BETA_RECEPTOR_SIGNALING_ACTIVATES_SMADS","Reactome",14,0.691913800614076,0.985804151580052,0.992858259167256,0.659007069139332,"NS"
"REACTOME_TRANSCRIPTIONAL_REGULATION_BY_MECP2","Reactome",11,0.67478206275052,0.890886620560383,0.992858259167256,0.733765982299578,"NS"
"REACTOME_TRANSCRIPTIONAL_REGULATION_BY_RUNX3","Reactome",34,-0.749742137933913,0.893725592443983,0.992858259167256,0.75052753870593,"NS"
"REACTOME_UBIQUITIN_DEPENDENT_DEGRADATION_OF_CYCLIN_D","Reactome",32,-0.747798477446106,0.968100200586101,0.992858259167256,0.679149491478904,"NS"
"REACTOME_ABC_TRANSPORTER_DISORDERS","Reactome",33,-0.693640886921008,0.942728771099511,1,0.716948585449273,"NS"
"REACTOME_AUF1_HNRNP_D0_BINDS_AND_DESTABILIZES_MRNA","Reactome",37,0.511665812098084,1.03192721879322,1,0.635731154085587,"NS"
"REACTOME_COOPERATION_OF_PREFOLDIN_AND_TRIC_CCT_IN_ACTIN_AND_TUBULIN_FOLDING","Reactome",24,0.594212721175672,-1.44973376842198,1,0.237098344693281,"NS"
"REACTOME_CO_STIMULATION_BY_CD28","Reactome",12,0.4950233490213,1.44410339983227,1,0.268318530222379,"NS"
"REACTOME_DEFECTIVE_CFTR_CAUSES_CYSTIC_FIBROSIS","Reactome",33,-0.693640886921008,0.942728771099511,1,0.716948585449273,"NS"
"REACTOME_DEGRADATION_OF_DVL","Reactome",32,-0.692164677388249,0.982963402486529,1,0.666490973710472,"NS"
"REACTOME_DISORDERS_OF_TRANSMEMBRANE_TRANSPORTERS","Reactome",40,-0.544429616656245,1.06332842974545,1,0.585714022018895,"NS"
"REACTOME_GLUCONEOGENESIS","Reactome",15,0.546744049537047,-1.22997835811528,1,0.452688975774302,"NS"
"REACTOME_HEDGEHOG_LIGAND_BIOGENESIS","Reactome",33,-0.56145519606227,0.8594083443709,1,0.792088737145477,"NS"
"REACTOME_HEDGEHOG_OFF_STATE","Reactome",47,-0.643692488834892,-1.22580486707691,1,0.400213641017043,"NS"
"REACTOME_HEDGEHOG_ON_STATE","Reactome",33,-0.565953971308226,0.923740810863414,1,0.723043362861219,"NS"
"REACTOME_HH_MUTANTS_ABROGATE_LIGAND_SECRETION","Reactome",32,-0.673226570327882,0.946902609473011,1,0.712600978136602,"NS"
"REACTOME_INTEGRATION_OF_ENERGY_METABOLISM","Reactome",37,-0.694914417412582,-1.35189814654394,1,0.278955840497448,"NS"
"REACTOME_INTERLEUKIN_1_FAMILY_SIGNALING","Reactome",49,-0.736044259219205,0.979878811778798,1,0.667785499367333,"NS"
"REACTOME_MAPK6_MAPK4_SIGNALING","Reactome",41,-0.545071255899514,0.900928896425524,1,0.743347974398471,"NS"
"REACTOME_METABOLISM_OF_POLYAMINES","Reactome",33,-0.531680903366182,1.17575535333622,1,0.485871149664253,"NS"
"REACTOME_MITOCHONDRIAL_UNFOLDED_PROTEIN_RESPONSE_UPRMT","Reactome",10,0.563138925419501,0.985291361663168,1,0.666490973710472,"NS"
"REACTOME_NEGATIVE_REGULATION_OF_NOTCH4_SIGNALING","Reactome",35,-0.548744812213195,1.15331980335103,1,0.498872028348235,"NS"
"REACTOME_NEGATIVE_REGULATION_OF_THE_PI3K_AKT_NETWORK","Reactome",15,-0.621317099841136,1.72788042512614,1,0.09228611855071,"NS"
"REACTOME_NUCLEOTIDE_SALVAGE","Reactome",10,-0.541805295704207,-0.739128636480151,1,0.875512212759119,"NS"
"REACTOME_OPIOID_SIGNALLING","Reactome",30,0.675423258797409,-1.09675829934115,1,0.538145781192273,"NS"
"REACTOME_REGULATION_OF_APOPTOSIS","Reactome",33,-0.71164650598222,0.970653685015099,1,0.677594749218108,"NS"
"REACTOME_REGULATION_OF_HSF1_MEDIATED_HEAT_SHOCK_RESPONSE","Reactome",29,0.659943480012757,0.747251047552494,1,0.894606176296317,"NS"
"REACTOME_REGULATION_OF_RUNX2_EXPRESSION_AND_ACTIVITY","Reactome",37,-0.648245138271654,0.958977912730804,1,0.692215024207759,"NS"
"REACTOME_REGULATION_OF_T_CELL_ACTIVATION_BY_CD28_FAMILY","Reactome",16,0.380572132649331,1.25445499701956,1,0.438972539059843,"NS"
"REACTOME_SIGNALING_BY_HEDGEHOG","Reactome",51,-0.437118997039735,-1.39646173113256,1,0.224362520651404,"NS"
"REACTOME_SLC_MEDIATED_TRANSMEMBRANE_TRANSPORT","Reactome",17,0.500034739260458,1.26552081496493,1,0.421406107245766,"NS"
"REACTOME_TCF_DEPENDENT_SIGNALING_IN_RESPONSE_TO_WNT","Reactome",49,-0.684462057187953,1.27655906491175,1,0.342258767306206,"NS"
"REACTOME_THE_ROLE_OF_GTSE1_IN_G2_M_PROGRESSION_AFTER_G2_CHECKPOINT","Reactome",43,0.665463173660958,-1.22725708515556,1,0.405199277027234,"NS"
"REACTOME_TRANSCRIPTIONAL_REGULATION_BY_RUNX2","Reactome",45,0.579972158203764,1.17673827829534,1,0.474278715160605,"NS"
"REACTOME_TRIGLYCERIDE_CATABOLISM","Reactome",14,0.478067952704913,-0.862932939232078,1,0.75974110722535,"NS"
"REACTOME_UCH_PROTEINASES","Reactome",39,-0.394131231454965,0.906311624762696,1,0.737238139762684,"NS"
"WP_CCL18_SIGNALING","WikiPathways",10,1.98330183854893,-1.13727910866372,0.00899940776695042,0.602487248093477,"Tr.(CRE) only"
"WP_MIRNA_TARGETS_IN_ECM_AND_MEMBRANE_RECEPTORS","WikiPathways",14,1.97632369484934,-1.97444128188461,0.0209821422997524,0.0307004629646777,"Both"
"WP_MAPK_SIGNALING","WikiPathways",60,-1.70603244383302,1.17584949887969,0.0408439258097749,0.532731215167643,"Tr.(CRE) only"
"WP_SPINAL_CORD_INJURY","WikiPathways",20,1.85639343037001,-1.49367015975703,0.0408439258097749,0.256561530897814,"Tr.(CRE) only"
"WP_ALLOGRAFT_REJECTION","WikiPathways",18,1.73828524941847,-1.58856472839872,0.108518175239014,0.231140033743071,"NS"
"WP_G13_SIGNALING","WikiPathways",15,1.75616703464137,-1.27883412855677,0.128690807799443,0.469830792227205,"NS"
"WP_STRIATED_MUSCLE_CONTRACTION_PATHWAY","WikiPathways",32,1.66405832861823,1.88392156266252,0.128690807799443,0.0214417427482475,"Tr.(PLA) only"
"WP_ENERGY_METABOLISM","WikiPathways",14,-1.70636714466707,1.37649533383179,0.143406710835649,0.359555537105456,"NS"
"WP_COMPLEMENT_SYSTEM","WikiPathways",29,1.61358654426741,-1.62286129296292,0.177018633540373,0.147137254901961,"NS"
"WP_COMPLEMENT_ACTIVATION","WikiPathways",12,1.60962566412898,-0.612718468689211,0.22786802669689,0.966191693892483,"NS"
"WP_OPIOID_RECEPTOR_PATHWAYS","WikiPathways",11,1.61936544092571,-1.58414203350144,0.22786802669689,0.247539495187943,"NS"
"WP_METABOLIC_PATHWAYS_OF_FIBROBLASTS","WikiPathways",13,1.60575445410395,-1.2549010207237,0.237060034684108,0.504721030042918,"NS"
"WP_TRANSLATION_FACTORS","WikiPathways",38,-1.50077337932783,0.972334187577688,0.237060034684108,0.723176465111949,"NS"
"WP_NEURODEGENERATION_WITH_BRAIN_IRON_ACCUMULATION_NBIA_SUBTYPES_PATHWAY","WikiPathways",11,1.55438195687822,1.40606252259086,0.292235747284148,0.336449349657238,"NS"
"WP_TAR_SYNDROME","WikiPathways",15,1.5427954068552,-1.40211991820129,0.292235747284148,0.318015798861802,"NS"
"WP_MECHANOREGULATION_AND_PATHOLOGY_OF_YAPTAZ_VIA_HIPPO_AND_NONHIPPO_MECHANISMS","WikiPathways",10,1.54012934744215,-1.0968616739946,0.298620382732532,0.632180843729029,"NS"
"WP_OXIDATIVE_STRESS_RESPONSE","WikiPathways",14,-1.52267336582346,-1.13913754032087,0.298620382732532,0.602487248093477,"NS"
"WP_MODULATORS_OF_TCR_SIGNALING_AND_T_CELL_ACTIVATION","WikiPathways",12,-1.52873942418659,1.20906174690558,0.299108942941681,0.553738628973493,"NS"
"WP_LEUCINE_ISOLEUCINE_AND_VALINE_METABOLISM","WikiPathways",21,-1.44358756496689,0.887487966272397,0.338896708531832,0.795480189100792,"NS"
"WP_MAPK_SIGNALING_AND_ARTD_FAMILY_MEMBERS","WikiPathways",12,-1.46156697484967,1.44519264004623,0.361350423758493,0.303111355610146,"NS"
"WP_NRF2_PATHWAY","WikiPathways",34,1.38943310126337,-1.62898143874774,0.373655033589213,0.147137254901961,"NS"
"WP_DISORDERS_OF_MITOCHONDRIAL_HOMEOSTATIS_DYNAMICS_PROTEIN_IMPORT_AND_QUALITY_CONTROL","WikiPathways",39,-1.35667937505451,1.98694982564568,0.378504672897196,0.00648536612855264,"Tr.(PLA) only"
"WP_TARGET_OF_RAPAMYCIN_SIGNALING","WikiPathways",11,-1.43726539852977,-0.716886296965456,0.378504672897196,0.905724288641179,"NS"
"WP_CELL_CYCLE","WikiPathways",12,1.42989219310014,-1.06614399346863,0.387716955941255,0.65433415674826,"NS"
"WP_CIRCADIAN_RHYTHM_GENES","WikiPathways",31,1.36291218797723,-1.11028889416864,0.405232375185824,0.602487248093477,"NS"
"WP_AGERAGE_PATHWAY","WikiPathways",21,1.38254359435184,-1.12198110651376,0.413815669878204,0.602487248093477,"NS"
"WP_CHOLESTEROL_METABOLISM_WITH_BLOCH_AND_KANDUTSCHRUSSELL_PATHWAYS","WikiPathways",13,-1.40522543232306,-1.3274797532273,0.413815669878204,0.420648058555202,"NS"
"WP_FATTY_ACID_BETAOXIDATION","WikiPathways",25,-1.35470986960668,0.897251160974967,0.413815669878204,0.791832104367555,"NS"
"WP_TRANSLATION_INHIBITORS_IN_CHRONICALLY_ACTIVATED_PDGFRA_CELLS","WikiPathways",21,-1.33480514774776,1.45735094316024,0.445882677976733,0.279839150626717,"NS"
"WP_MITOCHONDRIAL_FATTY_ACID_OXIDATION_DISORDERS","WikiPathways",16,-1.33336853111451,1.17937158889361,0.480528794690644,0.565231727422605,"NS"
"WP_IL26_SIGNALING","WikiPathways",12,1.33700924040655,1.10798515229855,0.496202587055965,0.632180843729029,"NS"
"WP_TCA_CYCLE_AND_DEFICIENCY_OF_PYRUVATE_DEHYDROGENASE_COMPLEX_PDHC","WikiPathways",15,-1.31537313582744,0.910453037804991,0.507849016668137,0.768716568996479,"NS"
"WP_NUCLEAR_RECEPTORS_METAPATHWAY","WikiPathways",59,1.21420805484748,-1.50350604785517,0.530467138225759,0.164775115594788,"NS"
"WP_MITOCHONDRIAL_LONG_CHAIN_FATTY_ACID_BETAOXIDATION","WikiPathways",15,-1.26593219515843,1.0338051604111,0.536413901596868,0.67239494478158,"NS"
"WP_17Q12_COPY_NUMBER_VARIATION_SYNDROME","WikiPathways",11,-1.27113827794657,0.838010242426544,0.544180118946474,0.84331702503803,"NS"
"WP_CELL_LINEAGE_MAP_FOR_NEURONAL_DIFFERENTIATION","WikiPathways",14,1.25165556819615,-1.7083587251248,0.567387158296249,0.147137254901961,"NS"
"WP_17P133_YWHAE_COPY_NUMBER_VARIATION","WikiPathways",13,1.22203854208249,-1.0723432031093,0.588681449432125,0.647024610968129,"NS"
"WP_FERROPTOSIS","WikiPathways",27,1.19144253874106,1.21010716268548,0.588681449432125,0.526737855062677,"NS"
"WP_NETRINUNC5B_SIGNALING","WikiPathways",14,1.227380106129,1.07798178283062,0.588681449432125,0.647024610968129,"NS"
"WP_NOVEL_INTRACELLULAR_COMPONENTS_OF_RIGILIKE_RECEPTOR_PATHWAY","WikiPathways",11,-1.23200148636658,0.726777264468246,0.588681449432125,0.905724288641179,"NS"
"WP_PRIMARY_OVARIAN_INSUFFICIENCY","WikiPathways",18,1.18237057082404,0.959986933396668,0.621565684987182,0.723799552104238,"NS"
"WP_VITAMIN_D_RECEPTOR_PATHWAY","WikiPathways",16,1.18776988665563,-1.26959719951513,0.621565684987182,0.484426657386463,"NS"
"WP_PERTURBATIONS_TO_HOSTCELL_AUTOPHAGY_INDUCED_BY_SARSCOV2_PROTEINS","WikiPathways",14,1.18319787212671,-0.803095075880446,0.637952956134774,0.885926428763145,"NS"
"WP_COMPLEMENT_AND_COAGULATION_CASCADES","WikiPathways",24,1.09329109125932,-0.562591302537961,0.679753627255774,0.984958871915394,"NS"
"WP_CORTICOTROPINRELEASING_HORMONE_SIGNALING","WikiPathways",31,1.09032405988163,-1.07802455698489,0.679753627255774,0.632180843729029,"NS"
"WP_DENGUE2_INTERACTIONS_WITH_COMPLEMENT_AND_COAGULATION_CASCADES","WikiPathways",24,1.09329109125932,-0.562591302537961,0.679753627255774,0.984958871915394,"NS"
"WP_INTERFERON_TYPE_I_SIGNALING","WikiPathways",17,-1.11427566072666,0.771241554477284,0.679753627255774,0.889298206646478,"NS"
"WP_MECP2_AND_ASSOCIATED_RETT_SYNDROME","WikiPathways",18,1.10137966961302,-0.757509665924945,0.679753627255774,0.901726302826576,"NS"
"WP_MYOMETRIAL_RELAXATION_AND_CONTRACTION_PATHWAYS","WikiPathways",40,1.12230799079023,-1.48510261050889,0.679753627255774,0.231140033743071,"NS"
"WP_NGLYCAN_BIOSYNTHESIS","WikiPathways",12,1.13198802445706,1.25571670501093,0.679753627255774,0.507771827954132,"NS"
"WP_OMEGA6FATTY_ACIDS_IN_SENESCENCE","WikiPathways",15,1.1012581892968,-1.48280564988876,0.679753627255774,0.278707201535048,"NS"
"WP_PHYSICOCHEMICAL_FEATURES_AND_TOXICITYASSOCIATED_PATHWAYS","WikiPathways",20,1.14334388698948,0.782825614507236,0.679753627255774,0.889298206646478,"NS"
"WP_PURINE_METABOLISM_AND_RELATED_DISORDERS","WikiPathways",13,-1.11119913945815,0.801680753878881,0.679753627255774,0.883946188340807,"NS"
"WP_SLC25A46_PATHWAY","WikiPathways",10,1.11817423569975,1.55102351530815,0.679753627255774,0.247539495187943,"NS"
"WP_WNT_SIGNALING","WikiPathways",16,-1.10527200805585,1.19045307054625,0.679753627255774,0.565231727422605,"NS"
"WP_CORI_CYCLE","WikiPathways",12,1.09448981788347,-1.30984043156598,0.695444500713595,0.469830792227205,"NS"
"WP_STEROL_REGULATORY_ELEMENTBINDING_PROTEINS_SREBP_SIGNALING","WikiPathways",26,-1.06531977998309,-0.851149542461018,0.707507097861769,0.849441661488579,"NS"
"WP_P53_TRANSCRIPTIONAL_GENE_NETWORK","WikiPathways",14,-1.06789995935271,0.914931527427759,0.716183677818027,0.768716568996479,"NS"
"WP_EXERCISEINDUCED_CIRCADIAN_REGULATION","WikiPathways",13,-1.06075147156266,0.771746871626645,0.721639605495499,0.889298206646478,"NS"
"WP_NEPHROTIC_SYNDROME","WikiPathways",12,1.05930002512337,-0.679526008202737,0.721639605495499,0.933857826077146,"NS"
"WP_NSP1_FROM_SARSCOV2_INHIBITS_TRANSLATION_INITIATION_IN_THE_HOST_CELL","WikiPathways",15,-1.0446351202486,0.96200467787286,0.723839075540338,0.723799552104238,"NS"
"WP_LIPID_METABOLISM_PATHWAY","WikiPathways",19,-1.03856188787375,-1.06981103410257,0.739595295472698,0.647024610968129,"NS"
"WP_ANDROGEN_RECEPTOR_SIGNALING","WikiPathways",20,0.988414442233154,-1.49321462040718,0.812011150935882,0.256561530897814,"NS"
"WP_ARSENIC_METABOLISM_AND_REACTIVE_OXYGEN_SPECIES_GENERATION","WikiPathways",10,-0.967296617090295,-0.673352592495821,0.813084112149533,0.93615127919911,"NS"
"WP_TNFRELATED_WEAK_INDUCER_OF_APOPTOSIS_TWEAK_SIGNALING","WikiPathways",10,0.95895429180342,1.6483389945732,0.813084112149533,0.164775115594788,"NS"
"WP_COMMON_PATHWAYS_UNDERLYING_DRUG_ADDICTION","WikiPathways",17,-0.944183554263762,1.12456336359329,0.833282217996688,0.602487248093477,"NS"
"WP_WNT_SIGNALING_AND_PLURIPOTENCY","WikiPathways",15,-0.941320664049863,1.43008585194463,0.838700689524428,0.309293393387961,"NS"
"WP_LEUKOCYTEINTRINSIC_HIPPO_PATHWAY_FUNCTIONS","WikiPathways",10,-0.923351411989136,0.804246601350435,0.849374317026091,0.877931281563023,"NS"
"WP_INTERLEUKIN1_IL1_STRUCTURAL_PATHWAY","WikiPathways",13,-0.908527901232946,1.44934589491592,0.854074782231668,0.302947845804989,"NS"
"WP_PHYSIOLOGICAL_AND_PATHOLOGICAL_HYPERTROPHY_OF_THE_HEART","WikiPathways",11,-0.90297117972467,1.07734779856227,0.854074782231668,0.647024610968129,"NS"
"WP_RANKLRANK_SIGNALING","WikiPathways",13,0.901799078654834,1.32918150569177,0.854074782231668,0.427792139277236,"NS"
"WP_THYMIC_STROMAL_LYMPHOPOIETIN_TSLP_SIGNALING","WikiPathways",14,0.904908305393533,0.993111470262014,0.854074782231668,0.707440040248764,"NS"
"WP_GLUTATHIONE_METABOLISM","WikiPathways",13,0.885505940965432,-1.82072006913642,0.881642022979846,0.101197199006099,"NS"
"WP_IL1_SIGNALING","WikiPathways",18,-0.885935900543482,1.55123253279926,0.882497324446052,0.247539495187943,"NS"
"WP_KREBS_CYCLE_DISORDERS","WikiPathways",11,-0.876422789438284,1.53028100085926,0.882497324446052,0.256561530897814,"NS"
"WP_SELENIUM_METABOLISM_AND_SELENOPROTEINS","WikiPathways",14,0.873523222842596,-0.968788888379487,0.887610864745011,0.723176465111949,"NS"
"WP_BEMPEDOIC_ACID_THERAPY_IN_ATHEROSCLEROSIS_AND_METABOLIC_SYNDROME","WikiPathways",12,-0.862752608748818,1.49999748885452,0.89811228446721,0.278707201535048,"NS"
"WP_METAPATHWAY_BIOTRANSFORMATION_PHASE_I_AND_II","WikiPathways",28,0.872423446418369,-1.56514981073955,0.910733942805393,0.203219038824492,"NS"
"WP_MACROPHAGESTIMULATING_PROTEIN_MSP_SIGNALING","WikiPathways",27,0.870920248867936,1.02914667569913,0.917093023255814,0.67239494478158,"NS"
"WP_IL4_SIGNALING","WikiPathways",11,0.839060165640963,0.83389818299866,0.917611318384327,0.84331702503803,"NS"
"WP_CARDIOMYOCYTE_SIGNALING_CONVERGING_ON_TITIN","WikiPathways",13,-0.820218552474093,1.45865270459482,0.933253782228852,0.292627125814367,"NS"
"WP_NAD_METABOLISM_IN_ONCOGENEINDUCED_SENESCENCE_AND_MITOCHONDRIAL_DYSFUNCTIONASSOCIATED_SENESCENCE","WikiPathways",14,-0.835172636591657,1.26078860093858,0.933253782228852,0.506423795024862,"NS"
"WP_AEROBIC_GLYCOLYSIS_AUGMENTED","WikiPathways",13,0.801382999728992,1.29965766744628,0.935876890203813,0.469830792227205,"NS"
"WP_AMPACTIVATED_PROTEIN_KINASE_SIGNALING","WikiPathways",19,0.819168547343221,-1.03001101802372,0.935876890203813,0.67239494478158,"NS"
"WP_GNAQ_PATHWAYS_IN_PORTWINE_STAIN","WikiPathways",12,0.786829657238217,-0.866931004313855,0.935876890203813,0.812808225521803,"NS"
"WP_HIPPO_SIGNALING_REGULATION","WikiPathways",20,0.795324639787142,-1.46328953446894,0.935876890203813,0.278707201535048,"NS"
"WP_IL6_SIGNALING","WikiPathways",14,0.79856240186561,0.767993864427076,0.935876890203813,0.889298206646478,"NS"
"WP_MICRORNAS_IN_CARDIOMYOCYTE_HYPERTROPHY","WikiPathways",22,-0.832848957164427,1.22027969548038,0.935876890203813,0.525881866523663,"NS"
"WP_OVERLAP_BETWEEN_SIGNAL_TRANSDUCTION_PATHWAYS_CONTRIBUTING_TO_LMNA_LAMINOPATHIES","WikiPathways",10,-0.764479214552933,0.746093243836331,0.935876890203813,0.896915404269681,"NS"
"WP_VASOPRESSINREGULATED_WATER_REABSORPTION","WikiPathways",19,0.789766779249471,-1.09241078176629,0.935876890203813,0.632180843729029,"NS"
"WP_REGULATORY_CIRCUITS_OF_STAT3_SIGNALING","WikiPathways",10,-0.761407784559842,0.95067391927547,0.936303513564327,0.732692737430167,"NS"
"WP_4HYDROXYTAMOXIFEN_DEXAMETHASONE_AND_RETINOIC_ACIDS_REGULATION_OF_P27_EXPRESSION","WikiPathways",10,-0.746009310406691,1.26043138181499,0.956560674786489,0.507771827954132,"NS"
"WP_AMINO_ACID_METABOLISM","WikiPathways",56,0.794699571705356,1.06666791582615,0.959989695374501,0.635834734659278,"NS"
"WP_CALCIUM_REGULATION_IN_CARDIAC_CELLS","WikiPathways",44,0.751759962278274,-1.90845492631284,0.959989695374501,0.0133274523336854,"Tr.(PLA) only"
"WP_CARDIAC_HYPERTROPHIC_RESPONSE","WikiPathways",16,-0.706857947782512,1.54705447163643,0.959989695374501,0.256561530897814,"NS"
"WP_CHOLESTEROL_METABOLISM","WikiPathways",18,0.742375945086118,-1.21157315781348,0.959989695374501,0.532731215167643,"NS"
"WP_ENDOTHELIN_PATHWAYS","WikiPathways",10,-0.717719384106717,1.01728232775529,0.959989695374501,0.688905541474743,"NS"
"WP_FAMILIAL_PARTIAL_LIPODYSTROPHY","WikiPathways",11,0.655663795631549,-0.94678590336154,0.959989695374501,0.732692737430167,"NS"
"WP_PPAR_SIGNALING","WikiPathways",16,-0.669781706336943,-1.83327068298916,0.959989695374501,0.0836601307189542,"NS"
"WP_SEROTONIN_HTR1_GROUP_AND_FOS_PATHWAY","WikiPathways",16,-0.747951916602043,-1.03578627570521,0.959989695374501,0.67239494478158,"NS"
"WP_UREA_CYCLE_AND_ASSOCIATED_PATHWAYS","WikiPathways",12,0.648918402574807,1.17890022780017,0.959989695374501,0.565231727422605,"NS"
"WP_SMITHMAGENIS_AND_POTOCKILUPSKI_SYNDROME_COPY_NUMBER_VARIATION","WikiPathways",31,-0.674288361009453,0.644963791314332,0.979439164114999,0.968736369752124,"NS"
"WP_TOLLLIKE_RECEPTOR_SIGNALING","WikiPathways",17,-0.594620228295895,1.29187434942007,0.991945731170289,0.469830792227205,"NS"
"WP_CAMKK2_PATHWAY","WikiPathways",22,-0.480419348551797,1.19661212789806,1,0.553738628973493,"NS"
"WP_FATTY_ACID_BIOSYNTHESIS","WikiPathways",18,-0.530621422006275,-1.08933724686445,1,0.632180843729029,"NS"
"WP_GLYCOGEN_SYNTHESIS_AND_DEGRADATION","WikiPathways",26,-0.458000541191883,1.58121990676813,1,0.215083798882682,"NS"
"WP_GLYCOLYSIS_AND_GLUCONEOGENESIS","WikiPathways",31,0.595613786995916,1.3840144147131,1,0.309293393387961,"NS"
"WP_PROTEASOME_DEGRADATION","WikiPathways",46,-0.560398085572483,1.01148451906604,1,0.688262162774991,"NS"
