"pathway","database","size","NES_Cancer_vs_Healthy","NES_Training_CR","padj_Cancer_vs_Healthy","padj_Training_CR","sig_cat"
"BIOCARTA_UCALPAIN_PATHWAY","BioCarta",12,1.81097670038246,-0.599634140717005,0.0756686236138291,0.974877878576413,"NS"
"BIOCARTA_MTOR_PATHWAY","BioCarta",10,-1.68851517575034,-1.06440625592653,0.176385753699523,0.974877878576413,"NS"
"BIOCARTA_NDKDYNAMIN_PATHWAY","BioCarta",11,1.65695572966652,-0.586222808563876,0.176385753699523,0.974877878576413,"NS"
"BIOCARTA_EIF_PATHWAY","BioCarta",15,-1.30731851326855,0.724558812504246,0.462655971479501,0.974877878576413,"NS"
"BIOCARTA_PPARA_PATHWAY","BioCarta",11,-1.18963099002208,-1.374082057633,0.714482056502927,0.974877878576413,"NS"
"BIOCARTA_EIF4_PATHWAY","BioCarta",12,-1.00786316511706,1.07527363871103,0.999749184850765,0.974877878576413,"NS"
"BIOCARTA_ERAD_PATHWAY","BioCarta",10,0.562262134540001,0.969822574892777,0.999749184850765,0.974877878576413,"NS"
"BIOCARTA_FAS_PATHWAY","BioCarta",10,0.553590996457322,0.795125557072565,0.999749184850765,0.974877878576413,"NS"
"BIOCARTA_GPCR_PATHWAY","BioCarta",11,-0.805501402813227,-1.54719862859705,0.999749184850765,0.974877878576413,"NS"
"BIOCARTA_MCALPAIN_PATHWAY","BioCarta",11,0.892000484642888,-0.985994547915305,0.999749184850765,0.974877878576413,"NS"
"BIOCARTA_NFAT_PATHWAY","BioCarta",17,0.579572611346546,1.02444841082067,0.999749184850765,0.974877878576413,"NS"
"BIOCARTA_PROTEASOME_PATHWAY","BioCarta",18,-0.763498954426706,-1.31723594680051,0.999749184850765,0.974877878576413,"NS"
"BIOCARTA_PTDINS_PATHWAY","BioCarta",10,0.739254990279154,1.16431339359573,0.999749184850765,0.974877878576413,"NS"
"BIOCARTA_TNFR1_PATHWAY","BioCarta",11,0.557066086979121,1.08352728708669,0.999749184850765,0.974877878576413,"NS"
"GOBP_PROTON_TRANSMEMBRANE_TRANSPORT","GO:BP",85,-2.94295541943799,2.33191610459776,1.77952227175339e-11,1.6435746970333e-06,"Both"
"GOBP_GENERATION_OF_PRECURSOR_METABOLITES_AND_ENERGY","GO:BP",233,-2.11891646880359,1.90263107916666,2.73977566841017e-08,9.61869624469154e-05,"Both"
"GOBP_INTEGRIN_MEDIATED_SIGNALING_PATHWAY","GO:BP",28,2.35808677544085,-1.22646293882757,8.6024194088827e-06,0.849703134642804,"CR vs H only"
"GOBP_POSITIVE_REGULATION_OF_ERK1_AND_ERK2_CASCADE","GO:BP",26,2.21431301229469,-1.0173541151954,0.000141000503394483,1,"CR vs H only"
"GOBP_SUBSTRATE_ADHESION_DEPENDENT_CELL_SPREADING","GO:BP",29,2.24324464251783,-0.86791895346532,0.000161221164080884,1,"CR vs H only"
"GOBP_LAMELLIPODIUM_ORGANIZATION","GO:BP",25,2.20155566267888,1.2941189398335,0.000176900432268697,0.828122854967739,"CR vs H only"
"GOBP_REGULATION_OF_COAGULATION","GO:BP",17,2.16511616676885,-1.06267660727389,0.000405015759478334,1,"CR vs H only"
"GOBP_TRICARBOXYLIC_ACID_CYCLE","GO:BP",25,-2.34422202757629,1.47518533727413,0.000407030313773516,0.611047116527943,"CR vs H only"
"GOBP_NEGATIVE_REGULATION_OF_PROTEIN_CONTAINING_COMPLEX_ASSEMBLY","GO:BP",43,2.056264199311,-0.715023031856623,0.000427962665935988,1,"CR vs H only"
"GOBP_PLATELET_AGGREGATION","GO:BP",25,2.15097144270589,-0.935430077863357,0.000427962665935988,1,"CR vs H only"
"GOBP_CELL_KILLING","GO:BP",44,2.12726615912185,-0.895872127400403,0.000476015892502119,1,"CR vs H only"
"GOBP_ACTIN_FILAMENT_BUNDLE_ORGANIZATION","GO:BP",46,2.05151111970345,0.882230184018501,0.000751354502365543,1,"CR vs H only"
"GOBP_EPITHELIAL_CELL_DEVELOPMENT","GO:BP",34,2.01805712104429,-0.759734778948748,0.00154156504124915,1,"CR vs H only"
"GOBP_REGULATION_OF_CELL_JUNCTION_ASSEMBLY","GO:BP",41,1.99448650021535,-0.805139034554552,0.00161945066175432,1,"CR vs H only"
"GOBP_RENAL_FILTRATION","GO:BP",10,2.00966887239942,-1.00796452647681,0.00169870037705428,1,"CR vs H only"
"GOBP_PHOSPHATIDYLINOSITOL_3_KINASE_PROTEIN_KINASE_B_SIGNAL_TRANSDUCTION","GO:BP",43,1.9495335234425,-1.34137927407495,0.00196751895306651,0.709940316834075,"CR vs H only"
"GOBP_FATTY_ACID_BETA_OXIDATION","GO:BP",37,-2.0314347677227,0.931439919668674,0.00247397063233226,1,"CR vs H only"
"GOBP_LIPID_MODIFICATION","GO:BP",48,-1.94109564680167,1.1194896392995,0.00408544543767775,0.958492539659312,"CR vs H only"
"GOBP_FORMATION_OF_CYTOPLASMIC_TRANSLATION_INITIATION_COMPLEX","GO:BP",13,-2.19489979623542,-0.651893853124338,0.00456923310124148,1,"CR vs H only"
"GOBP_REGULATION_OF_PROTEIN_MATURATION","GO:BP",14,2.01644377974722,-0.90889779467279,0.00469585923185221,1,"CR vs H only"
"GOBP_TRANSLATIONAL_INITIATION","GO:BP",58,-1.87994893038716,1.16421803121953,0.00475229203374954,0.91096863908053,"CR vs H only"
"GOBP_AMINO_ACID_CATABOLIC_PROCESS","GO:BP",44,-1.90340100409904,-0.853060677069255,0.00489202836153425,1,"CR vs H only"
"GOBP_RESPONSE_TO_FIBROBLAST_GROWTH_FACTOR","GO:BP",14,1.99467697237263,0.785203207171583,0.00565836654659899,1,"CR vs H only"
"GOBP_ENDOTHELIAL_CELL_DEVELOPMENT","GO:BP",16,1.95583355100681,-1.32813763226995,0.00614358817081482,0.814455906564271,"CR vs H only"
"GOBP_MODIFICATION_OF_POSTSYNAPTIC_STRUCTURE","GO:BP",10,1.91339299843782,-1.80832998587265,0.00625875580124776,0.280659240497454,"CR vs H only"
"GOBP_REGULATION_OF_MONONUCLEAR_CELL_MIGRATION","GO:BP",27,1.9119180550652,-1.2609409209097,0.0071855391843497,0.828122854967739,"CR vs H only"
"GOBP_MEMBRANE_INVAGINATION","GO:BP",13,1.90148810508367,-1.3828209615597,0.0084487232726069,0.803285622184819,"CR vs H only"
"GOBP_ENDOTHELIUM_DEVELOPMENT","GO:BP",22,1.91736011972416,-1.56877026431049,0.00846841054904816,0.455118189354166,"CR vs H only"
"GOBP_PROTEIN_PROCESSING","GO:BP",43,1.81998485210956,0.76473142318263,0.00846841054904816,1,"CR vs H only"
"GOBP_REGULATION_OF_ALPHA_BETA_T_CELL_DIFFERENTIATION","GO:BP",11,1.91929400118801,-1.21838984750026,0.00887449933824552,0.91096863908053,"CR vs H only"
"GOBP_POSITIVE_REGULATION_OF_EXTRINSIC_APOPTOTIC_SIGNALING_PATHWAY","GO:BP",11,1.90969071517673,0.837206002790802,0.00928192492648581,1,"CR vs H only"
"GOBP_REGULATION_OF_ADAPTIVE_IMMUNE_RESPONSE","GO:BP",25,1.87338626595677,-1.08653529983378,0.00929155576570268,0.987684035646262,"CR vs H only"
"GOBP_TRIGLYCERIDE_METABOLIC_PROCESS","GO:BP",20,1.90147134473223,-0.84599450709833,0.0101529534716941,1,"CR vs H only"
"GOBP_UBIQUINONE_METABOLIC_PROCESS","GO:BP",10,-1.96520802070361,1.06134091103216,0.0103493045166936,1,"CR vs H only"
"GOBP_LIPID_LOCALIZATION","GO:BP",85,1.70065240260275,0.892816427249255,0.0104717822052991,1,"CR vs H only"
"GOBP_EMBRYONIC_ORGAN_MORPHOGENESIS","GO:BP",16,1.88422159529395,-1.06958969997555,0.0108703811232187,1,"CR vs H only"
"GOBP_REGULATION_OF_CELL_PROJECTION_ASSEMBLY","GO:BP",38,1.8492039740976,-0.919013853375758,0.0114971489913202,1,"CR vs H only"
"GOBP_ACYL_COA_METABOLIC_PROCESS","GO:BP",44,-1.80332933113182,0.835891360540477,0.0129220930339925,1,"CR vs H only"
"GOBP_POSITIVE_REGULATION_OF_RECEPTOR_MEDIATED_ENDOCYTOSIS","GO:BP",12,1.85637980454119,0.82609158858165,0.0164218206730498,1,"CR vs H only"
"GOBP_ESTABLISHMENT_OR_MAINTENANCE_OF_BIPOLAR_CELL_POLARITY","GO:BP",11,1.86565088011504,0.731439119864647,0.0171370738313062,1,"CR vs H only"
"GOBP_T_CELL_MEDIATED_IMMUNITY","GO:BP",21,1.86291925294499,-0.990739077078547,0.0211939030012431,1,"CR vs H only"
"GOBP_TISSUE_REMODELING","GO:BP",18,1.911233435493,1.08903515279702,0.0212865400459556,0.993241779530139,"CR vs H only"
"GOBP_HETEROTYPIC_CELL_CELL_ADHESION","GO:BP",10,1.85418226189887,0.753731715727623,0.0233364419578783,1,"CR vs H only"
"GOBP_SHORT_CHAIN_FATTY_ACID_METABOLIC_PROCESS","GO:BP",10,-1.8490147291505,0.596106210900686,0.023890015127487,1,"CR vs H only"
"GOBP_PHOSPHOLIPID_TRANSPORT","GO:BP",15,1.84570340357476,-1.15083336310087,0.0241694885383754,0.957149206196861,"CR vs H only"
"GOBP_POSITIVE_REGULATION_OF_LAMELLIPODIUM_ORGANIZATION","GO:BP",12,1.82766505548573,1.24119005874322,0.0247716719875109,0.894028328863077,"CR vs H only"
"GOBP_RETINA_DEVELOPMENT_IN_CAMERA_TYPE_EYE","GO:BP",16,1.8508332205103,-0.973608589369623,0.0250800338381409,1,"CR vs H only"
"GOBP_CYTOPLASMIC_TRANSLATIONAL_INITIATION","GO:BP",28,-1.76680619356852,0.981380226852238,0.0275755084021135,1,"CR vs H only"
"GOBP_REGULATION_OF_NITRIC_OXIDE_METABOLIC_PROCESS","GO:BP",19,1.82069097451684,-0.730959589584511,0.0278393566015363,1,"CR vs H only"
"GOBP_POSITIVE_REGULATION_BY_HOST_OF_VIRAL_PROCESS","GO:BP",10,1.8110121539585,-1.0232377126955,0.0287718475463938,1,"CR vs H only"
"GOBP_RESPONSE_TO_ACTIVITY","GO:BP",27,1.76383877059803,-1.31761171704541,0.0306678782371649,0.803285622184819,"CR vs H only"
"GOBP_KIDNEY_EPITHELIUM_DEVELOPMENT","GO:BP",13,1.80687162763486,0.660726819909464,0.0312810732180378,1,"CR vs H only"
"GOBP_NEGATIVE_REGULATION_OF_PROTEIN_CONTAINING_COMPLEX_DISASSEMBLY","GO:BP",24,1.76430057335965,0.837503335545887,0.0329934700423874,1,"CR vs H only"
"GOBP_RECEPTOR_CLUSTERING","GO:BP",12,1.77458599941108,0.860945188368964,0.0354130906218406,1,"CR vs H only"
"GOBP_T_CELL_MEDIATED_CYTOTOXICITY","GO:BP",12,1.76102385278586,-1.09101681871867,0.0385291246339082,0.99108773732984,"CR vs H only"
"GOBP_MITOCHONDRION_LOCALIZATION","GO:BP",14,-1.84925062691884,0.774831964108791,0.0391711609423787,1,"CR vs H only"
"GOBP_T_CELL_MIGRATION","GO:BP",14,1.75917920630615,-1.37951993920674,0.0395916755964131,0.782189084999288,"CR vs H only"
"GOBP_DIGESTION","GO:BP",15,1.77347035539622,-0.747054664503755,0.0410173041751989,1,"CR vs H only"
"GOBP_MULTICELLULAR_ORGANISMAL_LEVEL_CHEMICAL_HOMEOSTASIS","GO:BP",13,1.77262625698457,0.668420414405377,0.0414895186962846,1,"CR vs H only"
"GOBP_NUCLEIC_ACID_CATABOLIC_PROCESS","GO:BP",62,-1.59675828622663,1.11979390872958,0.0456035252030698,0.957265676855895,"CR vs H only"
"GOBP_TISSUE_REGENERATION","GO:BP",16,1.74612332138627,-0.708662577568358,0.0460221144072123,1,"CR vs H only"
"GOBP_NUCLEOBASE_METABOLIC_PROCESS","GO:BP",19,1.72078117837487,0.846190117513825,0.0497588707720112,1,"CR vs H only"
"GOBP_INTRACELLULAR_IRON_ION_HOMEOSTASIS","GO:BP",21,1.7238224948507,1.14903146889125,0.0511520145387422,0.957265676855895,"NS"
"GOBP_MODULATION_BY_HOST_OF_VIRAL_PROCESS","GO:BP",15,1.727238257747,-1.29987942887763,0.0515482369787005,0.828122854967739,"NS"
"GOBP_POSITIVE_REGULATION_OF_T_CELL_MEDIATED_IMMUNITY","GO:BP",13,1.73448368372531,0.610183731530878,0.0516189327030327,1,"NS"
"GOBP_REGULATION_OF_PROTEIN_DEPOLYMERIZATION","GO:BP",31,1.66971256040259,0.851008715841996,0.0535313944089433,1,"NS"
"GOBP_REGULATION_OF_SYSTEMIC_ARTERIAL_BLOOD_PRESSURE","GO:BP",16,1.71519202295891,-0.753199921652268,0.0535667233264274,1,"NS"
"GOBP_REGULATION_OF_BLOOD_PRESSURE","GO:BP",29,1.67372135443169,-1.29460808081532,0.0552233886619766,0.813100817501639,"NS"
"GOBP_MITOCHONDRIAL_DEPOLARIZATION","GO:BP",12,1.71790382207196,0.900346203580789,0.0554569483879882,1,"NS"
"GOBP_PROTEIN_DEPOLYMERIZATION","GO:BP",36,1.6375985315099,0.825887450191414,0.0599489071813795,1,"NS"
"GOBP_NEGATIVE_REGULATION_OF_CELL_DEVELOPMENT","GO:BP",30,1.66865370483215,0.809185123616362,0.0604413811385778,1,"NS"
"GOBP_MUSCLE_CELL_MIGRATION","GO:BP",14,1.70906921765385,-0.729220813644294,0.0609743188025321,1,"NS"
"GOBP_DIGESTIVE_SYSTEM_PROCESS","GO:BP",14,1.70593520858298,0.641575646676223,0.0616508981710957,1,"NS"
"GOBP_REACTIVE_NITROGEN_SPECIES_METABOLIC_PROCESS","GO:BP",26,1.65778366665379,-0.854426315451402,0.062169741697417,1,"NS"
"GOBP_REGULATION_OF_CELL_KILLING","GO:BP",16,1.67968977660886,-1.16679585497215,0.0639255550498154,0.937121012776657,"NS"
"GOBP_NEPHRON_EPITHELIUM_DEVELOPMENT","GO:BP",12,1.68119601068806,0.823666056057555,0.0678790827808528,1,"NS"
"GOBP_REGULATION_OF_FIBROBLAST_MIGRATION","GO:BP",12,1.6778849841699,0.741780410326123,0.0692213879687483,1,"NS"
"GOBP_IRON_ION_TRANSPORT","GO:BP",15,1.67601011135207,1.67040123600778,0.0723919861522905,0.307415490884279,"NS"
"GOBP_ENDOCRINE_PROCESS","GO:BP",12,1.67031060802114,-0.787339143922214,0.0726114985796079,1,"NS"
"GOBP_ANTIGEN_PROCESSING_AND_PRESENTATION_OF_PEPTIDE_ANTIGEN","GO:BP",19,1.65960592600558,-0.913663272770377,0.0742872300529604,1,"NS"
"GOBP_POSITIVE_REGULATION_OF_LAMELLIPODIUM_ASSEMBLY","GO:BP",10,1.68494131798429,1.23796540831107,0.0762376842454337,0.909554618244209,"NS"
"GOBP_MYELOID_LEUKOCYTE_ACTIVATION","GO:BP",30,1.62276569801092,0.9821999837876,0.0776639750889137,1,"NS"
"GOBP_MUSCLE_CELL_APOPTOTIC_PROCESS","GO:BP",16,-1.71276351659726,1.23898434326507,0.0780896203976786,0.893084579550119,"NS"
"GOBP_TRANSITION_METAL_ION_TRANSPORT","GO:BP",18,1.65042852274899,1.72297896200374,0.0784326937654768,0.280659240497454,"NS"
"GOBP_NEGATIVE_REGULATION_OF_IMMUNE_EFFECTOR_PROCESS","GO:BP",17,1.65325503684754,-0.986071076020118,0.0804577404468293,1,"NS"
"GOBP_REGULATION_OF_T_CELL_MIGRATION","GO:BP",10,1.67512140933372,-1.60142014996762,0.0806222314925103,0.541564499561804,"NS"
"GOBP_POSITIVE_REGULATION_OF_PLASMA_MEMBRANE_BOUNDED_CELL_PROJECTION_ASSEMBLY","GO:BP",21,1.63420679446727,0.739793657467888,0.0832635078692765,1,"NS"
"GOBP_CORTICAL_CYTOSKELETON_ORGANIZATION","GO:BP",19,1.63443209548275,0.793542089275823,0.085398773006135,1,"NS"
"GOBP_POSITIVE_REGULATION_OF_ADAPTIVE_IMMUNE_RESPONSE","GO:BP",18,1.63707789782179,0.562243333089092,0.085398773006135,1,"NS"
"GOBP_NEGATIVE_REGULATION_OF_ENDOTHELIAL_CELL_MIGRATION","GO:BP",12,1.6449110384141,0.67180373329529,0.0872292227992352,1,"NS"
"GOBP_NEGATIVE_REGULATION_OF_EPITHELIAL_CELL_PROLIFERATION","GO:BP",14,1.63436904052168,0.507404869604631,0.0876134462302895,1,"NS"
"GOBP_NEGATIVE_REGULATION_OF_SECRETION","GO:BP",23,1.62277455851395,-1.05863441172923,0.0883308118180057,1,"NS"
"GOBP_PROTEIN_NEDDYLATION","GO:BP",17,-1.6864186311356,0.972038087169067,0.088582433170669,1,"NS"
"GOBP_POSTSYNAPSE_ORGANIZATION","GO:BP",38,1.56459362965543,-0.856307054783432,0.0899195572588248,1,"NS"
"GOBP_LUNG_MORPHOGENESIS","GO:BP",15,1.63253368776389,-0.649692624893488,0.0909699883933013,1,"NS"
"GOBP_ANTIGEN_PROCESSING_AND_PRESENTATION_OF_EXOGENOUS_ANTIGEN","GO:BP",12,1.63861224016639,-0.93669893760805,0.0924503399104626,1,"NS"
"GOBP_POSITIVE_REGULATION_OF_REACTIVE_OXYGEN_SPECIES_METABOLIC_PROCESS","GO:BP",22,1.61233147615659,-0.939269224984473,0.0924503399104626,1,"NS"
"GOBP_REGULATION_OF_CD4_POSITIVE_ALPHA_BETA_T_CELL_ACTIVATION","GO:BP",10,1.64507150673235,-1.18782239287082,0.0924503399104626,0.933894296516773,"NS"
"GOBP_VIRAL_TRANSLATION","GO:BP",12,-1.69932843541367,1.01057726221831,0.0939680851706616,1,"NS"
"GOBP_KERATINOCYTE_DIFFERENTIATION","GO:BP",18,1.61906921036636,-0.963933313432972,0.0945472184860979,1,"NS"
"GOBP_POSITIVE_REGULATION_OF_GTPASE_ACTIVITY","GO:BP",15,1.62341867715059,0.650351467594042,0.0958425443913571,1,"NS"
"GOBP_CORTICAL_ACTIN_CYTOSKELETON_ORGANIZATION","GO:BP",15,1.62064469749745,0.944873061824563,0.0963090514337052,1,"NS"
"GOBP_PROTEIN_METHYLATION","GO:BP",16,-1.66799068347593,0.927208248695078,0.0967625217526146,1,"NS"
"GOBP_NEGATIVE_REGULATION_OF_NEURON_PROJECTION_DEVELOPMENT","GO:BP",14,1.62184034229468,0.962569050611563,0.096861148619819,1,"NS"
"GOBP_REGULATION_OF_GTPASE_ACTIVITY","GO:BP",23,1.60688832011846,-1.1192651189822,0.0992750253057205,0.958981962304543,"NS"
"GOBP_MITOCHONDRIAL_ELECTRON_TRANSPORT_CYTOCHROME_C_TO_OXYGEN","GO:BP",13,-1.68197268837934,1.69582665462279,0.0993175548134166,0.280659240497454,"NS"
"GOBP_KETONE_BIOSYNTHETIC_PROCESS","GO:BP",16,-1.66243653668698,0.698840007595484,0.0993772092240364,1,"NS"
"GOBP_EPIDERMIS_DEVELOPMENT","GO:BP",39,1.53993439921194,-0.941914664186998,0.10244114102049,1,"NS"
"GOBP_POSITIVE_REGULATION_OF_ALPHA_BETA_T_CELL_ACTIVATION","GO:BP",13,1.6152615493192,-0.885682961981051,0.10464735163358,1,"NS"
"GOBP_MITOCHONDRIAL_FISSION","GO:BP",12,-1.6721272965173,1.47655802378088,0.108401196179675,0.688275580551524,"NS"
"GOBP_MACROPHAGE_MIGRATION","GO:BP",11,1.6145687175509,-0.841904256205273,0.109081040004342,1,"NS"
"GOBP_REGULATION_OF_RECEPTOR_INTERNALIZATION","GO:BP",11,1.61525437771814,-0.775002812569871,0.109081040004342,1,"NS"
"GOBP_STRESS_FIBER_ASSEMBLY","GO:BP",29,1.55456929536142,0.62604217591752,0.109081040004342,1,"NS"
"GOBP_NEGATIVE_REGULATION_OF_CELL_PROJECTION_ORGANIZATION","GO:BP",23,1.58501137278786,0.848939160335592,0.109879693388571,1,"NS"
"GOBP_NEGATIVE_REGULATION_OF_INNATE_IMMUNE_RESPONSE","GO:BP",15,1.59020570278198,-0.958183553416521,0.110180956918828,1,"NS"
"GOBP_ACETYL_COA_METABOLIC_PROCESS","GO:BP",21,-1.63600287853371,0.698356392611196,0.110222592654804,1,"NS"
"GOBP_REGULATION_OF_THE_FORCE_OF_HEART_CONTRACTION","GO:BP",14,-1.64264008187813,1.69121310592163,0.110222592654804,0.280659240497454,"NS"
"GOBP_REGULATION_OF_SYSTEMIC_ARTERIAL_BLOOD_PRESSURE_MEDIATED_BY_A_CHEMICAL_SIGNAL","GO:BP",11,1.6105184192496,-0.802132929550333,0.111467470954313,1,"NS"
"GOBP_ANTIGEN_PROCESSING_AND_PRESENTATION_OF_PEPTIDE_OR_POLYSACCHARIDE_ANTIGEN_VIA_MHC_CLASS_II","GO:BP",11,1.60962669086489,-1.06176245345746,0.111876916557289,1,"NS"
"GOBP_NUCLEOSIDE_MONOPHOSPHATE_METABOLIC_PROCESS","GO:BP",31,1.5515461666293,-0.929836453799536,0.112917551481725,1,"NS"
"GOBP_PYRUVATE_METABOLIC_PROCESS","GO:BP",56,-1.45654042107661,1.09421466737607,0.113802240714053,0.972586330082651,"NS"
"GOBP_RESPONSE_TO_MUSCLE_ACTIVITY","GO:BP",12,1.59828559889643,-1.01262976065218,0.113802240714053,1,"NS"
"GOBP_NADH_METABOLIC_PROCESS","GO:BP",28,-1.53910815409166,-1.09750266164352,0.11432448712534,0.970802371629438,"NS"
"GOBP_PRESYNAPTIC_ENDOCYTOSIS","GO:BP",26,1.55574748875962,0.823063662214479,0.116098308152893,1,"NS"
"GOBP_PENTOSE_PHOSPHATE_SHUNT","GO:BP",10,1.59218907615925,-1.57560972623335,0.119493217454824,0.583160568052244,"NS"
"GOBP_MYELOID_CELL_DEVELOPMENT","GO:BP",13,1.57598161230206,-1.09254095483384,0.122430814943397,0.992138612915579,"NS"
"GOBP_LYMPHOCYTE_MIGRATION","GO:BP",16,1.56038644005065,-1.06356369545455,0.126907889389119,1,"NS"
"GOBP_INFLAMMATORY_RESPONSE_TO_ANTIGENIC_STIMULUS","GO:BP",13,1.56266305757091,-1.23424431167071,0.129875465231292,0.893084579550119,"NS"
"GOBP_ALDEHYDE_METABOLIC_PROCESS","GO:BP",31,1.5208004317328,-1.86974600701555,0.132446081881028,0.188546676484107,"NS"
"GOBP_ENSHEATHMENT_OF_NEURONS","GO:BP",31,1.52259755835151,-0.715375394102642,0.132446081881028,1,"NS"
"GOBP_NUCLEAR_TRANSPORT","GO:BP",83,1.4207644901359,-1.02375083814852,0.132446081881028,1,"NS"
"GOBP_REGULATION_OF_DNA_BINDING_TRANSCRIPTION_FACTOR_ACTIVITY","GO:BP",30,1.51568659406002,0.655497931653936,0.132446081881028,1,"NS"
"GOBP_REGULATION_OF_GLUCONEOGENESIS","GO:BP",12,-1.6121118677376,1.2086329610233,0.132448132780083,0.912673459485687,"NS"
"GOBP_VESICLE_MEDIATED_TRANSPORT_TO_THE_PLASMA_MEMBRANE","GO:BP",37,1.49821626738819,-0.885321243712225,0.132664716743003,1,"NS"
"GOBP_NEGATIVE_REGULATION_OF_PROTEIN_LOCALIZATION_TO_NUCLEUS","GO:BP",10,1.56876776944704,-1.35795000212168,0.133456171809887,0.814455906564271,"NS"
"GOBP_PROTEIN_QUALITY_CONTROL_FOR_MISFOLDED_OR_INCOMPLETELY_SYNTHESIZED_PROTEINS","GO:BP",10,-1.60533937753002,1.59713102111518,0.134188727303789,0.431440270607086,"NS"
"GOBP_POSITIVE_REGULATION_OF_CELL_KILLING","GO:BP",11,1.5642995633441,-1.16401800301623,0.134200142798091,0.952634646436659,"NS"
"GOBP_NEGATIVE_REGULATION_OF_RESPONSE_TO_BIOTIC_STIMULUS","GO:BP",24,1.53664259941492,0.452391676713155,0.134334650033568,1,"NS"
"GOBP_REGULATED_EXOCYTOSIS","GO:BP",26,1.52401151306841,-1.20507344060903,0.135881016452086,0.884228943769608,"NS"
"GOBP_MORPHOGENESIS_OF_A_POLARIZED_EPITHELIUM","GO:BP",10,1.56351263074545,-1.66112441694706,0.136733888646908,0.431440270607086,"NS"
"GOBP_CELLULAR_RESPONSE_TO_METAL_ION","GO:BP",40,1.48728698729076,0.957730797311541,0.136927660312961,1,"NS"
"GOBP_CELLULAR_COMPONENT_DISASSEMBLY","GO:BP",109,1.38829665612402,1.00330862054314,0.138446783391769,1,"NS"
"GOBP_POSITIVE_REGULATION_OF_NF_KAPPAB_TRANSCRIPTION_FACTOR_ACTIVITY","GO:BP",20,1.53467603452797,0.908385397798458,0.140938981495642,1,"NS"
"GOBP_RECEPTOR_METABOLIC_PROCESS","GO:BP",15,1.53740049624716,0.722646932641186,0.144144144144144,1,"NS"
"GOBP_REGULATION_OF_PHOSPHORYLATION","GO:BP",80,1.4118277077371,0.961653457479399,0.144144144144144,1,"NS"
"GOBP_ACETYL_COA_BIOSYNTHETIC_PROCESS","GO:BP",15,-1.56063569260243,0.560376426997375,0.145873976562733,1,"NS"
"GOBP_BONE_MINERALIZATION","GO:BP",10,1.54932219000222,-0.746386818286378,0.145873976562733,1,"NS"
"GOBP_POSITIVE_REGULATION_OF_MONONUCLEAR_CELL_MIGRATION","GO:BP",15,1.53435323273266,-1.1928590973364,0.146352881862542,0.91096863908053,"NS"
"GOBP_REGULATION_OF_LYMPHOCYTE_MIGRATION","GO:BP",13,1.53179453963195,-1.21151633641761,0.146409534422771,0.91096863908053,"NS"
"GOBP_VIRAL_GENE_EXPRESSION","GO:BP",21,-1.53222741197359,0.957174973132184,0.147116863404255,1,"NS"
"GOBP_REGULATION_OF_TRANSPORTER_ACTIVITY","GO:BP",24,-1.5055437258739,-1.09305493136555,0.149871816129485,0.987684035646262,"NS"
"GOBP_AMYLOID_FIBRIL_FORMATION","GO:BP",20,1.5196977016934,-1.30477663670235,0.150222825193747,0.814455906564271,"NS"
"GOBP_NADPH_REGENERATION","GO:BP",14,1.52473354313735,-1.62023465414711,0.152011940180486,0.431440270607086,"NS"
"GOBP_PURINE_NUCLEOBASE_METABOLIC_PROCESS","GO:BP",11,1.53609843101014,-0.712843212353802,0.152011940180486,1,"NS"
"GOBP_NEGATIVE_REGULATION_OF_INTRACELLULAR_TRANSPORT","GO:BP",19,1.51704931962058,-1.39296171023658,0.152379032766027,0.745775324906534,"NS"
"GOBP_NEGATIVE_REGULATION_OF_APOPTOTIC_SIGNALING_PATHWAY","GO:BP",56,1.44123537696858,-0.946740379039439,0.153491689966465,1,"NS"
"GOBP_POSITIVE_REGULATION_OF_TUMOR_NECROSIS_FACTOR_SUPERFAMILY_CYTOKINE_PRODUCTION","GO:BP",17,1.50697074941652,-0.704917798421555,0.159369753162975,1,"NS"
"GOBP_BASEMENT_MEMBRANE_ORGANIZATION","GO:BP",15,1.51140682107585,-1.12187347443976,0.160304179417057,0.970802371629438,"NS"
"GOBP_REGULATION_OF_DNA_BIOSYNTHETIC_PROCESS","GO:BP",16,1.50670038441763,0.83185842454176,0.160304179417057,1,"NS"
"GOBP_REGULATION_OF_LEUKOCYTE_MEDIATED_IMMUNITY","GO:BP",28,1.48076501196794,-1.16411558247406,0.163640105758118,0.91096863908053,"NS"
"GOBP_TUMOR_NECROSIS_FACTOR_SUPERFAMILY_CYTOKINE_PRODUCTION","GO:BP",24,1.48844660899787,-0.681676177082792,0.164766707632326,1,"NS"
"GOBP_NEGATIVE_REGULATION_OF_KINASE_ACTIVITY","GO:BP",23,1.48468848864877,0.939546036249605,0.166815742663643,1,"NS"
"GOBP_REGULATION_OF_PROTEIN_CONTAINING_COMPLEX_DISASSEMBLY","GO:BP",37,1.44586106415671,1.02403550476346,0.171444677148608,1,"NS"
"GOBP_STRIATED_MUSCLE_CELL_APOPTOTIC_PROCESS","GO:BP",11,-1.54188414454662,1.16215998100797,0.172878102289867,0.958093308722804,"NS"
"GOBP_RETROGRADE_TRANSPORT_ENDOSOME_TO_GOLGI","GO:BP",29,1.46573738538038,-0.779232233216269,0.172975545467858,1,"NS"
"GOBP_NEGATIVE_REGULATION_OF_VASCULATURE_DEVELOPMENT","GO:BP",20,1.48334875338351,0.598720594177256,0.173598087587833,1,"NS"
"GOBP_POSITIVE_REGULATION_OF_CATALYTIC_ACTIVITY","GO:BP",60,1.4040063717025,-0.756832094580328,0.179910165500471,1,"NS"
"GOBP_NEGATIVE_REGULATION_OF_NUCLEOCYTOPLASMIC_TRANSPORT","GO:BP",10,1.498896656524,-1.18240165448357,0.182691524871774,0.937121012776657,"NS"
"GOBP_RESPONSE_TO_PROSTAGLANDIN","GO:BP",12,1.49275403691481,-1.61566288010964,0.182753010087862,0.459989643095624,"NS"
"GOBP_MITOCHONDRIAL_CALCIUM_ION_TRANSMEMBRANE_TRANSPORT","GO:BP",10,-1.53867574715717,0.713620033288037,0.182915388002558,1,"NS"
"GOBP_PEPTIDYL_TYROSINE_MODIFICATION","GO:BP",13,1.48622931190479,1.30348007499822,0.186728855434205,0.835960239085239,"NS"
"GOBP_RESPONSE_TO_CADMIUM_ION","GO:BP",11,1.49379450773749,-0.733653785814908,0.187234959441713,1,"NS"
"GOBP_OSTEOCLAST_DIFFERENTIATION","GO:BP",11,1.49148309002377,-1.18240431844009,0.189012695990709,0.933894296516773,"NS"
"GOBP_SKELETAL_MUSCLE_TISSUE_REGENERATION","GO:BP",13,1.48289802273353,-0.776653296352163,0.189012695990709,1,"NS"
"GOBP_APICAL_JUNCTION_ASSEMBLY","GO:BP",14,1.48037931098921,-1.04551030297083,0.189120642558657,1,"NS"
"GOBP_RESPONSE_TO_KETONE","GO:BP",41,1.42442692164692,-1.48990215119618,0.190055030701139,0.455118189354166,"NS"
"GOBP_SMOOTH_MUSCLE_CONTRACTION","GO:BP",17,1.4657589506488,-1.6393322668181,0.190055030701139,0.351511792485239,"NS"
"GOBP_VIRAL_LIFE_CYCLE","GO:BP",73,1.37365405875157,-1.07831613263762,0.190055030701139,0.970802371629438,"NS"
"GOBP_POSITIVE_REGULATION_OF_TELOMERE_MAINTENANCE_VIA_TELOMERE_LENGTHENING","GO:BP",13,1.47744133259038,0.777453182038795,0.191427113392888,1,"NS"
"GOBP_ANTIGEN_PROCESSING_AND_PRESENTATION_OF_PEPTIDE_ANTIGEN_VIA_MHC_CLASS_I","GO:BP",11,1.48789915403438,-0.426618229794055,0.193191346637599,1,"NS"
"GOBP_CELLULAR_RESPONSE_TO_VASCULAR_ENDOTHELIAL_GROWTH_FACTOR_STIMULUS","GO:BP",14,1.47312173857154,0.569394090031358,0.19530469448253,1,"NS"
"GOBP_REGULATION_OF_SYNAPSE_STRUCTURE_OR_ACTIVITY","GO:BP",38,1.41356483378315,-1.13454518888127,0.19530469448253,0.933894296516773,"NS"
"GOBP_IRES_DEPENDENT_VIRAL_TRANSLATIONAL_INITIATION","GO:BP",10,-1.51697358365936,0.988760625763837,0.19743569539033,1,"NS"
"GOBP_SYNAPTIC_VESICLE_RECYCLING","GO:BP",27,1.44033815817772,0.801527406679604,0.19743569539033,1,"NS"
"GOBP_NEGATIVE_REGULATION_OF_INTRACELLULAR_PROTEIN_TRANSPORT","GO:BP",11,1.47904141621351,-1.13410198213781,0.198376383763838,0.970802371629438,"NS"
"GOBP_SMOOTH_MUSCLE_CELL_MIGRATION","GO:BP",12,1.4657567429981,-0.869222114246004,0.198376383763838,1,"NS"
"GOBP_ANTIGEN_PROCESSING_AND_PRESENTATION_OF_EXOGENOUS_PEPTIDE_ANTIGEN","GO:BP",10,1.47006608134696,-0.923659479354383,0.200875188338512,1,"NS"
"GOBP_REGULATION_OF_ACTIN_FILAMENT_BUNDLE_ASSEMBLY","GO:BP",25,1.43544192541918,0.754967013745008,0.203220486641313,1,"NS"
"GOBP_PURINE_CONTAINING_COMPOUND_SALVAGE","GO:BP",11,1.46777711299293,-0.745189544992748,0.204647933905948,1,"NS"
"GOBP_THIOESTER_BIOSYNTHETIC_PROCESS","GO:BP",28,-1.39430338752458,-0.866150450595645,0.207727228429484,1,"NS"
"GOBP_RECEPTOR_RECYCLING","GO:BP",11,1.46362054889919,0.862762169173421,0.20791679718446,1,"NS"
"GOBP_CELL_ACTIVATION_INVOLVED_IN_IMMUNE_RESPONSE","GO:BP",31,1.40795808738379,-1.09181139242994,0.210391179985766,0.972586330082651,"NS"
"GOBP_DNA_BIOSYNTHETIC_PROCESS","GO:BP",22,1.43326551432782,0.9650052839472,0.211164179565793,1,"NS"
"GOBP_EPIDERMAL_CELL_DIFFERENTIATION","GO:BP",23,1.43476374732973,-1.17133695730853,0.211164179565793,0.91096863908053,"NS"
"GOBP_REGULATION_OF_TELOMERE_MAINTENANCE_VIA_TELOMERASE","GO:BP",14,1.45663443664684,0.780283807910407,0.211164179565793,1,"NS"
"GOBP_RESPONSE_TO_ARSENIC_CONTAINING_SUBSTANCE","GO:BP",10,1.45692587059238,0.490306618002739,0.211251789862128,1,"NS"
"GOBP_METANEPHROS_DEVELOPMENT","GO:BP",11,1.44855936052099,-0.643825944702255,0.218888106966925,1,"NS"
"GOBP_NEGATIVE_REGULATION_OF_PROTEASOMAL_UBIQUITIN_DEPENDENT_PROTEIN_CATABOLIC_PROCESS","GO:BP",15,-1.44983361279466,1.09822013446275,0.218888106966925,0.992138612915579,"NS"
"GOBP_RESPONSE_TO_HYDROGEN_PEROXIDE","GO:BP",31,1.39964026498809,-1.04143155452426,0.219336259638878,1,"NS"
"GOBP_NEGATIVE_REGULATION_OF_LIPID_TRANSPORT","GO:BP",12,1.43774528153734,1.02070745040942,0.221977927493598,1,"NS"
"GOBP_POSITIVE_REGULATION_OF_ERYTHROCYTE_DIFFERENTIATION","GO:BP",10,-1.47360902569711,-1.08283930105017,0.222379654874752,0.993241779530139,"NS"
"GOBP_PORPHYRIN_CONTAINING_COMPOUND_METABOLIC_PROCESS","GO:BP",14,1.43428271374773,0.807594548181904,0.22852978684642,1,"NS"
"GOBP_REGULATION_OF_BLOOD_CIRCULATION","GO:BP",58,-1.30657051224259,-0.866452679773565,0.22852978684642,1,"NS"
"GOBP_CELLULAR_RESPONSE_TO_KETONE","GO:BP",23,1.41327817859249,-1.05974177412715,0.228543105475714,1,"NS"
"GOBP_CELL_CYCLE_G2_M_PHASE_TRANSITION","GO:BP",16,-1.43814454398234,-1.00462994465706,0.229594361303234,1,"NS"
"GOBP_INORGANIC_ION_IMPORT_ACROSS_PLASMA_MEMBRANE","GO:BP",11,-1.45895110715204,-1.16339321160913,0.231621467013788,0.952634646436659,"NS"
"GOBP_POSITIVE_REGULATION_OF_DNA_BIOSYNTHETIC_PROCESS","GO:BP",13,1.41995297808468,0.922938994992235,0.233288251061549,1,"NS"
"GOBP_NEGATIVE_REGULATION_OF_REPRODUCTIVE_PROCESS","GO:BP",11,1.42945275249817,-0.866455042272604,0.236047566570964,1,"NS"
"GOBP_EXTRACELLULAR_MATRIX_DISASSEMBLY","GO:BP",13,1.40822896571252,1.09582741015803,0.24256943924534,0.992138612915579,"NS"
"GOBP_POSITIVE_REGULATION_OF_LEUKOCYTE_MEDIATED_IMMUNITY","GO:BP",21,1.39606962378989,-0.966699569132715,0.243184325241637,1,"NS"
"GOBP_FATTY_ACYL_COA_METABOLIC_PROCESS","GO:BP",14,-1.41381299507828,0.824656786009572,0.248462793324131,1,"NS"
"GOBP_POSITIVE_REGULATION_OF_TRANSMEMBRANE_TRANSPORT","GO:BP",43,1.36196871857665,-1.1483087527596,0.24900252312868,0.909554618244209,"NS"
"GOBP_RESPONSE_TO_ETHANOL","GO:BP",27,1.37715456794745,-0.989449619143449,0.255559077940311,1,"NS"
"GOBP_POSITIVE_REGULATION_OF_DNA_BINDING_TRANSCRIPTION_FACTOR_ACTIVITY","GO:BP",23,1.38403852932182,0.811910257943283,0.256255931850274,1,"NS"
"GOBP_PROTEIN_LOCALIZATION_TO_PLASMA_MEMBRANE","GO:BP",75,1.31239700155244,-1.2845641589018,0.256318589993471,0.731457508887249,"NS"
"GOBP_REGULATION_OF_PLATELET_ACTIVATION","GO:BP",10,1.40678026019577,-0.995659974517342,0.258733164289749,1,"NS"
"GOBP_FEMALE_SEX_DIFFERENTIATION","GO:BP",10,1.40454934393488,-1.78482094013467,0.260633665042934,0.280659240497454,"NS"
"GOBP_TELOMERASE_RNA_LOCALIZATION","GO:BP",10,1.40468870091534,1.43314776273336,0.260633665042934,0.730563007855475,"NS"
"GOBP_L_AMINO_ACID_CATABOLIC_PROCESS","GO:BP",26,-1.33768466912646,-1.06782957482737,0.26436250133192,0.993241779530139,"NS"
"GOBP_REGULATION_OF_TELOMERE_MAINTENANCE_VIA_TELOMERE_LENGTHENING","GO:BP",16,1.38445695638489,0.674174697527158,0.264590976933918,1,"NS"
"GOBP_ORGANOPHOSPHATE_ESTER_TRANSPORT","GO:BP",23,1.37326381969311,0.87988616084464,0.265312263936571,1,"NS"
"GOBP_CHLORIDE_TRANSPORT","GO:BP",11,1.39166248612189,-1.26575055606153,0.267882385337943,0.875632064372523,"NS"
"GOBP_METABOLIC_COMPOUND_SALVAGE","GO:BP",16,1.38089068270375,-0.856611086542743,0.267882385337943,1,"NS"
"GOBP_POSITIVE_REGULATION_OF_CYTOSKELETON_ORGANIZATION","GO:BP",52,1.3260280348636,1.0665227897052,0.267882385337943,0.993241779530139,"NS"
"GOBP_REGULATION_OF_MITOCHONDRIAL_MEMBRANE_POTENTIAL","GO:BP",27,1.36492522651694,0.822013947165322,0.267882385337943,1,"NS"
"GOBP_REGULATION_OF_CATION_CHANNEL_ACTIVITY","GO:BP",15,-1.37957075547797,-1.20317848708298,0.272223415682062,0.909554618244209,"NS"
"GOBP_TOLL_LIKE_RECEPTOR_SIGNALING_PATHWAY","GO:BP",12,1.38031540774273,-1.36783477597843,0.272268360201921,0.807813925950508,"NS"
"GOBP_POSITIVE_REGULATION_OF_PROTEIN_LOCALIZATION_TO_MEMBRANE","GO:BP",30,1.34808552672386,0.803630407176043,0.27415516420752,1,"NS"
"GOBP_GLUCOSE_6_PHOSPHATE_METABOLIC_PROCESS","GO:BP",13,1.37216160956568,-0.933725693479186,0.275005046257986,1,"NS"
"GOBP_BIOLOGICAL_PROCESS_INVOLVED_IN_INTERACTION_WITH_SYMBIONT","GO:BP",10,1.38282641168858,0.788781180684474,0.279958129815293,1,"NS"
"GOBP_REGULATION_OF_EPITHELIAL_CELL_DIFFERENTIATION","GO:BP",10,1.38257509163083,-1.40498753588562,0.279968132130335,0.803285622184819,"NS"
"GOBP_PIGMENT_BIOSYNTHETIC_PROCESS","GO:BP",12,1.36780395259153,-0.807757237353029,0.287077602891055,1,"NS"
"GOBP_LUNG_EPITHELIUM_DEVELOPMENT","GO:BP",11,1.37302250019306,-0.639883877772166,0.287302446559897,1,"NS"
"GOBP_GLUCOSE_CATABOLIC_PROCESS","GO:BP",18,-1.34813831311301,0.885247536662689,0.288999979147525,1,"NS"
"GOBP_NEGATIVE_REGULATION_OF_LIPID_LOCALIZATION","GO:BP",14,1.3688095067806,0.819095182501152,0.289354177550938,1,"NS"
"GOBP_REGULATION_OF_CARDIAC_MUSCLE_CONTRACTION_BY_CALCIUM_ION_SIGNALING","GO:BP",19,-1.34071337217957,0.777825127088749,0.292311284656828,1,"NS"
"GOBP_CELL_CYCLE_CHECKPOINT_SIGNALING","GO:BP",17,-1.35059155567811,1.42160772674679,0.293488473054636,0.709940316834075,"NS"
"GOBP_REGULATION_OF_OSTEOBLAST_DIFFERENTIATION","GO:BP",11,1.36633653117778,-0.574056013917446,0.293813164103375,1,"NS"
"GOBP_NEGATIVE_REGULATION_OF_CATALYTIC_ACTIVITY","GO:BP",50,1.30328615568949,0.879687029497744,0.294754355372826,1,"NS"
"GOBP_REGULATION_OF_CALCIUM_ION_TRANSMEMBRANE_TRANSPORTER_ACTIVITY","GO:BP",13,-1.36181269475862,0.901394568516205,0.295314692178452,1,"NS"
"GOBP_CELLULAR_RESPONSE_TO_ANGIOTENSIN","GO:BP",12,1.35643233434291,0.639104491361978,0.29597795754741,1,"NS"
"GOBP_RELEASE_OF_SEQUESTERED_CALCIUM_ION_INTO_CYTOSOL_BY_ENDOPLASMIC_RETICULUM","GO:BP",22,-1.31738263129263,0.660988517210566,0.297301773780406,1,"NS"
"GOBP_PROTEINOGENIC_AMINO_ACID_METABOLIC_PROCESS","GO:BP",50,-1.2676081067516,-1.1767583362763,0.299648560330477,0.875632064372523,"NS"
"GOBP_REGULATION_OF_PROTEIN_NEDDYLATION","GO:BP",11,-1.36622500655669,-0.651730242904739,0.30831319272518,1,"NS"
"GOBP_TYPE_2_MITOPHAGY","GO:BP",10,-1.36927610503219,0.645362194385076,0.30831319272518,1,"NS"
"GOBP_GMP_METABOLIC_PROCESS","GO:BP",14,1.34893994028166,-0.692800267022726,0.308671097321053,1,"NS"
"GOBP_NEGATIVE_REGULATION_OF_ENDOTHELIAL_CELL_PROLIFERATION","GO:BP",10,1.35688349926945,0.595829458446781,0.308671097321053,1,"NS"
"GOBP_REGULATION_OF_AMIDE_METABOLIC_PROCESS","GO:BP",21,1.33901750667643,-1.12275046530833,0.309097576482557,0.958492539659312,"NS"
"GOBP_TOR_SIGNALING","GO:BP",39,-1.26502736133217,-1.09594045787665,0.3097011002036,0.970802371629438,"NS"
"GOBP_NEGATIVE_REGULATION_OF_TRANSFERASE_ACTIVITY","GO:BP",31,1.31247395289986,0.862129028579812,0.312237446702819,1,"NS"
"GOBP_REGULATION_OF_SMOOTH_MUSCLE_CONTRACTION","GO:BP",11,1.34720363371238,-1.65190554186193,0.312295854829481,0.455118189354166,"NS"
"GOBP_NUCLEAR_EXPORT","GO:BP",41,1.29871156014453,-1.04805294287631,0.31660787718176,1,"NS"
"GOBP_ACTIN_FILAMENT_SEVERING","GO:BP",10,1.34426245087332,1.04023702841866,0.31919494879249,1,"NS"
"GOBP_FRUCTOSE_6_PHOSPHATE_METABOLIC_PROCESS","GO:BP",10,-1.34934425124148,1.23067695960461,0.31919494879249,0.91096863908053,"NS"
"GOBP_FATTY_ACID_DERIVATIVE_METABOLIC_PROCESS","GO:BP",23,-1.28835690039794,-1.32490352750961,0.320910247293196,0.803285622184819,"NS"
"GOBP_LIPID_DROPLET_ORGANIZATION","GO:BP",10,-1.34026504533597,-0.732248256329626,0.329388063460086,1,"NS"
"GOBP_REGULATION_OF_PROTEIN_CATABOLIC_PROCESS","GO:BP",101,1.2329706539438,0.582901280326613,0.329388063460086,1,"NS"
"GOBP_GLUTATHIONE_METABOLIC_PROCESS","GO:BP",24,1.31005290850433,-1.70469156411329,0.331853362785646,0.280659240497454,"NS"
"GOBP_REGULATION_OF_DEFENSE_RESPONSE_TO_VIRUS","GO:BP",10,-1.33444603986586,0.959883863990263,0.332343556720288,1,"NS"
"GOBP_CELLULAR_RESPONSE_TO_TYPE_II_INTERFERON","GO:BP",25,1.30143096018902,0.79659991444409,0.335608983872564,1,"NS"
"GOBP_MYOBLAST_DIFFERENTIATION","GO:BP",18,1.30776148729929,0.864096946184092,0.338502564563608,1,"NS"
"GOBP_POSITIVE_REGULATION_OF_CYTOPLASMIC_TRANSLATION","GO:BP",12,-1.31853333498158,1.55947656566738,0.338502564563608,0.514267159332662,"NS"
"GOBP_PROTEIN_TARGETING_TO_MITOCHONDRION","GO:BP",52,-1.22830020172666,1.05806811111054,0.338804447809573,1,"NS"
"GOBP_REGULATION_OF_CELL_SIZE","GO:BP",32,1.27844614154174,-1.15187875484158,0.341670852194053,0.918121339328242,"NS"
"GOBP_GLYCOLYTIC_PROCESS_THROUGH_FRUCTOSE_6_PHOSPHATE","GO:BP",18,-1.28189270738099,0.846262483358591,0.34281633138912,1,"NS"
"GOBP_PROTEIN_LOCALIZATION_TO_LYSOSOME","GO:BP",14,1.30651905104347,-1.15163058217654,0.344141667340503,0.957149206196861,"NS"
"GOBP_TORC1_SIGNALING","GO:BP",27,-1.24893956897958,-1.07351292500704,0.344141667340503,0.992138612915579,"NS"
"GOBP_EMBRYO_IMPLANTATION","GO:BP",15,1.31042618304857,-0.980333189836678,0.344743531705958,1,"NS"
"GOBP_PROTEIN_TRANSMEMBRANE_IMPORT_INTO_INTRACELLULAR_ORGANELLE","GO:BP",17,-1.2879691686926,1.15224921314063,0.344743531705958,0.957265676855895,"NS"
"GOBP_SULFUR_COMPOUND_METABOLIC_PROCESS","GO:BP",103,-1.16481732842118,-1.29446560058582,0.344743531705958,0.691850454331062,"NS"
"GOBP_POSITIVE_REGULATION_OF_NON_CANONICAL_NF_KAPPAB_SIGNAL_TRANSDUCTION","GO:BP",11,1.30364612329447,0.801911892688494,0.350428070320933,1,"NS"
"GOBP_REGULATION_OF_AMYLOID_PRECURSOR_PROTEIN_CATABOLIC_PROCESS","GO:BP",14,1.29650590387246,-1.35226858742017,0.355019860293111,0.806557973058528,"NS"
"GOBP_RESPONSE_TO_ESTROGEN","GO:BP",10,1.30541241026538,-1.62339874111768,0.355783975659007,0.486394363902916,"NS"
"GOBP_RELAXATION_OF_MUSCLE","GO:BP",14,-1.29630153047949,0.687815230653289,0.357692307692308,1,"NS"
"GOBP_IMPORT_INTO_THE_MITOCHONDRION","GO:BP",24,-1.24912035417589,0.893502088629624,0.358017784155495,1,"NS"
"GOBP_REGULATION_OF_INFLAMMATORY_RESPONSE_TO_ANTIGENIC_STIMULUS","GO:BP",10,1.30271909385885,-0.913717713228746,0.358243439911701,1,"NS"
"GOBP_DEFENSE_RESPONSE_TO_GRAM_NEGATIVE_BACTERIUM","GO:BP",14,1.29325065687004,1.04065743813877,0.358423100783938,1,"NS"
"GOBP_CARDIAC_CONDUCTION","GO:BP",26,-1.24414517622799,-1.02659295186353,0.359547801733176,1,"NS"
"GOBP_GOLGI_TO_PLASMA_MEMBRANE_PROTEIN_TRANSPORT","GO:BP",12,-1.29628901796905,0.722267897440021,0.365597300482749,1,"NS"
"GOBP_PROTEIN_LOCALIZATION_TO_EXTRACELLULAR_REGION","GO:BP",68,1.2289302614748,0.736671818385029,0.367548653162313,1,"NS"
"GOBP_NEGATIVE_REGULATION_OF_PROTEOLYSIS","GO:BP",37,1.24676869845982,0.975983057424885,0.369396664733841,1,"NS"
"GOBP_REGULATION_OF_CIRCADIAN_RHYTHM","GO:BP",25,-1.23895871349017,0.93090011933553,0.369396664733841,1,"NS"
"GOBP_REGULATION_OF_TRANSMEMBRANE_RECEPTOR_PROTEIN_SERINE_THREONINE_KINASE_SIGNALING_PATHWAY","GO:BP",35,1.25171273332435,-1.22164992761267,0.369396664733841,0.835960239085239,"NS"
"GOBP_TELOMERE_MAINTENANCE_VIA_TELOMERE_LENGTHENING","GO:BP",20,1.27935214556967,1.00510937674214,0.369396664733841,1,"NS"
"GOBP_MONOSACCHARIDE_CATABOLIC_PROCESS","GO:BP",23,-1.23822689693854,0.871163623872844,0.369484425036836,1,"NS"
"GOBP_RHYTHMIC_PROCESS","GO:BP",48,-1.21185002317307,0.960247073327605,0.372561231363677,1,"NS"
"GOBP_NAD_METABOLIC_PROCESS","GO:BP",15,-1.26179262784844,0.943115118641402,0.375684686088176,1,"NS"
"GOBP_PROTEIN_EXIT_FROM_ENDOPLASMIC_RETICULUM","GO:BP",10,1.28067897385167,0.753879521768531,0.384568197393316,1,"NS"
"GOBP_RESPONSE_TO_CORTICOSTEROID","GO:BP",31,1.23732835813433,-0.936543835451908,0.394577063077822,1,"NS"
"GOBP_POSITIVE_REGULATION_OF_MONOATOMIC_ION_TRANSMEMBRANE_TRANSPORT","GO:BP",30,1.23412564563244,-1.248126577144,0.398454811067318,0.828122854967739,"NS"
"GOBP_ANTIVIRAL_INNATE_IMMUNE_RESPONSE","GO:BP",12,-1.2578495784036,-1.11941346290064,0.399580411630659,0.970802371629438,"NS"
"GOBP_RNA_TEMPLATED_DNA_BIOSYNTHETIC_PROCESS","GO:BP",18,1.25619161912043,1.08497434737074,0.399580411630659,0.993241779530139,"NS"
"GOBP_REGULATION_OF_PEPTIDYL_TYROSINE_PHOSPHORYLATION","GO:BP",11,1.2592154183545,1.36571735214127,0.400583796314558,0.813100817501639,"NS"
"GOBP_NEGATIVE_REGULATION_OF_AMYLOID_FIBRIL_FORMATION","GO:BP",10,1.26176954847883,-1.57098519665677,0.401903792637873,0.587746104142912,"NS"
"GOBP_REGULATION_OF_AMYLOID_FIBRIL_FORMATION","GO:BP",10,1.26176954847883,-1.57098519665677,0.401903792637873,0.587746104142912,"NS"
"GOBP_NEGATIVE_REGULATION_OF_RNA_CATABOLIC_PROCESS","GO:BP",25,-1.20364654256935,1.317286051102,0.405686998046451,0.813100817501639,"NS"
"GOBP_POSITIVE_REGULATION_OF_PROTEIN_UBIQUITINATION","GO:BP",26,-1.20479454494531,-1.14563319858287,0.408821100706231,0.933894296516773,"NS"
"GOBP_REGULATION_OF_SYNAPTIC_VESICLE_RECYCLING","GO:BP",11,1.25253643916153,-0.893760882644599,0.408821100706231,1,"NS"
"GOBP_REGULATION_OF_NERVOUS_SYSTEM_PROCESS","GO:BP",10,1.25640950801825,-1.13284479374349,0.410164435664308,0.970802371629438,"NS"
"GOBP_REGULATION_OF_RNA_SPLICING","GO:BP",42,1.21549416443271,-0.758507218065687,0.413113557569491,1,"NS"
"GOBP_RESPONSE_TO_TUMOR_CELL","GO:BP",11,1.24471558219959,-0.881029101446239,0.416275771790117,1,"NS"
"GOBP_CELLULAR_COMPONENT_MAINTENANCE","GO:BP",10,1.24966488980169,1.20473996546817,0.416755852338674,0.93328123557394,"NS"
"GOBP_CELLULAR_RESPONSE_TO_CORTICOSTEROID_STIMULUS","GO:BP",17,1.230148089057,-1.11917717658615,0.427383022671053,0.970802371629438,"NS"
"GOBP_TISSUE_MIGRATION","GO:BP",16,1.23616542485263,0.735246908371211,0.427383022671053,1,"NS"
"GOBP_POSITIVE_REGULATION_OF_CALCIUM_ION_TRANSMEMBRANE_TRANSPORT","GO:BP",20,1.22675711611725,-1.10519811903866,0.428556255636732,0.972586330082651,"NS"
"GOBP_NUCLEAR_TRANSCRIBED_MRNA_CATABOLIC_PROCESS","GO:BP",19,-1.20517976307365,1.00082638600253,0.428996141870438,1,"NS"
"GOBP_LEUKOCYTE_APOPTOTIC_PROCESS","GO:BP",11,1.2330070395657,-0.978741203034085,0.430435826950279,1,"NS"
"GOBP_NADP_METABOLIC_PROCESS","GO:BP",21,1.22352545490348,-1.50729577434577,0.431470390330772,0.573636228375107,"NS"
"GOBP_RESPONSE_TO_INTERLEUKIN_7","GO:BP",11,1.23040773208984,-1.0006810486325,0.432724589175649,1,"NS"
"GOBP_POSITIVE_REGULATION_OF_CALCIUM_ION_TRANSPORT","GO:BP",26,1.2085282754991,-1.30040924574588,0.435938306289777,0.813100817501639,"NS"
"GOBP_POSITIVE_REGULATION_OF_STEROID_METABOLIC_PROCESS","GO:BP",10,1.23022918837729,-0.943854940774818,0.435938306289777,1,"NS"
"GOBP_REGULATION_OF_KINASE_ACTIVITY","GO:BP",47,1.18973472142765,0.619143098382848,0.435938306289777,1,"NS"
"GOBP_REGULATION_OF_MITOCHONDRION_ORGANIZATION","GO:BP",39,-1.16352345583295,1.18340219025352,0.435938306289777,0.909554618244209,"NS"
"GOBP_GLYCOLYTIC_PROCESS_THROUGH_GLUCOSE_6_PHOSPHATE","GO:BP",15,-1.20893842545029,0.921578337305134,0.43681357059704,1,"NS"
"GOBP_REGULATION_OF_PROTEIN_LOCALIZATION_TO_NUCLEUS","GO:BP",43,1.18895041231414,-0.918977398618553,0.43776331638876,1,"NS"
"GOBP_FATTY_ACYL_COA_BIOSYNTHETIC_PROCESS","GO:BP",11,-1.22050732048222,-1.0547723712532,0.438299910082786,1,"NS"
"GOBP_REGULATION_OF_INNATE_IMMUNE_RESPONSE","GO:BP",86,1.16066572529524,-0.527433529672854,0.438299910082786,1,"NS"
"GOBP_RESPIRATORY_CHAIN_COMPLEX_IV_ASSEMBLY","GO:BP",12,-1.21023685795279,0.919887227194344,0.438299910082786,1,"NS"
"GOBP_NEGATIVE_REGULATION_OF_NERVOUS_SYSTEM_DEVELOPMENT","GO:BP",12,1.21410886129201,1.03316998183202,0.439496317256876,1,"NS"
"GOBP_SPERMATID_DIFFERENTIATION","GO:BP",21,-1.18259976388514,-0.538930275477787,0.439496317256876,1,"NS"
"GOBP_CELL_REDOX_HOMEOSTASIS","GO:BP",20,1.20826319810254,0.697600701412977,0.441438728387503,1,"NS"
"GOBP_REGULATION_OF_OXIDATIVE_STRESS_INDUCED_INTRINSIC_APOPTOTIC_SIGNALING_PATHWAY","GO:BP",17,1.20900096495727,-0.719487524902478,0.441914148049259,1,"NS"
"GOBP_AMP_BIOSYNTHETIC_PROCESS","GO:BP",11,1.21560889179609,-0.546917887281673,0.444329585791911,1,"NS"
"GOBP_AMINO_ACID_BETAINE_METABOLIC_PROCESS","GO:BP",11,-1.21159009318752,-1.88007046104641,0.445009535918627,0.188546676484107,"NS"
"GOBP_EAR_MORPHOGENESIS","GO:BP",10,1.21463296631642,0.900616586100102,0.446346935391633,1,"NS"
"GOBP_POSITIVE_REGULATION_OF_PROTEASOMAL_UBIQUITIN_DEPENDENT_PROTEIN_CATABOLIC_PROCESS","GO:BP",22,1.19452910739198,-0.695383941367906,0.452579309094878,1,"NS"
"GOBP_NEGATIVE_REGULATION_OF_LIPID_BIOSYNTHETIC_PROCESS","GO:BP",11,1.20922226781592,0.761561047948545,0.455110766071805,1,"NS"
"GOBP_HEMATOPOIETIC_OR_LYMPHOID_ORGAN_DEVELOPMENT","GO:BP",10,1.20523958234882,-1.37378128547766,0.4586712192346,0.813100817501639,"NS"
"GOBP_NEGATIVE_REGULATION_OF_NUCLEOTIDE_METABOLIC_PROCESS","GO:BP",12,-1.19259196101276,0.747061542229272,0.4586712192346,1,"NS"
"GOBP_REGULATION_OF_INCLUSION_BODY_ASSEMBLY","GO:BP",11,1.205629926055,0.77859284968839,0.459651813663817,1,"NS"
"GOBP_REGULATION_OF_SKELETAL_MUSCLE_ADAPTATION","GO:BP",10,-1.20146793074662,1.49182980434483,0.459651813663817,0.674068688043821,"NS"
"GOBP_ORGANELLE_TRANSPORT_ALONG_MICROTUBULE","GO:BP",17,-1.17054577097852,-0.732583342986131,0.460675281033724,1,"NS"
"GOBP_NEGATIVE_REGULATION_OF_TRANSLATION","GO:BP",35,-1.14375881859591,1.26345766290399,0.462279557710712,0.835960239085239,"NS"
"GOBP_REGULATION_OF_JNK_CASCADE","GO:BP",13,1.1902321633261,-0.896528218753651,0.464591637689763,1,"NS"
"GOBP_REGULATION_OF_REPRODUCTIVE_PROCESS","GO:BP",16,1.19239445676042,-0.698947423213447,0.464591637689763,1,"NS"
"GOBP_TUBE_FORMATION","GO:BP",15,1.19511451571109,-1.41385621309029,0.464591637689763,0.709940316834075,"NS"
"GOBP_REGULATION_OF_TRANSLATIONAL_INITIATION","GO:BP",30,-1.14784404989322,-0.887155715948546,0.465117065622701,1,"NS"
"GOBP_NEGATIVE_REGULATION_OF_MRNA_CATABOLIC_PROCESS","GO:BP",21,-1.16131743117745,1.34845113809851,0.465695506340614,0.803285622184819,"NS"
"GOBP_OLIGODENDROCYTE_DIFFERENTIATION","GO:BP",12,1.19304998766465,-1.42150874185419,0.466228727341646,0.759067024534079,"NS"
"GOBP_REGULATION_OF_CILIUM_ASSEMBLY","GO:BP",11,1.19492511370514,-0.73979404550281,0.467127760779575,1,"NS"
"GOBP_POSITIVE_REGULATION_OF_COLD_INDUCED_THERMOGENESIS","GO:BP",17,1.18735138689331,-0.861075266989339,0.467352907764843,1,"NS"
"GOBP_MUSCLE_CELL_CELLULAR_HOMEOSTASIS","GO:BP",14,-1.17894663593606,0.903538962853158,0.467591424968474,1,"NS"
"GOBP_PEPTIDYL_THREONINE_MODIFICATION","GO:BP",10,-1.17671306861767,0.918058268718877,0.476124381749907,1,"NS"
"GOBP_PEPTIDYL_THREONINE_PHOSPHORYLATION","GO:BP",10,-1.17671306861767,0.918058268718877,0.476124381749907,1,"NS"
"GOBP_VIRAL_PROCESS","GO:BP",96,1.13246219816768,-0.987900058538527,0.477323919826286,1,"NS"
"GOBP_GLUTAMINE_FAMILY_AMINO_ACID_METABOLIC_PROCESS","GO:BP",21,1.16325144146033,-0.696569825835428,0.486453938737537,1,"NS"
"GOBP_NEGATIVE_REGULATION_OF_MACROAUTOPHAGY","GO:BP",11,-1.16367616840154,1.54095830071174,0.487334887334887,0.573636228375107,"NS"
"GOBP_POSITIVE_REGULATION_OF_INTERLEUKIN_1_PRODUCTION","GO:BP",10,1.17290140841497,1.1293944535247,0.49082560716393,0.981754627916625,"NS"
"GOBP_CHAPERONE_MEDIATED_AUTOPHAGY","GO:BP",10,1.16320513144447,-0.913821958693738,0.500506104428646,1,"NS"
"GOBP_REGULATION_OF_HEART_GROWTH","GO:BP",10,1.16267607463432,0.714519175200495,0.50125984431862,1,"NS"
"GOBP_ADULT_BEHAVIOR","GO:BP",15,1.15869124023964,1.07317295952401,0.501327002011596,1,"NS"
"GOBP_ADULT_LOCOMOTORY_BEHAVIOR","GO:BP",15,1.15869124023964,1.07317295952401,0.501327002011596,1,"NS"
"GOBP_PROTEIN_DEPHOSPHORYLATION","GO:BP",20,-1.13238929663364,1.30180101288158,0.502095058250647,0.828122854967739,"NS"
"GOBP_CELLULAR_RESPONSE_TO_UNFOLDED_PROTEIN","GO:BP",23,-1.12224279779815,1.10397409052438,0.503693639726543,0.987684035646262,"NS"
"GOBP_ORGAN_GROWTH","GO:BP",27,1.13948175079475,-1.03978031983548,0.503743879989873,1,"NS"
"GOBP_INTRACELLULAR_LIPID_TRANSPORT","GO:BP",13,-1.13170618112199,-1.12143471573053,0.514926459880588,0.972586330082651,"NS"
"GOBP_MITOCHONDRIAL_CALCIUM_ION_HOMEOSTASIS","GO:BP",10,-1.14292931914064,0.969452911530377,0.51646717966034,1,"NS"
"GOBP_RESPONSE_TO_GROWTH_HORMONE","GO:BP",10,-1.14307907055146,-0.974832764548414,0.51646717966034,1,"NS"
"GOBP_STEROID_METABOLIC_PROCESS","GO:BP",64,1.10949079520701,-1.31341745222817,0.521211832236722,0.708012934643479,"NS"
"GOBP_TETRAPYRROLE_BIOSYNTHETIC_PROCESS","GO:BP",11,1.14367442108951,-0.647395824315217,0.521211832236722,1,"NS"
"GOBP_AMYLOID_BETA_FORMATION","GO:BP",12,1.14040252413194,-0.974364119466712,0.525172033366933,1,"NS"
"GOBP_MULTICELLULAR_ORGANISM_GROWTH","GO:BP",24,1.12782017584513,-1.22008510421452,0.527379339450059,0.868680580479795,"NS"
"GOBP_STRIATED_MUSCLE_CELL_PROLIFERATION","GO:BP",10,1.13399282520635,-0.724967479056112,0.533220856391023,1,"NS"
"GOBP_REGULATION_OF_NEUROTRANSMITTER_SECRETION","GO:BP",10,1.13193538534629,1.16705838363763,0.535855157474444,0.958492539659312,"NS"
"GOBP_REGULATION_OF_CELLULAR_RESPONSE_TO_TRANSFORMING_GROWTH_FACTOR_BETA_STIMULUS","GO:BP",21,1.12179920364816,-0.720055586227159,0.537716666516523,1,"NS"
"GOBP_CELLULAR_RESPONSE_TO_GLUCOCORTICOID_STIMULUS","GO:BP",14,1.12556071121803,-1.19887662958073,0.54095321852457,0.91096863908053,"NS"
"GOBP_CELLULAR_RESPONSE_TO_TOPOLOGICALLY_INCORRECT_PROTEIN","GO:BP",28,-1.09059456968004,1.02442947989067,0.54095321852457,1,"NS"
"GOBP_CIRCADIAN_RHYTHM","GO:BP",38,-1.0811872619949,0.945976235770911,0.54095321852457,1,"NS"
"GOBP_NUCLEOSOME_ORGANIZATION","GO:BP",12,-1.10951749996436,1.05221418182443,0.54095321852457,1,"NS"
"GOBP_REGULATION_OF_ERYTHROCYTE_DIFFERENTIATION","GO:BP",12,-1.10949112244271,-1.1195120097093,0.54095321852457,0.970802371629438,"NS"
"GOBP_MONOATOMIC_ANION_TRANSPORT","GO:BP",18,1.11804866769502,-0.78585739970048,0.542694749852483,1,"NS"
"GOBP_INTERMEDIATE_FILAMENT_BASED_PROCESS","GO:BP",13,1.12222787354417,-0.858813499728127,0.543724476317556,1,"NS"
"GOBP_POSITIVE_REGULATION_OF_CHEMOTAXIS","GO:BP",18,1.11718262148144,-0.823706274981188,0.543724476317556,1,"NS"
"GOBP_NEGATIVE_REGULATION_OF_CANONICAL_NF_KAPPAB_SIGNAL_TRANSDUCTION","GO:BP",13,-1.10613729682173,0.582099015391798,0.546940255596019,1,"NS"
"GOBP_REGULATION_OF_AXON_EXTENSION","GO:BP",15,1.11845890713369,-1.06005161482864,0.54703927182755,1,"NS"
"GOBP_CALCIUM_ION_REGULATED_EXOCYTOSIS","GO:BP",10,1.11459048305807,-0.980744859791953,0.552794117647059,1,"NS"
"GOBP_CELLULAR_RESPONSE_TO_CAMP","GO:BP",13,1.11411915036607,0.605783777459607,0.552794117647059,1,"NS"
"GOBP_POSITIVE_REGULATION_OF_CHROMOSOME_ORGANIZATION","GO:BP",21,1.10477653062412,1.07421837082113,0.557735636458278,1,"NS"
"GOBP_PROTEIN_IMPORT_INTO_MITOCHONDRIAL_MATRIX","GO:BP",13,-1.09482038143885,1.06324727729773,0.559889013202059,1,"NS"
"GOBP_IMP_METABOLIC_PROCESS","GO:BP",15,1.1043102523023,0.492575630275078,0.564424254188793,1,"NS"
"GOBP_POSITIVE_REGULATION_OF_BLOOD_VESSEL_ENDOTHELIAL_CELL_MIGRATION","GO:BP",10,1.10564277711128,0.654300919724012,0.564424254188793,1,"NS"
"GOBP_REGULATION_OF_AEROBIC_RESPIRATION","GO:BP",12,1.10700205254451,-1.04986525945781,0.564424254188793,1,"NS"
"GOBP_REGULATION_OF_LIPID_STORAGE","GO:BP",10,1.09745931755137,-1.29332852388138,0.571935175006206,0.849703134642804,"NS"
"GOBP_CELL_COMMUNICATION_INVOLVED_IN_CARDIAC_CONDUCTION","GO:BP",15,-1.08497711690544,-0.835375312872841,0.572933943548546,1,"NS"
"GOBP_REGULATION_OF_CARDIAC_MUSCLE_CONTRACTION_BY_REGULATION_OF_THE_RELEASE_OF_SEQUESTERED_CALCIUM_ION","GO:BP",15,-1.08323030710669,0.8350005788223,0.575095761381476,1,"NS"
"GOBP_CARDIAC_MYOFIBRIL_ASSEMBLY","GO:BP",10,-1.09243893203264,1.28198237667876,0.575190302604546,0.868680580479795,"NS"
"GOBP_REGULATION_OF_ALCOHOL_BIOSYNTHETIC_PROCESS","GO:BP",12,1.0959224459604,1.33506697441016,0.5757953087214,0.820838304938803,"NS"
"GOBP_BROWN_FAT_CELL_DIFFERENTIATION","GO:BP",10,1.08915303719953,0.57623702974271,0.577169939065674,1,"NS"
"GOBP_INORGANIC_ANION_TRANSPORT","GO:BP",14,1.09075506832152,-1.02439008005189,0.577169939065674,1,"NS"
"GOBP_REGULATION_OF_NEUROTRANSMITTER_TRANSPORT","GO:BP",13,1.08851246692113,0.895930179760354,0.577169939065674,1,"NS"
"GOBP_RETROGRADE_VESICLE_MEDIATED_TRANSPORT_GOLGI_TO_ENDOPLASMIC_RETICULUM","GO:BP",14,1.09077781794952,1.42211658918801,0.577169939065674,0.731457508887249,"NS"
"GOBP_ORGANIC_ACID_TRANSMEMBRANE_TRANSPORT","GO:BP",27,-1.06421154224246,0.890296349853872,0.577812018489985,1,"NS"
"GOBP_RESPONSE_TO_COLD","GO:BP",11,-1.07259218195316,-0.656078687594512,0.585586598831632,1,"NS"
"GOBP_NEGATIVE_REGULATION_OF_OXIDATIVE_STRESS_INDUCED_INTRINSIC_APOPTOTIC_SIGNALING_PATHWAY","GO:BP",12,1.08221039444858,0.944260995186603,0.590698045668605,1,"NS"
"GOBP_REGULATION_OF_PROTEIN_IMPORT_INTO_NUCLEUS","GO:BP",19,1.07879747030547,-0.978322565340803,0.591203077882916,1,"NS"
"GOBP_SPERM_EGG_RECOGNITION","GO:BP",12,1.08162092617979,1.22488967887211,0.591203077882916,0.909554618244209,"NS"
"GOBP_NEURON_PROJECTION_GUIDANCE","GO:BP",20,1.06764411848438,-1.74309145837335,0.59712491398663,0.2780371955347,"NS"
"GOBP_IMMUNE_SYSTEM_DEVELOPMENT","GO:BP",20,1.06619704050667,-1.04705136040159,0.597411933860532,1,"NS"
"GOBP_MAINTENANCE_OF_CELL_NUMBER","GO:BP",11,1.07677564371553,-1.29610496244043,0.597411933860532,0.841405109137761,"NS"
"GOBP_POSITIVE_REGULATION_OF_TRANSPORTER_ACTIVITY","GO:BP",14,-1.05890540942057,-1.48274334130115,0.597411933860532,0.643363968103798,"NS"
"GOBP_POSITIVE_REGULATION_OF_PROTEIN_CATABOLIC_PROCESS","GO:BP",59,1.05989276306262,-0.702183666803356,0.597421938957213,1,"NS"
"GOBP_NEGATIVE_REGULATION_OF_ERBB_SIGNALING_PATHWAY","GO:BP",11,1.07398352320422,-0.560990110587005,0.599751141738575,1,"NS"
"GOBP_AMIDE_BIOSYNTHETIC_PROCESS","GO:BP",51,-1.04127861633867,-1.13292209966012,0.600452624060075,0.915538002214489,"NS"
"GOBP_REGULATION_OF_DNA_REPAIR","GO:BP",31,-1.05310751792702,0.958099395731811,0.600894959115823,1,"NS"
"GOBP_PROTEIN_DEACYLATION","GO:BP",14,-1.05300428799125,1.18922384982365,0.601113172541744,0.93328123557394,"NS"
"GOBP_POSITIVE_REGULATION_OF_SMOOTH_MUSCLE_CELL_PROLIFERATION","GO:BP",10,1.06903370652209,1.09891278775233,0.602405576727076,0.993241779530139,"NS"
"GOBP_NEUROMUSCULAR_JUNCTION_DEVELOPMENT","GO:BP",13,-1.0445053640517,-0.906891258755978,0.609738884968243,1,"NS"
"GOBP_LONG_CHAIN_FATTY_ACID_TRANSPORT","GO:BP",20,1.05261959705719,1.10316967843112,0.612417269204815,0.990844541757898,"NS"
"GOBP_POSITIVE_REGULATION_OF_DNA_RECOMBINATION","GO:BP",11,1.06067782727806,0.670014536823957,0.615502777953915,1,"NS"
"GOBP_PEPTIDYL_SERINE_MODIFICATION","GO:BP",10,-1.05038453325996,0.516908169242988,0.621366218956044,1,"NS"
"GOBP_MYELOID_CELL_HOMEOSTASIS","GO:BP",40,1.04237721549528,-0.998450775259709,0.6213991184705,1,"NS"
"GOBP_MACROMOLECULE_DEACYLATION","GO:BP",15,-1.03951246371308,1.10158434204689,0.624803425457376,0.99108773732984,"NS"
"GOBP_POSITIVE_REGULATION_OF_D_GLUCOSE_TRANSMEMBRANE_TRANSPORT","GO:BP",10,1.05132178414584,1.13261669697246,0.625358920767623,0.972586330082651,"NS"
"GOBP_POSITIVE_REGULATION_OF_TORC1_SIGNALING","GO:BP",12,-1.03425618875689,1.09513625513901,0.627361326413695,0.993241779530139,"NS"
"GOBP_RNA_SPLICING","GO:BP",89,1.03835002009825,0.997434010626036,0.627361326413695,1,"NS"
"GOBP_POSITIVE_REGULATION_OF_MONOATOMIC_ION_TRANSPORT","GO:BP",40,1.03174859831131,-1.17993632066386,0.63689415811782,0.891235315756527,"NS"
"GOBP_REGULATION_OF_POST_TRANSLATIONAL_PROTEIN_MODIFICATION","GO:BP",66,-1.02397721968078,-0.833386026042014,0.63689415811782,1,"NS"
"GOBP_POSITIVE_REGULATION_OF_TELOMERE_MAINTENANCE","GO:BP",20,1.03180677340447,1.07103395777928,0.641606733129219,1,"NS"
"GOBP_FATTY_ACID_DERIVATIVE_BIOSYNTHETIC_PROCESS","GO:BP",16,-1.02240522034686,-1.72428553103113,0.643924907530183,0.280659240497454,"NS"
"GOBP_NEGATIVE_REGULATION_OF_TOR_SIGNALING","GO:BP",21,-1.01268339865246,-1.80283111406711,0.64434167716239,0.208052884615385,"NS"
"GOBP_DNA_TEMPLATED_DNA_REPLICATION","GO:BP",10,-1.02317448217362,-0.529908591431872,0.6521521027449,1,"NS"
"GOBP_NEGATIVE_REGULATION_OF_PROTEIN_CATABOLIC_PROCESS","GO:BP",31,1.02562835791995,0.758864221480352,0.6521521027449,1,"NS"
"GOBP_NEURAL_NUCLEUS_DEVELOPMENT","GO:BP",26,1.02556797122181,0.798063308591737,0.656243209646951,1,"NS"
"GOBP_IMPORT_INTO_NUCLEUS","GO:BP",47,1.0203270218437,-0.946220226420229,0.658013608637,1,"NS"
"GOBP_REGULATION_OF_ESTABLISHMENT_OF_PROTEIN_LOCALIZATION_TO_MITOCHONDRION","GO:BP",19,-1.0060325090247,0.833994718021349,0.658013608637,1,"NS"
"GOBP_LIPID_IMPORT_INTO_CELL","GO:BP",11,1.02428379146489,1.27894608033244,0.658139358869386,0.866911565763771,"NS"
"GOBP_SEQUESTERING_OF_CALCIUM_ION","GO:BP",36,1.01861789344412,0.759013564133047,0.659663062765547,1,"NS"
"GOBP_MODIFIED_AMINO_ACID_BIOSYNTHETIC_PROCESS","GO:BP",19,1.02063675975253,-1.83850109896141,0.660080354523978,0.189966219313609,"NS"
"GOBP_PROTEIN_LOCALIZATION_TO_ENDOSOME","GO:BP",10,1.02245193572177,-0.926957762534768,0.660080354523978,1,"NS"
"GOBP_REGULATION_OF_RELEASE_OF_SEQUESTERED_CALCIUM_ION_INTO_CYTOSOL_BY_SARCOPLASMIC_RETICULUM","GO:BP",20,-1.00499435545095,0.687315040353276,0.660080354523978,1,"NS"
"GOBP_REGULATION_OF_TELOMERE_MAINTENANCE","GO:BP",26,1.01946147423812,1.10508770616132,0.661494077877842,0.972586330082651,"NS"
"GOBP_INCLUSION_BODY_ASSEMBLY","GO:BP",15,1.01691268832478,0.791691445170879,0.664302086503879,1,"NS"
"GOBP_CALCIUM_ION_HOMEOSTASIS","GO:BP",68,-1.00427716929401,0.626673702082343,0.664862061794702,1,"NS"
"GOBP_REGULATION_OF_SYNAPTIC_PLASTICITY","GO:BP",32,1.00976682083565,-1.20394178219291,0.671553331788664,0.875632064372523,"NS"
"GOBP_REGULATION_OF_NUCLEOTIDE_METABOLIC_PROCESS","GO:BP",26,-1.00453966483883,-0.92601842657072,0.67319050248541,1,"NS"
"GOBP_REGULATION_OF_PROTEIN_UBIQUITINATION","GO:BP",50,-0.992454869501102,-1.05397433568651,0.675206934229109,0.993241779530139,"NS"
"GOBP_POSITIVE_REGULATION_OF_POST_TRANSLATIONAL_PROTEIN_MODIFICATION","GO:BP",31,-0.999528993715764,-1.27159136497883,0.677968523272687,0.814455906564271,"NS"
"GOBP_HEART_GROWTH","GO:BP",16,1.00443481321759,0.65646334074632,0.680508630951895,1,"NS"
"GOBP_PROTEIN_AUTOPHOSPHORYLATION","GO:BP",16,-0.994102217009743,-0.624127183531898,0.681084932064526,1,"NS"
"GOBP_RESPONSE_TO_AMINO_ACID_STARVATION","GO:BP",11,-0.988812015514743,0.828819911640395,0.683450685170376,1,"NS"
"GOBP_REGULATION_OF_POSTSYNAPSE_ORGANIZATION","GO:BP",20,0.999112740081738,-0.93924675547147,0.684035359610773,1,"NS"
"GOBP_LEUKOCYTE_DEGRANULATION","GO:BP",11,0.998270505568302,-0.90384665375217,0.684195381145813,1,"NS"
"GOBP_MEIOTIC_CELL_CYCLE_PROCESS","GO:BP",13,1.00168132201625,1.30271593106077,0.684195381145813,0.835960239085239,"NS"
"GOBP_NEGATIVE_REGULATION_OF_RESPONSE_TO_CYTOKINE_STIMULUS","GO:BP",11,0.999198623199114,-0.798588167848996,0.684195381145813,1,"NS"
"GOBP_VACUOLE_ORGANIZATION","GO:BP",50,0.999742488217132,0.60658867251272,0.684822049440107,1,"NS"
"GOBP_ASSOCIATIVE_LEARNING","GO:BP",10,-0.989221156573036,-0.560189082370836,0.684831118060878,1,"NS"
"GOBP_ESTABLISHMENT_OF_PROTEIN_LOCALIZATION_TO_PLASMA_MEMBRANE","GO:BP",18,-0.983865090214904,-0.678652352564092,0.684831118060878,1,"NS"
"GOBP_NUCLEAR_RECEPTOR_MEDIATED_SIGNALING_PATHWAY","GO:BP",31,0.998697414349004,-1.30099692801264,0.684831118060878,0.806557973058528,"NS"
"GOBP_POSITIVE_REGULATION_OF_LEUKOCYTE_CHEMOTAXIS","GO:BP",13,0.998428081702266,0.663814698316677,0.684831118060878,1,"NS"
"GOBP_VESICLE_BUDDING_FROM_MEMBRANE","GO:BP",32,0.997459697080123,0.95830302183256,0.684831118060878,1,"NS"
"GOBP_REGULATION_OF_NEURONAL_SYNAPTIC_PLASTICITY","GO:BP",13,0.997742951431479,0.949780461520807,0.68556453632771,1,"NS"
"GOBP_NEGATIVE_REGULATION_OF_INTRINSIC_APOPTOTIC_SIGNALING_PATHWAY","GO:BP",28,0.994875862045646,0.72475082049421,0.687313646884609,1,"NS"
"GOBP_REGULATION_OF_CHOLESTEROL_METABOLIC_PROCESS","GO:BP",14,0.993636029655236,0.925001614136909,0.688098979713406,1,"NS"
"GOBP_LYSOSOMAL_TRANSPORT","GO:BP",28,0.991786028215322,-1.31307597474617,0.691469635372569,0.805911450650027,"NS"
"GOBP_REGULATION_OF_GLIOGENESIS","GO:BP",12,-0.978526284324064,0.8349534547262,0.691469635372569,1,"NS"
"GOBP_BODY_FLUID_SECRETION","GO:BP",11,0.98686925350862,-0.797696676020875,0.693390719076944,1,"NS"
"GOBP_PROTEIN_DEACETYLATION","GO:BP",10,-0.980052687617298,1.12254218430943,0.693390719076944,0.987684035646262,"NS"
"GOBP_SIGNAL_TRANSDUCTION_IN_RESPONSE_TO_DNA_DAMAGE","GO:BP",27,-0.984833075983582,0.966096736632678,0.697401508801341,1,"NS"
"GOBP_MITOCHONDRIAL_FUSION","GO:BP",11,-0.975230023440751,1.05288524066062,0.699092778019901,1,"NS"
"GOBP_POSITIVE_REGULATION_OF_PROTEIN_CONTAINING_COMPLEX_DISASSEMBLY","GO:BP",10,0.981507135467136,-0.939711418184679,0.700487836257375,1,"NS"
"GOBP_GMP_BIOSYNTHETIC_PROCESS","GO:BP",10,0.978333332679629,-0.605928067517523,0.707083576957649,1,"NS"
"GOBP_CELLULAR_RESPONSE_TO_STEROID_HORMONE_STIMULUS","GO:BP",44,0.975649565754672,-1.27843853051091,0.710252191656538,0.80349947326837,"NS"
"GOBP_ACIDIC_AMINO_ACID_TRANSPORT","GO:BP",10,0.974490065687444,-1.28364369260236,0.712246846644527,0.865904088574668,"NS"
"GOBP_RESPIRATORY_GASEOUS_EXCHANGE_BY_RESPIRATORY_SYSTEM","GO:BP",12,0.974962324861067,1.15803750830729,0.714875939050144,0.957265676855895,"NS"
"GOBP_MEMBRANE_PROTEIN_ECTODOMAIN_PROTEOLYSIS","GO:BP",11,0.9660227675215,-1.11794806572523,0.71806332840262,0.972586330082651,"NS"
"GOBP_NEGATIVE_REGULATION_OF_TORC1_SIGNALING","GO:BP",15,-0.960580104921639,-1.64687367449309,0.71806332840262,0.347708368698014,"NS"
"GOBP_VESICLE_CARGO_LOADING","GO:BP",13,0.968855200992275,0.700953757508567,0.71943169096917,1,"NS"
"GOBP_POLYSACCHARIDE_CATABOLIC_PROCESS","GO:BP",12,0.966733710306948,1.432612977136,0.719719609715502,0.724068030337853,"NS"
"GOBP_REGULATION_OF_FAT_CELL_DIFFERENTIATION","GO:BP",11,0.962263575759827,0.570169152183862,0.720328669820265,1,"NS"
"GOBP_METALLO_SULFUR_CLUSTER_ASSEMBLY","GO:BP",14,-0.951703665654519,1.12847044272977,0.721133877168863,0.970802371629438,"NS"
"GOBP_REGULATION_OF_PROTEIN_LOCALIZATION_TO_PLASMA_MEMBRANE","GO:BP",34,0.964764615530479,1.20397951772224,0.721414232769247,0.893084579550119,"NS"
"GOBP_HETEROCHROMATIN_FORMATION","GO:BP",12,0.961055350183342,-1.45673453837231,0.72431097224461,0.709940316834075,"NS"
"GOBP_REGULATION_OF_STEM_CELL_DIFFERENTIATION","GO:BP",12,-0.951437088500357,-1.21815777537861,0.724578326238077,0.908851506835829,"NS"
"GOBP_REGULATION_OF_HORMONE_SECRETION","GO:BP",43,0.956951645446506,-1.31027920341525,0.726195171003834,0.759067024534079,"NS"
"GOBP_INSULIN_SECRETION","GO:BP",39,-0.964697841344058,-1.42965102144608,0.726688896287496,0.58357311422456,"NS"
"GOBP_PROTEIN_TARGETING_TO_VACUOLE","GO:BP",11,0.955334978100196,-1.58840103312356,0.727050349182867,0.559551481359682,"NS"
"GOBP_MICROTUBULE_BASED_MOVEMENT","GO:BP",53,0.964772286435695,0.961765903782557,0.729013498672843,1,"NS"
"GOBP_REGULATION_OF_PHOSPHOLIPID_METABOLIC_PROCESS","GO:BP",12,0.956999717020132,-0.886657215031471,0.729013498672843,1,"NS"
"GOBP_CEREBELLAR_CORTEX_DEVELOPMENT","GO:BP",10,-0.937242491690704,1.52011298381622,0.733358788474567,0.611047116527943,"NS"
"GOBP_EMBRYONIC_EPITHELIAL_TUBE_FORMATION","GO:BP",12,0.95214070838038,-1.74692955016416,0.733358788474567,0.280659240497454,"NS"
"GOBP_NEURAL_TUBE_FORMATION","GO:BP",12,0.95214070838038,-1.74692955016416,0.733358788474567,0.280659240497454,"NS"
"GOBP_REGULATION_OF_INSULIN_SECRETION","GO:BP",35,-0.96037065647143,-1.50762836859907,0.733358788474567,0.459989643095624,"NS"
"GOBP_RESPONSE_TO_ZINC_ION","GO:BP",11,0.950099038680167,-0.972900316615219,0.733358788474567,1,"NS"
"GOBP_POSITIVE_REGULATION_OF_ACTIN_FILAMENT_POLYMERIZATION","GO:BP",12,0.948837268989664,0.992727675357475,0.736013417106811,1,"NS"
"GOBP_PROTEIN_DNA_COMPLEX_ORGANIZATION","GO:BP",17,0.950162460389702,0.708779229133978,0.736803896678967,1,"NS"
"GOBP_CARBOHYDRATE_PHOSPHORYLATION","GO:BP",10,-0.92760151275849,0.74015793415731,0.744051690598912,1,"NS"
"GOBP_POSITIVE_REGULATION_OF_EXOSOMAL_SECRETION","GO:BP",10,0.939227853654888,-1.43716573618214,0.744826668217358,0.768930055607494,"NS"
"GOBP_TELOMERE_ORGANIZATION","GO:BP",37,0.946874808276726,1.20195430468653,0.744826668217358,0.893084579550119,"NS"
"GOBP_NEGATIVE_REGULATION_OF_MRNA_METABOLIC_PROCESS","GO:BP",29,-0.950018758452903,1.26021048630229,0.745977847312967,0.835960239085239,"NS"
"GOBP_POSTSYNAPSE_ASSEMBLY","GO:BP",11,0.936093777799618,-1.03207061721786,0.745977847312967,1,"NS"
"GOBP_REGULATION_OF_SYNAPSE_ASSEMBLY","GO:BP",14,0.936820480989026,-0.68882996650903,0.749155013586056,1,"NS"
"GOBP_LONG_CHAIN_FATTY_ACID_METABOLIC_PROCESS","GO:BP",26,-0.942692384263196,-1.71531155753683,0.749928403268042,0.280659240497454,"NS"
"GOBP_AXONAL_TRANSPORT","GO:BP",15,-0.925802854912785,0.97502751342537,0.750553569424628,1,"NS"
"GOBP_MESODERM_DEVELOPMENT","GO:BP",10,0.930853088210708,-0.810455258237999,0.750553569424628,1,"NS"
"GOBP_REGULATION_OF_CHROMOSOME_SEGREGATION","GO:BP",10,-0.917539557136468,0.523797227113055,0.750553569424628,1,"NS"
"GOBP_CALCINEURIN_MEDIATED_SIGNALING","GO:BP",13,0.931815230671935,-0.628835304628982,0.750633512969286,1,"NS"
"GOBP_NEGATIVE_REGULATION_OF_PROTEIN_UBIQUITINATION","GO:BP",22,0.927177960913149,0.625586595944016,0.756353985441556,1,"NS"
"GOBP_PEPTIDE_METABOLIC_PROCESS","GO:BP",22,0.922592253416093,-0.945152715751431,0.761948111060537,1,"NS"
"GOBP_CARBOHYDRATE_DERIVATIVE_TRANSPORT","GO:BP",12,-0.916124663850796,1.25369216171853,0.762630336128738,0.88697064015609,"NS"
"GOBP_NEGATIVE_REGULATION_OF_CELLULAR_RESPONSE_TO_INSULIN_STIMULUS","GO:BP",12,-0.91481971196995,-0.621115052435584,0.763886508216285,1,"NS"
"GOBP_CARBOHYDRATE_CATABOLIC_PROCESS","GO:BP",61,-0.948010158217464,0.891588297870309,0.766367202856111,1,"NS"
"GOBP_REGULATION_OF_MULTICELLULAR_ORGANISM_GROWTH","GO:BP",13,0.916094893110142,-1.32129423029409,0.771263002392791,0.828122854967739,"NS"
"GOBP_LATE_ENDOSOME_TO_VACUOLE_TRANSPORT_VIA_MULTIVESICULAR_BODY_SORTING_PATHWAY","GO:BP",12,-0.907201654555557,0.673732137337702,0.773446560655653,1,"NS"
"GOBP_POSITIVE_REGULATION_OF_SYNAPTIC_TRANSMISSION","GO:BP",23,0.916089401239135,0.949432365703673,0.775990077373087,1,"NS"
"GOBP_EXTRACELLULAR_VESICLE_BIOGENESIS","GO:BP",14,0.909117430709355,-1.30968683979747,0.776152756698789,0.828122854967739,"NS"
"GOBP_INTRA_GOLGI_VESICLE_MEDIATED_TRANSPORT","GO:BP",12,0.907197813398581,1.25959759981981,0.776152756698789,0.875632064372523,"NS"
"GOBP_NEGATIVE_REGULATION_OF_RNA_SPLICING","GO:BP",10,0.908459471458817,0.74913789561704,0.776152756698789,1,"NS"
"GOBP_ONE_CARBON_METABOLIC_PROCESS","GO:BP",11,-0.900581522168799,-0.951907261915886,0.776152756698789,1,"NS"
"GOBP_PROTEIN_LOCALIZATION_TO_ENDOPLASMIC_RETICULUM","GO:BP",22,-0.914713847351107,0.658615570657508,0.776152756698789,1,"NS"
"GOBP_REGULATION_OF_ORGANIC_ACID_TRANSPORT","GO:BP",16,-0.912996240868176,0.936600756399612,0.776152756698789,1,"NS"
"GOBP_NEGATIVE_REGULATION_OF_CANONICAL_WNT_SIGNALING_PATHWAY","GO:BP",11,0.905913681511881,-0.62792556728645,0.778232216720244,1,"NS"
"GOBP_ENERGY_HOMEOSTASIS","GO:BP",10,0.9034020871531,-0.551983085267503,0.779289700415537,1,"NS"
"GOBP_REGULATION_OF_CARDIAC_CONDUCTION","GO:BP",10,0.902499347022933,-1.027024436418,0.779289700415537,1,"NS"
"GOBP_REGULATION_OF_MYOBLAST_DIFFERENTIATION","GO:BP",10,0.902029222263436,1.30689690100102,0.780225129735876,0.835960239085239,"NS"
"GOBP_DNA_INTEGRITY_CHECKPOINT_SIGNALING","GO:BP",12,-0.891172784688907,1.4494043403735,0.785147247119078,0.70838178415471,"NS"
"GOBP_DNA_TEMPLATED_TRANSCRIPTION_INITIATION","GO:BP",15,-0.893231649138759,0.987602678455307,0.785147247119078,1,"NS"
"GOBP_EAR_DEVELOPMENT","GO:BP",15,0.898824056602765,0.845329481747936,0.785147247119078,1,"NS"
"GOBP_HORMONE_MEDIATED_SIGNALING_PATHWAY","GO:BP",34,0.907949059115497,-1.27533543177357,0.785147247119078,0.813100817501639,"NS"
"GOBP_ORGANOPHOSPHATE_CATABOLIC_PROCESS","GO:BP",76,0.923048355607122,0.740852406061972,0.786645724513278,1,"NS"
"GOBP_CHAPERONE_MEDIATED_PROTEIN_COMPLEX_ASSEMBLY","GO:BP",11,-0.886619052730336,1.28024284957715,0.786935119261403,0.865904088574668,"NS"
"GOBP_CELLULAR_RESPONSE_TO_HYDROGEN_PEROXIDE","GO:BP",14,0.890447429263814,-0.945441991045355,0.795123713623067,1,"NS"
"GOBP_INORGANIC_ANION_TRANSMEMBRANE_TRANSPORT","GO:BP",11,0.885896798864212,-0.956868494616919,0.795123713623067,1,"NS"
"GOBP_PROTEIN_FOLDING","GO:BP",102,0.927882852901624,0.998503622144997,0.795123713623067,1,"NS"
"GOBP_LONG_CHAIN_FATTY_ACID_IMPORT_INTO_CELL","GO:BP",10,-0.876357765298985,1.34970255866222,0.795414224912367,0.814455906564271,"NS"
"GOBP_TRANSCRIPTION_INITIATION_AT_RNA_POLYMERASE_II_PROMOTER","GO:BP",13,-0.884101926315872,1.16343756083266,0.795414224912367,0.957265676855895,"NS"
"GOBP_FATTY_ACID_TRANSMEMBRANE_TRANSPORT","GO:BP",11,-0.876347329039624,1.03415145892952,0.796078464550342,1,"NS"
"GOBP_POLYOL_BIOSYNTHETIC_PROCESS","GO:BP",14,0.876957884433563,-1.20136287036135,0.803835091083413,0.91096863908053,"NS"
"GOBP_GRANULOCYTE_ACTIVATION","GO:BP",10,0.873953637271874,-0.9816613094497,0.804534876667568,1,"NS"
"GOBP_KETONE_METABOLIC_PROCESS","GO:BP",61,0.900069519192427,-1.25019948339086,0.804534876667568,0.806557973058528,"NS"
"GOBP_AMINO_ACID_TRANSMEMBRANE_TRANSPORT","GO:BP",10,0.869939881750087,-0.897281566623176,0.806882869890178,1,"NS"
"GOBP_BASE_EXCISION_REPAIR","GO:BP",10,-0.859353390675512,1.24047300644794,0.806882869890178,0.909554618244209,"NS"
"GOBP_HIPPOCAMPUS_DEVELOPMENT","GO:BP",12,0.870499413410616,-0.646017571796622,0.806882869890178,1,"NS"
"GOBP_LONG_TERM_SYNAPTIC_POTENTIATION","GO:BP",18,0.880301664403685,0.817102891778789,0.806882869890178,1,"NS"
"GOBP_L_AMINO_ACID_TRANSPORT","GO:BP",10,0.869939881750087,-0.897281566623176,0.806882869890178,1,"NS"
"GOBP_MULTICELLULAR_ORGANISMAL_RESPONSE_TO_STRESS","GO:BP",17,0.872118149955752,1.14419347809297,0.806882869890178,0.958492539659312,"NS"
"GOBP_INTERFERON_BETA_PRODUCTION","GO:BP",12,-0.861455449141898,0.558607349019211,0.807490718497488,1,"NS"
"GOBP_PEPTIDYL_AMINO_ACID_MODIFICATION","GO:BP",59,0.893507336160118,0.761173976718625,0.807490718497488,1,"NS"
"GOBP_AMIDE_METABOLIC_PROCESS","GO:BP",132,-0.935328388019992,-1.17309854039224,0.809351401675804,0.817497743603378,"NS"
"GOBP_PROTEIN_N_LINKED_GLYCOSYLATION","GO:BP",13,0.86675950132275,1.30748887815462,0.809351401675804,0.835960239085239,"NS"
"GOBP_MORPHOGENESIS_OF_EMBRYONIC_EPITHELIUM","GO:BP",13,0.864192814969803,-1.66064529753908,0.81061340931137,0.347708368698014,"NS"
"GOBP_POSITIVE_REGULATION_OF_KINASE_ACTIVITY","GO:BP",21,0.859695296219451,-0.876272091916558,0.815296140291118,1,"NS"
"GOBP_IMPORT_ACROSS_PLASMA_MEMBRANE","GO:BP",23,0.860625308138434,-1.18035184359614,0.816184471401859,0.909554618244209,"NS"
"GOBP_JNK_CASCADE","GO:BP",18,0.858379127369625,-0.980592935837569,0.816184471401859,1,"NS"
"GOBP_NEGATIVE_REGULATION_OF_UBIQUITIN_DEPENDENT_PROTEIN_CATABOLIC_PROCESS","GO:BP",21,-0.866682350170233,1.08722732268013,0.816184471401859,0.992138612915579,"NS"
"GOBP_NUCLEOTIDE_SUGAR_METABOLIC_PROCESS","GO:BP",16,0.854689762407865,0.727825661609972,0.819036605611818,1,"NS"
"GOBP_REGULATION_OF_STEROID_METABOLIC_PROCESS","GO:BP",23,0.853971970218588,-1.36708868431361,0.820817859186588,0.731457508887249,"NS"
"GOBP_RIBONUCLEOSIDE_MONOPHOSPHATE_BIOSYNTHETIC_PROCESS","GO:BP",17,0.85216392051182,-0.7343147448189,0.820817859186588,1,"NS"
"GOBP_GLUTAMINE_FAMILY_AMINO_ACID_CATABOLIC_PROCESS","GO:BP",10,0.846387929815491,0.78663192602544,0.822240016144345,1,"NS"
"GOBP_INTEGRATED_STRESS_RESPONSE_SIGNALING","GO:BP",11,-0.843994493532721,0.82202101158679,0.822240016144345,1,"NS"
"GOBP_REGULATION_OF_INTRACELLULAR_STEROID_HORMONE_RECEPTOR_SIGNALING_PATHWAY","GO:BP",15,0.843846823111495,-1.43187240403079,0.824582956161904,0.706298029842819,"NS"
"GOBP_REGULATION_OF_EARLY_ENDOSOME_TO_LATE_ENDOSOME_TRANSPORT","GO:BP",11,0.839816856641306,0.68892904391118,0.824773282807099,1,"NS"
"GOBP_REGULATION_OF_MITOCHONDRIAL_MEMBRANE_PERMEABILITY_INVOLVED_IN_APOPTOTIC_PROCESS","GO:BP",15,-0.845042863432903,0.886501822653373,0.824773282807099,1,"NS"
"GOBP_ER_NUCLEUS_SIGNALING_PATHWAY","GO:BP",14,-0.842022835854528,1.00651707724329,0.825016343429941,1,"NS"
"GOBP_TIGHT_JUNCTION_ORGANIZATION","GO:BP",11,0.838141602067885,0.844793434902951,0.825442857187308,1,"NS"
"GOBP_ACTIN_MYOSIN_FILAMENT_SLIDING","GO:BP",14,-0.836632311917773,1.4757565448934,0.8275006746686,0.674068688043821,"NS"
"GOBP_CENTRAL_NERVOUS_SYSTEM_NEURON_DEVELOPMENT","GO:BP",11,-0.831990977286507,-0.86974613959386,0.8275006746686,1,"NS"
"GOBP_POSITIVE_REGULATION_OF_PROTEIN_IMPORT_INTO_NUCLEUS","GO:BP",11,-0.830913166983663,0.637504011465689,0.8275006746686,1,"NS"
"GOBP_REGULATION_OF_ENDOPLASMIC_RETICULUM_UNFOLDED_PROTEIN_RESPONSE","GO:BP",10,-0.822400480946692,1.13987299432801,0.8275006746686,0.970802371629438,"NS"
"GOBP_REGULATION_OF_MUSCLE_ORGAN_DEVELOPMENT","GO:BP",11,-0.83039010410823,0.58053184993794,0.8275006746686,1,"NS"
"GOBP_REGULATION_OF_NON_CANONICAL_NF_KAPPAB_SIGNAL_TRANSDUCTION","GO:BP",18,0.844057034132531,-0.759310921769185,0.8275006746686,1,"NS"
"GOBP_REGULATION_OF_EXOSOMAL_SECRETION","GO:BP",12,0.833758819535792,-1.62109304388094,0.827538526596919,0.455118189354166,"NS"
"GOBP_PROTEIN_INSERTION_INTO_MITOCHONDRIAL_OUTER_MEMBRANE","GO:BP",10,-0.820502428592856,0.901030914899597,0.828175318741357,1,"NS"
"GOBP_DOUBLE_STRAND_BREAK_REPAIR","GO:BP",33,0.851860505070284,0.789265089438377,0.83019480695221,1,"NS"
"GOBP_LIMBIC_SYSTEM_DEVELOPMENT","GO:BP",15,0.829789557587637,-0.867813518413025,0.83019480695221,1,"NS"
"GOBP_TEMPERATURE_HOMEOSTASIS","GO:BP",32,0.851721944733284,-0.877327724452018,0.83049057405103,1,"NS"
"GOBP_GLUTAMATE_METABOLIC_PROCESS","GO:BP",11,-0.824397644222096,1.14660411673686,0.831613449137788,0.969695959124359,"NS"
"GOBP_REGULATION_OF_RELEASE_OF_CYTOCHROME_C_FROM_MITOCHONDRIA","GO:BP",13,-0.828607409226474,0.897671689600169,0.832557194862822,1,"NS"
"GOBP_CELLULAR_RESPONSE_TO_CALCIUM_ION","GO:BP",21,0.832429525227121,1.08827976234422,0.834095010577155,0.992138612915579,"NS"
"GOBP_INSULIN_SECRETION_INVOLVED_IN_CELLULAR_RESPONSE_TO_GLUCOSE_STIMULUS","GO:BP",13,-0.825576217079093,-1.45186661814599,0.834095010577155,0.706952267276848,"NS"
"GOBP_POSITIVE_REGULATION_OF_DNA_REPAIR","GO:BP",22,-0.849469965974933,0.97121822025616,0.834095010577155,1,"NS"
"GOBP_EXECUTION_PHASE_OF_APOPTOSIS","GO:BP",13,0.824962914502381,0.819876497730226,0.83807877326099,1,"NS"
"GOBP_REGULATION_OF_REGULATED_SECRETORY_PATHWAY","GO:BP",10,0.818534596450883,-0.615866111919221,0.841762693989955,1,"NS"
"GOBP_NEGATIVE_REGULATION_OF_POST_TRANSLATIONAL_PROTEIN_MODIFICATION","GO:BP",26,0.833638750540045,0.607247675013398,0.842508818196383,1,"NS"
"GOBP_ESTABLISHMENT_OF_PROTEIN_LOCALIZATION_TO_VACUOLE","GO:BP",17,0.817723238847553,-0.711679863275055,0.844162188568637,1,"NS"
"GOBP_STEROID_HORMONE_RECEPTOR_SIGNALING_PATHWAY","GO:BP",23,0.823264832503397,-1.2722726588426,0.844162188568637,0.828122854967739,"NS"
"GOBP_ENDOPLASMIC_RETICULUM_TO_GOLGI_VESICLE_MEDIATED_TRANSPORT","GO:BP",50,0.841974854415035,1.13272407966234,0.847063389925849,0.947962447637628,"NS"
"GOBP_NUCLEAR_MIGRATION","GO:BP",11,-0.805470489001399,0.791873019130962,0.847063389925849,1,"NS"
"GOBP_POSITIVE_REGULATION_OF_ESTABLISHMENT_OF_PROTEIN_LOCALIZATION_TO_MITOCHONDRION","GO:BP",15,-0.816831156469213,0.690825426301781,0.847063389925849,1,"NS"
"GOBP_PYRIDINE_CONTAINING_COMPOUND_METABOLIC_PROCESS","GO:BP",82,0.859600839832819,-1.0390107983492,0.847063389925849,1,"NS"
"GOBP_REGULATION_OF_CYTOPLASMIC_TRANSLATION","GO:BP",16,-0.814644169461551,1.60291762559305,0.853878693503986,0.431440270607086,"NS"
"GOBP_SYNAPSE_ASSEMBLY","GO:BP",23,0.813229185568696,-0.816425348070366,0.853951740190509,1,"NS"
"GOBP_NEGATIVE_REGULATION_OF_SMALL_MOLECULE_METABOLIC_PROCESS","GO:BP",29,0.824997799777728,-0.67744119282124,0.856742316332333,1,"NS"
"GOBP_BINDING_OF_SPERM_TO_ZONA_PELLUCIDA","GO:BP",11,0.794672262463041,1.36190056831745,0.860714388344493,0.813100817501639,"NS"
"GOBP_POSITIVE_REGULATION_OF_GLIOGENESIS","GO:BP",10,-0.7818599821657,-0.700009404540635,0.862969076411269,1,"NS"
"GOBP_REGULATION_OF_MYELINATION","GO:BP",10,0.788370918156184,-0.772301724785515,0.863311595912823,1,"NS"
"GOBP_REGULATION_OF_STEROID_BIOSYNTHETIC_PROCESS","GO:BP",16,0.793310273761229,0.973816059684787,0.867100819965226,1,"NS"
"GOBP_ADAPTIVE_THERMOGENESIS","GO:BP",32,0.809377543189912,-0.821713845117267,0.870344038917955,1,"NS"
"GOBP_PROTEIN_MONOUBIQUITINATION","GO:BP",12,-0.781489631076874,-0.915794284172264,0.870344038917955,1,"NS"
"GOBP_REGULATION_OF_CALCINEURIN_MEDIATED_SIGNALING","GO:BP",12,0.783431249851245,0.69317544372741,0.871835437878686,1,"NS"
"GOBP_REGULATION_OF_DOUBLE_STRAND_BREAK_REPAIR","GO:BP",18,-0.799436839922195,-0.994980953929963,0.871835437878686,1,"NS"
"GOBP_POSITIVE_REGULATION_OF_NUCLEOTIDE_METABOLIC_PROCESS","GO:BP",10,0.776563175944584,-1.55891731466706,0.872767375071798,0.596195694716243,"NS"
"GOBP_DNA_DAMAGE_RESPONSE_SIGNAL_TRANSDUCTION_BY_P53_CLASS_MEDIATOR","GO:BP",12,-0.777698123406286,0.808893342414505,0.87365992895689,1,"NS"
"GOBP_RECOMBINATIONAL_REPAIR","GO:BP",20,0.784759168092672,0.792378347609908,0.877065759512835,1,"NS"
"GOBP_REGULATION_OF_VIRAL_PROCESS","GO:BP",29,0.798770409833151,-0.916355987320839,0.877065759512835,1,"NS"
"GOBP_SPHINGOLIPID_BIOSYNTHETIC_PROCESS","GO:BP",10,0.772416789198039,-0.980484884392438,0.877065759512835,1,"NS"
"GOBP_MEIOTIC_CELL_CYCLE","GO:BP",16,0.77803378289858,1.41495951648884,0.877269455839231,0.730563007855475,"NS"
"GOBP_MEMBRANE_PROTEIN_PROTEOLYSIS","GO:BP",14,0.774311422737958,0.71570043261099,0.877269455839231,1,"NS"
"GOBP_ESTROGEN_RECEPTOR_SIGNALING_PATHWAY","GO:BP",14,0.768937077028333,-0.814224159364772,0.8836694506137,1,"NS"
"GOBP_NON_CANONICAL_NF_KAPPAB_SIGNAL_TRANSDUCTION","GO:BP",19,0.773984049530283,-0.761318027496615,0.8836694506137,1,"NS"
"GOBP_VACUOLAR_TRANSPORT","GO:BP",38,0.798753129060806,-0.963222794153899,0.8836694506137,1,"NS"
"GOBP_NEGATIVE_REGULATION_OF_REACTIVE_OXYGEN_SPECIES_METABOLIC_PROCESS","GO:BP",15,0.763578895428378,-0.941017687555414,0.884011116807241,1,"NS"
"GOBP_POSITIVE_REGULATION_OF_AUTOPHAGY_OF_MITOCHONDRION","GO:BP",11,-0.764215741248695,0.942237011337127,0.884011116807241,1,"NS"
"GOBP_REGULATION_OF_PROTEASOMAL_UBIQUITIN_DEPENDENT_PROTEIN_CATABOLIC_PROCESS","GO:BP",39,0.795959057206823,0.967919869109669,0.884011116807241,1,"NS"
"GOBP_TRICARBOXYLIC_ACID_METABOLIC_PROCESS","GO:BP",12,0.767909936276865,0.860376769509047,0.884011116807241,1,"NS"
"GOBP_PROTEIN_TRANSMEMBRANE_TRANSPORT","GO:BP",22,-0.796093625142125,0.952323308127499,0.88421052631579,1,"NS"
"GOBP_ANIMAL_ORGAN_REGENERATION","GO:BP",12,-0.764396589953346,-1.10130391208516,0.884774976061283,0.987684035646262,"NS"
"GOBP_NEGATIVE_REGULATION_OF_PROTEASOMAL_PROTEIN_CATABOLIC_PROCESS","GO:BP",20,-0.78433878656103,0.984636963158626,0.88663287342499,1,"NS"
"GOBP_TUBE_CLOSURE","GO:BP",11,0.762458964531201,-1.64597392049158,0.887367339952071,0.459989643095624,"NS"
"GOBP_INTERMEDIATE_FILAMENT_ORGANIZATION","GO:BP",10,0.757949552652825,0.697661786916709,0.887534979278099,1,"NS"
"GOBP_NEGATIVE_REGULATION_OF_RESPONSE_TO_ENDOPLASMIC_RETICULUM_STRESS","GO:BP",18,0.762219029993548,1.03367302511782,0.887534979278099,1,"NS"
"GOBP_CENTRAL_NERVOUS_SYSTEM_NEURON_DIFFERENTIATION","GO:BP",15,0.754165184788103,-0.896793424720058,0.891750016201853,1,"NS"
"GOBP_NEGATIVE_REGULATION_OF_RELEASE_OF_CYTOCHROME_C_FROM_MITOCHONDRIA","GO:BP",10,0.753125533513437,0.502184529178856,0.893432267705468,1,"NS"
"GOBP_DICARBOXYLIC_ACID_TRANSPORT","GO:BP",12,0.748989596946442,-0.835865146058933,0.9002566219813,1,"NS"
"GOBP_REGULATION_OF_DNA_RECOMBINATION","GO:BP",16,-0.759030603123357,0.545577144767059,0.902523249452954,1,"NS"
"GOBP_PROTEIN_TETRAMERIZATION","GO:BP",29,0.767796759687108,-0.990415077352349,0.906296037612947,1,"NS"
"GOBP_VASCULAR_ASSOCIATED_SMOOTH_MUSCLE_CELL_PROLIFERATION","GO:BP",12,0.744603473961219,0.504128031143702,0.906544140267788,1,"NS"
"GOBP_REGULATION_OF_PATTERN_RECOGNITION_RECEPTOR_SIGNALING_PATHWAY","GO:BP",41,0.772009046689926,0.667414749215746,0.912937841668354,1,"NS"
"GOBP_REGULATION_OF_DOUBLE_STRAND_BREAK_REPAIR_VIA_HOMOLOGOUS_RECOMBINATION","GO:BP",12,0.736845358509374,0.711806432927475,0.91335453351953,1,"NS"
"GOBP_RESPONSE_TO_HEAT","GO:BP",36,-0.799298374935062,0.791025076274071,0.914012520863718,1,"NS"
"GOBP_MONOSACCHARIDE_BIOSYNTHETIC_PROCESS","GO:BP",37,-0.797227636345286,-1.212834010538,0.920618335973965,0.859866392600205,"NS"
"GOBP_NEGATIVE_REGULATION_OF_DNA_METABOLIC_PROCESS","GO:BP",14,0.72523134127546,1.05694107502199,0.922876904066107,1,"NS"
"GOBP_VESICLE_COATING","GO:BP",10,-0.7144005199118,0.662772162150571,0.922876904066107,1,"NS"
"GOBP_VESICLE_TARGETING_TO_FROM_OR_WITHIN_GOLGI","GO:BP",10,-0.7144005199118,0.662772162150571,0.922876904066107,1,"NS"
"GOBP_PROTEIN_REFOLDING","GO:BP",18,0.725174410344617,-0.456741335611443,0.924793477991535,1,"NS"
"GOBP_REGULATION_OF_GLYCOLYTIC_PROCESS","GO:BP",15,-0.729430499592062,-0.874406653350054,0.928297304755772,1,"NS"
"GOBP_SPHINGOLIPID_METABOLIC_PROCESS","GO:BP",17,0.719069207439213,-1.09439396728204,0.930336128109374,0.987684035646262,"NS"
"GOBP_REGULATION_OF_STRESS_ACTIVATED_PROTEIN_KINASE_SIGNALING_CASCADE","GO:BP",11,0.711684747900663,-1.09648343892807,0.932593060507383,0.99108773732984,"NS"
"GOBP_ESTABLISHMENT_OF_PROTEIN_LOCALIZATION_TO_ORGANELLE","GO:BP",138,-0.861794227697511,0.982783775841048,0.933317307692308,1,"NS"
"GOBP_NUCLEOSIDE_PHOSPHATE_CATABOLIC_PROCESS","GO:BP",67,0.773320436429898,0.892622432036899,0.933317307692308,1,"NS"
"GOBP_POSITIVE_REGULATION_OF_MRNA_PROCESSING","GO:BP",10,0.70727013502552,-1.2289402038965,0.933317307692308,0.909554618244209,"NS"
"GOBP_PURINE_NUCLEOSIDE_MONOPHOSPHATE_BIOSYNTHETIC_PROCESS","GO:BP",14,0.711472996065191,-0.589551515443089,0.933317307692308,1,"NS"
"GOBP_CELL_CELL_ADHESION_VIA_PLASMA_MEMBRANE_ADHESION_MOLECULES","GO:BP",12,0.71129388207668,0.571762013758308,0.933482074629178,1,"NS"
"GOBP_REGULATION_OF_CYTOKINESIS","GO:BP",13,0.713005477522688,-1.12766375398947,0.933482074629178,0.970802371629438,"NS"
"GOBP_MUSCLE_HYPERTROPHY","GO:BP",28,0.730828471283718,1.49337716887976,0.933710856105999,0.559551481359682,"NS"
"GOBP_POSITIVE_REGULATION_OF_MITOCHONDRIAL_MEMBRANE_PERMEABILITY","GO:BP",14,-0.716030391586429,0.856358269079532,0.933710856105999,1,"NS"
"GOBP_PROGRAMMED_NECROTIC_CELL_DEATH","GO:BP",11,0.705048692456713,-0.970717899855573,0.933710856105999,1,"NS"
"GOBP_NEUROMUSCULAR_PROCESS","GO:BP",41,-0.78707061352593,1.27565513399363,0.93505478157949,0.814455906564271,"NS"
"GOBP_REGULATION_OF_CELLULAR_RESPIRATION","GO:BP",15,0.70368017722868,-0.769145278912052,0.93505478157949,1,"NS"
"GOBP_NEGATIVE_REGULATION_OF_HYDROLASE_ACTIVITY","GO:BP",15,-0.713748630333322,0.808719907407541,0.935517484454046,1,"NS"
"GOBP_POSITIVE_REGULATION_OF_DOUBLE_STRAND_BREAK_REPAIR","GO:BP",13,0.704522774971031,-0.887453159490147,0.935517484454046,1,"NS"
"GOBP_STRESS_ACTIVATED_PROTEIN_KINASE_SIGNALING_CASCADE","GO:BP",15,-0.712246575999818,-0.991302755162298,0.935517484454046,1,"NS"
"GOBP_IMMUNOGLOBULIN_PRODUCTION","GO:BP",11,0.697522654195924,0.593581692541737,0.93581815919058,1,"NS"
"GOBP_MAINTENANCE_OF_PROTEIN_LOCALIZATION_IN_ORGANELLE","GO:BP",13,0.699613137700324,1.00510943748659,0.937583704500862,1,"NS"
"GOBP_RESPONSE_TO_TEMPERATURE_STIMULUS","GO:BP",49,-0.784733436609515,-0.818206584088165,0.939240502725302,1,"NS"
"GOBP_AXO_DENDRITIC_TRANSPORT","GO:BP",19,0.697897271627746,0.750293246701896,0.939592639247627,1,"NS"
"GOBP_MUSCLE_ADAPTATION","GO:BP",36,0.732334781577821,0.908221773044629,0.941610356623299,1,"NS"
"GOBP_POSITIVE_REGULATION_OF_CELL_CYCLE","GO:BP",40,0.735170462546509,0.732418236767497,0.941610356623299,1,"NS"
"GOBP_DNA_RECOMBINATION","GO:BP",34,-0.757601020247656,0.854275586257114,0.944528856880584,1,"NS"
"GOBP_POSITIVE_REGULATION_OF_RESPONSE_TO_BIOTIC_STIMULUS","GO:BP",76,-0.805758598651968,0.528703721783324,0.944528856880584,1,"NS"
"GOBP_CELLULAR_HYPEROSMOTIC_RESPONSE","GO:BP",10,0.679122535645118,0.767967698882585,0.94517310281062,1,"NS"
"GOBP_CELL_SURFACE_RECEPTOR_SIGNALING_PATHWAY_VIA_JAK_STAT","GO:BP",11,0.680045859649442,-1.16795496704078,0.945651944489224,0.947962447637628,"NS"
"GOBP_CELL_SURFACE_RECEPTOR_SIGNALING_PATHWAY_VIA_STAT","GO:BP",11,0.680045859649442,-1.16795496704078,0.945651944489224,0.947962447637628,"NS"
"GOBP_MEMBRANE_LIPID_BIOSYNTHETIC_PROCESS","GO:BP",11,-0.675648554844858,0.820104761149747,0.949966776626846,1,"NS"
"GOBP_PROTEIN_HOMOTETRAMERIZATION","GO:BP",20,0.686926499954647,-1.24945289669927,0.949966776626846,0.849703134642804,"NS"
"GOBP_ALCOHOL_BIOSYNTHETIC_PROCESS","GO:BP",37,0.713533769140976,-1.19878623862249,0.951110153163549,0.875632064372523,"NS"
"GOBP_CELLULAR_RESPONSE_TO_HEAT","GO:BP",21,-0.710671138259767,-0.788205807709865,0.951110153163549,1,"NS"
"GOBP_POSITIVE_REGULATION_OF_MEMBRANE_PERMEABILITY","GO:BP",15,-0.682711348828271,0.803596653416673,0.951110153163549,1,"NS"
"GOBP_REGULATION_OF_DNA_REPLICATION","GO:BP",10,0.665311142496149,1.14523991515419,0.951110153163549,0.970802371629438,"NS"
"GOBP_POSITIVE_REGULATION_OF_RNA_SPLICING","GO:BP",13,0.670712061621622,-1.13170918941907,0.951615073234291,0.970802371629438,"NS"
"GOBP_HYPEROSMOTIC_RESPONSE","GO:BP",11,0.666426036974054,0.685308146216272,0.951689878427669,1,"NS"
"GOBP_RIBOSOMAL_SMALL_SUBUNIT_ASSEMBLY","GO:BP",10,0.656692079983281,0.774645600407621,0.956674173861887,1,"NS"
"GOBP_ERYTHROCYTE_HOMEOSTASIS","GO:BP",35,0.695877280719707,-0.576522680623443,0.959120112645936,1,"NS"
"GOBP_CARDIAC_MUSCLE_TISSUE_MORPHOGENESIS","GO:BP",11,-0.654899330483583,1.07930410646659,0.959395721417916,1,"NS"
"GOBP_MEMBRANE_LIPID_METABOLIC_PROCESS","GO:BP",19,-0.681121573132088,-0.944232123558775,0.961744993910416,1,"NS"
"GOBP_POLYOL_METABOLIC_PROCESS","GO:BP",23,0.660057476833694,-1.40003259876438,0.961831029278146,0.709940316834075,"NS"
"GOBP_REGULATION_OF_RESPONSE_TO_CYTOKINE_STIMULUS","GO:BP",24,-0.695220678011201,0.855980956263393,0.961831029278146,1,"NS"
"GOBP_REGULATION_OF_CHROMOSOME_ORGANIZATION","GO:BP",36,0.688683007231976,1.15215440849962,0.962745016783391,0.936670619222011,"NS"
"GOBP_PROTEIN_SUMOYLATION","GO:BP",10,0.634758786300247,0.555173608181658,0.963980340140511,1,"NS"
"GOBP_NEGATIVE_REGULATION_OF_VIRAL_PROCESS","GO:BP",10,0.631442029769629,-0.774674304316594,0.964493929444973,1,"NS"
"GOBP_POSITIVE_REGULATION_OF_DNA_METABOLIC_PROCESS","GO:BP",47,0.687573562378788,0.92487583763793,0.965116195383851,1,"NS"
"GOBP_MITOCHONDRIAL_OUTER_MEMBRANE_PERMEABILIZATION","GO:BP",11,-0.627702725204359,1.00418394776258,0.967546615337144,1,"NS"
"GOBP_ORGANIC_ACID_BIOSYNTHETIC_PROCESS","GO:BP",82,0.714361994483357,-1.49525539952986,0.96841845977377,0.280659240497454,"NS"
"GOBP_NEGATIVE_REGULATION_OF_PROTEOLYSIS_INVOLVED_IN_PROTEIN_CATABOLIC_PROCESS","GO:BP",25,0.636923712554464,1.00923903757513,0.968764569768531,1,"NS"
"GOBP_RESPONSE_TO_VIRUS","GO:BP",60,0.694441023723925,0.95809733345285,0.968764569768531,1,"NS"
"GOBP_ESTABLISHMENT_OF_PROTEIN_LOCALIZATION_TO_ENDOPLASMIC_RETICULUM","GO:BP",11,-0.621548543832536,0.76603720992873,0.96991310336146,1,"NS"
"GOBP_REGULATION_OF_VIRAL_LIFE_CYCLE","GO:BP",24,-0.670152012133277,-1.03973910929312,0.96991310336146,1,"NS"
"GOBP_NEGATIVE_REGULATION_OF_GENE_EXPRESSION_EPIGENETIC","GO:BP",14,0.613823905606089,-1.42139929427579,0.972351628613386,0.709940316834075,"NS"
"GOBP_T_CELL_HOMEOSTASIS","GO:BP",10,0.604746206619644,-0.612302353107481,0.974684611435295,1,"NS"
"GOBP_RESPONSE_TO_CALCIUM_ION","GO:BP",39,0.664361660052472,0.819098257575819,0.976237776862385,1,"NS"
"GOBP_STEROL_BIOSYNTHETIC_PROCESS","GO:BP",22,-0.652885093572251,-0.916063024452289,0.976332628352296,1,"NS"
"GOBP_POSITIVE_REGULATION_OF_CELL_CYCLE_PROCESS","GO:BP",29,0.632888397697021,0.917431134284698,0.977330840195096,1,"NS"
"GOBP_PYRIDINE_CONTAINING_COMPOUND_CATABOLIC_PROCESS","GO:BP",43,0.649547355742658,0.863787811014917,0.982750842891539,1,"NS"
"GOBP_COPII_COATED_VESICLE_BUDDING","GO:BP",18,0.587136768084319,1.02141535686874,0.986436119343244,1,"NS"
"GOBP_CELLULAR_RESPONSE_TO_ABIOTIC_STIMULUS","GO:BP",67,0.662279423246023,0.975453432867828,0.986807696485116,1,"NS"
"GOBP_NEGATIVE_REGULATION_OF_COLD_INDUCED_THERMOGENESIS","GO:BP",11,-0.575811952871274,0.517639928007742,0.986807696485116,1,"NS"
"GOBP_POSITIVE_REGULATION_OF_PROTEIN_LOCALIZATION_TO_NUCLEUS","GO:BP",29,0.60477478561514,0.790163117550806,0.98872343814561,1,"NS"
"GOBP_REGULATION_OF_CARBOHYDRATE_CATABOLIC_PROCESS","GO:BP",20,-0.607337267934739,-0.805971369237614,0.98872343814561,1,"NS"
"GOBP_REGULATION_OF_MITOCHONDRIAL_OUTER_MEMBRANE_PERMEABILIZATION_INVOLVED_IN_APOPTOTIC_SIGNALING_PATHWAY","GO:BP",10,0.562627689464048,0.711748928141056,0.98872343814561,1,"NS"
"GOBP_REGULATION_OF_INTRACELLULAR_ESTROGEN_RECEPTOR_SIGNALING_PATHWAY","GO:BP",11,0.561102277741156,-1.41130804018826,0.989200347649709,0.783901339624231,"NS"
"GOBP_ESTABLISHMENT_OF_PROTEIN_LOCALIZATION_TO_MITOCHONDRIAL_MEMBRANE","GO:BP",22,-0.600101346445026,1.02907894000512,0.989783541122185,1,"NS"
"GOBP_ACTIVATION_OF_INNATE_IMMUNE_RESPONSE","GO:BP",63,0.615715008594157,0.59618095906417,0.992299806400733,1,"NS"
"GOBP_CELLULAR_RESPONSE_TO_OSMOTIC_STRESS","GO:BP",20,0.511351027169967,1.02762102914075,0.992299806400733,1,"NS"
"GOBP_ENDOPLASMIC_RETICULUM_ORGANIZATION","GO:BP",31,0.531971876680319,-1.04027883111478,0.992299806400733,1,"NS"
"GOBP_GLYCOSYLATION","GO:BP",17,0.513939991383508,1.33691369685728,0.992299806400733,0.813100817501639,"NS"
"GOBP_LACTATE_METABOLIC_PROCESS","GO:BP",10,-0.534964924379972,-0.724568890325213,0.992299806400733,1,"NS"
"GOBP_NUCLEAR_TRANSCRIBED_MRNA_CATABOLIC_PROCESS_DEADENYLATION_DEPENDENT_DECAY","GO:BP",12,-0.507091138897662,1.01878299621722,0.992299806400733,1,"NS"
"GOBP_NUCLEOTIDE_EXCISION_REPAIR","GO:BP",10,0.506175757964403,-0.874263047917856,0.992299806400733,1,"NS"
"GOBP_NUCLEOTIDE_SUGAR_BIOSYNTHETIC_PROCESS","GO:BP",13,0.532436620511566,0.980575732052116,0.992299806400733,1,"NS"
"GOBP_PEPTIDYL_LYSINE_MODIFICATION","GO:BP",19,0.548506618322919,0.692618254382109,0.992299806400733,1,"NS"
"GOBP_PROTEIN_INSERTION_INTO_MEMBRANE","GO:BP",10,0.475532000192027,1.26268172369859,0.992299806400733,0.891235315756527,"NS"
"GOBP_RESPONSE_TO_OSMOTIC_STRESS","GO:BP",23,0.509564824744225,0.954947001123323,0.992299806400733,1,"NS"
"GOBP_RIBOSOME_ASSEMBLY","GO:BP",23,-0.555201174721504,0.725030683991846,0.992299806400733,1,"NS"
"GOBP_NEGATIVE_REGULATION_OF_CARBOHYDRATE_METABOLIC_PROCESS","GO:BP",16,0.394115567337148,0.613437926345552,0.999369681689253,1,"NS"
"HALLMARK_HEME_METABOLISM","Hallmark",67,2.41785811963647,-1.31608372957581,1.20021373886271e-08,0.278501755754975,"CR vs H only"
"HALLMARK_IL2_STAT5_SIGNALING","Hallmark",38,1.9147206994317,-1.17705083851675,0.0016754584607296,0.478537360890302,"CR vs H only"
"HALLMARK_ESTROGEN_RESPONSE_LATE","Hallmark",41,1.5608096009756,-1.23568212921627,0.0503666805036668,0.436513420143503,"NS"
"HALLMARK_CHOLESTEROL_HOMEOSTASIS","Hallmark",21,1.54507230856637,-1.0459128097351,0.0782797373984645,0.624978456942609,"NS"
"HALLMARK_TNFA_SIGNALING_VIA_NFKB","Hallmark",17,1.01235840824734,1.16944211040211,0.622390131071704,0.486512218343383,"NS"
"HALLMARK_MYC_TARGETS_V2","Hallmark",13,-0.929556774444854,0.718909725379979,0.682412914188615,0.960350821480503,"NS"
"HALLMARK_SPERMATOGENESIS","Hallmark",12,-0.855392288581124,-1.51954870139207,0.747539987378558,0.278501755754975,"NS"
"HALLMARK_PEROXISOME","Hallmark",43,0.794722252665642,-1.20400050195613,0.860390853592457,0.477165407447383,"NS"
"HALLMARK_UNFOLDED_PROTEIN_RESPONSE","Hallmark",35,0.695221380458957,0.588718690269434,0.914852349318722,0.997507788161994,"NS"
"HALLMARK_UV_RESPONSE_UP","Hallmark",47,0.65401843106223,-0.662568236134945,0.946644889070369,0.997507788161994,"NS"
"KEGG_MEDICUS_REFERENCE_CITRATE_CYCLE_SECOND_CARBON_OXIDATION_2","KEGG",10,-2.20102942787084,0.880311205591322,0.000861685707150235,0.716108827439835,"CR vs H only"
"KEGG_MEDICUS_REFERENCE_ITGA_B_TALIN_VINCULIN_SIGNALING_PATHWAY","KEGG",12,1.99027155631436,-1.11288426024726,0.0024060066858946,0.417552168815944,"CR vs H only"
"KEGG_MEDICUS_PATHOGEN_SALMONELLA_SOPB_TO_ARNO_ARF_ACTB_G_SIGNALING_PATHWAY","KEGG",14,1.89052989714805,1.32013778559811,0.0112019254842531,0.235337790899618,"CR vs H only"
"KEGG_MEDICUS_PATHOGEN_SHIGELLA_IPAC_TO_ACTIN_SIGNALING_PATHWAY","KEGG",11,1.7955212642886,1.31942322283258,0.0278299449199007,0.237999231950845,"CR vs H only"
"KEGG_MEDICUS_REFERENCE_TIGHT_JUNCTION_ACTIN_SIGNALING_PATHWAY","KEGG",11,1.7955212642886,1.31942322283258,0.0278299449199007,0.237999231950845,"CR vs H only"
"KEGG_MEDICUS_REFERENCE_VGCC_CA2_APOPTOTIC_PATHWAY","KEGG",10,-1.83614231441659,1.21807271722081,0.032033426183844,0.314025468694729,"CR vs H only"
"KEGG_MEDICUS_VARIANT_SCRAPIE_CONFORMATION_PRPSC_TO_MGLUR5_CA2_APOPTOTIC_PATHWAY","KEGG",10,-1.84201451811548,1.59631551241395,0.032033426183844,0.162121677677063,"CR vs H only"
"KEGG_MEDICUS_REFERENCE_MICROTUBULE_RHOA_SIGNALING_PATHWAY","KEGG",11,1.73974444992639,-1.59763334383945,0.035062106791418,0.183466370762788,"CR vs H only"
"KEGG_MEDICUS_REFERENCE_BRANCHING_MICROTUBULE_NUCLEATION","KEGG",10,1.65268769076208,-1.44780329158058,0.0492531502194535,0.207798524432766,"CR vs H only"
"KEGG_MEDICUS_PATHOGEN_ESCHERICHIA_EAE_TIR_TO_ACTIN_SIGNALING_PATHWAY","KEGG",11,1.64235769378737,1.36504918318073,0.0600383078983202,0.227539571228211,"NS"
"KEGG_MEDICUS_PATHOGEN_SALMONELLA_SIFA_TO_MICROTUBULE_PLUS_END_DIRECTED_TRANSPORT","KEGG",12,1.60184127594523,-1.45679265473469,0.06113532670686,0.207798524432766,"NS"
"KEGG_MEDICUS_REFERENCE_ANTEROGRADE_AXONAL_TRANSPORT","KEGG",12,1.60184127594523,-1.45679265473469,0.06113532670686,0.207798524432766,"NS"
"KEGG_MEDICUS_VARIANT_MUTATION_CAUSED_ABERRANT_HTT_TO_ANTEROGRADE_AXONAL_TRANSPORT","KEGG",12,1.60184127594523,-1.45679265473469,0.06113532670686,0.207798524432766,"NS"
"KEGG_MEDICUS_REFERENCE_ISOLEUCINE_DEGRADATION","KEGG",10,-1.61843729971875,-0.98101387145992,0.0711356359425029,0.575470435728025,"NS"
"KEGG_MEDICUS_REFERENCE_RETROGRADE_AXONAL_TRANSPORT","KEGG",15,1.56288214872834,-1.07579195594912,0.0711356359425029,0.447947682808761,"NS"
"KEGG_MEDICUS_VARIANT_MUTATION_CAUSED_ABERRANT_HTT_TO_RETROGRADE_AXONAL_TRANSPORT","KEGG",15,1.56288214872834,-1.07579195594912,0.0711356359425029,0.447947682808761,"NS"
"KEGG_MEDICUS_REFERENCE_MICROTUBULE_DEPOLYMERIZATION","KEGG",12,1.56312066387393,-1.44441390582057,0.0737059366682961,0.207798524432766,"NS"
"KEGG_MEDICUS_REFERENCE_ARL8_REGULATED_MICROTUBULE_PLUS_END_DIRECTED_TRANSPORT","KEGG",14,1.55001323377946,-1.43105401375904,0.0737898686679175,0.207798524432766,"NS"
"KEGG_MEDICUS_REFERENCE_ELECTRON_TRANSFER_IN_COMPLEX_IV","KEGG",11,-1.55783243890407,1.78320073897575,0.0737898686679175,0.0425797685834502,"Tr.(CR) only"
"KEGG_MEDICUS_REFERENCE_TLR2_4_MAPK_SIGNALING_PATHWAY","KEGG",10,-1.55499948571824,1.04769048091546,0.084035741417357,0.50274797259233,"NS"
"KEGG_MEDICUS_VARIANT_MUTATION_CAUSED_ABERRANT_DCTN1_TO_RETROGRADE_AXONAL_TRANSPORT","KEGG",11,1.52655469089343,-1.24785599956432,0.0849258275571678,0.285339996358266,"NS"
"KEGG_MEDICUS_VARIANT_MUTATION_CAUSED_ABERRANT_ABETA_TO_ANTEROGRADE_AXONAL_TRANSPORT","KEGG",13,1.50199984628939,-1.13403706938311,0.0852520201205473,0.395396777456578,"NS"
"KEGG_MEDICUS_ENV_FACTOR_IRON_TO_ANTEROGRADE_AXONAL_TRANSPORT","KEGG",11,1.45727877652559,-1.28890608564523,0.115025397345568,0.265732033287522,"NS"
"KEGG_MEDICUS_PATHOGEN_HCV_CORE_TO_ERK_SIGNALING_PATHWAY","KEGG",11,1.45834344661209,0.895162809187968,0.115025397345568,0.710950764006791,"NS"
"KEGG_MEDICUS_REFERENCE_MGLUR5_CA2_APOPTOTIC_PATHWAY","KEGG",10,-1.45587421268454,1.36468606254409,0.118030397775722,0.227539571228211,"NS"
"KEGG_MEDICUS_VARIANT_MUTATION_CAUSED_ABERRANT_ABETA_TO_MGLUR5_CA2_APOPTOTIC_PATHWAY","KEGG",10,-1.45587421268454,1.36468606254409,0.118030397775722,0.227539571228211,"NS"
"KEGG_MEDICUS_VARIANT_MUTATION_CAUSED_ABERRANT_HTT_TO_MGLUR5_CA2_APOPTOTIC_PATHWAY","KEGG",10,-1.45587421268454,1.36468606254409,0.118030397775722,0.227539571228211,"NS"
"KEGG_MEDICUS_ENV_FACTOR_ZN_TO_ANTEROGRADE_AXONAL_TRANSPORT","KEGG",12,1.42515542580603,-1.26895842123057,0.120527945250122,0.282409677075562,"NS"
"KEGG_MEDICUS_REFERENCE_ASSEMBLY_AND_TRAFFICKING_OF_TELOMERASE","KEGG",10,1.40401281831926,1.42696775426672,0.139487023827591,0.207798524432766,"NS"
"KEGG_MEDICUS_REFERENCE_BETA_OXIDATION","KEGG",11,-1.38308051425233,-1.07263562705483,0.139487023827591,0.447952975056411,"NS"
"KEGG_MEDICUS_VARIANT_MUTATION_CAUSED_ABERRANT_ABETA_TO_26S_PROTEASOME_MEDIATED_PROTEIN_DEGRADATION","KEGG",32,-1.30193229608302,0.840023790402655,0.139487023827591,0.775597111154742,"NS"
"KEGG_MEDICUS_VARIANT_MUTATION_CAUSED_ABERRANT_HTT_TO_26S_PROTEASOME_MEDIATED_PROTEIN_DEGRADATION","KEGG",32,-1.30193229608302,0.840023790402655,0.139487023827591,0.775597111154742,"NS"
"KEGG_MEDICUS_VARIANT_SCRAPIE_CONFORMATION_PRPSC_TO_26S_PROTEASOME_MEDIATED_PROTEIN_DEGRADATION","KEGG",32,-1.30193229608302,0.840023790402655,0.139487023827591,0.775597111154742,"NS"
"KEGG_MEDICUS_REFERENCE_COPI_VESICLE_FORMATION","KEGG",13,1.34726132996002,1.36106606583634,0.1637821768488,0.227539571228211,"NS"
"KEGG_MEDICUS_ENV_FACTOR_ARSENIC_TO_ELECTRON_TRANSFER_IN_COMPLEX_IV","KEGG",12,-1.32073927872636,1.75705925227599,0.167791543999685,0.0532024093118742,"NS"
"KEGG_MEDICUS_REFERENCE_26S_PROTEASOME_MEDIATED_PROTEIN_DEGRADATION","KEGG",33,-1.2558587017391,0.758538985354866,0.167791543999685,0.869722089243871,"NS"
"KEGG_MEDICUS_VARIANT_MUTATION_INACTIVATED_UBQLN2_TO_26S_PROTEASOME_MEDIATED_PROTEIN_DEGRADATION","KEGG",33,-1.2558587017391,0.758538985354866,0.167791543999685,0.869722089243871,"NS"
"KEGG_MEDICUS_REFERENCE_RAB7_REGULATED_MICROTUBULE_MINUS_END_DIRECTED_TRANSPORT","KEGG",25,1.26415202724033,-0.966194605281668,0.19618252311363,0.603946041351488,"NS"
"KEGG_MEDICUS_VARIANT_MUTATION_INACTIVATED_VCP_TO_26S_PROTEASOME_MEDIATED_PROTEIN_DEGRADATION","KEGG",34,-1.12698722702416,0.703098809482355,0.29209960003478,0.922338607719964,"NS"
"KEGG_MEDICUS_REFERENCE_DYNEIN_RECRUITMENT_TO_THE_KINETOCHORE","KEGG",14,-1.04208479427486,1.36419047479969,0.429659141212926,0.227539571228211,"NS"
"KEGG_MEDICUS_VARIANT_MUTATION_CAUSED_ABERRANT_SNCA_TO_VGCC_CA2_APOPTOTIC_PATHWAY","KEGG",10,-1.02876477518161,1.6517613381418,0.440368605976197,0.116130173328617,"NS"
"KEGG_MEDICUS_VARIANT_MUTATION_CAUSED_ABERRANT_SOD1_TO_26S_PROTEASOME_MEDIATED_PROTEIN_DEGRADATION","KEGG",34,-1.00835618651267,0.557969214186983,0.469609164420485,0.98761408083442,"NS"
"KEGG_MEDICUS_REFERENCE_GLYCOLYSIS","KEGG",16,1.00170116544604,0.852394109534808,0.480695229239682,0.762897672177028,"NS"
"KEGG_MEDICUS_VARIANT_MUTATION_CAUSED_ABERRANT_SNCA_TO_26S_PROTEASOME_MEDIATED_PROTEIN_DEGRADATION","KEGG",33,-0.968818971008216,0.831906189160891,0.515096387871337,0.776631364413873,"NS"
"KEGG_MEDICUS_REFERENCE_KEAP1_NRF2_SIGNALING_PATHWAY","KEGG",10,-0.730773688745466,-1.45945574277803,0.813768936290647,0.207798524432766,"NS"
"SIG_INSULIN_RECEPTOR_PATHWAY_IN_CARDIAC_MYOCYTES","Other",21,1.55531269374928,0.970410974936056,0.172674946985762,0.586935866983373,"NS"
"SIG_CHEMOTAXIS","Other",15,1.14329620581619,1.19446988824735,0.482456140350877,0.577796901893287,"NS"
"SIG_PIP3_SIGNALING_IN_CARDIAC_MYOCTES","Other",15,1.11545032175562,1.06107980597459,0.482456140350877,0.577796901893287,"NS"
"SIG_REGULATION_OF_THE_ACTIN_CYTOSKELETON_BY_RHO_GTPASES","Other",20,1.20272232852035,1.40886206345056,0.482456140350877,0.521389028686462,"NS"
"WNT_SIGNALING","Other",11,0.96921296431264,1.07633617202314,0.526631895052948,0.577796901893287,"NS"
"PID_THROMBIN_PAR1_PATHWAY","PID",18,2.08870313773749,-1.44709224987751,0.0047529927318827,0.854343092184854,"CR vs H only"
"PID_ECADHERIN_NASCENT_AJ_PATHWAY","PID",16,1.85754624608876,0.995205829660126,0.0502286705566945,0.95960482757905,"NS"
"PID_HDAC_CLASSII_PATHWAY","PID",11,1.77609275414005,-1.49361265381441,0.0645707112057202,0.854343092184854,"NS"
"PID_A6B1_A6B4_INTEGRIN_PATHWAY","PID",18,1.67354847480476,-0.912060433528797,0.105737109658678,0.95960482757905,"NS"
"PID_HEDGEHOG_GLI_PATHWAY","PID",15,1.69077808168335,-1.26358714571579,0.105737109658678,0.92432501672336,"NS"
"PID_S1P_S1P3_PATHWAY","PID",11,1.68118176238362,0.826433889583646,0.105737109658678,0.95960482757905,"NS"
"PID_ERA_GENOMIC_PATHWAY","PID",15,1.55875623261743,0.826600379896242,0.162005398265664,0.95960482757905,"NS"
"PID_ILK_PATHWAY","PID",23,1.53867061968185,1.0644937022199,0.162005398265664,0.95960482757905,"NS"
"PID_NCADHERIN_PATHWAY","PID",13,1.55862848725963,-0.878139896312594,0.162005398265664,0.95960482757905,"NS"
"PID_ENDOTHELIN_PATHWAY","PID",19,1.49962911792943,-0.750611078007065,0.165858523332989,0.95960482757905,"NS"
"PID_P38_ALPHA_BETA_DOWNSTREAM_PATHWAY","PID",11,-1.55239700635666,-1.08499309574149,0.165858523332989,0.95960482757905,"NS"
"PID_RAC1_PATHWAY","PID",21,1.50403325999927,1.41900827220407,0.165858523332989,0.854343092184854,"NS"
"PID_P53_REGULATION_PATHWAY","PID",20,-1.48133837099524,-0.886951268678454,0.178056516724337,0.95960482757905,"NS"
"PID_S1P_S1P2_PATHWAY","PID",12,1.48123212235604,-0.747221504105016,0.200856062003029,0.95960482757905,"NS"
"PID_ARF6_TRAFFICKING_PATHWAY","PID",13,1.45866637776645,-1.17290117906598,0.215537429917261,0.95960482757905,"NS"
"PID_PRL_SIGNALING_EVENTS_PATHWAY","PID",10,1.46917017971072,0.865191888271198,0.215537429917261,0.95960482757905,"NS"
"PID_P73PATHWAY","PID",15,1.40520373976133,-0.917958204476256,0.259201466290187,0.95960482757905,"NS"
"PID_TXA2PATHWAY","PID",14,1.37671483869797,-1.25708186389184,0.26043771043771,0.92432501672336,"NS"
"PID_FAK_PATHWAY","PID",20,1.2969739150403,0.820034091811331,0.307352983403204,0.95960482757905,"NS"
"PID_RHOA_PATHWAY","PID",15,1.31451840077106,-1.00135439077526,0.307352983403204,0.95960482757905,"NS"
"PID_TGFBR_PATHWAY","PID",15,1.22809152298209,-0.907043124792553,0.418606604749936,0.95960482757905,"NS"
"PID_P38_MK2_PATHWAY","PID",10,1.21458536184294,0.653321699549038,0.423171820737556,0.95960482757905,"NS"
"PID_NETRIN_PATHWAY","PID",12,1.14698782091858,-0.977930651253549,0.52335242961226,0.95960482757905,"NS"
"PID_ECADHERIN_STABILIZATION_PATHWAY","PID",12,1.0965299055179,-1.0497641796153,0.596255155734522,0.95960482757905,"NS"
"PID_PTP1B_PATHWAY","PID",10,1.09021687173757,-1.01290919315857,0.599164568901629,0.95960482757905,"NS"
"PID_HDAC_CLASSI_PATHWAY","PID",15,-0.991451376050538,-0.794821759897773,0.684611832078696,0.95960482757905,"NS"
"PID_LKB1_PATHWAY","PID",17,0.985327245242532,0.710205552581571,0.733481585518102,0.95960482757905,"NS"
"PID_HNF3B_PATHWAY","PID",10,0.960386527217927,-0.851658672764654,0.760333670401527,0.95960482757905,"NS"
"PID_INSULIN_GLUCOSE_PATHWAY","PID",17,0.950308931161387,0.966163118989782,0.778764447666224,0.95960482757905,"NS"
"PID_LIS1_PATHWAY","PID",16,0.935159678360838,-1.25087448265666,0.782180389704696,0.92432501672336,"NS"
"PID_ANGIOPOIETIN_RECEPTOR_PATHWAY","PID",15,0.878182132945347,0.687930732670929,0.794353414250139,0.95960482757905,"NS"
"PID_AURORA_B_PATHWAY","PID",13,0.870370147331442,-1.37299195943001,0.794353414250139,0.894433781190019,"NS"
"PID_IL6_7_PATHWAY","PID",12,0.861735194228478,0.812082275191294,0.794353414250139,0.95960482757905,"NS"
"PID_P53_DOWNSTREAM_PATHWAY","PID",15,0.88141268160242,-1.14726411630579,0.794353414250139,0.95960482757905,"NS"
"PID_PI3KCI_AKT_PATHWAY","PID",15,0.896194945943589,0.867443576450242,0.794353414250139,0.95960482757905,"NS"
"PID_ALPHA_SYNUCLEIN_PATHWAY","PID",12,-0.813032313370046,-0.830938567395729,0.85637939798596,0.95960482757905,"NS"
"PID_IFNG_PATHWAY","PID",16,-0.821295296903301,1.0855854022182,0.85637939798596,0.95960482757905,"NS"
"PID_VEGFR1_2_PATHWAY","PID",32,0.792517300725851,1.03674318833086,0.918798260982415,0.95960482757905,"NS"
"PID_AR_PATHWAY","PID",16,0.684154209827756,-1.00003722613948,0.920803335986181,0.95960482757905,"NS"
"PID_IL12_2PATHWAY","PID",14,0.686461606958957,-0.820969221435396,0.920803335986181,0.95960482757905,"NS"
"PID_P75_NTR_PATHWAY","PID",12,0.682549828642072,0.693717488872769,0.920803335986181,0.95960482757905,"NS"
"PID_REG_GR_PATHWAY","PID",18,-0.735559051786341,1.09269303231243,0.920803335986181,0.95960482757905,"NS"
"PID_TELOMERASE_PATHWAY","PID",13,0.69064082742721,0.818934211540806,0.920803335986181,0.95960482757905,"NS"
"REACTOME_MITOCHONDRIAL_PROTEIN_DEGRADATION","Reactome",78,-2.78312535301262,1.9467703294319,4.39660324981896e-10,0.00337957930291072,"Both"
"REACTOME_CITRIC_ACID_CYCLE_TCA_CYCLE","Reactome",25,-2.72220589580434,1.80818291515303,1.00907121481062e-06,0.15183585313175,"CR vs H only"
"REACTOME_CELL_SURFACE_INTERACTIONS_AT_THE_VASCULAR_WALL","Reactome",36,2.2419296295559,-1.21934632785586,3.60961497610206e-05,0.704695916546414,"CR vs H only"
"REACTOME_FCGAMMA_RECEPTOR_FCGR_DEPENDENT_PHAGOCYTOSIS","Reactome",36,2.23249155970872,1.22138051718922,4.17066075199089e-05,0.742705999085811,"CR vs H only"
"REACTOME_GPCR_LIGAND_BINDING","Reactome",12,2.2413251028366,-1.14734696196557,4.17066075199089e-05,0.86841030509905,"CR vs H only"
"REACTOME_INTERLEUKIN_12_SIGNALING","Reactome",28,2.26240023201231,-1.25767681724766,4.17066075199089e-05,0.69495828971241,"CR vs H only"
"REACTOME_MITOCHONDRIAL_BIOGENESIS","Reactome",41,-2.3400758190824,1.42761592793303,8.8764962953458e-05,0.501760521281683,"CR vs H only"
"REACTOME_CRISTAE_FORMATION","Reactome",25,-2.39041411994086,1.78735259500559,0.000184004705418456,0.157907778268762,"CR vs H only"
"REACTOME_METABOLISM_OF_FAT_SOLUBLE_VITAMINS","Reactome",13,2.10559519983257,-1.11948016618485,0.000855509015618246,0.903460318740277,"CR vs H only"
"REACTOME_RHOC_GTPASE_CYCLE","Reactome",19,2.06330140858398,0.674533509406366,0.00140811313998151,0.997443746369105,"CR vs H only"
"REACTOME_VISUAL_PHOTOTRANSDUCTION","Reactome",18,1.99378633508735,-0.828205897887654,0.00307263143524148,0.997443746369105,"CR vs H only"
"REACTOME_AMYLOID_FIBER_FORMATION","Reactome",15,1.95704926293163,0.851793618156828,0.0049359130190223,0.997443746369105,"CR vs H only"
"REACTOME_L1CAM_INTERACTIONS","Reactome",45,1.8414133500958,-1.14953168163155,0.0087452469891915,0.784939871205281,"CR vs H only"
"REACTOME_MITOCHONDRIAL_PROTEIN_IMPORT","Reactome",47,-1.82061531990041,1.49230329968233,0.0087452469891915,0.38003077895489,"CR vs H only"
"REACTOME_G_ALPHA_Z_SIGNALLING_EVENTS","Reactome",10,1.91446381780424,-1.66506886685602,0.00887758858617418,0.38003077895489,"CR vs H only"
"REACTOME_ACTIVATION_OF_THE_MRNA_UPON_BINDING_OF_THE_CAP_BINDING_COMPLEX_AND_EIFS_AND_SUBSEQUENT_BINDING_TO_43S","Reactome",54,-1.8820410364467,0.879070912638078,0.00891969347273794,0.997443746369105,"CR vs H only"
"REACTOME_RECYCLING_PATHWAY_OF_L1","Reactome",23,1.86449011321665,-0.846322308664134,0.0102524564894463,0.997443746369105,"CR vs H only"
"REACTOME_INTRACELLULAR_SIGNALING_BY_SECOND_MESSENGERS","Reactome",71,-1.69059677135404,0.81718266488922,0.0118574569290164,0.997443746369105,"CR vs H only"
"REACTOME_NEF_MEDIATES_DOWN_MODULATION_OF_CELL_SURFACE_RECEPTORS_BY_RECRUITING_THEM_TO_CLATHRIN_ADAPTERS","Reactome",11,1.88210779158047,1.11529271849322,0.0163141884679489,0.90757940998848,"CR vs H only"
"REACTOME_COPI_DEPENDENT_GOLGI_TO_ER_RETROGRADE_TRAFFIC","Reactome",31,1.79213994350269,-0.988562168143515,0.0178130247707758,0.983937894226104,"CR vs H only"
"REACTOME_CARDIAC_CONDUCTION","Reactome",29,-1.79875977461292,-1.22338689114909,0.0184379563198397,0.704695916546414,"CR vs H only"
"REACTOME_FOXO_MEDIATED_TRANSCRIPTION","Reactome",11,1.84607498688712,0.761837739111298,0.0184379563198397,0.997443746369105,"CR vs H only"
"REACTOME_PLASMA_LIPOPROTEIN_CLEARANCE","Reactome",11,1.84972661292718,0.765657361015748,0.0184379563198397,0.997443746369105,"CR vs H only"
"REACTOME_SIGNALING_BY_NUCLEAR_RECEPTORS","Reactome",53,1.71913630398295,0.659984470161625,0.0184379563198397,0.997443746369105,"CR vs H only"
"REACTOME_DETOXIFICATION_OF_REACTIVE_OXYGEN_SPECIES","Reactome",22,1.78625383005913,-1.80135249059531,0.0232938298795685,0.157907778268762,"CR vs H only"
"REACTOME_SENSORY_PROCESSING_OF_SOUND_BY_OUTER_HAIR_CELLS_OF_THE_COCHLEA","Reactome",14,1.80291384888199,-0.913473683290918,0.0239981018833851,0.997443746369105,"CR vs H only"
"REACTOME_CELL_EXTRACELLULAR_MATRIX_INTERACTIONS","Reactome",13,1.79982103153078,0.472972101419193,0.0244570287483548,0.999083832210859,"CR vs H only"
"REACTOME_RHO_GTPASES_ACTIVATE_IQGAPS","Reactome",16,1.79243171173121,-1.41283491064374,0.0244570287483548,0.579221193956369,"CR vs H only"
"REACTOME_SEMAPHORIN_INTERACTIONS","Reactome",23,1.7737805830277,0.785408785611328,0.0244570287483548,0.997443746369105,"CR vs H only"
"REACTOME_THROMBIN_SIGNALLING_THROUGH_PROTEINASE_ACTIVATED_RECEPTORS_PARS","Reactome",10,1.7778153881323,-1.07127539064298,0.0254166229954931,0.939844014920312,"CR vs H only"
"REACTOME_ION_HOMEOSTASIS","Reactome",25,-1.77470977155946,-0.750572288419558,0.0269317706700115,0.997443746369105,"CR vs H only"
"REACTOME_REGULATION_OF_PYRUVATE_METABOLISM","Reactome",13,-1.89722888525014,1.21587461216746,0.0269317706700115,0.772020104870283,"CR vs H only"
"REACTOME_CIRCADIAN_CLOCK","Reactome",42,-1.71198233355976,0.890187816472886,0.0278264576240561,0.997443746369105,"CR vs H only"
"REACTOME_REGULATION_OF_TP53_ACTIVITY","Reactome",25,-1.8395496881986,0.964524925420588,0.0284231088150069,0.983937894226104,"CR vs H only"
"REACTOME_POTENTIAL_THERAPEUTICS_FOR_SARS","Reactome",32,1.70031652849136,-0.737370395426952,0.0284437133457302,0.997443746369105,"CR vs H only"
"REACTOME_DEGRADATION_OF_BETA_CATENIN_BY_THE_DESTRUCTION_COMPLEX","Reactome",40,-1.71513311827876,1.08908818534946,0.0297727007688596,0.90757940998848,"CR vs H only"
"REACTOME_IRON_UPTAKE_AND_TRANSPORT","Reactome",20,1.7484056910946,1.21497402832146,0.0321894276567502,0.767132608293325,"CR vs H only"
"REACTOME_MITOCHONDRIAL_CALCIUM_ION_TRANSPORT","Reactome",14,-1.86748500392532,1.37341505680762,0.0332091048703426,0.610487503710811,"CR vs H only"
"REACTOME_RHO_GTPASES_ACTIVATE_PKNS","Reactome",21,1.73545028994109,0.941077337512341,0.0338105963105963,0.997443746369105,"CR vs H only"
"REACTOME_CELLULAR_RESPONSE_TO_HYPOXIA","Reactome",36,-1.65782200870684,0.775066099897047,0.0444282863906884,0.997443746369105,"CR vs H only"
"REACTOME_INACTIVATION_OF_CSF3_G_CSF_SIGNALING","Reactome",10,-1.75930973553757,-0.788176189995036,0.0497942438566496,0.997443746369105,"CR vs H only"
"REACTOME_INTERLEUKIN_17_SIGNALING","Reactome",21,-1.68533252875373,1.23248796688241,0.0675742223439343,0.746948843728101,"NS"
"REACTOME_CARBOXYTERMINAL_POST_TRANSLATIONAL_MODIFICATIONS_OF_TUBULIN","Reactome",10,1.65640605553456,-1.53123849618815,0.0704496652772515,0.501760521281683,"NS"
"REACTOME_FATTY_ACID_METABOLISM","Reactome",65,-1.46900963118933,-1.36924730772111,0.0720753744947293,0.501760521281683,"NS"
"REACTOME_METABOLISM_OF_NUCLEOTIDES","Reactome",40,1.53817491203657,-0.933539721558192,0.0720753744947293,0.997443746369105,"NS"
"REACTOME_RHO_GTPASES_ACTIVATE_WASPS_AND_WAVES","Reactome",16,1.63073108690245,1.43673402000237,0.0741066359818571,0.54743318804209,"NS"
"REACTOME_REGULATION_OF_TP53_ACTIVITY_THROUGH_PHOSPHORYLATION","Reactome",12,-1.69501469086794,-0.734169781844202,0.0742193553386022,0.997443746369105,"NS"
"REACTOME_NUCLEAR_EVENTS_KINASE_AND_TRANSCRIPTION_FACTOR_ACTIVATION","Reactome",12,-1.69329319908333,1.38441904785137,0.0746062023135614,0.610487503710811,"NS"
"REACTOME_MAPK_TARGETS_NUCLEAR_EVENTS_MEDIATED_BY_MAP_KINASES","Reactome",11,-1.70529308233754,1.45632052322154,0.0765605267905466,0.54743318804209,"NS"
"REACTOME_CELLULAR_SENESCENCE","Reactome",20,-1.64271972207187,-0.677835627716259,0.077105727414458,0.997443746369105,"NS"
"REACTOME_RHO_GTPASES_ACTIVATE_PAKS","Reactome",17,1.60348055114619,0.874087526596575,0.0804767838736547,0.997443746369105,"NS"
"REACTOME_RHOG_GTPASE_CYCLE","Reactome",28,1.56589058434677,-1.2049169981756,0.0822307108434276,0.746948843728101,"NS"
"REACTOME_DEGRADATION_OF_CRY_AND_PER_PROTEINS","Reactome",34,-1.54032001578752,0.708320972240746,0.0849130712223935,0.997443746369105,"NS"
"REACTOME_METABOLISM_OF_POLYAMINES","Reactome",33,-1.54191576639835,0.974858928301614,0.0849130712223935,0.983937894226104,"NS"
"REACTOME_SWITCHING_OF_ORIGINS_TO_A_POST_REPLICATIVE_STATE","Reactome",34,-1.54032001578752,0.708320972240746,0.0849130712223935,0.997443746369105,"NS"
"REACTOME_DEGRADATION_OF_DVL","Reactome",32,-1.53232199875998,0.738677788266657,0.0870681375497051,0.997443746369105,"NS"
"REACTOME_TNFR2_NON_CANONICAL_NF_KB_PATHWAY","Reactome",35,-1.52127550879267,0.961453924258669,0.0877003859929756,0.989973923528433,"NS"
"REACTOME_CLATHRIN_MEDIATED_ENDOCYTOSIS","Reactome",52,1.49161833166023,0.833338971583213,0.0883542166533369,0.997443746369105,"NS"
"REACTOME_APC_C_CDH1_MEDIATED_DEGRADATION_OF_CDC20_AND_OTHER_APC_C_CDH1_TARGETED_PROTEINS_IN_LATE_MITOSIS_EARLY_G1","Reactome",32,-1.52218699847405,0.656027567786344,0.0898980537534754,0.997443746369105,"NS"
"REACTOME_CDK_MEDIATED_PHOSPHORYLATION_AND_REMOVAL_OF_CDC6","Reactome",32,-1.52218699847405,0.656027567786344,0.0898980537534754,0.997443746369105,"NS"
"REACTOME_COPI_MEDIATED_ANTEROGRADE_TRANSPORT","Reactome",51,1.48026472909707,0.998681184705635,0.0898980537534754,0.983937894226104,"NS"
"REACTOME_S_PHASE","Reactome",42,-1.48123491613146,0.937726120138414,0.0898980537534754,0.997443746369105,"NS"
"REACTOME_TRANSCRIPTIONAL_AND_POST_TRANSLATIONAL_REGULATION_OF_MITF_M_EXPRESSION_AND_ACTIVITY","Reactome",21,-1.60509762113293,1.35432771086397,0.0898980537534754,0.610487503710811,"NS"
"REACTOME_RHOV_GTPASE_CYCLE","Reactome",12,1.58647541575517,1.49985739254175,0.0907706782130139,0.501760521281683,"NS"
"REACTOME_SYNTHESIS_OF_DNA","Reactome",38,-1.5158486777513,0.756515141054722,0.0907706782130139,0.997443746369105,"NS"
"REACTOME_MHC_CLASS_II_ANTIGEN_PRESENTATION","Reactome",54,1.46599576007166,1.10913051758473,0.0929759987731002,0.889524750903818,"NS"
"REACTOME_MITOCHONDRIAL_FATTY_ACID_BETA_OXIDATION","Reactome",24,-1.57825927732532,-0.98139768039867,0.0929759987731002,0.983937894226104,"NS"
"REACTOME_TCF_DEPENDENT_SIGNALING_IN_RESPONSE_TO_WNT","Reactome",49,-1.483843274774,0.943285537220397,0.093234920672592,0.997443746369105,"NS"
"REACTOME_MITOTIC_G1_PHASE_AND_G1_S_TRANSITION","Reactome",44,-1.45777340445372,1.29885050482454,0.0969030969030969,0.625295914259651,"NS"
"REACTOME_REGULATION_OF_APOPTOSIS","Reactome",33,-1.50063074207916,0.857866170195307,0.097166262270997,0.997443746369105,"NS"
"REACTOME_CYCLIN_A_CDK2_ASSOCIATED_EVENTS_AT_S_PHASE_ENTRY","Reactome",36,-1.5050488640486,1.05155977367389,0.0979967671169611,0.94727875768389,"NS"
"REACTOME_APOPTOTIC_CLEAVAGE_OF_CELLULAR_PROTEINS","Reactome",14,1.5698859570383,0.972908116023556,0.0981135892378496,0.983937894226104,"NS"
"REACTOME_DECTIN_1_MEDIATED_NONCANONICAL_NF_KB_SIGNALING","Reactome",36,-1.49710213449889,0.927679442482147,0.0988202693616414,0.997443746369105,"NS"
"REACTOME_APC_C_MEDIATED_DEGRADATION_OF_CELL_CYCLE_PROTEINS","Reactome",35,-1.47546413608021,0.701817869490971,0.103616959677339,0.997443746369105,"NS"
"REACTOME_TURBULENT_OSCILLATORY_DISTURBED_FLOW_SHEAR_STRESS_ACTIVATES_SIGNALING_BY_PIEZO1_AND_INTEGRINS_IN_ENDOTHELIAL_CELLS","Reactome",14,1.56160108170036,0.588967656707525,0.103616959677339,0.997443746369105,"NS"
"REACTOME_GOLGI_TO_ER_RETROGRADE_TRANSPORT","Reactome",50,1.44848228320103,0.925046722415846,0.103748683304142,0.997443746369105,"NS"
"REACTOME_DNA_REPLICATION_PRE_INITIATION","Reactome",40,-1.45250509479451,0.605601895470512,0.103768926925609,0.999083832210859,"NS"
"REACTOME_FORMATION_OF_PARAXIAL_MESODERM","Reactome",30,-1.49287095455591,0.874368069994347,0.103768926925609,0.997443746369105,"NS"
"REACTOME_POST_CHAPERONIN_TUBULIN_FOLDING_PATHWAY","Reactome",13,1.55088842455268,-1.30591075904026,0.103768926925609,0.69495828971241,"NS"
"REACTOME_REGULATION_OF_ORNITHINE_DECARBOXYLASE_ODC","Reactome",30,-1.49287095455591,0.874368069994347,0.103768926925609,0.997443746369105,"NS"
"REACTOME_SOMITOGENESIS","Reactome",30,-1.49287095455591,0.874368069994347,0.103768926925609,0.997443746369105,"NS"
"REACTOME_AUF1_HNRNP_D0_BINDS_AND_DESTABILIZES_MRNA","Reactome",37,-1.47074109966467,0.882196476665396,0.105552498456214,0.997443746369105,"NS"
"REACTOME_ER_TO_GOLGI_ANTEROGRADE_TRANSPORT","Reactome",68,1.41108726921408,1.25510862365018,0.105552498456214,0.635873647006848,"NS"
"REACTOME_FBXL7_DOWN_REGULATES_AURKA_DURING_MITOTIC_ENTRY_AND_IN_EARLY_MITOSIS","Reactome",33,-1.46398418904675,0.840312220411169,0.105552498456214,0.997443746369105,"NS"
"REACTOME_ORC1_REMOVAL_FROM_CHROMATIN","Reactome",33,-1.46398418904675,0.840312220411169,0.105552498456214,0.997443746369105,"NS"
"REACTOME_REGULATION_OF_RUNX2_EXPRESSION_AND_ACTIVITY","Reactome",37,-1.46504587570479,0.693607126710612,0.105552498456214,0.997443746369105,"NS"
"REACTOME_RHO_GTPASES_ACTIVATE_ROCKS","Reactome",13,1.54186021821005,1.03846072797167,0.105552498456214,0.965837028857003,"NS"
"REACTOME_SCF_BETA_TRCP_MEDIATED_DEGRADATION_OF_EMI1","Reactome",33,-1.46398418904675,0.840312220411169,0.105552498456214,0.997443746369105,"NS"
"REACTOME_SCF_SKP2_MEDIATED_DEGRADATION_OF_P27_P21","Reactome",33,-1.46398418904675,0.840312220411169,0.105552498456214,0.997443746369105,"NS"
"REACTOME_TRANSPORT_TO_THE_GOLGI_AND_SUBSEQUENT_MODIFICATION","Reactome",68,1.41108726921408,1.25510862365018,0.105552498456214,0.635873647006848,"NS"
"REACTOME_DNA_REPLICATION","Reactome",44,-1.42773606430574,0.650316064602995,0.106408348595849,0.997443746369105,"NS"
"REACTOME_ACTIVATION_OF_NF_KAPPAB_IN_B_CELLS","Reactome",34,-1.45040457103068,0.803070666367879,0.110627815043628,0.997443746369105,"NS"
"REACTOME_ACTIVATION_OF_APC_C_AND_APC_C_CDC20_MEDIATED_DEGRADATION_OF_MITOTIC_PROTEINS","Reactome",33,-1.45160332437421,0.650191061343215,0.114314434017036,0.997443746369105,"NS"
"REACTOME_NUCLEOTIDE_SALVAGE","Reactome",10,1.548398624076,-0.72228012909812,0.114582286116417,0.997443746369105,"NS"
"REACTOME_MRNA_SPLICING","Reactome",50,1.42109972738961,1.001939214026,0.116586695908999,0.983937894226104,"NS"
"REACTOME_SELENOAMINO_ACID_METABOLISM","Reactome",85,-1.33126734778184,1.4906929870275,0.117298879837067,0.270839557812967,"NS"
"REACTOME_REGULATION_OF_RUNX3_EXPRESSION_AND_ACTIVITY","Reactome",32,-1.44156103098138,0.73706217492377,0.121205743955332,0.997443746369105,"NS"
"REACTOME_ION_TRANSPORT_BY_P_TYPE_ATPASES","Reactome",18,-1.49819847699284,-0.955865520505904,0.122711570210552,0.983937894226104,"NS"
"REACTOME_ASYMMETRIC_LOCALIZATION_OF_PCP_PROTEINS","Reactome",31,-1.43549064427749,0.790791732252653,0.12376541751335,0.997443746369105,"NS"
"REACTOME_DEGRADATION_OF_AXIN","Reactome",31,-1.43549064427749,0.790791732252653,0.12376541751335,0.997443746369105,"NS"
"REACTOME_G1_S_DNA_DAMAGE_CHECKPOINTS","Reactome",31,-1.43549064427749,0.790791732252653,0.12376541751335,0.997443746369105,"NS"
"REACTOME_STABILIZATION_OF_P53","Reactome",31,-1.43549064427749,0.790791732252653,0.12376541751335,0.997443746369105,"NS"
"REACTOME_SEMA4D_IN_SEMAPHORIN_SIGNALING","Reactome",11,1.5100953033757,0.738536767350002,0.124166606261846,0.997443746369105,"NS"
"REACTOME_KINESINS","Reactome",11,1.50742425432539,-1.47891338547758,0.12432537806458,0.54743318804209,"NS"
"REACTOME_DEGRADATION_OF_GLI1_BY_THE_PROTEASOME","Reactome",34,-1.41897642559214,0.839816636962683,0.126633456867877,0.997443746369105,"NS"
"REACTOME_DEFECTIVE_INTRINSIC_PATHWAY_FOR_APOPTOSIS","Reactome",10,1.51784990425936,-0.851194398850543,0.128533241684805,0.997443746369105,"NS"
"REACTOME_UBIQUITIN_DEPENDENT_DEGRADATION_OF_CYCLIN_D","Reactome",32,-1.40950115748265,0.754721414040515,0.135096045681962,0.997443746369105,"NS"
"REACTOME_NEUROTRANSMITTER_RECEPTORS_AND_POSTSYNAPTIC_SIGNAL_TRANSMISSION","Reactome",43,1.38971714346829,-0.939829112170452,0.137153880240322,0.997443746369105,"NS"
"REACTOME_INTRAFLAGELLAR_TRANSPORT","Reactome",12,1.47916840050306,-1.4528812935496,0.138009966134065,0.559091601401236,"NS"
"REACTOME_CA2_PATHWAY","Reactome",12,1.46403363990087,-1.64299450751248,0.147672694056751,0.380031603459747,"NS"
"REACTOME_FORMATION_OF_TUBULIN_FOLDING_INTERMEDIATES_BY_CCT_TRIC","Reactome",17,1.45199328430393,-1.11327115785227,0.147672694056751,0.903460318740277,"NS"
"REACTOME_INTERLEUKIN_1_SIGNALING","Reactome",45,-1.35237864527107,0.649692177047097,0.147672694056751,0.997443746369105,"NS"
"REACTOME_SIGNALING_BY_CSF3_G_CSF","Reactome",13,-1.4635321554804,-0.84154974260544,0.152183917663794,0.997443746369105,"NS"
"REACTOME_ABC_FAMILY_PROTEINS_MEDIATED_TRANSPORT","Reactome",39,-1.35909116552657,0.97952953075623,0.154767012985806,0.983937894226104,"NS"
"REACTOME_RHO_GTPASES_ACTIVATE_CIT","Reactome",12,1.4337540347403,1.19772521072536,0.166184576187813,0.78664102843663,"NS"
"REACTOME_HEDGEHOG_ON_STATE","Reactome",33,-1.34125217532789,0.715554928273862,0.171678164804046,0.997443746369105,"NS"
"REACTOME_RSV_HOST_INTERACTIONS","Reactome",11,-1.43460190550889,-1.11721393814047,0.185127937185237,0.903460318740277,"NS"
"REACTOME_CLEC7A_DECTIN_1_SIGNALING","Reactome",46,-1.30234825556718,-0.779355357844172,0.185148975791434,0.997443746369105,"NS"
"REACTOME_OXIDATIVE_STRESS_INDUCED_SENESCENCE","Reactome",15,-1.40027466384907,0.780099004418757,0.188838559104296,0.997443746369105,"NS"
"REACTOME_INTRA_GOLGI_AND_RETROGRADE_GOLGI_TO_ER_TRAFFIC","Reactome",57,1.32122070344065,0.857848247755155,0.189687179297227,0.997443746369105,"NS"
"REACTOME_PROTEIN_FOLDING","Reactome",38,1.34534173587742,-1.56028145259156,0.193611787768525,0.312087324911263,"NS"
"REACTOME_SIGNALING_BY_PDGF","Reactome",17,1.3901680554331,-0.923198328956858,0.193611787768525,0.997443746369105,"NS"
"REACTOME_NEGATIVE_REGULATION_OF_NOTCH4_SIGNALING","Reactome",35,-1.305332059523,0.938302229671104,0.199567877023856,0.997443746369105,"NS"
"REACTOME_DOWNSTREAM_TCR_SIGNALING","Reactome",41,-1.29168170101003,-0.730484650123817,0.201098572283491,0.997443746369105,"NS"
"REACTOME_GAP_JUNCTION_TRAFFICKING_AND_REGULATION","Reactome",16,1.38141825956076,-1.00697464830551,0.204426901401891,0.977553526119657,"NS"
"REACTOME_PLATELET_HOMEOSTASIS","Reactome",23,1.35481451902031,-1.33166686327901,0.204426901401891,0.625295914259651,"NS"
"REACTOME_NCAM_SIGNALING_FOR_NEURITE_OUT_GROWTH","Reactome",16,1.36940482278749,-0.899109146170512,0.215060074974347,0.997443746369105,"NS"
"REACTOME_HH_MUTANTS_ABROGATE_LIGAND_SECRETION","Reactome",32,-1.29634198489978,0.730216926430385,0.217265375792636,0.997443746369105,"NS"
"REACTOME_AGGREPHAGY","Reactome",22,1.3359880958794,-1.16145142703509,0.225718203272291,0.789170792079208,"NS"
"REACTOME_RECRUITMENT_OF_NUMA_TO_MITOTIC_CENTROSOMES","Reactome",25,1.32680778261868,-1.25702627341036,0.225718203272291,0.69495828971241,"NS"
"REACTOME_SARS_COV_2_MODULATES_HOST_TRANSLATION_MACHINERY","Reactome",35,-1.27014395779237,1.06041135511714,0.225718203272291,0.947241222623813,"NS"
"REACTOME_FCERI_MEDIATED_NF_KB_ACTIVATION","Reactome",46,1.29282408428977,-0.721187874440505,0.227116485001328,0.997443746369105,"NS"
"REACTOME_ABC_TRANSPORTER_DISORDERS","Reactome",33,-1.26134729038895,0.731213308388386,0.241641900085482,0.997443746369105,"NS"
"REACTOME_COPI_INDEPENDENT_GOLGI_TO_ER_RETROGRADE_TRAFFIC","Reactome",28,1.30663137053576,-0.984717706145689,0.241641900085482,0.983937894226104,"NS"
"REACTOME_DEFECTIVE_CFTR_CAUSES_CYSTIC_FIBROSIS","Reactome",33,-1.26134729038895,0.731213308388386,0.241641900085482,0.997443746369105,"NS"
"REACTOME_TRANSCRIPTIONAL_REGULATION_BY_TP53","Reactome",72,-1.21258142896775,1.05132090994465,0.241641900085482,0.947241222623813,"NS"
"REACTOME_INTERLEUKIN_1_FAMILY_SIGNALING","Reactome",49,-1.23690402326543,0.796214547147412,0.242696899527862,0.997443746369105,"NS"
"REACTOME_ION_CHANNEL_TRANSPORT","Reactome",31,-1.262547778885,-0.901229373097474,0.242696899527862,0.997443746369105,"NS"
"REACTOME_CHROMATIN_ORGANIZATION","Reactome",16,-1.31277473917443,0.991878691391756,0.249229188078109,0.983937894226104,"NS"
"REACTOME_COOPERATION_OF_PDCL_PHLP1_AND_TRIC_CCT_IN_G_PROTEIN_BETA_FOLDING","Reactome",16,1.32600003215604,-0.773737924698305,0.249229188078109,0.997443746369105,"NS"
"REACTOME_ADIPOGENESIS","Reactome",11,1.32406155002662,-1.14342572791019,0.253367463158384,0.876963857286588,"NS"
"REACTOME_GASTRULATION","Reactome",31,-1.22385668718951,0.8011558616905,0.285346820225992,0.997443746369105,"NS"
"REACTOME_TCR_SIGNALING","Reactome",45,-1.20097743131375,-0.675243445933594,0.285346820225992,0.997443746369105,"NS"
"REACTOME_UCH_PROTEINASES","Reactome",39,-1.20905551024737,0.830885407687704,0.285346820225992,0.997443746369105,"NS"
"REACTOME_CHAPERONE_MEDIATED_AUTOPHAGY","Reactome",11,1.289091690672,-0.82175349529237,0.286536238876982,0.997443746369105,"NS"
"REACTOME_N_GLYCAN_TRIMMING_IN_THE_ER_AND_CALNEXIN_CALRETICULIN_CYCLE","Reactome",14,1.28976180607702,-1.02735141851617,0.289121029861771,0.965837028857003,"NS"
"REACTOME_HEDGEHOG_LIGAND_BIOGENESIS","Reactome",33,-1.19989757494701,0.667433100882456,0.303115176822973,0.997443746369105,"NS"
"REACTOME_APOPTOTIC_EXECUTION_PHASE","Reactome",21,1.24899398178015,0.95630398921151,0.304712562391743,0.989973923528433,"NS"
"REACTOME_GLYCOGEN_BREAKDOWN_GLYCOGENOLYSIS","Reactome",12,-1.2522821386468,1.18018774141759,0.313421920431175,0.83011245120317,"NS"
"REACTOME_INTERFERON_ALPHA_BETA_SIGNALING","Reactome",12,1.25273651057115,0.712180572974627,0.318427298582605,0.997443746369105,"NS"
"REACTOME_VEGFR2_MEDIATED_VASCULAR_PERMEABILITY","Reactome",10,1.25998238698846,0.888426298359359,0.320692961285417,0.997443746369105,"NS"
"REACTOME_G2_M_DNA_DAMAGE_CHECKPOINT","Reactome",13,1.25121637580892,-1.05272251785972,0.322139263540998,0.947672654690619,"NS"
"REACTOME_GLYCOGEN_METABOLISM","Reactome",17,-1.22303507439063,1.1882557255894,0.322139263540998,0.78664102843663,"NS"
"REACTOME_MITOPHAGY","Reactome",19,-1.21779476696811,1.00772007019727,0.322994026477236,0.983937894226104,"NS"
"REACTOME_RAB_GEFS_EXCHANGE_GTP_FOR_GDP_ON_RABS","Reactome",20,1.22274902740965,-1.41276186608182,0.337990795535761,0.54743318804209,"NS"
"REACTOME_CARGO_RECOGNITION_FOR_CLATHRIN_MEDIATED_ENDOCYTOSIS","Reactome",32,1.20009642007384,-0.434371216103799,0.3423402451144,1,"NS"
"REACTOME_SLC_MEDIATED_TRANSMEMBRANE_TRANSPORT","Reactome",17,1.21726195333852,1.00921822871626,0.343914689675569,0.981929452476534,"NS"
"REACTOME_ACTIVATION_OF_AMPK_DOWNSTREAM_OF_NMDARS","Reactome",15,1.21293717560613,-1.20224748387343,0.352583920221592,0.772020104870283,"NS"
"REACTOME_GLUCOSE_METABOLISM","Reactome",33,-1.15577635728166,1.0315947019484,0.352583920221592,0.965837028857003,"NS"
"REACTOME_RUNX1_REGULATES_TRANSCRIPTION_OF_GENES_INVOLVED_IN_DIFFERENTIATION_OF_HSCS","Reactome",35,-1.15411318064965,0.595888298811604,0.36029737389841,0.999083832210859,"NS"
"REACTOME_TRAFFICKING_OF_AMPA_RECEPTORS","Reactome",10,-1.1758723032244,1.54949709384962,0.389744509307778,0.448168401246546,"NS"
"REACTOME_ENERGY_DEPENDENT_REGULATION_OF_MTOR_BY_LKB1_AMPK","Reactome",12,-1.17198208347311,0.66149092246431,0.39321444498367,0.997443746369105,"NS"
"REACTOME_RHOU_GTPASE_CYCLE","Reactome",14,1.17249444384657,1.49679633137419,0.396058384773663,0.501760521281683,"NS"
"REACTOME_CYTOPROTECTION_BY_HMOX1","Reactome",20,1.16679982791699,1.33810652103075,0.397042354724756,0.635873647006848,"NS"
"REACTOME_ANCHORING_OF_THE_BASAL_BODY_TO_THE_PLASMA_MEMBRANE","Reactome",21,1.16286268430194,-1.17237858448064,0.398942420681551,0.784939871205281,"NS"
"REACTOME_HCMV_EARLY_EVENTS","Reactome",22,1.16124836647202,-1.2191335891529,0.401548126221168,0.746948843728101,"NS"
"REACTOME_REGULATED_NECROSIS","Reactome",18,1.14239874791207,-0.800395958922839,0.43322062752478,0.997443746369105,"NS"
"REACTOME_ANTIGEN_PRESENTATION_FOLDING_ASSEMBLY_AND_PEPTIDE_LOADING_OF_CLASS_I_MHC","Reactome",16,1.14247801828286,0.759052146467434,0.437975274151349,0.997443746369105,"NS"
"REACTOME_HCMV_LATE_EVENTS","Reactome",15,-1.11656157275289,-0.650254842763806,0.446752960333766,0.997443746369105,"NS"
"REACTOME_ASSEMBLY_AND_CELL_SURFACE_PRESENTATION_OF_NMDA_RECEPTORS","Reactome",14,1.11005299621116,-1.02278094411978,0.468426641266147,0.966396155058305,"NS"
"REACTOME_TRANSCRIPTIONAL_REGULATION_BY_RUNX3","Reactome",34,-1.08291295738696,0.651221328924887,0.468426641266147,0.997443746369105,"NS"
"REACTOME_CO_STIMULATION_BY_CD28","Reactome",12,-1.09974123548663,1.37758733767862,0.475519890089302,0.610487503710811,"NS"
"REACTOME_COOPERATION_OF_PREFOLDIN_AND_TRIC_CCT_IN_ACTIN_AND_TUBULIN_FOLDING","Reactome",24,1.08705719029665,-1.56901363291986,0.498248602743958,0.380031603459747,"NS"
"REACTOME_ANTIGEN_PROCESSING_CROSS_PRESENTATION","Reactome",51,1.08208404681353,-0.744541745676451,0.501251528460444,0.997443746369105,"NS"
"REACTOME_METABOLISM_OF_STEROIDS","Reactome",33,1.05500285217329,-0.841084101936343,0.548485369322782,0.997443746369105,"NS"
"REACTOME_SARS_COV_1_MODULATES_HOST_TRANSLATION_MACHINERY","Reactome",32,-1.03364967733654,0.910778524714221,0.548503882266481,0.997443746369105,"NS"
"REACTOME_DISORDERS_OF_TRANSMEMBRANE_TRANSPORTERS","Reactome",40,-1.03135598008176,0.972387269192796,0.550688723499478,0.983937894226104,"NS"
"REACTOME_MITOCHONDRIAL_UNFOLDED_PROTEIN_RESPONSE_UPRMT","Reactome",10,1.05527943814163,1.11847705037269,0.557931603975056,0.912742026151778,"NS"
"REACTOME_IRE1ALPHA_ACTIVATES_CHAPERONES","Reactome",17,1.0437691710231,0.849567474940507,0.563279122747638,0.997443746369105,"NS"
"REACTOME_FATTY_ACYL_COA_BIOSYNTHESIS","Reactome",11,-1.03439570271601,-1.01317492067814,0.564698596201486,0.971983795212809,"NS"
"REACTOME_MTORC1_MEDIATED_SIGNALLING","Reactome",13,1.04664618935028,-1.16296744343172,0.564698596201486,0.842327001625887,"NS"
"REACTOME_PINK1_PRKN_MEDIATED_MITOPHAGY","Reactome",16,-1.01920106099531,0.968516907386986,0.572921920312697,0.983937894226104,"NS"
"REACTOME_HSP90_CHAPERONE_CYCLE_FOR_STEROID_HORMONE_RECEPTORS_SHR_IN_THE_PRESENCE_OF_LIGAND","Reactome",36,1.02879228111456,1.09278249608783,0.578737640176972,0.906246514011076,"NS"
"REACTOME_NEGATIVE_REGULATION_OF_THE_PI3K_AKT_NETWORK","Reactome",15,-1.00770570257315,1.4547863705772,0.585301770904209,0.54743318804209,"NS"
"REACTOME_TRANSCRIPTIONAL_REGULATION_BY_MECP2","Reactome",11,-0.998964095529347,0.983693960243192,0.606693922382231,0.983937894226104,"NS"
"REACTOME_METABOLISM_OF_COFACTORS","Reactome",12,-0.995184780395048,-0.868454526435768,0.608009376347595,0.997443746369105,"NS"
"REACTOME_ARACHIDONATE_METABOLISM","Reactome",15,1.0032390146906,-1.33974496329803,0.612586367143659,0.654673082750765,"NS"
"REACTOME_REGULATION_OF_CHOLESTEROL_BIOSYNTHESIS_BY_SREBP_SREBF","Reactome",15,-0.984285263991969,0.8186428419526,0.615308298310597,0.997443746369105,"NS"
"REACTOME_P75_NTR_RECEPTOR_MEDIATED_SIGNALLING","Reactome",11,1.00003297117727,-1.33426890939887,0.619315352212192,0.67337429869089,"NS"
"REACTOME_UNFOLDED_PROTEIN_RESPONSE_UPR","Reactome",23,0.992111689751406,1.05508649704957,0.63001039192399,0.94727875768389,"NS"
"REACTOME_PROCESSING_OF_DNA_DOUBLE_STRAND_BREAK_ENDS","Reactome",10,0.987831103188544,-1.19905796092819,0.633182625908181,0.78664102843663,"NS"
"REACTOME_TRANSPORT_OF_MATURE_TRANSCRIPT_TO_CYTOPLASM","Reactome",14,0.964689557630725,-0.855133482682778,0.659432383751042,0.997443746369105,"NS"
"REACTOME_ACTIVATION_OF_NMDA_RECEPTORS_AND_POSTSYNAPTIC_EVENTS","Reactome",29,-0.961653409090276,-0.994659825638339,0.661832496935536,0.983937894226104,"NS"
"REACTOME_GLUTATHIONE_CONJUGATION","Reactome",20,0.956570379964531,-1.82699785876072,0.679988996654628,0.157907778268762,"NS"
"REACTOME_M_DECAY_DEGRADATION_OF_MATERNAL_MRNAS_BY_MATERNALLY_STORED_FACTORS","Reactome",11,-0.923319867999773,-0.926475611097257,0.693138835219247,0.997443746369105,"NS"
"REACTOME_AURKA_ACTIVATION_BY_TPX2","Reactome",19,0.941938271836192,-1.19890339578226,0.694607717148477,0.767132608293325,"NS"
"REACTOME_RECRUITMENT_OF_MITOTIC_CENTROSOME_PROTEINS_AND_COMPLEXES","Reactome",19,0.941938271836192,-1.19890339578226,0.694607717148477,0.767132608293325,"NS"
"REACTOME_DDX58_IFIH1_MEDIATED_INDUCTION_OF_INTERFERON_ALPHA_BETA","Reactome",16,-0.928222846791364,-0.952921068254968,0.6953354259435,0.983937894226104,"NS"
"REACTOME_PKR_MEDIATED_SIGNALING","Reactome",35,-0.945348069200212,0.874143909880555,0.697383034374589,0.997443746369105,"NS"
"REACTOME_CARGO_CONCENTRATION_IN_THE_ER","Reactome",15,0.928170852994046,1.06983685102496,0.706921396582209,0.94727875768389,"NS"
"REACTOME_AMINO_ACIDS_REGULATE_MTORC1","Reactome",13,0.918401235160964,-0.793191110944775,0.718713203810747,0.997443746369105,"NS"
"REACTOME_SARS_COV_1_ACTIVATES_MODULATES_INNATE_IMMUNE_RESPONSES","Reactome",12,0.915134457209266,-0.655551169102006,0.718742084984828,0.997443746369105,"NS"
"REACTOME_LATE_ENDOSOMAL_MICROAUTOPHAGY","Reactome",14,0.912561374999176,-1.10663451489222,0.720240271632749,0.906246514011076,"NS"
"REACTOME_BETA_CATENIN_INDEPENDENT_WNT_SIGNALING","Reactome",53,0.928424090241796,-0.900746844361118,0.731301570401916,0.997443746369105,"NS"
"REACTOME_ENDOSOMAL_SORTING_COMPLEX_REQUIRED_FOR_TRANSPORT_ESCRT","Reactome",17,-0.892031939210361,-0.499950083102982,0.748527644144571,0.999083832210859,"NS"
"REACTOME_COPII_MEDIATED_VESICLE_TRANSPORT","Reactome",27,0.894826807562504,0.915885827544805,0.757072187233689,0.997443746369105,"NS"
"REACTOME_PHASE_I_FUNCTIONALIZATION_OF_COMPOUNDS","Reactome",26,0.891399901908442,-1.40259084038986,0.761941680806889,0.54743318804209,"NS"
"REACTOME_REGULATION_OF_LIPID_METABOLISM_BY_PPARALPHA","Reactome",12,-0.870052353146994,-1.23529129109946,0.761941680806889,0.767132608293325,"NS"
"REACTOME_ASSOCIATION_OF_TRIC_CCT_WITH_TARGET_PROTEINS_DURING_BIOSYNTHESIS","Reactome",10,0.862445009048126,1.15926551655866,0.771038845060105,0.885223356886767,"NS"
"REACTOME_REGULATION_OF_PLK1_ACTIVITY_AT_G2_M_TRANSITION","Reactome",26,0.877157418879873,-1.02170684659545,0.77756814288015,0.965837028857003,"NS"
"REACTOME_RESPIRATORY_SYNCYTIAL_VIRUS_RSV_GENOME_REPLICATION_TRANSCRIPTION_AND_TRANSLATION","Reactome",11,0.86032619054345,1.47136491245493,0.77756814288015,0.54743318804209,"NS"
"REACTOME_HOMOLOGY_DIRECTED_REPAIR","Reactome",12,0.852497725180998,-1.25169587518925,0.788152787438019,0.746948843728101,"NS"
"REACTOME_REGULATION_OF_MRNA_STABILITY_BY_PROTEINS_THAT_BIND_AU_RICH_ELEMENTS","Reactome",49,-0.895103587896886,0.800556296550038,0.788934259856246,0.997443746369105,"NS"
"REACTOME_MATURATION_OF_SARS_COV_2_SPIKE_PROTEIN","Reactome",12,0.847911856027196,1.32320429598573,0.792004682115308,0.672609683621744,"NS"
"REACTOME_SARS_COV_1_HOST_INTERACTIONS","Reactome",53,0.87051413988692,0.816402108145222,0.802329539057655,0.997443746369105,"NS"
"REACTOME_TRANSCRIPTIONAL_ACTIVATION_OF_MITOCHONDRIAL_BIOGENESIS","Reactome",12,-0.826658864666495,0.696071669047264,0.815118251862435,0.997443746369105,"NS"
"REACTOME_SIGNALING_BY_TGFB_FAMILY_MEMBERS","Reactome",27,0.83704197319974,1.19475948304552,0.828248907976946,0.772020104870283,"NS"
"REACTOME_CHROMOSOME_MAINTENANCE","Reactome",11,-0.80362100491698,-0.569350329711521,0.83254750442755,0.997443746369105,"NS"
"REACTOME_ENOS_ACTIVATION","Reactome",10,0.80334623022937,0.781259837645801,0.83254750442755,0.997443746369105,"NS"
"REACTOME_TGF_BETA_RECEPTOR_SIGNALING_ACTIVATES_SMADS","Reactome",14,0.811756443678911,0.905575379908692,0.83254750442755,0.997443746369105,"NS"
"REACTOME_METABOLISM_OF_NITRIC_OXIDE_NOS3_ACTIVATION_AND_REGULATION","Reactome",11,0.788173538308146,0.967434425643298,0.849443308074938,0.983937894226104,"NS"
"REACTOME_MITOTIC_PROMETAPHASE","Reactome",46,-0.846606143870181,-1.06200074752354,0.855225184675263,0.923247704429456,"NS"
"REACTOME_TOLL_LIKE_RECEPTOR_CASCADES","Reactome",40,-0.835350354623006,0.930552323789052,0.869940131666523,0.997443746369105,"NS"
"REACTOME_MAPK6_MAPK4_SIGNALING","Reactome",41,-0.832082489405006,0.818450472751851,0.875254056434403,0.997443746369105,"NS"
"REACTOME_TRANSCRIPTIONAL_ACTIVITY_OF_SMAD2_SMAD3_SMAD4_HETEROTRIMER","Reactome",11,-0.764736117582288,1.41251539330037,0.88222174762021,0.583230904302019,"NS"
"REACTOME_ANTIGEN_PROCESSING_UB_ATP_INDEPENDENT_PROTEASOMAL_DEGRADATION","Reactome",16,0.75208017987489,-1.17678343063532,0.904119649176887,0.78664102843663,"NS"
"REACTOME_PROTEASOME_ASSEMBLY","Reactome",37,-0.784113202302592,0.685753780788787,0.930838519116102,0.997443746369105,"NS"
"REACTOME_MRNA_SPLICING_MINOR_PATHWAY","Reactome",11,-0.706997951539865,1.05881900537249,0.950456026401467,0.957356840758881,"NS"
"REACTOME_APOPTOSIS","Reactome",76,-0.815425591442932,0.899129349125537,0.95438994430254,0.997443746369105,"NS"
"REACTOME_G2_M_CHECKPOINTS","Reactome",44,-0.76889298380406,0.641041635517755,0.968549416943912,0.997443746369105,"NS"
"REACTOME_SIGNALING_BY_WNT","Reactome",77,0.756246527411411,0.74905561587624,0.968549416943912,0.997443746369105,"NS"
"REACTOME_SELECTIVE_AUTOPHAGY","Reactome",44,0.725449760001146,0.837251053094322,0.971785820134525,0.997443746369105,"NS"
"REACTOME_DEADENYLATION_DEPENDENT_MRNA_DECAY","Reactome",14,-0.683418780656035,-1.00184418038817,0.97793141059411,0.981929452476534,"NS"
"REACTOME_REGULATION_OF_T_CELL_ACTIVATION_BY_CD28_FAMILY","Reactome",16,-0.683510900565242,1.01716849740993,0.980889968719583,0.980276647277818,"NS"
"REACTOME_SARS_COV_2_ACTIVATES_MODULATES_INNATE_AND_ADAPTIVE_IMMUNE_RESPONSES","Reactome",24,0.676569304701698,0.732758864411661,0.981485315331448,0.997443746369105,"NS"
"REACTOME_REPRODUCTION","Reactome",10,-0.648763990018924,0.553554326209679,0.981942455234368,0.997443746369105,"NS"
"REACTOME_TRANSLATION_OF_SARS_COV_2_STRUCTURAL_PROTEINS","Reactome",17,-0.65763394978293,0.913592124921059,0.983317369093231,0.997443746369105,"NS"
"REACTOME_DEATH_RECEPTOR_SIGNALING","Reactome",19,-0.647814064542154,-1.10720838910396,0.993814272302512,0.903460318740277,"NS"
"REACTOME_SIGNALING_BY_TGF_BETA_RECEPTOR_COMPLEX","Reactome",25,0.645552337099141,1.19984258744285,0.993814272302512,0.769168466522678,"NS"
"REACTOME_AUTOPHAGY","Reactome",64,0.68856942560006,0.843306380764789,0.995041259747142,0.997443746369105,"NS"
"REACTOME_PROTEIN_HYDROXYLATION","Reactome",10,-0.59495650110438,0.767859158944804,0.997908188762761,0.997443746369105,"NS"
"REACTOME_DNA_DOUBLE_STRAND_BREAK_REPAIR","Reactome",18,0.522861549224285,-0.649263618172705,0.998205651855524,0.997443746369105,"NS"
"REACTOME_E3_UBIQUITIN_LIGASES_UBIQUITINATE_TARGET_PROTEINS","Reactome",13,0.515306758393812,-1.25628608180129,0.998205651855524,0.744431137724551,"NS"
"REACTOME_GLUCONEOGENESIS","Reactome",15,0.527101283148973,-1.1926261498053,0.998205651855524,0.784939871205281,"NS"
"REACTOME_MITOTIC_G2_G2_M_PHASES","Reactome",70,-0.660262228880694,0.711135083579512,0.998205651855524,0.997443746369105,"NS"
"REACTOME_MTOR_SIGNALLING","Reactome",22,-0.564998704800588,-0.7616780337592,0.998205651855524,0.997443746369105,"NS"
"REACTOME_PCP_CE_PATHWAY","Reactome",41,-0.568197334708236,0.793031480198152,0.998205651855524,0.997443746369105,"NS"
"REACTOME_PROGRAMMED_CELL_DEATH","Reactome",89,0.625711751124519,0.852872149384178,0.998205651855524,0.997443746369105,"NS"
"REACTOME_SARS_COV_2_HOST_INTERACTIONS","Reactome",68,-0.703698293994134,1.0850102090995,0.998205651855524,0.903460318740277,"NS"
"REACTOME_SIGNAL_TRANSDUCTION_BY_L1","Reactome",10,0.531650836821759,-0.757190570344917,0.998205651855524,0.997443746369105,"NS"
"REACTOME_SUMOYLATION","Reactome",18,0.524078992327849,0.663947153056562,0.998205651855524,0.997443746369105,"NS"
"REACTOME_THE_ROLE_OF_GTSE1_IN_G2_M_PROGRESSION_AFTER_G2_CHECKPOINT","Reactome",43,-0.658003182442327,-0.773844282422809,0.998205651855524,0.997443746369105,"NS"
"REACTOME_TP53_REGULATES_METABOLIC_GENES","Reactome",42,0.508198793942002,1.11102132734278,0.998205651855524,0.889524750903818,"NS"
"WP_NETWORK_MAP_OF_SARSCOV2_SIGNALING","WikiPathways",58,2.1994391650199,-0.707154436593227,1.89792156948938e-05,0.994126792192088,"CR vs H only"
"WP_FOLATE_METABOLISM","WikiPathways",19,2.18867528299117,-2.21914741560395,0.000181104412182045,0.00168413687495385,"Both"
"WP_PROSTAGLANDIN_SYNTHESIS_AND_REGULATION","WikiPathways",15,2.11472390667065,-0.710030264634445,0.000638231177727342,0.994126792192088,"CR vs H only"
"WP_LEUCINE_ISOLEUCINE_AND_VALINE_METABOLISM","WikiPathways",21,-2.23093548259543,-0.864877514132201,0.000734033699847274,0.967878633782524,"CR vs H only"
"WP_AFFECTED_PATHWAYS_IN_DUCHENNE_MUSCULAR_DYSTROPHY","WikiPathways",25,-2.14829739433876,-0.956916640652016,0.00152108524920271,0.942865779927449,"CR vs H only"
"WP_SLC25A46_PATHWAY","WikiPathways",10,-2.13363188794293,1.52306398689289,0.00262593136964366,0.316057624736472,"CR vs H only"
"WP_SELENIUM_MICRONUTRIENT_NETWORK","WikiPathways",27,1.904400217537,-1.81173719246827,0.00796711740575262,0.105371403566349,"CR vs H only"
"WP_16P122_COPY_NUMBER_VARIATION_SYNDROME_520KB","WikiPathways",30,-1.95613925420229,1.68607266602413,0.0103106138349426,0.105371403566349,"CR vs H only"
"WP_TRANSLATION_FACTORS","WikiPathways",38,-1.79286655742545,-0.930884160894458,0.0169426056780981,0.967838860886108,"CR vs H only"
"WP_GLUTATHIONE_METABOLISM","WikiPathways",13,1.79428269535184,-1.76891714731338,0.0309935881168688,0.106666666666667,"CR vs H only"
"WP_OXIDATIVE_STRESS_RESPONSE","WikiPathways",14,1.71527986337388,-1.79879962976766,0.0582182136766845,0.105371403566349,"NS"
"WP_G_PROTEIN_SIGNALING","WikiPathways",24,1.67548432120973,-1.83149952858546,0.0656697750429288,0.0683370607383517,"NS"
"WP_CARDIOMYOCYTE_SIGNALING_CONVERGING_ON_TITIN","WikiPathways",13,-1.72451501594304,1.5560231313091,0.0734872061904358,0.2992071699414,"NS"
"WP_NEPHROTIC_SYNDROME","WikiPathways",12,1.67706027883957,0.557006436974245,0.0734872061904358,0.994126792192088,"NS"
"WP_NRF2_PATHWAY","WikiPathways",34,1.61139167787528,-1.09560056991813,0.0734872061904358,0.820587778518769,"NS"
"WP_MITOCHONDRIAL_FATTY_ACID_OXIDATION_DISORDERS","WikiPathways",16,-1.6456780527477,-1.1291302159876,0.108291298865069,0.820587778518769,"NS"
"WP_INTERLEUKIN1_IL1_STRUCTURAL_PATHWAY","WikiPathways",13,-1.65750103202285,1.28218917103531,0.115554575739761,0.708654126442497,"NS"
"WP_ENERGY_METABOLISM","WikiPathways",14,-1.61415113459482,-0.629718993207738,0.12603678849032,0.994126792192088,"NS"
"WP_TCA_CYCLE_AND_DEFICIENCY_OF_PYRUVATE_DEHYDROGENASE_COMPLEX_PDHC","WikiPathways",15,-1.60075597354987,-1.17028145966227,0.12969542655772,0.820587778518769,"NS"
"WP_KREBS_CYCLE_DISORDERS","WikiPathways",11,-1.5971264304854,1.26932615869006,0.135558399275722,0.708654126442497,"NS"
"WP_MECHANOREGULATION_AND_PATHOLOGY_OF_YAPTAZ_VIA_HIPPO_AND_NONHIPPO_MECHANISMS","WikiPathways",10,1.54284269329096,0.635915829673632,0.154050677515456,0.994126792192088,"NS"
"WP_MIRTARGETED_GENES_IN_SQUAMOUS_CELL","WikiPathways",47,1.44601108243381,1.19986123839569,0.154050677515456,0.721175365076706,"NS"
"WP_G13_SIGNALING","WikiPathways",15,1.49509530453265,1.17695861630904,0.184348226093957,0.820587778518769,"NS"
"WP_MITOCHONDRIAL_LONG_CHAIN_FATTY_ACID_BETAOXIDATION","WikiPathways",15,-1.51074205839499,-1.2077867205787,0.184348226093957,0.762418317468485,"NS"
"WP_MAPK_SIGNALING_AND_ARTD_FAMILY_MEMBERS","WikiPathways",12,-1.53273273512346,1.03600710874367,0.188854334061682,0.935215096391274,"NS"
"WP_OXIDATIVE_DAMAGE_RESPONSE","WikiPathways",11,1.47235548984876,1.02129871693983,0.221642782849879,0.935215096391274,"NS"
"WP_COMMON_PATHWAYS_UNDERLYING_DRUG_ADDICTION","WikiPathways",17,1.45727011618376,0.902470455654898,0.224155041493448,0.967878633782524,"NS"
"WP_MIRTARGETED_GENES_IN_MUSCLE_CELL","WikiPathways",103,1.31612700263049,0.910207721136065,0.230199595670773,0.967878633782524,"NS"
"WP_CCL18_SIGNALING","WikiPathways",10,1.42994196761252,1.06861167415775,0.259245283018868,0.933672090383264,"NS"
"WP_CELL_LINEAGE_MAP_FOR_NEURONAL_DIFFERENTIATION","WikiPathways",14,1.41457835508984,-1.04321013309552,0.259954930623544,0.935215096391274,"NS"
"WP_TRANSLATION_INHIBITORS_IN_CHRONICALLY_ACTIVATED_PDGFRA_CELLS","WikiPathways",21,-1.38548667514966,1.06373286512724,0.273514481934906,0.922626870104318,"NS"
"WP_13Q1212_COPY_NUMBER_VARIATION","WikiPathways",17,-1.38865863002533,-1.23093057530747,0.282879563581318,0.721175365076706,"NS"
"WP_UREA_CYCLE_AND_ASSOCIATED_PATHWAYS","WikiPathways",12,-1.41560987086285,0.926568727373413,0.285158203335654,0.94986549640522,"NS"
"WP_GLYCOLYSIS_AND_GLUCONEOGENESIS","WikiPathways",31,-1.31167997804587,1.21484325654883,0.291881147540984,0.714905562641684,"NS"
"WP_GLYCOGEN_SYNTHESIS_AND_DEGRADATION","WikiPathways",26,-1.31967683338858,1.26297536969387,0.298476302524886,0.695704929334712,"NS"
"WP_CORI_CYCLE","WikiPathways",12,1.37683774501803,-0.980434685440171,0.312576356306882,0.942865779927449,"NS"
"WP_IL1_SIGNALING","WikiPathways",18,-1.34825773181879,1.2658487640215,0.315484652774957,0.708654126442497,"NS"
"WP_NOVEL_INTRACELLULAR_COMPONENTS_OF_RIGILIKE_RECEPTOR_PATHWAY","WikiPathways",11,-1.35778158539764,-0.939841319239035,0.316169631438205,0.942865779927449,"NS"
"WP_OMEGA6FATTY_ACIDS_IN_SENESCENCE","WikiPathways",15,1.35276001662778,-1.22712836963637,0.316169631438205,0.733505190552498,"NS"
"WP_LEUKOCYTEINTRINSIC_HIPPO_PATHWAY_FUNCTIONS","WikiPathways",10,1.34062956832568,-0.702159363441135,0.32787575589132,0.989907192575406,"NS"
"WP_PLEURAL_MESOTHELIOMA","WikiPathways",65,1.25082633327744,0.861454374872782,0.32787575589132,0.967878633782524,"NS"
"WP_PHYSICOCHEMICAL_FEATURES_AND_TOXICITYASSOCIATED_PATHWAYS","WikiPathways",20,1.28118679215957,1.11413376156445,0.352334434959302,0.820587778518769,"NS"
"WP_MODULATORS_OF_TCR_SIGNALING_AND_T_CELL_ACTIVATION","WikiPathways",12,-1.27871104091627,0.708434707084853,0.366368170729059,0.989907192575406,"NS"
"WP_OPIOID_RECEPTOR_PATHWAYS","WikiPathways",11,1.27073799894771,-0.937466815370413,0.385824849675537,0.942865779927449,"NS"
"WP_BEMPEDOIC_ACID_THERAPY_IN_ATHEROSCLEROSIS_AND_METABOLIC_SYNDROME","WikiPathways",12,-1.24225920338954,0.938077294822316,0.392384889522452,0.942865779927449,"NS"
"WP_SMITHMAGENIS_AND_POTOCKILUPSKI_SYNDROME_COPY_NUMBER_VARIATION","WikiPathways",31,-1.19296568893918,-0.688048257719081,0.392384889522452,0.994126792192088,"NS"
"WP_ANDROGEN_RECEPTOR_SIGNALING","WikiPathways",20,1.20387092299321,-1.39237376832882,0.439282047587312,0.482157018239492,"NS"
"WP_PURINE_METABOLISM_AND_RELATED_DISORDERS","WikiPathways",13,1.21638401386073,-0.625340528025647,0.440060114822492,0.994126792192088,"NS"
"WP_SYNAPTIC_VESICLE_PATHWAY","WikiPathways",14,1.21236074966872,0.944867823573903,0.440060114822492,0.942865779927449,"NS"
"WP_NANOPARTICLEMEDIATED_ACTIVATION_OF_RECEPTOR_SIGNALING","WikiPathways",14,1.15928065929566,0.916502218000723,0.501893459700151,0.966033380521717,"NS"
"WP_TAR_SYNDROME","WikiPathways",15,1.14066384495601,-0.744444722191309,0.51738684585692,0.989907192575406,"NS"
"WP_CARDIAC_HYPERTROPHIC_RESPONSE","WikiPathways",16,-1.10410847183157,1.48073629196694,0.532062335559603,0.377848075921996,"NS"
"WP_CELL_CYCLE","WikiPathways",12,1.12101112685749,0.456411311500353,0.551177660827489,0.994126792192088,"NS"
"WP_THERMOGENESIS","WikiPathways",25,-1.08477348916531,-1.27687272377785,0.551177660827489,0.671747106971493,"NS"
"WP_4HYDROXYTAMOXIFEN_DEXAMETHASONE_AND_RETINOIC_ACIDS_REGULATION_OF_P27_EXPRESSION","WikiPathways",10,-1.09038570271851,0.890502096176219,0.563686583533044,0.967878633782524,"NS"
"WP_SUDDEN_INFANT_DEATH_SYNDROME_SIDS_SUSCEPTIBILITY_PATHWAYS","WikiPathways",30,1.08340690018265,-1.10238411888701,0.564558505053655,0.820587778518769,"NS"
"WP_MACROPHAGESTIMULATING_PROTEIN_MSP_SIGNALING","WikiPathways",27,1.06496020508497,0.8019214958432,0.587925857245431,0.977343116944848,"NS"
"WP_REGULATORY_CIRCUITS_OF_STAT3_SIGNALING","WikiPathways",10,-1.06303142965879,0.716365956716297,0.587925857245431,0.989907192575406,"NS"
"WP_SEROTONIN_HTR1_GROUP_AND_FOS_PATHWAY","WikiPathways",16,1.07486576485422,-0.598036705962797,0.587925857245431,0.994126792192088,"NS"
"WP_17Q12_COPY_NUMBER_VARIATION_SYNDROME","WikiPathways",11,-1.04836687246669,1.02455217565017,0.6002383993727,0.935215096391274,"NS"
"WP_17P133_YWHAE_COPY_NUMBER_VARIATION","WikiPathways",13,1.0530997429462,0.885152000693149,0.61191213025595,0.967878633782524,"NS"
"WP_EXERCISEINDUCED_CIRCADIAN_REGULATION","WikiPathways",13,-1.03430861414046,-0.953354395316016,0.61191213025595,0.942865779927449,"NS"
"WP_HIPPOMERLIN_SIGNALING_DYSREGULATION","WikiPathways",20,1.0238423903374,-1.1174350152552,0.638299362414979,0.820587778518769,"NS"
"WP_STRIATED_MUSCLE_CONTRACTION_PATHWAY","WikiPathways",32,1.02706249387675,2.19563180396849,0.638299362414979,0.000453131839702729,"Tr.(CR) only"
"WP_ECTODERM_DIFFERENTIATION","WikiPathways",12,1.01567580451689,0.812069856469455,0.657211826081136,0.967878633782524,"NS"
"WP_WNT_SIGNALING","WikiPathways",16,-0.995460361198573,0.991582457239396,0.658362047962131,0.942865779927449,"NS"
"WP_ARSENIC_METABOLISM_AND_REACTIVE_OXYGEN_SPECIES_GENERATION","WikiPathways",10,1.00746554482669,-0.99326806362252,0.663753514428536,0.935215096391274,"NS"
"WP_WNT_SIGNALING_AND_PLURIPOTENCY","WikiPathways",15,-0.960511897274819,1.16200723887885,0.711022821952846,0.820587778518769,"NS"
"WP_AGERAGE_PATHWAY","WikiPathways",21,0.952152092226717,-1.01521029813753,0.722388501858701,0.935215096391274,"NS"
"WP_NEURODEGENERATION_WITH_BRAIN_IRON_ACCUMULATION_NBIA_SUBTYPES_PATHWAY","WikiPathways",11,0.940881933187994,1.27726452080111,0.745319194262314,0.708654126442497,"NS"
"WP_ENDOTHELIN_PATHWAYS","WikiPathways",10,0.924021625180621,1.15118169835905,0.757350333380621,0.820587778518769,"NS"
"WP_FATTY_ACID_BIOSYNTHESIS","WikiPathways",18,-0.916744044372983,-1.26898524398398,0.772921440398736,0.708654126442497,"NS"
"WP_5Q35_COPY_NUMBER_VARIATION","WikiPathways",28,0.922106221345654,1.83053268032011,0.77320612967943,0.0382449464012767,"Tr.(CR) only"
"WP_PHYSIOLOGICAL_AND_PATHOLOGICAL_HYPERTROPHY_OF_THE_HEART","WikiPathways",11,0.899599567981433,1.08238964239008,0.783427211919552,0.915658776729751,"NS"
"WP_OVERLAP_BETWEEN_SIGNAL_TRANSDUCTION_PATHWAYS_CONTRIBUTING_TO_LMNA_LAMINOPATHIES","WikiPathways",10,0.884696802033264,-0.708331505085879,0.793869031483561,0.989907192575406,"NS"
"WP_SELENIUM_METABOLISM_AND_SELENOPROTEINS","WikiPathways",14,0.861954262534468,-0.925371807904088,0.815438136982396,0.94986549640522,"NS"
"WP_THYMIC_STROMAL_LYMPHOPOIETIN_TSLP_SIGNALING","WikiPathways",14,-0.824520239259625,0.863068139893578,0.854227666057974,0.967878633782524,"NS"
"WP_GNAQ_PATHWAYS_IN_PORTWINE_STAIN","WikiPathways",12,0.811004620875968,0.712421211155138,0.859754637006488,0.989907192575406,"NS"
"WP_P53_TRANSCRIPTIONAL_GENE_NETWORK","WikiPathways",14,0.806853836564842,-0.667727915915632,0.861040309240066,0.994126792192088,"NS"
"WP_VASOPRESSINREGULATED_WATER_REABSORPTION","WikiPathways",19,0.824316758398455,-1.16693014850209,0.861040309240066,0.820587778518769,"NS"
"WP_NAD_METABOLISM_IN_ONCOGENEINDUCED_SENESCENCE_AND_MITOCHONDRIAL_DYSFUNCTIONASSOCIATED_SENESCENCE","WikiPathways",14,0.796951566143116,0.992937785986625,0.874412715897222,0.942865779927449,"NS"
"WP_RANKLRANK_SIGNALING","WikiPathways",13,-0.798210947330214,1.42832926668484,0.879701278659612,0.476496307988171,"NS"
"WP_INTERFERON_TYPE_I_SIGNALING","WikiPathways",17,-0.799535972681388,-0.838078827910699,0.89443961082903,0.967878633782524,"NS"
"WP_CHOLESTEROL_METABOLISM_WITH_BLOCH_AND_KANDUTSCHRUSSELL_PATHWAYS","WikiPathways",13,-0.766569630051449,-1.63650992068617,0.910080480288812,0.214930536785772,"NS"
"WP_TNFRELATED_WEAK_INDUCER_OF_APOPTOSIS_TWEAK_SIGNALING","WikiPathways",10,-0.758452861054689,1.60244598460134,0.910080480288812,0.214930536785772,"NS"
"WP_AEROBIC_GLYCOLYSIS_AUGMENTED","WikiPathways",13,0.746296048574415,1.30354467068952,0.91138563390251,0.695704929334712,"NS"
"WP_IL6_SIGNALING","WikiPathways",14,0.736505869159675,0.863045580307068,0.92802128023053,0.967878633782524,"NS"
"WP_CIRCADIAN_RHYTHM_GENES","WikiPathways",31,-0.780508763563542,-0.804422450667406,0.93892150201913,0.987697219437948,"NS"
"WP_PERTURBATIONS_TO_HOSTCELL_AUTOPHAGY_INDUCED_BY_SARSCOV2_PROTEINS","WikiPathways",14,0.721984449752792,0.887202115545351,0.93892150201913,0.967878633782524,"NS"
"WP_CAMKK2_PATHWAY","WikiPathways",22,0.701517683974245,0.85776392324145,0.966116633404357,0.967878633782524,"NS"
"WP_16P112_PROXIMAL_DELETION_SYNDROME","WikiPathways",22,0.679964374813387,1.6453887913161,0.972278860782892,0.173037627709943,"NS"
"WP_FRAGILE_X_SYNDROME","WikiPathways",38,-0.744554769381157,0.840229852041047,0.972278860782892,0.967878633782524,"NS"
"WP_PRIMARY_OVARIAN_INSUFFICIENCY","WikiPathways",18,0.650452741098275,1.29824791832062,0.981893103416273,0.671747106971493,"NS"
"WP_IL4_SIGNALING","WikiPathways",11,0.571676018777906,0.959348227771691,0.996531062756228,0.942865779927449,"NS"
"WP_MICRORNAS_IN_CARDIOMYOCYTE_HYPERTROPHY","WikiPathways",22,0.569121515199639,1.08474857378017,0.996531062756228,0.883272727272727,"NS"
"WP_NGLYCAN_BIOSYNTHESIS","WikiPathways",12,0.553007932297701,1.41842393751611,0.996531062756228,0.503022974607013,"NS"
"WP_PROTEASOME_DEGRADATION","WikiPathways",46,-0.637760545716238,0.773082679604395,0.996531062756228,0.989907192575406,"NS"
"WP_STEROL_REGULATORY_ELEMENTBINDING_PROTEINS_SREBP_SIGNALING","WikiPathways",26,-0.661540788108722,-1.00249193263922,0.996531062756228,0.935215096391274,"NS"
"WP_TARGET_OF_RAPAMYCIN_SIGNALING","WikiPathways",11,0.447875757536482,-1.01639990514997,0.996531062756228,0.935215096391274,"NS"
