"gene","uniprot_id","logFC_CvH","pval_CvH","cancer_dir","logFC_Training_CRE","logFC_Training_PLA","P.Value_Training_CRE","P.Value_Training_PLA","logFC_Supplement_Interaction","P.Value_Supplement_Interaction","delta_from_identity"
"CAV2","P51636",1.71007432901375,0.00116013246484893,"Cancer Up",1.63363079603539,-2.02602454029456,0.0226781126764632,0.0210687156786773,3.65965533632995,0.00219921007430766,3.65965533632995
"AOX1","Q06278",1.54159693548712,0.025777237266755,"Cancer Up",0.779800074833766,-2.31780651312995,0.180887348719384,0.0113988993190151,3.09760658796371,0.00623087362172596,3.09760658796372
"TUBB4A","P04350",1.8677410797848,0.00104428842259548,"Cancer Up",0.320155123425833,-2.58581990533008,0.43393015214943,0.0025115367389076,2.90597502875591,0.00298170198165746,2.90597502875591
"ATL3","Q6DD88",3.4102745785537,2.02680425203908e-05,"Cancer Up",0.304070268813572,-2.27474800856197,0.48053634783384,0.00049474020294484,2.57881827737555,0.00135431198764273,2.57881827737554
"HBA1","P69905",3.80600494195684,7.89479937167836e-06,"Cancer Up",0.686300261327286,-1.89163964930727,0.463875570044585,0.0575950823415836,2.57793991063456,0.0624652150474772,2.57793991063456
"COL6A2","P12110",2.16123117585332,0.00040902641050505,"Cancer Up",0.89969949607045,-1.60277880204915,0.151270120840829,0.0216248573244828,2.5024782981196,0.00973791287536297,2.5024782981196
"MYL3","P08590",-1.34189890066721,0.030353893067322,"Cancer Down",-0.578440340190234,1.88151042502945,0.452063669665825,0.0232487385132346,-2.45995076521968,0.032021040225775,-2.45995076521968
"FABP4","P15090",2.67401379255415,0.00071988295817512,"Cancer Up",0.737457496448407,-1.70798506460927,0.432670755786295,0.0854033324268103,2.44544256105768,0.0770002299986751,2.44544256105768
"HBB","P68871",3.56814918246507,2.42986015344488e-05,"Cancer Up",0.54921885744848,-1.80521183518442,0.562461899809819,0.0728971541941843,2.3544306926329,0.0914961912264695,2.3544306926329
"ALYREF","Q86V81",0.95126149726082,0.0242982316993116,"Cancer Up",0.728852310984539,-1.59549453176995,0.167786744987467,0.0453169512613531,2.32434684275449,0.0219057513528233,2.32434684275449
"GGT5","P36269",1.36873448898402,0.00141540820868798,"Cancer Up",0.661583198846458,-1.60968658476086,0.0133198587063968,1.91408162329025e-05,2.27126978360732,7.0930036355249e-06,2.27126978360732
"TNKS1BP1","Q9C0C2",2.16376983887625,0.00316572332657602,"Cancer Up",0.525568979925382,-1.73447470412638,0.316692344521031,0.0128996309949058,2.26004368405176,0.0125053822817005,2.26004368405176
"HBG2","P69892",3.72618345456958,0.00033027432208542,"Cancer Up",0.947401348385139,-1.19362433618634,0.357102108888606,0.227550522311606,2.14102568457147,0.137844310515039,2.14102568457148
"ADIRF","Q15847",3.59834505507814,0.00553363350530728,"Cancer Up",0.0274784763431413,-2.10705657793927,0.972922570010423,0.0143918761746157,2.13453505428241,0.071291120415531,2.13453505428241
"G3BP2","Q9UN86",-0.963664143302829,0.0334415854119076,"Cancer Down",-0.0967876698825201,2.02314300006256,0.857199321320306,0.00675604969019901,-2.11993066994508,0.0222658474733803,-2.11993066994508
"MYH2","Q9UKX2",-1.1490022208493,0.0454855033318554,"Cancer Down",-0.290557637095361,1.80655446698731,0.67914614668426,0.0210977453673627,-2.09711210408267,0.0481342619458977,-2.09711210408267
"GPNMB","Q14956",1.72763744290166,0.0199870700791521,"Cancer Up",1.72832430266407,-0.303089873580788,0.0189291503234911,0.677288390878849,2.03141417624486,0.0525868847666571,2.03141417624486
"S100A9","P06702",2.85579785879343,2.58992294209979e-06,"Cancer Up",0.559638822906834,-1.44358846745637,0.400816101823813,0.0421806902868278,2.0032272903632,0.0425939388633435,2.0032272903632
"ACADL","P28330",1.48180867320325,0.00223225607280952,"Cancer Up",0.196124364177455,-1.80003659806088,0.58307508103358,0.0117874318097898,1.99616096223833,0.0138993276751812,1.99616096223833
"COL6A1","P12109",1.91443787582432,0.00148219197121927,"Cancer Up",1.04841085189865,-0.927497900855727,0.132784528233123,0.210131982456821,1.97590875275438,0.0562122154576543,1.97590875275438
"ALB","P02768",3.13707051701393,2.69750220787605e-05,"Cancer Up",0.562454896055005,-1.38756735215066,0.50250321190053,0.116307456848566,1.95002224820567,0.112659627168559,1.95002224820567
"GNG2","P59768",2.31817233847549,0.0101249530814107,"Cancer Up",0.115767574223391,-1.77463201336738,0.85371130749119,0.0116013593065894,1.89039958759077,0.0464249880025973,1.89039958759077
"MARCHF5","Q9NX47",-1.05405134135215,0.00122889096976107,"Cancer Down",-0.201883420200364,1.68161998158701,0.654017019810909,0.0302129435210834,-1.88350340178737,0.0422790083825283,-1.88350340178737
"SAMHD1","Q9Y3Z3",1.07199579334837,0.0317118685711411,"Cancer Up",0.947233428734073,-0.934601957795142,0.015437608709787,0.0406436612682006,1.88183538652921,0.00285840692223154,1.88183538652922
"TUBB2B","Q9BVA1",2.15318118262902,0.00607669242297836,"Cancer Up",0.0757162509250726,-1.76759839612388,0.909269383944338,0.0539799862073405,1.84331464704896,0.10512934642708,1.84331464704895
"ELAVL1","Q15717",0.814802779699434,0.00346272556849118,"Cancer Up",0.710180047225617,-1.09137812394911,0.0108920294306095,0.00405691991729378,1.80155817117473,0.0004126684278193,1.80155817117473
"RETSAT","Q6NUM9",3.04056015823248,0.00280713667887239,"Cancer Up",-0.516211427524741,-2.2877188310752,0.445010518388986,0.015598064977044,1.77150740355046,0.118479788659416,1.77150740355046
"RCN3","Q96D15",2.34991215374594,0.0202946316157241,"Cancer Up",1.42678820895808,-0.328221714006023,0.174103100665361,0.615548266744226,1.7550099229641,0.15978368748562,1.7550099229641
"GNAQ","P50148",0.95779757891793,0.0254149897051566,"Cancer Up",0.308144081021268,-1.43804696463438,0.53034718866128,0.0139241685991438,1.74619104565564,0.0268854468265387,1.74619104565565
"VIM","P08670",2.96995452299335,0.0001139119938158,"Cancer Up",0.789520031636748,-0.946941553073099,0.379875771010656,0.309867938818567,1.73646158470985,0.183398286628054,1.73646158470985
"SFXN3","Q9BWM7",1.81559270731921,5.33388484065541e-05,"Cancer Up",0.956382418574727,-0.775594186047613,0.00183501707020113,0.0136756679523685,1.73197660462234,0.00028510301712954,1.73197660462234
"AHNAK","Q09666",1.55250732931456,0.00099741070796243,"Cancer Up",0.638159885514188,-1.07082382238169,0.261447265454345,0.0734652583056712,1.70898370789588,0.041661521608276,1.70898370789588
"CD58","P19256",1.49372031749854,0.00975497178128092,"Cancer Up",0.683697649065522,-0.98155614247362,0.161582755575324,0.0312274175011045,1.66525379153914,0.0174081030279975,1.66525379153914
"GNAI3","P08754",1.63496242346315,6.1830018328103e-06,"Cancer Up",0.776370273314289,-0.86851572566183,0.0147511279894277,0.0273452746376247,1.64488599897612,0.00211905423538512,1.64488599897612
"PLIN4","Q96Q06",1.50075271251101,0.0020192066500947,"Cancer Up",0.0999735661629835,-1.51669258029304,0.861374924115321,0.0151085514595342,1.61666614645602,0.0572864092268647,1.61666614645602
"MAP1B","P46821",1.12207029823964,0.0483747403912902,"Cancer Up",0.0694570098655909,-1.53637158589541,0.823198163111637,0.00053049505712323,1.605828595761,0.00348228064709424,1.605828595761
"TYMP","P19971",1.55356908688658,0.00020972244907079,"Cancer Up",0.617057611612143,-0.981491526119999,0.180915286449475,0.0698818974457445,1.59854913773214,0.0278837696559366,1.59854913773214
"APOC1","P02654",2.98394215809282,0.0100581684105742,"Cancer Up",0.492059182721132,-1.10497739076347,0.473520644094814,0.140005869953745,1.5970365734846,0.119585359365877,1.5970365734846
"AGFG1","P52594",1.16534597434644,0.02619553034509,"Cancer Up",0.615410711279875,-0.978486517677981,0.268904363543011,0.134421674671249,1.59389722895786,0.0696201379708334,1.59389722895786
"CAVIN3","Q969G5",3.01086419485156,0.0223784017423956,"Cancer Up",-0.0232181285236486,-1.6085596287812,0.969420553150143,0.0171179583197686,1.58534150025755,0.0802708645586487,1.58534150025755
"ACACA","Q13085",-1.39728072080235,0.00226293575294283,"Cancer Down",-0.341739818132723,1.2345590251768,0.528540911021955,0.0338749529624122,-1.57629884330952,0.0500589964634753,-1.57629884330952
"RHOG","P84095",1.13480849566812,0.00434039731888806,"Cancer Up",0.560451849570327,-0.996702960242974,0.243061447780382,0.0879918666476603,1.5571548098133,0.0431293116967557,1.5571548098133
"NADK2","Q4G0N4",-0.43976211214531,0.0472116733828795,"Cancer Down",-0.265522505686528,1.28533479965831,0.295726051315757,0.0191045446439432,-1.55085730534484,0.0121073844765819,-1.55085730534484
"RNF181","Q9P0P0",-0.820012994095528,0.0461526483437055,"Cancer Down",-0.71325135270256,0.833513672408541,0.121735047705204,0.241890296272686,-1.5467650251111,0.0756156411971008,-1.5467650251111
"B2M","P61769",1.61871958655066,0.00012646905166558,"Cancer Up",0.550784672794844,-0.994397217000945,0.255423089553521,0.0522416256527241,1.54518188979579,0.0313783291855701,1.54518188979579
"LCP1","P13796",1.86502836712865,0.000180079497772,"Cancer Up",0.79778056091865,-0.744884725576188,0.174407634845336,0.219020183348872,1.54266528649484,0.0714736431517458,1.54266528649484
"CD163","Q86VB7",1.47383265712945,0.0249475013565014,"Cancer Up",0.435747309090509,-1.09870932916329,0.338340587736714,0.0295445672200396,1.5344566382538,0.0275828119887021,1.5344566382538
"PSAP","P07602",0.747497746861093,0.0137941186678693,"Cancer Up",0.35536369467377,-1.16947518277986,0.33618033114921,0.00415567795483234,1.52483887745363,0.00675444866716571,1.52483887745363
"BDH1","Q02338",-0.870963069613236,0.0427338898236569,"Cancer Down",-0.849428382701277,0.669398732266419,0.108251974538514,0.210346421505337,-1.5188271149677,0.0472333959994056,-1.5188271149677
"HDLBP","Q00341",1.14220448490395,0.00045240481128453,"Cancer Up",0.666301808438938,-0.843469658967248,0.103658317068049,0.0358075085901973,1.50977146740619,0.0120204527984924,1.50977146740619
"HNRNPA3","P51991",1.0353235190746,0.00711429970745281,"Cancer Up",0.259763718570717,-1.24852528376,0.569685064398893,0.0122713173818175,1.50828900233072,0.0275643305750794,1.50828900233072
"PHGDH","O43175",3.40332398779128,0.00129724687029898,"Cancer Up",0.642465553462511,-0.861978362724731,0.328546743848093,0.218368217863277,1.50444391618724,0.122498248765394,1.50444391618724
"BCAP31","P51572",0.69338287012511,0.0257205634948231,"Cancer Up",0.53286041661692,-0.970163325984181,0.185645134266589,0.0192278228047776,1.5030237426011,0.0113877935392246,1.5030237426011
"MRPS27","Q92552",-0.598488981967582,0.0371964903827336,"Cancer Down",-0.190876401543669,1.30661808891387,0.609494588177957,0.0198301687308968,-1.49749449045754,0.0292365417137835,-1.49749449045754
"MRPL13","Q9BYD1",-0.762084620815758,0.0232351758221859,"Cancer Down",0.359879928118751,1.85260178879392,0.337936288372831,0.00709249942876856,-1.49272186067517,0.0452588908709604,-1.49272186067517
"CRIP1","P50238",1.85654289583121,0.0133891027372253,"Cancer Up",0.37361316219878,-1.11332316145814,0.482102453089709,0.0644329269378093,1.48693632365692,0.0672644717715861,1.48693632365692
"IGHG1","P01857",3.19978543988029,3.02216923823082e-06,"Cancer Up",0.715480787707602,-0.752378169058797,0.337172121140274,0.329511771762657,1.4678589567664,0.174701408043496,1.4678589567664
"ACTB","P60709",1.54328197334227,0.00448530610143862,"Cancer Up",0.799700407599264,-0.665611800579434,0.227769358597195,0.329814123218133,1.4653122081787,0.127498731348579,1.4653122081787
"S100A4","P26447",2.33360093291455,3.28463024362219e-06,"Cancer Up",0.468076838123366,-0.994810663728831,0.394644244297346,0.0864518738076431,1.4628875018522,0.0706720157839367,1.4628875018522
"CNN1","P51911",1.64911097711714,0.0249175852715723,"Cancer Up",-0.517154604596826,0.94180979464274,0.31848357930472,0.0855047358936244,-1.45896439923957,0.0583143400229167,-1.45896439923957
"MUSTN1","Q8IVN3",1.1073276394928,0.0155973340081901,"Cancer Up",-0.291272130248405,1.15837798706696,0.516957215224813,0.025161504943568,-1.44965011731536,0.0368177663169682,-1.44965011731536
"SLC25A6","P12236",-1.10666162448156,0.00512759148113368,"Cancer Down",-0.261278512061242,1.1871118604988,0.585964344730495,0.0220902134603883,-1.44839037256004,0.0425108133461951,-1.44839037256004
"S100A8","P05109",2.38131009679527,5.29362148236053e-05,"Cancer Up",0.408103493095915,-1.03652464705159,0.53822420047247,0.137131244769088,1.4446281401475,0.136300105027755,1.4446281401475
"ARPC1B","O15143",1.64122319721698,2.64519152179077e-05,"Cancer Up",0.716691987060209,-0.718167932230728,0.0794045599379852,0.110246442608254,1.43485991929094,0.0213879086003274,1.43485991929094
"G6PD","P11413",1.24306357403897,0.0144870154076363,"Cancer Up",0.438168447350318,-0.99399523902386,0.258728408942843,0.022536853281192,1.43216368637418,0.0166487713219766,1.43216368637418
"MAPK14","Q16539",-0.569773679403674,0.0237768140783389,"Cancer Down",-0.426144595559265,1.00386412617955,0.19035537594114,0.0115490413848044,-1.43000872173881,0.00717839713336667,-1.43000872173881
"DHRS7C","A6NNS2",-0.901865746567992,0.00292536541104456,"Cancer Down",-0.411398949482049,1.01306955821205,0.269238152899836,0.0148152036634463,-1.4244685076941,0.0127199618820822,-1.4244685076941
"PTBP1","P26599",1.65248167354187,0.00015583960407271,"Cancer Up",0.819714968849343,-0.604698412452127,0.100361235101701,0.260452511408187,1.42441338130147,0.0558868685403131,1.42441338130147
"AP3B1","O00203",1.27493337055192,0.02095949572503,"Cancer Up",0.602222147630881,-0.812166182510472,0.309350980641134,0.212204628094517,1.41438833014135,0.11700183999139,1.41438833014135
"UQCRQ","O14949",-0.845813816620566,0.0198407465082359,"Cancer Down",-0.160021035644213,1.24262494987344,0.719963092181169,0.0110038219821303,-1.40264598551766,0.0355328272555686,-1.40264598551765
"PRDX2","P32119",1.98267596894184,0.00012926524163096,"Cancer Up",0.437876725741429,-0.962353886192297,0.468675744498651,0.129718913387213,1.40023061193373,0.113558960273953,1.40023061193373
"LUM","P51884",1.99450465289004,0.00015848525153571,"Cancer Up",0.809766761498313,-0.589174839094742,0.189015692124325,0.352062450759967,1.39894160059306,0.117173748147818,1.39894160059306
"ISCA2","Q86U28",-1.02641145808713,0.00937739817312594,"Cancer Down",0.0420832733739047,1.44000567600259,0.904309766272564,0.108321357533901,-1.39792240262869,0.145619554362224,-1.39792240262869
"EIF2B3","Q9NR50",-0.51596755712734,0.0157119540951936,"Cancer Down",-0.354610210687365,1.03936852367111,0.125924797452923,0.0071482581310236,-1.39397873435847,0.00311447264710492,-1.39397873435848
"ANXA2","P07355",1.98448076554107,0.00023338615340201,"Cancer Up",0.6186993614402,-0.773728056050107,0.331319294551679,0.24213033308219,1.39242741749031,0.13314010607813,1.39242741749031
"ETHE1","O95571",-0.449936563242719,0.0330046168486773,"Cancer Down",-0.32208027219275,1.06585556280358,0.255061282983077,0.0002555085769335,-1.38793583499633,0.00104478390314283,-1.38793583499633
"TSFM","P43897",-0.888633196709916,0.00451343505997073,"Cancer Down",-0.225324345945875,1.15501038052956,0.55858514448707,0.0259715734081398,-1.38033472647543,0.0348961534686087,-1.38033472647543
"PFKM","P08237",-0.817640450608607,0.0241975181888407,"Cancer Down",-0.218375443538353,1.15986430466143,0.627027419329257,0.0174632974215381,-1.37823974819978,0.0396860460888367,-1.37823974819978
"STMN1","P16949",0.762158988084252,0.0435837317675221,"Cancer Up",0.297622794219969,-1.07471214676981,0.492565704257567,0.0235966565530051,1.37233494098978,0.0363707553568307,1.37233494098978
"SNU13","P55769",-0.718997707256049,0.026922654834703,"Cancer Down",-0.335965578119358,1.03532681262063,0.370932103086605,0.0477302159599589,-1.37129239073999,0.0364592938877884,-1.37129239073999
"RHOC","P08134",0.688895343636288,0.0297349752183822,"Cancer Up",1.0250296113957,-0.344536146758212,0.00283027897717475,0.41344019568063,1.36956575815391,0.0140917800721851,1.36956575815391
"TMOD3","Q9NYL9",1.8701414194808,0.0213367355166846,"Cancer Up",1.13242951251484,-0.234423078837503,0.0153283175698888,0.582226744129846,1.36685259135234,0.0337390959970084,1.36685259135234
"CALM1","P0DP23",0.893527600391721,0.00706557741504803,"Cancer Up",0.396722687964825,-0.960050498918225,0.334387859575406,0.0291158133146116,1.35677318688305,0.0267959624006534,1.35677318688305
"CKMT2","P17540",-0.787877982888187,0.0384335187088535,"Cancer Down",-0.187502664441716,1.16412894377635,0.682047137893552,0.0190658234048769,-1.35163160821806,0.0471673773468087,-1.35163160821807
"ANXA1","P04083",2.60862047775176,4.1990163252509e-05,"Cancer Up",0.589493372436049,-0.758938564949915,0.419757304935904,0.316937683253207,1.34843193738596,0.203486091030213,1.34843193738596
"CAVIN1","Q6NZI2",1.57556692531774,0.00076439622479972,"Cancer Up",0.200601775864431,-1.14620784110249,0.718390028420766,0.0537360876044727,1.34680961696693,0.100037785404397,1.34680961696692
"FDXR","P22570",-0.757522148889734,0.0200371699977048,"Cancer Down",-0.276731008523445,1.05720788038746,0.455243242169619,0.0269206327770396,-1.3339388889109,0.0298292427295299,-1.33393888891091
"CTNNA1","P35221",0.755461195099667,0.00289621047069927,"Cancer Up",0.171592241398194,-1.16135105807825,0.511957171028558,0.00127401029704105,1.33294329947644,0.0036861880543125,1.33294329947644
"DYNC1LI2","O43237",1.44203163091146,0.00070868860063704,"Cancer Up",0.244023103896708,-1.07807047948247,0.520826639586504,0.0285913445007847,1.32209358337918,0.0362762815149704,1.32209358337918
"ANXA5","P08758",1.46941086498685,0.00147965430422844,"Cancer Up",0.451386767908939,-0.870660279477903,0.413300135217909,0.132658927349595,1.32204704738684,0.101874381714354,1.32204704738684
"NDRG1","Q92597",1.93256650164384,0.00136597612679695,"Cancer Up",0.496282863914985,-0.824086328284654,0.192466290005186,0.0534198293455627,1.32036919219964,0.024535699842859,1.32036919219964
"LHPP","Q9H008",1.06786565459421,0.00633479688597487,"Cancer Up",-0.728851031399659,0.588239267993622,0.0979938707729903,0.15292818141669,-1.31709029939328,0.0323471825166287,-1.31709029939328
"S100A11","P31949",2.2610384983305,0.0001033939313531,"Cancer Up",0.624815986218099,-0.688867315922707,0.266328639732519,0.249550925610382,1.31368330214081,0.113543953106056,1.31368330214081
"RPL14","P50914",0.750797439772747,0.0169589780046454,"Cancer Up",0.778527379017184,-0.533353571511917,0.0495000416128372,0.232713918453577,1.3118809505291,0.0333464322465424,1.3118809505291
"MXRA7","P84157",0.773648728839976,0.0301038747735536,"Cancer Up",0.560556880559449,-0.737020913678066,0.175755221185637,0.149816629836879,1.29757779423752,0.0529390731925224,1.29757779423751
"TXLNB","Q8N3L3",-0.901832676434577,0.0247538166848496,"Cancer Down",-0.78418497642468,0.512888469533959,0.111922166848286,0.337898336379206,-1.29707344595864,0.0787929665133048,-1.29707344595864
"ABLIM2","Q6H8Q1",0.727332369393478,0.0386133694353191,"Cancer Up",1.28164491163128,2.57193244780733,0.0441283259773446,0.00516643028391495,-1.29028753617605,0.165155309636118,-1.29028753617605
"THBS4","P35443",2.77140399329707,0.0216101423262987,"Cancer Up",1.30600180861154,0.0180696795231832,0.130827544288087,0.97996994663459,1.28793212908836,0.252059760087964,1.28793212908836
"S100A13","Q99584",0.663185722469926,0.0310120336836968,"Cancer Up",1.20346759201519,-0.0814202362902527,0.00245824368088798,0.829923049031598,1.28488782830544,0.0200789211780112,1.28488782830544
"AKR1C2","P52895",1.76612679967435,0.00134558459405481,"Cancer Up",0.145660407397692,-1.1380934603138,0.780687810774376,0.040287983256013,1.28375386771149,0.094253053310597,1.28375386771149
"SERPINA1","P01009",2.65807545688809,3.27046403343967e-05,"Cancer Up",0.505890912187432,-0.776061166982981,0.484067536655278,0.301986601705471,1.28195207917041,0.221912773988925,1.28195207917041
"LANCL2","Q9NS86",-0.632602327103818,0.00950551738576715,"Cancer Down",-0.80890250206668,0.472815280166966,0.0148202716203178,0.247762354050576,-1.28171778223365,0.0186317339270418,-1.28171778223365
"APOD","P05090",1.75034365520834,0.00023790000590896,"Cancer Up",0.798948306212885,-0.478986956815568,0.145349134157531,0.393057289522984,1.27793526302845,0.107017708144186,1.27793526302845
"PIP4K2B","P78356",-0.770032814338281,0.00102413243301597,"Cancer Down",-0.420470231261932,0.854688318835523,0.121247846558153,0.0163548738028237,-1.27515855009745,0.00601925241096763,-1.27515855009745
"CORO1C","Q9ULV4",1.91209154614287,0.0035514279771265,"Cancer Up",0.748976469491403,-0.519828369377795,0.124212084256549,0.345576745640729,1.2688048388692,0.0893616166725269,1.2688048388692
"CD36","P16671",1.40770136616339,0.00329285181874544,"Cancer Up",0.20410673960809,-1.06094746458516,0.723185182688437,0.0828192357059675,1.26505420419325,0.1342860518973,1.26505420419325
"SEPTIN10","Q9P0V9",0.841000085549595,0.00552124319860342,"Cancer Up",0.164744390269854,-1.09312296653528,0.607563540650519,0.0708016292243387,1.25786735680513,0.0698630191470134,1.25786735680513
"DCN","P07585",2.0651358513575,0.00069620351338253,"Cancer Up",0.721993411725013,-0.529576273866329,0.319858312463091,0.47884802026181,1.25156968559134,0.232584594531895,1.25156968559134
"THY1","P04216",2.51103952579949,1.98606625057233e-05,"Cancer Up",1.58028707301824,0.331692529693402,0.00641446153284727,0.535058907127222,1.24859454332484,0.107971701701093,1.24859454332484
"ADH1B","P00325",1.65485513194933,0.00251448657085697,"Cancer Up",-0.0172613936681287,-1.26528813478441,0.97864264469426,0.0656986305605142,1.24802674111628,0.185344867132984,1.24802674111628
"PLIN1","O60240",4.14169219789768,0.00010162906904725,"Cancer Up",-0.192927371121463,-1.43700186941368,0.856471485133139,0.181692696578527,1.24407449829222,0.410576755066067,1.24407449829222
"BZW2","Q9Y6E2",-1.00067156876377,0.0108674268101508,"Cancer Down",-0.176565212351342,1.06256954958602,0.721828224774435,0.0447317156990866,-1.23913476193736,0.089730883215168,-1.23913476193736
"PPIA","P62937",1.23034750445697,0.00078586209206477,"Cancer Up",0.404786082321365,-0.831741942759699,0.348892747048505,0.0686992705002397,1.23652802508106,0.0525764888790579,1.23652802508106
"LAMC1","P11047",1.22670976741433,0.00917355267630999,"Cancer Up",0.496861204139766,-0.73895292794516,0.405370734933279,0.252678055151954,1.23581413208493,0.164188099138575,1.23581413208493
"IGKC","P01834",3.45422150096751,7.93858085374956e-07,"Cancer Up",0.503705804168622,-0.725755232850865,0.49837966699571,0.347616532151253,1.22946103701949,0.254317467461394,1.22946103701949
"CYBRD1","Q53TN4",1.93800631733075,0.00338045964681548,"Cancer Up",0.482272574096179,-0.746874469951521,0.424472325710669,0.184617441326209,1.2291470440477,0.140638230741888,1.2291470440477
"LAMB2","P55268",1.30486502865024,0.00935681712326836,"Cancer Up",0.688022410078947,-0.533987815495131,0.246418633989433,0.435455154508844,1.22201022557408,0.181345070707335,1.22201022557408
"GSN","P06396",1.53119611995653,0.00015129992891386,"Cancer Up",0.697584307617781,-0.521216181775234,0.135369290410648,0.276486109194792,1.21880048939301,0.0723350740370927,1.21880048939301
"ALDH5A1","P51649",-0.87812382118879,0.00366908887840887,"Cancer Down",-0.260056086660281,0.956877567033526,0.471696036631489,0.0147246672231778,-1.21693365369381,0.024543525798145,-1.21693365369381
"SPARC","P09486",2.42115287408016,3.93805320211274e-05,"Cancer Up",0.61185744775451,-0.604161975013099,0.17728941852225,0.138706403183837,1.21601942276761,0.0510428115123912,1.21601942276761
"HP","P00738",3.27947770867247,8.81712121753526e-06,"Cancer Up",0.639197289152737,-0.576164375252226,0.426715484354709,0.488126282448451,1.21536166440496,0.295582212630496,1.21536166440496
"OXSM","Q9NWU1",-0.616093949706414,0.0111674708126359,"Cancer Down",-0.38243913033126,0.832259051105925,0.20752008896983,0.0680475105056174,-1.21469818143719,0.0303328500539445,-1.21469818143719
"NCLN","Q969V3",0.796220099766913,0.00834350084018719,"Cancer Up",-0.455925956149546,0.758147383574716,0.258706348624681,0.202302842928601,-1.21407333972426,0.101455534568549,-1.21407333972426
"FABP5","Q01469",0.74161541574448,0.0110296168365519,"Cancer Up",0.430491439596949,-0.779934862664906,0.23715758637201,0.0432607478992416,1.21042630226185,0.0252741385141804,1.21042630226186
"ARRB1","P49407",1.53416361192679,0.00220660383825509,"Cancer Up",0.48997703685761,-0.719055540247201,0.26548071187892,0.188210566735932,1.20903257710481,0.090269194803198,1.20903257710481
"SNCG","O76070",2.34119286442652,0.00158822217170629,"Cancer Up",0.267471692629528,-0.940959425472688,0.677130840964351,0.184898250503488,1.20843111810222,0.209215349826529,1.20843111810222
"CTSZ","Q9UBR2",0.873198535416336,0.00286145190596307,"Cancer Up",0.571752618271642,-0.633536340915068,0.0956912311048891,0.0986305885577117,1.20528895918671,0.0222083385299576,1.20528895918671
"MT-ND4","P03905",-1.21438718152546,0.00887091453133043,"Cancer Down",-0.352790225858275,0.852396702059814,0.537526747387628,0.241802925931176,-1.20518692791809,0.196860231777404,-1.20518692791809
"ARFIP1","P53367",0.970631393374017,0.00260841843736955,"Cancer Up",0.353320554342135,-0.850029697614811,0.330859614169106,0.113496044060838,1.20335025195695,0.0710309137715219,1.20335025195695
"ASAH1","Q13510",0.776329305054723,0.0124160207927385,"Cancer Up",-0.0268295784124604,-1.22978220962836,0.944014006875596,0.0038736292376735,1.2029526312159,0.0353334805839414,1.2029526312159
"ARHGDIB","P52566",1.01789645616007,0.0107758555843908,"Cancer Up",0.458718646850638,-0.723476080574176,0.309892884282881,0.120358872658586,1.18219472742481,0.0727691535575179,1.18219472742481
"APOBEC2","Q9Y235",-0.953743986910798,0.0239218693201928,"Cancer Down",-0.573817219827284,0.601501293642404,0.256129325442231,0.262832210481257,-1.17531851346969,0.115021432309195,-1.17531851346969
"LGALS3","P17931",1.31194366276352,0.00136501040613258,"Cancer Up",0.510034944622856,-0.646899671803641,0.300758440187291,0.206749720315746,1.1569346164265,0.107525236411516,1.1569346164265
"CAT","P04040",2.83923717796864,3.21202209182339e-07,"Cancer Up",0.215468472851587,-0.940231125080025,0.709009072067884,0.122842770300826,1.15569959793161,0.170724899069214,1.15569959793161
"EPS15","P42566",1.08966382422759,0.0334255972212743,"Cancer Up",0.45972824994503,-0.695843822493245,0.0929497475906442,0.0715039754734638,1.15557207243828,0.0192256422990483,1.15557207243827
"HSP90B1","P14625",0.781622365790913,0.00545085254432686,"Cancer Up",0.565403889484507,-0.585569149336258,0.105917584756886,0.10562843835864,1.15097303882077,0.0251575398903853,1.15097303882077
"MYO6","Q9UM54",-1.55615361356475,3.37526557561479e-05,"Cancer Down",0.0297789328254972,1.17521802035598,0.94277605896963,0.00988202707347673,-1.14543908753048,0.0627522217495966,-1.14543908753048
"MYH10","P35580",1.75687723292394,0.0159982340451203,"Cancer Up",0.491725377079796,-0.65270904579203,0.157672201304995,0.0817390361877714,1.14443442287183,0.0292834382425574,1.14443442287183
"CA2","P00918",1.83649618159424,6.82407003882802e-05,"Cancer Up",0.155153950257414,-0.984137541905792,0.768575940189955,0.0790051284092497,1.13929149216321,0.140456810295339,1.13929149216321
"CTBP1","Q13363",-0.42943263059087,0.0452859222751197,"Cancer Down",0.0279464273992396,1.16698177900923,0.911946873957567,0.00875770128511603,-1.13903535160999,0.0257842844259855,-1.13903535160999
"LPCAT3","Q6P1A2",-1.55123393461878,0.00180853829787558,"Cancer Down",0.334665968234543,1.46400730909968,0.457519288069528,0.0297725475854449,-1.12934134086514,0.151404490194529,-1.12934134086514
"YAP1","P46937",1.99598538005602,0.0003608774747879,"Cancer Up",0.187036350832104,-0.941849753719161,0.732305219074835,0.22374316855824,1.12888610455127,0.237761198485447,1.12888610455127
"FECH","P22830",-0.610215244112712,0.0303146462288632,"Cancer Down",-0.392390373831102,0.734793636018523,0.262781360755725,0.0452449642466231,-1.12718400984962,0.0293900547520606,-1.12718400984962
"EHD2","Q9NZN4",1.84190868406283,0.00021637686856744,"Cancer Up",0.182000060131106,-0.929342344746896,0.755506085144223,0.131701367719361,1.111342404878,0.192621884442636,1.111342404878
"ORM1","P02763",2.78423192848246,6.42440759551715e-06,"Cancer Up",0.503552025389929,-0.606003413380304,0.464646507458133,0.395863602383982,1.10955543877023,0.265813634330975,1.10955543877023
"PDLIM3","Q53GG5",-0.716658983193284,0.0278535016003929,"Cancer Down",-0.226666038341335,0.877788778449485,0.560715922939517,0.0408046071761416,-1.10445481679082,0.0593173619391547,-1.10445481679082
"CNN2","Q99439",1.47931394479139,0.00644747865797508,"Cancer Up",0.608580867687039,-0.495338973901859,0.218205577197846,0.328634239457666,1.1039198415889,0.123069842405752,1.1039198415889
"COQ3","Q9NZJ6",-1.10007452604049,0.00696872963607896,"Cancer Down",-0.448797775876173,0.652896630886556,0.349251421657307,0.203431068700282,-1.10169440676273,0.12063409325296,-1.10169440676273
"AKR1C1","Q04828",2.17897300245986,8.14795057530863e-05,"Cancer Up",0.229006659807212,-0.871917264502724,0.715306619752244,0.185811366436606,1.10092392430994,0.22840866191748,1.10092392430994
"SORBS1","Q9BX66",1.42140677811857,0.00524791031022141,"Cancer Up",0.062341958029041,-1.03842931027411,0.908049502041643,0.106963645569,1.10077126830315,0.191131086522342,1.10077126830315
"SLC35A4","L0R6Q1",-0.68617744812188,0.0109635712476036,"Cancer Down",-0.526899422529151,0.567076997049378,0.0849935507263465,0.175209864810486,-1.09397641957853,0.04023797200114,-1.09397641957853
"PDIA3","P30101",1.03509051484526,0.0008128143177286,"Cancer Up",0.555449692558899,-0.533925708992577,0.132328562222866,0.160989137423305,1.08937540155148,0.0435315849517934,1.08937540155148
"PRXL2A","Q9BRX8",0.898143719767937,0.0277337305689684,"Cancer Up",-0.0192390332530508,-1.10656380923389,0.969447405397636,0.0402588607382839,1.08732477598084,0.140021014116268,1.08732477598084
"SPTAN1","Q13813",1.5800381833696,7.71152074078078e-05,"Cancer Up",0.495811156562844,-0.589717085038398,0.287998997720314,0.223414111048501,1.08552824160124,0.110396432168722,1.08552824160124
"IGLC2","P0DOY2",3.35109318844676,1.18510645868683e-06,"Cancer Up",0.536475476423551,-0.5452156734626,0.463534129334925,0.471481539682561,1.08169114988615,0.306529182470135,1.08169114988615
"ATP2A2","P16615",-0.834175075245536,0.00855705941390828,"Cancer Down",-0.464469724353037,0.614979505003745,0.225660159869178,0.124013028887229,-1.07944922935678,0.0549914851209338,-1.07944922935678
"FLNC","Q14315",-0.650958009400686,0.0408884045245682,"Cancer Down",-0.0844061915251508,0.990927220001488,0.822463120761628,0.0185010944951588,-1.07533341152664,0.0579528284329899,-1.07533341152664
"CD81","P60033",1.8957203862784,0.00012619370678957,"Cancer Up",0.0498331263328851,-1.02272054883283,0.929589643504692,0.0876254579879876,1.07255367516572,0.192874823198877,1.07255367516571
"NRP1","O14786",0.588982531771785,0.0478669989696061,"Cancer Up",0.167003174077745,-0.901919889919448,0.642929022553892,0.0439128375265136,1.06892306399719,0.0663541190057211,1.06892306399719
"KPNA3","O00505",-0.75317009878281,0.0137963929195518,"Cancer Down",-0.215843815216349,0.852980265383803,0.557594613248735,0.0423801186509538,-1.06882408060015,0.0583713007350545,-1.06882408060015
"FAH","P16930",1.31446040351667,2.68767711365796e-05,"Cancer Up",0.188827586700405,-0.879732340859803,0.594330142538053,0.0217543223332644,1.06855992756021,0.0428535633397483,1.06855992756021
"RAB8A","P61006",1.76924073294761,0.00313971209688245,"Cancer Up",0.471956108279496,-0.595582805890835,0.308785822095724,0.227458543930904,1.06753891417033,0.119694429220304,1.06753891417033
"IGKV3-11","P04433",3.02608395183506,3.2959313887538e-08,"Cancer Up",0.0756017348678597,-0.989078447823832,0.885829049241724,0.085511184266975,1.06468018269169,0.17313505678704,1.06468018269169
"RNF7","Q9UBF6",-0.695067001659357,0.0335837973222394,"Cancer Down",-0.510538579115178,0.553164216830918,0.270716183496829,0.230028688685522,-1.0637027959461,0.108744924875602,-1.0637027959461
"MSN","P26038",1.18527919974117,0.00016392138638693,"Cancer Up",0.47129966203283,-0.591594597990902,0.203785540507189,0.125588201769673,1.06289426002373,0.0507766184771692,1.06289426002373
"PSMF1","Q92530",0.794029335351912,0.0087662458028724,"Cancer Up",0.339343865227931,-0.722761232863334,0.34600241467464,0.0582072259029097,1.06210509809127,0.0460864593711022,1.06210509809126
"TUBB6","Q9BUF5",1.69032706160928,6.49942369073526e-05,"Cancer Up",0.462414503696216,-0.595972116417499,0.34174104600517,0.238361188699116,1.05838662011372,0.135035577965889,1.05838662011372
"LRRC59","Q96AG4",0.974432807129201,0.00202044360645125,"Cancer Up",0.659534924368863,-0.397772894665014,0.0908775440546312,0.377989592252741,1.05730781903388,0.0807151067969368,1.05730781903388
"PGM5","Q15124",-0.686086963022792,0.0151168253162821,"Cancer Down",-0.449328903129526,0.606986290905642,0.17080010782572,0.0769910858173544,-1.05631519403517,0.0291722983311178,-1.05631519403517
"TNS1","Q9HBL0",0.996470550723672,0.00061326388865289,"Cancer Up",0.0877382243880938,-0.956205705624836,0.793939253608484,0.00950372389941995,1.04394393001293,0.0375037377416297,1.04394393001293
"CYFIP1","Q7L576",0.878783351966396,0.00222568402963218,"Cancer Up",0.341619692079718,-0.701638949462446,0.326411649411929,0.0547756647856937,1.04325864154216,0.043668922011386,1.04325864154216
"C19orf12","Q9NSK7",-0.849492646701336,0.00608663929391773,"Cancer Down",0.112972923944831,1.15567634029193,0.784871621531134,0.0515853461021165,-1.0427034163471,0.145006245331193,-1.0427034163471
"TKT","P29401",2.52005943896046,8.98743960443979e-06,"Cancer Up",0.235794933323621,-0.804700639406473,0.709786532061377,0.22511389119785,1.04049557273009,0.258553082386586,1.04049557273009
"IGHG2","P01859",3.37377947395893,1.75116492877479e-06,"Cancer Up",0.483092216269455,-0.554697515892322,0.513069389879011,0.468356734174624,1.03778973216178,0.331052523468761,1.03778973216178
"FAM162A","Q96A26",-1.07061805582614,0.00084439575305871,"Cancer Down",-0.00397470457849991,1.0325773814763,0.991451037783478,0.0110661705351244,-1.0365520860548,0.0597933759298334,-1.0365520860548
"GPD1","P21695",0.801842535043356,0.00148043547691167,"Cancer Up",0.077378982382946,-0.957853865393062,0.788225410476957,0.00295883253020981,1.03523284777601,0.0174425722287935,1.03523284777601
"CNP","P09543",0.667739979567269,0.0113981445913562,"Cancer Up",0.374913806728578,-0.658475986857109,0.246491397229755,0.0853795841261468,1.03338979358569,0.0429954171142175,1.03338979358569
"TUBA1C","Q9BQE3",2.17431592763132,0.0395933464688377,"Cancer Up",0.304463916185307,-0.7271023187377,0.546121352962931,0.209823669497426,1.03156623492301,0.183375028570721,1.03156623492301
"MYL6","P60660",0.833996207893936,0.0395214845712673,"Cancer Up",0.485953991945788,-0.538082990012857,0.343135433694654,0.310931634662568,1.02403698195864,0.168793204048239,1.02403698195865
"MRPL12","P52815",-0.643065058450617,0.0458721250318672,"Cancer Down",0.103250667350128,1.12434863276429,0.78645336753297,0.0669334284824017,-1.02109796541416,0.155448715712056,-1.02109796541416
"YWHAZ","P63104",0.901877854052167,0.00783713143477883,"Cancer Up",0.501974051926354,-0.51875874585437,0.230390595149118,0.230975580335301,1.02073279778072,0.0940503798856863,1.02073279778072
"CYB5A","P00167",1.27090737337,0.0106585496100415,"Cancer Up",0.101495861403237,-0.917180153625154,0.8705506683022,0.155189619284359,1.01867601502839,0.25709008118217,1.01867601502839
"AOC3","Q16853",3.01821931261286,2.93399237636392e-05,"Cancer Up",-0.0349484762717438,-1.05318720047822,0.965779008750227,0.217617722510194,1.01823872420648,0.38813453568079,1.01823872420648
"STBD1","O95210",-0.990706114210873,0.0016455214923474,"Cancer Down",-0.177672716953506,0.838465318913741,0.632504889148797,0.0355638732478983,-1.01613803586725,0.0645884187773101,-1.01613803586725
"CAV1","Q03135",1.98237926850689,0.0004928741897611,"Cancer Up",0.102401557623057,-0.912528477758087,0.878250488293806,0.193591016774852,1.01493003538114,0.295916223520055,1.01493003538114
"COMP","P49747",3.77124656216749,0.00438566376573106,"Cancer Up",0.363390141360306,-0.64933044701958,0.701376205663455,0.503044902247195,1.01272058837989,0.45616342468555,1.01272058837989
"ADPRH","P54922",-1.56475912606506,0.00020953876142092,"Cancer Down",-0.644372458787178,0.36739766795446,0.187266156819603,0.471495970658091,-1.01177012674164,0.155825916402421,-1.01177012674164
"AGL","P35573",-0.677818711373849,0.0450468436535899,"Cancer Down",-0.104020384492895,0.905239230583788,0.801981818656259,0.0476150822656725,-1.00925961507668,0.103548332065035,-1.00925961507668
"ALDH2","P05091",0.706745281305995,0.0229625735619221,"Cancer Up",0.160431606068506,-0.848754008601261,0.668256188418094,0.0348464474136832,1.00918561466977,0.0683923082814527,1.00918561466977
"PLN","P26678",-1.09843091549495,0.00160929372502171,"Cancer Down",-0.624108375245676,0.384799286885116,0.127819667859928,0.372063357741312,-1.00890766213079,0.0947179507920619,-1.00890766213079
"CTTN","Q14247",1.14799485803506,2.27378060967002e-05,"Cancer Up",0.364139897287988,-0.643379361348117,0.175220383741354,0.0244805604232945,1.0075192586361,0.0122255257619967,1.0075192586361
"DMAC2L","Q99766",-0.860767473042085,0.00084328153334841,"Cancer Down",-0.557855687507651,0.446435631730942,0.0658676830933468,0.17151649469697,-1.00429131923859,0.0285862164684235,-1.00429131923859
"DIAPH2","O60879",-1.72908983454396,5.7275062792764e-05,"Cancer Down",0.445498749216792,1.44958196015427,0.417558496956926,0.0146739652872964,-1.00408321093747,0.201210793808088,-1.00408321093748
"COPE","O14579",0.552621803433926,0.0242517041083758,"Cancer Up",0.842405671823427,-0.160786108625977,0.00353647563484372,0.606930952891157,1.0031917804494,0.0204914370802236,1.0031917804494
"S100A10","P60903",1.68171309312735,0.00053773467439097,"Cancer Up",0.608600586947315,-0.394525302056572,0.292574115430969,0.507179032416213,1.00312588900389,0.229381121933069,1.00312588900389
"PTGDS","P41222",1.37687256808449,0.0455226706003001,"Cancer Up",0.397748879557259,-0.602456483944504,0.429256073982567,0.231393956184817,1.00020536350176,0.165330417175522,1.00020536350176
"ENO1","P06733",0.532235262192206,0.0467769672891117,"Cancer Up",0.118401765609683,-0.880642707082043,0.72270542888529,0.0153456456489847,0.999044472691725,0.0444074770853547,0.999044472691726
"CD34","P28906",1.69648949510977,0.00412921754443317,"Cancer Up",0.553261365639552,-0.444827065683459,0.0606048716548663,0.27114938931036,0.998088431323012,0.0530037776703951,0.998088431323011
"PTMS","P20962",1.04687255222806,0.0001359762880002,"Cancer Up",0.466734918282203,-0.529863738450679,0.140905244914547,0.094108809210201,0.996598656732882,0.0293334208198501,0.996598656732882
"CLIC2","O15247",0.78345076120779,0.0312542700690441,"Cancer Up",-0.261279494837117,0.727329381079043,0.578571601284831,0.170520237071563,-0.98860887591616,0.16929605855709,-0.98860887591616
"SNX1","Q13596",0.913874289276992,0.012784693877579,"Cancer Up",0.416338142874556,-0.571275081756315,0.30243040483018,0.203541726202218,0.987613224630874,0.106425141285789,0.987613224630871
"FIS1","Q9Y3D6",-0.683471554849945,0.0013823210368684,"Cancer Down",-0.225736134116413,0.76050326481953,0.360625747877684,0.00516174922681705,-0.986239398935943,0.00854910734332406,-0.986239398935943
"TUBB","P07437",0.81586295531898,0.00678369693788019,"Cancer Up",0.326087368945025,-0.657091045904593,0.381930848869156,0.0944172273113811,0.983178414849618,0.0729852536368918,0.983178414849618
"ACYP2","P14621",-0.90519785032431,0.0176832841753467,"Cancer Down",-0.130226940442299,0.850223861117854,0.776790809433746,0.081396188456899,-0.980450801560153,0.145163805078496,-0.980450801560153
"TXN","P10599",0.691998766371231,0.00179250630524449,"Cancer Up",0.267465987902998,-0.710883578725721,0.314460645475177,0.013522464925726,0.978349566628719,0.0144208884003365,0.978349566628719
"MAPT","P10636",-0.797970889577474,0.00137084121054021,"Cancer Down",-0.208352360869704,0.768558030717049,0.485192812170721,0.0174516278802607,-0.976910391586753,0.0285666867407123,-0.976910391586753
"CAVIN2","O95810",1.66632180994513,9.65759325775865e-05,"Cancer Up",-0.0139088097846169,-0.989054895434549,0.977333839608497,0.0585362326256822,0.975146085649932,0.173246780099914,0.975146085649932
"SLC25A20","O43772",-0.678835837227055,0.0106702976888908,"Cancer Down",-0.185056986703813,0.788130811643807,0.559346631981155,0.025085243981008,-0.97318779834762,0.0421786507236296,-0.97318779834762
"MRPL38","Q96DV4",-0.943418169729613,0.0255166509711155,"Cancer Down",0.275622301959704,1.24770765931897,0.563423433983739,0.17534011278518,-0.972085357359269,0.340062013851991,-0.972085357359266
"DMTN","Q08495",1.77937947136567,0.0380812378897026,"Cancer Up",0.197674232058549,-0.773688281966749,0.73782834243539,0.156648892500572,0.971362514025298,0.229546123652788,0.971362514025298
"SEPTIN11","Q9NVA2",0.722857659058668,0.00378676220913694,"Cancer Up",0.637595897498315,-0.329816767554036,0.0468742892067148,0.293089645652138,0.96741266505235,0.0341795624495628,0.967412665052351
"RPL37A","P61513",0.731198174827993,0.0177356247110029,"Cancer Up",0.27373581463943,-0.692879081092048,0.317857601971559,0.108876523326107,0.966614895731478,0.0631587336496593,0.966614895731478
"SUMO2","P61956",0.90253289075131,0.00039069395739618,"Cancer Up",0.339128866074113,-0.627151480370934,0.254009669051745,0.0583688590857027,0.966280346445046,0.0330570167400334,0.966280346445047
"SAMM50","Q9Y512",-0.753113463767342,0.0156012131260565,"Cancer Down",-0.142904615583774,0.820933990380169,0.703669138088064,0.0415053514117538,-0.963838605963943,0.0821459090108727,-0.963838605963943
"ENO3","P13929",-0.627683442592552,0.0417454613335871,"Cancer Down",-0.153597460503768,0.805863264892441,0.675725536504977,0.0406329497333648,-0.959460725396209,0.076840365304954,-0.959460725396209
"JCHAIN","P01591",2.72571570602501,0.00141382140448483,"Cancer Up",0.385384816834847,-0.573768540578047,0.619355239616805,0.487691614046212,0.959153357412895,0.399013648636208,0.959153357412894
"CALD1","Q05682",1.54131140163637,0.00055087731220551,"Cancer Up",0.744935872415716,-0.213660094536259,0.102597915025111,0.643823708669358,0.958595966951975,0.142533341134353,0.958595966951975
"TUBB2A","Q13885",0.739230504210724,0.0279271332897337,"Cancer Up",0.340415231699648,-0.614676530539668,0.41661309072593,0.16113167528636,0.955091762239316,0.118949090644213,0.955091762239316
"MECR","Q9BV79",-0.600116328856942,0.0326296043701949,"Cancer Down",-0.252698294784565,0.702047504835523,0.461881446411696,0.052001538584321,-0.954745799620088,0.0586521138112714,-0.954745799620088
"PGD","P52209",1.24356201081239,0.00012316889398188,"Cancer Up",0.240870731861893,-0.713503004105071,0.514669331415705,0.0689712435117708,0.954373735966964,0.0796280466947914,0.954373735966964
"VAT1","Q99536",1.5896998918643,8.8143821885029e-05,"Cancer Up",0.596999500204507,-0.357177196428115,0.208517914155159,0.463030257557056,0.954176696632622,0.163785778638395,0.954176696632622
"TUBA1B","P68363",0.60324872367719,0.0274773270188324,"Cancer Up",0.461483864328937,-0.492208846915535,0.18306690752429,0.170371911566729,0.953692711244472,0.0597883178161446,0.953692711244472
"LASP1","Q14847",1.81552828043206,0.00014982505210711,"Cancer Up",0.456611831882185,-0.496735761092211,0.328614042372169,0.304819010453536,0.953347592974396,0.160105180816427,0.953347592974396
"NDUFA12","Q9UI09",-0.786932514568512,0.03803828106458,"Cancer Down",-0.0496592622875021,0.902299237108434,0.913567745277207,0.0644124605260925,-0.951958499395936,0.155434236977189,-0.951958499395936
"ENDOD1","O94919",-0.873708874921302,0.00044605952542996,"Cancer Down",-0.237434632865359,0.712008349275823,0.420232902061424,0.0246526546721259,-0.949442982141182,0.0306452776211455,-0.949442982141182
"ABCF1","Q8NE71",-0.60672835008554,0.021430125400192,"Cancer Down",-0.257144176986884,0.691831248870606,0.437478587233066,0.0612355643713875,-0.94897542585749,0.0592090803062114,-0.94897542585749
"CYB5R1","Q9UHQ9",-0.744026379369444,0.0012256256988228,"Cancer Down",-0.250886684522939,0.697750247422331,0.356960101617935,0.0176368886317155,-0.94863693194527,0.0200813984688278,-0.94863693194527
"PSMD7","P51665",-0.40669316007304,0.0458958047794711,"Cancer Down",-0.0435615808162773,0.903931648274241,0.865380563522986,0.00182311845780596,-0.947493229090519,0.0149970401131999,-0.947493229090518
"C11orf54","Q9H0W9",-0.757700543123441,0.00797086808094057,"Cancer Down",-0.492820500263779,0.450417645033333,0.154251727181044,0.206535013172367,-0.943238145297112,0.061418661272868,-0.943238145297112
"VWF","P04275",0.789972530533376,0.0214394298202057,"Cancer Up",0.0779025988293149,-0.858838362390909,0.819163300365307,0.0363444640372863,0.936740961220224,0.0806366120987654,0.936740961220224
"LGALS1","P09382",1.21060351366893,6.02570053623053e-05,"Cancer Up",0.0257274936599678,-0.910537525730813,0.929142192293275,0.00462265424620229,0.936265019390781,0.0308853963317069,0.936265019390781
"PDHX","O00330",-0.930618011071914,0.00441875924680563,"Cancer Down",-0.244321393698385,0.687217611942714,0.528180925964955,0.0932271908750672,-0.931539005641099,0.101391601878579,-0.931539005641099
"AFG3L2","Q9Y4W6",-0.681553670995214,0.0259473731058383,"Cancer Down",-0.45661000575107,0.473329976286017,0.227747142680207,0.237870903582429,-0.929939982037087,0.0960933220060904,-0.929939982037087
"SPTBN1","Q01082",1.67123845273793,2.63933208854651e-05,"Cancer Up",0.436735853162865,-0.491769685480421,0.328868138289547,0.288742610116953,0.928505538643286,0.153075584152406,0.928505538643286
"NDUFA2","O43678",-0.568274624555652,0.0353989218366313,"Cancer Down",-0.133465762337686,0.793772503259937,0.684804921607799,0.025375846970726,-0.927238265597623,0.0572759337796249,-0.927238265597623
"SMTNL1","A8MU46",-1.14750532701083,0.00072638558711145,"Cancer Down",-0.906473863270548,0.0202853312412863,0.0221122435398218,0.961033853654885,-0.926759194511835,0.10680443255226,-0.926759194511834
"TF","P02787",2.663931921054,4.55798514674649e-06,"Cancer Up",0.495940126006857,-0.428398312607598,0.43608011032333,0.514917754702585,0.924338438614456,0.314815791051004,0.924338438614455
"CST3","P01034",1.21163362659713,0.00141657255777462,"Cancer Up",0.529362834158601,-0.388586248752436,0.24332493199853,0.429511970431036,0.917949082911036,0.173623151912358,0.917949082911037
"PDIA4","P13667",0.632109042084615,0.0158419351436584,"Cancer Up",0.591205122109244,-0.326738458662643,0.0739535846705543,0.36646013828135,0.917943580771887,0.0649522534276311,0.917943580771887
"ANK3","Q12955",-1.0456177822218,1.11561031363719e-05,"Cancer Down",-0.33433588407857,0.579789380254766,0.246804934711056,0.161657333558199,-0.914125264333336,0.0763181457641924,-0.914125264333336
"SRI","P30626",1.40934601126269,2.62986112336973e-05,"Cancer Up",0.209522190455097,-0.700518290932077,0.57471390565329,0.0769290481962078,0.910040481387174,0.0973395495698608,0.910040481387174
"NDUFS5","O43920",-0.762523558682261,0.0238235659517836,"Cancer Down",0.0684862402491504,0.977718931622412,0.864294847569141,0.024154268391278,-0.909232691373262,0.122477147244085,-0.909232691373262
"TLN1","Q9Y490",1.21522320322842,4.75743325421936e-05,"Cancer Up",0.347381628065634,-0.56004423696778,0.317637624947362,0.123955047259367,0.907425865033414,0.075115538784481,0.907425865033414
"HSD17B8","Q92506",-0.680869185490767,0.023029272943733,"Cancer Down",-0.408175068759824,0.49495166515236,0.251885100336576,0.192933104343897,-0.903126733912185,0.0870288420773328,-0.903126733912184
"EPB41L2","O43491",1.26203003701469,7.14874025113942e-05,"Cancer Up",0.332801166551366,-0.567448613607752,0.352837139967649,0.130543363766912,0.900249780159118,0.0863574237460998,0.900249780159118
"ARPC1A","Q92747",-0.57697917258681,0.0483748871342644,"Cancer Down",-0.299373145040677,0.600056658393239,0.480671467329063,0.162985448383113,-0.899429803433916,0.144484962815945,-0.899429803433916
"SOD3","P08294",1.89377097638173,2.01701280443556e-05,"Cancer Up",-0.0835358855770565,-0.981701010155529,0.863548814593774,0.0585583343423946,0.898165124578473,0.205362678699492,0.898165124578473
"SLC25A11","Q02978",-1.0748276190274,0.00417890363672581,"Cancer Down",-0.045001509820171,0.848191759238162,0.920406947101441,0.0766444689962209,-0.893193269058333,0.175038013277497,-0.893193269058333
"DDAH2","O95865",1.63790839749531,4.36534455428055e-05,"Cancer Up",0.306518440350519,-0.577673231308676,0.497305752571732,0.245004113522076,0.884191671659195,0.190980322412951,0.884191671659195
"MYH9","P35579",0.95627251646005,0.00152170997782608,"Cancer Up",0.49590216606278,-0.386736455220397,0.169151548429272,0.296696912066418,0.882638621283178,0.0917212630720836,0.882638621283177
"RHOA","P61586",0.58170212250262,0.00292551670934809,"Cancer Up",0.209062327343734,-0.673242286162317,0.37536209241016,0.00893713513313291,0.882304613506051,0.0131690528866364,0.882304613506051
"DDX19A","Q9NUU7",-0.606198403961667,0.0259441443581816,"Cancer Down",-0.238599159032432,0.642452600268832,0.480135039983882,0.0728221022675437,-0.881051759301265,0.0766604982832485,-0.881051759301264
"TPM4","P67936",1.46112700099538,9.64506644052546e-05,"Cancer Up",0.788458390016523,-0.0908431153855709,0.0783535344460177,0.840409847067233,0.879301505402093,0.167951929651531,0.879301505402094
"FAM98B","Q52LJ0",-0.538016008434568,0.0370276861069346,"Cancer Down",-0.389720036699,0.488084819313499,0.25158202393356,0.181006655858081,-0.877804856012499,0.0834308887347643,-0.877804856012499
"SH3BGRL","O75368",1.88441814480566,6.76432225841715e-06,"Cancer Up",0.661310729642192,-0.214850548900813,0.148570081708535,0.64471689716144,0.876161278543005,0.182312621477728,0.876161278543005
"NID1","P14543",1.16046663854889,0.00885225221982773,"Cancer Up",0.487946315883562,-0.386071131415356,0.34233801074584,0.482612688451176,0.874017447298918,0.248781685376852,0.874017447298918
"MCCC1","Q96RQ3",-0.596922959874096,0.0202500319157788,"Cancer Down",-0.406402584121899,0.465741228715096,0.144026488008876,0.115437998305845,-0.872143812836995,0.0354447021473494,-0.872143812836995
"ARHGDIA","P52565",0.739286211217202,0.00258523941388538,"Cancer Up",0.336257353667076,-0.53411375836756,0.249673650031812,0.0817315340647165,0.870371112034636,0.0433009517938996,0.870371112034636
"HSPB7","Q9UBY9",-0.671584751723238,0.00548163343638848,"Cancer Down",-0.226811014320688,0.642244222938597,0.429851817876041,0.0417970236014972,-0.869055237259285,0.0445791699438794,-0.869055237259285
"EHD1","Q9H4M9",1.31177571700374,0.00028805362530234,"Cancer Up",0.143981262645624,-0.722687614460995,0.735575720813234,0.108922759246653,0.866668877106619,0.164461985276094,0.866668877106619
"CAVIN4","Q5BKX8",-0.692305423378201,0.0100987727078616,"Cancer Down",-0.262142769591723,0.602735587912306,0.409500430925113,0.0916760276760916,-0.864878357504029,0.074085536434256,-0.864878357504029
"CPT1B","Q92523",-0.655818371649314,0.0110046099764343,"Cancer Down",-0.372645349324287,0.492002895737318,0.233958430257043,0.162373433693441,-0.864648245061606,0.0709081964954022,-0.864648245061605
"IGHA1","P01876",3.36114574174698,7.59793006624738e-06,"Cancer Up",0.503554356755146,-0.357031894739734,0.51473122023297,0.654673200298695,0.86058625149488,0.439780758590618,0.86058625149488
"CNN3","Q15417",1.36927312312559,0.00524626493042464,"Cancer Up",0.635786587971076,-0.219403157497659,0.212745295672855,0.667905645571737,0.855189745468735,0.23891069327678,0.855189745468735
"YBX3","P16989",-0.785125194935667,0.0124283201917259,"Cancer Down",-0.122704370982287,0.72577065352765,0.74700798219698,0.0727816168129109,-0.848475024509938,0.128399966020039,-0.848475024509937
"CAPG","P40121",1.62855910584026,0.0163866179044145,"Cancer Up",0.854842760898819,0.011786340383626,0.188657416160002,0.986249710838867,0.843056420515193,0.371579136047076,0.843056420515193
"CAP1","Q01518",1.32530395039474,3.66057937001449e-05,"Cancer Up",0.464062351702662,-0.378578151820737,0.21016500033724,0.320711078473828,0.842640503523398,0.116676189676034,0.842640503523399
"NPLOC4","Q8TAT6",-0.387679245900198,0.0449499075720653,"Cancer Down",-0.290925481619983,0.551265625024634,0.223469339126711,0.0302540272207456,-0.842191106644616,0.0181957216553296,-0.842191106644617
"FBXO7","Q9Y3I1",1.72103132172735,4.38961966881818e-05,"Cancer Up",-0.11863603267598,0.719991740999415,0.776407076673453,0.10658186846297,-0.838627773675395,0.17199622906515,-0.838627773675395
"PITPNA","Q00169",0.940531165619298,0.00067497412963374,"Cancer Up",0.287863123391638,-0.549878876411796,0.385025075276606,0.114265970822739,0.837741999803434,0.0848993262635857,0.837741999803434
"AKAP12","Q02952",1.58007546521386,5.20457508151631e-05,"Cancer Up",0.580872161778728,-0.255432816965666,0.189195376442622,0.572136497134373,0.836304978744394,0.188977020702244,0.836304978744394
"IDH2","P48735",-0.492297981116106,0.0274357878883762,"Cancer Down",-0.151002746278525,0.681591445894139,0.576556553836989,0.0198927804725754,-0.832594192172664,0.0387938050672135,-0.832594192172664
"MT-ND5","P03915",-0.766016636616119,0.0111126058297053,"Cancer Down",-0.293438959099205,0.537856693630669,0.400474526322866,0.166621459315027,-0.831295652729874,0.115396735035548,-0.831295652729874
"F13A1","P00488",1.52782859188528,0.00030499265171636,"Cancer Up",0.72476389676735,-0.105946791650354,0.128691398186006,0.82669173830373,0.830710688417703,0.222859825087258,0.830710688417704
"COL6A3","P12111",1.28144284064657,0.0203268525538007,"Cancer Up",0.969676484350668,0.140435420707647,0.163814416623357,0.842918696445641,0.829241063643021,0.402851231518043,0.829241063643021
"HNRNPA2B1","P22626",1.0095067914401,5.5983278475576e-05,"Cancer Up",0.247769319197793,-0.580746255790277,0.382567451734381,0.0539631782921283,0.828515574988071,0.0484045404103826,0.82851557498807
"TPSB2","P20231",0.937314634322746,0.029503619019964,"Cancer Up",0.607927147894603,-0.218992075265398,0.240279873629095,0.695100718661614,0.826919223160001,0.279629806403449,0.826919223160001
"PGAM1","P18669",0.621908153823753,0.00182777750937058,"Cancer Up",0.0423165269201,-0.783364395345746,0.856065005430355,0.00273353947504267,0.825680922265846,0.0190938599715981,0.825680922265846
"MAP1S","Q66K74",-0.5359238322782,0.00419435658071668,"Cancer Down",-0.204959106893098,0.619962321130153,0.393046125437854,0.036503086304392,-0.82492142802325,0.0341249352366232,-0.824921428023251
"DEFA3","P59666",2.23028838064748,1.48598881328473e-05,"Cancer Up",0.200429612830838,-0.622539240328628,0.718499305002575,0.264243243098087,0.822968853159466,0.297733839452783,0.822968853159466
"AZGP1","P25311",1.81038515721676,1.19477109325377e-05,"Cancer Up",0.332442706689026,-0.489887355756959,0.470565585186765,0.306390238085495,0.822330062445985,0.218863727519943,0.822330062445985
"NIPSNAP2","O75323",-0.54016069038013,0.0258183056703932,"Cancer Down",-0.324691312170977,0.497396858608283,0.270586551625044,0.116625641692228,-0.82208817077926,0.0612952970166831,-0.82208817077926
"CTSG","P08311",0.958466848074593,0.040033826737341,"Cancer Up",1.08234763607296,0.260425559487182,0.0349494640827377,0.648809884150905,0.821922076585775,0.279702362003294,0.821922076585778
"MT-ATP8","P03928",-0.876594931284572,0.0295801151986972,"Cancer Down",-0.12891757445519,0.689437615879207,0.786892297952322,0.167666997343101,-0.818355190334398,0.237865100987874,-0.818355190334397
"MAP2K4","P45985",-0.53599852104071,0.00995702006767835,"Cancer Down",-0.202872493795518,0.614182077301365,0.444620051057636,0.0304725912074591,-0.817054571096882,0.038504867311211,-0.817054571096883
"SDCBP","O00560",0.744412074624051,0.0035498594449251,"Cancer Up",0.191602458179645,-0.624492532579229,0.465913299550114,0.0308567404769458,0.816094990758874,0.0395873545955065,0.816094990758874
"TAGLN2","P37802",1.43515512001349,2.76688004194225e-05,"Cancer Up",0.491547098732809,-0.323049543463579,0.213341223695219,0.425615865931525,0.814596642196388,0.153579400221269,0.814596642196388
"ESAM","Q96AP7",0.621214446546922,0.0421854467366568,"Cancer Up",0.222257902288927,-0.592299736299161,0.485908252094129,0.124771145892267,0.814557638588088,0.109253238395781,0.814557638588088
"SUCLA2","Q9P2R7",-0.586612248332077,0.0157469298748115,"Cancer Down",-0.146506079387017,0.667074066101819,0.61957893925543,0.0352577869847867,-0.813580145488835,0.0625541642058659,-0.813580145488836
"OGN","P20774",2.03196300585107,8.57793922699787e-05,"Cancer Up",0.81326151265759,0.00211891372599382,0.141960576688026,0.996993154551779,0.811142598931596,0.304045056096981,0.811142598931596
"DCPS","Q96C86",-0.417762264499292,0.047978447703423,"Cancer Down",-0.209776222395213,0.597112255222468,0.464770311767731,0.0648273804515831,-0.806888477617681,0.067351161416186,-0.806888477617681
"SDHD","O14521",-1.02171590749574,0.0060639962878325,"Cancer Down",-0.403223922985131,0.400915441259336,0.339731244032103,0.388117888793683,-0.804139364244467,0.203667590907756,-0.804139364244467
"SELENBP1","Q13228",1.1109164169539,0.00043610623526659,"Cancer Up",-0.0739244985490615,-0.875596100119253,0.839027243772222,0.0259761918893164,0.801671601570192,0.133226875400864,0.801671601570192
"CYGB","Q8WWM9",0.743205906858149,0.01562567235589,"Cancer Up",0.219070511674943,-0.582387487760094,0.517777537830857,0.183676761017029,0.801457999435037,0.151737447372391,0.801457999435037
"CUL5","Q93034",-0.708405562288249,0.00422737346551398,"Cancer Down",-0.203237752115236,0.596721339593365,0.498079806954399,0.0612580732309555,-0.799959091708601,0.07060768338506,-0.799959091708601
"SGCD","Q92629",-0.47542661225518,0.0374986226769121,"Cancer Down",-0.37551530784409,0.420002786077248,0.168716089152361,0.137898352304874,-0.795518093921338,0.0466372153882288,-0.795518093921338
"HLA-B","P01889",0.820753258258934,0.0001680588278588,"Cancer Up",0.316585169772551,-0.4788653034175,0.190869434201155,0.0907964546715891,0.795450473190051,0.0363198530371823,0.795450473190051
"BPGM","P07738",2.03456035988728,3.56391347704361e-06,"Cancer Up",0.302701777510446,-0.492617116834943,0.519182673040908,0.313243279010229,0.795318894345389,0.243135842853372,0.795318894345389
"SLC25A46","Q96AG3",-1.07677048621009,0.00141378741467637,"Cancer Down",-0.0728005107038072,0.721473983592183,0.833594104911496,0.295469666309081,-0.79427449429599,0.305054813780179,-0.79427449429599
"PDXK","O00764",0.808996476133778,0.00079440864447902,"Cancer Up",0.299316577134558,-0.494020853834293,0.276474058376605,0.087357269580351,0.793337430968851,0.050208831535857,0.793337430968851
"PDHB","P11177",-0.684912328889379,0.00874834070759403,"Cancer Down",-0.0669212002389905,0.720862248472098,0.821681324275015,0.0247563329977477,-0.787783448711089,0.0729336217082207,-0.787783448711089
"MTM1","Q13496",-0.95441549998009,0.00237460843711706,"Cancer Down",-0.0544914092039512,0.73250694348113,0.87476663714333,0.152720902698588,-0.786998352685082,0.204479193892872,-0.786998352685081
"SULT1A1","P50225",1.29934409858583,0.00213997568208206,"Cancer Up",0.447160925142796,-0.334192145798021,0.31148317248326,0.474839179274423,0.781353070940817,0.227529731015595,0.781353070940817
"GNAI2","P04899",1.21269050384371,0.00033908942510969,"Cancer Up",0.401356246693243,-0.377738964348627,0.312267959935717,0.357333210874575,0.77909521104187,0.175917883358665,0.77909521104187
"MAPK9","P45984",-0.618463190425889,0.0261404340514722,"Cancer Down",-0.0364579288911919,0.74092084964834,0.914101206024736,0.101674740131653,-0.777378778539532,0.169814249956972,-0.777378778539532
"UBE2K","P61086",-0.39239579472261,0.0125628958696201,"Cancer Down",-0.220441575973187,0.556866251605587,0.255533086023599,0.00831230193607693,-0.777307827578774,0.00809987317575171,-0.777307827578774
"PRELP","P51888",2.68650914096778,0.0001960293393253,"Cancer Up",0.44531609354588,-0.330989477328316,0.597338006122322,0.704038126204207,0.776305570874197,0.522696674695439,0.776305570874196
"DPYSL2","Q16555",0.976558245763446,0.00089823822900678,"Cancer Up",0.463833058713742,-0.311491711059691,0.18622956613249,0.386827932616897,0.775324769773434,0.126628481474353,0.775324769773433
"CLIP2","Q9UDT6",-0.777138144248303,0.00067584296379095,"Cancer Down",-0.328754779359381,0.444853670910499,0.176517608806583,0.219128450091423,-0.77360845026988,0.081598838591573,-0.77360845026988
"CD44","P16070",1.91669267390482,0.0305682182837552,"Cancer Up",0.950422265135476,0.182129551803143,0.174985433340878,0.807733729185911,0.768292713332333,0.452093425347302,0.768292713332333
"KDSR","Q06136",0.98415950097645,0.0161050272143218,"Cancer Up",-0.471667341326732,0.295315135597509,0.299782885683519,0.700241505235823,-0.766982476924241,0.392967785982525,-0.766982476924241
"ARPP19","P56211",-0.768507528239038,0.00065716948644429,"Cancer Down",-0.596410787297977,0.163867508230901,0.0342752477301132,0.572212134337887,-0.760278295528877,0.0633097177006359,-0.760278295528878
"HNRNPK","P61978",0.563867444349281,0.00248603340384793,"Cancer Up",0.147408653910304,-0.612062593686822,0.504169955473293,0.0110497496205885,0.759471247597126,0.021904486186356,0.759471247597126
"GNB1","P62873",1.05747716915282,0.00041893059916398,"Cancer Up",0.132978879563424,-0.625478456167397,0.700677595177095,0.0880944497303048,0.758457335730821,0.134655442997447,0.758457335730821
"VCL","P18206",0.492018601817243,0.0196655670398389,"Cancer Up",0.248171245484581,-0.506508373348666,0.347191044913645,0.0694890838209623,0.754679618833247,0.0527469234178609,0.754679618833247
"PLS3","P13797",1.09668520251714,0.00084023353825698,"Cancer Up",0.584812854784918,-0.168269229823416,0.136321726407926,0.673258783532217,0.753082084608334,0.180875334805777,0.753082084608334
"NNT","Q13423",-0.72247121741885,0.00257987774277872,"Cancer Down",-0.0758245117196665,0.676838339895149,0.784459535731062,0.0239942076164205,-0.752662851614815,0.0667926563327371,-0.752662851614815
"CD9","P21926",1.97579945098177,0.00027784969761577,"Cancer Up",0.13334740915521,-0.615439778231202,0.805338652830636,0.276418808095689,0.748787187386412,0.339818549258307,0.748787187386412
"UQCRB","P14927",-0.496087831397791,0.0379275613079817,"Cancer Down",-0.168172445498428,0.580258059294604,0.54840096619704,0.0521328899041969,-0.748430504793031,0.0704201575946136,-0.748430504793032
"CSE1L","P55060",-0.88425144665203,1.40120765174647e-05,"Cancer Down",-0.222392656189871,0.524125381565934,0.331561834427625,0.032238212066723,-0.746518037755806,0.0285808488936252,-0.746518037755805
"PPP5C","P53041",-0.43997766142952,0.0275650497728297,"Cancer Down",-0.203175293511112,0.54195936339913,0.417487320632051,0.042618858586414,-0.745134656910242,0.0448582516970957,-0.745134656910242
"CFL1","P23528",0.719368114944995,0.00464405367794691,"Cancer Up",0.167851283576951,-0.577008340460569,0.584419595505736,0.0763563899393011,0.74485962403752,0.0987103236115494,0.74485962403752
"SH3BGRL3","Q9H299",1.61469551261601,7.66193210324529e-05,"Cancer Up",0.630135045911015,-0.112854058037197,0.136202449761966,0.792677704331409,0.742989103948211,0.219204174446376,0.742989103948212
"ARF1","P84077",0.734707949885227,0.00179852362428027,"Cancer Up",0.409772074520603,-0.333180039281576,0.145498320551072,0.249419769084861,0.742952113802179,0.0695121676278772,0.742952113802179
"ACTR2","P61160",0.622742670655327,0.00026149149866414,"Cancer Up",0.535408267385311,-0.206559928900568,0.00958264175193676,0.309706634066382,0.741968196285878,0.0122584688035763,0.741968196285879
"GYPC","P04921",1.05670201263952,0.00308907598735586,"Cancer Up",0.591090517898948,-0.147475791366745,0.13969811877126,0.730839282961729,0.738566309265693,0.20997605778958,0.738566309265693
"LXN","Q9BS40",2.35056871002197,1.71889178789806e-06,"Cancer Up",0.220168367846313,-0.514219410958514,0.616063190602065,0.26193961235189,0.734387778804827,0.249572579191623,0.734387778804827
"COQ8A","Q8NI60",-0.788265134113505,0.00166377311959803,"Cancer Down",-0.252616491236722,0.481041552396427,0.389409407847855,0.128668892578463,-0.733658043633149,0.0929163815967153,-0.733658043633149
"CNIH4","Q9P003",-0.614080657938629,0.00269682243248704,"Cancer Down",-0.00538603405391314,0.727733291677744,0.982110384172606,0.00816251902656286,-0.733119325731657,0.0449870445616366,-0.733119325731657
"BCL2L13","Q9BXK5",-0.716851587029012,0.00276529062709774,"Cancer Down",-0.259866349832262,0.473005861704706,0.363028838844691,0.124691606384215,-0.732872211536968,0.0848245627224607,-0.732872211536968
"NDUFB5","O43674",-0.925469390809717,0.0123965112233519,"Cancer Down",0.17613405530906,0.908977717902882,0.685441170733371,0.0696278194362134,-0.732843662593822,0.266130612442345,-0.732843662593822
"ATP1A2","P50993",-0.797763701290609,0.00281482410480968,"Cancer Down",-0.326288482292338,0.401296910521513,0.276826241149817,0.225946623914235,-0.72758539281385,0.107747972316589,-0.727585392813851
"CLIC1","O00299",1.6016649802316,1.80729616477388e-06,"Cancer Up",0.407952719758629,-0.316865490422,0.267623426850731,0.403171790828993,0.724818210180629,0.173437483512565,0.724818210180629
"CALR","P27797",0.44927816079241,0.0171396888663089,"Cancer Up",0.34332494993793,-0.378202238219789,0.142964139720601,0.119786816271102,0.721527188157719,0.0359873031388952,0.721527188157719
"TXNDC5","Q8NBS9",0.7371230114762,0.042196924184406,"Cancer Up",0.276774806045712,-0.44460563612774,0.525407113437577,0.351979274430719,0.721380442173452,0.267505325157944,0.721380442173452
"STOM","P27105",2.2901369825434,3.79291437181635e-06,"Cancer Up",0.253712774109182,-0.466898217019459,0.635976403012152,0.401885070735069,0.720610991128641,0.352879705841921,0.720610991128641
"PAFAH1B2","P68402",1.00345849249728,0.00013863639403614,"Cancer Up",-0.172462738802267,-0.891728112786922,0.519781368326614,0.00286388843846645,0.719265373984655,0.06895675031252,0.719265373984655
"UBE3A","Q05086",-0.495480607709695,0.00417598034557866,"Cancer Down",-0.0408465636171904,-0.75878021434762,0.828614567502207,0.00917581887878427,0.71793365073043,0.0375106451306271,0.71793365073043
"BGN","P21810",1.64166498283836,0.00215968008064984,"Cancer Up",0.899626705818935,0.183117702492375,0.122991527029615,0.726005004347232,0.716509003326561,0.357753867480299,0.71650900332656
"NPC2","P61916",0.96911642428709,0.00061096827238313,"Cancer Up",0.194591595394609,-0.520214178747317,0.559030015605798,0.142475823016888,0.714805774141926,0.144920938170042,0.714805774141926
"DSTN","P60981",0.798524019584605,0.00047178441009697,"Cancer Up",0.281586748265198,-0.431556377008441,0.287199166193713,0.119122817877873,0.713143125273639,0.0662824726797946,0.713143125273639
"CAPZA1","P52907",0.679169078776539,0.0262310568874731,"Cancer Up",0.548960152065863,-0.162555223132017,0.149808661046227,0.675185880630035,0.71151537519788,0.193074887317732,0.71151537519788
"ACTN4","O43707",1.57781714860635,0.00039985962141464,"Cancer Up",0.647325882993997,-0.0639157334996554,0.211779457164131,0.903865438249807,0.711241616493652,0.337652112823356,0.711241616493652
"S100A6","P06703",3.13675031081575,7.62177898243082e-05,"Cancer Up",0.112389081475484,-0.59801669623539,0.857310228269488,0.364439431218512,0.710405777710875,0.434981668372683,0.710405777710874
"IPO7","O95373",-0.507531154805129,0.0102508446647727,"Cancer Down",-0.369527308665965,0.339923187055192,0.106284972833076,0.149161740929235,-0.709450495721157,0.034076137184177,-0.709450495721157
"ZYX","Q15942",0.64743572086693,0.00147333293505416,"Cancer Up",0.279499467966826,-0.429444872264405,0.243269286114991,0.0874514510809588,0.70894434023123,0.0445597551686303,0.708944340231231
"GYS1","P13807",-0.575228681977212,0.0376288240373517,"Cancer Down",-0.0525446648080035,0.654845694430161,0.870125244709608,0.0726914403218432,-0.707390359238165,0.146828886696083,-0.707390359238165
"FN3K","Q9H479",0.491007661740408,0.0313003055941852,"Cancer Up",-0.332426715728875,0.374366920435399,0.220824626330259,0.206851507414946,-0.706793636164274,0.0828246529224685,-0.706793636164274
"TTR","P02766",2.41759087299426,4.87216693762196e-06,"Cancer Up",0.357427355420242,-0.347215410897444,0.523820579666907,0.54937338637157,0.704642766317686,0.383955173338119,0.704642766317686
"IDH1","O75874",0.73050909683695,0.00281211214195795,"Cancer Up",0.0338500562154103,-0.668227999300495,0.908152765326284,0.0343356485049263,0.702078055515905,0.104160316748161,0.702078055515905
"SEPTIN7","Q16181",0.768378082636431,0.00253474430821637,"Cancer Up",0.431450079205497,-0.269492702617473,0.167695720262106,0.400031617853701,0.70094278182297,0.120963102149177,0.70094278182297
"VDAC1","P21796",-0.515085976906633,0.0290137271961944,"Cancer Down",-0.200000826803215,0.498290405492416,0.49453322363567,0.106485347414085,-0.698291232295631,0.103932702089861,-0.698291232295631
"SOD1","P00441",1.09310406777444,8.97950479883964e-06,"Cancer Up",-0.127992562239633,-0.825839714673307,0.627228287320258,0.00470895087592501,0.697847152433674,0.0730476002122359,0.697847152433674
"GPD1L","Q8N335",-0.637408350403941,0.0280194040885922,"Cancer Down",-0.333004610104453,0.362984049075411,0.350155379296821,0.32542425953021,-0.695988659179864,0.178348500976609,-0.695988659179864
"NOL3","O60936",-0.772192140886439,0.00344955044461344,"Cancer Down",-0.263939952131512,0.43198215233566,0.392488304943171,0.192061711212635,-0.695922104467172,0.127904274306733,-0.695922104467172
"TMEM65","Q6PI78",-0.624209527119445,0.0258956726807175,"Cancer Down",-0.0664355921012891,0.627316278152973,0.847060011528151,0.272659296903197,-0.693751870254262,0.301004247148281,-0.693751870254262
"CAND2","O75155",-0.708539337097243,0.00697686849119967,"Cancer Down",-0.513636935577495,0.179893579469709,0.0997002930049661,0.592297064151389,-0.693530515047204,0.13345858886278,-0.693530515047204
"COL18A1","P39060",0.518587368708536,0.049842562867008,"Cancer Up",0.0417375749112292,-0.648803069045115,0.887985413651036,0.0407387154318218,0.690540643956346,0.112686177403965,0.690540643956344
"KCTD12","Q96CX2",1.02883579590664,0.00012726424327489,"Cancer Up",0.470715892132858,-0.219547600767505,0.135895890240175,0.517101274469261,0.690263492900364,0.139447557540076,0.690263492900363
"GPS1","Q13098",-0.518484170251373,0.0195753603019666,"Cancer Down",-0.284100275364644,0.401493017893557,0.288475017821262,0.161529474998304,-0.685593293258201,0.0844518861632383,-0.685593293258201
"ITGB1","P05556",0.776258799430181,0.00458338922696984,"Cancer Up",0.0876564658311914,-0.597077559003289,0.792099782946939,0.090441829356308,0.68473402483448,0.159383906545398,0.68473402483448
"GLUD1","P00367",0.452666726581917,0.0390822043925095,"Cancer Up",0.476205201531542,-0.207855705816964,0.0823130210197981,0.453937333222048,0.684060907348506,0.0828247397500208,0.684060907348506
"ACSL3","O95573",-0.882268083960213,0.00057084186754034,"Cancer Down",-0.0449740468512267,0.6371238677802,0.875633059713705,0.0444362887765663,-0.682097914631427,0.111935678307654,-0.682097914631427
"LPP","Q93052",0.800512901007796,0.00214483617459975,"Cancer Up",0.376867117490242,-0.300541342811584,0.229302513666598,0.364617644597841,0.677408460301827,0.141391020117452,0.677408460301826
"ATP5PD","O75947",-0.630943682895346,0.0102493189751768,"Cancer Down",-0.135504307282968,0.541866456142383,0.638301296192724,0.0766046192497692,-0.677370763425351,0.109633044514526,-0.677370763425351
"HSDL2","Q6YN16",-0.602442309511726,0.00748179698073771,"Cancer Down",-0.25187928023669,0.420332923159354,0.357061760858775,0.142011349049841,-0.672212203396043,0.093202142974353,-0.672212203396044
"BIN1","O00499",-0.629659392522246,0.0191174368682495,"Cancer Down",-0.107831046536081,0.564111911394132,0.745814954808546,0.108754151995767,-0.671942957930213,0.167041161849372,-0.671942957930213
"EIPR1","Q53HC9",0.709680785788994,0.00379597043019959,"Cancer Up",-0.0585435017542171,-0.729269276016034,0.821693460877068,0.063957554374941,0.670725774261816,0.152888846541208,0.670725774261817
"C4A","P0C0L4",2.36875848906373,9.90191327574626e-05,"Cancer Up",0.210181932997379,-0.460181365191097,0.686177663171953,0.445456916359419,0.670363298188477,0.401357920195154,0.670363298188476
"CCS","O14618",1.17242743014332,0.00042127545138762,"Cancer Up",0.0953364086674355,-0.574950261369548,0.80960522248317,0.153806968103333,0.670286670036983,0.236832827833516,0.670286670036984
"EEF1A1","P68104",0.638073618529962,0.0047195472770049,"Cancer Up",0.237660978058106,-0.4286915511085,0.38791541732791,0.137305223299053,0.666352529166605,0.098295743140711,0.666352529166606
"RAB7A","P51149",0.365563892015537,0.0146979306692168,"Cancer Up",0.115829015599125,-0.549954116131211,0.528434082146618,0.0065620770328872,0.665783131730336,0.0163385870743302,0.665783131730336
"FLNA","P21333",1.36490959649185,6.42401616733319e-05,"Cancer Up",0.335703727373474,-0.329877130541735,0.396270465081449,0.420207565149042,0.665580857915209,0.245097800347147,0.665580857915209
"MCAM","P43121",2.55951392767923,0.00178940314696734,"Cancer Up",-0.36326044542944,-1.028186380493,0.576245296206689,0.226820032373695,0.664925935063557,0.530562263523644,0.66492593506356
"DBI","P07108",0.536070651223277,0.00581046423269284,"Cancer Up",0.0211907528078079,-0.642642591610301,0.925510197238113,0.00979351660671457,0.663833344418109,0.0491356901836959,0.663833344418109
"FUNDC2","Q9BWH2",-0.716310187928698,0.00838381152321962,"Cancer Down",-0.178194755957907,0.483835933571665,0.592143855000348,0.16580689987853,-0.662030689529573,0.172495072972453,-0.662030689529572
"CSRP3","P50461",-0.783331252600043,0.00418191784731685,"Cancer Down",0.0799818578196465,0.739421755920816,0.782008485909389,0.0265639161627029,-0.659439898101169,0.133032079972712,-0.65943989810117
"CTSB","P07858",0.56390797435531,0.0198522357620574,"Cancer Up",0.304900748932983,-0.35416622532032,0.28771485997015,0.233872413186061,0.659066974253303,0.114559789431695,0.659066974253303
"IGKV3-20","P01619",3.55784340474577,2.80359923217556e-08,"Cancer Up",0.367157708062109,-0.290003561722507,0.546631123358038,0.644975997344023,0.657161269784616,0.454160012315288,0.657161269784616
"LRRC47","Q8N1G4",-0.745282767478923,0.00095016911830528,"Cancer Down",-0.268993890054244,0.385838208075473,0.3160376886409,0.1679085171536,-0.654832098129717,0.0949609176874773,-0.654832098129717
"UFD1","Q92890",-0.457591305133391,0.0380373012173941,"Cancer Down",0.0399814486710213,0.694635263782882,0.871544843979803,0.0209495616782457,-0.65465381511186,0.0917695221337418,-0.654653815111861
"ITGA1","P56199",1.03652726742844,0.00423184949372884,"Cancer Up",0.169784394841237,-0.484789867659998,0.561635413577345,0.151828443756707,0.654574262501235,0.147156737045025,0.654574262501235
"HPR","P00739",2.022667998316,0.00440442273683495,"Cancer Up",0.00191576363501511,0.656239415029475,0.997271659095023,0.242557530569889,-0.65432365139446,0.409434762295578,-0.65432365139446
"CUL1","Q13616",-0.425960041374537,0.0358198882177992,"Cancer Down",-0.181525549806249,0.471751145012576,0.454070854293017,0.0740643640554272,-0.653276694818825,0.0716874486154343,-0.653276694818825
"NDUFAF3","Q9BU61",-0.580106924528481,0.0148275941099577,"Cancer Down",-0.11868323456612,0.533282833177894,0.66869630175269,0.0725994359996548,-0.651966067744015,0.111868652189981,-0.651966067744014
"ISOC1","Q96CN7",-0.678274457865122,0.00143764238310153,"Cancer Down",-0.437451344380328,0.214022429872934,0.0776303316020225,0.409860316214362,-0.651473774253262,0.073429303717741,-0.651473774253262
"DCUN1D1","Q96GG9",0.699625117755868,0.00269296853015715,"Cancer Up",-0.115538604129469,-0.766722054685552,0.66462113204251,0.00975004108652047,0.651183450556083,0.0990211734424159,0.651183450556083
"RAB11B","Q15907",0.576806646983989,0.0125061799595197,"Cancer Up",0.379286409544413,-0.271808290818043,0.174918663002515,0.343492078833717,0.651094700362457,0.107897932192071,0.651094700362456
"SUCLG1","P53597",-0.556282190239425,0.0251792707113441,"Cancer Down",-0.162608496030984,0.48842057888514,0.594095662757878,0.128586467545515,-0.651029074916124,0.144583054460168,-0.651029074916124
"PFDN6","O15212",-0.466307969059201,0.0113516254528305,"Cancer Down",-0.356076267663497,0.294902902030081,0.104048836427951,0.189642608128371,-0.650979169693578,0.0415776883733998,-0.650979169693578
"FARSA","Q9Y285",-0.392326205532974,0.0325390465531663,"Cancer Down",-0.0841620646950894,0.566631949088521,0.696203739559635,0.0186233135399533,-0.65079401378361,0.0458046669482258,-0.65079401378361
"PSME2","Q9UL46",0.696190170241572,0.00217572811984301,"Cancer Up",0.220443777927709,-0.430009256818604,0.383928304867258,0.115865340595778,0.650453034746313,0.0845717838010346,0.650453034746313
"NAXD","Q8IW45",-0.592575450908683,0.0122135526454049,"Cancer Down",-0.296491907240441,0.353059317010565,0.30020970092437,0.234577898386271,-0.649551224251006,0.119103554824661,-0.649551224251006
"ASPN","Q9BXN1",1.59270594653933,0.00341872162259206,"Cancer Up",0.994692827681892,0.345197169661414,0.141415261552036,0.589647731183107,0.649495658020477,0.482286912445489,0.649495658020478
"NDUFA8","P51970",-0.583877608166706,0.0456291504056646,"Cancer Down",0.0813981473007104,0.728885901999679,0.821660523348745,0.0577147429633448,-0.647487754698968,0.217634211327001,-0.647487754698969
"MARCKS","P29966",1.47924924432538,1.96523208274003e-05,"Cancer Up",0.395366116504491,-0.249308375406997,0.249049175296458,0.502032452378924,0.644674491911488,0.205316038965659,0.644674491911488
"LACTB","P83111",-0.82383500607715,0.00163737156440828,"Cancer Down",-0.319350553691891,0.323812861936549,0.288792703983994,0.311372477514069,-0.64316341562844,0.146909719682954,-0.64316341562844
"HADHB","P55084",-0.629627299902847,0.00168720246090828,"Cancer Down",-0.121883184548992,0.521275019083248,0.59894639317199,0.0360603169964111,-0.64315820363224,0.0608687545666702,-0.64315820363224
"CLU","P10909",3.1919902570649,1.29329158528604e-07,"Cancer Up",0.27032732053085,-0.369994992263745,0.664446429126373,0.566603125804391,0.640322312794595,0.47644144681204,0.640322312794595
"ECI1","P42126",-0.554037458516412,0.0491350183298092,"Cancer Down",-0.0872030098279275,0.552458932552501,0.799674376852782,0.127682019157911,-0.639661942380428,0.201945290531064,-0.639661942380429
"CSDE1","O75534",-0.620548854959342,0.0142981055017471,"Cancer Down",-0.0969834108620162,0.541335316178088,0.756231132194011,0.101619252520292,-0.638318727040105,0.162410082025867,-0.638318727040104
"EFEMP1","Q12805",1.72777042110809,5.11625743650611e-05,"Cancer Up",0.454143750334755,-0.18408633374408,0.322860260332875,0.696478586567984,0.638230084078835,0.334118860835675,0.638230084078835
"HNRNPL","P14866",0.482231746933905,0.0401773190743854,"Cancer Up",0.309533747741323,-0.328511623668433,0.271458765359684,0.253059928752142,0.638045371409756,0.116847490506214,0.638045371409756
"ECHDC1","Q9NTX5",0.858738229550397,0.00468096942545526,"Cancer Up",0.314873309826801,-0.323013149356125,0.375590187909857,0.415817835403663,0.637886459182926,0.234277013564969,0.637886459182926
"ATP1A1","P05023",-0.641049247595024,0.00403308509237549,"Cancer Down",-0.111071616691351,0.524290969695002,0.671094533174446,0.0599984223393035,-0.635362586386353,0.0987793540786457,-0.635362586386353
"DYSF","O75923",-0.732527188562727,0.00114296639454125,"Cancer Down",-0.0503801144087852,0.584758158812313,0.851346788971144,0.0483123191204182,-0.635138273221099,0.113518574096238,-0.635138273221098
"TMEM205","Q6UW68",-0.516440104750611,0.0195864799083237,"Cancer Down",-0.251674914713721,0.382021351958738,0.352253968657493,0.159129265516714,-0.633696266672459,0.102024399793613,-0.633696266672459
"CLPP","Q16740",-0.639586546075765,0.00156940290752614,"Cancer Down",0.29804017226186,0.931524465227488,0.210753671510324,0.0066808687770418,-0.633484292965628,0.117528040776498,-0.633484292965628
"YWHAB","P31946",0.584672403427174,0.00982840199264983,"Cancer Up",0.274293048326552,-0.357658458611102,0.319336387684851,0.211799340520307,0.631951506937654,0.115553771043463,0.631951506937654
"IARS1","P41252",-0.512581473366334,0.0247249610421328,"Cancer Down",-0.069721475474207,0.561746841173866,0.790129307769171,0.281506851719544,-0.631468316648073,0.280950670407973,-0.631468316648073
"UBE2M","P61081",-0.543977691797981,0.0135762600892714,"Cancer Down",-0.061890808852862,0.568090412679581,0.81908088236789,0.0497275953180529,-0.629981221532443,0.113307125122616,-0.629981221532443
"RPLP2","P05387",0.497442664960314,0.0444656801053065,"Cancer Up",0.328397771135418,-0.300292051911327,0.287991736480059,0.346726581166965,0.628689823046745,0.160558938566325,0.628689823046745
"USP47","Q96K76",-0.478987199607912,0.0206967062218907,"Cancer Down",-0.31101380264121,0.315074125098482,0.231853059003126,0.34544114535359,-0.626087927739691,0.144703527809153,-0.626087927739692
"TUBB4B","P68371",0.43911251502842,0.0116929467030035,"Cancer Up",0.0231133564555535,-0.602335311823683,0.9144416301445,0.0106453211377338,0.625448668279237,0.0507169015796955,0.625448668279237
"DYNLL2","Q96FJ2",-0.524629872297343,0.0205094336842076,"Cancer Down",-0.118080015226798,0.507147209191913,0.666975117046191,0.0815192132744926,-0.625227224418712,0.120478926107247,-0.625227224418711
"APOL1","O14791",2.90917861076883,9.05181113945804e-05,"Cancer Up",-0.0949299865528701,0.530174200302511,0.875019731101035,0.378149142593425,-0.625104186855381,0.463779841735679,-0.625104186855381
"ATP2B4","P23634",0.892025892601406,0.00074233227172645,"Cancer Up",0.248942711674363,-0.37554689880772,0.420208739577894,0.267710463851019,0.624489610482083,0.176529285929419,0.624489610482083
"NDUFB3","O43676",-0.529399468155031,0.0463652939352244,"Cancer Down",0.0424337851463434,0.666702566917568,0.896732566107911,0.0562761665179617,-0.624268781771224,0.191069127852057,-0.624268781771225
"APOM","O95445",2.76828415287128,0.00043104329615536,"Cancer Up",-0.0918740740813142,0.532268735884799,0.904756876437713,0.486848598585251,-0.624142809966113,0.565138730152992,-0.624142809966113
"CTSD","P07339",0.810388138460446,0.00132935410872812,"Cancer Up",0.0896074760465488,-0.533791787485896,0.764139495661026,0.0917672392786105,0.623399263532445,0.153822830242457,0.623399263532445
"NDUFB4","O95168",-0.857238577384397,0.0264794254817111,"Cancer Down",0.231779305500787,0.854494960242199,0.627507687803543,0.0911636479608675,-0.622715654741413,0.367388104878503,-0.622715654741412
"RAB21","Q9UL25",-0.570956685252803,0.018291254076077,"Cancer Down",-0.293006683371935,0.329486190885614,0.310738455574021,0.271408806357465,-0.622492874257549,0.138523902554338,-0.622492874257549
"ACAA1","P09110",-0.521074674001035,0.0400383605916834,"Cancer Down",-0.72100148101427,-0.0998586477360703,0.0241180097340308,0.759737828264737,-0.621142833278199,0.171425557376672,-0.6211428332782
"C8G","P07360",1.46610623989603,0.00018197986641044,"Cancer Up",-0.0719250905271984,0.548149934807793,0.864273697922933,0.214123422163899,-0.620075025334991,0.310048547478983,-0.620075025334991
"TXNRD1","Q16881",-0.372347740791181,0.0371989033072373,"Cancer Down",-0.276856942914229,0.343029508569831,0.224136072958986,0.14771105681951,-0.61988645148406,0.0630662156771452,-0.61988645148406
"ETFDH","Q16134",-0.639599787117181,0.0089231533239035,"Cancer Down",-0.150376049582341,0.466945212269206,0.609114087058198,0.131642032829871,-0.617321261851547,0.151020791224341,-0.617321261851547
"MGLL","Q99685",1.3853714196822,0.00069694918068282,"Cancer Up",0.184520281044144,-0.430985985695262,0.697569420326835,0.463305021363718,0.615506266739406,0.416556606663892,0.615506266739406
"FXR1","P51114",-0.504428365595604,0.0333537805921595,"Cancer Down",-0.202705122493022,0.411224640087301,0.520349474014613,0.362022672999946,-0.613929762580323,0.268515898265886,-0.613929762580323
"RAB1B","Q9H0U4",0.487365271579819,0.0150535831109838,"Cancer Up",0.0444044929470877,-0.569423292791345,0.857038081291058,0.0319950025773014,0.613827785738433,0.0913508648431879,0.613827785738433
"CHORDC1","Q9UHD1",0.604607395998556,0.038779446396829,"Cancer Up",0.319752331636856,-0.292560676028561,0.133001670411603,0.503539274196396,0.612313007665417,0.213302686682708,0.612313007665417
"SUPV3L1","Q8IYB8",-0.629450344071621,0.0145333587198623,"Cancer Down",-0.366963043761086,0.244731127108883,0.203600641449657,0.542763337258866,-0.611694170869969,0.22141886639948,-0.611694170869969
"ACTR3","P61158",0.584692109895585,0.00124392118108228,"Cancer Up",0.522364762067674,-0.0864721858512283,0.0205577847409023,0.698040821813148,0.608836947918903,0.0567651355350639,0.608836947918902
"IQGAP1","P46940",0.865401466536088,0.0035016162322334,"Cancer Up",0.70460458405719,0.0979839296732763,0.0535796119435188,0.788801644455536,0.606620654383914,0.238451660232035,0.606620654383914
"ZBTB9","Q96C00",-0.88714448399365,0.0108826086612726,"Cancer Down",0.0589978110577398,0.664719640121595,0.869970270975,0.20346934985007,-0.605721829063855,0.33872562798244,-0.605721829063855
"RPL30","P62888",-0.689003710320119,0.00224800573318382,"Cancer Down",0.212625893351117,0.817152801313462,0.430392340112242,0.00590850285253381,-0.604526907962345,0.124920243648771,-0.604526907962345
"CUL4A","Q13619",-0.718661223787102,0.0159275973738683,"Cancer Down",0.066182876626339,0.670575899658431,0.853610554687346,0.098045550646489,-0.604393023032092,0.262854808036318,-0.604393023032092
"CRAT","P43155",-0.616903366263898,0.0101096807499543,"Cancer Down",-0.217302131727177,0.385707281999274,0.439019968416627,0.200714649031398,-0.60300941372645,0.146757019793018,-0.603009413726451
"SNCA","P37840",3.66144518914314,2.40128392441218e-08,"Cancer Up",0.231884216863481,-0.370492446366516,0.70473029097887,0.559153286929622,0.602376663229997,0.495141782446208,0.602376663229997
"CAMK2D","Q13557",-0.553033330499439,0.00266546247147176,"Cancer Down",0.137184254011093,0.739208858455473,0.52361403899225,0.00217759863868755,-0.602024604444381,0.0585547356932929,-0.60202460444438
"RPL8","P62917",0.636574025770184,0.0497498720994844,"Cancer Up",-0.00272845292570167,-0.60377530775111,0.993627886512887,0.0917129549936164,0.601046854825409,0.224532951495628,0.601046854825408
"OPA1","O60313",-0.57793172928066,0.0136556815269344,"Cancer Down",-0.251742151684056,0.347491742288142,0.37801832237206,0.24204276151841,-0.599233893972198,0.149389384429586,-0.599233893972198
"PPIB","P23284",1.05536163720897,0.00088730597722549,"Cancer Up",0.540255856917174,-0.0585885484073074,0.156359968884937,0.879856322632695,0.598844405324481,0.271545888423655,0.598844405324481
"GFM1","Q96RP9",-0.457228244320785,0.0268769902258011,"Cancer Down",-0.313088842851808,0.28488513494267,0.253402956549343,0.269201228560561,-0.597973977794478,0.116508200671863,-0.597973977794478
"ACOT9","Q9Y305",-0.638020311472957,0.00049941765712811,"Cancer Down",-0.0506263716592947,0.547297155692792,0.807740821385302,0.0123060549140969,-0.597923527352087,0.048856770308701,-0.597923527352087
"RPLP1","P05386",0.561901396927144,0.0119031578949581,"Cancer Up",0.244480084748577,-0.352968117664435,0.358882299096506,0.203559871919463,0.597448202413013,0.124184679225384,0.597448202413012
"TALDO1","P37837",0.792989225515747,0.00117246004511312,"Cancer Up",-0.0059562321521156,-0.602885404864882,0.983473652845207,0.0501095018458865,0.596929172712766,0.156332726208579,0.596929172712766
"PLAA","Q9Y263",-0.559230848417677,0.0202183876613911,"Cancer Down",-0.15693546787838,0.43745348849572,0.583725999690638,0.157273766607188,-0.5943889563741,0.161379343867978,-0.5943889563741
"FHL1","Q13642",-0.579815761236297,0.00470438311064556,"Cancer Down",0.0194603523259964,0.611895698429183,0.936237551333969,0.0204271451841934,-0.592435346103187,0.0984275860417257,-0.592435346103187
"CLEC3B","P05452",1.80397353796198,1.91544955413916e-05,"Cancer Up",0.558016386056572,-0.0342174878136632,0.238191679944765,0.943593106136862,0.592233873870235,0.381711188652392,0.592233873870235
"GARS1","P41250",-0.648456472462431,0.00138304255777843,"Cancer Down",-0.0425387014009715,0.547317720543763,0.857254975588263,0.0317109659714518,-0.589856421944734,0.0908718795609697,-0.589856421944735
"ESYT1","Q9BSJ8",0.891086396573922,0.00423170112326957,"Cancer Up",-0.0097277445814079,-0.598052037865415,0.979219637349091,0.129336923501092,0.588324293284007,0.27855414719012,0.588324293284007
"RAP1B","P61224",1.23237139702715,0.00042382954533836,"Cancer Up",0.264225938658921,-0.322393108140595,0.525544859404485,0.454747291988143,0.586619046799516,0.329697695111375,0.586619046799516
"TUBA4A","P68366",-0.584842842407305,0.0214034646311794,"Cancer Down",-0.098982734186702,0.487345974285216,0.747747144957919,0.133170659942542,-0.586328708471918,0.191725265500188,-0.586328708471918
"SYNJ2BP","P57105",-0.604257181253008,0.00267301408389259,"Cancer Down",-0.00523428575118245,0.580316889162951,0.982376430299052,0.0236791233431324,-0.585551174914134,0.0938316065998086,-0.585551174914133
"CAND1","Q86VP6",1.0082722646765,2.95156187575799e-05,"Cancer Up",0.238053748133975,-0.346139152526497,0.382858271067787,0.223039010421051,0.584192900660472,0.141553787325258,0.584192900660472
"HSPA12A","O43301",2.5060979906118,0.00082541844936534,"Cancer Up",0.0971282378001632,-0.486940675695216,0.868267259923852,0.460315453842476,0.584068913495379,0.508560962478701,0.584068913495379
"ACAD8","Q9UKU7",-0.989051807290739,0.00279551835933567,"Cancer Down",-0.493580650602837,0.0899722149384843,0.224203674686373,0.825798672083379,-0.583552865541321,0.31239553527864,-0.583552865541321
"MYO1C","O00159",1.34546755049155,0.00057920392742909,"Cancer Up",0.0888821858781519,-0.491927542895066,0.843532214790346,0.295577453270137,0.580809728773218,0.373256017349397,0.580809728773218
"PPM1B","O75688",-0.484535376194643,0.0358261823338878,"Cancer Down",-0.532292791256253,0.0482694111135373,0.0666894526859413,0.888960281116706,-0.580562202369791,0.199728139076609,-0.58056220236979
"MFAP4","P55083",1.90435933319421,0.0137891410266333,"Cancer Up",0.238957643031945,-0.341156255974692,0.731579641602567,0.620302701673288,0.580113899006637,0.554401337291124,0.580113899006637
"PEA15","Q15121",1.77424526263918,5.17488402832277e-05,"Cancer Up",0.265770537403416,-0.312286727813994,0.549549522795759,0.529651366760457,0.57805726521741,0.387357995799787,0.57805726521741
"METTL26","Q96S19",-0.5316497445327,0.0209068915436633,"Cancer Down",-0.433672341862767,0.143509572059621,0.121616585064521,0.650354297357018,-0.577181913922388,0.175029223188346,-0.577181913922388
"ECPAS","Q5VYK3",-0.808710701784467,0.00022350146542965,"Cancer Down",-0.1532110098624,0.422184348847331,0.548275235472152,0.126520135619714,-0.575395358709731,0.12913314691457,-0.575395358709731
"CYB5B","O43169",-1.45607397307276,8.39814618535366e-07,"Cancer Down",-0.255964127764134,0.319048756801909,0.420746828421589,0.333341804189973,-0.575012884566043,0.212410251118236,-0.575012884566043
"RPS14","P62263",0.590759084304256,0.0112849425126664,"Cancer Up",0.273457912577609,-0.300237535466309,0.254668556840739,0.21374101509584,0.573695448043917,0.0960597101648248,0.573695448043918
"STEAP4","Q687X5",0.940745343106386,0.00127301175481828,"Cancer Up",0.0923778677779019,0.663486574997503,0.771547618024745,0.327738766995842,-0.571108707219601,0.444565846786301,-0.571108707219601
"ANP32A","P39687",0.937327637192602,1.35880277875415e-05,"Cancer Up",0.179548604034039,-0.389837611729504,0.451972843026423,0.140321638513374,0.569386215763544,0.113385534633873,0.569386215763543
"TRAP1","Q12931",-0.647334485294923,0.00472061660966227,"Cancer Down",-0.0803714651736556,0.489000017769406,0.764907199278516,0.0950210532928159,-0.569371482943062,0.153893413363803,-0.569371482943062
"ARHGAP1","Q07960",1.29393816715852,6.70839207193144e-06,"Cancer Up",0.534040846990418,-0.0352435469958827,0.0978940752179549,0.913905646981858,0.569284393986301,0.215283123250419,0.569284393986301
"ATP1B1","P05026",-0.792372942877478,0.00471018339646713,"Cancer Down",-0.167284280748817,0.401594235021932,0.596007086932886,0.252529839832246,-0.568878515770749,0.230650032587161,-0.568878515770749
"FH","P07954",-0.459018812989175,0.0125218698441751,"Cancer Down",-0.0149367056347742,0.551104432085481,0.946503682350294,0.022321628278583,-0.566041137720255,0.0851154916325755,-0.566041137720255
"LYZ","P61626",1.19532798973583,0.00230148871395973,"Cancer Up",0.139963376769407,-0.424057172966315,0.705802584915078,0.273446438932142,0.564020549735723,0.294474286272344,0.564020549735722
"EIF4G1","Q04637",-0.514893036123883,0.00302356765344703,"Cancer Down",-0.242547885322981,0.319251945969082,0.242360788201885,0.139799057752011,-0.561799831292063,0.064582874480949,-0.561799831292063
"ELOC","Q15369",-0.518375949529609,0.0241504417726234,"Cancer Down",-0.100911774736524,0.45884766923762,0.720235664890834,0.122822933288143,-0.559759443974144,0.173849986782552,-0.559759443974144
"NLRX1","Q86UT6",-0.82562656411536,0.00410727821938861,"Cancer Down",-0.157657528558115,0.399407860611309,0.632363149105459,0.350972909564294,-0.557065389169423,0.305301543601698,-0.557065389169424
"PPP2CA","P67775",-0.356444504521324,0.0212290845806467,"Cancer Down",-0.171304175061994,0.381002874521059,0.372535809079053,0.0612672844668863,-0.552307049583053,0.0516557836205319,-0.552307049583053
"DNM1L","O00429",-0.478371667386551,0.0270731659260664,"Cancer Down",-0.145189976711823,0.407046795974189,0.560994703567278,0.121860928199986,-0.552236772686012,0.130864748394676,-0.552236772686012
"NDUFA4","O00483",-1.16940895946322,1.08148728481707e-05,"Cancer Down",-0.0896361925395688,0.462366869689209,0.754772433865403,0.126783831588219,-0.552003062228778,0.187600269598442,-0.552003062228778
"STX7","O15400",0.633560524358053,0.0216844965993463,"Cancer Up",0.243457391680543,-0.30850568593323,0.473171605033459,0.380756105192017,0.551963077613774,0.261513860530886,0.551963077613773
"HNRNPA1","P09651",0.807509647005539,0.00042730830360626,"Cancer Up",0.118250088063185,-0.431336074604964,0.652364883915851,0.119382501017516,0.549586162668149,0.152251530197088,0.549586162668149
"HINT3","Q9NQE9",-0.991585798878056,0.00035550044913285,"Cancer Down",-0.0322013019355119,0.514147323865863,0.922030719986637,0.15168183736258,-0.546348625801375,0.262278191254757,-0.546348625801375
"NDUFS6","O75380",-0.646447964560341,0.0347969864811593,"Cancer Down",-0.0942904475081434,0.451699564184107,0.800990247542811,0.248457694986467,-0.54599001169225,0.314440249523721,-0.54599001169225
"CSRP1","P21291",1.81071525160567,1.8946006893792e-06,"Cancer Up",0.0715750921109652,-0.47387954111457,0.85583125930889,0.25036552373833,0.545454633225535,0.339668745111384,0.545454633225535
"A2M","P01023",3.1785606684349,5.43276398708175e-07,"Cancer Up",0.48526915726324,-0.058541293289867,0.460161992726759,0.931058367426225,0.543810450553107,0.564444625828383,0.543810450553107
"HADHA","P40939",-0.578040574432212,0.00122748753106788,"Cancer Down",-0.0865213476326048,0.454712688503211,0.666369216904872,0.0349430296601855,-0.541234036135815,0.0682662664841934,-0.541234036135816
"FSCN1","Q16658",1.50644015185889,1.12986628813314e-05,"Cancer Up",0.840430399738615,0.299832431088564,0.027411066680121,0.429844236305518,0.540597968650051,0.307813908145103,0.540597968650051
"PPP1R12B","O60237",1.00890965457033,0.0406768288939106,"Cancer Up",-0.283724937812504,0.25584355552024,0.606865784171176,0.615527920192629,-0.539568493332744,0.473746808086932,-0.539568493332744
"SLC25A13","Q9UJS0",-0.591823202438626,0.0335852746318663,"Cancer Down",-0.087282833352841,0.45193216095338,0.789222464097057,0.21523351649777,-0.539214994306221,0.272097894983797,-0.539214994306221
"CORO1B","Q9BR76",1.31146061403918,0.0133062407151269,"Cancer Up",0.295065680093625,-0.241019341083366,0.511061000958102,0.639979630988123,0.536085021176991,0.434360190868207,0.536085021176991
"RABGGTA","Q92696",-0.400675143118349,0.011237714807001,"Cancer Down",-0.139846301353369,0.396221616820334,0.483276902547445,0.0917206981036379,-0.536067918173703,0.0858043039362407,-0.536067918173703
"CLTC","Q00610",0.622491692387559,0.00630801866107553,"Cancer Up",0.475639301582731,-0.05647114037561,0.0967462702492861,0.84526943299346,0.532110441958341,0.192476599481446,0.532110441958341
"GNG12","Q9UBI6",1.04250267285016,0.00025034757457437,"Cancer Up",0.206375415651493,-0.324484912107305,0.523691597202347,0.334795732565343,0.530860327758798,0.257970418528721,0.530860327758798
"PFKFB2","O60825",-0.473157114476507,0.0362037999283733,"Cancer Down",-0.373319859560393,0.156716023985727,0.171945727862724,0.610941719376912,-0.53003588354612,0.201407447857884,-0.53003588354612
"RPS6KA3","P51812",-0.435216896053873,0.0481598189489408,"Cancer Down",-0.21274912944456,0.31637651561179,0.438064290218661,0.280642855123592,-0.52912564505635,0.190880127546995,-0.52912564505635
"APOO","Q9BUR5",-0.737220452354901,0.016868620880995,"Cancer Down",-0.0437529032382358,0.483310524464724,0.903767837312885,0.215453385683049,-0.527063427702959,0.3226261880368,-0.52706342770296
"ECI2","O75521",-0.919154129438446,0.00190601651355665,"Cancer Down",-0.124955347147637,0.401783722145542,0.717526280967506,0.278558315843199,-0.526739069293178,0.300281934765986,-0.526739069293179
"MT-ND3","P03897",-1.0523041841252,0.0305701146508023,"Cancer Down",0.0194820801249769,0.544956430607346,0.973569921942358,0.403291995921447,-0.525474350482369,0.549429229804306,-0.525474350482369
"COPS5","Q92905",-0.407557720048583,0.00549023920002783,"Cancer Down",-0.127333821794878,0.39778645799964,0.479592679924542,0.0389522687821601,-0.525120279794518,0.0492023966245168,-0.525120279794518
"HSPB2","Q16082",-0.560750915154454,0.0029624113076159,"Cancer Down",-0.0935412124598187,0.430491800282095,0.662311197586474,0.0760192543365523,-0.524033012741913,0.107887701697639,-0.524033012741914
"PFKL","P17858",-0.78823834518251,0.00336185279013432,"Cancer Down",-0.207380571637671,0.316121336895044,0.512479531531389,0.336689739584005,-0.523501908532715,0.254170815915099,-0.523501908532715
"CPT2","P23786",-0.793324923113257,0.00305804433081215,"Cancer Down",-0.0220065448238103,0.501433109328328,0.943523189897576,0.12640096243769,-0.523439654152138,0.247105611249673,-0.523439654152138
"PMPCB","O75439",-0.463689828935861,0.00518466136982564,"Cancer Down",-0.0233010127441595,0.499614648036717,0.904008851431528,0.0191207928668625,-0.522915660780876,0.0700664285630041,-0.522915660780876
"LRG1","P02750",1.91731209116508,2.25886619266934e-05,"Cancer Up",0.366920004012343,-0.155769044473846,0.469523496108847,0.765809931350387,0.522689048486189,0.473964330542176,0.522689048486189
"MYH14","Q7Z406",-1.00743133795255,0.00012321958672683,"Cancer Down",-0.199253851477927,0.320710547075112,0.496590893557187,0.333039392905108,-0.519964398553039,0.242722614676574,-0.519964398553039
"CISD1","Q9NZ45",-0.782493198272554,0.00048766574083993,"Cancer Down",0.101413827093772,0.618163971763384,0.685621171481572,0.0263344823171543,-0.516750144669611,0.1643681807089,-0.516750144669612
"BLVRB","P30043",1.53275341801226,0.00013730159982113,"Cancer Up",0.00907159975844252,-0.506728806241682,0.984201949218759,0.289851290816042,0.515800406000125,0.436419303764931,0.515800406000125
"ACY1","Q03154",-0.530806928615633,0.0401172183370698,"Cancer Down",0.0447677253898284,0.556214442464611,0.877386529067636,0.0717222684355562,-0.511446717074783,0.226441545634154,-0.511446717074783
"APMAP","Q9HDC9",1.42992557054924,0.00012894135821744,"Cancer Up",0.118480581002505,-0.392436394928712,0.777284106999376,0.368309261736987,0.510916975931217,0.399248681765395,0.510916975931217
"PRKAR2A","P13861",-0.621627786402001,0.00096239298392841,"Cancer Down",-0.20459957878953,0.306278363394451,0.340653007172939,0.171644019492245,-0.510877942183981,0.103460028314171,-0.510877942183981
"IARS2","Q9NSE4",-0.442132999903521,0.0179206776579426,"Cancer Down",-0.0303133105753624,0.477630253405927,0.893726304376887,0.0492395739807311,-0.507943563981289,0.127382567146132,-0.507943563981289
"GLS","O94925",-0.692176866498951,0.017014810732799,"Cancer Down",0.153848171604178,-0.353556153179976,0.639853745522513,0.41040130917812,0.507404324784154,0.350338246940085,0.507404324784154
"IDH3G","P51553",-0.568460715377267,0.0469786833210295,"Cancer Down",-0.0546962991749957,0.452442627303601,0.869503208356906,0.223635811173891,-0.507138926478596,0.310450354438796,-0.507138926478597
"SLC16A1","P53985",-0.841187003109678,0.0119800832565364,"Cancer Down",0.197187491931267,0.703888158345961,0.629373521899881,0.103179260434497,-0.506700666414694,0.390894227626482,-0.506700666414694
"HEBP1","Q9NRV9",1.48933432229033,0.00014857277549778,"Cancer Up",0.0305839945185227,-0.476079273910173,0.942982533791134,0.28674089558361,0.506663268428696,0.413019645987673,0.506663268428696
"STRAP","Q9Y3F4",-0.321781637566069,0.0496898390597247,"Cancer Down",-0.138575453620746,0.367391481209804,0.494714010054575,0.086887788682546,-0.50596693483055,0.0898346914456932,-0.50596693483055
"STX4","Q12846",-0.763726392416693,0.00306394281544489,"Cancer Down",-0.237419359820294,-0.742915926399764,0.380294257652572,0.1493039936259,0.50549656657947,0.37618188051877,0.50549656657947
"PPBP","P02775",2.76282692577983,0.00559669851583204,"Cancer Up",0.00363273546872378,0.509117080629679,0.995144425525211,0.392088871693481,-0.505484345160955,0.548618206156924,-0.505484345160955
"TTLL12","Q14166",0.77478238450677,0.00732923591657328,"Cancer Up",-0.204989958583743,0.298266897044456,0.46317710530031,0.53187578067504,-0.5032568556282,0.366132338202117,-0.503256855628199
"METAP2","P50579",-0.486499280441294,0.0199306670505993,"Cancer Down",-0.176648804864769,0.32487026461903,0.494021879416429,0.240771249510456,-0.501519069483798,0.188499663392905,-0.501519069483799
"PPA1","Q15181",0.395729188485145,0.0180758724911777,"Cancer Up",0.125018111504442,-0.375679984743044,0.534391353588855,0.0781067547831246,0.500698096247486,0.0906361664451456,0.500698096247486
"VAMP2","P63027",0.500704349920397,0.025281307942998,"Cancer Up",-0.0642888991064581,-0.559102095603116,0.814022656231941,0.0687898972049685,0.494813196496658,0.22715207943063,0.494813196496658
"MANF","P55145",0.877159987462848,0.0264487322813893,"Cancer Up",0.554412118442713,0.060099338095112,0.225383943373916,0.908834132587371,0.494312780347601,0.476611076683139,0.494312780347601
"AIMP2","Q13155",-0.640505620511352,0.00319861913863548,"Cancer Down",-0.0298530727899724,0.464195435563258,0.908364391570463,0.100495282809126,-0.494048508353231,0.198553652166257,-0.49404850835323
"CRIP2","P52943",1.71023586531766,6.10900530994029e-06,"Cancer Up",0.236546561275361,-0.257093590425985,0.520744000041123,0.500132090685748,0.493640151701346,0.353569479370801,0.493640151701346
"C3","P01024",3.19193426418398,4.67430559037507e-07,"Cancer Up",0.387553248473317,-0.105774200347291,0.563796007021593,0.878667762853462,0.493327448820608,0.609408629478829,0.493327448820608
"RSU1","Q15404",0.688713493875248,0.00519077706049727,"Cancer Up",0.0880641910509787,-0.403771542547627,0.752977995239012,0.169791645744104,0.491835733598606,0.227412900073904,0.491835733598606
"ARPC5","O15511",2.27300554019482,2.09111284945263e-05,"Cancer Up",0.279994509706594,-0.20882999348699,0.507891002350863,0.658066441486676,0.488824503193584,0.441655408138597,0.488824503193584
"SEPTIN2","Q15019",0.488799419617806,0.0113661297748552,"Cancer Up",0.349867948171902,-0.138775298826424,0.140735050294321,0.566081653458213,0.488643246998326,0.152364723041275,0.488643246998326
"IAH1","Q2TAA2",-0.539226964902987,0.039855826818357,"Cancer Down",-0.165774064749886,0.322201012952839,0.587545654608061,0.311387950026948,-0.487975077702725,0.271041310600992,-0.487975077702725
"EHBP1L1","Q8N3D4",-0.795557483271281,0.00024834435986103,"Cancer Down",-0.105219779384321,0.381480593776846,0.67110400946218,0.189817181563884,-0.486700373161167,0.205213424096601,-0.486700373161167
"ATP5MF","P56134",-0.447117410621019,0.0289613251317585,"Cancer Down",-0.0999793592724494,0.383189977568151,0.674740180044313,0.127170031780423,-0.4831693368406,0.165159436004258,-0.4831693368406
"SEC22B","O75396",0.459128152661545,0.00534921778955533,"Cancer Up",0.269625251464419,-0.213308114734538,0.18048261854058,0.302764912519171,0.482933366198957,0.0982801947401899,0.482933366198957
"AIMP1","Q12904",-0.50899843867467,0.00981529338820267,"Cancer Down",-0.0611884413265322,0.421081524790782,0.798534362570659,0.107751541312238,-0.482269966117315,0.175865813471684,-0.482269966117314
"CLIP1","P30622",-0.578830186012251,0.00616368702991853,"Cancer Down",-0.387277892669736,0.0942004257868518,0.139591369113828,0.723658556606936,-0.481478318456588,0.199708973611358,-0.481478318456588
"NEK9","Q8TD19",-0.632453771779678,0.00095634556232981,"Cancer Down",-0.0568948699282519,-0.53777050808262,0.791486017359224,0.095336542114849,0.480875638154368,0.212453585227155,0.480875638154368
"PANK4","Q9NVE7",-0.570979979761681,0.0168686473400851,"Cancer Down",-0.197304163547621,0.283557524580221,0.501637595485897,0.365451836543274,-0.480861688127842,0.265358558721921,-0.480861688127842
"PSPC1","Q8WXF1",-0.636346256887306,0.0360462587684493,"Cancer Down",-0.140724174960429,0.339400197232861,0.757211805676927,0.374602541891295,-0.48012437219329,0.421882675609632,-0.48012437219329
"JAGN1","Q8N5M9",-0.431894211254054,0.0324384211074803,"Cancer Down",-0.31738469111907,0.15916457681179,0.220886958544163,0.608597837210393,-0.47654926793086,0.242473537335281,-0.47654926793086
"STXBP3","O00186",-0.44553384909544,0.0337357628164488,"Cancer Down",-0.0894608098205829,0.386815125530148,0.720454592938922,0.193600329026753,-0.476275935350731,0.222331350228688,-0.476275935350731
"HSPA2","P54652",-0.843142647357062,0.0099249785329704,"Cancer Down",-0.294067579027327,0.182159917025803,0.452429763245934,0.660561028215005,-0.476227496053131,0.405073983151313,-0.47622749605313
"DLST","P36957",-0.568471388540836,0.0110173653586807,"Cancer Down",-0.00127934599464652,0.471264625332761,0.995914548026196,0.0761955270869675,-0.472543971327408,0.195259177644126,-0.472543971327407
"PSMD11","O00231",-0.338816089889335,0.0306157818875286,"Cancer Down",-0.157117529291302,0.315268968746302,0.428347874275528,0.13012225691745,-0.472386498037604,0.103994398386935,-0.472386498037604
"NDUFS4","O43181",-0.634945973788927,0.0496377869488836,"Cancer Down",0.146651304968309,0.618871323020883,0.701537727484555,0.135597713906199,-0.472220018052575,0.400285062113114,-0.472220018052574
"ALDH4A1","P30038",-0.488562517780547,0.0153438000560664,"Cancer Down",-0.135259633930321,0.335520832928442,0.570393768907448,0.179321908070913,-0.470780466858763,0.175571345512405,-0.470780466858763
"EHD4","Q9H223",0.907768426869509,0.00226874260372,"Cancer Up",0.387678516408481,-0.0825007026732543,0.244461512276402,0.808711315649542,0.470179219081736,0.324983472394372,0.470179219081735
"COPS7A","Q9UBW8",-0.528394373579712,0.00138299489216076,"Cancer Down",-0.150291063663595,0.318887035122835,0.432472840476819,0.123235971238282,-0.469178098786429,0.0995596370846958,-0.46917809878643
"AP1B1","Q10567",0.868692280103325,0.0129302010195941,"Cancer Up",0.442392979900418,0.908892693989984,0.189705372493319,0.0183849465152536,-0.466499714089565,0.348807312599105,-0.466499714089566
"IGKV3-15","P01624",3.46440782560551,8.83050417798589e-08,"Cancer Up",0.0380892911237396,-0.428222554546508,0.951236574973451,0.508032594730721,0.466311845670248,0.603713306968718,0.466311845670248
"FHOD1","Q9Y613",-0.70716148096357,0.00364484448648656,"Cancer Down",-0.0963964634433303,0.369362413178195,0.744584777378813,0.246976679949918,-0.465758876621525,0.286184256381274,-0.465758876621525
"CHP1","Q99653",-0.440923487881843,0.0193104054228308,"Cancer Down",-0.174242996113012,0.290516057293443,0.438831087838215,0.251613237750213,-0.464759053406455,0.173737488735064,-0.464759053406455
"MTPN","P58546",0.543039180313897,0.00153017912920501,"Cancer Up",0.142847017176493,-0.321700032268478,0.440088299811532,0.0990984243498392,0.46454704944497,0.0873607736820206,0.464547049444971
"HMGB1","P09429",0.480710280981132,0.0061636689460863,"Cancer Up",0.0919949454309013,-0.372032706041676,0.656636333877082,0.0896905081100277,0.464027651472577,0.126178712284902,0.464027651472577
"AKR1C3","P42330",1.58151669205492,0.00054852153037471,"Cancer Up",0.293821598607948,-0.166941390955607,0.555133989232213,0.745411793263842,0.460762989563555,0.520428836467883,0.460762989563555
"CACNA2D1","P54289",-0.424464899124413,0.0179258411352522,"Cancer Down",-0.295138511241252,0.165144999502665,0.18282636010213,0.466478435178256,-0.460283510743917,0.149894648274858,-0.460283510743917
"THBS1","P07996",2.71182927338693,0.0246658667611207,"Cancer Up",0.370055328892146,-0.0859811021747525,0.556190533296858,0.878233307926187,0.456036431066899,0.588833676853734,0.456036431066899
"RAB1A","P62820",1.13434606692361,6.02470183872473e-06,"Cancer Up",0.193631836388828,-0.262134535707332,0.481366889279907,0.383584668587796,0.455766372096161,0.266081325163204,0.45576637209616
"CACNB1","Q02641",-0.683728019413618,0.0072493480656437,"Cancer Down",-0.293057967355214,0.160817063044643,0.346901728541212,0.642242921864381,-0.453875030399857,0.331877670514705,-0.453875030399857
"SCCPDH","Q8NBX0",-0.648071083475784,0.00295295296419916,"Cancer Down",0.108229048995309,0.558773221065202,0.663918394514536,0.0366511599998209,-0.450544172069893,0.214163076357855,-0.450544172069893
"ARPC2","O15144",0.490430631474279,0.0328832192643107,"Cancer Up",0.648304315715251,0.199055449692676,0.0295351132373425,0.524137150183215,0.449248866022575,0.292239088609019,0.449248866022575
"TPP1","O14773",0.782684694590987,0.0155908864902619,"Cancer Up",-0.0604302630674027,-0.509159006449412,0.863251668541439,0.190350652611895,0.448728743382009,0.390608305033796,0.448728743382009
"KLKB1","P03952",1.71470348812735,0.0477168049574115,"Cancer Up",-0.121478508214128,0.324454996355112,0.821118664409085,0.544124910004598,-0.44593350456924,0.556883606643078,-0.44593350456924
"OPLAH","O14841",-0.613382513139264,0.00352851565735754,"Cancer Down",-0.196141065074393,0.248626141309437,0.415785142788671,0.350041088467368,-0.44476720638383,0.218559046394529,-0.44476720638383
"ATP5F1C","P36542",-0.560687302593013,0.0157597385692191,"Cancer Down",0.0463664597372144,0.490017816058437,0.867073443073062,0.0951832925758163,-0.443651356321222,0.27068472392968,-0.443651356321223
"ANXA6","P08133",0.41657017020454,0.0132960526273013,"Cancer Up",0.106090380267904,-0.335899682101672,0.607530027437495,0.122915060990354,0.441990062369577,0.143536689386982,0.441990062369576
"PTER","Q96BW5",-0.691703067075444,0.00198061846456317,"Cancer Down",-0.250534813324304,0.189350508600224,0.316162646418125,0.601942087377243,-0.439885321924528,0.321047289016205,-0.439885321924528
"PBXIP1","Q96AQ6",-0.549884231435819,0.00324888121589686,"Cancer Down",-0.104131043626946,0.334853001384953,0.629185131888136,0.15097022588435,-0.4389840450119,0.16951841645816,-0.438984045011899
"TBCA","O75347",0.614813717334673,0.00203358888637078,"Cancer Up",0.151961704023559,-0.283386702601803,0.523295948150604,0.25373140843808,0.435348406625362,0.208490421990261,0.435348406625362
"TAGLN","Q01995",2.51590588350053,2.17345451516625e-06,"Cancer Up",0.185676874915348,-0.249481251560244,0.740394354126176,0.667234923946181,0.435158126475592,0.59004726718911,0.435158126475592
"DHRS7","Q9Y394",-0.3964605370494,0.0131579954621414,"Cancer Down",0.166938501292204,0.601488339285439,0.35134954291558,0.00256882982850913,-0.434549837993234,0.097268675953923,-0.434549837993235
"LDB3","O75112",-0.440938760641544,0.0454845590814654,"Cancer Down",0.0352319430540362,0.468833104045352,0.893190296869067,0.113125354464959,-0.433601160991316,0.272048572393476,-0.433601160991316
"ADPRHL1","Q8NDY3",-1.04251612140574,0.00125357401490105,"Cancer Down",-0.246046216156234,0.187291944635003,0.497820774542387,0.638718663861876,-0.433338160791237,0.42305492411834,-0.433338160791237
"VPS4A","Q9UN37",-0.552611460911688,0.00801294919731022,"Cancer Down",-0.265079537900451,0.16807806796621,0.304381729964729,0.594405291697371,-0.433157605866661,0.290876705395406,-0.433157605866661
"SLC2A1","P11166",2.74842633405304,1.98843224190461e-06,"Cancer Up",0.210108931002257,-0.222844138736104,0.699418208474493,0.692309080708007,0.43295306973836,0.580854700799545,0.432953069738361
"PDHA1","P08559",-0.617716804075506,0.0113637688339121,"Cancer Down",0.0205892667993197,0.452539730504135,0.941277875447202,0.125298433729991,-0.431950463704815,0.287573741566526,-0.431950463704815
"COQ7","Q99807",-0.840032770342525,0.0025661090807255,"Cancer Down",0.0313092101935624,0.460657368229363,0.927103961542542,0.197501099664301,-0.4293481580358,0.385108414933939,-0.429348158035801
"PSMD3","O43242",-0.349793401961538,0.0124423610447134,"Cancer Down",-0.02950266680757,0.398656789179267,0.861382531262652,0.0287642116155131,-0.428159455986837,0.0860605423044939,-0.428159455986837
"SORD","Q00796",0.778534278516588,0.00130835816867605,"Cancer Up",-0.736596181346245,-0.309004526973194,0.0113900903169072,0.295580947679986,-0.427591654373051,0.290439916243582,-0.427591654373051
"GSPT1","P15170",-0.389059431449006,0.00462801442965853,"Cancer Down",-0.0304052294336401,0.396817921681727,0.855274369349336,0.0360808786947751,-0.427223151115367,0.0914827235954682,-0.427223151115367
"RYR1","P21817",-0.713115375242719,0.00828276499554051,"Cancer Down",-0.304350682991796,0.122403226237356,0.342316148608371,0.726920466259497,-0.426753909229152,0.370366887841653,-0.426753909229152
"YWHAQ","P27348",0.525813210543852,0.00355475109343694,"Cancer Up",0.313152468200464,-0.112342632620486,0.161097662647579,0.621855930612398,0.42549510082095,0.184961934113968,0.42549510082095
"DNAJB1","P25685",0.724827433194665,0.00998158955010856,"Cancer Up",0.018724188936396,0.442025848185768,0.949870982019731,0.224536688694887,-0.423301659249372,0.367686771114665,-0.423301659249372
"LONP1","P36776",-0.558365171879657,0.00871748266589546,"Cancer Down",0.14395253812279,0.567173270817698,0.581032396496119,0.0421759067322769,-0.423220732694908,0.263459421886777,-0.423220732694908
"IDH3A","P50213",-0.451608682252175,0.029040577251871,"Cancer Down",0.0706047902291651,0.493114759708671,0.773400847598826,0.059426202857886,-0.422509969479506,0.236547098178078,-0.422509969479506
"MPP1","Q00013",1.17172596909192,0.00094291252153616,"Cancer Up",-0.0869812993653589,0.334983076539913,0.829572611453063,0.481561294412198,-0.421964375905272,0.499753330149189,-0.421964375905272
"GANAB","Q14697",0.454263741112598,0.0319049195799426,"Cancer Up",0.265686711385047,-0.156181678052363,0.31482280806933,0.565684457829802,0.42186838943741,0.268281581981631,0.42186838943741
"MRPL46","Q9H2W6",-0.794322460786503,0.01435977865255,"Cancer Down",-0.140113619626696,0.281279428397541,0.70761104823383,0.491941755814973,-0.421393048024237,0.448322166637276,-0.421393048024237
"TGM2","P21980",0.567680693607347,0.0472558134621307,"Cancer Up",0.0148156765582144,0.434689037919831,0.963663947552751,0.215145630704029,-0.419873361361617,0.379778376187184,-0.419873361361617
"CP","P00450",2.70868879834811,3.64421483940026e-07,"Cancer Up",0.512541898984015,0.092896023661531,0.350560283651061,0.869160701737455,0.419645875322484,0.593425275361373,0.419645875322484
"HK1","P19367",-0.443494355294252,0.00634055415422135,"Cancer Down",0.0979139651434053,0.516492938687513,0.618425718687173,0.0156677049782507,-0.418578973544108,0.145486968442256,-0.418578973544108
"HLA-DRA","P01903",0.635434938741817,0.00548151053980923,"Cancer Up",-0.191493903923728,-0.60937510289433,0.469789876344968,0.0528890244239864,0.417881198970601,0.303202272451646,0.417881198970602
"TRIP10","Q15642",-0.560296360395498,0.0029102471064488,"Cancer Down",-0.0504590553921815,0.366155685858381,0.828906813721771,0.122004136526305,-0.416614741250562,0.211650105271445,-0.416614741250562
"GAPVD1","Q14C86",0.651193407165973,0.0295388970970484,"Cancer Up",-0.130869771903226,0.285082342994308,0.751235482269532,0.503721690322743,-0.415952114897534,0.484432596037856,-0.415952114897534
"PCYT2","Q99447",-0.396948107841986,0.0256557424058735,"Cancer Down",-0.184308625826393,0.230903745129261,0.36687284543952,0.329163982236068,-0.415212370955654,0.188008505711914,-0.415212370955654
"RWDD1","Q9H446",-0.647928373441163,0.015349945789984,"Cancer Down",-0.401425146658617,0.0136662357950321,0.191819385848332,0.966510831189312,-0.41509138245365,0.354317142183921,-0.415091382453649
"PRKAR1A","P10644",-0.477593976611889,0.00514676373926157,"Cancer Down",-0.139372788155605,0.2755704136916,0.498645507838158,0.212907683225252,-0.414943201847205,0.17301230518162,-0.414943201847205
"NME1","P15531",0.842473218020878,3.42681117342501e-05,"Cancer Up",0.063888872131713,-0.35009308242854,0.779573019450506,0.145426400874032,0.413981954560253,0.213433327638194,0.413981954560253
"MAP2K6","P52564",-0.548859991692375,0.0174448993020652,"Cancer Down",-0.0349580473360724,0.378950250620733,0.90223525501472,0.218055035915292,-0.413908297956805,0.324057983056296,-0.413908297956805
"ATP5F1D","P30049",-0.78255848773124,0.00371433669286691,"Cancer Down",0.606449008068306,0.19353334243127,0.0697940258612738,0.566013476597848,0.412915665637037,0.380399029895693,0.412915665637036
"DYNC1LI1","Q9Y6G9",-0.557532702842202,0.00096889187499667,"Cancer Down",-0.0491725808376735,0.363454461239744,0.775336851988602,0.0660567058713285,-0.412627042077418,0.117571525739894,-0.412627042077418
"RPL24","P83731",0.624876643039016,0.0193010506872744,"Cancer Up",-0.312822199351235,-0.724685229663873,0.302974590464782,0.0540272761568562,0.411863030312638,0.383292285431584,0.411863030312638
"ATP5MG","O75964",-0.595867620778836,0.0333789331124948,"Cancer Down",0.111158135983455,0.522864665835868,0.740500696621314,0.139299544988091,-0.411706529852413,0.396482259902799,-0.411706529852413
"ALDH16A1","Q8IZ83",0.792957379985872,0.00227972621762144,"Cancer Up",0.199870441809068,-0.211080196361259,0.482213900966472,0.496373040432074,0.410950638170327,0.33097543865072,0.410950638170327
"OPTN","Q96CV9",-0.636639584706518,0.00877819805230822,"Cancer Down",-0.0250332635338957,0.384813280729482,0.9283818880128,0.223060953694829,-0.409846544263377,0.330906625042004,-0.409846544263378
"FBP1","P09467",-0.904192674629225,0.0147916035010662,"Cancer Down",0.312011782671085,0.719681989571715,0.474291251897621,0.0936439440099812,-0.40767020690063,0.500490473874664,-0.40767020690063
"RPS2","P15880",-0.577696741146237,6.48761976730954e-05,"Cancer Down",0.129966670557071,0.537498919979825,0.40080605494611,0.00193105207562548,-0.407532249422754,0.073297486767383,-0.407532249422754
"PRMT5","O14744",-0.409575891337987,0.0156555909728103,"Cancer Down",-0.303786860123843,0.103240772151921,0.152219460211834,0.641780549819708,-0.407027632275764,0.187546784670084,-0.407027632275764
"GNB2","P62879",0.615599907405183,0.0042480132284075,"Cancer Up",0.12280048882652,-0.283817691722497,0.627414960880499,0.282187764884223,0.406618180549017,0.268191979748861,0.406618180549017
"MYLK2","Q9H1R3",-0.815559538291701,0.0277772920708474,"Cancer Down",-0.580464168496661,-0.17898295516359,0.199287720281398,0.706137955046249,-0.401481213333071,0.538398423631437,-0.401481213333071
"CRK","P46108",0.652126147680372,0.0194953470267902,"Cancer Up",0.341666885240906,-0.0597400095810716,0.320365427346473,0.863219865882386,0.401406894821978,0.411854878762158,0.401406894821978
"PMM2","O15305",0.54013383410177,0.00609926912921613,"Cancer Up",0.0239597224900514,0.425170689054941,0.904799735975311,0.0475160254962887,-0.401210966564889,0.170906951960138,-0.40121096656489
"ADH1C","P00326",1.26699052086217,0.00170738914299926,"Cancer Up",-0.233484868416001,-0.631319800405457,0.53946975596743,0.288151955622869,0.397834931989456,0.569921888342305,0.397834931989456
"GLIPR2","Q9H4G4",1.8976989330168,0.0009616191315574,"Cancer Up",0.218219473445046,-0.179274493062998,0.692179410441251,0.755281682588072,0.397493966508044,0.618217461694406,0.397493966508044
"ADD1","P35611",1.78629325086717,6.36709628237393e-06,"Cancer Up",0.231750588878896,-0.16562668071802,0.566856810469625,0.692011335848467,0.397377269596916,0.495505313402025,0.397377269596916
"GPX3","P22352",1.64286907469261,1.3586891120701e-05,"Cancer Up",-0.0289356059573969,-0.424490771432684,0.9443871944955,0.326745506859275,0.395555165475287,0.509142879169817,0.395555165475287
"HPRT1","P00492",1.57248824440942,1.7559437622621e-05,"Cancer Up",0.0299241847890208,-0.365255991946853,0.936718266602413,0.352596271536251,0.395180176735874,0.468246753747676,0.395180176735874
"SDHB","P21912",-0.449010535334473,0.0193534049712693,"Cancer Down",-0.101368146079782,0.292630957610736,0.641911869726187,0.200095427927243,-0.393999103690518,0.214385978882011,-0.393999103690518
"OGDH","Q02218",-0.487356175169399,0.0233950512297464,"Cancer Down",-0.0549411679535794,0.338869341993195,0.826321699291917,0.197200999233122,-0.393810509946775,0.279116942586682,-0.393810509946774
"SNX2","O60749",0.61419786481888,0.0209089206403377,"Cancer Up",0.365480651492522,-0.0264851823748238,0.254893730044334,0.935730825080442,0.391965833867346,0.393787702378748,0.391965833867346
"TNXB","P22105",1.10798194540317,0.0166846706542802,"Cancer Up",0.47457598062816,0.0845315279159458,0.334588202437993,0.860981709516086,0.390044452712214,0.570764967628719,0.390044452712214
"CACNB3","P54284",-0.549002951457421,0.0257413622750957,"Cancer Down",-0.423075608721987,-0.0334584687276767,0.152014337225094,0.92041537778321,-0.389617139994311,0.382281476289611,-0.38961713999431
"ST13","P50502",0.385399312695355,0.0120463803317115,"Cancer Up",0.111449886396361,-0.276442913487102,0.525685850481981,0.134417635508162,0.387892799883463,0.131083532697558,0.387892799883463
"SLC37A4","O43826",-0.757602021711705,0.00184348380720043,"Cancer Down",0.193062890950984,-0.191414959478779,0.465531281837271,0.57717978632104,0.384477850429763,0.37728910441154,0.384477850429763
"GYG1","P46976",-0.632686480894176,0.0177924293349801,"Cancer Down",-0.117385760916783,0.266090285559919,0.711967124014026,0.433263333996534,-0.383476046476702,0.410935553886445,-0.383476046476702
"GPX1","P07203",0.513967843264904,0.00633999149018776,"Cancer Up",0.0794243522235334,-0.300616650674456,0.699493823679207,0.1645091813803,0.38004100289799,0.205051211980732,0.380041002897989
"PTRHD1","Q6GMV3",-0.954385947031994,0.005710146956386,"Cancer Down",0.0882444440776702,0.468138190980191,0.849832348800382,0.322389302517058,-0.379893746902521,0.566534244122664,-0.379893746902521
"SDHA","P31040",-0.475859671096604,0.0141402025790204,"Cancer Down",-0.139808357387317,0.239554688370696,0.544653633038957,0.318458221474683,-0.379363045758012,0.257134945422896,-0.379363045758013
"COX7C","P15954",-0.734233876529533,0.0421687370010098,"Cancer Down",-0.0861165875856784,0.292372152865589,0.843894927134057,0.519608154542798,-0.378488740451267,0.548684197409083,-0.378488740451267
"ATP5ME","P56385",-0.570169741300031,0.0335643203148648,"Cancer Down",0.0296572736254106,0.407889655096451,0.928094484607042,0.23604986722629,-0.37823238147104,0.426351661592163,-0.37823238147104
"SH3BGR","P55822",-0.688098027421329,0.0306225956307246,"Cancer Down",-0.366917346399688,0.0105674952656258,0.322247226460616,0.979163658704126,-0.377484841665314,0.491618220975301,-0.377484841665314
"RPS7","P62081",0.495270690650631,0.044953102511486,"Cancer Up",-0.413291846597595,-0.0381965541667704,0.174611587254361,0.901948279378365,-0.375095292430824,0.387341023204966,-0.375095292430825
"SMIM20","Q8N5G0",-0.492990432750705,0.0436726094754928,"Cancer Down",-0.154533397893577,0.219677833258313,0.586010704970769,0.452773351137827,-0.37421123115189,0.360506977286465,-0.37421123115189
"PACSIN2","Q9UNF0",0.702764523190607,0.00089920251296122,"Cancer Up",-0.133658873528894,-0.50745085768966,0.555860482813964,0.0534705512708519,0.373791984160766,0.276744236453382,0.373791984160766
"MYL12B","O14950",0.79291109242309,0.00097812049273253,"Cancer Up",0.352572315757865,-0.0211630947501007,0.193005856086136,0.93891512637845,0.373735410507965,0.334377500581261,0.373735410507966
"DLAT","P10515",-0.615483601002033,0.00437556588165968,"Cancer Down",-0.00788157502004339,0.365542950386626,0.974601678693091,0.160716267392698,-0.373424525406669,0.29906161685574,-0.373424525406669
"PSMD1","Q99460",-0.356888062784336,0.0291672282858539,"Cancer Down",-0.091629681949442,0.28095658316817,0.647556061752256,0.181512218782094,-0.372586265117612,0.20199738686699,-0.372586265117612
"CSPG4","Q6UVK1",0.983468072496821,0.0130983913945339,"Cancer Up",-0.475168964000915,-0.103479399524906,0.0849748169156947,0.829978158230065,-0.371689564476009,0.501337302279724,-0.371689564476009
"SRL","Q86TD4",-0.438516584047584,0.0217534800889801,"Cancer Down",-0.106549154146403,0.264784301998269,0.642025376565164,0.298246464299086,-0.371333456144672,0.280462646406721,-0.371333456144672
"CSNK2A1","P68400",-0.418468132130531,0.035082184778953,"Cancer Down",-0.153529151882346,0.212865098061535,0.517456734431232,0.440105340569386,-0.36639424994388,0.316231495676839,-0.366394249943881
"ANXA4","P09525",0.93508837492281,0.00068738143354107,"Cancer Up",0.460553995869795,0.094634418738579,0.157015142691518,0.77504528210809,0.365919577131216,0.429032256506475,0.365919577131216
"TMOD1","P28289",1.13600922571347,0.00261201909655992,"Cancer Up",0.527154642000703,0.161561629415541,0.265247412890906,0.731061099033372,0.365593012585162,0.582293111506669,0.365593012585162
"ACAT1","P24752",-0.353113825138728,0.0240703207118591,"Cancer Down",-0.178145464754653,0.186971864676121,0.345828110862342,0.339089571548841,-0.365117329430774,0.182761936614589,-0.365117329430774
"PRUNE1","Q86TP1",-0.360951020174507,0.0470233643725946,"Cancer Down",-0.353795883249155,0.00942063972529894,0.146796978527699,0.97506911970731,-0.363216522974454,0.349282403801626,-0.363216522974454
"ABHD14B","Q96IU4",0.786731365469883,0.00012793791372746,"Cancer Up",0.0541858278752123,-0.307727240691936,0.799969551074313,0.171050940139124,0.361913068567148,0.24485599550476,0.361913068567148
"VARS1","P26640",-0.489468713622838,0.00305890753881244,"Cancer Down",0.310540453440179,-0.0491263606399102,0.125234738938245,0.815860882625158,0.359666814080089,0.22024937415593,0.359666814080089
"CBR1","P16152",0.45107023983141,0.0137931963572728,"Cancer Up",0.346805282519998,-0.0115115168566184,0.126641515885881,0.960116114495196,0.358316799376617,0.268109010361421,0.358316799376616
"EEF1A2","Q05639",-0.541083153211588,0.00906503054788906,"Cancer Down",-0.159478981070663,0.198357511663893,0.516089827171621,0.463920023691737,-0.357836492734556,0.329801818518282,-0.357836492734556
"SERPING1","P05155",3.01095698618722,1.89761599911219e-07,"Cancer Up",0.339020258789422,-0.0184862668191421,0.570015748270888,0.97605306837773,0.357506525608564,0.676821641095791,0.357506525608564
"CLIC5","Q9NZA1",-0.759672544418297,0.00346999299355917,"Cancer Down",-0.118280669308966,0.239032488560493,0.710076343337919,0.482211482087925,-0.357313157869459,0.444123443778843,-0.357313157869459
"PRKDC","P78527",-0.493346351806142,0.0112396990076365,"Cancer Down",0.126210890053979,-0.227485656442166,0.611086149525956,0.423047055759778,0.353696546496145,0.35073672514482,0.353696546496145
"IGHG3","P01860",2.63488804025616,9.59712912939801e-05,"Cancer Up",0.197079792484153,-0.156596417769364,0.774681756311337,0.825966928833513,0.353676210253518,0.721205735412036,0.353676210253517
"PKM","P14618",-0.300018295195326,0.0452249438752932,"Cancer Down",0.144749398667312,0.498045840806803,0.4222640675491,0.0112441400679257,-0.353296442139492,0.177896609831717,-0.353296442139491
"FARSB","Q9NSD9",-0.833878656402224,2.47201378729014e-07,"Cancer Down",-0.054406958734166,0.296159652027008,0.757455721844868,0.101794003308515,-0.350566610761174,0.167082379659615,-0.350566610761174
"ACAT2","Q9BWD1",1.63274607986535,0.00013791627838062,"Cancer Up",-0.186078488603574,-0.53599734711079,0.673783495773088,0.241191087351712,0.349918858507216,0.580181851379791,0.349918858507216
"KRAS","P01116",0.519764266672219,0.0345235313923331,"Cancer Up",-0.102845753239599,0.246068394370372,0.717201943464095,0.429232341135759,-0.348914147609971,0.408796151333495,-0.348914147609971
"TOM1","O60784",-0.533495634680552,0.0195087430060914,"Cancer Down",-0.116634251466245,0.230360352892717,0.679462509090349,0.432096833799488,-0.346994604358962,0.395236177822382,-0.346994604358962
"ILK","Q13418",0.770651753966604,0.00039038922646364,"Cancer Up",0.0976594950977869,-0.246258596061296,0.697701865133537,0.346957057309238,0.343918091159082,0.344941313735131,0.343918091159083
"GLRX3","O76003",0.359162123876612,0.0448725769322321,"Cancer Up",0.129151393246278,-0.214562349907048,0.502092385761807,0.309465795998871,0.343713743153327,0.231663466669342,0.343713743153326
"CASQ2","O14958",-0.675584686090641,0.0140683532484223,"Cancer Down",-0.258173292351131,0.0828672839044131,0.421184977425352,0.813689015301838,-0.341040576255544,0.474556714913472,-0.341040576255544
"NIT1","Q86X76",-0.641735933427938,0.010945526062627,"Cancer Down",0.0343266502154052,0.375287437961475,0.911230898408317,0.244350806370067,-0.34096078774607,0.443853354542027,-0.34096078774607
"IFITM1","P13164",0.955308339059288,0.00197616915183517,"Cancer Up",0.0500177918838176,-0.289740773862333,0.872339804841815,0.452758215901195,0.33975856574615,0.493676163006071,0.339758565746151
"TIMM50","Q3ZCQ8",-0.730305395572135,0.00865554455215128,"Cancer Down",0.0492464441764646,0.38853264822465,0.896028319402848,0.304296606775545,-0.339286204048186,0.524359736319279,-0.339286204048185
"SEC24C","P53992",-0.34746769024372,0.0194127340378859,"Cancer Down",-0.0256317667800356,0.311598590492926,0.890109168159225,0.138732958280985,-0.337230357272961,0.230331254348097,-0.337230357272962
"PRKAG1","P54619",-0.617181241131284,0.0396776512123645,"Cancer Down",0.114560932612569,0.451690649322796,0.756965986826449,0.256348793265298,-0.337129716710226,0.533790841487666,-0.337129716710227
"ELOB","Q15370",-0.586946496429054,0.00224781547822715,"Cancer Down",-0.00988545840555588,0.325944921400961,0.963464758800424,0.151683746105505,-0.335830379806517,0.284324672868027,-0.335830379806517
"ATP5PO","P48047",-0.422160990181251,0.0310921696697534,"Cancer Down",0.0417733441546524,0.376869548078513,0.857582154943728,0.125237425103368,-0.335096203923861,0.321152193043743,-0.335096203923861
"STAM","Q92783",0.755243603682171,0.00085138383380867,"Cancer Up",-0.192517122575847,0.14195712814462,0.402962638629491,0.590611888397701,-0.334474250720467,0.341640909185352,-0.334474250720467
"GCLM","P48507",0.932406326602678,0.0030355515740139,"Cancer Up",-0.191767803906458,0.140102130855734,0.60562251625407,0.722464324188404,-0.331869934762192,0.540849216740252,-0.331869934762192
"AUH","Q13825",-0.615995876804462,0.038313912273391,"Cancer Down",0.280093384921337,0.611825073369133,0.457349332325069,0.0966793508172366,-0.331731688447796,0.523891752986826,-0.331731688447796
"EPRS1","P07814",-0.628682592887973,0.00025451738582937,"Cancer Down",0.061061685355611,0.392639929879568,0.765222704361159,0.0710995884906835,-0.331578244523957,0.264594034423646,-0.331578244523957
"SGCG","Q13326",-0.547179200321555,0.0359389377236535,"Cancer Down",-0.123459165635872,0.206882601543821,0.622160248775821,0.610985771036161,-0.330341767179693,0.490575882274242,-0.330341767179693
"SERPINF1","P36955",2.06358730230679,2.58661034791949e-06,"Cancer Up",0.375209274725883,0.0453592381891745,0.430109829495352,0.926161081654902,0.329850036536708,0.628627512850882,0.329850036536709
"H6PD","O95479",-0.41245761085818,0.0126424614841283,"Cancer Down",-0.187603204548218,0.140944627169677,0.352816455612004,0.49841301680814,-0.328547831717895,0.259842240035448,-0.328547831717895
"FBLN2","P98095",1.09854575872629,0.00010754576574924,"Cancer Up",0.0924292006949585,-0.23357391576522,0.759484577538821,0.456460341242311,0.326003116460178,0.454839648553764,0.326003116460178
"PYGL","P06737",0.757392448803568,0.00018214249441591,"Cancer Up",-0.162274793360709,-0.48568868633042,0.430461493068144,0.0280014973197538,0.323413892969711,0.277212971206742,0.323413892969711
"SYPL2","Q5VXT5",-0.892396695496775,9.20791172045448e-05,"Cancer Down",-0.11060903167925,0.208983657935345,0.657384659234868,0.448442708968762,-0.319592689614595,0.391430746415219,-0.319592689614595
"SRPRB","Q9Y5M8",-0.548101656272642,0.00516791302878777,"Cancer Down",0.0206560529342283,0.336050794207679,0.932209643868333,0.235299655675346,-0.315394741273451,0.39736047361553,-0.315394741273451
"VCP","P55072",0.349934511640562,0.0143753914510937,"Cancer Up",0.0732787277307914,-0.239233886434441,0.679378324432651,0.198031213249718,0.312512614165232,0.225848597841675,0.312512614165232
"MCCC2","Q9HCC0",-0.675195961919801,0.0175746863490488,"Cancer Down",-0.288191215439653,0.020510048878247,0.32826495562961,0.945144014280036,-0.3087012643179,0.461804120994436,-0.3087012643179
"SLC25A3","Q00325",-0.62661454596499,0.00114474788169279,"Cancer Down",0.174770372436164,0.482779081089213,0.426631431288252,0.0397815432885036,-0.308008708653048,0.331565758153728,-0.308008708653049
"PADI2","Q9Y2J8",-0.435740079222143,0.0340239240573561,"Cancer Down",0.0840379626800711,0.391298585308895,0.725242927601741,0.144891014917043,-0.307260622628824,0.390479171473859,-0.307260622628824
"ALDH1B1","P30837",-0.854400056468929,0.0054013662549428,"Cancer Down",0.537031661836654,0.840589651995604,0.0988341108313521,0.017990988950762,-0.30355799015895,0.514004778931748,-0.30355799015895
"FBLN1","P23142",1.98054203841128,4.47981833219409e-07,"Cancer Up",0.311657041025995,0.0102602687955056,0.444872342380746,0.980508525393482,0.30139677223049,0.606641007528964,0.301396772230489
"GMPR2","Q9P2T1",0.984953432161705,0.0208189529099269,"Cancer Up",-0.33341758943725,-0.634384689613329,0.485604901536301,0.137765547504463,0.300967100176079,0.634279742805027,0.300967100176079
"MICOS13","Q5XKP0",-0.609299154298462,0.047821377646015,"Cancer Down",-0.0147682291674371,0.285200498886613,0.970350894466012,0.492042704294732,-0.299968728054051,0.601750239996729,-0.29996872805405
"PICALM","Q13492",1.1145456863004,0.00236851037876817,"Cancer Up",0.316565843734999,0.017088208914128,0.429207324298226,0.968080555233759,0.299477634820871,0.608848749540384,0.299477634820871
"EIF2S1","P05198",-0.40510927990697,0.00479821496695082,"Cancer Down",0.00201817866817677,0.301345453043997,0.990786803136018,0.103520693720569,-0.29932727437582,0.239643100666728,-0.29932727437582
"LGALS3BP","Q08380",1.60916268024777,7.82919312111019e-05,"Cancer Up",0.0147564615185196,0.313409451591863,0.973018912813653,0.489369356772821,-0.298652990073343,0.634960830266731,-0.298652990073343
"FKBP1A","P62942",0.379753078976709,0.0130558231506688,"Cancer Up",-0.0194101637490682,-0.316955261525802,0.914985132007075,0.0999056224675124,0.297545097776734,0.260659734427691,0.297545097776734
"CNPY2","Q9Y2B0",0.532604525534168,0.0326276225526076,"Cancer Up",0.353338309742096,0.0559810658671793,0.231126270726841,0.872647575104751,0.297357243874917,0.514687337592308,0.297357243874917
"ACO1","P21399",0.4874228514166,0.00352088459973066,"Cancer Up",-0.152808247407652,-0.448173960631461,0.445934063696561,0.0366640750783151,0.295365713223809,0.307857068405474,0.295365713223809
"AQP1","P29972",1.05101764544543,0.0160234826353828,"Cancer Up",0.19462873099496,-0.0987728968337898,0.61250930618128,0.803494152970011,0.29340162782875,0.595775529256282,0.29340162782875
"GUK1","Q16774",1.13501281203553,0.00070483312416942,"Cancer Up",-0.0673185094653128,-0.358660615316555,0.852332979884668,0.366887879680752,0.291342105851243,0.587161971916028,0.291342105851242
"STUB1","Q9UNE7",-0.635964482757068,0.00779158158800675,"Cancer Down",-0.0687122496929078,0.222538800508723,0.815239810775754,0.497020815269823,-0.29125105020163,0.508933513953274,-0.291251050201631
"LIMS1","P48059",0.411343801348142,0.0122722608576645,"Cancer Up",0.118389304699377,-0.167188882706352,0.539251584838736,0.403415918605904,0.285578187405729,0.306236937480047,0.285578187405729
"EDF1","O60869",-0.68707812863645,0.0336296159031277,"Cancer Down",-0.279937707976025,0.00536235359976089,0.510527736785957,0.991223614472581,-0.285300061575786,0.6592965113829,-0.285300061575786
"CUTA","O60888",-0.40997408605098,0.0249092861641888,"Cancer Down",-0.189046515752992,0.0957595832708584,0.385418744655038,0.680257550799869,-0.28480609902385,0.372826335515276,-0.28480609902385
"EIF2A","Q9BY44",-0.403243009595075,0.0342979361711317,"Cancer Down",-0.14237707388498,0.142213370769282,0.492758806652608,0.669518034956017,-0.284590444654262,0.469946284159382,-0.284590444654262
"LRPPRC","P42704",-0.487128513872911,0.0117093058706356,"Cancer Down",0.0662498341634645,0.349785988645948,0.772942836421482,0.14802712364646,-0.283536154482483,0.393486765264501,-0.283536154482483
"LARS1","Q9P2J5",-0.51547540506418,0.00235339582398955,"Cancer Down",0.0377031300274933,0.320485802791836,0.836629911508356,0.205230505049681,-0.282782672764343,0.363515803802172,-0.282782672764343
"HSD17B4","P51659",-0.395420162003479,0.0196219637657568,"Cancer Down",-0.0102690989904666,-0.292248873918432,0.956550086626719,0.162747147488632,0.281979774927965,0.316539630878398,0.281979774927965
"RAB14","P61106",0.399998615801035,0.0194302921076167,"Cancer Up",0.12686398499245,-0.15363132099613,0.554068578513997,0.498894976763981,0.28049530598858,0.371006447646792,0.28049530598858
"EML1","O00423",-0.789156899050262,0.00082633913353941,"Cancer Down",-0.0356294433948428,0.243220486098281,0.897915261332905,0.413997939099317,-0.278849929493123,0.49386370645007,-0.278849929493124
"UNC45B","Q8IWX7",-0.582988843740864,0.0231367429979959,"Cancer Down",0.132100124216031,0.408402055501544,0.656897322726847,0.218217778889155,-0.276301931285513,0.53304825075312,-0.276301931285513
"RRAS","P10301",0.817959712007532,0.00299560435415175,"Cancer Up",-0.21191689875301,-0.488187902620847,0.513489249464627,0.151551965771328,0.276271003867837,0.553612087300605,0.276271003867837
"TMEM11","P17152",-0.654693851617928,0.00349508157263758,"Cancer Down",0.0853907771329361,0.356448668808383,0.742383278859307,0.209557186939478,-0.271057891675447,0.4794747626236,-0.271057891675447
"RPIA","P49247",0.519428082237479,0.0176998624990492,"Cancer Up",-0.304856386336585,-0.0347221467623449,0.258681502546452,0.902614261075106,-0.27013423957424,0.489810151110461,-0.27013423957424
"NME2","P22392",0.7648514357365,0.00084393731306812,"Cancer Up",0.212283456655648,-0.0575900839501315,0.415504839288589,0.830060733472412,0.269873540605779,0.47137211537485,0.26987354060578
"NUBP2","Q9Y5Y2",0.856878039719643,0.00843612462945243,"Cancer Up",0.764101127278474,0.497075513969856,0.0674134234972749,0.318023829482606,0.267025613308618,0.67043474242766,0.267025613308618
"CFB","P00751",2.54375545986151,8.74984214693738e-07,"Cancer Up",0.311180841369747,0.0453492404112872,0.568208721780743,0.935760750856848,0.26583160095846,0.734295837465037,0.26583160095846
"CFH","P08603",3.18826866181632,1.32026872956036e-08,"Cancer Up",0.225297794964717,-0.0402101498890772,0.685555199210837,0.944246940262624,0.265507944853795,0.740082008482397,0.265507944853794
"ALAD","P13716",1.86644153775164,4.48269968175042e-05,"Cancer Up",0.0792781867019308,-0.184687258306898,0.875631550175196,0.724801901716085,0.263965445008829,0.717503231210762,0.263965445008829
"NAPA","P54920",0.301027195411042,0.0298873704899158,"Cancer Up",-0.00381601126228759,-0.267116060371357,0.982296579768326,0.140789383791616,0.26330004910907,0.292008946811016,0.263300049109069
"RARS1","P54136",-0.658096138271166,0.00040657231168131,"Cancer Down",0.0338275969521327,0.297000532350069,0.869074623271143,0.195813260545174,-0.263172935397936,0.391858561240443,-0.263172935397936
"MYOF","Q9NZM1",-0.467037680816048,0.00848786954509389,"Cancer Down",0.149119270779604,0.412289086801525,0.468519507963609,0.0593081402157891,-0.263169816021922,0.375081819570512,-0.263169816021921
"MDH2","P40926",-0.373277766065335,0.0493979636758726,"Cancer Down",0.0775301242879891,0.340278898255438,0.739167370351448,0.164550052010986,-0.262748773967449,0.434954502290066,-0.262748773967449
"RAN","P62826",0.503671618493147,0.0101465359887819,"Cancer Up",0.0370397467833214,-0.225211914005694,0.875933327881303,0.362306430870464,0.262251660789016,0.444602802016073,0.262251660789015
"PNPT1","Q8TCS8",-0.512634602176462,0.0475338470298225,"Cancer Down",-0.0720470923784031,-0.331497411609272,0.844504850273928,0.455532743547329,0.259450319230869,0.651661405449444,0.259450319230869
"TFAM","Q00059",-0.587257860260834,0.0295035779554811,"Cancer Down",-0.181777476168378,0.072446342455212,0.583557864273675,0.824889378969297,-0.25422381862359,0.585823040029314,-0.25422381862359
"ARPC3","O15145",0.87091262729215,0.00530129339964063,"Cancer Up",0.354757478545615,0.100831768758084,0.326046449380676,0.785724975945913,0.253925709787531,0.623003629651517,0.253925709787531
"BTD","P43251",1.04010348864587,0.00137855775490953,"Cancer Up",-0.110326491643606,0.142640610094496,0.768400151809548,0.713045201126288,-0.252967101738102,0.639313279818797,-0.252967101738102
"LDHB","P07195",0.800987718690983,0.0124419531240169,"Cancer Up",-0.0873840886287844,-0.338975839966327,0.801002644665282,0.348149846808445,0.251591751337543,0.614637447795017,0.251591751337543
"NAP1L4","Q99733",-0.349071432152588,0.0119656950822727,"Cancer Down",0.136502094572972,0.387887435421003,0.420263393027962,0.0325150532199784,-0.251385340848032,0.304042539513984,-0.251385340848031
"APOE","P02649",2.77896647781612,8.5822514758732e-07,"Cancer Up",0.386303519620871,0.137718233905975,0.514503565597408,0.821735868011637,0.248585285714896,0.770011545555982,0.248585285714896
"PROS1","P07225",2.06252841640864,0.0493946229590955,"Cancer Up",-0.288815780942379,-0.536940568843789,0.564857461870806,0.299102226199126,0.248124787901411,0.728846564566695,0.24812478790141
"AP2A1","O95782",0.594448815180666,0.00054604340469474,"Cancer Up",0.222127475566083,-0.0214480702148663,0.273425427598778,0.917754407140676,0.243575545780949,0.401914586370044,0.243575545780949
"SPEG","Q15772",-0.48902966081236,0.0309124954102125,"Cancer Down",0.0234523407378511,-0.217944657446068,0.923713466846195,0.460521833825048,0.241396998183919,0.529653989717233,0.241396998183919
"SEC23A","Q15436",-0.373726303421954,0.0299531070998672,"Cancer Down",0.287855795271469,0.0476904105484905,0.200257222282,0.828316028786611,0.240165384722978,0.443873377059361,0.240165384722978
"IGHV3-7","P01780",3.06433878641584,3.74979677070349e-07,"Cancer Up",0.429119206987227,0.189292709166494,0.485647910845725,0.765495556633472,0.239826497820733,0.78579341330958,0.239826497820733
"HMBS","P08397",1.06110601838873,0.0051265454410809,"Cancer Up",0.108139600657999,-0.130774509908658,0.791773422867077,0.762325806514753,0.238914110566657,0.688551377530976,0.238914110566657
"VPS29","Q9UBQ0",0.622926638331037,0.0150112805578805,"Cancer Up",0.0674633987685809,-0.16796442413148,0.829486380594614,0.617943329323396,0.235427822900061,0.609109497213997,0.235427822900061
"EIF3A","Q14152",-0.413785667467728,0.00484398360282668,"Cancer Down",-0.0887860442320303,0.143855074037049,0.611092092082107,0.427391706261744,-0.232641118269079,0.356952771578857,-0.232641118269079
"AIFM1","O95831",-0.50571926590678,0.0047215455148227,"Cancer Down",-0.0514910656475607,0.178505429542078,0.808155761790674,0.41837278076209,-0.229996495189638,0.4530285576276,-0.229996495189639
"FERMT2","Q96AC1",0.383296334734716,0.0302496590136179,"Cancer Up",-0.198431326985297,0.0295241601873784,0.364256769305574,0.895477473756637,-0.227955487172675,0.467731792181589,-0.227955487172675
"RBP4","P02753",2.20283006376602,1.8897460634016e-06,"Cancer Up",-0.116733383593452,-0.342811335173831,0.80678572108144,0.489207918067191,0.226077951580379,0.742137708076732,0.226077951580379
"HNRNPF","P52597",0.850265063601263,0.00923528121210291,"Cancer Up",-0.141293715508301,-0.367175331997938,0.673110049002845,0.198293353951749,0.225881616489637,0.604704588475821,0.225881616489637
"C1R","P00736",1.53049832043765,0.0215927976791645,"Cancer Up",0.00553986549463303,0.230065140202957,0.989192951243002,0.581400107961288,-0.224525274708324,0.700761996768191,-0.224525274708324
"EEF1G","P26641",-0.386945467400206,0.00644439399887345,"Cancer Down",0.0459326213720566,0.269230954719458,0.79350759320872,0.14529741622559,-0.223298333347401,0.379457406318485,-0.223298333347401
"STAT5B","P51692",-0.28781414633816,0.0248135697610746,"Cancer Down",-0.0980859447697355,-0.318083129354452,0.499297514360485,0.0404967409474475,0.219997184584717,0.295033144901488,0.219997184584716
"IGKV4-1","P06312",2.46157197903366,0.00188313576329344,"Cancer Up",0.0573438440225118,0.27666097192358,0.918478030135656,0.636925056468728,-0.219317127901068,0.786695697722373,-0.219317127901068
"ECH1","Q13011",-0.448111431604996,0.0267899651834025,"Cancer Down",0.147305182126605,0.363943240691011,0.533872994750824,0.143534792445067,-0.216638058564406,0.524971869092277,-0.216638058564406
"CDC42","P60953",0.464407623061557,0.0250109245767818,"Cancer Up",0.0333908318183838,-0.180851729986447,0.893133427012558,0.483751007104602,0.214242561804831,0.550353536644282,0.214242561804831
"RGN","Q15493",0.685981925630889,0.0186882416020168,"Cancer Up",-0.00479095691195042,0.206298780296688,0.991392747656326,0.64408909349418,-0.211089737208638,0.737535371945488,-0.211089737208638
"DBT","P11182",-0.784818715299281,0.00140315731116863,"Cancer Down",-0.190839446261553,0.0200321512871469,0.477816908138437,0.942770809280381,-0.210871597548699,0.586501252211756,-0.2108715975487
"ANK1","P16157",2.49325071473079,6.02118346209714e-06,"Cancer Up",0.0372152189497363,-0.173484307569257,0.949777400080105,0.7767439093058,0.210699526518994,0.804374566570265,0.210699526518993
"BCAT2","O15382",-0.588960285834546,0.019197010942549,"Cancer Down",-0.31058401788033,-0.100955437197786,0.277472330518251,0.739537110219398,-0.209628580682544,0.614048971206351,-0.209628580682544
"MTAP","Q13126",0.366467278891744,0.0355076299378094,"Cancer Up",0.154157451728771,-0.0537773100829781,0.392328141772199,0.771808443003223,0.20793476181175,0.422308697049111,0.207934761811749
"AP2B1","P63010",0.406796283418004,0.0196551262387016,"Cancer Up",0.264668721424012,0.0589611927269011,0.219791753506006,0.789079503279332,0.205707528697111,0.503544801482,0.205707528697111
"GCLC","P48506",1.19534623565875,0.00019387984359171,"Cancer Up",-0.0968379553162357,-0.302308703220568,0.788798380198192,0.421335436197987,0.205470747904332,0.693075828819895,0.205470747904332
"HNRNPH1","P31943",0.525723181691511,5.58378283642605e-05,"Cancer Up",0.0741051714612802,-0.130933843062849,0.623674933198682,0.404020782796071,0.205039014524129,0.348165878258935,0.205039014524129
"GNAI1","P63096",1.32764720839246,0.0244201809706725,"Cancer Up",0.0344500615488634,-0.17053659364041,0.927869262515794,0.80443071139869,0.204986655189273,0.794521627423801,0.204986655189273
"PRDX3","P30048",-0.305617523544921,0.0204644338837848,"Cancer Down",0.0374837918871052,0.241242177784013,0.81465750366189,0.151923776644941,-0.203758385896908,0.378857820277587,-0.203758385896908
"RCN1","Q15293",0.594338357571655,0.00948086911703102,"Cancer Up",0.0512093231367174,-0.149976669775651,0.84144713499722,0.572204885341481,0.201185992912368,0.58580456272799,0.201185992912368
"AHSA1","O95433",0.428296810816171,0.0297578464904176,"Cancer Up",0.369820457080795,0.169605055639728,0.12297150924242,0.498481534788816,0.200215401441067,0.560074521146273,0.200215401441067
"XPNPEP1","Q9NQW7",-0.659550769897312,0.00039134387302221,"Cancer Down",-0.0957992438077007,0.102578448565495,0.635818116653404,0.624162073045446,-0.198377692373196,0.496477850873976,-0.198377692373196
"EIF3E","P60228",-0.323749685848941,0.0279353409341104,"Cancer Down",-0.228988457307125,-0.0348609047956892,0.185679201801533,0.847407758413694,-0.194127552511436,0.437362754236084,-0.194127552511436
"ACADVL","P49748",-0.557953815162907,0.00537274731043932,"Cancer Down",0.0306188405875147,0.22173134275581,0.894895270929281,0.358647942238039,-0.191112502168295,0.567663798179335,-0.191112502168295
"IGHM","P01871",3.63349291078858,1.25723513104038e-06,"Cancer Up",0.424954757205263,0.234101858116617,0.541076628725593,0.744315266483626,0.190852899088647,0.848278987944258,0.190852899088646
"PFDN2","Q9UHV9",-0.536972639635589,0.0202730830436753,"Cancer Down",-0.131165407604442,0.0591252077015518,0.62876356202164,0.832921099797757,-0.190290615305994,0.625972902252331,-0.190290615305994
"RTN2","O75298",-0.437544931034246,0.0303378806797295,"Cancer Down",-0.270849493894193,-0.0806259504349818,0.264015090753013,0.760281856346307,-0.190223543459211,0.594686122961112,-0.190223543459211
"FN1","P02751",2.52268313136262,9.55503814856185e-06,"Cancer Up",0.00011368940115374,0.185632845030153,0.999828745970788,0.73510459320605,-0.185519155628999,0.807799390255434,-0.185519155628999
"AKAP1","Q92667",-0.639068418070686,0.00661483816290886,"Cancer Down",-0.234508238071815,-0.0501738158298508,0.385999855847004,0.857640756198041,-0.184334422241964,0.634926138777787,-0.184334422241964
"USP24","Q9UPU5",-0.394832787406829,0.00620467136874142,"Cancer Down",-0.170244643584091,0.0105194878069064,0.336722752701321,0.960420207229801,-0.180764131390998,0.513211844783328,-0.180764131390997
"DCTN3","O75935",0.505523482726014,0.0316386312983438,"Cancer Up",-0.166748807798214,-0.347340307319353,0.440209237461214,0.194349151879066,0.180591499521139,0.595616663737891,0.180591499521139
"COA3","Q9Y2R0",-0.841189237019034,0.0096190803984617,"Cancer Down",0.0100428476525316,0.190296954945996,0.978745443458112,0.670139283368698,-0.180254107293464,0.75777323854341,-0.180254107293464
"ETF1","P62495",-0.380781676737616,0.0225276578072879,"Cancer Down",0.115825421886601,0.295923367835915,0.574723015179487,0.194507212755882,-0.180097945949313,0.555700336065585,-0.180097945949314
"PSMD12","O00232",-0.352729218521013,0.0293953155116776,"Cancer Down",-0.0246230526333555,0.155142858741353,0.90236460370839,0.457191418396664,-0.179765911374709,0.535005785864042,-0.179765911374708
"HARS1","P12081",-0.46991032663205,0.00271281919605643,"Cancer Down",0.0725876645357886,-0.104144733355703,0.70304752342494,0.597535141311203,0.176732397891492,0.519909897929143,0.176732397891492
"NDUFB9","Q9Y6M9",-0.619706627390389,0.0445157756681929,"Cancer Down",0.298720032256153,0.473795199901623,0.431402725558093,0.228604059613761,-0.17507516764547,0.746684060679678,-0.17507516764547
"USO1","O60763",-0.730128626139365,0.00057788190577423,"Cancer Down",-0.0747762037460156,0.0994310233861775,0.765020593929453,0.701055120803674,-0.174207227132193,0.628886297282316,-0.174207227132193
"MTX1","Q13505",-0.536785656581362,0.00840573011460619,"Cancer Down",-0.179313077948883,-0.00874161072088597,0.444198325074856,0.979313861164409,-0.170571467227997,0.677754227300835,-0.170571467227997
"JSRP1","Q96MG2",-0.835405942843416,0.0056862225130776,"Cancer Down",-0.180582280427121,-0.0122501183913855,0.592009144747524,0.974856528345341,-0.168332162035735,0.743444850434992,-0.168332162035735
"STIM1","Q13586",-0.610834834922876,0.00819679321016228,"Cancer Down",-0.111993951135119,0.0561514605281737,0.669399796016276,0.877521430615526,-0.168145411663293,0.708228355131181,-0.168145411663293
"CAST","P20810",0.653926516097478,0.00102460764825803,"Cancer Up",0.034775359295768,-0.125933033637885,0.879010591123857,0.595052139126347,0.160708392933653,0.625586619421341,0.160708392933653
"PGK1","P00558",0.278451544215422,0.0174635899764388,"Cancer Up",-0.036160898036087,-0.196356298168023,0.794233834073459,0.177688467863632,0.160195400131936,0.424313154287946,0.160195400131936
"FYCO1","Q9BQS8",-0.579411097860024,0.00455661287385962,"Cancer Down",-0.221161333837056,-0.0625053933846793,0.343937571497156,0.809512008885687,-0.158655940452377,0.648764023797066,-0.158655940452377
"ACADSB","P45954",-0.643985253221292,0.0164229446153873,"Cancer Down",-0.223229652577157,-0.0648376643774142,0.463014884511735,0.840427835059827,-0.158391988199742,0.720309133766649,-0.158391988199743
"CLIC4","Q9Y696",0.724789643045114,0.00188251908921533,"Cancer Up",0.245687805565158,0.0878348959546784,0.373039780626806,0.756833918397237,0.15785290961048,0.689209673370691,0.15785290961048
"TMEM256","Q8N2U0",1.3068721895761,0.00010522147267277,"Cancer Up",-0.208321083902003,-0.364651198659651,0.464826300534634,0.230299929702889,0.156330114757647,0.70458614198243,0.156330114757648
"GSS","P48637",0.429126504404142,0.0176059891633475,"Cancer Up",-0.141361762299244,0.0146257011574598,0.525948385870992,0.94926329186331,-0.155987463456704,0.62624399785811,-0.155987463456704
"RPS4X","P62701",-0.341112655528306,0.0153261632923824,"Cancer Down",0.0731263696505877,0.229102337292407,0.65758029972223,0.185532349495066,-0.155975967641819,0.512029488361475,-0.155975967641819
"CACNA1S","Q13698",-0.389117277648886,0.0276195943757,"Cancer Down",-0.300454944636016,-0.456385371322675,0.160726367532995,0.0596586822229903,0.155930426686659,0.619249633177828,0.155930426686659
"PPP2R5A","Q15172",-0.458296088961898,0.0364310749035875,"Cancer Down",-0.0149283101263968,0.139603310287402,0.950720522272719,0.629715402957685,-0.154531620413799,0.682037800002584,-0.154531620413799
"GNAS","Q5JWF2",0.592918228318048,0.00172825919068696,"Cancer Up",-0.107302381104812,-0.261779136856841,0.628218576521088,0.257931058055717,0.154476755752029,0.628068381832322,0.154476755752029
"MMUT","P22033",-0.616701773669426,0.0117166633244696,"Cancer Down",-0.0509579824630606,0.103188730007982,0.873839168728738,0.733759651509164,-0.154146712471043,0.727212024350972,-0.154146712471043
"AEBP1","Q8IUX7",1.77652237477605,0.046839040977517,"Cancer Up",0.860020355162684,0.706141698079833,0.243234818822258,0.336882448706633,0.153878657082853,0.879396883180382,0.153878657082851
"IMPA2","O14732",-0.798031920605958,0.0214275600087536,"Cancer Down",-0.182746572197235,-0.0308807880129542,0.670497434095164,0.946102630168793,-0.151865784184281,0.808571883275205,-0.151865784184281
"PRMT1","Q99873",-0.631992878086486,0.0089638084596962,"Cancer Down",-0.144483532073387,0.0060863444862207,0.612633701735931,0.985251921682476,-0.150569876559608,0.729685966558012,-0.150569876559608
"MTCH1","Q9NZJ7",0.450135219587464,0.0343835720215613,"Cancer Up",0.132865355343297,-0.017699591528114,0.711178669254842,0.94823520207554,0.150564946871411,0.738403844200603,0.150564946871411
"TGFBI","Q15582",1.20710269405232,0.00568454365132969,"Cancer Up",0.183343447098633,0.0338443278731226,0.714022864940761,0.950974946501065,0.14949911922551,0.840683329542044,0.14949911922551
"MT-ATP6","P00846",-0.595629219697166,0.0304641215535366,"Cancer Down",-0.0232756278990465,-0.169171102163787,0.935830261967101,0.624389781918493,0.145895474264741,0.745939730270302,0.14589547426474
"DCTN1","Q14203",-0.265151879385449,0.0225718897833525,"Cancer Down",0.0938764890570312,0.239534199442488,0.507279530277855,0.108553804154179,-0.145657710385457,0.474909250595531,-0.145657710385457
"DDB1","Q16531",-0.299230384664043,0.01741570905682,"Cancer Down",0.0166153927329944,0.161413130377621,0.915884514363945,0.325433961634193,-0.144797737644627,0.523840566563604,-0.144797737644627
"SLMAP","Q14BN4",-0.501069662168337,0.0254058423272625,"Cancer Down",-0.276401703025812,-0.420260352263909,0.258990101805549,0.167669942104706,0.143858649238098,0.708546341689505,0.143858649238097
"RANBP1","P43487",0.974189930220259,0.00075402676633087,"Cancer Up",-0.0172248905100467,-0.15938482043348,0.956030272103739,0.622708838281688,0.142159929923434,0.752036410096863,0.142159929923433
"APEH","P13798",0.351091013025133,0.0431511517446167,"Cancer Up",-0.129172175443912,0.0118150690871417,0.554255912192298,0.958182841648495,-0.140987244531054,0.653328310795304,-0.140987244531054
"ATIC","P31939",0.341251843053083,0.0215595754789395,"Cancer Up",-0.089781118778486,0.0509490265457018,0.614343384919492,0.781962077697988,-0.140730145324188,0.583249707522366,-0.140730145324188
"EIF4B","P23588",0.924926862414763,0.00185394490489659,"Cancer Up",-0.29921353360178,-0.438431067227071,0.294192540361655,0.192537930041152,0.139217533625292,0.749248431941347,0.139217533625291
"PPME1","Q9Y570",0.451031127075471,0.0173340412462793,"Cancer Up",-0.0480991327341833,-0.18730238673648,0.819061273102141,0.428226009011854,0.139203254002297,0.659431931921263,0.139203254002297
"PITHD1","Q9GZP4",1.00055276750923,0.00061359562670148,"Cancer Up",-0.104641323459415,0.0336292207551381,0.742200153936076,0.915120223546233,-0.138270544214553,0.757697998832281,-0.138270544214553
"NARS1","O43776",-0.326456741207892,0.00817776452641798,"Cancer Down",0.248992141368376,0.110996703408389,0.0768449148114803,0.435797866599065,0.137995437959987,0.485532592073765,0.137995437959987
"CARS1","P49589",0.532567498288225,0.0150293266253128,"Cancer Up",-0.134300449384117,-0.27219412557211,0.587885108407537,0.317341907049572,0.137893676187993,0.706618911167256,0.137893676187993
"C1S","P09871",2.11021075526117,0.0052255495141558,"Cancer Up",0.202547705813355,0.066798163664842,0.710508171482636,0.901480163234129,0.135749542148513,0.859538542720249,0.135749542148513
"PAFAH1B3","Q15102",0.708812195405166,0.0274614349771979,"Cancer Up",-0.122627338302379,0.0108380085600857,0.74397052723935,0.977724937187563,-0.133465346862465,0.80481606281008,-0.133465346862465
"RPL27","P61353",-0.461755311384088,0.035063988781101,"Cancer Down",0.387088266267675,0.519636765551319,0.154722862316084,0.0656662165402409,-0.132548499283644,0.727814453373625,-0.132548499283644
"PFDN4","Q9NQP4",-0.41871455137521,0.0291723138797455,"Cancer Down",0.161167012554934,0.0297344065938923,0.49639955634495,0.903101659385491,0.131432605961042,0.699117380665321,0.131432605961042
"LSM6","P62312",0.432506509309047,0.0167492088571072,"Cancer Up",0.0949925286434947,-0.0335310007104468,0.639394378277262,0.877259505618257,0.128523529353942,0.665477239263216,0.128523529353941
"APOC2","P02655",2.79549570340135,4.82072412097849e-07,"Cancer Up",0.15764081435259,0.285521500273358,0.767001964755114,0.604590511993588,-0.127880685920768,0.867275001225884,-0.127880685920768
"DBNL","Q9UJU6",1.01681655572171,0.00013165168819374,"Cancer Up",0.104015752556485,-0.0206561033839421,0.726858251718149,0.946970911324959,0.124671855940427,0.772047649185499,0.124671855940427
"DLD","P09622",-0.456473683661525,0.0059698624951756,"Cancer Down",-0.0501115031116406,0.0738068488379433,0.789702684879519,0.704415668252941,-0.123918351949584,0.647131074925769,-0.123918351949584
"UFM1","P61960",0.489760287323669,0.0040882683474107,"Cancer Up",-0.0278213694646361,-0.151664045964321,0.891537931135182,0.474433108485746,0.123842676499685,0.67359330142755,0.123842676499685
"C1QBP","Q07021",-0.406113144594553,0.0171753143966107,"Cancer Down",0.00405128110261543,0.12486210139631,0.984097618625171,0.553939907870336,-0.120810820293695,0.680017464129646,-0.120810820293695
"KPNB1","Q14974",0.257139482049009,0.0435785766360523,"Cancer Up",0.188151447381841,0.0698612535619461,0.234996874857002,0.666671006932033,0.118290193819895,0.600261496882533,0.118290193819895
"HSPB3","Q12988",-0.585247169599892,0.0198688394560269,"Cancer Down",-0.326005177516304,-0.208919284128957,0.223778257649743,0.5236711308328,-0.117085893387348,0.780426597075813,-0.117085893387347
"DNPEP","Q9ULA0",-0.580415047629224,0.00125146507917012,"Cancer Down",0.0580412960229708,0.174601900180239,0.785261845647836,0.430496368954545,-0.116560604157268,0.703933078472944,-0.116560604157268
"DARS1","P14868",-0.583926299481412,0.00046415670108715,"Cancer Down",0.0501360078578195,0.16662117641182,0.79875096691284,0.415293587652436,-0.116485168554,0.680863538674668,-0.116485168554001
"AHCYL1","O43865",-0.531958500387631,0.00447193116055122,"Cancer Down",0.159354754273043,0.275417743949745,0.47734365023011,0.238900465228567,-0.116062989676703,0.71823017154672,-0.116062989676702
"PTPA","Q15257",0.690659291408185,0.00661682252871675,"Cancer Up",-0.336871305118784,-0.221856361581793,0.269987149978199,0.479889673920987,-0.115014943536991,0.791507506107575,-0.115014943536991
"DIABLO","Q9NR28",-0.777984869398598,0.00037121653757655,"Cancer Down",-0.146557091631941,-0.0320596788195857,0.562178175669098,0.904821702545458,-0.114497412812355,0.755899807434249,-0.114497412812355
"ATG3","Q9NT62",0.91598161043501,0.00029758655279275,"Cancer Up",0.0426744934586214,-0.0717896850475981,0.881434463155417,0.81821758079228,0.114464178506221,0.78704933589438,0.11446417850622
"EIF3C","Q99613",-0.479603731753187,0.00115258398923971,"Cancer Down",0.0426619699283108,-0.0717727485860458,0.801378453803677,0.712966989551643,0.114434718514357,0.658292232847639,0.114434718514357
"NACA","E9PAV3",-0.406003231883126,0.0158144204981845,"Cancer Down",-0.118049644223351,-0.0073500643601605,0.567225302317687,0.972459338064403,-0.110699579863191,0.708813363858115,-0.11069957986319
"CPT1A","P50416",-0.777516067870458,0.0238945201507668,"Cancer Down",-0.304062593421914,-0.412704125929594,0.45834342090145,0.399275915816211,0.108641532507679,0.863966326346298,0.10864153250768
"HINT1","P49773",0.438852339350337,0.00928123952378122,"Cancer Up",-0.188868678582121,-0.0810668828321646,0.352011399106996,0.697668879480288,-0.107801795749957,0.71025969592381,-0.107801795749956
"MPST","P25325",0.467473145073665,0.00499036641072351,"Cancer Up",-0.251467003199934,-0.145267039223942,0.181167134226872,0.45054571150733,-0.106199963975993,0.690582483128914,-0.106199963975992
"MAPKAPK2","P49137",-0.470395300517456,0.0240696158127411,"Cancer Down",-0.15580554181712,-0.0496150535004318,0.576402432518146,0.883840095613853,-0.106190488316688,0.80887038687832,-0.106190488316688
"RPS9","P46781",-0.735771264289095,0.00011450709320579,"Cancer Down",0.235174733335004,0.129305335305741,0.289343568384519,0.570745905501167,0.105869398029263,0.73807365730545,0.105869398029263
"COQ5","Q5HYK3",-0.673732704373833,0.036416531847751,"Cancer Down",-0.139822315918764,-0.0352282572376232,0.712515083246922,0.932756757646321,-0.10459405868114,0.852880901126153,-0.104594058681141
"DHRS7B","Q6IAN0",-0.837253945919258,0.00074119139219549,"Cancer Down",-0.0218438315747775,0.0826859634486574,0.942163580118921,0.788966059076069,-0.104529795023435,0.808572785892559,-0.104529795023435
"ITIH4","Q14624",3.07942816765188,3.0147665210179e-07,"Cancer Up",0.23302530199641,0.128894774290465,0.701566528042242,0.8375473171355,0.104130527705944,0.905166227855213,0.104130527705945
"KPNA1","P52294",-0.664088119817052,0.00668872515181982,"Cancer Down",-0.0718236566692863,-0.175261081471517,0.800856794318025,0.610448471103534,0.10343742480223,0.816604562410496,0.103437424802231
"MFN2","O95140",-0.831356010729394,0.00023994892756531,"Cancer Down",0.142499879079999,0.040396162092744,0.579139155818288,0.886201344868319,0.102103716987255,0.788927176123845,0.102103716987255
"BTF3L4","Q96K17",-0.265295159316015,0.0481891330200345,"Cancer Down",0.0123496197908146,-0.0889999661947378,0.939441413218515,0.597599123614284,0.101349585985552,0.665314921508362,0.101349585985552
"SDHC","Q99643",-1.6807770934746,8.82800481078461e-05,"Cancer Down",0.129651158882762,0.227463889266136,0.783611724090691,0.664813921644623,-0.0978127303833745,0.889667177852243,-0.097812730383374
"CMPK1","P30085",0.727194275220441,0.00174622294431005,"Cancer Up",-0.158415580138151,-0.25587267789124,0.540479942272293,0.341594905006859,0.0974570977530895,0.793032608319382,0.097457097753089
"TMEM43","Q9BTV4",0.525870003172606,0.0385321972404632,"Cancer Up",-0.0637676335488102,0.0330008282387766,0.83189254114899,0.915426872279313,-0.0967684617875868,0.822876867558965,-0.0967684617875868
"EIF5A","P63241",0.421999624640634,0.0116808767656519,"Cancer Up",-0.0664683173234621,-0.162601659157712,0.732250825890148,0.42075898559286,0.0961333418342498,0.730948639760129,0.0961333418342499
"MYL9","P24844",0.835770857034989,0.0105746586215825,"Cancer Up",0.403824609669297,0.499650410590451,0.260238074481183,0.180258283153187,-0.0958258009211548,0.8511442182705,-0.095825800921154
"ABCA8","O94911",0.650724137221964,0.0490658917377914,"Cancer Up",0.012574706826463,-0.0827124624178452,0.971789083952921,0.839183828566088,0.0952871692443082,0.86017373203742,0.0952871692443082
"IGHA2","P01877",2.88169337795577,4.98008418289952e-05,"Cancer Up",-0.307887012951571,-0.402651828569567,0.578436464039332,0.487121304175516,0.0947648156179959,0.905539379376919,0.094764815617996
"FAM114A2","Q9NRY5",0.615822720905776,0.00675167182494146,"Cancer Up",0.00286489024479764,-0.0907882066118013,0.991100057601983,0.732901958051833,0.093653096856599,0.800067871610362,0.0936530968565989
"RRAD","P55042",-0.657564187271682,0.0154234624385914,"Cancer Down",0.155448502192172,0.0624630697782678,0.616963784281711,0.859501901828571,0.0929854324139043,0.84308332585019,0.0929854324139042
"EIF3L","Q9Y262",-0.521200932710205,0.019929502948001,"Cancer Down",-0.0662052415693708,0.0264990479450731,0.794281030753364,0.921778338179992,-0.0927042895144439,0.802480930953614,-0.0927042895144439
"EIF3J","O75822",-0.503371043964766,0.00155051709845851,"Cancer Down",-0.0113097515429779,0.0806548561030738,0.951944272786039,0.68653711547959,-0.0919646076460516,0.737344693014533,-0.0919646076460517
"GAA","P10253",-0.451226862403779,0.00728691266338146,"Cancer Down",0.388068466431307,0.479280930251267,0.0607186550267937,0.0353223125135305,-0.0912124638199607,0.758663648687323,-0.09121246381996
"MPC2","O95563",-0.940022456435191,0.00149260835109045,"Cancer Down",-0.201197720623263,-0.110569708863238,0.558808572721219,0.762048003500152,-0.0906280117600247,0.856447506193654,-0.090628011760025
"PGLS","O95336",0.715796197265245,0.0002963834079805,"Cancer Up",0.0721619519684253,-0.014275820986974,0.735619084485126,0.948479157653419,0.0864377729553993,0.778592232318101,0.0864377729553993
"PA2G4","Q9UQ80",0.392515661995269,0.00942361101533918,"Cancer Up",-0.161351324139581,-0.247683287158313,0.377549446743867,0.194051075909527,0.0863319630187327,0.741381209983174,0.086331963018732
"DDX19B","Q9UMR2",1.90864196977482,0.00068617289369644,"Cancer Up",-1.30618828289018,-1.22117314382675,0.130416240792011,0.167605282519889,-0.085015139063433,0.94069267763875,-0.0850151390634302
"AGT","P01019",2.40732151581921,5.15304583571823e-07,"Cancer Up",0.387416496611749,0.304077244979613,0.424582951661393,0.543783670473341,0.0833392516321361,0.904467143693377,0.083339251632136
"RPS8","P62241",-0.353204884097291,0.0157405738606467,"Cancer Down",0.0295578708864284,-0.053623124180362,0.859276762388178,0.756058441583803,0.0831809950667903,0.728999306764043,0.0831809950667904
"PHKA2","P46019",-0.764058802503001,0.0417128046221188,"Cancer Down",0.499826659366512,0.416655252346903,0.271575899054782,0.429095387700508,0.0831714070196092,0.904000953166314,0.083171407019609
"CAMK2B","Q13554",-0.945271733950658,0.00018093249676041,"Cancer Down",0.212375080006694,0.129581726045828,0.487945704193292,0.678862842035341,0.0827933539608665,0.849594639409478,0.082793353960866
"FBN1","P35555",2.01824121387265,0.00016789780164254,"Cancer Up",-0.321909113532996,-0.24113277664831,0.599867036232538,0.703805562058432,-0.0807763368846857,0.926943975385743,-0.080776336884686
"HSD17B10","Q99714",-0.321759454425926,0.0333121173506435,"Cancer Down",0.150381054350039,0.0706916401828792,0.419558973955907,0.712613862682698,0.0796894141671594,0.765163371076416,0.0796894141671598
"PNP","P00491",2.66137206463042,1.11037402580981e-07,"Cancer Up",0.0634655169811431,0.142547800387355,0.89925753625936,0.783582363967022,-0.0790822834062119,0.912703745551191,-0.0790822834062119
"CLUH","O75153",-0.416902806329983,0.0268580032803032,"Cancer Down",0.0113553483236863,0.0886778803687278,0.959830262889774,0.753200713169669,-0.0773225320450415,0.830396173905693,-0.0773225320450415
"CUL3","Q13618",-0.304252481376306,0.0450819287520552,"Cancer Down",-0.0467665039898293,-0.124023547393652,0.796636833412889,0.564522547140878,0.0772570434038222,0.783457359737777,0.0772570434038227
"CIRBP","Q14011",-0.44646208989635,0.00725597355862398,"Cancer Down",0.101785374570301,0.0246422267370043,0.576369521762092,0.895734645816785,0.0771431478332971,0.768121884605678,0.0771431478332967
"UBE3C","Q15386",-0.416208944008247,0.0335497367346509,"Cancer Down",-0.0169290828830349,-0.0936611703375405,0.94448975004151,0.784900638303199,0.0767320874545057,0.855174380006742,0.0767320874545056
"IGLV1-40","P01703",2.3727933782513,0.00210395231779909,"Cancer Up",0.00562841078279774,0.0822605513009371,0.991371621792732,0.88331549919007,-0.0766321405181394,0.920191899187875,-0.0766321405181394
"CLASP2","O75122",-0.62247729368794,0.00230792652276418,"Cancer Down",-0.107266030092333,-0.183581686368164,0.62474319872371,0.513841837415678,0.0763156562758311,0.829715484208394,0.076315656275831
"GLOD4","Q9HC38",0.410576964586209,0.00896601544990915,"Cancer Up",-0.133512869426859,-0.209313440853691,0.38322174042898,0.190166123940412,0.0758005714268322,0.729379060759315,0.075800571426832
"EPB41","P11171",2.06683967002548,2.00386344093381e-05,"Cancer Up",-0.189083982795577,-0.114967588084767,0.709228985369272,0.826428939435487,-0.0741163947108099,0.919004522612157,-0.07411639471081
"SERPINA3","P01011",2.75770296791968,9.92868037473521e-08,"Cancer Up",0.146828262891216,0.073294560846179,0.780732572759603,0.893120574823112,0.0735337020450366,0.922777003437637,0.073533702045037
"YWHAH","Q04917",0.315477329982219,0.0254558871786806,"Cancer Up",0.128485774472633,0.201379913169689,0.446092846829765,0.251500971782463,-0.0728941386970554,0.762894251727372,-0.072894138697056
"RPL32","P62910",-0.615442272220726,0.0436615324516566,"Cancer Down",0.627197876890364,0.698515332277683,0.325076174406109,0.273467971753536,-0.0713174553873195,0.933912036724881,-0.071317455387319
"SNRPB","P14678",-0.477379861365518,0.0143043699605807,"Cancer Down",0.283627882252635,0.354605318479193,0.180112235880095,0.244972247825395,-0.0709774362265563,0.845407124999182,-0.070977436226558
"SYNE2","Q8WXH0",-0.759472801813924,0.00987456707705209,"Cancer Down",0.257335840877497,0.327924495282678,0.578017205703125,0.443664903516759,-0.0705886544051815,0.910185132798226,-0.070588654405181
"RPS15A","P62244",-0.513911358339541,0.00826728033362546,"Cancer Down",0.227006240689175,0.158174043832688,0.324488870557169,0.505083680564534,0.0688321968564871,0.834218193097247,0.068832196856487
"EIF2S2","P20042",-0.349681250393928,0.0422995194607873,"Cancer Down",0.0584964415025091,0.126758541176748,0.778853415202063,0.587123174326886,-0.0682620996742394,0.827046627649527,-0.0682620996742389
"BCAP29","Q9UHQ4",-0.669499530427355,0.00640014009185364,"Cancer Down",0.351233349515315,0.285139538837468,0.216100467177262,0.301176548874422,0.0660938106778453,0.865605286722267,0.066093810677847
"ATP6V1H","Q9UI12",0.98917925118978,0.00011119495470496,"Cancer Up",-0.218767973289365,-0.152932295127371,0.461467426350276,0.621965830912033,-0.065835678161994,0.877756782466314,-0.065835678161994
"UBL5","Q9BZL1",-0.494743175121595,0.0233538405850727,"Cancer Down",0.218460663007406,0.153997783267119,0.466502107548231,0.63846392941096,0.0644628797402866,0.884154371932386,0.064462879740287
"FLOT2","Q14254",0.951012206084712,0.00011902075094696,"Cancer Up",-0.226300284140205,-0.29071830951754,0.4119857535352,0.309940386514593,0.0644180253773357,0.870357318361326,0.064418025377335
"MGST1","P10620",3.16162405016887,0.0133102772965567,"Cancer Up",-0.527064328929516,-0.462779876140065,0.51527803547742,0.553475537073471,-0.064284452789451,0.954269661913747,-0.064284452789451
"HBS1L","Q9Y450",-0.56931224365114,0.00287671699677639,"Cancer Down",0.0678213558571841,0.131538775989405,0.781031319800932,0.620484362173179,-0.063717420132221,0.859560628788064,-0.0637174201322209
"PPP2R5D","Q14738",-0.545404096845498,0.00605142118565696,"Cancer Down",0.0816716488754512,0.0200488652680821,0.727544845336693,0.941000822190095,0.0616227836073691,0.863388198257016,0.0616227836073691
"AMPD3","Q01432",-0.917012723477981,0.0122098159130925,"Cancer Down",0.125716679905207,0.186872843805844,0.753865332749773,0.662047340225241,-0.0611561639006375,0.916790826148921,-0.061156163900637
"DDI2","Q5TDH0",1.57631297633609,0.0251825209950159,"Cancer Up",-0.0886324832532104,-0.0275527514310347,0.861978557144791,0.958335494147101,-0.0610797318221756,0.933632142017108,-0.0610797318221757
"ALDH1A1","P00352",0.534593004135928,0.0363270308703472,"Cancer Up",-0.285359155091875,-0.346003903694204,0.319519353386213,0.244925288513479,0.0606447486023285,0.882137356895933,0.060644748602329
"UBQLN1","Q9UMX0",-0.485720804557349,0.00769973662333001,"Cancer Down",-0.0581631056915874,0.00244993260185922,0.795498840320831,0.992014178253503,-0.0606130382934467,0.855173593965446,-0.0606130382934466
"SCFD1","Q8WVM8",-0.488417783542396,0.00226088170168465,"Cancer Down",0.124069575261753,0.184313727256512,0.517008142008208,0.387277497402007,-0.060244151994759,0.832555174951771,-0.060244151994759
"SERPINF2","P08697",2.17748597212235,8.82709278255458e-07,"Cancer Up",0.132354672767239,0.0727875663614093,0.778233774658417,0.880964485937112,0.0595671064058294,0.929770440799409,0.0595671064058297
"OCIAD1","Q9NX40",-0.523685093396669,0.0104238168515118,"Cancer Down",-0.0734623137608814,-0.0146400851208668,0.758071746467748,0.955873811568566,-0.0588222286400146,0.868815410678965,-0.0588222286400146
"PTPN11","Q06124",0.430691908997662,0.00486033695349842,"Cancer Up",-0.0361799774105549,-0.0947525462739307,0.846105024195625,0.623876976792815,0.0585725688633758,0.827165790995052,0.0585725688633758
"ENDOG","Q14249",-0.742299917530044,0.0162558561755926,"Cancer Down",-0.20432965365838,-0.262183043413728,0.581963293772582,0.539524190729723,0.0578533897553477,0.91828959491954,0.057853389755348
"PSMD5","Q16401",0.789029808020597,0.00103226068530723,"Cancer Up",-0.0556806051292966,-0.112888234599676,0.845379981081809,0.730732925883996,0.0572076294703798,0.895270923027583,0.0572076294703794
"PABPC4","Q13310",-0.540278343947936,0.0102633675444596,"Cancer Down",0.0271908816083659,-0.0297331409980117,0.910594048808191,0.915459414941111,0.0569240226063776,0.877826216691037,0.0569240226063776
"SAA4","P35542",2.58004053752031,0.0223682665482402,"Cancer Up",-0.0358704064386011,-0.0902351776388848,0.948297959833067,0.864699326247267,0.0543647712002837,0.943397841673719,0.0543647712002837
"CFI","P05156",2.34596989966244,1.02699387467873e-06,"Cancer Up",0.063237019202635,0.117350760031801,0.894404619244791,0.811912966914601,-0.0541137408291661,0.937080676403479,-0.054113740829166
"RPL23","P62829",0.547694186738106,0.00806547048000977,"Cancer Up",-0.242579480425437,-0.294405680861455,0.301499311501333,0.227165167710781,0.0518262004360182,0.876976770266821,0.051826200436018
"MAPRE1","Q15691",0.315538898373934,0.0217367334679691,"Cancer Up",-0.00069133862308845,-0.051545775897889,0.996829491547378,0.774790189850191,0.0508544372748005,0.839093686906888,0.0508544372748006
"MRPL49","Q13405",-1.05819330641686,0.00198274869385086,"Cancer Down",0.369642962445949,0.417957317639322,0.361864924458226,0.341767240172719,-0.0483143551933729,0.934965356925101,-0.048314355193373
"SPTB","P11277",1.99888299566268,3.54596574652243e-05,"Cancer Up",-0.0799875030199892,-0.128282580926015,0.879889639441335,0.814877904965782,0.048295077906026,0.949437470675254,0.0482950779060258
"C1QB","P02746",2.1542522913885,0.00120528004169193,"Cancer Up",0.486559702734098,0.533118727025464,0.401679526698965,0.374893775593265,-0.0465590242913656,0.955254243075058,-0.046559024291366
"CAPNS1","P04632",0.362820606732242,0.026478069493172,"Cancer Up",0.0566046191110132,0.0107121913775892,0.770696451227989,0.957458500376448,0.0458924277334241,0.869497290903382,0.045892427733424
"PARVA","Q9NVD7",0.927212022633022,0.00113823133692633,"Cancer Up",-0.0406487531324267,0.00351597296281625,0.903798377218583,0.992356206869757,-0.0441647260952429,0.929304686834325,-0.0441647260952429
"MAVS","Q7Z434",-0.769985068632785,2.11981674206781e-05,"Cancer Down",-0.0200433840605285,0.0238360995009597,0.919361929830942,0.910656660277284,-0.0438794835614882,0.879902146974933,-0.0438794835614882
"PCBP1","Q15365",-0.300300188946082,0.0404087506832341,"Cancer Down",0.0493463123468807,0.00605526418540947,0.781223555669781,0.973709491354262,0.0432910481614712,0.865492907206689,0.0432910481614712
"MT-CO2","P00403",-0.427835893464184,0.0362096623140304,"Cancer Down",0.265591477501864,0.307874508641909,0.274035453183212,0.2216447674389,-0.0422830311400446,0.902687503390997,-0.042283031140045
"FUS","P35637",0.421508675712179,0.00997175150377412,"Cancer Up",-0.0259101050702455,-0.0658649320226345,0.88040524985659,0.711941189113377,0.0399548269523891,0.871916219692654,0.039954826952389
"C1QC","P02747",2.23404243114149,0.00121437240909338,"Cancer Up",0.510392946297248,0.470862689322228,0.385049514547737,0.438060762258686,0.03953025697502,0.962464468745635,0.0395302569750199
"EIF3D","O15371",-0.403669189104349,0.0171277666753769,"Cancer Down",-0.0313715662737906,-0.070306797286463,0.881566423150014,0.76681683918867,0.0389352310126725,0.902235144168122,0.0389352310126724
"FLOT1","O75955",0.514415043770999,0.0150131086960049,"Cancer Up",-0.0795977376915076,-0.0425156788813794,0.753529423914531,0.871165382671252,-0.0370820588101282,0.918971267869639,-0.0370820588101282
"KARS1","Q15046",-0.620439080743221,0.00051462608892052,"Cancer Down",0.147910299169727,0.183335917640033,0.481526500258897,0.412742350640689,-0.0354256184703061,0.907664044413305,-0.035425618470306
"RPL4","P36578",-0.318226735553782,0.0228073916026148,"Cancer Down",0.37331301924085,0.4082583135603,0.0393819714204049,0.0301243011218605,-0.0349452943194493,0.889377337340287,-0.03494529431945
"BLVRA","P53004",0.675189907335543,0.00182811979423198,"Cancer Up",0.062611468230859,0.0293505830923166,0.80759024965233,0.912113929314158,0.0332608851385423,0.928331553763973,0.0332608851385424
"IMPDH2","P12268",-0.489766790813405,0.0040960330525507,"Cancer Down",-0.0960209042784363,-0.1269706460563,0.648705162504418,0.555404179918329,0.0309497417778637,0.917982988686287,0.0309497417778637
"DDX39B","Q13838",0.379529845989911,0.034604206291593,"Cancer Up",0.022773557943168,0.0523722733784098,0.907962005661123,0.797320505275887,-0.0295987154352417,0.916836427594206,-0.0295987154352418
"AP2A2","O94973",1.06477829326785,0.00138717170880752,"Cancer Up",0.160931886634305,0.190078742437521,0.61694972538699,0.598790817340178,-0.0291468558032157,0.951819423512452,-0.029146855803216
"ATP2A3","Q93084",-0.578305381550749,0.0285206758489737,"Cancer Down",-0.149583499736277,-0.178700171935599,0.598988429221441,0.587121642455566,0.0291166721993221,0.946485915405306,0.029116672199322
"LAMP1","P11279",0.935813551826477,0.0109906679636775,"Cancer Up",0.194938752012582,0.223704154627512,0.669136652430358,0.630167005841406,-0.0287654026149298,0.964691170611981,-0.02876540261493
"PSME1","Q06323",0.433079268246477,0.0133766573274048,"Cancer Up",0.0180473078175396,-0.00958688004768504,0.930103230742018,0.96408214525977,0.0276341878652246,0.925638049476936,0.0276341878652246
"LSS","P48449",-0.536119458243142,0.00787162272735946,"Cancer Down",-0.356222808778664,-0.330341685878496,0.111303556665524,0.146163959111245,-0.0258811229001683,0.933903359030564,-0.025881122900168
"RPS3","P23396",-0.478885695859979,0.00174961317352406,"Cancer Down",0.174406439751468,0.200164777890166,0.340171236245991,0.290959308075544,-0.0257583381386972,0.921403218705914,-0.025758338138698
"EIF3B","P55884",-0.547501846416175,0.000145345898386,"Cancer Down",0.0824259025949914,0.10510083653778,0.623520273041235,0.556529263087556,-0.0226749339427883,0.926143074201069,-0.0226749339427886
"MAOB","P27338",-0.578001651085401,0.00262865155685918,"Cancer Down",-0.112983874897225,-0.0905859448942721,0.627498790938677,0.706701642031802,-0.0223979300029526,0.946594974660425,-0.0223979300029529
"UBE2O","Q9C0C9",0.811290337698841,0.00495633169105214,"Cancer Up",0.182332473848863,0.204414205879409,0.586596936513196,0.586845237792577,-0.0220817320305464,0.964944060451365,-0.022081732030546
"PGM2","Q96G03",1.35756186546315,4.39858674452047e-05,"Cancer Up",0.125112140627017,0.10881801209322,0.703213671311686,0.750860945516092,0.0162941285337972,0.972584748963312,0.016294128533797
"VPS28","Q9UK41",-0.828085926808225,0.00122691910878192,"Cancer Down",0.0341598215821755,0.0501797014019765,0.911021727021519,0.895442112263698,-0.016019879819801,0.973866271576939,-0.016019879819801
"PSMD9","O00233",0.596853023314761,0.00267177378386729,"Cancer Up",-0.0171112848606576,-0.00468192411553403,0.94332263623745,0.985000856717057,-0.0124293607451236,0.971371451211795,-0.0124293607451236
"MCU","Q8NE86",-0.629889928115997,0.0218247511245231,"Cancer Down",0.290373303045563,0.302312694641973,0.370863334163755,0.380851202392232,-0.0119393915964103,0.979745257951297,-0.01193939159641
"NUTF2","P61970",0.57751195004693,9.23472724580841e-05,"Cancer Up",-0.174576598954687,-0.163909733376052,0.311110317105432,0.35731743115752,-0.0106668655786351,0.965387444978515,-0.010666865578635
"EIF6","P56537",0.432522804680673,0.0188252155538559,"Cancer Up",0.00608385092616004,0.0160269856206838,0.977160201386353,0.941899384582774,-0.00994313469452379,0.974060850965255,-0.00994313469452376
"DDT","P30046",0.869430691745471,0.00132993184575212,"Cancer Up",-0.20097336010323,-0.191506698592555,0.51324211105349,0.546902925695978,-0.00946666151067532,0.9828620309819,-0.00946666151067499
"ADK","P55263",0.470126081320263,0.00611149284182229,"Cancer Up",-0.0515811367016035,-0.0605259311251984,0.785225980484865,0.769547931602701,0.00894479442359497,0.974514718537985,0.0089447944235949
"UROD","P06132",1.4918350080422,4.88181422173778e-06,"Cancer Up",-0.219340860797434,-0.227521898434762,0.41751219557277,0.428922691174595,0.00818103763732836,0.983374569714266,0.008181037637328
"MAPRE3","Q9UPY8",-0.635728828444655,0.00412426307042038,"Cancer Down",-0.0608675179976359,-0.0529719177246584,0.819085852473192,0.853295036170753,-0.00789560027297753,0.983882072906201,-0.0078956002729775
"BOLA2","Q9H3K6",0.761221974321892,0.00245939299745885,"Cancer Up",0.0766332085239227,0.0687437677145795,0.769622669688177,0.804831869875567,0.00788944080934328,0.983508441768904,0.0078894408093432
"PPCS","Q9HAB8",0.675799799070974,0.00038434619559379,"Cancer Up",0.0998607166524472,0.107051937906267,0.59350267491278,0.695753799365362,-0.00719122125381944,0.982653970593536,-0.00719122125381981
"PPID","Q08752",-0.62080345958843,0.00469114325953396,"Cancer Down",-0.0220537077531588,-0.0180355688965701,0.924656583558501,0.956232257170759,-0.00401813885658875,0.992043478282562,-0.0040181388565887
"RPL27A","P46776",0.741620351660654,0.00435179240175304,"Cancer Up",0.0495941808508285,0.0531091192367654,0.849999243349797,0.844833979681717,-0.00351493838593697,0.992565900830379,-0.0035149383859369
"USP5","P45974",0.332204558041877,0.0153501582900617,"Cancer Up",-0.149940248958522,-0.148234174720304,0.377992369631638,0.399352371799367,-0.00170607423821778,0.994400282733527,-0.001706074238218
"COX11","Q9Y6N1",-0.643155255645087,0.0270416045717125,"Cancer Down",0.255442700628635,NA,0.534501776410909,NA,NA,NA,NA
"SNAP23","O00161",1.42256285319486,0.0284532675901908,"Cancer Up",NA,0.0646832262501214,NA,0.8553765698154,NA,NA,NA
"CACNG1","Q06432",-0.927325162052647,0.0292317124844819,"Cancer Down",NA,-0.630398077470335,NA,0.300346921610142,NA,NA,NA
"TANGO2","Q6ICL3",0.944369823099063,0.0463262664956646,"Cancer Up",-0.347942964351436,NA,0.293709924433101,NA,NA,NA,NA
"LEMD2","Q8NC56",1.00015251067,0.0162753784463043,"Cancer Up",0.580905482582907,NA,0.167852622856826,NA,NA,NA,NA
"DUT","P33316",1.45506110293288,0.0156616493221411,"Cancer Up",0.450398219306344,NA,0.393071378695912,NA,NA,NA,NA
"CORO7","P57737",1.88750405488583,0.010870594628943,"Cancer Up",0.254534843904725,NA,0.46278648625037,NA,NA,NA,NA
"RAB4A","P20338",0.483749524593181,0.0447991051172148,"Cancer Up",0.00200928976101622,NA,0.993647911145027,NA,NA,NA,NA
"PABPN1","Q86U42",1.17293704788721,0.00980071322840038,"Cancer Up",-0.0839577642599068,NA,0.923867352069571,NA,NA,NA,NA
"NAA25","Q14CX7",-0.753173778312897,0.0288723830019887,"Cancer Down",0.325747977963539,NA,0.671120207369686,NA,NA,NA,NA
"USP13","Q92995",-0.778247682065821,0.00888455240382417,"Cancer Down",-0.921562922517085,NA,0.030909956635448,NA,NA,NA,NA
"MRPL15","Q9P015",-0.889612186176477,0.02978652371816,"Cancer Down",0.59426123267828,NA,0.44305547226898,NA,NA,NA,NA
"PGGT1B","P53609",1.03154855533563,0.0305394313197682,"Cancer Up",-0.0580257619353421,NA,0.917634191358623,NA,NA,NA,NA
