pathway,NES_CvH,padj_CvH,NES_TCR,padj_TCR,sig_CvH,sig_TCR,sig_class,direction
HALLMARK_OXIDATIVE_PHOSPHORYLATION,-2.512654675451224,2.249132935959545e-10,1.6690734410289139,0.01844304327821786,TRUE,TRUE,Sig Both,Reversed
HALLMARK_HEME_METABOLISM,2.611898716620129,7.223677515970717e-9,-1.0023380058068163,0.7984729181579576,TRUE,FALSE,Sig Cancer only,NS
GOBP_ACTIN_FILAMENT_ORGANIZATION,2.385178599014186,5.765883978151439e-8,2.4027968914414255,3.958983034276662e-6,TRUE,TRUE,Sig Both,Exacerbated
REACTOME_NEUTROPHIL_DEGRANULATION,2.1073429322709307,2.67628189837879e-6,1.1169802451405482,0.5441390107954001,TRUE,FALSE,Sig Cancer only,NS
REACTOME_MITOCHONDRIAL_PROTEIN_DEGRADATION,-2.4064579544938023,8.64109382771719e-6,1.57871165077157,0.092708666123896,TRUE,FALSE,Sig Cancer only,NS
REACTOME_TRANSLATION,-2.0013044021712547,8.926632292374937e-6,1.0122781381398964,0.7777056840673374,TRUE,FALSE,Sig Cancer only,NS
GOBP_PROTON_TRANSMEMBRANE_TRANSPORT,-2.229405994189496,3.813629329648907e-5,1.8057786944988545,0.01711023921465463,TRUE,TRUE,Sig Both,Reversed
GOBP_PROTON_MOTIVE_FORCE_DRIVEN_ATP_SYNTHESIS,-2.308334981747074,8.890293420542284e-5,1.882027586727803,0.01711023921465463,TRUE,TRUE,Sig Both,Reversed
GOBP_CELL_SUBSTRATE_ADHESION,2.204987122038322,1.1359280710270453e-4,1.2737821809801282,0.3775321708446696,TRUE,FALSE,Sig Cancer only,NS
HALLMARK_EPITHELIAL_MESENCHYMAL_TRANSITION,2.230291135232031,1.3963555697760525e-4,2.2185724355219416,0.004008370508698696,TRUE,TRUE,Sig Both,Exacerbated
GOBP_AMINO_ACID_ACTIVATION,-2.3967828302031937,1.4424984006367855e-4,1.1226502133604848,0.6487266941812396,TRUE,FALSE,Sig Cancer only,NS
REACTOME_GENE_AND_PROTEIN_EXPRESSION_BY_JAK_STAT_SIGNALING_AFTER_INTERLEUKIN_12_STIMULATION,2.2731847119364645,1.688334259819786e-4,1.1179738254023561,0.6552423878791426,TRUE,FALSE,Sig Cancer only,NS
REACTOME_CITRIC_ACID_CYCLE_TCA_CYCLE,-2.400657812793611,2.1656760784542254e-4,1.450642099586057,0.24918288233505625,TRUE,FALSE,Sig Cancer only,NS
GOSLIM_AMINO_ACID_METABOLIC_PROCESS,-2.0104092596615906,3.467691669355963e-4,-1.0574413597754275,0.7033381717721849,TRUE,FALSE,Sig Cancer only,NS
GOBP_MITOCHONDRIAL_GENE_EXPRESSION,-2.2888646593645903,4.796593562307078e-4,1.3420724027386615,0.36502099947288774,TRUE,FALSE,Sig Cancer only,NS
GOBP_RECEPTOR_MEDIATED_ENDOCYTOSIS,2.172379344904905,5.14096537232081e-4,1.0912875976606493,0.6741165955976501,TRUE,FALSE,Sig Cancer only,NS
REACTOME_TRNA_AMINOACYLATION,-2.313507460435502,5.14096537232081e-4,1.2387234614686444,0.48694978092349167,TRUE,FALSE,Sig Cancer only,NS
GOBP_AMINO_ACID_METABOLIC_PROCESS,-1.9854531891704672,5.495269899108957e-4,-1.0798349879776103,0.6607470332854656,TRUE,FALSE,Sig Cancer only,NS
GOBP_WOUND_HEALING,2.072079208471941,5.866203809013964e-4,1.648148796237251,0.08194651531912847,TRUE,FALSE,Sig Cancer only,NS
REACTOME_EXTRACELLULAR_MATRIX_ORGANIZATION,2.110428687074913,5.866203809013964e-4,1.560032928088979,0.12186639617446747,TRUE,FALSE,Sig Cancer only,NS
GOBP_ESTABLISHMENT_OR_MAINTENANCE_OF_CELL_POLARITY,2.1107310902460785,7.436075159407991e-4,1.6033226547308466,0.11206097309249172,TRUE,FALSE,Sig Cancer only,NS
KEGG_MEDICUS_REFERENCE_MITOCHONDRIAL_COMPLEX_UCP1_IN_THERMOGENESIS,-2.1375080677425085,9.339876176293258e-4,1.990588886504415,0.015896983948062094,TRUE,TRUE,Sig Both,Reversed
GOBP_BRANCHED_CHAIN_AMINO_ACID_METABOLIC_PROCESS,-2.2711343803031983,0.0011938383788121253,-0.8209701194396153,0.9619695826828284,TRUE,FALSE,Sig Cancer only,NS
GOBP_CELLULAR_RESPIRATION,-1.738744546029238,0.0011938383788121253,1.1954640759064037,0.38404110122836077,TRUE,FALSE,Sig Cancer only,NS
HALLMARK_APICAL_JUNCTION,2.077978848353232,0.0011938383788121253,1.9285187219993205,0.01844304327821786,TRUE,TRUE,Sig Both,Exacerbated
GOBP_ACTIN_FILAMENT_BUNDLE_ORGANIZATION,2.0507377530627,0.001311946896402953,1.9946734647095021,0.018285686931217248,TRUE,TRUE,Sig Both,Exacerbated
GOBP_RECEPTOR_INTERNALIZATION,2.180937724877158,0.0013331292092932576,0.6640623585565946,0.9997067020099607,TRUE,FALSE,Sig Cancer only,NS
REACTOME_METABOLISM_OF_AMINO_ACIDS_AND_DERIVATIVES,-1.7252099587621974,0.0016667859762641859,-0.936189266684216,0.9251398773306401,TRUE,FALSE,Sig Cancer only,NS
GOBP_ACTIN_FILAMENT_DEPOLYMERIZATION,2.0983635877103053,0.001867965967388402,1.344579019674738,0.3956007504846016,TRUE,FALSE,Sig Cancer only,NS
GOBP_FATTY_ACID_CATABOLIC_PROCESS,-2.093498804669195,0.0018842586521569398,1.185989584660818,0.543487633361331,TRUE,FALSE,Sig Cancer only,NS
GOBP_TRNA_METABOLIC_PROCESS,-2.1217478479379523,0.002148630545161412,0.9769407609597616,0.8354840672294471,TRUE,FALSE,Sig Cancer only,NS
GOSLIM_TRNA_METABOLIC_PROCESS,-2.1217478479379523,0.002148630545161412,0.9769407609597616,0.8354840672294471,TRUE,FALSE,Sig Cancer only,NS
GOSLIM_MITOCHONDRION_ORGANIZATION,-1.8509617530050546,0.0022048340800395086,1.010090951462077,0.7761905901989219,TRUE,FALSE,Sig Cancer only,NS
GOBP_INTEGRIN_MEDIATED_SIGNALING_PATHWAY,2.1081969406327494,0.002254000019897028,1.7269853055698416,0.09757619145019432,TRUE,FALSE,Sig Cancer only,NS
GOSLIM_WOUND_HEALING,1.9892539382161563,0.0025132061223715136,1.5389605459157238,0.13024154454264086,TRUE,FALSE,Sig Cancer only,NS
REACTOME_BRANCHED_CHAIN_AMINO_ACID_CATABOLISM,-2.1851125091131376,0.002704390486061682,-0.9473696900440232,0.8580144138843948,TRUE,FALSE,Sig Cancer only,NS
GOBP_POSITIVE_REGULATION_OF_CELL_ADHESION,1.9503135484191916,0.003474733448317905,1.3931816754858068,0.2310617068681585,TRUE,FALSE,Sig Cancer only,NS
REACTOME_PLATELET_ACTIVATION_SIGNALING_AND_AGGREGATION,1.9447892383365895,0.003474733448317905,1.3444363266751913,0.2850086633368742,TRUE,FALSE,Sig Cancer only,NS
GOBP_OXIDATIVE_PHOSPHORYLATION,-1.8088139644527488,0.0035604547642092152,1.6341945201858377,0.0588213606552451,TRUE,FALSE,Sig Cancer only,NS
GOBP_POSITIVE_REGULATION_OF_ERK1_AND_ERK2_CASCADE,2.0777604925372852,0.003648397274272326,0.6448800367803922,0.9997067020099607,TRUE,FALSE,Sig Cancer only,NS
HALLMARK_COMPLEMENT,1.9913374033703009,0.0038775367776214976,0.9259841733793028,0.900273774856362,TRUE,FALSE,Sig Cancer only,NS
GOBP_POSITIVE_REGULATION_OF_MAPK_CASCADE,1.9841593937623674,0.0042274727414119565,0.911619627894922,0.9172594950834784,TRUE,FALSE,Sig Cancer only,NS
GOBP_NEGATIVE_REGULATION_OF_PROTEIN_POLYMERIZATION,2.0562164735516633,0.0043620221519348025,1.5867528406682518,0.17107077291971076,TRUE,FALSE,Sig Cancer only,NS
REACTOME_EPH_EPHRIN_SIGNALING,2.021711551217886,0.0043620221519348025,2.078365184912375,0.015896983948062094,TRUE,TRUE,Sig Both,Exacerbated
GOBP_POSITIVE_REGULATION_OF_CELL_SUBSTRATE_ADHESION,2.0186704987322606,0.004484553601526519,1.2077878563691329,0.5226724364751919,TRUE,FALSE,Sig Cancer only,NS
REACTOME_RECYCLING_PATHWAY_OF_L1,2.001614729374959,0.005106469635767928,1.1138778915519882,0.6752999191258355,TRUE,FALSE,Sig Cancer only,NS
GOBP_REGULATION_OF_ACTIN_FILAMENT_POLYMERIZATION,2.0003800111283323,0.005415089454129083,1.6947974565430195,0.12048148918469216,TRUE,FALSE,Sig Cancer only,NS
GOBP_ORGANIC_HYDROXY_COMPOUND_TRANSPORT,1.9595465616789738,0.005685327470143309,0.743982142794421,0.9997067020099607,TRUE,FALSE,Sig Cancer only,NS
GOBP_TAXIS,1.955595496625235,0.005685327470143309,1.0635194501713296,0.7202302007716959,TRUE,FALSE,Sig Cancer only,NS
GOBP_CELL_CELL_JUNCTION_ORGANIZATION,1.9880517785753569,0.005940052581671979,1.3482216573211652,0.36502099947288774,TRUE,FALSE,Sig Cancer only,NS
REACTOME_CRISTAE_FORMATION,-2.072002629508725,0.005940052581671979,1.302457454892429,0.42146848076430943,TRUE,FALSE,Sig Cancer only,NS
GOBP_REGULATION_OF_CELLULAR_COMPONENT_SIZE,1.907476046045347,0.006262682460844854,1.1300652342716178,0.5924483882341555,TRUE,FALSE,Sig Cancer only,NS
GOBP_ORGANIC_ACID_CATABOLIC_PROCESS,-1.755019671370245,0.007031606611910044,-1.1326382814084155,0.5709281395173373,TRUE,FALSE,Sig Cancer only,NS
HALLMARK_XENOBIOTIC_METABOLISM,1.88338771984188,0.007254376229246583,-1.3188937991684855,0.34064452520435184,TRUE,FALSE,Sig Cancer only,NS
GOBP_EPITHELIAL_CELL_DEVELOPMENT,1.9648205901713696,0.007962483240495394,1.0305791854953186,0.7657303370786517,TRUE,FALSE,Sig Cancer only,NS
GOBP_REACTIVE_OXYGEN_SPECIES_METABOLIC_PROCESS,1.8190058021752624,0.007962483240495394,-0.6498519780085166,0.9997067020099607,TRUE,FALSE,Sig Cancer only,NS
HALLMARK_APOPTOSIS,1.920171297971893,0.007962483240495394,1.4233423170566524,0.2484222996833208,TRUE,FALSE,Sig Cancer only,NS
KEGG_MEDICUS_REFERENCE_ELECTRON_TRANSFER_IN_COMPLEX_I,-1.9276629851855904,0.007962483240495394,2.0344453838731353,0.015896983948062094,TRUE,TRUE,Sig Both,Reversed
REACTOME_EPIGENETIC_REGULATION_OF_GENE_EXPRESSION,1.9744269412136408,0.008025345382968663,-0.5620486339184151,0.9997067020099607,TRUE,FALSE,Sig Cancer only,NS
GOSLIM_ESTABLISHMENT_OR_MAINTENANCE_OF_CELL_POLARITY,1.8835160786455853,0.008358239650928976,1.3028794043673704,0.3956007504846016,TRUE,FALSE,Sig Cancer only,NS
REACTOME_DEVELOPMENTAL_CELL_LINEAGES,1.991153164635339,0.008358239650928976,1.023412305064562,0.7803726568883861,TRUE,FALSE,Sig Cancer only,NS
REACTOME_ECM_PROTEOGLYCANS,1.9893735748057717,0.008358239650928976,1.5371103363181446,0.19913304018751224,TRUE,FALSE,Sig Cancer only,NS
REACTOME_DEGRADATION_OF_THE_EXTRACELLULAR_MATRIX,2.000573494002294,0.00857544886538018,1.6085623218505285,0.14224142429270634,TRUE,FALSE,Sig Cancer only,NS
GOBP_ATP_METABOLIC_PROCESS,-1.6610668959256396,0.008829695903260604,1.240178337098035,0.357489689921143,TRUE,FALSE,Sig Cancer only,NS
GOBP_LEUKOCYTE_CELL_CELL_ADHESION,1.8900369009610474,0.008829695903260604,0.854934942063633,0.9619695826828284,TRUE,FALSE,Sig Cancer only,NS
GOBP_MITOCHONDRION_ORGANIZATION,-1.679224868967114,0.008829695903260604,0.9569316294229798,0.8797122527631277,TRUE,FALSE,Sig Cancer only,NS
GOBP_RENAL_SYSTEM_DEVELOPMENT,2.0019567017033673,0.008829695903260604,0.8552291672229155,0.9489079804286593,TRUE,FALSE,Sig Cancer only,NS
GOBP_SUBSTRATE_ADHESION_DEPENDENT_CELL_SPREADING,1.9944890479963309,0.008829695903260604,1.5103537558182145,0.20265183824162342,TRUE,FALSE,Sig Cancer only,NS
REACTOME_CARDIAC_CONDUCTION,-2.006894076840454,0.009339577647088149,-1.114208157779283,0.6684327641641096,TRUE,FALSE,Sig Cancer only,NS
REACTOME_MITOCHONDRIAL_TRANSLATION,-2.0571474166335473,0.009879538417267962,0.88547325488205,0.9251508953538248,TRUE,FALSE,Sig Cancer only,NS
REACTOME_ION_HOMEOSTASIS,-1.988842019751105,0.012144084263752236,-1.070674457503668,0.7202302007716959,TRUE,FALSE,Sig Cancer only,NS
REACTOME_COMPLEX_I_BIOGENESIS,-1.8475031999860956,0.012421163685419755,2.002390102754285,0.014711379096149639,TRUE,TRUE,Sig Both,Reversed
REACTOME_RAC1_GTPASE_CYCLE,1.9060929264619144,0.013900488275646118,0.6675191277228643,0.9997067020099607,TRUE,FALSE,Sig Cancer only,NS
GOBP_ENDOTHELIAL_CELL_DEVELOPMENT,1.9478163555957368,0.01421908107456059,0.7122319877408405,0.9997067020099607,TRUE,FALSE,Sig Cancer only,NS
GOBP_REGULATION_OF_CELL_SHAPE,1.936371418287272,0.01421908107456059,1.3795981238135693,0.3425029040134651,TRUE,FALSE,Sig Cancer only,NS
GOBP_ENDOTHELIUM_DEVELOPMENT,1.8987641501858163,0.014565416059560058,-0.4914761283444681,0.9997067020099607,TRUE,FALSE,Sig Cancer only,NS
GOBP_FATTY_ACYL_COA_METABOLIC_PROCESS,-2.0411825369041416,0.015222335251347238,-0.36498362013295127,1,TRUE,FALSE,Sig Cancer only,NS
REACTOME_MITOCHONDRIAL_BIOGENESIS,-1.8961095702543704,0.015550973393578823,-0.5727706125761145,0.9997067020099607,TRUE,FALSE,Sig Cancer only,NS
GOBP_REGULATION_OF_LEUKOCYTE_DIFFERENTIATION,1.8130426545540705,0.015555655388511428,-1.258411776042053,0.4450325224261103,TRUE,FALSE,Sig Cancer only,NS
GOBP_LIPID_MODIFICATION,-1.8674279022395504,0.01590292595771001,1.3334110222216757,0.34119297396982795,TRUE,FALSE,Sig Cancer only,NS
GOSLIM_GENERATION_OF_PRECURSOR_METABOLITES_AND_ENERGY,-1.5267785339725182,0.01685371656634558,1.1500790682044215,0.4550028701605144,TRUE,FALSE,Sig Cancer only,NS
GOBP_NEGATIVE_REGULATION_OF_CELL_ACTIVATION,1.8876077468690262,0.01762641242156924,-0.8981792473525926,0.9224499360987095,TRUE,FALSE,Sig Cancer only,NS
HALLMARK_COAGULATION,1.902184693216132,0.01762641242156924,1.0515248999199531,0.7422563393204854,TRUE,FALSE,Sig Cancer only,NS
GOBP_MITOCHONDRIAL_RESPIRATORY_CHAIN_COMPLEX_ASSEMBLY,-1.8784111192924318,0.017626487679358194,0.9065565451337024,0.9251398773306401,TRUE,FALSE,Sig Cancer only,NS
GOBP_REGULATION_OF_BODY_FLUID_LEVELS,1.8115644243252382,0.019048722920546646,1.2029692386692403,0.49865408866039385,TRUE,FALSE,Sig Cancer only,NS
GOBP_TRICARBOXYLIC_ACID_CYCLE,-1.9273140380279807,0.019292628129957096,1.036466953728602,0.7495001581895033,TRUE,FALSE,Sig Cancer only,NS
GOBP_ACYL_COA_METABOLIC_PROCESS,-1.8461723891879391,0.020453980290619986,-0.5323784551224048,0.9997067020099607,TRUE,FALSE,Sig Cancer only,NS
GOBP_DETOXIFICATION,1.7220797021053569,0.020453980290619986,-1.4446728618705516,0.19828811804596067,TRUE,FALSE,Sig Cancer only,NS
GOBP_NEGATIVE_REGULATION_OF_PROTEIN_CONTAINING_COMPLEX_ASSEMBLY,1.8136875205465166,0.020453980290619986,1.6815316032841243,0.09115187074223348,TRUE,FALSE,Sig Cancer only,NS
GOBP_POSITIVE_REGULATION_OF_REACTIVE_OXYGEN_SPECIES_METABOLIC_PROCESS,1.8904840012533677,0.020453980290619986,-0.6616614130404558,0.9997067020099607,TRUE,FALSE,Sig Cancer only,NS
REACTOME_REGULATION_OF_INSULIN_LIKE_GROWTH_FACTOR_IGF_TRANSPORT_AND_UPTAKE_BY_INSULIN_LIKE_GROWTH_FACTOR_BINDING_PROTEINS_IGFBPS,1.8881430535754034,0.020453980290619986,1.5684865021004806,0.1930832717418083,TRUE,FALSE,Sig Cancer only,NS
REACTOME_MITOCHONDRIAL_PROTEIN_IMPORT,-1.78012171511144,0.021567617099430544,1.1737980484325212,0.5564870383210199,TRUE,FALSE,Sig Cancer only,NS
HALLMARK_REACTIVE_OXYGEN_SPECIES_PATHWAY,1.8913913485162033,0.021643502270619085,-1.2612528229396702,0.4761761040248855,TRUE,FALSE,Sig Cancer only,NS
GOBP_CILIUM_ORGANIZATION,1.791640576877884,0.022526024360398106,1.7266292846256406,0.07826907301066448,TRUE,FALSE,Sig Cancer only,NS
GOBP_LYMPHOCYTE_DIFFERENTIATION,1.8364551601558081,0.025080870372674386,-1.4786570588950287,0.19663544381740838,TRUE,FALSE,Sig Cancer only,NS
GOBP_REGULATION_OF_ENDOCYTOSIS,1.7313517398765084,0.02569697581605098,1.0379484578330254,0.7422563393204854,TRUE,FALSE,Sig Cancer only,NS
REACTOME_FATTY_ACID_METABOLISM,-1.829429814147103,0.027208632316933674,-1.2601669120908279,0.41743464097780997,TRUE,FALSE,Sig Cancer only,NS
GOBP_REGULATION_OF_EXTRINSIC_APOPTOTIC_SIGNALING_PATHWAY,1.8683251812901647,0.02930990055912648,0.6495004602826528,0.9997067020099607,TRUE,FALSE,Sig Cancer only,NS
GOBP_PLATELET_AGGREGATION,1.8199435098721584,0.03050014250751992,1.8658343483332596,0.05425832423398781,TRUE,FALSE,Sig Cancer only,NS
REACTOME_DETOXIFICATION_OF_REACTIVE_OXYGEN_SPECIES,1.827491285590804,0.03050014250751992,-1.3614317964199831,0.3775321708446696,TRUE,FALSE,Sig Cancer only,NS
REACTOME_SIGNALING_BY_INTERLEUKINS,1.6019923163656462,0.0307896690081,-0.7602682923400447,0.9997067020099607,TRUE,FALSE,Sig Cancer only,NS
GOBP_RESPONSE_TO_MOLECULE_OF_BACTERIAL_ORIGIN,1.7609750638218524,0.03232860856530237,1.0598218383111133,0.7212651272674122,TRUE,FALSE,Sig Cancer only,NS
GOBP_NUCLEOSIDE_PHOSPHATE_BIOSYNTHETIC_PROCESS,-1.506108466876084,0.03296847390478518,0.6953120767465596,0.9997067020099607,TRUE,FALSE,Sig Cancer only,NS
HALLMARK_IL2_STAT5_SIGNALING,1.8257483889611443,0.03312433168076213,0.7320363683939135,0.9997067020099607,TRUE,FALSE,Sig Cancer only,NS
GOBP_EXTERNAL_ENCAPSULATING_STRUCTURE_ORGANIZATION,1.8040021442795084,0.03437636176649587,1.687595725633186,0.10865340085182627,TRUE,FALSE,Sig Cancer only,NS
GOBP_PHOSPHATIDYLINOSITOL_3_KINASE_PROTEIN_KINASE_B_SIGNAL_TRANSDUCTION,1.754222391190526,0.03583291612658396,-0.9947954713426028,0.8182121975806451,TRUE,FALSE,Sig Cancer only,NS
GOBP_TISSUE_HOMEOSTASIS,1.8206971951843076,0.03583291612658396,0.5478183391544744,0.9997067020099607,TRUE,FALSE,Sig Cancer only,NS
GOBP_NEUTRAL_LIPID_METABOLIC_PROCESS,1.8087425083719948,0.03728596023180215,-0.6702262922131607,0.9997067020099607,TRUE,FALSE,Sig Cancer only,NS
GOSLIM_CILIUM_ORGANIZATION,1.78878693813798,0.0381271318040577,1.9675857696698382,0.01844304327821786,TRUE,TRUE,Sig Both,Exacerbated
REACTOME_L1CAM_INTERACTIONS,1.788719533391601,0.0381271318040577,0.8628695879245789,0.954334373294618,TRUE,FALSE,Sig Cancer only,NS
GOBP_AMEBOIDAL_TYPE_CELL_MIGRATION,1.7548453338343102,0.04091829207623557,1.392894419033471,0.30345664031161856,TRUE,FALSE,Sig Cancer only,NS
GOBP_MODULATION_OF_PROCESS_OF_ANOTHER_ORGANISM,1.83336767938932,0.04091829207623557,1.4977679767502625,0.2469962892387925,TRUE,FALSE,Sig Cancer only,NS
GOBP_NEGATIVE_REGULATION_OF_CELL_DEVELOPMENT,1.713658602061084,0.04091829207623557,-0.7660818730425664,0.9954418063237114,TRUE,FALSE,Sig Cancer only,NS
GOBP_PHAGOCYTOSIS,1.747398450444268,0.04091829207623557,1.0158502999326566,0.7811380914940564,TRUE,FALSE,Sig Cancer only,NS
GOBP_REGULATION_OF_CELL_PROJECTION_ASSEMBLY,1.7497884520301996,0.04091829207623557,1.334222593473337,0.3725398170148727,TRUE,FALSE,Sig Cancer only,NS
HALLMARK_INTERFERON_GAMMA_RESPONSE,1.7654204777980032,0.04091829207623557,-0.6288044017390366,0.9997067020099607,TRUE,FALSE,Sig Cancer only,NS
REACTOME_SENSORY_PROCESSING_OF_SOUND,1.8412835146759854,0.04091829207623557,1.7221753924883643,0.11206097309249172,TRUE,FALSE,Sig Cancer only,NS
GOBP_LAMELLIPODIUM_ORGANIZATION,1.8098564013424028,0.04155614500442086,1.795106574333583,0.07986640103129028,TRUE,FALSE,Sig Cancer only,NS
REACTOME_METABOLISM_OF_CARBOHYDRATES_AND_CARBOHYDRATE_DERIVATIVES,1.6282746282589304,0.04155614500442086,0.9815673261029928,0.8286059547186602,TRUE,FALSE,Sig Cancer only,NS
REACTOME_ACTIVATION_OF_THE_MRNA_UPON_BINDING_OF_THE_CAP_BINDING_COMPLEX_AND_EIFS_AND_SUBSEQUENT_BINDING_TO_43S,-1.6301172838353541,0.04299381375965325,-1.3294502659937038,0.3235387446068472,TRUE,FALSE,Sig Cancer only,NS
REACTOME_COPI_DEPENDENT_GOLGI_TO_ER_RETROGRADE_TRAFFIC,1.776490198007235,0.04299381375965325,0.7976302674961717,0.9767745045410225,TRUE,FALSE,Sig Cancer only,NS
GOBP_NEGATIVE_REGULATION_OF_ENDOCYTOSIS,1.7890617567441878,0.0430405054022663,1.2649970589300115,0.48694978092349167,TRUE,FALSE,Sig Cancer only,NS
GOBP_NEGATIVE_REGULATION_OF_PROTEIN_CONTAINING_COMPLEX_DISASSEMBLY,1.807162421798821,0.0430405054022663,1.7951293730578426,0.09461355456597327,TRUE,FALSE,Sig Cancer only,NS
REACTOME_DRUG_ADME,1.7976940993622736,0.0430405054022663,-0.7540477648937569,0.9923127196857303,TRUE,FALSE,Sig Cancer only,NS
REACTOME_MAP2K_AND_MAPK_ACTIVATION,1.8062325696422659,0.0430405054022663,1.0661626609856996,0.7265935178668933,TRUE,FALSE,Sig Cancer only,NS
GOBP_INNER_MITOCHONDRIAL_MEMBRANE_ORGANIZATION,-1.7894563725977235,0.04332931673408095,0.6699200641096548,0.9997067020099607,TRUE,FALSE,Sig Cancer only,NS
GOBP_NEGATIVE_REGULATION_OF_LYMPHOCYTE_DIFFERENTIATION,1.7949554385282782,0.04355822212600576,-1.4445730151851155,0.3038374546008134,TRUE,FALSE,Sig Cancer only,NS
GOBP_ENDOTHELIAL_CELL_MIGRATION,1.7330767131601141,0.04558685248608648,0.9866144772818219,0.8289217005333729,TRUE,FALSE,Sig Cancer only,NS
GOSLIM_EXTRACELLULAR_MATRIX_ORGANIZATION,1.775287175077611,0.045890074545872246,1.7018508615160584,0.1212425157047507,TRUE,FALSE,Sig Cancer only,NS
REACTOME_EXTRA_NUCLEAR_ESTROGEN_SIGNALING,1.7937697523518528,0.045890074545872246,1.2542261745778627,0.5056481979558903,TRUE,FALSE,Sig Cancer only,NS
GOBP_REGULATION_OF_TRANSMEMBRANE_TRANSPORTER_ACTIVITY,-1.7415604024320503,0.046986743551975935,-0.8209550618251444,0.9710647493497327,TRUE,FALSE,Sig Cancer only,NS
GOBP_SUPEROXIDE_METABOLIC_PROCESS,1.7707107205404224,0.04904244888413137,-0.7455771099530668,0.9923127196857303,TRUE,FALSE,Sig Cancer only,NS
REACTOME_PYRUVATE_METABOLISM,-1.7974771760222374,0.049237350571571165,-0.8872126631301234,0.9251398773306401,TRUE,FALSE,Sig Cancer only,NS
REACTOME_TRANS_GOLGI_NETWORK_VESICLE_BUDDING,1.766375649785366,0.049237350571571165,2.092549644108424,0.015896983948062094,TRUE,TRUE,Sig Both,Exacerbated
GOBP_T_CELL_PROLIFERATION,1.775144251580056,0.049774020909432504,0.7439202803566931,0.9923127196857303,TRUE,FALSE,Sig Cancer only,NS
GOBP_ACETYL_COA_BIOSYNTHETIC_PROCESS,-1.516867622305073,0.19970045745356277,-0.5971338481754171,0.9997067020099607,FALSE,FALSE,NS,NS
GOBP_ACETYL_COA_METABOLIC_PROCESS,-1.4804230257773883,0.19970045745356277,-0.5908622190032248,0.9997067020099607,FALSE,FALSE,NS,NS
GOBP_ACTIN_FILAMENT_BASED_MOVEMENT,-1.1121990695805672,0.5420483990375716,1.5741009893728046,0.13024154454264086,FALSE,FALSE,NS,NS
GOBP_ACTIN_MEDIATED_CELL_CONTRACTION,-1.0668054792384436,0.6074397637658742,1.4407597701961927,0.2286111655356263,FALSE,FALSE,NS,NS
GOBP_ACTION_POTENTIAL,-1.4996198375228065,0.170755577005577,-1.0293184997395832,0.7694422735537169,FALSE,FALSE,NS,NS
GOBP_ACTIVATION_OF_INNATE_IMMUNE_RESPONSE,-0.8476476792881241,0.8889780211229248,-0.8602164083649979,0.9579721403842871,FALSE,FALSE,NS,NS
GOBP_ACTOMYOSIN_STRUCTURE_ORGANIZATION,1.135116945325427,0.5136279950757099,2.209496068456749,4.06403409581364e-4,FALSE,TRUE,Sig Training only,NS
GOBP_ACYL_COA_BIOSYNTHETIC_PROCESS,-1.5940278024872634,0.0984411481939294,0.5740706100281797,0.9997067020099607,FALSE,FALSE,NS,NS
GOBP_ADAPTIVE_IMMUNE_RESPONSE_BASED_ON_SOMATIC_RECOMBINATION_OF_IMMUNE_RECEPTORS_BUILT_FROM_IMMUNOGLOBULIN_SUPERFAMILY_DOMAINS,1.4380857855066767,0.19867060042498638,-0.8495255767727613,0.9619695826828284,FALSE,FALSE,NS,NS
GOBP_ADAPTIVE_THERMOGENESIS,0.7357722654589051,0.9465339018325257,1.3424772383285082,0.37480659103187464,FALSE,FALSE,NS,NS
GOBP_ADENYLATE_CYCLASE_MODULATING_G_PROTEIN_COUPLED_RECEPTOR_SIGNALING_PATHWAY,1.7114864766709088,0.06835561810931269,0.5747384698466493,0.9997067020099607,FALSE,FALSE,NS,NS
GOBP_ADULT_BEHAVIOR,1.0674482396423064,0.6257166768937495,0.9734097212146989,0.8342740791160272,FALSE,FALSE,NS,NS
GOBP_ALCOHOL_BIOSYNTHETIC_PROCESS,0.7471723774850568,0.9363264040334787,-1.668476034490624,0.12186639617446747,FALSE,FALSE,NS,NS
GOBP_ALCOHOL_METABOLIC_PROCESS,1.3283276295163646,0.2508821333264309,-1.351752572349849,0.25933592473030403,FALSE,FALSE,NS,NS
GOBP_ALDEHYDE_METABOLIC_PROCESS,1.674514057048183,0.069041241198888,-1.7331785939572217,0.092708666123896,FALSE,FALSE,NS,NS
GOBP_ALPHA_AMINO_ACID_BIOSYNTHETIC_PROCESS,-0.47144098107047,0.9994556362544145,-1.5329966075533523,0.22250681684518184,FALSE,FALSE,NS,NS
GOBP_ALPHA_AMINO_ACID_METABOLIC_PROCESS,-1.2837875267892727,0.2722185768445611,-1.4254087799326571,0.19651831453540752,FALSE,FALSE,NS,NS
GOBP_ALPHA_BETA_T_CELL_ACTIVATION,1.4525419886882098,0.20795402532675583,-0.9353101453969276,0.8807791557589462,FALSE,FALSE,NS,NS
GOBP_ALPHA_BETA_T_CELL_DIFFERENTIATION,1.5395051152332635,0.15633140484680777,-1.195423969859188,0.5569483455628861,FALSE,FALSE,NS,NS
GOBP_ALTERNATIVE_MRNA_SPLICING_VIA_SPLICEOSOME,1.4642571292227498,0.23147508088453825,1.51164625844106,0.20890964350026883,FALSE,FALSE,NS,NS
GOBP_AMIDE_BIOSYNTHETIC_PROCESS,-1.3195689805801392,0.26316501179726137,-0.8718831172531669,0.950464243046932,FALSE,FALSE,NS,NS
GOBP_AMIDE_TRANSPORT,1.2059120434024257,0.4385396695017611,-1.2949307656650588,0.40015885402151496,FALSE,FALSE,NS,NS
GOBP_AMINE_METABOLIC_PROCESS,1.4824700011028598,0.2216314853870852,0.7550604679910004,0.9923127196857303,FALSE,FALSE,NS,NS
GOBP_AMINO_ACID_BIOSYNTHETIC_PROCESS,-0.5210114166283992,0.9994556362544145,-1.630060977071345,0.13580487804878047,FALSE,FALSE,NS,NS
GOBP_AMINO_ACID_CATABOLIC_PROCESS,-1.5818278955711662,0.07940673131774102,-1.2460160716898194,0.46183218924476377,FALSE,FALSE,NS,NS
GOBP_AMP_METABOLIC_PROCESS,1.1199424088527405,0.5692596383486864,-1.625951706394277,0.16800042680324373,FALSE,FALSE,NS,NS
GOBP_AMYLOID_FIBRIL_FORMATION,1.3295771253120705,0.3630561039658048,-1.2192391338129573,0.543487633361331,FALSE,FALSE,NS,NS
GOBP_ANTIGEN_PROCESSING_AND_PRESENTATION,1.7042705221828152,0.06887708371496612,-0.9708946788120645,0.8354840672294471,FALSE,FALSE,NS,NS
GOBP_ANTIGEN_PROCESSING_AND_PRESENTATION_OF_PEPTIDE_ANTIGEN,1.7142285289024468,0.069041241198888,0.9194766409817378,0.88478588052426,FALSE,FALSE,NS,NS
GOBP_ANTIGEN_RECEPTOR_MEDIATED_SIGNALING_PATHWAY,1.0807710567643625,0.6139426908284537,0.8307846726466296,0.9567873779433459,FALSE,FALSE,NS,NS
GOBP_APOPTOTIC_MITOCHONDRIAL_CHANGES,-0.6952049915548545,0.982910601677767,-0.677383986371748,0.9997067020099607,FALSE,FALSE,NS,NS
GOBP_AUTOPHAGOSOME_MATURATION,-1.217872783381547,0.4550973549798055,-1.43060396569859,0.3304010142317267,FALSE,FALSE,NS,NS
GOBP_AUTOPHAGOSOME_ORGANIZATION,-1.2822758305675406,0.36894107471891097,-0.6620302747941026,0.9997067020099607,FALSE,FALSE,NS,NS
GOBP_AUTOPHAGY_OF_MITOCHONDRION,-0.9935753730684281,0.6926602915947897,0.6021590474179646,0.9997067020099607,FALSE,FALSE,NS,NS
GOBP_AXON_EXTENSION,0.898125260262569,0.7976135865991051,-0.8836772019522121,0.9224499360987095,FALSE,FALSE,NS,NS
GOBP_AXO_DENDRITIC_TRANSPORT,-0.9008807501636571,0.7959235614874535,0.9381745996871665,0.8599605522682446,FALSE,FALSE,NS,NS
GOBP_BIOLOGICAL_PROCESS_INVOLVED_IN_INTERACTION_WITH_HOST,1.250591075322252,0.39309311245044637,0.9028125253494418,0.9251398773306401,FALSE,FALSE,NS,NS
GOBP_BIOLOGICAL_PROCESS_INVOLVED_IN_SYMBIOTIC_INTERACTION,1.4735181826402635,0.16172467820607392,1.0331208182435192,0.7495001581895033,FALSE,FALSE,NS,NS
GOBP_BONE_DEVELOPMENT,1.5832545883666038,0.13057975511870223,1.328763636257558,0.40650245398281815,FALSE,FALSE,NS,NS
GOBP_CALCIUM_ION_HOMEOSTASIS,-1.2973435246843763,0.2780977203888591,-0.7912728955822114,0.9928885993975389,FALSE,FALSE,NS,NS
GOBP_CALCIUM_ION_TRANSMEMBRANE_IMPORT_INTO_CYTOSOL,0.9558458983994608,0.7419247990511879,-1.0613360508375678,0.7202934706797576,FALSE,FALSE,NS,NS
GOBP_CALCIUM_ION_TRANSMEMBRANE_TRANSPORT,-1.5822937615174837,0.05615853320338809,-1.273919462069019,0.3977929013612205,FALSE,FALSE,NS,NS
GOBP_CALCIUM_ION_TRANSPORT,-1.474578561012926,0.0984411481939294,-1.2136750335016238,0.4550028701605144,FALSE,FALSE,NS,NS
GOBP_CALCIUM_MEDIATED_SIGNALING,-1.31022858879594,0.3031307468074083,0.902748411936029,0.9251398773306401,FALSE,FALSE,NS,NS
GOBP_CANONICAL_NF_KAPPAB_SIGNAL_TRANSDUCTION,1.5075091721417164,0.11859379612048267,1.2886915223239814,0.3775321708446696,FALSE,FALSE,NS,NS
GOBP_CANONICAL_WNT_SIGNALING_PATHWAY,0.9806172512982652,0.7085917057034619,-1.1206321457964759,0.6610069824355538,FALSE,FALSE,NS,NS
GOBP_CARBOHYDRATE_BIOSYNTHETIC_PROCESS,1.2506505419382532,0.36938424548212606,-1.201164237659513,0.507168182518884,FALSE,FALSE,NS,NS
GOBP_CARBOHYDRATE_CATABOLIC_PROCESS,1.0097971442481535,0.6689248158875425,-1.0069189253272486,0.7927506965968505,FALSE,FALSE,NS,NS
GOBP_CARBOHYDRATE_DERIVATIVE_CATABOLIC_PROCESS,1.163841000846169,0.477449608374794,-1.1548077915669428,0.5569483455628861,FALSE,FALSE,NS,NS
GOBP_CARBOHYDRATE_HOMEOSTASIS,1.2197827826738004,0.4251070709438224,-0.8001931588368163,0.9831559397577471,FALSE,FALSE,NS,NS
GOBP_CARBOHYDRATE_TRANSPORT,0.9112055021460518,0.7788986103962944,-0.7820625720646607,0.9783943647528689,FALSE,FALSE,NS,NS
GOBP_CARBOXYLIC_ACID_TRANSMEMBRANE_TRANSPORT,-1.5024734450215063,0.1842190625506839,0.9534977206940625,0.8580144138843948,FALSE,FALSE,NS,NS
GOBP_CARDIAC_CELL_DEVELOPMENT,-1.1318841667713024,0.548659192029953,1.4579101783768755,0.2707086251685245,FALSE,FALSE,NS,NS
GOBP_CARDIAC_CONDUCTION,-1.1555779388747651,0.5108485499462944,-0.8153883989093668,0.9619695826828284,FALSE,FALSE,NS,NS
GOBP_CARDIAC_MUSCLE_CELL_ACTION_POTENTIAL,-1.6248547537430127,0.10365512855988376,-0.9102583255560596,0.9019697514415825,FALSE,FALSE,NS,NS
GOBP_CARDIAC_MUSCLE_CELL_CONTRACTION,-1.1163551125793125,0.5492245264548378,-0.8136146993012535,0.9619695826828284,FALSE,FALSE,NS,NS
GOBP_CARDIAC_MUSCLE_CELL_DIFFERENTIATION,-0.8687295069398251,0.8503059050627411,1.4453356499882648,0.2787891184291266,FALSE,FALSE,NS,NS
GOBP_CARDIAC_MUSCLE_CONTRACTION,-1.2122624917746623,0.3956419510061242,1.0302825281111796,0.7495001581895033,FALSE,FALSE,NS,NS
GOBP_CARDIAC_MUSCLE_TISSUE_DEVELOPMENT,-1.0887785026213024,0.5650408338386891,1.4758521979007169,0.19663544381740838,FALSE,FALSE,NS,NS
GOBP_CARDIOCYTE_DIFFERENTIATION,-0.7951276240062977,0.9090105736814363,1.6678291505551446,0.13024154454264086,FALSE,FALSE,NS,NS
GOBP_CD4_POSITIVE_ALPHA_BETA_T_CELL_ACTIVATION,1.002016893770699,0.6836304498160628,-1.1782234626149872,0.574773970030861,FALSE,FALSE,NS,NS
GOBP_CELLULAR_COMPONENT_DISASSEMBLY,1.1511044477930712,0.48100237882242686,1.0020806307322283,0.7984729181579576,FALSE,FALSE,NS,NS
GOBP_CELLULAR_PROCESS_INVOLVED_IN_REPRODUCTION_IN_MULTICELLULAR_ORGANISM,-0.7949182376608984,0.906638124199744,-1.6272092604858608,0.14368943239501616,FALSE,FALSE,NS,NS
GOBP_CELLULAR_RESPONSE_TO_ABIOTIC_STIMULUS,0.6767306762452637,0.9901609870743234,-0.6636019357422448,0.9997067020099607,FALSE,FALSE,NS,NS
GOBP_CELLULAR_RESPONSE_TO_ACID_CHEMICAL,0.6796322329565115,0.9606618353757613,-0.7685068061072974,0.9831559397577471,FALSE,FALSE,NS,NS
GOBP_CELLULAR_RESPONSE_TO_ALCOHOL,0.6780410983476399,0.9613831298152071,-1.070275787144989,0.7219757397428626,FALSE,FALSE,NS,NS
GOBP_CELLULAR_RESPONSE_TO_BIOTIC_STIMULUS,1.4742257851806135,0.18610321100498484,1.1996408513081638,0.5334428342397284,FALSE,FALSE,NS,NS
GOBP_CELLULAR_RESPONSE_TO_CALCIUM_ION,0.7281945570333095,0.9386078021205928,1.1406810338968847,0.6487266941812396,FALSE,FALSE,NS,NS
GOBP_CELLULAR_RESPONSE_TO_CARBOHYDRATE_STIMULUS,-0.86990912896736206,0.8489540975701946,-1.2810074525670139,0.4531191742200916,FALSE,FALSE,NS,NS
GOBP_CELLULAR_RESPONSE_TO_CHEMICAL_STRESS,1.2166243629595372,0.39538223374892656,-0.710484857661774,0.9997067020099607,FALSE,FALSE,NS,NS
GOBP_CELLULAR_RESPONSE_TO_HEAT,-0.7241945914990578,0.9522654656041882,-0.7452585141255645,0.9923127196857303,FALSE,FALSE,NS,NS
GOBP_CELLULAR_RESPONSE_TO_INSULIN_STIMULUS,0.8150304662766934,0.9082145688522696,-0.7943953702104034,0.9923127196857303,FALSE,FALSE,NS,NS
GOBP_CELLULAR_RESPONSE_TO_KETONE,0.7761873417131481,0.9053395188146145,-0.9370508048586379,0.8634889579759862,FALSE,FALSE,NS,NS
GOBP_CELLULAR_RESPONSE_TO_METAL_ION,1.2712238708424675,0.3707691789197986,0.840578078386953,0.9619695826828284,FALSE,FALSE,NS,NS
GOBP_CELLULAR_RESPONSE_TO_MOLECULE_OF_BACTERIAL_ORIGIN,1.5022967213914789,0.17991437294827944,1.1473995139276478,0.6144369557102883,FALSE,FALSE,NS,NS
GOBP_CELLULAR_RESPONSE_TO_NUTRIENT_LEVELS,0.6655501190068995,0.9894453718483992,0.8393139730266147,0.9619695826828284,FALSE,FALSE,NS,NS
GOBP_CELLULAR_RESPONSE_TO_OSMOTIC_STRESS,1.0102913275467686,0.672680555902285,-0.9824264225436589,0.8286059547186602,FALSE,FALSE,NS,NS
GOBP_CELLULAR_RESPONSE_TO_OXIDATIVE_STRESS,1.2008171528386777,0.4338148726109729,-0.6012874708678528,0.9997067020099607,FALSE,FALSE,NS,NS
GOBP_CELLULAR_RESPONSE_TO_OXYGEN_LEVELS,-1.3038981039735131,0.3066862013851891,-0.7650867946182524,0.9954418063237114,FALSE,FALSE,NS,NS
GOBP_CELLULAR_RESPONSE_TO_PEPTIDE_HORMONE_STIMULUS,1.0325763844378042,0.6430985639878168,-0.8572619278717283,0.9619695826828284,FALSE,FALSE,NS,NS
GOBP_CELLULAR_RESPONSE_TO_RADIATION,-1.0541216149915253,0.6225056793388751,-0.6565014674708641,0.9997067020099607,FALSE,FALSE,NS,NS
GOBP_CELLULAR_RESPONSE_TO_REACTIVE_OXYGEN_SPECIES,1.128028324282979,0.548659192029953,0.738768187454265,0.9997067020099607,FALSE,FALSE,NS,NS
GOBP_CELLULAR_RESPONSE_TO_STARVATION,0.8159890372631383,0.8934270383522434,0.9412488993368491,0.8818541770639566,FALSE,FALSE,NS,NS
GOBP_CELLULAR_RESPONSE_TO_STEROID_HORMONE_STIMULUS,0.8750778005996043,0.8479459822847142,-1.0925401582574383,0.6803634027793174,FALSE,FALSE,NS,NS
GOBP_CELLULAR_RESPONSE_TO_TOPOLOGICALLY_INCORRECT_PROTEIN,-1.140312152236366,0.5234254992319508,0.9608015073971228,0.8474641927396036,FALSE,FALSE,NS,NS
GOBP_CELLULAR_RESPONSE_TO_TYPE_II_INTERFERON,1.52594078308768,0.170755577005577,1.8566095121335198,0.07986640103129028,FALSE,FALSE,NS,NS
GOBP_CELLULAR_RESPONSE_TO_UNFOLDED_PROTEIN,-1.2652082062649739,0.3857021279155089,1.048019347233457,0.743211806445367,FALSE,FALSE,NS,NS
GOBP_CELLULAR_RESPONSE_TO_XENOBIOTIC_STIMULUS,0.6326131288006984,0.9901609870743234,-1.245993399071112,0.4822185163749027,FALSE,FALSE,NS,NS
GOBP_CELLULAR_SENESCENCE,-0.7185006821795669,0.9489356004819922,1.3713890632368928,0.3769699812382739,FALSE,FALSE,NS,NS
GOBP_CELL_ACTIVATION_INVOLVED_IN_IMMUNE_RESPONSE,1.1575473093352948,0.5163461176912953,0.8262682526216892,0.9685990187510086,FALSE,FALSE,NS,NS
GOBP_CELL_CHEMOTAXIS,1.652997627353882,0.07307919146426466,1.1408815808530843,0.608568827549783,FALSE,FALSE,NS,NS
GOBP_CELL_CYCLE_CHECKPOINT_SIGNALING,-1.1155853478891233,0.5491398605870692,1.161297229732008,0.5924483882341555,FALSE,FALSE,NS,NS
GOBP_CELL_CYCLE_G1_S_PHASE_TRANSITION,0.7910806696019123,0.9210164997474461,-1.053861857742779,0.7258076221982177,FALSE,FALSE,NS,NS
GOBP_CELL_CYCLE_G2_M_PHASE_TRANSITION,-1.3604383330879666,0.3174126981517707,-1.122739919694961,0.6702337115072934,FALSE,FALSE,NS,NS
GOBP_CELL_KILLING,1.6860855516603006,0.069041241198888,0.9208773345822705,0.8992741080653167,FALSE,FALSE,NS,NS
GOBP_CELL_RECOGNITION,1.5464841753366516,0.15633140484680777,0.8763629435889531,0.9308312908496732,FALSE,FALSE,NS,NS
GOBP_CELL_REDOX_HOMEOSTASIS,1.327209155830022,0.3630238316402786,-0.634889998270307,0.9997067020099607,FALSE,FALSE,NS,NS
GOBP_CELL_SUBSTRATE_JUNCTION_ORGANIZATION,1.7058152257271237,0.06204239450542749,1.2677634822004182,0.47153032153032154,FALSE,FALSE,NS,NS
GOBP_CELL_SURFACE_RECEPTOR_PROTEIN_SERINE_THREONINE_KINASE_SIGNALING_PATHWAY,1.3205066373068373,0.3031307468074083,0.8321452081465901,0.9728510809630755,FALSE,FALSE,NS,NS
GOBP_CEREBRAL_CORTEX_DEVELOPMENT,1.3807780677961177,0.3088698974723731,-1.0781744008238747,0.7202934706797576,FALSE,FALSE,NS,NS
GOBP_CHROMOSOME_LOCALIZATION,0.7584350515988876,0.9295722604986876,0.7388601063285652,0.9997067020099607,FALSE,FALSE,NS,NS
GOBP_CHROMOSOME_SEGREGATION,0.760367660459931,0.9591493174859324,1.1432159315645747,0.5647676591128254,FALSE,FALSE,NS,NS
GOBP_CILIUM_MOVEMENT,1.0768164348805813,0.6074397637658742,-1.7539131205808,0.08788199869756685,FALSE,FALSE,NS,NS
GOBP_CILIUM_OR_FLAGELLUM_DEPENDENT_CELL_MOTILITY,1.0768164348805813,0.6074397637658742,-1.7539131205808,0.08788199869756685,FALSE,FALSE,NS,NS
GOBP_CIRCADIAN_RHYTHM,-1.2881530197231945,0.3269083682600315,0.6718769448045153,0.9997067020099607,FALSE,FALSE,NS,NS
GOBP_COGNITION,0.7191240877394196,0.9591493174859324,0.7374561660948623,0.9997067020099607,FALSE,FALSE,NS,NS
GOBP_CONNECTIVE_TISSUE_DEVELOPMENT,1.2740479626320493,0.3956419510061242,1.3794731306864574,0.3425029040134651,FALSE,FALSE,NS,NS
GOBP_COPII_COATED_VESICLE_BUDDING,0.702285486734226,0.9502843624497276,0.6503462857862184,0.9997067020099607,FALSE,FALSE,NS,NS
GOBP_CORTICAL_CYTOSKELETON_ORGANIZATION,1.7393892725222797,0.06204239450542749,0.8456960406347597,0.9473193564205132,FALSE,FALSE,NS,NS
GOBP_CYTOKINESIS,1.2469794309661193,0.3948699054818359,1.5729287342559541,0.13053513866714186,FALSE,FALSE,NS,NS
GOBP_CYTOKINETIC_PROCESS,1.2738048847635821,0.4172388929666249,1.0269990872774293,0.7694422735537169,FALSE,FALSE,NS,NS
GOBP_CYTOPLASMIC_PATTERN_RECOGNITION_RECEPTOR_SIGNALING_PATHWAY,-1.0550566153955914,0.6156500116559173,-1.1534130995160399,0.5924483882341555,FALSE,FALSE,NS,NS
GOBP_CYTOPLASMIC_TRANSLATION,-1.4470741263232345,0.07511159279193226,1.4408058644212656,0.13024154454264086,FALSE,FALSE,NS,NS
GOBP_CYTOPLASMIC_TRANSLATIONAL_INITIATION,-1.6644398473885558,0.07543894129979035,-1.062989970055582,0.7202934706797576,FALSE,FALSE,NS,NS
GOBP_CYTOSKELETON_DEPENDENT_CYTOKINESIS,1.2932397390408221,0.3637213571982012,1.7294020136333048,0.09757619145019432,FALSE,FALSE,NS,NS
GOBP_CYTOSKELETON_DEPENDENT_INTRACELLULAR_TRANSPORT,0.6755327577700208,0.9832996603412778,1.2828705913376848,0.42146848076430943,FALSE,FALSE,NS,NS
GOBP_CYTOSOLIC_TRANSPORT,1.50500380494088,0.15423330370177055,0.9664934919251187,0.8539000796392878,FALSE,FALSE,NS,NS
GOBP_DEFENSE_RESPONSE_TO_BACTERIUM,1.1809261498599657,0.5136704638696018,1.173264299163763,0.5948859142365754,FALSE,FALSE,NS,NS
GOBP_DEFENSE_RESPONSE_TO_VIRUS,-0.8525160996827493,0.8727745228359185,-0.7605751535825325,0.9925065806159435,FALSE,FALSE,NS,NS
GOBP_DENDRITE_DEVELOPMENT,0.6503110942170558,0.9867561198516582,0.5818480897379678,0.9997067020099607,FALSE,FALSE,NS,NS
GOBP_DEPHOSPHORYLATION,-0.7768217500923725,0.9225880181628175,0.8649996490352772,0.9418099402147634,FALSE,FALSE,NS,NS
GOBP_DEVELOPMENTAL_CELL_GROWTH,0.6116599570286192,0.9959710390944394,-1.0479434128305531,0.743211806445367,FALSE,FALSE,NS,NS
GOBP_DEVELOPMENTAL_GROWTH_INVOLVED_IN_MORPHOGENESIS,-0.7343639261626178,0.9522654656041882,-0.8801108090334837,0.930356361196507,FALSE,FALSE,NS,NS
GOBP_DEVELOPMENTAL_MATURATION,0.8343297681149803,0.8736992539655368,0.8937424790131286,0.9251398773306401,FALSE,FALSE,NS,NS
GOBP_DEVELOPMENT_OF_PRIMARY_SEXUAL_CHARACTERISTICS,1.212714258393527,0.4795134592487101,-1.5027049184274932,0.2455111008589069,FALSE,FALSE,NS,NS
GOBP_DICARBOXYLIC_ACID_METABOLIC_PROCESS,-1.1168036521267475,0.5325037920620843,-0.9828136182331991,0.8286059547186602,FALSE,FALSE,NS,NS
GOBP_DITERPENOID_METABOLIC_PROCESS,1.4650544052291268,0.23372678619832468,0.5796455216950955,0.9997067020099607,FALSE,FALSE,NS,NS
GOBP_DNA_BIOSYNTHETIC_PROCESS,1.448693153170213,0.2483923338201892,1.1775932928630233,0.5924483882341555,FALSE,FALSE,NS,NS
GOBP_DNA_RECOMBINATION,-1.038399885470194,0.6430985639878168,-0.8758692730813498,0.9418099402147634,FALSE,FALSE,NS,NS
GOBP_DNA_REPLICATION,0.7989357906003741,0.906638124199744,-1.281290748102098,0.4341342251101623,FALSE,FALSE,NS,NS
GOBP_DNA_TEMPLATED_TRANSCRIPTION_INITIATION,1.0831382414345616,0.6075558880744766,-0.6081453672931003,0.9997067020099607,FALSE,FALSE,NS,NS
GOBP_DOUBLE_STRAND_BREAK_REPAIR,1.2278901565455658,0.4338148726109729,-1.1677512795460607,0.5711763722485371,FALSE,FALSE,NS,NS
GOBP_D_GLUCOSE_IMPORT,0.8268045906590772,0.872573562413915,-0.9516599894578542,0.8580144138843948,FALSE,FALSE,NS,NS
GOBP_EMBRYONIC_ORGAN_DEVELOPMENT,1.4144874458145824,0.2774457398165665,-1.3761164974692275,0.3619949494949495,FALSE,FALSE,NS,NS
GOBP_ENDOCYTIC_RECYCLING,1.5618907347898996,0.14401832080766377,1.2885742310983823,0.4550028701605144,FALSE,FALSE,NS,NS
GOBP_ENDOPLASMIC_RETICULUM_ORGANIZATION,-0.7342506197923502,0.9522654656041882,-1.2079144252576148,0.5409701482401481,FALSE,FALSE,NS,NS
GOBP_ENDOPLASMIC_RETICULUM_TO_GOLGI_VESICLE_MEDIATED_TRANSPORT,0.7369212554229572,0.9595385886476578,1.037395637877096,0.7447123610691743,FALSE,FALSE,NS,NS
GOBP_ENDOSOMAL_TRANSPORT,1.235283916766264,0.37138440093140174,1.128197226799185,0.5711763722485371,FALSE,FALSE,NS,NS
GOBP_ENDOSOME_ORGANIZATION,0.7202983595848366,0.9595385886476578,-0.8123917263434035,0.9743758447599807,FALSE,FALSE,NS,NS
GOBP_ENDOSOME_TO_LYSOSOME_TRANSPORT,-0.8959797754026283,0.7993671544900094,-1.3453606036197556,0.41743464097780997,FALSE,FALSE,NS,NS
GOBP_ENERGY_RESERVE_METABOLIC_PROCESS,0.9596149673897847,0.7419247990511879,0.8528723755534415,0.957415049609272,FALSE,FALSE,NS,NS
GOBP_ENSHEATHMENT_OF_NEURONS,1.0396021956680312,0.6460361374262771,-1.0303578640635063,0.7773112541830933,FALSE,FALSE,NS,NS
GOBP_EPIDERMAL_CELL_DIFFERENTIATION,1.343312101009351,0.34748311176235186,-0.7703677146207775,0.9831559397577471,FALSE,FALSE,NS,NS
GOBP_EPIDERMIS_DEVELOPMENT,1.2250477294121451,0.43964249702821273,1.0534194074407635,0.7347231875483601,FALSE,FALSE,NS,NS
GOBP_EPIGENETIC_REGULATION_OF_GENE_EXPRESSION,0.4564724628204823,0.9994556362544145,-1.2887631015776329,0.4368961542588817,FALSE,FALSE,NS,NS
GOBP_EPITHELIAL_CELL_PROLIFERATION,1.4097004595912732,0.23343009499304507,-0.6923597467166301,0.9997067020099607,FALSE,FALSE,NS,NS
GOBP_EPITHELIAL_TUBE_MORPHOGENESIS,1.5655180202130734,0.14065121644295303,-1.2100385265465476,0.5399995627268355,FALSE,FALSE,NS,NS
GOBP_ERAD_PATHWAY,0.7926041616161066,0.9044784426585577,0.6606167966014042,0.9997067020099607,FALSE,FALSE,NS,NS
GOBP_ERBB_SIGNALING_PATHWAY,0.8253634165472717,0.8805461198396948,1.1105187262940361,0.6632210359279268,FALSE,FALSE,NS,NS
GOBP_ERYTHROCYTE_HOMEOSTASIS,0.8682057700101968,0.8455298607551209,-0.9020875488943179,0.9209967779659788,FALSE,FALSE,NS,NS
GOBP_ESTABLISHMENT_OF_ORGANELLE_LOCALIZATION,1.1198105192599215,0.5373101619653069,0.6705020630688246,0.9997067020099607,FALSE,FALSE,NS,NS
GOBP_ESTABLISHMENT_OF_PROTEIN_LOCALIZATION_TO_MEMBRANE,-0.9459304913770246,0.7698535308401607,0.884546648698204,0.9441330635794205,FALSE,FALSE,NS,NS
GOBP_ESTABLISHMENT_OF_PROTEIN_LOCALIZATION_TO_MITOCHONDRION,-1.4250010289191415,0.16678851683969392,-0.5502603352090916,0.9997067020099607,FALSE,FALSE,NS,NS
GOBP_ESTABLISHMENT_OF_PROTEIN_LOCALIZATION_TO_ORGANELLE,-1.0001678492592994,0.6858268953302246,0.7391426609497388,0.9997067020099607,FALSE,FALSE,NS,NS
GOBP_ESTABLISHMENT_OF_PROTEIN_LOCALIZATION_TO_PLASMA_MEMBRANE,-1.1921708386599421,0.48967832888673296,0.6691944203259891,0.9997067020099607,FALSE,FALSE,NS,NS
GOBP_ESTABLISHMENT_OF_RNA_LOCALIZATION,1.130312607651971,0.5491398605870692,0.8123058930884115,0.9743758447599807,FALSE,FALSE,NS,NS
GOBP_EXOCYTOSIS,1.6443754485659001,0.058856401151168324,-0.972631762450234,0.8400137854166476,FALSE,FALSE,NS,NS
GOBP_EXTRINSIC_APOPTOTIC_SIGNALING_PATHWAY,1.667454248314137,0.07195722732637523,0.6905864848479648,0.9997067020099607,FALSE,FALSE,NS,NS
GOBP_FATTY_ACID_BIOSYNTHETIC_PROCESS,0.6991555285945665,0.978854247382895,-1.0843305950224027,0.682821254980019,FALSE,FALSE,NS,NS
GOBP_FATTY_ACID_METABOLIC_PROCESS,-1.0499486300776006,0.5985337455521204,-0.9551686500303074,0.8793185235122559,FALSE,FALSE,NS,NS
GOBP_FATTY_ACID_TRANSPORT,-1.240152900118553,0.4172388929666249,1.0143129511749083,0.7839986389002314,FALSE,FALSE,NS,NS
GOBP_FAT_CELL_DIFFERENTIATION,0.6779171139688521,0.9764161472219287,-1.0195204409223437,0.7803726568883861,FALSE,FALSE,NS,NS
GOBP_FERTILIZATION,1.1778097480943697,0.505961799612937,-0.8545266401189776,0.9473193564205132,FALSE,FALSE,NS,NS
GOBP_FOCAL_ADHESION_ASSEMBLY,1.4854045835298646,0.22144289791355215,1.122123135406017,0.6684327641641096,FALSE,FALSE,NS,NS
GOBP_FOREBRAIN_DEVELOPMENT,1.571794623343032,0.10745287867764819,-0.9095961923526882,0.9136525994235207,FALSE,FALSE,NS,NS
GOBP_GLAND_DEVELOPMENT,1.289528612372295,0.3390072578327106,-1.4223985417641272,0.2465935787000783,FALSE,FALSE,NS,NS
GOBP_GLIAL_CELL_DEVELOPMENT,1.4085893390314208,0.2804913722073509,-1.0496212838530359,0.7375541125541125,FALSE,FALSE,NS,NS
GOBP_GLIAL_CELL_DIFFERENTIATION,1.3769998036918902,0.28443217494857637,-1.2575930913079536,0.46923685616804367,FALSE,FALSE,NS,NS
GOBP_GLIOGENESIS,1.2187703622623318,0.4341539825924722,-1.2119655675851773,0.5044925852210628,FALSE,FALSE,NS,NS
GOBP_GLUCAN_METABOLIC_PROCESS,0.9051779135554232,0.8021436218821675,0.8126380061267794,0.9756637419454129,FALSE,FALSE,NS,NS
GOBP_GLUCOSE_CATABOLIC_PROCESS,0.5922081072183674,0.9937531599976733,0.698924327430989,0.9997067020099607,FALSE,FALSE,NS,NS
GOBP_GLUCOSE_METABOLIC_PROCESS,-0.8050944718167774,0.9502843624497276,-0.8528704639732602,0.9619695826828284,FALSE,FALSE,NS,NS
GOBP_GLUTAMINE_FAMILY_AMINO_ACID_METABOLIC_PROCESS,1.1787303453395719,0.5136279950757099,-1.0449707153396675,0.7547995508994673,FALSE,FALSE,NS,NS
GOBP_GLUTATHIONE_METABOLIC_PROCESS,1.4612810391014714,0.21465941101152367,-1.7063824124889901,0.1100218841931549,FALSE,FALSE,NS,NS
GOBP_GLYCEROLIPID_BIOSYNTHETIC_PROCESS,-1.115878029758363,0.5491398605870692,0.8940674037911436,0.9251398773306401,FALSE,FALSE,NS,NS
GOBP_GLYCEROLIPID_METABOLIC_PROCESS,1.2099517036105958,0.42485602377521237,-0.9980827212159642,0.8076282496129825,FALSE,FALSE,NS,NS
GOBP_GLYCEROPHOSPHOLIPID_BIOSYNTHETIC_PROCESS,-1.2141501405273643,0.4385396695017611,1.141055580844769,0.6485993817416469,FALSE,FALSE,NS,NS
GOBP_GLYCEROPHOSPHOLIPID_METABOLIC_PROCESS,-0.966055112568816,0.7290547130005572,-0.9448910860013985,0.8649394515450948,FALSE,FALSE,NS,NS
GOBP_GLYCOLYTIC_PROCESS_THROUGH_FRUCTOSE_6_PHOSPHATE,0.5592099624287042,0.9994556362544145,-0.7141072757612531,0.9997067020099607,FALSE,FALSE,NS,NS
GOBP_GLYCOLYTIC_PROCESS_THROUGH_GLUCOSE_6_PHOSPHATE,0.670710650687554,0.9656697374167281,0.8713155394050116,0.9262900673744385,FALSE,FALSE,NS,NS
GOBP_GLYCOPROTEIN_BIOSYNTHETIC_PROCESS,1.0505737214798831,0.6352030129595932,1.2829615711798559,0.4639533637094613,FALSE,FALSE,NS,NS
GOBP_GLYCOPROTEIN_METABOLIC_PROCESS,1.464352753702992,0.22144289791355215,1.3503458774737822,0.378978957864594,FALSE,FALSE,NS,NS
GOBP_GOLGI_ORGANIZATION,-0.7174945684106334,0.9648962148962149,-1.1304909885312635,0.6485993817416469,FALSE,FALSE,NS,NS
GOBP_GOLGI_VESICLE_TRANSPORT,0.9426123099686156,0.7725094257801751,1.0496269190357408,0.7202934706797576,FALSE,FALSE,NS,NS
GOBP_GRANULOCYTE_MIGRATION,1.2206807025639954,0.47223954879507773,1.0013958910580876,0.8007863695937091,FALSE,FALSE,NS,NS
GOBP_HEART_MORPHOGENESIS,-0.7409280939483084,0.9502843624497276,0.795296422436417,0.9831559397577471,FALSE,FALSE,NS,NS
GOBP_HEART_PROCESS,0.8901590618171249,0.8474106664985018,0.8614676543113691,0.9619695826828284,FALSE,FALSE,NS,NS
GOBP_HEPATICOBILIARY_SYSTEM_DEVELOPMENT,0.7388085883780182,0.9327280137067525,-1.0603315769803525,0.7265935178668933,FALSE,FALSE,NS,NS
GOBP_HETEROCHROMATIN_ORGANIZATION,0.5030652275061169,0.9994556362544145,-1.4103855557571017,0.34439587909196856,FALSE,FALSE,NS,NS
GOBP_HINDBRAIN_DEVELOPMENT,1.0052335114044653,0.6779955458983793,1.1106498705049175,0.6809184458558967,FALSE,FALSE,NS,NS
GOBP_HOMEOSTASIS_OF_NUMBER_OF_CELLS,1.3380491978895948,0.25678673324868856,-1.436279504048297,0.19839199598573554,FALSE,FALSE,NS,NS
GOBP_HOMOTYPIC_CELL_CELL_ADHESION,1.583904072193843,0.13294813368055555,1.8244854499467738,0.07986640103129028,FALSE,FALSE,NS,NS
GOBP_HORMONE_MEDIATED_SIGNALING_PATHWAY,0.9227278881269161,0.7786417044236067,-1.265763212564834,0.4531191742200916,FALSE,FALSE,NS,NS
GOBP_HORMONE_METABOLIC_PROCESS,1.3288466614341916,0.3071035678489444,-0.8843043540849941,0.9400525658471117,FALSE,FALSE,NS,NS
GOBP_HORMONE_TRANSPORT,1.300539388676584,0.3225941444122202,-0.8976844341524197,0.9282052533932232,FALSE,FALSE,NS,NS
GOBP_HYDROGEN_PEROXIDE_METABOLIC_PROCESS,1.7077109401867043,0.06923792715694099,-1.11844247339718,0.6741165955976501,FALSE,FALSE,NS,NS
GOBP_ICOSANOID_METABOLIC_PROCESS,1.4421069042870085,0.2264631365166758,-1.2016681732930297,0.5472174081781501,FALSE,FALSE,NS,NS
GOBP_IMMUNE_RESPONSE_REGULATING_CELL_SURFACE_RECEPTOR_SIGNALING_PATHWAY,1.135251524050303,0.548659192029953,0.7787420455326234,0.9923127196857303,FALSE,FALSE,NS,NS
GOBP_IMMUNE_SYSTEM_DEVELOPMENT,1.5252351052558997,0.18200973831828923,-1.2193791203977609,0.543487633361331,FALSE,FALSE,NS,NS
GOBP_IMPORT_ACROSS_PLASMA_MEMBRANE,-0.9108943249538429,0.7891711617137211,-1.5445624981759036,0.1970486283218008,FALSE,FALSE,NS,NS
GOBP_IMPORT_INTO_NUCLEUS,1.070821275867981,0.6112553699931245,-0.9894084051197176,0.8247787921700965,FALSE,FALSE,NS,NS
GOBP_INSULIN_RECEPTOR_SIGNALING_PATHWAY,1.1323763791379762,0.5491398605870692,1.047553240655834,0.7422563393204854,FALSE,FALSE,NS,NS
GOBP_INSULIN_SECRETION,0.9344698672379753,0.7698535308401607,-1.3461230147117311,0.34260190217391306,FALSE,FALSE,NS,NS
GOBP_INTERLEUKIN_2_PRODUCTION,1.3192538396154185,0.36894107471891097,-1.2447128721065879,0.5123691093678927,FALSE,FALSE,NS,NS
GOBP_INTRACELLULAR_GLUCOSE_HOMEOSTASIS,0.8389666636411898,0.8727745228359185,-1.1106439972833344,0.6727842111613269,FALSE,FALSE,NS,NS
GOBP_INTRACELLULAR_IRON_ION_HOMEOSTASIS,1.5750470344889629,0.13611979595194995,1.5881244224140334,0.15566972172921661,FALSE,FALSE,NS,NS
GOBP_INTRACELLULAR_RECEPTOR_SIGNALING_PATHWAY,-0.8733139862101664,0.8761057717685766,-1.1366831178669314,0.5948859142365754,FALSE,FALSE,NS,NS
GOBP_INTRINSIC_APOPTOTIC_SIGNALING_PATHWAY,-1.0373776468032676,0.6277071311921611,-0.9825229757394605,0.8342740791160272,FALSE,FALSE,NS,NS
GOBP_INTRINSIC_APOPTOTIC_SIGNALING_PATHWAY_IN_RESPONSE_TO_OXIDATIVE_STRESS,0.9342629797490807,0.756859218332323,-0.660667167099336,0.9997067020099607,FALSE,FALSE,NS,NS
GOBP_IN_UTERO_EMBRYONIC_DEVELOPMENT,-1.3191612543652997,0.29042575503355705,-0.8821053610516237,0.9418099402147634,FALSE,FALSE,NS,NS
GOBP_ISOPRENOID_METABOLIC_PROCESS,1.735766202212757,0.06107974220462305,-1.2608987071756659,0.48694978092349167,FALSE,FALSE,NS,NS
GOBP_JNK_CASCADE,-0.8712420992479039,0.8309213316369805,-1.310198539078597,0.4531191742200916,FALSE,FALSE,NS,NS
GOBP_KETONE_BIOSYNTHETIC_PROCESS,-1.3855373237865338,0.3031307468074083,-0.9230100215746251,0.8818541770639566,FALSE,FALSE,NS,NS
GOBP_KETONE_METABOLIC_PROCESS,1.0828474319844121,0.5778200374837027,-1.4263533143872786,0.20890964350026883,FALSE,FALSE,NS,NS
GOBP_LEARNING,-0.9169178994643866,0.7774381799334799,0.6273816593600868,0.9997067020099607,FALSE,FALSE,NS,NS
GOBP_LEARNING_OR_MEMORY,-0.8052084533798639,0.9053395188146145,0.7763041032008398,0.9923127196857303,FALSE,FALSE,NS,NS
GOBP_LEUKOCYTE_CHEMOTAXIS,1.5049436466816062,0.17967692758208392,1.242619494588535,0.49865408866039385,FALSE,FALSE,NS,NS
GOBP_LEUKOCYTE_HOMEOSTASIS,0.9802972703402876,0.7041003024726611,-1.7195116137539859,0.11206097309249172,FALSE,FALSE,NS,NS
GOBP_LEUKOCYTE_MEDIATED_CYTOTOXICITY,1.7123507379636833,0.06753305288461538,-0.7870763535852148,0.9831559397577471,FALSE,FALSE,NS,NS
GOBP_LEUKOCYTE_MEDIATED_IMMUNITY,1.290501188657059,0.33712866902834004,0.8509952500909342,0.9619695826828284,FALSE,FALSE,NS,NS
GOBP_LEUKOCYTE_MIGRATION,1.5466417878185708,0.11660016835592907,1.1706512038393178,0.5651006576769659,FALSE,FALSE,NS,NS
GOBP_LEUKOCYTE_PROLIFERATION,1.7263578831978317,0.05563689864532697,0.8490134886602501,0.9567873779433459,FALSE,FALSE,NS,NS
GOBP_LIPID_CATABOLIC_PROCESS,-1.0706556678965162,0.5726660060263289,-0.8900207097594754,0.9441330635794205,FALSE,FALSE,NS,NS
GOBP_LIPID_HOMEOSTASIS,1.2333830072393446,0.4351786035366138,0.9042472348610106,0.9136525994235207,FALSE,FALSE,NS,NS
GOBP_LIPID_LOCALIZATION,1.4733046814623652,0.13057975511870223,0.8960229821684579,0.9418099402147634,FALSE,FALSE,NS,NS
GOBP_LOCOMOTORY_BEHAVIOR,1.322485627848016,0.34772614314115313,1.1508281465429953,0.6226944612698668,FALSE,FALSE,NS,NS
GOBP_LONG_CHAIN_FATTY_ACID_METABOLIC_PROCESS,-1.2654606163264919,0.37604161605036257,-1.5130437996700368,0.19913304018751224,FALSE,FALSE,NS,NS
GOBP_LONG_CHAIN_FATTY_ACID_TRANSPORT,-1.1298202472160668,0.548659192029953,0.922233089306951,0.8856789968243325,FALSE,FALSE,NS,NS
GOBP_LYMPHOCYTE_ACTIVATION_INVOLVED_IN_IMMUNE_RESPONSE,1.46204270188394,0.19926559959838744,0.7166887941095452,0.9997067020099607,FALSE,FALSE,NS,NS
GOBP_LYMPHOCYTE_HOMEOSTASIS,0.5263095184265495,0.9994556362544145,-1.659689392562575,0.13024154454264086,FALSE,FALSE,NS,NS
GOBP_LYMPHOCYTE_MEDIATED_IMMUNITY,1.4741686170369432,0.17967692758208392,-0.7573164319699901,0.9954418063237114,FALSE,FALSE,NS,NS
GOBP_LYSOSOMAL_TRANSPORT,-0.6961334748145735,0.9764161472219287,-0.92121319062183,0.894738841055495,FALSE,FALSE,NS,NS
GOBP_LYTIC_VACUOLE_ORGANIZATION,1.1078673640491261,0.5778200374837027,-0.7010255314552064,0.9997067020099607,FALSE,FALSE,NS,NS
GOBP_L_AMINO_ACID_CATABOLIC_PROCESS,-1.5150045690680602,0.13583664610716778,-1.362463150818948,0.3304010142317267,FALSE,FALSE,NS,NS
GOBP_L_AMINO_ACID_METABOLIC_PROCESS,-1.250974063356085,0.3350695314156196,-1.6604090168187948,0.08784871006169657,FALSE,FALSE,NS,NS
GOBP_MACROAUTOPHAGY,-0.9523771159761871,0.7853556258297729,-0.756262266551601,0.9997067020099607,FALSE,FALSE,NS,NS
GOBP_MACROMOLECULE_METHYLATION,-1.5464572941069799,0.16304095910668387,-0.6164186810784147,0.9997067020099607,FALSE,FALSE,NS,NS
GOBP_MAINTENANCE_OF_LOCATION,-1.1225051394230932,0.5231977011847225,1.1544659442439056,0.5651006576769659,FALSE,FALSE,NS,NS
GOBP_MEIOTIC_CELL_CYCLE,0.8564869665589652,0.8584913913185085,-1.1210196355503177,0.6610069824355538,FALSE,FALSE,NS,NS
GOBP_MEMBRANELESS_ORGANELLE_ASSEMBLY,0.697308226969812,0.9994556362544145,1.8119656260906092,0.015896983948062094,FALSE,TRUE,Sig Training only,NS
GOBP_MEMBRANE_BIOGENESIS,1.6149628465083263,0.11451704545454545,-0.719141059148245,0.9997067020099607,FALSE,FALSE,NS,NS
GOBP_MEMBRANE_DEPOLARIZATION,1.0068852835183673,0.6752685590829983,1.0201496613098588,0.7803726568883861,FALSE,FALSE,NS,NS
GOBP_MEMBRANE_DOCKING,0.8922204653017535,0.8041331250750932,-0.6835946703964355,0.9997067020099607,FALSE,FALSE,NS,NS
GOBP_MEMBRANE_FISSION,-0.8338501139199077,0.872573562413915,0.6312906525963629,0.9997067020099607,FALSE,FALSE,NS,NS
GOBP_MEMBRANE_FUSION,0.9855634786882655,0.7085917057034619,-1.0901914893691194,0.682821254980019,FALSE,FALSE,NS,NS
GOBP_MESENCHYMAL_CELL_DIFFERENTIATION,1.642102722103081,0.0984411481939294,1.0730593051409458,0.7202302007716959,FALSE,FALSE,NS,NS
GOBP_MESENCHYME_DEVELOPMENT,1.6405258852769886,0.09654630573115953,1.1711590776890166,0.587691629358296,FALSE,FALSE,NS,NS
GOBP_METABOLIC_COMPOUND_SALVAGE,1.7369908629360975,0.0616875204534219,-1.5410521632890504,0.20635330578512398,FALSE,FALSE,NS,NS
GOBP_METAPHASE_CHROMOSOME_ALIGNMENT,-0.649399566962811,0.9867561198516582,-0.9076511553768897,0.9029879224810999,FALSE,FALSE,NS,NS
GOBP_METENCEPHALON_DEVELOPMENT,0.6172704382494301,0.9875290340745967,0.9365496545484076,0.8743129915889758,FALSE,FALSE,NS,NS
GOBP_METHYLATION,-1.4995738408102905,0.15626637840670862,-1.0761619753882825,0.7110236791227543,FALSE,FALSE,NS,NS
GOBP_MICROTUBULE_BASED_TRANSPORT,-0.9612420622786256,0.7415797620464077,1.1141833297507209,0.6487266941812396,FALSE,FALSE,NS,NS
GOBP_MICROTUBULE_CYTOSKELETON_ORGANIZATION_INVOLVED_IN_MITOSIS,1.2166305201673524,0.4385396695017611,-0.8633383537474482,0.9529795838038508,FALSE,FALSE,NS,NS
GOBP_MICROTUBULE_ORGANIZING_CENTER_ORGANIZATION,-1.0354592487330543,0.6460361374262771,-0.5828099424437685,0.9997067020099607,FALSE,FALSE,NS,NS
GOBP_MICROTUBULE_POLYMERIZATION,-1.2252866324570044,0.42836835310632937,0.950358310403278,0.8580144138843948,FALSE,FALSE,NS,NS
GOBP_MICROTUBULE_POLYMERIZATION_OR_DEPOLYMERIZATION,-1.3018667202478853,0.33813001355709893,1.0931397800761036,0.6815829186862861,FALSE,FALSE,NS,NS
GOBP_MIDBRAIN_DEVELOPMENT,0.8003361673604833,0.9024416163820546,1.0723229096968365,0.7196768017014319,FALSE,FALSE,NS,NS
GOBP_MITOCHONDRIAL_ELECTRON_TRANSPORT_NADH_TO_UBIQUINONE,-1.6044680107957145,0.07126832875607224,1.7939785340908883,0.08784871006169657,FALSE,FALSE,NS,NS
GOBP_MITOCHONDRIAL_MEMBRANE_ORGANIZATION,-1.3699752071430724,0.2205128205128205,0.5407838831505732,0.9997067020099607,FALSE,FALSE,NS,NS
GOBP_MITOCHONDRIAL_TRANSPORT,-1.4641044420941733,0.17967692758208392,0.6381684950570236,0.9997067020099607,FALSE,FALSE,NS,NS
GOBP_MITOPHAGY,-1.0182496382136865,0.656140986711973,0.5883370814342848,0.9997067020099607,FALSE,FALSE,NS,NS
GOBP_MITOTIC_CELL_CYCLE_CHECKPOINT_SIGNALING,-1.1888056158210576,0.48998846910398153,1.0469303284396407,0.7459365500657864,FALSE,FALSE,NS,NS
GOBP_MITOTIC_CELL_CYCLE_PHASE_TRANSITION,-0.9810599552926181,0.721014254480845,-1.2510740068273491,0.40015885402151496,FALSE,FALSE,NS,NS
GOBP_MITOTIC_CYTOKINESIS,-0.9844785162130743,0.7041003024726611,0.9993261078588056,0.8050799544075942,FALSE,FALSE,NS,NS
GOBP_MITOTIC_METAPHASE_CHROMOSOME_ALIGNMENT,-0.5443077164700697,0.9994556362544145,-0.9787955625656006,0.8286059547186602,FALSE,FALSE,NS,NS
GOBP_MITOTIC_NUCLEAR_DIVISION,0.7938432119836807,0.9210164997474461,-0.812853053487321,0.9831559397577471,FALSE,FALSE,NS,NS
GOBP_MITOTIC_SISTER_CHROMATID_SEGREGATION,0.6750059718964919,0.9842357668374527,1.1495035411240713,0.5924483882341555,FALSE,FALSE,NS,NS
GOBP_MITOTIC_SPINDLE_ORGANIZATION,1.1572402628936616,0.5177185881753048,-0.7869263260076257,0.9831559397577471,FALSE,FALSE,NS,NS
GOBP_MODIFIED_AMINO_ACID_BIOSYNTHETIC_PROCESS,1.1949654640834015,0.4983175445244411,-1.9858008502268985,0.022240201151740663,FALSE,TRUE,Sig Training only,NS
GOBP_MODIFIED_AMINO_ACID_METABOLIC_PROCESS,0.88680391920507,0.8479459822847142,-1.8731714420303454,0.01844304327821786,FALSE,TRUE,Sig Training only,NS
GOBP_MONOCARBOXYLIC_ACID_BIOSYNTHETIC_PROCESS,-0.9384247181430336,0.7725094257801751,-0.9928889656585684,0.8181996630546784,FALSE,FALSE,NS,NS
GOBP_MONOCARBOXYLIC_ACID_TRANSPORT,-1.216292065668488,0.4242240027825162,0.8266664228737531,0.9619695826828284,FALSE,FALSE,NS,NS
GOBP_MONONUCLEAR_CELL_MIGRATION,1.6240467406332695,0.10745287867764819,1.251289062358875,0.4895796049642203,FALSE,FALSE,NS,NS
GOBP_MONOSACCHARIDE_BIOSYNTHETIC_PROCESS,0.9728160879065113,0.7249863407097987,-1.757171198507078,0.07986640103129028,FALSE,FALSE,NS,NS
GOBP_MONOSACCHARIDE_CATABOLIC_PROCESS,0.5805665381532485,0.9994556362544145,-0.6216051345985989,0.9997067020099607,FALSE,FALSE,NS,NS
GOBP_MONOSACCHARIDE_METABOLIC_PROCESS,1.0178886043131306,0.659817114278332,-1.01439765437352,0.7839986389002314,FALSE,FALSE,NS,NS
GOBP_MONOSACCHARIDE_TRANSMEMBRANE_TRANSPORT,0.8092787214311711,0.8835233406859929,-0.8352383421310585,0.954334373294618,FALSE,FALSE,NS,NS
GOBP_MRNA_CATABOLIC_PROCESS,-1.1475099865551945,0.4922715415766691,1.081910428107139,0.6844459243507387,FALSE,FALSE,NS,NS
GOBP_MRNA_TRANSPORT,1.0809535163885433,0.6074397637658742,0.9065274093096737,0.9029879224810999,FALSE,FALSE,NS,NS
GOBP_MULTICELLULAR_ORGANISMAL_MOVEMENT,-0.6204702420850753,0.9994556362544145,1.5395047840742866,0.170507207186023,FALSE,FALSE,NS,NS
GOBP_MULTICELLULAR_ORGANISM_GROWTH,0.9693570850072165,0.721279749493565,-1.2377052836662825,0.521601569553254,FALSE,FALSE,NS,NS
GOBP_MULTIVESICULAR_BODY_ORGANIZATION,-0.7561615008909512,0.9216939229629685,-0.7549424502016936,0.9831559397577471,FALSE,FALSE,NS,NS
GOBP_MULTIVESICULAR_BODY_SORTING_PATHWAY,-0.7454645133780431,0.9278277147763666,0.6312906525963629,0.9997067020099607,FALSE,FALSE,NS,NS
GOBP_MULTI_MULTICELLULAR_ORGANISM_PROCESS,1.191481189174652,0.490375411326037,-1.0065698108667636,0.8022531199578518,FALSE,FALSE,NS,NS
GOBP_MUSCLE_ADAPTATION,0.864500702035818,0.8503059050627411,0.8501831858882329,0.9567873779433459,FALSE,FALSE,NS,NS
GOBP_MUSCLE_CELL_APOPTOTIC_PROCESS,-1.4794526939785269,0.2215854216438774,-0.8095053248770903,0.9619695826828284,FALSE,FALSE,NS,NS
GOBP_MUSCLE_CELL_DEVELOPMENT,-0.7580459250239062,0.978854247382895,1.5995088531045152,0.09917662377450981,FALSE,FALSE,NS,NS
GOBP_MUSCLE_CELL_DIFFERENTIATION,0.8166474563907391,0.9378175064587471,2.057375453383616,4.06403409581364e-4,FALSE,TRUE,Sig Training only,NS
GOBP_MUSCLE_CELL_PROLIFERATION,0.7924765647480418,0.9044784426585577,1.340113645645892,0.3864599629463666,FALSE,FALSE,NS,NS
GOBP_MUSCLE_CONTRACTION,-0.9514551216324232,0.7976135865991051,1.553947535161295,0.058094014394574595,FALSE,FALSE,NS,NS
GOBP_MUSCLE_HYPERTROPHY,0.9803655227177438,0.7085917057034619,1.262483601773597,0.4813804905626606,FALSE,FALSE,NS,NS
GOBP_MUSCLE_ORGAN_DEVELOPMENT,-1.017028228126298,0.6499197604330634,-0.9842445891017291,0.8317256747912551,FALSE,FALSE,NS,NS
GOBP_MUSCLE_TISSUE_DEVELOPMENT,-0.8583148240662659,0.915552682611506,1.0780532196004668,0.6741165955976501,FALSE,FALSE,NS,NS
GOBP_MYELOID_CELL_DIFFERENTIATION,1.3777372277317987,0.2216314853870852,-0.8815992144984114,0.9441330635794205,FALSE,FALSE,NS,NS
GOBP_MYELOID_CELL_HOMEOSTASIS,1.2546546490482353,0.3948699054818359,-1.2299070166470487,0.48694978092349167,FALSE,FALSE,NS,NS
GOBP_MYELOID_LEUKOCYTE_ACTIVATION,1.3199611223030725,0.36894107471891097,1.4760867366151362,0.2469912643563243,FALSE,FALSE,NS,NS
GOBP_MYELOID_LEUKOCYTE_DIFFERENTIATION,0.8403223280315749,0.8628485212452359,-0.6804280038248331,0.9997067020099607,FALSE,FALSE,NS,NS
GOBP_MYELOID_LEUKOCYTE_MIGRATION,1.3400884853746677,0.3225941444122202,0.7814657866685224,0.9831559397577471,FALSE,FALSE,NS,NS
GOBP_MYOBLAST_DIFFERENTIATION,0.9808326715320781,0.7059293496374722,1.359949694526264,0.3945724326434986,FALSE,FALSE,NS,NS
GOBP_MYOFIBRIL_ASSEMBLY,0.5367665162935608,0.9994556362544145,2.174528907401876,0.006166089931774007,FALSE,TRUE,Sig Training only,NS
GOBP_MYOTUBE_DIFFERENTIATION,1.012809472439806,0.6705668277314393,1.8003684114702279,0.03508113945366212,FALSE,TRUE,Sig Training only,NS
GOBP_NADH_DEHYDROGENASE_COMPLEX_ASSEMBLY,-1.662176598454548,0.08912100890474497,1.1046853288525056,0.6803634027793174,FALSE,FALSE,NS,NS
GOBP_NADPLUS_METABOLIC_PROCESS,-0.6539920536359092,0.978854247382895,-1.4120038793644087,0.35074178500823405,FALSE,FALSE,NS,NS
GOBP_NADPPLUS_METABOLIC_PROCESS,1.3947588842876069,0.298116744409085,-1.1764698099345998,0.5924483882341555,FALSE,FALSE,NS,NS
GOBP_NATURAL_KILLER_CELL_MEDIATED_IMMUNITY,1.24653462889029,0.4385396695017611,0.7912880265574652,0.9710647493497327,FALSE,FALSE,NS,NS
GOBP_NEGATIVE_REGULATION_OF_APOPTOTIC_SIGNALING_PATHWAY,1.2979265718423247,0.3269083682600315,-0.6685665054710309,0.9997067020099607,FALSE,FALSE,NS,NS
GOBP_NEGATIVE_REGULATION_OF_AUTOPHAGY,-0.8016132923824048,0.8889780211229248,-1.118462464147544,0.6727842111613269,FALSE,FALSE,NS,NS
GOBP_NEGATIVE_REGULATION_OF_CARBOHYDRATE_METABOLIC_PROCESS,0.8331067605810679,0.869411361467359,-0.851820734047803,0.9418099402147634,FALSE,FALSE,NS,NS
GOBP_NEGATIVE_REGULATION_OF_CATABOLIC_PROCESS,0.9293628377187693,0.7959235614874535,0.9755838381187066,0.8445186797471149,FALSE,FALSE,NS,NS
GOBP_NEGATIVE_REGULATION_OF_CATALYTIC_ACTIVITY,1.4717796453528411,0.1719514913516308,1.073786969265963,0.711085558576341,FALSE,FALSE,NS,NS
GOBP_NEGATIVE_REGULATION_OF_CELL_ADHESION,1.5919654948066848,0.08984211424228795,-1.0298696354429302,0.7558494265825132,FALSE,FALSE,NS,NS
GOBP_NEGATIVE_REGULATION_OF_CELL_CELL_ADHESION,1.5296231644998095,0.15262083615934888,-1.2776346512277443,0.44779430957974414,FALSE,FALSE,NS,NS
GOBP_NEGATIVE_REGULATION_OF_CELL_CYCLE,-1.0292837202809022,0.6460361374262771,0.8830138027729523,0.9400525658471117,FALSE,FALSE,NS,NS
GOBP_NEGATIVE_REGULATION_OF_CELL_CYCLE_PROCESS,-1.033780954700632,0.6420872724121021,1.231678509532411,0.4822185163749027,FALSE,FALSE,NS,NS
GOBP_NEGATIVE_REGULATION_OF_CELL_GROWTH,0.45533988328490255,0.9994556362544145,-0.6368805368384278,0.9997067020099607,FALSE,FALSE,NS,NS
GOBP_NEGATIVE_REGULATION_OF_CELL_PROJECTION_ORGANIZATION,1.393392597930277,0.29126449653049796,1.060881989003278,0.7364444501384478,FALSE,FALSE,NS,NS
GOBP_NEGATIVE_REGULATION_OF_CYTOKINE_PRODUCTION,1.4014534892104744,0.25938895603820933,0.832366008480784,0.9619695826828284,FALSE,FALSE,NS,NS
GOBP_NEGATIVE_REGULATION_OF_CYTOPLASMIC_PATTERN_RECOGNITION_RECEPTOR_SIGNALING_PATHWAY,-1.5079475901513544,0.19953154735763431,-1.018671611117346,0.7802057739557738,FALSE,FALSE,NS,NS
GOBP_NEGATIVE_REGULATION_OF_CYTOSKELETON_ORGANIZATION,1.7298734762903374,0.051500892093544484,1.5181511428491774,0.19771231766612643,FALSE,FALSE,NS,NS
GOBP_NEGATIVE_REGULATION_OF_DEFENSE_RESPONSE,-1.0062647346105156,0.6705668277314393,0.7413310616745938,0.9997067020099607,FALSE,FALSE,NS,NS
GOBP_NEGATIVE_REGULATION_OF_DNA_METABOLIC_PROCESS,-0.9194675904775842,0.7758409004792693,1.2679585459648752,0.4904367895111592,FALSE,FALSE,NS,NS
GOBP_NEGATIVE_REGULATION_OF_ESTABLISHMENT_OF_PROTEIN_LOCALIZATION,0.8644756757048653,0.8503059050627411,-0.8012130181978044,0.9731392274068927,FALSE,FALSE,NS,NS
GOBP_NEGATIVE_REGULATION_OF_EXTRINSIC_APOPTOTIC_SIGNALING_PATHWAY,1.673481064786208,0.07940673131774102,-0.817913163774516,0.9608812501043293,FALSE,FALSE,NS,NS
GOBP_NEGATIVE_REGULATION_OF_GENE_EXPRESSION_EPIGENETIC,0.4331982466033578,0.9994556362544145,-1.5852563367989136,0.17703233134296806,FALSE,FALSE,NS,NS
GOBP_NEGATIVE_REGULATION_OF_GROWTH,0.7519788739951748,0.9278277147763666,0.597085083853243,0.9997067020099607,FALSE,FALSE,NS,NS
GOBP_NEGATIVE_REGULATION_OF_HEMOPOIESIS,1.5784429995305373,0.13511872070154488,-1.1807728596783473,0.5711763722485371,FALSE,FALSE,NS,NS
GOBP_NEGATIVE_REGULATION_OF_IMMUNE_RESPONSE,1.1874771274958116,0.490375411326037,0.7007424794587349,0.9997067020099607,FALSE,FALSE,NS,NS
GOBP_NEGATIVE_REGULATION_OF_INFLAMMATORY_RESPONSE,-1.2244125238808306,0.44630015881950874,-0.6281615901979511,0.9997067020099607,FALSE,FALSE,NS,NS
GOBP_NEGATIVE_REGULATION_OF_INTRINSIC_APOPTOTIC_SIGNALING_PATHWAY,0.7960163380991329,0.9052453518940834,-0.5441419902517097,0.9997067020099607,FALSE,FALSE,NS,NS
GOBP_NEGATIVE_REGULATION_OF_KINASE_ACTIVITY,1.2325380263570522,0.4550973549798055,1.3639205335514233,0.3775321708446696,FALSE,FALSE,NS,NS
GOBP_NEGATIVE_REGULATION_OF_LEUKOCYTE_CELL_CELL_ADHESION,1.650670419310394,0.08912100890474497,-1.2137403539083809,0.5295454684507749,FALSE,FALSE,NS,NS
GOBP_NEGATIVE_REGULATION_OF_LOCOMOTION,1.504578548681779,0.1441141917293233,1.3722873660817434,0.28721714322764696,FALSE,FALSE,NS,NS
GOBP_NEGATIVE_REGULATION_OF_MAPK_CASCADE,1.1014489822152642,0.5778200374837027,-1.6243509106000025,0.13580487804878047,FALSE,FALSE,NS,NS
GOBP_NEGATIVE_REGULATION_OF_MITOTIC_CELL_CYCLE,-1.0677247493128996,0.6156685905224788,1.239816555450061,0.5123691093678927,FALSE,FALSE,NS,NS
GOBP_NEGATIVE_REGULATION_OF_MITOTIC_CELL_CYCLE_PHASE_TRANSITION,-1.0974540738650151,0.5778200374837027,1.4182407252616553,0.3415343091456452,FALSE,FALSE,NS,NS
GOBP_NEGATIVE_REGULATION_OF_MOLECULAR_FUNCTION,1.2529764653149351,0.36894107471891097,1.0166654118234437,0.7776550229714976,FALSE,FALSE,NS,NS
GOBP_NEGATIVE_REGULATION_OF_MONOATOMIC_ION_TRANSMEMBRANE_TRANSPORT,-1.108212280233487,0.5663631165489503,-0.8725723037963132,0.9264048730401698,FALSE,FALSE,NS,NS
GOBP_NEGATIVE_REGULATION_OF_MONOATOMIC_ION_TRANSPORT,-1.0146152018422845,0.659817114278332,-0.8412125780058359,0.9567873779433459,FALSE,FALSE,NS,NS
GOBP_NEGATIVE_REGULATION_OF_MRNA_CATABOLIC_PROCESS,-1.3440890360182336,0.3154887248037522,1.4506395981022275,0.26915301662103636,FALSE,FALSE,NS,NS
GOBP_NEGATIVE_REGULATION_OF_MRNA_METABOLIC_PROCESS,-1.0143505043029397,0.658282669102813,1.4415763541540172,0.2324096712849769,FALSE,FALSE,NS,NS
GOBP_NEGATIVE_REGULATION_OF_NEURON_APOPTOTIC_PROCESS,1.6649340399038521,0.08804334689602386,-0.5628319224486873,0.9997067020099607,FALSE,FALSE,NS,NS
GOBP_NEGATIVE_REGULATION_OF_ORGANELLE_ORGANIZATION,1.3253898194859923,0.2669001380032456,1.4334177392961922,0.1970486283218008,FALSE,FALSE,NS,NS
GOBP_NEGATIVE_REGULATION_OF_PHOSPHORUS_METABOLIC_PROCESS,0.9844995187690306,0.7053639196508424,1.1436237482575469,0.5980399129683709,FALSE,FALSE,NS,NS
GOBP_NEGATIVE_REGULATION_OF_PHOSPHORYLATION,1.2924573872620257,0.37138440093140174,1.2260128595498057,0.5123691093678927,FALSE,FALSE,NS,NS
GOBP_NEGATIVE_REGULATION_OF_POST_TRANSLATIONAL_PROTEIN_MODIFICATION,0.8878739084752211,0.8107031308798073,-0.7050947642152823,0.9997067020099607,FALSE,FALSE,NS,NS
GOBP_NEGATIVE_REGULATION_OF_PROTEASOMAL_PROTEIN_CATABOLIC_PROCESS,0.9229409226803927,0.7698322494730037,0.7043368910471097,0.9997067020099607,FALSE,FALSE,NS,NS
GOBP_NEGATIVE_REGULATION_OF_PROTEIN_CATABOLIC_PROCESS,1.471508485658001,0.18911782104146008,0.9336582952530404,0.8837001044164766,FALSE,FALSE,NS,NS
GOBP_NEGATIVE_REGULATION_OF_PROTEIN_LOCALIZATION,1.425701481104462,0.21465941101152367,0.8798147384107788,0.9418099402147634,FALSE,FALSE,NS,NS
GOBP_NEGATIVE_REGULATION_OF_PROTEIN_MODIFICATION_PROCESS,1.1876565645203536,0.46114198628397257,-0.743856546291348,0.9997067020099607,FALSE,FALSE,NS,NS
GOBP_NEGATIVE_REGULATION_OF_PROTEIN_UBIQUITINATION,1.0379945196680178,0.6541614155082893,0.5056175228241648,0.9997067020099607,FALSE,FALSE,NS,NS
GOBP_NEGATIVE_REGULATION_OF_PROTEOLYSIS,1.301640404613548,0.34772614314115313,0.9475376414109371,0.866570220289578,FALSE,FALSE,NS,NS
GOBP_NEGATIVE_REGULATION_OF_PROTEOLYSIS_INVOLVED_IN_PROTEIN_CATABOLIC_PROCESS,1.1050627577553194,0.5745987565019186,0.7774439276626046,0.9851288824071952,FALSE,FALSE,NS,NS
GOBP_NEGATIVE_REGULATION_OF_RESPONSE_TO_BIOTIC_STIMULUS,0.9691736704502191,0.721279749493565,0.9156638415346027,0.8930990482635073,FALSE,FALSE,NS,NS
GOBP_NEGATIVE_REGULATION_OF_RESPONSE_TO_EXTERNAL_STIMULUS,0.8680816900640647,0.8584913913185085,0.8799945915610841,0.9418099402147634,FALSE,FALSE,NS,NS
GOBP_NEGATIVE_REGULATION_OF_RNA_CATABOLIC_PROCESS,-1.1462853060081597,0.5177185881753048,1.2807024517966092,0.456560684038867,FALSE,FALSE,NS,NS
GOBP_NEGATIVE_REGULATION_OF_SECRETION,1.600596331619042,0.12072484166080225,0.7814729588764007,0.9813875349599539,FALSE,FALSE,NS,NS
GOBP_NEGATIVE_REGULATION_OF_SMALL_MOLECULE_METABOLIC_PROCESS,0.5468702295414596,0.9994556362544145,-0.6767593030228134,0.9997067020099607,FALSE,FALSE,NS,NS
GOBP_NEGATIVE_REGULATION_OF_SUPRAMOLECULAR_FIBER_ORGANIZATION,1.4516770889332482,0.19381240274209888,1.042650874713783,0.743211806445367,FALSE,FALSE,NS,NS
GOBP_NEGATIVE_REGULATION_OF_TORC1_SIGNALING,-1.0229136829411536,0.6574559628737259,-1.5802524689045556,0.1946156847444401,FALSE,FALSE,NS,NS
GOBP_NEGATIVE_REGULATION_OF_TOR_SIGNALING,-1.1659149727607367,0.5055086952309443,-1.5571458163387983,0.1946156847444401,FALSE,FALSE,NS,NS
GOBP_NEGATIVE_REGULATION_OF_TRANSLATION,-1.1029487503940403,0.551766865451488,-1.0835460075654129,0.6946471281448174,FALSE,FALSE,NS,NS
GOBP_NEGATIVE_REGULATION_OF_TRANSMEMBRANE_RECEPTOR_PROTEIN_SERINE_THREONINE_KINASE_SIGNALING_PATHWAY,1.1235975247276921,0.5641194341533372,0.8089338709393576,0.9619695826828284,FALSE,FALSE,NS,NS
GOBP_NEGATIVE_REGULATION_OF_TRANSMEMBRANE_TRANSPORT,-0.9536922850129682,0.7418100224382946,-0.6309376647702282,0.9997067020099607,FALSE,FALSE,NS,NS
GOBP_NEGATIVE_REGULATION_OF_TRANSPORT,1.557359654865726,0.069041241198888,1.007764267298086,0.7938491161025377,FALSE,FALSE,NS,NS
GOBP_NEGATIVE_REGULATION_OF_UBIQUITIN_DEPENDENT_PROTEIN_CATABOLIC_PROCESS,0.7608105730285157,0.9216939229629685,0.8584123651706972,0.9418099402147634,FALSE,FALSE,NS,NS
GOBP_NEGATIVE_REGULATION_OF_VASCULATURE_DEVELOPMENT,1.0919287636388946,0.6044802316179924,0.9351763805763922,0.8691655242865142,FALSE,FALSE,NS,NS
GOBP_NEURAL_NUCLEUS_DEVELOPMENT,0.8930912702769285,0.8111719423481194,1.12047957949505,0.6610069824355538,FALSE,FALSE,NS,NS
GOBP_NEUROMUSCULAR_PROCESS,-0.7097766560083602,0.9826933182942617,1.3234797543850612,0.357489689921143,FALSE,FALSE,NS,NS
GOBP_NEURON_APOPTOTIC_PROCESS,1.438318446726348,0.19970045745356277,0.6543618684078704,0.9997067020099607,FALSE,FALSE,NS,NS
GOBP_NEURON_MIGRATION,-0.8828435173124809,0.8136108531082652,1.0083397224657107,0.7927506965968505,FALSE,FALSE,NS,NS
GOBP_NEURON_PROJECTION_EXTENSION,0.7541848817784549,0.9216939229629685,-0.7260288761826931,0.9997067020099607,FALSE,FALSE,NS,NS
GOBP_NEUROTRANSMITTER_SECRETION,1.0893724945702723,0.6074397637658742,0.6310201839221565,0.9997067020099607,FALSE,FALSE,NS,NS
GOBP_NEUROTRANSMITTER_TRANSPORT,0.983803059542791,0.7041003024726611,0.5975326901182949,0.9997067020099607,FALSE,FALSE,NS,NS
GOBP_NON_CANONICAL_NF_KAPPAB_SIGNAL_TRANSDUCTION,0.8832132240521869,0.8136108531082652,0.8296916349523852,0.957415049609272,FALSE,FALSE,NS,NS
GOBP_NON_PROTEINOGENIC_AMINO_ACID_METABOLIC_PROCESS,-0.6696609103368015,0.9722650164562054,-1.31452528166441,0.4525781735348934,FALSE,FALSE,NS,NS
GOBP_NUCLEAR_CHROMOSOME_SEGREGATION,0.8980855596742413,0.8215909285849073,1.1972870187385913,0.5103378518076438,FALSE,FALSE,NS,NS
GOBP_NUCLEAR_ENVELOPE_ORGANIZATION,-0.5394840154110844,0.9994556362544145,-1.0688480377547056,0.7202302007716959,FALSE,FALSE,NS,NS
GOBP_NUCLEAR_EXPORT,1.4891552176292628,0.16241170895035514,-1.2232902220845274,0.4954994256132851,FALSE,FALSE,NS,NS
GOBP_NUCLEAR_MEMBRANE_ORGANIZATION,-0.6164991615853724,0.9901609870743234,-1.2465139410487454,0.5123691093678927,FALSE,FALSE,NS,NS
GOBP_NUCLEAR_RECEPTOR_MEDIATED_SIGNALING_PATHWAY,0.9717037236544191,0.7219959684345492,-1.0146201124196073,0.7892011834319527,FALSE,FALSE,NS,NS
GOBP_NUCLEAR_TRANSCRIBED_MRNA_CATABOLIC_PROCESS,-1.1418527213313376,0.5286279353456987,1.1973554448557362,0.5651006576769659,FALSE,FALSE,NS,NS
GOBP_NUCLEAR_TRANSPORT,1.2585814102710946,0.35320010151898973,-1.0959299595541374,0.6607470332854656,FALSE,FALSE,NS,NS
GOBP_NUCLEOBASE_CONTAINING_COMPOUND_TRANSPORT,1.0556219531096458,0.6296446290613025,0.8888525945144166,0.9308312908496732,FALSE,FALSE,NS,NS
GOBP_NUCLEOBASE_METABOLIC_PROCESS,1.740247852968616,0.06080960501269035,-1.1263625896325258,0.6639466147745631,FALSE,FALSE,NS,NS
GOBP_NUCLEOSIDE_DIPHOSPHATE_CATABOLIC_PROCESS,0.7680877527195475,0.9378175064587471,-0.7421615382615385,0.9997067020099607,FALSE,FALSE,NS,NS
GOBP_NUCLEOSIDE_DIPHOSPHATE_METABOLIC_PROCESS,1.2231263387444091,0.40937883359081584,-0.8102105237502153,0.9831559397577471,FALSE,FALSE,NS,NS
GOBP_NUCLEOSIDE_MONOPHOSPHATE_BIOSYNTHETIC_PROCESS,1.2362868708201447,0.450187649266462,-1.860355082885568,0.07417929292929293,FALSE,FALSE,NS,NS
GOBP_NUCLEOSIDE_MONOPHOSPHATE_METABOLIC_PROCESS,1.609490063301502,0.10365512855988376,-1.7127427317550006,0.10262935967712788,FALSE,FALSE,NS,NS
GOBP_NUCLEOSIDE_PHOSPHATE_CATABOLIC_PROCESS,1.2018644372679914,0.4242240027825162,-0.9800609054824049,0.8342740791160272,FALSE,FALSE,NS,NS
GOBP_NUCLEOSIDE_TRIPHOSPHATE_METABOLIC_PROCESS,-1.2999449053463394,0.17551062733890338,0.9349643309179375,0.9181773425961381,FALSE,FALSE,NS,NS
GOBP_NUCLEOTIDE_BIOSYNTHETIC_PROCESS,-1.3536863452723098,0.1441141917293233,0.7110160791509391,0.9997067020099607,FALSE,FALSE,NS,NS
GOBP_NUCLEUS_ORGANIZATION,-0.6065926929118566,0.9994556362544145,-1.2167751033077254,0.5103378518076438,FALSE,FALSE,NS,NS
GOBP_OLEFINIC_COMPOUND_METABOLIC_PROCESS,1.354283823660189,0.3031307468074083,-1.5071775757316317,0.20468026529846078,FALSE,FALSE,NS,NS
GOBP_ORGANELLE_DISASSEMBLY,-0.9420333977412879,0.750252082056333,-0.8018851331322288,0.9631193814110431,FALSE,FALSE,NS,NS
GOBP_ORGANELLE_FUSION,0.8618542258865372,0.858612767087711,-0.6845280189486218,0.9997067020099607,FALSE,FALSE,NS,NS
GOBP_ORGANELLE_MEMBRANE_FUSION,1.09230670891567,0.5913270954987215,-0.8608777262345638,0.9418099402147634,FALSE,FALSE,NS,NS
GOBP_ORGANIC_ACID_BIOSYNTHETIC_PROCESS,-0.8126253087817235,0.9489356004819922,-1.4849741841549782,0.1430769901128153,FALSE,FALSE,NS,NS
GOBP_ORGANIC_ACID_TRANSPORT,-1.1747911350278253,0.46509372279281436,1.216475261066655,0.5044925852210628,FALSE,FALSE,NS,NS
GOBP_ORGANIC_ANION_TRANSPORT,-1.3747210689743858,0.23405697552510757,1.306006037728124,0.36581914975866753,FALSE,FALSE,NS,NS
GOBP_ORGANOPHOSPHATE_CATABOLIC_PROCESS,1.3054845630778549,0.2774457398165665,-1.3186563986063824,0.3119983334175357,FALSE,FALSE,NS,NS
GOBP_ORGANOPHOSPHATE_ESTER_TRANSPORT,1.5936964978023906,0.13569958883676086,-0.6558245524408288,0.9997067020099607,FALSE,FALSE,NS,NS
GOBP_ORGAN_GROWTH,0.7889364430376958,0.8986686556307153,-1.081983575602215,0.7202302007716959,FALSE,FALSE,NS,NS
GOBP_OSSIFICATION,1.4588336901272767,0.170755577005577,1.2818851969356164,0.3939515612452466,FALSE,FALSE,NS,NS
GOBP_OSTEOBLAST_DIFFERENTIATION,1.2609647025853417,0.39309311245044637,1.2139971069528304,0.5044925852210628,FALSE,FALSE,NS,NS
GOBP_PALLIUM_DEVELOPMENT,1.455311762499907,0.2215854216438774,-0.9763599319328606,0.8317256747912551,FALSE,FALSE,NS,NS
GOBP_PEPTIDE_METABOLIC_PROCESS,1.1031027141343894,0.5850110210488373,-1.4832000528390508,0.2591300335445599,FALSE,FALSE,NS,NS
GOBP_PEPTIDE_TRANSPORT,1.2054438045368225,0.4388946546945943,-1.2581478556167232,0.44768671873383026,FALSE,FALSE,NS,NS
GOBP_PEPTIDYL_AMINO_ACID_MODIFICATION,0.7793788214340596,0.9278277147763666,0.783064591821355,0.9928885993975389,FALSE,FALSE,NS,NS
GOBP_PERIPHERAL_NERVOUS_SYSTEM_DEVELOPMENT,1.2890937999725922,0.39538223374892656,-1.150421116407431,0.6358513950405205,FALSE,FALSE,NS,NS
GOBP_PHOSPHOLIPID_BIOSYNTHETIC_PROCESS,-0.8834699922302435,0.8394851591902606,0.6996845681460611,0.9997067020099607,FALSE,FALSE,NS,NS
GOBP_PHOSPHOLIPID_METABOLIC_PROCESS,0.9304016462707773,0.7770976764199655,-1.180018413589433,0.543487633361331,FALSE,FALSE,NS,NS
GOBP_PIGMENT_METABOLIC_PROCESS,1.7506685121068861,0.05195854752415424,0.7192881656305723,0.9974410140785058,FALSE,FALSE,NS,NS
GOBP_PLACENTA_DEVELOPMENT,0.763615804162001,0.9090105736814363,0.9607680605727367,0.8445186797471149,FALSE,FALSE,NS,NS
GOBP_PLASMA_MEMBRANE_ORGANIZATION,1.6751130168593993,0.053432261639059786,1.0838942359192756,0.6932332964776498,FALSE,FALSE,NS,NS
GOBP_PLATELET_ACTIVATION,1.6662387339567917,0.0865088996763754,1.8037895706094846,0.0786650086834249,FALSE,FALSE,NS,NS
GOBP_POLYOL_METABOLIC_PROCESS,1.2463985850774593,0.4339198002398436,-1.7666088344718316,0.08784871006169657,FALSE,FALSE,NS,NS
GOBP_POLYSACCHARIDE_BIOSYNTHETIC_PROCESS,1.1206029166223386,0.5686092630501535,1.000103523181395,0.8058810660756414,FALSE,FALSE,NS,NS
GOBP_POLYSACCHARIDE_CATABOLIC_PROCESS,0.9971728208652596,0.6858268953302246,0.8979831547593717,0.9040016943992163,FALSE,FALSE,NS,NS
GOBP_POLYSACCHARIDE_METABOLIC_PROCESS,1.0848774790070377,0.6018872616271093,0.8790435020522059,0.9418099402147634,FALSE,FALSE,NS,NS
GOBP_POSITIVE_REGULATION_OF_ADAPTIVE_IMMUNE_RESPONSE,1.1269953294077124,0.5624845388223848,1.2497814833896153,0.5123691093678927,FALSE,FALSE,NS,NS
GOBP_POSITIVE_REGULATION_OF_APOPTOTIC_SIGNALING_PATHWAY,1.321402883389316,0.35556089589541484,0.7587699837042297,0.9923127196857303,FALSE,FALSE,NS,NS
GOBP_POSITIVE_REGULATION_OF_AUTOPHAGY,0.8684288026068545,0.8544996358157667,-1.1459159593821389,0.5948859142365754,FALSE,FALSE,NS,NS
GOBP_POSITIVE_REGULATION_OF_CALCIUM_ION_TRANSPORT,1.619996266066234,0.10940291235857738,0.8788278201029285,0.9262900673744385,FALSE,FALSE,NS,NS
GOBP_POSITIVE_REGULATION_OF_CANONICAL_NF_KAPPAB_SIGNAL_TRANSDUCTION,1.5561043909567258,0.10798008754992851,0.8612321666423597,0.954334373294618,FALSE,FALSE,NS,NS
GOBP_POSITIVE_REGULATION_OF_CARBOHYDRATE_METABOLIC_PROCESS,0.9107571841447157,0.787965806133667,-0.964507218623562,0.8398957285027395,FALSE,FALSE,NS,NS
GOBP_POSITIVE_REGULATION_OF_CATALYTIC_ACTIVITY,0.7542796747511566,0.9386078021205928,1.257301392550205,0.4550028701605144,FALSE,FALSE,NS,NS
GOBP_POSITIVE_REGULATION_OF_CELL_ACTIVATION,1.5945506936224245,0.09569467873753082,1.2558004889505792,0.4550028701605144,FALSE,FALSE,NS,NS
GOBP_POSITIVE_REGULATION_OF_CELL_CELL_ADHESION,1.4932503986664751,0.173249760280858,1.375214116962121,0.331295570648757,FALSE,FALSE,NS,NS
GOBP_POSITIVE_REGULATION_OF_CELL_CYCLE,-0.8647670116596913,0.869411361467359,-1.0826269427692454,0.6918492361583125,FALSE,FALSE,NS,NS
GOBP_POSITIVE_REGULATION_OF_CELL_CYCLE_PROCESS,-0.9728091838527113,0.7219959684345492,1.0524485989046175,0.7364444501384478,FALSE,FALSE,NS,NS
GOBP_POSITIVE_REGULATION_OF_CELL_DEVELOPMENT,1.1891815067015072,0.46071386279456356,-0.915042258936529,0.9083303572781323,FALSE,FALSE,NS,NS
GOBP_POSITIVE_REGULATION_OF_CELL_GROWTH,0.8349584189770912,0.8727745228359185,-0.9253971520537877,0.8856789968243325,FALSE,FALSE,NS,NS
GOBP_POSITIVE_REGULATION_OF_CELL_PROJECTION_ORGANIZATION,1.1142637505266977,0.5641194341533372,1.3322180064791642,0.3619949494949495,FALSE,FALSE,NS,NS
GOBP_POSITIVE_REGULATION_OF_CHROMOSOME_ORGANIZATION,1.4449778680011542,0.2344453366425773,-0.5119482039579075,0.9997067020099607,FALSE,FALSE,NS,NS
GOBP_POSITIVE_REGULATION_OF_COLD_INDUCED_THERMOGENESIS,0.9279156303306838,0.7698322494730037,1.214624342619532,0.5586111951839712,FALSE,FALSE,NS,NS
GOBP_POSITIVE_REGULATION_OF_CYTOSKELETON_ORGANIZATION,1.0611752042915057,0.6162027088699125,1.4780599759840294,0.19651831453540752,FALSE,FALSE,NS,NS
GOBP_POSITIVE_REGULATION_OF_DEVELOPMENTAL_GROWTH,-0.8658493458441329,0.840587810166225,-0.507017347548601,0.9997067020099607,FALSE,FALSE,NS,NS
GOBP_POSITIVE_REGULATION_OF_DNA_BINDING_TRANSCRIPTION_FACTOR_ACTIVITY,-0.7546029822612059,0.9210164997474461,-0.8506793711507352,0.9418099402147634,FALSE,FALSE,NS,NS
GOBP_POSITIVE_REGULATION_OF_DNA_METABOLIC_PROCESS,1.0933225560838808,0.5778200374837027,-0.9335146310155558,0.8837001044164766,FALSE,FALSE,NS,NS
GOBP_POSITIVE_REGULATION_OF_DNA_REPAIR,1.0366263309859316,0.6460361374262771,-0.9683756257374734,0.8372984552937197,FALSE,FALSE,NS,NS
GOBP_POSITIVE_REGULATION_OF_ENDOCYTOSIS,1.4969366696176618,0.1842190625506839,0.7691586833324445,0.9923127196857303,FALSE,FALSE,NS,NS
GOBP_POSITIVE_REGULATION_OF_ENDOTHELIAL_CELL_MIGRATION,1.2975444758497985,0.3901083399519439,-0.6419067836900464,0.9997067020099607,FALSE,FALSE,NS,NS
GOBP_POSITIVE_REGULATION_OF_ESTABLISHMENT_OF_PROTEIN_LOCALIZATION,-0.9550195083721039,0.7698322494730037,-0.6652452091649506,0.9997067020099607,FALSE,FALSE,NS,NS
GOBP_POSITIVE_REGULATION_OF_EXOCYTOSIS,1.5418999496148078,0.1656799385366295,-0.9817158681531429,0.8286059547186602,FALSE,FALSE,NS,NS
GOBP_POSITIVE_REGULATION_OF_GROWTH,0.842466925650745,0.8727745228359185,-0.8036754222762099,0.9831559397577471,FALSE,FALSE,NS,NS
GOBP_POSITIVE_REGULATION_OF_HEMOPOIESIS,1.6470735761043491,0.0970502023362619,-0.8494084614876106,0.9441330635794205,FALSE,FALSE,NS,NS
GOBP_POSITIVE_REGULATION_OF_HORMONE_SECRETION,0.6545111985200132,0.978854247382895,-1.035861330615261,0.7613831517298104,FALSE,FALSE,NS,NS
GOBP_POSITIVE_REGULATION_OF_IMMUNE_EFFECTOR_PROCESS,1.286181380915719,0.36579777937602825,1.2470891217261209,0.4655950268644805,FALSE,FALSE,NS,NS
GOBP_POSITIVE_REGULATION_OF_INFLAMMATORY_RESPONSE,1.713633788743442,0.069041241198888,-0.7703094119425439,0.9831559397577471,FALSE,FALSE,NS,NS
GOBP_POSITIVE_REGULATION_OF_INSULIN_SECRETION,-0.6487266895796612,0.985239553545883,-1.0335447297341689,0.7576331418924012,FALSE,FALSE,NS,NS
GOBP_POSITIVE_REGULATION_OF_INTERLEUKIN_2_PRODUCTION,1.329198402307683,0.3632943981953209,-1.1605991079818658,0.6226944612698668,FALSE,FALSE,NS,NS
GOBP_POSITIVE_REGULATION_OF_INTRACELLULAR_PROTEIN_TRANSPORT,0.7936176257806806,0.9044784426585577,-0.8496919317627342,0.9504343747655404,FALSE,FALSE,NS,NS
GOBP_POSITIVE_REGULATION_OF_INTRACELLULAR_TRANSPORT,1.2087933098727932,0.43537455741907694,0.6743110231576819,0.9997067020099607,FALSE,FALSE,NS,NS
GOBP_POSITIVE_REGULATION_OF_LEUKOCYTE_MEDIATED_IMMUNITY,1.047987904666541,0.6382701087238533,1.0829866855609616,0.7179375299804436,FALSE,FALSE,NS,NS
GOBP_POSITIVE_REGULATION_OF_LIPID_BIOSYNTHETIC_PROCESS,-0.9657929228468632,0.7254155408171621,0.8758667976865445,0.9251398773306401,FALSE,FALSE,NS,NS
GOBP_POSITIVE_REGULATION_OF_LIPID_LOCALIZATION,1.5488658938554225,0.16678851683969392,0.6930329858861947,0.9997067020099607,FALSE,FALSE,NS,NS
GOBP_POSITIVE_REGULATION_OF_LIPID_METABOLIC_PROCESS,-0.9000334989410111,0.8077248525177929,0.8331919993583525,0.9579721403842871,FALSE,FALSE,NS,NS
GOBP_POSITIVE_REGULATION_OF_MACROAUTOPHAGY,0.9041040933412318,0.7976135865991051,-0.8699982452623829,0.9400525658471117,FALSE,FALSE,NS,NS
GOBP_POSITIVE_REGULATION_OF_MOLECULAR_FUNCTION,0.7615081816975118,0.9595385886476578,1.0469349474304936,0.7202934706797576,FALSE,FALSE,NS,NS
GOBP_POSITIVE_REGULATION_OF_MONOATOMIC_ION_TRANSMEMBRANE_TRANSPORT,1.2072479961673674,0.46696866338945753,0.9494825999481278,0.8580144138843948,FALSE,FALSE,NS,NS
GOBP_POSITIVE_REGULATION_OF_MONOATOMIC_ION_TRANSPORT,0.9952643008594182,0.6975525691821822,0.8452210267861312,0.9619695826828284,FALSE,FALSE,NS,NS
GOBP_POSITIVE_REGULATION_OF_MRNA_METABOLIC_PROCESS,-0.6303596266449676,0.9928895570589383,0.8405643738724085,0.9567873779433459,FALSE,FALSE,NS,NS
GOBP_POSITIVE_REGULATION_OF_NERVOUS_SYSTEM_DEVELOPMENT,-1.2287477251952303,0.4242240027825162,-0.8001317558752928,0.9738296833413358,FALSE,FALSE,NS,NS
GOBP_POSITIVE_REGULATION_OF_NEUROGENESIS,-1.2287477251952303,0.4242240027825162,-0.8001317558752928,0.9738296833413358,FALSE,FALSE,NS,NS
GOBP_POSITIVE_REGULATION_OF_NUCLEOCYTOPLASMIC_TRANSPORT,0.9843912171948602,0.7041003024726611,-0.9688259611541274,0.8354840672294471,FALSE,FALSE,NS,NS
GOBP_POSITIVE_REGULATION_OF_ORGANELLE_ASSEMBLY,1.3858452637351777,0.30446251537283836,1.4285905912687318,0.3235387446068472,FALSE,FALSE,NS,NS
GOBP_POSITIVE_REGULATION_OF_PEPTIDE_SECRETION,-0.8075643087548917,0.8986686556307153,-0.965310984874622,0.8404559397657557,FALSE,FALSE,NS,NS
GOBP_POSITIVE_REGULATION_OF_PHOSPHATIDYLINOSITOL_3_KINASE_PROTEIN_KINASE_B_SIGNAL_TRANSDUCTION,1.7010823031282538,0.06478598759417259,-0.8647173840937443,0.9418099402147634,FALSE,FALSE,NS,NS
GOBP_POSITIVE_REGULATION_OF_PHOSPHORUS_METABOLIC_PROCESS,0.7816166428107509,0.9268559098101056,-0.5907746254474182,0.9997067020099607,FALSE,FALSE,NS,NS
GOBP_POSITIVE_REGULATION_OF_PHOSPHORYLATION,0.7651045260692504,0.9230800062145884,-0.7189643031136386,0.9997067020099607,FALSE,FALSE,NS,NS
GOBP_POSITIVE_REGULATION_OF_PLASMA_MEMBRANE_BOUNDED_CELL_PROJECTION_ASSEMBLY,1.4410103377131438,0.25678673324868856,1.5369113825128198,0.1970486283218008,FALSE,FALSE,NS,NS
GOBP_POSITIVE_REGULATION_OF_POST_TRANSLATIONAL_PROTEIN_MODIFICATION,-1.0953451274392145,0.5674827093007309,-1.4298895491835062,0.26945237766210633,FALSE,FALSE,NS,NS
GOBP_POSITIVE_REGULATION_OF_PROTEASOMAL_PROTEIN_CATABOLIC_PROCESS,1.0077118855672782,0.6752685590829983,-1.57391073277082,0.16409592704172282,FALSE,FALSE,NS,NS
GOBP_POSITIVE_REGULATION_OF_PROTEASOMAL_UBIQUITIN_DEPENDENT_PROTEIN_CATABOLIC_PROCESS,1.0665945146712574,0.6216102151107853,-1.3207358959975113,0.43319956513651176,FALSE,FALSE,NS,NS
GOBP_POSITIVE_REGULATION_OF_PROTEIN_CATABOLIC_PROCESS,0.9464293153058503,0.7616324339887771,-1.0560064920792431,0.7202934706797576,FALSE,FALSE,NS,NS
GOBP_POSITIVE_REGULATION_OF_PROTEIN_CONTAINING_COMPLEX_ASSEMBLY,1.1126987648613815,0.5534048463298774,1.2650274114474331,0.42146848076430943,FALSE,FALSE,NS,NS
GOBP_POSITIVE_REGULATION_OF_PROTEIN_LOCALIZATION,1.0916689247353688,0.5589133666711718,-0.686704038651536,0.9997067020099607,FALSE,FALSE,NS,NS
GOBP_POSITIVE_REGULATION_OF_PROTEIN_LOCALIZATION_TO_CELL_PERIPHERY,1.638163464492374,0.10173160173160174,1.163940601038158,0.6144369557102883,FALSE,FALSE,NS,NS
GOBP_POSITIVE_REGULATION_OF_PROTEIN_LOCALIZATION_TO_MEMBRANE,1.4691646376242495,0.2275758253027096,-0.8100508378868406,0.9619695826828284,FALSE,FALSE,NS,NS
GOBP_POSITIVE_REGULATION_OF_PROTEIN_LOCALIZATION_TO_NUCLEUS,0.801476112034699,0.9024416163820546,-0.7597167856338084,0.9923127196857303,FALSE,FALSE,NS,NS
GOBP_POSITIVE_REGULATION_OF_PROTEIN_MODIFICATION_PROCESS,-0.9240880534060708,0.8021436218821675,-1.1129390551290224,0.6494856732016385,FALSE,FALSE,NS,NS
GOBP_POSITIVE_REGULATION_OF_PROTEIN_POLYMERIZATION,-0.8447947086073309,0.8727745228359185,1.2030282656273679,0.5528707282919078,FALSE,FALSE,NS,NS
GOBP_POSITIVE_REGULATION_OF_PROTEIN_SECRETION,-0.6804388658559137,0.982910601677767,-0.6136316445116591,0.9997067020099607,FALSE,FALSE,NS,NS
GOBP_POSITIVE_REGULATION_OF_PROTEIN_TRANSPORT,-0.9543225167421193,0.7544635632681466,-0.6110877922026171,0.9997067020099607,FALSE,FALSE,NS,NS
GOBP_POSITIVE_REGULATION_OF_PROTEIN_UBIQUITINATION,-1.3039413192451035,0.33712866902834004,-1.288217221186175,0.4430373372253364,FALSE,FALSE,NS,NS
GOBP_POSITIVE_REGULATION_OF_PROTEOLYSIS,1.5132791550534124,0.13839383417508416,-0.8761626743110194,0.9473193564205132,FALSE,FALSE,NS,NS
GOBP_POSITIVE_REGULATION_OF_PROTEOLYSIS_INVOLVED_IN_PROTEIN_CATABOLIC_PROCESS,0.9846894430569761,0.7051239293191442,-1.6401510604752876,0.13024154454264086,FALSE,FALSE,NS,NS
GOBP_POSITIVE_REGULATION_OF_RESPONSE_TO_BIOTIC_STIMULUS,-0.857769872113785,0.8963181827652303,-0.9002707490157247,0.9359087377415711,FALSE,FALSE,NS,NS
GOBP_POSITIVE_REGULATION_OF_SECRETION,1.14461793149908,0.5097209105866208,-0.7754802826742575,0.9997067020099607,FALSE,FALSE,NS,NS
GOBP_POSITIVE_REGULATION_OF_SMALL_GTPASE_MEDIATED_SIGNAL_TRANSDUCTION,0.9185691634246229,0.7774381799334799,1.0297732869844816,0.7628820831417832,FALSE,FALSE,NS,NS
GOBP_POSITIVE_REGULATION_OF_SMALL_MOLECULE_METABOLIC_PROCESS,0.848454042195404,0.872573562413915,-0.7375974656621122,0.9997067020099607,FALSE,FALSE,NS,NS
GOBP_POSITIVE_REGULATION_OF_SYNAPTIC_TRANSMISSION,-0.864169987396034,0.8442120915438253,1.4097010156598084,0.3478460596161698,FALSE,FALSE,NS,NS
GOBP_POSITIVE_REGULATION_OF_TELOMERE_MAINTENANCE,1.395981666046253,0.29042575503355705,-0.5104618790950181,0.9997067020099607,FALSE,FALSE,NS,NS
GOBP_POSITIVE_REGULATION_OF_TRANSLATION,-1.4231403207975084,0.18911782104146008,1.1129999695774797,0.6552423878791426,FALSE,FALSE,NS,NS
GOBP_POSITIVE_REGULATION_OF_TRANSMEMBRANE_TRANSPORT,1.217384821827209,0.4385396695017611,0.7188043223860083,0.9997067020099607,FALSE,FALSE,NS,NS
GOBP_POSITIVE_REGULATION_OF_TUMOR_NECROSIS_FACTOR_SUPERFAMILY_CYTOKINE_PRODUCTION,1.1878635796798933,0.49780912942989214,-1.2590681842756695,0.4822185163749027,FALSE,FALSE,NS,NS
GOBP_POSITIVE_REGULATION_OF_TYPE_I_INTERFERON_PRODUCTION,1.0671330637302887,0.6260878248495892,-0.693357650335673,0.9997067020099607,FALSE,FALSE,NS,NS
GOBP_POSITIVE_REGULATION_OF_UBIQUITIN_DEPENDENT_PROTEIN_CATABOLIC_PROCESS,1.1080453426897074,0.5778200374837027,-1.3523906752893473,0.3956007504846016,FALSE,FALSE,NS,NS
GOBP_POSITIVE_REGULATION_OF_VASCULATURE_DEVELOPMENT,1.2451353793599997,0.4351786035366138,0.6760755607158009,0.9997067020099607,FALSE,FALSE,NS,NS
GOBP_POSITIVE_REGULATION_OF_VIRAL_PROCESS,1.109516969976991,0.5778200374837027,-1.0556167837836865,0.743211806445367,FALSE,FALSE,NS,NS
GOBP_POSITIVE_REGULATION_OF_WNT_SIGNALING_PATHWAY,-0.7535053743119314,0.9225880181628175,-0.7395571612385324,0.9923127196857303,FALSE,FALSE,NS,NS
GOBP_POSTSYNAPSE_ORGANIZATION,1.112337319353684,0.5650408338386891,0.7862655274529071,0.9831559397577471,FALSE,FALSE,NS,NS
GOBP_POST_GOLGI_VESICLE_MEDIATED_TRANSPORT,-1.1468603540048028,0.5140986389045229,1.1795448115229274,0.5871987478849162,FALSE,FALSE,NS,NS
GOBP_POTASSIUM_ION_TRANSPORT,-1.5597343561309123,0.13708100412086952,-0.9565797341462449,0.8580144138843948,FALSE,FALSE,NS,NS
GOBP_PRESYNAPTIC_ENDOCYTOSIS,1.6499745571462918,0.09440104166666666,1.1715102194801654,0.5924483882341555,FALSE,FALSE,NS,NS
GOBP_PRIMARY_ALCOHOL_METABOLIC_PROCESS,1.3501859815506354,0.30450268930516444,-0.8062170199072604,0.9728510809630755,FALSE,FALSE,NS,NS
GOBP_PRODUCTION_OF_MOLECULAR_MEDIATOR_OF_IMMUNE_RESPONSE,0.7966807120998262,0.8944622548891843,1.5348392010868999,0.1973787384736652,FALSE,FALSE,NS,NS
GOBP_PROSTANOID_METABOLIC_PROCESS,1.4409409087222484,0.2567227710038624,-0.6236131035128116,0.9997067020099607,FALSE,FALSE,NS,NS
GOBP_PROTEIN_COMPLEX_OLIGOMERIZATION,0.9396958240929315,0.7698322494730037,0.6892078123117659,0.9997067020099607,FALSE,FALSE,NS,NS
GOBP_PROTEIN_CONTAINING_COMPLEX_DISASSEMBLY,1.2679262679369017,0.33813001355709893,0.9787134243140476,0.8354840672294471,FALSE,FALSE,NS,NS
GOBP_PROTEIN_DEPHOSPHORYLATION,-0.903066570055446,0.8002603883612194,-0.6401205943448849,0.9997067020099607,FALSE,FALSE,NS,NS
GOBP_PROTEIN_DEPOLYMERIZATION,1.704048557818778,0.06661632039150273,1.3961308246433566,0.3119983334175357,FALSE,FALSE,NS,NS
GOBP_PROTEIN_DNA_COMPLEX_ORGANIZATION,1.210986225994743,0.4827519673570824,0.8088624959167722,0.9619695826828284,FALSE,FALSE,NS,NS
GOBP_PROTEIN_EXPORT_FROM_NUCLEUS,0.9960690576705711,0.6934860351148229,-1.2246020249465506,0.5399995627268355,FALSE,FALSE,NS,NS
GOBP_PROTEIN_FOLDING,0.9676199273172744,0.7407417365267923,1.2927934473781977,0.3163542070281065,FALSE,FALSE,NS,NS
GOBP_PROTEIN_HOMOOLIGOMERIZATION,1.111827977078291,0.5623643741789803,0.7017038030293877,0.9997067020099607,FALSE,FALSE,NS,NS
GOBP_PROTEIN_HOMOTETRAMERIZATION,-0.9472408418544314,0.7419247990511879,-1.390928393393471,0.364871751954353,FALSE,FALSE,NS,NS
GOBP_PROTEIN_INSERTION_INTO_MEMBRANE,-0.9324516132250176,0.76180948009776706,0.4795893038957175,0.9997067020099607,FALSE,FALSE,NS,NS
GOBP_PROTEIN_K48_LINKED_UBIQUITINATION,-0.8234429801874884,0.8761057717685766,-1.3956378771501619,0.364871751954353,FALSE,FALSE,NS,NS
GOBP_PROTEIN_LOCALIZATION_TO_CELL_JUNCTION,0.6729122327120428,0.9656697374167281,0.8991246503048398,0.907690721556045,FALSE,FALSE,NS,NS
GOBP_PROTEIN_LOCALIZATION_TO_CELL_PERIPHERY,1.2835523966098177,0.3031307468074083,1.2106082397070392,0.4444339873754658,FALSE,FALSE,NS,NS
GOBP_PROTEIN_LOCALIZATION_TO_EXTRACELLULAR_REGION,1.1403035014216125,0.5136704638696018,-0.7585540545054331,0.9997067020099607,FALSE,FALSE,NS,NS
GOBP_PROTEIN_LOCALIZATION_TO_MEMBRANE,1.2208890375329338,0.37604161605036257,1.5000600889656235,0.12186639617446747,FALSE,FALSE,NS,NS
GOBP_PROTEIN_LOCALIZATION_TO_MITOCHONDRION,-1.576159545685937,0.13024202563048543,0.7347404819098649,0.9997067020099607,FALSE,FALSE,NS,NS
GOBP_PROTEIN_LOCALIZATION_TO_NUCLEUS,0.9420543993148883,0.7639642063432011,-0.888584554257703,0.9434874300951808,FALSE,FALSE,NS,NS
GOBP_PROTEIN_LOCALIZATION_TO_PLASMA_MEMBRANE,1.0194511643544912,0.6574559628737259,1.50794409216798,0.14510523691998392,FALSE,FALSE,NS,NS
GOBP_PROTEIN_LOCALIZATION_TO_VACUOLE,-0.5754672177769563,0.9992750875409993,-0.9178973906119658,0.8881273335824581,FALSE,FALSE,NS,NS
GOBP_PROTEIN_MODIFICATION_BY_SMALL_PROTEIN_REMOVAL,0.6999405290758547,0.972048949834874,-1.6373232293575188,0.13024154454264086,FALSE,FALSE,NS,NS
GOBP_PROTEIN_NEDDYLATION,-1.0703111893264787,0.6162027088699125,-1.9981545623802937,0.021040680377344065,FALSE,TRUE,Sig Training only,NS
GOBP_PROTEIN_POLYMERIZATION,1.2208200064448047,0.3942588906826819,1.4231976875839603,0.20468026529846078,FALSE,FALSE,NS,NS
GOBP_PROTEIN_POLYUBIQUITINATION,-1.0113564121487888,0.6666629891144454,-1.7147850750044151,0.09917662377450981,FALSE,FALSE,NS,NS
GOBP_PROTEIN_PROCESSING,1.3669099775755476,0.28592176115978335,1.3610769492375516,0.3479308620695712,FALSE,FALSE,NS,NS
GOBP_PROTEIN_REFOLDING,-0.6268799125083163,0.9878572667568806,1.3640993343109515,0.381181371381033,FALSE,FALSE,NS,NS
GOBP_PROTEIN_RNA_COMPLEX_ORGANIZATION,-1.037723580629157,0.6277071311921611,-0.8616405415120336,0.9619695826828284,FALSE,FALSE,NS,NS
GOBP_PROTEIN_STABILIZATION,0.8213590937704204,0.9070673170528416,-0.7050162228521102,0.9997067020099607,FALSE,FALSE,NS,NS
GOBP_PROTEIN_TARGETING,-0.8877403255249985,0.872573562413915,0.9220691137293315,0.9160002142955476,FALSE,FALSE,NS,NS
GOBP_PROTEIN_TARGETING_TO_MEMBRANE,1.1732752110354907,0.5231977011847225,1.011399714965934,0.7892011834319527,FALSE,FALSE,NS,NS
GOBP_PROTEIN_TARGETING_TO_MITOCHONDRION,-0.9010512165276033,0.8162164361372776,-0.661391867876751,0.9997067020099607,FALSE,FALSE,NS,NS
GOBP_PROTEIN_TETRAMERIZATION,-1.1897825807440148,0.45000869960066714,-1.3569515158297487,0.36502099947288774,FALSE,FALSE,NS,NS
GOBP_PROTEIN_TRANSMEMBRANE_TRANSPORT,-0.740036650722341,0.9469493866276708,0.9737815385752848,0.8317256747912551,FALSE,FALSE,NS,NS
GOBP_PURINE_CONTAINING_COMPOUND_BIOSYNTHETIC_PROCESS,-1.4468899417516319,0.06923792715694099,0.7180109950851361,0.9997067020099607,FALSE,FALSE,NS,NS
GOBP_PURINE_CONTAINING_COMPOUND_CATABOLIC_PROCESS,1.1063035581770733,0.5499532998813587,-0.8909969087913163,0.9418099402147634,FALSE,FALSE,NS,NS
GOBP_PURINE_NUCLEOSIDE_MONOPHOSPHATE_METABOLIC_PROCESS,1.5020164082804823,0.18145085848337006,-1.5867099812798016,0.15917817427764105,FALSE,FALSE,NS,NS
GOBP_PYRIDINE_CONTAINING_COMPOUND_CATABOLIC_PROCESS,1.0628062805192269,0.6162027088699125,-0.8955647203849315,0.9302089858848932,FALSE,FALSE,NS,NS
GOBP_PYRIDINE_CONTAINING_COMPOUND_METABOLIC_PROCESS,1.3109366782499918,0.2669001380032456,-1.3915685241782547,0.21228709419295838,FALSE,FALSE,NS,NS
GOBP_PYRIMIDINE_CONTAINING_COMPOUND_METABOLIC_PROCESS,1.5646869465971927,0.1548036926502652,-1.2110466788550949,0.5616823213686681,FALSE,FALSE,NS,NS
GOBP_PYRUVATE_METABOLIC_PROCESS,-1.198484576451169,0.393316914008605,-0.7028386377997645,0.9997067020099607,FALSE,FALSE,NS,NS
GOBP_RAS_PROTEIN_SIGNAL_TRANSDUCTION,1.4004919482433242,0.2879226839463034,-0.7569948098919125,0.9923127196857303,FALSE,FALSE,NS,NS
GOBP_REACTIVE_NITROGEN_SPECIES_METABOLIC_PROCESS,1.154526890523594,0.5304777944464887,0.9929464574061212,0.8181996630546784,FALSE,FALSE,NS,NS
GOBP_RECOMBINATIONAL_REPAIR,1.1472491920266876,0.5426669354993661,-0.80256066715109875,0.9641950510259352,FALSE,FALSE,NS,NS
GOBP_REGENERATION,1.3069239057225528,0.35616759377680535,1.1073294922357297,0.6702337115072934,FALSE,FALSE,NS,NS
GOBP_REGULATED_EXOCYTOSIS,1.6115809858286647,0.11451704545454545,-0.6713692523214788,0.9997067020099607,FALSE,FALSE,NS,NS
GOBP_REGULATION_OF_ACTIN_FILAMENT_BUNDLE_ASSEMBLY,1.140849026808911,0.548659192029953,1.5863101493421563,0.17107077291971076,FALSE,FALSE,NS,NS
GOBP_REGULATION_OF_ADAPTIVE_IMMUNE_RESPONSE,1.5605959817135058,0.14525677349387878,0.9092510309026413,0.904969874035241,FALSE,FALSE,NS,NS
GOBP_REGULATION_OF_AMIDE_METABOLIC_PROCESS,0.7775354123008129,0.9070673170528416,-0.7253556110430727,0.9997067020099607,FALSE,FALSE,NS,NS
GOBP_REGULATION_OF_AMPA_RECEPTOR_ACTIVITY,-1.6774912750557698,0.09064414417938707,-0.9521967829597039,0.8580144138843948,FALSE,FALSE,NS,NS
GOBP_REGULATION_OF_APOPTOTIC_SIGNALING_PATHWAY,1.4646951309165908,0.12747034186928444,-0.5788254917167285,0.9997067020099607,FALSE,FALSE,NS,NS
GOBP_REGULATION_OF_AUTOPHAGY,-1.0151284440204278,0.6574559628737259,-0.8150143793344495,0.9923127196857303,FALSE,FALSE,NS,NS
GOBP_REGULATION_OF_AUTOPHAGY_OF_MITOCHONDRION,0.9353175638016201,0.7558376898182724,0.5153733769029161,0.9997067020099607,FALSE,FALSE,NS,NS
GOBP_REGULATION_OF_BLOOD_CIRCULATION,-1.2825398706847653,0.30446251537283836,-0.9894140352180174,0.8223696580825468,FALSE,FALSE,NS,NS
GOBP_REGULATION_OF_BLOOD_PRESSURE,1.194379815082406,0.4892739909691935,1.0159692026197473,0.7839986389002314,FALSE,FALSE,NS,NS
GOBP_REGULATION_OF_CALCIUM_ION_TRANSMEMBRANE_TRANSPORT,-1.0866096928193463,0.5778200374837027,-0.9544101627404024,0.8580144138843948,FALSE,FALSE,NS,NS
GOBP_REGULATION_OF_CALCIUM_ION_TRANSPORT,-1.0580644586167036,0.6044802316179924,-0.9200189994132375,0.9019697514415825,FALSE,FALSE,NS,NS
GOBP_REGULATION_OF_CALCIUM_MEDIATED_SIGNALING,1.1496451492166948,0.5440651027819381,0.8894671667753663,0.9205909771335861,FALSE,FALSE,NS,NS
GOBP_REGULATION_OF_CANONICAL_WNT_SIGNALING_PATHWAY,0.8810944069878403,0.8280952169096407,-1.1308731653988213,0.6485993817416469,FALSE,FALSE,NS,NS
GOBP_REGULATION_OF_CARBOHYDRATE_BIOSYNTHETIC_PROCESS,0.9993618013441095,0.6854777947602952,-0.5728823671011976,0.9997067020099607,FALSE,FALSE,NS,NS
GOBP_REGULATION_OF_CARBOHYDRATE_CATABOLIC_PROCESS,0.6641315204033001,0.9764161472219287,-0.8893568600118895,0.9224499360987095,FALSE,FALSE,NS,NS
GOBP_REGULATION_OF_CARBOHYDRATE_METABOLIC_PROCESS,0.8754308800704955,0.8503059050627411,-0.7400193891035657,0.9997067020099607,FALSE,FALSE,NS,NS
GOBP_REGULATION_OF_CARDIAC_MUSCLE_CONTRACTION,-1.2471087129957377,0.3948699054818359,-0.9756532292228285,0.8372984552937197,FALSE,FALSE,NS,NS
GOBP_REGULATION_OF_CARDIAC_MUSCLE_CONTRACTION_BY_CALCIUM_ION_SIGNALING,-1.5866900032565423,0.14353179424868365,-0.89471695362458,0.9136525994235207,FALSE,FALSE,NS,NS
GOBP_REGULATION_OF_CELLULAR_RESPONSE_TO_GROWTH_FACTOR_STIMULUS,1.654574630204772,0.06204239450542749,0.9601014147959244,0.8580144138843948,FALSE,FALSE,NS,NS
GOBP_REGULATION_OF_CELLULAR_RESPONSE_TO_INSULIN_STIMULUS,0.8836518128810931,0.8136108531082652,-0.91301365448816,0.89316510792304,FALSE,FALSE,NS,NS
GOBP_REGULATION_OF_CELLULAR_RESPONSE_TO_TRANSFORMING_GROWTH_FACTOR_BETA_STIMULUS,1.3745278085470054,0.3174126981517707,0.9793991525004899,0.8289217005333729,FALSE,FALSE,NS,NS
GOBP_REGULATION_OF_CELL_CYCLE_CHECKPOINT,-1.1577059955582183,0.5261839998866646,1.3718720566550913,0.378978957864594,FALSE,FALSE,NS,NS
GOBP_REGULATION_OF_CELL_CYCLE_G1_S_PHASE_TRANSITION,1.0433571964906645,0.6439650315397847,-0.7584071970064798,0.9951485374566569,FALSE,FALSE,NS,NS
GOBP_REGULATION_OF_CELL_CYCLE_PHASE_TRANSITION,-0.7237623437290545,0.988191516603715,-0.6796143349799686,0.9997067020099607,FALSE,FALSE,NS,NS
GOBP_REGULATION_OF_CELL_DIVISION,0.6366865709183304,0.9832996603412778,-0.9321609006353788,0.8743129915889758,FALSE,FALSE,NS,NS
GOBP_REGULATION_OF_CELL_GROWTH,-0.7026743394731114,0.9937531599976733,-0.8898795382844124,0.9418099402147634,FALSE,FALSE,NS,NS
GOBP_REGULATION_OF_CELL_JUNCTION_ASSEMBLY,1.5850378884105074,0.10798008754992851,1.0357899678514029,0.7547995508994673,FALSE,FALSE,NS,NS
GOBP_REGULATION_OF_CELL_MATRIX_ADHESION,1.420705264279027,0.2669001380032456,-0.7734150825383184,0.9831559397577471,FALSE,FALSE,NS,NS
GOBP_REGULATION_OF_CELL_MORPHOGENESIS,1.3471844415108938,0.30044475216383054,1.4090418027170226,0.2846912307581569,FALSE,FALSE,NS,NS
GOBP_REGULATION_OF_CELL_SIZE,1.387784390809367,0.28443217494857637,-0.9816237012544733,0.8286059547186602,FALSE,FALSE,NS,NS
GOBP_REGULATION_OF_CHEMOTAXIS,1.1973321300527373,0.490375411326037,-0.7682149139848675,0.9831559397577471,FALSE,FALSE,NS,NS
GOBP_REGULATION_OF_CHROMOSOME_ORGANIZATION,0.8419528860521339,0.8762682837299779,1.180662423601045,0.5438467534413884,FALSE,FALSE,NS,NS
GOBP_REGULATION_OF_CHROMOSOME_SEGREGATION,-1.0461360172702727,0.6339222943528899,1.2520142405624275,0.507168182518884,FALSE,FALSE,NS,NS
GOBP_REGULATION_OF_CIRCADIAN_RHYTHM,-1.318540451496802,0.3352711283314287,0.7294706737635833,0.9997067020099607,FALSE,FALSE,NS,NS
GOBP_REGULATION_OF_CYTOPLASMIC_PATTERN_RECOGNITION_RECEPTOR_SIGNALING_PATHWAY,-1.224396744343299,0.41178579485031097,-1.1365402929256014,0.637340072130784,FALSE,FALSE,NS,NS
GOBP_REGULATION_OF_CYTOPLASMIC_TRANSLATION,-0.6229109519628344,0.9878572667568806,1.890861887374136,0.05857797766170902,FALSE,FALSE,NS,NS
GOBP_REGULATION_OF_DEVELOPMENTAL_GROWTH,0.917228604054352,0.794842864568147,-0.7033474714528646,0.9997067020099607,FALSE,FALSE,NS,NS
GOBP_REGULATION_OF_DNA_BINDING_TRANSCRIPTION_FACTOR_ACTIVITY,1.0610471687770724,0.6211239976597722,0.8805321476323297,0.9264048730401698,FALSE,FALSE,NS,NS
GOBP_REGULATION_OF_DNA_RECOMBINATION,-0.9362314535796036,0.7558376898182724,-0.69571294078763,0.9997067020099607,FALSE,FALSE,NS,NS
GOBP_REGULATION_OF_DNA_REPAIR,0.922372519288856,0.7786417044236067,-0.9619997636641673,0.8508861454936346,FALSE,FALSE,NS,NS
GOBP_REGULATION_OF_DOUBLE_STRAND_BREAK_REPAIR,1.0093277253335087,0.6735333631885356,-1.139377955930491,0.6485993817416469,FALSE,FALSE,NS,NS
GOBP_REGULATION_OF_ENDOTHELIAL_CELL_MIGRATION,1.3374589466265896,0.3174126981517707,0.8270629812482638,0.9619695826828284,FALSE,FALSE,NS,NS
GOBP_REGULATION_OF_EPITHELIAL_CELL_PROLIFERATION,1.4139119190910732,0.24963916798099578,-0.8391458121955598,0.9569169411115304,FALSE,FALSE,NS,NS
GOBP_REGULATION_OF_ESTABLISHMENT_OF_PROTEIN_LOCALIZATION_TO_MITOCHONDRION,-0.7498530933830814,0.9321798460780456,-0.9438986408470057,0.8580144138843948,FALSE,FALSE,NS,NS
GOBP_REGULATION_OF_EXOCYTOSIS,1.507614885395441,0.1548036926502652,-0.974655201806494,0.8346167939350118,FALSE,FALSE,NS,NS
GOBP_REGULATION_OF_FATTY_ACID_METABOLIC_PROCESS,1.379664951626611,0.28938210227272726,-0.5942882685019754,0.9997067020099607,FALSE,FALSE,NS,NS
GOBP_REGULATION_OF_GENERATION_OF_PRECURSOR_METABOLITES_AND_ENERGY,0.8393594544975349,0.8786908017241917,-0.975487656556614,0.8342740791160272,FALSE,FALSE,NS,NS
GOBP_REGULATION_OF_GLUCOSE_METABOLIC_PROCESS,-0.6352054060775553,0.9901609870743234,-0.5103648690663379,0.9997067020099607,FALSE,FALSE,NS,NS
GOBP_REGULATION_OF_GLYCOLYTIC_PROCESS,-0.67985160173199,0.9656697374167281,-1.0719445103166902,0.7213341505433342,FALSE,FALSE,NS,NS
GOBP_REGULATION_OF_G_PROTEIN_COUPLED_RECEPTOR_SIGNALING_PATHWAY,1.698367362145891,0.07423016206957264,1.0686500237683465,0.7219757397428626,FALSE,FALSE,NS,NS
GOBP_REGULATION_OF_HEART_CONTRACTION,-1.1850765799620813,0.4384067363731506,-0.873797943570319,0.9473193564205132,FALSE,FALSE,NS,NS
GOBP_REGULATION_OF_HEART_RATE,-1.131872878011791,0.5405385034776472,-0.905214062742047,0.904969874035241,FALSE,FALSE,NS,NS
GOBP_REGULATION_OF_HORMONE_SECRETION,1.0373953464533476,0.6460361374262771,-1.1267948902478755,0.6226944612698668,FALSE,FALSE,NS,NS
GOBP_REGULATION_OF_HYDROLASE_ACTIVITY,1.4091784330223964,0.28215033901741265,0.9292158107490328,0.8818541770639566,FALSE,FALSE,NS,NS
GOBP_REGULATION_OF_IMMUNE_EFFECTOR_PROCESS,1.4378935646247715,0.18911782104146008,0.9901968195661315,0.8247787921700965,FALSE,FALSE,NS,NS
GOBP_REGULATION_OF_INFLAMMATORY_RESPONSE,1.37680633695184,0.24478074798519145,-0.6594902816899669,0.9997067020099607,FALSE,FALSE,NS,NS
GOBP_REGULATION_OF_INSULIN_SECRETION,0.8072820033359145,0.8986686556307153,-1.5604028638402425,0.16521674265946834,FALSE,FALSE,NS,NS
GOBP_REGULATION_OF_INTRACELLULAR_PROTEIN_TRANSPORT,1.2163841400569806,0.4388946546945943,-0.8566389338736933,0.954334373294618,FALSE,FALSE,NS,NS
GOBP_REGULATION_OF_INTRACELLULAR_TRANSPORT,1.2375646389564798,0.36894107471891097,0.9762691066015019,0.8354840672294471,FALSE,FALSE,NS,NS
GOBP_REGULATION_OF_INTRINSIC_APOPTOTIC_SIGNALING_PATHWAY,1.1356492023015599,0.5328064061822909,-0.772451239286017,0.995547211461467,FALSE,FALSE,NS,NS
GOBP_REGULATION_OF_KETONE_METABOLIC_PROCESS,1.3754928686095553,0.28403371631910007,-0.8268192423715234,0.9619695826828284,FALSE,FALSE,NS,NS
GOBP_REGULATION_OF_KINASE_ACTIVITY,0.7007659801160894,0.9764161472219287,0.835430867795449,0.9619695826828284,FALSE,FALSE,NS,NS
GOBP_REGULATION_OF_LEUKOCYTE_MEDIATED_IMMUNITY,1.240827110050485,0.4242240027825162,0.8249905145518576,0.9619695826828284,FALSE,FALSE,NS,NS
GOBP_REGULATION_OF_LEUKOCYTE_MIGRATION,1.562306195601266,0.1441141917293233,1.2497169847863145,0.49490147513500304,FALSE,FALSE,NS,NS
GOBP_REGULATION_OF_LEUKOCYTE_PROLIFERATION,1.4180334417487024,0.27011559667094504,0.8245486839137348,0.9619695826828284,FALSE,FALSE,NS,NS
GOBP_REGULATION_OF_LIPID_BIOSYNTHETIC_PROCESS,1.0498456352836636,0.6382701087238533,-0.7228108515877385,0.9997067020099607,FALSE,FALSE,NS,NS
GOBP_REGULATION_OF_LIPID_LOCALIZATION,1.4243711899694667,0.23644562007874018,0.9805255421484705,0.828752220339538,FALSE,FALSE,NS,NS
GOBP_REGULATION_OF_LIPID_METABOLIC_PROCESS,1.272133148547705,0.3469977273663855,-0.7105014773920105,0.9997067020099607,FALSE,FALSE,NS,NS
GOBP_REGULATION_OF_LYMPHOCYTE_MEDIATED_IMMUNITY,1.4910643652722728,0.1911225558659218,0.8412066236241007,0.954334373294618,FALSE,FALSE,NS,NS
GOBP_REGULATION_OF_MACROAUTOPHAGY,0.8342973272612562,0.9024416163820546,0.7248678966184751,0.9997067020099607,FALSE,FALSE,NS,NS
GOBP_REGULATION_OF_MEMBRANE_PERMEABILITY,-0.7499289753277675,0.9278277147763666,-0.8069306648278338,0.9619695826828284,FALSE,FALSE,NS,NS
GOBP_REGULATION_OF_MEMBRANE_POTENTIAL,-1.222375125904993,0.35616759377680535,-0.7325838896943201,0.9997067020099607,FALSE,FALSE,NS,NS
GOBP_REGULATION_OF_MICROTUBULE_BASED_PROCESS,-1.0381183635379088,0.6339222943528899,0.9181987888604539,0.9136525994235207,FALSE,FALSE,NS,NS
GOBP_REGULATION_OF_MICROTUBULE_CYTOSKELETON_ORGANIZATION,-1.1340076238723424,0.5129529059275865,0.8268210052977325,0.9728510809630755,FALSE,FALSE,NS,NS
GOBP_REGULATION_OF_MICROTUBULE_POLYMERIZATION,-1.3784831385851528,0.30347926385025875,0.7666973304090321,0.9831559397577471,FALSE,FALSE,NS,NS
GOBP_REGULATION_OF_MICROTUBULE_POLYMERIZATION_OR_DEPOLYMERIZATION,-1.4333884762516609,0.2404702056376659,0.9311237522185976,0.8743129915889758,FALSE,FALSE,NS,NS
GOBP_REGULATION_OF_MITOCHONDRIAL_MEMBRANE_PERMEABILITY,-0.8032633354281553,0.8938040600176522,-0.7602241726899912,0.9831559397577471,FALSE,FALSE,NS,NS
GOBP_REGULATION_OF_MITOCHONDRIAL_MEMBRANE_POTENTIAL,1.6570738436648917,0.09098895582329317,0.823626446424306,0.9619695826828284,FALSE,FALSE,NS,NS
GOBP_REGULATION_OF_MITOCHONDRION_ORGANIZATION,-1.0630815755196572,0.6092002737271522,0.7619580247832419,0.9954418063237114,FALSE,FALSE,NS,NS
GOBP_REGULATION_OF_MITOTIC_CELL_CYCLE_PHASE_TRANSITION,-0.863645853649935,0.8727745228359185,-0.8242197129213424,0.9756637419454129,FALSE,FALSE,NS,NS
GOBP_REGULATION_OF_MITOTIC_NUCLEAR_DIVISION,-1.0591326113043817,0.6211239976597722,0.9063242749502508,0.8992741080653167,FALSE,FALSE,NS,NS
GOBP_REGULATION_OF_MONOATOMIC_ION_TRANSMEMBRANE_TRANSPORT,-1.1321045278306017,0.49238177112389453,-1.0438893063092967,0.7364444501384478,FALSE,FALSE,NS,NS
GOBP_REGULATION_OF_MONOATOMIC_ION_TRANSPORT,1.0499597717168196,0.6225056793388751,-0.9541905319477652,0.8743129915889758,FALSE,FALSE,NS,NS
GOBP_REGULATION_OF_MONONUCLEAR_CELL_MIGRATION,1.387498892975907,0.3031307468074083,0.8444267900864433,0.9473193564205132,FALSE,FALSE,NS,NS
GOBP_REGULATION_OF_MRNA_CATABOLIC_PROCESS,-0.8704677499185998,0.8646890334504099,1.5164860570363734,0.18143710948111927,FALSE,FALSE,NS,NS
GOBP_REGULATION_OF_MRNA_METABOLIC_PROCESS,0.6607036202800733,0.9986081390793913,1.1252662057035505,0.5948606925818998,FALSE,FALSE,NS,NS
GOBP_REGULATION_OF_MRNA_PROCESSING,0.9400330098236633,0.7599122168469339,-0.6739719043476343,0.9997067020099607,FALSE,FALSE,NS,NS
GOBP_REGULATION_OF_MRNA_SPLICING_VIA_SPLICEOSOME,1.0597399742659752,0.6216102151107853,-0.707930396646975,0.9997067020099607,FALSE,FALSE,NS,NS
GOBP_REGULATION_OF_MUSCLE_ADAPTATION,0.7642388657384631,0.9240408992567052,0.6495158354183235,0.9997067020099607,FALSE,FALSE,NS,NS
GOBP_REGULATION_OF_MUSCLE_CELL_DIFFERENTIATION,1.129547839290885,0.5600283157880149,1.0367905557229453,0.7584029350411116,FALSE,FALSE,NS,NS
GOBP_REGULATION_OF_MUSCLE_CONTRACTION,-0.9988236175059885,0.6854777947602952,-0.906099869846564,0.9251508953538248,FALSE,FALSE,NS,NS
GOBP_REGULATION_OF_MUSCLE_HYPERTROPHY,1.2854896280749974,0.3967150056007947,0.9275606705934895,0.8789396937620704,FALSE,FALSE,NS,NS
GOBP_REGULATION_OF_MUSCLE_SYSTEM_PROCESS,0.8273961951966997,0.9068369567327462,-0.9515375631186976,0.8743129915889758,FALSE,FALSE,NS,NS
GOBP_REGULATION_OF_MYELOID_CELL_DIFFERENTIATION,0.9702583289876346,0.721014254480845,-1.1867737533701401,0.5651006576769659,FALSE,FALSE,NS,NS
GOBP_REGULATION_OF_NERVOUS_SYSTEM_DEVELOPMENT,0.7684147267268783,0.9339296055172884,1.0898003150999924,0.682821254980019,FALSE,FALSE,NS,NS
GOBP_REGULATION_OF_NEUROGENESIS,0.7896303230676593,0.9168618909273275,0.9632258105129291,0.8555241067841843,FALSE,FALSE,NS,NS
GOBP_REGULATION_OF_NEURON_APOPTOTIC_PROCESS,1.334304492645927,0.319487552537989,-0.5547132753551888,0.9997067020099607,FALSE,FALSE,NS,NS
GOBP_REGULATION_OF_NEURON_PROJECTION_DEVELOPMENT,1.3326445410598247,0.29126449653049796,0.828008337814343,0.9743758447599807,FALSE,FALSE,NS,NS
GOBP_REGULATION_OF_NEUROTRANSMITTER_RECEPTOR_ACTIVITY,-1.6774912750557698,0.09064414417938707,-0.9521967829597039,0.8580144138843948,FALSE,FALSE,NS,NS
GOBP_REGULATION_OF_NON_CANONICAL_NF_KAPPAB_SIGNAL_TRANSDUCTION,0.9148827668100651,0.7774381799334799,0.9081520986296661,0.8965774610005378,FALSE,FALSE,NS,NS
GOBP_REGULATION_OF_NUCLEAR_DIVISION,-0.9146223141301342,0.7829389735193518,0.7324895855809771,0.9966524846281304,FALSE,FALSE,NS,NS
GOBP_REGULATION_OF_NUCLEOCYTOPLASMIC_TRANSPORT,1.1227945800177856,0.5586684796212462,-0.9579721315341317,0.8580144138843948,FALSE,FALSE,NS,NS
GOBP_REGULATION_OF_NUCLEOTIDE_METABOLIC_PROCESS,-0.9264828910538969,0.7786417044236067,-0.950846433791384,0.8580144138843948,FALSE,FALSE,NS,NS
GOBP_REGULATION_OF_ORGANELLE_ASSEMBLY,1.2587973559795482,0.38815803154900674,1.266745528319673,0.42146848076430943,FALSE,FALSE,NS,NS
GOBP_REGULATION_OF_OXIDATIVE_STRESS_INDUCED_INTRINSIC_APOPTOTIC_SIGNALING_PATHWAY,1.1927704681047189,0.5036814953989424,-0.6797653569502631,0.9997067020099607,FALSE,FALSE,NS,NS
GOBP_REGULATION_OF_PATTERN_RECOGNITION_RECEPTOR_SIGNALING_PATHWAY,-1.1127703047477722,0.5491398605870692,-0.9574016282202017,0.8580144138843948,FALSE,FALSE,NS,NS
GOBP_REGULATION_OF_PEPTIDE_TRANSPORT,0.9097348988242002,0.7987125749447277,-1.5466451153486225,0.170507207186023,FALSE,FALSE,NS,NS
GOBP_REGULATION_OF_PH,1.0329657225128244,0.6551706158209365,-0.596786248837119,0.9997067020099607,FALSE,FALSE,NS,NS
GOBP_REGULATION_OF_PHAGOCYTOSIS,1.260716623013742,0.42836835310632937,1.0531462935909208,0.7427910030158129,FALSE,FALSE,NS,NS
GOBP_REGULATION_OF_PHOSPHORYLATION,0.9986705173135754,0.6836304498160628,1.2545411080376065,0.4016214311951616,FALSE,FALSE,NS,NS
GOBP_REGULATION_OF_POSTSYNAPTIC_MEMBRANE_NEUROTRANSMITTER_RECEPTOR_LEVELS,1.4053621482242482,0.2903989804117485,-0.811635285292694,0.9619695826828284,FALSE,FALSE,NS,NS
GOBP_REGULATION_OF_POST_TRANSLATIONAL_PROTEIN_MODIFICATION,-1.094267014720402,0.548659192029953,-1.497096792976863,0.16343905509922657,FALSE,FALSE,NS,NS
GOBP_REGULATION_OF_POTASSIUM_ION_TRANSPORT,-1.326514423877167,0.35616759377680535,-0.642517360702942,0.9997067020099607,FALSE,FALSE,NS,NS
GOBP_REGULATION_OF_PROTEASOMAL_UBIQUITIN_DEPENDENT_PROTEIN_CATABOLIC_PROCESS,0.625040943408991,0.9959710390944394,-1.0098637056862239,0.7892062166202355,FALSE,FALSE,NS,NS
GOBP_REGULATION_OF_PROTEIN_CATABOLIC_PROCESS,1.1434952618407876,0.4795134592487101,-1.2855929443012426,0.3064363486551704,FALSE,FALSE,NS,NS
GOBP_REGULATION_OF_PROTEIN_CONTAINING_COMPLEX_ASSEMBLY,1.5218588742803396,0.07423016206957264,1.5182541730123051,0.12048148918469216,FALSE,FALSE,NS,NS
GOBP_REGULATION_OF_PROTEIN_CONTAINING_COMPLEX_DISASSEMBLY,1.4148854405792752,0.23147508088453825,1.3760730112994335,0.3244372053360817,FALSE,FALSE,NS,NS
GOBP_REGULATION_OF_PROTEIN_DEPOLYMERIZATION,1.727213427845119,0.057297284727104256,1.3893299494329454,0.3278770980263518,FALSE,FALSE,NS,NS
GOBP_REGULATION_OF_PROTEIN_IMPORT_INTO_NUCLEUS,0.9825728509137445,0.7085917057034619,-0.6016015911223997,0.9997067020099607,FALSE,FALSE,NS,NS
GOBP_REGULATION_OF_PROTEIN_LOCALIZATION_TO_CELL_PERIPHERY,1.2205659835595128,0.42836835310632937,1.323268576367663,0.357489689921143,FALSE,FALSE,NS,NS
GOBP_REGULATION_OF_PROTEIN_LOCALIZATION_TO_MEMBRANE,1.1813241443538025,0.4795134592487101,1.2991355240884621,0.388080416476237,FALSE,FALSE,NS,NS
GOBP_REGULATION_OF_PROTEIN_LOCALIZATION_TO_NUCLEUS,0.9872632934253572,0.7041003024726611,-0.9859881216246004,0.8286059547186602,FALSE,FALSE,NS,NS
GOBP_REGULATION_OF_PROTEIN_LOCALIZATION_TO_PLASMA_MEMBRANE,0.982128720088958,0.7090197571285688,1.6366554302829488,0.13024154454264086,FALSE,FALSE,NS,NS
GOBP_REGULATION_OF_PROTEIN_POLYMERIZATION,1.3886892217378621,0.23235902437809278,1.5484789587722256,0.13384872219456775,FALSE,FALSE,NS,NS
GOBP_REGULATION_OF_PROTEIN_SECRETION,0.7562072303680121,0.949349820986039,-0.9743448016091475,0.8342740791160272,FALSE,FALSE,NS,NS
GOBP_REGULATION_OF_PROTEIN_STABILITY,0.9662939845815458,0.7419247990511879,0.6243323761462928,0.9997067020099607,FALSE,FALSE,NS,NS
GOBP_REGULATION_OF_PROTEIN_TARGETING,-0.7329764133016686,0.9502843624497276,-0.7990491492417775,0.9754154593022818,FALSE,FALSE,NS,NS
GOBP_REGULATION_OF_PROTEIN_TRANSPORT,0.7951493081482178,0.9386078021205928,-0.8406755294330062,0.9831559397577471,FALSE,FALSE,NS,NS
GOBP_REGULATION_OF_PROTEIN_UBIQUITINATION,-1.1122750924149438,0.5420483990375716,-1.1877961384016136,0.5333042032010197,FALSE,FALSE,NS,NS
GOBP_REGULATION_OF_PROTEOLYSIS,1.3642458379508362,0.17572107352881433,-1.277648223815909,0.32781274108225267,FALSE,FALSE,NS,NS
GOBP_REGULATION_OF_PROTEOLYSIS_INVOLVED_IN_PROTEIN_CATABOLIC_PROCESS,0.9670408250869693,0.7407417365267923,-1.6172040996815167,0.07053383621148888,FALSE,FALSE,NS,NS
GOBP_REGULATION_OF_REACTIVE_OXYGEN_SPECIES_METABOLIC_PROCESS,1.6325774534777244,0.07023419988148301,-0.5570480809290819,0.9997067020099607,FALSE,FALSE,NS,NS
GOBP_REGULATION_OF_RECEPTOR_MEDIATED_ENDOCYTOSIS,1.6605672408528358,0.09064414417938707,0.8152051712540085,0.9619695826828284,FALSE,FALSE,NS,NS
GOBP_REGULATION_OF_RELEASE_OF_SEQUESTERED_CALCIUM_ION_INTO_CYTOSOL,0.9552671782973396,0.740213794485855,1.2190671184531048,0.5295454684507749,FALSE,FALSE,NS,NS
GOBP_REGULATION_OF_RELEASE_OF_SEQUESTERED_CALCIUM_ION_INTO_CYTOSOL_BY_SARCOPLASMIC_RETICULUM,-1.2123794801083503,0.4388946546945943,-0.7528122365161554,0.9923127196857303,FALSE,FALSE,NS,NS
GOBP_REGULATION_OF_RESPONSE_TO_CYTOKINE_STIMULUS,-0.7371960243998659,0.9474677259185701,-0.7694339399946515,0.9831559397577471,FALSE,FALSE,NS,NS
GOBP_REGULATION_OF_RESPONSE_TO_ENDOPLASMIC_RETICULUM_STRESS,-1.0175840747918041,0.6574559628737259,0.7492172695199546,0.9923127196857303,FALSE,FALSE,NS,NS
GOBP_REGULATION_OF_RESPONSE_TO_WOUNDING,1.5002909366921076,0.20083623835010136,0.8837570885172904,0.9251398773306401,FALSE,FALSE,NS,NS
GOBP_REGULATION_OF_RNA_SPLICING,1.3302661565372322,0.30435884318614864,0.6366450273398311,0.9997067020099607,FALSE,FALSE,NS,NS
GOBP_REGULATION_OF_SIGNALING_RECEPTOR_ACTIVITY,-1.713682574606638,0.06887708371496612,-0.7510305252667051,0.9923127196857303,FALSE,FALSE,NS,NS
GOBP_REGULATION_OF_SIGNAL_TRANSDUCTION_BY_P53_CLASS_MEDIATOR,1.212097374854052,0.4795134592487101,-1.0583945225272349,0.7367643288464674,FALSE,FALSE,NS,NS
GOBP_REGULATION_OF_SMALL_GTPASE_MEDIATED_SIGNAL_TRANSDUCTION,1.0320111686891142,0.6541614155082893,1.1382767070631898,0.6152341545984578,FALSE,FALSE,NS,NS
GOBP_REGULATION_OF_SMALL_MOLECULE_METABOLIC_PROCESS,1.0319660129891643,0.6439650315397847,-0.7829069507876343,0.9997067020099607,FALSE,FALSE,NS,NS
GOBP_REGULATION_OF_SODIUM_ION_TRANSPORT,-1.262498763322451,0.40639664292670014,-0.886918271588359,0.9198726562293763,FALSE,FALSE,NS,NS
GOBP_REGULATION_OF_STEROID_METABOLIC_PROCESS,-0.9387638135238462,0.7544635632681466,-0.9244238646412419,0.8825144788825711,FALSE,FALSE,NS,NS
GOBP_REGULATION_OF_STRIATED_MUSCLE_CONTRACTION,-1.0950933202305349,0.5675834813039194,0.6527871414970347,0.9997067020099607,FALSE,FALSE,NS,NS
GOBP_REGULATION_OF_SUBSTRATE_ADHESION_DEPENDENT_CELL_SPREADING,1.7206905153998362,0.06661632039150273,1.6814564777068033,0.13580487804878047,FALSE,FALSE,NS,NS
GOBP_REGULATION_OF_SUPRAMOLECULAR_FIBER_ORGANIZATION,1.3418896014339192,0.2280279928937218,1.3571966041585264,0.2484222996833208,FALSE,FALSE,NS,NS
GOBP_REGULATION_OF_SYNAPSE_STRUCTURE_OR_ACTIVITY,0.8985354282607116,0.8051972743847164,0.6701068143048015,0.9997067020099607,FALSE,FALSE,NS,NS
GOBP_REGULATION_OF_SYNAPTIC_PLASTICITY,-0.9742974092390215,0.7135164334807079,-1.1051360002293897,0.6815829186862861,FALSE,FALSE,NS,NS
GOBP_REGULATION_OF_SYNCYTIUM_FORMATION_BY_PLASMA_MEMBRANE_FUSION,0.9606314343911069,0.740213794485855,1.9806614586078244,0.0178652084016716,FALSE,TRUE,Sig Training only,NS
GOBP_REGULATION_OF_TELOMERE_MAINTENANCE,1.3716545517872716,0.2899893953346121,0.7341365565625917,0.9997067020099607,FALSE,FALSE,NS,NS
GOBP_REGULATION_OF_TELOMERE_MAINTENANCE_VIA_TELOMERE_LENGTHENING,1.5532207936791804,0.1548036926502652,0.7223969400960217,0.9997067020099607,FALSE,FALSE,NS,NS
GOBP_REGULATION_OF_TRANSFERASE_ACTIVITY,-0.7411096606503862,0.9722650164562054,0.9573163017560947,0.861009749388381,FALSE,FALSE,NS,NS
GOBP_REGULATION_OF_TRANSLATION,-1.4707447477931772,0.08005151213027584,-1.0689701787441879,0.6851045797298114,FALSE,FALSE,NS,NS
GOBP_REGULATION_OF_TRANSLATIONAL_INITIATION,-1.1404307606078419,0.5124543829924757,-1.0012582020856715,0.8050799544075942,FALSE,FALSE,NS,NS
GOBP_REGULATION_OF_TRANSMEMBRANE_RECEPTOR_PROTEIN_SERINE_THREONINE_KINASE_SIGNALING_PATHWAY,1.321459638879994,0.3225941444122202,-0.9163735153148732,0.9029879224810999,FALSE,FALSE,NS,NS
GOBP_REGULATION_OF_TRANSMEMBRANE_TRANSPORT,-0.9615721789056831,0.7639642063432011,-1.0488424815422324,0.7202302007716959,FALSE,FALSE,NS,NS
GOBP_REGULATION_OF_TUBE_SIZE,1.64570971919089,0.09642499129039621,-1.304293304550046,0.4531191742200916,FALSE,FALSE,NS,NS
GOBP_REGULATION_OF_T_CELL_MEDIATED_IMMUNITY,1.561653494893463,0.15262083615934888,0.914817201537884,0.8965774610005378,FALSE,FALSE,NS,NS
GOBP_REGULATION_OF_UBIQUITIN_DEPENDENT_PROTEIN_CATABOLIC_PROCESS,0.8122756046016553,0.9052458628559399,-1.2077797156069427,0.5055846350410088,FALSE,FALSE,NS,NS
GOBP_REGULATION_OF_VASCULATURE_DEVELOPMENT,1.309158248222175,0.32025533143115387,0.6963630993305597,0.9997067020099607,FALSE,FALSE,NS,NS
GOBP_REGULATION_OF_VIRAL_LIFE_CYCLE,0.6603843137358478,0.978854247382895,-1.0662172246550476,0.7202934706797576,FALSE,FALSE,NS,NS
GOBP_REGULATION_OF_VIRAL_PROCESS,0.8473661813457388,0.8672364088169534,-0.8379526155818409,0.957415049609272,FALSE,FALSE,NS,NS
GOBP_REGULATION_OF_WNT_SIGNALING_PATHWAY,0.7288083235080521,0.9522654656041882,-0.9645763345276608,0.8474641927396036,FALSE,FALSE,NS,NS
GOBP_REGULATION_OF_WOUND_HEALING,1.6100300606496205,0.12697600363925848,1.0832553132463498,0.7202302007716959,FALSE,FALSE,NS,NS
GOBP_RELEASE_OF_SEQUESTERED_CALCIUM_ION_INTO_CYTOSOL_BY_ENDOPLASMIC_RETICULUM,-1.5090218143957153,0.18145085848337006,-0.8363181471231906,0.9579721403842871,FALSE,FALSE,NS,NS
GOBP_REPRODUCTIVE_SYSTEM_DEVELOPMENT,1.2958717943058997,0.37785577651856933,-1.5367062575852235,0.1970486283218008,FALSE,FALSE,NS,NS
GOBP_RESPIRATORY_SYSTEM_DEVELOPMENT,1.7046174717917533,0.06043242397371029,0.750937196565096,0.9954418063237114,FALSE,FALSE,NS,NS
GOBP_RESPONSE_TO_ACID_CHEMICAL,1.0301526061077027,0.6541614155082893,-0.6330348206093314,0.9997067020099607,FALSE,FALSE,NS,NS
GOBP_RESPONSE_TO_ACTIVITY,1.7317922440125724,0.054895829044713226,-1.1967082939979783,0.5499777554757742,FALSE,FALSE,NS,NS
GOBP_RESPONSE_TO_ALCOHOL,1.2533320804970016,0.39309311245044637,-0.8504468060972613,0.9608812501043293,FALSE,FALSE,NS,NS
GOBP_RESPONSE_TO_ALKALOID,-1.0491112513649221,0.6317558604187692,-1.314492964486723,0.4525781735348934,FALSE,FALSE,NS,NS
GOBP_RESPONSE_TO_CALCIUM_ION,-0.7748128712045692,0.9386078021205928,1.124639587520844,0.6379821141434834,FALSE,FALSE,NS,NS
GOBP_RESPONSE_TO_CARBOHYDRATE,0.7322095899152857,0.9591493174859324,-1.4802184231141926,0.19651831453540752,FALSE,FALSE,NS,NS
GOBP_RESPONSE_TO_CORTICOSTEROID,1.3541517645978074,0.3164227320675106,-1.0751958854386616,0.7202302007716959,FALSE,FALSE,NS,NS
GOBP_RESPONSE_TO_ENDOPLASMIC_RETICULUM_STRESS,-1.0463953295435202,0.6139426908284537,0.8591750978199971,0.9619695826828284,FALSE,FALSE,NS,NS
GOBP_RESPONSE_TO_ESTRADIOL,0.9246439570793514,0.7650971468580431,-1.192485688546615,0.5711763722485371,FALSE,FALSE,NS,NS
GOBP_RESPONSE_TO_ETHANOL,1.4608570856505048,0.2215854216438774,-0.5986972781066702,0.9997067020099607,FALSE,FALSE,NS,NS
GOBP_RESPONSE_TO_HEAT,-0.6616940284145105,0.9901609870743234,-0.7035603875634248,0.9997067020099607,FALSE,FALSE,NS,NS
GOBP_RESPONSE_TO_HYDROGEN_PEROXIDE,1.1313306272454098,0.5492245264548378,-0.6425971878485733,0.9997067020099607,FALSE,FALSE,NS,NS
GOBP_RESPONSE_TO_INSULIN,1.1051055702649426,0.5499532998813587,-0.8152351231521301,0.9923127196857303,FALSE,FALSE,NS,NS
GOBP_RESPONSE_TO_IONIZING_RADIATION,0.6916957388518559,0.9591493174859324,0.6080731433750028,0.9997067020099607,FALSE,FALSE,NS,NS
GOBP_RESPONSE_TO_ISCHEMIA,-1.1398917251969554,0.548659192029953,-0.6876676171146185,0.9997067020099607,FALSE,FALSE,NS,NS
GOBP_RESPONSE_TO_KETONE,0.8370222107632433,0.8727745228359185,-1.2010181474446955,0.543487633361331,FALSE,FALSE,NS,NS
GOBP_RESPONSE_TO_LEUKEMIA_INHIBITORY_FACTOR,0.5032773866521245,0.9994556362544145,1.0129545867071774,0.7906816760475297,FALSE,FALSE,NS,NS
GOBP_RESPONSE_TO_LIGHT_STIMULUS,0.8040534645035643,0.9082145688522696,0.7670075562597699,0.9997067020099607,FALSE,FALSE,NS,NS
GOBP_RESPONSE_TO_MECHANICAL_STIMULUS,1.015631699769658,0.6689248158875425,1.5174058462116586,0.1970486283218008,FALSE,FALSE,NS,NS
GOBP_RESPONSE_TO_METAL_ION,1.1009690295925383,0.5534048463298774,-0.6416053448268153,0.9997067020099607,FALSE,FALSE,NS,NS
GOBP_RESPONSE_TO_MONOSACCHARIDE,0.8642491128444806,0.8520416154101166,-1.4659209900408765,0.2223109110880488,FALSE,FALSE,NS,NS
GOBP_RESPONSE_TO_NUTRIENT,1.1977478803176165,0.46062190047652357,-0.7913136784631235,0.9831559397577471,FALSE,FALSE,NS,NS
GOBP_RESPONSE_TO_ORGANOPHOSPHORUS,1.2111212221390197,0.4827519673570824,-0.7421816736851601,0.9923127196857303,FALSE,FALSE,NS,NS
GOBP_RESPONSE_TO_OSMOTIC_STRESS,0.9588752419443903,0.7290547130005572,-0.9450857672274061,0.8580144138843948,FALSE,FALSE,NS,NS
GOBP_RESPONSE_TO_OXIDATIVE_STRESS,1.1838777158004439,0.4001510330490858,-1.38119130756184,0.18143710948111927,FALSE,FALSE,NS,NS
GOBP_RESPONSE_TO_OXYGEN_LEVELS,-1.0088912855690302,0.6612962591179816,-0.8895404852087639,0.9434874300951808,FALSE,FALSE,NS,NS
GOBP_RESPONSE_TO_PEPTIDE_HORMONE,1.169765043942292,0.4463464987985244,-1.013051225209206,0.7803726568883861,FALSE,FALSE,NS,NS
GOBP_RESPONSE_TO_PURINE_CONTAINING_COMPOUND,0.769358223854798,0.9206704798983415,-1.065836835621982,0.7275283745439804,FALSE,FALSE,NS,NS
GOBP_RESPONSE_TO_RADIATION,0.9488999217059773,0.7602277163476551,0.7377043868739225,0.9997067020099607,FALSE,FALSE,NS,NS
GOBP_RESPONSE_TO_REACTIVE_OXYGEN_SPECIES,1.1857932540881928,0.45881785301521166,0.5766980152468371,0.9997067020099607,FALSE,FALSE,NS,NS
GOBP_RESPONSE_TO_STARVATION,0.700479504146778,0.9764161472219287,0.8219150632050872,0.9743758447599807,FALSE,FALSE,NS,NS
GOBP_RESPONSE_TO_STEROID_HORMONE,1.2303712221077148,0.39309311245044637,-1.2256588448643981,0.47965031213421766,FALSE,FALSE,NS,NS
GOBP_RESPONSE_TO_TEMPERATURE_STIMULUS,0.7548133068880443,0.9489356004819922,-0.7025841795960966,0.9997067020099607,FALSE,FALSE,NS,NS
GOBP_RESPONSE_TO_TOPOLOGICALLY_INCORRECT_PROTEIN,-1.3889140635529815,0.20325051088803983,1.0627617251907293,0.7202302007716959,FALSE,FALSE,NS,NS
GOBP_RESPONSE_TO_TRANSFORMING_GROWTH_FACTOR_BETA,1.4177114221268636,0.22234164856873725,1.309028047378128,0.39283360463315936,FALSE,FALSE,NS,NS
GOBP_RESPONSE_TO_TUMOR_NECROSIS_FACTOR,1.321950013884378,0.3225941444122202,0.8297851390693527,0.9619695826828284,FALSE,FALSE,NS,NS
GOBP_RESPONSE_TO_TYPE_II_INTERFERON,1.5999954028077181,0.09064414417938707,1.0512636084552465,0.7347231875483601,FALSE,FALSE,NS,NS
GOBP_RESPONSE_TO_TYPE_I_INTERFERON,-0.8074255208125308,0.9230800062145884,-1.5654507151386468,0.13897725789611068,FALSE,FALSE,NS,NS
GOBP_RESPONSE_TO_UV,0.827572486153279,0.8736983066974433,-0.5718787487855831,0.9997067020099607,FALSE,FALSE,NS,NS
GOBP_RESPONSE_TO_VIRUS,0.6194690218122314,0.9994556362544145,0.6956514398316541,0.9997067020099607,FALSE,FALSE,NS,NS
GOBP_RESPONSE_TO_XENOBIOTIC_STIMULUS,1.4519684884863693,0.14879506563685488,-1.5878728074288164,0.10803342992177074,FALSE,FALSE,NS,NS
GOBP_RETROGRADE_TRANSPORT_ENDOSOME_TO_GOLGI,1.3841845707341651,0.27856640476926287,0.919455932359108,0.9000938951991327,FALSE,FALSE,NS,NS
GOBP_RETROGRADE_VESICLE_MEDIATED_TRANSPORT_GOLGI_TO_ENDOPLASMIC_RETICULUM,1.06235338962739,0.6289130021854256,1.1488592207895372,0.6387851068888916,FALSE,FALSE,NS,NS
GOBP_RHO_PROTEIN_SIGNAL_TRANSDUCTION,1.0598354771361178,0.6277071311921611,1.1869558379645828,0.5809315274972927,FALSE,FALSE,NS,NS
GOBP_RHYTHMIC_PROCESS,-1.5452022166274586,0.10039111619695007,-0.7825226770179995,0.9923127196857303,FALSE,FALSE,NS,NS
GOBP_RIBONUCLEOTIDE_CATABOLIC_PROCESS,1.1154288085748265,0.548659192029953,-0.9310025801685587,0.8856789968243325,FALSE,FALSE,NS,NS
GOBP_RIBOSE_PHOSPHATE_BIOSYNTHETIC_PROCESS,-1.3216431619152298,0.18563025210084033,0.7312633022897141,0.9997067020099607,FALSE,FALSE,NS,NS
GOBP_RIBOSE_PHOSPHATE_METABOLIC_PROCESS,0.8546629339847542,0.9107228615616912,-0.61095527140855,1,FALSE,FALSE,NS,NS
GOBP_RIBOSOMAL_SMALL_SUBUNIT_BIOGENESIS,-1.0846313891967545,0.5778200374837027,0.9558319729168169,0.8580144138843948,FALSE,FALSE,NS,NS
GOBP_RIBOSOME_ASSEMBLY,0.6703744249288072,0.978854247382895,0.736814545259916,0.9997067020099607,FALSE,FALSE,NS,NS
GOBP_RIBOSOME_BIOGENESIS,-1.0239219967577782,0.6460361374262771,-0.8646442062242498,0.9619695826828284,FALSE,FALSE,NS,NS
GOBP_RNA_LOCALIZATION,1.3200604329804382,0.3066862013851891,0.856938653635029,0.957415049609272,FALSE,FALSE,NS,NS
GOBP_RNA_SPLICING,1.1251258730779912,0.528815815167679,1.2746582519335712,0.364871751954353,FALSE,FALSE,NS,NS
GOBP_RNA_SPLICING_VIA_TRANSESTERIFICATION_REACTIONS,1.1459646536687227,0.5084462654239147,1.2578147422693218,0.40015885402151496,FALSE,FALSE,NS,NS
GOBP_RNA_TEMPLATED_DNA_BIOSYNTHETIC_PROCESS,1.393038370604123,0.3031307468074083,1.2076238882677424,0.5569483455628861,FALSE,FALSE,NS,NS
GOBP_RRNA_METABOLIC_PROCESS,0.571784753524706,0.9994556362544145,-0.8472760169921065,0.9619695826828284,FALSE,FALSE,NS,NS
GOBP_RRNA_PROCESSING,0.5140348631447915,0.9994556362544145,-0.7298396294322762,0.9997067020099607,FALSE,FALSE,NS,NS
GOBP_SARCOPLASMIC_RETICULUM_CALCIUM_ION_TRANSPORT,-1.6316269283875569,0.10798008754992851,-1.0912087582727352,0.7042722886360364,FALSE,FALSE,NS,NS
GOBP_SENSORY_ORGAN_MORPHOGENESIS,1.4797376932702488,0.2199410357203897,1.3559181559993578,0.39799202147380286,FALSE,FALSE,NS,NS
GOBP_SENSORY_PERCEPTION_OF_MECHANICAL_STIMULUS,-1.0684964256986806,0.6165894316216377,-1.2869064290023686,0.4751328217237308,FALSE,FALSE,NS,NS
GOBP_SENSORY_SYSTEM_DEVELOPMENT,1.5897026567492192,0.09654630573115953,-1.3982512313113558,0.28452559039876113,FALSE,FALSE,NS,NS
GOBP_SEQUESTERING_OF_CALCIUM_ION,0.8998344091055644,0.8096272707221904,0.8699171263499631,0.9473193564205132,FALSE,FALSE,NS,NS
GOBP_SEX_DIFFERENTIATION,1.2939503485384458,0.393316914008605,-1.5841307030588772,0.17885605608617983,FALSE,FALSE,NS,NS
GOBP_SIGNAL_TRANSDUCTION_BY_P53_CLASS_MEDIATOR,0.9938997496820631,0.6920523083501701,-0.957887469340428,0.8580144138843948,FALSE,FALSE,NS,NS
GOBP_SIGNAL_TRANSDUCTION_IN_RESPONSE_TO_DNA_DAMAGE,-0.8864681415519937,0.8212128516184146,-0.9557562218809333,0.8580144138843948,FALSE,FALSE,NS,NS
GOBP_SINGLE_FERTILIZATION,1.1494053200468102,0.5401767524201593,-1.022525410048412,0.7803726568883861,FALSE,FALSE,NS,NS
GOBP_SISTER_CHROMATID_SEGREGATION,0.7431158549962726,0.9502843624497276,1.1717665296216062,0.5644713916874301,FALSE,FALSE,NS,NS
GOBP_SKELETAL_MUSCLE_CONTRACTION,-0.7216444770290942,0.9656697374167281,1.3968872511302048,0.30020109805924416,FALSE,FALSE,NS,NS
GOBP_SKELETAL_MUSCLE_ORGAN_DEVELOPMENT,-1.0354923585441276,0.6401302947675722,-0.9543601039984487,0.8580144138843948,FALSE,FALSE,NS,NS
GOBP_SKIN_DEVELOPMENT,1.4253045699489213,0.2711231761112996,1.3398343840006006,0.40015885402151496,FALSE,FALSE,NS,NS
GOBP_SMALL_MOLECULE_CATABOLIC_PROCESS,-1.2929684080960777,0.17967692758208392,-1.241700242537194,0.3583818044011446,FALSE,FALSE,NS,NS
GOBP_SMOOTH_MUSCLE_CELL_PROLIFERATION,0.8178273809993484,0.8761057717685766,1.4294374418592677,0.3235387446068472,FALSE,FALSE,NS,NS
GOBP_SODIUM_ION_TRANSPORT,-1.3250184731261467,0.3350695314156196,-1.0999765577420744,0.682172189181535,FALSE,FALSE,NS,NS
GOBP_SPERMATID_DIFFERENTIATION,-0.8469924829390969,0.8584913913185085,-1.5449367244326107,0.21164016331302576,FALSE,FALSE,NS,NS
GOBP_SPINDLE_ASSEMBLY,-0.860002699188046,0.8587111157951258,0.8118427474337424,0.9631370040893851,FALSE,FALSE,NS,NS
GOBP_SPINDLE_ORGANIZATION,1.1343933038126406,0.5354120653751498,-0.7804322111497142,0.9923127196857303,FALSE,FALSE,NS,NS
GOBP_SPROUTING_ANGIOGENESIS,1.5438114610818992,0.17194934593453828,1.0517763856872897,0.743211806445367,FALSE,FALSE,NS,NS
GOBP_STEM_CELL_DIFFERENTIATION,-0.8632911039425203,0.8580229841424782,-0.5645458771729258,0.9997067020099607,FALSE,FALSE,NS,NS
GOBP_STEROID_BIOSYNTHETIC_PROCESS,-0.7635209125972686,0.9369909102517274,-1.5259853753463117,0.19651831453540752,FALSE,FALSE,NS,NS
GOBP_STEROID_HORMONE_RECEPTOR_SIGNALING_PATHWAY,0.7750747895933431,0.9082145688522696,-1.1653084260048376,0.5948859142365754,FALSE,FALSE,NS,NS
GOBP_STEROID_METABOLIC_PROCESS,1.0750775186164059,0.6045415403489318,-1.316204939371495,0.37414924647544967,FALSE,FALSE,NS,NS
GOBP_STEROL_METABOLIC_PROCESS,0.9978223235657062,0.6854777947602952,-0.8250973583181594,0.9619695826828284,FALSE,FALSE,NS,NS
GOBP_STEROL_TRANSPORT,1.3892211266094006,0.29457389428263214,0.7907860609955055,0.9764373423249795,FALSE,FALSE,NS,NS
GOBP_STRESS_ACTIVATED_PROTEIN_KINASE_SIGNALING_CASCADE,-0.8332799088160822,0.869411361467359,-0.7379936006491766,0.9923127196857303,FALSE,FALSE,NS,NS
GOBP_STRESS_FIBER_ASSEMBLY,1.2831473730833285,0.39076834862385323,1.4815878128144855,0.23622701943749724,FALSE,FALSE,NS,NS
GOBP_STRIATED_MUSCLE_ADAPTATION,-0.7795062669837639,0.9105177895746742,1.1693259897446941,0.6034951494288844,FALSE,FALSE,NS,NS
GOBP_STRIATED_MUSCLE_CONTRACTION,-1.1493368843184146,0.41922337562475975,1.5900423560089185,0.07053383621148888,FALSE,FALSE,NS,NS
GOBP_SUBSTANTIA_NIGRA_DEVELOPMENT,0.8930912702769285,0.8111719423481194,1.12047957949505,0.6610069824355538,FALSE,FALSE,NS,NS
GOBP_SULFUR_COMPOUND_BIOSYNTHETIC_PROCESS,-1.0743364454376236,0.5745987565019186,-1.4666373478109789,0.1946156847444401,FALSE,FALSE,NS,NS
GOBP_SULFUR_COMPOUND_METABOLIC_PROCESS,-1.2956497822830295,0.19947180943052603,-1.6173359788396835,0.07223564175502295,FALSE,FALSE,NS,NS
GOBP_SYMBIONT_ENTRY_INTO_HOST,1.4566388681563203,0.22225985298913725,0.7856355969319396,0.9831559397577471,FALSE,FALSE,NS,NS
GOBP_SYNAPSE_ASSEMBLY,0.8763231799882092,0.8212128516184146,-0.7703137833452399,0.9831559397577471,FALSE,FALSE,NS,NS
GOBP_SYNAPTIC_VESICLE_RECYCLING,1.5454603432290037,0.15262083615934888,1.1301036182517266,0.6487266941812396,FALSE,FALSE,NS,NS
GOBP_TELENCEPHALON_DEVELOPMENT,1.4512382356580804,0.20824820934041566,-1.0041411996741403,0.8026207881335184,FALSE,FALSE,NS,NS
GOBP_TELOMERE_MAINTENANCE_VIA_TELOMERE_LENGTHENING,1.4673440985172381,0.2216314853870852,1.0604264685476046,0.7367643288464674,FALSE,FALSE,NS,NS
GOBP_TELOMERE_ORGANIZATION,1.2858768730611128,0.3558377771365544,0.8923672348834824,0.9308312908496732,FALSE,FALSE,NS,NS
GOBP_TEMPERATURE_HOMEOSTASIS,-0.946272373582664,0.7527511833146154,1.1123892332064846,0.6658405003398338,FALSE,FALSE,NS,NS
GOBP_TETRAPYRROLE_METABOLIC_PROCESS,1.5772743342528202,0.148989873895718,0.8082917765955798,0.9619695826828284,FALSE,FALSE,NS,NS
GOBP_TORC1_SIGNALING,-1.2806647494687964,0.36938424548212606,-1.5378911729690758,0.19651831453540752,FALSE,FALSE,NS,NS
GOBP_TOR_SIGNALING,-1.2426187625995124,0.386291136038964,-1.328532757957121,0.3689000786782062,FALSE,FALSE,NS,NS
GOBP_TRANSFORMING_GROWTH_FACTOR_BETA_RECEPTOR_SIGNALING_PATHWAY,1.2801140048468451,0.3857021279155089,1.1747762513251665,0.5651006576769659,FALSE,FALSE,NS,NS
GOBP_TRANSLATIONAL_ELONGATION,-0.5031910189923415,0.9994556362544145,-0.7662694525027018,0.9923127196857303,FALSE,FALSE,NS,NS
GOBP_TRANSLATIONAL_INITIATION,-1.5222867911215376,0.08304413510976269,-1.4004834912146142,0.2310617068681585,FALSE,FALSE,NS,NS
GOBP_TRIGLYCERIDE_METABOLIC_PROCESS,1.71254620919741,0.06835561810931269,0.6063831988575021,0.9997067020099607,FALSE,FALSE,NS,NS
GOBP_TUMOR_NECROSIS_FACTOR_MEDIATED_SIGNALING_PATHWAY,1.0137980355957783,0.6689248158875425,0.831137708745279,0.9608812501043293,FALSE,FALSE,NS,NS
GOBP_TUMOR_NECROSIS_FACTOR_SUPERFAMILY_CYTOKINE_PRODUCTION,1.0805576886222663,0.6074397637658742,-1.0868374799478073,0.6999931223940555,FALSE,FALSE,NS,NS
GOBP_TYPE_II_INTERFERON_PRODUCTION,0.7736505702579513,0.9082145688522696,-0.7503389670720698,0.9923127196857303,FALSE,FALSE,NS,NS
GOBP_TYPE_I_INTERFERON_PRODUCTION,-0.6822531260094835,0.978854247382895,-0.7009739104472933,0.9997067020099607,FALSE,FALSE,NS,NS
GOBP_T_CELL_ACTIVATION_INVOLVED_IN_IMMUNE_RESPONSE,1.5056258281927908,0.1821297669343331,-1.0097430600797341,0.7949327145032169,FALSE,FALSE,NS,NS
GOBP_T_CELL_DIFFERENTIATION_INVOLVED_IN_IMMUNE_RESPONSE,1.2123708589903344,0.4772452903968669,-1.2029051777624233,0.5569483455628861,FALSE,FALSE,NS,NS
GOBP_T_CELL_DIFFERENTIATION_IN_THYMUS,1.0610982459762326,0.6296446290613025,-1.8661739932916992,0.07223564175502295,FALSE,FALSE,NS,NS
GOBP_T_CELL_HOMEOSTASIS,0.35836554802505355,0.9998290890446078,-1.6900880838109362,0.13024154454264086,FALSE,FALSE,NS,NS
GOBP_T_CELL_MEDIATED_IMMUNITY,1.7052092439661728,0.069041241198888,0.8429332836701143,0.9473193564205132,FALSE,FALSE,NS,NS
GOBP_T_CELL_SELECTION,0.8586808021335303,0.8474106664985018,-1.7034690972144761,0.13024154454264086,FALSE,FALSE,NS,NS
GOBP_T_HELPER_17_TYPE_IMMUNE_RESPONSE,0.5808330675006579,0.9928895570589383,-1.703563965249096,0.13024154454264086,FALSE,FALSE,NS,NS
GOBP_T_HELPER_1_TYPE_IMMUNE_RESPONSE,1.2621492268451782,0.42836835310632937,-1.0179129086520124,0.7803726568883861,FALSE,FALSE,NS,NS
GOBP_UBIQUITIN_DEPENDENT_PROTEIN_CATABOLIC_PROCESS_VIA_THE_MULTIVESICULAR_BODY_SORTING_PATHWAY,-0.818313491218453,0.8762682837299779,-0.9618367238066501,0.8413895387700535,FALSE,FALSE,NS,NS
GOBP_UNSATURATED_FATTY_ACID_METABOLIC_PROCESS,1.3211379127044791,0.34177940702353515,-1.0842809240608997,0.7063837300517836,FALSE,FALSE,NS,NS
GOBP_VACUOLAR_TRANSPORT,-0.7474484353614554,0.9591493174859324,-0.6238916706302919,0.9997067020099607,FALSE,FALSE,NS,NS
GOBP_VACUOLE_ORGANIZATION,-1.0947691190630966,0.5534048463298774,-0.8355520601877049,0.9631193814110431,FALSE,FALSE,NS,NS
GOBP_VASCULAR_PROCESS_IN_CIRCULATORY_SYSTEM,1.6873743600553441,0.058856401151168324,-0.6776460964452985,0.9997067020099607,FALSE,FALSE,NS,NS
GOBP_VESICLE_BUDDING_FROM_MEMBRANE,1.0812594654395742,0.6081102195525425,1.2244320720036297,0.4954641281341154,FALSE,FALSE,NS,NS
GOBP_VESICLE_LOCALIZATION,0.9261464620766674,0.7786417044236067,-0.9909314007882517,0.8182121975806451,FALSE,FALSE,NS,NS
GOBP_VESICLE_MEDIATED_TRANSPORT_IN_SYNAPSE,1.603933865652871,0.07511159279193226,0.9327416533832216,0.8886674061533072,FALSE,FALSE,NS,NS
GOBP_VESICLE_MEDIATED_TRANSPORT_TO_THE_PLASMA_MEMBRANE,1.1135501339947171,0.5598971072178044,1.227639628236021,0.48694978092349167,FALSE,FALSE,NS,NS
GOBP_VESICLE_ORGANIZATION,1.3623359078264583,0.2013053533944216,0.8375735824326558,0.9831559397577471,FALSE,FALSE,NS,NS
GOBP_VIRAL_GENE_EXPRESSION,-1.2435653062749108,0.40957259499584475,-0.7738350418376835,0.9831559397577471,FALSE,FALSE,NS,NS
GOBP_VIRAL_GENOME_REPLICATION,-0.6846968348776085,0.9720224564504157,0.8024076768098483,0.9631193814110431,FALSE,FALSE,NS,NS
GOBP_VIRAL_LIFE_CYCLE,1.119702167102633,0.5420483990375716,-0.8698857047754331,0.9567873779433459,FALSE,FALSE,NS,NS
GOBP_VIRAL_PROCESS,0.9913012251164263,0.7041003024726611,-0.9879550152810213,0.8286059547186602,FALSE,FALSE,NS,NS
GOBP_VIRAL_RELEASE_FROM_HOST_CELL,0.5284754942306749,0.9994556362544145,-1.0914271264733624,0.7079465483720803,FALSE,FALSE,NS,NS
GOBP_WNT_SIGNALING_PATHWAY,0.694830066192083,0.978854247382895,-1.0626468911812368,0.7202302007716959,FALSE,FALSE,NS,NS
GOBP_XENOBIOTIC_METABOLIC_PROCESS,0.7871344334182149,0.9052458628559399,-1.1650344999192832,0.6034951494288844,FALSE,FALSE,NS,NS
GOSLIM_CHROMOSOME_SEGREGATION,-0.7953775373151117,0.9471407874348161,1.050294708679888,0.7239010509747975,FALSE,FALSE,NS,NS
GOSLIM_CYTOKINESIS,1.0767379953828884,0.6074397637658742,1.3582888855378774,0.3304010142317267,FALSE,FALSE,NS,NS
GOSLIM_CYTOPLASMIC_TRANSLATION,-1.3693170643972943,0.11817981176989895,1.415131411491997,0.14038642723400196,FALSE,FALSE,NS,NS
GOSLIM_DETOXIFICATION,1.6128857856002266,0.06447657506536336,-1.4202268375873204,0.21304554548732682,FALSE,FALSE,NS,NS
GOSLIM_DNA_RECOMBINATION,-1.060141894147749,0.6112553699931245,0.9408843516387331,0.8825144788825711,FALSE,FALSE,NS,NS
GOSLIM_DNA_REPLICATION,0.8240174502497382,0.8889780211229248,-1.2816086039996986,0.42721747612662375,FALSE,FALSE,NS,NS
GOSLIM_GLYCOPROTEIN_METABOLIC_PROCESS,1.335960369110776,0.35616759377680535,1.3065600982257373,0.4410014697828538,FALSE,FALSE,NS,NS
GOSLIM_KETONE_METABOLIC_PROCESS,0.9719885314543261,0.7261223681391749,-1.3181064747718538,0.35074178500823405,FALSE,FALSE,NS,NS
GOSLIM_MICROTUBULE-BASED_MOVEMENT,0.8435641283754026,0.8889780211229248,-0.8189152961735373,0.9831559397577471,FALSE,FALSE,NS,NS
GOSLIM_MITOTIC_NUCLEAR_DIVISION,0.6024204158153567,0.9994556362544145,0.8521706086276711,0.9619695826828284,FALSE,FALSE,NS,NS
GOSLIM_MUSCLE_SYSTEM_PROCESS,-0.8328083385564514,0.9722650164562054,1.5181297812780514,0.07053383621148888,FALSE,FALSE,NS,NS
GOSLIM_NUCLEOCYTOPLASMIC_TRANSPORT,1.4625983834236687,0.15333213337533186,-1.118037017727458,0.6387851068888916,FALSE,FALSE,NS,NS
GOSLIM_PROTEIN_FOLDING,0.8662229395424104,0.8762682837299779,1.2587743354727783,0.36531760922004824,FALSE,FALSE,NS,NS
GOSLIM_PROTEIN_LOCALIZATION_TO_PLASMA_MEMBRANE,1.0904766157611019,0.5686903132982349,1.356417394734864,0.2707086251685245,FALSE,FALSE,NS,NS
GOSLIM_RIBOSOME_BIOGENESIS,-1.0518284887492846,0.6121631998681455,0.9018693140443604,0.9344609971073143,FALSE,FALSE,NS,NS
GOSLIM_TELOMERE_ORGANIZATION,1.2858768730611128,0.3558377771365544,0.8923672348834824,0.9308312908496732,FALSE,FALSE,NS,NS
HALLMARK_ADIPOGENESIS,1.0435076831642198,0.6277071311921611,-0.9627309915241339,0.8580144138843948,FALSE,FALSE,NS,NS
HALLMARK_ALLOGRAFT_REJECTION,0.9691594200119364,0.7244101453878774,0.9854347955336415,0.8247787921700965,FALSE,FALSE,NS,NS
HALLMARK_ANDROGEN_RESPONSE,1.5771694694224518,0.13057975511870223,-0.9281650272409677,0.8856789968243325,FALSE,FALSE,NS,NS
HALLMARK_BILE_ACID_METABOLISM,0.9738035812860668,0.7142636821147388,-1.2322005739508162,0.5266356612716012,FALSE,FALSE,NS,NS
HALLMARK_DNA_REPAIR,1.1584396872377136,0.5136704638696018,-1.4715333049627624,0.21304554548732682,FALSE,FALSE,NS,NS
HALLMARK_E2F_TARGETS,1.0292668889837162,0.6541614155082893,-1.2687787015294711,0.4430373372253364,FALSE,FALSE,NS,NS
HALLMARK_ESTROGEN_RESPONSE_EARLY,-0.9419903575237715,0.7525643001536709,0.6035040939489926,0.9997067020099607,FALSE,FALSE,NS,NS
HALLMARK_ESTROGEN_RESPONSE_LATE,1.3734852831601252,0.2870320524513533,-0.7971418937462433,0.9767745045410225,FALSE,FALSE,NS,NS
HALLMARK_FATTY_ACID_METABOLISM,-0.9704301222088535,0.750252082056333,-1.057609887768917,0.7079465483720803,FALSE,FALSE,NS,NS
HALLMARK_G2M_CHECKPOINT,-0.7938416265381829,0.9210164997474461,0.742674066452177,0.9997067020099607,FALSE,FALSE,NS,NS
HALLMARK_GLYCOLYSIS,1.233139919121832,0.3772324703559948,-1.0787291160589039,0.6803634027793174,FALSE,FALSE,NS,NS
HALLMARK_HYPOXIA,1.602898626015111,0.0674047748216546,1.4222698046862792,0.21164016331302576,FALSE,FALSE,NS,NS
HALLMARK_MITOTIC_SPINDLE,1.6105150217731066,0.08280061309557188,1.709359486696881,0.092708666123896,FALSE,FALSE,NS,NS
HALLMARK_MTORC1_SIGNALING,1.1313896856259742,0.5129529059275865,-1.3971879686572155,0.19651831453540752,FALSE,FALSE,NS,NS
HALLMARK_MYC_TARGETS_V1,0.7667012933442857,0.9786528591542899,1.1108025839357494,0.5797208795362481,FALSE,FALSE,NS,NS
HALLMARK_MYOGENESIS,0.606408393476757,0.9994556362544145,1.3989707902242132,0.15661651852034242,FALSE,FALSE,NS,NS
HALLMARK_P53_PATHWAY,1.1839292427830541,0.5036814953989424,-0.8471802154268665,0.9529795838038508,FALSE,FALSE,NS,NS
HALLMARK_PEROXISOME,0.8731918607936868,0.8503059050627411,-0.9790510484992989,0.8317256747912551,FALSE,FALSE,NS,NS
HALLMARK_PI3K_AKT_MTOR_SIGNALING,1.2498598105788816,0.39409189933498795,0.756037830790522,0.9997067020099607,FALSE,FALSE,NS,NS
HALLMARK_PROTEIN_SECRETION,1.6515279169934578,0.05596808081084595,-0.8062524525738558,0.9831559397577471,FALSE,FALSE,NS,NS
HALLMARK_TNFA_SIGNALING_VIA_NFKB,1.0351101433607772,0.6541614155082893,1.2163114250378946,0.5569483455628861,FALSE,FALSE,NS,NS
HALLMARK_UNFOLDED_PROTEIN_RESPONSE,0.6220427957929049,0.9973104233262687,0.8875343285019056,0.9359087377415711,FALSE,FALSE,NS,NS
HALLMARK_UV_RESPONSE_DN,1.6016515039106753,0.12072484166080225,0.9808895329397662,0.8286059547186602,FALSE,FALSE,NS,NS
HALLMARK_UV_RESPONSE_UP,0.8500243903643399,0.8727745228359185,-0.9223397114653267,0.9002448284115137,FALSE,FALSE,NS,NS
KEGG_MEDICUS_REFERENCE_26S_PROTEASOME_MEDIATED_PROTEIN_DEGRADATION,-0.8239962162213572,0.9044784426585577,-1.608092722398411,0.13024154454264086,FALSE,FALSE,NS,NS
KEGG_MEDICUS_REFERENCE_GLYCOLYSIS,1.3851358247928294,0.30446251537283836,0.5064810499889453,0.9997067020099607,FALSE,FALSE,NS,NS
KEGG_MEDICUS_REFERENCE_RAB7_REGULATED_MICROTUBULE_MINUS_END_DIRECTED_TRANSPORT,0.9569836081176415,0.7379396074815596,1.2857243470729771,0.4531191742200916,FALSE,FALSE,NS,NS
KEGG_MEDICUS_REFERENCE_TRANSLATION_INITIATION,-0.8925151432579171,0.8678112044222388,1.8243509672547353,0.030047488338638215,FALSE,TRUE,Sig Training only,NS
KEGG_MEDICUS_VARIANT_MUTATION_CAUSED_ABERRANT_ABETA_TO_26S_PROTEASOME_MEDIATED_PROTEIN_DEGRADATION,-0.8367122197115968,0.8889780211229248,-1.6247113214727864,0.13024154454264086,FALSE,FALSE,NS,NS
KEGG_MEDICUS_VARIANT_MUTATION_CAUSED_ABERRANT_HTT_TO_26S_PROTEASOME_MEDIATED_PROTEIN_DEGRADATION,-0.8367122197115968,0.8889780211229248,-1.6247113214727864,0.13024154454264086,FALSE,FALSE,NS,NS
KEGG_MEDICUS_VARIANT_MUTATION_CAUSED_ABERRANT_SNCA_TO_26S_PROTEASOME_MEDIATED_PROTEIN_DEGRADATION,0.6161866510652884,0.9986081390793913,-1.6173447655725253,0.13024154454264086,FALSE,FALSE,NS,NS
KEGG_MEDICUS_VARIANT_MUTATION_CAUSED_ABERRANT_SOD1_TO_26S_PROTEASOME_MEDIATED_PROTEIN_DEGRADATION,0.5839919714038143,0.9994556362544145,-1.6832885255990246,0.11206097309249172,FALSE,FALSE,NS,NS
KEGG_MEDICUS_VARIANT_MUTATION_INACTIVATED_UBQLN2_TO_26S_PROTEASOME_MEDIATED_PROTEIN_DEGRADATION,-0.8239962162213572,0.9044784426585577,-1.608092722398411,0.13024154454264086,FALSE,FALSE,NS,NS
KEGG_MEDICUS_VARIANT_MUTATION_INACTIVATED_VCP_TO_26S_PROTEASOME_MEDIATED_PROTEIN_DEGRADATION,-0.6913167893529477,0.985239553545883,-1.6305727110465245,0.13024154454264086,FALSE,FALSE,NS,NS
KEGG_MEDICUS_VARIANT_SCRAPIE_CONFORMATION_PRPSC_TO_26S_PROTEASOME_MEDIATED_PROTEIN_DEGRADATION,-0.8367122197115968,0.8889780211229248,-1.6247113214727864,0.13024154454264086,FALSE,FALSE,NS,NS
REACTOME_ABC_FAMILY_PROTEINS_MEDIATED_TRANSPORT,-0.989865323120267,0.7015249017352124,-1.5012651925492704,0.19346745908028057,FALSE,FALSE,NS,NS
REACTOME_ABC_TRANSPORTER_DISORDERS,-0.8480088879217891,0.8795817436632201,-1.6622328504426125,0.12186639617446747,FALSE,FALSE,NS,NS
REACTOME_ACTIVATION_OF_APC_C_AND_APC_C_CDC20_MEDIATED_DEGRADATION_OF_MITOTIC_PROTEINS,-0.9999278294947105,0.6854777947602952,-1.658770785187793,0.12186639617446747,FALSE,FALSE,NS,NS
REACTOME_ACTIVATION_OF_NF_KAPPAB_IN_B_CELLS,-1.1239827475957282,0.5420483990375716,-1.5489291020160076,0.15566972172921661,FALSE,FALSE,NS,NS
REACTOME_ACTIVATION_OF_NMDA_RECEPTORS_AND_POSTSYNAPTIC_EVENTS,-1.0619369225828819,0.6139426908284537,-0.6342571595987873,0.9997067020099607,FALSE,FALSE,NS,NS
REACTOME_ADHERENS_JUNCTIONS_INTERACTIONS,-0.742018429119001,0.985239553545883,1.09246918465537,0.6487266941812396,FALSE,FALSE,NS,NS
REACTOME_AGGREPHAGY,1.2013024035697704,0.4892739909691935,0.7792470416835545,0.9831559397577471,FALSE,FALSE,NS,NS
REACTOME_AMPK_INDUCED_ERAD_AND_LYSOSOME_MEDIATED_DEGRADATION_OF_PD_L1_CD274,-1.074741419108481,0.5795068027210883,-1.5997619301832702,0.13024154454264086,FALSE,FALSE,NS,NS
REACTOME_ANCHORING_OF_THE_BASAL_BODY_TO_THE_PLASMA_MEMBRANE,0.8053622758612808,0.8883459339848793,0.8821553428668447,0.9251398773306401,FALSE,FALSE,NS,NS
REACTOME_ANTIGEN_PRESENTATION_FOLDING_ASSEMBLY_AND_PEPTIDE_LOADING_OF_CLASS_I_MHC,1.2849625286451387,0.39683570170457627,1.1131713297190582,0.6815829186862861,FALSE,FALSE,NS,NS
REACTOME_ANTIGEN_PROCESSING_CROSS_PRESENTATION,1.1383185263020341,0.5261839998866646,-0.8946508641684224,0.9308312908496732,FALSE,FALSE,NS,NS
REACTOME_ANTIGEN_PROCESSING_UBIQUITINATION_PROTEASOME_DEGRADATION,-1.0755493767113506,0.5641194341533372,-1.7978981668053562,0.01844304327821786,FALSE,TRUE,Sig Training only,NS
REACTOME_ANTIGEN_PROCESSING_UB_ATP_INDEPENDENT_PROTEASOMAL_DEGRADATION,1.0461747631782823,0.6451603714464764,-1.7787708326758438,0.1100218841931549,FALSE,FALSE,NS,NS
REACTOME_ANTIMICROBIAL_MECHANISM_OF_IFN_STIMULATED_GENES,-1.1027226205480114,0.548659192029953,-0.843303294329677,0.9619695826828284,FALSE,FALSE,NS,NS
REACTOME_APC_C_CDH1_MEDIATED_DEGRADATION_OF_CDC20_AND_OTHER_APC_C_CDH1_TARGETED_PROTEINS_IN_LATE_MITOSIS_EARLY_G1,-1.1115814530439863,0.548659192029953,-1.6604354864153108,0.1212425157047507,FALSE,FALSE,NS,NS
REACTOME_APC_C_MEDIATED_DEGRADATION_OF_CELL_CYCLE_PROTEINS,-1.0466122240016051,0.6277071311921611,-1.5744053293705766,0.13662677744708995,FALSE,FALSE,NS,NS
REACTOME_APOPTOSIS,0.8882804818166478,0.8520416154101166,-0.7340354544356411,0.9997067020099607,FALSE,FALSE,NS,NS
REACTOME_APOPTOTIC_EXECUTION_PHASE,1.365182102285301,0.3269083682600315,1.3280775127672044,0.42146848076430943,FALSE,FALSE,NS,NS
REACTOME_ASPARAGINE_N_LINKED_GLYCOSYLATION,1.3896610752903762,0.16172467820607392,1.4253466930096859,0.15839595829442635,FALSE,FALSE,NS,NS
REACTOME_ASYMMETRIC_LOCALIZATION_OF_PCP_PROTEINS,-1.0070252313993078,0.6690576788754041,-1.6092770240374688,0.13580487804878047,FALSE,FALSE,NS,NS
REACTOME_AUF1_HNRNP_D0_BINDS_AND_DESTABILIZES_MRNA,-0.8990196063912671,0.8276577157178662,-1.3022347024858647,0.3907295120488276,FALSE,FALSE,NS,NS
REACTOME_AURKA_ACTIVATION_BY_TPX2,0.6606910707446259,0.9722650164562054,0.7627444035701907,0.9914057101692175,FALSE,FALSE,NS,NS
REACTOME_AUTOPHAGY,0.543478114921259,0.9994556362544145,0.6871796269820503,0.9997067020099607,FALSE,FALSE,NS,NS
REACTOME_BETA_CATENIN_INDEPENDENT_WNT_SIGNALING,1.1896563927463866,0.44630015881950874,-1.259599919017333,0.43441448482480133,FALSE,FALSE,NS,NS
REACTOME_BIOLOGICAL_OXIDATIONS,0.9203554783575705,0.7959235614874535,-1.6707735021764192,0.08788199869756685,FALSE,FALSE,NS,NS
REACTOME_CARGO_RECOGNITION_FOR_CLATHRIN_MEDIATED_ENDOCYTOSIS,1.186813044243083,0.490375411326037,-0.8814703079730952,0.9308312908496732,FALSE,FALSE,NS,NS
REACTOME_CDK_MEDIATED_PHOSPHORYLATION_AND_REMOVAL_OF_CDC6,-1.1115814530439863,0.548659192029953,-1.6604354864153108,0.1212425157047507,FALSE,FALSE,NS,NS
REACTOME_CELLULAR_RESPONSES_TO_MECHANICAL_STIMULI,1.2683508772910181,0.3956419510061242,-0.5940075113326896,0.9997067020099607,FALSE,FALSE,NS,NS
REACTOME_CELLULAR_RESPONSE_TO_CHEMICAL_STRESS,1.3619846349816984,0.18610321100498484,-1.5230659598265495,0.12358381403060342,FALSE,FALSE,NS,NS
REACTOME_CELLULAR_RESPONSE_TO_HEAT_STRESS,-0.7766151771397384,0.9386078021205928,1.0552638094676,0.7265935178668933,FALSE,FALSE,NS,NS
REACTOME_CELLULAR_RESPONSE_TO_HYPOXIA,-1.26023406550939,0.35822198860553445,-1.6444877329047098,0.1212425157047507,FALSE,FALSE,NS,NS
REACTOME_CELLULAR_RESPONSE_TO_STARVATION,-0.8894368714937428,0.8738162186480711,1.6728859219243326,0.07053383621148888,FALSE,FALSE,NS,NS
REACTOME_CELLULAR_SENESCENCE,-1.6175782433055823,0.10798008754992851,0.5959474033182933,0.9997067020099607,FALSE,FALSE,NS,NS
REACTOME_CELL_CELL_COMMUNICATION,1.0554498470515752,0.6162027088699125,1.2535142693387034,0.37642782969885774,FALSE,FALSE,NS,NS
REACTOME_CELL_CYCLE_CHECKPOINTS,-0.7083536956951119,0.9992750875409993,-1.261636063091321,0.38404110122836077,FALSE,FALSE,NS,NS
REACTOME_CELL_JUNCTION_ORGANIZATION,0.6391873429756206,0.9994556362544145,1.202770807668292,0.44900240306800576,FALSE,FALSE,NS,NS
REACTOME_CILIUM_ASSEMBLY,1.201466071718035,0.4550973549798055,0.7835365076711599,0.9923127196857303,FALSE,FALSE,NS,NS
REACTOME_CIRCADIAN_CLOCK,-1.2995907222082215,0.3031307468074083,-1.3374056362423918,0.35074178500823405,FALSE,FALSE,NS,NS
REACTOME_CLASS_I_MHC_MEDIATED_ANTIGEN_PROCESSING_PRESENTATION,0.6056142276040322,0.9994556362544145,-1.4754144168089953,0.13580487804878047,FALSE,FALSE,NS,NS
REACTOME_CLATHRIN_MEDIATED_ENDOCYTOSIS,1.5767226835429191,0.07318692821119313,1.050528214990008,0.7202934706797576,FALSE,FALSE,NS,NS
REACTOME_CLEC7A_DECTIN_1_SIGNALING,-0.8657283585481952,0.8727745228359185,-1.795718800018449,0.058978657907521284,FALSE,FALSE,NS,NS
REACTOME_COMPLEX_IV_ASSEMBLY,-1.3404233752415498,0.3174126981517707,1.2545599306949593,0.48694978092349167,FALSE,FALSE,NS,NS
REACTOME_COOPERATION_OF_PREFOLDIN_AND_TRIC_CCT_IN_ACTIN_AND_TUBULIN_FOLDING,0.874964923285953,0.8280952169096407,-1.2814848883539651,0.4601809265133372,FALSE,FALSE,NS,NS
REACTOME_COPII_MEDIATED_VESICLE_TRANSPORT,0.8265422499488423,0.8762682837299779,-0.5933380428323591,0.9997067020099607,FALSE,FALSE,NS,NS
REACTOME_COPI_INDEPENDENT_GOLGI_TO_ER_RETROGRADE_TRAFFIC,0.893741879778103,0.812698276845829,1.0054127322907225,0.7949327145032169,FALSE,FALSE,NS,NS
REACTOME_COPI_MEDIATED_ANTEROGRADE_TRANSPORT,1.3402891276090367,0.2791602662570405,1.2207336429687563,0.4806077526886531,FALSE,FALSE,NS,NS
REACTOME_CO_INHIBITION_BY_PD_1,-1.0641913956515932,0.5778200374837027,-1.4036653408041984,0.2094870612598183,FALSE,FALSE,NS,NS
REACTOME_CROSS_PRESENTATION_OF_SOLUBLE_EXOGENOUS_ANTIGENS_ENDOSOMES,-0.6698376823264708,0.9901609870743234,-1.6567430507397696,0.1212425157047507,FALSE,FALSE,NS,NS
REACTOME_CYCLIN_A_CDK2_ASSOCIATED_EVENTS_AT_S_PHASE_ENTRY,-1.1292605780419072,0.5304777944464887,-1.430323425035524,0.2455111008589069,FALSE,FALSE,NS,NS
REACTOME_CYTOPROTECTION_BY_HMOX1,0.7569977960478973,0.9171257863371247,1.103362540183425,0.6853134723476865,FALSE,FALSE,NS,NS
REACTOME_C_TYPE_LECTIN_RECEPTORS_CLRS,-0.7341038958709464,0.978039831575527,-1.7725586838907958,0.044665541646669436,FALSE,TRUE,Sig Training only,NS
REACTOME_DDX58_IFIH1_MEDIATED_INDUCTION_OF_INTERFERON_ALPHA_BETA,-1.1240034359415536,0.5598971072178044,-0.8175228983034105,0.9608812501043293,FALSE,FALSE,NS,NS
REACTOME_DEATH_RECEPTOR_SIGNALING,-0.9780012176529924,0.7090197571285688,-1.0018642114109173,0.8057825671436972,FALSE,FALSE,NS,NS
REACTOME_DECTIN_1_MEDIATED_NONCANONICAL_NF_KB_SIGNALING,-1.145087927137179,0.49985289129041427,-1.618200534741041,0.13024154454264086,FALSE,FALSE,NS,NS
REACTOME_DEGRADATION_OF_AXIN,-1.0070252313993078,0.6690576788754041,-1.6092770240374688,0.13580487804878047,FALSE,FALSE,NS,NS
REACTOME_DEGRADATION_OF_BETA_CATENIN_BY_THE_DESTRUCTION_COMPLEX,-1.2948334244406152,0.3174126981517707,-1.2469978142241351,0.456560684038867,FALSE,FALSE,NS,NS
REACTOME_DEGRADATION_OF_CRY_AND_PER_PROTEINS,-1.1526023238656433,0.5084462654239147,-1.5792010796475242,0.13580487804878047,FALSE,FALSE,NS,NS
REACTOME_DEGRADATION_OF_DVL,-1.1168274787066361,0.5450239712855371,-1.642978320718517,0.13024154454264086,FALSE,FALSE,NS,NS
REACTOME_DEGRADATION_OF_GLI1_BY_THE_PROTEASOME,-1.0208075289676186,0.6541614155082893,-1.5735725955865623,0.13897725789611068,FALSE,FALSE,NS,NS
REACTOME_DENGUE_VIRUS_GENOME_TRANSLATION_AND_REPLICATION,0.7592172068051968,0.9476324477886977,-0.7528146949563231,0.9997067020099607,FALSE,FALSE,NS,NS
REACTOME_DENGUE_VIRUS_HOST_INTERACTIONS,1.2104111912447908,0.4172388929666249,1.624093545069137,0.10365625365625365,FALSE,FALSE,NS,NS
REACTOME_DEUBIQUITINATION,0.5936612928837783,0.9994556362544145,-1.485435566938361,0.14510523691998392,FALSE,FALSE,NS,NS
REACTOME_DISORDERS_OF_TRANSMEMBRANE_TRANSPORTERS,0.8217885123058344,0.8974254505624182,-1.1752404977099438,0.556695081823607,FALSE,FALSE,NS,NS
REACTOME_DNA_DAMAGE_RECOGNITION_IN_GG_NER,-0.7614935833972956,0.9210164997474461,-1.65901094566368,0.14186524978930753,FALSE,FALSE,NS,NS
REACTOME_DNA_DOUBLE_STRAND_BREAK_REPAIR,1.1336097680950616,0.5522924642388627,-1.4983693573825911,0.2469912643563243,FALSE,FALSE,NS,NS
REACTOME_DNA_REPAIR,0.833444026222034,0.8823087016263459,-1.6795519438959365,0.1100218841931549,FALSE,FALSE,NS,NS
REACTOME_DNA_REPLICATION,-0.9574345486012245,0.7419247990511879,-1.5621142646882737,0.13580487804878047,FALSE,FALSE,NS,NS
REACTOME_DNA_REPLICATION_PRE_INITIATION,-0.9423248350178897,0.7633525050011818,-1.6477626667269347,0.11206097309249172,FALSE,FALSE,NS,NS
REACTOME_DOWNSTREAM_SIGNALING_EVENTS_OF_B_CELL_RECEPTOR_BCR,0.5282810332285183,0.9994556362544145,-1.5862652840812903,0.13024154454264086,FALSE,FALSE,NS,NS
REACTOME_DOWNSTREAM_TCR_SIGNALING,-0.9706791264120587,0.7221914775871611,-1.693404241586456,0.0952986911287616,FALSE,FALSE,NS,NS
REACTOME_ENDOSOMAL_SORTING_COMPLEX_REQUIRED_FOR_TRANSPORT_ESCRT,-0.8469344423522926,0.8580229841424782,-0.6612732184424732,0.9997067020099607,FALSE,FALSE,NS,NS
REACTOME_ER_TO_GOLGI_ANTEROGRADE_TRANSPORT,1.3091889779408632,0.29042575503355705,1.3597523267594456,0.2591300335445599,FALSE,FALSE,NS,NS
REACTOME_ESR_MEDIATED_SIGNALING,1.560011955996303,0.13342160051103227,0.61296429934522,0.9997067020099607,FALSE,FALSE,NS,NS
REACTOME_EUKARYOTIC_TRANSLATION_ELONGATION,-1.0604899014168188,0.5910584216688429,1.846414307703931,0.01844304327821786,FALSE,TRUE,Sig Training only,NS
REACTOME_EUKARYOTIC_TRANSLATION_INITIATION,-1.361636968546107,0.14525677349387878,1.178967531223698,0.4822185163749027,FALSE,FALSE,NS,NS
REACTOME_FACTORS_INVOLVED_IN_MEGAKARYOCYTE_DEVELOPMENT_AND_PLATELET_PRODUCTION,0.7878835541988217,0.9062500000000001,0.9504998103847967,0.8580144138843948,FALSE,FALSE,NS,NS
REACTOME_FBXL7_DOWN_REGULATES_AURKA_DURING_MITOTIC_ENTRY_AND_IN_EARLY_MITOSIS,-1.0588372613279606,0.6162027088699125,-1.5195299168903544,0.17885605608617983,FALSE,FALSE,NS,NS
REACTOME_FCERI_MEDIATED_NF_KB_ACTIVATION,-1.0942315283864577,0.5591125415775718,-1.6991621993400359,0.09406258118991946,FALSE,FALSE,NS,NS
REACTOME_FCGAMMA_RECEPTOR_FCGR_DEPENDENT_PHAGOCYTOSIS,1.7027980705125163,0.06923792715694099,1.9997086129758948,0.029347613081519147,FALSE,TRUE,Sig Training only,NS
REACTOME_FC_EPSILON_RECEPTOR_FCERI_SIGNALING,-0.9542974660782518,0.7556889403143382,-1.4454054221835073,0.20468026529846078,FALSE,FALSE,NS,NS
REACTOME_FORMATION_OF_PARAXIAL_MESODERM,-1.0232714165831869,0.6541614155082893,-1.6258709753830565,0.13024154454264086,FALSE,FALSE,NS,NS
REACTOME_FORMATION_OF_THE_DYSTROPHIN_GLYCOPROTEIN_COMPLEX_DGC,-0.5314627738037726,0.9994556362544145,-1.2367901474263714,0.521626263674194,FALSE,FALSE,NS,NS
REACTOME_G1_S_DNA_DAMAGE_CHECKPOINTS,-1.1661966739210672,0.477449608374794,-1.4741625999331869,0.19828811804596067,FALSE,FALSE,NS,NS
REACTOME_G2_M_CHECKPOINTS,0.6663958953520046,0.9901609870743234,-1.413323977246108,0.24918288233505625,FALSE,FALSE,NS,NS
REACTOME_GASTRULATION,-1.0232714165831869,0.6541614155082893,-1.6258709753830565,0.13024154454264086,FALSE,FALSE,NS,NS
REACTOME_GLUCOSE_METABOLISM,0.8549667554639127,0.8587111157951258,-0.8550329650663191,0.9529795838038508,FALSE,FALSE,NS,NS
REACTOME_GLUTATHIONE_CONJUGATION,0.8985436868385266,0.7964166690957143,-1.6445339704489725,0.13384872219456775,FALSE,FALSE,NS,NS
REACTOME_GLYCEROPHOSPHOLIPID_BIOSYNTHESIS,-0.7155928862793979,0.9489356004819922,-1.3292448856145849,0.4384379202089621,FALSE,FALSE,NS,NS
REACTOME_GLYCOGEN_METABOLISM,-1.1378183210537676,0.548659192029953,1.2313730363772049,0.5275366656689614,FALSE,FALSE,NS,NS
REACTOME_GOLGI_TO_ER_RETROGRADE_TRANSPORT,1.443854677052404,0.1857914843308865,1.0615411245214257,0.7202302007716959,FALSE,FALSE,NS,NS
REACTOME_GSK3B_MEDIATED_PROTEASOMAL_DEGRADATION_OF_PD_L1_CD274,-1.175480856219595,0.46509372279281436,-1.5626084628603814,0.1387099095394737,FALSE,FALSE,NS,NS
REACTOME_G_ALPHA_I_SIGNALLING_EVENTS,1.2678076609975613,0.393741661910381,0.8993097454886879,0.9251398773306401,FALSE,FALSE,NS,NS
REACTOME_HCMV_EARLY_EVENTS,0.8447070424005452,0.8584913913185085,0.9991257121318838,0.8095386099775395,FALSE,FALSE,NS,NS
REACTOME_HEDGEHOG_LIGAND_BIOGENESIS,-0.7828704989981042,0.9327280137067525,-1.619192395960286,0.13024154454264086,FALSE,FALSE,NS,NS
REACTOME_HEDGEHOG_OFF_STATE,-0.8311466974116292,0.9044784426585577,-1.5609151739686336,0.13580487804878047,FALSE,FALSE,NS,NS
REACTOME_HEDGEHOG_ON_STATE,-0.8968391152067029,0.8212128516184146,-1.6665332780823539,0.1212425157047507,FALSE,FALSE,NS,NS
REACTOME_HH_MUTANTS_ABROGATE_LIGAND_SECRETION,-0.8552733878839065,0.8761057717685766,-1.6345577072168251,0.13024154454264086,FALSE,FALSE,NS,NS
REACTOME_HSF1_ACTIVATION,1.10607619487152,0.5826491545704923,0.7428058710939287,0.9923127196857303,FALSE,FALSE,NS,NS
REACTOME_HSF1_DEPENDENT_TRANSACTIVATION,-1.2830386958531754,0.3890304088504991,1.1089186963172035,0.6815829186862861,FALSE,FALSE,NS,NS
REACTOME_HSP90_CHAPERONE_CYCLE_FOR_STEROID_HORMONE_RECEPTORS_SHR_IN_THE_PRESENCE_OF_LIGAND,0.7119200082341629,0.9656697374167281,1.2711157486626738,0.4396530827650312,FALSE,FALSE,NS,NS
REACTOME_INTEGRATION_OF_ENERGY_METABOLISM,1.2294406644161657,0.4338148726109729,-0.6250634926585127,0.9997067020099607,FALSE,FALSE,NS,NS
REACTOME_INTERFERON_GAMMA_SIGNALING,0.8296962647814198,0.870672813165998,1.3938090409642252,0.3636184825189726,FALSE,FALSE,NS,NS
REACTOME_INTERFERON_SIGNALING,-0.9602910699364975,0.7560185254942141,0.9153236525642441,0.9251398773306401,FALSE,FALSE,NS,NS
REACTOME_INTERLEUKIN_17_SIGNALING,-1.426002527503653,0.24963916798099578,-0.5637586978357221,0.9997067020099607,FALSE,FALSE,NS,NS
REACTOME_INTERLEUKIN_1_FAMILY_SIGNALING,-0.8616396414233534,0.8727745228359185,-1.2786732328288937,0.4167318940849821,FALSE,FALSE,NS,NS
REACTOME_INTERLEUKIN_1_SIGNALING,-0.9907727079289376,0.6975525691821822,-1.5770192535337961,0.1324586977648202,FALSE,FALSE,NS,NS
REACTOME_INTRACELLULAR_SIGNALING_BY_SECOND_MESSENGERS,-1.3284842242172281,0.2216314853870852,-1.1707854605800923,0.5314040906995898,FALSE,FALSE,NS,NS
REACTOME_INTRA_GOLGI_AND_RETROGRADE_GOLGI_TO_ER_TRAFFIC,1.3647764154042648,0.2483923338201892,1.054998979228472,0.7202302007716959,FALSE,FALSE,NS,NS
REACTOME_INTRINSIC_PATHWAY_FOR_APOPTOSIS,0.7031463454694193,0.9518544878766553,0.8193649449979709,0.9619695826828284,FALSE,FALSE,NS,NS
REACTOME_ION_CHANNEL_TRANSPORT,-1.4993763364543655,0.1548036926502652,-1.0898374839632814,0.6946471281448174,FALSE,FALSE,NS,NS
REACTOME_ION_TRANSPORT_BY_P_TYPE_ATPASES,-1.6666059106646205,0.09666163934736254,-1.154508688383919,0.6226944612698668,FALSE,FALSE,NS,NS
REACTOME_IRE1ALPHA_ACTIVATES_CHAPERONES,0.8474843167268549,0.8580130408102364,1.2297749076493896,0.5298547606239914,FALSE,FALSE,NS,NS
REACTOME_IRON_UPTAKE_AND_TRANSPORT,1.7337591204837612,0.06259738050688894,1.4779006435896433,0.2469912643563243,FALSE,FALSE,NS,NS
REACTOME_KEAP1_NFE2L2_PATHWAY,1.0224553233033216,0.6541614155082893,-1.859703138210216,0.0178652084016716,FALSE,TRUE,Sig Training only,NS
REACTOME_MAPK1_MAPK3_SIGNALING,1.0619975780172803,0.6107921658926466,0.7469790278227452,0.9997067020099607,FALSE,FALSE,NS,NS
REACTOME_MAPK6_MAPK4_SIGNALING,0.53988865559745,0.9994556362544145,-1.2934871106552635,0.40015885402151496,FALSE,FALSE,NS,NS
REACTOME_MAPK_FAMILY_SIGNALING_CASCADES,1.1372650372682416,0.5084462654239147,0.7609765779335054,0.9997067020099607,FALSE,FALSE,NS,NS
REACTOME_MATURATION_OF_DENV_PROTEINS,0.7437834653544879,0.9386078021205928,0.8042247238473333,0.9731392274068927,FALSE,FALSE,NS,NS
REACTOME_METABOLISM_OF_NUCLEOTIDES,1.6607686150188636,0.06107974220462305,-1.5779664915171068,0.13580487804878047,FALSE,FALSE,NS,NS
REACTOME_METABOLISM_OF_POLYAMINES,-1.1083426897904904,0.5499532998813587,-1.2740805940664457,0.43985217381791936,FALSE,FALSE,NS,NS
REACTOME_METABOLISM_OF_STEROIDS,1.387904877145811,0.2722185768445611,-1.161227092823326,0.5948859142365754,FALSE,FALSE,NS,NS
REACTOME_METABOLISM_OF_VITAMINS_AND_COFACTORS,1.065940378603633,0.6112553699931245,-1.240917366572643,0.4587370513850312,FALSE,FALSE,NS,NS
REACTOME_METABOLISM_OF_WATER_SOLUBLE_VITAMINS_AND_COFACTORS,0.7320153648156776,0.9522654656041882,-1.2327365654486744,0.48694978092349167,FALSE,FALSE,NS,NS
REACTOME_MHC_CLASS_II_ANTIGEN_PRESENTATION,1.527029899424204,0.1265356645520656,1.5313871039109062,0.14613608247422682,FALSE,FALSE,NS,NS
REACTOME_MITF_M_REGULATED_MELANOCYTE_DEVELOPMENT,-1.1531801286566719,0.5003442959652953,0.770950862036155,0.9923127196857303,FALSE,FALSE,NS,NS
REACTOME_MITOCHONDRIAL_FATTY_ACID_BETA_OXIDATION,-1.575766134660961,0.14066708395773167,-0.7831082346706083,0.9831559397577471,FALSE,FALSE,NS,NS
REACTOME_MITOPHAGY,-0.9942661146683281,0.6904517449699267,-0.8307153657493414,0.954334373294618,FALSE,FALSE,NS,NS
REACTOME_MITOTIC_G1_PHASE_AND_G1_S_TRANSITION,-0.8786163077405255,0.8584913913185085,-1.4411646769479283,0.2310617068681585,FALSE,FALSE,NS,NS
REACTOME_MITOTIC_G2_G2_M_PHASES,0.4998795819607446,0.9995417994792042,-1.1051648446614324,0.6463887691644603,FALSE,FALSE,NS,NS
REACTOME_MITOTIC_METAPHASE_AND_ANAPHASE,-0.5949727174582818,0.9994556362544145,-1.6532853419779643,0.07053383621148888,FALSE,FALSE,NS,NS
REACTOME_MITOTIC_PROMETAPHASE,-0.9567266893609705,0.7419247990511879,-1.0347808963572367,0.7448407853507493,FALSE,FALSE,NS,NS
REACTOME_MITOTIC_PROPHASE,-1.039934330647508,0.6339222943528899,-1.2659196952544844,0.46923685616804367,FALSE,FALSE,NS,NS
REACTOME_MITOTIC_SPINDLE_CHECKPOINT,-1.2712592083281387,0.37785577651856933,-0.8453958537353058,0.954334373294618,FALSE,FALSE,NS,NS
REACTOME_MRNA_3_END_PROCESSING,1.6824194599426263,0.06080960501269035,1.2202492322779308,0.5029408521196066,FALSE,FALSE,NS,NS
REACTOME_MRNA_POLYADENYLATION,1.6265578071685642,0.07864628269028921,1.280121220748019,0.42728524551740305,FALSE,FALSE,NS,NS
REACTOME_MRNA_SPLICING,1.5148830932006125,0.13390524161813316,1.2271055160805073,0.4822185163749027,FALSE,FALSE,NS,NS
REACTOME_MTOR_SIGNALLING,0.5225364615085684,0.9994556362544145,-1.4547893685339326,0.29090193553003474,FALSE,FALSE,NS,NS
REACTOME_MUSCLE_CONTRACTION,-0.9802791421027186,0.7244101453878774,1.72553168043595,0.05254725593824091,FALSE,FALSE,NS,NS
REACTOME_MYD88_INDEPENDENT_TLR4_CASCADE,-1.2453446388077782,0.39309311245044637,-0.7574323168422328,0.9946143150199339,FALSE,FALSE,NS,NS
REACTOME_M_PHASE,-0.7168615320298775,0.9994556362544145,-1.6346814505880631,0.0640197829272211,FALSE,FALSE,NS,NS
REACTOME_NEDDYLATION,-1.0416144259455236,0.6227381612401542,-1.719754972770605,0.04671942240203011,FALSE,TRUE,Sig Training only,NS
REACTOME_NEGATIVE_REGULATION_OF_MAPK_PATHWAY,-0.542816778251783,0.9994556362544145,-1.354928106648245,0.4074238719715493,FALSE,FALSE,NS,NS
REACTOME_NEGATIVE_REGULATION_OF_NOTCH4_SIGNALING,-0.9156565373645242,0.7976135865991051,-1.4011998738668479,0.2795028740096318,FALSE,FALSE,NS,NS
REACTOME_NEURONAL_SYSTEM,1.1009791759126804,0.5598971072178044,0.54619682066572794,0.9997067020099607,FALSE,FALSE,NS,NS
REACTOME_NEUROTRANSMITTER_RECEPTORS_AND_POSTSYNAPTIC_SIGNAL_TRANSMISSION,1.1254831703918213,0.5491398605870692,0.7820143308578914,0.9923127196857303,FALSE,FALSE,NS,NS
REACTOME_NON_INTEGRIN_MEMBRANE_ECM_INTERACTIONS,0.9002466457158218,0.8042365799153793,-1.1100860534413521,0.6788118374119447,FALSE,FALSE,NS,NS
REACTOME_NUCLEAR_ENVELOPE_NE_REASSEMBLY,1.2676922504654415,0.4069365114235501,-1.3618441358176405,0.3689000786782062,FALSE,FALSE,NS,NS
REACTOME_NUCLEOTIDE_EXCISION_REPAIR,0.8687245344171926,0.8474106664985018,-2.0277496126091448,0.015896983948062094,FALSE,TRUE,Sig Training only,NS
REACTOME_ONCOGENIC_MAPK_SIGNALING,1.295069761205343,0.36395967433794785,1.4784887496256616,0.21627439445175448,FALSE,FALSE,NS,NS
REACTOME_OPIOID_SIGNALLING,0.8269262614511984,0.8771389334554036,0.7358614242570033,0.9997067020099607,FALSE,FALSE,NS,NS
REACTOME_ORC1_REMOVAL_FROM_CHROMATIN,-1.0588372613279606,0.6162027088699125,-1.5195299168903544,0.17885605608617983,FALSE,FALSE,NS,NS
REACTOME_ORGANELLE_BIOGENESIS_AND_MAINTENANCE,-1.114029935188743,0.5084462654239147,0.7433562126947038,0.9997067020099607,FALSE,FALSE,NS,NS
REACTOME_P53_DEPENDENT_G1_DNA_DAMAGE_RESPONSE,-1.0070252313993078,0.6690576788754041,-1.6092770240374688,0.13580487804878047,FALSE,FALSE,NS,NS
REACTOME_PCP_CE_PATHWAY,0.8420618858631216,0.8762682837299779,-1.1201209536411472,0.6462372419602139,FALSE,FALSE,NS,NS
REACTOME_PEROXISOMAL_PROTEIN_IMPORT,-1.1278461886843585,0.5491398605870692,-0.9061862941348459,0.9002448284115137,FALSE,FALSE,NS,NS
REACTOME_PHASE_II_CONJUGATION_OF_COMPOUNDS,1.006243557770699,0.6779955458983793,-1.7523399616517348,0.07986640103129028,FALSE,FALSE,NS,NS
REACTOME_PHASE_I_FUNCTIONALIZATION_OF_COMPOUNDS,0.6575600179480878,0.978854247382895,-1.27191758802424,0.468702789515779,FALSE,FALSE,NS,NS
REACTOME_PHOSPHOLIPID_METABOLISM,-0.9491828568620727,0.7491474527734725,-1.2453138712630099,0.5044925852210628,FALSE,FALSE,NS,NS
REACTOME_PKR_MEDIATED_SIGNALING,-0.9447125857596904,0.7558376898182724,0.5553684180820196,0.9997067020099607,FALSE,FALSE,NS,NS
REACTOME_PLATELET_HOMEOSTASIS,1.1303878149802429,0.5491398605870692,-1.0510640329168948,0.7422563393204854,FALSE,FALSE,NS,NS
REACTOME_POTENTIAL_THERAPEUTICS_FOR_SARS,0.7347931336234159,0.9386078021205928,-0.9902489091150054,0.8223696580825468,FALSE,FALSE,NS,NS
REACTOME_PROCESSING_OF_CAPPED_INTRON_CONTAINING_PRE_MRNA,1.5666553886616486,0.09232142857142857,1.203884901410909,0.507168182518884,FALSE,FALSE,NS,NS
REACTOME_PROGRAMMED_CELL_DEATH,0.8524423428650754,0.8889780211229248,-0.7263725906865084,0.9997067020099607,FALSE,FALSE,NS,NS
REACTOME_PROTEASOME_ASSEMBLY,0.8231830250322562,0.8960580798744491,-1.7550340760887604,0.0786650086834249,FALSE,FALSE,NS,NS
REACTOME_PROTEIN_FOLDING,1.0820355658086847,0.6017732389905298,-1.098148907431724,0.6720962497180701,FALSE,FALSE,NS,NS
REACTOME_PROTEIN_LOCALIZATION,-1.5566976604056282,0.06560414899313516,0.6819376923831616,0.9997067020099607,FALSE,FALSE,NS,NS
REACTOME_PROTEIN_UBIQUITINATION,0.890863271155877,0.8051972743847164,-1.464820195690024,0.27814038531210306,FALSE,FALSE,NS,NS
REACTOME_PTEN_REGULATION,-1.036276636869732,0.6339222943528899,-1.3147497378528694,0.3775321708446696,FALSE,FALSE,NS,NS
REACTOME_RAB_GEFS_EXCHANGE_GTP_FOR_GDP_ON_RABS,1.447210645623445,0.24963916798099578,-1.1898836618544166,0.5767774096219844,FALSE,FALSE,NS,NS
REACTOME_RAB_GERANYLGERANYLATION,1.0265062352013044,0.659817114278332,-1.4520341625277455,0.3003221467006514,FALSE,FALSE,NS,NS
REACTOME_RAB_REGULATION_OF_TRAFFICKING,1.2116058688015277,0.4676482371794872,-0.9827865954346738,0.8286059547186602,FALSE,FALSE,NS,NS
REACTOME_RAC2_GTPASE_CYCLE,1.3141436852015322,0.37138440093140174,0.9533257782434336,0.8552815475273675,FALSE,FALSE,NS,NS
REACTOME_RAC3_GTPASE_CYCLE,1.557904678533368,0.1548036926502652,-0.7486632834296837,0.9923127196857303,FALSE,FALSE,NS,NS
REACTOME_RAF_ACTIVATION,-0.9828198911386257,0.705248604317451,1.2461581528934744,0.5123691093678927,FALSE,FALSE,NS,NS
REACTOME_RECRUITMENT_OF_MITOTIC_CENTROSOME_PROTEINS_AND_COMPLEXES,0.6606910707446259,0.9722650164562054,0.7627444035701907,0.9914057101692175,FALSE,FALSE,NS,NS
REACTOME_RECRUITMENT_OF_NUMA_TO_MITOTIC_CENTROSOMES,0.9922222797208492,0.6920523083501701,0.6704233729175811,0.9997067020099607,FALSE,FALSE,NS,NS
REACTOME_REGULATION_OF_APOPTOSIS,-1.0962137277883603,0.5675834813039194,-1.5163758840694501,0.18507530925522644,FALSE,FALSE,NS,NS
REACTOME_REGULATION_OF_CDH1_FUNCTION,-0.5982057584241959,0.9994556362544145,-1.022711709913828,0.7694422735537169,FALSE,FALSE,NS,NS
REACTOME_REGULATION_OF_CDH1_POSTTRANSLATIONAL_PROCESSING_AND_TRAFFICKING_TO_PLASMA_MEMBRANE,-1.1316286154417337,0.551766865451488,1.277347872312083,0.4822185163749027,FALSE,FALSE,NS,NS
REACTOME_REGULATION_OF_EXPRESSION_OF_SLITS_AND_ROBOS,-1.2467754330352363,0.264156075326058,1.159967774305513,0.507168182518884,FALSE,FALSE,NS,NS
REACTOME_REGULATION_OF_HOMOTYPIC_CELL_CELL_ADHESION,-0.7633417085055509,0.9764161472219287,1.0924643541145227,0.6494856732016385,FALSE,FALSE,NS,NS
REACTOME_REGULATION_OF_HSF1_MEDIATED_HEAT_SHOCK_RESPONSE,-0.6147443344073135,0.9992750875409993,0.800050467589605,0.9756569488787576,FALSE,FALSE,NS,NS
REACTOME_REGULATION_OF_INSULIN_SECRETION,1.3204294702961121,0.36938424548212606,0.8779615319840957,0.9251508953538248,FALSE,FALSE,NS,NS
REACTOME_REGULATION_OF_MRNA_STABILITY_BY_PROTEINS_THAT_BIND_AU_RICH_ELEMENTS,-0.5308033511933612,0.9994556362544145,-1.151375125397907,0.5869287797763734,FALSE,FALSE,NS,NS
REACTOME_REGULATION_OF_ORNITHINE_DECARBOXYLASE_ODC,-1.0232714165831869,0.6541614155082893,-1.6258709753830565,0.13024154454264086,FALSE,FALSE,NS,NS
REACTOME_REGULATION_OF_PD_L1_CD274_EXPRESSION,-1.2874191698013455,0.28403371631910007,-1.3729999874951673,0.2589097059588863,FALSE,FALSE,NS,NS
REACTOME_REGULATION_OF_PD_L1_CD274_POST_TRANSLATIONAL_MODIFICATION,-1.222142439261252,0.37604161605036257,-1.4066919721694684,0.24201956630536875,FALSE,FALSE,NS,NS
REACTOME_REGULATION_OF_PLK1_ACTIVITY_AT_G2_M_TRANSITION,0.603658374855017,0.9959710390944394,0.7264262399910368,0.9997067020099607,FALSE,FALSE,NS,NS
REACTOME_REGULATION_OF_PTEN_STABILITY_AND_ACTIVITY,-1.314359612305217,0.2958599731628384,-1.5383618175623586,0.15661651852034242,FALSE,FALSE,NS,NS
REACTOME_REGULATION_OF_RAS_BY_GAPS,-0.8979818919594361,0.8212128516184146,-1.6886197832438319,0.11206097309249172,FALSE,FALSE,NS,NS
REACTOME_REGULATION_OF_RUNX2_EXPRESSION_AND_ACTIVITY,-1.1111022329844908,0.5478733259685641,-1.5394732417270964,0.15839595829442635,FALSE,FALSE,NS,NS
REACTOME_REGULATION_OF_RUNX3_EXPRESSION_AND_ACTIVITY,-0.9325831878322389,0.7786417044236067,-1.6628303012277659,0.1212425157047507,FALSE,FALSE,NS,NS
REACTOME_REGULATION_OF_TP53_ACTIVITY,-1.588113996991922,0.13395854563135925,-1.3819405551875248,0.35074178500823405,FALSE,FALSE,NS,NS
REACTOME_REGULATION_OF_T_CELL_ACTIVATION_BY_CD28_FAMILY,-1.1226882050729952,0.48967832888673296,-1.2621852193932597,0.381181371381033,FALSE,FALSE,NS,NS
REACTOME_RESOLUTION_OF_SISTER_CHROMATID_COHESION,-0.7939907330850858,0.9151388832260546,-0.8507417729662611,0.9529795838038508,FALSE,FALSE,NS,NS
REACTOME_RESPONSE_TO_ELEVATED_PLATELET_CYTOSOLIC_CA2,1.6594705810805641,0.06107974220462305,1.1534862392598786,0.5871907989404027,FALSE,FALSE,NS,NS
REACTOME_RHOA_GTPASE_CYCLE,1.3744985560605425,0.29042575503355705,1.4890667745383483,0.23123561963011505,FALSE,FALSE,NS,NS
REACTOME_RHOBTB2_GTPASE_CYCLE,0.7757796950211227,0.9053395188146145,0.8986036783371484,0.9029879224810999,FALSE,FALSE,NS,NS
REACTOME_RHOBTB_GTPASE_CYCLE,0.8319804912991412,0.872573562413915,-0.906951084081813,0.9029879224810999,FALSE,FALSE,NS,NS
REACTOME_RHOG_GTPASE_CYCLE,1.428363818077787,0.23372678619832468,0.6757631086715425,0.9997067020099607,FALSE,FALSE,NS,NS
REACTOME_RHOH_GTPASE_CYCLE,1.3219137132755643,0.36894107471891097,0.5701579101824343,0.9997067020099607,FALSE,FALSE,NS,NS
REACTOME_RHO_GTPASES_ACTIVATE_FORMINS,0.9313300780744149,0.7734123201234736,0.8529374297077282,0.9595207086240245,FALSE,FALSE,NS,NS
REACTOME_RHO_GTPASES_ACTIVATE_PAKS,1.415083572052161,0.2774457398165665,1.6208297302328145,0.16800042680324373,FALSE,FALSE,NS,NS
REACTOME_RHO_GTPASES_ACTIVATE_PKNS,1.5356518890626134,0.16731391585760516,1.9233754197090502,0.043006098870728066,FALSE,TRUE,Sig Training only,NS
REACTOME_RHO_GTPASE_CYCLE,1.532230804043816,0.07453878806660284,1.350399325134313,0.23622701943749724,FALSE,FALSE,NS,NS
REACTOME_RHO_GTPASE_EFFECTORS,1.596587462929134,0.057627171725871236,1.721402531082147,0.03473155031842307,FALSE,TRUE,Sig Training only,NS
REACTOME_RIBOSOME_ASSOCIATED_QUALITY_CONTROL,-1.1235446758260679,0.46029555087146706,1.2147611171945476,0.4091236635308267,FALSE,FALSE,NS,NS
REACTOME_RIBOSOME_QUALITY_CONTROL_RQC_COMPLEX_EXTRACTS_AND_DEGRADES_NASCENT_PEPTIDE,-0.8431749883873176,0.9216939229629685,1.2149465618849864,0.4384379202089621,FALSE,FALSE,NS,NS
REACTOME_RRNA_PROCESSING,-1.018451326323939,0.656140986711973,1.7960102776936604,0.01998922649735661,FALSE,TRUE,Sig Training only,NS
REACTOME_RUNX1_REGULATES_TRANSCRIPTION_OF_GENES_INVOLVED_IN_DIFFERENTIATION_OF_HSCS,-0.9725483337037762,0.721014254480845,-1.6149940876902849,0.13024154454264086,FALSE,FALSE,NS,NS
REACTOME_SARS_COV_1_HOST_INTERACTIONS,1.0292870763919655,0.6460361374262771,1.1431290029760601,0.5709281395173373,FALSE,FALSE,NS,NS
REACTOME_SARS_COV_1_MODULATES_HOST_TRANSLATION_MACHINERY,-1.0336395049704545,0.6382701087238533,1.041543091011843,0.743211806445367,FALSE,FALSE,NS,NS
REACTOME_SARS_COV_2_ACTIVATES_MODULATES_INNATE_AND_ADAPTIVE_IMMUNE_RESPONSES,0.945977843987672,0.7475149428274429,1.0447053624701321,0.743211806445367,FALSE,FALSE,NS,NS
REACTOME_SARS_COV_2_HOST_INTERACTIONS,0.7022573296154696,0.9901609870743234,1.2188063111244742,0.45076209044421284,FALSE,FALSE,NS,NS
REACTOME_SARS_COV_2_MODULATES_HOST_TRANSLATION_MACHINERY,-1.3640120840044099,0.23989714734256842,1.009675963305001,0.7954008072261852,FALSE,FALSE,NS,NS
REACTOME_SCF_BETA_TRCP_MEDIATED_DEGRADATION_OF_EMI1,-1.0588372613279606,0.6162027088699125,-1.5195299168903544,0.17885605608617983,FALSE,FALSE,NS,NS
REACTOME_SCF_SKP2_MEDIATED_DEGRADATION_OF_P27_P21,-1.0588372613279606,0.6162027088699125,-1.5195299168903544,0.17885605608617983,FALSE,FALSE,NS,NS
REACTOME_SELECTIVE_AUTOPHAGY,0.6189059488155666,0.9994556362544145,-0.5830351276057073,0.9997067020099607,FALSE,FALSE,NS,NS
REACTOME_SEMAPHORIN_INTERACTIONS,1.5696474546149195,0.14525677349387878,1.8102722017750432,0.07826907301066448,FALSE,FALSE,NS,NS
REACTOME_SEPARATION_OF_SISTER_CHROMATIDS,-0.8563766250171698,0.8984648050821112,-1.4287799250277762,0.20531799954289515,FALSE,FALSE,NS,NS
REACTOME_SIGNALING_BY_BRAF_AND_RAF1_FUSIONS,1.324705044876833,0.3350695314156196,1.3946373792418056,0.3163542070281065,FALSE,FALSE,NS,NS
REACTOME_SIGNALING_BY_HEDGEHOG,-0.6567073810362483,0.9994556362544145,-1.607937828612308,0.12358381403060342,FALSE,FALSE,NS,NS
REACTOME_SIGNALING_BY_MET,1.6371177529261964,0.09877207807248996,0.748102422614937,0.9923127196857303,FALSE,FALSE,NS,NS
REACTOME_SIGNALING_BY_MODERATE_KINASE_ACTIVITY_BRAF_MUTANTS,1.4304970496203993,0.26232353079123866,1.375410427604382,0.3545278483319607,FALSE,FALSE,NS,NS
REACTOME_SIGNALING_BY_NOTCH,-0.8291182795125128,0.9070673170528416,-1.3708356327202438,0.3038374546008134,FALSE,FALSE,NS,NS
REACTOME_SIGNALING_BY_NOTCH4,-0.9156565373645242,0.7976135865991051,-1.4011998738668479,0.2795028740096318,FALSE,FALSE,NS,NS
REACTOME_SIGNALING_BY_NTRKS,1.1764662628419071,0.49429953115412345,-0.6642136437307815,0.9997067020099607,FALSE,FALSE,NS,NS
REACTOME_SIGNALING_BY_NUCLEAR_RECEPTORS,1.4422947116094447,0.1857914843308865,0.5080500005393488,0.9997067020099607,FALSE,FALSE,NS,NS
REACTOME_SIGNALING_BY_ROBO_RECEPTORS,-1.1205392478866625,0.44576775941608626,1.0362663324100836,0.7265935178668933,FALSE,FALSE,NS,NS
REACTOME_SIGNALING_BY_TGFB_FAMILY_MEMBERS,1.1395511161540808,0.5452253740720917,0.938263933344674,0.8743329720772385,FALSE,FALSE,NS,NS
REACTOME_SIGNALING_BY_TGF_BETA_RECEPTOR_COMPLEX,0.945079363765194,0.7544635632681466,1.0531596635519656,0.7275283745439804,FALSE,FALSE,NS,NS
REACTOME_SIGNALING_BY_THE_B_CELL_RECEPTOR_BCR,-0.7128500269199397,0.985239553545883,-1.663004696742939,0.10262935967712788,FALSE,FALSE,NS,NS
REACTOME_SIGNALING_BY_VEGF,0.9768175179229687,0.7090197571285688,0.872654587896111,0.930356361196507,FALSE,FALSE,NS,NS
REACTOME_SIGNALING_BY_WNT,1.0780823608772707,0.5826491545704923,-0.9000638424974571,0.9418099402147634,FALSE,FALSE,NS,NS
REACTOME_SLC_MEDIATED_TRANSMEMBRANE_TRANSPORT,1.3826192916155662,0.3066862013851891,0.7315461144392073,0.9923127196857303,FALSE,FALSE,NS,NS
REACTOME_SMOOTH_MUSCLE_CONTRACTION,1.7547521303876514,0.052864583333333326,1.8867820345854691,0.058488544449123485,FALSE,FALSE,NS,NS
REACTOME_SOMITOGENESIS,-1.0232714165831869,0.6541614155082893,-1.6258709753830565,0.13024154454264086,FALSE,FALSE,NS,NS
REACTOME_SPOP_MEDIATED_PROTEASOMAL_DEGRADATION_OF_PD_L1_CD274,-1.2503826283120296,0.37604161605036257,-1.6282986817902518,0.13024154454264086,FALSE,FALSE,NS,NS
REACTOME_STABILIZATION_OF_P53,-1.0070252313993078,0.6690576788754041,-1.6092770240374688,0.13580487804878047,FALSE,FALSE,NS,NS
REACTOME_STRIATED_MUSCLE_CONTRACTION,1.1710141948292458,0.5066394161932475,2.3315212715183264,7.125746472759437e-4,FALSE,TRUE,Sig Training only,NS
REACTOME_SWITCHING_OF_ORIGINS_TO_A_POST_REPLICATIVE_STATE,-1.1526023238656433,0.5084462654239147,-1.5792010796475242,0.13580487804878047,FALSE,FALSE,NS,NS
REACTOME_SYNTHESIS_OF_DNA,-0.9763417111721459,0.7147084756649441,-1.6340803316583412,0.12186639617446747,FALSE,FALSE,NS,NS
REACTOME_S_PHASE,-1.0496133881028433,0.6162027088699125,-1.5857111702399183,0.13024154454264086,FALSE,FALSE,NS,NS
REACTOME_TCF_DEPENDENT_SIGNALING_IN_RESPONSE_TO_WNT,-1.0249538951006252,0.6541614155082893,-1.3136068350857204,0.36502099947288774,FALSE,FALSE,NS,NS
REACTOME_TCR_SIGNALING,-0.9482035530714406,0.7544635632681466,-1.6322990067296395,0.11447594643198272,FALSE,FALSE,NS,NS
REACTOME_THE_ROLE_OF_GTSE1_IN_G2_M_PROGRESSION_AFTER_G2_CHECKPOINT,0.5517332126926958,0.9994556362544145,-1.4338087647425193,0.2465935787000783,FALSE,FALSE,NS,NS
REACTOME_TNFR2_NON_CANONICAL_NF_KB_PATHWAY,-1.0824083405414897,0.582206538984349,-1.5878390995387242,0.13580487804878047,FALSE,FALSE,NS,NS
REACTOME_TOLL_LIKE_RECEPTOR_9_TLR9_CASCADE,-1.2437931159476925,0.39309311245044637,-0.6335435978074357,0.9997067020099607,FALSE,FALSE,NS,NS
REACTOME_TOLL_LIKE_RECEPTOR_CASCADES,-0.9997126368079171,0.6854777947602952,0.6074947201093085,0.9997067020099607,FALSE,FALSE,NS,NS
REACTOME_TOLL_LIKE_RECEPTOR_TLR1_TLR2_CASCADE,-1.152352469868887,0.5003442959652953,-0.7048972985759259,0.9997067020099607,FALSE,FALSE,NS,NS
REACTOME_TP53_REGULATES_METABOLIC_GENES,0.7758030054527716,0.9278277147763666,0.699610023517924,0.9997067020099607,FALSE,FALSE,NS,NS
REACTOME_TRANSCRIPTIONAL_AND_POST_TRANSLATIONAL_REGULATION_OF_MITF_M_EXPRESSION_AND_ACTIVITY,-1.4804310841670558,0.20795402532675583,0.7304273528644898,0.9997067020099607,FALSE,FALSE,NS,NS
REACTOME_TRANSCRIPTIONAL_REGULATION_BY_RUNX1,-0.8455087265621378,0.8938040600176522,-1.494789803215536,0.18286333496736243,FALSE,FALSE,NS,NS
REACTOME_TRANSCRIPTIONAL_REGULATION_BY_RUNX2,-0.8630835969042796,0.8736992539655368,-1.2202123071715147,0.49244221928789095,FALSE,FALSE,NS,NS
REACTOME_TRANSCRIPTIONAL_REGULATION_BY_RUNX3,-0.788975425209578,0.9268559098101056,-1.6657000742587575,0.1212425157047507,FALSE,FALSE,NS,NS
REACTOME_TRANSCRIPTIONAL_REGULATION_BY_TP53,-0.9756798720330913,0.7290547130005572,-0.7449767674448166,0.9997067020099607,FALSE,FALSE,NS,NS
REACTOME_TRANSCRIPTION_COUPLED_NUCLEOTIDE_EXCISION_REPAIR_TC_NER,-1.1439412063802308,0.5462069369499748,-1.6846305055854136,0.13384872219456775,FALSE,FALSE,NS,NS
REACTOME_TRANSLATION_OF_SARS_COV_2_STRUCTURAL_PROTEINS,-0.659048289422299,0.9764161472219287,0.9861802110489413,0.8248539083343747,FALSE,FALSE,NS,NS
REACTOME_TRANSLOCATION_OF_SLC2A4_GLUT4_TO_THE_PLASMA_MEMBRANE,1.4370468752434957,0.21465941101152367,0.8668875005031588,0.9441330635794205,FALSE,FALSE,NS,NS
REACTOME_TRANSMISSION_ACROSS_CHEMICAL_SYNAPSES,0.8657502820095223,0.8688416597851255,0.5384740534137504,0.9997067020099607,FALSE,FALSE,NS,NS
REACTOME_TRANSPORT_TO_THE_GOLGI_AND_SUBSEQUENT_MODIFICATION,1.3091889779408632,0.29042575503355705,1.3597523267594456,0.2591300335445599,FALSE,FALSE,NS,NS
REACTOME_UBIQUITIN_DEPENDENT_DEGRADATION_OF_CYCLIN_D,-1.014344511739592,0.658282669102813,-1.6441166461020456,0.13024154454264086,FALSE,FALSE,NS,NS
REACTOME_UBIQUITIN_MEDIATED_DEGRADATION_OF_PHOSPHORYLATED_CDC25A,-1.1661966739210672,0.477449608374794,-1.4741625999331869,0.19828811804596067,FALSE,FALSE,NS,NS
REACTOME_UB_SPECIFIC_PROCESSING_PROTEASES,-0.6033319741551592,0.9994556362544145,-1.454416750576674,0.19839199598573554,FALSE,FALSE,NS,NS
REACTOME_UCH_PROTEINASES,0.5333078006280737,0.9994556362544145,-1.5020264095187472,0.19209733153341313,FALSE,FALSE,NS,NS
REACTOME_UNFOLDED_PROTEIN_RESPONSE_UPR,0.8187766979012132,0.8819537533512065,1.4435709069767708,0.2707086251685245,FALSE,FALSE,NS,NS
REACTOME_VIF_MEDIATED_DEGRADATION_OF_APOBEC3G,-1.3290186616946138,0.28592176115978335,-1.5872500764260828,0.13580487804878047,FALSE,FALSE,NS,NS
