gene,logFC_Training_CRE,logFC_Training_PLA,pi_score_CRE,pi_score_PLA,pi_score_Interaction,significance,quadrant,imputed
CD248,1.0842,-2.7873,0.021915,0,0,Interaction,Discordant (CRE Up / PLA Down),TRUE
CAV2,1.6336,-2.026,0.002059,4.01e-4,0,Interaction,Discordant (CRE Up / PLA Down),TRUE
KRT19,0.7622,-2.632,0.311288,0,0,Interaction,Discordant (CRE Up / PLA Down),TRUE
EML4,-0.9983,2.282,0.105329,2.81e-4,0,Interaction,Discordant (CRE Down / PLA Up),TRUE
AHNAK2,2.1243,-1.0816,0,0.08185,0,Interaction,Discordant (CRE Up / PLA Down),TRUE
KRT8,1.6296,-1.5558,0.030818,0.021053,9e-6,Interaction,Discordant (CRE Up / PLA Down),TRUE
AOX1,0.7798,-2.3178,0.263589,3.1e-5,0,Interaction,Discordant (CRE Up / PLA Down),TRUE
TUBB4A,0.3202,-2.5858,0.765452,0,0,Interaction,Discordant (CRE Up / PLA Down),TRUE
RETSAT,-0.5162,-2.2877,0.658392,7.3e-5,0.022854,Interaction,Concordant Down,TRUE
HGH1,-1.6963,1.0385,4.4e-5,0.105847,1e-6,Interaction,Discordant (CRE Down / PLA Up),TRUE
SDR39U1,-1.0029,1.7163,0.058616,2.5e-5,0,Interaction,Discordant (CRE Down / PLA Up),TRUE
CES1,-0.0914,-2.5913,0.992373,2.1e-5,0.001502,Interaction,Concordant Down,TRUE
TMEM70,-0.2022,2.4381,0.945959,4e-5,1.23e-4,Interaction,Discordant (CRE Down / PLA Up),TRUE
ATL3,0.3041,-2.2747,0.800244,0,0,Interaction,Discordant (CRE Up / PLA Down),TRUE
HBA1,0.6863,-1.8916,0.590271,0.00452,7.86e-4,Interaction,Discordant (CRE Up / PLA Down),FALSE
PRKAR2B,-0.063,-2.4856,0.992572,0,0,Interaction,Concordant Down,TRUE
FCGRT,1.023,-1.5233,0.068157,0.009651,1.3e-5,Interaction,Discordant (CRE Up / PLA Down),TRUE
HNMT,0.8775,-1.6628,0.039854,3e-6,0,Interaction,Discordant (CRE Up / PLA Down),TRUE
FASN,0.3568,-2.1561,0.834574,9e-6,3e-5,Interaction,Discordant (CRE Up / PLA Down),TRUE
COL6A2,0.8997,-1.6028,0.18282,0.002144,9e-6,Interaction,Discordant (CRE Up / PLA Down),TRUE
PALM,0.3811,-2.0878,0.614669,0,0,Interaction,Discordant (CRE Up / PLA Down),TRUE
MYL3,-0.5784,1.8815,0.631762,8.44e-4,2.11e-4,Interaction,Discordant (CRE Down / PLA Up),FALSE
FABP4,0.7375,-1.708,0.539115,0.014961,0.001892,Interaction,Discordant (CRE Up / PLA Down),FALSE
HBB,0.5492,-1.8052,0.729032,0.00885,0.003587,Interaction,Discordant (CRE Up / PLA Down),FALSE
ALYREF,0.7289,-1.5955,0.272247,0.007179,1.39e-4,Interaction,Discordant (CRE Up / PLA Down),TRUE
COL4A2,1.0997,-1.2243,0.148132,0.081941,8.33e-4,Interaction,Discordant (CRE Up / PLA Down),TRUE
VCAN,0.8689,-1.4421,0.121893,0.002351,4e-6,Interaction,Discordant (CRE Up / PLA Down),TRUE
GGT5,0.6616,-1.6097,0.057438,0,0,Interaction,Discordant (CRE Up / PLA Down),TRUE
TNKS1BP1,0.5256,-1.7345,0.54645,5.28e-4,5e-5,Interaction,Discordant (CRE Up / PLA Down),TRUE
MRPL13,0.3599,1.8526,0.676764,1.04e-4,0.009848,Interaction,Concordant Up,TRUE
TIMM8A,-0.8933,1.3137,0.062614,0.003494,2e-6,Interaction,Discordant (CRE Down / PLA Up),TRUE
ACTN3,1.4066,-0.7779,0.031442,0.502283,0.004805,Interaction,Discordant (CRE Up / PLA Down),TRUE
CKAP4,1.373,-0.806,0.001819,0.284072,6.6e-5,Interaction,Discordant (CRE Up / PLA Down),TRUE
BASP1,1.5005,-0.6758,0.006224,0.472244,6.25e-4,Interaction,Discordant (CRE Up / PLA Down),TRUE
DBN1,1.0366,-1.1304,0.014044,0.005161,0,Interaction,Discordant (CRE Up / PLA Down),TRUE
OVCA2,-0.7016,1.4506,0.130656,0.011993,8.7e-5,Interaction,Discordant (CRE Down / PLA Up),TRUE
HBG2,0.9474,-1.1936,0.376977,0.170841,0.014368,Interaction,Discordant (CRE Up / PLA Down),TRUE
ADIRF,0.0275,-2.1071,0.999246,1.32e-4,0.003563,Interaction,Discordant (CRE Up / PLA Down),TRUE
G3BP2,-0.0968,2.0231,0.985197,4.1e-5,3.14e-4,Interaction,Discordant (CRE Down / PLA Up),TRUE
MYH2,-0.2906,1.8066,0.893667,9.39e-4,0.001726,Interaction,Discordant (CRE Down / PLA Up),TRUE
COL14A1,1.8469,-0.2344,5.1e-5,0.917054,2.85e-4,Interaction,Discordant (CRE Up / PLA Down),TRUE
GOSR2,-0.8437,1.2335,0.095239,0.002286,3e-6,Interaction,Discordant (CRE Down / PLA Up),TRUE
GPNMB,1.7283,-0.3031,0.001053,0.888606,0.002521,Interaction,Discordant (CRE Up / PLA Down),TRUE
NDUFA3,-0.6099,1.3995,0.539387,0.010265,0.001453,Interaction,Discordant (CRE Down / PLA Up),TRUE
S100A9,0.5596,-1.4436,0.599505,0.010357,0.001796,Interaction,Discordant (CRE Up / PLA Down),FALSE
ACADL,0.1961,-1.8,0.899607,3.38e-4,1.96e-4,Interaction,Discordant (CRE Up / PLA Down),TRUE
MRC1,1.2348,-0.7586,6.02e-4,0.121333,1e-6,Interaction,Discordant (CRE Up / PLA Down),TRUE
RPL35A,1.0375,-0.9555,0.004219,0.063102,6e-6,Interaction,Discordant (CRE Up / PLA Down),TRUE
COL6A1,1.0484,-0.9275,0.12042,0.235295,0.003387,Interaction,Discordant (CRE Up / PLA Down),TRUE
ADD3,1.0254,-0.9398,0.009158,0.020229,1e-6,Interaction,Discordant (CRE Up / PLA Down),TRUE
RAP1A,-0.7,1.2647,0.289764,0.014165,2.78e-4,Interaction,Discordant (CRE Down / PLA Up),TRUE
ALB,0.5625,-1.3876,0.679054,0.05052,0.014156,Interaction,Discordant (CRE Up / PLA Down),FALSE
NGLY1,-1.4267,0.4961,0.003745,0.511557,3.35e-4,Interaction,Discordant (CRE Down / PLA Up),TRUE
NUDT9,-0.6035,1.297,0.173516,0.002267,8e-6,Interaction,Discordant (CRE Down / PLA Up),TRUE
GNG2,0.1158,-1.7746,0.981857,3.67e-4,0.003017,Interaction,Discordant (CRE Up / PLA Down),TRUE
IPO9,-1.0376,0.8479,0.030485,0.065637,4.4e-5,Interaction,Discordant (CRE Down / PLA Up),TRUE
COL1A2,1.2558,-0.6291,0.122073,0.640329,0.030754,Interaction,Discordant (CRE Up / PLA Down),TRUE
MARCHF5,-0.2019,1.6816,0.917847,0.002781,0.002584,Interaction,Discordant (CRE Down / PLA Up),TRUE
SAMHD1,0.9472,-0.9346,0.019238,0.050114,1.6e-5,Interaction,Discordant (CRE Up / PLA Down),TRUE
TUBB2B,0.0757,-1.7676,0.992824,0.005742,0.01573,Interaction,Discordant (CRE Up / PLA Down),TRUE
UBE2F,-0.4083,1.431,0.609149,0.001201,1.38e-4,Interaction,Discordant (CRE Down / PLA Up),TRUE
MRC2,1.2459,-0.5707,5.22e-4,0.411957,5.9e-5,Interaction,Discordant (CRE Up / PLA Down),TRUE
HDGFL3,-0.0421,-1.76,0.997639,0.015332,0.041458,Interaction,Concordant Down,TRUE
ELAVL1,0.7102,-1.0914,0.040364,0.002453,1e-6,Interaction,Discordant (CRE Up / PLA Down),TRUE
CD276,1.2642,-0.5205,0.011528,0.575376,0.002302,Interaction,Discordant (CRE Up / PLA Down),TRUE
IL18,0.1047,1.6726,0.972078,2.14e-4,0.003085,Interaction,Concordant Up,TRUE
PVALB,0.5169,-1.2584,0.488278,0.101184,0.012221,Interaction,Discordant (CRE Up / PLA Down),TRUE
RCN3,1.4268,-0.3282,0.082564,0.852769,0.040012,Interaction,Discordant (CRE Up / PLA Down),TRUE
GNAQ,0.3081,-1.438,0.822479,0.002141,0.00181,Interaction,Discordant (CRE Up / PLA Down),TRUE
SFXN3,0.9564,-0.7756,0.002415,0.03583,1e-6,Interaction,Discordant (CRE Up / PLA Down),TRUE
DRG1,-0.1604,1.551,0.957112,1.39e-4,0.001615,Interaction,Discordant (CRE Down / PLA Up),TRUE
AHNAK,0.6382,-1.0708,0.424813,0.061062,0.004377,Interaction,Discordant (CRE Up / PLA Down),FALSE
CSTA,0.1364,-1.5371,0.969438,8.1e-4,0.004064,Interaction,Discordant (CRE Up / PLA Down),TRUE
MYL1,-0.0206,1.6488,0.99936,2.66e-4,0.004596,Interaction,Discordant (CRE Down / PLA Up),TRUE
CD58,0.6837,-0.9816,0.287595,0.033289,0.001176,Interaction,Discordant (CRE Up / PLA Down),TRUE
MICU2,-1.0925,0.5695,0.04466,0.553404,0.007804,Interaction,Discordant (CRE Down / PLA Up),TRUE
COL1A1,1.6452,-0.015,0.010732,0.999754,0.042277,Interaction,Discordant (CRE Up / PLA Down),TRUE
MYH7,-0.4841,1.1608,0.701202,0.083718,0.02536,Interaction,Discordant (CRE Down / PLA Up),TRUE
GNAI3,0.7764,-0.8685,0.037873,0.043894,4e-5,Interaction,Discordant (CRE Up / PLA Down),TRUE
CAVIN3,-0.0232,-1.6086,0.999279,0.00144,0.018338,Interaction,Concordant Down,TRUE
EMC2,1.2451,-0.3857,0.005278,0.748877,0.004162,Interaction,Discordant (CRE Up / PLA Down),TRUE
SLC25A4,-0.1881,1.4411,0.939408,0.001556,0.00442,Interaction,Discordant (CRE Down / PLA Up),FALSE
UGDH,0.9657,-0.6594,0.048944,0.356318,0.002698,Interaction,Discordant (CRE Up / PLA Down),TRUE
PLIN4,0.1,-1.5167,0.985192,0.001732,0.009822,Interaction,Discordant (CRE Up / PLA Down),FALSE
MAP1B,0.0695,-1.5364,0.986577,9e-6,1.13e-4,Interaction,Discordant (CRE Up / PLA Down),TRUE
SERPINH1,0.6789,-0.9251,0.401249,0.045788,0.005284,Interaction,Discordant (CRE Up / PLA Down),TRUE
TYMP,0.6171,-0.9815,0.348193,0.07341,0.003272,Interaction,Discordant (CRE Up / PLA Down),TRUE
APOC1,0.4921,-1.105,0.692225,0.113897,0.033653,Interaction,Discordant (CRE Up / PLA Down),TRUE
AGFG1,0.6154,-0.9785,0.445624,0.140352,0.014303,Interaction,Discordant (CRE Up / PLA Down),TRUE
RRBP1,0.3548,-1.2331,0.84673,0.032386,0.030375,Interaction,Discordant (CRE Up / PLA Down),TRUE
ACACA,-0.3417,1.2346,0.804202,0.015313,0.008912,Interaction,Discordant (CRE Down / PLA Up),FALSE
NRDC,-0.6379,0.937,0.209756,0.114748,0.003495,Interaction,Discordant (CRE Down / PLA Up),TRUE
NNMT,1.4075,-0.1622,8.06e-4,0.953111,0.004091,Interaction,Discordant (CRE Up / PLA Down),TRUE
PTGIS,0.8401,-0.7276,0.169861,0.324343,0.010304,Interaction,Discordant (CRE Up / PLA Down),TRUE
RHOG,0.5605,-0.9967,0.452609,0.0887,0.007484,Interaction,Discordant (CRE Up / PLA Down),TRUE
GARNL3,0.4309,-1.1232,0.622448,0.080078,0.015081,Interaction,Discordant (CRE Up / PLA Down),TRUE
NADK2,-0.2655,1.2853,0.723618,0.006176,0.001064,Interaction,Discordant (CRE Down / PLA Up),TRUE
RNF181,-0.7133,0.8335,0.222675,0.306364,0.018428,Interaction,Discordant (CRE Down / PLA Up),TRUE
B2M,0.5508,-0.9944,0.47155,0.053113,0.004754,Interaction,Discordant (CRE Up / PLA Down),FALSE
LCP1,0.7978,-0.7449,0.248277,0.322654,0.017074,Interaction,Discordant (CRE Up / PLA Down),FALSE
LRP1,0.7792,-0.7571,0.052492,0.117213,3.37e-4,Interaction,Discordant (CRE Up / PLA Down),TRUE
CD163,0.4357,-1.0987,0.623616,0.020869,0.004048,Interaction,Discordant (CRE Up / PLA Down),TRUE
LAMB1,0.4599,-1.0697,0.72517,0.041423,0.023322,Interaction,Discordant (CRE Up / PLA Down),TRUE
PSAP,0.3554,-1.1695,0.67883,0.001641,4.9e-4,Interaction,Discordant (CRE Up / PLA Down),FALSE
SLC16A3,0.4965,-1.0254,0.661044,0.154668,0.041108,Interaction,Discordant (CRE Up / PLA Down),TRUE
BDH1,-0.8494,0.6694,0.151294,0.352187,0.009692,Interaction,Discordant (CRE Down / PLA Up),TRUE
PEBP4,-0.1263,-1.3867,0.95163,0.004453,0.026978,Interaction,Concordant Down,TRUE
HDLBP,0.6663,-0.8435,0.220849,0.060301,0.001262,Interaction,Discordant (CRE Up / PLA Down),TRUE
HNRNPA3,0.2598,-1.2485,0.864018,0.004111,0.004442,Interaction,Discordant (CRE Up / PLA Down),FALSE
COL3A1,1.0401,-0.4659,0.16686,0.680638,0.046288,Interaction,Discordant (CRE Up / PLA Down),TRUE
PHGDH,0.6425,-0.862,0.489137,0.269399,0.042476,Interaction,Discordant (CRE Up / PLA Down),TRUE
BCAP31,0.5329,-0.9702,0.407672,0.021634,0.001199,Interaction,Discordant (CRE Up / PLA Down),TRUE
OSTF1,0.9071,-0.5916,0.023609,0.238841,3.87e-4,Interaction,Discordant (CRE Up / PLA Down),TRUE
MRPS27,-0.1909,1.3066,0.909821,0.00596,0.005044,Interaction,Discordant (CRE Down / PLA Up),TRUE
MRPS21,-0.8432,0.6515,0.102274,0.524829,0.028768,Interaction,Discordant (CRE Down / PLA Up),TRUE
SSPN,-0.7029,0.7908,0.252178,0.169398,0.005942,Interaction,Discordant (CRE Down / PLA Up),TRUE
CRIP1,0.3736,-1.1133,0.761407,0.047223,0.018071,Interaction,Discordant (CRE Up / PLA Down),TRUE
CARS2,-0.2896,1.1943,0.799046,0.013352,0.005391,Interaction,Discordant (CRE Down / PLA Up),TRUE
NT5E,0.5375,-0.9381,0.449194,0.086225,0.007488,Interaction,Discordant (CRE Up / PLA Down),TRUE
ACTB,0.7997,-0.6656,0.306329,0.477919,0.048898,Interaction,Discordant (CRE Up / PLA Down),FALSE
S100A4,0.4681,-0.9948,0.647133,0.087557,0.020729,Interaction,Discordant (CRE Up / PLA Down),FALSE
EYA3,-0.8786,0.5829,0.040201,0.283985,0.001266,Interaction,Discordant (CRE Down / PLA Up),TRUE
CNN1,-0.5172,0.9418,0.553375,0.098659,0.015824,Interaction,Discordant (CRE Down / PLA Up),TRUE
MUSTN1,-0.2913,1.1584,0.825158,0.014043,0.008342,Interaction,Discordant (CRE Down / PLA Up),TRUE
SLC25A6,-0.2613,1.1871,0.86966,0.010824,0.010316,Interaction,Discordant (CRE Down / PLA Up),FALSE
C11orf68,-0.3063,1.1339,0.581,6.3e-5,7e-6,Interaction,Discordant (CRE Down / PLA Up),TRUE
ARPC1B,0.7167,-0.7182,0.162753,0.205238,0.004018,Interaction,Discordant (CRE Up / PLA Down),TRUE
G6PD,0.4382,-0.994,0.553002,0.023056,0.002836,Interaction,Discordant (CRE Up / PLA Down),TRUE
MAPK14,-0.4261,1.0039,0.493163,0.011352,8.59e-4,Interaction,Discordant (CRE Down / PLA Up),TRUE
MRPS17,-1.0044,0.4234,0.050112,0.690144,0.016201,Interaction,Discordant (CRE Down / PLA Up),TRUE
MTIF2,-0.315,1.1123,0.758601,0.145598,0.048853,Interaction,Discordant (CRE Down / PLA Up),TRUE
DHRS7C,-0.4114,1.0131,0.582853,0.014022,0.001995,Interaction,Discordant (CRE Down / PLA Up),TRUE
PTBP1,0.8197,-0.6047,0.151904,0.443294,0.016431,Interaction,Discordant (CRE Up / PLA Down),TRUE
SNX9,0.3668,-1.0553,0.735036,0.090291,0.027059,Interaction,Discordant (CRE Up / PLA Down),TRUE
LIMCH1,0.881,-0.5366,0.040558,0.521214,0.009662,Interaction,Discordant (CRE Up / PLA Down),TRUE
AP3B1,0.6022,-0.8122,0.493331,0.283931,0.048091,Interaction,Discordant (CRE Up / PLA Down),TRUE
PALLD,-0.715,0.6938,0.339062,0.24856,0.020898,Interaction,Discordant (CRE Down / PLA Up),TRUE
UQCRQ,-0.16,1.2426,0.948782,0.003684,0.009269,Interaction,Discordant (CRE Down / PLA Up),FALSE
PRDX2,0.4379,-0.9624,0.7176,0.140086,0.047544,Interaction,Discordant (CRE Up / PLA Down),FALSE
LUM,0.8098,-0.5892,0.259497,0.540605,0.049814,Interaction,Discordant (CRE Up / PLA Down),FALSE
CNBP,-0.5462,0.8501,0.447107,0.0882,0.008129,Interaction,Discordant (CRE Down / PLA Up),TRUE
EIF2B3,-0.3546,1.0394,0.479612,0.005885,3.21e-4,Interaction,Discordant (CRE Down / PLA Up),TRUE
DHRS11,-0.6492,0.7426,0.089683,0.25444,0.005628,Interaction,Discordant (CRE Down / PLA Up),TRUE
STAT1,0.5048,-0.8865,0.407232,0.129168,0.010304,Interaction,Discordant (CRE Up / PLA Down),TRUE
TFRC,-0.7969,0.5938,0.071601,0.325423,0.003331,Interaction,Discordant (CRE Down / PLA Up),TRUE
RBBP4,-0.5727,0.8171,0.235026,0.039476,6.58e-4,Interaction,Discordant (CRE Down / PLA Up),TRUE
ETHE1,-0.3221,1.0659,0.644009,1.48e-4,7.3e-5,Interaction,Discordant (CRE Down / PLA Up),TRUE
SEC23IP,0.2123,-1.1708,0.856912,0.012818,0.006208,Interaction,Discordant (CRE Up / PLA Down),TRUE
MSRB2,-0.2681,1.1141,0.815882,0.028139,0.011302,Interaction,Discordant (CRE Down / PLA Up),TRUE
TSFM,-0.2253,1.155,0.877027,0.014748,0.00974,Interaction,Discordant (CRE Down / PLA Up),TRUE
PFKM,-0.2184,1.1599,0.903093,0.009143,0.011711,Interaction,Discordant (CRE Down / PLA Up),FALSE
ATP5F1E,-0.5579,0.8144,0.428867,0.124462,0.01101,Interaction,Discordant (CRE Down / PLA Up),TRUE
STMN1,0.2976,-1.0747,0.809973,0.017835,0.010589,Interaction,Discordant (CRE Up / PLA Down),TRUE
SNU13,-0.336,1.0353,0.716635,0.042867,0.010662,Interaction,Discordant (CRE Down / PLA Up),TRUE
SIRT3,-0.7272,0.643,0.177549,0.300333,0.009043,Interaction,Discordant (CRE Down / PLA Up),TRUE
RHOC,1.025,-0.3445,0.002444,0.737633,0.002917,Interaction,Discordant (CRE Up / PLA Down),TRUE
TMOD3,1.1324,-0.2344,0.008815,0.880911,0.009731,Interaction,Discordant (CRE Up / PLA Down),TRUE
RPL36,0.5442,-0.8199,0.37745,0.091704,0.005667,Interaction,Discordant (CRE Up / PLA Down),TRUE
ADSS2,-0.5012,0.8578,0.484871,0.082754,0.008564,Interaction,Discordant (CRE Down / PLA Up),FALSE
CALM1,0.3967,-0.9601,0.647529,0.033534,0.007366,Interaction,Discordant (CRE Up / PLA Down),FALSE
CKMT2,-0.1875,1.1641,0.930764,0.009954,0.016116,Interaction,Discordant (CRE Down / PLA Up),FALSE
CAVIN1,0.2006,-1.1462,0.935806,0.035045,0.045021,Interaction,Discordant (CRE Up / PLA Down),FALSE
TUBA8,-0.3481,0.9906,0.772357,0.058172,0.024973,Interaction,Discordant (CRE Down / PLA Up),FALSE
FDXR,-0.2767,1.0572,0.804314,0.021891,0.009231,Interaction,Discordant (CRE Down / PLA Up),TRUE
RRAS2,-0.7542,0.5789,0.166202,0.445227,0.01952,Interaction,Discordant (CRE Down / PLA Up),TRUE
CTNNA1,0.1716,-1.1614,0.89147,4.35e-4,5.71e-4,Interaction,Discordant (CRE Up / PLA Down),TRUE
MCEE,-0.6155,0.7105,0.226348,0.195914,0.006757,Interaction,Discordant (CRE Down / PLA Up),TRUE
IRGQ,-0.1411,1.1818,0.941998,0.016186,0.013342,Interaction,Discordant (CRE Down / PLA Up),TRUE
ANXA5,0.4514,-0.8707,0.6711,0.172267,0.048822,Interaction,Discordant (CRE Up / PLA Down),FALSE
DYNC1LI2,0.244,-1.0781,0.852838,0.021663,0.012465,Interaction,Discordant (CRE Up / PLA Down),TRUE
NDRG1,0.4963,-0.8241,0.441405,0.089437,0.007481,Interaction,Discordant (CRE Up / PLA Down),TRUE
LHPP,-0.7289,0.5882,0.183965,0.331347,0.010897,Interaction,Discordant (CRE Down / PLA Up),TRUE
RPL14,0.7785,-0.5334,0.09632,0.459507,0.011546,Interaction,Discordant (CRE Up / PLA Down),TRUE
MXRA7,0.5606,-0.737,0.377336,0.246814,0.02208,Interaction,Discordant (CRE Up / PLA Down),TRUE
TXLNB,-0.7842,0.5129,0.179545,0.573218,0.037039,Interaction,Discordant (CRE Down / PLA Up),TRUE
GOT2,-0.1349,1.1595,0.966533,0.013546,0.030064,Interaction,Discordant (CRE Down / PLA Up),FALSE
MRPL1,-0.0743,-1.2192,0.982561,0.011146,0.039198,Interaction,Concordant Down,TRUE
SYNPO,-0.4243,0.8686,0.531212,0.088361,0.010871,Interaction,Discordant (CRE Down / PLA Up),TRUE
S100A13,1.2035,-0.0814,7.24e-4,0.984936,0.006595,Interaction,Discordant (CRE Up / PLA Down),FALSE
AKR1C2,0.1457,-1.1381,0.96458,0.025856,0.048222,Interaction,Discordant (CRE Up / PLA Down),TRUE
LANCL2,-0.8089,0.4728,0.033144,0.517,0.006067,Interaction,Discordant (CRE Down / PLA Up),TRUE
PIP4K2B,-0.4205,0.8547,0.411825,0.029732,0.001474,Interaction,Discordant (CRE Down / PLA Up),TRUE
C12orf57,-0.522,0.7469,0.28785,0.200509,0.011916,Interaction,Discordant (CRE Down / PLA Up),TRUE
CORO1C,0.749,-0.5198,0.209677,0.575602,0.046689,Interaction,Discordant (CRE Up / PLA Down),TRUE
TIGAR,-0.5187,0.7483,0.339352,0.189077,0.013029,Interaction,Discordant (CRE Down / PLA Up),TRUE
SEPTIN10,0.1647,-1.0931,0.921187,0.055329,0.035174,Interaction,Discordant (CRE Up / PLA Down),TRUE
ASAH1,-0.0268,-1.2298,0.998455,0.001081,0.017928,Interaction,Concordant Down,FALSE
ACOT1,-0.9936,0.2567,0.020415,0.889257,0.037666,Interaction,Discordant (CRE Down / PLA Up),TRUE
FABP3,-0.2999,0.9474,0.824729,0.069262,0.038711,Interaction,Discordant (CRE Down / PLA Up),FALSE
FBLN5,0.9008,-0.3433,0.044355,0.806025,0.041152,Interaction,Discordant (CRE Up / PLA Down),TRUE
PPIA,0.4048,-0.8317,0.652962,0.107806,0.026195,Interaction,Discordant (CRE Up / PLA Down),FALSE
CMBL,-0.5961,0.623,0.310197,0.289252,0.019527,Interaction,Discordant (CRE Down / PLA Up),FALSE
GSN,0.6976,-0.5212,0.247835,0.511671,0.040717,Interaction,Discordant (CRE Up / PLA Down),FALSE
TIMM44,-0.2959,0.9227,0.767525,0.027569,0.011259,Interaction,Discordant (CRE Down / PLA Up),TRUE
ALDH5A1,-0.2601,0.9569,0.822496,0.017662,0.010981,Interaction,Discordant (CRE Down / PLA Up),FALSE
SPARC,0.6119,-0.6042,0.346977,0.303171,0.026843,Interaction,Discordant (CRE Up / PLA Down),TRUE
OXSM,-0.3824,0.8323,0.548046,0.106806,0.014321,Interaction,Discordant (CRE Down / PLA Up),TRUE
PRKAA1,-0.3624,0.8499,0.709694,0.108875,0.032575,Interaction,Discordant (CRE Down / PLA Up),TRUE
FABP5,0.4305,-0.7799,0.538219,0.086346,0.011656,Interaction,Discordant (CRE Up / PLA Down),FALSE
GLUL,0.4785,-0.7297,0.426284,0.125226,0.010272,Interaction,Discordant (CRE Up / PLA Down),TRUE
TNPO1,0.4981,-0.7096,0.34745,0.202396,0.015339,Interaction,Discordant (CRE Up / PLA Down),TRUE
CTSZ,0.5718,-0.6335,0.261403,0.230499,0.010164,Interaction,Discordant (CRE Up / PLA Down),TRUE
MYO6,0.0298,1.1752,0.998247,0.004401,0.041952,Interaction,Concordant Up,FALSE
ARFIP1,0.3533,-0.85,0.676519,0.157292,0.041485,Interaction,Discordant (CRE Up / PLA Down),TRUE
CTBP1,0.0279,1.167,0.997427,0.00397,0.015505,Interaction,Concordant Up,TRUE
PYGM,-0.0979,1.0919,0.981262,0.015662,0.041096,Interaction,Discordant (CRE Down / PLA Up),FALSE
RBMX,0.8962,-0.2915,0.043704,0.783484,0.019366,Interaction,Discordant (CRE Up / PLA Down),TRUE
ARHGDIB,0.4587,-0.7235,0.584264,0.216146,0.045144,Interaction,Discordant (CRE Up / PLA Down),TRUE
PPP1R2,-0.67490000000000006,0.5003,0.14862,0.377361,0.010331,Interaction,Discordant (CRE Down / PLA Up),TRUE
RAB2B,-0.7311,0.4425,0.172616,0.590496,0.037288,Interaction,Discordant (CRE Down / PLA Up),TRUE
FAHD1,-0.2576,0.9071,0.79331,0.015057,0.007424,Interaction,Discordant (CRE Down / PLA Up),TRUE
LSM8,0.9825,-0.1796,0.001543,0.872002,0.001653,Interaction,Discordant (CRE Up / PLA Down),TRUE
EPS15,0.4597,-0.6958,0.335486,0.159512,0.010397,Interaction,Discordant (CRE Up / PLA Down),TRUE
HSP90B1,0.5654,-0.5856,0.281004,0.268137,0.014428,Interaction,Discordant (CRE Up / PLA Down),FALSE
TRIM28,0.4335,-0.7148,0.484256,0.255112,0.039355,Interaction,Discordant (CRE Up / PLA Down),TRUE
MYH10,0.4917,-0.6527,0.403196,0.195044,0.017585,Interaction,Discordant (CRE Up / PLA Down),TRUE
RAB9A,-0.3587,0.7764,0.542529,0.079203,0.009804,Interaction,Discordant (CRE Down / PLA Up),TRUE
LMCD1,-0.3501,0.7781,0.726442,0.136911,0.046929,Interaction,Discordant (CRE Down / PLA Up),FALSE
FECH,-0.3924,0.7348,0.591908,0.10283,0.018766,Interaction,Discordant (CRE Down / PLA Up),TRUE
PDP1,-0.1653,0.9599,0.914842,0.013086,0.013447,Interaction,Discordant (CRE Down / PLA Up),TRUE
SPRYD4,-0.3855,0.7373,0.572301,0.1006,0.015716,Interaction,Discordant (CRE Down / PLA Up),TRUE
PDLIM3,-0.2267,0.8778,0.877099,0.060325,0.044161,Interaction,Discordant (CRE Down / PLA Up),TRUE
SLC35A4,-0.5269,0.5671,0.272831,0.372426,0.029751,Interaction,Discordant (CRE Down / PLA Up),TRUE
PDIA3,0.5554,-0.5339,0.325179,0.377128,0.032896,Interaction,Discordant (CRE Up / PLA Down),FALSE
COQ9,-0.3538,0.7268,0.696004,0.151443,0.045651,Interaction,Discordant (CRE Down / PLA Up),FALSE
ATP2A2,-0.4645,0.615,0.50084,0.277014,0.043673,Interaction,Discordant (CRE Down / PLA Up),FALSE
IGBP1,-0.4575,0.6217,0.299379,0.383167,0.049601,Interaction,Discordant (CRE Down / PLA Up),TRUE
FLNC,-0.0844,0.9909,0.983638,0.019183,0.046762,Interaction,Discordant (CRE Down / PLA Up),TRUE
KTN1,0.3263,-0.749,0.611682,0.099614,0.017329,Interaction,Discordant (CRE Up / PLA Down),TRUE
KPNA3,-0.2158,0.853,0.881545,0.067452,0.048005,Interaction,Discordant (CRE Down / PLA Up),TRUE
FAH,0.1888,-0.8797,0.906422,0.034473,0.03453,Interaction,Discordant (CRE Up / PLA Down),FALSE
FITM2,-0.1705,0.8959,0.871626,0.027564,0.013644,Interaction,Discordant (CRE Down / PLA Up),TRUE
MSN,0.4713,-0.5916,0.472513,0.293051,0.042097999999999997,Interaction,Discordant (CRE Up / PLA Down),FALSE
PSMF1,0.3393,-0.7228,0.697572,0.128048,0.038069,Interaction,Discordant (CRE Up / PLA Down),FALSE
MACROD1,-0.3237,0.7366,0.713773,0.114635,0.035546,Interaction,Discordant (CRE Down / PLA Up),TRUE
PGM5,-0.4493,0.607,0.451996,0.210904,0.023907,Interaction,Discordant (CRE Down / PLA Up),FALSE
TNS1,0.0877,-0.9562,0.979958,0.011653,0.032465,Interaction,Discordant (CRE Up / PLA Down),FALSE
CYFIP1,0.3416,-0.7016,0.68217,0.1303,0.038137,Interaction,Discordant (CRE Up / PLA Down),TRUE
ISOC2,-0.2693,0.7669,0.762347,0.043894,0.017399,Interaction,Discordant (CRE Down / PLA Up),FALSE
GPD1,0.0774,-0.9579,0.981755,0.003782,0.015124,Interaction,Discordant (CRE Up / PLA Down),FALSE
CNP,0.3749,-0.6585,0.591532,0.197844,0.038707,Interaction,Discordant (CRE Up / PLA Down),TRUE
PRKCSH,0.3961,-0.6216,0.523404,0.162134,0.023146,Interaction,Discordant (CRE Up / PLA Down),FALSE
TIPRL,-0.2302,0.7822,0.786512,0.01386,0.006782,Interaction,Discordant (CRE Down / PLA Up),FALSE
NLN,-0.2211,0.7865,0.840902,0.05133,0.028851,Interaction,Discordant (CRE Down / PLA Up),TRUE
CTTN,0.3641,-0.6434,0.530346,0.091918,0.011827,Interaction,Discordant (CRE Up / PLA Down),FALSE
DMAC2L,-0.5579,0.4464,0.219275,0.455163,0.028153,Interaction,Discordant (CRE Down / PLA Up),TRUE
COPE,0.8424,-0.1608,0.008608,0.922851,0.020239,Interaction,Discordant (CRE Up / PLA Down),TRUE
HSPA1L,-0.4694,0.53,0.370328,0.281467,0.024859,Interaction,Discordant (CRE Down / PLA Up),FALSE
RPL23A,0.4031,-0.596,0.356898,0.078656,0.00377,Interaction,Discordant (CRE Up / PLA Down),FALSE
ENO1,0.1184,-0.8806,0.962278,0.025264000000000002,0.04454,Interaction,Discordant (CRE Up / PLA Down),FALSE
PTMS,0.4667,-0.5299,0.400659,0.285867,0.029688,Interaction,Discordant (CRE Up / PLA Down),TRUE
CA14,-0.4941,0.4932,0.358696,0.417909,0.048594,Interaction,Discordant (CRE Down / PLA Up),TRUE
FIS1,-0.2257,0.7605,0.79435,0.018221,0.009128,Interaction,Discordant (CRE Down / PLA Up),FALSE
VAPB,-0.246,0.7357,0.782072,0.041289,0.018193,Interaction,Discordant (CRE Down / PLA Up),FALSE
MCTS1,-0.23,0.7508,0.814063,0.044064,0.022416,Interaction,Discordant (CRE Down / PLA Up),TRUE
TXN,0.2675,-0.7109,0.733865,0.046924,0.015807,Interaction,Discordant (CRE Up / PLA Down),FALSE
MAPT,-0.2084,0.7686,0.860121,0.04454,0.031011,Interaction,Discordant (CRE Down / PLA Up),FALSE
SLC25A20,-0.1851,0.7881,0.898063,0.054769,0.045915,Interaction,Discordant (CRE Down / PLA Up),FALSE
RPS27A,0.2769,-0.6928,0.764317,0.105793,0.041858,Interaction,Discordant (CRE Up / PLA Down),FALSE
SEPTIN11,0.6376,-0.3298,0.1421,0.667126,0.038155,Interaction,Discordant (CRE Up / PLA Down),TRUE
SUMO2,0.3391,-0.6272,0.628301,0.168348,0.037085,Interaction,Discordant (CRE Up / PLA Down),TRUE
HNRNPDL,0.3248,-0.6377,0.484814,0.028419,0.002377,Interaction,Discordant (CRE Up / PLA Down),FALSE
ENDOD1,-0.2374,0.712,0.813961,0.071613,0.03655,Interaction,Discordant (CRE Down / PLA Up),FALSE
CYB5R1,-0.2509,0.6978,0.772251,0.059764,0.024545,Interaction,Discordant (CRE Down / PLA Up),FALSE
PSMD7,-0.0436,0.9039,0.993721,0.003342,0.018697,Interaction,Discordant (CRE Down / PLA Up),FALSE
LGALS1,0.0257,-0.9105,0.998111,0.007478,0.038549,Interaction,Discordant (CRE Up / PLA Down),FALSE
MTARC2,0.3134,-0.6049,0.590009,0.189547,0.035106,Interaction,Discordant (CRE Up / PLA Down),TRUE
YWHAE,0.272,-0.6412,0.653433,0.039984,0.008693,Interaction,Discordant (CRE Up / PLA Down),FALSE
RPS10,0.2399,-0.6537,0.801387,0.103873,0.048806,Interaction,Discordant (CRE Up / PLA Down),FALSE
DDRGK1,0.2682,-0.6188,0.727049,0.133364,0.042692,Interaction,Discordant (CRE Up / PLA Down),TRUE
RHOA,0.2091,-0.6732,0.814767,0.04175,0.021922,Interaction,Discordant (CRE Up / PLA Down),FALSE
TXN2,-0.4501,0.4258,0.273714,0.354116,0.022154,Interaction,Discordant (CRE Down / PLA Up),TRUE
SQOR,0.2377,-0.6274,0.752847,0.096115,0.03237,Interaction,Discordant (CRE Up / PLA Down),TRUE
NPLOC4,-0.2909,0.5513,0.646652,0.145381,0.034242,Interaction,Discordant (CRE Down / PLA Up),FALSE
PGAM1,0.0423,-0.7834,0.993445,0.009818,0.038069,Interaction,Discordant (CRE Up / PLA Down),FALSE
GPX4,0.1154,-0.7071,0.943715,0.021245,0.031364,Interaction,Discordant (CRE Up / PLA Down),FALSE
UBE2K,-0.2204,0.5569,0.740247,0.069433,0.023672,Interaction,Discordant (CRE Down / PLA Up),FALSE
ACTR2,0.5354,-0.2066,0.083037,0.784966,0.038166,Interaction,Discordant (CRE Up / PLA Down),FALSE
HNRNPD,0.3912,-0.3475,0.26329,0.385755,0.02398,Interaction,Discordant (CRE Up / PLA Down),FALSE
DDX19B,-1.3062,-1.2212,0.069897,0.112907,0.994816,NS,Concordant Down,TRUE
FUNDC1,1.5805,0.8135,0.050805,0.435799,0.642642,NS,Concordant Up,TRUE
RHCE,-0.9581,-1.0798,0.202586,0.1167,0.987657,NS,Concordant Down,TRUE
TMOD4,0.9325,1.0282,0.187641,0.267664,0.993377,NS,Concordant Up,TRUE
SYNPO2L,0.8959,0.9957,0.251501,0.352141,0.993544,NS,Concordant Up,TRUE
MYBPH,0.8078,1.0127,0.294869,0.156956,0.962597,NS,Concordant Up,TRUE
BCS1L,1.2676,0.5139,0.071845,0.677169,0.575165,NS,Concordant Up,TRUE
VIM,0.7895,-0.9469,0.465713,0.329742,0.052591,NS,Discordant (CRE Up / PLA Down),FALSE
FMOD,1.2732,-0.4616,0.241577,0.827301,0.12635,NS,Discordant (CRE Up / PLA Down),TRUE
SNX17,-0.7206,0.9228,0.615612,0.378187,0.117907,NS,Discordant (CRE Down / PLA Up),TRUE
PLIN1,-0.1929,-1.437,0.970551,0.086232,0.330395,NS,Concordant Down,TRUE
FKBP9,0.6778,-0.9381,0.567644,0.214592,0.052238,NS,Discordant (CRE Up / PLA Down),TRUE
S100B,-0.0168,-1.5958,0.999779,0.079835,0.175133,NS,Concordant Down,TRUE
MFGE8,0.7358,-0.8742,0.446365,0.380037,0.062277,NS,Discordant (CRE Up / PLA Down),TRUE
LAMA2,1.0796,0.5298,0.08266,0.615676,0.710648,NS,Concordant Up,TRUE
AEBP1,0.86,0.7061,0.296462,0.463802,0.980418,NS,Concordant Up,TRUE
RAB23,1.246,-0.3121,0.059249,0.9051,0.076992,NS,Discordant (CRE Up / PLA Down),TRUE
CTSC,0.486,-1.0692,0.645648,0.223711,0.058153,NS,Discordant (CRE Up / PLA Down),TRUE
DES,0.4751,1.0775,0.743513,0.183806,0.733171,NS,Concordant Up,TRUE
MRPL38,0.2756,1.2477,0.853738,0.113916,0.350457,NS,Concordant Up,TRUE
CLTA,-1.0273,-0.4935,0.318992,0.682327,0.804465,NS,Concordant Down,TRUE
SCN1B,-0.6787,-0.8368,0.086636,0.104202,0.957158,NS,Concordant Down,TRUE
BCO2,0.3993,1.1131,0.733818,0.058518,0.495866,NS,Concordant Up,TRUE
MPC1,0.7572,-0.7477,0.529889,0.469905,0.116266,NS,Discordant (CRE Up / PLA Down),TRUE
THEM6,-0.5587,0.932,0.690434,0.388873,0.142478,NS,Discordant (CRE Down / PLA Up),TRUE
NENF,-0.0104,1.4785,0.999844,0.127478,0.155571,NS,Discordant (CRE Down / PLA Up),TRUE
IGHG1,0.7155,-0.7524,0.459396,0.433767,0.077232,NS,Discordant (CRE Up / PLA Down),FALSE
TNNT3,0.3478,1.1164,0.829121,0.091627,0.510657,NS,Concordant Up,TRUE
ACTN2,0.1666,1.2951,0.97769,0.180245,0.426868,NS,Concordant Up,TRUE
ATP5IF1,-0.3804,-1.0757,0.89317,0.30423,0.751753,NS,Concordant Down,TRUE
S100A8,0.4081,-1.0365,0.776614,0.127532,0.056191,NS,Discordant (CRE Up / PLA Down),FALSE
SLC25A42,0.5874,0.8534,0.298447,0.271203,0.919432,NS,Concordant Up,TRUE
MYL6B,-0.397,1.0382,0.793385,0.146693,0.0684,NS,Discordant (CRE Down / PLA Up),TRUE
TPM2,0.4394,0.992,0.738604,0.150965,0.723669,NS,Concordant Up,FALSE
KRT1,0.3639,-1.0666,0.851527,0.158093,0.101256,NS,Discordant (CRE Up / PLA Down),TRUE
NDUFAF5,0.5056,0.9159,0.454862,0.174725,0.789535,NS,Concordant Up,TRUE
RPL29,0.5144,-0.8967,0.735239,0.252616,0.114674,NS,Discordant (CRE Up / PLA Down),TRUE
ANXA2,0.6187,-0.7737,0.504867,0.33375,0.060348,NS,Discordant (CRE Up / PLA Down),FALSE
MCAM,-0.3633,-1.0282,0.818537,0.217531,0.6561,NS,Concordant Down,TRUE
TPM1,0.4346,0.9215,0.751086,0.216428,0.788609,NS,Concordant Up,FALSE
SLC1A4,-0.9464,-0.4076,0.092231,0.805721,0.726033,NS,Concordant Down,TRUE
DCLK1,0.4746,-0.8784,0.732628,0.102394,0.064959,NS,Discordant (CRE Up / PLA Down),TRUE
KRT10,0.4188,-0.9323,0.790921,0.251748,0.120823,NS,Discordant (CRE Up / PLA Down),FALSE
ANXA1,0.5895,-0.7589,0.59946,0.41809,0.116844,NS,Discordant (CRE Up / PLA Down),FALSE
ASPN,0.9947,0.3452,0.142891,0.833315,0.622742,NS,Concordant Up,TRUE
SYNM,0.4257,0.914,0.628317,0.072119,0.674116,NS,Concordant Up,TRUE
COL4A1,0.162,-1.1733,0.973134,0.084831,0.146415,NS,Discordant (CRE Up / PLA Down),TRUE
MPO,0.2548,-1.0783,0.913663,0.146395,0.115585,NS,Discordant (CRE Up / PLA Down),TRUE
MRPL24,0.2666,1.0632,0.883672,0.211164,0.51804,NS,Concordant Up,TRUE
RPL32,0.6272,0.6985,0.494217,0.404269,0.995136,NS,Concordant Up,TRUE
THBS4,1.306,0.0181,0.070211,0.999634,0.169503,NS,Concordant Up,TRUE
HARS2,0.4757,-0.8431,0.70927,0.291488,0.114426,NS,Discordant (CRE Up / PLA Down),TRUE
BPHL,-0.3394,0.9756,0.816767,0.10771,0.058007,NS,Discordant (CRE Down / PLA Up),TRUE
S100A11,0.6248,-0.6889,0.437514,0.384346,0.057383,NS,Discordant (CRE Up / PLA Down),TRUE
MAPKAPK3,-0.8671,0.4356,0.26127,0.685801,0.086221,NS,Discordant (CRE Down / PLA Up),TRUE
PITPNB,-0.4241,-0.8718,0.636561,0.068968,0.710013,NS,Concordant Down,TRUE
SERPINA1,0.5059,-0.7761,0.692782,0.394856,0.145157,NS,Discordant (CRE Up / PLA Down),FALSE
APOD,0.7989,-0.479,0.214196,0.639366,0.057505,NS,Discordant (CRE Up / PLA Down),FALSE
STARD10,-0.6688,-0.606,0.237105,0.453373,0.995054,NS,Concordant Down,TRUE
CD36,0.2041,-1.0609,0.935991,0.071153,0.07887,NS,Discordant (CRE Up / PLA Down),FALSE
CLIC6,-0.5797,0.6846,0.529659,0.40288,0.086955,NS,Discordant (CRE Down / PLA Up),TRUE
NUBP2,0.7641,0.4971,0.127363,0.565829,0.898737,NS,Concordant Up,TRUE
ABCF3,0.2251,1.0303,0.893266,0.147947,0.414175,NS,Concordant Up,TRUE
DCN,0.722,-0.5296,0.439119,0.67708,0.161151,NS,Discordant (CRE Up / PLA Down),FALSE
CTSH,0.8949,-0.3466,0.073434,0.804422,0.052739,NS,Discordant (CRE Up / PLA Down),TRUE
LAMC1,0.4969,-0.739,0.638494,0.361847,0.107228,NS,Discordant (CRE Up / PLA Down),TRUE
CILP,0.5952,0.6378,0.687945,0.474438,0.998701,NS,Concordant Up,TRUE
GRPEL1,-0.2436,0.9875,0.867014,0.176412,0.093636,NS,Discordant (CRE Down / PLA Up),TRUE
PTCD3,-0.8425,0.3879,0.217085,0.803785,0.130063,NS,Discordant (CRE Down / PLA Up),TRUE
IGKC,0.5037,-0.7258,0.704141,0.464463,0.185752,NS,Discordant (CRE Up / PLA Down),FALSE
CYBRD1,0.4823,-0.7469,0.661488,0.283138,0.089721,NS,Discordant (CRE Up / PLA Down),TRUE
LAMB2,0.688,-0.534,0.381468,0.641505,0.124133,NS,Discordant (CRE Up / PLA Down),TRUE
TBCEL,0.6536,0.5656,0.269429,0.624664,0.99227,NS,Concordant Up,TRUE
HP,0.6392,-0.5762,0.58021,0.661521,0.227344,NS,Discordant (CRE Up / PLA Down),FALSE
NCLN,-0.4559,0.7581,0.539863,0.297747,0.062165,NS,Discordant (CRE Down / PLA Up),TRUE
DARS2,0.7404,0.4716,0.122616,0.462696,0.872235,NS,Concordant Up,TRUE
ARRB1,0.49,-0.7191,0.522143,0.300905,0.054603,NS,Discordant (CRE Up / PLA Down),TRUE
SNCG,0.2675,-0.941,0.900969,0.204274,0.151002,NS,Discordant (CRE Up / PLA Down),TRUE
MT-ND4,-0.3528,0.8524,0.803319,0.29817,0.141035,NS,Discordant (CRE Down / PLA Up),TRUE
SLC9A3R2,-0.213,-0.9832,0.928669,0.300387,0.567159,NS,Concordant Down,TRUE
MRPL48,0.124,1.0661,0.978425,0.220546,0.40785,NS,Concordant Up,TRUE
TNNC2,0.1949,0.9833,0.94466,0.151325,0.46889,NS,Concordant Up,TRUE
APOBEC2,-0.5738,0.6015,0.457682,0.447647,0.078726,NS,Discordant (CRE Down / PLA Up),TRUE
MYH8,0.3122,0.8593,0.871711,0.372063,0.766044,NS,Concordant Up,TRUE
PAIP1,-0.5626,-0.6085,0.402816,0.482731,0.997595,NS,Concordant Down,TRUE
SMYD5,-0.5173,-0.651,0.269435,0.262287,0.96903,NS,Concordant Down,TRUE
ACTC1,0.9677,0.2,0.381508,0.975335,0.723728,NS,Concordant Up,TRUE
MYH13,-0.3643,0.7955,0.817349,0.362248,0.190861,NS,Discordant (CRE Down / PLA Up),TRUE
LGALS3,0.51,-0.6469,0.541842,0.360713,0.075774,NS,Discordant (CRE Up / PLA Down),FALSE
TTN,0.4594,0.6968,0.703473,0.448769,0.948091,NS,Concordant Up,TRUE
CAT,0.2155,-0.9402,0.928582,0.139245,0.129648,NS,Discordant (CRE Up / PLA Down),FALSE
STX12,0.5388,-0.6166,0.563748,0.531852,0.152215,NS,Discordant (CRE Up / PLA Down),TRUE
NEB,0.4767,0.6771,0.753308,0.583255,0.971837,NS,Concordant Up,TRUE
POFUT1,-0.2935,0.8591,0.789176,0.269356,0.114663,NS,Discordant (CRE Down / PLA Up),TRUE
ATE1,0.3018,0.8495,0.794947,0.325726,0.701512,NS,Concordant Up,TRUE
HK2,-0.2113,0.9389,0.900249,0.154336,0.097661,NS,Discordant (CRE Down / PLA Up),TRUE
HSPH1,0.5356,0.6117,0.517703,0.432775,0.993215,NS,Concordant Up,TRUE
MYL4,0.7259,0.4191,0.413395,0.815693,0.924879,NS,Concordant Up,TRUE
HHATL,-0.2975,-0.8468,0.792339,0.07876,0.555668,NS,Concordant Down,TRUE
CA2,0.1552,-0.9841,0.959984,0.082251,0.106857,NS,Discordant (CRE Up / PLA Down),FALSE
RPL36AL,-0.7758,-0.3612,0.386508,0.808006,0.843032,NS,Concordant Down,TRUE
CD151,0.4393,-0.6971,0.817154,0.667411,0.406766,NS,Discordant (CRE Up / PLA Down),TRUE
CD44,0.9504,0.1821,0.19078,0.961858,0.543393,NS,Concordant Up,TRUE
CTPS1,0.2933,0.8378,0.787707,0.119798,0.573917,NS,Concordant Up,TRUE
COL15A1,1.0365,0.0925,0.0732,0.986353,0.253536,NS,Concordant Up,TRUE
YAP1,0.187,-0.9418,0.943393,0.244097,0.197576,NS,Discordant (CRE Up / PLA Down),TRUE
MYOZ2,0.5362,-0.5875,0.788806,0.804923,0.512167,NS,Discordant (CRE Up / PLA Down),TRUE
CCDC22,-0.0155,1.1079,0.999606,0.076819,0.145181,NS,Discordant (CRE Down / PLA Up),TRUE
TRA2B,0.7355,0.3855,0.27558,0.851805,0.895934,NS,Concordant Up,TRUE
PEX19,0.4348,-0.683,0.623636,0.436537,0.137994,NS,Discordant (CRE Up / PLA Down),TRUE
VASP,0.3893,-0.7227,0.737849,0.349544,0.140009,NS,Discordant (CRE Up / PLA Down),TRUE
EHD2,0.182,-0.9293,0.950253,0.151984,0.160348,NS,Discordant (CRE Up / PLA Down),FALSE
COL6A3,0.9697,0.1404,0.173052,0.976287,0.470511,NS,Concordant Up,FALSE
ORM1,0.5036,-0.606,0.679797,0.57031,0.229899,NS,Discordant (CRE Up / PLA Down),FALSE
ANG,0.4875,0.6204,0.513096,0.286053,0.973524,NS,Concordant Up,TRUE
CNN2,0.6086,-0.4953,0.395956,0.576247,0.098992,NS,Discordant (CRE Up / PLA Down),TRUE
COQ3,-0.4488,0.6529,0.623679,0.353564,0.097288,NS,Discordant (CRE Down / PLA Up),TRUE
AKR1C1,0.229,-0.8719,0.926142,0.230511,0.196785,NS,Discordant (CRE Up / PLA Down),FALSE
SORBS1,0.0623,-1.0384,0.994005,0.098159,0.161775,NS,Discordant (CRE Up / PLA Down),TRUE
AAMDC,-0.6484,0.4503,0.282059,0.598147,0.067496,NS,Discordant (CRE Down / PLA Up),FALSE
TRMT10C,-0.5627,-0.5354,0.317518,0.67125,0.999264,NS,Concordant Down,TRUE
XIRP1,-0.6751,0.4196,0.211979,0.640434,0.058463,NS,Discordant (CRE Down / PLA Up),TRUE
MRPS36,-0.5284,-0.5638,0.310013,0.268638,0.997752,NS,Concordant Down,TRUE
MAPK12,-0.5177,-0.5724,0.33055,0.299827,0.994853,NS,Concordant Down,TRUE
AOC3,-0.0349,-1.0532,0.998784,0.200663,0.381492,NS,Concordant Down,FALSE
NDUFB4,0.2318,0.8545,0.89762,0.129173,0.536039,NS,Concordant Up,FALSE
SPTAN1,0.4958,-0.5897,0.539461,0.413199,0.091433,NS,Discordant (CRE Up / PLA Down),FALSE
NDUFB5,0.1761,0.909,0.93564,0.088739,0.379039,NS,Concordant Up,TRUE
BGN,0.8996,0.1831,0.151784,0.943052,0.478783,NS,Concordant Up,TRUE
IGLC2,0.5365,-0.5452,0.662005,0.663694,0.278305,NS,Discordant (CRE Up / PLA Down),FALSE
CARHSP1,-0.2568,-0.8231,0.894077,0.211623,0.657635,NS,Concordant Down,TRUE
ACTA1,0.4526,0.6264,0.656407,0.42697,0.965907,NS,Concordant Up,FALSE
COX6A2,-0.4111,0.6623,0.797744,0.49789,0.27091,NS,Discordant (CRE Down / PLA Up),TRUE
CRYL1,-0.6206,-0.4526,0.234159,0.540145,0.953203,NS,Concordant Down,TRUE
COTL1,-0.5226,-0.5503,0.695652,0.566816,0.99936,NS,Concordant Down,TRUE
CD81,0.0498,-1.0227,0.996368,0.08291,0.171167,NS,Discordant (CRE Up / PLA Down),FALSE
VAMP5,-0.2181,0.8524,0.852037,0.125237,0.060508,NS,Discordant (CRE Down / PLA Up),TRUE
DYNLT1,0.5691,0.5003,0.238816,0.54102,0.992973,NS,Concordant Up,TRUE
NRP1,0.167,-0.9019,0.928886,0.059666,0.055039,NS,Discordant (CRE Up / PLA Down),TRUE
RAB8A,0.472,-0.5956,0.574302,0.413983,0.103707,NS,Discordant (CRE Up / PLA Down),TRUE
SOD3,-0.0835,-0.9817,0.98782,0.061679,0.241285,NS,Concordant Down,FALSE
IGKV3-11,0.0756,-0.9891,0.990877,0.087839,0.154569,NS,Discordant (CRE Up / PLA Down),TRUE
RNF7,-0.5105,0.5532,0.513188,0.443568,0.094412,NS,Discordant (CRE Down / PLA Up),TRUE
TUBB6,0.4624,-0.596,0.60866,0.425451,0.120137,NS,Discordant (CRE Up / PLA Down),FALSE
LRRC59,0.6595,-0.3978,0.20562,0.679099,0.069874,NS,Discordant (CRE Up / PLA Down),TRUE
TSTD1,0.8345,0.2227,0.086673,0.834704,0.408472,NS,Concordant Up,TRUE
MINDY3,-0.764,0.2924,0.131431,0.815654,0.075039,NS,Discordant (CRE Down / PLA Up),TRUE
HSDL1,-0.1818,-0.8664,0.909508,0.107609,0.378794,NS,Concordant Down,TRUE
IGLV1-51,0.1825,-0.8595,0.949399,0.20053,0.201243,NS,Discordant (CRE Up / PLA Down),TRUE
TKT,0.2358,-0.8047,0.922352,0.301216,0.244771,NS,Discordant (CRE Up / PLA Down),FALSE
PLEKHO2,-0.0936,-0.9452,0.98568,0.104751,0.320461,NS,Concordant Down,TRUE
AGK,0.058,0.9804,0.993646,0.056381,0.194033,NS,Concordant Up,TRUE
IGHG2,0.4831,-0.5547,0.724416,0.656553,0.317507,NS,Discordant (CRE Up / PLA Down),FALSE
RPL24,-0.3128,-0.7247,0.688291,0.120654,0.673708,NS,Concordant Down,TRUE
FBP1,0.312,0.7197,0.792359,0.181883,0.754141,NS,Concordant Up,TRUE
TUBA1C,0.3045,-0.7271,0.831791,0.321306,0.173815,NS,Discordant (CRE Up / PLA Down),TRUE
TCAP,0.4276,0.5992,0.674491,0.548114,0.969651,NS,Concordant Up,TRUE
ACSL4,-0.6775,-0.3476,0.269379,0.761415,0.849429,NS,Concordant Down,TRUE
MYL6,0.486,-0.5381,0.594645,0.533349,0.161727,NS,Discordant (CRE Up / PLA Down),FALSE
CHMP3,-0.7378,0.2846,0.09146,0.799464,0.052799,NS,Discordant (CRE Down / PLA Up),TRUE
YWHAZ,0.502,-0.5188,0.478601,0.467568,0.089552,NS,Discordant (CRE Up / PLA Down),FALSE
C1QB,0.4866,0.5331,0.641599,0.59271,0.997871,NS,Concordant Up,TRUE
HNRNPA0,0.4816,-0.538,0.471817,0.453923,0.087125,NS,Discordant (CRE Up / PLA Down),TRUE
GSTM4,0.0844,-0.9346,0.990151,0.264899,0.303604,NS,Discordant (CRE Up / PLA Down),TRUE
CYB5A,0.1015,-0.9172,0.986028,0.181082,0.25065,NS,Discordant (CRE Up / PLA Down),TRUE
STBD1,-0.1777,0.8385,0.921838,0.060964,0.061795,NS,Discordant (CRE Down / PLA Up),FALSE
PGAM2,-0.3106,0.7053,0.751856,0.165744,0.062548,NS,Discordant (CRE Down / PLA Up),TRUE
TIMM10,-0.7831,0.2321,0.187691,0.912074,0.172177,NS,Discordant (CRE Down / PLA Up),TRUE
MYL2,-0.4455,0.5696,0.642973,0.48797,0.162506,NS,Discordant (CRE Down / PLA Up),TRUE
CAV1,0.1024,-0.9125,0.986794,0.223492,0.290585,NS,Discordant (CRE Up / PLA Down),FALSE
COMP,0.3634,-0.6493,0.879063,0.640095,0.451632,NS,Discordant (CRE Up / PLA Down),TRUE
ADPRH,-0.6444,0.3674,0.339776,0.758641,0.152453,NS,Discordant (CRE Down / PLA Up),TRUE
PUDP,-0.3502,0.6608,0.736527,0.277626,0.107096,NS,Discordant (CRE Down / PLA Up),TRUE
AGL,-0.104,0.9052,0.977307,0.063539,0.101397,NS,Discordant (CRE Down / PLA Up),TRUE
ALDH2,0.1604,-0.8488,0.937379,0.057896,0.066728,NS,Discordant (CRE Up / PLA Down),FALSE
PLN,-0.6241,0.3848,0.276962,0.683555,0.09275,NS,Discordant (CRE Down / PLA Up),TRUE
SIRT5,-0.2277,0.7808,0.887127,0.153232,0.108135,NS,Discordant (CRE Down / PLA Up),TRUE
S100A10,0.6086,-0.3945,0.473316,0.76503,0.228328,NS,Discordant (CRE Up / PLA Down),FALSE
CAVIN2,-0.0139,-0.9891,0.999681,0.060383,0.180962,NS,Concordant Down,FALSE
C1QA,0.2807,-0.7217,0.862213,0.37693,0.227161,NS,Discordant (CRE Up / PLA Down),TRUE
HDHD5,-0.4586,0.5425,0.505299,0.390359,0.073719,NS,Discordant (CRE Down / PLA Up),TRUE
PTGDS,0.3977,-0.6025,0.714354,0.414047,0.165269,NS,Discordant (CRE Up / PLA Down),TRUE
CD34,0.5533,-0.4448,0.212035,0.559598,0.053302,NS,Discordant (CRE Up / PLA Down),TRUE
TOMM7,-0.4399,0.5581,0.646749,0.439795,0.146268,NS,Discordant (CRE Down / PLA Up),TRUE
PUF60,0.4195,0.5714,0.580266,0.436551,0.966918,NS,Concordant Up,TRUE
AGMAT,-0.0606,-0.9301,0.992455,0.115792,0.257863,NS,Concordant Down,TRUE
MGST1,-0.5271,-0.4628,0.705062,0.760521,0.996995,NS,Concordant Down,TRUE
CLIC2,-0.2613,0.7273,0.86678,0.276216,0.172756,NS,Discordant (CRE Down / PLA Up),TRUE
SNX1,0.4163,-0.5713,0.607805,0.402764,0.10942,NS,Discordant (CRE Up / PLA Down),TRUE
UBE4A,-0.5767,0.4077,0.385526,0.727159,0.177798,NS,Discordant (CRE Down / PLA Up),TRUE
HEXB,0.6891,0.2949,0.604924,0.922247,0.903667,NS,Concordant Up,TRUE
TUBB,0.3261,-0.6571,0.730618,0.212088,0.076271,NS,Discordant (CRE Up / PLA Down),FALSE
MRPL45,0.0468,-0.9364,0.995113,0.106627,0.149633,NS,Discordant (CRE Up / PLA Down),TRUE
C1QC,0.5104,0.4709,0.614399,0.677972,0.998489,NS,Concordant Up,TRUE
ACYP2,-0.1302,0.8502,0.967642,0.118514,0.150745,NS,Discordant (CRE Down / PLA Up),FALSE
STX4,-0.2374,-0.7429,0.7949,0.243447,0.61005,NS,Concordant Down,TRUE
CCDC43,-0.4926,0.4866,0.633804,0.703422,0.299424,NS,Discordant (CRE Down / PLA Up),TRUE
AKT1,0.4158,0.5617,0.527605,0.32398,0.961504,NS,Concordant Up,TRUE
FAM120A,0.4822,0.4911,0.411941,0.552572,0.999887,NS,Concordant Up,TRUE
GSTM1,0.2163,-0.756,0.939886,0.386055,0.333321,NS,Discordant (CRE Up / PLA Down),TRUE
DMTN,0.1977,-0.7737,0.941669,0.2383,0.239427,NS,Discordant (CRE Up / PLA Down),TRUE
GOT1,-0.2036,0.7672,0.89656,0.10605,0.083542,NS,Discordant (CRE Down / PLA Up),FALSE
GMPR2,-0.3334,-0.6344,0.785961,0.28437,0.871953,NS,Concordant Down,TRUE
RPL37A,0.2737,-0.6929,0.730707,0.215135,0.06926,NS,Discordant (CRE Up / PLA Down),TRUE
PDCL3,0.2253,0.7412,0.768884,0.196952,0.543726,NS,Concordant Up,TRUE
SESN1,-0.4269,-0.5391,0.379966,0.227012,0.970556,NS,Concordant Down,TRUE
NT5C2,0.364,0.6005,0.596056,0.292691,0.896791,NS,Concordant Up,TRUE
SAMM50,-0.1429,0.8209,0.951017,0.073376,0.089916,NS,Discordant (CRE Down / PLA Up),FALSE
PMVK,0.2385,0.7246,0.852437,0.236767,0.65341,NS,Concordant Up,TRUE
AKR1B1,-0.2433,0.7167,0.8622,0.179332,0.11261,NS,Discordant (CRE Down / PLA Up),FALSE
ENO3,-0.1536,0.8059,0.941571,0.075674,0.085264,NS,Discordant (CRE Down / PLA Up),FALSE
JCHAIN,0.3854,-0.5738,0.831413,0.66232,0.414272,NS,Discordant (CRE Up / PLA Down),TRUE
ERO1A,-0.5657,0.3931,0.340158,0.641524,0.09975,NS,Discordant (CRE Down / PLA Up),TRUE
CALD1,0.7449,-0.2137,0.183384,0.910209,0.154507,NS,Discordant (CRE Up / PLA Down),TRUE
SYNPO2,-0.0281,0.9293,0.998549,0.06282,0.154457,NS,Discordant (CRE Down / PLA Up),FALSE
TUBB2A,0.3404,-0.6147,0.742252,0.325591,0.130884,NS,Discordant (CRE Up / PLA Down),FALSE
CPA3,-0.3208,-0.6342,0.703808,0.168931,0.805592,NS,Concordant Down,TRUE
MECR,-0.2527,0.702,0.822673,0.125482,0.066684,NS,Discordant (CRE Down / PLA Up),TRUE
PGD,0.2409,-0.7135,0.852149,0.148384,0.089373,NS,Discordant (CRE Up / PLA Down),FALSE
VAT1,0.597,-0.3572,0.392219,0.759562,0.177943,NS,Discordant (CRE Up / PLA Down),FALSE
TUBA1B,0.4615,-0.4922,0.456779,0.418492,0.068119,NS,Discordant (CRE Up / PLA Down),FALSE
LASP1,0.4566,-0.4967,0.601607,0.554249,0.17439,NS,Discordant (CRE Up / PLA Down),TRUE
NDUFA12,-0.0497,0.9023,0.995521,0.084204,0.169975,NS,Discordant (CRE Down / PLA Up),FALSE
FXYD1,-0.4426,-0.5084,0.508557,0.436749,0.993052,NS,Concordant Down,TRUE
PTGR2,-0.3703,0.5791,0.641836,0.280598,0.076748,NS,Discordant (CRE Down / PLA Up),TRUE
ABCF1,-0.2571,0.6918,0.808489,0.144814,0.068395,NS,Discordant (CRE Down / PLA Up),TRUE
PPIF,-0.2268,0.7219,0.892315,0.214506,0.154168,NS,Discordant (CRE Down / PLA Up),FALSE
TMA7,-0.2511,0.6942,0.919909,0.604035,0.456605,NS,Discordant (CRE Down / PLA Up),TRUE
S100A16,-0.6287,-0.3154,0.313364,0.745321,0.844372,NS,Concordant Down,TRUE
C11orf54,-0.4928,0.4504,0.398055,0.491429,0.071958,NS,Discordant (CRE Down / PLA Up),FALSE
KRT2,0.5619,-0.3796,0.586931,0.787817,0.315205,NS,Discordant (CRE Up / PLA Down),TRUE
PXN,0.1494,0.792,0.967444,0.479393,0.688453,NS,Concordant Up,TRUE
MAOA,-0.1496,-0.7914,0.939933,0.064238,0.352503,NS,Concordant Down,FALSE
MARS1,-0.4246,-0.5158,0.698229,0.677865,0.992165,NS,Concordant Down,TRUE
RPS23,-0.834,0.1044,0.150265,0.97881,0.188374,NS,Discordant (CRE Down / PLA Up),TRUE
VWF,0.0779,-0.8588,0.984581,0.05803,0.094559,NS,Discordant (CRE Up / PLA Down),TRUE
KHDRBS1,0.3031,-0.63,0.725791,0.174988,0.061623,NS,Discordant (CRE Up / PLA Down),TRUE
GET4,0.2236,0.7081,0.849091,0.174154,0.595291,NS,Concordant Up,TRUE
PDHX,-0.2443,0.6872,0.855598,0.195818,0.118591,NS,Discordant (CRE Down / PLA Up),FALSE
DHX15,-0.0031,0.9279,0.999985,0.1021,0.234449,NS,Discordant (CRE Down / PLA Up),TRUE
AFG3L2,-0.4566,0.4733,0.50887,0.506762,0.113231,NS,Discordant (CRE Down / PLA Up),TRUE
SLK,-0.301,0.6287,0.738965,0.376275,0.150562,NS,Discordant (CRE Down / PLA Up),TRUE
PALMD,0.1122,-0.8173,0.962437,0.083744,0.086504,NS,Discordant (CRE Up / PLA Down),TRUE
SPTBN1,0.4367,-0.4918,0.615271,0.54287,0.175057,NS,Discordant (CRE Up / PLA Down),FALSE
EPB41L3,0.1316,-0.7968,0.95256,0.103644,0.10208,NS,Discordant (CRE Up / PLA Down),TRUE
SSR4,0.7252,-0.2022,0.08043,0.876462,0.059527,NS,Discordant (CRE Up / PLA Down),TRUE
NDUFA2,-0.1335,0.7938,0.950723,0.054134,0.070525,NS,Discordant (CRE Down / PLA Up),FALSE
TSNAX,-0.421,-0.5062,0.280812,0.140054,0.977984,NS,Concordant Down,TRUE
NUDT19,0.6019,0.3229,0.344896,0.843172,0.906417,NS,Concordant Up,TRUE
TF,0.4959,-0.4284,0.662592,0.752504,0.343585,NS,Discordant (CRE Up / PLA Down),FALSE
TPM3,0.4577,0.4664,0.730198,0.730148,0.999938,NS,Concordant Up,FALSE
GNS,-0.2697,-0.6506,0.842614,0.421599,0.820086,NS,Concordant Down,TRUE
CST3,0.5294,-0.3886,0.473228,0.720077,0.200447,NS,Discordant (CRE Up / PLA Down),TRUE
PDIA4,0.5912,-0.3267,0.214448,0.720362,0.081288,NS,Discordant (CRE Up / PLA Down),TRUE
COA6,-0.3152,0.6015,0.740809,0.286574,0.110255,NS,Discordant (CRE Down / PLA Up),TRUE
PHKA2,0.4998,0.4167,0.521247,0.702913,0.991641,NS,Concordant Up,TRUE
ANK3,-0.3343,0.5798,0.626386,0.347658,0.095188,NS,Discordant (CRE Down / PLA Up),TRUE
BZW1,-0.15,0.7637,0.942324,0.103654,0.106815,NS,Discordant (CRE Down / PLA Up),TRUE
RAB5B,-0.4841,-0.4289,0.223022,0.356068,0.992356,NS,Concordant Down,TRUE
MOGS,0.4606,0.4523,0.32087,0.381973,0.999856,NS,Concordant Up,TRUE
MRRF,0.2929,0.618,0.739147,0.471098,0.857455,NS,Concordant Up,TRUE
SRI,0.2095,-0.7005,0.89043,0.165839,0.120033,NS,Discordant (CRE Up / PLA Down),FALSE
MYOT,-0.2032,0.7064,0.923564,0.313684,0.246726,NS,Discordant (CRE Down / PLA Up),TRUE
TLN1,0.3474,-0.56,0.671398,0.31059,0.095457,NS,Discordant (CRE Up / PLA Down),FALSE
RPL27,0.3871,0.5196,0.485608,0.242911,0.958763,NS,Concordant Up,TRUE
MYL9,0.4038,0.4997,0.580647,0.424823,0.984674,NS,Concordant Up,TRUE
HSD17B8,-0.4082,0.495,0.569621,0.442905,0.110251,NS,Discordant (CRE Down / PLA Up),TRUE
FAHD2A,-0.1858,0.7168,0.889462,0.08774,0.063622,NS,Discordant (CRE Down / PLA Up),TRUE
MRPS22,-0.5291,0.3724,0.317003,0.68933,0.123328,NS,Discordant (CRE Down / PLA Up),TRUE
SLC16A1,0.1972,0.7039,0.91274,0.202153,0.621293,NS,Concordant Up,FALSE
EPB41L2,0.3328,-0.5674,0.707021,0.314946,0.110256,NS,Discordant (CRE Up / PLA Down),FALSE
ARPC1A,-0.2994,0.6001,0.803071,0.336701,0.175517,NS,Discordant (CRE Down / PLA Up),TRUE
TNNC1,-0.2182,0.6812,0.924285,0.414907,0.323872,NS,Discordant (CRE Down / PLA Up),TRUE
FCN3,-0.8588,-0.0373,0.175555,0.997671,0.344966,NS,Concordant Down,TRUE
C20orf27,0.619,-0.2743,0.26182,0.857322,0.189637,NS,Discordant (CRE Up / PLA Down),TRUE
SLC25A11,-0.045,0.8482,0.996275,0.113195,0.210849,NS,Discordant (CRE Down / PLA Up),FALSE
AUH,0.2801,0.6118,0.803226,0.239443,0.806981,NS,Concordant Up,TRUE
SPR,-0.1506,0.7397,0.93813,0.092738,0.097478,NS,Discordant (CRE Down / PLA Up),FALSE
CASP3,0.6273,-0.2618,0.268525,0.91876,0.340769,NS,Discordant (CRE Up / PLA Down),TRUE
LGMN,0.7785,-0.1086,0.169517,0.979147,0.234787,NS,Discordant (CRE Up / PLA Down),TRUE
CSTB,0.1714,-0.713,0.906699,0.074468,0.065042,NS,Discordant (CRE Up / PLA Down),FALSE
DDAH2,0.3065,-0.5777,0.807253,0.443754,0.231343,NS,Discordant (CRE Up / PLA Down),TRUE
COQ6,-0.6956,0.1879,0.193125,0.925063,0.177482,NS,Discordant (CRE Down / PLA Up),TRUE
MYH9,0.4959,-0.3867,0.414286,0.625064,0.121405,NS,Discordant (CRE Up / PLA Down),FALSE
TMLHE,-0.6815,-0.2004,0.096299,0.870182,0.525083,NS,Concordant Down,TRUE
COX20,-0.6305,0.2512,0.266023,0.942395,0.438777,NS,Discordant (CRE Down / PLA Up),TRUE
DDX19A,-0.2386,0.6425,0.839409,0.185805,0.104052,NS,Discordant (CRE Down / PLA Up),FALSE
MRPL40,0.3127,0.5684,0.734574,0.402121,0.894736,NS,Concordant Up,TRUE
TPM4,0.7885,-0.0908,0.13428,0.98433,0.208307,NS,Discordant (CRE Up / PLA Down),FALSE
FAM98B,-0.3897,0.4881,0.584027,0.434202,0.113015,NS,Discordant (CRE Down / PLA Up),TRUE
NUDCD3,0.5832,-0.2943,0.239231,0.8517,0.213634,NS,Discordant (CRE Up / PLA Down),TRUE
GMFB,0.2028,0.6744,0.909658,0.215892,0.663162,NS,Concordant Up,TRUE
SH3BGRL,0.6613,-0.2149,0.283393,0.910003,0.22509,NS,Discordant (CRE Up / PLA Down),FALSE
NID1,0.4879,-0.3861,0.592706,0.754826,0.296439,NS,Discordant (CRE Up / PLA Down),TRUE
ARF4,0.3943,-0.4783,0.489464,0.339289,0.054908,NS,Discordant (CRE Up / PLA Down),FALSE
CDNF,-0.1792,0.693,0.912693,0.481038,0.336378,NS,Discordant (CRE Down / PLA Up),TRUE
MCCC1,-0.4064,0.4657,0.454976,0.365845,0.054325,NS,Discordant (CRE Down / PLA Up),TRUE
NDUFAF4,0.1597,0.7116,0.95139,0.217797,0.59776,NS,Concordant Up,TRUE
NT5C,-0.4786,0.3923,0.390702,0.552719,0.086322,NS,Discordant (CRE Down / PLA Up),TRUE
ARHGDIA,0.3363,-0.5341,0.62713699999999994,0.262478,0.06505,NS,Discordant (CRE Up / PLA Down),FALSE
HSPB7,-0.2268,0.6422,0.82572,0.130148,0.066992,NS,Discordant (CRE Down / PLA Up),TRUE
CD14,0.4974,-0.3711,0.638534,0.721507,0.302345,NS,Discordant (CRE Up / PLA Down),TRUE
UBE2D1,-0.8188,-0.0497,0.09861,0.995333,0.303538,NS,Concordant Down,TRUE
GAA,0.3881,0.4793,0.337167,0.201422,0.975122,NS,Concordant Up,TRUE
COMMD6,-0.2915,-0.5758,0.76212,0.346415,0.859474,NS,Concordant Down,TRUE
EHD1,0.144,-0.7227,0.956746,0.201436,0.209213,NS,Discordant (CRE Up / PLA Down),FALSE
CAPG,0.8548,0.0118,0.240334,0.999837,0.434039,NS,Concordant Up,TRUE
PPP1R3A,0.1638,-0.7022,0.93285,0.191961,0.164069,NS,Discordant (CRE Up / PLA Down),TRUE
ARF6,0.3474,0.5181,0.62508300000000006,0.388869,0.944899,NS,Concordant Up,TRUE
ATG7,0.6419,0.2233,0.08061,0.909381,0.719621,NS,Concordant Up,TRUE
CAVIN4,-0.2621,0.6027,0.791326,0.236872,0.105307,NS,Discordant (CRE Down / PLA Up),TRUE
ADH1C,-0.2335,-0.6313,0.865802,0.455878,0.799567,NS,Concordant Down,TRUE
CPT1B,-0.3726,0.492,0.581986,0.408857,0.101451,NS,Discordant (CRE Down / PLA Up),TRUE
SEPTIN9,0.6949,-0.1692,0.166268,0.937686,0.174245,NS,Discordant (CRE Up / PLA Down),TRUE
PELO,-0.1769,-0.6866,0.891065,0.125951,0.486654,NS,Concordant Down,TRUE
LIMS3,-0.2393,0.6241,0.803173,0.472694,0.251541,NS,Discordant (CRE Down / PLA Up),TRUE
ABHD5,0.2917,-0.5708,0.90257,0.669974,0.501501,NS,Discordant (CRE Up / PLA Down),TRUE
IGHA1,0.5036,-0.357,0.715756,0.859637,0.493144,NS,Discordant (CRE Up / PLA Down),TRUE
SELENOP,-0.1114,-0.7492,0.977476,0.220993,0.515014,NS,Concordant Down,TRUE
TOMM5,-0.5935,0.2658,0.236988,0.812486,0.127984,NS,Discordant (CRE Down / PLA Up),TRUE
EIF4G2,-0.5134,-0.3455,0.271681,0.666816,0.942342,NS,Concordant Down,TRUE
CAB39L,0.2737,-0.5842,0.835714,0.335851,0.196996,NS,Discordant (CRE Up / PLA Down),TRUE
DMD,-0.2979,0.5597,0.734271,0.286921,0.107119,NS,Discordant (CRE Down / PLA Up),TRUE
MLIP,0.7243,-0.1316,0.324485,0.975037,0.362013,NS,Discordant (CRE Up / PLA Down),TRUE
CNN3,0.6358,-0.2194,0.37382,0.915255,0.29395,NS,Discordant (CRE Up / PLA Down),TRUE
NDUFS3,0.1182,0.7364,0.959439,0.072739,0.33999,NS,Concordant Up,FALSE
GGPS1,-0.588,0.2657,0.623313,0.91669,0.490636,NS,Discordant (CRE Down / PLA Up),TRUE
RPL21,0.1203,-0.7306,0.96193,0.085969,0.120259,NS,Discordant (CRE Up / PLA Down),TRUE
YBX3,-0.1227,0.7258,0.964843,0.14931,0.175243,NS,Discordant (CRE Down / PLA Up),FALSE
CHDH,-0.5131,-0.3354,0.229188,0.640172,0.926476,NS,Concordant Down,TRUE
ARPC2,0.6483,0.1991,0.101933,0.879334,0.575418,NS,Concordant Up,TRUE
PNPO,-0.637,-0.2103,0.081544,0.844805,0.567762,NS,Concordant Down,TRUE
PDZK1IP1,-0.1116,0.7339,0.979148,0.373171,0.371975,NS,Discordant (CRE Down / PLA Up),TRUE
PFKFB1,-0.3084,-0.5351,0.607358,0.302712,0.87973,NS,Concordant Down,TRUE
CAP1,0.4641,-0.3786,0.484871,0.650168,0.163607,NS,Discordant (CRE Up / PLA Down),FALSE
RPL35,0.2497,-0.5922,0.821149,0.253393,0.131099,NS,Discordant (CRE Up / PLA Down),TRUE
TPD52L2,0.2729,-0.5685,0.768359,0.243906,0.10215,NS,Discordant (CRE Up / PLA Down),FALSE
JPT1,-0.5261,-0.315,0.674103,0.827455,0.957254,NS,Concordant Down,TRUE
ETFRF1,-0.4642,-0.3756,0.560191,0.670344,0.988591,NS,Concordant Down,TRUE
DERA,-0.3258,-0.5137,0.77563,0.452554,0.947982,NS,Concordant Down,TRUE
FBXO7,-0.1186,0.72,0.970422,0.199499,0.228499,NS,Discordant (CRE Down / PLA Up),TRUE
PITPNA,0.2879,-0.54990000000000006,0.759762,0.303367,0.126677,NS,Discordant (CRE Up / PLA Down),FALSE
AKAP12,0.5809,-0.2554,0.38017,0.867077,0.248232,NS,Discordant (CRE Up / PLA Down),FALSE
TIMM9,-0.3314,-0.5019,0.66537,0.491163,0.951137,NS,Concordant Down,TRUE
IDH2,-0.151,0.6816,0.920209,0.069248,0.066836,NS,Discordant (CRE Down / PLA Up),FALSE
MT-ND5,-0.2934,0.5379,0.764504,0.381419,0.166114,NS,Discordant (CRE Down / PLA Up),TRUE
F13A1,0.7248,-0.1059,0.226273,0.980038,0.287345,NS,Discordant (CRE Up / PLA Down),FALSE
OBSCN,0.6829,0.1478,0.234267,0.960903,0.6241,NS,Concordant Up,TRUE
HNRNPA2B1,0.2478,-0.5807,0.788148,0.183514,0.081359,NS,Discordant (CRE Up / PLA Down),FALSE
PDK2,-0.5743,0.2542,0.389518,0.860466,0.24506,NS,Discordant (CRE Down / PLA Up),TRUE
TPSB2,0.6079,-0.219,0.420263,0.923442,0.348634,NS,Discordant (CRE Up / PLA Down),TRUE
PROS1,-0.2888,-0.5369,0.847922,0.523054,0.924521,NS,Concordant Down,TRUE
SBDS,-0.2967,0.5287,0.70633,0.272408,0.091357,NS,Discordant (CRE Down / PLA Up),FALSE
HNRNPM,0.6126,-0.2126,0.185319,0.881348,0.141803,NS,Discordant (CRE Up / PLA Down),TRUE
MAP1S,-0.205,0.62,0.825805,0.128439,0.061645,NS,Discordant (CRE Down / PLA Up),TRUE
LAMTOR2,0.2092,0.6151,0.843058,0.404377,0.741521,NS,Concordant Up,TRUE
PRPSAP2,-0.5333,-0.2909,0.258767,0.744964,0.875031,NS,Concordant Down,TRUE
NDUFS2,-0.1603,0.6627,0.924061,0.14685,0.126592,NS,Discordant (CRE Down / PLA Up),FALSE
DEFA3,0.2004,-0.6225,0.935887,0.436692,0.368958,NS,Discordant (CRE Up / PLA Down),TRUE
AZGP1,0.3324,-0.4899,0.778332,0.560186,0.286685,NS,Discordant (CRE Up / PLA Down),FALSE
NIPSNAP2,-0.3247,0.4974,0.654146,0.343421,0.10073,NS,Discordant (CRE Down / PLA Up),TRUE
PPP1R14B,0.3241,0.4978,0.729688,0.525593,0.954371,NS,Concordant Up,TRUE
ACAA1,-0.721,-0.0999,0.068181,0.972934,0.334389,NS,Concordant Down,TRUE
TNNI1,-0.0334,0.7868,0.99855,0.347127,0.455063,NS,Discordant (CRE Down / PLA Up),TRUE
CSRP3,0.08,0.7394,0.980525,0.068373,0.264425,NS,Concordant Up,TRUE
MT-ATP8,-0.1289,0.6894,0.969576,0.291948,0.308757,NS,Discordant (CRE Down / PLA Up),TRUE
MAP2K4,-0.2029,0.6142,0.848373,0.117178,0.06987,NS,Discordant (CRE Down / PLA Up),TRUE
YKT6,0.236,-0.5806,0.858421,0.296903,0.185574,NS,Discordant (CRE Up / PLA Down),TRUE
PDLIM5,-0.1269,0.6896,0.966399,0.234865,0.253089,NS,Discordant (CRE Down / PLA Up),FALSE
SDCBP,0.1916,-0.6245,0.863866,0.113923,0.071692,NS,Discordant (CRE Up / PLA Down),TRUE
HINT2,-0.3479,-0.4677,0.662763,0.481819,0.97508,NS,Concordant Down,TRUE
OGN,0.8133,0.0021,0.204405,0.999994,0.380705,NS,Concordant Up,TRUE
CD99,-0.2993,0.5161,0.845955,0.300495,0.259382,NS,Discordant (CRE Down / PLA Up),TRUE
ESAM,0.2223,-0.5923,0.851793,0.291493,0.164721,NS,Discordant (CRE Up / PLA Down),TRUE
TAGLN2,0.4915,-0.323,0.46796,0.758847,0.217365,NS,Discordant (CRE Up / PLA Down),FALSE
SUCLA2,-0.1465,0.6671,0.932268,0.107377,0.104872,NS,Discordant (CRE Down / PLA Up),FALSE
PRKCD,-0.3646,-0.4489,0.719484,0.555463,0.989757,NS,Concordant Down,TRUE
JPH1,-0.508,0.305,0.433724,0.795934,0.2283,NS,Discordant (CRE Down / PLA Up),TRUE
PDAP1,-0.1975,0.6153,0.852692,0.109029,0.065962,NS,Discordant (CRE Down / PLA Up),FALSE
VKORC1L1,-0.1507,-0.6618,0.920113,0.115303,0.454689,NS,Concordant Down,TRUE
NUDT4,0.0878,0.7244,0.977071,0.072235,0.294615,NS,Concordant Up,TRUE
DPP9,-0.4262,0.3859,0.616063,0.705481,0.281258,NS,Discordant (CRE Down / PLA Up),TRUE
TACC2,-0.2195,-0.5916,0.798279,0.095596,0.615498,NS,Concordant Down,TRUE
COX7A1,0.1191,0.6914,0.961607,0.128521,0.438064,NS,Concordant Up,FALSE
NDUFA8,0.0814,0.7289,0.984138,0.12506,0.372552,NS,Concordant Up,TRUE
BABAM2,0.2116,0.5977,0.873871,0.290685,0.732853,NS,Concordant Up,TRUE
DCPS,-0.2098,0.5971,0.851519,0.195203,0.113398,NS,Discordant (CRE Down / PLA Up),TRUE
LRRC20,-0.5363,0.2684,0.324619,0.81187,0.173,NS,Discordant (CRE Down / PLA Up),TRUE
ECM1,-0.2543,-0.55,0.820376,0.260081,0.825905,NS,Concordant Down,TRUE
SDHD,-0.4032,0.4009,0.647057,0.684241,0.278149,NS,Discordant (CRE Down / PLA Up),TRUE
IQGAP1,0.7046,0.098,0.127188,0.977022,0.419101,NS,Concordant Up,FALSE
TNNI2,0.2894,0.5122,0.880615,0.687509,0.955656,NS,Concordant Up,TRUE
PFN1,0.2463,-0.5553,0.792055,0.221252,0.100618,NS,Discordant (CRE Up / PLA Down),FALSE
CYGB,0.2191,-0.5824,0.86572,0.37273,0.220638,NS,Discordant (CRE Up / PLA Down),TRUE
PDLIM2,-0.5974,0.2038,0.378307,0.933958,0.355185,NS,Discordant (CRE Down / PLA Up),TRUE
HLA-DRA,-0.1915,-0.6094,0.86531,0.166744,0.607331,NS,Concordant Down,TRUE
USP7,-0.3001,0.5005,0.616255,0.226424,0.050887,NS,Discordant (CRE Down / PLA Up),TRUE
ATP5F1D,0.6064,0.1935,0.198992,0.895702,0.670925,NS,Concordant Up,FALSE
CUL5,-0.2032,0.5967,0.86792,0.188918,0.119985,NS,Discordant (CRE Down / PLA Up),FALSE
NDUFB11,0.0235,0.7751,0.998782,0.098272,0.257877,NS,Concordant Up,FALSE
GALM,-0.1121,0.6848,0.960123,0.083957,0.107243,NS,Discordant (CRE Down / PLA Up),FALSE
NDUFS8,-0.1681,0.6282,0.940577,0.352807,0.296999,NS,Discordant (CRE Down / PLA Up),TRUE
SGCD,-0.3755,0.42,0.512608,0.435123,0.087288,NS,Discordant (CRE Down / PLA Up),FALSE
HLA-B,0.3166,-0.4789,0.591959,0.316997,0.071559,NS,Discordant (CRE Up / PLA Down),TRUE
STK38,-0.3682,0.4272,0.531911,0.712335,0.291928,NS,Discordant (CRE Down / PLA Up),TRUE
BPGM,0.3027,-0.4926,0.820025,0.56449800000000006,0.324754,NS,Discordant (CRE Up / PLA Down),FALSE
H1-0,-0.4019,0.3925,0.571931,0.624346,0.194317,NS,Discordant (CRE Down / PLA Up),TRUE
SLC25A46,-0.0728,0.7215,0.986837,0.414943,0.389453,NS,Discordant (CRE Down / PLA Up),TRUE
STK24,0.1971,-0.5963,0.90647200000000006,0.429082,0.301737,NS,Discordant (CRE Up / PLA Down),TRUE
PDXK,0.2993,-0.494,0.680578,0.299902,0.093171,NS,Discordant (CRE Up / PLA Down),FALSE
NRBP1,0.0534,0.7398,0.990273,0.298478,0.407014,NS,Concordant Up,TRUE
TPP2,-0.2856,0.506,0.644726,0.216895,0.053185,NS,Discordant (CRE Down / PLA Up),TRUE
CYB5R3,0.2079,-0.5816,0.888107,0.300547,0.206363,NS,Discordant (CRE Up / PLA Down),FALSE
PRKRA,-0.5586,-0.2297,0.287756,0.882445,0.816388,NS,Concordant Down,TRUE
SCO1,0.336,0.4518,0.723591,0.535412,0.978826,NS,Concordant Up,TRUE
PDHB,-0.0669,0.7209,0.986942,0.069513,0.127126,NS,Discordant (CRE Down / PLA Up),FALSE
EIPR1,-0.0585,-0.7293,0.988569,0.13464,0.283753,NS,Concordant Down,TRUE
CD99L2,-0.3954,-0.3923,0.41243,0.486492,0.999978,NS,Concordant Down,TRUE
MRPL49,0.3696,0.418,0.686783,0.638439,0.996756,NS,Concordant Up,TRUE
RPS13,0.3295,0.4576,0.630925,0.395554,0.964494,NS,Concordant Up,TRUE
MTM1,-0.0545,0.7325,0.992736,0.252464,0.286736,NS,Discordant (CRE Down / PLA Up),TRUE
TIMM13,-0.4854,0.3006,0.450033,0.766346,0.209146,NS,Discordant (CRE Down / PLA Up),TRUE
ARL8A,-0.2904,0.4939,0.750047,0.385175,0.163716,NS,Discordant (CRE Down / PLA Up),TRUE
MIF,0.3456,-0.4374,0.606307,0.43472,0.119303,NS,Discordant (CRE Up / PLA Down),FALSE
RPL4,0.3733,0.4083,0.298955,0.239334,0.995912,NS,Concordant Up,FALSE
SULT1A1,0.4472,-0.3342,0.593586,0.779658,0.314499,NS,Discordant (CRE Up / PLA Down),TRUE
DAG1,-0.6557,-0.124,0.061611,0.945717,0.367958,NS,Concordant Down,FALSE
ISCA1,-0.30620000000000003,-0.4733,0.716541,0.547109,0.953548,NS,Concordant Down,TRUE
PGRMC1,0.4259,-0.3535,0.459737,0.619686,0.136672,NS,Discordant (CRE Up / PLA Down),FALSE
GNAI2,0.4014,-0.3777,0.626795,0.67792,0.258241,NS,Discordant (CRE Up / PLA Down),FALSE
MYOC,0.4222,-0.3565,0.809338,0.845876,0.563775,NS,Discordant (CRE Up / PLA Down),TRUE
TCEA3,-0.4069,-0.3713,0.593373,0.747902,0.998322,NS,Concordant Down,TRUE
MAPK9,-0.0365,0.7409,0.996731,0.183833,0.251999,NS,Discordant (CRE Down / PLA Up),TRUE
USP9X,0.2923,0.4845,0.591085,0.194221,0.883401,NS,Concordant Up,TRUE
LAMTOR1,0.2964,-0.4801,0.672157,0.441379,0.149267,NS,Discordant (CRE Up / PLA Down),TRUE
PRELP,0.4453,-0.331,0.794964,0.89034,0.604332,NS,Discordant (CRE Up / PLA Down),FALSE
RPA2,-0.3723,0.4036,0.500272,0.427185,0.082305,NS,Discordant (CRE Down / PLA Up),TRUE
CD63,0.3497,-0.4259,0.700231,0.600679,0.255407,NS,Discordant (CRE Up / PLA Down),TRUE
DPYSL2,0.4638,-0.3115,0.45859,0.743901,0.201451,NS,Discordant (CRE Up / PLA Down),FALSE
PCBD2,-0.4656,0.3093,0.362891,0.700267,0.131451,NS,Discordant (CRE Down / PLA Up),TRUE
CLIP2,-0.3288,0.4449,0.565429,0.508988,0.143903,NS,Discordant (CRE Down / PLA Up),TRUE
NDUFB9,0.2987,0.4738,0.777915,0.496978,0.950144,NS,Concordant Up,TRUE
ATP5PF,-0.1876,0.5831,0.875495,0.165118,0.109308,NS,Discordant (CRE Down / PLA Up),FALSE
DGLUCY,-0.4848,0.2851,0.515429,0.818482,0.28996,NS,Discordant (CRE Down / PLA Up),TRUE
GHITM,-0.2429,0.525,0.888549,0.498044,0.352748,NS,Discordant (CRE Down / PLA Up),TRUE
KDSR,-0.4717,0.2953,0.566535,0.900118,0.488516,NS,Discordant (CRE Down / PLA Up),TRUE
LYPLA2,-0.39,0.3763,0.482996,0.528303,0.109033,NS,Discordant (CRE Down / PLA Up),FALSE
NDUFS4,0.1467,0.6189,0.949343,0.290386,0.648979,NS,Concordant Up,TRUE
GSTM3,-0.3604,0.4046,0.735914,0.68271,0.340305,NS,Discordant (CRE Down / PLA Up),FALSE
RASA4,0.1153,-0.6489,0.96128,0.213229,0.204776,NS,Discordant (CRE Up / PLA Down),TRUE
PHPT1,-0.4782,0.2851,0.319871,0.725098,0.121484,NS,Discordant (CRE Down / PLA Up),FALSE
CYCS,-0.2153,0.5471,0.8632,0.296063,0.182483,NS,Discordant (CRE Down / PLA Up),FALSE
FHL3,-0.5749,0.1871,0.418677,0.938808,0.371935,NS,Discordant (CRE Down / PLA Up),TRUE
MYOM2,-0.2745,0.4858,0.855582,0.608441,0.389827,NS,Discordant (CRE Down / PLA Up),TRUE
ARPP19,-0.5964,0.1639,0.133735,0.912581,0.122683,NS,Discordant (CRE Down / PLA Up),TRUE
BTF3,0.4889,-0.2708,0.399787,0.861134,0.302187,NS,Discordant (CRE Up / PLA Down),TRUE
MYLK2,-0.5805,-0.179,0.392079,0.939623,0.779908,NS,Concordant Down,TRUE
HNRNPK,0.1474,-0.6121,0.903977,0.063447,0.054914,NS,Discordant (CRE Up / PLA Down),FALSE
SLC25A5,-0.1882,0.5709,0.886335,0.21974,0.150977,NS,Discordant (CRE Down / PLA Up),FALSE
GNB1,0.133,-0.6255,0.9538,0.218821,0.218551,NS,Discordant (CRE Up / PLA Down),FALSE
CACNA1S,-0.3005,-0.4564,0.577384,0.276207,0.927995,NS,Concordant Down,TRUE
STEAP4,0.0924,0.6635,0.976326,0.477045,0.629409,NS,Concordant Up,TRUE
HCCS,0.1423,-0.6129,0.929431,0.17458,0.143141,NS,Discordant (CRE Up / PLA Down),TRUE
COQ10B,-0.2091,0.546,0.919408,0.500294,0.388548,NS,Discordant (CRE Down / PLA Up),TRUE
VCL,0.2482,-0.5065,0.769099,0.259072,0.10856,NS,Discordant (CRE Up / PLA Down),FALSE
COMTD1,-0.1055,0.6482,0.976328,0.535468,0.47739,NS,Discordant (CRE Down / PLA Up),TRUE
SUOX,-0.2559,-0.4976,0.733132,0.236763,0.842065,NS,Concordant Down,TRUE
PLS3,0.5848,-0.1683,0.311805,0.935596,0.275896,NS,Discordant (CRE Up / PLA Down),FALSE
NAA50,-0.1958,-0.5572,0.846757,0.227086,0.683943,NS,Concordant Down,TRUE
NNT,-0.0758,0.6768,0.981761,0.080093,0.130442,NS,Discordant (CRE Down / PLA Up),FALSE
MVP,0.6575,-0.0947,0.202119,0.981555,0.284676,NS,Discordant (CRE Up / PLA Down),TRUE
RCN2,0.371,0.3808,0.522922,0.502064,0.999796,NS,Concordant Up,TRUE
NAMPT,0.1419,0.6098,0.933356,0.147658,0.5261,NS,Concordant Up,FALSE
RTCA,-0.3837,0.3657,0.521726,0.600548,0.156754,NS,Discordant (CRE Down / PLA Up),TRUE
CD9,0.1333,-0.6154,0.971544,0.45323,0.44566,NS,Discordant (CRE Up / PLA Down),TRUE
UQCRB,-0.1682,0.5803,0.903906,0.180133,0.137272,NS,Discordant (CRE Down / PLA Up),FALSE
CSE1L,-0.2224,0.5241,0.782307,0.165272,0.070377,NS,Discordant (CRE Down / PLA Up),FALSE
ARL2,-0.1369,0.6084,0.933823,0.291085,0.213746,NS,Discordant (CRE Down / PLA Up),TRUE
PPP5C,-0.2032,0.542,0.837383,0.180842,0.098956,NS,Discordant (CRE Down / PLA Up),FALSE
CFL1,0.1679,-0.577,0.913786,0.226669,0.178214,NS,Discordant (CRE Up / PLA Down),FALSE
TOMM40,-0.512,0.2326,0.368449,0.8691,0.254195,NS,Discordant (CRE Down / PLA Up),TRUE
MYLK,-0.2401,-0.5038,0.806868,0.313675,0.844899,NS,Concordant Down,FALSE
ARF1,0.4098,-0.3332,0.453903,0.629607,0.137945,NS,Discordant (CRE Up / PLA Down),FALSE
SH3BGRL3,0.6301,-0.1129,0.284721,0.97412,0.323786,NS,Discordant (CRE Up / PLA Down),TRUE
ACADM,-0.2515,0.4905,0.789242,0.339931,0.159247,NS,Discordant (CRE Down / PLA Up),FALSE
GCSH,-0.2754,0.466,0.786111,0.459934,0.226016,NS,Discordant (CRE Down / PLA Up),FALSE
RTN3,0.1974,-0.5427,0.922817,0.488032,0.380167,NS,Discordant (CRE Up / PLA Down),TRUE
TMEM230,0.6775,-0.0623,0.655303,0.997238,0.719318,NS,Discordant (CRE Up / PLA Down),TRUE
GYPC,0.5911,-0.1475,0.312414,0.95481,0.315775,NS,Discordant (CRE Up / PLA Down),TRUE
MYH11,-0.0013,0.7364,0.999997,0.223481,0.382477,NS,Discordant (CRE Down / PLA Up),TRUE
EIF4B,-0.2992,-0.4384,0.693438,0.485635,0.960607,NS,Concordant Down,TRUE
STAMBP,-0.6546,0.0829,0.184725,0.983699,0.258478,NS,Discordant (CRE Down / PLA Up),TRUE
CUL4A,0.0662,0.6706,0.989579,0.210705,0.445944,NS,Concordant Up,TRUE
ATP2B2,-0.1664,-0.5688,0.89448,0.281348,0.654601,NS,Concordant Down,TRUE
PMPCA,0.439,0.296,0.444416,0.745299,0.959547,NS,Concordant Up,TRUE
UFD1,0.04,0.6946,0.994518,0.068207,0.209376,NS,Concordant Up,TRUE
LXN,0.2202,-0.5142,0.898839,0.502143,0.360835,NS,Discordant (CRE Up / PLA Down),TRUE
COQ8A,-0.2526,0.481,0.788007,0.372924,0.174958,NS,Discordant (CRE Down / PLA Up),TRUE
DCD,0.4666,-0.2664,0.769109,0.940796,0.669266,NS,Discordant (CRE Up / PLA Down),TRUE
BCL2L13,-0.2599,0.473,0.768499,0.37353,0.163962,NS,Discordant (CRE Down / PLA Up),TRUE
SYPL1,-0.4273,0.3043,0.289481,0.592564,0.065515,NS,Discordant (CRE Down / PLA Up),FALSE
PYURF,-0.3521,0.3794,0.831237,0.768863,0.511389,NS,Discordant (CRE Down / PLA Up),TRUE
TMEM38A,0.202,-0.5287,0.917904,0.51133,0.389702,NS,Discordant (CRE Up / PLA Down),TRUE
RPL11,0.2838,0.4464,0.704088,0.377024,0.937256,NS,Concordant Up,FALSE
SNRPD2,0.3339,-0.3961,0.599685,0.54728,0.169366,NS,Discordant (CRE Up / PLA Down),TRUE
SERPINB1,0.3282,0.4017,0.522031,0.365502,0.985012,NS,Concordant Up,FALSE
VDAC3,-0.1189,0.6099,0.960103,0.202357,0.213965,NS,Discordant (CRE Down / PLA Up),FALSE
NDUFV1,-0.0499,0.6786,0.993276,0.118537,0.204866,NS,Discordant (CRE Down / PLA Up),FALSE
ATP1A2,-0.3263,0.4013,0.657656,0.550509,0.197695,NS,Discordant (CRE Down / PLA Up),TRUE
MAP1LC3B2,-0.3215,0.4053,0.683668,0.535927,0.204544,NS,Discordant (CRE Down / PLA Up),FALSE
PPP1CB,-0.0672,0.659,0.983701,0.05849,0.106768,NS,Discordant (CRE Down / PLA Up),FALSE
PPP2R2A,-0.1586,0.5673,0.902533,0.145658,0.112251,NS,Discordant (CRE Down / PLA Up),FALSE
CHCHD3,-0.107,0.6187,0.965626,0.163005,0.18806,NS,Discordant (CRE Down / PLA Up),FALSE
MAP2K3,-0.3284,0.3968,0.696174,0.610344,0.257613,NS,Discordant (CRE Down / PLA Up),TRUE
CLIC1,0.408,-0.3169,0.584059,0.749883,0.280878,NS,Discordant (CRE Up / PLA Down),FALSE
ZBTB9,0.059,0.6647,0.991816,0.347013,0.519061,NS,Concordant Up,TRUE
ACAT2,-0.1861,-0.536,0.929162,0.466603,0.826545,NS,Concordant Down,TRUE
DCXR,-0.2321,0.4899,0.842642,0.3994,0.230841,NS,Discordant (CRE Down / PLA Up),FALSE
CALR,0.3433,-0.3782,0.512824,0.44818,0.090829,NS,Discordant (CRE Up / PLA Down),FALSE
TXNDC5,0.2768,-0.4446,0.836836,0.628607,0.386268,NS,Discordant (CRE Up / PLA Down),TRUE
STOM,0.2537,-0.4669,0.891519,0.653365,0.472079,NS,Discordant (CRE Up / PLA Down),FALSE
CLINT1,-0.0224,-0.698,0.998636,0.190344,0.323388,NS,Concordant Down,TRUE
CISD1,0.1014,0.6182,0.962447,0.105591,0.393345,NS,Concordant Up,TRUE
HTRA2,-0.2718,0.4477,0.769779,0.501784,0.236844,NS,Discordant (CRE Down / PLA Up),TRUE
MYH3,-0.3716,0.3464,0.833689,0.885067,0.642193,NS,Discordant (CRE Down / PLA Up),TRUE
CPT1A,-0.3041,-0.4127,0.788825,0.684611,0.98424,NS,Concordant Down,TRUE
MESD,-0.452,-0.2646,0.649213,0.863009,0.956071,NS,Concordant Down,TRUE
IDE,-0.257,0.4592,0.755208,0.349877,0.145611,NS,Discordant (CRE Down / PLA Up),FALSE
HNRNPC,0.4898,-0.225,0.461723,0.890716,0.336673,NS,Discordant (CRE Up / PLA Down),TRUE
NPC2,0.1946,-0.5202,0.893003,0.362881,0.251404,NS,Discordant (CRE Up / PLA Down),TRUE
CYTH1,-0.5807,0.1339,0.221125,0.938836,0.189607,NS,Discordant (CRE Down / PLA Up),TRUE
BCHE,-0.3579,0.3555,0.826122,0.79236,0.528059,NS,Discordant (CRE Down / PLA Up),TRUE
DSTN,0.2816,-0.4316,0.703771,0.399245,0.144374,NS,Discordant (CRE Up / PLA Down),FALSE
CAPZA1,0.549,-0.1626,0.352698,0.938149,0.310301,NS,Discordant (CRE Up / PLA Down),FALSE
LONP1,0.144,0.5672,0.924818,0.166025,0.568636,NS,Concordant Up,FALSE
ACTN4,0.6473,-0.0639,0.366123,0.993561,0.461985,NS,Discordant (CRE Up / PLA Down),FALSE
MT-ND1,-0.4836,-0.2271,0.613514,0.914612,0.923953,NS,Concordant Down,TRUE
IGHA2,-0.3079,-0.4027,0.844893,0.74856,0.990641,NS,Concordant Down,TRUE
S100A6,0.1124,-0.598,0.982846,0.54682,0.553564,NS,Discordant (CRE Up / PLA Down),TRUE
UBA3,-0.2557,0.4545,0.76941,0.381512,0.169654,NS,Discordant (CRE Down / PLA Up),FALSE
SND1,0.3903,-0.3194,0.385262,0.641435,0.12295,NS,Discordant (CRE Up / PLA Down),TRUE
IPO7,-0.3695,0.3399,0.436772,0.523729,0.090959,NS,Discordant (CRE Down / PLA Up),FALSE
NDUFB3,0.0424,0.6667,0.995385,0.146838,0.355852,NS,Concordant Up,FALSE
ZYX,0.2795,-0.4294,0.673615,0.351194,0.110198,NS,Discordant (CRE Up / PLA Down),FALSE
MAN2C1,-0.5922,-0.1162,0.169719,0.961521,0.538485,NS,Concordant Down,TRUE
GYS1,-0.0525,0.6548,0.992717,0.179658,0.257401,NS,Discordant (CRE Down / PLA Up),TRUE
FN3K,-0.3324,0.3744,0.605263,0.554377,0.171934,NS,Discordant (CRE Down / PLA Up),TRUE
LAP3,0.163,-0.5435,0.892724,0.16233,0.117034,NS,Discordant (CRE Up / PLA Down),FALSE
SMYD1,-0.346,0.3599,0.65522,0.665092,0.267424,NS,Discordant (CRE Down / PLA Up),TRUE
PREP,-0.3727,0.3329,0.517937,0.62882,0.167139,NS,Discordant (CRE Down / PLA Up),FALSE
RPA3,-0.1733,0.5319,0.915243,0.483975,0.345157,NS,Discordant (CRE Down / PLA Up),TRUE
GPT2,-0.4075,-0.2975,0.641687,0.839261,0.984315,NS,Concordant Down,TRUE
TTR,0.3574,-0.3472,0.793648,0.812228,0.509409,NS,Discordant (CRE Up / PLA Down),FALSE
NDUFAB1,-0.0818,0.6223,0.976374,0.095759,0.138964,NS,Discordant (CRE Down / PLA Up),FALSE
DTD1,-0.6327,0.071,0.074253,0.985746,0.17437,NS,Discordant (CRE Down / PLA Up),TRUE
RUVBL1,0.4383,-0.2647,0.482785,0.803765,0.257175,NS,Discordant (CRE Up / PLA Down),TRUE
PARP1,-0.3553,0.3473,0.466656,0.508027,0.096081,NS,Discordant (CRE Down / PLA Up),TRUE
RBM8A,0.355,-0.3476,0.639545,0.672712,0.265389,NS,Discordant (CRE Up / PLA Down),TRUE
IDH1,0.0339,-0.6682,0.996744,0.105086,0.204339,NS,Discordant (CRE Up / PLA Down),FALSE
GSTZ1,-0.2903,0.4112,0.769448,0.598153,0.301492,NS,Discordant (CRE Down / PLA Up),TRUE
SEPTIN7,0.4315,-0.2695,0.462828,0.781209,0.227506,NS,Discordant (CRE Up / PLA Down),FALSE
RRAS,-0.2119,-0.4882,0.868274,0.398071,0.849288,NS,Concordant Down,FALSE
SF3B2,-0.3979,-0.3021,0.657048,0.789776,0.986526,NS,Concordant Down,TRUE
RPS11,-0.4874,-0.2118,0.331925,0.865891,0.8368,NS,Concordant Down,TRUE
CES2,0.1386,0.5603,0.944026,0.327988,0.670479,NS,Concordant Up,TRUE
VDAC1,-0.2,0.4983,0.868638,0.327573,0.205782,NS,Discordant (CRE Down / PLA Up),FALSE
MAP3K20,-0.5201,-0.1782,0.359617,0.923575,0.792967,NS,Concordant Down,TRUE
CSNK2B,-0.4585,0.2397,0.281213,0.772909,0.125511,NS,Discordant (CRE Down / PLA Up),TRUE
NCK1,-0.1307,0.5666,0.973166,0.51835,0.507608,NS,Discordant (CRE Down / PLA Up),TRUE
SLMAP,-0.2764,-0.4203,0.688384,0.472138,0.951643,NS,Concordant Down,TRUE
EMD,-0.6587,0.0379,0.205708,0.996738,0.317703,NS,Discordant (CRE Down / PLA Up),TRUE
GPD1L,-0.333,0.363,0.705077,0.665315,0.301226,NS,Discordant (CRE Down / PLA Up),FALSE
NOL3,-0.2639,0.432,0.781258,0.490297,0.239035,NS,Discordant (CRE Down / PLA Up),TRUE
LMAN2,0.1185,0.5763,0.942991,0.128792,0.464676,NS,Concordant Up,TRUE
P4HB,0.2263,-0.4683,0.767847,0.241812,0.099319,NS,Discordant (CRE Up / PLA Down),FALSE
PHYKPL,0.2616,-0.433,0.654653,0.337686,0.09626,NS,Discordant (CRE Up / PLA Down),TRUE
TMEM65,-0.0664,0.6273,0.989033,0.442543,0.434769,NS,Discordant (CRE Down / PLA Up),TRUE
CAND2,-0.5136,0.1799,0.30598,0.910084,0.247401,NS,Discordant (CRE Down / PLA Up),TRUE
SNX12,-0.1759,-0.5173,0.926188,0.41416,0.80437,NS,Concordant Down,TRUE
RAB12,-0.5072,-0.1852,0.138412,0.859542,0.688183,NS,Concordant Down,TRUE
AGT,0.3874,0.3041,0.717574,0.830901,0.991667,NS,Concordant Up,FALSE
ACACB,0.5155,-0.176,0.332448,0.932015,0.321738,NS,Discordant (CRE Up / PLA Down),TRUE
ABHD11,-0.0888,0.6027,0.982753,0.295506,0.351481,NS,Discordant (CRE Down / PLA Up),TRUE
AP1G1,0.0716,-0.6199,0.984972,0.503864,0.462176,NS,Discordant (CRE Up / PLA Down),TRUE
GCN1,0.0016,0.6895,0.999995,0.335785,0.460205,NS,Concordant Up,TRUE
COL18A1,0.0417,-0.6488,0.995054,0.125363,0.221451,NS,Discordant (CRE Up / PLA Down),TRUE
KCTD12,0.4707,-0.2195,0.390829,0.865199,0.256695,NS,Discordant (CRE Up / PLA Down),TRUE
PLEC,0.3985,0.2914,0.576265,0.77356,0.980033,NS,Concordant Up,FALSE
TMOD1,0.5272,0.1616,0.496793,0.950649,0.820611,NS,Concordant Up,TRUE
SCAMP3,-0.1087,-0.5785,0.967299,0.353379,0.626323,NS,Concordant Down,TRUE
H2BC4,0.1734,-0.5136,0.954019,0.616131,0.539741,NS,Discordant (CRE Up / PLA Down),FALSE
LSS,-0.3562,-0.3303,0.457451,0.5298,0.998232,NS,Concordant Down,TRUE
NUP93,0.0516,-0.6344,0.992585,0.372235,0.384819,NS,Discordant (CRE Up / PLA Down),TRUE
GPS1,-0.2841,0.4015,0.702452,0.480971,0.183692,NS,Discordant (CRE Down / PLA Up),FALSE
ITGB1,0.0877,-0.5971,0.979777,0.238161,0.284372,NS,Discordant (CRE Up / PLA Down),FALSE
NIPSNAP3B,-0.4975,0.1871,0.470354,0.93187,0.405843,NS,Discordant (CRE Down / PLA Up),TRUE
GLUD1,0.4762,-0.2079,0.304467,0.848603,0.181951,NS,Discordant (CRE Up / PLA Down),FALSE
RRAGC,-0.5052,0.1785,0.258322,0.939323,0.349253,NS,Discordant (CRE Down / PLA Up),TRUE
ACSL3,-0.045,0.6371,0.994045,0.137544,0.224545,NS,Discordant (CRE Down / PLA Up),TRUE
CAPZB,0.5101,0.172,0.333414,0.916342,0.770023,NS,Concordant Up,FALSE
MYCBP,-0.6029,0.0787,0.230165,0.978982,0.241361,NS,Discordant (CRE Down / PLA Up),TRUE
ERP29,0.1751,0.5056,0.866573,0.227817,0.696142,NS,Concordant Up,TRUE
MTDH,0.3368,-0.3426,0.497801,0.614749,0.163214,NS,Discordant (CRE Up / PLA Down),TRUE
RO60,0.1838,0.4954,0.90759,0.469978,0.830917,NS,Concordant Up,TRUE
ATP5PD,-0.1355,0.5419,0.940979,0.248551,0.223709,NS,Discordant (CRE Down / PLA Up),FALSE
LPP,0.3769,-0.3005,0.574062,0.738438,0.265759,NS,Discordant (CRE Up / PLA Down),TRUE
APOOL,-0.195,0.4819,0.893929,0.442452,0.306697,NS,Discordant (CRE Down / PLA Up),TRUE
DNAJB4,0.2693,0.4074,0.819748,0.639283,0.97061,NS,Concordant Up,TRUE
MOB1A,-0.34,0.3365,0.590972,0.808162,0.408395,NS,Discordant (CRE Down / PLA Up),TRUE
SYNCRIP,0.4951,0.1808,0.074678,0.802554,0.59728,NS,Concordant Up,FALSE
NUBPL,-0.4448,0.2311,0.461974,0.879684,0.340158,NS,Discordant (CRE Down / PLA Up),TRUE
KLHL40,-0.1244,0.5513,0.971234,0.506044,0.479299,NS,Discordant (CRE Down / PLA Up),TRUE
STT3B,0.1902,0.4843,0.955233,0.630757,0.915831,NS,Concordant Up,TRUE
HLA-A,0.4299,-0.2445,0.37298,0.778633,0.174168,NS,Discordant (CRE Up / PLA Down),FALSE
PRKG1,-0.566,0.1079,0.310165,0.974659,0.359648,NS,Discordant (CRE Down / PLA Up),TRUE
IGFBP5,0.5677,-0.106,0.228598,0.971976,0.290358,NS,Discordant (CRE Up / PLA Down),TRUE
NAA10,0.5667,0.1069,0.231802,0.969189,0.585561,NS,Concordant Up,TRUE
ATP2B1,-0.534,0.1396,0.163257,0.929614,0.161522,NS,Discordant (CRE Down / PLA Up),TRUE
MYO18A,0.2378,0.4348,0.769668,0.476418,0.911085,NS,Concordant Up,TRUE
IBA57,-0.3914,0.2811,0.628172,0.845814,0.416173,NS,Discordant (CRE Down / PLA Up),TRUE
TNNT1,0.0199,0.6523,0.999526,0.536575,0.670571,NS,Concordant Up,TRUE
HSDL2,-0.2519,0.4203,0.771517,0.440244,0.202878,NS,Discordant (CRE Down / PLA Up),FALSE
BIN1,-0.10780000000000001,0.5641,0.96887,0.286054,0.300457,NS,Discordant (CRE Down / PLA Up),FALSE
IMPA1,-0.3158,0.3559,0.691153,0.627492,0.264146,NS,Discordant (CRE Down / PLA Up),FALSE
COPZ1,-0.3839,0.2876,0.551721,0.767856,0.277718,NS,Discordant (CRE Down / PLA Up),TRUE
CSRP2,-0.6152,-0.0556,0.456351,0.994593,0.639991,NS,Concordant Down,TRUE
NIPSNAP3A,-0.2778,0.3928,0.781556,0.620485,0.327135,NS,Discordant (CRE Down / PLA Up),TRUE
C4A,0.2102,-0.4602,0.923894,0.689266,0.542278,NS,Discordant (CRE Up / PLA Down),TRUE
CCS,0.0953,-0.575,0.980066,0.340841,0.3808,NS,Discordant (CRE Up / PLA Down),TRUE
PLPBP,-0.3383,0.3316,0.610413,0.637739,0.219635,NS,Discordant (CRE Down / PLA Up),FALSE
RPS5,-0.1515,0.5166,0.910555,0.211604,0.163539,NS,Discordant (CRE Down / PLA Up),FALSE
NDUFA10,0.0357,0.6323,0.996594,0.164169,0.371106,NS,Concordant Up,FALSE
SCCPDH,0.1082,0.5588,0.956638,0.157634,0.499426,NS,Concordant Up,FALSE
EEF1A1,0.2377,-0.4287,0.79847,0.426907,0.213144,NS,Discordant (CRE Up / PLA Down),FALSE
RAB7A,0.1158,-0.55,0.928783,0.063019,0.064623,NS,Discordant (CRE Up / PLA Down),FALSE
FLNA,0.3357,-0.3299,0.732899,0.751258,0.392244,NS,Discordant (CRE Up / PLA Down),FALSE
NDRG2,-0.1576,0.5063,0.923483,0.347428,0.272195,NS,Discordant (CRE Down / PLA Up),FALSE
DBI,0.0212,-0.6426,0.998361,0.051155,0.135302,NS,Discordant (CRE Up / PLA Down),FALSE
NUBP1,-0.2256,0.4369,0.844341,0.527871,0.313046,NS,Discordant (CRE Down / PLA Up),TRUE
FUNDC2,-0.1782,0.4838,0.910852,0.419195,0.312408,NS,Discordant (CRE Down / PLA Up),FALSE
RPA1,-0.3392,0.3228,0.691053,0.789654,0.406172,NS,Discordant (CRE Down / PLA Up),TRUE
COX5A,0.1519,0.51,0.92139,0.279877,0.701222,NS,Concordant Up,FALSE
DNAJA2,-0.1125,0.5476,0.955125,0.191043,0.196306,NS,Discordant (CRE Down / PLA Up),FALSE
FKBP4,-0.3553,0.3044,0.541713,0.665705,0.197378,NS,Discordant (CRE Down / PLA Up),FALSE
IGHM,0.425,0.2341,0.770277,0.933207,0.969084,NS,Concordant Up,FALSE
CTSB,0.3049,-0.3542,0.68397,0.597742,0.239794,NS,Discordant (CRE Up / PLA Down),FALSE
L2HGDH,-0.1641,0.4948,0.933564,0.491576,0.391983,NS,Discordant (CRE Down / PLA Up),TRUE
HPR,0.0019,0.6562,0.999995,0.394722,0.557498,NS,Concordant Up,TRUE
NIF3L1,-0.2218,0.4361,0.764033,0.277943,0.114039,NS,Discordant (CRE Down / PLA Up),FALSE
SLC25A3,0.1748,0.4828,0.861676,0.210841,0.71175600000000006,NS,Concordant Up,FALSE
IGKV3-20,0.3672,-0.29,0.801111,0.880576,0.595293,NS,Discordant (CRE Up / PLA Down),FALSE
MPI,-0.2909,0.3657,0.668211,0.529776,0.19058,NS,Discordant (CRE Down / PLA Up),TRUE
GLRX5,0.203,0.4536,0.883786,0.456023,0.877782,NS,Concordant Up,TRUE
H3-3A,-0.3789,-0.2774,0.811395,0.902938,0.991221,NS,Concordant Down,FALSE
LRRC47,-0.269,0.3858,0.733555,0.502347,0.214025,NS,Discordant (CRE Down / PLA Up),FALSE
ITGA1,0.1698,-0.4848,0.906695,0.400985,0.285266,NS,Discordant (CRE Up / PLA Down),TRUE
SARS2,-0.0467,-0.6079,0.993534,0.32444,0.484955,NS,Concordant Down,TRUE
CUL1,-0.1815,0.4718,0.866481,0.292912,0.178767,NS,Discordant (CRE Down / PLA Up),TRUE
AK3,-0.1229,0.5303,0.957959,0.327029,0.312339,NS,Discordant (CRE Down / PLA Up),FALSE
AKT2,-0.0772,0.5758,0.973725,0.08839,0.120476,NS,Discordant (CRE Down / PLA Up),TRUE
STT3A,0.2553,0.3973,0.814339,0.619331,0.965064,NS,Concordant Up,TRUE
NDUFAF3,-0.1187,0.5333,0.953361,0.246919,0.239767,NS,Discordant (CRE Down / PLA Up),TRUE
ISOC1,-0.4375,0.214,0.326921,0.826219,0.18245,NS,Discordant (CRE Down / PLA Up),TRUE
RAB11B,0.3793,-0.2718,0.5162,0.747925,0.234639,NS,Discordant (CRE Up / PLA Down),FALSE
SUCLG1,-0.1626,0.4884,0.918813,0.367208,0.28393,NS,Discordant (CRE Down / PLA Up),FALSE
PFDN6,-0.3561,0.2949,0.446747,0.612437,0.126156,NS,Discordant (CRE Down / PLA Up),FALSE
FARSA,-0.0842,0.5666,0.969984,0.104655,0.13444,NS,Discordant (CRE Down / PLA Up),TRUE
PSME2,0.2204,-0.43,0.809749,0.395814,0.200544,NS,Discordant (CRE Up / PLA Down),FALSE
GNA11,0.373,-0.2773,0.414543,0.688556,0.150348,NS,Discordant (CRE Up / PLA Down),TRUE
EIF4EBP1,-0.3029,-0.3473,0.629237,0.639279,0.995858,NS,Concordant Down,TRUE
NAXD,-0.2965,0.3531,0.69994,0.599341,0.251053,NS,Discordant (CRE Down / PLA Up),FALSE
NPEPPS,-0.2845,0.3648,0.637438,0.460432,0.141155,NS,Discordant (CRE Down / PLA Up),FALSE
FERMT3,0.3772,-0.2718,0.729802,0.870039,0.515868,NS,Discordant (CRE Up / PLA Down),TRUE
SVIL,0.4031,0.2458,0.633516,0.92804,0.974848,NS,Concordant Up,TRUE
SIAE,-0.2792,0.3691,0.882445,0.823271,0.622022,NS,Discordant (CRE Down / PLA Up),TRUE
PYGL,-0.1623,-0.4857,0.872161,0.176122,0.660386,NS,Concordant Down,FALSE
MGST3,-0.2139,0.4334,0.852361,0.459282,0.277314,NS,Discordant (CRE Down / PLA Up),FALSE
SLIRP,-0.1975,0.4496,0.852115,0.34685,0.205151,NS,Discordant (CRE Down / PLA Up),TRUE
RPL15,0.2492,0.3971,0.713484,0.37761,0.93564,NS,Concordant Up,FALSE
ABCE1,0.1357,0.5102,0.906515,0.119849,0.5325,NS,Concordant Up,FALSE
JPT2,0.123,0.5223,0.943827,0.217648,0.597687,NS,Concordant Up,TRUE
MARCKS,0.3954,-0.2493,0.57718,0.842151,0.36036,NS,Discordant (CRE Up / PLA Down),TRUE
KHSRP,0.1966,-0.4476,0.866773,0.440805,0.272172,NS,Discordant (CRE Up / PLA Down),TRUE
SRSF7,0.0626,0.5812,0.992172,0.280414,0.581153,NS,Concordant Up,TRUE
HADHB,-0.1219,0.5213,0.939436,0.176936,0.165262,NS,Discordant (CRE Down / PLA Up),FALSE
LACTB,-0.3194,0.3238,0.672571,0.685358,0.291258,NS,Discordant (CRE Down / PLA Up),FALSE
PKM,0.1447,0.498,0.88268,0.106972,0.543359,NS,Concordant Up,FALSE
PPP2CB,-0.1155,0.5271,0.945522,0.280414,0.226761,NS,Discordant (CRE Down / PLA Up),TRUE
L3HYPDH,-0.3758,-0.2668,0.524961,0.82316,0.977961,NS,Concordant Down,TRUE
SRM,0.6319,-0.0106,0.110228,0.999707,0.27412,NS,Discordant (CRE Up / PLA Down),TRUE
PTGES2,-0.2259,0.4155,0.861753,0.591857,0.380133,NS,Discordant (CRE Down / PLA Up),TRUE
PACSIN2,-0.1337,-0.5075,0.924512,0.226246,0.618662,NS,Concordant Down,TRUE
FN3KRP,0.0692,0.5719,0.985593,0.260105,0.507951,NS,Concordant Up,TRUE
HDDC2,-0.0758,0.5653,0.991989,0.550807,0.600574,NS,Discordant (CRE Down / PLA Up),TRUE
COX6C,0.1139,0.5264,0.960295,0.287404,0.63832,NS,Concordant Up,FALSE
CLU,0.2703,-0.37,0.895377,0.810428,0.622046,NS,Discordant (CRE Up / PLA Down),FALSE
ADSS1,-0.4886,0.1516,0.333218,0.934747,0.299014,NS,Discordant (CRE Down / PLA Up),TRUE
ECI1,-0.0872,0.5525,0.980694,0.320755,0.359405,NS,Discordant (CRE Down / PLA Up),FALSE
CSDE1,-0.097,0.5413,0.973266,0.290029,0.313415,NS,Discordant (CRE Down / PLA Up),FALSE
SNRPB,0.2836,0.3546,0.614966,0.607264,0.988151,NS,Concordant Up,TRUE
EFEMP1,0.4541,-0.1841,0.598442,0.935581,0.496752,NS,Discordant (CRE Up / PLA Down),TRUE
HNRNPL,0.3095,-0.3285,0.667901,0.636725,0.254155,NS,Discordant (CRE Up / PLA Down),TRUE
ECHDC1,0.3149,-0.323,0.734664,0.753183,0.396241,NS,Discordant (CRE Up / PLA Down),TRUE
TTC38,0.4126,-0.2244,0.664233,0.921049,0.546686,NS,Discordant (CRE Up / PLA Down),TRUE
BCAP29,0.3512,0.2851,0.58386,0.710217,0.990506,NS,Concordant Up,TRUE
EZR,0.3104,-0.3257,0.618454,0.619869,0.213588,NS,Discordant (CRE Up / PLA Down),TRUE
ATP1A1,-0.1111,0.5243,0.956667,0.228765,0.229746,NS,Discordant (CRE Down / PLA Up),FALSE
DYSF,-0.0504,0.5848,0.991925,0.170017,0.251094,NS,Discordant (CRE Down / PLA Up),FALSE
CAB39,-0.1656,0.4691,0.907796,0.377358,0.274546,NS,Discordant (CRE Down / PLA Up),TRUE
ATP5MG,0.1112,0.5229,0.967156,0.356781,0.68326,NS,Concordant Up,FALSE
TMEM205,-0.2517,0.382,0.769051,0.495509,0.235407,NS,Discordant (CRE Down / PLA Up),TRUE
F10,-0.3793,0.2539,0.716585,0.8749,0.507104,NS,Discordant (CRE Down / PLA Up),TRUE
LTF,0.1455,-0.4875,0.957812,0.565528,0.50089,NS,Discordant (CRE Up / PLA Down),TRUE
HSP90AA1,0.2516,-0.381,0.650887,0.330021,0.093022,NS,Discordant (CRE Up / PLA Down),FALSE
YWHAB,0.2743,-0.3577,0.731171,0.573999,0.255697,NS,Discordant (CRE Up / PLA Down),FALSE
AMPD1,-0.3127,0.3191,0.804902,0.808192,0.514842,NS,Discordant (CRE Down / PLA Up),TRUE
FHL1,0.0195,0.6119,0.998719,0.092475,0.253213,NS,Concordant Up,FALSE
ALDH1A1,-0.2854,-0.346,0.722111,0.614615,0.992424,NS,Concordant Down,FALSE
IARS1,-0.0697,0.5617,0.983711,0.490628,0.448567,NS,Discordant (CRE Down / PLA Up),TRUE
CFD,0.4042,-0.2271,0.805402,0.941791,0.689739,NS,Discordant (CRE Up / PLA Down),TRUE
MYOM3,0.222,0.4087,0.945148,0.838736,0.975451,NS,Concordant Up,TRUE
PGPEP1,-0.3683,0.2624,0.589884,0.875912,0.460881,NS,Discordant (CRE Down / PLA Up),TRUE
UBE2M,-0.0619,0.5681,0.987724,0.181781,0.25363,NS,Discordant (CRE Down / PLA Up),FALSE
COBL,-0.2862,-0.3436,0.717939,0.656694,0.993562,NS,Concordant Down,TRUE
CUTC,-0.3481,0.2808,0.703581,0.818396,0.431989,NS,Discordant (CRE Down / PLA Up),TRUE
RPLP2,0.3284,-0.3003,0.664449,0.727548,0.316658,NS,Discordant (CRE Up / PLA Down),FALSE
USP47,-0.311,0.3151,0.634706,0.715408,0.298117,NS,Discordant (CRE Down / PLA Up),TRUE
TARS1,-0.1965,0.4291,0.851543,0.462728,0.270682,NS,Discordant (CRE Down / PLA Up),TRUE
TUBB4B,0.0231,-0.6023,0.997935,0.064817,0.154931,NS,Discordant (CRE Up / PLA Down),FALSE
SUCLG2,-0.2432,0.3821,0.795834,0.537122,0.280081,NS,Discordant (CRE Down / PLA Up),FALSE
DYNLL2,-0.1181,0.5071,0.953303,0.280446,0.266294,NS,Discordant (CRE Down / PLA Up),FALSE
APOL1,-0.0949,0.5302,0.987406,0.597156,0.6186,NS,Discordant (CRE Down / PLA Up),TRUE
ATP2B4,0.2489,-0.3755,0.805869,0.609623,0.338567,NS,Discordant (CRE Up / PLA Down),TRUE
APOM,-0.0919,0.5323,0.990847,0.681726,0.700341,NS,Discordant (CRE Down / PLA Up),TRUE
PECAM1,0.33,-0.294,0.62047,0.722284,0.283422,NS,Discordant (CRE Up / PLA Down),TRUE
GABARAPL2,-0.1709,0.4529,0.891148,0.437839,0.288074,NS,Discordant (CRE Down / PLA Up),TRUE
LMAN1,-0.1726,0.4511,0.862337,0.285381,0.168342,NS,Discordant (CRE Down / PLA Up),TRUE
CTSD,0.0896,-0.5338,0.976183,0.279442,0.311307,NS,Discordant (CRE Up / PLA Down),FALSE
VAMP2,-0.0643,-0.5591,0.986859,0.223902,0.480283,NS,Concordant Down,TRUE
RAB21,-0.293,0.3295,0.710016,0.650709,0.29215,NS,Discordant (CRE Down / PLA Up),FALSE
RANGAP1,0.5204,-0.102,0.384518,0.982082,0.489336,NS,Discordant (CRE Up / PLA Down),TRUE
SGCA,-0.408,-0.2137,0.489897,0.867755,0.922285,NS,Concordant Down,TRUE
THNSL1,0.2669,0.3546,0.862118,0.833103,0.992173,NS,Concordant Up,TRUE
C8G,-0.0719,0.5481,0.989563,0.429639,0.48378,NS,Discordant (CRE Down / PLA Up),TRUE
TXNRD1,-0.2769,0.343,0.660974,0.518901,0.180306,NS,Discordant (CRE Down / PLA Up),FALSE
SGCB,-0.4878,0.1321,0.288191,0.946031,0.282576,NS,Discordant (CRE Down / PLA Up),TRUE
IGHV3-7,0.4291,0.1893,0.733491,0.950673,0.943827,NS,Concordant Up,FALSE
ALDH6A1,-0.1013,-0.5167,0.96133,0.206923,0.553804,NS,Concordant Down,FALSE
ETFDH,-0.1504,0.4669,0.928162,0.387977,0.311316,NS,Discordant (CRE Down / PLA Up),FALSE
ECHDC2,0.1927,0.4245,0.915067,0.713961,0.931489,NS,Concordant Up,TRUE
DNAAF5,-0.3071,0.3098,0.786283,0.709849,0.4179,NS,Discordant (CRE Down / PLA Up),TRUE
ERI3,-0.5433,0.0725,0.180761,0.983869,0.267111,NS,Discordant (CRE Down / PLA Up),TRUE
MGLL,0.1845,-0.431,0.935704,0.717783,0.58332,NS,Discordant (CRE Up / PLA Down),TRUE
COX5B,0.2068,0.4077,0.849213,0.471974,0.906055,NS,Concordant Up,FALSE
MANF,0.5544,0.0601,0.437777,0.994271,0.693286,NS,Concordant Up,TRUE
HK1,0.0979,0.5165,0.954035,0.116878,0.446247,NS,Concordant Up,FALSE
FXR1,-0.2027,0.4112,0.875975,0.658478,0.446095,NS,Discordant (CRE Down / PLA Up),TRUE
RAB1B,0.0444,-0.5694,0.993173,0.140851,0.230174,NS,Discordant (CRE Up / PLA Down),FALSE
LACTB2,-0.3533,-0.2599,0.514482,0.764819,0.979426,NS,Concordant Down,TRUE
CHORDC1,0.3198,-0.2926,0.524628,0.818138,0.388272,NS,Discordant (CRE Up / PLA Down),TRUE
SUPV3L1,-0.367,0.2447,0.557632,0.861095,0.397623,NS,Discordant (CRE Down / PLA Up),TRUE
UBR4,-0.286,0.325,0.698585,0.792106,0.441867,NS,Discordant (CRE Down / PLA Up),TRUE
MYOM1,0.2296,0.3803,0.89164,0.736477,0.970784,NS,Concordant Up,TRUE
RBBP7,-0.4696,-0.1402,0.423799,0.934907,0.766096,NS,Concordant Down,TRUE
RPS15,-0.4579,-0.1514,0.829927,0.980348,0.945073,NS,Concordant Down,TRUE
TALDO1,-0.006,-0.6029,0.999901,0.164513,0.330297,NS,Concordant Down,FALSE
ACTR3,0.5224,-0.0865,0.131449,0.969393,0.174357,NS,Discordant (CRE Up / PLA Down),FALSE
RPL9,0.2329,-0.376,0.787932,0.566373,0.289266,NS,Discordant (CRE Up / PLA Down),TRUE
PRG4,0.3185,-0.2904,0.903065,0.940852,0.796525,NS,Discordant (CRE Up / PLA Down),TRUE
ISYNA1,-0.2604,0.3484,0.745874,0.64618,0.316472,NS,Discordant (CRE Down / PLA Up),TRUE
DUSP3,-0.242,0.3661,0.740487,0.480739,0.204033,NS,Discordant (CRE Down / PLA Up),TRUE
ESYT1,-0.0097,-0.5981,0.999796,0.294282,0.47144,NS,Concordant Down,FALSE
NDUFA6,-0.0611,0.5465,0.990687,0.342167,0.408817,NS,Discordant (CRE Down / PLA Up),FALSE
GFPT1,0.1976,-0.4096,0.838653,0.567031,0.331783,NS,Discordant (CRE Up / PLA Down),TRUE
NT5C3A,-0.5547,0.0524,0.248043,0.993189,0.36899,NS,Discordant (CRE Down / PLA Up),TRUE
UQCRC2,0.0682,0.5388,0.985216,0.230455,0.510152,NS,Concordant Up,FALSE
TLN2,0.0789,-0.5281,0.981458,0.309336,0.34222,NS,Discordant (CRE Up / PLA Down),TRUE
RPL8,-0.0027,-0.6038,0.999983,0.236342,0.407464,NS,Concordant Down,TRUE
ACTN1,0.5467,0.0592,0.623215,0.995866,0.790206,NS,Concordant Up,FALSE
CANX,0.2987,-0.3069,0.600085,0.59469,0.187827,NS,Discordant (CRE Up / PLA Down),FALSE
CP,0.5125,0.0929,0.584348,0.987058,0.80333,NS,Concordant Up,FALSE
FNTA,0.0173,0.5875,0.999046,0.186303,0.346071,NS,Concordant Up,TRUE
PGM1,-0.1928,0.4118,0.861119,0.436036,0.268687,NS,Discordant (CRE Down / PLA Up),FALSE
CRAT,-0.2173,0.3857,0.836202,0.538269,0.314377,NS,Discordant (CRE Down / PLA Up),TRUE
CDC37,-0.2024,0.4002,0.809577,0.366052,0.183702,NS,Discordant (CRE Down / PLA Up),FALSE
SNCA,0.2319,-0.3705,0.922059,0.806236,0.654805,NS,Discordant (CRE Up / PLA Down),FALSE
LYPLA1,-0.0762,0.5259,0.983354,0.301821,0.350976,NS,Discordant (CRE Down / PLA Up),FALSE
CARNS1,0.0266,0.5752,0.998283,0.442323,0.56942,NS,Concordant Up,TRUE
ACO1,-0.1528,-0.4482,0.883905,0.227264,0.706116,NS,Concordant Down,FALSE
ACY1,0.0448,0.5562,0.994161,0.23094,0.467837,NS,Concordant Up,FALSE
ARPC4,0.1963,0.4044,0.871197,0.499677,0.903793,NS,Concordant Up,FALSE
PFAS,-0.5745,0.0262,0.387802,0.998757,0.524117,NS,Discordant (CRE Down / PLA Up),TRUE
STAC3,0.083,-0.5162,0.977473,0.335997,0.340191,NS,Discordant (CRE Up / PLA Down),TRUE
OPA1,-0.2517,0.3475,0.782784,0.610812,0.320055,NS,Discordant (CRE Down / PLA Up),FALSE
PPIB,0.5403,-0.0586,0.366962,0.992529,0.4581,NS,Discordant (CRE Up / PLA Down),FALSE
ATP2A1,-0.2912,0.3076,0.77369,0.773383,0.448354,NS,Discordant (CRE Down / PLA Up),TRUE
GAMT,-0.2659,0.3324,0.780076,0.693904,0.381914,NS,Discordant (CRE Down / PLA Up),TRUE
GFM1,-0.3131,0.2849,0.650639,0.688078,0.276507,NS,Discordant (CRE Down / PLA Up),TRUE
ACOT9,-0.0506,0.5473,0.989249,0.090101,0.164466,NS,Discordant (CRE Down / PLA Up),TRUE
RPLP1,0.2445,-0.353,0.778385,0.570152,0.287576,NS,Discordant (CRE Up / PLA Down),FALSE
RPL10A,0.3607,-0.2364,0.508393,0.785885,0.256441,NS,Discordant (CRE Up / PLA Down),FALSE
ASS1,0.0101,-0.5865,0.999728,0.21168,0.360252,NS,Discordant (CRE Up / PLA Down),FALSE
NEK9,-0.0569,-0.5378,0.986784,0.282537,0.474786,NS,Concordant Down,TRUE
PLAA,-0.1569,0.4375,0.918988,0.44522,0.338184,NS,Discordant (CRE Down / PLA Up),TRUE
JUP,0.4881,0.106,0.323427,0.97361,0.718445,NS,Concordant Up,TRUE
UTRN,-0.509,0.0843,0.314574,0.979582,0.357431,NS,Discordant (CRE Down / PLA Up),TRUE
MCU,0.2904,0.3023,0.749741,0.746891,0.999756,NS,Concordant Up,TRUE
LARS2,0.477,-0.1154,0.637887,0.987335,0.716525,NS,Discordant (CRE Up / PLA Down),TRUE
LMNA,0.1681,-0.4242,0.947549,0.674364,0.575212,NS,Discordant (CRE Up / PLA Down),FALSE
CLEC3B,0.558,-0.0342,0.449071,0.998015,0.565313,NS,Discordant (CRE Up / PLA Down),FALSE
GARS1,-0.0425,0.5473,0.99347,0.151247,0.243009,NS,Discordant (CRE Down / PLA Up),FALSE
PRDX1,0.038,-0.5513,0.99428,0.111324,0.200259,NS,Discordant (CRE Up / PLA Down),FALSE
NDUFA7,0.0101,0.5767,0.999846,0.513177,0.651637,NS,Concordant Up,TRUE
INPP1,0.1779,0.4088,0.872653,0.428098,0.859066,NS,Concordant Up,TRUE
RAP1B,0.2642,-0.3224,0.84368,0.775653,0.521576,NS,Discordant (CRE Up / PLA Down),FALSE
TUBA4A,-0.099,0.4873,0.971637,0.374355,0.379677,NS,Discordant (CRE Down / PLA Up),FALSE
HSPBP1,-0.3121,0.2736,0.6493,0.795052,0.379587,NS,Discordant (CRE Down / PLA Up),TRUE
SYNJ2BP,-0.0052,0.5803,0.999907,0.113924,0.250183,NS,Discordant (CRE Down / PLA Up),FALSE
ANXA3,-0.5299,0.0555,0.222812,0.990612,0.318821,NS,Discordant (CRE Down / PLA Up),FALSE
SYNE2,0.2573,0.3279,0.868438,0.766056,0.993379,NS,Concordant Up,TRUE
RPL31,0.1755,0.4093,0.91758,0.574405,0.900663,NS,Concordant Up,FALSE
LPIN1,0.5614,-0.0232,0.199426,0.99873,0.39073,NS,Discordant (CRE Up / PLA Down),TRUE
CAND1,0.2381,-0.3461,0.795684,0.594907,0.319135,NS,Discordant (CRE Up / PLA Down),FALSE
IDI1,-0.5473,-0.0369,0.322698,0.997296,0.587157,NS,Concordant Down,TRUE
HSPA12A,0.0971,-0.4869,0.986374,0.685375,0.673727,NS,Discordant (CRE Up / PLA Down),TRUE
ACAD8,-0.4936,0.09,0.478068,0.982926,0.507147,NS,Discordant (CRE Down / PLA Up),TRUE
IVD,-0.1682,0.4145,0.896696,0.435145,0.305008,NS,Discordant (CRE Down / PLA Up),FALSE
SCARB2,0.1852,-0.3975,0.833493,0.349865,0.190209,NS,Discordant (CRE Up / PLA Down),FALSE
RCSD1,-0.1863,0.3954,0.909792,0.63733,0.475727,NS,Discordant (CRE Down / PLA Up),TRUE
ADI1,0.3397,0.2419,0.795387,0.903339,0.989233,NS,Concordant Up,TRUE
COX19,-0.2515,0.3295,0.76587,0.618747,0.312528,NS,Discordant (CRE Down / PLA Up),TRUE
CAPZA2,0.3186,0.2623,0.648355,0.767633,0.99333,NS,Concordant Up,FALSE
MYO1C,0.0889,-0.4919,0.98499,0.549046,0.56418,NS,Discordant (CRE Up / PLA Down),FALSE
PPM1B,-0.5323,0.0483,0.236621,0.994335,0.39252,NS,Discordant (CRE Down / PLA Up),TRUE
BCAM,-0.4235,-0.1571,0.398102,0.931475,0.84401,NS,Concordant Down,TRUE
MFAP4,0.239,-0.3412,0.928035,0.849661,0.710213,NS,Discordant (CRE Up / PLA Down),TRUE
CAMK2G,-0.1994,0.3805,0.875065,0.585112,0.390142,NS,Discordant (CRE Down / PLA Up),TRUE
ANP32B,0.2597,-0.3201,0.934125,0.859296,0.742642,NS,Discordant (CRE Up / PLA Down),TRUE
NUCB1,-0.1776,-0.4018,0.913538,0.563445,0.904292,NS,Concordant Down,TRUE
CSPG4,-0.4752,-0.1035,0.309907,0.980901,0.773645,NS,Concordant Down,TRUE
ATP6V0D1,-0.4151,0.1634,0.624278,0.93642,0.509472,NS,Discordant (CRE Down / PLA Up),TRUE
DUSP23,-0.2678,0.3105,0.810073,0.831124,0.558786,NS,Discordant (CRE Down / PLA Up),TRUE
PEA15,0.2658,-0.3123,0.852907,0.819985,0.57797,NS,Discordant (CRE Up / PLA Down),TRUE
MRPL21,0.2907,-0.2867,0.848948,0.881316,0.651613,NS,Discordant (CRE Up / PLA Down),TRUE
HRC,-0.2202,0.3571,0.8418,0.632326,0.389449,NS,Discordant (CRE Down / PLA Up),TRUE
METTL26,-0.4337,0.1435,0.401039,0.940124,0.36571,NS,Discordant (CRE Down / PLA Up),TRUE
CAMK2A,-0.224,0.3527,0.826579,0.612759,0.359977,NS,Discordant (CRE Down / PLA Up),TRUE
CHMP4B,-0.167,0.4095,0.878794,0.368349,0.239198,NS,Discordant (CRE Down / PLA Up),FALSE
UBAC1,-0.2033,0.3728,0.824186,0.481103,0.263384,NS,Discordant (CRE Down / PLA Up),FALSE
DHX9,0.3049,0.2706,0.702184,0.786185,0.997823,NS,Concordant Up,TRUE
QKI,-0.2716,0.3039,0.773481,0.764474,0.441224,NS,Discordant (CRE Down / PLA Up),TRUE
ECPAS,-0.1532,0.4222,0.912035,0.417778,0.307961,NS,Discordant (CRE Down / PLA Up),FALSE
CYB5B,-0.256,0.319,0.80124,0.704334,0.410315,NS,Discordant (CRE Down / PLA Up),FALSE
CORO1A,-0.0406,0.5342,0.9973,0.444756,0.580113,NS,Discordant (CRE Down / PLA Up),TRUE
MB,-0.0329,0.5415,0.997685,0.395635,0.50449,NS,Discordant (CRE Down / PLA Up),FALSE
RPS14,0.2735,-0.3002,0.687954,0.629227,0.260789,NS,Discordant (CRE Up / PLA Down),TRUE
MT-CO2,0.2656,0.3079,0.709065,0.628846,0.99568,NS,Concordant Up,FALSE
GPT,-0.3244,0.2487,0.693624,0.825756,0.428286,NS,Discordant (CRE Down / PLA Up),FALSE
TMEM256,-0.2083,-0.3647,0.852491,0.585409,0.946733,NS,Concordant Down,TRUE
AP1M1,0.1231,0.4499,0.951851,0.440259,0.767828,NS,Concordant Up,TRUE
ADH5,0.1099,-0.4631,0.955059,0.308412,0.290939,NS,Discordant (CRE Up / PLA Down),FALSE
ALDH9A1,-0.0536,-0.5175,0.983511,0.051568,0.243851,NS,Concordant Down,FALSE
TIMM21,-0.1855,-0.385,0.906918,0.684845,0.935662,NS,Concordant Down,TRUE
TPP1,-0.0604,-0.5092,0.991153,0.429713,0.655847,NS,Concordant Down,TRUE
TRAP1,-0.0804,0.489,0.978691,0.31634,0.344529,NS,Discordant (CRE Down / PLA Up),TRUE
ANP32A,0.1795,-0.3898,0.867113,0.465069,0.28952,NS,Discordant (CRE Up / PLA Down),TRUE
ARHGAP1,0.534,-0.0352,0.289083,0.996832,0.417151,NS,Discordant (CRE Up / PLA Down),FALSE
ATP1B1,-0.1673,0.4016,0.917071,0.575403,0.434108,NS,Discordant (CRE Down / PLA Up),TRUE
ATL2,-0.1475,-0.42,0.939536,0.595803,0.868717,NS,Concordant Down,TRUE
VBP1,-0.1854,-0.3819,0.837574,0.50528,0.895137,NS,Concordant Down,TRUE
PEBP1,-0.185,-0.3817,0.811187,0.328666,0.859506,NS,Concordant Down,FALSE
PRKAG1,0.1146,0.4517,0.968605,0.540723,0.809261,NS,Concordant Up,FALSE
FH,-0.0149,0.5511,0.999179,0.12302,0.247937,NS,Discordant (CRE Down / PLA Up),FALSE
MYH1,-0.304,0.2613,0.871721,0.919515,0.724903,NS,Discordant (CRE Down / PLA Up),TRUE
PFDN5,-0.3386,0.2263,0.456608,0.749485,0.199275,NS,Discordant (CRE Down / PLA Up),FALSE
MDP1,-0.1584,0.4063,0.896608,0.410981,0.284356,NS,Discordant (CRE Down / PLA Up),TRUE
MT-ND3,0.0195,0.545,0.999478,0.609649,0.730013,NS,Concordant Up,TRUE
LYZ,0.14,-0.4241,0.952404,0.577034,0.501801,NS,Discordant (CRE Up / PLA Down),TRUE
CCDC124,-0.2342,0.3296,0.703488,0.500332,0.19435,NS,Discordant (CRE Down / PLA Up),TRUE
IDH3A,0.0706,0.4931,0.982021,0.24856,0.543844,NS,Concordant Up,FALSE
CBR4,-0.3758,-0.1874,0.60885,0.915889,0.937859,NS,Concordant Down,TRUE
VPS25,0.025,0.5381,0.997768,0.207357,0.387341,NS,Concordant Up,TRUE
FBN1,-0.3219,-0.2411,0.848309,0.918789,0.993891,NS,Concordant Down,FALSE
RUVBL2,0.407,0.156,0.507492,0.928604,0.867905,NS,Concordant Up,FALSE
FKBP3,-0.1606,0.4022,0.893443,0.405191,0.27936,NS,Discordant (CRE Down / PLA Up),FALSE
NUDT2,0.0439,0.5181,0.996465,0.516945,0.699738,NS,Concordant Up,TRUE
TKFC,0.0885,-0.4734,0.9659,0.29877,0.278219,NS,Discordant (CRE Up / PLA Down),TRUE
EIF4G1,-0.2425,0.3193,0.70909199999999994,0.533581,0.214548,NS,Discordant (CRE Down / PLA Up),FALSE
SPCS1,0.14,-0.4215,0.930054,0.517706,0.396703,NS,Discordant (CRE Up / PLA Down),TRUE
MYOF,0.1491,0.4123,0.893098,0.31201,0.772543,NS,Concordant Up,FALSE
NDUFS1,0.0815,0.479,0.977308,0.304847,0.61483,NS,Concordant Up,FALSE
ELOC,-0.1009,0.4588,0.967425,0.382048,0.375561,NS,Discordant (CRE Down / PLA Up),FALSE
CUL2,-0.3001,-0.2595,0.693061,0.803851,0.996864,NS,Concordant Down,TRUE
TNXB,0.4746,0.0845,0.594763,0.987427,0.80354,NS,Concordant Up,TRUE
OPA3,0.1485,0.4105,0.959255,0.76825,0.925389,NS,Concordant Up,TRUE
PTPA,-0.3369,-0.2219,0.643333,0.849687,0.973466,NS,Concordant Down,FALSE
SNRPE,-0.339,0.2189,0.650619,0.898659,0.512754,NS,Discordant (CRE Down / PLA Up),TRUE
NLRX1,-0.1577,0.3994,0.930295,0.658232,0.516369,NS,Discordant (CRE Down / PLA Up),TRUE
SNX6,0.3511,-0.2057,0.667246,0.899309,0.501611,NS,Discordant (CRE Up / PLA Down),TRUE
MTX2,-0.3354,0.2212,0.817363,0.914981,0.653918,NS,Discordant (CRE Down / PLA Up),TRUE
PTRHD1,0.0882,0.4681,0.985744,0.588646,0.805846,NS,Concordant Up,TRUE
TACO1,-0.3739,0.1821,0.691609,0.936571,0.582832,NS,Discordant (CRE Down / PLA Up),TRUE
ANXA4,0.4606,0.0946,0.426273,0.976172,0.733704,NS,Concordant Up,FALSE
CDV3,0.2243,-0.3308,0.80282,0.656214,0.369686,NS,Discordant (CRE Up / PLA Down),TRUE
PPP3CB,-0.4622,-0.0927,0.421163,0.978576,0.736734,NS,Concordant Down,TRUE
PREB,-0.0078,0.5454,0.99982,0.219159,0.371809,NS,Discordant (CRE Down / PLA Up),TRUE
SET,0.4355,0.1175,0.299037,0.944927,0.705455,NS,Concordant Up,FALSE
ATP5PB,-0.0861,0.4666,0.975573,0.361485,0.374224,NS,Discordant (CRE Down / PLA Up),FALSE
PPP2CA,-0.1713,0.381,0.844383,0.345089,0.194646,NS,Discordant (CRE Down / PLA Up),FALSE
DNM1L,-0.1452,0.407,0.919499,0.424526,0.325295,NS,Discordant (CRE Down / PLA Up),FALSE
STX7,0.2435,-0.3085,0.833453,0.742382,0.476956,NS,Discordant (CRE Up / PLA Down),FALSE
NDUFA4,-0.0896,0.4624,0.975097,0.384846,0.397029,NS,Discordant (CRE Down / PLA Up),FALSE
HMGCL,-0.4496,0.1023,0.324197,0.965975,0.349014,NS,Discordant (CRE Down / PLA Up),TRUE
BCKDK,0.1869,-0.3647,0.926637,0.809309,0.659192,NS,Discordant (CRE Up / PLA Down),TRUE
COPB1,0.0969,0.4544,0.97885200000000006,0.542715,0.792216,NS,Concordant Up,FALSE
HNRNPA1,0.1183,-0.4313,0.950744,0.399808,0.355424,NS,Discordant (CRE Up / PLA Down),FALSE
SEPHS1,-0.0257,0.5237,0.998472,0.350251,0.487736,NS,Discordant (CRE Down / PLA Up),TRUE
BAG3,-0.1748,0.3744,0.893621,0.553326,0.386688,NS,Discordant (CRE Down / PLA Up),TRUE
SNRNP70,0.2193,-0.3297,0.928263,0.848181,0.706553,NS,Discordant (CRE Up / PLA Down),TRUE
ATAD3A,-0.3442,0.2042,0.643384,0.897198,0.48695,NS,Discordant (CRE Down / PLA Up),TRUE
DYNLL1,-0.3494,0.1986,0.565702,0.866022,0.373244,NS,Discordant (CRE Down / PLA Up),FALSE
HSPA5,0.303,-0.2448,0.589274,0.736021,0.268779,NS,Discordant (CRE Up / PLA Down),FALSE
UQCRC1,-0.0577,0.49,0.988533,0.267094,0.337824,NS,Discordant (CRE Down / PLA Up),FALSE
XRCC5,0.1653,0.3818,0.85094,0.329158,0.828999,NS,Concordant Up,FALSE
IGF2,0.1601,0.3869,0.946013,0.682304,0.924711,NS,Concordant Up,TRUE
CLTB,0.3268,-0.2202,0.658518,0.858717,0.438747,NS,Discordant (CRE Up / PLA Down),TRUE
HINT3,-0.0322,0.5141,0.997389,0.379209,0.481328,NS,Discordant (CRE Down / PLA Up),TRUE
NDUFS6,-0.0943,0.4517,0.979294,0.533133,0.531693,NS,Discordant (CRE Down / PLA Up),FALSE
CSRP1,0.0716,-0.4739,0.988919,0.518796,0.554897,NS,Discordant (CRE Up / PLA Down),FALSE
UQCRH,0.0749,0.4705,0.985174,0.436659,0.698639,NS,Concordant Up,FALSE
ATAD1,-0.0697,0.4754,0.986691,0.422219,0.46142,NS,Discordant (CRE Down / PLA Up),TRUE
FITM1,-0.1289,-0.4157,0.963084,0.702218,0.888205,NS,Concordant Down,TRUE
PHKB,0.2811,0.2633,0.772538,0.824012,0.999483,NS,Concordant Up,TRUE
DCTN4,-0.2091,0.3353,0.799146,0.573446,0.303007,NS,Discordant (CRE Down / PLA Up),TRUE
WDR77,-0.3108,0.2331,0.566807,0.75862,0.271126,NS,Discordant (CRE Down / PLA Up),FALSE
TRAPPC3,0.298,0.2459,0.470372,0.68977,0.99094,NS,Concordant Up,TRUE
A2M,0.4853,-0.0585,0.686153,0.995827,0.732705,NS,Discordant (CRE Up / PLA Down),FALSE
GNPDA2,0.3246,-0.2172,0.614456,0.856675,0.411101,NS,Discordant (CRE Up / PLA Down),TRUE
HADHA,-0.0865,0.4547,0.96549,0.217594,0.233901,NS,Discordant (CRE Down / PLA Up),FALSE
UNC45B,0.1321,0.4084,0.946001,0.537033,0.840437,NS,Concordant Up,TRUE
DDX6,-0.1432,0.3965,0.889607,0.61059,0.419478,NS,Discordant (CRE Down / PLA Up),TRUE
PPP1R12B,-0.2837,0.2558,0.867877,0.883243,0.668244,NS,Discordant (CRE Down / PLA Up),TRUE
AHSA1,0.3698,0.1696,0.460671,0.888628,0.89042,NS,Concordant Up,FALSE
SLC25A13,-0.0873,0.4519,0.979552,0.499483,0.495673,NS,Discordant (CRE Down / PLA Up),TRUE
RPL23,-0.2426,-0.2944,0.747628,0.646403,0.99322,NS,Concordant Down,FALSE
OSBPL1A,0.2335,0.303,0.838621,0.736027,0.99118,NS,Concordant Up,TRUE
ATP5F1C,0.0464,0.49,0.993408,0.315847,0.560031,NS,Concordant Up,FALSE
CORO1B,0.2951,-0.241,0.820314,0.898012,0.639524,NS,Discordant (CRE Up / PLA Down),TRUE
RABGGTA,-0.1398,0.3962,0.903308,0.388067,0.26809500000000003,NS,Discordant (CRE Down / PLA Up),TRUE
CHCHD7,-0.3443,0.1913,0.687495,0.92847,0.579877,NS,Discordant (CRE Down / PLA Up),TRUE
HSPB3,-0.326,-0.2089,0.613815,0.873587,0.97139,NS,Concordant Down,TRUE
PPP2R3A,0.0117,-0.5229,0.999709,0.602052,0.651485,NS,Discordant (CRE Up / PLA Down),TRUE
GRB2,-0.2958,0.2388,0.623501,0.767562,0.318062,NS,Discordant (CRE Down / PLA Up),TRUE
LRPAP1,-0.2789,-0.2537,0.817804,0.859487,0.99911,NS,Concordant Down,TRUE
CLTC,0.4756,-0.0565,0.329252,0.990552,0.416112,NS,Discordant (CRE Up / PLA Down),FALSE
APEX1,0.344,0.1877,0.375414,0.800955,0.907668,NS,Concordant Up,FALSE
HECTD1,0.0259,0.5056,0.998853,0.548054,0.705389,NS,Concordant Up,TRUE
CRYAB,0.0494,-0.482,0.991983,0.298799,0.381768,NS,Discordant (CRE Up / PLA Down),FALSE
DECR1,0.3242,-0.2072,0.613904,0.84641,0.384917,NS,Discordant (CRE Up / PLA Down),FALSE
LMNB2,0.3065,0.2249,0.778135,0.894687,0.990531,NS,Concordant Up,TRUE
GNG12,0.2064,-0.3245,0.875032,0.70113,0.487109,NS,Discordant (CRE Up / PLA Down),FALSE
MT-CO1,-0.0519,-0.479,0.993168,0.691426,0.780241,NS,Concordant Down,TRUE
RPS26,0.1206,-0.4098,0.918166,0.25203,0.194003,NS,Discordant (CRE Up / PLA Down),TRUE
PFKFB2,-0.3733,0.1567,0.51827,0.925684,0.427696,NS,Discordant (CRE Down / PLA Up),TRUE
COX6B1,-0.093,0.4362,0.974557,0.460796,0.458001,NS,Discordant (CRE Down / PLA Up),FALSE
RPS6KA3,-0.2127,0.3164,0.838953,0.668973,0.416325,NS,Discordant (CRE Down / PLA Up),TRUE
HSPB8,-0.2151,0.314,0.890169,0.788085,0.587755,NS,Discordant (CRE Down / PLA Up),TRUE
PSMD6,-0.1068,0.4214,0.943306,0.259604,0.233019,NS,Discordant (CRE Down / PLA Up),FALSE
SERPINA5,-0.1829,-0.3453,0.923192,0.760489,0.962113,NS,Concordant Down,TRUE
APOO,-0.0438,0.4833,0.995583,0.476215,0.550876,NS,Discordant (CRE Down / PLA Up),TRUE
ECI2,-0.125,0.4018,0.95937,0.598379,0.530633,NS,Discordant (CRE Down / PLA Up),TRUE
COX4I1,0.1611,0.3655,0.893123,0.488975,0.884251,NS,Concordant Up,FALSE
GPLD1,0.0755,0.4507,0.992023,0.716637,0.858851,NS,Concordant Up,TRUE
MAP4,0.1195,-0.4062,0.940334,0.376433,0.318832,NS,Discordant (CRE Up / PLA Down),FALSE
COPS5,-0.1273,0.3978,0.910677,0.275,0.205653,NS,Discordant (CRE Down / PLA Up),FALSE
NDUFV2,0.2522,0.2729,0.756202,0.733879,0.999064,NS,Concordant Up,TRUE
HYOU1,0.3622,-0.1623,0.560814,0.914534,0.429669,NS,Discordant (CRE Up / PLA Down),FALSE
GPD2,-0.2337,0.2907,0.793499,0.693705,0.391992,NS,Discordant (CRE Down / PLA Up),FALSE
NAP1L4,0.1365,0.3879,0.888403,0.264762,0.74134,NS,Concordant Up,FALSE
HSPB2,-0.0935,0.4305,0.962192,0.329797,0.311347,NS,Discordant (CRE Down / PLA Up),TRUE
APOE,0.3863,0.1377,0.773585,0.973323,0.937098,NS,Concordant Up,FALSE
PFKL,-0.2074,0.3161,0.870548,0.708838,0.488182,NS,Discordant (CRE Down / PLA Up),FALSE
CPT2,-0.022,0.5014,0.998721,0.354477,0.481073,NS,Discordant (CRE Down / PLA Up),FALSE
MPV17,0.0294,-0.494,0.999029,0.680901,0.762179,NS,Discordant (CRE Up / PLA Down),TRUE
PMPCB,-0.0233,0.4996,0.997651,0.138489,0.249057,NS,Discordant (CRE Down / PLA Up),TRUE
LRG1,0.3669,-0.1558,0.757747,0.959289,0.676886,NS,Discordant (CRE Up / PLA Down),FALSE
SHMT1,0.0116,-0.5109,0.999433,0.120031,0.248035,NS,Discordant (CRE Up / PLA Down),FALSE
TBC1D17,-0.304,-0.2181,0.717866,0.866922,0.986314,NS,Concordant Down,TRUE
RDX,-0.1597,0.3622,0.890503,0.478855,0.327906,NS,Discordant (CRE Down / PLA Up),FALSE
CCDC93,0.5016,-0.0191,0.602453,0.999327,0.668656,NS,Discordant (CRE Up / PLA Down),TRUE
MYH14,-0.1993,0.3207,0.869814,0.702845,0.478938,NS,Discordant (CRE Down / PLA Up),TRUE
PARVB,-0.3405,0.1795,0.661191,0.906821,0.497093,NS,Discordant (CRE Down / PLA Up),TRUE
ACO2,-0.0559,0.4625,0.988924,0.303185,0.372016,NS,Discordant (CRE Down / PLA Up),FALSE
PRKACA,-0.2519,0.2657,0.632537,0.608856,0.211519,NS,Discordant (CRE Down / PLA Up),FALSE
PLIN2,-0.0156,-0.5018,0.999346,0.415061,0.563577,NS,Concordant Down,TRUE
FLOT2,-0.2263,-0.2907,0.818178,0.711386,0.991095,NS,Concordant Down,FALSE
HNRNPUL1,0.4779,-0.0385,0.380655,0.996633,0.525223,NS,Discordant (CRE Up / PLA Down),TRUE
TSPO,0.3289,0.1874,0.659455,0.894239,0.959298,NS,Concordant Up,FALSE
WDFY1,0.4686,-0.0476,0.365157,0.99664,0.634349,NS,Discordant (CRE Up / PLA Down),TRUE
BLVRB,0.0091,-0.5067,0.999856,0.533911,0.652022,NS,Discordant (CRE Up / PLA Down),FALSE
CA3,0.0879,0.4266,0.979721,0.52661500000000006,0.781171,NS,Concordant Up,FALSE
RPS24,0.1488,0.3652,0.897346,0.418595,0.849628,NS,Concordant Up,TRUE
DCTN3,-0.1667,-0.3473,0.872129,0.566104,0.91067,NS,Concordant Down,TRUE
HIBCH,0.1342,0.3793,0.932831,0.491314,0.844339,NS,Concordant Up,FALSE
PGM2L1,-0.2923,0.2211,0.674305,0.825542,0.411349,NS,Discordant (CRE Down / PLA Up),FALSE
SAE1,0.1648,0.348,0.905673,0.694932,0.934243,NS,Concordant Up,TRUE
PPBP,0.0036,0.5091,0.999982,0.620848,0.738253,NS,Concordant Up,TRUE
PFN2,-0.244,0.268,0.802664,0.777555,0.476939,NS,Discordant (CRE Down / PLA Up),TRUE
LYVE1,0.2488,-0.2628,0.89023,0.904721,0.726001,NS,Discordant (CRE Up / PLA Down),TRUE
PDCD6,0.037,-0.4743,0.994261,0.216613,0.304297,NS,Discordant (CRE Up / PLA Down),TRUE
ECH1,0.1473,0.3639,0.911696,0.493379,0.869703,NS,Concordant Up,FALSE
PRKAR2A,-0.2046,0.3063,0.802253,0.582886,0.313812,NS,Discordant (CRE Down / PLA Up),FALSE
APMAP,0.1185,-0.3924,0.97059,0.675719,0.625559,NS,Discordant (CRE Up / PLA Down),FALSE
IDH3B,0.0921,0.4178,0.963482,0.323134,0.671703,NS,Concordant Up,FALSE
APIP,-0.3148,-0.1945,0.630931,0.87956,0.967623,NS,Concordant Down,TRUE
HNRNPF,-0.1413,-0.3672,0.945605,0.552063,0.892595,NS,Concordant Down,TRUE
TRIM54,-0.0315,0.4769,0.997224,0.418024,0.504901,NS,Discordant (CRE Down / PLA Up),TRUE
IARS2,-0.0303,0.4776,0.9966,0.237361,0.351113,NS,Discordant (CRE Down / PLA Up),FALSE
SMIM4,-0.3462,0.1617,0.615937,0.947001,0.581355,NS,Discordant (CRE Down / PLA Up),TRUE
HADH,-0.2481,-0.2597,0.665191,0.648096,0.999592,NS,Concordant Down,FALSE
UQCC1,-0.4642,0.0433,0.601716,0.997694,0.729145,NS,Discordant (CRE Down / PLA Up),TRUE
GLS,0.1538,-0.3536,0.933611,0.729873,0.587315,NS,Discordant (CRE Up / PLA Down),TRUE
IDH3G,-0.0547,0.4524,0.992381,0.507814,0.552547,NS,Discordant (CRE Down / PLA Up),TRUE
HEBP1,0.0306,-0.4761,0.998206,0.551724,0.638891,NS,Discordant (CRE Up / PLA Down),FALSE
RNF126,-0.5,0.0066,0.222225,0.999874,0.415495,NS,Discordant (CRE Down / PLA Up),TRUE
MOCS2,-0.3374,0.1688,0.704053,0.948212,0.635614,NS,Discordant (CRE Down / PLA Up),TRUE
MOCS2,-0.3374,0.1688,0.704053,0.948212,0.635614,NS,Discordant (CRE Down / PLA Up),TRUE
STRAP,-0.1386,0.3674,0.907079,0.407551,0.295445,NS,Discordant (CRE Down / PLA Up),FALSE
ACSL1,0.1291,-0.3765,0.94188,0.523202,0.436351,NS,Discordant (CRE Up / PLA Down),FALSE
SFXN1,0.4117,0.0933,0.277789,0.963235,0.669856,NS,Concordant Up,TRUE
LDB3,0.0352,0.4688,0.996028,0.359979,0.568672,NS,Concordant Up,TRUE
NAGK,0.3737,-0.1301,0.410154,0.927907,0.334188,NS,Discordant (CRE Up / PLA Down),FALSE
VPS36,-0.1248,0.379,0.914358,0.373448,0.268847,NS,Discordant (CRE Down / PLA Up),TRUE
TTLL12,-0.205,0.2983,0.854046,0.828358,0.603112,NS,Discordant (CRE Down / PLA Up),TRUE
MIEN1,-0.3209,0.1821,0.575874,0.869777,0.383286,NS,Discordant (CRE Down / PLA Up),TRUE
COPS4,-0.1934,0.309,0.830179,0.589399,0.344238,NS,Discordant (CRE Down / PLA Up),FALSE
SLC25A12,-0.097,0.4049,0.973056,0.562816,0.529519,NS,Discordant (CRE Down / PLA Up),TRUE
METAP2,-0.1766,0.3249,0.882878,0.629654,0.433066,NS,Discordant (CRE Down / PLA Up),TRUE
PPA1,0.125,-0.3757,0.92465,0.383712,0.300554,NS,Discordant (CRE Up / PLA Down),FALSE
TXNRD2,-0.4664,-0.0336,0.352467,0.997497,0.640351,NS,Concordant Down,TRUE
COPA,0.4031,0.0969,0.330101,0.968096,0.73734,NS,Concordant Up,TRUE
LDHD,-0.239,0.2604,0.89755,0.881481,0.701498,NS,Discordant (CRE Down / PLA Up),TRUE
PSMD13,-0.2408,0.2584,0.763172,0.737587,0.400813,NS,Discordant (CRE Down / PLA Up),FALSE
UBE2V2,-0.4051,-0.0935,0.255233,0.956926,0.645057,NS,Concordant Down,FALSE
NT5C1A,-0.2627,-0.2359,0.767262,0.846931,0.998686,NS,Concordant Down,TRUE
MT-ND2,0.0438,-0.4546,0.994982,0.491483,0.552291,NS,Discordant (CRE Up / PLA Down),TRUE
ENSA,-0.3136,-0.1843,0.708545,0.926409,0.972551,NS,Concordant Down,TRUE
PPP1CA,-0.019,0.4785,0.998749,0.257389,0.391636,NS,Discordant (CRE Down / PLA Up),FALSE
TOMM22,0.2204,0.2769,0.827781,0.831613,0.994698,NS,Concordant Up,TRUE
LRRC40,-0.0188,-0.4779,0.999046,0.462621,0.608001,NS,Concordant Down,TRUE
PDIA6,0.2666,-0.2296,0.685747,0.775013,0.368889,NS,Discordant (CRE Up / PLA Down),FALSE
DNAJB6,-0.311,-0.1848,0.650369,0.933022,0.973918,NS,Concordant Down,TRUE
UBE2H,0.1934,0.3019,0.905146,0.746445,0.979622,NS,Concordant Up,TRUE
APPL1,0.2146,0.2805,0.788888,0.675108,0.988517,NS,Concordant Up,TRUE
NANS,0.4419,0.053,0.426929,0.993799,0.715682,NS,Concordant Up,TRUE
SERBP1,-0.0128,0.482,0.999597,0.416132,0.550547,NS,Discordant (CRE Down / PLA Up),TRUE
AIMP2,-0.0299,0.4642,0.997135,0.344192,0.449902,NS,Discordant (CRE Down / PLA Up),TRUE
ABHD16A,-0.233,-0.2609,0.844277,0.893702,0.999044,NS,Concordant Down,TRUE
CRIP2,0.2365,-0.2571,0.856976,0.836829,0.598562,NS,Discordant (CRE Up / PLA Down),FALSE
C3,0.3876,-0.1058,0.800841,0.986411,0.78323,NS,Discordant (CRE Up / PLA Down),FALSE
SCRN3,-0.2107,0.2826,0.890435,0.79821,0.600382,NS,Discordant (CRE Down / PLA Up),TRUE
ECHDC3,-0.2271,-0.2661,0.857136,0.821582,0.997523,NS,Concordant Down,TRUE
RIDA,-0.3054,0.1873,0.65831,0.877058,0.45546,NS,Discordant (CRE Down / PLA Up),FALSE
RNF123,-0.2268,0.2656,0.785357,0.725543,0.410354,NS,Discordant (CRE Down / PLA Up),FALSE
TBCB,-0.0938,0.3986,0.971289,0.491141,0.473506,NS,Discordant (CRE Down / PLA Up),FALSE
EIF2S3,-0.0462,0.4462,0.989564,0.181667,0.259121,NS,Discordant (CRE Down / PLA Up),FALSE
COQ7,0.0313,0.4607,0.997633,0.473695,0.663851,NS,Concordant Up,TRUE
RSU1,0.0881,-0.4038,0.975324,0.488722,0.482679,NS,Discordant (CRE Up / PLA Down),FALSE
KLHL41,-0.0472,0.4442,0.996681,0.71359,0.74639,NS,Discordant (CRE Down / PLA Up),TRUE
MAPK1,0.0784,0.4124,0.968215,0.243367,0.585248,NS,Concordant Up,FALSE
MTHFD1,-0.0594,-0.4297,0.97753,0.119633,0.398521,NS,Concordant Down,FALSE
PDPR,-0.1359,0.3531,0.92801,0.54499,0.427973,NS,Discordant (CRE Down / PLA Up),TRUE
ARPC5,0.28,-0.2088,0.827213,0.916324,0.670669,NS,Discordant (CRE Up / PLA Down),TRUE
SEPTIN2,0.3499,-0.1388,0.503562,0.924072,0.39877,NS,Discordant (CRE Up / PLA Down),FALSE
IAH1,-0.1658,0.3222,0.915615,0.686659,0.528854,NS,Discordant (CRE Down / PLA Up),FALSE
SAR1B,-0.3296,0.1582,0.713074,0.94006,0.600794,NS,Discordant (CRE Down / PLA Up),TRUE
TMED10,0.3113,-0.1754,0.627664,0.886786,0.442723,NS,Discordant (CRE Up / PLA Down),FALSE
EHBP1L1,-0.1052,0.3815,0.958903,0.530517,0.462648,NS,Discordant (CRE Down / PLA Up),TRUE
SYNC,-0.0911,-0.3941,0.979417,0.677517,0.852259,NS,Concordant Down,TRUE
UQCRFS1,-0.1204,0.3647,0.953749,0.579931,0.505292,NS,Discordant (CRE Down / PLA Up),FALSE
REXO2,0.0838,-0.4009,0.977566,0.498197,0.496323,NS,Discordant (CRE Up / PLA Down),TRUE
LNPEP,0.3057,0.1787,0.714902,0.910505,0.969043,NS,Concordant Up,TRUE
RAB2A,-0.1069,-0.3774,0.922198,0.219811,0.652789,NS,Concordant Down,FALSE
ATP5MF,-0.1,0.3832,0.961429,0.453742,0.418904,NS,Discordant (CRE Down / PLA Up),FALSE
SEC22B,0.2696,-0.2133,0.630255,0.775025,0.326158,NS,Discordant (CRE Up / PLA Down),FALSE
EPM2A,-0.4479,-0.035,0.516146,0.996796,0.682744,NS,Concordant Down,TRUE
AIMP1,-0.0612,0.4211,0.986328,0.391355,0.432488,NS,Discordant (CRE Down / PLA Up),TRUE
NAPRT,-0.2651,-0.2166,0.688588,0.799685,0.993878,NS,Concordant Down,TRUE
USP15,-0.2061,0.2756,0.87251,0.777995,0.554639,NS,Discordant (CRE Down / PLA Up),FALSE
CLIP1,-0.3873,0.0942,0.466469,0.969992,0.460423,NS,Discordant (CRE Down / PLA Up),FALSE
TATDN1,-0.2992,-0.1821,0.659751,0.888568,0.968306,NS,Concordant Down,TRUE
PANK4,-0.1973,0.2836,0.872742,0.751687,0.528376,NS,Discordant (CRE Down / PLA Up),FALSE
DTNA,-0.1433,-0.3375,0.947442,0.732318,0.93689,NS,Concordant Down,TRUE
PSPC1,-0.1407,0.3394,0.961619,0.716588,0.660763,NS,Discordant (CRE Down / PLA Up),TRUE
ACOT13,0.0936,0.3857,0.97369000000000006,0.552338,0.814416,NS,Concordant Up,FALSE
FKBP5,0.4594,0.0184,0.491235,0.99954,0.753794,NS,Concordant Up,TRUE
YBX1,0.1424,0.3353,0.912721,0.53584,0.891449,NS,Concordant Up,FALSE
RPL17,0.182,-0.2952,0.889499,0.758648,0.553867,NS,Discordant (CRE Up / PLA Down),TRUE
JAGN1,-0.3174,0.1592,0.619227,0.924002,0.509052,NS,Discordant (CRE Down / PLA Up),TRUE
HSPA2,-0.2941,0.1822,0.79197,0.927247,0.650275,NS,Discordant (CRE Down / PLA Up),TRUE
STXBP3,-0.0895,0.3868,0.971094,0.529864,0.488644,NS,Discordant (CRE Down / PLA Up),TRUE
EIF3K,-0.2648,0.2114,0.850688,0.908097,0.679952,NS,Discordant (CRE Down / PLA Up),TRUE
PADI2,0.084,0.3913,0.973364,0.469588,0.749056,NS,Concordant Up,TRUE
MDH1,-0.1556,-0.3197,0.85533,0.443772,0.894442,NS,Concordant Down,FALSE
DPYSL3,0.3335,0.1416,0.594815,0.930993,0.910219,NS,Concordant Up,FALSE
HIKESHI,-0.0859,0.3888,0.979443,0.588558,0.57258,NS,Discordant (CRE Down / PLA Up),TRUE
SETD7,-0.1389,0.3351,0.916346,0.544517,0.408271,NS,Discordant (CRE Down / PLA Up),TRUE
NTPCR,4e-4,0.473,1,0.477212,0.621498,NS,Concordant Up,TRUE
PDHA1,0.0206,0.4525,0.998755,0.390647,0.583723,NS,Concordant Up,FALSE
NRAP,-0.3541,0.1186,0.70218,0.973797,0.678343,NS,Discordant (CRE Down / PLA Up),TRUE
DLST,-0.0013,0.4713,0.999995,0.29723,0.46215,NS,Discordant (CRE Down / PLA Up),FALSE
PSMD11,-0.1571,0.3153,0.875284,0.525754,0.34328,NS,Discordant (CRE Down / PLA Up),FALSE
LDHA,0.3559,-0.116,0.454578,0.943711,0.393614,NS,Discordant (CRE Up / PLA Down),FALSE
HDHD2,-0.3555,-0.1156,0.457053,0.950641,0.835266,NS,Concordant Down,TRUE
ALDH4A1,-0.1353,0.3355,0.926873,0.561796,0.440863,NS,Discordant (CRE Down / PLA Up),FALSE
EHD4,0.3877,-0.0825,0.579192,0.982637,0.589505,NS,Discordant (CRE Up / PLA Down),TRUE
GRSF1,0.4111,-0.0589,0.663091,0.994574,0.724334,NS,Discordant (CRE Up / PLA Down),TRUE
RPL7,0.4013,0.0683,0.37004,0.982367,0.677516,NS,Concordant Up,FALSE
COPS7A,-0.1503,0.3189,0.881633,0.512918,0.338784,NS,Discordant (CRE Down / PLA Up),TRUE
PKIA,-0.1322,-0.3367,0.90658,0.511186,0.860582,NS,Concordant Down,TRUE
NID2,0.2572,-0.2113,0.873899,0.914792,0.715165,NS,Discordant (CRE Up / PLA Down),TRUE
GNA13,0.0167,-0.4509,0.999333,0.533492,0.626545,NS,Discordant (CRE Up / PLA Down),TRUE
DNAJC19,0.4458,-0.0217,0.456118,0.999145,0.651084,NS,Discordant (CRE Up / PLA Down),TRUE
VDAC2,0.1323,0.3343,0.91421,0.481141,0.862976,NS,Concordant Up,FALSE
ENDOG,-0.2043,-0.2622,0.895285,0.850624,0.995081,NS,Concordant Down,TRUE
UBE2R2,-0.1907,0.2758,0.900206,0.873234,0.702134,NS,Discordant (CRE Down / PLA Up),TRUE
IGKV3-15,0.0381,-0.4282,0.998098,0.748266,0.790312,NS,Discordant (CRE Up / PLA Down),TRUE
ME1,-0.2059,-0.2603,0.775005,0.65628,0.990861,NS,Concordant Down,FALSE
FHOD1,-0.0964,0.3694,0.97197,0.596582,0.558378,NS,Discordant (CRE Down / PLA Up),TRUE
DYNC1I2,0.3542,-0.1113,0.340635,0.932862,0.28847,NS,Discordant (CRE Up / PLA Down),FALSE
CHP1,-0.1742,0.2905,0.866309,0.669736,0.443337,NS,Discordant (CRE Down / PLA Up),TRUE
MTPN,0.1428,-0.3217,0.889366,0.475373,0.322249,NS,Discordant (CRE Up / PLA Down),FALSE
RAB24,0.4348,0.0292,0.557362,0.99865,0.771412,NS,Concordant Up,TRUE
HMGB1,0.092,-0.372,0.962044,0.407744,0.382677,NS,Discordant (CRE Up / PLA Down),FALSE
RPL5,0.3667,-0.0966,0.402494,0.959473,0.383713,NS,Discordant (CRE Up / PLA Down),FALSE
ETFA,-0.0952,0.3678,0.960774,0.435299,0.402127,NS,Discordant (CRE Down / PLA Up),FALSE
DUSP28,0.0405,0.4221,0.996863,0.656306,0.795834,NS,Concordant Up,TRUE
AKR1C3,0.2938,-0.1669,0.841199,0.952133,0.740133,NS,Discordant (CRE Up / PLA Down),FALSE
DNAJB1,0.0187,0.442,0.999037,0.516716,0.654736,NS,Concordant Up,TRUE
CACNA2D1,-0.2951,0.1651,0.605619,0.881676,0.417473,NS,Discordant (CRE Down / PLA Up),FALSE
RBP4,-0.1167,-0.3428,0.975249,0.782627,0.934802,NS,Concordant Down,TRUE
EPN1,0.3299,-0.1292,0.740696,0.957475,0.647951,NS,Discordant (CRE Up / PLA Down),TRUE
HNRNPU,0.3031,-0.1559,0.581684,0.8939,0.414622,NS,Discordant (CRE Up / PLA Down),FALSE
ARL1,-0.3395,0.1187,0.862956,0.98381,0.827405,NS,Discordant (CRE Down / PLA Up),TRUE
CFL2,-0.1501,0.3073,0.916078,0.653199,0.499348,NS,Discordant (CRE Down / PLA Up),FALSE
TOMM70,0.1474,0.3098,0.939182,0.718928,0.949171,NS,Concordant Up,TRUE
CACNB3,-0.4231,-0.0335,0.450687,0.997229,0.687526,NS,Concordant Down,TRUE
THBS1,0.3701,-0.086,0.804857,0.988898,0.785431,NS,Discordant (CRE Up / PLA Down),TRUE
RAB1A,0.1936,-0.2621,0.867995,0.777885,0.546942,NS,Discordant (CRE Up / PLA Down),TRUE
ARPC3,0.3548,0.1008,0.671943,0.975978,0.88678,NS,Concordant Up,FALSE
MYH4,0.1353,0.3199,0.97842,0.884148,0.97287,NS,Concordant Up,TRUE
RPL18A,0.2881,-0.1668,0.694115,0.914776,0.54759,NS,Discordant (CRE Up / PLA Down),TRUE
MSRA,0.3144,-0.1401,0.664081,0.965976,0.684926,NS,Discordant (CRE Up / PLA Down),TRUE
MLYCD,-0.1411,0.3134,0.945101,0.745662,0.628204,NS,Discordant (CRE Down / PLA Up),TRUE
IMMT,-0.0717,0.3828,0.984137,0.537847,0.551263,NS,Discordant (CRE Down / PLA Up),FALSE
CACNB1,-0.2931,0.1608,0.733253,0.931268,0.606155,NS,Discordant (CRE Down / PLA Up),TRUE
EPRS1,0.0611,0.3926,0.983793,0.354158,0.643487,NS,Concordant Up,FALSE
LZIC,0.0891,0.3644,0.957454,0.402521,0.725118,NS,Concordant Up,TRUE
GPX3,-0.0289,-0.4245,0.998346,0.621994,0.765665,NS,Concordant Down,FALSE
SNTB2,-0.0031,0.4503,0.999959,0.209,0.369508,NS,Discordant (CRE Down / PLA Up),FALSE
ERAP1,-0.4124,-0.0409,0.346138,0.99425,0.616741,NS,Concordant Down,TRUE
PACSIN3,-0.2032,0.25,0.824619,0.760615,0.480578,NS,Discordant (CRE Down / PLA Up),TRUE
SMPX,0.1058,-0.3468,0.975853,0.751335,0.699806,NS,Discordant (CRE Up / PLA Down),TRUE
RPS25,-0.0493,-0.4032,0.991382,0.41874,0.663779,NS,Concordant Down,FALSE
GLO1,-0.3165,-0.1359,0.508348,0.912299,0.891053,NS,Concordant Down,FALSE
RPLP0,0.2037,0.2486,0.735174,0.624637,0.992678,NS,Concordant Up,FALSE
PCYOX1,-0.2292,-0.2229,0.733498,0.757537,0.99989,NS,Concordant Down,FALSE
VPS35,0.2095,0.2424,0.846438,0.80095,0.997766,NS,Concordant Up,FALSE
RPS7,-0.4133,-0.0382,0.486133,0.996066,0.700641,NS,Concordant Down,FALSE
FLNB,-0.13,0.3201,0.939211,0.632582,0.520169,NS,Discordant (CRE Down / PLA Up),FALSE
SFPQ,0.2098,-0.2401,0.808545,0.767686,0.470922,NS,Discordant (CRE Up / PLA Down),TRUE
ACSS2,-0.0904,-0.3595,0.962222,0.422833,0.756625,NS,Concordant Down,FALSE
EIF5B,-0.4349,0.0148,0.184386,0.999136,0.371231,NS,Discordant (CRE Down / PLA Up),TRUE
RIC8A,-0.1012,0.3484,0.963277,0.566663,0.5136,NS,Discordant (CRE Down / PLA Up),TRUE
TGM2,0.0148,0.4347,0.999452,0.512798,0.665972,NS,Concordant Up,FALSE
ANKRD2,-0.3623,0.0871,0.616787,0.981284,0.623447,NS,Discordant (CRE Down / PLA Up),TRUE
PMM2,0.024,0.4252,0.997606,0.273799,0.492238,NS,Concordant Up,FALSE
ITGA7,-0.0642,-0.3846,0.981938,0.371401,0.664856,NS,Concordant Down,FALSE
PPM1A,-0.1803,0.268,0.857707,0.694507,0.457089,NS,Discordant (CRE Down / PLA Up),FALSE
PDXP,-0.4378,0.0103,0.565466,0.999793,0.687625,NS,Discordant (CRE Down / PLA Up),TRUE
PRDX6,0.0272,-0.4199,0.997106,0.318407,0.432715,NS,Discordant (CRE Up / PLA Down),FALSE
UROD,-0.2193,-0.2275,0.825652,0.824818,0.999863,NS,Concordant Down,TRUE
DEK,-0.0884,-0.3579,0.961708,0.515081,0.776564,NS,Concordant Down,TRUE
GLRX,-0.1861,0.2601,0.89879,0.808671,0.619206,NS,Discordant (CRE Down / PLA Up),TRUE
KLKB1,-0.1215,0.3245,0.976342,0.820817,0.770243,NS,Discordant (CRE Down / PLA Up),TRUE
MRPS18B,0.1493,-0.2963,0.954609,0.858834,0.75534,NS,Discordant (CRE Up / PLA Down),TRUE
MYLK3,-0.148,-0.2975,0.949259,0.823324,0.967879,NS,Concordant Down,TRUE
EEF2K,-0.1973,0.2478,0.906251,0.903554,0.747424,NS,Discordant (CRE Down / PLA Up),TRUE
NCL,0.1285,-0.3163,0.920223,0.530906,0.404936,NS,Discordant (CRE Up / PLA Down),FALSE
OPLAH,-0.1961,0.2486,0.841869,0.770293,0.508466,NS,Discordant (CRE Down / PLA Up),TRUE
NEK7,-0.3984,0.0461,0.510727,0.994322,0.592575,NS,Discordant (CRE Down / PLA Up),TRUE
BPNT1,-0.1592,0.2842,0.883804,0.638767,0.44129,NS,Discordant (CRE Down / PLA Up),FALSE
APOC2,0.1576,0.2855,0.959046,0.866169,0.981955,NS,Concordant Up,TRUE
GSK3B,-0.1152,0.3273,0.964549,0.731855,0.652945,NS,Discordant (CRE Down / PLA Up),TRUE
ANXA6,0.1061,-0.3359,0.948503,0.494537,0.42402,NS,Discordant (CRE Up / PLA Down),FALSE
TMEM11,0.0854,0.3564,0.974884,0.5729,0.819349,NS,Concordant Up,TRUE
NDUFB8,0.0809,0.3605,0.986668,0.722927,0.883788,NS,Concordant Up,TRUE
IPO5,-0.1771,0.2642,0.836924,0.650183,0.396175,NS,Discordant (CRE Down / PLA Up),FALSE
MYBPC1,0.0644,0.3768,0.990739,0.688933,0.844411,NS,Concordant Up,TRUE
DCTPP1,-0.1423,-0.2989,0.956191,0.808661,0.964386,NS,Concordant Down,TRUE
PEX11B,-0.2864,0.154,0.893893,0.965051,0.81467,NS,Discordant (CRE Down / PLA Up),TRUE
SCRN2,-0.2344,-0.2057,0.70363,0.780602,0.997495,NS,Concordant Down,FALSE
PTER,-0.2505,0.1894,0.749394,0.908361,0.606662,NS,Discordant (CRE Down / PLA Up),TRUE
BCKDHB,-0.3657,-0.0735,0.69235,0.990482,0.877839,NS,Concordant Down,TRUE
SNF8,-0.1759,0.2633,0.885622,0.820743,0.616089,NS,Discordant (CRE Down / PLA Up),TRUE
PBXIP1,-0.1041,0.3349,0.952898,0.530945,0.458816,NS,Discordant (CRE Down / PLA Up),TRUE
NDUFC2,-0.2058,-0.2331,0.849441,0.824565,0.998492,NS,Concordant Down,TRUE
PGP,-0.1987,0.2401,0.834502,0.773023,0.502936,NS,Discordant (CRE Down / PLA Up),FALSE
SARS1,0.1093,0.3287,0.96084,0.634625,0.887449,NS,Concordant Up,TRUE
TIMM50,0.0492,0.3885,0.994608,0.62986,0.803293,NS,Concordant Up,TRUE
ATP5ME,0.0297,0.4079,0.997789,0.554951,0.72438,NS,Concordant Up,FALSE
DAD1,0.2847,0.1523,0.65774,0.924204,0.957463,NS,Concordant Up,TRUE
CACYBP,0.3684,-0.068,0.477008,0.985001,0.529737,NS,Discordant (CRE Up / PLA Down),TRUE
SRP9,0.2062,-0.2298,0.820274,0.800767,0.51792,NS,Discordant (CRE Up / PLA Down),TRUE
EML2,-0.2086,0.2274,0.86147,0.854111,0.623074,NS,Discordant (CRE Down / PLA Up),TRUE
HGS,0.1343,-0.3016,0.914781,0.650567,0.483907,NS,Discordant (CRE Up / PLA Down),TRUE
TBCA,0.152,-0.2834,0.906276,0.677965,0.505319,NS,Discordant (CRE Up / PLA Down),FALSE
TAGLN,0.1857,-0.2495,0.945719,0.903984,0.794876,NS,Discordant (CRE Up / PLA Down),FALSE
HLA-DRB5,0.4114,0.0237,0.715628,0.99924,0.835754,NS,Concordant Up,TRUE
ADSL,-0.1993,0.2355,0.809311,0.742709,0.447064,NS,Discordant (CRE Down / PLA Up),FALSE
AHCYL1,0.1594,0.2754,0.888833,0.67414,0.962316,NS,Concordant Up,FALSE
LAMTOR5,0.359,-0.0753,0.630653,0.990544,0.722439,NS,Discordant (CRE Up / PLA Down),TRUE
C9orf64,-0.2076,-0.2262,0.776228,0.780235,0.999065,NS,Concordant Down,TRUE
NONO,0.1539,-0.2799,0.917767,0.745008,0.581078,NS,Discordant (CRE Up / PLA Down),TRUE
NAE1,-0.2367,0.197,0.76687,0.850793,0.518267,NS,Discordant (CRE Down / PLA Up),TRUE
ADPRHL1,-0.246,0.1873,0.842298,0.919467,0.688816,NS,Discordant (CRE Down / PLA Up),TRUE
VPS4A,-0.2651,0.1681,0.729566,0.91628,0.585735,NS,Discordant (CRE Down / PLA Up),TRUE
SLC2A1,0.2101,-0.2228,0.927637,0.921323,0.79041,NS,Discordant (CRE Up / PLA Down),TRUE
PHYHD1,-0.2933,-0.1392,0.827968,0.969713,0.971733,NS,Concordant Down,TRUE
RPRD1B,-0.3828,0.0488,0.614714,0.994871,0.682285,NS,Discordant (CRE Down / PLA Up),TRUE
GBE1,-0.0113,0.4199,0.999504,0.309749,0.4554,NS,Discordant (CRE Down / PLA Up),FALSE
COPG1,0.3088,-0.1216,0.691092,0.95626,0.610218,NS,Discordant (CRE Up / PLA Down),FALSE
TST,-0.201,-0.2293,0.873991,0.841016,0.998515,NS,Concordant Down,FALSE
EPHX1,-0.0449,-0.385,0.994067,0.539666,0.740358,NS,Concordant Down,FALSE
TMX1,0.2151,-0.2145,0.716381,0.744799,0.365288,NS,Discordant (CRE Up / PLA Down),TRUE
THOP1,-0.3574,-0.0711,0.438248,0.981049,0.752431,NS,Concordant Down,TRUE
PSMD3,-0.0295,0.3987,0.995607,0.243003,0.349886,NS,Discordant (CRE Down / PLA Up),FALSE
GSPT1,-0.0304,0.3968,0.995258,0.26761,0.359965,NS,Discordant (CRE Down / PLA Up),TRUE
RYR1,-0.3044,0.1224,0.72161,0.961713,0.654504,NS,Discordant (CRE Down / PLA Up),TRUE
LDHB,-0.0874,-0.339,0.980797,0.69931,0.884745,NS,Concordant Down,FALSE
RNF114,-0.3178,-0.1083,0.604937,0.97204,0.91003,NS,Concordant Down,TRUE
SIRT2,-0.3362,0.0899,0.674596,0.981966,0.68005,NS,Discordant (CRE Down / PLA Up),TRUE
GUK1,-0.0673,-0.3587,0.989302,0.697935,0.856307,NS,Concordant Down,TRUE
NFIC,-0.126,-0.2999,0.924306,0.586637,0.903032,NS,Concordant Down,TRUE
EIF4H,-0.1594,0.2662,0.859637,0.621102,0.396973,NS,Discordant (CRE Down / PLA Up),FALSE
PSMB5,-0.2825,0.143,0.582247,0.901416,0.427051,NS,Discordant (CRE Down / PLA Up),FALSE
YWHAQ,0.3132,-0.1123,0.564544,0.948031,0.487694,NS,Discordant (CRE Up / PLA Down),FALSE
SNTA1,-0.2719,0.1535,0.74265,0.92625,0.601233,NS,Discordant (CRE Down / PLA Up),TRUE
GCDH,-0.0971,0.3281,0.978343,0.772372,0.722057,NS,Discordant (CRE Down / PLA Up),TRUE
SURF1,-0.1896,0.2353,0.889158,0.858269,0.661288,NS,Discordant (CRE Down / PLA Up),TRUE
ROMO1,-0.04,-0.3848,0.997097,0.732729,0.844005,NS,Concordant Down,TRUE
PRDX4,0.3202,-0.1037,0.493401,0.950069,0.435027,NS,Discordant (CRE Up / PLA Down),FALSE
UCHL3,-0.0534,0.3704,0.989241,0.465693,0.512435,NS,Discordant (CRE Down / PLA Up),FALSE
SOD2,0.1887,-0.2345,0.858487,0.787138,0.544326,NS,Discordant (CRE Up / PLA Down),FALSE
CPNE1,0.0599,0.3626,0.985035,0.470536,0.72068,NS,Concordant Up,TRUE
MPP1,-0.087,0.335,0.983879,0.782877,0.746252,NS,Discordant (CRE Down / PLA Up),TRUE
GANAB,0.2657,-0.1562,0.735602,0.914864,0.574038,NS,Discordant (CRE Up / PLA Down),FALSE
MRPL46,-0.1401,0.2813,0.952696,0.819109,0.713153,NS,Discordant (CRE Down / PLA Up),TRUE
DNAJB2,-0.288,0.1329,0.643393,0.950795,0.599542,NS,Discordant (CRE Down / PLA Up),TRUE
SERPINF1,0.3752,0.0454,0.728644,0.996527,0.858025,NS,Concordant Up,FALSE
TWF2,-0.0625,0.3577,0.98401400000000006,0.464834,0.490344,NS,Discordant (CRE Down / PLA Up),FALSE
CAP2,-0.1047,0.3151,0.966795,0.690435,0.627133,NS,Discordant (CRE Down / PLA Up),FALSE
PIN1,-0.2698,-0.1498,0.633776,0.892974,0.954218,NS,Concordant Down,TRUE
RPS28,0.1641,-0.2548,0.893996,0.755512,0.557367,NS,Discordant (CRE Up / PLA Down),TRUE
ATP5PO,0.0418,0.3769,0.993603,0.45705,0.68344,NS,Concordant Up,FALSE
LAMP1,0.1949,0.2237,0.924669,0.901856,0.998966,NS,Concordant Up,TRUE
SMYD2,-0.008,-0.4102,0.999852,0.734295,0.784295,NS,Concordant Down,TRUE
MDH2,0.0775,0.3403,0.97684,0.541156,0.803529,NS,Concordant Up,FALSE
DRG2,0.0237,0.3933,0.998349,0.758743,0.809527,NS,Concordant Up,TRUE
TRIP10,-0.0505,0.3662,0.990576,0.462883,0.523652,NS,Discordant (CRE Down / PLA Up),TRUE
HLA-C,0.3975,0.019,0.551388,0.999211,0.735324,NS,Concordant Up,TRUE
STAT5B,-0.0981,-0.3181,0.934143,0.360615,0.764492,NS,Concordant Down,FALSE
EIF5,0.0803,0.3359,0.974115,0.53548,0.806713,NS,Concordant Up,FALSE
GAPVD1,-0.1309,0.2851,0.963258,0.822432,0.739728,NS,Discordant (CRE Down / PLA Up),TRUE
LRPPRC,0.0662,0.3498,0.983082,0.512622,0.76762300000000006,NS,Concordant Up,FALSE
PLEKHF1,-0.2789,-0.1369,0.698514,0.941457,0.953482,NS,Concordant Down,TRUE
SEC24B,-0.2966,0.1189,0.85309,0.986468,0.855525,NS,Discordant (CRE Down / PLA Up),TRUE
PCYT2,-0.1843,0.2309,0.831259,0.773693,0.499608,NS,Discordant (CRE Down / PLA Up),TRUE
RWDD1,-0.4014,0.0137,0.515389,0.999535,0.650065,NS,Discordant (CRE Down / PLA Up),TRUE
PRKAR1A,-0.1394,0.2756,0.907571,0.652934,0.482887,NS,Discordant (CRE Down / PLA Up),FALSE
STOML2,0.0302,0.3842,0.996883,0.484496,0.674421,NS,Concordant Up,TRUE
CMPK1,-0.1584,-0.2559,0.907127,0.759693,0.977654,NS,Concordant Down,FALSE
NME1,0.0639,-0.3501,0.984217,0.509152,0.527627,NS,Discordant (CRE Up / PLA Down),FALSE
MAP2K6,-0.035,0.379,0.99641,0.5615,0.627253,NS,Discordant (CRE Down / PLA Up),TRUE
BAX,0.2321,0.1813,0.9161,0.938502,0.997162,NS,Concordant Up,TRUE
LANCL1,-0.1383,0.2745,0.912347,0.656695,0.494997,NS,Discordant (CRE Down / PLA Up),FALSE
DYNC1LI1,-0.0492,0.3635,0.987566,0.372472,0.413411,NS,Discordant (CRE Down / PLA Up),TRUE
PLCL1,-0.1319,-0.2804,0.94635,0.87041,0.96946,NS,Concordant Down,TRUE
ETF1,0.1158,0.2959,0.937863,0.615998,0.899594,NS,Concordant Up,TRUE
BCAT2,-0.3106,-0.101,0.671542,0.969998,0.90282,NS,Concordant Down,TRUE
ALDH16A1,0.1999,-0.2111,0.864349,0.862564,0.634833,NS,Discordant (CRE Up / PLA Down),TRUE
PPA2,-0.0953,0.3154,0.963223,0.587811,0.531182,NS,Discordant (CRE Down / PLA Up),FALSE
UCHL5,0.0661,0.3445,0.9849,0.696787,0.839385,NS,Concordant Up,TRUE
RMDN1,-0.1244,0.2856,0.948891,0.741952,0.630489,NS,Discordant (CRE Down / PLA Up),TRUE
OPTN,-0.025,0.3848,0.998141,0.56139,0.635555,NS,Discordant (CRE Down / PLA Up),TRUE
CARM1,-0.15,0.2598,0.888603,0.741253,0.532196,NS,Discordant (CRE Down / PLA Up),TRUE
NIT1,0.0343,0.3753,0.996814,0.58929,0.758093,NS,Concordant Up,FALSE
CNPY2,0.3533,0.056,0.595969,0.992403,0.820777,NS,Concordant Up,TRUE
PA2G4,-0.1614,-0.2477,0.854563,0.666237,0.974497,NS,Concordant Down,FALSE
YWHAG,0.1264,-0.2826,0.915849,0.584541,0.439914,NS,Discordant (CRE Up / PLA Down),FALSE
GMFG,-0.3153,-0.0919,0.852073,0.987222,0.94757,NS,Concordant Down,TRUE
PRMT5,-0.3038,0.1032,0.564476,0.955244,0.505983,NS,Discordant (CRE Down / PLA Up),FALSE
PIN4,-0.3873,-0.0195,0.44726,0.998814,0.652092,NS,Concordant Down,TRUE
GNB2,0.1228,-0.2838,0.944364,0.698318,0.585593,NS,Discordant (CRE Up / PLA Down),FALSE
HP1BP3,-0.2224,-0.1841,0.858511,0.907883,0.997463,NS,Concordant Down,TRUE
CARS1,-0.1343,-0.2722,0.931142,0.731676,0.953243,NS,Concordant Down,TRUE
U2AF2,-0.0184,0.388,0.999183,0.72591,0.755442,NS,Discordant (CRE Down / PLA Up),TRUE
DDAH1,-0.0791,0.327,0.985692,0.750966,0.730673,NS,Discordant (CRE Down / PLA Up),TRUE
ENOPH1,-0.3781,0.0274,0.358114,0.997136,0.497547,NS,Discordant (CRE Down / PLA Up),TRUE
PSMB3,-0.3285,0.0766,0.620561,0.981737,0.619144,NS,Discordant (CRE Down / PLA Up),FALSE
SSB,0.2904,-0.1145,0.557727,0.945863,0.497936,NS,Discordant (CRE Up / PLA Down),TRUE
DHTKD1,-0.3842,-0.0205,0.501695,0.999188,0.760821,NS,Concordant Down,TRUE
DPP7,0.2298,0.1749,0.847098,0.930977,0.99519,NS,Concordant Up,TRUE
ESD,-0.279,-0.1255,0.45315,0.891056,0.887034,NS,Concordant Down,FALSE
RAP2B,0.1155,-0.2886,0.963364,0.784706,0.698928,NS,Discordant (CRE Up / PLA Down),TRUE
RPL6,0.2208,0.1832,0.786834,0.860629,0.996415,NS,Concordant Up,FALSE
SSBP1,-0.2131,0.1905,0.853812,0.888583,0.654684,NS,Discordant (CRE Down / PLA Up),FALSE
PNPT1,-0.072,-0.3315,0.987898,0.770549,0.894845,NS,Concordant Down,TRUE
TOM1L2,-0.1556,0.2465,0.930872,0.852537,0.710083,NS,Discordant (CRE Down / PLA Up),TRUE
CRK,0.3417,-0.0597,0.677791,0.991252,0.700415,NS,Discordant (CRE Up / PLA Down),TRUE
LCMT1,-0.3116,0.0895,0.650371,0.978247,0.651778,NS,Discordant (CRE Down / PLA Up),TRUE
SNX5,0.3177,-0.0824,0.600508,0.978393,0.605327,NS,Discordant (CRE Up / PLA Down),TRUE
CCAR2,0.2481,-0.1519,0.851276,0.952192,0.752646,NS,Discordant (CRE Up / PLA Down),TRUE
DNAJA4,0.009,0.3906,0.99977,0.549359,0.682306,NS,Concordant Up,TRUE
WBP2,-0.21,-0.1895,0.891676,0.911794,0.999357,NS,Concordant Down,TRUE
GCLC,-0.0968,-0.3023,0.977288,0.770055,0.927438,NS,Concordant Down,FALSE
DENR,-0.3341,0.0644,0.706715,0.991034,0.730521,NS,Discordant (CRE Down / PLA Up),TRUE
ILF2,0.3865,0.0113,0.504273,0.999696,0.705334,NS,Concordant Up,TRUE
PRPSAP1,-0.2837,0.1139,0.755132,0.969515,0.708838,NS,Discordant (CRE Down / PLA Up),TRUE
COQ10A,-0.0733,0.3242,0.989092,0.794082,0.776184,NS,Discordant (CRE Down / PLA Up),TRUE
GLIPR2,0.2182,-0.1793,0.922853,0.950929,0.826,NS,Discordant (CRE Up / PLA Down),TRUE
ADD1,0.2318,-0.1656,0.876733,0.940846,0.756518,NS,Discordant (CRE Up / PLA Down),TRUE
NPEPL1,-0.2518,0.1451,0.8152,0.951852,0.721752,NS,Discordant (CRE Down / PLA Up),TRUE
TRIM25,0.245,-0.1519,0.769029,0.910781,0.594918,NS,Discordant (CRE Up / PLA Down),TRUE
MPST,-0.2515,-0.1453,0.650776,0.890635,0.961446,NS,Concordant Down,FALSE
CBX3,-0.3149,-0.0815,0.721838,0.986783,0.910573,NS,Concordant Down,TRUE
CLCC1,-0.186,-0.2104,0.813539,0.829787,0.998458,NS,Concordant Down,TRUE
HEBP2,-0.3285,-0.0677,0.372516,0.97485,0.708809,NS,Concordant Down,FALSE
SRP54,0.2882,-0.1077,0.735447,0.968184,0.679416,NS,Discordant (CRE Up / PLA Down),TRUE
HPRT1,0.0299,-0.3653,0.998046,0.683346,0.740932,NS,Discordant (CRE Up / PLA Down),TRUE
SLC44A2,-0.0737,0.321,0.98114,0.63717,0.617786,NS,Discordant (CRE Down / PLA Up),TRUE
SDHB,-0.1014,0.2926,0.956058,0.624483,0.54512,NS,Discordant (CRE Down / PLA Up),FALSE
OGDH,-0.0549,0.3389,0.989574,0.576855,0.604985,NS,Discordant (CRE Down / PLA Up),FALSE
UBE2V1,-0.1193,0.2739,0.950111,0.73143,0.626206,NS,Discordant (CRE Down / PLA Up),FALSE
SETD3,-0.2324,0.1604,0.904102,0.957152,0.814943,NS,Discordant (CRE Down / PLA Up),TRUE
DDT,-0.201,-0.1915,0.874546,0.890857,0.999836,NS,Concordant Down,FALSE
ANXA7,-0.155,-0.2373,0.796639,0.550094,0.965821,NS,Concordant Down,FALSE
SEC31A,0.0811,0.3111,0.979007,0.689091,0.879792,NS,Concordant Up,TRUE
SNX2,0.3655,-0.0265,0.606786,0.998242,0.693995,NS,Discordant (CRE Up / PLA Down),FALSE
NDUFS7,0.0617,0.3303,0.992127,0.769145,0.891969,NS,Concordant Up,TRUE
SH3GLB1,-0.13,0.2616,0.923391,0.687867,0.538789,NS,Discordant (CRE Down / PLA Up),FALSE
ACOT2,-0.1978,-0.1924,0.776568,0.79698,0.999912,NS,Concordant Down,FALSE
ANK2,-0.202,0.1882,0.822645,0.845525,0.565448,NS,Discordant (CRE Down / PLA Up),TRUE
MRPL55,0.2552,0.135,0.855313,0.965953,0.980387,NS,Concordant Up,TRUE
EIF1AX,-0.297,-0.0927,0.591285,0.965284,0.87241,NS,Concordant Down,TRUE
PPP1CC,0.1361,0.2534,0.920097,0.792041,0.967176,NS,Concordant Up,TRUE
QARS1,-0.0917,0.2976,0.971437,0.681275,0.631872,NS,Discordant (CRE Down / PLA Up),TRUE
ST13,0.1114,-0.2764,0.93084,0.574206,0.454677,NS,Discordant (CRE Up / PLA Down),FALSE
UBE2O,0.1823,0.2044,0.907321,0.896774,0.999212,NS,Concordant Up,TRUE
SPPL2A,-0.1301,-0.2564,0.950232,0.799441,0.968293,NS,Concordant Down,TRUE
LAMP2,0.1246,-0.2607,0.92592,0.672902,0.529513,NS,Discordant (CRE Up / PLA Down),FALSE
PPP1R1A,-0.3333,-0.0519,0.544762,0.990599,0.778473,NS,Concordant Down,TRUE
RPS15A,0.227,0.1582,0.774532,0.897594,0.987601,NS,Concordant Up,FALSE
PLIN5,0.116,0.2692,0.971317,0.827684,0.964116,NS,Concordant Up,TRUE
ACLY,0.0882,0.2967,0.985204,0.839951,0.943643,NS,Concordant Up,TRUE
SLC37A4,0.1931,-0.1914,0.862766,0.900143,0.687449,NS,Discordant (CRE Up / PLA Down),TRUE
C7,-0.016,-0.3679,0.999627,0.791652,0.865024,NS,Concordant Down,TRUE
MECP2,0.0984,-0.2853,0.976975,0.853859,0.790489,NS,Discordant (CRE Up / PLA Down),TRUE
GYG1,-0.1174,0.2661,0.960906,0.800467,0.711036,NS,Discordant (CRE Down / PLA Up),TRUE
SHOC2,0.2172,-0.1659,0.836651,0.932523,0.713379,NS,Discordant (CRE Up / PLA Down),TRUE
PSMC1,0.104,-0.2784,0.954212,0.661856,0.572709,NS,Discordant (CRE Up / PLA Down),FALSE
ARMT1,-0.3443,-0.0374,0.593623,0.996163,0.787063,NS,Concordant Down,TRUE
ATP6V1G1,0.1501,-0.2309,0.89259,0.783681,0.580158,NS,Discordant (CRE Up / PLA Down),TRUE
UBE2B,0.0269,-0.354,0.998102,0.777743,0.78417,NS,Discordant (CRE Up / PLA Down),TRUE
PLIN3,0.1863,0.194,0.81825,0.810243,0.999832,NS,Concordant Up,FALSE
GPX1,0.0794,-0.3006,0.972013,0.581264,0.54762,NS,Discordant (CRE Up / PLA Down),FALSE
GSK3A,-0.0492,-0.3303,0.992412,0.742821,0.849192,NS,Concordant Down,TRUE
SDHA,-0.1398,0.2396,0.91856,0.760246,0.597361,NS,Discordant (CRE Down / PLA Up),FALSE
RTCB,0.0487,0.3299,0.985894,0.351116,0.638145,NS,Concordant Up,FALSE
COX7C,-0.0861,0.2924,0.98549,0.825794,0.796776,NS,Discordant (CRE Down / PLA Up),FALSE
SH3BGR,-0.3669,0.0106,0.660003,0.99977799999999994,0.764882,NS,Discordant (CRE Down / PLA Up),TRUE
RAB5C,0.2063,-0.1711,0.832891,0.891252,0.633994,NS,Discordant (CRE Up / PLA Down),FALSE
TPPP3,0.1735,0.203,0.906875,0.875765,0.998372,NS,Concordant Up,FALSE
PRKAB2,0.092,-0.2842,0.977148,0.78361,0.732138,NS,Discordant (CRE Up / PLA Down),TRUE
NDUFA5,-0.1169,0.259,0.956124,0.779329,0.682288,NS,Discordant (CRE Down / PLA Up),FALSE
ILVBL,-0.0734,-0.3017,0.987923,0.884396,0.943153,NS,Concordant Down,TRUE
RPS3,0.1744,0.2002,0.828562,0.781049,0.997894,NS,Concordant Up,FALSE
CPPED1,-0.3418,0.0328,0.586565,0.996514,0.652325,NS,Discordant (CRE Down / PLA Up),TRUE
SMIM20,-0.1545,0.2197,0.920733,0.840243,0.682641,NS,Discordant (CRE Down / PLA Up),TRUE
PAFAH1B1,-0.1863,0.1877,0.8268,0.83104,0.552822,NS,Discordant (CRE Down / PLA Up),FALSE
MYL12B,0.3526,-0.0212,0.559902,0.998667,0.664034,NS,Discordant (CRE Up / PLA Down),FALSE
DLAT,-0.0079,0.3655,0.999797,0.512603,0.637142,NS,Discordant (CRE Down / PLA Up),FALSE
LAMTOR3,-0.1445,0.2287,0.942909,0.840258,0.722359,NS,Discordant (CRE Down / PLA Up),TRUE
PSMD1,-0.0916,0.281,0.960965,0.619134,0.551038,NS,Discordant (CRE Down / PLA Up),FALSE
UBL5,0.2185,0.154,0.84656,0.933236,0.992095,NS,Concordant Up,TRUE
GSTP1,-0.0926,-0.2797,0.952598,0.558183,0.862182,NS,Concordant Down,FALSE
PRKAA2,-0.1851,-0.1871,0.849293,0.874561,0.999991,NS,Concordant Down,TRUE
ATP6V1H,-0.2188,-0.1529,0.844354,0.929951,0.991453,NS,Concordant Down,TRUE
SRL,-0.1065,0.2648,0.953882,0.725898,0.623703,NS,Discordant (CRE Down / PLA Up),TRUE
HSPA8,0.1685,-0.2026,0.830696,0.761931,0.484896,NS,Discordant (CRE Up / PLA Down),FALSE
ARIH1,-0.3368,0.0342,0.636598,0.99727,0.727953,NS,Discordant (CRE Down / PLA Up),TRUE
TUFM,-0.0849,0.2857,0.965449,0.592478,0.539455,NS,Discordant (CRE Down / PLA Up),FALSE
THTPA,0.0777,0.2928,0.983185,0.711962,0.900194,NS,Concordant Up,TRUE
EPHX2,-0.3105,0.0599,0.719776,0.990803,0.731956,NS,Discordant (CRE Down / PLA Up),TRUE
GNAS,-0.1073,-0.2618,0.951342,0.701365,0.930672,NS,Concordant Down,FALSE
PRDX5,0.1356,-0.2325,0.899419,0.705119,0.516752,NS,Discordant (CRE Up / PLA Down),FALSE
TMED1,6e-4,-0.3672,0.999999,0.665748,0.809298,NS,Discordant (CRE Up / PLA Down),TRUE
PURA,0.0306,0.3368,0.997178,0.607499,0.774582,NS,Concordant Up,TRUE
CSNK2A1,-0.1535,0.2129,0.903798,0.839703,0.65585,NS,Discordant (CRE Down / PLA Up),TRUE
CAPN2,0.2859,0.0804,0.530338,0.966716,0.834778,NS,Concordant Up,FALSE
PYGB,0.002,0.3637,0.999988,0.573606,0.700799,NS,Concordant Up,FALSE
ACTR1A,0.0858,0.2795,0.959014,0.552216,0.849444,NS,Concordant Up,FALSE
ACAT1,-0.1781,0.187,0.827656,0.816925,0.537653,NS,Discordant (CRE Down / PLA Up),FALSE
NSUN2,-0.2152,0.1497,0.871915,0.938944,0.746946,NS,Discordant (CRE Down / PLA Up),TRUE
REEP5,0.22,0.1448,0.773929,0.909185,0.984135,NS,Concordant Up,FALSE
RPS9,0.2352,0.1293,0.74703,0.930051,0.968358,NS,Concordant Up,FALSE
AKR7A2,0.2085,0.1559,0.759515,0.873685,0.991125,NS,Concordant Up,FALSE
PPCDC,-0.2071,0.1573,0.869945,0.942135,0.757346,NS,Discordant (CRE Down / PLA Up),TRUE
PPT1,0.1976,-0.1667,0.864524,0.937851,0.753698,NS,Discordant (CRE Up / PLA Down),TRUE
PRUNE1,-0.3538,0.0094,0.50721,0.999762,0.682455,NS,Discordant (CRE Down / PLA Up),TRUE
ILF3,0.3102,0.0523,0.674092,0.991268,0.840909,NS,Concordant Up,TRUE
ITIH4,0.233,0.1289,0.920725,0.977409,0.989678,NS,Concordant Up,FALSE
ABHD14B,0.0542,-0.3077,0.98798,0.58078,0.600951,NS,Discordant (CRE Up / PLA Down),FALSE
HPCAL1,0.2502,-0.1113,0.72603,0.952724,0.633582,NS,Discordant (CRE Up / PLA Down),TRUE
CBR3,0.2478,-0.1131,0.798866,0.967838,0.740914,NS,Discordant (CRE Up / PLA Down),TRUE
SHMT2,-0.3485,-0.0121,0.484818,0.999614,0.722288,NS,Concordant Down,TRUE
NARS1,0.249,0.111,0.52787,0.911931,0.905106,NS,Concordant Up,FALSE
VARS1,0.3105,-0.0491,0.524574,0.990052,0.580321,NS,Discordant (CRE Up / PLA Down),TRUE
TMED2,-0.1184,-0.2407,0.938711,0.744784,0.956844,NS,Concordant Down,TRUE
RELA,0.0661,-0.2925,0.986707,0.781446,0.747649,NS,Discordant (CRE Up / PLA Down),TRUE
RDH11,-0.3057,0.0528,0.731506,0.994517,0.784259,NS,Discordant (CRE Down / PLA Up),TRUE
CBR1,0.3468,-0.0115,0.488392,0.999532,0.623957,NS,Discordant (CRE Up / PLA Down),FALSE
LARS1,0.0377,0.3205,0.993297,0.601982,0.751145,NS,Concordant Up,TRUE
EEF1A2,-0.1595,0.1984,0.899882,0.85869,0.672378,NS,Discordant (CRE Down / PLA Up),TRUE
MAPRE2,-0.0607,0.2972,0.990319,0.759181,0.754093,NS,Discordant (CRE Down / PLA Up),TRUE
SERPING1,0.339,-0.0185,0.826496,0.999552,0.869748,NS,Discordant (CRE Up / PLA Down),FALSE
CLIC5,-0.1183,0.239,0.960312,0.840008,0.748253,NS,Discordant (CRE Down / PLA Up),TRUE
SDHC,0.1297,0.2275,0.96888,0.91132,0.98863,NS,Concordant Up,TRUE
SAR1A,0.0439,-0.3129,0.99253,0.58403,0.625422,NS,Discordant (CRE Up / PLA Down),FALSE
SRPRB,0.0207,0.3361,0.998551,0.61494,0.747455,NS,Concordant Up,TRUE
CFB,0.3112,0.0453,0.838702,0.996994,0.92118,NS,Concordant Up,FALSE
NAXE,-0.1718,0.1839,0.837809,0.820434,0.552323,NS,Discordant (CRE Down / PLA Up),FALSE
DHRS4,-0.2183,0.1374,0.813556,0.934217,0.679521,NS,Discordant (CRE Down / PLA Up),TRUE
HSPB1,0.3044,-0.0511,0.58777,0.99011,0.626162,NS,Discordant (CRE Up / PLA Down),FALSE
QDPR,-0.1175,-0.2376,0.911423,0.636042,0.939369,NS,Concordant Down,FALSE
MRI1,0.3387,0.016,0.715746,0.999519,0.835464,NS,Concordant Up,TRUE
EIF3I,-0.1816,-0.1729,0.862868,0.8811,0.99982,NS,Concordant Down,FALSE
PITRM1,-0.2877,0.0661,0.656257,0.984359,0.656713,NS,Discordant (CRE Down / PLA Up),FALSE
IGHG3,0.1971,-0.1566,0.95093,0.970502,0.890838,NS,Discordant (CRE Up / PLA Down),TRUE
PRKDC,0.1262,-0.2275,0.939732,0.822259,0.690337,NS,Discordant (CRE Up / PLA Down),TRUE
KPNA4,-0.286,0.0675,0.627142,0.982562,0.630409,NS,Discordant (CRE Down / PLA Up),FALSE
NXN,-0.0157,-0.3373,0.999352,0.704532,0.800444,NS,Concordant Down,TRUE
HMGB2,-0.0446,-0.3082,0.994874,0.732689,0.864423,NS,Concordant Down,TRUE
COPS2,-0.1085,0.2442,0.953788,0.758143,0.656928,NS,Discordant (CRE Down / PLA Up),FALSE
TBCE,0.2933,-0.0589,0.864483,0.997046,0.904807,NS,Discordant (CRE Up / PLA Down),TRUE
CD38,-0.2213,-0.1307,0.84233,0.95997,0.985501,NS,Concordant Down,TRUE
PPP6R2,-0.1572,0.1948,0.937539,0.913225,0.792544,NS,Discordant (CRE Down / PLA Up),TRUE
PSMB6,0.0633,-0.2885,0.980329,0.575903,0.564234,NS,Discordant (CRE Up / PLA Down),FALSE
PYCARD,-0.0233,0.3285,0.998859,0.750951,0.80053,NS,Discordant (CRE Down / PLA Up),TRUE
RTN2,-0.2708,-0.0806,0.697186,0.978146,0.905867,NS,Concordant Down,TRUE
KLC1,-0.2793,-0.072,0.70225,0.983593,0.894463,NS,Concordant Down,TRUE
EPS15L1,0.154,-0.1972,0.882963,0.833101,0.620524,NS,Discordant (CRE Up / PLA Down),TRUE
AP2A2,0.1609,0.1901,0.925219,0.90712,0.998562,NS,Concordant Up,TRUE
FARSB,-0.0544,0.2962,0.985,0.508308,0.534054,NS,Discordant (CRE Down / PLA Up),TRUE
TRIM72,-0.212,0.1385,0.75707,0.910816,0.588901,NS,Discordant (CRE Down / PLA Up),TRUE
FXN,-0.3052,-0.0452,0.682445,0.994221,0.847532,NS,Concordant Down,TRUE
BROX,-0.2071,0.1431,0.869671,0.946967,0.760826,NS,Discordant (CRE Down / PLA Up),TRUE
PSMC6,0.0414,-0.3079,0.991527,0.490752,0.544091,NS,Discordant (CRE Up / PLA Down),FALSE
KRAS,-0.1028,0.2461,0.966392,0.812114,0.731896,NS,Discordant (CRE Down / PLA Up),TRUE
SRP14,0.3322,-0.0167,0.6715,0.999289,0.751985,NS,Discordant (CRE Up / PLA Down),TRUE
OSTC,0.0685,0.2802,0.986601,0.783256,0.911313,NS,Concordant Up,TRUE
PEPD,0.2429,-0.105,0.653094,0.941649,0.545352,NS,Discordant (CRE Up / PLA Down),FALSE
ATPAF1,0.0313,0.3165,0.997745,0.779002,0.867023,NS,Concordant Up,TRUE
HSP90AB1,0.2631,0.0846,0.51553,0.954703,0.84925,NS,Concordant Up,FALSE
TOM1,-0.1166,0.2304,0.955927,0.824237,0.724622,NS,Discordant (CRE Down / PLA Up),FALSE
FKBP2,0.1396,-0.2073,0.916426,0.816106,0.648848,NS,Discordant (CRE Up / PLA Down),FALSE
AP2M1,0.2004,0.1463,0.777864,0.88938,0.990601,NS,Concordant Up,FALSE
EEF1D,0.0337,-0.3121,0.993642,0.413232,0.491322,NS,Discordant (CRE Up / PLA Down),FALSE
NUDT3,-0.039,-0.3056,0.993897,0.581545,0.775657,NS,Concordant Down,TRUE
ILK,0.0977,-0.2463,0.965457,0.770529,0.693461,NS,Discordant (CRE Up / PLA Down),FALSE
LYRM7,-0.2123,-0.1316,0.859523,0.957708,0.988444,NS,Concordant Down,TRUE
NAP1L1,-0.0569,0.2869,0.981223,0.471603,0.491699,NS,Discordant (CRE Down / PLA Up),TRUE
GLRX3,0.1292,-0.2146,0.914862,0.777508,0.604913,NS,Discordant (CRE Up / PLA Down),TRUE
RPL7A,-0.0603,0.2831,0.98624,0.669749,0.666553,NS,Discordant (CRE Down / PLA Up),FALSE
VAPA,0.1932,-0.15,0.848991,0.917228,0.688183,NS,Discordant (CRE Up / PLA Down),TRUE
GLOD4,-0.1335,-0.2093,0.879803,0.706501,0.976364,NS,Concordant Down,FALSE
PSMA3,0.049,-0.2932,0.989778,0.59842,0.623209,NS,Discordant (CRE Up / PLA Down),FALSE
PSMC4,-0.0672,0.275,0.978988,0.621802,0.601339,NS,Discordant (CRE Down / PLA Up),FALSE
CAMK2B,0.2124,0.1296,0.858653,0.951047,0.986596,NS,Concordant Up,TRUE
NFU1,-0.1308,-0.2111,0.944412,0.883065,0.987957,NS,Concordant Down,TRUE
RNH1,0.0565,-0.2847,0.9839,0.556967,0.564847,NS,Discordant (CRE Up / PLA Down),FALSE
CASQ2,-0.2582,0.0829,0.799924,0.98306,0.775534,NS,Discordant (CRE Down / PLA Up),TRUE
GSTM2,-0.2725,0.0683,0.755942,0.986752,0.746268,NS,Discordant (CRE Down / PLA Up),FALSE
AKR1A1,0.0762,-0.264,0.974797,0.676148,0.634239,NS,Discordant (CRE Up / PLA Down),FALSE
IFITM1,0.05,-0.2897,0.993192,0.79486,0.786764,NS,Discordant (CRE Up / PLA Down),TRUE
RPIA,-0.3049,-0.0347,0.662183,0.996449,0.824643,NS,Concordant Down,FALSE
NUTF2,-0.1746,-0.1639,0.815595,0.844775,0.999624,NS,Concordant Down,FALSE
PSMD2,-0.0684,0.27,0.971437,0.530742,0.50324,NS,Discordant (CRE Down / PLA Up),FALSE
NDUFV3,0.0328,0.3055,0.997871,0.79704,0.888377,NS,Concordant Up,TRUE
COMT,0.1815,-0.1567,0.894378,0.925386,0.751325,NS,Discordant (CRE Up / PLA Down),FALSE
MAPK3,0.2571,-0.0806,0.77936,0.982108,0.754688,NS,Discordant (CRE Up / PLA Down),TRUE
SEC24C,-0.0256,0.3116,0.997021,0.540386,0.609489,NS,Discordant (CRE Down / PLA Up),TRUE
VAMP3,0.0526,-0.2845,0.990259,0.712244,0.710237,NS,Discordant (CRE Up / PLA Down),TRUE
COX7A2,0.0459,0.291,0.993672,0.740446,0.868078,NS,Concordant Up,TRUE
FKBP1A,-0.0194,-0.317,0.998277,0.481853,0.670279,NS,Concordant Down,FALSE
FGGY,0.1963,-0.1397,0.872255,0.960211,0.803457,NS,Discordant (CRE Up / PLA Down),TRUE
ALDH3A2,-0.0678,0.2681,0.980083,0.663636,0.639685,NS,Discordant (CRE Down / PLA Up),FALSE
ELOB,-0.0099,0.3259,0.999632,0.540793,0.655502,NS,Discordant (CRE Down / PLA Up),FALSE
RPS27,-0.2059,0.1299,0.888117,0.953593,0.78661,NS,Discordant (CRE Down / PLA Up),TRUE
SEC23A,0.2879,0.0477,0.629445,0.991057,0.82278,NS,Concordant Up,TRUE
SQSTM1,0.1039,-0.2317,0.980616,0.897777,0.85221,NS,Discordant (CRE Up / PLA Down),TRUE
LSM2,0.116,0.2185,0.950324,0.818627,0.974321,NS,Concordant Up,TRUE
STAM,-0.1925,0.142,0.839473,0.927972,0.698218,NS,Discordant (CRE Down / PLA Up),TRUE
PPP2R1A,0.055,0.2793,0.984719,0.570451,0.805225,NS,Concordant Up,FALSE
IGKV4-1,0.0573,0.2767,0.995136,0.882671,0.948743,NS,Concordant Up,TRUE
PICALM,0.3166,0.0171,0.765094,0.999446,0.861917,NS,Concordant Up,TRUE
DPP4,0.1489,0.1847,0.967324,0.93264,0.998597,NS,Concordant Up,TRUE
CLIC4,0.2457,0.0878,0.784848,0.975825,0.942938,NS,Concordant Up,FALSE
DCTN1,0.0939,0.2395,0.938274,0.587495,0.897214,NS,Concordant Up,FALSE
NDUFB10,0.0152,0.3175,0.999365,0.68485,0.800493,NS,Concordant Up,FALSE
CCT7,-0.0598,0.2726,0.981015,0.573477,0.567906,NS,Discordant (CRE Down / PLA Up),FALSE
KIF5B,0.1575,-0.1746,0.85961,0.832671,0.590141,NS,Discordant (CRE Up / PLA Down),FALSE
GCLM,-0.1918,0.1401,0.908308,0.955476,0.815485,NS,Discordant (CRE Down / PLA Up),FALSE
KARS1,0.1479,0.1833,0.897545,0.850237,0.996574,NS,Concordant Up,TRUE
ATP6V1E1,0.1203,0.2106,0.953971,0.856833,0.982965,NS,Concordant Up,FALSE
MSI2,-0.3127,-0.0182,0.522636,0.998946,0.746396,NS,Concordant Down,TRUE
RARS1,0.0338,0.297,0.995264,0.616136,0.781489,NS,Concordant Up,TRUE
SGCG,-0.1235,0.2069,0.943095,0.903095,0.790364,NS,Discordant (CRE Down / PLA Up),TRUE
RBM38,-0.162,-0.1683,0.911114,0.951126,0.999946,NS,Concordant Down,TRUE
TMED7,0.1213,0.209,0.957087,0.843906,0.983957,NS,Concordant Up,TRUE
YWHAH,0.1285,0.2014,0.90148,0.757322,0.980466,NS,Concordant Up,FALSE
PSMD10,-0.1965,0.1333,0.841502,0.932528,0.70279,NS,Discordant (CRE Down / PLA Up),FALSE
OTUB1,0.0033,0.326,0.999963,0.56817,0.700737,NS,Concordant Up,FALSE
CPNE3,-0.0124,-0.3164,0.9992,0.412495,0.601984,NS,Concordant Down,FALSE
FUBP1,-0.0933,-0.2354,0.958762,0.711444,0.932245,NS,Concordant Down,TRUE
TXNDC17,0.0772,0.2514,0.968211,0.640193,0.882623,NS,Concordant Up,FALSE
RPL12,0.2794,-0.0492,0.675101,0.991539,0.701677,NS,Discordant (CRE Up / PLA Down),FALSE
H6PD,-0.1876,0.1409,0.822467,0.906519,0.64225,NS,Discordant (CRE Down / PLA Up),FALSE
ATP2A3,-0.1496,-0.1787,0.926201,0.909226,0.9984,NS,Concordant Down,TRUE
LGALS3BP,0.0148,0.3134,0.999596,0.799336,0.873152,NS,Concordant Up,TRUE
NPTN,-0.309,0.0191,0.842167,0.999601,0.898326,NS,Discordant (CRE Down / PLA Up),TRUE
CAPN1,-0.1175,0.2105,0.925345,0.756187,0.602149,NS,Discordant (CRE Down / PLA Up),FALSE
ARPC5L,-0.1604,-0.1673,0.875477,0.87916,0.999872,NS,Concordant Down,TRUE
UCHL1,0.1251,-0.2021,0.957256,0.887997,0.793428,NS,Discordant (CRE Up / PLA Down),FALSE
DYNC1H1,0.2017,0.1251,0.699151,0.893169,0.974418,NS,Concordant Up,FALSE
CKB,-0.0984,-0.2279,0.957327,0.761309,0.94969,NS,Concordant Down,FALSE
FBLN2,0.0924,-0.2336,0.974892,0.832617,0.773501,NS,Discordant (CRE Up / PLA Down),FALSE
HNRNPR,0.1985,0.1266,0.741783,0.903347,0.980066,NS,Concordant Up,FALSE
PAK1,-0.0999,-0.2249,0.972367,0.882178,0.973474,NS,Concordant Down,TRUE
RAB10,-0.0513,-0.2734,0.987709,0.61398,0.822743,NS,Concordant Down,FALSE
MICU1,0.012,0.3127,0.99973,0.83733,0.884432,NS,Concordant Up,TRUE
CBFB,-0.1141,-0.2105,0.961091,0.880549,0.982699,NS,Concordant Down,TRUE
AP2B1,0.2647,0.059,0.669655,0.98613,0.868374,NS,Concordant Up,FALSE
EIF4A2,-0.1954,0.1277,0.797622,0.923078,0.64366,NS,Discordant (CRE Down / PLA Up),FALSE
SEC13,-0.007,0.315,0.999854,0.708945,0.771543,NS,Discordant (CRE Down / PLA Up),TRUE
FBLN1,0.3117,0.0103,0.776909,0.999798,0.860154,NS,Concordant Up,FALSE
ATXN10,-0.1876,-0.1344,0.872779,0.945211,0.994116,NS,Concordant Down,TRUE
SMAP1,-0.0111,0.3101,0.99963900000000006,0.829419,0.841029,NS,Discordant (CRE Down / PLA Up),TRUE
SYPL2,-0.1106,0.209,0.954661,0.845692,0.740995,NS,Discordant (CRE Down / PLA Up),TRUE
ABRAXAS2,-0.1137,-0.2057,0.941583,0.815568,0.975872,NS,Concordant Down,TRUE
HSCB,0.3121,0.007,0.792222,0.999945,0.902956,NS,Concordant Up,TRUE
MRPL37,0.1364,0.1806,0.955862,0.953788,0.997793,NS,Concordant Up,TRUE
AK1,0.0409,0.276,0.992055,0.59352799999999994,0.793459,NS,Concordant Up,FALSE
PPIL3,0.0088,-0.3081,0.999739,0.627378,0.72453,NS,Discordant (CRE Up / PLA Down),FALSE
MME,-0.3092,0.0074,0.630894,0.999849,0.75627200000000006,NS,Discordant (CRE Down / PLA Up),TRUE
DAZAP1,-0.1623,-0.1535,0.898928,0.92691,0.999841,NS,Concordant Down,TRUE
API5,-0.0254,0.2899,0.996694,0.604673,0.642033,NS,Discordant (CRE Down / PLA Up),TRUE
EEF1G,0.0459,0.2692,0.989432,0.594914,0.80543,NS,Concordant Up,FALSE
VPS26A,0.137,0.1773,0.887689,0.825502,0.994476,NS,Concordant Up,TRUE
CZIB,0.0304,-0.2836,0.995397,0.544399,0.61147,NS,Discordant (CRE Up / PLA Down),FALSE
RPS6,0.2658,-0.048,0.676497,0.991694,0.710138,NS,Discordant (CRE Up / PLA Down),TRUE
PABPC1,0.1114,0.2017,0.906643,0.689723,0.961159,NS,Concordant Up,FALSE
AMPD3,0.1257,0.1869,0.965103,0.925825,0.994701,NS,Concordant Up,TRUE
VCP,0.0733,-0.2392,0.97207,0.67882,0.628145,NS,Discordant (CRE Up / PLA Down),FALSE
LAMB3,-0.278,-0.034,0.745754,0.997611,0.890783,NS,Concordant Down,TRUE
MAT2A,-0.0655,0.2465,0.982215,0.725336,0.698333,NS,Discordant (CRE Down / PLA Up),FALSE
MPC2,-0.2012,-0.1106,0.889508,0.9704,0.986054,NS,Concordant Down,TRUE
LSM3,-0.1351,-0.1767,0.962688,0.937842,0.997737,NS,Concordant Down,TRUE
COPS6,-0.1942,0.1174,0.832158,0.94582,0.716867,NS,Discordant (CRE Down / PLA Up),TRUE
UFSP2,0.0207,-0.2905,0.998699,0.806251,0.818555,NS,Discordant (CRE Up / PLA Down),TRUE
RDH14,-0.0933,0.2162,0.972293,0.852048,0.784121,NS,Discordant (CRE Down / PLA Up),TRUE
PDCD5,-0.1535,0.1559,0.891775,0.895993,0.706407,NS,Discordant (CRE Down / PLA Up),TRUE
PPP1R7,0.1068,0.2025,0.937816,0.769738,0.967474,NS,Concordant Up,FALSE
MRPS23,-0.2831,-0.0257,0.72263,0.998542,0.869745,NS,Concordant Down,TRUE
MCCC2,-0.2882,0.0205,0.725404,0.998844,0.787803,NS,Discordant (CRE Down / PLA Up),TRUE
SCFD1,0.1241,0.1843,0.921412,0.839589,0.989021,NS,Concordant Up,TRUE
RAD23A,-0.0875,-0.2207,0.963554,0.754732,0.94154,NS,Concordant Down,FALSE
SNTB1,0.0858,0.221,0.981554,0.872597,0.968098,NS,Concordant Up,FALSE
RALA,0.0824,-0.2244,0.967915,0.746129,0.676078,NS,Discordant (CRE Up / PLA Down),FALSE
UBFD1,-0.013,0.2926,0.999563,0.808092,0.836602,NS,Discordant (CRE Down / PLA Up),TRUE
UBE2N,-0.2134,-0.0914,0.675545,0.947522,0.933775,NS,Concordant Down,FALSE
OXSR1,-0.2943,-0.0102,0.509417,0.999534,0.685878,NS,Concordant Down,FALSE
ESYT2,0.2836,0.0205,0.647742,0.998766,0.818468,NS,Concordant Up,TRUE
EPB41,-0.1891,-0.115,0.9371,0.978321,0.993759,NS,Concordant Down,TRUE
SGTA,-0.0777,0.2263,0.977223,0.793703,0.743078,NS,Discordant (CRE Down / PLA Up),FALSE
DDX1,0.0084,0.2954,0.999742,0.62161,0.750004,NS,Concordant Up,FALSE
OLA1,-0.0974,0.206,0.945553,0.746091,0.62746,NS,Discordant (CRE Down / PLA Up),FALSE
EIF2S1,0.002,0.3013,0.999981,0.504874,0.652059,NS,Concordant Up,FALSE
APRT,0.0054,0.2977,0.999915,0.703823,0.801526,NS,Concordant Up,FALSE
NUDCD2,-0.0371,0.266,0.995774,0.756554,0.781357,NS,Discordant (CRE Down / PLA Up),FALSE
PCBP2,0.2154,0.0875,0.811072,0.972622,0.957916,NS,Concordant Up,FALSE
UGGT1,0.1909,-0.112,0.760663,0.929847,0.620762,NS,Discordant (CRE Up / PLA Down),TRUE
ECHS1,0.0709,-0.2317,0.978232,0.747802,0.705135,NS,Discordant (CRE Up / PLA Down),FALSE
DCAF6,0.1416,-0.161,0.900236,0.8937,0.715426,NS,Discordant (CRE Up / PLA Down),TRUE
HSD17B4,-0.0103,-0.2922,0.999544,0.588255,0.722988,NS,Concordant Down,TRUE
RPS4X,0.0731,0.2291,0.969811,0.679819,0.900859,NS,Concordant Up,FALSE
ACADS,-0.1579,0.1438,0.915507,0.933247,0.787862,NS,Discordant (CRE Down / PLA Up),FALSE
EIF3M,-0.16,0.1402,0.877645,0.915684,0.71748,NS,Discordant (CRE Down / PLA Up),TRUE
SELENOW,-0.0942,-0.2058,0.970257,0.869417,0.973329,NS,Concordant Down,TRUE
MICOS13,-0.0148,0.2852,0.999556,0.816881,0.858681,NS,Discordant (CRE Down / PLA Up),TRUE
TECR,-0.0789,0.2209,0.982123,0.861317,0.816271,NS,Discordant (CRE Down / PLA Up),TRUE
UBXN1,-0.1964,0.1029,0.821949,0.956243,0.724959,NS,Discordant (CRE Down / PLA Up),FALSE
PSMB4,-0.1552,0.144,0.856357,0.886094,0.650234,NS,Discordant (CRE Down / PLA Up),FALSE
UBE2L3,-0.1861,0.1127,0.865071,0.954858,0.765662,NS,Discordant (CRE Down / PLA Up),FALSE
ACAD9,0.1494,0.1493,0.92108,0.933211,1,NS,Concordant Up,TRUE
USP5,-0.1499,-0.1482,0.864267,0.872785,0.99999,NS,Concordant Down,FALSE
MYPN,-0.1797,0.1179,0.92464,0.972009,0.863791,NS,Discordant (CRE Down / PLA Up),TRUE
CISD2,-0.1408,0.1567,0.967211,0.967071,0.907312,NS,Discordant (CRE Down / PLA Up),TRUE
DHODH,-0.1627,0.1348,0.954218,0.974153,0.902027,NS,Discordant (CRE Down / PLA Up),TRUE
RTN4,-0.0771,-0.2202,0.968356,0.722361,0.922641,NS,Concordant Down,FALSE
XPO7,0.1696,0.1267,0.853624,0.93068,0.994757,NS,Concordant Up,TRUE
PSMC5,-0.0482,0.2478,0.986111,0.588814,0.59892,NS,Discordant (CRE Down / PLA Up),FALSE
MAT2B,-0.1733,0.1218,0.855004,0.939551,0.730766,NS,Discordant (CRE Down / PLA Up),TRUE
PHKG1,-0.0574,0.2375,0.991767,0.866469,0.847833,NS,Discordant (CRE Down / PLA Up),TRUE
SPG7,-0.2477,-0.0471,0.780982,0.994532,0.916329,NS,Concordant Down,TRUE
AQP1,0.1946,-0.0988,0.909004,0.978622,0.859031,NS,Discordant (CRE Up / PLA Down),TRUE
SENP8,-0.0966,-0.1968,0.963658,0.849193,0.974235,NS,Concordant Down,TRUE
EIF3F,0.0784,-0.214,0.976145,0.816385,0.759148,NS,Discordant (CRE Up / PLA Down),FALSE
TSC22D1,0.1066,-0.1857,0.959313,0.88926,0.795427,NS,Discordant (CRE Up / PLA Down),TRUE
ALDH7A1,3e-4,0.2909,1,0.677859,0.7764,NS,Concordant Up,FALSE
STUB1,-0.0687,0.2225,0.986062,0.855917,0.821419,NS,Discordant (CRE Down / PLA Up),TRUE
VPS13C,-0.2041,0.0871,0.823396,0.978494,0.795829,NS,Discordant (CRE Down / PLA Up),TRUE
CLASP2,-0.1073,-0.1836,0.950792,0.88494,0.985855,NS,Concordant Down,TRUE
OXCT1,-0.1475,-0.1434,0.942215,0.947523,0.999973,NS,Concordant Down,FALSE
MAP2K1,-0.0717,0.2184,0.981502,0.815862,0.77486,NS,Discordant (CRE Down / PLA Up),FALSE
MMAB,0.0218,0.2679,0.998889,0.830771,0.896507,NS,Concordant Up,TRUE
HSPD1,0.2238,-0.0655,0.77202,0.983406,0.747513,NS,Discordant (CRE Up / PLA Down),FALSE
PAK2,0.1614,0.1274,0.83258,0.902636,0.995811,NS,Concordant Up,FALSE
ACADSB,-0.2232,-0.0648,0.842075,0.988792,0.949363,NS,Concordant Down,TRUE
VPS4B,-0.2248,0.063,0.709239,0.981379,0.691435,NS,Discordant (CRE Down / PLA Up),TRUE
HDGF,0.15310000000000001,-0.1341,0.871815,0.907068,0.695876,NS,Discordant (CRE Up / PLA Down),FALSE
NSF,-0.0881,0.1989,0.967922,0.828377,0.752099,NS,Discordant (CRE Down / PLA Up),FALSE
CAPN3,0.057,0.2294,0.987373,0.793916,0.918353,NS,Concordant Up,TRUE
LIMS1,0.1184,-0.1672,0.929495,0.859184,0.713229,NS,Discordant (CRE Up / PLA Down),FALSE
EDF1,-0.2799,0.0054,0.828445,0.999953,0.88794,NS,Discordant (CRE Down / PLA Up),TRUE
LRRC57,-0.063,-0.2219,0.993018,0.938265,0.974646,NS,Concordant Down,TRUE
CUTA,-0.189,0.0958,0.835068,0.963778,0.755027,NS,Discordant (CRE Down / PLA Up),TRUE
AKAP1,-0.2345,-0.0502,0.799929,0.992324,0.919677,NS,Concordant Down,TRUE
DCTN2,0.0352,-0.2494,0.993942,0.64879,0.685266,NS,Discordant (CRE Up / PLA Down),FALSE
EIF2A,-0.1424,0.1422,0.904145,0.944542,0.806618,NS,Discordant (CRE Down / PLA Up),TRUE
GDI1,-0.0786,0.2059,0.969939,0.779104,0.71033,NS,Discordant (CRE Down / PLA Up),FALSE
PDLIM7,0.0991,0.1847,0.979321,0.929635,0.989767,NS,Concordant Up,TRUE
FYCO1,-0.2212,-0.0625,0.789746,0.986878,0.933655,NS,Concordant Down,TRUE
HLA-DRB1,-0.2292,0.0541,0.899871,0.99594800000000006,0.907811,NS,Discordant (CRE Down / PLA Up),TRUE
SF1,-0.2168,-0.0661,0.852445,0.989771,0.957726,NS,Concordant Down,TRUE
FAM185A,-0.1446,0.1373,0.934475,0.974944,0.901288,NS,Discordant (CRE Down / PLA Up),TRUE
RAB14,0.1269,-0.1536,0.927828,0.898679,0.757205,NS,Discordant (CRE Up / PLA Down),TRUE
GSTO1,0.0495,-0.2309,0.992018,0.808245,0.804168,NS,Discordant (CRE Up / PLA Down),FALSE
PCBD1,-0.2262,0.054,0.75901,0.988528,0.754949,NS,Discordant (CRE Down / PLA Up),FALSE
HSPG2,0.059,-0.2211,0.993887,0.910374,0.898676,NS,Discordant (CRE Up / PLA Down),FALSE
ACP1,-0.1212,-0.1587,0.910724,0.847884,0.994952,NS,Concordant Down,FALSE
ABCF2,0.2759,0.004,0.785288,0.999967,0.870472,NS,Concordant Up,TRUE
SLC25A24,0.0215,-0.2581,0.998286,0.776549,0.798056,NS,Discordant (CRE Up / PLA Down),TRUE
PHKA1,0.0587,0.2204,0.989311,0.850867,0.943671,NS,Concordant Up,TRUE
EML1,-0.0356,0.2432,0.996171,0.806949,0.821414,NS,Discordant (CRE Down / PLA Up),TRUE
PRDX3,0.0375,0.2412,0.992346,0.634707,0.820561,NS,Concordant Up,FALSE
LETM1,-0.1683,-0.11,0.877483,0.949749,0.990914,NS,Concordant Down,TRUE
MYBPC2,-0.2489,0.0289,0.905363,0.998998,0.92527,NS,Discordant (CRE Down / PLA Up),TRUE
TMPO,0.0795,-0.1965,0.982061,0.895469,0.848677,NS,Discordant (CRE Up / PLA Down),TRUE
THAP4,-0.1258,-0.1485,0.970364,0.965714,0.999431,NS,Concordant Down,TRUE
PRPS1,-0.2267,-0.0474,0.849655,0.994372,0.93853,NS,Concordant Down,FALSE
GSTK1,0.1657,-0.108,0.870593,0.949794,0.761374,NS,Discordant (CRE Up / PLA Down),FALSE
PCTP,0.2652,0.0084,0.898149,0.999879,0.925644,NS,Concordant Up,TRUE
CALU,0.1644,0.1086,0.868918,0.94772,0.990968,NS,Concordant Up,FALSE
TXNL1,-0.226,0.046,0.675105,0.989045,0.689821,NS,Discordant (CRE Down / PLA Up),FALSE
XPO1,-0.1022,0.1696,0.945338,0.859311,0.737018,NS,Discordant (CRE Down / PLA Up),TRUE
ANXA11,0.076,-0.195,0.96649,0.762216,0.685961,NS,Discordant (CRE Up / PLA Down),FALSE
NAPA,-0.0038,-0.2671,0.999932,0.592338,0.723167,NS,Concordant Down,FALSE
HINT1,-0.1889,-0.0811,0.82103,0.971237,0.96379,NS,Concordant Down,FALSE
RAB18,-0.1221,-0.1479,0.942248,0.917862,0.998437,NS,Concordant Down,TRUE
NME2,0.2123,-0.0576,0.829908,0.989331,0.8163,NS,Discordant (CRE Up / PLA Down),FALSE
EIF4E3,-0.2273,-0.0422,0.898274,0.997879,0.964565,NS,Concordant Down,TRUE
C1S,0.2025,0.0668,0.933116,0.993096,0.979663,NS,Concordant Up,TRUE
DDX3X,0.0272,0.2403,0.99629,0.65787,0.8148,NS,Concordant Up,TRUE
RACK1,0.0594,0.2069,0.985115,0.801829,0.933161,NS,Concordant Up,FALSE
CFH,0.2253,-0.0402,0.918461,0.997696,0.923194,NS,Discordant (CRE Up / PLA Down),FALSE
TPT1,-0.1507,-0.1142,0.848105,0.919231,0.994948,NS,Concordant Down,FALSE
RPL13,0.1907,0.074,0.900711,0.986666,0.976088,NS,Concordant Up,FALSE
ALAD,0.0793,-0.1847,0.989526,0.942289,0.916099,NS,Discordant (CRE Up / PLA Down),FALSE
EIF3E,-0.229,-0.0349,0.680073,0.994245,0.851682,NS,Concordant Down,FALSE
RAB6A,0.2616,-0.002,0.690148,0.999985,0.790526,NS,Discordant (CRE Up / PLA Down),FALSE
ACSS1,-0.2186,0.0444,0.825239,0.99429,0.836688,NS,Discordant (CRE Down / PLA Up),TRUE
KPNA6,-0.1808,-0.0822,0.819594,0.971212,0.969086,NS,Concordant Down,TRUE
RAN,0.037,-0.2252,0.995106,0.795607,0.8085,NS,Discordant (CRE Up / PLA Down),FALSE
RAD23B,-0.1335,-0.1286,0.883549,0.896762,0.999914,NS,Concordant Down,FALSE
PLGRKT,-0.1118,0.1499,0.966231,0.935124,0.863252,NS,Discordant (CRE Down / PLA Up),TRUE
TMEM109,0.1408,-0.1206,0.896072,0.928189,0.754631,NS,Discordant (CRE Up / PLA Down),FALSE
PPP3R1,-0.1395,-0.121,0.876722,0.915363,0.998806,NS,Concordant Down,TRUE
GDI2,0.0245,-0.2357,0.997176,0.692046,0.741557,NS,Discordant (CRE Up / PLA Down),FALSE
CCT5,0.0632,0.1952,0.9778,0.76703,0.930287,NS,Concordant Up,FALSE
KPNB1,0.1882,0.0699,0.76149,0.972072,0.941412,NS,Concordant Up,FALSE
TOLLIP,-0.1332,0.1246,0.934113,0.944946,0.827966,NS,Discordant (CRE Down / PLA Up),FALSE
AARSD1,-0.0195,-0.2377,0.998859,0.819704,0.89231,NS,Concordant Down,TRUE
BCKDHA,-0.2065,0.0494,0.819555,0.990952,0.8109,NS,Discordant (CRE Down / PLA Up),TRUE
NIBAN1,-0.1297,-0.1253,0.910782,0.927338,0.999942,NS,Concordant Down,TRUE
PGRMC2,-0.0649,-0.1895,0.979369,0.808053,0.945775,NS,Concordant Down,FALSE
PCNA,-0.1007,0.1536,0.977397,0.965277,0.91976,NS,Discordant (CRE Down / PLA Up),TRUE
CNDP2,0.2033,-0.0509,0.826378,0.990837,0.818885,NS,Discordant (CRE Up / PLA Down),FALSE
TFAM,-0.1818,0.0724,0.906733,0.98615,0.872892,NS,Discordant (CRE Down / PLA Up),TRUE
TFG,-0.0313,0.2218,0.997258,0.846678,0.861418,NS,Discordant (CRE Down / PLA Up),FALSE
BTD,-0.1103,0.1426,0.971353,0.95290299999999994,0.893001,NS,Discordant (CRE Down / PLA Up),FALSE
CCT6A,0.0463,0.2065,0.988222,0.732946,0.892597,NS,Concordant Up,FALSE
CHCHD2,0.2333,0.0192,0.747803,0.998679,0.862623,NS,Concordant Up,TRUE
ACADVL,0.0306,0.2217,0.996606,0.796629,0.897437,NS,Concordant Up,FALSE
CS,0.0632,0.189,0.984324,0.848683,0.955824,NS,Concordant Up,FALSE
HAGH,-0.1196,0.1326,0.944422,0.933523,0.825932,NS,Discordant (CRE Down / PLA Up),FALSE
DNM2,0.1862,0.0656,0.779589,0.976874,0.942332,NS,Concordant Up,FALSE
UBAP2L,-0.0391,-0.2122,0.997196,0.896831,0.956716,NS,Concordant Down,TRUE
RPSA,-0.1254,-0.1258,0.903013,0.906283,1,NS,Concordant Down,FALSE
EEA1,0.1743,-0.0769,0.899938,0.983619,0.863181,NS,Discordant (CRE Up / PLA Down),TRUE
RPS16,0.1017,-0.1489,0.954649,0.902107,0.80267,NS,Discordant (CRE Up / PLA Down),FALSE
GPHN,-0.2252,0.0253,0.776868,0.998049,0.832669,NS,Discordant (CRE Down / PLA Up),TRUE
PAICS,-0.0045,0.2458,0.999905,0.654681,0.752401,NS,Discordant (CRE Down / PLA Up),FALSE
MAGT1,0.0466,-0.202,0.996211,0.937544,0.927831,NS,Discordant (CRE Up / PLA Down),TRUE
ARMC1,-0.2093,0.0378,0.790523,0.996953,0.873105,NS,Discordant (CRE Down / PLA Up),TRUE
KPNA1,-0.0718,-0.1753,0.984176,0.917134,0.979262,NS,Concordant Down,TRUE
DEPTOR,-0.2039,-0.043,0.84731,0.994514,0.939739,NS,Concordant Down,TRUE
C8orf82,-0.1547,-0.0918,0.950434,0.989132,0.995832,NS,Concordant Down,TRUE
PSMD8,0.2373,-0.0085,0.748243,0.999754,0.82392,NS,Discordant (CRE Up / PLA Down),TRUE
COASY,-0.0442,-0.2015,0.992857,0.839593,0.933335,NS,Concordant Down,FALSE
SARNP,0.2118,-0.0339,0.812537,0.996362,0.839738,NS,Discordant (CRE Up / PLA Down),TRUE
FAM98A,0.0145,-0.2291,0.999579,0.883498,0.908754,NS,Discordant (CRE Up / PLA Down),TRUE
AP2A1,0.2221,-0.0214,0.749733,0.998161,0.800897,NS,Discordant (CRE Up / PLA Down),FALSE
RNPEP,0.0677,0.1754,0.986952,0.908311,0.976985,NS,Concordant Up,FALSE
PPP3CA,-2e-4,0.2426,1,0.645181,0.754309,NS,Discordant (CRE Down / PLA Up),FALSE
NEDD8,0.19,0.0525,0.89478,0.993013,0.964231,NS,Concordant Up,FALSE
CHMP5,0.1836,-0.0586,0.850425,0.989823,0.849419,NS,Discordant (CRE Up / PLA Down),TRUE
EIF3G,-0.1265,0.1153,0.932596,0.94844,0.831032,NS,Discordant (CRE Down / PLA Up),TRUE
SPEG,0.0235,-0.2179,0.998141,0.844515,0.857773,NS,Discordant (CRE Up / PLA Down),TRUE
RPL38,0.0271,-0.214,0.997763,0.84229,0.861383,NS,Discordant (CRE Up / PLA Down),FALSE
WDR1,-0.1239,-0.1162,0.897616,0.914264,0.999783,NS,Concordant Down,FALSE
RPS21,-0.0453,0.1945,0.989076,0.770529,0.760159,NS,Discordant (CRE Down / PLA Up),FALSE
RPN1,0.1466,-0.093,0.868335,0.952217,0.762011,NS,Discordant (CRE Up / PLA Down),FALSE
NUDT16,-0.1622,-0.0774,0.888111,0.978272,0.981368,NS,Concordant Down,TRUE
AK2,0.07,-0.1691,0.977998,0.863043,0.808412,NS,Discordant (CRE Up / PLA Down),FALSE
HMBS,0.1081,-0.1308,0.975068,0.965133,0.914704,NS,Discordant (CRE Up / PLA Down),TRUE
PSMA7,0.0099,-0.2282,0.999568,0.721927,0.791872,NS,Discordant (CRE Up / PLA Down),FALSE
DPP3,-0.0681,-0.1699,0.978703,0.858153,0.967041,NS,Concordant Down,FALSE
DDX17,0.1936,0.044,0.757267,0.98984,0.907516,NS,Concordant Up,FALSE
UBA1,0.0507,-0.186,0.985715,0.783344,0.758474,NS,Discordant (CRE Up / PLA Down),FALSE
LUC7L2,-0.2163,0.0196,0.780738,0.998922,0.855366,NS,Discordant (CRE Down / PLA Up),TRUE
ACAA2,0.06,-0.1758,0.980468,0.815742,0.770536,NS,Discordant (CRE Up / PLA Down),FALSE
C1R,0.0055,0.2301,0.99994,0.882702,0.923266,NS,Concordant Up,TRUE
VPS29,0.0675,-0.168,0.987467,0.922331,0.889839,NS,Discordant (CRE Up / PLA Down),TRUE
PPME1,-0.0481,-0.1873,0.990446,0.853123,0.943687,NS,Concordant Down,TRUE
DHCR24,-0.1458,0.0895,0.942726,0.982112,0.903039,NS,Discordant (CRE Down / PLA Up),TRUE
EPDR1,0.0545,-0.1806,0.991702,0.903036,0.884497,NS,Discordant (CRE Up / PLA Down),FALSE
EEF1B2,0.0835,0.1514,0.96722,0.888581,0.985821,NS,Concordant Up,FALSE
PGM2,0.1251,0.1088,0.956905,0.969301,0.999547,NS,Concordant Up,TRUE
FDX1,-0.0657,-0.168,0.992758,0.961979,0.989282,NS,Concordant Down,TRUE
CHMP2A,0.0209,-0.2127,0.998879,0.870987,0.891905,NS,Discordant (CRE Up / PLA Down),TRUE
EIF3A,-0.0888,0.1439,0.957214,0.884896,0.786899,NS,Discordant (CRE Down / PLA Up),FALSE
PGK1,-0.0362,-0.1964,0.991704,0.712305,0.87168,NS,Concordant Down,FALSE
DNPEP,0.058,0.1746,0.986067,0.863158,0.959905,NS,Concordant Up,FALSE
FDPS,-0.1539,0.0775,0.863229,0.969498,0.791394,NS,Discordant (CRE Down / PLA Up),FALSE
PCMT1,-0.1611,-0.0702,0.835745,0.973119,0.968058,NS,Concordant Down,FALSE
UBXN4,-0.1407,0.0903,0.939347,0.9798,0.895155,NS,Discordant (CRE Down / PLA Up),TRUE
OSBP,-0.0505,0.1804,0.990793,0.876018,0.855975,NS,Discordant (CRE Down / PLA Up),TRUE
AIFM1,-0.0515,0.1785,0.989092,0.855947,0.83350900000000006,NS,Discordant (CRE Down / PLA Up),FALSE
HIBADH,-0.2052,0.0243,0.810713,0.997866,0.843028,NS,Discordant (CRE Down / PLA Up),FALSE
EIF5A,-0.0665,-0.1626,0.979499,0.868695,0.97032,NS,Concordant Down,FALSE
TXNDC12,-0.1853,-0.0435,0.903164,0.995047,0.961527,NS,Concordant Down,TRUE
FERMT2,-0.1984,0.0295,0.818407,0.996746,0.840957,NS,Discordant (CRE Down / PLA Up),FALSE
VPS37C,-0.0344,-0.1932,0.998015,0.952132,0.974406,NS,Concordant Down,TRUE
RTN4IP1,-0.0527,0.1733,0.993225,0.937679,0.917846,NS,Discordant (CRE Down / PLA Up),TRUE
CHMP6,0.0171,-0.2087,0.998566,0.783104,0.811408,NS,Discordant (CRE Up / PLA Down),TRUE
HSPA4,-0.1287,0.0966,0.871796,0.933604,0.732853,NS,Discordant (CRE Down / PLA Up),FALSE
UAP1,0.1484,-0.0768,0.930427,0.982988,0.88964,NS,Discordant (CRE Up / PLA Down),TRUE
NHLRC2,-0.1552,0.0697,0.882737,0.978988,0.832,NS,Discordant (CRE Down / PLA Up),TRUE
PSMA2,-0.1541,-0.0692,0.914301,0.984626,0.983556,NS,Concordant Down,FALSE
IMPDH2,-0.096,-0.127,0.959296,0.928053,0.997355,NS,Concordant Down,TRUE
FAM114A1,0.0604,-0.1625,0.993226,0.920046,0.918858,NS,Discordant (CRE Up / PLA Down),TRUE
SZRD1,-0.1335,-0.089,0.974231,0.991095,0.998305,NS,Concordant Down,TRUE
HSD17B10,0.1504,0.0707,0.877557,0.976333,0.978896,NS,Concordant Up,FALSE
PCCA,0.1516,-0.0694,0.924501,0.986586,0.893526,NS,Discordant (CRE Up / PLA Down),TRUE
C2,-0.0361,0.1841,0.99777,0.936222,0.93719,NS,Discordant (CRE Down / PLA Up),TRUE
SERPINA3,0.1468,0.0733,0.964309,0.991749,0.994108,NS,Concordant Up,FALSE
SPAG7,-0.0497,-0.169,0.992541,0.908579,0.969253,NS,Concordant Down,TRUE
RRAD,0.1554,0.0625,0.927676,0.990588,0.984254,NS,Concordant Up,TRUE
RPL13A,0.1103,-0.1071,0.953738,0.958165,0.873201,NS,Discordant (CRE Up / PLA Down),FALSE
POLDIP2,-0.1721,0.0451,0.930517,0.995045,0.918496,NS,Discordant (CRE Down / PLA Up),TRUE
TGFBI,0.1833,0.0338,0.940111,0.9983,0.97439,NS,Concordant Up,TRUE
DARS1,0.0501,0.1666,0.988797,0.863793,0.956212,NS,Concordant Up,FALSE
ETFB,-0.0474,0.1691,0.992887,0.902451,0.887807,NS,Discordant (CRE Down / PLA Up),FALSE
BUB3,0.133,-0.0834,0.921706,0.980203,0.88458,NS,Discordant (CRE Up / PLA Down),TRUE
NDUFB6,0.1999,0.0163,0.891815,0.999414,0.940702,NS,Concordant Up,TRUE
ABHD10,-0.1657,-0.0505,0.904591,0.992213,0.970077,NS,Concordant Down,TRUE
PRKCQ,-0.0313,-0.1842,0.996761,0.899074,0.94816,NS,Concordant Down,TRUE
RPS12,0.2093,0.0056,0.736207,0.999857,0.836128,NS,Concordant Up,FALSE
CDC42,0.0334,-0.1809,0.996233,0.876927,0.879902,NS,Discordant (CRE Up / PLA Down),FALSE
IMPA2,-0.1827,-0.0309,0.929554,0.998291,0.968246,NS,Concordant Down,TRUE
GSR,-0.0269,0.1852,0.996629,0.813552,0.831674,NS,Discordant (CRE Down / PLA Up),FALSE
TPD52L1,0.1087,-0.1033,0.966245,0.970922,0.909726,NS,Discordant (CRE Up / PLA Down),TRUE
RGN,-0.0048,0.2063,0.999959,0.913242,0.937757,NS,Discordant (CRE Down / PLA Up),TRUE
DBT,-0.1908,0.02,0.868541,0.99882,0.893582,NS,Discordant (CRE Down / PLA Up),TRUE
ANK1,0.0372,-0.1735,0.998084,0.957117,0.955169,NS,Discordant (CRE Up / PLA Down),FALSE
EIF2B1,-0.1188,0.0916,0.948557,0.983561,0.921741,NS,Discordant (CRE Down / PLA Up),TRUE
RPL18,0.1622,0.0481,0.867203,0.990204,0.958384,NS,Concordant Up,FALSE
CRKL,-0.0688,-0.1414,0.972402,0.876472,0.979487,NS,Concordant Down,FALSE
PSMA6,-0.0015,0.2084,0.999993,0.839264,0.888018,NS,Discordant (CRE Down / PLA Up),FALSE
RDH13,0.0983,-0.1106,0.975868,0.975186,0.930196,NS,Discordant (CRE Up / PLA Down),TRUE
SPTB,-0.08,-0.1283,0.989817,0.97408,0.997497,NS,Concordant Down,FALSE
MTAP,0.1542,-0.0538,0.865681,0.986167,0.835902,NS,Discordant (CRE Up / PLA Down),FALSE
GMPPB,-0.1695,0.0385,0.853892,0.993985,0.855735,NS,Discordant (CRE Down / PLA Up),FALSE
PPCS,0.0999,0.1071,0.949235,0.96191,0.999874,NS,Concordant Up,TRUE
DDOST,0.1166,0.0901,0.955483,0.975768,0.998592,NS,Concordant Up,TRUE
CDH13,0.0026,0.2035,0.999974,0.815303,0.876978,NS,Concordant Up,FALSE
NDUFA11,0.0226,-0.1834,0.998852,0.930378,0.933883,NS,Discordant (CRE Up / PLA Down),TRUE
PNP,0.0635,0.1425,0.993284,0.965833,0.992802,NS,Concordant Up,FALSE
MAPKAPK2,-0.1558,-0.0496,0.91774,0.993892,0.977727,NS,Concordant Down,TRUE
SERPINF2,0.1324,0.0728,0.96736,0.990817,0.995672,NS,Concordant Up,FALSE
LYPLAL1,-0.1977,-0.0075,0.830023,0.999823,0.901326,NS,Concordant Down,TRUE
GNAI1,0.0345,-0.1705,0.997424,0.963568,0.953944,NS,Discordant (CRE Up / PLA Down),TRUE
HNRNPH1,0.0741,-0.1309,0.965618,0.888106,0.805468,NS,Discordant (CRE Up / PLA Down),FALSE
GGCT,-0.0896,-0.1151,0.969069,0.94961,0.998436,NS,Concordant Down,FALSE
GBP2,-0.0371,-0.1668,0.996927,0.922969,0.970741,NS,Concordant Down,TRUE
IST1,-0.0692,0.1345,0.976714,0.909433,0.851358,NS,Discordant (CRE Down / PLA Up),TRUE
MAOB,-0.113,-0.0906,0.94871,0.969043,0.998771,NS,Concordant Down,FALSE
RCN1,0.0512,-0.15,0.991199,0.919683,0.897997,NS,Discordant (CRE Up / PLA Down),FALSE
PPTC7,0.0815,-0.1196,0.981027,0.963624,0.921733,NS,Discordant (CRE Up / PLA Down),TRUE
CHCHD4,-0.1909,-0.0098,0.913421,0.999773,0.943369,NS,Concordant Down,TRUE
COA3,0.01,0.1903,0.999784,0.926659,0.951232,NS,Concordant Up,TRUE
HUWE1,-0.0363,-0.1637,0.993605,0.865325,0.94356,NS,Concordant Down,TRUE
LTA4H,-0.0837,-0.1161,0.947507,0.898028,0.995285,NS,Concordant Down,FALSE
HNRNPH3,-0.1481,0.0513,0.914365,0.990937,0.893847,NS,Discordant (CRE Down / PLA Up),TRUE
HBS1L,0.0678,0.1315,0.983378,0.939152,0.990404,NS,Concordant Up,TRUE
TMEM126A,-0.176,-0.0226,0.917981,0.99896,0.961308,NS,Concordant Down,TRUE
XPNPEP1,-0.0958,0.1026,0.957546,0.9528,0.870309,NS,Discordant (CRE Down / PLA Up),FALSE
ATP5F1B,0.0772,0.1208,0.973536,0.934285,0.994559,NS,Concordant Up,FALSE
TSN,0.1236,-0.0736,0.935503,0.979202,0.886548,NS,Discordant (CRE Up / PLA Down),FALSE
CCT3,0.1293,-0.067,0.888695,0.973763,0.825354,NS,Discordant (CRE Up / PLA Down),FALSE
PGM3,-0.0862,-0.1096,0.969309,0.958683,0.998696,NS,Concordant Down,TRUE
STRN3,-0.098,0.0975,0.978694,0.982981,0.945895,NS,Discordant (CRE Down / PLA Up),TRUE
PPIC,0.0608,-0.1345,0.993398,0.97422,0.956946,NS,Discordant (CRE Up / PLA Down),TRUE
UBA5,-0.1852,-0.0099,0.946513,0.999816,0.962674,NS,Concordant Down,TRUE
ENO2,-0.1561,0.0387,0.917883,0.995659,0.913627,NS,Discordant (CRE Down / PLA Up),FALSE
AHCYL2,-0.1508,0.0439,0.911148,0.994709,0.911367,NS,Discordant (CRE Down / PLA Up),TRUE
STAT3,-0.0163,-0.1775,0.998922,0.861369,0.919496,NS,Concordant Down,TRUE
JSRP1,-0.1806,-0.0123,0.909676,0.999688,0.951321,NS,Concordant Down,TRUE
COPS3,-0.0936,-0.0991,0.967443,0.964646,0.99993,NS,Concordant Down,FALSE
MT-ATP6,-0.0233,-0.1692,0.998458,0.923415,0.958138,NS,Concordant Down,TRUE
AGO2,-0.1246,0.0666,0.94765,0.98751,0.918821,NS,Discordant (CRE Down / PLA Up),TRUE
PFDN4,0.1612,0.0297,0.89326,0.996974,0.954045,NS,Concordant Up,FALSE
XRCC6,0.1753,0.0155,0.834433,0.998985,0.910764,NS,Concordant Up,FALSE
PFDN2,-0.1312,0.0591,0.940954,0.989249,0.914716,NS,Discordant (CRE Down / PLA Up),FALSE
GMPR,-0.1263,0.0626,0.949855,0.989146,0.923905,NS,Discordant (CRE Down / PLA Up),FALSE
NSFL1C,-0.1693,0.0192,0.800656,0.998025,0.837444,NS,Discordant (CRE Down / PLA Up),FALSE
TBC1D4,-0.1549,-0.0334,0.904548,0.996614,0.964088,NS,Concordant Down,TRUE
SUGT1,0.0549,-0.1331,0.988002,0.925448,0.894521,NS,Discordant (CRE Up / PLA Down),FALSE
MTX1,-0.1793,-0.0087,0.864581,0.999817,0.935806,NS,Concordant Down,TRUE
SRSF2,0.0157,-0.1722,0.999134,0.88122,0.902272,NS,Discordant (CRE Up / PLA Down),FALSE
EIF3B,0.0824,0.1051,0.961812,0.940266,0.998262,NS,Concordant Up,TRUE
MEMO1,-0.1818,-0.0056,0.908261,0.999936,0.94718,NS,Concordant Down,TRUE
PSMD14,0.0508,-0.1364,0.987124,0.902747,0.868981,NS,Discordant (CRE Up / PLA Down),FALSE
ADIPOQ,0.142,-0.0451,0.906778,0.992197,0.892423,NS,Discordant (CRE Up / PLA Down),FALSE
GAPDH,0.1352,0.0514,0.853527,0.982291,0.965772,NS,Concordant Up,FALSE
SURF4,0.0452,-0.1412,0.996204,0.939781,0.943183,NS,Discordant (CRE Up / PLA Down),TRUE
G3BP1,0.0632,-0.1225,0.984319,0.953356,0.914102,NS,Discordant (CRE Up / PLA Down),TRUE
FN1,1e-4,0.1856,1,0.944474,0.961176,NS,Concordant Up,TRUE
CCT8,0.0736,0.112,0.96762,0.923613,0.994447,NS,Concordant Up,FALSE
EIF2S2,0.0585,0.1268,0.985486,0.934726,0.987121,NS,Concordant Up,TRUE
PSMC3,-0.1083,-0.0769,0.915726,0.961203,0.995887,NS,Concordant Down,FALSE
STK38L,-0.0484,0.1362,0.99418,0.95871,0.942374,NS,Discordant (CRE Down / PLA Up),TRUE
NUDC,0.0241,-0.1591,0.998055,0.913955,0.917131,NS,Discordant (CRE Up / PLA Down),TRUE
MFN2,0.1425,0.0404,0.925117,0.995132,0.976084,NS,Concordant Up,TRUE
COPB2,-0.0074,0.1748,0.999894,0.937407,0.951814,NS,Discordant (CRE Down / PLA Up),TRUE
CLYBL,-0.1476,0.0339,0.972464,0.998781,0.972784,NS,Discordant (CRE Down / PLA Up),TRUE
SLC27A1,-0.1147,-0.0661,0.946479,0.985,0.994207,NS,Concordant Down,TRUE
GORASP2,0.059,-0.1218,0.98592,0.940523,0.904279,NS,Discordant (CRE Up / PLA Down),TRUE
USP24,-0.1702,0.0105,0.830846,0.999575,0.886405,NS,Discordant (CRE Down / PLA Up),TRUE
CFI,0.0632,0.1174,0.992968,0.975845,0.99649,NS,Concordant Up,TRUE
EIF1,0.0267,0.1534,0.997964,0.926565,0.965873,NS,Concordant Up,FALSE
PSMD12,-0.0246,0.1551,0.997474,0.885659,0.893651,NS,Discordant (CRE Down / PLA Up),FALSE
PDCD6IP,0.0951,-0.0844,0.934119,0.951162,0.834602,NS,Discordant (CRE Up / PLA Down),FALSE
UFM1,-0.0278,-0.1517,0.996811,0.893074,0.952244,NS,Concordant Down,FALSE
MTCH2,-0.0081,0.1707,0.999741,0.863848,0.897535,NS,Discordant (CRE Down / PLA Up),FALSE
DIABLO,-0.1466,-0.0321,0.919057,0.996799,0.968466,NS,Concordant Down,TRUE
LGALSL,-0.1543,-0.0242,0.932334,0.998762,0.970956,NS,Concordant Down,TRUE
HDGFL2,0.1019,0.0764,0.969843,0.982172,0.998737,NS,Concordant Up,TRUE
ARAF,0.0569,0.1212,0.991156,0.967971,0.993234,NS,Concordant Up,TRUE
DDB1,0.0166,0.1614,0.998541,0.834267,0.910627,NS,Concordant Up,FALSE
MGST2,0.0581,-0.1197,0.992474,0.962132,0.944828,NS,Discordant (CRE Up / PLA Down),TRUE
RPN2,0.0552,0.1221,0.986457,0.930317,0.986401,NS,Concordant Up,FALSE
HARS1,0.0726,-0.1041,0.974749,0.947784,0.890831,NS,Discordant (CRE Up / PLA Down),FALSE
RANBP1,-0.0172,-0.1594,0.999226,0.927283,0.960298,NS,Concordant Down,TRUE
ALDH1L1,0.0467,-0.1295,0.99300600000000006,0.943481,0.925735,NS,Discordant (CRE Up / PLA Down),FALSE
RAC1,0.0315,-0.1443,0.994839,0.876015,0.872409,NS,Discordant (CRE Up / PLA Down),FALSE
TARDBP,-0.1602,0.0154,0.891072,0.999188,0.913592,NS,Discordant (CRE Down / PLA Up),TRUE
COQ5,-0.1398,-0.0352,0.953712,0.997551,0.983493,NS,Concordant Down,TRUE
RTRAF,-0.0638,-0.1109,0.978485,0.947571,0.993257,NS,Concordant Down,TRUE
HSPE1,-0.0259,-0.1484,0.997601,0.912423,0.959731,NS,Concordant Down,FALSE
USO1,-0.0748,0.0994,0.98017,0.965301,0.92238,NS,Discordant (CRE Down / PLA Up),FALSE
GALK1,-0.088,0.0861,0.973465,0.978246,0.930845,NS,Discordant (CRE Down / PLA Up),TRUE
NDUFB7,0.0429,0.1307,0.995456,0.961281,0.987409,NS,Concordant Up,TRUE
PSMA4,0.1576,-0.0158,0.885789,0.999075,0.908277,NS,Discordant (CRE Up / PLA Down),FALSE
BANF1,-0.0533,0.12,0.992413,0.960586,0.941201,NS,Discordant (CRE Down / PLA Up),FALSE
CUL3,-0.0468,-0.124,0.989424,0.931542,0.981323,NS,Concordant Down,TRUE
PSMD5,-0.0557,-0.1129,0.990691,0.965206,0.993691,NS,Concordant Down,TRUE
STIM1,-0.112,0.0562,0.956044,0.99269,0.943642,NS,Discordant (CRE Down / PLA Up),TRUE
SRSF3,0.1301,0.038,0.926032,0.994901,0.976955,NS,Concordant Up,TRUE
UQCC2,-0.1282,-0.0381,0.949676,0.996629,0.98512,NS,Concordant Down,TRUE
TMED9,0.1607,0.0049,0.902764,0.999926,0.939312,NS,Concordant Up,TRUE
ATP6V1A,0.1082,0.0574,0.955205,0.988574,0.993739,NS,Concordant Up,FALSE
PPIL1,0.0457,0.1194,0.992243,0.946051,0.986155,NS,Concordant Up,FALSE
LNPK,-5e-4,0.1642,0.999999,0.880922,0.918027,NS,Discordant (CRE Down / PLA Up),FALSE
MAP2K2,0.0309,0.1324,0.996914,0.943975,0.976755,NS,Concordant Up,TRUE
DYNLRB1,0.0334,-0.1292,0.995604,0.937892,0.926174,NS,Discordant (CRE Up / PLA Down),TRUE
NMT1,-0.0742,-0.0878,0.9873,0.981418,0.999709,NS,Concordant Down,TRUE
UQCR10,-0.1133,0.0483,0.95836,0.993615,0.943814,NS,Discordant (CRE Down / PLA Up),TRUE
CAST,0.0348,-0.1259,0.995525,0.936718,0.927388,NS,Discordant (CRE Up / PLA Down),FALSE
PSMB2,0.0608,0.0986,0.982139,0.952142,0.995484,NS,Concordant Up,FALSE
PDLIM1,-0.0493,0.1096,0.989845,0.947613,0.921306,NS,Discordant (CRE Down / PLA Up),FALSE
YARS1,0.0657,0.0918,0.981351,0.962929,0.998084,NS,Concordant Up,TRUE
ACSF2,-0.1103,-0.0465,0.949706,0.992064,0.98928,NS,Concordant Down,FALSE
RPS3A,0.0359,-0.1208,0.992607,0.906563,0.889895,NS,Discordant (CRE Up / PLA Down),FALSE
NTMT1,0.0086,-0.1481,0.999825,0.944222,0.956061,NS,Discordant (CRE Up / PLA Down),TRUE
ARF5,0.1126,0.044,0.968974,0.994607,0.99158,NS,Concordant Up,TRUE
NIT2,-0.0849,0.0716,0.968483,0.978796,0.924246,NS,Discordant (CRE Down / PLA Up),FALSE
GSS,-0.1414,0.0146,0.913171,0.999239,0.929597,NS,Discordant (CRE Down / PLA Up),FALSE
BLMH,-0.0157,0.1397,0.998859,0.90073,0.912776,NS,Discordant (CRE Down / PLA Up),TRUE
PSMA1,0.0735,-0.0816,0.970356,0.964439,0.904939,NS,Discordant (CRE Up / PLA Down),FALSE
PPP2R5A,-0.0149,0.1396,0.999246,0.937475,0.94258,NS,Discordant (CRE Down / PLA Up),TRUE
MMUT,-0.051,0.1032,0.993151,0.96856,0.952085,NS,Discordant (CRE Down / PLA Up),TRUE
UBE2I,-0.0842,0.0688,0.977413,0.985689,0.947419,NS,Discordant (CRE Down / PLA Up),FALSE
UBXN6,-0.01,0.1421,0.999681,0.949544,0.953427,NS,Discordant (CRE Down / PLA Up),TRUE
NPM1,0.1202,-0.0318,0.934655,0.996084,0.929274,NS,Discordant (CRE Up / PLA Down),FALSE
ERGIC1,0.0674,0.0842,0.979836,0.968934,0.999203,NS,Concordant Up,FALSE
RPS19,-0.0445,0.1069,0.990111,0.939226,0.913284,NS,Discordant (CRE Down / PLA Up),FALSE
DNPH1,0.0382,0.1128,0.995062,0.9586,0.987312,NS,Concordant Up,TRUE
PRMT1,-0.1445,0.0061,0.931653,0.99991,0.953657,NS,Discordant (CRE Down / PLA Up),TRUE
MTCH1,0.1329,-0.0177,0.955725,0.99906,0.955366,NS,Discordant (CRE Up / PLA Down),TRUE
CHCHD10,0.1273,0.023,0.959947,0.998928,0.982837,NS,Concordant Up,TRUE
HSPA9,-0.0349,0.115,0.994251,0.932073,0.918658,NS,Discordant (CRE Down / PLA Up),FALSE
TRMT112,-0.0405,0.1094,0.993745,0.958698,0.940923,NS,Discordant (CRE Down / PLA Up),TRUE
MOB4,-0.0665,-0.0833,0.984659,0.979826,0.999423,NS,Concordant Down,TRUE
GPI,0.0113,0.1374,0.999307,0.876092,0.929965,NS,Concordant Up,FALSE
FBP2,-0.0691,0.0795,0.987741,0.985217,0.961058,NS,Discordant (CRE Down / PLA Up),TRUE
PARK7,-0.1107,-0.0375,0.916091,0.991913,0.977142,NS,Concordant Down,FALSE
ALDOA,0.0633,0.084,0.97071,0.948271,0.998077,NS,Concordant Up,FALSE
UROS,0.1231,-0.0231,0.940862,0.998522,0.949603,NS,Discordant (CRE Up / PLA Down),TRUE
EIF4E,-0.067,-0.0786,0.980573,0.973836,0.999634,NS,Concordant Down,FALSE
BOLA2,0.0766,0.0687,0.980133,0.985185,0.999869,NS,Concordant Up,TRUE
PTGES3,0.0126,-0.1315,0.999103,0.882625,0.903474,NS,Discordant (CRE Up / PLA Down),FALSE
HNRNPH2,-0.0217,0.1222,0.998317,0.945349,0.945146,NS,Discordant (CRE Down / PLA Up),TRUE
SNRPD3,0.0314,0.1113,0.996099,0.947244,0.981786,NS,Concordant Up,FALSE
MBNL1,0.041,0.1003,0.99403,0.962525,0.991282,NS,Concordant Up,TRUE
APEH,-0.1292,0.0118,0.926605,0.999495,0.941751,NS,Discordant (CRE Down / PLA Up),FALSE
DNAJA3,0.0558,-0.085,0.993239,0.986246,0.971152,NS,Discordant (CRE Up / PLA Down),TRUE
ATIC,-0.0898,0.0509,0.957201,0.987547,0.926934,NS,Discordant (CRE Down / PLA Up),FALSE
SRSF1,0.0734,-0.0654,0.979218,0.983553,0.946075,NS,Discordant (CRE Up / PLA Down),TRUE
MOB2,0.1328,-0.0057,0.937607,0.999928,0.962108,NS,Discordant (CRE Up / PLA Down),TRUE
UBA2,0.0934,-0.045,0.967506,0.993521,0.952139,NS,Discordant (CRE Up / PLA Down),TRUE
PITHD1,-0.1046,0.0336,0.969284,0.997022,0.962361,NS,Discordant (CRE Down / PLA Up),TRUE
ATP5F1A,0.135,-0.003,0.924564,0.999969,0.947755,NS,Discordant (CRE Up / PLA Down),FALSE
SNX3,0.0971,-0.0399,0.955864,0.993419,0.939691,NS,Discordant (CRE Up / PLA Down),FALSE
PSMD4,-0.1099,0.0258,0.921159,0.996432,0.919408,NS,Discordant (CRE Down / PLA Up),FALSE
ATRN,0.0603,0.0749,0.99452,0.99029,0.999769,NS,Concordant Up,TRUE
AHCY,-0.0639,-0.0708,0.977279,0.972821,0.999837,NS,Concordant Down,FALSE
GRHPR,-0.1118,-0.0226,0.926766,0.997519,0.970178,NS,Concordant Down,FALSE
TPPP,0.025,0.1092,0.998346,0.9717,0.98756,NS,Concordant Up,TRUE
UFL1,-0.0515,0.082,0.991023,0.975484,0.954577,NS,Discordant (CRE Down / PLA Up),TRUE
PAFAH1B3,-0.1226,0.0108,0.964382,0.999756,0.971435,NS,Discordant (CRE Down / PLA Up),FALSE
RPS18,-0.014,0.1193,0.998741,0.890574,0.906301,NS,Discordant (CRE Down / PLA Up),FALSE
ASPA,0.0834,-0.0479,0.979745,0.993752,0.964897,NS,Discordant (CRE Up / PLA Down),TRUE
RPS20,-0.007,-0.124,0.999849,0.947095,0.967558,NS,Concordant Down,FALSE
PTPN11,-0.0362,-0.0948,0.993972,0.95628,0.988947,NS,Concordant Down,FALSE
C1QBP,0.0041,0.1249,0.999935,0.928898,0.95448,NS,Concordant Up,FALSE
MCM3AP,-0.0416,-0.0872,0.996497,0.985222,0.997154,NS,Concordant Down,TRUE
CRYZ,0.0898,-0.0387,0.960024,0.993414,0.94366,NS,Discordant (CRE Up / PLA Down),FALSE
LSM6,0.095,-0.0335,0.958406,0.995619,0.949005,NS,Discordant (CRE Up / PLA Down),TRUE
CIRBP,0.1018,0.0246,0.945459,0.99729,0.979855,NS,Concordant Up,FALSE
SAA4,-0.0359,-0.0902,0.998098,0.986968,0.996837,NS,Concordant Down,TRUE
NACA,-0.118,-0.0074,0.935257,0.999795,0.962618,NS,Concordant Down,FALSE
TMCO1,0.0503,0.075,0.996583,0.989806,0.999361,NS,Concordant Up,TRUE
PM20D2,0.1152,0.0097,0.971336,0.999837,0.984833,NS,Concordant Up,TRUE
DBNL,0.104,-0.0207,0.967361,0.998875,0.968261,NS,Discordant (CRE Up / PLA Down),TRUE
DLD,-0.0501,0.0738,0.988238,0.974471,0.947498,NS,Discordant (CRE Down / PLA Up),FALSE
EEF2,0.0542,0.0697,0.980868,0.968599,0.999027,NS,Concordant Up,FALSE
FLOT1,-0.0796,-0.0425,0.977727,0.994153,0.996871,NS,Concordant Down,FALSE
PSMA5,0.0352,-0.0861,0.99421,0.963697,0.948483,NS,Discordant (CRE Up / PLA Down),FALSE
NQO2,0.0013,-0.1199,0.999996,0.959555,0.972313,NS,Discordant (CRE Up / PLA Down),TRUE
CASQ1,-0.0333,0.087,0.994569,0.963371,0.948405,NS,Discordant (CRE Down / PLA Up),TRUE
STIP1,-0.0384,-0.0807,0.991471,0.96056,0.992952,NS,Concordant Down,FALSE
PTGR1,0.0521,0.0657,0.989228,0.984107,0.999535,NS,Concordant Up,TRUE
RPL19,-0.0057,0.1116,0.99988,0.949513,0.961295,NS,Discordant (CRE Down / PLA Up),FALSE
PIP4K2A,-0.07,0.0472,0.989396,0.995938,0.980517,NS,Discordant (CRE Down / PLA Up),TRUE
DDI2,-0.0886,-0.0276,0.986922,0.998828,0.995814,NS,Concordant Down,TRUE
PSMB1,0.0689,0.0471,0.971515,0.987689,0.998247,NS,Concordant Up,FALSE
JPH2,0.1139,0.002,0.958839,0.99999,0.974626,NS,Concordant Up,TRUE
GNPDA1,-0.0357,-0.0796,0.994597,0.972343,0.994397,NS,Concordant Down,FALSE
EIF3C,0.0427,-0.0718,0.990598,0.97601,0.953281,NS,Discordant (CRE Up / PLA Down),TRUE
ATG3,0.0427,-0.0718,0.994629,0.9857,0.972962,NS,Discordant (CRE Up / PLA Down),TRUE
MAPRE3,-0.0609,-0.053,0.987926,0.991631,0.999872,NS,Concordant Down,TRUE
ADK,-0.0516,-0.0605,0.987606,0.98427,0.999769,NS,Concordant Down,TRUE
ATPAF2,-0.0688,0.0427,0.985564,0.995942,0.977141,NS,Discordant (CRE Down / PLA Up),TRUE
PHB2,0.0403,0.0704,0.992672,0.977325,0.997251,NS,Concordant Up,FALSE
UBE3C,-0.0169,-0.0937,0.999034,0.977571,0.988067,NS,Concordant Down,TRUE
BAG6,0.0838,0.0256,0.991093,0.998831,0.996538,NS,Concordant Up,TRUE
UGP2,0.106,-0.0012,0.933716,0.999993,0.955395,NS,Discordant (CRE Up / PLA Down),FALSE
VTA1,0.0057,0.1013,0.999886,0.964652,0.976997,NS,Concordant Up,TRUE
USP14,-0.0384,-0.068,0.993409,0.979085,0.997369,NS,Concordant Down,FALSE
COX17,0.0444,-0.0604,0.995911,0.993118,0.984449,NS,Discordant (CRE Up / PLA Down),TRUE
DHRS7B,-0.0218,0.0827,0.998699,0.980592,0.978034,NS,Discordant (CRE Down / PLA Up),TRUE
HSD17B12,-0.0175,-0.0866,0.998928,0.972024,0.987792,NS,Concordant Down,FALSE
TMX3,0.0961,0.0074,0.967926,0.999889,0.985736,NS,Concordant Up,TRUE
SRSF6,0.0757,0.0271,0.980072,0.997583,0.99447700000000006,NS,Concordant Up,TRUE
RPL27A,0.0496,0.0531,0.991972,0.991085,0.999974,NS,Concordant Up,FALSE
EIF3D,-0.0314,-0.0703,0.996053,0.981506,0.996002,NS,Concordant Down,TRUE
PPP2R5D,0.0817,0.02,0.974356,0.998782,0.990989,NS,Concordant Up,TRUE
ERLIN2,-0.0586,0.0429,0.983275,0.991608,0.964642,NS,Discordant (CRE Down / PLA Up),FALSE
ARL6IP5,0.0634,-0.0379,0.980654,0.99363,0.965481,NS,Discordant (CRE Up / PLA Down),FALSE
BTF3L4,0.0123,-0.089,0.999229,0.955214,0.959542,NS,Discordant (CRE Up / PLA Down),FALSE
CLUH,0.0114,0.0887,0.999535,0.97518,0.985732,NS,Concordant Up,TRUE
NOMO2,0.0073,0.0917,0.999846,0.96868,0.983317,NS,Concordant Up,TRUE
PLCD4,-0.0923,-0.005,0.970244,0.999929,0.983016,NS,Concordant Down,TRUE
TMEM43,-0.0638,0.033,0.988332,0.997088,0.981312,NS,Discordant (CRE Down / PLA Up),FALSE
D2HGDH,0.0192,-0.0775,0.999223,0.990277,0.987858,NS,Discordant (CRE Up / PLA Down),TRUE
SERPINB6,-0.0266,0.07,0.997043,0.978878,0.971193,NS,Discordant (CRE Down / PLA Up),FALSE
ABCA8,0.0126,-0.0827,0.99964,0.985603,0.98575,NS,Discordant (CRE Up / PLA Down),TRUE
S100A1,0.0193,0.075,0.9993,0.989361,0.995895,NS,Concordant Up,FALSE
HSPA1A,-0.0345,-0.0597,0.993466,0.980239,0.997691,NS,Concordant Down,FALSE
FAM114A2,0.0029,-0.0908,0.999974,0.972182,0.979327,NS,Discordant (CRE Up / PLA Down),FALSE
EIF3L,-0.0662,0.0265,0.984867,0.997844,0.979807,NS,Discordant (CRE Down / PLA Up),FALSE
EIF3J,-0.0113,0.0807,0.999443,0.970122,0.972367,NS,Discordant (CRE Down / PLA Up),TRUE
BLVRA,0.0626,0.0294,0.986709,0.997304,0.99753,NS,Concordant Up,FALSE
EIF4A1,0.0108,-0.081,0.999564,0.97369000000000006,0.976254,NS,Discordant (CRE Up / PLA Down),FALSE
FUS,-0.0259,-0.0659,0.996705,0.97787,0.994539,NS,Concordant Down,FALSE
ASPH,-0.0281,-0.0608,0.997331,0.987364,0.997498,NS,Concordant Down,FALSE
OCIAD1,-0.0735,-0.0146,0.979858,0.99934,0.991762,NS,Concordant Down,TRUE
IGLV1-40,0.0056,0.0823,0.999951,0.989846,0.993647,NS,Concordant Up,TRUE
PCCB,-0.0255,0.0616,0.997634,0.985926,0.97981,NS,Discordant (CRE Down / PLA Up),FALSE
PGLS,0.0722,-0.0143,0.978087,0.999245,0.9786,NS,Discordant (CRE Up / PLA Down),FALSE
MLEC,0.0474,0.0385,0.990302,0.993921,0.99978,NS,Concordant Up,FALSE
COPS8,0.0632,-0.0222,0.981815,0.99799,0.977167,NS,Discordant (CRE Up / PLA Down),FALSE
VPS28,0.0342,0.0502,0.996822,0.994474,0.999576,NS,Concordant Up,TRUE
SNRPD1,0.0627,0.0213,0.990932,0.998817,0.99708,NS,Concordant Up,TRUE
GART,-0.0689,-0.0144,0.981571,0.9993,0.992474,NS,Concordant Down,TRUE
RPS8,0.0296,-0.0536,0.995527,0.985117,0.974051,NS,Discordant (CRE Up / PLA Down),FALSE
PPP3CC,0.0018,-0.0794,0.999992,0.990796,0.991597,NS,Discordant (CRE Up / PLA Down),TRUE
RPS17,-0.0227,-0.0568,0.998232,0.989002,0.997238,NS,Concordant Down,TRUE
TCP1,0.0727,0.0065,0.970644,0.999804,0.983925,NS,Concordant Up,FALSE
BSG,-0.0108,0.0684,0.999479,0.977613,0.978877,NS,Discordant (CRE Down / PLA Up),FALSE
SYNGR2,-0.0418,-0.0356,0.993357,0.995395,0.999902,NS,Concordant Down,TRUE
ALDOC,0.0128,-0.0635,0.999402,0.984765,0.984386,NS,Discordant (CRE Up / PLA Down),FALSE
NT5DC1,0.0182,-0.0577,0.999189,0.991087,0.989403,NS,Discordant (CRE Up / PLA Down),TRUE
DDX39B,0.0228,0.0524,0.997804,0.988208,0.997433,NS,Concordant Up,FALSE
SMTN,0.0266,0.0484,0.997989,0.993112,0.999052,NS,Concordant Up,TRUE
TMEM143,-0.0243,0.0503,0.998735,0.994811,0.991654,NS,Discordant (CRE Down / PLA Up),TRUE
FAM136A,0.0264,0.0439,0.997978,0.995508,0.999461,NS,Concordant Up,TRUE
AARS1,-0.0291,0.0408,0.99549,0.991249,0.981219,NS,Discordant (CRE Down / PLA Up),FALSE
TIMM8B,0.0097,0.0601,0.99987,0.996216,0.997882,NS,Concordant Up,TRUE
CAPNS1,0.0566,0.0107,0.985365,0.999534,0.993603,NS,Concordant Up,FALSE
PSMC2,0.0112,-0.0542,0.999322,0.983114,0.982621,NS,Discordant (CRE Up / PLA Down),FALSE
METTL7A,0.0488,-0.0148,0.99186,0.999311,0.990465,NS,Discordant (CRE Up / PLA Down),FALSE
RPL22,0.0356,-0.0253,0.994671,0.997451,0.989057,NS,Discordant (CRE Up / PLA Down),FALSE
UBQLN1,-0.0582,0.0024,0.986781,0.99998,0.990562,NS,Discordant (CRE Down / PLA Up),TRUE
SKP1,-0.0434,-0.0156,0.993127,0.999181,0.998109,NS,Concordant Down,FALSE
ERP44,-0.01,0.0489,0.999576,0.989581,0.989252,NS,Discordant (CRE Down / PLA Up),FALSE
SUB1,0.0515,0.007,0.988504,0.999808,0.99426,NS,Concordant Up,FALSE
HSPB6,-0.0227,-0.0345,0.998298,0.996141,0.999687,NS,Concordant Down,FALSE
PABPC4,0.0272,-0.0297,0.997457,0.997377,0.99261,NS,Discordant (CRE Up / PLA Down),TRUE
CD59,0.0124,0.0439,0.999357,0.991787,0.997074,NS,Concordant Up,FALSE
TSG101,-2e-4,-0.0561,1,0.989548,0.992396,NS,Concordant Down,TRUE
PCBP1,0.0493,0.0061,0.987891,0.999839,0.993766,NS,Concordant Up,FALSE
WARS1,-0.0412,-0.0127,0.989928,0.999131,0.99683,NS,Concordant Down,FALSE
CCT4,-0.0099,0.0439,0.999476,0.989201,0.988496,NS,Discordant (CRE Down / PLA Up),FALSE
TPI1,-0.0466,-0.0058,0.988548,0.999842,0.994133,NS,Concordant Down,FALSE
MAPRE1,-7e-4,-0.0515,0.999998,0.986934,0.991118,NS,Concordant Down,FALSE
HYI,-0.0045,0.0477,0.999968,0.997382,0.997433,NS,Discordant (CRE Down / PLA Up),TRUE
ARL8B,0.0228,-0.0216,0.997736,0.998061,0.993973,NS,Discordant (CRE Up / PLA Down),FALSE
PARVA,-0.0406,0.0035,0.995897,0.999973,0.996767,NS,Discordant (CRE Down / PLA Up),TRUE
MAVS,-0.02,0.0238,0.998316,0.997772,0.994402,NS,Discordant (CRE Down / PLA Up),TRUE
PPID,-0.0221,-0.018,0.998274,0.999193,0.999968,NS,Concordant Down,TRUE
ATP6V1B2,0.0291,-0.0061,0.995371,0.999815,0.995352,NS,Discordant (CRE Up / PLA Down),FALSE
TIAL1,0.0082,-0.0247,0.999805,0.998678,0.998108,NS,Discordant (CRE Up / PLA Down),TRUE
CCT2,0.028,0.0047,0.996112,0.9999,0.998176,NS,Concordant Up,FALSE
RPL10,0.0055,-0.0236,0.999902,0.998231,0.998052,NS,Discordant (CRE Up / PLA Down),TRUE
PSME1,0.018,-0.0096,0.998693,0.999649,0.997867,NS,Discordant (CRE Up / PLA Down),FALSE
PSMB7,-0.0225,0.0032,0.998514,0.999973,0.998666,NS,Discordant (CRE Down / PLA Up),FALSE
EIF6,0.0061,0.016,0.999859,0.999041,0.999739,NS,Concordant Up,FALSE
PSMD9,-0.0171,-0.0047,0.999002,0.999929,0.99963900000000006,NS,Concordant Down,FALSE
FTL,2.5407,1.3737,0,0.011172,0.14787,Sig Both,Concordant Up,FALSE
ABLIM2,1.2816,2.5719,0.018324,1e-6,0.097917,Sig Both,Concordant Up,TRUE
RBM3,-1.8663,-1.6207,0.002617,0.02085,0.958238,Sig Both,Concordant Down,TRUE
SLC41A3,1.2025,1.8095,0.030164,0.002293,0.669233,Sig Both,Concordant Up,TRUE
SELENOO,2.0398,1.034,2.6e-4,0.065378,0.267572,Sig CRE only,Concordant Up,TRUE
PLTP,1.4487,0.6588,0.047211,0.497196,0.567271,Sig CRE only,Concordant Up,TRUE
THY1,1.5803,0.3317,3.43e-4,0.812667,0.062086,Sig CRE only,Concordant Up,TRUE
CRABP2,1.722,0.0892,0.026744,0.995003,0.171426,Sig CRE only,Concordant Up,TRUE
COL12A1,1.3435,0.3925,0.024747,0.780049,0.331025,Sig CRE only,Concordant Up,TRUE
PBDC1,0.8719,0.7937,0.023831,0.146844,0.99073,Sig CRE only,Concordant Up,TRUE
PCOLCE,1.2348,0.2958,0.041028,0.866445,0.317883,Sig CRE only,Concordant Up,TRUE
FTH1,0.8735,0.4929,0.032082,0.438684,0.744219,Sig CRE only,Concordant Up,FALSE
CTSG,1.0823,0.2604,0.026515,0.893451,0.350936,Sig CRE only,Concordant Up,TRUE
FSCN1,0.8404,0.2998,0.048661,0.776345,0.528895,Sig CRE only,Concordant Up,FALSE
ART3,-0.7733,-0.3031,0.027342,0.717692,0.53655,Sig CRE only,Concordant Down,TRUE
SORD,-0.7366,-0.309,0.037021,0.686178,0.589396,Sig CRE only,Concordant Down,TRUE
SRSF11,-0.9517,-0.082,0.018487,0.987109,0.181185,Sig CRE only,Concordant Down,TRUE
ARIH2,-0.9263,-0.0311,0.004759,0.997948,0.09583,Sig CRE only,Concordant Down,TRUE
ARCN1,0.7202,0.2181,0.001361,0.692364,0.184075,Sig CRE only,Concordant Up,TRUE
SMTNL1,-0.9065,0.0203,0.031583,0.999194,0.125816,Sig CRE only,Discordant (CRE Down / PLA Up),TRUE
BDH2,0.7609,0.0897,0.041751,0.981493,0.303741,Sig CRE only,Concordant Up,TRUE
MYOZ1,1.0363,1.6249,0.234165,0.023287,0.776684,Sig PLA only,Concordant Up,TRUE
LIPE,-0.3399,-1.6974,0.830703,3.13e-4,0.057053,Sig PLA only,Concordant Down,TRUE
C6orf136,0.293,1.6646,0.892752,0.001411,0.08501,Sig PLA only,Concordant Up,TRUE
PC,-0.5317,-1.4101,0.628458,0.010424,0.390398,Sig PLA only,Concordant Down,TRUE
CNRIP1,-0.5424,-1.3619,0.550247,0.026325,0.437061,Sig PLA only,Concordant Down,TRUE
DIAPH2,0.4455,1.4496,0.677688,0.002199,0.199898,Sig PLA only,Concordant Up,TRUE
CAPRIN1,-0.6002,-1.2217,0.297048,0.005813,0.479444,Sig PLA only,Concordant Down,TRUE
LPCAT3,0.3347,1.464,0.769752,0.00583,0.118603,Sig PLA only,Concordant Up,TRUE
ENPP4,0.6455,1.1131,0.143273,0.012903,0.646758,Sig PLA only,Concordant Up,TRUE
HMGCS2,-0.2869,-1.3692,0.833071,0.010001,0.138293,Sig PLA only,Concordant Down,TRUE
CD74,-0.074,-1.4542,0.990468,0.037509,0.089377,Sig PLA only,Concordant Down,TRUE
ANP32E,0.229,1.2972,0.921098,0.010118,0.177334,Sig PLA only,Concordant Up,TRUE
ISCA2,0.0421,1.44,0.995776,0.040736,0.067647,Sig PLA only,Concordant Up,TRUE
KYAT1,-0.5139,-0.9646,0.420119,0.035085,0.682377,Sig PLA only,Concordant Down,TRUE
LAMA4,0.0934,-1.2935,0.992039,0.034619,0.133159,Sig PLA only,Discordant (CRE Up / PLA Down),TRUE
ALDH1B1,0.537,0.8406,0.288558,0.034136,0.817075,Sig PLA only,Concordant Up,TRUE
AP1B1,0.4424,0.9089,0.479322,0.02646,0.61181,Sig PLA only,Concordant Up,TRUE
CRADD,0.0487,1.2611,0.996153,0.012017,0.073308,Sig PLA only,Concordant Up,TRUE
ADH1B,-0.0173,-1.2653,0.999627,0.031906,0.122017,Sig PLA only,Concordant Down,FALSE
C19orf12,0.113,1.1557,0.973005,0.032516,0.133529,Sig PLA only,Concordant Up,TRUE
PFDN1,-0.3302,-0.9214,0.64289,0.028989,0.410897,Sig PLA only,Concordant Down,TRUE
BZW2,-0.1766,1.0626,0.94407,0.036829,0.050414,Sig PLA only,Discordant (CRE Down / PLA Up),TRUE
CLPP,0.298,0.9315,0.628721,0.009414,0.257602,Sig PLA only,Concordant Up,TRUE
MRPL12,0.1033,1.1243,0.975502,0.04782,0.149462,Sig PLA only,Concordant Up,TRUE
LMOD3,-0.2282,-0.9619,0.845854,0.035664,0.275715,Sig PLA only,Concordant Down,TRUE
NDUFB1,0.288,0.8875,0.758546,0.026381,0.401406,Sig PLA only,Concordant Up,TRUE
PLP2,0.0548,1.0914,0.994967,0.029869,0.142752,Sig PLA only,Concordant Up,TRUE
NDUFA13,0.1274,1.0136,0.963957,0.018358,0.164468,Sig PLA only,Concordant Up,FALSE
ITGA6,-0.051,-1.0861,0.994604,0.027179,0.105776,Sig PLA only,Concordant Down,TRUE
PRXL2A,-0.0192,-1.1066,0.999403,0.028588,0.117933,Sig PLA only,Concordant Down,FALSE
ADHFE1,-0.1498,0.9645,0.955314,0.042173,0.064304,Sig PLA only,Discordant (CRE Down / PLA Up),TRUE
PAFAH1B2,-0.1725,-0.8917,0.893284,0.005399,0.146093,Sig PLA only,Concordant Down,TRUE
NDUFS5,0.0685,0.9777,0.990062,0.026244,0.148194,Sig PLA only,Concordant Up,FALSE
FAM162A,-0.004,1.0326,0.999966,0.009556,0.053943,Sig PLA only,Discordant (CRE Down / PLA Up),FALSE
RPL30,0.2126,0.8172,0.835892,0.015099,0.284374,Sig PLA only,Concordant Up,FALSE
NDUFA9,0.0606,0.9686,0.991115,0.013396,0.100782,Sig PLA only,Concordant Up,FALSE
SMS,0.0762,0.8978,0.983954,0.031476,0.150013,Sig PLA only,Concordant Up,TRUE
SOD1,-0.128,-0.8258,0.942046,0.011973,0.161054,Sig PLA only,Concordant Down,FALSE
SELENBP1,-0.0739,-0.8756,0.987109,0.040908,0.198706,Sig PLA only,Concordant Down,FALSE
UBE2D3,-0.1499,0.7955,0.936097,0.049937,0.058379,Sig PLA only,Discordant (CRE Down / PLA Up),FALSE
TMX4,-0.1633,-0.7381,0.886955,0.024593,0.268128,Sig PLA only,Concordant Down,TRUE
UQCR11,0.0666,0.8288,0.98897,0.047758,0.211963,Sig PLA only,Concordant Up,TRUE
CKM,-0.0359,0.8487,0.996998,0.046901,0.120976,Sig PLA only,Discordant (CRE Down / PLA Up),FALSE
DCUN1D1,-0.1155,-0.7667,0.953895,0.028716,0.221837,Sig PLA only,Concordant Down,TRUE
CAMK2D,0.1372,0.7392,0.915067,0.01077,0.181152,Sig PLA only,Concordant Up,FALSE
CYC1,-0.0133,0.8456,0.999549,0.028397,0.099964,Sig PLA only,Discordant (CRE Down / PLA Up),FALSE
PCYT1A,-0.0232,0.8325,0.998405,0.029098,0.079178,Sig PLA only,Discordant (CRE Down / PLA Up),TRUE
UBE3A,-0.0408,-0.7588,0.99235,0.028451,0.094697,Sig PLA only,Concordant Down,TRUE
DHRS7,0.1669,0.6015,0.839782,0.027669,0.363265,Sig PLA only,Concordant Up,FALSE
ME2,0.059,0.6889,0.987419,0.04566,0.206549,Sig PLA only,Concordant Up,FALSE
CNIH4,-0.0054,0.7277,0.999903,0.030225,0.102932,Sig PLA only,Discordant (CRE Down / PLA Up),TRUE
SCP2,0.0571,-0.6579,0.987448,0.042997,0.091161,Sig PLA only,Discordant (CRE Up / PLA Down),FALSE
RPS2,0.13,0.5375,0.887963,0.034763,0.344736,Sig PLA only,Concordant Up,FALSE
