replicate,null_frac
1,0.6062717770034843
2,0.6445993031358885
3,0.6655052264808362
4,0.6341463414634146
5,0.6480836236933798
6,0.5609756097560976
7,0.5958188153310104
8,0.5993031358885017
9,0.627177700348432
10,0.627177700348432
11,0.6550522648083623
12,0.6515679442508711
13,0.6132404181184669
14,0.662020905923345
15,0.6759581881533101
16,0.5958188153310104
17,0.662020905923345
18,0.6306620209059234
19,0.6027874564459931
20,0.6097560975609756
21,0.6898954703832753
22,0.6445993031358885
23,0.6097560975609756
24,0.6724738675958188
25,0.6515679442508711
26,0.662020905923345
27,0.627177700348432
28,0.5888501742160279
29,0.6376306620209059
30,0.6759581881533101
31,0.627177700348432
32,0.6202090592334495
33,0.6550522648083623
34,0.6097560975609756
35,0.6445993031358885
36,0.6411149825783972
37,0.6202090592334495
38,0.6480836236933798
39,0.6062717770034843
40,0.627177700348432
41,0.5958188153310104
42,0.6445993031358885
43,0.6236933797909407
44,0.6341463414634146
45,0.6202090592334495
46,0.6898954703832753
47,0.6655052264808362
48,0.6202090592334495
49,0.6306620209059234
50,0.6167247386759582
51,0.6167247386759582
52,0.6445993031358885
53,0.6480836236933798
54,0.6515679442508711
55,0.6411149825783972
56,0.6236933797909407
57,0.5888501742160279
58,0.6655052264808362
59,0.5749128919860628
60,0.6585365853658537
61,0.6132404181184669
62,0.7003484320557491
63,0.6027874564459931
64,0.6062717770034843
65,0.6236933797909407
66,0.6062717770034843
67,0.627177700348432
68,0.6132404181184669
69,0.6132404181184669
70,0.6759581881533101
71,0.627177700348432
72,0.6376306620209059
73,0.6167247386759582
74,0.6341463414634146
75,0.6027874564459931
76,0.6829268292682927
77,0.6376306620209059
78,0.662020905923345
79,0.6550522648083623
80,0.6689895470383276
81,0.6655052264808362
82,0.6167247386759582
83,0.6097560975609756
84,0.6515679442508711
85,0.6445993031358885
86,0.6480836236933798
87,0.6411149825783972
88,0.5923344947735192
89,0.6585365853658537
90,0.6376306620209059
91,0.6585365853658537
92,0.5644599303135889
93,0.6794425087108014
94,0.6341463414634146
95,0.6306620209059234
96,0.6445993031358885
97,0.6411149825783972
98,0.6724738675958188
99,0.6167247386759582
100,0.6376306620209059
101,0.6132404181184669
102,0.6445993031358885
103,0.662020905923345
104,0.5993031358885017
105,0.6411149825783972
106,0.5679442508710801
107,0.6236933797909407
108,0.6097560975609756
109,0.627177700348432
110,0.627177700348432
111,0.7038327526132404
112,0.6411149825783972
113,0.6376306620209059
114,0.6306620209059234
115,0.5923344947735192
116,0.6062717770034843
117,0.6341463414634146
118,0.6341463414634146
119,0.6550522648083623
120,0.6515679442508711
121,0.6167247386759582
122,0.6411149825783972
123,0.6655052264808362
124,0.6585365853658537
125,0.6585365853658537
126,0.6132404181184669
127,0.6376306620209059
128,0.6376306620209059
129,0.6933797909407665
130,0.6480836236933798
131,0.6097560975609756
132,0.6236933797909407
133,0.5958188153310104
134,0.6202090592334495
135,0.5749128919860628
136,0.6829268292682927
137,0.662020905923345
138,0.6829268292682927
139,0.6062717770034843
140,0.627177700348432
141,0.6655052264808362
142,0.6062717770034843
143,0.6097560975609756
144,0.6132404181184669
145,0.6306620209059234
146,0.6341463414634146
147,0.5818815331010453
148,0.6968641114982579
149,0.6376306620209059
150,0.6097560975609756
151,0.6202090592334495
152,0.6411149825783972
153,0.6236933797909407
154,0.662020905923345
155,0.6132404181184669
156,0.5993031358885017
157,0.6550522648083623
158,0.6341463414634146
159,0.6167247386759582
160,0.6515679442508711
161,0.6097560975609756
162,0.6655052264808362
163,0.5958188153310104
164,0.6341463414634146
165,0.6376306620209059
166,0.6550522648083623
167,0.6794425087108014
168,0.6724738675958188
169,0.6445993031358885
170,0.6097560975609756
171,0.6376306620209059
172,0.6027874564459931
173,0.6341463414634146
174,0.6027874564459931
175,0.6585365853658537
176,0.6794425087108014
177,0.6236933797909407
178,0.5993031358885017
179,0.5993031358885017
180,0.6480836236933798
181,0.5644599303135889
182,0.6341463414634146
183,0.6411149825783972
184,0.5923344947735192
185,0.6306620209059234
186,0.5714285714285714
187,0.686411149825784
188,0.6515679442508711
189,0.6097560975609756
190,0.6480836236933798
191,0.662020905923345
192,0.5993031358885017
193,0.6515679442508711
194,0.5958188153310104
195,0.6236933797909407
196,0.6167247386759582
197,0.662020905923345
198,0.6655052264808362
199,0.5888501742160279
200,0.662020905923345
201,0.6411149825783972
202,0.627177700348432
203,0.6202090592334495
204,0.6655052264808362
205,0.5993031358885017
206,0.6550522648083623
207,0.6306620209059234
208,0.6236933797909407
209,0.5993031358885017
210,0.6341463414634146
211,0.6550522648083623
212,0.6411149825783972
213,0.627177700348432
214,0.6376306620209059
215,0.662020905923345
216,0.6306620209059234
217,0.5958188153310104
218,0.6411149825783972
219,0.6550522648083623
220,0.6236933797909407
221,0.6376306620209059
222,0.6759581881533101
223,0.6376306620209059
224,0.6132404181184669
225,0.6445993031358885
226,0.6306620209059234
227,0.6236933797909407
228,0.6097560975609756
229,0.6167247386759582
230,0.6097560975609756
231,0.6655052264808362
232,0.5888501742160279
233,0.6515679442508711
234,0.6202090592334495
235,0.5993031358885017
236,0.662020905923345
237,0.6097560975609756
238,0.6062717770034843
239,0.6306620209059234
240,0.6445993031358885
241,0.6202090592334495
242,0.6480836236933798
243,0.6167247386759582
244,0.6480836236933798
245,0.6759581881533101
246,0.6411149825783972
247,0.627177700348432
248,0.6480836236933798
249,0.6724738675958188
250,0.6236933797909407
251,0.6376306620209059
252,0.6585365853658537
253,0.6515679442508711
254,0.627177700348432
255,0.6480836236933798
256,0.5958188153310104
257,0.627177700348432
258,0.6027874564459931
259,0.6097560975609756
260,0.6097560975609756
261,0.662020905923345
262,0.5993031358885017
263,0.6132404181184669
264,0.6480836236933798
265,0.6724738675958188
266,0.6411149825783972
267,0.6759581881533101
268,0.6480836236933798
269,0.6236933797909407
270,0.6480836236933798
271,0.6480836236933798
272,0.6306620209059234
273,0.6655052264808362
274,0.6411149825783972
275,0.6411149825783972
276,0.6689895470383276
277,0.6411149825783972
278,0.6202090592334495
279,0.6515679442508711
280,0.6132404181184669
281,0.6445993031358885
282,0.6097560975609756
283,0.6445993031358885
284,0.6306620209059234
285,0.6062717770034843
286,0.6376306620209059
287,0.5993031358885017
288,0.6550522648083623
289,0.5714285714285714
290,0.6306620209059234
291,0.6202090592334495
292,0.6097560975609756
293,0.6585365853658537
294,0.627177700348432
295,0.6202090592334495
296,0.6132404181184669
297,0.6341463414634146
298,0.6445993031358885
299,0.6550522648083623
300,0.6376306620209059
301,0.6202090592334495
302,0.6794425087108014
303,0.6306620209059234
304,0.6689895470383276
305,0.627177700348432
306,0.6236933797909407
307,0.6933797909407665
308,0.6515679442508711
309,0.6236933797909407
310,0.5818815331010453
311,0.6376306620209059
312,0.662020905923345
313,0.5923344947735192
314,0.6794425087108014
315,0.627177700348432
316,0.6306620209059234
317,0.6306620209059234
318,0.5993031358885017
319,0.6236933797909407
320,0.6515679442508711
321,0.6515679442508711
322,0.5993031358885017
323,0.627177700348432
324,0.6550522648083623
325,0.6097560975609756
326,0.6202090592334495
327,0.5923344947735192
328,0.6202090592334495
329,0.6202090592334495
330,0.6376306620209059
331,0.5888501742160279
332,0.6655052264808362
333,0.5993031358885017
334,0.6306620209059234
335,0.6655052264808362
336,0.6097560975609756
337,0.6097560975609756
338,0.662020905923345
339,0.6480836236933798
340,0.6550522648083623
341,0.5993031358885017
342,0.6097560975609756
343,0.6480836236933798
344,0.5888501742160279
345,0.662020905923345
346,0.5888501742160279
347,0.6445993031358885
348,0.6132404181184669
349,0.662020905923345
350,0.6341463414634146
351,0.662020905923345
352,0.6655052264808362
353,0.686411149825784
354,0.6341463414634146
355,0.6445993031358885
356,0.6515679442508711
357,0.627177700348432
358,0.5749128919860628
359,0.627177700348432
360,0.578397212543554
361,0.627177700348432
362,0.627177700348432
363,0.627177700348432
364,0.5818815331010453
365,0.5853658536585366
366,0.6376306620209059
367,0.6306620209059234
368,0.6132404181184669
369,0.6411149825783972
370,0.578397212543554
371,0.627177700348432
372,0.6411149825783972
373,0.6655052264808362
374,0.6515679442508711
375,0.6097560975609756
376,0.6445993031358885
377,0.5958188153310104
378,0.6445993031358885
379,0.5958188153310104
380,0.6655052264808362
381,0.6794425087108014
382,0.6655052264808362
383,0.6585365853658537
384,0.662020905923345
385,0.627177700348432
386,0.5923344947735192
387,0.6097560975609756
388,0.627177700348432
389,0.6376306620209059
390,0.6689895470383276
391,0.6411149825783972
392,0.6306620209059234
393,0.6655052264808362
394,0.6097560975609756
395,0.6132404181184669
396,0.6411149825783972
397,0.6027874564459931
398,0.6236933797909407
399,0.6794425087108014
400,0.6167247386759582
401,0.6132404181184669
402,0.6027874564459931
403,0.662020905923345
404,0.6341463414634146
405,0.6167247386759582
406,0.6027874564459931
407,0.6306620209059234
408,0.6341463414634146
409,0.6167247386759582
410,0.627177700348432
411,0.6341463414634146
412,0.5679442508710801
413,0.6306620209059234
414,0.6445993031358885
415,0.6167247386759582
416,0.6341463414634146
417,0.6585365853658537
418,0.5993031358885017
419,0.6132404181184669
420,0.6097560975609756
421,0.6515679442508711
422,0.6202090592334495
423,0.6062717770034843
424,0.6655052264808362
425,0.6062717770034843
426,0.6411149825783972
427,0.5923344947735192
428,0.6550522648083623
429,0.6341463414634146
430,0.6202090592334495
431,0.6062717770034843
432,0.5958188153310104
433,0.6550522648083623
434,0.6027874564459931
435,0.6585365853658537
436,0.5888501742160279
437,0.6202090592334495
438,0.6236933797909407
439,0.6236933797909407
440,0.6097560975609756
441,0.6132404181184669
442,0.6132404181184669
443,0.6202090592334495
444,0.6236933797909407
445,0.686411149825784
446,0.627177700348432
447,0.662020905923345
448,0.6167247386759582
449,0.627177700348432
450,0.6445993031358885
451,0.6655052264808362
452,0.6236933797909407
453,0.6689895470383276
454,0.6411149825783972
455,0.627177700348432
456,0.6306620209059234
457,0.6132404181184669
458,0.6027874564459931
459,0.627177700348432
460,0.5888501742160279
461,0.5853658536585366
462,0.6132404181184669
463,0.5888501742160279
464,0.6724738675958188
465,0.6202090592334495
466,0.6236933797909407
467,0.6480836236933798
468,0.6689895470383276
469,0.6515679442508711
470,0.6236933797909407
471,0.6306620209059234
472,0.6480836236933798
473,0.6585365853658537
474,0.6341463414634146
475,0.6480836236933798
476,0.6445993031358885
477,0.6341463414634146
478,0.6167247386759582
479,0.6933797909407665
480,0.627177700348432
481,0.6445993031358885
482,0.6341463414634146
483,0.6480836236933798
484,0.6515679442508711
485,0.6411149825783972
486,0.6167247386759582
487,0.627177700348432
488,0.6689895470383276
489,0.5888501742160279
490,0.6097560975609756
491,0.5749128919860628
492,0.5923344947735192
493,0.5679442508710801
494,0.6585365853658537
495,0.554006968641115
496,0.6167247386759582
497,0.6376306620209059
498,0.6480836236933798
499,0.5749128919860628
500,0.6236933797909407
501,0.6167247386759582
502,0.6515679442508711
503,0.6341463414634146
504,0.6376306620209059
505,0.7003484320557491
506,0.6411149825783972
507,0.686411149825784
508,0.5714285714285714
509,0.6236933797909407
510,0.6759581881533101
511,0.6515679442508711
512,0.6236933797909407
513,0.6376306620209059
514,0.6724738675958188
515,0.6167247386759582
516,0.6341463414634146
517,0.6306620209059234
518,0.6411149825783972
519,0.6515679442508711
520,0.6445993031358885
521,0.6306620209059234
522,0.6202090592334495
523,0.5923344947735192
524,0.6167247386759582
525,0.5993031358885017
526,0.6550522648083623
527,0.6341463414634146
528,0.6236933797909407
529,0.6376306620209059
530,0.6550522648083623
531,0.6236933797909407
532,0.6132404181184669
533,0.6445993031358885
534,0.627177700348432
535,0.6933797909407665
536,0.6585365853658537
537,0.627177700348432
538,0.6689895470383276
539,0.5679442508710801
540,0.6202090592334495
541,0.5749128919860628
542,0.6550522648083623
543,0.6132404181184669
544,0.6411149825783972
545,0.6132404181184669
546,0.6341463414634146
547,0.6341463414634146
548,0.6132404181184669
549,0.5993031358885017
550,0.6376306620209059
551,0.6097560975609756
552,0.6794425087108014
553,0.6376306620209059
554,0.6097560975609756
555,0.6027874564459931
556,0.6132404181184669
557,0.6027874564459931
558,0.6585365853658537
559,0.6480836236933798
560,0.5853658536585366
561,0.6655052264808362
562,0.6167247386759582
563,0.6411149825783972
564,0.6585365853658537
565,0.6933797909407665
566,0.6411149825783972
567,0.627177700348432
568,0.6341463414634146
569,0.662020905923345
570,0.6376306620209059
571,0.6480836236933798
572,0.6306620209059234
573,0.6167247386759582
574,0.6411149825783972
575,0.6480836236933798
576,0.6898954703832753
577,0.6480836236933798
578,0.6759581881533101
579,0.6585365853658537
580,0.6236933797909407
581,0.5958188153310104
582,0.6585365853658537
583,0.6341463414634146
584,0.6097560975609756
585,0.6236933797909407
586,0.6341463414634146
587,0.5958188153310104
588,0.6236933797909407
589,0.6376306620209059
590,0.6689895470383276
591,0.6480836236933798
592,0.6132404181184669
593,0.6236933797909407
594,0.6062717770034843
595,0.662020905923345
596,0.6132404181184669
597,0.6097560975609756
598,0.627177700348432
599,0.6550522648083623
600,0.627177700348432
601,0.6585365853658537
602,0.6480836236933798
603,0.6550522648083623
604,0.6167247386759582
605,0.5505226480836237
606,0.6445993031358885
607,0.6550522648083623
608,0.6550522648083623
609,0.5923344947735192
610,0.627177700348432
611,0.6306620209059234
612,0.6341463414634146
613,0.6132404181184669
614,0.5923344947735192
615,0.6167247386759582
616,0.6097560975609756
617,0.627177700348432
618,0.6132404181184669
619,0.6411149825783972
620,0.5958188153310104
621,0.6445993031358885
622,0.6480836236933798
623,0.6445993031358885
624,0.6411149825783972
625,0.6027874564459931
626,0.5853658536585366
627,0.6480836236933798
628,0.5993031358885017
629,0.6236933797909407
630,0.5958188153310104
631,0.6062717770034843
632,0.6480836236933798
633,0.6480836236933798
634,0.6306620209059234
635,0.6968641114982579
636,0.6376306620209059
637,0.6097560975609756
638,0.6689895470383276
639,0.6306620209059234
640,0.6027874564459931
641,0.6306620209059234
642,0.6411149825783972
643,0.6411149825783972
644,0.6445993031358885
645,0.6376306620209059
646,0.6585365853658537
647,0.6306620209059234
648,0.6306620209059234
649,0.5923344947735192
650,0.6411149825783972
651,0.6411149825783972
652,0.6341463414634146
653,0.627177700348432
654,0.627177700348432
655,0.6236933797909407
656,0.6515679442508711
657,0.6236933797909407
658,0.6480836236933798
659,0.6689895470383276
660,0.5749128919860628
661,0.6898954703832753
662,0.6027874564459931
663,0.6062717770034843
664,0.6306620209059234
665,0.6341463414634146
666,0.6480836236933798
667,0.6202090592334495
668,0.6027874564459931
669,0.6898954703832753
670,0.5993031358885017
671,0.6689895470383276
672,0.6724738675958188
673,0.6724738675958188
674,0.6306620209059234
675,0.6097560975609756
676,0.6236933797909407
677,0.627177700348432
678,0.627177700348432
679,0.6655052264808362
680,0.6062717770034843
681,0.6689895470383276
682,0.6097560975609756
683,0.6445993031358885
684,0.5818815331010453
685,0.6585365853658537
686,0.627177700348432
687,0.6376306620209059
688,0.627177700348432
689,0.6759581881533101
690,0.6202090592334495
691,0.5609756097560976
692,0.5574912891986062
693,0.6515679442508711
694,0.6236933797909407
695,0.6411149825783972
696,0.6445993031358885
697,0.6306620209059234
698,0.6550522648083623
699,0.6341463414634146
700,0.6132404181184669
701,0.662020905923345
702,0.6202090592334495
703,0.6550522648083623
704,0.6027874564459931
705,0.6306620209059234
706,0.6445993031358885
707,0.6655052264808362
708,0.6411149825783972
709,0.6167247386759582
710,0.6097560975609756
711,0.6236933797909407
712,0.662020905923345
713,0.6202090592334495
714,0.6167247386759582
715,0.6097560975609756
716,0.627177700348432
717,0.6480836236933798
718,0.6341463414634146
719,0.6445993031358885
720,0.6306620209059234
721,0.6236933797909407
722,0.7003484320557491
723,0.6411149825783972
724,0.6585365853658537
725,0.6376306620209059
726,0.6132404181184669
727,0.6655052264808362
728,0.6585365853658537
729,0.6167247386759582
730,0.5888501742160279
731,0.578397212543554
732,0.6515679442508711
733,0.6341463414634146
734,0.6376306620209059
735,0.662020905923345
736,0.6480836236933798
737,0.6515679442508711
738,0.6898954703832753
739,0.6097560975609756
740,0.5888501742160279
741,0.6202090592334495
742,0.6480836236933798
743,0.627177700348432
744,0.6132404181184669
745,0.6236933797909407
746,0.6027874564459931
747,0.627177700348432
748,0.6306620209059234
749,0.5993031358885017
750,0.6933797909407665
751,0.6306620209059234
752,0.6585365853658537
753,0.6376306620209059
754,0.6585365853658537
755,0.6202090592334495
756,0.6202090592334495
757,0.5853658536585366
758,0.6027874564459931
759,0.6550522648083623
760,0.627177700348432
761,0.6376306620209059
762,0.6236933797909407
763,0.6306620209059234
764,0.6724738675958188
765,0.6027874564459931
766,0.6027874564459931
767,0.6515679442508711
768,0.6027874564459931
769,0.6341463414634146
770,0.5958188153310104
771,0.6167247386759582
772,0.5993031358885017
773,0.6341463414634146
774,0.6480836236933798
775,0.6550522648083623
776,0.6027874564459931
777,0.5993031358885017
778,0.6655052264808362
779,0.6062717770034843
780,0.6411149825783972
781,0.6794425087108014
782,0.6236933797909407
783,0.6445993031358885
784,0.662020905923345
785,0.6097560975609756
786,0.6585365853658537
787,0.5609756097560976
788,0.6132404181184669
789,0.6585365853658537
790,0.5853658536585366
791,0.6376306620209059
792,0.6202090592334495
793,0.6236933797909407
794,0.6550522648083623
795,0.6445993031358885
796,0.662020905923345
797,0.6167247386759582
798,0.6794425087108014
799,0.6585365853658537
800,0.6341463414634146
801,0.662020905923345
802,0.6515679442508711
803,0.6167247386759582
804,0.5923344947735192
805,0.6585365853658537
806,0.662020905923345
807,0.6550522648083623
808,0.6550522648083623
809,0.627177700348432
810,0.6585365853658537
811,0.6376306620209059
812,0.6550522648083623
813,0.6445993031358885
814,0.6341463414634146
815,0.662020905923345
816,0.6236933797909407
817,0.662020905923345
818,0.6062717770034843
819,0.6306620209059234
820,0.6236933797909407
821,0.6341463414634146
822,0.6480836236933798
823,0.6202090592334495
824,0.6062717770034843
825,0.5818815331010453
826,0.6411149825783972
827,0.6341463414634146
828,0.6411149825783972
829,0.6027874564459931
830,0.6376306620209059
831,0.6306620209059234
832,0.6794425087108014
833,0.6236933797909407
834,0.6132404181184669
835,0.6167247386759582
836,0.5714285714285714
837,0.5993031358885017
838,0.6550522648083623
839,0.6689895470383276
840,0.6655052264808362
841,0.578397212543554
842,0.6202090592334495
843,0.627177700348432
844,0.5923344947735192
845,0.6097560975609756
846,0.6097560975609756
847,0.6027874564459931
848,0.6480836236933798
849,0.6027874564459931
850,0.6480836236933798
851,0.6202090592334495
852,0.6236933797909407
853,0.662020905923345
854,0.6655052264808362
855,0.6236933797909407
856,0.6515679442508711
857,0.6132404181184669
858,0.6167247386759582
859,0.6515679442508711
860,0.6445993031358885
861,0.5818815331010453
862,0.6724738675958188
863,0.5853658536585366
864,0.6480836236933798
865,0.6376306620209059
866,0.686411149825784
867,0.6794425087108014
868,0.6655052264808362
869,0.6376306620209059
870,0.6306620209059234
871,0.6376306620209059
872,0.6236933797909407
873,0.6167247386759582
874,0.6132404181184669
875,0.6445993031358885
876,0.6376306620209059
877,0.6585365853658537
878,0.6445993031358885
879,0.6202090592334495
880,0.6759581881533101
881,0.6411149825783972
882,0.6062717770034843
883,0.6202090592334495
884,0.6445993031358885
885,0.6097560975609756
886,0.5958188153310104
887,0.5958188153310104
888,0.6167247386759582
889,0.5993031358885017
890,0.5958188153310104
891,0.6132404181184669
892,0.6411149825783972
893,0.6411149825783972
894,0.6062717770034843
895,0.662020905923345
896,0.6445993031358885
897,0.5923344947735192
898,0.5853658536585366
899,0.6236933797909407
900,0.6097560975609756
901,0.6341463414634146
902,0.6480836236933798
903,0.6306620209059234
904,0.6306620209059234
905,0.6236933797909407
906,0.627177700348432
907,0.6306620209059234
908,0.6132404181184669
909,0.6306620209059234
910,0.6376306620209059
911,0.6376306620209059
912,0.6202090592334495
913,0.554006968641115
914,0.6341463414634146
915,0.6027874564459931
916,0.6097560975609756
917,0.6515679442508711
918,0.6062717770034843
919,0.6167247386759582
920,0.6027874564459931
921,0.6167247386759582
922,0.6167247386759582
923,0.6097560975609756
924,0.6411149825783972
925,0.6167247386759582
926,0.6062717770034843
927,0.6480836236933798
928,0.627177700348432
929,0.6097560975609756
930,0.6132404181184669
931,0.627177700348432
932,0.6236933797909407
933,0.6236933797909407
934,0.6724738675958188
935,0.6062717770034843
936,0.6132404181184669
937,0.6655052264808362
938,0.6236933797909407
939,0.6306620209059234
940,0.6585365853658537
941,0.6445993031358885
942,0.627177700348432
943,0.627177700348432
944,0.6550522648083623
945,0.6306620209059234
946,0.6132404181184669
947,0.627177700348432
948,0.5888501742160279
949,0.6445993031358885
950,0.5993031358885017
951,0.6655052264808362
952,0.6167247386759582
953,0.6097560975609756
954,0.6202090592334495
955,0.6132404181184669
956,0.6585365853658537
957,0.6689895470383276
958,0.6306620209059234
959,0.6480836236933798
960,0.6445993031358885
961,0.5923344947735192
962,0.7073170731707317
963,0.6515679442508711
964,0.6480836236933798
965,0.6689895470383276
966,0.6132404181184669
967,0.5714285714285714
968,0.6376306620209059
969,0.6445993031358885
970,0.578397212543554
971,0.6132404181184669
972,0.6236933797909407
973,0.6585365853658537
974,0.6341463414634146
975,0.6689895470383276
976,0.627177700348432
977,0.6515679442508711
978,0.6306620209059234
979,0.6515679442508711
980,0.6376306620209059
981,0.6202090592334495
982,0.627177700348432
983,0.6829268292682927
984,0.6341463414634146
985,0.6550522648083623
986,0.6062717770034843
987,0.6445993031358885
988,0.6341463414634146
989,0.6306620209059234
990,0.6480836236933798
991,0.6550522648083623
992,0.6376306620209059
993,0.6689895470383276
994,0.6550522648083623
995,0.6376306620209059
996,0.5749128919860628
997,0.6236933797909407
998,0.6411149825783972
999,0.6515679442508711
1000,0.6550522648083623
1001,0.6132404181184669
1002,0.6585365853658537
1003,0.627177700348432
1004,0.6132404181184669
1005,0.6550522648083623
1006,0.6236933797909407
1007,0.6411149825783972
1008,0.5714285714285714
1009,0.627177700348432
1010,0.6167247386759582
1011,0.5958188153310104
1012,0.6376306620209059
1013,0.6341463414634146
1014,0.6062717770034843
1015,0.627177700348432
1016,0.6515679442508711
1017,0.6097560975609756
1018,0.6376306620209059
1019,0.5818815331010453
1020,0.6167247386759582
1021,0.5853658536585366
1022,0.6550522648083623
1023,0.5888501742160279
1024,0.6724738675958188
1025,0.6132404181184669
1026,0.6341463414634146
1027,0.6202090592334495
1028,0.6515679442508711
1029,0.6167247386759582
1030,0.6132404181184669
1031,0.6550522648083623
1032,0.6515679442508711
1033,0.6376306620209059
1034,0.6515679442508711
1035,0.6167247386759582
1036,0.6550522648083623
1037,0.6202090592334495
1038,0.5574912891986062
1039,0.6167247386759582
1040,0.662020905923345
1041,0.627177700348432
1042,0.5818815331010453
1043,0.6794425087108014
1044,0.6550522648083623
1045,0.6097560975609756
1046,0.6794425087108014
1047,0.6480836236933798
1048,0.6306620209059234
1049,0.6550522648083623
1050,0.662020905923345
1051,0.6202090592334495
1052,0.6306620209059234
1053,0.6306620209059234
1054,0.6689895470383276
1055,0.5993031358885017
1056,0.6202090592334495
1057,0.6236933797909407
1058,0.6445993031358885
1059,0.6515679442508711
1060,0.6480836236933798
1061,0.6480836236933798
1062,0.6480836236933798
1063,0.6341463414634146
1064,0.6585365853658537
1065,0.6411149825783972
1066,0.6445993031358885
1067,0.6689895470383276
1068,0.6132404181184669
1069,0.5993031358885017
1070,0.662020905923345
1071,0.6898954703832753
1072,0.6236933797909407
1073,0.6759581881533101
1074,0.6341463414634146
1075,0.6585365853658537
1076,0.6759581881533101
1077,0.6341463414634146
1078,0.6550522648083623
1079,0.6202090592334495
1080,0.6341463414634146
1081,0.6898954703832753
1082,0.6341463414634146
1083,0.6132404181184669
1084,0.6167247386759582
1085,0.5888501742160279
1086,0.6445993031358885
1087,0.5958188153310104
1088,0.5679442508710801
1089,0.6062717770034843
1090,0.6376306620209059
1091,0.627177700348432
1092,0.6376306620209059
1093,0.6027874564459931
1094,0.6062717770034843
1095,0.6376306620209059
1096,0.6655052264808362
1097,0.5958188153310104
1098,0.5853658536585366
1099,0.6550522648083623
1100,0.6585365853658537
1101,0.6515679442508711
1102,0.6376306620209059
1103,0.5818815331010453
1104,0.5888501742160279
1105,0.6515679442508711
1106,0.6167247386759582
1107,0.6376306620209059
1108,0.6585365853658537
1109,0.5888501742160279
1110,0.6968641114982579
1111,0.6515679442508711
1112,0.627177700348432
1113,0.6515679442508711
1114,0.686411149825784
1115,0.6167247386759582
1116,0.6550522648083623
1117,0.6411149825783972
1118,0.6306620209059234
1119,0.6341463414634146
1120,0.6480836236933798
1121,0.6550522648083623
1122,0.686411149825784
1123,0.6480836236933798
1124,0.6445993031358885
1125,0.5888501742160279
1126,0.662020905923345
1127,0.6097560975609756
1128,0.6167247386759582
1129,0.578397212543554
1130,0.6550522648083623
1131,0.6550522648083623
1132,0.6445993031358885
1133,0.6341463414634146
1134,0.5993031358885017
1135,0.6306620209059234
1136,0.6480836236933798
1137,0.6027874564459931
1138,0.6585365853658537
1139,0.6062717770034843
1140,0.6236933797909407
1141,0.6724738675958188
1142,0.6097560975609756
1143,0.6689895470383276
1144,0.5958188153310104
1145,0.6724738675958188
1146,0.6480836236933798
1147,0.6202090592334495
1148,0.627177700348432
1149,0.6411149825783972
1150,0.6480836236933798
1151,0.6794425087108014
1152,0.6585365853658537
1153,0.5958188153310104
1154,0.6062717770034843
1155,0.6480836236933798
1156,0.6585365853658537
1157,0.6202090592334495
1158,0.6550522648083623
1159,0.5993031358885017
1160,0.5749128919860628
1161,0.5818815331010453
1162,0.627177700348432
1163,0.6306620209059234
1164,0.662020905923345
1165,0.6411149825783972
1166,0.6689895470383276
1167,0.6062717770034843
1168,0.6933797909407665
1169,0.6097560975609756
1170,0.5958188153310104
1171,0.6445993031358885
1172,0.5958188153310104
1173,0.6306620209059234
1174,0.6585365853658537
1175,0.6898954703832753
1176,0.6202090592334495
1177,0.6062717770034843
1178,0.6585365853658537
1179,0.5853658536585366
1180,0.6585365853658537
1181,0.6515679442508711
1182,0.6655052264808362
1183,0.5958188153310104
1184,0.6236933797909407
1185,0.6236933797909407
1186,0.6167247386759582
1187,0.6236933797909407
1188,0.6515679442508711
1189,0.6445993031358885
1190,0.6550522648083623
1191,0.5818815331010453
1192,0.6306620209059234
1193,0.6167247386759582
1194,0.6341463414634146
1195,0.6515679442508711
1196,0.6097560975609756
1197,0.6759581881533101
1198,0.6655052264808362
1199,0.6445993031358885
1200,0.6062717770034843
1201,0.6097560975609756
1202,0.627177700348432
1203,0.6341463414634146
1204,0.6132404181184669
1205,0.6376306620209059
1206,0.6480836236933798
1207,0.6480836236933798
1208,0.6445993031358885
1209,0.6306620209059234
1210,0.5818815331010453
1211,0.6062717770034843
1212,0.6724738675958188
1213,0.6236933797909407
1214,0.6132404181184669
1215,0.5853658536585366
1216,0.6550522648083623
1217,0.6306620209059234
1218,0.6585365853658537
1219,0.5749128919860628
1220,0.5958188153310104
1221,0.6341463414634146
1222,0.6759581881533101
1223,0.686411149825784
1224,0.662020905923345
1225,0.662020905923345
1226,0.6236933797909407
1227,0.6062717770034843
1228,0.578397212543554
1229,0.6306620209059234
1230,0.6097560975609756
1231,0.6585365853658537
1232,0.6341463414634146
1233,0.6306620209059234
1234,0.6445993031358885
1235,0.6167247386759582
1236,0.6236933797909407
1237,0.6202090592334495
1238,0.6202090592334495
1239,0.6202090592334495
1240,0.6376306620209059
1241,0.6550522648083623
1242,0.6167247386759582
1243,0.5958188153310104
1244,0.5818815331010453
1245,0.6132404181184669
1246,0.662020905923345
1247,0.6132404181184669
1248,0.6062717770034843
1249,0.6341463414634146
1250,0.6202090592334495
1251,0.6655052264808362
1252,0.6202090592334495
1253,0.6376306620209059
1254,0.6132404181184669
1255,0.6515679442508711
1256,0.6480836236933798
1257,0.6411149825783972
1258,0.6480836236933798
1259,0.6376306620209059
1260,0.6376306620209059
1261,0.6724738675958188
1262,0.6445993031358885
1263,0.6550522648083623
1264,0.6411149825783972
1265,0.6027874564459931
1266,0.5958188153310104
1267,0.6550522648083623
1268,0.6480836236933798
1269,0.6376306620209059
1270,0.5644599303135889
1271,0.6097560975609756
1272,0.627177700348432
1273,0.6445993031358885
1274,0.6236933797909407
1275,0.6445993031358885
1276,0.6306620209059234
1277,0.6132404181184669
1278,0.6027874564459931
1279,0.5888501742160279
1280,0.627177700348432
1281,0.6202090592334495
1282,0.6550522648083623
1283,0.5958188153310104
1284,0.6167247386759582
1285,0.6376306620209059
1286,0.6585365853658537
1287,0.6445993031358885
1288,0.5853658536585366
1289,0.6062717770034843
1290,0.6341463414634146
1291,0.6062717770034843
1292,0.6376306620209059
1293,0.6376306620209059
1294,0.6724738675958188
1295,0.6445993031358885
1296,0.6341463414634146
1297,0.6027874564459931
1298,0.6097560975609756
1299,0.6550522648083623
1300,0.6445993031358885
1301,0.6062717770034843
1302,0.627177700348432
1303,0.6202090592334495
1304,0.6306620209059234
1305,0.6132404181184669
1306,0.6724738675958188
1307,0.6445993031358885
1308,0.5993031358885017
1309,0.6550522648083623
1310,0.6132404181184669
1311,0.6480836236933798
1312,0.6411149825783972
1313,0.686411149825784
1314,0.627177700348432
1315,0.6167247386759582
1316,0.6655052264808362
1317,0.6515679442508711
1318,0.6062717770034843
1319,0.6724738675958188
1320,0.6306620209059234
1321,0.6341463414634146
1322,0.627177700348432
1323,0.6480836236933798
1324,0.6480836236933798
1325,0.6550522648083623
1326,0.6376306620209059
1327,0.6480836236933798
1328,0.6759581881533101
1329,0.6167247386759582
1330,0.6306620209059234
1331,0.6132404181184669
1332,0.6097560975609756
1333,0.6341463414634146
1334,0.5923344947735192
1335,0.6445993031358885
1336,0.6132404181184669
1337,0.5888501742160279
1338,0.6480836236933798
1339,0.6480836236933798
1340,0.6132404181184669
1341,0.6411149825783972
1342,0.6759581881533101
1343,0.6341463414634146
1344,0.6097560975609756
1345,0.6411149825783972
1346,0.6236933797909407
1347,0.6550522648083623
1348,0.6376306620209059
1349,0.6550522648083623
1350,0.6515679442508711
1351,0.6515679442508711
1352,0.627177700348432
1353,0.6759581881533101
1354,0.6167247386759582
1355,0.6515679442508711
1356,0.6306620209059234
1357,0.6027874564459931
1358,0.5923344947735192
1359,0.6480836236933798
1360,0.6167247386759582
1361,0.662020905923345
1362,0.6655052264808362
1363,0.6341463414634146
1364,0.6236933797909407
1365,0.6132404181184669
1366,0.6167247386759582
1367,0.6689895470383276
1368,0.6202090592334495
1369,0.6027874564459931
1370,0.6445993031358885
1371,0.6236933797909407
1372,0.5993031358885017
1373,0.6236933797909407
1374,0.6097560975609756
1375,0.6655052264808362
1376,0.6411149825783972
1377,0.6167247386759582
1378,0.662020905923345
1379,0.5888501742160279
1380,0.6341463414634146
1381,0.6306620209059234
1382,0.6236933797909407
1383,0.6585365853658537
1384,0.6550522648083623
1385,0.6515679442508711
1386,0.578397212543554
1387,0.6445993031358885
1388,0.6167247386759582
1389,0.6411149825783972
1390,0.6132404181184669
1391,0.6167247386759582
1392,0.6306620209059234
1393,0.5993031358885017
1394,0.6515679442508711
1395,0.686411149825784
1396,0.6132404181184669
1397,0.6480836236933798
1398,0.6724738675958188
1399,0.6306620209059234
1400,0.6132404181184669
1401,0.6062717770034843
1402,0.6062717770034843
1403,0.6132404181184669
1404,0.5923344947735192
1405,0.6376306620209059
1406,0.6132404181184669
1407,0.6202090592334495
1408,0.6585365853658537
1409,0.6480836236933798
1410,0.5853658536585366
1411,0.6794425087108014
1412,0.6445993031358885
1413,0.6376306620209059
1414,0.627177700348432
1415,0.6655052264808362
1416,0.6445993031358885
1417,0.6585365853658537
1418,0.6445993031358885
1419,0.6445993031358885
1420,0.6236933797909407
1421,0.6202090592334495
1422,0.6480836236933798
1423,0.6236933797909407
1424,0.6376306620209059
1425,0.6445993031358885
1426,0.6655052264808362
1427,0.6167247386759582
1428,0.627177700348432
1429,0.6306620209059234
1430,0.5958188153310104
1431,0.5888501742160279
1432,0.6968641114982579
1433,0.6376306620209059
1434,0.5818815331010453
1435,0.5714285714285714
1436,0.5714285714285714
1437,0.5923344947735192
1438,0.6515679442508711
1439,0.5888501742160279
1440,0.6236933797909407
1441,0.6167247386759582
1442,0.5853658536585366
1443,0.6306620209059234
1444,0.6097560975609756
1445,0.6097560975609756
1446,0.5888501742160279
1447,0.6341463414634146
1448,0.6341463414634146
1449,0.5993031358885017
1450,0.6236933797909407
1451,0.6341463414634146
1452,0.6306620209059234
1453,0.6689895470383276
1454,0.6306620209059234
1455,0.6445993031358885
1456,0.5714285714285714
1457,0.6480836236933798
1458,0.6376306620209059
1459,0.6132404181184669
1460,0.6167247386759582
1461,0.6132404181184669
1462,0.5853658536585366
1463,0.6062717770034843
1464,0.6202090592334495
1465,0.6585365853658537
1466,0.6724738675958188
1467,0.6341463414634146
1468,0.6236933797909407
1469,0.6306620209059234
1470,0.6585365853658537
1471,0.6585365853658537
1472,0.6515679442508711
1473,0.6376306620209059
1474,0.6724738675958188
1475,0.6411149825783972
1476,0.6236933797909407
1477,0.6445993031358885
1478,0.627177700348432
1479,0.6132404181184669
1480,0.6132404181184669
1481,0.6445993031358885
1482,0.5888501742160279
1483,0.6341463414634146
1484,0.627177700348432
1485,0.6515679442508711
1486,0.6341463414634146
1487,0.6515679442508711
1488,0.6341463414634146
1489,0.6376306620209059
1490,0.6132404181184669
1491,0.6376306620209059
1492,0.6236933797909407
1493,0.6132404181184669
1494,0.6236933797909407
1495,0.662020905923345
1496,0.6341463414634146
1497,0.6411149825783972
1498,0.6306620209059234
1499,0.6341463414634146
1500,0.6341463414634146
1501,0.6585365853658537
1502,0.6933797909407665
1503,0.6236933797909407
1504,0.6062717770034843
1505,0.6236933797909407
1506,0.6027874564459931
1507,0.6341463414634146
1508,0.6515679442508711
1509,0.662020905923345
1510,0.5818815331010453
1511,0.5888501742160279
1512,0.6132404181184669
1513,0.6480836236933798
1514,0.662020905923345
1515,0.5958188153310104
1516,0.5958188153310104
1517,0.6655052264808362
1518,0.6306620209059234
1519,0.6097560975609756
1520,0.6097560975609756
1521,0.6724738675958188
1522,0.6236933797909407
1523,0.6480836236933798
1524,0.6515679442508711
1525,0.6341463414634146
1526,0.6445993031358885
1527,0.6097560975609756
1528,0.662020905923345
1529,0.6550522648083623
1530,0.6306620209059234
1531,0.6027874564459931
1532,0.6480836236933798
1533,0.6550522648083623
1534,0.627177700348432
1535,0.5818815331010453
1536,0.6167247386759582
1537,0.5923344947735192
1538,0.5888501742160279
1539,0.6759581881533101
1540,0.6027874564459931
1541,0.5818815331010453
1542,0.6445993031358885
1543,0.6062717770034843
1544,0.6132404181184669
1545,0.6167247386759582
1546,0.5993031358885017
1547,0.6480836236933798
1548,0.6550522648083623
1549,0.6236933797909407
1550,0.6480836236933798
1551,0.6027874564459931
1552,0.6689895470383276
1553,0.5993031358885017
1554,0.6097560975609756
1555,0.6724738675958188
1556,0.6097560975609756
1557,0.6411149825783972
1558,0.6585365853658537
1559,0.6236933797909407
1560,0.6445993031358885
1561,0.5644599303135889
1562,0.6097560975609756
1563,0.6550522648083623
1564,0.686411149825784
1565,0.6550522648083623
1566,0.6236933797909407
1567,0.6794425087108014
1568,0.6027874564459931
1569,0.5993031358885017
1570,0.6515679442508711
1571,0.6341463414634146
1572,0.6097560975609756
1573,0.6550522648083623
1574,0.6202090592334495
1575,0.6306620209059234
1576,0.6445993031358885
1577,0.6236933797909407
1578,0.6167247386759582
1579,0.6062717770034843
1580,0.6236933797909407
1581,0.6202090592334495
1582,0.6097560975609756
1583,0.6445993031358885
1584,0.6062717770034843
1585,0.6724738675958188
1586,0.6202090592334495
1587,0.6655052264808362
1588,0.6655052264808362
1589,0.6550522648083623
1590,0.6829268292682927
1591,0.6689895470383276
1592,0.5958188153310104
1593,0.6236933797909407
1594,0.6062717770034843
1595,0.627177700348432
1596,0.6167247386759582
1597,0.6202090592334495
1598,0.627177700348432
1599,0.6202090592334495
1600,0.6236933797909407
1601,0.6306620209059234
1602,0.6759581881533101
1603,0.6655052264808362
1604,0.627177700348432
1605,0.5749128919860628
1606,0.6550522648083623
1607,0.6027874564459931
1608,0.6411149825783972
1609,0.6097560975609756
1610,0.5644599303135889
1611,0.6585365853658537
1612,0.6515679442508711
1613,0.6689895470383276
1614,0.6689895470383276
1615,0.627177700348432
1616,0.6689895470383276
1617,0.6480836236933798
1618,0.6167247386759582
1619,0.6759581881533101
1620,0.6898954703832753
1621,0.5993031358885017
1622,0.6167247386759582
1623,0.6167247386759582
1624,0.6829268292682927
1625,0.6480836236933798
1626,0.627177700348432
1627,0.6376306620209059
1628,0.627177700348432
1629,0.5818815331010453
1630,0.6445993031358885
1631,0.7003484320557491
1632,0.6062717770034843
1633,0.686411149825784
1634,0.5923344947735192
1635,0.5888501742160279
1636,0.6062717770034843
1637,0.6445993031358885
1638,0.6376306620209059
1639,0.6062717770034843
1640,0.6062717770034843
1641,0.6097560975609756
1642,0.6097560975609756
1643,0.5993031358885017
1644,0.6132404181184669
1645,0.6236933797909407
1646,0.578397212543554
1647,0.6167247386759582
1648,0.6411149825783972
1649,0.627177700348432
1650,0.6480836236933798
1651,0.6585365853658537
1652,0.6341463414634146
1653,0.6550522648083623
1654,0.6167247386759582
1655,0.6097560975609756
1656,0.6515679442508711
1657,0.627177700348432
1658,0.6689895470383276
1659,0.6376306620209059
1660,0.627177700348432
1661,0.627177700348432
1662,0.6027874564459931
1663,0.6167247386759582
1664,0.6236933797909407
1665,0.6898954703832753
1666,0.6236933797909407
1667,0.6550522648083623
1668,0.6236933797909407
1669,0.6236933797909407
1670,0.6202090592334495
1671,0.6062717770034843
1672,0.6968641114982579
1673,0.6167247386759582
1674,0.6236933797909407
1675,0.5679442508710801
1676,0.5923344947735192
1677,0.6480836236933798
1678,0.6167247386759582
1679,0.6585365853658537
1680,0.6132404181184669
1681,0.6655052264808362
1682,0.6306620209059234
1683,0.6376306620209059
1684,0.6341463414634146
1685,0.6097560975609756
1686,0.6062717770034843
1687,0.6655052264808362
1688,0.5714285714285714
1689,0.6689895470383276
1690,0.6515679442508711
1691,0.6202090592334495
1692,0.6585365853658537
1693,0.6097560975609756
1694,0.5993031358885017
1695,0.6376306620209059
1696,0.6376306620209059
1697,0.6236933797909407
1698,0.6097560975609756
1699,0.6097560975609756
1700,0.6585365853658537
1701,0.6167247386759582
1702,0.5923344947735192
1703,0.6097560975609756
1704,0.6341463414634146
1705,0.5749128919860628
1706,0.6376306620209059
1707,0.6655052264808362
1708,0.6062717770034843
1709,0.6898954703832753
1710,0.6062717770034843
1711,0.6724738675958188
1712,0.6515679442508711
1713,0.5749128919860628
1714,0.6689895470383276
1715,0.6306620209059234
1716,0.5714285714285714
1717,0.6306620209059234
1718,0.6480836236933798
1719,0.6480836236933798
1720,0.6689895470383276
1721,0.5958188153310104
1722,0.5679442508710801
1723,0.627177700348432
1724,0.6202090592334495
1725,0.6097560975609756
1726,0.6306620209059234
1727,0.6480836236933798
1728,0.6027874564459931
1729,0.6306620209059234
1730,0.6202090592334495
1731,0.5993031358885017
1732,0.6585365853658537
1733,0.5958188153310104
1734,0.6515679442508711
1735,0.6411149825783972
1736,0.6689895470383276
1737,0.6097560975609756
1738,0.6515679442508711
1739,0.6515679442508711
1740,0.5714285714285714
1741,0.6689895470383276
1742,0.6167247386759582
1743,0.5993031358885017
1744,0.578397212543554
1745,0.6445993031358885
1746,0.6376306620209059
1747,0.6167247386759582
1748,0.6306620209059234
1749,0.6550522648083623
1750,0.6097560975609756
1751,0.6411149825783972
1752,0.6062717770034843
1753,0.6794425087108014
1754,0.6550522648083623
1755,0.6480836236933798
1756,0.6132404181184669
1757,0.6376306620209059
1758,0.5853658536585366
1759,0.6306620209059234
1760,0.5818815331010453
1761,0.6689895470383276
1762,0.6097560975609756
1763,0.6724738675958188
1764,0.6411149825783972
1765,0.6167247386759582
1766,0.5958188153310104
1767,0.6236933797909407
1768,0.6236933797909407
1769,0.6411149825783972
1770,0.6445993031358885
1771,0.6097560975609756
1772,0.6236933797909407
1773,0.6376306620209059
1774,0.6550522648083623
1775,0.6236933797909407
1776,0.6306620209059234
1777,0.6829268292682927
1778,0.627177700348432
1779,0.6759581881533101
1780,0.6411149825783972
1781,0.6411149825783972
1782,0.6167247386759582
1783,0.6236933797909407
1784,0.6689895470383276
1785,0.6445993031358885
1786,0.6097560975609756
1787,0.6655052264808362
1788,0.6480836236933798
1789,0.6515679442508711
1790,0.6655052264808362
1791,0.6167247386759582
1792,0.6062717770034843
1793,0.6445993031358885
1794,0.6550522648083623
1795,0.6236933797909407
1796,0.6898954703832753
1797,0.6445993031358885
1798,0.6655052264808362
1799,0.6202090592334495
1800,0.6306620209059234
1801,0.6062717770034843
1802,0.6550522648083623
1803,0.6411149825783972
1804,0.6445993031358885
1805,0.6132404181184669
1806,0.627177700348432
1807,0.6655052264808362
1808,0.6689895470383276
1809,0.627177700348432
1810,0.5993031358885017
1811,0.6062717770034843
1812,0.5853658536585366
1813,0.6236933797909407
1814,0.5574912891986062
1815,0.6515679442508711
1816,0.627177700348432
1817,0.6027874564459931
1818,0.6236933797909407
1819,0.6655052264808362
1820,0.6376306620209059
1821,0.6306620209059234
1822,0.627177700348432
1823,0.6236933797909407
1824,0.6027874564459931
1825,0.6167247386759582
1826,0.6202090592334495
1827,0.6445993031358885
1828,0.662020905923345
1829,0.662020905923345
1830,0.6376306620209059
1831,0.6550522648083623
1832,0.6027874564459931
1833,0.6167247386759582
1834,0.6202090592334495
1835,0.662020905923345
1836,0.6027874564459931
1837,0.6445993031358885
1838,0.5853658536585366
1839,0.627177700348432
1840,0.6027874564459931
1841,0.6376306620209059
1842,0.6027874564459931
1843,0.6411149825783972
1844,0.6236933797909407
1845,0.6062717770034843
1846,0.6585365853658537
1847,0.6062717770034843
1848,0.662020905923345
1849,0.5888501742160279
1850,0.627177700348432
1851,0.6585365853658537
1852,0.6376306620209059
1853,0.5993031358885017
1854,0.6306620209059234
1855,0.6341463414634146
1856,0.6202090592334495
1857,0.6202090592334495
1858,0.6550522648083623
1859,0.6306620209059234
1860,0.6655052264808362
1861,0.6097560975609756
1862,0.627177700348432
1863,0.6411149825783972
1864,0.6376306620209059
1865,0.6376306620209059
1866,0.627177700348432
1867,0.6689895470383276
1868,0.6167247386759582
1869,0.6341463414634146
1870,0.6306620209059234
1871,0.6236933797909407
1872,0.627177700348432
1873,0.6376306620209059
1874,0.6689895470383276
1875,0.6341463414634146
1876,0.6445993031358885
1877,0.6724738675958188
1878,0.662020905923345
1879,0.6794425087108014
1880,0.6236933797909407
1881,0.6097560975609756
1882,0.627177700348432
1883,0.5993031358885017
1884,0.6376306620209059
1885,0.6236933797909407
1886,0.6167247386759582
1887,0.5993031358885017
1888,0.6376306620209059
1889,0.6515679442508711
1890,0.5993031358885017
1891,0.6376306620209059
1892,0.6411149825783972
1893,0.6550522648083623
1894,0.6097560975609756
1895,0.6062717770034843
1896,0.7038327526132404
1897,0.6480836236933798
1898,0.6550522648083623
1899,0.6445993031358885
1900,0.6062717770034843
1901,0.6445993031358885
1902,0.6341463414634146
1903,0.6306620209059234
1904,0.6794425087108014
1905,0.6411149825783972
1906,0.6689895470383276
1907,0.6132404181184669
1908,0.6202090592334495
1909,0.6341463414634146
1910,0.6167247386759582
1911,0.6132404181184669
1912,0.6655052264808362
1913,0.6306620209059234
1914,0.6550522648083623
1915,0.6167247386759582
1916,0.6689895470383276
1917,0.6445993031358885
1918,0.6794425087108014
1919,0.6376306620209059
1920,0.6480836236933798
1921,0.6202090592334495
1922,0.5958188153310104
1923,0.6167247386759582
1924,0.6167247386759582
1925,0.5958188153310104
1926,0.6202090592334495
1927,0.6655052264808362
1928,0.627177700348432
1929,0.686411149825784
1930,0.6202090592334495
1931,0.6341463414634146
1932,0.6236933797909407
1933,0.6550522648083623
1934,0.6376306620209059
1935,0.6236933797909407
1936,0.6376306620209059
1937,0.6097560975609756
1938,0.6585365853658537
1939,0.627177700348432
1940,0.6898954703832753
1941,0.6515679442508711
1942,0.6515679442508711
1943,0.6202090592334495
1944,0.6689895470383276
1945,0.6898954703832753
1946,0.6062717770034843
1947,0.6655052264808362
1948,0.6306620209059234
1949,0.6132404181184669
1950,0.627177700348432
1951,0.6585365853658537
1952,0.627177700348432
1953,0.6202090592334495
1954,0.6341463414634146
1955,0.6202090592334495
1956,0.6480836236933798
1957,0.6132404181184669
1958,0.6689895470383276
1959,0.6376306620209059
1960,0.6376306620209059
1961,0.6306620209059234
1962,0.6724738675958188
1963,0.6097560975609756
1964,0.627177700348432
1965,0.6306620209059234
1966,0.6341463414634146
1967,0.6236933797909407
1968,0.6097560975609756
1969,0.6202090592334495
1970,0.6236933797909407
1971,0.627177700348432
1972,0.6689895470383276
1973,0.5574912891986062
1974,0.6132404181184669
1975,0.6202090592334495
1976,0.5923344947735192
1977,0.5679442508710801
1978,0.5888501742160279
1979,0.6550522648083623
1980,0.6236933797909407
1981,0.6341463414634146
1982,0.6480836236933798
1983,0.6411149825783972
1984,0.6167247386759582
1985,0.6132404181184669
1986,0.6445993031358885
1987,0.6376306620209059
1988,0.6341463414634146
1989,0.627177700348432
1990,0.5574912891986062
1991,0.6376306620209059
1992,0.5993031358885017
1993,0.6480836236933798
1994,0.6480836236933798
1995,0.6132404181184669
1996,0.6236933797909407
1997,0.6167247386759582
1998,0.6898954703832753
1999,0.5993031358885017
2000,0.6480836236933798
2001,0.662020905923345
2002,0.6306620209059234
2003,0.6480836236933798
2004,0.627177700348432
2005,0.6480836236933798
2006,0.627177700348432
2007,0.6515679442508711
2008,0.5853658536585366
2009,0.6759581881533101
2010,0.6376306620209059
2011,0.5993031358885017
2012,0.6515679442508711
2013,0.6132404181184669
2014,0.6655052264808362
2015,0.627177700348432
2016,0.6480836236933798
2017,0.6515679442508711
2018,0.6062717770034843
2019,0.6202090592334495
2020,0.6202090592334495
2021,0.6376306620209059
2022,0.6202090592334495
2023,0.6062717770034843
2024,0.6236933797909407
2025,0.6376306620209059
2026,0.662020905923345
2027,0.6306620209059234
2028,0.662020905923345
2029,0.6097560975609756
2030,0.6445993031358885
2031,0.6236933797909407
2032,0.6132404181184669
2033,0.6167247386759582
2034,0.6027874564459931
2035,0.5888501742160279
2036,0.6132404181184669
2037,0.6655052264808362
2038,0.6062717770034843
2039,0.6097560975609756
2040,0.6376306620209059
2041,0.6480836236933798
2042,0.5993031358885017
2043,0.6689895470383276
2044,0.6027874564459931
2045,0.5923344947735192
2046,0.5993031358885017
2047,0.6794425087108014
2048,0.662020905923345
2049,0.5888501742160279
2050,0.662020905923345
2051,0.6167247386759582
2052,0.5993031358885017
2053,0.6550522648083623
2054,0.6480836236933798
2055,0.5958188153310104
2056,0.5609756097560976
2057,0.6202090592334495
2058,0.627177700348432
2059,0.6445993031358885
2060,0.6236933797909407
2061,0.6341463414634146
2062,0.6411149825783972
2063,0.5993031358885017
2064,0.627177700348432
2065,0.6202090592334495
2066,0.6480836236933798
2067,0.6097560975609756
2068,0.578397212543554
2069,0.6550522648083623
2070,0.6341463414634146
2071,0.6306620209059234
2072,0.6062717770034843
2073,0.5993031358885017
2074,0.6027874564459931
2075,0.6306620209059234
2076,0.6167247386759582
2077,0.5923344947735192
2078,0.627177700348432
2079,0.6236933797909407
2080,0.5958188153310104
2081,0.6550522648083623
2082,0.6759581881533101
2083,0.6550522648083623
2084,0.6132404181184669
2085,0.627177700348432
2086,0.627177700348432
2087,0.6550522648083623
2088,0.5923344947735192
2089,0.6062717770034843
2090,0.6027874564459931
2091,0.6341463414634146
2092,0.6132404181184669
2093,0.6689895470383276
2094,0.5993031358885017
2095,0.6167247386759582
2096,0.5888501742160279
2097,0.6097560975609756
2098,0.6445993031358885
2099,0.6585365853658537
2100,0.627177700348432
2101,0.662020905923345
2102,0.6585365853658537
2103,0.6097560975609756
2104,0.6167247386759582
2105,0.6202090592334495
2106,0.6062717770034843
2107,0.6550522648083623
2108,0.6480836236933798
2109,0.5644599303135889
2110,0.6585365853658537
2111,0.6655052264808362
2112,0.6341463414634146
2113,0.627177700348432
2114,0.6585365853658537
2115,0.5818815331010453
2116,0.662020905923345
2117,0.6445993031358885
2118,0.6585365853658537
2119,0.6062717770034843
2120,0.6202090592334495
2121,0.6341463414634146
2122,0.6515679442508711
2123,0.627177700348432
2124,0.6550522648083623
2125,0.5993031358885017
2126,0.6062717770034843
2127,0.6306620209059234
2128,0.627177700348432
2129,0.6306620209059234
2130,0.5958188153310104
2131,0.6027874564459931
2132,0.6411149825783972
2133,0.6202090592334495
2134,0.6341463414634146
2135,0.6655052264808362
2136,0.6376306620209059
2137,0.6097560975609756
2138,0.662020905923345
2139,0.6515679442508711
2140,0.6202090592334495
2141,0.6132404181184669
2142,0.5923344947735192
2143,0.6027874564459931
2144,0.6202090592334495
2145,0.6655052264808362
2146,0.6132404181184669
2147,0.6341463414634146
2148,0.6341463414634146
2149,0.662020905923345
2150,0.6585365853658537
2151,0.5923344947735192
2152,0.6445993031358885
2153,0.6341463414634146
2154,0.6132404181184669
2155,0.6236933797909407
2156,0.6829268292682927
2157,0.6132404181184669
2158,0.6480836236933798
2159,0.627177700348432
2160,0.627177700348432
2161,0.6376306620209059
2162,0.6132404181184669
2163,0.6411149825783972
2164,0.710801393728223
2165,0.6167247386759582
2166,0.6411149825783972
2167,0.6655052264808362
2168,0.6411149825783972
2169,0.6306620209059234
2170,0.6202090592334495
2171,0.6376306620209059
2172,0.6759581881533101
2173,0.6167247386759582
2174,0.6724738675958188
2175,0.6202090592334495
2176,0.6515679442508711
2177,0.6689895470383276
2178,0.6202090592334495
2179,0.6655052264808362
2180,0.6132404181184669
2181,0.6341463414634146
2182,0.6062717770034843
2183,0.5714285714285714
2184,0.6167247386759582
2185,0.6759581881533101
2186,0.6202090592334495
2187,0.6341463414634146
2188,0.6097560975609756
2189,0.6515679442508711
2190,0.6480836236933798
2191,0.6202090592334495
2192,0.6655052264808362
2193,0.6724738675958188
2194,0.6411149825783972
2195,0.6132404181184669
2196,0.6411149825783972
2197,0.6585365853658537
2198,0.5958188153310104
2199,0.627177700348432
2200,0.6341463414634146
2201,0.6202090592334495
2202,0.6306620209059234
2203,0.627177700348432
2204,0.6655052264808362
2205,0.5818815331010453
2206,0.6724738675958188
2207,0.5853658536585366
2208,0.6585365853658537
2209,0.6550522648083623
2210,0.6724738675958188
2211,0.662020905923345
2212,0.627177700348432
2213,0.6376306620209059
2214,0.627177700348432
2215,0.6306620209059234
2216,0.6759581881533101
2217,0.6097560975609756
2218,0.6341463414634146
2219,0.6411149825783972
2220,0.6132404181184669
2221,0.6097560975609756
2222,0.6027874564459931
2223,0.6480836236933798
2224,0.6202090592334495
2225,0.5958188153310104
2226,0.6480836236933798
2227,0.6376306620209059
2228,0.6515679442508711
2229,0.6341463414634146
2230,0.627177700348432
2231,0.6097560975609756
2232,0.6829268292682927
2233,0.6689895470383276
2234,0.6480836236933798
2235,0.6341463414634146
2236,0.6341463414634146
2237,0.6097560975609756
2238,0.6167247386759582
2239,0.6480836236933798
2240,0.6202090592334495
2241,0.6411149825783972
2242,0.6376306620209059
2243,0.6306620209059234
2244,0.6829268292682927
2245,0.6132404181184669
2246,0.6132404181184669
2247,0.6341463414634146
2248,0.6480836236933798
2249,0.6097560975609756
2250,0.6480836236933798
2251,0.6376306620209059
2252,0.5749128919860628
2253,0.6411149825783972
2254,0.5993031358885017
2255,0.662020905923345
2256,0.6376306620209059
2257,0.6306620209059234
2258,0.6341463414634146
2259,0.5888501742160279
2260,0.6306620209059234
2261,0.6550522648083623
2262,0.6445993031358885
2263,0.6167247386759582
2264,0.5923344947735192
2265,0.6550522648083623
2266,0.578397212543554
2267,0.6550522648083623
2268,0.5993031358885017
2269,0.6515679442508711
2270,0.6202090592334495
2271,0.5993031358885017
2272,0.6306620209059234
2273,0.6236933797909407
2274,0.6097560975609756
2275,0.5993031358885017
2276,0.6445993031358885
2277,0.6202090592334495
2278,0.6341463414634146
2279,0.627177700348432
2280,0.662020905923345
2281,0.686411149825784
2282,0.627177700348432
2283,0.6794425087108014
2284,0.6445993031358885
2285,0.6062717770034843
2286,0.7212543554006968
2287,0.6341463414634146
2288,0.5958188153310104
2289,0.6167247386759582
2290,0.6480836236933798
2291,0.6585365853658537
2292,0.6445993031358885
2293,0.5888501742160279
2294,0.5993031358885017
2295,0.6167247386759582
2296,0.5853658536585366
2297,0.5923344947735192
2298,0.6167247386759582
2299,0.6062717770034843
2300,0.6724738675958188
2301,0.6306620209059234
2302,0.6724738675958188
2303,0.6515679442508711
2304,0.6062717770034843
2305,0.6341463414634146
2306,0.6376306620209059
2307,0.6341463414634146
2308,0.6062717770034843
2309,0.6550522648083623
2310,0.6097560975609756
2311,0.6689895470383276
2312,0.627177700348432
2313,0.627177700348432
2314,0.6655052264808362
2315,0.6411149825783972
2316,0.6236933797909407
2317,0.6341463414634146
2318,0.6132404181184669
2319,0.6515679442508711
2320,0.6236933797909407
2321,0.6202090592334495
2322,0.6202090592334495
2323,0.6027874564459931
2324,0.5644599303135889
2325,0.6445993031358885
2326,0.6411149825783972
2327,0.6202090592334495
2328,0.6202090592334495
2329,0.5609756097560976
2330,0.6202090592334495
2331,0.5923344947735192
2332,0.6202090592334495
2333,0.6097560975609756
2334,0.6515679442508711
2335,0.6515679442508711
2336,0.6445993031358885
2337,0.6306620209059234
2338,0.6236933797909407
2339,0.6933797909407665
2340,0.5923344947735192
2341,0.6062717770034843
2342,0.6167247386759582
2343,0.5958188153310104
2344,0.6132404181184669
2345,0.6167247386759582
2346,0.6027874564459931
2347,0.5958188153310104
2348,0.5958188153310104
2349,0.6167247386759582
2350,0.6167247386759582
2351,0.6167247386759582
2352,0.6097560975609756
2353,0.686411149825784
2354,0.6306620209059234
2355,0.5958188153310104
2356,0.6376306620209059
2357,0.5958188153310104
2358,0.578397212543554
2359,0.6585365853658537
2360,0.6445993031358885
2361,0.6236933797909407
2362,0.6411149825783972
2363,0.6411149825783972
2364,0.627177700348432
2365,0.5818815331010453
2366,0.6376306620209059
2367,0.5749128919860628
2368,0.6445993031358885
2369,0.6306620209059234
2370,0.6132404181184669
2371,0.6306620209059234
2372,0.7282229965156795
2373,0.6167247386759582
2374,0.6202090592334495
2375,0.6445993031358885
2376,0.627177700348432
2377,0.627177700348432
2378,0.6445993031358885
2379,0.6202090592334495
2380,0.6306620209059234
2381,0.6411149825783972
2382,0.627177700348432
2383,0.627177700348432
2384,0.6132404181184669
2385,0.6445993031358885
2386,0.6480836236933798
2387,0.6445993031358885
2388,0.6236933797909407
2389,0.6202090592334495
2390,0.7038327526132404
2391,0.5853658536585366
2392,0.627177700348432
2393,0.6167247386759582
2394,0.6376306620209059
2395,0.627177700348432
2396,0.6027874564459931
2397,0.627177700348432
2398,0.6236933797909407
2399,0.6062717770034843
2400,0.6167247386759582
2401,0.6411149825783972
2402,0.6097560975609756
2403,0.662020905923345
2404,0.6341463414634146
2405,0.5679442508710801
2406,0.6132404181184669
2407,0.6794425087108014
2408,0.5958188153310104
2409,0.662020905923345
2410,0.6480836236933798
2411,0.627177700348432
2412,0.6445993031358885
2413,0.6550522648083623
2414,0.6341463414634146
2415,0.6306620209059234
2416,0.5923344947735192
2417,0.5818815331010453
2418,0.6585365853658537
2419,0.6202090592334495
2420,0.6236933797909407
2421,0.6341463414634146
2422,0.6341463414634146
2423,0.6411149825783972
2424,0.662020905923345
2425,0.5923344947735192
2426,0.6236933797909407
2427,0.6411149825783972
2428,0.6236933797909407
2429,0.5818815331010453
2430,0.6236933797909407
2431,0.6655052264808362
2432,0.6480836236933798
2433,0.5888501742160279
2434,0.6236933797909407
2435,0.6376306620209059
2436,0.6236933797909407
2437,0.6515679442508711
2438,0.6550522648083623
2439,0.6655052264808362
2440,0.5853658536585366
2441,0.6306620209059234
2442,0.6027874564459931
2443,0.6445993031358885
2444,0.6376306620209059
2445,0.6411149825783972
2446,0.6097560975609756
2447,0.6411149825783972
2448,0.6062717770034843
2449,0.6132404181184669
2450,0.627177700348432
2451,0.662020905923345
2452,0.627177700348432
2453,0.6550522648083623
2454,0.6027874564459931
2455,0.5993031358885017
2456,0.686411149825784
2457,0.6585365853658537
2458,0.6132404181184669
2459,0.6132404181184669
2460,0.6376306620209059
2461,0.6376306620209059
2462,0.6515679442508711
2463,0.6585365853658537
2464,0.6585365853658537
2465,0.6445993031358885
2466,0.6655052264808362
2467,0.5993031358885017
2468,0.6376306620209059
2469,0.6655052264808362
2470,0.5993031358885017
2471,0.6515679442508711
2472,0.5958188153310104
2473,0.6027874564459931
2474,0.6062717770034843
2475,0.6655052264808362
2476,0.6341463414634146
2477,0.6376306620209059
2478,0.627177700348432
2479,0.6202090592334495
2480,0.662020905923345
2481,0.6062717770034843
2482,0.6411149825783972
2483,0.6689895470383276
2484,0.6411149825783972
2485,0.6411149825783972
2486,0.662020905923345
2487,0.6236933797909407
2488,0.6132404181184669
2489,0.5749128919860628
2490,0.6550522648083623
2491,0.6376306620209059
2492,0.5923344947735192
2493,0.627177700348432
2494,0.6132404181184669
2495,0.6376306620209059
2496,0.6933797909407665
2497,0.6376306620209059
2498,0.6480836236933798
2499,0.6202090592334495
2500,0.6411149825783972
2501,0.6236933797909407
2502,0.6655052264808362
2503,0.6167247386759582
2504,0.6062717770034843
2505,0.6306620209059234
2506,0.686411149825784
2507,0.6306620209059234
2508,0.6132404181184669
2509,0.627177700348432
2510,0.6062717770034843
2511,0.6968641114982579
2512,0.6480836236933798
2513,0.6167247386759582
2514,0.6062717770034843
2515,0.6480836236933798
2516,0.6202090592334495
2517,0.6202090592334495
2518,0.6027874564459931
2519,0.5993031358885017
2520,0.6027874564459931
2521,0.5993031358885017
2522,0.627177700348432
2523,0.6236933797909407
2524,0.6724738675958188
2525,0.5993031358885017
2526,0.5923344947735192
2527,0.6445993031358885
2528,0.6376306620209059
2529,0.6062717770034843
2530,0.6550522648083623
2531,0.6202090592334495
2532,0.6202090592334495
2533,0.6097560975609756
2534,0.6062717770034843
2535,0.6689895470383276
2536,0.5818815331010453
2537,0.6376306620209059
2538,0.6794425087108014
2539,0.5888501742160279
2540,0.6585365853658537
2541,0.6445993031358885
2542,0.5888501742160279
2543,0.6655052264808362
2544,0.6167247386759582
2545,0.6898954703832753
2546,0.6027874564459931
2547,0.6411149825783972
2548,0.6062717770034843
2549,0.6306620209059234
2550,0.6550522648083623
2551,0.6515679442508711
2552,0.6132404181184669
2553,0.6515679442508711
2554,0.686411149825784
2555,0.6236933797909407
2556,0.6515679442508711
2557,0.6585365853658537
2558,0.6480836236933798
2559,0.627177700348432
2560,0.6550522648083623
2561,0.6445993031358885
2562,0.6480836236933798
2563,0.6202090592334495
2564,0.6306620209059234
2565,0.6515679442508711
2566,0.6341463414634146
2567,0.6097560975609756
2568,0.6167247386759582
2569,0.6132404181184669
2570,0.6097560975609756
2571,0.627177700348432
2572,0.6132404181184669
2573,0.6236933797909407
2574,0.6550522648083623
2575,0.6062717770034843
2576,0.6341463414634146
2577,0.6306620209059234
2578,0.6515679442508711
2579,0.6480836236933798
2580,0.6376306620209059
2581,0.6097560975609756
2582,0.6202090592334495
2583,0.5853658536585366
2584,0.6411149825783972
2585,0.6550522648083623
2586,0.6306620209059234
2587,0.6202090592334495
2588,0.6724738675958188
2589,0.6062717770034843
2590,0.5888501742160279
2591,0.662020905923345
2592,0.6515679442508711
2593,0.6202090592334495
2594,0.6445993031358885
2595,0.6097560975609756
2596,0.6341463414634146
2597,0.6167247386759582
2598,0.6376306620209059
2599,0.6445993031358885
2600,0.6445993031358885
2601,0.6062717770034843
2602,0.5958188153310104
2603,0.6236933797909407
2604,0.6445993031358885
2605,0.6306620209059234
2606,0.6445993031358885
2607,0.5818815331010453
2608,0.627177700348432
2609,0.6480836236933798
2610,0.578397212543554
2611,0.6202090592334495
2612,0.627177700348432
2613,0.6515679442508711
2614,0.6445993031358885
2615,0.6655052264808362
2616,0.6062717770034843
2617,0.6480836236933798
2618,0.6515679442508711
2619,0.6132404181184669
2620,0.6097560975609756
2621,0.6480836236933798
2622,0.627177700348432
2623,0.6097560975609756
2624,0.6585365853658537
2625,0.6202090592334495
2626,0.6411149825783972
2627,0.6585365853658537
2628,0.6515679442508711
2629,0.6167247386759582
2630,0.6411149825783972
2631,0.6097560975609756
2632,0.6724738675958188
2633,0.627177700348432
2634,0.5749128919860628
2635,0.6480836236933798
2636,0.6376306620209059
2637,0.6027874564459931
2638,0.6341463414634146
2639,0.5749128919860628
2640,0.6515679442508711
2641,0.6759581881533101
2642,0.6202090592334495
2643,0.6376306620209059
2644,0.6376306620209059
2645,0.6724738675958188
2646,0.6515679442508711
2647,0.5853658536585366
2648,0.5993031358885017
2649,0.627177700348432
2650,0.6167247386759582
2651,0.6236933797909407
2652,0.5574912891986062
2653,0.6341463414634146
2654,0.6445993031358885
2655,0.6306620209059234
2656,0.6445993031358885
2657,0.6445993031358885
2658,0.6306620209059234
2659,0.6306620209059234
2660,0.6515679442508711
2661,0.5958188153310104
2662,0.6480836236933798
2663,0.6689895470383276
2664,0.6167247386759582
2665,0.6655052264808362
2666,0.6480836236933798
2667,0.6132404181184669
2668,0.6480836236933798
2669,0.6062717770034843
2670,0.6898954703832753
2671,0.6097560975609756
2672,0.6236933797909407
2673,0.5888501742160279
2674,0.6445993031358885
2675,0.6167247386759582
2676,0.6132404181184669
2677,0.662020905923345
2678,0.627177700348432
2679,0.627177700348432
2680,0.6655052264808362
2681,0.6585365853658537
2682,0.5888501742160279
2683,0.6376306620209059
2684,0.6376306620209059
2685,0.6411149825783972
2686,0.6550522648083623
2687,0.6306620209059234
2688,0.6585365853658537
2689,0.6132404181184669
2690,0.5993031358885017
2691,0.6445993031358885
2692,0.6306620209059234
2693,0.6097560975609756
2694,0.6585365853658537
2695,0.5993031358885017
2696,0.710801393728223
2697,0.6550522648083623
2698,0.6550522648083623
2699,0.6759581881533101
2700,0.6306620209059234
2701,0.6236933797909407
2702,0.6724738675958188
2703,0.6480836236933798
2704,0.6689895470383276
2705,0.6411149825783972
2706,0.5888501742160279
2707,0.6689895470383276
2708,0.6236933797909407
2709,0.6132404181184669
2710,0.6236933797909407
2711,0.6376306620209059
2712,0.6445993031358885
2713,0.686411149825784
2714,0.6236933797909407
2715,0.6724738675958188
2716,0.6097560975609756
2717,0.5818815331010453
2718,0.6550522648083623
2719,0.662020905923345
2720,0.6550522648083623
2721,0.6167247386759582
2722,0.6062717770034843
2723,0.6306620209059234
2724,0.6132404181184669
2725,0.6236933797909407
2726,0.5923344947735192
2727,0.6027874564459931
2728,0.6167247386759582
2729,0.5923344947735192
2730,0.6689895470383276
2731,0.6202090592334495
2732,0.6376306620209059
2733,0.5888501742160279
2734,0.6898954703832753
2735,0.6480836236933798
2736,0.6411149825783972
2737,0.6550522648083623
2738,0.627177700348432
2739,0.6306620209059234
2740,0.6411149825783972
2741,0.6236933797909407
2742,0.5958188153310104
2743,0.5993031358885017
2744,0.6236933797909407
2745,0.6480836236933798
2746,0.6411149825783972
2747,0.6236933797909407
2748,0.6341463414634146
2749,0.6411149825783972
2750,0.6445993031358885
2751,0.627177700348432
2752,0.6202090592334495
2753,0.627177700348432
2754,0.5993031358885017
2755,0.6167247386759582
2756,0.6202090592334495
2757,0.6689895470383276
2758,0.6480836236933798
2759,0.6515679442508711
2760,0.662020905923345
2761,0.6445993031358885
2762,0.6341463414634146
2763,0.6167247386759582
2764,0.6097560975609756
2765,0.6480836236933798
2766,0.6585365853658537
2767,0.6515679442508711
2768,0.6724738675958188
2769,0.5714285714285714
2770,0.5993031358885017
2771,0.6445993031358885
2772,0.6689895470383276
2773,0.6202090592334495
2774,0.6411149825783972
2775,0.6202090592334495
2776,0.627177700348432
2777,0.6062717770034843
2778,0.5714285714285714
2779,0.6550522648083623
2780,0.6411149825783972
2781,0.6341463414634146
2782,0.6167247386759582
2783,0.6480836236933798
2784,0.6515679442508711
2785,0.6236933797909407
2786,0.6306620209059234
2787,0.6167247386759582
2788,0.6689895470383276
2789,0.6480836236933798
2790,0.6097560975609756
2791,0.6167247386759582
2792,0.6515679442508711
2793,0.6202090592334495
2794,0.6202090592334495
2795,0.6027874564459931
2796,0.6376306620209059
2797,0.5853658536585366
2798,0.6411149825783972
2799,0.6376306620209059
2800,0.6202090592334495
2801,0.5958188153310104
2802,0.5888501742160279
2803,0.6341463414634146
2804,0.6411149825783972
2805,0.6062717770034843
2806,0.6236933797909407
2807,0.6062717770034843
2808,0.6306620209059234
2809,0.627177700348432
2810,0.5888501742160279
2811,0.6689895470383276
2812,0.6689895470383276
2813,0.6585365853658537
2814,0.6515679442508711
2815,0.6202090592334495
2816,0.5923344947735192
2817,0.6062717770034843
2818,0.6515679442508711
2819,0.6585365853658537
2820,0.6515679442508711
2821,0.686411149825784
2822,0.6550522648083623
2823,0.6445993031358885
2824,0.6167247386759582
2825,0.6411149825783972
2826,0.6515679442508711
2827,0.6411149825783972
2828,0.6376306620209059
2829,0.662020905923345
2830,0.6515679442508711
2831,0.6480836236933798
2832,0.627177700348432
2833,0.6132404181184669
2834,0.6445993031358885
2835,0.6411149825783972
2836,0.6027874564459931
2837,0.627177700348432
2838,0.578397212543554
2839,0.6062717770034843
2840,0.6097560975609756
2841,0.6027874564459931
2842,0.6376306620209059
2843,0.6306620209059234
2844,0.6585365853658537
2845,0.6097560975609756
2846,0.6341463414634146
2847,0.6027874564459931
2848,0.6306620209059234
2849,0.6062717770034843
2850,0.6689895470383276
2851,0.6236933797909407
2852,0.6097560975609756
2853,0.627177700348432
2854,0.6480836236933798
2855,0.5749128919860628
2856,0.6097560975609756
2857,0.6167247386759582
2858,0.6550522648083623
2859,0.5923344947735192
2860,0.5958188153310104
2861,0.6585365853658537
2862,0.6585365853658537
2863,0.6062717770034843
2864,0.6097560975609756
2865,0.6132404181184669
2866,0.6411149825783972
2867,0.5888501742160279
2868,0.6724738675958188
2869,0.6411149825783972
2870,0.662020905923345
2871,0.6027874564459931
2872,0.6341463414634146
2873,0.6062717770034843
2874,0.6236933797909407
2875,0.6759581881533101
2876,0.6480836236933798
2877,0.6236933797909407
2878,0.6202090592334495
2879,0.6236933797909407
2880,0.5958188153310104
2881,0.6062717770034843
2882,0.6167247386759582
2883,0.5888501742160279
2884,0.6202090592334495
2885,0.6550522648083623
2886,0.6341463414634146
2887,0.6585365853658537
2888,0.6585365853658537
2889,0.6445993031358885
2890,0.6411149825783972
2891,0.6306620209059234
2892,0.6724738675958188
2893,0.6689895470383276
2894,0.6132404181184669
2895,0.6445993031358885
2896,0.6550522648083623
2897,0.6097560975609756
2898,0.6376306620209059
2899,0.6236933797909407
2900,0.5923344947735192
2901,0.5923344947735192
2902,0.6132404181184669
2903,0.6411149825783972
2904,0.662020905923345
2905,0.6376306620209059
2906,0.6411149825783972
2907,0.627177700348432
2908,0.627177700348432
2909,0.5993031358885017
2910,0.6236933797909407
2911,0.6236933797909407
2912,0.627177700348432
2913,0.6027874564459931
2914,0.6550522648083623
2915,0.6550522648083623
2916,0.6097560975609756
2917,0.6480836236933798
2918,0.6167247386759582
2919,0.6167247386759582
2920,0.6445993031358885
2921,0.6550522648083623
2922,0.6341463414634146
2923,0.5993031358885017
2924,0.6480836236933798
2925,0.5958188153310104
2926,0.6445993031358885
2927,0.6167247386759582
2928,0.686411149825784
2929,0.6306620209059234
2930,0.6341463414634146
2931,0.6411149825783972
2932,0.5923344947735192
2933,0.6655052264808362
2934,0.6689895470383276
2935,0.6341463414634146
2936,0.6759581881533101
2937,0.6306620209059234
2938,0.5574912891986062
2939,0.6341463414634146
2940,0.6132404181184669
2941,0.6376306620209059
2942,0.6167247386759582
2943,0.6550522648083623
2944,0.6097560975609756
2945,0.6167247386759582
2946,0.6236933797909407
2947,0.6062717770034843
2948,0.6655052264808362
2949,0.6585365853658537
2950,0.5853658536585366
2951,0.6062717770034843
2952,0.6167247386759582
2953,0.6202090592334495
2954,0.6341463414634146
2955,0.6585365853658537
2956,0.6202090592334495
2957,0.6062717770034843
2958,0.6411149825783972
2959,0.7282229965156795
2960,0.6167247386759582
2961,0.6062717770034843
2962,0.6480836236933798
2963,0.5993031358885017
2964,0.6411149825783972
2965,0.6411149825783972
2966,0.6411149825783972
2967,0.7003484320557491
2968,0.6480836236933798
2969,0.6097560975609756
2970,0.5958188153310104
2971,0.6341463414634146
2972,0.6411149825783972
2973,0.6550522648083623
2974,0.6376306620209059
2975,0.627177700348432
2976,0.6306620209059234
2977,0.6167247386759582
2978,0.662020905923345
2979,0.6132404181184669
2980,0.6480836236933798
2981,0.6167247386759582
2982,0.662020905923345
2983,0.5818815331010453
2984,0.6585365853658537
2985,0.6097560975609756
2986,0.6132404181184669
2987,0.5993031358885017
2988,0.627177700348432
2989,0.6132404181184669
2990,0.6655052264808362
2991,0.6132404181184669
2992,0.6167247386759582
2993,0.6376306620209059
2994,0.5958188153310104
2995,0.6585365853658537
2996,0.6202090592334495
2997,0.6027874564459931
2998,0.5993031358885017
2999,0.6411149825783972
3000,0.6306620209059234
3001,0.6236933797909407
3002,0.6236933797909407
3003,0.627177700348432
3004,0.6341463414634146
3005,0.6689895470383276
3006,0.6132404181184669
3007,0.627177700348432
3008,0.6376306620209059
3009,0.6202090592334495
3010,0.6306620209059234
3011,0.6306620209059234
3012,0.6794425087108014
3013,0.6236933797909407
3014,0.6411149825783972
3015,0.6515679442508711
3016,0.6445993031358885
3017,0.6689895470383276
3018,0.6585365853658537
3019,0.6411149825783972
3020,0.6167247386759582
3021,0.6306620209059234
3022,0.6445993031358885
3023,0.6062717770034843
3024,0.6062717770034843
3025,0.6480836236933798
3026,0.6027874564459931
3027,0.6062717770034843
3028,0.6306620209059234
3029,0.6445993031358885
3030,0.578397212543554
3031,0.6585365853658537
3032,0.5993031358885017
3033,0.627177700348432
3034,0.6376306620209059
3035,0.6655052264808362
3036,0.6724738675958188
3037,0.6097560975609756
3038,0.6376306620209059
3039,0.6515679442508711
3040,0.627177700348432
3041,0.5923344947735192
3042,0.6515679442508711
3043,0.6794425087108014
3044,0.5993031358885017
3045,0.6480836236933798
3046,0.6445993031358885
3047,0.6062717770034843
3048,0.5749128919860628
3049,0.662020905923345
3050,0.6376306620209059
3051,0.6236933797909407
3052,0.6062717770034843
3053,0.6480836236933798
3054,0.6411149825783972
3055,0.6167247386759582
3056,0.6097560975609756
3057,0.6062717770034843
3058,0.6585365853658537
3059,0.5958188153310104
3060,0.6306620209059234
3061,0.6306620209059234
3062,0.6585365853658537
3063,0.6202090592334495
3064,0.6132404181184669
3065,0.6132404181184669
3066,0.6202090592334495
3067,0.6411149825783972
3068,0.5958188153310104
3069,0.5923344947735192
3070,0.6376306620209059
3071,0.6167247386759582
3072,0.6027874564459931
3073,0.6480836236933798
3074,0.662020905923345
3075,0.6132404181184669
3076,0.6480836236933798
3077,0.6829268292682927
3078,0.6341463414634146
3079,0.5958188153310104
3080,0.6376306620209059
3081,0.6376306620209059
3082,0.6480836236933798
3083,0.627177700348432
3084,0.6341463414634146
3085,0.6167247386759582
3086,0.6306620209059234
3087,0.6132404181184669
3088,0.6724738675958188
3089,0.6515679442508711
3090,0.6132404181184669
3091,0.5923344947735192
3092,0.6236933797909407
3093,0.662020905923345
3094,0.6027874564459931
3095,0.6445993031358885
3096,0.6829268292682927
3097,0.6062717770034843
3098,0.662020905923345
3099,0.6341463414634146
3100,0.627177700348432
3101,0.6202090592334495
3102,0.6132404181184669
3103,0.6062717770034843
3104,0.6306620209059234
3105,0.6480836236933798
3106,0.627177700348432
3107,0.6411149825783972
3108,0.6376306620209059
3109,0.6550522648083623
3110,0.6655052264808362
3111,0.5818815331010453
3112,0.6097560975609756
3113,0.6689895470383276
3114,0.6062717770034843
3115,0.5993031358885017
3116,0.6306620209059234
3117,0.6829268292682927
3118,0.6480836236933798
3119,0.6411149825783972
3120,0.5888501742160279
3121,0.6759581881533101
3122,0.6376306620209059
3123,0.627177700348432
3124,0.662020905923345
3125,0.686411149825784
3126,0.6202090592334495
3127,0.6376306620209059
3128,0.6411149825783972
3129,0.6202090592334495
3130,0.6376306620209059
3131,0.6341463414634146
3132,0.6585365853658537
3133,0.6411149825783972
3134,0.6341463414634146
3135,0.6132404181184669
3136,0.5818815331010453
3137,0.6515679442508711
3138,0.6097560975609756
3139,0.6132404181184669
3140,0.6132404181184669
3141,0.6445993031358885
3142,0.6411149825783972
3143,0.6445993031358885
3144,0.662020905923345
3145,0.6027874564459931
3146,0.6132404181184669
3147,0.5958188153310104
3148,0.6132404181184669
3149,0.6376306620209059
3150,0.5993031358885017
3151,0.662020905923345
3152,0.6376306620209059
3153,0.6376306620209059
3154,0.6167247386759582
3155,0.6341463414634146
3156,0.6062717770034843
3157,0.5853658536585366
3158,0.6585365853658537
3159,0.6480836236933798
3160,0.6306620209059234
3161,0.6027874564459931
3162,0.6689895470383276
3163,0.6585365853658537
3164,0.6132404181184669
3165,0.6202090592334495
3166,0.6515679442508711
3167,0.6306620209059234
3168,0.6376306620209059
3169,0.6341463414634146
3170,0.6202090592334495
3171,0.6341463414634146
3172,0.6411149825783972
3173,0.6445993031358885
3174,0.5923344947735192
3175,0.6445993031358885
3176,0.6306620209059234
3177,0.6306620209059234
3178,0.7073170731707317
3179,0.6341463414634146
3180,0.6794425087108014
3181,0.5923344947735192
3182,0.6585365853658537
3183,0.6132404181184669
3184,0.627177700348432
3185,0.6376306620209059
3186,0.662020905923345
3187,0.6027874564459931
3188,0.6550522648083623
3189,0.6376306620209059
3190,0.6759581881533101
3191,0.6167247386759582
3192,0.6933797909407665
3193,0.6306620209059234
3194,0.6132404181184669
3195,0.5714285714285714
3196,0.6202090592334495
3197,0.6829268292682927
3198,0.6097560975609756
3199,0.6202090592334495
3200,0.6341463414634146
3201,0.5818815331010453
3202,0.6585365853658537
3203,0.6202090592334495
3204,0.5818815331010453
3205,0.6306620209059234
3206,0.5749128919860628
3207,0.627177700348432
3208,0.6655052264808362
3209,0.6445993031358885
3210,0.6411149825783972
3211,0.686411149825784
3212,0.6655052264808362
3213,0.6236933797909407
3214,0.578397212543554
3215,0.6167247386759582
3216,0.7247386759581882
3217,0.6097560975609756
3218,0.6202090592334495
3219,0.5993031358885017
3220,0.5923344947735192
3221,0.6550522648083623
3222,0.6097560975609756
3223,0.5993031358885017
3224,0.6062717770034843
3225,0.6202090592334495
3226,0.6306620209059234
3227,0.6411149825783972
3228,0.6376306620209059
3229,0.627177700348432
3230,0.6411149825783972
3231,0.7073170731707317
3232,0.5818815331010453
3233,0.6097560975609756
3234,0.6062717770034843
3235,0.6097560975609756
3236,0.6027874564459931
3237,0.6167247386759582
3238,0.6724738675958188
3239,0.5679442508710801
3240,0.5714285714285714
3241,0.6132404181184669
3242,0.6515679442508711
3243,0.6376306620209059
3244,0.5958188153310104
3245,0.6202090592334495
3246,0.6411149825783972
3247,0.6550522648083623
3248,0.6689895470383276
3249,0.6167247386759582
3250,0.6968641114982579
3251,0.6027874564459931
3252,0.5853658536585366
3253,0.5888501742160279
3254,0.6445993031358885
3255,0.6167247386759582
3256,0.6027874564459931
3257,0.6585365853658537
3258,0.6062717770034843
3259,0.6236933797909407
3260,0.6306620209059234
3261,0.6236933797909407
3262,0.6585365853658537
3263,0.6132404181184669
3264,0.6202090592334495
3265,0.6411149825783972
3266,0.6689895470383276
3267,0.6585365853658537
3268,0.6898954703832753
3269,0.5993031358885017
3270,0.627177700348432
3271,0.6480836236933798
3272,0.6376306620209059
3273,0.6585365853658537
3274,0.6515679442508711
3275,0.6306620209059234
3276,0.6062717770034843
3277,0.6027874564459931
3278,0.5818815331010453
3279,0.627177700348432
3280,0.6655052264808362
3281,0.6167247386759582
3282,0.5644599303135889
3283,0.6341463414634146
3284,0.627177700348432
3285,0.6480836236933798
3286,0.6411149825783972
3287,0.6167247386759582
3288,0.6724738675958188
3289,0.6236933797909407
3290,0.627177700348432
3291,0.5958188153310104
3292,0.627177700348432
3293,0.6097560975609756
3294,0.627177700348432
3295,0.5644599303135889
3296,0.6445993031358885
3297,0.6236933797909407
3298,0.7003484320557491
3299,0.6306620209059234
3300,0.6202090592334495
3301,0.627177700348432
3302,0.6132404181184669
3303,0.6585365853658537
3304,0.578397212543554
3305,0.6411149825783972
3306,0.6341463414634146
3307,0.6132404181184669
3308,0.6062717770034843
3309,0.6236933797909407
3310,0.5749128919860628
3311,0.5818815331010453
3312,0.6341463414634146
3313,0.686411149825784
3314,0.6585365853658537
3315,0.5958188153310104
3316,0.6759581881533101
3317,0.6306620209059234
3318,0.6515679442508711
3319,0.6550522648083623
3320,0.5714285714285714
3321,0.6376306620209059
3322,0.6515679442508711
3323,0.6689895470383276
3324,0.6236933797909407
3325,0.6515679442508711
3326,0.5958188153310104
3327,0.6968641114982579
3328,0.5958188153310104
3329,0.6097560975609756
3330,0.6202090592334495
3331,0.6515679442508711
3332,0.6411149825783972
3333,0.6515679442508711
3334,0.6341463414634146
3335,0.6236933797909407
3336,0.6759581881533101
3337,0.627177700348432
3338,0.6411149825783972
3339,0.5923344947735192
3340,0.6376306620209059
3341,0.6376306620209059
3342,0.6515679442508711
3343,0.5888501742160279
3344,0.6445993031358885
3345,0.6062717770034843
3346,0.5993031358885017
3347,0.5505226480836237
3348,0.5888501742160279
3349,0.6306620209059234
3350,0.6027874564459931
3351,0.6062717770034843
3352,0.6062717770034843
3353,0.6132404181184669
3354,0.6132404181184669
3355,0.686411149825784
3356,0.6445993031358885
3357,0.6445993031358885
3358,0.6202090592334495
3359,0.6062717770034843
3360,0.5958188153310104
3361,0.6306620209059234
3362,0.6445993031358885
3363,0.5818815331010453
3364,0.5818815331010453
3365,0.6341463414634146
3366,0.6167247386759582
3367,0.6306620209059234
3368,0.6411149825783972
3369,0.5958188153310104
3370,0.6515679442508711
3371,0.6167247386759582
3372,0.6027874564459931
3373,0.5923344947735192
3374,0.6550522648083623
3375,0.6655052264808362
3376,0.6480836236933798
3377,0.6445993031358885
3378,0.5679442508710801
3379,0.6132404181184669
3380,0.6062717770034843
3381,0.6341463414634146
3382,0.5923344947735192
3383,0.6376306620209059
3384,0.627177700348432
3385,0.6411149825783972
3386,0.6550522648083623
3387,0.627177700348432
3388,0.5888501742160279
3389,0.6062717770034843
3390,0.6585365853658537
3391,0.6027874564459931
3392,0.6376306620209059
3393,0.6062717770034843
3394,0.6585365853658537
3395,0.6167247386759582
3396,0.6167247386759582
3397,0.6515679442508711
3398,0.6655052264808362
3399,0.6027874564459931
3400,0.662020905923345
3401,0.6202090592334495
3402,0.6689895470383276
3403,0.6027874564459931
3404,0.6968641114982579
3405,0.6724738675958188
3406,0.5958188153310104
3407,0.6724738675958188
3408,0.6202090592334495
3409,0.6167247386759582
3410,0.6062717770034843
3411,0.6132404181184669
3412,0.6341463414634146
3413,0.6585365853658537
3414,0.6655052264808362
3415,0.6898954703832753
3416,0.686411149825784
3417,0.6655052264808362
3418,0.6376306620209059
3419,0.6167247386759582
3420,0.6097560975609756
3421,0.6167247386759582
3422,0.6132404181184669
3423,0.6306620209059234
3424,0.6480836236933798
3425,0.6480836236933798
3426,0.6167247386759582
3427,0.6236933797909407
3428,0.6341463414634146
3429,0.6585365853658537
3430,0.6097560975609756
3431,0.6027874564459931
3432,0.6376306620209059
3433,0.6376306620209059
3434,0.6132404181184669
3435,0.6376306620209059
3436,0.6306620209059234
3437,0.6202090592334495
3438,0.6236933797909407
3439,0.578397212543554
3440,0.6411149825783972
3441,0.5818815331010453
3442,0.6480836236933798
3443,0.6167247386759582
3444,0.7073170731707317
3445,0.6236933797909407
3446,0.627177700348432
3447,0.6411149825783972
3448,0.6655052264808362
3449,0.6411149825783972
3450,0.6236933797909407
3451,0.6411149825783972
3452,0.6306620209059234
3453,0.5261324041811847
3454,0.6445993031358885
3455,0.5888501742160279
3456,0.686411149825784
3457,0.627177700348432
3458,0.6759581881533101
3459,0.627177700348432
3460,0.627177700348432
3461,0.7038327526132404
3462,0.6411149825783972
3463,0.6202090592334495
3464,0.6515679442508711
3465,0.6411149825783972
3466,0.6236933797909407
3467,0.5993031358885017
3468,0.7038327526132404
3469,0.6236933797909407
3470,0.6202090592334495
3471,0.6202090592334495
3472,0.6202090592334495
3473,0.6236933797909407
3474,0.5993031358885017
3475,0.6585365853658537
3476,0.6411149825783972
3477,0.6411149825783972
3478,0.627177700348432
3479,0.6480836236933798
3480,0.6202090592334495
3481,0.6097560975609756
3482,0.6027874564459931
3483,0.6445993031358885
3484,0.6759581881533101
3485,0.6202090592334495
3486,0.6236933797909407
3487,0.5853658536585366
3488,0.5644599303135889
3489,0.6306620209059234
3490,0.6167247386759582
3491,0.6515679442508711
3492,0.6829268292682927
3493,0.5993031358885017
3494,0.6655052264808362
3495,0.5993031358885017
3496,0.5818815331010453
3497,0.6132404181184669
3498,0.662020905923345
3499,0.627177700348432
3500,0.5923344947735192
3501,0.6306620209059234
3502,0.6515679442508711
3503,0.578397212543554
3504,0.6236933797909407
3505,0.6445993031358885
3506,0.6376306620209059
3507,0.5923344947735192
3508,0.5888501742160279
3509,0.5853658536585366
3510,0.6480836236933798
3511,0.6097560975609756
3512,0.6480836236933798
3513,0.6550522648083623
3514,0.6167247386759582
3515,0.6480836236933798
3516,0.6376306620209059
3517,0.6655052264808362
3518,0.6515679442508711
3519,0.6445993031358885
3520,0.6202090592334495
3521,0.6445993031358885
3522,0.627177700348432
3523,0.6411149825783972
3524,0.6132404181184669
3525,0.6480836236933798
3526,0.6655052264808362
3527,0.6445993031358885
3528,0.6306620209059234
3529,0.6097560975609756
3530,0.6202090592334495
3531,0.6132404181184669
3532,0.6585365853658537
3533,0.6097560975609756
3534,0.6759581881533101
3535,0.5923344947735192
3536,0.6236933797909407
3537,0.6515679442508711
3538,0.6585365853658537
3539,0.6411149825783972
3540,0.6585365853658537
3541,0.6202090592334495
3542,0.6132404181184669
3543,0.6167247386759582
3544,0.6689895470383276
3545,0.6829268292682927
3546,0.6132404181184669
3547,0.5993031358885017
3548,0.6480836236933798
3549,0.662020905923345
3550,0.6062717770034843
3551,0.627177700348432
3552,0.6585365853658537
3553,0.6411149825783972
3554,0.6341463414634146
3555,0.6236933797909407
3556,0.662020905923345
3557,0.6550522648083623
3558,0.5993031358885017
3559,0.6341463414634146
3560,0.6689895470383276
3561,0.6376306620209059
3562,0.6167247386759582
3563,0.6236933797909407
3564,0.6202090592334495
3565,0.6759581881533101
3566,0.6411149825783972
3567,0.6585365853658537
3568,0.6585365853658537
3569,0.627177700348432
3570,0.6306620209059234
3571,0.6515679442508711
3572,0.6341463414634146
3573,0.6202090592334495
3574,0.6376306620209059
3575,0.6097560975609756
3576,0.6655052264808362
3577,0.6202090592334495
3578,0.5853658536585366
3579,0.6445993031358885
3580,0.6306620209059234
3581,0.6202090592334495
3582,0.6480836236933798
3583,0.6585365853658537
3584,0.6411149825783972
3585,0.6236933797909407
3586,0.6132404181184669
3587,0.6306620209059234
3588,0.6655052264808362
3589,0.662020905923345
3590,0.6655052264808362
3591,0.6376306620209059
3592,0.6515679442508711
3593,0.662020905923345
3594,0.6062717770034843
3595,0.5853658536585366
3596,0.6202090592334495
3597,0.6236933797909407
3598,0.6655052264808362
3599,0.5958188153310104
3600,0.6376306620209059
3601,0.6480836236933798
3602,0.5853658536585366
3603,0.6341463414634146
3604,0.6167247386759582
3605,0.662020905923345
3606,0.662020905923345
3607,0.6550522648083623
3608,0.6411149825783972
3609,0.5749128919860628
3610,0.6167247386759582
3611,0.5923344947735192
3612,0.6236933797909407
3613,0.6515679442508711
3614,0.6202090592334495
3615,0.6480836236933798
3616,0.6376306620209059
3617,0.6132404181184669
3618,0.6097560975609756
3619,0.6515679442508711
3620,0.6027874564459931
3621,0.6515679442508711
3622,0.6794425087108014
3623,0.6027874564459931
3624,0.6167247386759582
3625,0.6550522648083623
3626,0.6376306620209059
3627,0.6376306620209059
3628,0.6236933797909407
3629,0.6515679442508711
3630,0.554006968641115
3631,0.5993031358885017
3632,0.6376306620209059
3633,0.6341463414634146
3634,0.6376306620209059
3635,0.6724738675958188
3636,0.6585365853658537
3637,0.5958188153310104
3638,0.6132404181184669
3639,0.6550522648083623
3640,0.6236933797909407
3641,0.5888501742160279
3642,0.6689895470383276
3643,0.6097560975609756
3644,0.6202090592334495
3645,0.6445993031358885
3646,0.6202090592334495
3647,0.5958188153310104
3648,0.662020905923345
3649,0.6376306620209059
3650,0.627177700348432
3651,0.6550522648083623
3652,0.6585365853658537
3653,0.5958188153310104
3654,0.5714285714285714
3655,0.6376306620209059
3656,0.5923344947735192
3657,0.6306620209059234
3658,0.6411149825783972
3659,0.6341463414634146
3660,0.6341463414634146
3661,0.5993031358885017
3662,0.6585365853658537
3663,0.6411149825783972
3664,0.6062717770034843
3665,0.6655052264808362
3666,0.6097560975609756
3667,0.6794425087108014
3668,0.6480836236933798
3669,0.6062717770034843
3670,0.6655052264808362
3671,0.6132404181184669
3672,0.6480836236933798
3673,0.578397212543554
3674,0.6236933797909407
3675,0.6445993031358885
3676,0.627177700348432
3677,0.662020905923345
3678,0.6829268292682927
3679,0.578397212543554
3680,0.6236933797909407
3681,0.6585365853658537
3682,0.6341463414634146
3683,0.5993031358885017
3684,0.6376306620209059
3685,0.6306620209059234
3686,0.6341463414634146
3687,0.6202090592334495
3688,0.6236933797909407
3689,0.6132404181184669
3690,0.5923344947735192
3691,0.6376306620209059
3692,0.6167247386759582
3693,0.6306620209059234
3694,0.5749128919860628
3695,0.6027874564459931
3696,0.5853658536585366
3697,0.6132404181184669
3698,0.6411149825783972
3699,0.6097560975609756
3700,0.6062717770034843
3701,0.6236933797909407
3702,0.6132404181184669
3703,0.6689895470383276
3704,0.6376306620209059
3705,0.6062717770034843
3706,0.6411149825783972
3707,0.6550522648083623
3708,0.627177700348432
3709,0.6445993031358885
3710,0.6341463414634146
3711,0.6236933797909407
3712,0.6236933797909407
3713,0.6236933797909407
3714,0.6306620209059234
3715,0.6585365853658537
3716,0.6167247386759582
3717,0.6585365853658537
3718,0.6167247386759582
3719,0.5958188153310104
3720,0.6097560975609756
3721,0.662020905923345
3722,0.6027874564459931
3723,0.6655052264808362
3724,0.627177700348432
3725,0.6411149825783972
3726,0.6167247386759582
3727,0.6376306620209059
3728,0.6794425087108014
3729,0.6968641114982579
3730,0.6306620209059234
3731,0.6236933797909407
3732,0.578397212543554
3733,0.627177700348432
3734,0.6341463414634146
3735,0.5993031358885017
3736,0.6167247386759582
3737,0.6306620209059234
3738,0.6411149825783972
3739,0.6480836236933798
3740,0.6933797909407665
3741,0.6480836236933798
3742,0.5853658536585366
3743,0.6202090592334495
3744,0.6202090592334495
3745,0.5993031358885017
3746,0.662020905923345
3747,0.5958188153310104
3748,0.6097560975609756
3749,0.6515679442508711
3750,0.6724738675958188
3751,0.6132404181184669
3752,0.6341463414634146
3753,0.627177700348432
3754,0.6445993031358885
3755,0.6202090592334495
3756,0.6724738675958188
3757,0.6097560975609756
3758,0.6306620209059234
3759,0.6759581881533101
3760,0.6689895470383276
3761,0.6585365853658537
3762,0.6724738675958188
3763,0.7073170731707317
3764,0.6480836236933798
3765,0.6097560975609756
3766,0.6724738675958188
3767,0.6655052264808362
3768,0.6759581881533101
3769,0.578397212543554
3770,0.6411149825783972
3771,0.6933797909407665
3772,0.6724738675958188
3773,0.6515679442508711
3774,0.6376306620209059
3775,0.6097560975609756
3776,0.6132404181184669
3777,0.6445993031358885
3778,0.6132404181184669
3779,0.6968641114982579
3780,0.6341463414634146
3781,0.6411149825783972
3782,0.6202090592334495
3783,0.627177700348432
3784,0.6341463414634146
3785,0.6027874564459931
3786,0.5993031358885017
3787,0.6132404181184669
3788,0.6655052264808362
3789,0.627177700348432
3790,0.6236933797909407
3791,0.6202090592334495
3792,0.6794425087108014
3793,0.6202090592334495
3794,0.6585365853658537
3795,0.6202090592334495
3796,0.6480836236933798
3797,0.6376306620209059
3798,0.7003484320557491
3799,0.627177700348432
3800,0.6097560975609756
3801,0.6376306620209059
3802,0.5958188153310104
3803,0.6829268292682927
3804,0.6445993031358885
3805,0.6655052264808362
3806,0.6550522648083623
3807,0.6202090592334495
3808,0.6341463414634146
3809,0.662020905923345
3810,0.6132404181184669
3811,0.6445993031358885
3812,0.6411149825783972
3813,0.6376306620209059
3814,0.6202090592334495
3815,0.6411149825783972
3816,0.6655052264808362
3817,0.6306620209059234
3818,0.6445993031358885
3819,0.6376306620209059
3820,0.6585365853658537
3821,0.627177700348432
3822,0.6759581881533101
3823,0.6202090592334495
3824,0.6376306620209059
3825,0.6411149825783972
3826,0.662020905923345
3827,0.6062717770034843
3828,0.6097560975609756
3829,0.6585365853658537
3830,0.6062717770034843
3831,0.6341463414634146
3832,0.6689895470383276
3833,0.6236933797909407
3834,0.6202090592334495
3835,0.6550522648083623
3836,0.662020905923345
3837,0.6376306620209059
3838,0.662020905923345
3839,0.6306620209059234
3840,0.6655052264808362
3841,0.627177700348432
3842,0.6202090592334495
3843,0.6829268292682927
3844,0.6236933797909407
3845,0.6515679442508711
3846,0.662020905923345
3847,0.6585365853658537
3848,0.6655052264808362
3849,0.6306620209059234
3850,0.6236933797909407
3851,0.6027874564459931
3852,0.6097560975609756
3853,0.6132404181184669
3854,0.6236933797909407
3855,0.5749128919860628
3856,0.5714285714285714
3857,0.6655052264808362
3858,0.6062717770034843
3859,0.6445993031358885
3860,0.6724738675958188
3861,0.6480836236933798
3862,0.6724738675958188
3863,0.6515679442508711
3864,0.627177700348432
3865,0.6132404181184669
3866,0.6445993031358885
3867,0.6655052264808362
3868,0.6202090592334495
3869,0.6341463414634146
3870,0.6550522648083623
3871,0.6689895470383276
3872,0.6376306620209059
3873,0.6202090592334495
3874,0.6306620209059234
3875,0.662020905923345
3876,0.5958188153310104
3877,0.6167247386759582
3878,0.6515679442508711
3879,0.6411149825783972
3880,0.6132404181184669
3881,0.6376306620209059
3882,0.5749128919860628
3883,0.6167247386759582
3884,0.6062717770034843
3885,0.6515679442508711
3886,0.5958188153310104
3887,0.6062717770034843
3888,0.6236933797909407
3889,0.6376306620209059
3890,0.627177700348432
3891,0.6759581881533101
3892,0.6480836236933798
3893,0.6515679442508711
3894,0.6411149825783972
3895,0.6202090592334495
3896,0.6689895470383276
3897,0.6480836236933798
3898,0.6236933797909407
3899,0.6480836236933798
3900,0.6411149825783972
3901,0.6724738675958188
3902,0.6236933797909407
3903,0.627177700348432
3904,0.6655052264808362
3905,0.6062717770034843
3906,0.578397212543554
3907,0.6167247386759582
3908,0.627177700348432
3909,0.6202090592334495
3910,0.6202090592334495
3911,0.6376306620209059
3912,0.6097560975609756
3913,0.6167247386759582
3914,0.6236933797909407
3915,0.6132404181184669
3916,0.6759581881533101
3917,0.6515679442508711
3918,0.6585365853658537
3919,0.6341463414634146
3920,0.662020905923345
3921,0.6445993031358885
3922,0.6236933797909407
3923,0.5923344947735192
3924,0.6306620209059234
3925,0.5505226480836237
3926,0.6097560975609756
3927,0.6515679442508711
3928,0.6480836236933798
3929,0.627177700348432
3930,0.6376306620209059
3931,0.5993031358885017
3932,0.627177700348432
3933,0.6376306620209059
3934,0.6515679442508711
3935,0.662020905923345
3936,0.627177700348432
3937,0.5993031358885017
3938,0.6202090592334495
3939,0.5888501742160279
3940,0.6376306620209059
3941,0.6132404181184669
3942,0.6933797909407665
3943,0.6480836236933798
3944,0.6341463414634146
3945,0.6341463414634146
3946,0.6689895470383276
3947,0.6585365853658537
3948,0.6027874564459931
3949,0.6829268292682927
3950,0.6306620209059234
3951,0.6445993031358885
3952,0.6376306620209059
3953,0.6724738675958188
3954,0.6724738675958188
3955,0.662020905923345
3956,0.627177700348432
3957,0.5888501742160279
3958,0.6376306620209059
3959,0.6306620209059234
3960,0.6202090592334495
3961,0.662020905923345
3962,0.6689895470383276
3963,0.6411149825783972
3964,0.6376306620209059
3965,0.6097560975609756
3966,0.5888501742160279
3967,0.6341463414634146
3968,0.6411149825783972
3969,0.6202090592334495
3970,0.686411149825784
3971,0.6376306620209059
3972,0.5993031358885017
3973,0.6376306620209059
3974,0.6480836236933798
3975,0.6411149825783972
3976,0.627177700348432
3977,0.627177700348432
3978,0.627177700348432
3979,0.6411149825783972
3980,0.5749128919860628
3981,0.6515679442508711
3982,0.627177700348432
3983,0.6167247386759582
3984,0.627177700348432
3985,0.6515679442508711
3986,0.6062717770034843
3987,0.6411149825783972
3988,0.5679442508710801
3989,0.6236933797909407
3990,0.5749128919860628
3991,0.627177700348432
3992,0.5853658536585366
3993,0.6585365853658537
3994,0.5958188153310104
3995,0.5958188153310104
3996,0.6236933797909407
3997,0.6132404181184669
3998,0.662020905923345
3999,0.6306620209059234
4000,0.5714285714285714
4001,0.6376306620209059
4002,0.5923344947735192
4003,0.627177700348432
4004,0.6655052264808362
4005,0.6515679442508711
4006,0.6445993031358885
4007,0.6132404181184669
4008,0.6202090592334495
4009,0.6585365853658537
4010,0.6898954703832753
4011,0.6550522648083623
4012,0.662020905923345
4013,0.662020905923345
4014,0.686411149825784
4015,0.6027874564459931
4016,0.6167247386759582
4017,0.6132404181184669
4018,0.6202090592334495
4019,0.6306620209059234
4020,0.6376306620209059
4021,0.5993031358885017
4022,0.6202090592334495
4023,0.6062717770034843
4024,0.6376306620209059
4025,0.6515679442508711
4026,0.6097560975609756
4027,0.6759581881533101
4028,0.5818815331010453
4029,0.6236933797909407
4030,0.6376306620209059
4031,0.6689895470383276
4032,0.6306620209059234
4033,0.5574912891986062
4034,0.6794425087108014
4035,0.6480836236933798
4036,0.6202090592334495
4037,0.6167247386759582
4038,0.6236933797909407
4039,0.6376306620209059
4040,0.6097560975609756
4041,0.6202090592334495
4042,0.662020905923345
4043,0.6829268292682927
4044,0.6480836236933798
4045,0.6550522648083623
4046,0.6097560975609756
4047,0.6376306620209059
4048,0.6480836236933798
4049,0.5958188153310104
4050,0.6236933797909407
4051,0.6306620209059234
4052,0.627177700348432
4053,0.5853658536585366
4054,0.6341463414634146
4055,0.6167247386759582
4056,0.6341463414634146
4057,0.6515679442508711
4058,0.6411149825783972
4059,0.6097560975609756
4060,0.6306620209059234
4061,0.6376306620209059
4062,0.6167247386759582
4063,0.6445993031358885
4064,0.6132404181184669
4065,0.6062717770034843
4066,0.6515679442508711
4067,0.6445993031358885
4068,0.6202090592334495
4069,0.6306620209059234
4070,0.6585365853658537
4071,0.6480836236933798
4072,0.6515679442508711
4073,0.6411149825783972
4074,0.627177700348432
4075,0.6445993031358885
4076,0.6167247386759582
4077,0.5958188153310104
4078,0.6898954703832753
4079,0.6202090592334495
4080,0.6759581881533101
4081,0.6341463414634146
4082,0.6306620209059234
4083,0.6167247386759582
4084,0.6550522648083623
4085,0.627177700348432
4086,0.6515679442508711
4087,0.6515679442508711
4088,0.6515679442508711
4089,0.6062717770034843
4090,0.6132404181184669
4091,0.6341463414634146
4092,0.627177700348432
4093,0.6202090592334495
4094,0.6341463414634146
4095,0.6167247386759582
4096,0.6306620209059234
4097,0.6097560975609756
4098,0.627177700348432
4099,0.6550522648083623
4100,0.6376306620209059
4101,0.6794425087108014
4102,0.5993031358885017
4103,0.6306620209059234
4104,0.578397212543554
4105,0.627177700348432
4106,0.6202090592334495
4107,0.6202090592334495
4108,0.627177700348432
4109,0.6202090592334495
4110,0.6062717770034843
4111,0.6411149825783972
4112,0.6480836236933798
4113,0.6306620209059234
4114,0.6167247386759582
4115,0.6480836236933798
4116,0.6341463414634146
4117,0.6202090592334495
4118,0.6445993031358885
4119,0.6515679442508711
4120,0.5644599303135889
4121,0.6306620209059234
4122,0.5853658536585366
4123,0.627177700348432
4124,0.5818815331010453
4125,0.6097560975609756
4126,0.6097560975609756
4127,0.5818815331010453
4128,0.6062717770034843
4129,0.662020905923345
4130,0.6202090592334495
4131,0.6341463414634146
4132,0.6202090592334495
4133,0.6027874564459931
4134,0.6202090592334495
4135,0.6724738675958188
4136,0.6202090592334495
4137,0.6236933797909407
4138,0.6550522648083623
4139,0.6306620209059234
4140,0.6236933797909407
4141,0.6376306620209059
4142,0.5958188153310104
4143,0.6132404181184669
4144,0.5644599303135889
4145,0.6097560975609756
4146,0.662020905923345
4147,0.6132404181184669
4148,0.6202090592334495
4149,0.6097560975609756
4150,0.6202090592334495
4151,0.5958188153310104
4152,0.5818815331010453
4153,0.5888501742160279
4154,0.6027874564459931
4155,0.6794425087108014
4156,0.6585365853658537
4157,0.6306620209059234
4158,0.6759581881533101
4159,0.5993031358885017
4160,0.6515679442508711
4161,0.6480836236933798
4162,0.6411149825783972
4163,0.6411149825783972
4164,0.6376306620209059
4165,0.6550522648083623
4166,0.5853658536585366
4167,0.6097560975609756
4168,0.6027874564459931
4169,0.6132404181184669
4170,0.6236933797909407
4171,0.6445993031358885
4172,0.6062717770034843
4173,0.6062717770034843
4174,0.6689895470383276
4175,0.6236933797909407
4176,0.6411149825783972
4177,0.6027874564459931
4178,0.6550522648083623
4179,0.6306620209059234
4180,0.6236933797909407
4181,0.6062717770034843
4182,0.5958188153310104
4183,0.6202090592334495
4184,0.5749128919860628
4185,0.6480836236933798
4186,0.5923344947735192
4187,0.6655052264808362
4188,0.5923344947735192
4189,0.6376306620209059
4190,0.6097560975609756
4191,0.6341463414634146
4192,0.6341463414634146
4193,0.6376306620209059
4194,0.5853658536585366
4195,0.6411149825783972
4196,0.6550522648083623
4197,0.710801393728223
4198,0.6236933797909407
4199,0.6550522648083623
4200,0.6655052264808362
4201,0.6097560975609756
4202,0.6236933797909407
4203,0.6515679442508711
4204,0.6341463414634146
4205,0.662020905923345
4206,0.6759581881533101
4207,0.6411149825783972
4208,0.6480836236933798
4209,0.5958188153310104
4210,0.6341463414634146
4211,0.6167247386759582
4212,0.6236933797909407
4213,0.6341463414634146
4214,0.6689895470383276
4215,0.6236933797909407
4216,0.6341463414634146
4217,0.6167247386759582
4218,0.5923344947735192
4219,0.627177700348432
4220,0.6376306620209059
4221,0.6236933797909407
4222,0.6550522648083623
4223,0.627177700348432
4224,0.6236933797909407
4225,0.6062717770034843
4226,0.6585365853658537
4227,0.6167247386759582
4228,0.6515679442508711
4229,0.6062717770034843
4230,0.6550522648083623
4231,0.6480836236933798
4232,0.686411149825784
4233,0.5888501742160279
4234,0.6411149825783972
4235,0.6132404181184669
4236,0.6445993031358885
4237,0.662020905923345
4238,0.5888501742160279
4239,0.6376306620209059
4240,0.6689895470383276
4241,0.6202090592334495
4242,0.6550522648083623
4243,0.6550522648083623
4244,0.6236933797909407
4245,0.5923344947735192
4246,0.5958188153310104
4247,0.6585365853658537
4248,0.6202090592334495
4249,0.5958188153310104
4250,0.6202090592334495
4251,0.6236933797909407
4252,0.6655052264808362
4253,0.6480836236933798
4254,0.6202090592334495
4255,0.6167247386759582
4256,0.6062717770034843
4257,0.6306620209059234
4258,0.6062717770034843
4259,0.6376306620209059
4260,0.627177700348432
4261,0.6236933797909407
4262,0.6341463414634146
4263,0.6027874564459931
4264,0.6236933797909407
4265,0.6027874564459931
4266,0.5993031358885017
4267,0.6480836236933798
4268,0.6097560975609756
4269,0.6236933797909407
4270,0.6585365853658537
4271,0.6341463414634146
4272,0.6097560975609756
4273,0.5888501742160279
4274,0.6933797909407665
4275,0.5993031358885017
4276,0.5958188153310104
4277,0.6550522648083623
4278,0.627177700348432
4279,0.6480836236933798
4280,0.6202090592334495
4281,0.6202090592334495
4282,0.6202090592334495
4283,0.6480836236933798
4284,0.627177700348432
4285,0.6167247386759582
4286,0.6689895470383276
4287,0.6236933797909407
4288,0.6236933797909407
4289,0.5923344947735192
4290,0.578397212543554
4291,0.578397212543554
4292,0.6585365853658537
4293,0.6306620209059234
4294,0.6062717770034843
4295,0.6132404181184669
4296,0.662020905923345
4297,0.6480836236933798
4298,0.6236933797909407
4299,0.6027874564459931
4300,0.6480836236933798
4301,0.627177700348432
4302,0.6341463414634146
4303,0.6689895470383276
4304,0.6550522648083623
4305,0.6306620209059234
4306,0.6132404181184669
4307,0.627177700348432
4308,0.686411149825784
4309,0.578397212543554
4310,0.6306620209059234
4311,0.686411149825784
4312,0.6724738675958188
4313,0.6515679442508711
4314,0.627177700348432
4315,0.6202090592334495
4316,0.6306620209059234
4317,0.6132404181184669
4318,0.5818815331010453
4319,0.6167247386759582
4320,0.627177700348432
4321,0.6411149825783972
4322,0.6132404181184669
4323,0.6202090592334495
4324,0.6236933797909407
4325,0.6341463414634146
4326,0.6655052264808362
4327,0.6411149825783972
4328,0.6132404181184669
4329,0.6202090592334495
4330,0.6167247386759582
4331,0.6411149825783972
4332,0.6376306620209059
4333,0.6027874564459931
4334,0.6341463414634146
4335,0.6515679442508711
4336,0.6306620209059234
4337,0.6445993031358885
4338,0.6515679442508711
4339,0.6306620209059234
4340,0.627177700348432
4341,0.6445993031358885
4342,0.6097560975609756
4343,0.6480836236933798
4344,0.6480836236933798
4345,0.6689895470383276
4346,0.6376306620209059
4347,0.6202090592334495
4348,0.6515679442508711
4349,0.6480836236933798
4350,0.6724738675958188
4351,0.6236933797909407
4352,0.6550522648083623
4353,0.6202090592334495
4354,0.6167247386759582
4355,0.6167247386759582
4356,0.6306620209059234
4357,0.5714285714285714
4358,0.6411149825783972
4359,0.6236933797909407
4360,0.6097560975609756
4361,0.6097560975609756
4362,0.6306620209059234
4363,0.6445993031358885
4364,0.6167247386759582
4365,0.6027874564459931
4366,0.6202090592334495
4367,0.6306620209059234
4368,0.627177700348432
4369,0.6480836236933798
4370,0.6132404181184669
4371,0.6236933797909407
4372,0.6376306620209059
4373,0.6341463414634146
4374,0.6167247386759582
4375,0.6794425087108014
4376,0.6550522648083623
4377,0.6411149825783972
4378,0.6585365853658537
4379,0.6445993031358885
4380,0.627177700348432
4381,0.6097560975609756
4382,0.6445993031358885
4383,0.6062717770034843
4384,0.6515679442508711
4385,0.6515679442508711
4386,0.6341463414634146
4387,0.6515679442508711
4388,0.5958188153310104
4389,0.6515679442508711
4390,0.6933797909407665
4391,0.6411149825783972
4392,0.6480836236933798
4393,0.6027874564459931
4394,0.6445993031358885
4395,0.6132404181184669
4396,0.6585365853658537
4397,0.627177700348432
4398,0.5853658536585366
4399,0.5923344947735192
4400,0.6306620209059234
4401,0.627177700348432
4402,0.6376306620209059
4403,0.6759581881533101
4404,0.6132404181184669
4405,0.6376306620209059
4406,0.6132404181184669
4407,0.6376306620209059
4408,0.6759581881533101
4409,0.6341463414634146
4410,0.6202090592334495
4411,0.6027874564459931
4412,0.6550522648083623
4413,0.6341463414634146
4414,0.5923344947735192
4415,0.6306620209059234
4416,0.6132404181184669
4417,0.627177700348432
4418,0.6585365853658537
4419,0.6236933797909407
4420,0.6236933797909407
4421,0.6411149825783972
4422,0.6655052264808362
4423,0.6376306620209059
4424,0.6341463414634146
4425,0.5853658536585366
4426,0.5888501742160279
4427,0.6445993031358885
4428,0.6202090592334495
4429,0.6167247386759582
4430,0.6550522648083623
4431,0.627177700348432
4432,0.5923344947735192
4433,0.6167247386759582
4434,0.627177700348432
4435,0.6376306620209059
4436,0.6202090592334495
4437,0.6445993031358885
4438,0.6550522648083623
4439,0.6202090592334495
4440,0.6062717770034843
4441,0.6167247386759582
4442,0.6132404181184669
4443,0.6724738675958188
4444,0.5993031358885017
4445,0.6480836236933798
4446,0.5923344947735192
4447,0.6445993031358885
4448,0.6480836236933798
4449,0.6411149825783972
4450,0.6411149825783972
4451,0.6515679442508711
4452,0.6027874564459931
4453,0.6062717770034843
4454,0.6306620209059234
4455,0.6341463414634146
4456,0.6515679442508711
4457,0.6132404181184669
4458,0.6202090592334495
4459,0.6202090592334495
4460,0.6585365853658537
4461,0.6445993031358885
4462,0.5993031358885017
4463,0.6376306620209059
4464,0.6480836236933798
4465,0.5993031358885017
4466,0.5923344947735192
4467,0.6585365853658537
4468,0.6341463414634146
4469,0.6411149825783972
4470,0.6062717770034843
4471,0.627177700348432
4472,0.6550522648083623
4473,0.6445993031358885
4474,0.6585365853658537
4475,0.6376306620209059
4476,0.6236933797909407
4477,0.6724738675958188
4478,0.6376306620209059
4479,0.6480836236933798
4480,0.6515679442508711
4481,0.6480836236933798
4482,0.5923344947735192
4483,0.6202090592334495
4484,0.6689895470383276
4485,0.6515679442508711
4486,0.6585365853658537
4487,0.6689895470383276
4488,0.6515679442508711
4489,0.6062717770034843
4490,0.6341463414634146
4491,0.6794425087108014
4492,0.6236933797909407
4493,0.6411149825783972
4494,0.6202090592334495
4495,0.6724738675958188
4496,0.6306620209059234
4497,0.6027874564459931
4498,0.6585365853658537
4499,0.6411149825783972
4500,0.6480836236933798
4501,0.6097560975609756
4502,0.6306620209059234
4503,0.6376306620209059
4504,0.627177700348432
4505,0.6341463414634146
4506,0.6167247386759582
4507,0.6202090592334495
4508,0.6306620209059234
4509,0.6062717770034843
4510,0.5958188153310104
4511,0.6097560975609756
4512,0.6341463414634146
4513,0.5818815331010453
4514,0.6550522648083623
4515,0.6480836236933798
4516,0.6480836236933798
4517,0.6376306620209059
4518,0.6445993031358885
4519,0.6480836236933798
4520,0.6480836236933798
4521,0.6202090592334495
4522,0.5993031358885017
4523,0.6376306620209059
4524,0.5958188153310104
4525,0.6027874564459931
4526,0.6202090592334495
4527,0.6202090592334495
4528,0.662020905923345
4529,0.5958188153310104
4530,0.6585365853658537
4531,0.6759581881533101
4532,0.5923344947735192
4533,0.6376306620209059
4534,0.6341463414634146
4535,0.6167247386759582
4536,0.6585365853658537
4537,0.6655052264808362
4538,0.6829268292682927
4539,0.6202090592334495
4540,0.6341463414634146
4541,0.6202090592334495
4542,0.5958188153310104
4543,0.6097560975609756
4544,0.662020905923345
4545,0.6341463414634146
4546,0.627177700348432
4547,0.6341463414634146
4548,0.6480836236933798
4549,0.662020905923345
4550,0.5853658536585366
4551,0.6480836236933798
4552,0.6167247386759582
4553,0.6167247386759582
4554,0.6097560975609756
4555,0.6794425087108014
4556,0.5958188153310104
4557,0.6376306620209059
4558,0.6202090592334495
4559,0.6341463414634146
4560,0.6480836236933798
4561,0.6376306620209059
4562,0.5958188153310104
4563,0.6968641114982579
4564,0.6097560975609756
4565,0.6585365853658537
4566,0.6585365853658537
4567,0.6968641114982579
4568,0.6515679442508711
4569,0.6376306620209059
4570,0.6411149825783972
4571,0.6062717770034843
4572,0.7038327526132404
4573,0.686411149825784
4574,0.627177700348432
4575,0.6480836236933798
4576,0.5993031358885017
4577,0.6306620209059234
4578,0.6306620209059234
4579,0.5958188153310104
4580,0.5818815331010453
4581,0.6202090592334495
4582,0.627177700348432
4583,0.662020905923345
4584,0.6515679442508711
4585,0.6167247386759582
4586,0.6585365853658537
4587,0.5853658536585366
4588,0.6027874564459931
4589,0.6515679442508711
4590,0.5958188153310104
4591,0.6689895470383276
4592,0.6724738675958188
4593,0.6167247386759582
4594,0.6306620209059234
4595,0.6480836236933798
4596,0.6236933797909407
4597,0.662020905923345
4598,0.6480836236933798
4599,0.6550522648083623
4600,0.6445993031358885
4601,0.6132404181184669
4602,0.6550522648083623
4603,0.6062717770034843
4604,0.6445993031358885
4605,0.6132404181184669
4606,0.6027874564459931
4607,0.6027874564459931
4608,0.5923344947735192
4609,0.6515679442508711
4610,0.578397212543554
4611,0.6306620209059234
4612,0.5993031358885017
4613,0.6411149825783972
4614,0.5888501742160279
4615,0.6515679442508711
4616,0.6306620209059234
4617,0.6655052264808362
4618,0.6167247386759582
4619,0.6306620209059234
4620,0.6724738675958188
4621,0.6585365853658537
4622,0.627177700348432
4623,0.6027874564459931
4624,0.6655052264808362
4625,0.6132404181184669
4626,0.662020905923345
4627,0.6341463414634146
4628,0.6550522648083623
4629,0.6167247386759582
4630,0.6202090592334495
4631,0.6411149825783972
4632,0.6132404181184669
4633,0.6515679442508711
4634,0.6376306620209059
4635,0.6236933797909407
4636,0.6097560975609756
4637,0.627177700348432
4638,0.6341463414634146
4639,0.6445993031358885
4640,0.6132404181184669
4641,0.5888501742160279
4642,0.6306620209059234
4643,0.5993031358885017
4644,0.662020905923345
4645,0.5958188153310104
4646,0.6550522648083623
4647,0.6480836236933798
4648,0.6062717770034843
4649,0.6480836236933798
4650,0.6550522648083623
4651,0.6202090592334495
4652,0.6306620209059234
4653,0.6167247386759582
4654,0.6236933797909407
4655,0.627177700348432
4656,0.6585365853658537
4657,0.6167247386759582
4658,0.6202090592334495
4659,0.5644599303135889
4660,0.6550522648083623
4661,0.5923344947735192
4662,0.6167247386759582
4663,0.6202090592334495
4664,0.6445993031358885
4665,0.6550522648083623
4666,0.6550522648083623
4667,0.6236933797909407
4668,0.5888501742160279
4669,0.6202090592334495
4670,0.5923344947735192
4671,0.6306620209059234
4672,0.6341463414634146
4673,0.6236933797909407
4674,0.6445993031358885
4675,0.5958188153310104
4676,0.6376306620209059
4677,0.6376306620209059
4678,0.6376306620209059
4679,0.6132404181184669
4680,0.6724738675958188
4681,0.5853658536585366
4682,0.6027874564459931
4683,0.5853658536585366
4684,0.6236933797909407
4685,0.6585365853658537
4686,0.6202090592334495
4687,0.6202090592334495
4688,0.662020905923345
4689,0.6411149825783972
4690,0.6341463414634146
4691,0.6236933797909407
4692,0.6759581881533101
4693,0.662020905923345
4694,0.6898954703832753
4695,0.6759581881533101
4696,0.6097560975609756
4697,0.6515679442508711
4698,0.5958188153310104
4699,0.6445993031358885
4700,0.6585365853658537
4701,0.6306620209059234
4702,0.6689895470383276
4703,0.5644599303135889
4704,0.6341463414634146
4705,0.6341463414634146
4706,0.662020905923345
4707,0.6376306620209059
4708,0.6236933797909407
4709,0.6515679442508711
4710,0.6306620209059234
4711,0.6655052264808362
4712,0.6167247386759582
4713,0.6655052264808362
4714,0.6202090592334495
4715,0.6236933797909407
4716,0.6480836236933798
4717,0.6306620209059234
4718,0.6132404181184669
4719,0.6376306620209059
4720,0.5958188153310104
4721,0.6759581881533101
4722,0.6550522648083623
4723,0.6585365853658537
4724,0.6062717770034843
4725,0.6132404181184669
4726,0.6411149825783972
4727,0.627177700348432
4728,0.662020905923345
4729,0.7073170731707317
4730,0.6236933797909407
4731,0.6376306620209059
4732,0.6341463414634146
4733,0.686411149825784
4734,0.6829268292682927
4735,0.6411149825783972
4736,0.6341463414634146
4737,0.6515679442508711
4738,0.6550522648083623
4739,0.627177700348432
4740,0.6480836236933798
4741,0.6027874564459931
4742,0.6027874564459931
4743,0.6202090592334495
4744,0.6167247386759582
4745,0.6132404181184669
4746,0.6097560975609756
4747,0.6132404181184669
4748,0.6097560975609756
4749,0.6411149825783972
4750,0.6306620209059234
4751,0.662020905923345
4752,0.6411149825783972
4753,0.6794425087108014
4754,0.6480836236933798
4755,0.5644599303135889
4756,0.6480836236933798
4757,0.6724738675958188
4758,0.6306620209059234
4759,0.6202090592334495
4760,0.662020905923345
4761,0.6062717770034843
4762,0.6515679442508711
4763,0.6724738675958188
4764,0.627177700348432
4765,0.6027874564459931
4766,0.6167247386759582
4767,0.6027874564459931
4768,0.6376306620209059
4769,0.6968641114982579
4770,0.6445993031358885
4771,0.6724738675958188
4772,0.5993031358885017
4773,0.6202090592334495
4774,0.6655052264808362
4775,0.5923344947735192
4776,0.5888501742160279
4777,0.662020905923345
4778,0.6062717770034843
4779,0.6236933797909407
4780,0.6689895470383276
4781,0.5923344947735192
4782,0.5993031358885017
4783,0.5818815331010453
4784,0.6341463414634146
4785,0.6480836236933798
4786,0.6445993031358885
4787,0.6236933797909407
4788,0.6550522648083623
4789,0.6097560975609756
4790,0.6515679442508711
4791,0.5818815331010453
4792,0.5818815331010453
4793,0.6167247386759582
4794,0.6480836236933798
4795,0.6689895470383276
4796,0.6306620209059234
4797,0.6306620209059234
4798,0.6062717770034843
4799,0.5888501742160279
4800,0.6306620209059234
4801,0.627177700348432
4802,0.6689895470383276
4803,0.6376306620209059
4804,0.6655052264808362
4805,0.6306620209059234
4806,0.6585365853658537
4807,0.627177700348432
4808,0.627177700348432
4809,0.627177700348432
4810,0.627177700348432
4811,0.6062717770034843
4812,0.6411149825783972
4813,0.578397212543554
4814,0.6167247386759582
4815,0.6236933797909407
4816,0.6515679442508711
4817,0.6202090592334495
4818,0.6306620209059234
4819,0.6027874564459931
4820,0.6655052264808362
4821,0.627177700348432
4822,0.6202090592334495
4823,0.6759581881533101
4824,0.5818815331010453
4825,0.6236933797909407
4826,0.6445993031358885
4827,0.6132404181184669
4828,0.5993031358885017
4829,0.6167247386759582
4830,0.6202090592334495
4831,0.6341463414634146
4832,0.578397212543554
4833,0.5923344947735192
4834,0.6236933797909407
4835,0.6411149825783972
4836,0.6202090592334495
4837,0.6341463414634146
4838,0.6411149825783972
4839,0.5958188153310104
4840,0.6132404181184669
4841,0.6376306620209059
4842,0.6097560975609756
4843,0.6480836236933798
4844,0.5993031358885017
4845,0.6515679442508711
4846,0.6097560975609756
4847,0.6132404181184669
4848,0.6376306620209059
4849,0.6759581881533101
4850,0.6167247386759582
4851,0.6306620209059234
4852,0.6376306620209059
4853,0.6341463414634146
4854,0.6341463414634146
4855,0.6376306620209059
4856,0.6027874564459931
4857,0.5993031358885017
4858,0.6689895470383276
4859,0.6236933797909407
4860,0.6341463414634146
4861,0.6515679442508711
4862,0.6411149825783972
4863,0.5853658536585366
4864,0.6341463414634146
4865,0.662020905923345
4866,0.6480836236933798
4867,0.6097560975609756
4868,0.5958188153310104
4869,0.6097560975609756
4870,0.6655052264808362
4871,0.6132404181184669
4872,0.5958188153310104
4873,0.6306620209059234
4874,0.6132404181184669
4875,0.6411149825783972
4876,0.627177700348432
4877,0.6062717770034843
4878,0.6202090592334495
4879,0.6445993031358885
4880,0.6411149825783972
4881,0.6306620209059234
4882,0.6167247386759582
4883,0.627177700348432
4884,0.6027874564459931
4885,0.6655052264808362
4886,0.627177700348432
4887,0.6062717770034843
4888,0.6306620209059234
4889,0.5958188153310104
4890,0.6480836236933798
4891,0.6306620209059234
4892,0.6376306620209059
4893,0.6550522648083623
4894,0.6062717770034843
4895,0.6167247386759582
4896,0.686411149825784
4897,0.6411149825783972
4898,0.5853658536585366
4899,0.6515679442508711
4900,0.6341463414634146
4901,0.627177700348432
4902,0.6411149825783972
4903,0.6376306620209059
4904,0.6376306620209059
4905,0.6759581881533101
4906,0.6132404181184669
4907,0.6724738675958188
4908,0.6097560975609756
4909,0.5958188153310104
4910,0.5609756097560976
4911,0.6027874564459931
4912,0.6445993031358885
4913,0.6759581881533101
4914,0.627177700348432
4915,0.6132404181184669
4916,0.662020905923345
4917,0.6027874564459931
4918,0.6411149825783972
4919,0.6411149825783972
4920,0.6167247386759582
4921,0.6202090592334495
4922,0.6202090592334495
4923,0.6550522648083623
4924,0.5923344947735192
4925,0.627177700348432
4926,0.6132404181184669
4927,0.6062717770034843
4928,0.6724738675958188
4929,0.6202090592334495
4930,0.6585365853658537
4931,0.6097560975609756
4932,0.6167247386759582
4933,0.5993031358885017
4934,0.6306620209059234
4935,0.627177700348432
4936,0.6376306620209059
4937,0.6689895470383276
4938,0.6794425087108014
4939,0.6027874564459931
4940,0.627177700348432
4941,0.6445993031358885
4942,0.6202090592334495
4943,0.6167247386759582
4944,0.5818815331010453
4945,0.6097560975609756
4946,0.6759581881533101
4947,0.6306620209059234
4948,0.6515679442508711
4949,0.6132404181184669
4950,0.6411149825783972
4951,0.5749128919860628
4952,0.6341463414634146
4953,0.6411149825783972
4954,0.6480836236933798
4955,0.6097560975609756
4956,0.7073170731707317
4957,0.6585365853658537
4958,0.6306620209059234
4959,0.6097560975609756
4960,0.6585365853658537
4961,0.6376306620209059
4962,0.5923344947735192
4963,0.5923344947735192
4964,0.6376306620209059
4965,0.5749128919860628
4966,0.6202090592334495
4967,0.6167247386759582
4968,0.6445993031358885
4969,0.6341463414634146
4970,0.6724738675958188
4971,0.6550522648083623
4972,0.6062717770034843
4973,0.6341463414634146
4974,0.6306620209059234
4975,0.6585365853658537
4976,0.6480836236933798
4977,0.6202090592334495
4978,0.627177700348432
4979,0.662020905923345
4980,0.627177700348432
4981,0.627177700348432
4982,0.6167247386759582
4983,0.6236933797909407
4984,0.5993031358885017
4985,0.6550522648083623
4986,0.6341463414634146
4987,0.6306620209059234
4988,0.6550522648083623
4989,0.6097560975609756
4990,0.6306620209059234
4991,0.662020905923345
4992,0.6724738675958188
4993,0.6097560975609756
4994,0.6202090592334495
4995,0.6411149825783972
4996,0.6341463414634146
4997,0.6236933797909407
4998,0.6306620209059234
4999,0.6515679442508711
5000,0.662020905923345
5001,0.6898954703832753
5002,0.6585365853658537
5003,0.6759581881533101
5004,0.6236933797909407
5005,0.6062717770034843
5006,0.6341463414634146
5007,0.662020905923345
5008,0.6202090592334495
5009,0.6445993031358885
5010,0.6515679442508711
5011,0.5958188153310104
5012,0.6933797909407665
5013,0.5923344947735192
5014,0.6027874564459931
5015,0.6341463414634146
5016,0.6132404181184669
5017,0.6550522648083623
5018,0.6202090592334495
5019,0.6655052264808362
5020,0.6167247386759582
5021,0.6027874564459931
5022,0.6202090592334495
5023,0.5853658536585366
5024,0.6341463414634146
5025,0.5958188153310104
5026,0.6794425087108014
5027,0.6341463414634146
5028,0.627177700348432
5029,0.5714285714285714
5030,0.6341463414634146
5031,0.7038327526132404
5032,0.6202090592334495
5033,0.6794425087108014
5034,0.6376306620209059
5035,0.6097560975609756
5036,0.6097560975609756
5037,0.5888501742160279
5038,0.627177700348432
5039,0.6202090592334495
5040,0.6132404181184669
5041,0.6167247386759582
5042,0.6202090592334495
5043,0.6341463414634146
5044,0.6062717770034843
5045,0.6132404181184669
5046,0.6585365853658537
5047,0.5958188153310104
5048,0.6202090592334495
5049,0.5714285714285714
5050,0.6306620209059234
5051,0.6655052264808362
5052,0.6376306620209059
5053,0.6062717770034843
5054,0.5749128919860628
5055,0.6724738675958188
5056,0.6376306620209059
5057,0.5888501742160279
5058,0.686411149825784
5059,0.6027874564459931
5060,0.686411149825784
5061,0.5958188153310104
5062,0.627177700348432
5063,0.6550522648083623
5064,0.6062717770034843
5065,0.6062717770034843
5066,0.662020905923345
5067,0.6515679442508711
5068,0.6341463414634146
5069,0.6411149825783972
5070,0.627177700348432
5071,0.662020905923345
5072,0.6097560975609756
5073,0.6167247386759582
5074,0.6097560975609756
5075,0.6515679442508711
5076,0.6132404181184669
5077,0.6202090592334495
5078,0.6027874564459931
5079,0.6097560975609756
5080,0.6306620209059234
5081,0.6167247386759582
5082,0.6515679442508711
5083,0.6027874564459931
5084,0.6236933797909407
5085,0.6097560975609756
5086,0.6306620209059234
5087,0.6759581881533101
5088,0.6167247386759582
5089,0.6411149825783972
5090,0.578397212543554
5091,0.6445993031358885
5092,0.6236933797909407
5093,0.6027874564459931
5094,0.5888501742160279
5095,0.5923344947735192
5096,0.6794425087108014
5097,0.6132404181184669
5098,0.6097560975609756
5099,0.5818815331010453
5100,0.627177700348432
5101,0.5923344947735192
5102,0.6376306620209059
5103,0.6376306620209059
5104,0.5993031358885017
5105,0.627177700348432
5106,0.5888501742160279
5107,0.6376306620209059
5108,0.6480836236933798
5109,0.5958188153310104
5110,0.6480836236933798
5111,0.6411149825783972
5112,0.6167247386759582
5113,0.6167247386759582
5114,0.6167247386759582
5115,0.6341463414634146
5116,0.6655052264808362
5117,0.5714285714285714
5118,0.6202090592334495
5119,0.6341463414634146
5120,0.6097560975609756
5121,0.627177700348432
5122,0.662020905923345
5123,0.627177700348432
5124,0.6341463414634146
5125,0.5993031358885017
5126,0.6202090592334495
5127,0.6202090592334495
5128,0.6376306620209059
5129,0.6062717770034843
5130,0.6236933797909407
5131,0.6132404181184669
5132,0.5923344947735192
5133,0.627177700348432
5134,0.6236933797909407
5135,0.6411149825783972
5136,0.6202090592334495
5137,0.6550522648083623
5138,0.6202090592334495
5139,0.6585365853658537
5140,0.6585365853658537
5141,0.6097560975609756
5142,0.6167247386759582
5143,0.5749128919860628
5144,0.6167247386759582
5145,0.5923344947735192
5146,0.6167247386759582
5147,0.627177700348432
5148,0.6794425087108014
5149,0.6027874564459931
5150,0.6411149825783972
5151,0.6689895470383276
5152,0.686411149825784
5153,0.627177700348432
5154,0.6097560975609756
5155,0.6411149825783972
5156,0.6341463414634146
5157,0.6480836236933798
5158,0.6202090592334495
5159,0.5958188153310104
5160,0.5888501742160279
5161,0.6655052264808362
5162,0.6062717770034843
5163,0.6132404181184669
5164,0.6027874564459931
5165,0.627177700348432
5166,0.6411149825783972
5167,0.627177700348432
5168,0.6132404181184669
5169,0.627177700348432
5170,0.6341463414634146
5171,0.5818815331010453
5172,0.6655052264808362
5173,0.6515679442508711
5174,0.6097560975609756
5175,0.6411149825783972
5176,0.6759581881533101
5177,0.6167247386759582
5178,0.6550522648083623
5179,0.6027874564459931
5180,0.6550522648083623
5181,0.6202090592334495
5182,0.6411149825783972
5183,0.5993031358885017
5184,0.6027874564459931
5185,0.6306620209059234
5186,0.6306620209059234
5187,0.6376306620209059
5188,0.6759581881533101
5189,0.6445993031358885
5190,0.6550522648083623
5191,0.6515679442508711
5192,0.6306620209059234
5193,0.6724738675958188
5194,0.662020905923345
5195,0.6550522648083623
5196,0.6445993031358885
5197,0.6480836236933798
5198,0.6480836236933798
5199,0.6550522648083623
5200,0.6202090592334495
5201,0.6132404181184669
5202,0.6550522648083623
5203,0.6306620209059234
5204,0.6585365853658537
5205,0.6341463414634146
5206,0.6202090592334495
5207,0.6306620209059234
5208,0.627177700348432
5209,0.6411149825783972
5210,0.5853658536585366
5211,0.627177700348432
5212,0.6411149825783972
5213,0.6515679442508711
5214,0.6585365853658537
5215,0.6027874564459931
5216,0.6445993031358885
5217,0.6062717770034843
5218,0.6027874564459931
5219,0.6236933797909407
5220,0.6236933797909407
5221,0.6724738675958188
5222,0.6306620209059234
5223,0.6306620209059234
5224,0.6097560975609756
5225,0.6062717770034843
5226,0.6480836236933798
5227,0.6306620209059234
5228,0.6655052264808362
5229,0.6202090592334495
5230,0.6759581881533101
5231,0.6306620209059234
5232,0.6132404181184669
5233,0.6062717770034843
5234,0.6411149825783972
5235,0.6341463414634146
5236,0.6341463414634146
5237,0.662020905923345
5238,0.6306620209059234
5239,0.627177700348432
5240,0.6306620209059234
5241,0.6445993031358885
5242,0.6445993031358885
5243,0.6027874564459931
5244,0.5993031358885017
5245,0.6202090592334495
5246,0.6236933797909407
5247,0.6062717770034843
5248,0.6445993031358885
5249,0.6306620209059234
5250,0.5853658536585366
5251,0.6411149825783972
5252,0.6480836236933798
5253,0.6167247386759582
5254,0.6411149825783972
5255,0.6132404181184669
5256,0.6202090592334495
5257,0.6655052264808362
5258,0.6236933797909407
5259,0.6376306620209059
5260,0.686411149825784
5261,0.662020905923345
5262,0.6550522648083623
5263,0.6097560975609756
5264,0.6027874564459931
5265,0.6341463414634146
5266,0.6585365853658537
5267,0.6202090592334495
5268,0.6062717770034843
5269,0.6341463414634146
5270,0.6689895470383276
5271,0.6306620209059234
5272,0.6550522648083623
5273,0.6167247386759582
5274,0.6933797909407665
5275,0.6411149825783972
5276,0.5888501742160279
5277,0.6027874564459931
5278,0.6306620209059234
5279,0.6167247386759582
5280,0.627177700348432
5281,0.6236933797909407
5282,0.6062717770034843
5283,0.6306620209059234
5284,0.6376306620209059
5285,0.6480836236933798
5286,0.6167247386759582
5287,0.6411149825783972
5288,0.6306620209059234
5289,0.6167247386759582
5290,0.6759581881533101
5291,0.6515679442508711
5292,0.5888501742160279
5293,0.6480836236933798
5294,0.6202090592334495
5295,0.5749128919860628
5296,0.6202090592334495
5297,0.6480836236933798
5298,0.578397212543554
5299,0.6480836236933798
5300,0.6759581881533101
5301,0.6445993031358885
5302,0.6724738675958188
5303,0.6724738675958188
5304,0.6655052264808362
5305,0.6515679442508711
5306,0.627177700348432
5307,0.6515679442508711
5308,0.5818815331010453
5309,0.627177700348432
5310,0.627177700348432
5311,0.6655052264808362
5312,0.6411149825783972
5313,0.6132404181184669
5314,0.6655052264808362
5315,0.6236933797909407
5316,0.6655052264808362
5317,0.6306620209059234
5318,0.6236933797909407
5319,0.6411149825783972
5320,0.6515679442508711
5321,0.6167247386759582
5322,0.6341463414634146
5323,0.6411149825783972
5324,0.6202090592334495
5325,0.686411149825784
5326,0.6585365853658537
5327,0.6062717770034843
5328,0.6306620209059234
5329,0.6829268292682927
5330,0.6097560975609756
5331,0.6655052264808362
5332,0.6550522648083623
5333,0.6689895470383276
5334,0.6968641114982579
5335,0.6898954703832753
5336,0.627177700348432
5337,0.6027874564459931
5338,0.5993031358885017
5339,0.6097560975609756
5340,0.5888501742160279
5341,0.6236933797909407
5342,0.6062717770034843
5343,0.6689895470383276
5344,0.6202090592334495
5345,0.627177700348432
5346,0.5993031358885017
5347,0.6202090592334495
5348,0.6445993031358885
5349,0.6341463414634146
5350,0.6376306620209059
5351,0.627177700348432
5352,0.6306620209059234
5353,0.5923344947735192
5354,0.6411149825783972
5355,0.6655052264808362
5356,0.6411149825783972
5357,0.6236933797909407
5358,0.6689895470383276
5359,0.6062717770034843
5360,0.6376306620209059
5361,0.6585365853658537
5362,0.5749128919860628
5363,0.6411149825783972
5364,0.627177700348432
5365,0.6480836236933798
5366,0.6376306620209059
5367,0.6341463414634146
5368,0.6480836236933798
5369,0.6306620209059234
5370,0.6550522648083623
5371,0.6445993031358885
5372,0.6550522648083623
5373,0.5923344947735192
5374,0.6689895470383276
5375,0.627177700348432
5376,0.6655052264808362
5377,0.6376306620209059
5378,0.6585365853658537
5379,0.6027874564459931
5380,0.6202090592334495
5381,0.6585365853658537
5382,0.6376306620209059
5383,0.6376306620209059
5384,0.6376306620209059
5385,0.6236933797909407
5386,0.578397212543554
5387,0.662020905923345
5388,0.6480836236933798
5389,0.6655052264808362
5390,0.6550522648083623
5391,0.6550522648083623
5392,0.6411149825783972
5393,0.5958188153310104
5394,0.6202090592334495
5395,0.5853658536585366
5396,0.6515679442508711
5397,0.6306620209059234
5398,0.6306620209059234
5399,0.6132404181184669
5400,0.6236933797909407
5401,0.6376306620209059
5402,0.5993031358885017
5403,0.6445993031358885
5404,0.6550522648083623
5405,0.7247386759581882
5406,0.7003484320557491
5407,0.6236933797909407
5408,0.6062717770034843
5409,0.6515679442508711
5410,0.6132404181184669
5411,0.627177700348432
5412,0.6376306620209059
5413,0.627177700348432
5414,0.6236933797909407
5415,0.6550522648083623
5416,0.6167247386759582
5417,0.6236933797909407
5418,0.6062717770034843
5419,0.662020905923345
5420,0.5993031358885017
5421,0.6132404181184669
5422,0.5818815331010453
5423,0.6376306620209059
5424,0.662020905923345
5425,0.5853658536585366
5426,0.627177700348432
5427,0.5888501742160279
5428,0.5993031358885017
5429,0.6341463414634146
5430,0.6480836236933798
5431,0.662020905923345
5432,0.662020905923345
5433,0.5993031358885017
5434,0.627177700348432
5435,0.627177700348432
5436,0.6376306620209059
5437,0.6341463414634146
5438,0.6585365853658537
5439,0.662020905923345
5440,0.6480836236933798
5441,0.5923344947735192
5442,0.6236933797909407
5443,0.6132404181184669
5444,0.5888501742160279
5445,0.6341463414634146
5446,0.6411149825783972
5447,0.6411149825783972
5448,0.6202090592334495
5449,0.6027874564459931
5450,0.6027874564459931
5451,0.6097560975609756
5452,0.6480836236933798
5453,0.5958188153310104
5454,0.7142857142857143
5455,0.6968641114982579
5456,0.627177700348432
5457,0.6306620209059234
5458,0.6794425087108014
5459,0.662020905923345
5460,0.6445993031358885
5461,0.6027874564459931
5462,0.578397212543554
5463,0.662020905923345
5464,0.6724738675958188
5465,0.6445993031358885
5466,0.6202090592334495
5467,0.627177700348432
5468,0.6550522648083623
5469,0.6759581881533101
5470,0.6097560975609756
5471,0.6480836236933798
5472,0.5993031358885017
5473,0.6445993031358885
5474,0.627177700348432
5475,0.6515679442508711
5476,0.6306620209059234
5477,0.5993031358885017
5478,0.6132404181184669
5479,0.6167247386759582
5480,0.662020905923345
5481,0.6515679442508711
5482,0.6376306620209059
5483,0.6236933797909407
5484,0.6585365853658537
5485,0.6655052264808362
5486,0.5435540069686411
5487,0.6550522648083623
5488,0.6515679442508711
5489,0.6132404181184669
5490,0.6655052264808362
5491,0.6167247386759582
5492,0.6202090592334495
5493,0.6167247386759582
5494,0.5923344947735192
5495,0.5923344947735192
5496,0.627177700348432
5497,0.6376306620209059
5498,0.5888501742160279
5499,0.627177700348432
5500,0.6376306620209059
5501,0.6062717770034843
5502,0.6236933797909407
5503,0.6132404181184669
5504,0.6306620209059234
5505,0.627177700348432
5506,0.6167247386759582
5507,0.6167247386759582
5508,0.6515679442508711
5509,0.6306620209059234
5510,0.6097560975609756
5511,0.6376306620209059
5512,0.6341463414634146
5513,0.6341463414634146
5514,0.6202090592334495
5515,0.6724738675958188
5516,0.6376306620209059
5517,0.627177700348432
5518,0.6376306620209059
5519,0.6515679442508711
5520,0.6306620209059234
5521,0.6411149825783972
5522,0.6167247386759582
5523,0.5993031358885017
5524,0.6445993031358885
5525,0.6550522648083623
5526,0.6480836236933798
5527,0.6306620209059234
5528,0.6202090592334495
5529,0.6202090592334495
5530,0.5958188153310104
5531,0.6202090592334495
5532,0.6341463414634146
5533,0.627177700348432
5534,0.6097560975609756
5535,0.6167247386759582
5536,0.6167247386759582
5537,0.6236933797909407
5538,0.6689895470383276
5539,0.6132404181184669
5540,0.6655052264808362
5541,0.6132404181184669
5542,0.5958188153310104
5543,0.6097560975609756
5544,0.6132404181184669
5545,0.6097560975609756
5546,0.6376306620209059
5547,0.6341463414634146
5548,0.6794425087108014
5549,0.5853658536585366
5550,0.5958188153310104
5551,0.6167247386759582
5552,0.6132404181184669
5553,0.6306620209059234
5554,0.6132404181184669
5555,0.6655052264808362
5556,0.6236933797909407
5557,0.6097560975609756
5558,0.6097560975609756
5559,0.6202090592334495
5560,0.6202090592334495
5561,0.6655052264808362
5562,0.6167247386759582
5563,0.7003484320557491
5564,0.6376306620209059
5565,0.6306620209059234
5566,0.6341463414634146
5567,0.6724738675958188
5568,0.6724738675958188
5569,0.662020905923345
5570,0.5958188153310104
5571,0.6376306620209059
5572,0.6097560975609756
5573,0.6515679442508711
5574,0.6306620209059234
5575,0.627177700348432
5576,0.6689895470383276
5577,0.5749128919860628
5578,0.6689895470383276
5579,0.6027874564459931
5580,0.5923344947735192
5581,0.6480836236933798
5582,0.578397212543554
5583,0.6480836236933798
5584,0.6306620209059234
5585,0.5749128919860628
5586,0.6167247386759582
5587,0.6236933797909407
5588,0.6132404181184669
5589,0.6585365853658537
5590,0.6097560975609756
5591,0.6655052264808362
5592,0.6027874564459931
5593,0.6550522648083623
5594,0.6202090592334495
5595,0.5888501742160279
5596,0.6480836236933798
5597,0.6689895470383276
5598,0.6132404181184669
5599,0.6306620209059234
5600,0.6515679442508711
5601,0.6411149825783972
5602,0.6097560975609756
5603,0.6655052264808362
5604,0.6202090592334495
5605,0.5749128919860628
5606,0.6480836236933798
5607,0.6445993031358885
5608,0.6550522648083623
5609,0.662020905923345
5610,0.5853658536585366
5611,0.6027874564459931
5612,0.5888501742160279
5613,0.5888501742160279
5614,0.6376306620209059
5615,0.6202090592334495
5616,0.6167247386759582
5617,0.6027874564459931
5618,0.662020905923345
5619,0.6411149825783972
5620,0.6236933797909407
5621,0.6236933797909407
5622,0.5714285714285714
5623,0.6515679442508711
5624,0.6376306620209059
5625,0.6689895470383276
5626,0.6027874564459931
5627,0.6759581881533101
5628,0.6062717770034843
5629,0.6236933797909407
5630,0.6341463414634146
5631,0.6306620209059234
5632,0.6376306620209059
5633,0.6341463414634146
5634,0.6411149825783972
5635,0.6306620209059234
5636,0.5749128919860628
5637,0.627177700348432
5638,0.6411149825783972
5639,0.6655052264808362
5640,0.6376306620209059
5641,0.6341463414634146
5642,0.662020905923345
5643,0.6480836236933798
5644,0.6132404181184669
5645,0.5993031358885017
5646,0.6202090592334495
5647,0.6445993031358885
5648,0.6794425087108014
5649,0.6097560975609756
5650,0.6306620209059234
5651,0.6202090592334495
5652,0.6445993031358885
5653,0.6550522648083623
5654,0.6167247386759582
5655,0.627177700348432
5656,0.6445993031358885
5657,0.6794425087108014
5658,0.6411149825783972
5659,0.6829268292682927
5660,0.627177700348432
5661,0.6376306620209059
5662,0.6027874564459931
5663,0.6097560975609756
5664,0.6411149825783972
5665,0.6794425087108014
5666,0.6411149825783972
5667,0.6027874564459931
5668,0.6341463414634146
5669,0.6376306620209059
5670,0.6202090592334495
5671,0.6306620209059234
5672,0.5818815331010453
5673,0.5853658536585366
5674,0.6236933797909407
5675,0.6306620209059234
5676,0.6306620209059234
5677,0.5853658536585366
5678,0.6202090592334495
5679,0.662020905923345
5680,0.6515679442508711
5681,0.5993031358885017
5682,0.6097560975609756
5683,0.6445993031358885
5684,0.6341463414634146
5685,0.6585365853658537
5686,0.6515679442508711
5687,0.6411149825783972
5688,0.6480836236933798
5689,0.6759581881533101
5690,0.5958188153310104
5691,0.6236933797909407
5692,0.6236933797909407
5693,0.6585365853658537
5694,0.6167247386759582
5695,0.6376306620209059
5696,0.662020905923345
5697,0.6689895470383276
5698,0.6132404181184669
5699,0.6097560975609756
5700,0.6933797909407665
5701,0.6411149825783972
5702,0.6550522648083623
5703,0.6097560975609756
5704,0.6411149825783972
5705,0.6480836236933798
5706,0.6236933797909407
5707,0.6202090592334495
5708,0.6306620209059234
5709,0.5993031358885017
5710,0.6376306620209059
5711,0.6515679442508711
5712,0.6585365853658537
5713,0.6236933797909407
5714,0.662020905923345
5715,0.5993031358885017
5716,0.627177700348432
5717,0.6341463414634146
5718,0.6202090592334495
5719,0.6202090592334495
5720,0.6306620209059234
5721,0.662020905923345
5722,0.6236933797909407
5723,0.6306620209059234
5724,0.6376306620209059
5725,0.5923344947735192
5726,0.6341463414634146
5727,0.6550522648083623
5728,0.6097560975609756
5729,0.6689895470383276
5730,0.6759581881533101
5731,0.6132404181184669
5732,0.6236933797909407
5733,0.6689895470383276
5734,0.5853658536585366
5735,0.6341463414634146
5736,0.6480836236933798
5737,0.6341463414634146
5738,0.6306620209059234
5739,0.6829268292682927
5740,0.6445993031358885
5741,0.6515679442508711
5742,0.6689895470383276
5743,0.6097560975609756
5744,0.5958188153310104
5745,0.6445993031358885
5746,0.6202090592334495
5747,0.6689895470383276
5748,0.6097560975609756
5749,0.6202090592334495
5750,0.6341463414634146
5751,0.6376306620209059
5752,0.6515679442508711
5753,0.5888501742160279
5754,0.6445993031358885
5755,0.6655052264808362
5756,0.627177700348432
5757,0.6376306620209059
5758,0.6306620209059234
5759,0.6689895470383276
5760,0.6062717770034843
5761,0.6445993031358885
5762,0.5993031358885017
5763,0.6724738675958188
5764,0.6480836236933798
5765,0.6445993031358885
5766,0.6411149825783972
5767,0.6689895470383276
5768,0.6132404181184669
5769,0.5644599303135889
5770,0.6132404181184669
5771,0.6306620209059234
5772,0.6933797909407665
5773,0.6167247386759582
5774,0.6167247386759582
5775,0.6202090592334495
5776,0.627177700348432
5777,0.5958188153310104
5778,0.6062717770034843
5779,0.6062717770034843
5780,0.6097560975609756
5781,0.6236933797909407
5782,0.6306620209059234
5783,0.6132404181184669
5784,0.5888501742160279
5785,0.5853658536585366
5786,0.578397212543554
5787,0.6515679442508711
5788,0.6097560975609756
5789,0.6027874564459931
5790,0.6097560975609756
5791,0.6411149825783972
5792,0.5958188153310104
5793,0.6167247386759582
5794,0.627177700348432
5795,0.627177700348432
5796,0.6306620209059234
5797,0.6027874564459931
5798,0.6724738675958188
5799,0.6202090592334495
5800,0.6689895470383276
5801,0.6411149825783972
5802,0.6132404181184669
5803,0.6480836236933798
5804,0.5958188153310104
5805,0.6445993031358885
5806,0.6027874564459931
5807,0.6306620209059234
5808,0.6585365853658537
5809,0.6376306620209059
5810,0.6445993031358885
5811,0.5923344947735192
5812,0.6062717770034843
5813,0.662020905923345
5814,0.627177700348432
5815,0.6480836236933798
5816,0.5853658536585366
5817,0.6794425087108014
5818,0.6515679442508711
5819,0.6341463414634146
5820,0.6480836236933798
5821,0.627177700348432
5822,0.6515679442508711
5823,0.6689895470383276
5824,0.5609756097560976
5825,0.662020905923345
5826,0.6202090592334495
5827,0.6341463414634146
5828,0.627177700348432
5829,0.6097560975609756
5830,0.6376306620209059
5831,0.6445993031358885
5832,0.6097560975609756
5833,0.6027874564459931
5834,0.6376306620209059
5835,0.6341463414634146
5836,0.6550522648083623
5837,0.5888501742160279
5838,0.6724738675958188
5839,0.6480836236933798
5840,0.6167247386759582
5841,0.7038327526132404
5842,0.6097560975609756
5843,0.6376306620209059
5844,0.6202090592334495
5845,0.6341463414634146
5846,0.6724738675958188
5847,0.6515679442508711
5848,0.6236933797909407
5849,0.6655052264808362
5850,0.6445993031358885
5851,0.6202090592334495
5852,0.6515679442508711
5853,0.5470383275261324
5854,0.6167247386759582
5855,0.6236933797909407
5856,0.5993031358885017
5857,0.6027874564459931
5858,0.6027874564459931
5859,0.662020905923345
5860,0.6515679442508711
5861,0.6411149825783972
5862,0.6132404181184669
5863,0.6236933797909407
5864,0.6376306620209059
5865,0.5749128919860628
5866,0.6689895470383276
5867,0.6306620209059234
5868,0.6445993031358885
5869,0.6759581881533101
5870,0.6202090592334495
5871,0.6829268292682927
5872,0.6236933797909407
5873,0.627177700348432
5874,0.6097560975609756
5875,0.5993031358885017
5876,0.6236933797909407
5877,0.6306620209059234
5878,0.6236933797909407
5879,0.6550522648083623
5880,0.6794425087108014
5881,0.6480836236933798
5882,0.6167247386759582
5883,0.6202090592334495
5884,0.5993031358885017
5885,0.6480836236933798
5886,0.5888501742160279
5887,0.6550522648083623
5888,0.6445993031358885
5889,0.6341463414634146
5890,0.6062717770034843
5891,0.6062717770034843
5892,0.5993031358885017
5893,0.6794425087108014
5894,0.6585365853658537
5895,0.6306620209059234
5896,0.6236933797909407
5897,0.6515679442508711
5898,0.6968641114982579
5899,0.627177700348432
5900,0.6062717770034843
5901,0.6236933797909407
5902,0.6689895470383276
5903,0.6829268292682927
5904,0.6132404181184669
5905,0.6167247386759582
5906,0.6062717770034843
5907,0.6097560975609756
5908,0.6236933797909407
5909,0.6411149825783972
5910,0.6341463414634146
5911,0.5993031358885017
5912,0.627177700348432
5913,0.6376306620209059
5914,0.6027874564459931
5915,0.6097560975609756
5916,0.5923344947735192
5917,0.6306620209059234
5918,0.6759581881533101
5919,0.6341463414634146
5920,0.6411149825783972
5921,0.6306620209059234
5922,0.5923344947735192
5923,0.6167247386759582
5924,0.5888501742160279
5925,0.6655052264808362
5926,0.662020905923345
5927,0.6097560975609756
5928,0.6480836236933798
5929,0.6167247386759582
5930,0.6027874564459931
5931,0.6655052264808362
5932,0.662020905923345
5933,0.6341463414634146
5934,0.6655052264808362
5935,0.627177700348432
5936,0.6306620209059234
5937,0.6062717770034843
5938,0.6968641114982579
5939,0.5993031358885017
5940,0.6411149825783972
5941,0.6306620209059234
5942,0.6202090592334495
5943,0.6689895470383276
5944,0.6689895470383276
5945,0.6341463414634146
5946,0.6376306620209059
5947,0.5714285714285714
5948,0.6341463414634146
5949,0.6515679442508711
5950,0.6341463414634146
5951,0.6062717770034843
5952,0.6445993031358885
5953,0.6515679442508711
5954,0.5749128919860628
5955,0.6202090592334495
5956,0.627177700348432
5957,0.5818815331010453
5958,0.6167247386759582
5959,0.6445993031358885
5960,0.6236933797909407
5961,0.6480836236933798
5962,0.6376306620209059
5963,0.6655052264808362
5964,0.662020905923345
5965,0.6550522648083623
5966,0.5958188153310104
5967,0.6759581881533101
5968,0.6445993031358885
5969,0.6585365853658537
5970,0.627177700348432
5971,0.6341463414634146
5972,0.6202090592334495
5973,0.6027874564459931
5974,0.662020905923345
5975,0.6411149825783972
5976,0.6236933797909407
5977,0.5888501742160279
5978,0.6027874564459931
5979,0.6759581881533101
5980,0.686411149825784
5981,0.6236933797909407
5982,0.6027874564459931
5983,0.6306620209059234
5984,0.6132404181184669
5985,0.6376306620209059
5986,0.6027874564459931
5987,0.5644599303135889
5988,0.627177700348432
5989,0.5609756097560976
5990,0.5714285714285714
5991,0.627177700348432
5992,0.6202090592334495
5993,0.627177700348432
5994,0.6236933797909407
5995,0.5923344947735192
5996,0.5958188153310104
5997,0.6306620209059234
5998,0.6167247386759582
5999,0.627177700348432
6000,0.6411149825783972
6001,0.6132404181184669
6002,0.6376306620209059
6003,0.6202090592334495
6004,0.6480836236933798
6005,0.627177700348432
6006,0.6202090592334495
6007,0.6341463414634146
6008,0.6480836236933798
6009,0.6202090592334495
6010,0.6585365853658537
6011,0.6341463414634146
6012,0.6445993031358885
6013,0.662020905923345
6014,0.5993031358885017
6015,0.6341463414634146
6016,0.6167247386759582
6017,0.6097560975609756
6018,0.5818815331010453
6019,0.6585365853658537
6020,0.6097560975609756
6021,0.6202090592334495
6022,0.6376306620209059
6023,0.6933797909407665
6024,0.6550522648083623
6025,0.5923344947735192
6026,0.5853658536585366
6027,0.6689895470383276
6028,0.6236933797909407
6029,0.6236933797909407
6030,0.6376306620209059
6031,0.5923344947735192
6032,0.6550522648083623
6033,0.6411149825783972
6034,0.5923344947735192
6035,0.6306620209059234
6036,0.6759581881533101
6037,0.6724738675958188
6038,0.6585365853658537
6039,0.6515679442508711
6040,0.6550522648083623
6041,0.6097560975609756
6042,0.6411149825783972
6043,0.686411149825784
6044,0.6655052264808362
6045,0.627177700348432
6046,0.6585365853658537
6047,0.6445993031358885
6048,0.6411149825783972
6049,0.5818815331010453
6050,0.5923344947735192
6051,0.6585365853658537
6052,0.6445993031358885
6053,0.6306620209059234
6054,0.6202090592334495
6055,0.6445993031358885
6056,0.6445993031358885
6057,0.5993031358885017
6058,0.6167247386759582
6059,0.6689895470383276
6060,0.6236933797909407
6061,0.6898954703832753
6062,0.5888501742160279
6063,0.662020905923345
6064,0.6236933797909407
6065,0.6097560975609756
6066,0.627177700348432
6067,0.6585365853658537
6068,0.6968641114982579
6069,0.5993031358885017
6070,0.6376306620209059
6071,0.5888501742160279
6072,0.6655052264808362
6073,0.6933797909407665
6074,0.6445993031358885
6075,0.5818815331010453
6076,0.5958188153310104
6077,0.6341463414634146
6078,0.6724738675958188
6079,0.6585365853658537
6080,0.6585365853658537
6081,0.6132404181184669
6082,0.6306620209059234
6083,0.6376306620209059
6084,0.6202090592334495
6085,0.6027874564459931
6086,0.6027874564459931
6087,0.627177700348432
6088,0.6097560975609756
6089,0.6968641114982579
6090,0.6585365853658537
6091,0.6829268292682927
6092,0.6445993031358885
6093,0.5993031358885017
6094,0.6480836236933798
6095,0.6550522648083623
6096,0.6202090592334495
6097,0.6724738675958188
6098,0.5888501742160279
6099,0.627177700348432
6100,0.662020905923345
6101,0.6132404181184669
6102,0.6341463414634146
6103,0.6445993031358885
6104,0.578397212543554
6105,0.6480836236933798
6106,0.5923344947735192
6107,0.6236933797909407
6108,0.6062717770034843
6109,0.6062717770034843
6110,0.6236933797909407
6111,0.6027874564459931
6112,0.5993031358885017
6113,0.6236933797909407
6114,0.6097560975609756
6115,0.6480836236933798
6116,0.6759581881533101
6117,0.6306620209059234
6118,0.6306620209059234
6119,0.6027874564459931
6120,0.6445993031358885
6121,0.627177700348432
6122,0.6585365853658537
6123,0.6445993031358885
6124,0.6236933797909407
6125,0.6724738675958188
6126,0.6097560975609756
6127,0.578397212543554
6128,0.6550522648083623
6129,0.627177700348432
6130,0.6097560975609756
6131,0.5993031358885017
6132,0.5993031358885017
6133,0.6411149825783972
6134,0.6759581881533101
6135,0.6585365853658537
6136,0.686411149825784
6137,0.6515679442508711
6138,0.6411149825783972
6139,0.6167247386759582
6140,0.5749128919860628
6141,0.627177700348432
6142,0.6480836236933798
6143,0.6585365853658537
6144,0.5888501742160279
6145,0.6968641114982579
6146,0.6097560975609756
6147,0.6062717770034843
6148,0.6132404181184669
6149,0.6480836236933798
6150,0.6236933797909407
6151,0.7038327526132404
6152,0.6550522648083623
6153,0.6689895470383276
6154,0.6236933797909407
6155,0.662020905923345
6156,0.6097560975609756
6157,0.6898954703832753
6158,0.6341463414634146
6159,0.6411149825783972
6160,0.5749128919860628
6161,0.627177700348432
6162,0.6655052264808362
6163,0.5923344947735192
6164,0.6341463414634146
6165,0.6550522648083623
6166,0.6689895470383276
6167,0.6306620209059234
6168,0.627177700348432
6169,0.6794425087108014
6170,0.6341463414634146
6171,0.6062717770034843
6172,0.6341463414634146
6173,0.6167247386759582
6174,0.578397212543554
6175,0.6480836236933798
6176,0.6724738675958188
6177,0.6097560975609756
6178,0.6027874564459931
6179,0.6062717770034843
6180,0.6898954703832753
6181,0.6829268292682927
6182,0.6062717770034843
6183,0.6445993031358885
6184,0.6306620209059234
6185,0.578397212543554
6186,0.6306620209059234
6187,0.6097560975609756
6188,0.5888501742160279
6189,0.6132404181184669
6190,0.6202090592334495
6191,0.6236933797909407
6192,0.6306620209059234
6193,0.6515679442508711
6194,0.6411149825783972
6195,0.6202090592334495
6196,0.6132404181184669
6197,0.6306620209059234
6198,0.6236933797909407
6199,0.686411149825784
6200,0.6480836236933798
6201,0.627177700348432
6202,0.6341463414634146
6203,0.6236933797909407
6204,0.627177700348432
6205,0.6027874564459931
6206,0.6794425087108014
6207,0.6480836236933798
6208,0.6236933797909407
6209,0.5958188153310104
6210,0.6202090592334495
6211,0.6236933797909407
6212,0.6236933797909407
6213,0.6341463414634146
6214,0.6480836236933798
6215,0.6759581881533101
6216,0.6515679442508711
6217,0.627177700348432
6218,0.6480836236933798
6219,0.6411149825783972
6220,0.6445993031358885
6221,0.6550522648083623
6222,0.6167247386759582
6223,0.6515679442508711
6224,0.6341463414634146
6225,0.6585365853658537
6226,0.627177700348432
6227,0.6132404181184669
6228,0.6550522648083623
6229,0.6445993031358885
6230,0.6655052264808362
6231,0.6202090592334495
6232,0.6167247386759582
6233,0.627177700348432
6234,0.6341463414634146
6235,0.6655052264808362
6236,0.6306620209059234
6237,0.6655052264808362
6238,0.6689895470383276
6239,0.5958188153310104
6240,0.627177700348432
6241,0.6202090592334495
6242,0.6411149825783972
6243,0.6132404181184669
6244,0.5644599303135889
6245,0.6236933797909407
6246,0.6306620209059234
6247,0.6933797909407665
6248,0.6480836236933798
6249,0.6376306620209059
6250,0.5853658536585366
6251,0.6655052264808362
6252,0.6724738675958188
6253,0.6062717770034843
6254,0.6445993031358885
6255,0.6411149825783972
6256,0.627177700348432
6257,0.6411149825783972
6258,0.6585365853658537
6259,0.6167247386759582
6260,0.6167247386759582
6261,0.6341463414634146
6262,0.6202090592334495
6263,0.6341463414634146
6264,0.6167247386759582
6265,0.6376306620209059
6266,0.6306620209059234
6267,0.6202090592334495
6268,0.686411149825784
6269,0.6759581881533101
6270,0.6585365853658537
6271,0.5818815331010453
6272,0.6306620209059234
6273,0.6794425087108014
6274,0.6515679442508711
6275,0.5470383275261324
6276,0.6027874564459931
6277,0.6411149825783972
6278,0.627177700348432
6279,0.6306620209059234
6280,0.6585365853658537
6281,0.6132404181184669
6282,0.5923344947735192
6283,0.6724738675958188
6284,0.578397212543554
6285,0.6655052264808362
6286,0.6097560975609756
6287,0.6411149825783972
6288,0.6341463414634146
6289,0.6236933797909407
6290,0.6167247386759582
6291,0.6306620209059234
6292,0.6341463414634146
6293,0.6097560975609756
6294,0.6411149825783972
6295,0.6515679442508711
6296,0.6202090592334495
6297,0.627177700348432
6298,0.6515679442508711
6299,0.5993031358885017
6300,0.6167247386759582
6301,0.6445993031358885
6302,0.6376306620209059
6303,0.6515679442508711
6304,0.6376306620209059
6305,0.6132404181184669
6306,0.6167247386759582
6307,0.6480836236933798
6308,0.6376306620209059
6309,0.6724738675958188
6310,0.6515679442508711
6311,0.6376306620209059
6312,0.6306620209059234
6313,0.6341463414634146
6314,0.6411149825783972
6315,0.6968641114982579
6316,0.6376306620209059
6317,0.627177700348432
6318,0.6655052264808362
6319,0.5958188153310104
6320,0.6550522648083623
6321,0.6550522648083623
6322,0.6550522648083623
6323,0.5888501742160279
6324,0.5993031358885017
6325,0.6829268292682927
6326,0.6411149825783972
6327,0.5923344947735192
6328,0.6306620209059234
6329,0.5818815331010453
6330,0.6515679442508711
6331,0.6480836236933798
6332,0.6167247386759582
6333,0.5644599303135889
6334,0.6585365853658537
6335,0.6445993031358885
6336,0.6585365853658537
6337,0.6411149825783972
6338,0.627177700348432
6339,0.6306620209059234
6340,0.6794425087108014
6341,0.6445993031358885
6342,0.5958188153310104
6343,0.6933797909407665
6344,0.6376306620209059
6345,0.6236933797909407
6346,0.5888501742160279
6347,0.6202090592334495
6348,0.6097560975609756
6349,0.6445993031358885
6350,0.6480836236933798
6351,0.6132404181184669
6352,0.6898954703832753
6353,0.6376306620209059
6354,0.6202090592334495
6355,0.6097560975609756
6356,0.6376306620209059
6357,0.6445993031358885
6358,0.6167247386759582
6359,0.5714285714285714
6360,0.6236933797909407
6361,0.6376306620209059
6362,0.6097560975609756
6363,0.6759581881533101
6364,0.6202090592334495
6365,0.627177700348432
6366,0.6585365853658537
6367,0.5993031358885017
6368,0.6515679442508711
6369,0.6550522648083623
6370,0.6515679442508711
6371,0.6132404181184669
6372,0.6341463414634146
6373,0.6236933797909407
6374,0.6097560975609756
6375,0.6411149825783972
6376,0.6202090592334495
6377,0.6341463414634146
6378,0.6306620209059234
6379,0.6968641114982579
6380,0.6236933797909407
6381,0.5993031358885017
6382,0.6411149825783972
6383,0.6167247386759582
6384,0.6585365853658537
6385,0.5749128919860628
6386,0.6585365853658537
6387,0.6445993031358885
6388,0.5853658536585366
6389,0.6132404181184669
6390,0.6341463414634146
6391,0.5958188153310104
6392,0.6062717770034843
6393,0.6829268292682927
6394,0.6132404181184669
6395,0.6062717770034843
6396,0.5958188153310104
6397,0.5609756097560976
6398,0.6027874564459931
6399,0.6341463414634146
6400,0.6062717770034843
6401,0.662020905923345
6402,0.662020905923345
6403,0.6341463414634146
6404,0.6236933797909407
6405,0.6306620209059234
6406,0.6062717770034843
6407,0.6411149825783972
6408,0.6236933797909407
6409,0.5853658536585366
6410,0.6585365853658537
6411,0.6167247386759582
6412,0.5749128919860628
6413,0.627177700348432
6414,0.6480836236933798
6415,0.6550522648083623
6416,0.5853658536585366
6417,0.6341463414634146
6418,0.6829268292682927
6419,0.6167247386759582
6420,0.686411149825784
6421,0.5958188153310104
6422,0.627177700348432
6423,0.627177700348432
6424,0.6236933797909407
6425,0.6236933797909407
6426,0.6480836236933798
6427,0.6689895470383276
6428,0.6411149825783972
6429,0.6655052264808362
6430,0.6167247386759582
6431,0.6411149825783972
6432,0.6759581881533101
6433,0.627177700348432
6434,0.6794425087108014
6435,0.662020905923345
6436,0.5993031358885017
6437,0.6167247386759582
6438,0.6341463414634146
6439,0.627177700348432
6440,0.6376306620209059
6441,0.6550522648083623
6442,0.6236933797909407
6443,0.6202090592334495
6444,0.627177700348432
6445,0.6376306620209059
6446,0.6480836236933798
6447,0.6411149825783972
6448,0.6132404181184669
6449,0.6306620209059234
6450,0.6515679442508711
6451,0.6445993031358885
6452,0.5993031358885017
6453,0.5888501742160279
6454,0.6062717770034843
6455,0.5714285714285714
6456,0.6794425087108014
6457,0.6202090592334495
6458,0.6097560975609756
6459,0.6411149825783972
6460,0.6585365853658537
6461,0.6689895470383276
6462,0.6097560975609756
6463,0.6202090592334495
6464,0.6202090592334495
6465,0.627177700348432
6466,0.6202090592334495
6467,0.6933797909407665
6468,0.5749128919860628
6469,0.6689895470383276
6470,0.6898954703832753
6471,0.6097560975609756
6472,0.6898954703832753
6473,0.6376306620209059
6474,0.6027874564459931
6475,0.6411149825783972
6476,0.5993031358885017
6477,0.6585365853658537
6478,0.6411149825783972
6479,0.6167247386759582
6480,0.6202090592334495
6481,0.6480836236933798
6482,0.5853658536585366
6483,0.5714285714285714
6484,0.6341463414634146
6485,0.6236933797909407
6486,0.6236933797909407
6487,0.627177700348432
6488,0.6376306620209059
6489,0.6550522648083623
6490,0.6550522648083623
6491,0.6202090592334495
6492,0.6480836236933798
6493,0.662020905923345
6494,0.6027874564459931
6495,0.6167247386759582
6496,0.6689895470383276
6497,0.6515679442508711
6498,0.5923344947735192
6499,0.6167247386759582
6500,0.6585365853658537
6501,0.578397212543554
6502,0.6167247386759582
6503,0.578397212543554
6504,0.6306620209059234
6505,0.7003484320557491
6506,0.6689895470383276
6507,0.6411149825783972
6508,0.5714285714285714
6509,0.6445993031358885
6510,0.6550522648083623
6511,0.5993031358885017
6512,0.5574912891986062
6513,0.6480836236933798
6514,0.6480836236933798
6515,0.6689895470383276
6516,0.6097560975609756
6517,0.6132404181184669
6518,0.6341463414634146
6519,0.5993031358885017
6520,0.6376306620209059
6521,0.662020905923345
6522,0.6411149825783972
6523,0.5923344947735192
6524,0.6724738675958188
6525,0.6236933797909407
6526,0.6341463414634146
6527,0.6202090592334495
6528,0.627177700348432
6529,0.6027874564459931
6530,0.6445993031358885
6531,0.686411149825784
6532,0.6132404181184669
6533,0.627177700348432
6534,0.6585365853658537
6535,0.6236933797909407
6536,0.5923344947735192
6537,0.6306620209059234
6538,0.6306620209059234
6539,0.6550522648083623
6540,0.5853658536585366
6541,0.6236933797909407
6542,0.6202090592334495
6543,0.6445993031358885
6544,0.662020905923345
6545,0.6341463414634146
6546,0.6585365853658537
6547,0.6480836236933798
6548,0.6167247386759582
6549,0.6376306620209059
6550,0.5923344947735192
6551,0.6202090592334495
6552,0.6445993031358885
6553,0.6341463414634146
6554,0.6445993031358885
6555,0.5923344947735192
6556,0.5923344947735192
6557,0.6689895470383276
6558,0.6306620209059234
6559,0.627177700348432
6560,0.6376306620209059
6561,0.6202090592334495
6562,0.6236933797909407
6563,0.6550522648083623
6564,0.6445993031358885
6565,0.5993031358885017
6566,0.6132404181184669
6567,0.6480836236933798
6568,0.627177700348432
6569,0.6236933797909407
6570,0.6515679442508711
6571,0.6724738675958188
6572,0.6794425087108014
6573,0.5923344947735192
6574,0.6411149825783972
6575,0.6480836236933798
6576,0.6411149825783972
6577,0.6097560975609756
6578,0.6306620209059234
6579,0.6655052264808362
6580,0.6794425087108014
6581,0.6480836236933798
6582,0.6585365853658537
6583,0.6341463414634146
6584,0.6655052264808362
6585,0.6376306620209059
6586,0.6341463414634146
6587,0.662020905923345
6588,0.6062717770034843
6589,0.5818815331010453
6590,0.6411149825783972
6591,0.627177700348432
6592,0.6515679442508711
6593,0.5749128919860628
6594,0.6376306620209059
6595,0.5958188153310104
6596,0.6480836236933798
6597,0.6062717770034843
6598,0.627177700348432
6599,0.6306620209059234
6600,0.6376306620209059
6601,0.5993031358885017
6602,0.6411149825783972
6603,0.6167247386759582
6604,0.6515679442508711
6605,0.5958188153310104
6606,0.627177700348432
6607,0.6341463414634146
6608,0.5958188153310104
6609,0.5923344947735192
6610,0.6236933797909407
6611,0.662020905923345
6612,0.6550522648083623
6613,0.6411149825783972
6614,0.6167247386759582
6615,0.6341463414634146
6616,0.6167247386759582
6617,0.662020905923345
6618,0.662020905923345
6619,0.6306620209059234
6620,0.6132404181184669
6621,0.6306620209059234
6622,0.6794425087108014
6623,0.6167247386759582
6624,0.6236933797909407
6625,0.627177700348432
6626,0.627177700348432
6627,0.627177700348432
6628,0.6376306620209059
6629,0.6376306620209059
6630,0.6411149825783972
6631,0.6202090592334495
6632,0.5714285714285714
6633,0.6376306620209059
6634,0.6062717770034843
6635,0.6829268292682927
6636,0.6480836236933798
6637,0.6097560975609756
6638,0.6445993031358885
6639,0.6480836236933798
6640,0.6097560975609756
6641,0.5609756097560976
6642,0.6341463414634146
6643,0.6306620209059234
6644,0.6550522648083623
6645,0.6132404181184669
6646,0.6724738675958188
6647,0.6376306620209059
6648,0.5993031358885017
6649,0.6376306620209059
6650,0.6655052264808362
6651,0.6724738675958188
6652,0.6167247386759582
6653,0.6202090592334495
6654,0.686411149825784
6655,0.6097560975609756
6656,0.627177700348432
6657,0.6480836236933798
6658,0.6062717770034843
6659,0.6724738675958188
6660,0.6306620209059234
6661,0.6062717770034843
6662,0.6341463414634146
6663,0.5749128919860628
6664,0.5574912891986062
6665,0.578397212543554
6666,0.6655052264808362
6667,0.6341463414634146
6668,0.6445993031358885
6669,0.6411149825783972
6670,0.6306620209059234
6671,0.662020905923345
6672,0.6411149825783972
6673,0.6655052264808362
6674,0.6480836236933798
6675,0.5818815331010453
6676,0.6062717770034843
6677,0.662020905923345
6678,0.6236933797909407
6679,0.6132404181184669
6680,0.6689895470383276
6681,0.627177700348432
6682,0.627177700348432
6683,0.6411149825783972
6684,0.6097560975609756
6685,0.6202090592334495
6686,0.6027874564459931
6687,0.627177700348432
6688,0.6097560975609756
6689,0.6585365853658537
6690,0.5993031358885017
6691,0.6027874564459931
6692,0.6759581881533101
6693,0.6062717770034843
6694,0.6341463414634146
6695,0.6724738675958188
6696,0.6480836236933798
6697,0.6445993031358885
6698,0.627177700348432
6699,0.6376306620209059
6700,0.6236933797909407
6701,0.6376306620209059
6702,0.627177700348432
6703,0.6585365853658537
6704,0.6097560975609756
6705,0.6341463414634146
6706,0.6585365853658537
6707,0.6376306620209059
6708,0.6445993031358885
6709,0.6724738675958188
6710,0.6550522648083623
6711,0.6062717770034843
6712,0.627177700348432
6713,0.627177700348432
6714,0.6132404181184669
6715,0.6341463414634146
6716,0.6759581881533101
6717,0.6132404181184669
6718,0.6376306620209059
6719,0.6132404181184669
6720,0.6202090592334495
6721,0.6515679442508711
6722,0.662020905923345
6723,0.5644599303135889
6724,0.6480836236933798
6725,0.5923344947735192
6726,0.6341463414634146
6727,0.6829268292682927
6728,0.6306620209059234
6729,0.6306620209059234
6730,0.6341463414634146
6731,0.6411149825783972
6732,0.6376306620209059
6733,0.627177700348432
6734,0.5888501742160279
6735,0.6550522648083623
6736,0.6411149825783972
6737,0.5993031358885017
6738,0.5749128919860628
6739,0.6376306620209059
6740,0.6167247386759582
6741,0.6341463414634146
6742,0.6655052264808362
6743,0.6341463414634146
6744,0.6968641114982579
6745,0.6689895470383276
6746,0.6411149825783972
6747,0.6027874564459931
6748,0.6376306620209059
6749,0.6655052264808362
6750,0.6515679442508711
6751,0.6062717770034843
6752,0.6759581881533101
6753,0.5993031358885017
6754,0.6585365853658537
6755,0.578397212543554
6756,0.6236933797909407
6757,0.6062717770034843
6758,0.6585365853658537
6759,0.627177700348432
6760,0.6341463414634146
6761,0.6167247386759582
6762,0.6411149825783972
6763,0.6445993031358885
6764,0.6202090592334495
6765,0.6794425087108014
6766,0.6411149825783972
6767,0.627177700348432
6768,0.627177700348432
6769,0.6341463414634146
6770,0.6027874564459931
6771,0.6689895470383276
6772,0.5749128919860628
6773,0.5958188153310104
6774,0.6411149825783972
6775,0.6132404181184669
6776,0.6829268292682927
6777,0.6376306620209059
6778,0.6341463414634146
6779,0.6480836236933798
6780,0.6376306620209059
6781,0.5888501742160279
6782,0.5923344947735192
6783,0.6027874564459931
6784,0.5853658536585366
6785,0.6097560975609756
6786,0.6376306620209059
6787,0.6480836236933798
6788,0.5923344947735192
6789,0.6062717770034843
6790,0.6341463414634146
6791,0.662020905923345
6792,0.5644599303135889
6793,0.5923344947735192
6794,0.5958188153310104
6795,0.5888501742160279
6796,0.6132404181184669
6797,0.6550522648083623
6798,0.6306620209059234
6799,0.6202090592334495
6800,0.627177700348432
6801,0.627177700348432
6802,0.6236933797909407
6803,0.6167247386759582
6804,0.6585365853658537
6805,0.6376306620209059
6806,0.5958188153310104
6807,0.6097560975609756
6808,0.6376306620209059
6809,0.6062717770034843
6810,0.6341463414634146
6811,0.6550522648083623
6812,0.6167247386759582
6813,0.627177700348432
6814,0.6445993031358885
6815,0.6376306620209059
6816,0.6341463414634146
6817,0.6027874564459931
6818,0.6167247386759582
6819,0.6202090592334495
6820,0.6062717770034843
6821,0.6306620209059234
6822,0.6689895470383276
6823,0.6411149825783972
6824,0.6202090592334495
6825,0.6062717770034843
6826,0.662020905923345
6827,0.6341463414634146
6828,0.6167247386759582
6829,0.5923344947735192
6830,0.5888501742160279
6831,0.6097560975609756
6832,0.6376306620209059
6833,0.6062717770034843
6834,0.627177700348432
6835,0.6236933797909407
6836,0.6306620209059234
6837,0.6480836236933798
6838,0.6655052264808362
6839,0.5853658536585366
6840,0.6132404181184669
6841,0.6202090592334495
6842,0.6411149825783972
6843,0.6515679442508711
6844,0.6376306620209059
6845,0.6515679442508711
6846,0.5923344947735192
6847,0.6585365853658537
6848,0.6480836236933798
6849,0.6724738675958188
6850,0.6202090592334495
6851,0.5679442508710801
6852,0.6097560975609756
6853,0.6794425087108014
6854,0.6515679442508711
6855,0.6480836236933798
6856,0.6341463414634146
6857,0.6167247386759582
6858,0.6759581881533101
6859,0.5958188153310104
6860,0.6411149825783972
6861,0.6027874564459931
6862,0.6167247386759582
6863,0.6480836236933798
6864,0.627177700348432
6865,0.6445993031358885
6866,0.6097560975609756
6867,0.5644599303135889
6868,0.6341463414634146
6869,0.6341463414634146
6870,0.6062717770034843
6871,0.6655052264808362
6872,0.5679442508710801
6873,0.6132404181184669
6874,0.6097560975609756
6875,0.6236933797909407
6876,0.6027874564459931
6877,0.6480836236933798
6878,0.686411149825784
6879,0.6411149825783972
6880,0.6411149825783972
6881,0.6202090592334495
6882,0.6515679442508711
6883,0.6411149825783972
6884,0.627177700348432
6885,0.6550522648083623
6886,0.6445993031358885
6887,0.6341463414634146
6888,0.6236933797909407
6889,0.6132404181184669
6890,0.6411149825783972
6891,0.6306620209059234
6892,0.6236933797909407
6893,0.6132404181184669
6894,0.6689895470383276
6895,0.627177700348432
6896,0.6167247386759582
6897,0.6132404181184669
6898,0.6411149825783972
6899,0.6376306620209059
6900,0.6689895470383276
6901,0.6515679442508711
6902,0.6480836236933798
6903,0.6550522648083623
6904,0.5923344947735192
6905,0.6132404181184669
6906,0.6167247386759582
6907,0.6341463414634146
6908,0.6097560975609756
6909,0.5958188153310104
6910,0.6376306620209059
6911,0.6202090592334495
6912,0.6341463414634146
6913,0.5888501742160279
6914,0.6585365853658537
6915,0.6411149825783972
6916,0.6411149825783972
6917,0.6132404181184669
6918,0.6202090592334495
6919,0.6202090592334495
6920,0.6132404181184669
6921,0.6027874564459931
6922,0.6411149825783972
6923,0.662020905923345
6924,0.6515679442508711
6925,0.6202090592334495
6926,0.6202090592334495
6927,0.6411149825783972
6928,0.6097560975609756
6929,0.6515679442508711
6930,0.5958188153310104
6931,0.5958188153310104
6932,0.5888501742160279
6933,0.6411149825783972
6934,0.6689895470383276
6935,0.6898954703832753
6936,0.6306620209059234
6937,0.6759581881533101
6938,0.6445993031358885
6939,0.6236933797909407
6940,0.6202090592334495
6941,0.662020905923345
6942,0.6550522648083623
6943,0.6202090592334495
6944,0.627177700348432
6945,0.6759581881533101
6946,0.6027874564459931
6947,0.6167247386759582
6948,0.6341463414634146
6949,0.627177700348432
6950,0.6655052264808362
6951,0.6376306620209059
6952,0.6167247386759582
6953,0.6027874564459931
6954,0.6550522648083623
6955,0.686411149825784
6956,0.6132404181184669
6957,0.6202090592334495
6958,0.6515679442508711
6959,0.6585365853658537
6960,0.6655052264808362
6961,0.627177700348432
6962,0.5993031358885017
6963,0.6515679442508711
6964,0.6411149825783972
6965,0.6376306620209059
6966,0.6167247386759582
6967,0.6132404181184669
6968,0.627177700348432
6969,0.5958188153310104
6970,0.6411149825783972
6971,0.6236933797909407
6972,0.6027874564459931
6973,0.662020905923345
6974,0.5609756097560976
6975,0.6376306620209059
6976,0.6027874564459931
6977,0.6027874564459931
6978,0.6411149825783972
6979,0.662020905923345
6980,0.6585365853658537
6981,0.6829268292682927
6982,0.5958188153310104
6983,0.6550522648083623
6984,0.6202090592334495
6985,0.6480836236933798
6986,0.6202090592334495
6987,0.627177700348432
6988,0.6167247386759582
6989,0.6411149825783972
6990,0.6236933797909407
6991,0.6132404181184669
6992,0.5853658536585366
6993,0.6236933797909407
6994,0.6306620209059234
6995,0.6132404181184669
6996,0.6445993031358885
6997,0.6585365853658537
6998,0.6376306620209059
6999,0.6655052264808362
7000,0.5993031358885017
7001,0.6829268292682927
7002,0.6167247386759582
7003,0.6480836236933798
7004,0.6167247386759582
7005,0.6062717770034843
7006,0.6689895470383276
7007,0.6236933797909407
7008,0.686411149825784
7009,0.6027874564459931
7010,0.6480836236933798
7011,0.7003484320557491
7012,0.6376306620209059
7013,0.5958188153310104
7014,0.6550522648083623
7015,0.6445993031358885
7016,0.6550522648083623
7017,0.6097560975609756
7018,0.5923344947735192
7019,0.6376306620209059
7020,0.6341463414634146
7021,0.6341463414634146
7022,0.6480836236933798
7023,0.6480836236933798
7024,0.6202090592334495
7025,0.6097560975609756
7026,0.5993031358885017
7027,0.6167247386759582
7028,0.6062717770034843
7029,0.6062717770034843
7030,0.6689895470383276
7031,0.6202090592334495
7032,0.6480836236933798
7033,0.6445993031358885
7034,0.6515679442508711
7035,0.6376306620209059
7036,0.6480836236933798
7037,0.6306620209059234
7038,0.5888501742160279
7039,0.627177700348432
7040,0.6411149825783972
7041,0.6724738675958188
7042,0.662020905923345
7043,0.6515679442508711
7044,0.6132404181184669
7045,0.6480836236933798
7046,0.6968641114982579
7047,0.6759581881533101
7048,0.662020905923345
7049,0.6027874564459931
7050,0.6480836236933798
7051,0.6236933797909407
7052,0.6515679442508711
7053,0.6202090592334495
7054,0.6202090592334495
7055,0.6376306620209059
7056,0.6480836236933798
7057,0.6167247386759582
7058,0.6585365853658537
7059,0.6376306620209059
7060,0.6341463414634146
7061,0.6376306620209059
7062,0.6306620209059234
7063,0.6550522648083623
7064,0.5958188153310104
7065,0.6689895470383276
7066,0.6027874564459931
7067,0.6027874564459931
7068,0.6376306620209059
7069,0.6411149825783972
7070,0.6480836236933798
7071,0.6550522648083623
7072,0.6655052264808362
7073,0.6202090592334495
7074,0.6306620209059234
7075,0.6167247386759582
7076,0.627177700348432
7077,0.6724738675958188
7078,0.6202090592334495
7079,0.6480836236933798
7080,0.6411149825783972
7081,0.6445993031358885
7082,0.6202090592334495
7083,0.6376306620209059
7084,0.6585365853658537
7085,0.6724738675958188
7086,0.5993031358885017
7087,0.6202090592334495
7088,0.6376306620209059
7089,0.6306620209059234
7090,0.5958188153310104
7091,0.6306620209059234
7092,0.6132404181184669
7093,0.6550522648083623
7094,0.5958188153310104
7095,0.6097560975609756
7096,0.6585365853658537
7097,0.6132404181184669
7098,0.6202090592334495
7099,0.5888501742160279
7100,0.6306620209059234
7101,0.6689895470383276
7102,0.6445993031358885
7103,0.6097560975609756
7104,0.5644599303135889
7105,0.6585365853658537
7106,0.6585365853658537
7107,0.5958188153310104
7108,0.6236933797909407
7109,0.6445993031358885
7110,0.6411149825783972
7111,0.6480836236933798
7112,0.6167247386759582
7113,0.5993031358885017
7114,0.6411149825783972
7115,0.5923344947735192
7116,0.6480836236933798
7117,0.6027874564459931
7118,0.627177700348432
7119,0.6236933797909407
7120,0.6341463414634146
7121,0.6132404181184669
7122,0.6655052264808362
7123,0.6167247386759582
7124,0.6097560975609756
7125,0.662020905923345
7126,0.6480836236933798
7127,0.6132404181184669
7128,0.6062717770034843
7129,0.6376306620209059
7130,0.627177700348432
7131,0.627177700348432
7132,0.6062717770034843
7133,0.6167247386759582
7134,0.627177700348432
7135,0.6515679442508711
7136,0.627177700348432
7137,0.6306620209059234
7138,0.6968641114982579
7139,0.6341463414634146
7140,0.5888501742160279
7141,0.6236933797909407
7142,0.6027874564459931
7143,0.6376306620209059
7144,0.6376306620209059
7145,0.6132404181184669
7146,0.5923344947735192
7147,0.6132404181184669
7148,0.5958188153310104
7149,0.6132404181184669
7150,0.6550522648083623
7151,0.6167247386759582
7152,0.6480836236933798
7153,0.6480836236933798
7154,0.5923344947735192
7155,0.6132404181184669
7156,0.6376306620209059
7157,0.6445993031358885
7158,0.6097560975609756
7159,0.6445993031358885
7160,0.6236933797909407
7161,0.6167247386759582
7162,0.627177700348432
7163,0.6411149825783972
7164,0.5993031358885017
7165,0.6236933797909407
7166,0.6341463414634146
7167,0.6306620209059234
7168,0.6341463414634146
7169,0.5749128919860628
7170,0.6376306620209059
7171,0.6411149825783972
7172,0.6167247386759582
7173,0.6236933797909407
7174,0.6724738675958188
7175,0.6097560975609756
7176,0.6306620209059234
7177,0.627177700348432
7178,0.5993031358885017
7179,0.6655052264808362
7180,0.6480836236933798
7181,0.6236933797909407
7182,0.5993031358885017
7183,0.6585365853658537
7184,0.662020905923345
7185,0.5853658536585366
7186,0.6480836236933798
7187,0.6480836236933798
7188,0.6236933797909407
7189,0.6306620209059234
7190,0.6376306620209059
7191,0.6062717770034843
7192,0.6132404181184669
7193,0.6027874564459931
7194,0.6202090592334495
7195,0.6376306620209059
7196,0.6202090592334495
7197,0.6445993031358885
7198,0.6655052264808362
7199,0.5993031358885017
7200,0.6376306620209059
7201,0.5853658536585366
7202,0.627177700348432
7203,0.6376306620209059
7204,0.5993031358885017
7205,0.662020905923345
7206,0.6445993031358885
7207,0.6829268292682927
7208,0.6550522648083623
7209,0.6550522648083623
7210,0.6585365853658537
7211,0.6550522648083623
7212,0.6341463414634146
7213,0.6202090592334495
7214,0.6341463414634146
7215,0.5888501742160279
7216,0.6376306620209059
7217,0.5853658536585366
7218,0.6585365853658537
7219,0.6585365853658537
7220,0.6132404181184669
7221,0.6097560975609756
7222,0.6376306620209059
7223,0.5958188153310104
7224,0.6550522648083623
7225,0.6480836236933798
7226,0.5958188153310104
7227,0.6585365853658537
7228,0.6411149825783972
7229,0.6445993031358885
7230,0.6306620209059234
7231,0.627177700348432
7232,0.6655052264808362
7233,0.6132404181184669
7234,0.6132404181184669
7235,0.6655052264808362
7236,0.6341463414634146
7237,0.6445993031358885
7238,0.6306620209059234
7239,0.6027874564459931
7240,0.6376306620209059
7241,0.6167247386759582
7242,0.6480836236933798
7243,0.6445993031358885
7244,0.6968641114982579
7245,0.6167247386759582
7246,0.6202090592334495
7247,0.662020905923345
7248,0.6341463414634146
7249,0.6062717770034843
7250,0.6097560975609756
7251,0.6202090592334495
7252,0.6759581881533101
7253,0.6132404181184669
7254,0.6027874564459931
7255,0.6306620209059234
7256,0.6027874564459931
7257,0.6132404181184669
7258,0.6202090592334495
7259,0.6689895470383276
7260,0.6341463414634146
7261,0.6550522648083623
7262,0.6376306620209059
7263,0.6236933797909407
7264,0.627177700348432
7265,0.6341463414634146
7266,0.6411149825783972
7267,0.6550522648083623
7268,0.6167247386759582
7269,0.627177700348432
7270,0.6132404181184669
7271,0.6167247386759582
7272,0.6202090592334495
7273,0.6480836236933798
7274,0.6829268292682927
7275,0.6480836236933798
7276,0.6062717770034843
7277,0.6027874564459931
7278,0.6306620209059234
7279,0.6445993031358885
7280,0.6341463414634146
7281,0.5958188153310104
7282,0.6062717770034843
7283,0.6236933797909407
7284,0.6515679442508711
7285,0.5888501742160279
7286,0.627177700348432
7287,0.5644599303135889
7288,0.6480836236933798
7289,0.6132404181184669
7290,0.627177700348432
7291,0.6167247386759582
7292,0.6202090592334495
7293,0.6411149825783972
7294,0.6341463414634146
7295,0.6132404181184669
7296,0.6550522648083623
7297,0.6306620209059234
7298,0.6445993031358885
7299,0.6132404181184669
7300,0.5853658536585366
7301,0.6132404181184669
7302,0.6550522648083623
7303,0.5644599303135889
7304,0.6829268292682927
7305,0.6480836236933798
7306,0.6236933797909407
7307,0.662020905923345
7308,0.5853658536585366
7309,0.627177700348432
7310,0.6411149825783972
7311,0.6167247386759582
7312,0.6411149825783972
7313,0.6306620209059234
7314,0.627177700348432
7315,0.6306620209059234
7316,0.6202090592334495
7317,0.6236933797909407
7318,0.6445993031358885
7319,0.6376306620209059
7320,0.6759581881533101
7321,0.6411149825783972
7322,0.6306620209059234
7323,0.6480836236933798
7324,0.6341463414634146
7325,0.5993031358885017
7326,0.6097560975609756
7327,0.6515679442508711
7328,0.6236933797909407
7329,0.6306620209059234
7330,0.6306620209059234
7331,0.6097560975609756
7332,0.6550522648083623
7333,0.5853658536585366
7334,0.6689895470383276
7335,0.578397212543554
7336,0.6027874564459931
7337,0.6167247386759582
7338,0.6306620209059234
7339,0.6550522648083623
7340,0.662020905923345
7341,0.6480836236933798
7342,0.5993031358885017
7343,0.6515679442508711
7344,0.6515679442508711
7345,0.662020905923345
7346,0.6167247386759582
7347,0.5923344947735192
7348,0.6829268292682927
7349,0.6341463414634146
7350,0.6411149825783972
7351,0.6829268292682927
7352,0.6445993031358885
7353,0.6236933797909407
7354,0.6724738675958188
7355,0.6655052264808362
7356,0.6167247386759582
7357,0.627177700348432
7358,0.6027874564459931
7359,0.6898954703832753
7360,0.6097560975609756
7361,0.5958188153310104
7362,0.6411149825783972
7363,0.6550522648083623
7364,0.6202090592334495
7365,0.6027874564459931
7366,0.627177700348432
7367,0.6027874564459931
7368,0.578397212543554
7369,0.627177700348432
7370,0.686411149825784
7371,0.6411149825783972
7372,0.6062717770034843
7373,0.6341463414634146
7374,0.6445993031358885
7375,0.6550522648083623
7376,0.686411149825784
7377,0.6062717770034843
7378,0.6306620209059234
7379,0.6062717770034843
7380,0.6515679442508711
7381,0.6411149825783972
7382,0.6027874564459931
7383,0.5993031358885017
7384,0.6306620209059234
7385,0.6829268292682927
7386,0.6411149825783972
7387,0.6411149825783972
7388,0.6794425087108014
7389,0.6515679442508711
7390,0.6097560975609756
7391,0.627177700348432
7392,0.6062717770034843
7393,0.6480836236933798
7394,0.5853658536585366
7395,0.6027874564459931
7396,0.6132404181184669
7397,0.6062717770034843
7398,0.6480836236933798
7399,0.6341463414634146
7400,0.6202090592334495
7401,0.6829268292682927
7402,0.6027874564459931
7403,0.6097560975609756
7404,0.5749128919860628
7405,0.6411149825783972
7406,0.6167247386759582
7407,0.627177700348432
7408,0.6167247386759582
7409,0.6132404181184669
7410,0.5888501742160279
7411,0.5749128919860628
7412,0.6480836236933798
7413,0.6341463414634146
7414,0.627177700348432
7415,0.6132404181184669
7416,0.6445993031358885
7417,0.6480836236933798
7418,0.6097560975609756
7419,0.5993031358885017
7420,0.6306620209059234
7421,0.627177700348432
7422,0.6655052264808362
7423,0.6794425087108014
7424,0.6480836236933798
7425,0.6027874564459931
7426,0.6062717770034843
7427,0.6062717770034843
7428,0.6306620209059234
7429,0.6515679442508711
7430,0.6515679442508711
7431,0.6550522648083623
7432,0.6515679442508711
7433,0.6480836236933798
7434,0.6341463414634146
7435,0.6167247386759582
7436,0.6167247386759582
7437,0.5888501742160279
7438,0.6132404181184669
7439,0.6689895470383276
7440,0.6480836236933798
7441,0.6445993031358885
7442,0.6236933797909407
7443,0.5958188153310104
7444,0.5853658536585366
7445,0.662020905923345
7446,0.6236933797909407
7447,0.6132404181184669
7448,0.6236933797909407
7449,0.627177700348432
7450,0.6411149825783972
7451,0.6167247386759582
7452,0.6376306620209059
7453,0.6585365853658537
7454,0.6689895470383276
7455,0.5888501742160279
7456,0.6341463414634146
7457,0.686411149825784
7458,0.6167247386759582
7459,0.6167247386759582
7460,0.6376306620209059
7461,0.627177700348432
7462,0.6411149825783972
7463,0.6202090592334495
7464,0.627177700348432
7465,0.6341463414634146
7466,0.6550522648083623
7467,0.6376306620209059
7468,0.5923344947735192
7469,0.6167247386759582
7470,0.6027874564459931
7471,0.627177700348432
7472,0.5714285714285714
7473,0.6445993031358885
7474,0.6341463414634146
7475,0.6236933797909407
7476,0.5853658536585366
7477,0.5923344947735192
7478,0.5853658536585366
7479,0.5888501742160279
7480,0.5958188153310104
7481,0.6341463414634146
7482,0.5853658536585366
7483,0.6097560975609756
7484,0.6132404181184669
7485,0.6411149825783972
7486,0.6515679442508711
7487,0.6236933797909407
7488,0.6445993031358885
7489,0.6167247386759582
7490,0.6341463414634146
7491,0.6376306620209059
7492,0.6794425087108014
7493,0.6480836236933798
7494,0.6968641114982579
7495,0.6515679442508711
7496,0.6655052264808362
7497,0.6515679442508711
7498,0.6236933797909407
7499,0.6515679442508711
7500,0.6132404181184669
7501,0.6236933797909407
7502,0.6062717770034843
7503,0.6480836236933798
7504,0.627177700348432
7505,0.627177700348432
7506,0.6724738675958188
7507,0.6445993031358885
7508,0.5993031358885017
7509,0.6689895470383276
7510,0.627177700348432
7511,0.6585365853658537
7512,0.6306620209059234
7513,0.6550522648083623
7514,0.6236933797909407
7515,0.6167247386759582
7516,0.6236933797909407
7517,0.6550522648083623
7518,0.6341463414634146
7519,0.6550522648083623
7520,0.6306620209059234
7521,0.6655052264808362
7522,0.6202090592334495
7523,0.5888501742160279
7524,0.6550522648083623
7525,0.5958188153310104
7526,0.6027874564459931
7527,0.5993031358885017
7528,0.6306620209059234
7529,0.627177700348432
7530,0.5958188153310104
7531,0.6341463414634146
7532,0.6411149825783972
7533,0.6759581881533101
7534,0.6062717770034843
7535,0.5853658536585366
7536,0.6062717770034843
7537,0.6515679442508711
7538,0.5853658536585366
7539,0.5644599303135889
7540,0.6167247386759582
7541,0.6027874564459931
7542,0.6376306620209059
7543,0.5923344947735192
7544,0.6411149825783972
7545,0.6097560975609756
7546,0.5818815331010453
7547,0.627177700348432
7548,0.6202090592334495
7549,0.6097560975609756
7550,0.6202090592334495
7551,0.6167247386759582
7552,0.6376306620209059
7553,0.5923344947735192
7554,0.578397212543554
7555,0.6376306620209059
7556,0.6794425087108014
7557,0.627177700348432
7558,0.6759581881533101
7559,0.6585365853658537
7560,0.6097560975609756
7561,0.6550522648083623
7562,0.6411149825783972
7563,0.6027874564459931
7564,0.6480836236933798
7565,0.6480836236933798
7566,0.627177700348432
7567,0.5888501742160279
7568,0.6411149825783972
7569,0.6236933797909407
7570,0.6097560975609756
7571,0.6445993031358885
7572,0.6341463414634146
7573,0.6933797909407665
7574,0.662020905923345
7575,0.6550522648083623
7576,0.5923344947735192
7577,0.6655052264808362
7578,0.6202090592334495
7579,0.6027874564459931
7580,0.6341463414634146
7581,0.6132404181184669
7582,0.5923344947735192
7583,0.5923344947735192
7584,0.6724738675958188
7585,0.627177700348432
7586,0.6411149825783972
7587,0.7386759581881533
7588,0.6167247386759582
7589,0.6306620209059234
7590,0.6759581881533101
7591,0.6759581881533101
7592,0.6062717770034843
7593,0.6062717770034843
7594,0.6376306620209059
7595,0.6167247386759582
7596,0.6411149825783972
7597,0.6167247386759582
7598,0.6236933797909407
7599,0.6341463414634146
7600,0.6585365853658537
7601,0.627177700348432
7602,0.6585365853658537
7603,0.6027874564459931
7604,0.6411149825783972
7605,0.6480836236933798
7606,0.662020905923345
7607,0.662020905923345
7608,0.6376306620209059
7609,0.6585365853658537
7610,0.6585365853658537
7611,0.6027874564459931
7612,0.5923344947735192
7613,0.6202090592334495
7614,0.6341463414634146
7615,0.578397212543554
7616,0.6550522648083623
7617,0.6306620209059234
7618,0.6689895470383276
7619,0.6341463414634146
7620,0.6306620209059234
7621,0.6167247386759582
7622,0.6376306620209059
7623,0.6376306620209059
7624,0.6550522648083623
7625,0.6411149825783972
7626,0.6132404181184669
7627,0.6933797909407665
7628,0.6167247386759582
7629,0.5888501742160279
7630,0.6097560975609756
7631,0.6202090592334495
7632,0.5853658536585366
7633,0.6655052264808362
7634,0.6376306620209059
7635,0.6480836236933798
7636,0.5958188153310104
7637,0.6411149825783972
7638,0.627177700348432
7639,0.6480836236933798
7640,0.6341463414634146
7641,0.6097560975609756
7642,0.6411149825783972
7643,0.627177700348432
7644,0.6445993031358885
7645,0.6341463414634146
7646,0.6202090592334495
7647,0.5888501742160279
7648,0.6376306620209059
7649,0.6236933797909407
7650,0.6376306620209059
7651,0.5888501742160279
7652,0.5609756097560976
7653,0.6306620209059234
7654,0.6167247386759582
7655,0.6341463414634146
7656,0.6376306620209059
7657,0.6550522648083623
7658,0.6097560975609756
7659,0.5853658536585366
7660,0.6202090592334495
7661,0.6376306620209059
7662,0.6585365853658537
7663,0.6515679442508711
7664,0.6062717770034843
7665,0.6550522648083623
7666,0.6062717770034843
7667,0.6585365853658537
7668,0.627177700348432
7669,0.6376306620209059
7670,0.6376306620209059
7671,0.6411149825783972
7672,0.6341463414634146
7673,0.6202090592334495
7674,0.6202090592334495
7675,0.6236933797909407
7676,0.6515679442508711
7677,0.6585365853658537
7678,0.5853658536585366
7679,0.5958188153310104
7680,0.6132404181184669
7681,0.6202090592334495
7682,0.6898954703832753
7683,0.5853658536585366
7684,0.578397212543554
7685,0.6132404181184669
7686,0.6306620209059234
7687,0.6515679442508711
7688,0.6236933797909407
7689,0.6445993031358885
7690,0.5679442508710801
7691,0.6655052264808362
7692,0.6480836236933798
7693,0.6132404181184669
7694,0.6202090592334495
7695,0.6689895470383276
7696,0.6306620209059234
7697,0.6306620209059234
7698,0.6097560975609756
7699,0.6445993031358885
7700,0.5679442508710801
7701,0.6550522648083623
7702,0.6515679442508711
7703,0.6132404181184669
7704,0.6376306620209059
7705,0.6655052264808362
7706,0.5993031358885017
7707,0.6202090592334495
7708,0.6167247386759582
7709,0.6062717770034843
7710,0.6341463414634146
7711,0.578397212543554
7712,0.627177700348432
7713,0.6341463414634146
7714,0.5888501742160279
7715,0.6097560975609756
7716,0.6445993031358885
7717,0.6794425087108014
7718,0.6202090592334495
7719,0.6411149825783972
7720,0.662020905923345
7721,0.627177700348432
7722,0.6445993031358885
7723,0.6376306620209059
7724,0.6236933797909407
7725,0.6515679442508711
7726,0.5888501742160279
7727,0.6097560975609756
7728,0.6167247386759582
7729,0.5993031358885017
7730,0.6515679442508711
7731,0.627177700348432
7732,0.6445993031358885
7733,0.6515679442508711
7734,0.6341463414634146
7735,0.6027874564459931
7736,0.6585365853658537
7737,0.6480836236933798
7738,0.6027874564459931
7739,0.6236933797909407
7740,0.6515679442508711
7741,0.6376306620209059
7742,0.6550522648083623
7743,0.6411149825783972
7744,0.6236933797909407
7745,0.6655052264808362
7746,0.6341463414634146
7747,0.5993031358885017
7748,0.6341463414634146
7749,0.6236933797909407
7750,0.6515679442508711
7751,0.6411149825783972
7752,0.6515679442508711
7753,0.6306620209059234
7754,0.6411149825783972
7755,0.6376306620209059
7756,0.6411149825783972
7757,0.627177700348432
7758,0.5888501742160279
7759,0.627177700348432
7760,0.5993031358885017
7761,0.5749128919860628
7762,0.6097560975609756
7763,0.6202090592334495
7764,0.5923344947735192
7765,0.6132404181184669
7766,0.6167247386759582
7767,0.6376306620209059
7768,0.5818815331010453
7769,0.6236933797909407
7770,0.6480836236933798
7771,0.5818815331010453
7772,0.6167247386759582
7773,0.578397212543554
7774,0.5609756097560976
7775,0.5993031358885017
7776,0.6202090592334495
7777,0.6167247386759582
7778,0.6341463414634146
7779,0.6097560975609756
7780,0.5958188153310104
7781,0.5993031358885017
7782,0.6306620209059234
7783,0.6027874564459931
7784,0.662020905923345
7785,0.6689895470383276
7786,0.5958188153310104
7787,0.5888501742160279
7788,0.6480836236933798
7789,0.6236933797909407
7790,0.5923344947735192
7791,0.5993031358885017
7792,0.6306620209059234
7793,0.6027874564459931
7794,0.6027874564459931
7795,0.6306620209059234
7796,0.6445993031358885
7797,0.6027874564459931
7798,0.6202090592334495
7799,0.627177700348432
7800,0.6515679442508711
7801,0.6411149825783972
7802,0.6132404181184669
7803,0.6097560975609756
7804,0.6306620209059234
7805,0.6236933797909407
7806,0.6236933797909407
7807,0.6585365853658537
7808,0.6411149825783972
7809,0.6236933797909407
7810,0.6236933797909407
7811,0.6202090592334495
7812,0.6027874564459931
7813,0.6411149825783972
7814,0.6655052264808362
7815,0.6445993031358885
7816,0.6445993031358885
7817,0.6167247386759582
7818,0.5853658536585366
7819,0.6515679442508711
7820,0.6585365853658537
7821,0.662020905923345
7822,0.6167247386759582
7823,0.6445993031358885
7824,0.6759581881533101
7825,0.627177700348432
7826,0.6341463414634146
7827,0.627177700348432
7828,0.627177700348432
7829,0.6097560975609756
7830,0.5958188153310104
7831,0.6480836236933798
7832,0.6376306620209059
7833,0.6376306620209059
7834,0.6062717770034843
7835,0.5993031358885017
7836,0.6689895470383276
7837,0.6167247386759582
7838,0.6062717770034843
7839,0.686411149825784
7840,0.6411149825783972
7841,0.6515679442508711
7842,0.6376306620209059
7843,0.6306620209059234
7844,0.6411149825783972
7845,0.5923344947735192
7846,0.6341463414634146
7847,0.6445993031358885
7848,0.6585365853658537
7849,0.6027874564459931
7850,0.6480836236933798
7851,0.6376306620209059
7852,0.6306620209059234
7853,0.5714285714285714
7854,0.662020905923345
7855,0.6341463414634146
7856,0.6411149825783972
7857,0.6062717770034843
7858,0.6689895470383276
7859,0.6027874564459931
7860,0.6341463414634146
7861,0.6411149825783972
7862,0.6445993031358885
7863,0.6445993031358885
7864,0.6376306620209059
7865,0.6202090592334495
7866,0.5609756097560976
7867,0.6341463414634146
7868,0.6411149825783972
7869,0.5853658536585366
7870,0.6585365853658537
7871,0.6097560975609756
7872,0.6411149825783972
7873,0.6132404181184669
7874,0.6968641114982579
7875,0.6202090592334495
7876,0.686411149825784
7877,0.6306620209059234
7878,0.6132404181184669
7879,0.6445993031358885
7880,0.6689895470383276
7881,0.6027874564459931
7882,0.6411149825783972
7883,0.6027874564459931
7884,0.6376306620209059
7885,0.6968641114982579
7886,0.6829268292682927
7887,0.6411149825783972
7888,0.6062717770034843
7889,0.6585365853658537
7890,0.6445993031358885
7891,0.6515679442508711
7892,0.627177700348432
7893,0.6585365853658537
7894,0.6585365853658537
7895,0.6167247386759582
7896,0.6306620209059234
7897,0.6097560975609756
7898,0.6689895470383276
7899,0.5958188153310104
7900,0.6445993031358885
7901,0.6236933797909407
7902,0.6376306620209059
7903,0.5958188153310104
7904,0.6202090592334495
7905,0.6655052264808362
7906,0.6236933797909407
7907,0.6515679442508711
7908,0.5958188153310104
7909,0.6132404181184669
7910,0.6167247386759582
7911,0.6341463414634146
7912,0.6515679442508711
7913,0.5888501742160279
7914,0.6062717770034843
7915,0.578397212543554
7916,0.6027874564459931
7917,0.627177700348432
7918,0.578397212543554
7919,0.6445993031358885
7920,0.6445993031358885
7921,0.6411149825783972
7922,0.6376306620209059
7923,0.6585365853658537
7924,0.6027874564459931
7925,0.6411149825783972
7926,0.6515679442508711
7927,0.6411149825783972
7928,0.6445993031358885
7929,0.5888501742160279
7930,0.6376306620209059
7931,0.6445993031358885
7932,0.6480836236933798
7933,0.6376306620209059
7934,0.627177700348432
7935,0.6445993031358885
7936,0.6306620209059234
7937,0.6236933797909407
7938,0.6829268292682927
7939,0.6167247386759582
7940,0.6062717770034843
7941,0.6585365853658537
7942,0.6794425087108014
7943,0.6376306620209059
7944,0.6167247386759582
7945,0.6132404181184669
7946,0.6480836236933798
7947,0.6062717770034843
7948,0.6027874564459931
7949,0.6550522648083623
7950,0.6898954703832753
7951,0.6585365853658537
7952,0.6306620209059234
7953,0.6898954703832753
7954,0.6202090592334495
7955,0.662020905923345
7956,0.6306620209059234
7957,0.6167247386759582
7958,0.5993031358885017
7959,0.5993031358885017
7960,0.6550522648083623
7961,0.662020905923345
7962,0.6480836236933798
7963,0.686411149825784
7964,0.6097560975609756
7965,0.6027874564459931
7966,0.6480836236933798
7967,0.6585365853658537
7968,0.6411149825783972
7969,0.6480836236933798
7970,0.6759581881533101
7971,0.6411149825783972
7972,0.6898954703832753
7973,0.6132404181184669
7974,0.7003484320557491
7975,0.5958188153310104
7976,0.6376306620209059
7977,0.6306620209059234
7978,0.6341463414634146
7979,0.6167247386759582
7980,0.662020905923345
7981,0.6655052264808362
7982,0.6341463414634146
7983,0.6167247386759582
7984,0.5818815331010453
7985,0.6097560975609756
7986,0.6480836236933798
7987,0.5714285714285714
7988,0.6585365853658537
7989,0.6306620209059234
7990,0.6062717770034843
7991,0.5818815331010453
7992,0.6376306620209059
7993,0.6027874564459931
7994,0.6515679442508711
7995,0.6933797909407665
7996,0.6306620209059234
7997,0.662020905923345
7998,0.6515679442508711
7999,0.627177700348432
8000,0.6062717770034843
8001,0.6376306620209059
8002,0.627177700348432
8003,0.5923344947735192
8004,0.6515679442508711
8005,0.6341463414634146
8006,0.662020905923345
8007,0.6202090592334495
8008,0.6306620209059234
8009,0.6306620209059234
8010,0.6376306620209059
8011,0.5993031358885017
8012,0.662020905923345
8013,0.578397212543554
8014,0.6724738675958188
8015,0.6202090592334495
8016,0.6097560975609756
8017,0.6062717770034843
8018,0.662020905923345
8019,0.6724738675958188
8020,0.6585365853658537
8021,0.6515679442508711
8022,0.6062717770034843
8023,0.6689895470383276
8024,0.6167247386759582
8025,0.627177700348432
8026,0.6236933797909407
8027,0.6724738675958188
8028,0.6550522648083623
8029,0.6236933797909407
8030,0.6236933797909407
8031,0.6515679442508711
8032,0.6236933797909407
8033,0.6167247386759582
8034,0.6236933797909407
8035,0.6132404181184669
8036,0.6411149825783972
8037,0.6829268292682927
8038,0.6376306620209059
8039,0.6411149825783972
8040,0.6202090592334495
8041,0.6132404181184669
8042,0.6445993031358885
8043,0.6236933797909407
8044,0.6445993031358885
8045,0.627177700348432
8046,0.5574912891986062
8047,0.6376306620209059
8048,0.6236933797909407
8049,0.5818815331010453
8050,0.6724738675958188
8051,0.5749128919860628
8052,0.6759581881533101
8053,0.6550522648083623
8054,0.6027874564459931
8055,0.6202090592334495
8056,0.5923344947735192
8057,0.6550522648083623
8058,0.6132404181184669
8059,0.6027874564459931
8060,0.6655052264808362
8061,0.6306620209059234
8062,0.6341463414634146
8063,0.6167247386759582
8064,0.6306620209059234
8065,0.627177700348432
8066,0.6236933797909407
8067,0.6062717770034843
8068,0.6167247386759582
8069,0.6097560975609756
8070,0.662020905923345
8071,0.6306620209059234
8072,0.7038327526132404
8073,0.6724738675958188
8074,0.662020905923345
8075,0.6898954703832753
8076,0.6445993031358885
8077,0.6480836236933798
8078,0.6411149825783972
8079,0.6097560975609756
8080,0.6027874564459931
8081,0.6445993031358885
8082,0.5958188153310104
8083,0.6132404181184669
8084,0.6236933797909407
8085,0.6132404181184669
8086,0.5993031358885017
8087,0.6376306620209059
8088,0.6480836236933798
8089,0.6411149825783972
8090,0.627177700348432
8091,0.6689895470383276
8092,0.6027874564459931
8093,0.6341463414634146
8094,0.5993031358885017
8095,0.6306620209059234
8096,0.6202090592334495
8097,0.5993031358885017
8098,0.7003484320557491
8099,0.6306620209059234
8100,0.6794425087108014
8101,0.6759581881533101
8102,0.6236933797909407
8103,0.6585365853658537
8104,0.6202090592334495
8105,0.6445993031358885
8106,0.6062717770034843
8107,0.627177700348432
8108,0.6376306620209059
8109,0.6132404181184669
8110,0.686411149825784
8111,0.6202090592334495
8112,0.5679442508710801
8113,0.6550522648083623
8114,0.6167247386759582
8115,0.6341463414634146
8116,0.6341463414634146
8117,0.6027874564459931
8118,0.6655052264808362
8119,0.6480836236933798
8120,0.6167247386759582
8121,0.6376306620209059
8122,0.627177700348432
8123,0.6306620209059234
8124,0.627177700348432
8125,0.6724738675958188
8126,0.6480836236933798
8127,0.6202090592334495
8128,0.627177700348432
8129,0.6062717770034843
8130,0.6550522648083623
8131,0.6341463414634146
8132,0.6411149825783972
8133,0.6376306620209059
8134,0.6306620209059234
8135,0.6236933797909407
8136,0.6341463414634146
8137,0.6097560975609756
8138,0.6167247386759582
8139,0.578397212543554
8140,0.6515679442508711
8141,0.6759581881533101
8142,0.662020905923345
8143,0.6167247386759582
8144,0.662020905923345
8145,0.6167247386759582
8146,0.5923344947735192
8147,0.6062717770034843
8148,0.5749128919860628
8149,0.6236933797909407
8150,0.6480836236933798
8151,0.6480836236933798
8152,0.6202090592334495
8153,0.6480836236933798
8154,0.6132404181184669
8155,0.6445993031358885
8156,0.6411149825783972
8157,0.5993031358885017
8158,0.6550522648083623
8159,0.6236933797909407
8160,0.6411149825783972
8161,0.627177700348432
8162,0.6236933797909407
8163,0.6445993031358885
8164,0.6236933797909407
8165,0.6550522648083623
8166,0.6306620209059234
8167,0.6550522648083623
8168,0.6132404181184669
8169,0.6097560975609756
8170,0.662020905923345
8171,0.6445993031358885
8172,0.6550522648083623
8173,0.6585365853658537
8174,0.6062717770034843
8175,0.6724738675958188
8176,0.6445993031358885
8177,0.5853658536585366
8178,0.6411149825783972
8179,0.6027874564459931
8180,0.7073170731707317
8181,0.6027874564459931
8182,0.6062717770034843
8183,0.6236933797909407
8184,0.5993031358885017
8185,0.5644599303135889
8186,0.6898954703832753
8187,0.5993031358885017
8188,0.6236933797909407
8189,0.6306620209059234
8190,0.5853658536585366
8191,0.6585365853658537
8192,0.6236933797909407
8193,0.6062717770034843
8194,0.6480836236933798
8195,0.6411149825783972
8196,0.5923344947735192
8197,0.6515679442508711
8198,0.6132404181184669
8199,0.6202090592334495
8200,0.6411149825783972
8201,0.6097560975609756
8202,0.627177700348432
8203,0.627177700348432
8204,0.6097560975609756
8205,0.6306620209059234
8206,0.6341463414634146
8207,0.6794425087108014
8208,0.6550522648083623
8209,0.6132404181184669
8210,0.6167247386759582
8211,0.6445993031358885
8212,0.6341463414634146
8213,0.6167247386759582
8214,0.6376306620209059
8215,0.6655052264808362
8216,0.6341463414634146
8217,0.6550522648083623
8218,0.6306620209059234
8219,0.6480836236933798
8220,0.6550522648083623
8221,0.6515679442508711
8222,0.6445993031358885
8223,0.6167247386759582
8224,0.6411149825783972
8225,0.6202090592334495
8226,0.6236933797909407
8227,0.6097560975609756
8228,0.5853658536585366
8229,0.6968641114982579
8230,0.6376306620209059
8231,0.6585365853658537
8232,0.6724738675958188
8233,0.6202090592334495
8234,0.6306620209059234
8235,0.6829268292682927
8236,0.6445993031358885
8237,0.6445993031358885
8238,0.6306620209059234
8239,0.6655052264808362
8240,0.6550522648083623
8241,0.6027874564459931
8242,0.6655052264808362
8243,0.6480836236933798
8244,0.6027874564459931
8245,0.6655052264808362
8246,0.6027874564459931
8247,0.6376306620209059
8248,0.6132404181184669
8249,0.6376306620209059
8250,0.6376306620209059
8251,0.5993031358885017
8252,0.6097560975609756
8253,0.6097560975609756
8254,0.6306620209059234
8255,0.6689895470383276
8256,0.6132404181184669
8257,0.662020905923345
8258,0.6411149825783972
8259,0.627177700348432
8260,0.6027874564459931
8261,0.6306620209059234
8262,0.6236933797909407
8263,0.6341463414634146
8264,0.6376306620209059
8265,0.6829268292682927
8266,0.5853658536585366
8267,0.6236933797909407
8268,0.6062717770034843
8269,0.6445993031358885
8270,0.6515679442508711
8271,0.6376306620209059
8272,0.7038327526132404
8273,0.6515679442508711
8274,0.6411149825783972
8275,0.6376306620209059
8276,0.686411149825784
8277,0.6341463414634146
8278,0.5714285714285714
8279,0.5888501742160279
8280,0.6062717770034843
8281,0.662020905923345
8282,0.627177700348432
8283,0.6445993031358885
8284,0.6445993031358885
8285,0.5958188153310104
8286,0.6480836236933798
8287,0.627177700348432
8288,0.6027874564459931
8289,0.6097560975609756
8290,0.6236933797909407
8291,0.662020905923345
8292,0.5644599303135889
8293,0.6341463414634146
8294,0.6236933797909407
8295,0.662020905923345
8296,0.5923344947735192
8297,0.6376306620209059
8298,0.6480836236933798
8299,0.6376306620209059
8300,0.6097560975609756
8301,0.6236933797909407
8302,0.6306620209059234
8303,0.6445993031358885
8304,0.6062717770034843
8305,0.5993031358885017
8306,0.6202090592334495
8307,0.6097560975609756
8308,0.6202090592334495
8309,0.6445993031358885
8310,0.6097560975609756
8311,0.5993031358885017
8312,0.6724738675958188
8313,0.6376306620209059
8314,0.578397212543554
8315,0.6167247386759582
8316,0.6411149825783972
8317,0.6236933797909407
8318,0.6724738675958188
8319,0.6376306620209059
8320,0.6515679442508711
8321,0.6376306620209059
8322,0.6202090592334495
8323,0.627177700348432
8324,0.6376306620209059
8325,0.6097560975609756
8326,0.6306620209059234
8327,0.6724738675958188
8328,0.6167247386759582
8329,0.5853658536585366
8330,0.6167247386759582
8331,0.6167247386759582
8332,0.6376306620209059
8333,0.6202090592334495
8334,0.6306620209059234
8335,0.6689895470383276
8336,0.6062717770034843
8337,0.6445993031358885
8338,0.6236933797909407
8339,0.6515679442508711
8340,0.5818815331010453
8341,0.627177700348432
8342,0.5958188153310104
8343,0.6236933797909407
8344,0.6132404181184669
8345,0.6097560975609756
8346,0.6132404181184669
8347,0.627177700348432
8348,0.6515679442508711
8349,0.6167247386759582
8350,0.6236933797909407
8351,0.6236933797909407
8352,0.6202090592334495
8353,0.5993031358885017
8354,0.6132404181184669
8355,0.6132404181184669
8356,0.6341463414634146
8357,0.6376306620209059
8358,0.6341463414634146
8359,0.6759581881533101
8360,0.6132404181184669
8361,0.7142857142857143
8362,0.6376306620209059
8363,0.5679442508710801
8364,0.627177700348432
8365,0.6306620209059234
8366,0.662020905923345
8367,0.627177700348432
8368,0.6097560975609756
8369,0.5888501742160279
8370,0.5749128919860628
8371,0.5993031358885017
8372,0.6097560975609756
8373,0.6167247386759582
8374,0.6515679442508711
8375,0.6759581881533101
8376,0.6097560975609756
8377,0.627177700348432
8378,0.6097560975609756
8379,0.6097560975609756
8380,0.662020905923345
8381,0.5958188153310104
8382,0.5993031358885017
8383,0.627177700348432
8384,0.6132404181184669
8385,0.5644599303135889
8386,0.6097560975609756
8387,0.6306620209059234
8388,0.6480836236933798
8389,0.5993031358885017
8390,0.6480836236933798
8391,0.6097560975609756
8392,0.6445993031358885
8393,0.6968641114982579
8394,0.6167247386759582
8395,0.627177700348432
8396,0.6759581881533101
8397,0.6132404181184669
8398,0.6515679442508711
8399,0.6445993031358885
8400,0.6376306620209059
8401,0.6306620209059234
8402,0.6585365853658537
8403,0.6655052264808362
8404,0.6132404181184669
8405,0.6132404181184669
8406,0.6585365853658537
8407,0.5818815331010453
8408,0.6585365853658537
8409,0.6167247386759582
8410,0.6724738675958188
8411,0.6341463414634146
8412,0.6341463414634146
8413,0.6376306620209059
8414,0.6202090592334495
8415,0.6515679442508711
8416,0.6376306620209059
8417,0.6829268292682927
8418,0.6062717770034843
8419,0.6202090592334495
8420,0.5888501742160279
8421,0.627177700348432
8422,0.5958188153310104
8423,0.6062717770034843
8424,0.627177700348432
8425,0.6515679442508711
8426,0.6411149825783972
8427,0.6236933797909407
8428,0.5993031358885017
8429,0.6376306620209059
8430,0.662020905923345
8431,0.627177700348432
8432,0.627177700348432
8433,0.6062717770034843
8434,0.6411149825783972
8435,0.6515679442508711
8436,0.6480836236933798
8437,0.6132404181184669
8438,0.662020905923345
8439,0.6167247386759582
8440,0.6445993031358885
8441,0.6480836236933798
8442,0.6411149825783972
8443,0.6759581881533101
8444,0.6550522648083623
8445,0.6480836236933798
8446,0.6132404181184669
8447,0.6515679442508711
8448,0.627177700348432
8449,0.5853658536585366
8450,0.6550522648083623
8451,0.6027874564459931
8452,0.627177700348432
8453,0.686411149825784
8454,0.6132404181184669
8455,0.5993031358885017
8456,0.6376306620209059
8457,0.6341463414634146
8458,0.6655052264808362
8459,0.662020905923345
8460,0.7038327526132404
8461,0.6585365853658537
8462,0.6445993031358885
8463,0.6236933797909407
8464,0.6515679442508711
8465,0.6027874564459931
8466,0.6341463414634146
8467,0.6306620209059234
8468,0.5993031358885017
8469,0.6097560975609756
8470,0.6515679442508711
8471,0.686411149825784
8472,0.6376306620209059
8473,0.6585365853658537
8474,0.6341463414634146
8475,0.6306620209059234
8476,0.6306620209059234
8477,0.6550522648083623
8478,0.578397212543554
8479,0.5923344947735192
8480,0.6306620209059234
8481,0.6411149825783972
8482,0.6794425087108014
8483,0.6411149825783972
8484,0.6689895470383276
8485,0.5888501742160279
8486,0.627177700348432
8487,0.5714285714285714
8488,0.6236933797909407
8489,0.6097560975609756
8490,0.6306620209059234
8491,0.6480836236933798
8492,0.6167247386759582
8493,0.6132404181184669
8494,0.6236933797909407
8495,0.5644599303135889
8496,0.6132404181184669
8497,0.5888501742160279
8498,0.6167247386759582
8499,0.6202090592334495
8500,0.6480836236933798
8501,0.6341463414634146
8502,0.6236933797909407
8503,0.6236933797909407
8504,0.6550522648083623
8505,0.6376306620209059
8506,0.6480836236933798
8507,0.6167247386759582
8508,0.6167247386759582
8509,0.6480836236933798
8510,0.662020905923345
8511,0.6341463414634146
8512,0.627177700348432
8513,0.5993031358885017
8514,0.6376306620209059
8515,0.6550522648083623
8516,0.6167247386759582
8517,0.627177700348432
8518,0.627177700348432
8519,0.6376306620209059
8520,0.6585365853658537
8521,0.6027874564459931
8522,0.627177700348432
8523,0.6655052264808362
8524,0.6411149825783972
8525,0.6341463414634146
8526,0.6202090592334495
8527,0.6167247386759582
8528,0.6480836236933798
8529,0.5679442508710801
8530,0.6585365853658537
8531,0.6306620209059234
8532,0.6236933797909407
8533,0.6167247386759582
8534,0.578397212543554
8535,0.6341463414634146
8536,0.6550522648083623
8537,0.5958188153310104
8538,0.6062717770034843
8539,0.6655052264808362
8540,0.6062717770034843
8541,0.6132404181184669
8542,0.6445993031358885
8543,0.6027874564459931
8544,0.6550522648083623
8545,0.6236933797909407
8546,0.5888501742160279
8547,0.6445993031358885
8548,0.6550522648083623
8549,0.5993031358885017
8550,0.6341463414634146
8551,0.6689895470383276
8552,0.6759581881533101
8553,0.6655052264808362
8554,0.662020905923345
8555,0.6515679442508711
8556,0.6376306620209059
8557,0.6411149825783972
8558,0.6480836236933798
8559,0.6341463414634146
8560,0.6445993031358885
8561,0.5749128919860628
8562,0.6411149825783972
8563,0.6236933797909407
8564,0.6341463414634146
8565,0.6724738675958188
8566,0.5958188153310104
8567,0.6480836236933798
8568,0.6306620209059234
8569,0.6306620209059234
8570,0.6097560975609756
8571,0.6794425087108014
8572,0.6655052264808362
8573,0.6445993031358885
8574,0.6515679442508711
8575,0.6411149825783972
8576,0.6341463414634146
8577,0.6132404181184669
8578,0.627177700348432
8579,0.6376306620209059
8580,0.6132404181184669
8581,0.6167247386759582
8582,0.6306620209059234
8583,0.6027874564459931
8584,0.6585365853658537
8585,0.6236933797909407
8586,0.6445993031358885
8587,0.6411149825783972
8588,0.6097560975609756
8589,0.6306620209059234
8590,0.5888501742160279
8591,0.6306620209059234
8592,0.6167247386759582
8593,0.5818815331010453
8594,0.6480836236933798
8595,0.5958188153310104
8596,0.662020905923345
8597,0.6445993031358885
8598,0.6411149825783972
8599,0.6585365853658537
8600,0.6062717770034843
8601,0.6062717770034843
8602,0.5923344947735192
8603,0.6550522648083623
8604,0.6724738675958188
8605,0.627177700348432
8606,0.6411149825783972
8607,0.5853658536585366
8608,0.6027874564459931
8609,0.6445993031358885
8610,0.578397212543554
8611,0.6236933797909407
8612,0.6027874564459931
8613,0.6445993031358885
8614,0.6167247386759582
8615,0.6236933797909407
8616,0.6097560975609756
8617,0.6202090592334495
8618,0.6585365853658537
8619,0.627177700348432
8620,0.6585365853658537
8621,0.6550522648083623
8622,0.6132404181184669
8623,0.6480836236933798
8624,0.6794425087108014
8625,0.6306620209059234
8626,0.6167247386759582
8627,0.627177700348432
8628,0.6027874564459931
8629,0.6376306620209059
8630,0.6027874564459931
8631,0.662020905923345
8632,0.6411149825783972
8633,0.5888501742160279
8634,0.6306620209059234
8635,0.578397212543554
8636,0.5818815331010453
8637,0.6968641114982579
8638,0.6445993031358885
8639,0.6898954703832753
8640,0.6376306620209059
8641,0.5958188153310104
8642,0.6341463414634146
8643,0.6167247386759582
8644,0.6655052264808362
8645,0.5644599303135889
8646,0.5818815331010453
8647,0.6585365853658537
8648,0.6202090592334495
8649,0.6759581881533101
8650,0.6097560975609756
8651,0.6306620209059234
8652,0.5923344947735192
8653,0.6167247386759582
8654,0.6132404181184669
8655,0.6202090592334495
8656,0.6132404181184669
8657,0.6515679442508711
8658,0.6445993031358885
8659,0.6236933797909407
8660,0.6480836236933798
8661,0.6515679442508711
8662,0.6306620209059234
8663,0.6306620209059234
8664,0.6445993031358885
8665,0.6167247386759582
8666,0.6097560975609756
8667,0.627177700348432
8668,0.5749128919860628
8669,0.6097560975609756
8670,0.6480836236933798
8671,0.6933797909407665
8672,0.6585365853658537
8673,0.6689895470383276
8674,0.6202090592334495
8675,0.6236933797909407
8676,0.6167247386759582
8677,0.6306620209059234
8678,0.6167247386759582
8679,0.6306620209059234
8680,0.6376306620209059
8681,0.6306620209059234
8682,0.6132404181184669
8683,0.5679442508710801
8684,0.6376306620209059
8685,0.627177700348432
8686,0.6027874564459931
8687,0.6724738675958188
8688,0.6167247386759582
8689,0.6829268292682927
8690,0.6236933797909407
8691,0.6689895470383276
8692,0.6655052264808362
8693,0.6411149825783972
8694,0.6376306620209059
8695,0.6236933797909407
8696,0.6306620209059234
8697,0.662020905923345
8698,0.6132404181184669
8699,0.7038327526132404
8700,0.627177700348432
8701,0.6027874564459931
8702,0.6550522648083623
8703,0.6655052264808362
8704,0.6550522648083623
8705,0.6445993031358885
8706,0.627177700348432
8707,0.6411149825783972
8708,0.6341463414634146
8709,0.5958188153310104
8710,0.6097560975609756
8711,0.6341463414634146
8712,0.6306620209059234
8713,0.6236933797909407
8714,0.627177700348432
8715,0.6585365853658537
8716,0.6376306620209059
8717,0.6376306620209059
8718,0.6341463414634146
8719,0.5853658536585366
8720,0.6236933797909407
8721,0.6411149825783972
8722,0.627177700348432
8723,0.662020905923345
8724,0.6411149825783972
8725,0.5818815331010453
8726,0.5958188153310104
8727,0.662020905923345
8728,0.6376306620209059
8729,0.6550522648083623
8730,0.6445993031358885
8731,0.5958188153310104
8732,0.6306620209059234
8733,0.578397212543554
8734,0.662020905923345
8735,0.6027874564459931
8736,0.6480836236933798
8737,0.6411149825783972
8738,0.6202090592334495
8739,0.5923344947735192
8740,0.6550522648083623
8741,0.6236933797909407
8742,0.6306620209059234
8743,0.6480836236933798
8744,0.627177700348432
8745,0.6341463414634146
8746,0.6411149825783972
8747,0.6236933797909407
8748,0.6411149825783972
8749,0.6097560975609756
8750,0.6202090592334495
8751,0.6236933797909407
8752,0.5958188153310104
8753,0.5923344947735192
8754,0.6341463414634146
8755,0.6306620209059234
8756,0.6341463414634146
8757,0.6445993031358885
8758,0.5958188153310104
8759,0.6411149825783972
8760,0.5993031358885017
8761,0.6341463414634146
8762,0.627177700348432
8763,0.6898954703832753
8764,0.6411149825783972
8765,0.6689895470383276
8766,0.5888501742160279
8767,0.6550522648083623
8768,0.6585365853658537
8769,0.6376306620209059
8770,0.6689895470383276
8771,0.6480836236933798
8772,0.6236933797909407
8773,0.627177700348432
8774,0.6445993031358885
8775,0.6306620209059234
8776,0.6202090592334495
8777,0.627177700348432
8778,0.5923344947735192
8779,0.6411149825783972
8780,0.5923344947735192
8781,0.5923344947735192
8782,0.6027874564459931
8783,0.6167247386759582
8784,0.6480836236933798
8785,0.6515679442508711
8786,0.6167247386759582
8787,0.6376306620209059
8788,0.6202090592334495
8789,0.6027874564459931
8790,0.6236933797909407
8791,0.6097560975609756
8792,0.627177700348432
8793,0.5923344947735192
8794,0.6550522648083623
8795,0.6411149825783972
8796,0.6341463414634146
8797,0.6202090592334495
8798,0.6341463414634146
8799,0.5679442508710801
8800,0.627177700348432
8801,0.6480836236933798
8802,0.627177700348432
8803,0.6341463414634146
8804,0.6236933797909407
8805,0.6132404181184669
8806,0.6689895470383276
8807,0.6132404181184669
8808,0.6933797909407665
8809,0.6376306620209059
8810,0.6376306620209059
8811,0.6027874564459931
8812,0.6515679442508711
8813,0.6411149825783972
8814,0.6515679442508711
8815,0.6515679442508711
8816,0.5958188153310104
8817,0.6341463414634146
8818,0.6515679442508711
8819,0.6097560975609756
8820,0.6515679442508711
8821,0.6480836236933798
8822,0.6585365853658537
8823,0.6167247386759582
8824,0.6411149825783972
8825,0.6655052264808362
8826,0.5818815331010453
8827,0.5958188153310104
8828,0.6306620209059234
8829,0.6097560975609756
8830,0.6689895470383276
8831,0.6132404181184669
8832,0.6167247386759582
8833,0.6376306620209059
8834,0.6202090592334495
8835,0.6411149825783972
8836,0.627177700348432
8837,0.5923344947735192
8838,0.6062717770034843
8839,0.6132404181184669
8840,0.6376306620209059
8841,0.6306620209059234
8842,0.6202090592334495
8843,0.6167247386759582
8844,0.662020905923345
8845,0.5993031358885017
8846,0.627177700348432
8847,0.6376306620209059
8848,0.627177700348432
8849,0.6933797909407665
8850,0.6445993031358885
8851,0.6306620209059234
8852,0.6411149825783972
8853,0.6306620209059234
8854,0.6202090592334495
8855,0.5923344947735192
8856,0.6515679442508711
8857,0.6689895470383276
8858,0.6027874564459931
8859,0.5888501742160279
8860,0.6655052264808362
8861,0.6794425087108014
8862,0.6376306620209059
8863,0.627177700348432
8864,0.6759581881533101
8865,0.5818815331010453
8866,0.6445993031358885
8867,0.6167247386759582
8868,0.6480836236933798
8869,0.6759581881533101
8870,0.6167247386759582
8871,0.6480836236933798
8872,0.6376306620209059
8873,0.6445993031358885
8874,0.6445993031358885
8875,0.6445993031358885
8876,0.686411149825784
8877,0.6550522648083623
8878,0.6341463414634146
8879,0.6167247386759582
8880,0.6445993031358885
8881,0.6411149825783972
8882,0.6411149825783972
8883,0.6515679442508711
8884,0.6132404181184669
8885,0.6167247386759582
8886,0.6236933797909407
8887,0.627177700348432
8888,0.6202090592334495
8889,0.5993031358885017
8890,0.6306620209059234
8891,0.6236933797909407
8892,0.6167247386759582
8893,0.5958188153310104
8894,0.6829268292682927
8895,0.6027874564459931
8896,0.6306620209059234
8897,0.662020905923345
8898,0.6585365853658537
8899,0.6167247386759582
8900,0.6480836236933798
8901,0.6376306620209059
8902,0.6689895470383276
8903,0.686411149825784
8904,0.5609756097560976
8905,0.627177700348432
8906,0.6689895470383276
8907,0.6236933797909407
8908,0.6062717770034843
8909,0.6480836236933798
8910,0.6027874564459931
8911,0.6167247386759582
8912,0.6585365853658537
8913,0.5818815331010453
8914,0.6306620209059234
8915,0.627177700348432
8916,0.6306620209059234
8917,0.6550522648083623
8918,0.627177700348432
8919,0.6027874564459931
8920,0.578397212543554
8921,0.6480836236933798
8922,0.6794425087108014
8923,0.6341463414634146
8924,0.6480836236933798
8925,0.6759581881533101
8926,0.5853658536585366
8927,0.6341463414634146
8928,0.6480836236933798
8929,0.6655052264808362
8930,0.6376306620209059
8931,0.6724738675958188
8932,0.6027874564459931
8933,0.5993031358885017
8934,0.686411149825784
8935,0.6341463414634146
8936,0.6445993031358885
8937,0.6724738675958188
8938,0.6132404181184669
8939,0.6236933797909407
8940,0.6689895470383276
8941,0.6411149825783972
8942,0.6132404181184669
8943,0.6411149825783972
8944,0.6515679442508711
8945,0.6376306620209059
8946,0.6062717770034843
8947,0.6968641114982579
8948,0.627177700348432
8949,0.6689895470383276
8950,0.5818815331010453
8951,0.6341463414634146
8952,0.6480836236933798
8953,0.6480836236933798
8954,0.6132404181184669
8955,0.6655052264808362
8956,0.6655052264808362
8957,0.6167247386759582
8958,0.6515679442508711
8959,0.6445993031358885
8960,0.662020905923345
8961,0.6445993031358885
8962,0.6202090592334495
8963,0.578397212543554
8964,0.5679442508710801
8965,0.6341463414634146
8966,0.6411149825783972
8967,0.6655052264808362
8968,0.6062717770034843
8969,0.6515679442508711
8970,0.5818815331010453
8971,0.6968641114982579
8972,0.6585365853658537
8973,0.6445993031358885
8974,0.6202090592334495
8975,0.6376306620209059
8976,0.6306620209059234
8977,0.6062717770034843
8978,0.6585365853658537
8979,0.5574912891986062
8980,0.627177700348432
8981,0.6480836236933798
8982,0.627177700348432
8983,0.6306620209059234
8984,0.6759581881533101
8985,0.6655052264808362
8986,0.5923344947735192
8987,0.6341463414634146
8988,0.6341463414634146
8989,0.6480836236933798
8990,0.6027874564459931
8991,0.6480836236933798
8992,0.6376306620209059
8993,0.627177700348432
8994,0.6376306620209059
8995,0.6027874564459931
8996,0.6167247386759582
8997,0.6341463414634146
8998,0.5993031358885017
8999,0.6724738675958188
9000,0.6202090592334495
9001,0.6236933797909407
9002,0.627177700348432
9003,0.6341463414634146
9004,0.6411149825783972
9005,0.5888501742160279
9006,0.6167247386759582
9007,0.578397212543554
9008,0.6202090592334495
9009,0.6480836236933798
9010,0.6655052264808362
9011,0.6411149825783972
9012,0.6515679442508711
9013,0.6445993031358885
9014,0.627177700348432
9015,0.6341463414634146
9016,0.6655052264808362
9017,0.6480836236933798
9018,0.6097560975609756
9019,0.6550522648083623
9020,0.6585365853658537
9021,0.6062717770034843
9022,0.6759581881533101
9023,0.6550522648083623
9024,0.6480836236933798
9025,0.6445993031358885
9026,0.6724738675958188
9027,0.627177700348432
9028,0.6655052264808362
9029,0.6376306620209059
9030,0.6445993031358885
9031,0.6689895470383276
9032,0.6341463414634146
9033,0.662020905923345
9034,0.6097560975609756
9035,0.6132404181184669
9036,0.6306620209059234
9037,0.6202090592334495
9038,0.627177700348432
9039,0.578397212543554
9040,0.6027874564459931
9041,0.6306620209059234
9042,0.627177700348432
9043,0.6445993031358885
9044,0.6585365853658537
9045,0.6480836236933798
9046,0.5853658536585366
9047,0.6306620209059234
9048,0.6411149825783972
9049,0.627177700348432
9050,0.6202090592334495
9051,0.6132404181184669
9052,0.627177700348432
9053,0.5818815331010453
9054,0.6480836236933798
9055,0.6097560975609756
9056,0.6411149825783972
9057,0.6027874564459931
9058,0.6132404181184669
9059,0.6585365853658537
9060,0.6480836236933798
9061,0.6202090592334495
9062,0.6550522648083623
9063,0.6689895470383276
9064,0.6376306620209059
9065,0.6480836236933798
9066,0.578397212543554
9067,0.662020905923345
9068,0.5923344947735192
9069,0.5993031358885017
9070,0.6724738675958188
9071,0.6202090592334495
9072,0.6306620209059234
9073,0.6585365853658537
9074,0.5853658536585366
9075,0.6202090592334495
9076,0.6445993031358885
9077,0.6097560975609756
9078,0.6689895470383276
9079,0.6236933797909407
9080,0.6515679442508711
9081,0.6445993031358885
9082,0.6376306620209059
9083,0.6550522648083623
9084,0.6236933797909407
9085,0.6655052264808362
9086,0.5958188153310104
9087,0.662020905923345
9088,0.6132404181184669
9089,0.6236933797909407
9090,0.6027874564459931
9091,0.662020905923345
9092,0.6132404181184669
9093,0.6027874564459931
9094,0.6585365853658537
9095,0.6724738675958188
9096,0.6689895470383276
9097,0.6724738675958188
9098,0.662020905923345
9099,0.6515679442508711
9100,0.5993031358885017
9101,0.6376306620209059
9102,0.6306620209059234
9103,0.6794425087108014
9104,0.6411149825783972
9105,0.6480836236933798
9106,0.6550522648083623
9107,0.5923344947735192
9108,0.6550522648083623
9109,0.6933797909407665
9110,0.6167247386759582
9111,0.6167247386759582
9112,0.662020905923345
9113,0.6236933797909407
9114,0.662020905923345
9115,0.6585365853658537
9116,0.6236933797909407
9117,0.6027874564459931
9118,0.6411149825783972
9119,0.6236933797909407
9120,0.627177700348432
9121,0.6341463414634146
9122,0.6341463414634146
9123,0.6202090592334495
9124,0.6585365853658537
9125,0.6759581881533101
9126,0.6376306620209059
9127,0.6236933797909407
9128,0.6097560975609756
9129,0.6759581881533101
9130,0.6411149825783972
9131,0.6341463414634146
9132,0.6550522648083623
9133,0.6167247386759582
9134,0.5749128919860628
9135,0.6585365853658537
9136,0.6062717770034843
9137,0.6411149825783972
9138,0.6236933797909407
9139,0.6411149825783972
9140,0.6829268292682927
9141,0.6689895470383276
9142,0.6445993031358885
9143,0.578397212543554
9144,0.6689895470383276
9145,0.6097560975609756
9146,0.627177700348432
9147,0.5853658536585366
9148,0.6445993031358885
9149,0.6202090592334495
9150,0.6411149825783972
9151,0.6167247386759582
9152,0.6341463414634146
9153,0.6411149825783972
9154,0.6167247386759582
9155,0.6445993031358885
9156,0.6167247386759582
9157,0.6550522648083623
9158,0.5888501742160279
9159,0.6689895470383276
9160,0.6167247386759582
9161,0.6550522648083623
9162,0.6445993031358885
9163,0.5505226480836237
9164,0.6236933797909407
9165,0.6515679442508711
9166,0.627177700348432
9167,0.6480836236933798
9168,0.627177700348432
9169,0.6306620209059234
9170,0.5853658536585366
9171,0.6376306620209059
9172,0.6097560975609756
9173,0.5993031358885017
9174,0.6445993031358885
9175,0.6550522648083623
9176,0.6445993031358885
9177,0.6341463414634146
9178,0.6202090592334495
9179,0.6236933797909407
9180,0.6341463414634146
9181,0.6655052264808362
9182,0.6236933797909407
9183,0.6655052264808362
9184,0.6306620209059234
9185,0.6550522648083623
9186,0.6411149825783972
9187,0.5993031358885017
9188,0.6655052264808362
9189,0.6306620209059234
9190,0.6306620209059234
9191,0.627177700348432
9192,0.6376306620209059
9193,0.6585365853658537
9194,0.6585365853658537
9195,0.5853658536585366
9196,0.6689895470383276
9197,0.6202090592334495
9198,0.6585365853658537
9199,0.6027874564459931
9200,0.6306620209059234
9201,0.6445993031358885
9202,0.6167247386759582
9203,0.5888501742160279
9204,0.5958188153310104
9205,0.627177700348432
9206,0.6480836236933798
9207,0.6167247386759582
9208,0.6585365853658537
9209,0.6202090592334495
9210,0.6097560975609756
9211,0.6411149825783972
9212,0.6202090592334495
9213,0.6445993031358885
9214,0.6829268292682927
9215,0.6724738675958188
9216,0.6306620209059234
9217,0.6306620209059234
9218,0.6376306620209059
9219,0.6376306620209059
9220,0.6202090592334495
9221,0.6759581881533101
9222,0.627177700348432
9223,0.662020905923345
9224,0.6202090592334495
9225,0.6062717770034843
9226,0.578397212543554
9227,0.6236933797909407
9228,0.5888501742160279
9229,0.6445993031358885
9230,0.6480836236933798
9231,0.6445993031358885
9232,0.5644599303135889
9233,0.6550522648083623
9234,0.6480836236933798
9235,0.6480836236933798
9236,0.6132404181184669
9237,0.6794425087108014
9238,0.6829268292682927
9239,0.6515679442508711
9240,0.6515679442508711
9241,0.6376306620209059
9242,0.6724738675958188
9243,0.6376306620209059
9244,0.6515679442508711
9245,0.6236933797909407
9246,0.6585365853658537
9247,0.6480836236933798
9248,0.5818815331010453
9249,0.6411149825783972
9250,0.6202090592334495
9251,0.6376306620209059
9252,0.6759581881533101
9253,0.6550522648083623
9254,0.6097560975609756
9255,0.6411149825783972
9256,0.6202090592334495
9257,0.6376306620209059
9258,0.6236933797909407
9259,0.6689895470383276
9260,0.6062717770034843
9261,0.5923344947735192
9262,0.6062717770034843
9263,0.5644599303135889
9264,0.6480836236933798
9265,0.6341463414634146
9266,0.662020905923345
9267,0.6515679442508711
9268,0.6376306620209059
9269,0.6794425087108014
9270,0.662020905923345
9271,0.627177700348432
9272,0.6167247386759582
9273,0.6689895470383276
9274,0.6445993031358885
9275,0.6376306620209059
9276,0.662020905923345
9277,0.662020905923345
9278,0.6794425087108014
9279,0.5888501742160279
9280,0.6933797909407665
9281,0.6097560975609756
9282,0.6236933797909407
9283,0.6167247386759582
9284,0.6132404181184669
9285,0.627177700348432
9286,0.6341463414634146
9287,0.5888501742160279
9288,0.6167247386759582
9289,0.6585365853658537
9290,0.6655052264808362
9291,0.6097560975609756
9292,0.6759581881533101
9293,0.6027874564459931
9294,0.6445993031358885
9295,0.5923344947735192
9296,0.6341463414634146
9297,0.6445993031358885
9298,0.627177700348432
9299,0.6445993031358885
9300,0.5958188153310104
9301,0.5818815331010453
9302,0.6341463414634146
9303,0.6062717770034843
9304,0.6376306620209059
9305,0.5958188153310104
9306,0.6550522648083623
9307,0.6411149825783972
9308,0.6062717770034843
9309,0.6515679442508711
9310,0.6132404181184669
9311,0.6585365853658537
9312,0.6167247386759582
9313,0.6724738675958188
9314,0.6027874564459931
9315,0.6376306620209059
9316,0.6306620209059234
9317,0.6550522648083623
9318,0.6515679442508711
9319,0.5923344947735192
9320,0.6097560975609756
9321,0.6550522648083623
9322,0.6027874564459931
9323,0.6306620209059234
9324,0.6585365853658537
9325,0.6724738675958188
9326,0.6132404181184669
9327,0.6515679442508711
9328,0.6236933797909407
9329,0.6550522648083623
9330,0.6341463414634146
9331,0.5609756097560976
9332,0.6236933797909407
9333,0.6411149825783972
9334,0.6794425087108014
9335,0.662020905923345
9336,0.5993031358885017
9337,0.627177700348432
9338,0.6062717770034843
9339,0.6585365853658537
9340,0.6550522648083623
9341,0.6585365853658537
9342,0.6480836236933798
9343,0.627177700348432
9344,0.627177700348432
9345,0.6585365853658537
9346,0.6097560975609756
9347,0.5853658536585366
9348,0.5958188153310104
9349,0.6132404181184669
9350,0.6202090592334495
9351,0.627177700348432
9352,0.627177700348432
9353,0.5644599303135889
9354,0.662020905923345
9355,0.6306620209059234
9356,0.627177700348432
9357,0.6027874564459931
9358,0.6132404181184669
9359,0.6515679442508711
9360,0.6550522648083623
9361,0.627177700348432
9362,0.5923344947735192
9363,0.6306620209059234
9364,0.6689895470383276
9365,0.6202090592334495
9366,0.6376306620209059
9367,0.6411149825783972
9368,0.6445993031358885
9369,0.6306620209059234
9370,0.6480836236933798
9371,0.5958188153310104
9372,0.6341463414634146
9373,0.627177700348432
9374,0.6655052264808362
9375,0.6376306620209059
9376,0.6236933797909407
9377,0.6306620209059234
9378,0.627177700348432
9379,0.6724738675958188
9380,0.6376306620209059
9381,0.6585365853658537
9382,0.5923344947735192
9383,0.6306620209059234
9384,0.627177700348432
9385,0.6306620209059234
9386,0.6132404181184669
9387,0.6202090592334495
9388,0.6445993031358885
9389,0.5993031358885017
9390,0.6655052264808362
9391,0.6236933797909407
9392,0.6132404181184669
9393,0.6829268292682927
9394,0.6132404181184669
9395,0.6202090592334495
9396,0.627177700348432
9397,0.710801393728223
9398,0.662020905923345
9399,0.5993031358885017
9400,0.6898954703832753
9401,0.6306620209059234
9402,0.6689895470383276
9403,0.6376306620209059
9404,0.662020905923345
9405,0.6341463414634146
9406,0.6167247386759582
9407,0.6306620209059234
9408,0.6445993031358885
9409,0.6236933797909407
9410,0.6097560975609756
9411,0.6655052264808362
9412,0.662020905923345
9413,0.6550522648083623
9414,0.5923344947735192
9415,0.6829268292682927
9416,0.5993031358885017
9417,0.627177700348432
9418,0.5679442508710801
9419,0.6306620209059234
9420,0.6202090592334495
9421,0.5993031358885017
9422,0.6062717770034843
9423,0.5679442508710801
9424,0.6585365853658537
9425,0.6585365853658537
9426,0.6376306620209059
9427,0.6550522648083623
9428,0.6202090592334495
9429,0.6167247386759582
9430,0.6376306620209059
9431,0.6411149825783972
9432,0.627177700348432
9433,0.5958188153310104
9434,0.6132404181184669
9435,0.6411149825783972
9436,0.6341463414634146
9437,0.627177700348432
9438,0.6411149825783972
9439,0.6236933797909407
9440,0.6062717770034843
9441,0.5818815331010453
9442,0.6585365853658537
9443,0.6411149825783972
9444,0.6027874564459931
9445,0.686411149825784
9446,0.6306620209059234
9447,0.6376306620209059
9448,0.6341463414634146
9449,0.627177700348432
9450,0.6585365853658537
9451,0.6027874564459931
9452,0.5993031358885017
9453,0.6167247386759582
9454,0.6341463414634146
9455,0.6341463414634146
9456,0.6062717770034843
9457,0.6236933797909407
9458,0.6167247386759582
9459,0.6132404181184669
9460,0.6306620209059234
9461,0.6202090592334495
9462,0.6236933797909407
9463,0.6132404181184669
9464,0.5923344947735192
9465,0.5958188153310104
9466,0.627177700348432
9467,0.6167247386759582
9468,0.6480836236933798
9469,0.6376306620209059
9470,0.5818815331010453
9471,0.6515679442508711
9472,0.5958188153310104
9473,0.6341463414634146
9474,0.5958188153310104
9475,0.6097560975609756
9476,0.6480836236933798
9477,0.6445993031358885
9478,0.6167247386759582
9479,0.6515679442508711
9480,0.662020905923345
9481,0.6236933797909407
9482,0.6341463414634146
9483,0.6132404181184669
9484,0.6585365853658537
9485,0.6759581881533101
9486,0.6445993031358885
9487,0.6759581881533101
9488,0.5993031358885017
9489,0.6202090592334495
9490,0.627177700348432
9491,0.6062717770034843
9492,0.6445993031358885
9493,0.6376306620209059
9494,0.6236933797909407
9495,0.6794425087108014
9496,0.6411149825783972
9497,0.6550522648083623
9498,0.6550522648083623
9499,0.6167247386759582
9500,0.5993031358885017
9501,0.6132404181184669
9502,0.5888501742160279
9503,0.662020905923345
9504,0.6376306620209059
9505,0.6306620209059234
9506,0.5888501742160279
9507,0.6202090592334495
9508,0.6167247386759582
9509,0.6132404181184669
9510,0.6411149825783972
9511,0.6724738675958188
9512,0.6202090592334495
9513,0.6376306620209059
9514,0.6236933797909407
9515,0.6097560975609756
9516,0.6167247386759582
9517,0.578397212543554
9518,0.6376306620209059
9519,0.6306620209059234
9520,0.6306620209059234
9521,0.6550522648083623
9522,0.627177700348432
9523,0.6132404181184669
9524,0.6132404181184669
9525,0.7003484320557491
9526,0.6167247386759582
9527,0.6236933797909407
9528,0.662020905923345
9529,0.6480836236933798
9530,0.6829268292682927
9531,0.6027874564459931
9532,0.6306620209059234
9533,0.6829268292682927
9534,0.686411149825784
9535,0.6341463414634146
9536,0.6445993031358885
9537,0.5888501742160279
9538,0.6027874564459931
9539,0.6724738675958188
9540,0.6933797909407665
9541,0.6585365853658537
9542,0.6411149825783972
9543,0.5818815331010453
9544,0.6306620209059234
9545,0.5993031358885017
9546,0.6689895470383276
9547,0.6097560975609756
9548,0.6480836236933798
9549,0.6515679442508711
9550,0.6933797909407665
9551,0.6480836236933798
9552,0.5818815331010453
9553,0.6550522648083623
9554,0.6202090592334495
9555,0.6411149825783972
9556,0.662020905923345
9557,0.6480836236933798
9558,0.6341463414634146
9559,0.5818815331010453
9560,0.6306620209059234
9561,0.6376306620209059
9562,0.6167247386759582
9563,0.6376306620209059
9564,0.6411149825783972
9565,0.6341463414634146
9566,0.686411149825784
9567,0.6759581881533101
9568,0.6445993031358885
9569,0.5818815331010453
9570,0.6689895470383276
9571,0.5993031358885017
9572,0.6132404181184669
9573,0.6341463414634146
9574,0.6376306620209059
9575,0.6411149825783972
9576,0.6411149825783972
9577,0.6062717770034843
9578,0.6689895470383276
9579,0.6655052264808362
9580,0.6689895470383276
9581,0.6689895470383276
9582,0.6794425087108014
9583,0.627177700348432
9584,0.5853658536585366
9585,0.6202090592334495
9586,0.5749128919860628
9587,0.6655052264808362
9588,0.6550522648083623
9589,0.6655052264808362
9590,0.5993031358885017
9591,0.6236933797909407
9592,0.6341463414634146
9593,0.6341463414634146
9594,0.6376306620209059
9595,0.6236933797909407
9596,0.6202090592334495
9597,0.6655052264808362
9598,0.6097560975609756
9599,0.6167247386759582
9600,0.6411149825783972
9601,0.627177700348432
9602,0.6236933797909407
9603,0.6062717770034843
9604,0.6167247386759582
9605,0.6202090592334495
9606,0.6306620209059234
9607,0.6411149825783972
9608,0.6236933797909407
9609,0.6376306620209059
9610,0.6341463414634146
9611,0.662020905923345
9612,0.627177700348432
9613,0.6236933797909407
9614,0.6933797909407665
9615,0.6411149825783972
9616,0.6306620209059234
9617,0.6376306620209059
9618,0.6236933797909407
9619,0.6794425087108014
9620,0.5888501742160279
9621,0.6027874564459931
9622,0.6933797909407665
9623,0.6585365853658537
9624,0.6376306620209059
9625,0.6236933797909407
9626,0.5714285714285714
9627,0.6132404181184669
9628,0.6759581881533101
9629,0.6062717770034843
9630,0.6132404181184669
9631,0.5993031358885017
9632,0.6376306620209059
9633,0.6724738675958188
9634,0.6097560975609756
9635,0.627177700348432
9636,0.627177700348432
9637,0.6480836236933798
9638,0.6167247386759582
9639,0.5958188153310104
9640,0.6515679442508711
9641,0.6306620209059234
9642,0.6445993031358885
9643,0.6515679442508711
9644,0.6480836236933798
9645,0.5888501742160279
9646,0.6097560975609756
9647,0.6202090592334495
9648,0.6376306620209059
9649,0.6306620209059234
9650,0.627177700348432
9651,0.6445993031358885
9652,0.6306620209059234
9653,0.6132404181184669
9654,0.6411149825783972
9655,0.6480836236933798
9656,0.6411149825783972
9657,0.5958188153310104
9658,0.5400696864111498
9659,0.6376306620209059
9660,0.6236933797909407
9661,0.6167247386759582
9662,0.6550522648083623
9663,0.6132404181184669
9664,0.6202090592334495
9665,0.6027874564459931
9666,0.6411149825783972
9667,0.6411149825783972
9668,0.6202090592334495
9669,0.6445993031358885
9670,0.6376306620209059
9671,0.5609756097560976
9672,0.6411149825783972
9673,0.6376306620209059
9674,0.6480836236933798
9675,0.5958188153310104
9676,0.6376306620209059
9677,0.6306620209059234
9678,0.6027874564459931
9679,0.6724738675958188
9680,0.5888501742160279
9681,0.6411149825783972
9682,0.6027874564459931
9683,0.6341463414634146
9684,0.6027874564459931
9685,0.5923344947735192
9686,0.6585365853658537
9687,0.6062717770034843
9688,0.6097560975609756
9689,0.6724738675958188
9690,0.6027874564459931
9691,0.6411149825783972
9692,0.6202090592334495
9693,0.6062717770034843
9694,0.5993031358885017
9695,0.6411149825783972
9696,0.6062717770034843
9697,0.5923344947735192
9698,0.6306620209059234
9699,0.6829268292682927
9700,0.6515679442508711
9701,0.6306620209059234
9702,0.686411149825784
9703,0.662020905923345
9704,0.6202090592334495
9705,0.578397212543554
9706,0.6027874564459931
9707,0.554006968641115
9708,0.6132404181184669
9709,0.662020905923345
9710,0.686411149825784
9711,0.627177700348432
9712,0.6062717770034843
9713,0.6167247386759582
9714,0.6655052264808362
9715,0.6236933797909407
9716,0.6306620209059234
9717,0.5853658536585366
9718,0.5958188153310104
9719,0.6132404181184669
9720,0.6097560975609756
9721,0.6655052264808362
9722,0.6341463414634146
9723,0.5958188153310104
9724,0.6585365853658537
9725,0.6376306620209059
9726,0.6236933797909407
9727,0.6376306620209059
9728,0.6062717770034843
9729,0.6062717770034843
9730,0.6480836236933798
9731,0.6445993031358885
9732,0.6550522648083623
9733,0.6097560975609756
9734,0.7003484320557491
9735,0.627177700348432
9736,0.627177700348432
9737,0.6376306620209059
9738,0.6898954703832753
9739,0.6236933797909407
9740,0.627177700348432
9741,0.6097560975609756
9742,0.6445993031358885
9743,0.6062717770034843
9744,0.6306620209059234
9745,0.6306620209059234
9746,0.627177700348432
9747,0.6480836236933798
9748,0.6306620209059234
9749,0.6097560975609756
9750,0.6167247386759582
9751,0.6097560975609756
9752,0.6585365853658537
9753,0.6306620209059234
9754,0.5923344947735192
9755,0.6411149825783972
9756,0.6306620209059234
9757,0.5993031358885017
9758,0.6097560975609756
9759,0.6236933797909407
9760,0.6724738675958188
9761,0.6341463414634146
9762,0.627177700348432
9763,0.5818815331010453
9764,0.6829268292682927
9765,0.5993031358885017
9766,0.6306620209059234
9767,0.6027874564459931
9768,0.6411149825783972
9769,0.6306620209059234
9770,0.5818815331010453
9771,0.6655052264808362
9772,0.6376306620209059
9773,0.6550522648083623
9774,0.662020905923345
9775,0.6376306620209059
9776,0.6655052264808362
9777,0.5958188153310104
9778,0.6445993031358885
9779,0.6655052264808362
9780,0.6236933797909407
9781,0.6376306620209059
9782,0.627177700348432
9783,0.6376306620209059
9784,0.6376306620209059
9785,0.6167247386759582
9786,0.6445993031358885
9787,0.6097560975609756
9788,0.710801393728223
9789,0.6550522648083623
9790,0.6376306620209059
9791,0.627177700348432
9792,0.6132404181184669
9793,0.6306620209059234
9794,0.6585365853658537
9795,0.6724738675958188
9796,0.6027874564459931
9797,0.6236933797909407
9798,0.6411149825783972
9799,0.5993031358885017
9800,0.662020905923345
9801,0.686411149825784
9802,0.6655052264808362
9803,0.6445993031358885
9804,0.6097560975609756
9805,0.6236933797909407
9806,0.5853658536585366
9807,0.6097560975609756
9808,0.6202090592334495
9809,0.6062717770034843
9810,0.6376306620209059
9811,0.6480836236933798
9812,0.6515679442508711
9813,0.6132404181184669
9814,0.6202090592334495
9815,0.6202090592334495
9816,0.6167247386759582
9817,0.6132404181184669
9818,0.6515679442508711
9819,0.6202090592334495
9820,0.6445993031358885
9821,0.6027874564459931
9822,0.5958188153310104
9823,0.6689895470383276
9824,0.6585365853658537
9825,0.5888501742160279
9826,0.6027874564459931
9827,0.6167247386759582
9828,0.6132404181184669
9829,0.6306620209059234
9830,0.6306620209059234
9831,0.5923344947735192
9832,0.6132404181184669
9833,0.662020905923345
9834,0.627177700348432
9835,0.6202090592334495
9836,0.6167247386759582
9837,0.6097560975609756
9838,0.6411149825783972
9839,0.6689895470383276
9840,0.6585365853658537
9841,0.6376306620209059
9842,0.6062717770034843
9843,0.6167247386759582
9844,0.6341463414634146
9845,0.6376306620209059
9846,0.6027874564459931
9847,0.6236933797909407
9848,0.6341463414634146
9849,0.6236933797909407
9850,0.6411149825783972
9851,0.6550522648083623
9852,0.6236933797909407
9853,0.578397212543554
9854,0.6167247386759582
9855,0.6480836236933798
9856,0.6376306620209059
9857,0.6202090592334495
9858,0.6689895470383276
9859,0.6202090592334495
9860,0.6550522648083623
9861,0.6132404181184669
9862,0.6306620209059234
9863,0.627177700348432
9864,0.6550522648083623
9865,0.6167247386759582
9866,0.578397212543554
9867,0.6341463414634146
9868,0.6097560975609756
9869,0.6341463414634146
9870,0.6306620209059234
9871,0.5958188153310104
9872,0.6306620209059234
9873,0.6376306620209059
9874,0.6202090592334495
9875,0.6515679442508711
9876,0.6132404181184669
9877,0.6341463414634146
9878,0.6585365853658537
9879,0.6202090592334495
9880,0.5923344947735192
9881,0.6167247386759582
9882,0.6167247386759582
9883,0.6411149825783972
9884,0.5993031358885017
9885,0.6550522648083623
9886,0.6724738675958188
9887,0.6480836236933798
9888,0.5714285714285714
9889,0.6585365853658537
9890,0.6411149825783972
9891,0.5958188153310104
9892,0.627177700348432
9893,0.6097560975609756
9894,0.5993031358885017
9895,0.5993031358885017
9896,0.6202090592334495
9897,0.6724738675958188
9898,0.6759581881533101
9899,0.662020905923345
9900,0.6759581881533101
9901,0.6341463414634146
9902,0.6306620209059234
9903,0.6480836236933798
9904,0.6724738675958188
9905,0.6236933797909407
9906,0.6376306620209059
9907,0.6132404181184669
9908,0.6097560975609756
9909,0.6515679442508711
9910,0.6236933797909407
9911,0.6306620209059234
9912,0.6515679442508711
9913,0.6550522648083623
9914,0.5888501742160279
9915,0.627177700348432
9916,0.6306620209059234
9917,0.6480836236933798
9918,0.6655052264808362
9919,0.6585365853658537
9920,0.6306620209059234
9921,0.6097560975609756
9922,0.6515679442508711
9923,0.6027874564459931
9924,0.6515679442508711
9925,0.6376306620209059
9926,0.627177700348432
9927,0.6515679442508711
9928,0.6202090592334495
9929,0.6306620209059234
9930,0.6306620209059234
9931,0.6411149825783972
9932,0.6655052264808362
9933,0.6202090592334495
9934,0.6306620209059234
9935,0.6585365853658537
9936,0.6411149825783972
9937,0.6480836236933798
9938,0.6167247386759582
9939,0.6480836236933798
9940,0.662020905923345
9941,0.6306620209059234
9942,0.6655052264808362
9943,0.6585365853658537
9944,0.5993031358885017
9945,0.6097560975609756
9946,0.6236933797909407
9947,0.6411149825783972
9948,0.6759581881533101
9949,0.6376306620209059
9950,0.5993031358885017
9951,0.6202090592334495
9952,0.5853658536585366
9953,0.5888501742160279
9954,0.6167247386759582
9955,0.6689895470383276
9956,0.6167247386759582
9957,0.6306620209059234
9958,0.6411149825783972
9959,0.6480836236933798
9960,0.6306620209059234
9961,0.6376306620209059
9962,0.6027874564459931
9963,0.6480836236933798
9964,0.6202090592334495
9965,0.6306620209059234
9966,0.627177700348432
9967,0.6236933797909407
9968,0.6376306620209059
9969,0.6202090592334495
9970,0.6376306620209059
9971,0.6341463414634146
9972,0.6132404181184669
9973,0.6724738675958188
9974,0.6550522648083623
9975,0.6306620209059234
9976,0.6689895470383276
9977,0.5923344947735192
9978,0.627177700348432
9979,0.6759581881533101
9980,0.6655052264808362
9981,0.6445993031358885
9982,0.6550522648083623
9983,0.5888501742160279
9984,0.6306620209059234
9985,0.6236933797909407
9986,0.6794425087108014
9987,0.6550522648083623
9988,0.6829268292682927
9989,0.6655052264808362
9990,0.6550522648083623
9991,0.6132404181184669
9992,0.5958188153310104
9993,0.5853658536585366
9994,0.5714285714285714
9995,0.6062717770034843
9996,0.5993031358885017
9997,0.5574912891986062
9998,0.6689895470383276
9999,0.6655052264808362
10000,0.6306620209059234
