replicate,null_connectivity
1,0.07866486032014014
2,0.08762736794210688
3,0
4,0.06628235294269635
5,-0.0872577705245334
6,0.08719827960414889
7,-0.07589462670102953
8,0
9,0.08171008181116557
10,-0.07206803910339385
11,-0.09855659932370231
12,0.0886310025095206
13,-0.08248251319573008
14,0
15,0
16,0
17,-0.06548673106572378
18,0.06227728744563444
19,0.0952659541133346
20,0
21,-0.05380552816709441
22,-0.07223774009914766
23,0
24,-0.08849870667035636
25,0.07709926315291502
26,0.08946801757667412
27,0.061626825440347616
28,0
29,0
30,0
31,0
32,0
33,0
34,-0.08404609322393264
35,0
36,0.075108138470657
37,-0.07462029031510428
38,0
39,-0.08219802906197599
40,-0.05552300386447431
41,0
42,0.1263701570958441
43,0
44,0
45,-0.07559279942910799
46,0
47,-0.061743964843363225
48,0
49,-0.08942128572124186
50,-0.060482673797579045
51,0
52,0
53,0
54,0
55,0.08212333546098927
56,0
57,0
58,-0.08727303192825125
59,0.08367965290786411
60,0.08153762670128792
61,0
62,0
63,-0.1024615235576117
64,0
65,0
66,0.0787074404512961
67,-0.06876706743313957
68,0
69,-0.09061627396522648
70,0
71,-0.1115653549637346
72,0.08995564919073792
73,-0.09971309456538002
74,0
75,0
76,0
77,-0.05931329690644513
78,0
79,0.07145243293743854
80,0.07403905478873736
81,0
82,-0.09644480964937296
83,-0.07215360308712584
84,0
85,0
86,-0.10227187138331673
87,-0.0665164328241734
88,0
89,-0.0750437008618181
90,0
91,-0.07067006706978439
92,0.06260261497439917
93,0
94,0.07097995188721179
95,-0.07279855686416492
96,0
97,0
98,0.08484929919129108
99,0
100,0
101,-0.08700163424081916
102,0.06592469540261191
103,0.06945153746277569
104,0.09152184313162579
105,-0.058504471870958155
106,0
107,0.09524630682691693
108,0.06729044312650978
109,0.06977121068954256
110,-0.06816608552509723
111,0
112,0
113,0
114,-0.10093257108262854
115,0.06028585887125293
116,0.06695209374685024
117,0
118,0
119,0
120,-0.06878218863541874
121,0
122,0
123,0
124,-0.07527801490171879
125,-0.0966547690110978
126,-0.06064570898566787
127,-0.08286261838080969
128,-0.1005825387391109
129,0
130,0
131,0
132,0
133,0
134,-0.08533779623727172
135,0
136,-0.08818471123483362
137,0
138,0
139,0
140,-0.07220050450555457
141,0
142,0
143,0.08610863108712952
144,0
145,0
146,0
147,0
148,-0.0597425665520227
149,0
150,0
151,0
152,0
153,0
154,0.0983999319234665
155,-0.05605494647352774
156,0.06733388868958262
157,-0.07363971778328318
158,-0.09076003622675989
159,-0.07748108158489368
160,-0.08145222053592924
161,0
162,0
163,0
164,0
165,0
166,0
167,-0.08450587393232273
168,-0.06753036448991587
169,0
170,-0.06610472285825227
171,0.11240613565067906
172,-0.09460345827357372
173,0
174,0
175,-0.051556940058708534
176,0
177,-0.056986764138582516
178,0
179,-0.056527147120877336
180,0.05759274558588323
181,0.06485081697829964
182,0
183,-0.07677475407757461
184,0
185,0
186,0
187,-0.06778047798408146
188,-0.08629772172163111
189,0.10107194232318928
190,0
191,0
192,0.09556926047373157
193,0
194,0
195,0
196,0.07212561198001358
197,-0.07414880315360983
198,0
199,0.07498100586143608
200,0
201,0
202,0.07147667016938308
203,0
204,-0.05933202591014197
205,-0.07031125782259434
206,0.0703576035735412
207,-0.0868021995294963
208,0
209,0
210,0
211,0
212,0
213,0
214,-0.062383439753712466
215,0
216,-0.10532566498114881
217,0
218,0.07485407804908091
219,0
220,-0.11327300114559403
221,0.10093105088797219
222,-0.075580292139514
223,0
224,-0.08703855419766571
225,0
226,0.06264282122360512
227,-0.05636068543899041
228,0.05889370483032624
229,0.07506293855450419
230,0
231,0
232,0
233,-0.07032017492770534
234,0
235,0.07328450459288752
236,0
237,-0.07147534302696948
238,0.08118599195075207
239,0.09061916240847737
240,-0.07867484178172227
241,0.1299627404180142
242,0
243,-0.052092835467484055
244,0.06532988823017997
245,0
246,0
247,-0.10130036790266847
248,0
249,-0.06785485594832158
250,0
251,-0.09144710255214654
252,0
253,0
254,0
255,-0.055480207191829355
256,0.08844098771998654
257,0.06423594778744572
258,0.06989368288549788
259,0
260,0
261,0
262,0
263,-0.08659899332607095
264,-0.07242859095904078
265,0.09786160978193685
266,0
267,0.11074450196608515
268,-0.06005931022935773
269,-0.09961602305309791
270,-0.07417681774996843
271,0
272,0
273,0
274,0
275,-0.08361550818056457
276,-0.0893539537968405
277,-0.11263184234990367
278,0
279,0.06734143754609917
280,0
281,0
282,0
283,-0.06352427574256378
284,0
285,0.09562630117211575
286,0
287,-0.06525173290152583
288,0.0810975630130154
289,0
290,-0.09282208889021368
291,0.08011211352643982
292,0
293,-0.09774296780119957
294,-0.05516176201221848
295,-0.08361854856987716
296,0
297,0
298,0
299,0
300,0.08724345015874382
301,-0.06073414379571607
302,0
303,0.0865527877765627
304,-0.09498234715612058
305,-0.09053797843513378
306,0.06829922917924368
307,0.12318661110379422
308,0
309,0
310,0
311,0
312,-0.051228700597446636
313,0
314,0
315,-0.05588284810657766
316,-0.08274633853739935
317,0
318,0.07769026359937511
319,0
320,0
321,0
322,0.07808257805423682
323,0
324,0.053914054357122446
325,0
326,0
327,-0.08799632821387557
328,-0.12710015442300274
329,0
330,0
331,0.04982245447684247
332,0
333,0
334,-0.11119761686681032
335,-0.06351416582416611
336,0.08325935321820173
337,-0.0780738128951875
338,0
339,-0.07145656704478012
340,0
341,0.05745998803622221
342,0
343,-0.10213876296303971
344,-0.08691692394438094
345,0.06741702594056048
346,0.06498807712285297
347,0
348,0
349,0
350,0
351,0.0836113388393536
352,0
353,-0.08570478561447153
354,0
355,-0.06389737012167403
356,0
357,-0.06464509669148562
358,0.056775155391346935
359,0
360,-0.06467445604719253
361,0
362,0
363,-0.06777121588066601
364,0
365,-0.07740615382548333
366,0.08215357786554772
367,0
368,0
369,0
370,0
371,-0.09035140188402074
372,-0.05515403772039401
373,0
374,0
375,0
376,-0.09511667187893036
377,-0.07765934881514247
378,0.08690734620421887
379,0
380,0.062026536805664056
381,-0.08220716270857599
382,0.09133268202938538
383,-0.07903843402668184
384,0
385,0
386,0
387,-0.0555191912661909
388,0.07223298646293597
389,0
390,-0.08714243759136289
391,-0.06628838160455652
392,0.10818292992784362
393,0.07983748239745245
394,0.08213832233414142
395,0
396,0.06162922281154393
397,-0.08882852504939023
398,-0.1094346138719079
399,0.07619451243994002
400,-0.07255038490301044
401,0
402,-0.058162485328323216
403,-0.1209471390250737
404,-0.09694918175562994
405,0.08493445358129151
406,-0.0625323828621238
407,0
408,0
409,0.08362457723173737
410,-0.09653631421029163
411,0.07546898834611583
412,0.07233325618290398
413,-0.06090437696970538
414,0
415,0.07088989118089911
416,0.09654186354472036
417,-0.1201139600454498
418,0
419,0
420,-0.06196452592957927
421,0
422,0
423,0.07941186753178499
424,0
425,0
426,0
427,0
428,0
429,0
430,-0.07525016399604506
431,0
432,-0.0920561713672524
433,-0.09877539431221527
434,0
435,-0.05864789500649867
436,0
437,0.08049041811398591
438,0
439,-0.05703278838047118
440,0
441,0.11114761633595333
442,0.12068913167608714
443,0
444,0.09086531723060948
445,0.07410432259562377
446,0
447,-0.08933506697477045
448,0
449,0.0608116384893192
450,-0.11494469263182036
451,-0.10775146770793557
452,-0.08352202685276539
453,0
454,0
455,-0.08029903507585723
456,0
457,0.08993023089012991
458,0.06798037440590116
459,0.07255172379004715
460,0
461,0
462,0
463,0.067955160902159
464,0
465,0
466,0.06486818947802502
467,0
468,0
469,0
470,0
471,0.096870020793620365
472,0
473,0
474,0
475,0
476,-0.09618213014249777
477,0
478,0.07710987588799038
479,-0.06817978562797782
480,-0.10245461184690002
481,0
482,0
483,0.08851681027287153
484,0.0706253934595556
485,-0.05654789913590813
486,0.08797876853421918
487,0.08349607637392183
488,-0.07819714465074813
489,-0.10481393046426754
490,0.1352895465361078
491,0.059996106539986306
492,0
493,0
494,0
495,0
496,0
497,0
498,0
499,0.061571006916807905
500,-0.08283655118977383
501,0
502,0.07468799659936787
503,0.07306703674678824
504,0.08244383301349195
505,-0.0824579250931695
506,0
507,0
508,-0.10432290171796352
509,-0.05778270165230173
510,0.05847545164124414
511,-0.0731907546068343
512,0
513,0.0862237181172533
514,-0.07596692880313152
515,-0.07304113324643721
516,0
517,-0.10266246671896782
518,0.06680053085344212
519,0
520,-0.08508281753297475
521,0
522,-0.05391182654892257
523,0
524,0
525,0.09168611737745475
526,0
527,-0.07509095902317434
528,0
529,0
530,0
531,0
532,0
533,0
534,-0.07685240658955098
535,0
536,-0.08558900858773894
537,0
538,0.059864687877362086
539,0.07376818340722935
540,-0.07654818194643312
541,0
542,-0.08346324941823596
543,-0.06746286300251805
544,-0.0792467858431158
545,0
546,0
547,0
548,0
549,0.06266169630105209
550,0
551,0
552,0
553,-0.06540167577098105
554,0
555,0
556,0
557,0
558,0
559,-0.05881056757934841
560,0.07299682225144756
561,0.09416489129071126
562,0
563,-0.09834513665021694
564,0
565,0.08016159362368436
566,0.07244368867207379
567,0.05479729846303044
568,0
569,0
570,0
571,0
572,-0.05690139320709321
573,0
574,0
575,-0.10033088743335421
576,0.06646371928537351
577,0
578,-0.07678298705838837
579,-0.07905439717163168
580,0
581,0
582,-0.09895229916618109
583,-0.0719560629303215
584,0.08429288519186948
585,0
586,0.07934144823957844
587,-0.07065217413644659
588,0
589,0
590,0.06705665539253315
591,0
592,-0.07799840580834566
593,0
594,0
595,0
596,0
597,-0.07653155229412073
598,-0.06520879602744226
599,0
600,0
601,0
602,-0.06534654137173862
603,0
604,0
605,0
606,0.09093332740699653
607,0
608,0.06392329123895979
609,-0.06876504442180553
610,0
611,0
612,0.10566523066334124
613,0
614,-0.08377467791956589
615,-0.08238730687640872
616,0.12127760629453549
617,-0.09486024344771593
618,-0.07151688816321211
619,0
620,0.08050187279173188
621,0
622,0
623,0
624,0.061169775356835154
625,-0.08190483261997666
626,0.08893053150550354
627,0
628,0
629,0
630,0
631,0
632,-0.07079270295642465
633,-0.08392328777429592
634,-0.09963980444685727
635,-0.08482915496050716
636,0
637,0
638,0
639,0
640,-0.0905008360644867
641,-0.08195912507654851
642,0
643,0
644,0.07570896843263754
645,-0.0632797057105153
646,0
647,0.06959621213471842
648,0.09741455290462966
649,0
650,0
651,-0.07265929719752387
652,0.08848830460445836
653,0
654,0
655,0.0885286040766104
656,0
657,0
658,0.04887103063155089
659,-0.04790006520144979
660,0.07282191691956952
661,-0.07868546626142084
662,0
663,0
664,0
665,0
666,0.06828462253826534
667,0
668,0.06853243188418073
669,0
670,0.07648243481211525
671,-0.0586482517494262
672,0
673,0
674,0
675,0
676,0
677,0
678,0
679,0.05373045433393389
680,-0.08217966854582989
681,0.06061013378816965
682,0.06085608381343588
683,0
684,0
685,0
686,0.08751692958062555
687,0.051333472912306916
688,0
689,0.08470547233433057
690,0.05712794184898845
691,-0.0960225390651416
692,0
693,-0.08835017902798825
694,0
695,0
696,-0.07947473209516354
697,0
698,0
699,0
700,0
701,0
702,-0.053119835962613826
703,0
704,0
705,0
706,0
707,0
708,0.05995074880546025
709,0
710,0.08095292944725364
711,0
712,0.0727170102755822
713,-0.10513386133870428
714,0
715,0
716,0
717,0.08476355389993953
718,0
719,-0.1048514002162843
720,-0.1053084620444199
721,0.07404850994439557
722,-0.07085849119692343
723,0.08969319209766322
724,-0.04730094848636826
725,0
726,0.06705904101910631
727,0
728,0.07944882272250092
729,-0.07439254885992241
730,-0.054727177190635884
731,0
732,0.08782986065967718
733,-0.07563698783959373
734,0
735,0
736,0
737,0
738,0
739,-0.06064502486137058
740,-0.08068378892957934
741,0.0722767711520017
742,0.058436637129879065
743,0.06842284720999313
744,0.05616281790081633
745,-0.09945145005341802
746,0
747,0
748,0
749,0.08190659871767977
750,-0.06814770151970492
751,0
752,0
753,0
754,-0.055408068780412295
755,0.08704498070863437
756,0
757,-0.09198759965107194
758,-0.08665995746261931
759,0
760,0
761,0.07778934050605654
762,0
763,-0.0850121002209563
764,0
765,-0.06631529073826302
766,0.08939118351812214
767,0
768,-0.09012188845882427
769,0.06891497554663764
770,0.07799100889789093
771,-0.044593579430636174
772,0
773,-0.10906652490436762
774,0.06152806417041279
775,0
776,0.06619800526149719
777,0
778,0
779,0
780,0
781,0.0716518500318268
782,0
783,0
784,0
785,0
786,-0.04987226195545672
787,0.10156029916773135
788,0
789,0
790,0.08144266041270182
791,0.07368316921866752
792,0.09689633388770305
793,0.11699467622693081
794,0
795,-0.07554113262984452
796,0
797,0
798,0.1555414395462084
799,0.05785606811087479
800,0
801,0
802,0
803,-0.07853191559054795
804,0
805,0
806,0
807,0
808,0
809,-0.051276443958545886
810,0.08921604476185932
811,0
812,-0.05041058409698634
813,0.10967679827738323
814,-0.07105894328622497
815,-0.07526494020001986
816,0
817,-0.09125984187673625
818,0.08954304443134214
819,-0.097352986122107
820,0
821,0.12013232056159594
822,-0.07778816530970464
823,0.09089896263971967
824,0.05006375583346623
825,0
826,0
827,0.05950809469374879
828,0
829,0
830,-0.08763403374977183
831,-0.09791641092749803
832,0.06832924917000158
833,0
834,-0.11255145334073807
835,-0.06304095954346117
836,0
837,0.0818830279930978
838,-0.08968955493468778
839,-0.06585324698780363
840,0.0674757563965974
841,-0.12145834136371939
842,0
843,0
844,0.07641628982868892
845,0
846,0
847,-0.09032628160322467
848,0
849,0.07403753459408108
850,0.08652770272963597
851,0.06020923548187823
852,0
853,-0.0885580045384982
854,0
855,0.060168199034624864
856,0
857,-0.08542617232420431
858,0.07064839089972105
859,-0.08891798898204019
860,-0.10573518824505096
861,0.08822014623089322
862,0.06738369029588534
863,0.0633039311978367
864,0.06698264004353213
865,0.09341137021746321
866,0
867,0.08616737328778956
868,0
869,-0.07315341918394459
870,-0.08855696367127336
871,0.06864688176849976
872,0
873,0
874,0
875,0.08837780164754984
876,0.10129471360067055
877,0
878,-0.06352153924537463
879,0
880,0.08663884870466082
881,0
882,0
883,0
884,-0.06959052259885115
885,0.06754754980971012
886,0
887,0
888,0
889,0
890,-0.10039292767099682
891,-0.07672219835714805
892,0.07758377216530427
893,0.07807712267679312
894,0
895,0.07192032404213844
896,0
897,0.09716035228161501
898,0
899,0
900,0.07387058184013956
901,0
902,0
903,0
904,0
905,-0.08737590381628141
906,0
907,-0.10773915934289585
908,0.10762610119641769
909,0
910,-0.056171898696612266
911,0
912,-0.09638910196571401
913,0
914,0
915,0
916,0
917,0
918,0.08242975267843765
919,-0.07445161256964064
920,0.11001070965757781
921,0
922,0
923,-0.06907109902401473
924,0
925,-0.10218775786054124
926,-0.06591441004890625
927,-0.04935301381592838
928,0.05310693082391138
929,0
930,0.07494926087915602
931,-0.08845751240472965
932,0
933,0.0820587459060886
934,0
935,0
936,0
937,-0.07411361993290863
938,0
939,-0.06754015289925536
940,0.07889020440412559
941,0.06971830409850002
942,-0.05835607268540553
943,0.08595439041964781
944,0
945,0.0814962158941723
946,0
947,0
948,0
949,0
950,0
951,0
952,0
953,0
954,0
955,-0.08723027048947574
956,0.07187139374006424
957,0.09994185927085197
958,-0.07760747721901326
959,0.07259142722257539
960,-0.08253025655682927
961,-0.0774487280843277
962,0
963,0
964,0.07403713087266098
965,-0.11239565724473066
966,-0.0697456345705613
967,-0.06903796817620547
968,-0.10039773415801262
969,0
970,0.07807070791044764
971,0
972,-0.077862391327883
973,0
974,0.09285399756317864
975,0
976,0
977,0
978,0
979,0
980,0
981,0
982,0
983,-0.052795882554755286
984,0
985,0
986,0.07910390075812244
987,-0.11799607711383307
988,0.08757549047366606
989,0
990,0.06664510911729687
991,-0.052555066397874495
992,0.05723495958898328
993,-0.1380925190262307
994,0
995,0
996,-0.07548686953483048
997,0
998,0
999,0.07409006682526136
1000,0
1001,-0.08219224043085102
1002,0
1003,0.06468577639581147
1004,0.09938156881175869
1005,0
1006,0
1007,-0.08927514370544692
1008,0
1009,0
1010,0.06408700467903436
1011,0
1012,-0.05423526539548035
1013,-0.10978774532785385
1014,-0.06513148851377029
1015,0
1016,0.10456903892316084
1017,0
1018,-0.0851216790228323
1019,0
1020,0.08515242424406846
1021,0.07553753657305007
1022,0.07986481286951372
1023,0
1024,0.09087800582782293
1025,0.12195028252043277
1026,-0.08925777707803312
1027,-0.07302838592610805
1028,0.06217647380280773
1029,0
1030,0
1031,0
1032,-0.07870643481794065
1033,0
1034,0.07667837843421293
1035,0
1036,0.06280752268010045
1037,0
1038,0.06359368352910327
1039,0.07345919338327664
1040,0
1041,0
1042,0
1043,0.09896129261134251
1044,0
1045,-0.06785003184437113
1046,-0.10135004692446722
1047,-0.09519137135222872
1048,0
1049,0
1050,0
1051,0
1052,0
1053,0.07886238286000974
1054,0
1055,-0.08706434098582444
1056,0
1057,-0.05490462596746043
1058,-0.061431372890304536
1059,0.09602971943410743
1060,-0.08892056178854449
1061,-0.07278052372938859
1062,-0.08461013168588213
1063,0
1064,0.08367215690215177
1065,-0.06953746406174682
1066,0
1067,0
1068,-0.09624289535449185
1069,0.06130783046556648
1070,0.08166010476955485
1071,0
1072,0.07352994592916448
1073,-0.062356507130759666
1074,-0.09606737049374377
1075,0
1076,0
1077,-0.08782663896274495
1078,-0.09718761815824906
1079,-0.1069761831139896
1080,-0.08123067730560399
1081,-0.06799277085561437
1082,-0.11530180037673467
1083,0.08336774507910272
1084,-0.09451768362066436
1085,0
1086,-0.07610071547539426
1087,0
1088,0
1089,0.06807073313202583
1090,0
1091,0.08872303924867486
1092,0.09199103788949312
1093,0
1094,-0.07329067345618634
1095,0
1096,0
1097,0
1098,0.09184933974547474
1099,0
1100,0
1101,-0.06869493489403403
1102,0
1103,0
1104,0.06307186845538212
1105,0
1106,0
1107,0
1108,0
1109,-0.073915746522423
1110,0
1111,0
1112,0
1113,0.05279346169431271
1114,0.06718872294558531
1115,-0.0809965445733229
1116,0
1117,0
1118,-0.050343924552259126
1119,0
1120,0.09665066426531405
1121,0
1122,0
1123,-0.07803995681689987
1124,-0.06899190870044736
1125,0
1126,0
1127,0.11305349854353755
1128,0
1129,-0.08264258360051766
1130,-0.09407991820833049
1131,0
1132,-0.07646796250026394
1133,0
1134,0.08201114861873952
1135,0
1136,0.08586300257092147
1137,-0.10936127090258106
1138,0
1139,0
1140,-0.05953489885988598
1141,0.09959610710842609
1142,0.11138328687982552
1143,0
1144,0
1145,-0.10424438964638184
1146,0.08240298961848136
1147,0
1148,0.06784334254746
1149,0
1150,0
1151,0.06947698512494155
1152,0
1153,0
1154,0
1155,0
1156,0
1157,0
1158,-0.08786317868741762
1159,0
1160,0
1161,-0.06865803255412223
1162,0.056278752745922256
1163,0.08364659840010516
1164,0
1165,-0.08897555011403674
1166,0
1167,0
1168,0
1169,0.0745295983352983
1170,0.07423404562828367
1171,0
1172,-0.07696917750501595
1173,0
1174,0.08506823438124264
1175,0
1176,0
1177,0
1178,-0.09307561126124261
1179,-0.06442090431460579
1180,0
1181,0
1182,0
1183,0.09923727437198973
1184,-0.08503162418883115
1185,0.08057885879634574
1186,0
1187,0
1188,0
1189,0
1190,0
1191,0.12287329979256882
1192,0
1193,0
1194,0
1195,0.07128412955183719
1196,0
1197,-0.07800632902472437
1198,0
1199,0
1200,0
1201,0.09557098546525378
1202,-0.06559730375633213
1203,-0.06853312775310111
1204,0.10143155240686906
1205,0
1206,0
1207,0.04739800825402718
1208,0.10441823062178882
1209,-0.06513630674540921
1210,-0.06556879808791896
1211,-0.060069583838440216
1212,0
1213,0
1214,0.06761691649006862
1215,-0.1188008619989635
1216,0.08089866635223963
1217,0.0679226848170891
1218,0
1219,-0.09559020554100514
1220,0
1221,0
1222,0.07700510357313012
1223,-0.10249153180374648
1224,0.0831649191078512
1225,0.06861386176057117
1226,0
1227,-0.08941374860934855
1228,0.07208558116611569
1229,-0.06544089400376624
1230,0
1231,-0.063673733412276
1232,-0.06846012978207873
1233,0
1234,0
1235,0.05921333107860059
1236,-0.11329023931619234
1237,0.06949830455207734
1238,0.056880448139819656
1239,0
1240,0
1241,-0.054064722457055986
1242,-0.08730033891106628
1243,0
1244,0.0804336813077253
1245,0
1246,-0.06909188040060346
1247,0
1248,0
1249,0.11495440470110954
1250,0
1251,-0.0714524622989964
1252,-0.06379296042205289
1253,-0.09921549910666871
1254,0
1255,0
1256,0
1257,-0.08608631189894983
1258,0
1259,-0.07051546965937516
1260,-0.09502823706888218
1261,0
1262,0
1263,0
1264,0.05796307997855807
1265,0
1266,0.07706449466421808
1267,0
1268,0
1269,0
1270,0.09786129414519026
1271,0.06330598357072859
1272,0
1273,0.07282313322210236
1274,0
1275,-0.07302565530123042
1276,0
1277,0.06634912332730436
1278,-0.07249555439589145
1279,0
1280,0.04296217053366604
1281,0
1282,0
1283,0.06163471929516852
1284,0.06715678491106256
1285,0
1286,0
1287,0
1288,0.09263621995264426
1289,0
1290,0.07174101594466481
1291,0.07721392884468403
1292,0.09430917985816864
1293,0
1294,-0.09474854767752079
1295,0.11358050620875978
1296,0
1297,-0.08794308249684016
1298,0
1299,0
1300,0
1301,0
1302,0
1303,-0.06336079058860133
1304,0.0628590610225484
1305,0
1306,-0.07857312747310932
1307,-0.06675264729090422
1308,0
1309,0
1310,0.07641764633266035
1311,-0.08864628153017307
1312,0.08147679102155508
1313,-0.09328682215936968
1314,0
1315,-0.10250957668314606
1316,0
1317,-0.0881236362584045
1318,0.07653102011588514
1319,0
1320,0.0777539759777357
1321,0
1322,0
1323,-0.06430275927823464
1324,0.05428887372775493
1325,0
1326,0
1327,-0.07322042959928779
1328,0.08363555258205187
1329,0
1330,0
1331,-0.07678282924001507
1332,0
1333,0
1334,0.057426997389851464
1335,0
1336,-0.08323345559016224
1337,0
1338,0.0523977090010298
1339,0.09912082496558297
1340,-0.08338188413727277
1341,0
1342,0
1343,0
1344,-0.07597928414666377
1345,0.0629006413926605
1346,-0.08996407522379438
1347,0
1348,-0.07768563254766739
1349,0
1350,0
1351,-0.10652266449184436
1352,0.08710245375595746
1353,0
1354,0
1355,0.07417854274149056
1356,0.06950412841707171
1357,-0.06318574505528465
1358,0.07926173161008705
1359,0
1360,0
1361,0
1362,0.08700027186453618
1363,0.08018683648898439
1364,-0.09885995266259183
1365,0
1366,-0.09068044218177235
1367,0
1368,0.11687135034368173
1369,0
1370,0
1371,0
1372,0.07418436660648486
1373,0.10757508328758217
1374,0
1375,-0.0663237402605657
1376,0
1377,0
1378,0.10344023089647197
1379,-0.07575035575050693
1380,-0.06817380981692173
1381,0
1382,-0.10488614521573494
1383,0
1384,-0.06803569598507474
1385,0
1386,0
1387,0
1388,-0.08542773949735313
1389,0.09082992334073076
1390,0
1391,0.07965937885788849
1392,0
1393,-0.10107740357294451
1394,0
1395,-0.07818475407334653
1396,-0.07669230095089402
1397,0
1398,0
1399,0.0879519878573281
1400,-0.11287917236838757
1401,-0.08937320323414974
1402,-0.10300269890852287
1403,-0.07716106335982237
1404,0
1405,0
1406,0
1407,-0.08561566080781445
1408,0
1409,-0.10540414769117268
1410,0.10464894273258343
1411,0
1412,0
1413,0
1414,-0.10303518673821582
1415,0
1416,0
1417,0.06360157151161262
1418,0
1419,0
1420,0
1421,0
1422,-0.08123719116720717
1423,0
1424,0
1425,0.048951940074328903
1426,0
1427,-0.07474087970116416
1428,0.1000871534716648
1429,0
1430,0
1431,0
1432,0
1433,0.07481593004507844
1434,0
1435,-0.08896265671995734
1436,0
1437,0
1438,0.07398102020162085
1439,0
1440,0
1441,0
1442,0.05852148175544439
1443,0.0720625719813271
1444,0
1445,0
1446,-0.05045815202277765
1447,0
1448,-0.12189289682374421
1449,0
1450,-0.05867678090708561
1451,0
1452,0.05114229467104402
1453,-0.06452774074698106
1454,0
1455,0
1456,0
1457,-0.11925371337970722
1458,0
1459,0.08140623152790993
1460,0
1461,0
1462,0.09477931051569163
1463,0
1464,0
1465,0.07153973365731581
1466,-0.06283724465104648
1467,-0.060204434867174084
1468,0.07914598394491229
1469,-0.06994433817909435
1470,0
1471,0
1472,0
1473,0.10667143216494765
1474,-0.08399526836733981
1475,0.07811400739977026
1476,0
1477,0
1478,0
1479,0
1480,0
1481,0
1482,0.07750648814087854
1483,0
1484,0
1485,0.08432539063849709
1486,-0.0992740599997092
1487,0
1488,0.08376081412600045
1489,-0.07454195955114207
1490,0.0907876412293867
1491,0
1492,-0.08520242477492548
1493,0
1494,0
1495,-0.07136878699747135
1496,0.19082312790178804
1497,-0.054469889199816046
1498,0
1499,0
1500,-0.09813919394960233
1501,0
1502,-0.10047861423923274
1503,-0.07201841293239915
1504,0
1505,0.12256653757681596
1506,-0.06757743547134096
1507,0
1508,-0.11325329587009952
1509,0.05672755810399782
1510,0
1511,0.06978479995254236
1512,0
1513,0
1514,-0.07394974280214914
1515,0
1516,0.10154806053639148
1517,0
1518,0
1519,0
1520,0
1521,0
1522,-0.06247910778353054
1523,0
1524,0
1525,0.05855979345013168
1526,-0.082234294256083
1527,0.09651947976111341
1528,-0.07543122644659875
1529,0
1530,-0.11904330331806981
1531,0.061909397402648364
1532,0
1533,0
1534,-0.10240068787787882
1535,0.05973140402177707
1536,0.05401934710559517
1537,0
1538,0.066533787706964
1539,0
1540,-0.07277865266411625
1541,0
1542,0.12971318846364194
1543,0.05875595361371838
1544,0.10896215043861585
1545,0
1546,0
1547,0
1548,-0.08060835835349117
1549,0.09280281009134664
1550,-0.07086021031613404
1551,-0.07616891870402405
1552,0.11882377722676707
1553,0
1554,0
1555,-0.0740153614796515
1556,-0.09617558104702513
1557,0
1558,-0.09282012974026793
1559,0
1560,0
1561,0.06670901454790024
1562,-0.08219274911984037
1563,0.1040558311901158
1564,0
1565,0
1566,0.08871086521276217
1567,0.07460987063227154
1568,-0.10112323476259055
1569,0
1570,0
1571,0
1572,0.11456659284114015
1573,0
1574,0.06131763061952911
1575,0
1576,0
1577,0
1578,-0.07332500886190536
1579,0
1580,0
1581,0
1582,-0.0758396677370951
1583,0
1584,0
1585,0
1586,-0.09972974770693865
1587,0
1588,0.09669343744871273
1589,-0.0540642020234435
1590,0.051913340190079205
1591,0
1592,0
1593,0
1594,-0.0514988643654111
1595,0
1596,-0.08693961162011132
1597,-0.11815104301179302
1598,0.08855269523480469
1599,0.06428814676494474
1600,0.04924119546122929
1601,0.07604421282755727
1602,0.09463308628753475
1603,0
1604,0
1605,0
1606,-0.06349890442044831
1607,0
1608,-0.0931267869884515
1609,0.10172170258724417
1610,0
1611,0.08627027453737757
1612,0
1613,-0.10084359234972162
1614,0.10474221339120524
1615,0
1616,0
1617,0
1618,0
1619,0
1620,0
1621,0
1622,0
1623,0
1624,0
1625,-0.09743887748720871
1626,0.0896708552925488
1627,0
1628,-0.06792353850438283
1629,-0.08349027012586219
1630,0.11241576036933365
1631,0
1632,0
1633,0
1634,-0.07825435491212873
1635,0.07711894493916321
1636,0.05988890749237191
1637,0
1638,0
1639,-0.06335598410158556
1640,-0.11847680876180827
1641,-0.06293274899017967
1642,0.0900519661109839
1643,-0.07996833952028337
1644,0.08251562642660468
1645,0.06960870767968927
1646,0
1647,0
1648,-0.04740967947326208
1649,0.05759635925961237
1650,0.10430952899645272
1651,0
1652,0
1653,-0.08669722829008178
1654,0.09148965919405624
1655,-0.06189427620036919
1656,-0.04969860815998095
1657,0.08040656737715295
1658,0
1659,0
1660,0
1661,-0.0846824866387882
1662,0
1663,0
1664,0.09538808718329715
1665,0
1666,0.049768021818832
1667,0
1668,0
1669,0
1670,0
1671,0.07569330330749964
1672,-0.0773230459360632
1673,0.11402637614509192
1674,0
1675,-0.06092583659827977
1676,0.08537706071451044
1677,-0.0757221892080866
1678,0
1679,0
1680,0
1681,0
1682,0
1683,0
1684,0
1685,0.09648886886900429
1686,0.11163148820253782
1687,0
1688,0.06203321435795209
1689,0
1690,-0.06410005589148698
1691,0.07578694832598368
1692,-0.0576667961687536
1693,0
1694,0
1695,-0.0801525245725116
1696,0
1697,0
1698,0.0770859660374156
1699,0
1700,0
1701,0
1702,-0.07729554590100551
1703,-0.06911437502409117
1704,-0.07912927795254954
1705,0
1706,0.06684126340857197
1707,0.06224054879640749
1708,0
1709,0
1710,0.0976491590920307
1711,0.08644822613087974
1712,0
1713,-0.08965300346539198
1714,0
1715,-0.07111697787334144
1716,0.0820889706937124
1717,0
1718,0
1719,0.1177734460377905
1720,0
1721,0
1722,0
1723,-0.053813767020219755
1724,0
1725,0
1726,-0.07007060535639846
1727,0
1728,0
1729,0.06804876481446209
1730,0
1731,0
1732,0.11454548995549332
1733,0
1734,-0.08565536424034265
1735,-0.07459489550374251
1736,0
1737,-0.07033888631446746
1738,0.08285932621613867
1739,0
1740,-0.05983461503580009
1741,0
1742,0
1743,-0.06312151224331161
1744,-0.09373824143013057
1745,0
1746,0.060081266802298305
1747,0.07327845831409269
1748,0
1749,0.07769659615335879
1750,0
1751,0
1752,0.07889106983604247
1753,0
1754,0
1755,0.06458805599310152
1756,0.122723175615494
1757,0
1758,-0.07008417113015192
1759,-0.046995899517514456
1760,0.06241247172804959
1761,0
1762,-0.06403753632641293
1763,0
1764,0.06590016015085545
1765,-0.07172812255058544
1766,-0.05867089244666408
1767,-0.05739522304601357
1768,0
1769,-0.06937202563015016
1770,0.0976323187705409
1771,0
1772,-0.07931033453079162
1773,0
1774,0
1775,-0.06802898319891729
1776,0.06279755883545296
1777,-0.10363898148349762
1778,0
1779,-0.065125489213468
1780,-0.13376685688140844
1781,-0.07189920353955692
1782,0
1783,-0.0800669605887796
1784,0
1785,-0.07602947772976335
1786,0
1787,0
1788,0.07699019891233985
1789,0
1790,0
1791,0
1792,0.08486296993261376
1793,0
1794,0
1795,0.08283459203982796
1796,0
1797,0.09228307675207523
1798,0
1799,0
1800,-0.09862928165797807
1801,0
1802,0
1803,-0.069723484945378
1804,0
1805,0.07397307936830749
1806,0.06570057349347075
1807,-0.08405638444994984
1808,-0.0796540225757025
1809,0.10879385879763767
1810,-0.049275378920886626
1811,0
1812,0.09855999645594254
1813,0
1814,0
1815,0
1816,-0.07435614346437674
1817,0.08378605111898892
1818,0.06166254083928441
1819,0
1820,0
1821,0.06891717399327972
1822,0
1823,0.08290368418962085
1824,0.10733309193434952
1825,0
1826,0
1827,0.0973468113864967
1828,0.086352891354743
1829,0
1830,0.06188290300094616
1831,-0.07161716962780326
1832,0.06183208988897644
1833,0.09472900022039954
1834,0
1835,0.10532820255378375
1836,-0.06647212770149527
1837,0
1838,0.06941307969433821
1839,-0.1099904134807321
1840,0
1841,0
1842,-0.06750939593339605
1843,-0.05042722549392192
1844,0
1845,0.13944137357783476
1846,0
1847,-0.09679604067848877
1848,0.08544977241034404
1849,0.09315029311760623
1850,0.07654496612181248
1851,0.07173654271133037
1852,0
1853,0
1854,0
1855,-0.07577884967429693
1856,-0.05522464419253165
1857,-0.04974446871118476
1858,0
1859,-0.09393306857899197
1860,0
1861,0
1862,0.07116800165448856
1863,-0.07018123677012247
1864,0
1865,0
1866,0.10200492343997289
1867,0
1868,0
1869,0
1870,0
1871,0
1872,0.05759343558249207
1873,0.05720283437452939
1874,0
1875,0
1876,-0.06761296956265817
1877,0.0874081985937317
1878,0
1879,0
1880,0.09919351317217037
1881,-0.07808685823532857
1882,-0.05772483662818165
1883,0.08887897554612087
1884,0
1885,0
1886,0
1887,0
1888,0.0768443196824874
1889,0
1890,0.05446439271619141
1891,-0.11004918504295
1892,0.10767282717953836
1893,0
1894,0.10061061205858508
1895,0
1896,0
1897,-0.06618560293947245
1898,-0.08213538691239801
1899,-0.05342092625943412
1900,0.05191387824062632
1901,0.051926566837839847
1902,0.07220563837394
1903,-0.0981469123691153
1904,0.0691698661662612
1905,-0.06541491416336485
1906,0.07653203162155217
1907,0
1908,-0.07293922588558158
1909,0.0652846941863387
1910,0
1911,0.0742948049679662
1912,-0.074365247749419
1913,0.06914893284361076
1914,0.08348405428407094
1915,0
1916,-0.06541147592494367
1917,0.0957926806416407
1918,0
1919,0.05617275238390601
1920,0
1921,0
1922,0
1923,0
1924,-0.09619305851431974
1925,0
1926,0
1927,-0.08282295605446244
1928,0
1929,0
1930,0
1931,0.07917432592264054
1932,0
1933,-0.074277491191356515
1934,0.08471737183967754
1935,0.06507586891478484
1936,0
1937,0
1938,0
1939,0
1940,0
1941,0
1942,0
1943,0
1944,-0.06555920273082218
1945,0
1946,0
1947,-0.07013761577174168
1948,0
1949,0.0837314077918011
1950,0
1951,0
1952,0
1953,-0.05734952031318308
1954,0
1955,0
1956,0
1957,0
1958,0
1959,0
1960,0
1961,-0.07253939193576125
1962,0.0650427028331061
1963,0.05149063138459736
1964,0
1965,-0.061927389431243846
1966,0
1967,-0.06805084067660022
1968,0
1969,-0.08926604529271626
1970,0.06456486550069337
1971,-0.06424967725188409
1972,0.06185664862997914
1973,0.10573170890044886
1974,0
1975,-0.06556572246473691
1976,0
1977,0
1978,0
1979,-0.053615185996190556
1980,0.07093250654592442
1981,0
1982,-0.05423990819181118
1983,0
1984,0.09601347001396882
1985,-0.06809839098545681
1986,-0.08251497166386523
1987,0
1988,0
1989,0.129332925460189
1990,-0.07391709128177132
1991,-0.08117158423432796
1992,-0.09463138478525884
1993,0.06731479119833511
1994,-0.06771364887635783
1995,-0.09448013239032466
1996,0
1997,-0.0678945358916035
1998,0
1999,0.08914458460242797
2000,0
2001,0.07280370834948513
2002,0
2003,-0.04869703771008227
2004,0
2005,0
2006,0
2007,0
2008,0.07187930521181973
2009,0.06374812899345078
2010,0
2011,-0.0680360351110676
2012,-0.07398132996605594
2013,0
2014,0
2015,0
2016,0
2017,0
2018,0.08525222638122817
2019,0.07022828426230132
2020,-0.07850046275576822
2021,0
2022,0.07683279453700267
2023,0.06397862456275649
2024,0
2025,0
2026,-0.10130020421198357
2027,-0.10863570570257591
2028,0
2029,0.06674713319034489
2030,0
2031,-0.06909481582234689
2032,0.09059531715332977
2033,0
2034,0
2035,0.07185008018523995
2036,0
2037,0.09589288650022046
2038,-0.08281879845787463
2039,0
2040,0.09458178797582198
2041,-0.06738949654394497
2042,0.07775344967181178
2043,0
2044,0.08093023589921172
2045,0
2046,0.10562190768477231
2047,0.08134873499134057
2048,0
2049,0
2050,-0.08264520338551445
2051,0
2052,0
2053,0.06336011233661556
2054,-0.07119223301412153
2055,0
2056,0.10879363051152556
2057,0
2058,0.06765284255818282
2059,-0.06811404436597157
2060,0
2061,-0.0928055465885358
2062,0.08401994382053482
2063,0
2064,0.07729934675466588
2065,0
2066,0
2067,0
2068,0.0668618458606064
2069,0
2070,0
2071,0
2072,0.0593140162646118
2073,0.10948616395897909
2074,-0.08361820357157279
2075,0
2076,0
2077,0.07078601953182506
2078,-0.07479033043685086
2079,0.06908140786696668
2080,0
2081,0.07162919171765417
2082,-0.0870358235727881
2083,0.07133857982678235
2084,-0.09021007222755309
2085,0.07850870748120517
2086,0.058104637921137806
2087,0
2088,0.09221626526128629
2089,-0.09396049227399933
2090,0
2091,0
2092,0
2093,0
2094,0.11244049454564434
2095,0.07530840925233889
2096,0.061587981567424704
2097,-0.06311102796505169
2098,0
2099,0
2100,0
2101,-0.06581067860127082
2102,0.08349244508325798
2103,-0.08691847350059512
2104,0
2105,0
2106,0.08016371646431503
2107,0
2108,0
2109,-0.07058964282674943
2110,0
2111,0
2112,-0.08271954024357367
2113,0
2114,0.09426455909874387
2115,0
2116,-0.07845219896105657
2117,0
2118,0.07891818963892637
2119,0
2120,0
2121,0.09872542901522768
2122,0
2123,0.07339048733796916
2124,0
2125,0
2126,-0.07481628091569442
2127,0
2128,-0.06817979737260096
2129,0
2130,0
2131,0.08470168322529338
2132,0
2133,0.0673660139040365
2134,0
2135,0
2136,0
2137,0
2138,-0.08686870712816175
2139,0
2140,-0.05999127069141277
2141,-0.054237680383611375
2142,-0.07142396837520631
2143,0
2144,0
2145,0
2146,0
2147,-0.07824423324910801
2148,0.0902016344498735
2149,-0.07093562327528743
2150,0
2151,0
2152,0
2153,0
2154,-0.05515420728339043
2155,0.0760985170287522
2156,0
2157,0
2158,0
2159,-0.08593912314361846
2160,0.06753417708819928
2161,0
2162,0
2163,0
2164,0
2165,-0.09399002706501422
2166,0.06631633160548789
2167,0
2168,0.06494479525046501
2169,0.08961093789553687
2170,0.082869494857652
2171,0
2172,-0.07528676244383341
2173,-0.0802942109719068
2174,0.14463114783748715
2175,0.08279524535022735
2176,0
2177,0
2178,0.08402633509763408
2179,-0.09056746624765613
2180,0
2181,-0.04865445170661471
2182,0
2183,0
2184,-0.05762588230600413
2185,-0.06894641663679427
2186,0
2187,0
2188,0
2189,0
2190,0
2191,0
2192,-0.08271212571618414
2193,-0.08708372475226067
2194,-0.09530575664112051
2195,-0.07432419955754244
2196,0.10583250492634089
2197,-0.10129964854450174
2198,-0.07878404035142453
2199,0.07740804838000187
2200,0
2201,0
2202,0.09773107416816415
2203,0.08864454479402786
2204,0.09006761949149872
2205,0
2206,-0.08155084160442547
2207,0.07873339093013962
2208,-0.05736172371065351
2209,0
2210,-0.0792482069425145
2211,-0.06887241303241634
2212,-0.07392106169842803
2213,0.07645953646720753
2214,-0.07656879963233691
2215,0
2216,0.06502379252178975
2217,0
2218,-0.07177571983793452
2219,0.09338456017901435
2220,-0.09503436482599999
2221,0
2222,0.06523249520883972
2223,0
2224,-0.06741049446202266
2225,0.10831443080282982
2226,-0.07176984899444766
2227,0.10718172209318401
2228,0
2229,-0.07313383649295407
2230,0
2231,0.06577099865798897
2232,0
2233,0.08062606997920943
2234,0
2235,-0.08770155285410428
2236,0.06645480805257403
2237,0
2238,0.10807856720671499
2239,0
2240,-0.06453602657859892
2241,0.07494063592154532
2242,0
2243,0
2244,0.07897456382994791
2245,-0.09440655526257419
2246,0.0803735826030938
2247,-0.09728849052419142
2248,-0.08179404926019093
2249,0.05637061992208006
2250,-0.07396675268663533
2251,0
2252,-0.07607691719873921
2253,-0.10250924930177627
2254,-0.11525106874308783
2255,0
2256,0.08793807708527018
2257,-0.07841271207001732
2258,0
2259,0
2260,0
2261,0
2262,0
2263,0
2264,0
2265,-0.05378110375521883
2266,-0.05858107764339818
2267,0
2268,0.11716213179755006
2269,0
2270,0.0979726214278347
2271,-0.07260792254576079
2272,0.06803687118142662
2273,0
2274,0.0776395730719093
2275,0
2276,0
2277,0
2278,0.057672111344758636
2279,0
2280,0
2281,0
2282,0.07468797898243315
2283,0.07356001289841485
2284,0.07637765662494345
2285,-0.07562960854607369
2286,0
2287,-0.05722429987541533
2288,0
2289,-0.07926122292109777
2290,0
2291,0
2292,-0.06657467808046724
2293,-0.128962403887583
2294,-0.06553016488417346
2295,0
2296,0
2297,0
2298,0.07910766050560178
2299,-0.08075971645003352
2300,0.08768574752752786
2301,0
2302,0
2303,-0.0937339377597925
2304,0.097805779513774
2305,0.07433642057194761
2306,0.07087636651332657
2307,0
2308,0
2309,0.083900769661562
2310,0.0885538528142219
2311,0
2312,-0.06577443102409847
2313,0
2314,0
2315,0
2316,0
2317,0.11685470307443457
2318,0
2319,-0.05496596446387095
2320,-0.12385289018028064
2321,0
2322,0.06599978098039556
2323,0
2324,0
2325,0.0746100108337101
2326,0
2327,0
2328,0.06631547204588259
2329,0
2330,0
2331,0
2332,-0.05237607980945902
2333,0
2334,0
2335,-0.07444061373007987
2336,0
2337,-0.07687385447350226
2338,0
2339,-0.0841157579241031
2340,0.08963171339981403
2341,0.08694185117293432
2342,0.05633956493640885
2343,-0.07540235229063488
2344,0
2345,0
2346,0.07448940383071553
2347,0
2348,0
2349,0
2350,-0.09503889091013851
2351,0
2352,0
2353,0
2354,-0.06969309059475787
2355,0.06723165981966885
2356,-0.07806318254317737
2357,0
2358,-0.08585840088077154
2359,-0.06710714699544472
2360,0.08984157953859276
2361,0
2362,0
2363,0
2364,0.0934653705265347
2365,-0.08407697864660743
2366,0.07142293338029304
2367,0
2368,-0.054556809687519525
2369,0
2370,0
2371,0
2372,-0.0861196181820672
2373,0.0690896643370267
2374,0
2375,-0.06761386435613287
2376,0.0860268327231884
2377,-0.06095951724125942
2378,0.09567644190441132
2379,0
2380,0
2381,-0.05088672579943479
2382,-0.08866085293728207
2383,0
2384,0.09371057770438801
2385,0
2386,-0.135927793399301
2387,0
2388,0
2389,0
2390,-0.10189916898100337
2391,0
2392,0
2393,-0.06392365385419893
2394,0
2395,0.06861645805632174
2396,0.07158778091053854
2397,0
2398,0
2399,-0.06388638889904798
2400,0.08692723865964447
2401,-0.13672922739664478
2402,0
2403,0
2404,-0.07297462564777177
2405,0
2406,0.09178407781089998
2407,0
2408,0.07262491481331224
2409,0.06367235929136983
2410,-0.06075079106496317
2411,0.08906658709214715
2412,0
2413,0
2414,0.0815814113903536
2415,0
2416,0
2417,0
2418,0
2419,-0.11287865780708678
2420,-0.12723664823089686
2421,0
2422,0
2423,0
2424,0
2425,-0.11491616934647256
2426,0
2427,0.05582942695423425
2428,0
2429,0
2430,0
2431,-0.057463917346697944
2432,0
2433,0.05904724375657597
2434,0.0865249486155121
2435,0
2436,0
2437,0
2438,-0.09301960555777178
2439,0.0736115336239282
2440,0
2441,0.08620397760788945
2442,0.07624192841966959
2443,-0.09970257505325075
2444,0
2445,0
2446,0.07282622646221909
2447,0
2448,-0.06561157714362924
2449,0.06261893486227656
2450,-0.08587929309724104
2451,-0.07326233147845801
2452,-0.08707204178840255
2453,0
2454,-0.0712516358498326
2455,-0.09943532909009495
2456,0.058562395618193874
2457,0.07164603791145557
2458,0.08135488036539304
2459,0.13763509458285597
2460,-0.07566721262721743
2461,-0.10671662620878891
2462,0.05757680593017969
2463,0.0526237606985589
2464,0
2465,0.07402564683335722
2466,0
2467,0
2468,0.08544113570811021
2469,0.1035275198717262
2470,0
2471,-0.12157015384610684
2472,0
2473,-0.0607114737369204
2474,0
2475,-0.0771236053524288
2476,0
2477,-0.05561228061719306
2478,0
2479,0.08183923155940906
2480,0
2481,0.06521704662519075
2482,0.10137406761492285
2483,0
2484,0.09471441119635593
2485,-0.09868285475638328
2486,0
2487,0
2488,-0.07622768439393035
2489,0
2490,-0.07522581592421976
2491,-0.09936370523997878
2492,0.05574112060100146
2493,-0.0642929884858299
2494,0
2495,-0.07328275611211912
2496,0.11290548546247021
2497,-0.08298492688608015
2498,-0.05462069162887656
2499,-0.065210877761892
2500,0
2501,0
2502,-0.07803741924426498
2503,0
2504,0
2505,0
2506,-0.07971828474923341
2507,0
2508,0.07639601714108955
2509,0
2510,0
2511,0
2512,0
2513,0
2514,0.10376739425663967
2515,0
2516,0
2517,0
2518,0.11693027385196134
2519,-0.07363783497338774
2520,0
2521,-0.10357872496049286
2522,0.12216549319677442
2523,0
2524,-0.08982393250830176
2525,0
2526,0.062271603782078744
2527,0.079307428470606
2528,-0.07723390938478306
2529,0.10609813159958267
2530,0
2531,0
2532,-0.08356392285962409
2533,-0.08899465934990741
2534,0.05780487476673121
2535,0.07288276434392546
2536,-0.07367232232516852
2537,0
2538,0.07558066649937628
2539,0.08204551925832798
2540,0.06748073244660957
2541,0
2542,-0.13333417248665588
2543,0
2544,-0.07248050366135106
2545,0
2546,0
2547,-0.09593324469548813
2548,0
2549,0.10369833146840461
2550,0.0630689623951966
2551,0
2552,0.08871706343761876
2553,0
2554,0.06630294126704236
2555,0
2556,0
2557,-0.07040878517306165
2558,-0.07239644225534063
2559,0.0800183929019444
2560,0
2561,0.07605522928405273
2562,0
2563,0.11457502474650816
2564,0
2565,-0.07009256780165057
2566,0
2567,0.05270795056138472
2568,0.12099839696464443
2569,-0.0999425727567071
2570,0
2571,0
2572,-0.07611997078501506
2573,0
2574,-0.09874760800196877
2575,0
2576,0
2577,0
2578,0
2579,0
2580,0.10826438329348032
2581,-0.07649185473390407
2582,-0.07285626406991172
2583,0
2584,-0.07263798951501119
2585,0.09934135669024113
2586,-0.11236256163079067
2587,-0.08319705019461665
2588,0
2589,0
2590,0
2591,0
2592,0.11010621986902255
2593,0.11372202891747016
2594,0.09025859293589575
2595,0.07929865743924513
2596,0
2597,0
2598,-0.07795908848030285
2599,0
2600,0
2601,-0.05714838409958424
2602,-0.07698480152397291
2603,0
2604,0
2605,-0.06653911462759225
2606,0.0750686457073062
2607,0.08192391249428943
2608,0
2609,0
2610,0.0743020264431129
2611,0
2612,0
2613,-0.12592056191186307
2614,0.09287688416346329
2615,0
2616,-0.06265019464481356
2617,-0.0712209199901542
2618,0
2619,0.07097977645190381
2620,-0.062440310889100126
2621,-0.07430805510497301
2622,0
2623,-0.07960752487869391
2624,0.07740410732490305
2625,0.07387811895203292
2626,0
2627,0.06127796242087025
2628,0
2629,0
2630,0
2631,0
2632,-0.0851781581814231
2633,0.07130095225639227
2634,0
2635,-0.0805322730146637
2636,-0.06918105805806467
2637,0.11765235383505283
2638,0
2639,0
2640,0
2641,0
2642,0.05704309135111152
2643,0.08415958959166125
2644,-0.08535781127720124
2645,0
2646,-0.07156477759806151
2647,0
2648,-0.06260502409021862
2649,0
2650,0
2651,0
2652,-0.06453925414784267
2653,-0.05537046469926846
2654,-0.0662685941167002
2655,0.08950867966406525
2656,-0.06644845200934413
2657,-0.07670173848961748
2658,0.06670262914311251
2659,-0.05955586741640581
2660,0
2661,-0.06803295948788557
2662,0.0692375254720323
2663,0.07759357819157839
2664,-0.08815193712995184
2665,-0.10121365221183082
2666,0.09666734676843053
2667,0
2668,-0.06008107962236715
2669,-0.09999614585511227
2670,0
2671,-0.10441512563704894
2672,0
2673,0.05557724347024204
2674,-0.07638569655351449
2675,0
2676,0.10407523844579827
2677,0
2678,0
2679,0
2680,0
2681,-0.09869604029796294
2682,0
2683,-0.07819490509792516
2684,0
2685,0
2686,0.0700360768984367
2687,-0.0745728625907516
2688,0.08174903652396925
2689,-0.10102966608415684
2690,0.07334391917322175
2691,0
2692,-0.08409846763673963
2693,-0.0662141320971319
2694,0
2695,-0.056501512278780364
2696,-0.08864196024290041
2697,0
2698,0
2699,-0.07662705663325392
2700,0.06462275401405967
2701,0
2702,-0.08598235216520231
2703,0
2704,-0.07496986682043663
2705,0
2706,0
2707,0
2708,0
2709,-0.06411845164150251
2710,0
2711,0
2712,-0.055129285927148663
2713,0
2714,-0.07521306860389056
2715,-0.07467474059004944
2716,0
2717,0
2718,-0.06072387605894513
2719,0.06923052641068606
2720,-0.07296690722825883
2721,0.055163989820418396
2722,0
2723,0.06142068968749034
2724,0
2725,0.06246988091398442
2726,-0.08995526895856412
2727,0
2728,0
2729,0
2730,0
2731,0
2732,0
2733,0
2734,0
2735,0
2736,0.0842114905493484
2737,0
2738,-0.112601576456099
2739,0.07260398149066183
2740,0
2741,0
2742,0
2743,0
2744,-0.07276988750506691
2745,0.07173468339068123
2746,0.08109377390397823
2747,0.07505402732170471
2748,-0.1401452919693344
2749,0
2750,0
2751,0
2752,0
2753,0
2754,-0.07132451123635108
2755,-0.08150312173257246
2756,0
2757,0
2758,0
2759,0.0431535124656138
2760,0
2761,0
2762,0
2763,-0.07543861748474193
2764,0.10499550747612206
2765,0.05471310860020462
2766,0
2767,0
2768,0.09665479837265564
2769,0.07433654315645156
2770,0
2771,0.07685001509066626
2772,0.07281421024467968
2773,0.09662752075139847
2774,0
2775,0
2776,-0.1276349678583724
2777,-0.06740944185017458
2778,0
2779,0.08035005885700434
2780,0
2781,-0.052841222672346644
2782,0
2783,-0.06663529721871111
2784,0
2785,0
2786,0
2787,0
2788,0.075947170676833
2789,-0.07576941800788503
2790,0
2791,0
2792,-0.055911184211994425
2793,0
2794,0
2795,0.055540498948703554
2796,-0.0889508218100376
2797,0
2798,0.09852941492539113
2799,0.0728801563035518
2800,0
2801,0
2802,0
2803,-0.08537988529637312
2804,0.1355770651868629
2805,0
2806,0
2807,0
2808,-0.08101223318770709
2809,0
2810,0
2811,0.10566766914071851
2812,-0.09443799048041923
2813,0
2814,0.06105860589256401
2815,0.12257648380452879
2816,-0.0474230756840192
2817,0
2818,0
2819,0
2820,-0.11384856548706729
2821,0
2822,0
2823,0
2824,0
2825,0
2826,0.05924304717723504
2827,0.10368533897906765
2828,-0.08264931400360978
2829,-0.0704809294567903
2830,0.07898128836072849
2831,0.09147664908778456
2832,0
2833,0.07533569274590766
2834,0
2835,-0.0671280979350298
2836,0
2837,0
2838,0.05819152317497188
2839,0.11324918525200431
2840,0
2841,0
2842,-0.06887854078953415
2843,-0.06208889268005323
2844,-0.057882685097080916
2845,0
2846,-0.07693156167924903
2847,0
2848,-0.09364277819717831
2849,0.16646311032666422
2850,0
2851,0
2852,0
2853,0
2854,0
2855,0.09707490501007537
2856,-0.06050037955098567
2857,0.10125123867603991
2858,0
2859,0
2860,0.052386388652410895
2861,0.10294772232765372
2862,0
2863,-0.09710908846973268
2864,0.1048993072680684
2865,0.0685819119814253
2866,0.0955010924789712
2867,0.0652721810244332
2868,0
2869,0.06716640962971715
2870,-0.09595690864301612
2871,0.0640639778773111
2872,0
2873,0
2874,0
2875,0
2876,0.0665391028829691
2877,0
2878,0
2879,0.10114351919481306
2880,-0.07114772896688915
2881,0
2882,-0.05262222288696791
2883,0.09495419823063495
2884,-0.08092701420227945
2885,0
2886,0
2887,0
2888,-0.06920853460387605
2889,0
2890,0
2891,0
2892,0.08409198313669425
2893,0
2894,0
2895,0
2896,0.07086382986217471
2897,0.09567283410299375
2898,0
2899,-0.08234146394213963
2900,0.14065113802579418
2901,0
2902,0
2903,0
2904,0.07273109061063654
2905,0
2906,0
2907,-0.0997065689591537
2908,0
2909,0
2910,0.0862393538808334
2911,-0.08748685673906358
2912,0.09489521599923971
2913,0
2914,0.08103281563974149
2915,0
2916,0.06494462568746859
2917,-0.0657928091571793
2918,0
2919,-0.07410728150661341
2920,-0.07867840847695895
2921,-0.07488618564660013
2922,0.07111786092219294
2923,0
2924,0
2925,0.06259317743567572
2926,0
2927,0.09270247577595139
2928,-0.057454807189344176
2929,0.08520361171590046
2930,-0.062072192560002015
2931,0
2932,0
2933,0
2934,0
2935,-0.10514170821503266
2936,-0.10288492823201398
2937,0.09956947250528524
2938,0
2939,0.053719952438739255
2940,0
2941,-0.09378809001492576
2942,0.09452788162373552
2943,0.07526940168873117
2944,0.05622944221167417
2945,0
2946,0
2947,-0.06759424643127293
2948,0.09231278697839809
2949,-0.05588042137382357
2950,0
2951,0
2952,0
2953,-0.06002080548242766
2954,0
2955,0
2956,0
2957,-0.04782517854822038
2958,0.06658257193528813
2959,0
2960,0.057418407666110144
2961,-0.08730648428511883
2962,0
2963,0
2964,0.0652539607097257
2965,0
2966,0
2967,0
2968,0
2969,0.07598771017972025
2970,0
2971,-0.07201996248861328
2972,-0.08758739585132466
2973,0.09592583604041027
2974,-0.047029381235939804
2975,-0.05295992337619958
2976,0.10315795695398311
2977,0
2978,0.05958350178059055
2979,0
2980,-0.07033271157885716
2981,0.10431379156060983
2982,0
2983,-0.1039141271737859
2984,0.06260555039614263
2985,0
2986,0
2987,0
2988,-0.0673926074009964
2989,0
2990,0
2991,0
2992,-0.11375231830052109
2993,0
2994,0.07218179311879241
2995,-0.0717772400325909
2996,0
2997,0
2998,0.07243430398415432
2999,-0.06335629973833216
3000,-0.09487667417547402
3001,0.05539158520185
3002,0
3003,0.05559958614766801
3004,-0.07954120445995955
3005,0
3006,-0.09327137944803232
3007,0
3008,0
3009,0
3010,0
3011,0
3012,-0.06889434024379912
3013,0
3014,0
3015,0
3016,0
3017,0
3018,0
3019,0
3020,-0.07233255444167203
3021,0
3022,0.06017163140073445
3023,0
3024,0
3025,0
3026,0
3027,-0.061818494753665125
3028,0
3029,0
3030,0
3031,0
3032,0.06499908770703686
3033,0
3034,0
3035,0
3036,0
3037,-0.09224943721527656
3038,0.07415276182564343
3039,0
3040,0.09183765090930512
3041,-0.06685140268852745
3042,0
3043,-0.06660678567798642
3044,-0.10987999273618548
3045,0.08491645568038442
3046,0.06558169735430985
3047,0
3048,0
3049,0
3050,0.10673910908765344
3051,0
3052,-0.07964684220673673
3053,0.06639054000673157
3054,0
3055,0.07302871917978938
3056,-0.058529562790196416
3057,-0.10715519906396294
3058,-0.0654137272223898
3059,0
3060,-0.04589332824485791
3061,0
3062,-0.07228499826050389
3063,0.08286069446473324
3064,0
3065,0
3066,0
3067,-0.0824943539779614
3068,0.053092680925860586
3069,0
3070,0.0898718336877743
3071,0.06603342638950577
3072,0.06434036335937846
3073,0.053840033135809914
3074,0.08664557323544148
3075,-0.08750127032779924
3076,0.07806984835084235
3077,0
3078,-0.06615004535890898
3079,0
3080,0
3081,0
3082,-0.07354610212635698
3083,-0.06278985803287473
3084,0.07669744069159103
3085,0.07967499700453387
3086,0.08943296281278837
3087,-0.08682491069447296
3088,0.05557107460694327
3089,-0.10729993759729395
3090,-0.07823032247705006
3091,-0.12009744710532977
3092,0.10302731050032965
3093,0
3094,0
3095,-0.08395765254157284
3096,0
3097,0
3098,0
3099,0
3100,0.09762323210243337
3101,0.1179160389752835
3102,-0.08177702763108158
3103,0
3104,-0.07773697783787267
3105,0.05469147940863381
3106,0.06322730780846202
3107,0.12164064947836378
3108,-0.07133184942369016
3109,0.05771710059173403
3110,0
3111,-0.04918588562667886
3112,-0.10668467642964304
3113,0
3114,0.07549841816956149
3115,0
3116,0.1068421975171726
3117,-0.09041516124087394
3118,0
3119,-0.07108348441029295
3120,0
3121,-0.10003836924334067
3122,-0.09886184134479878
3123,0
3124,-0.08469708153514349
3125,0
3126,0
3127,0.05414439798036641
3128,-0.07353353024133583
3129,0
3130,0
3131,-0.06543244448146347
3132,0
3133,0
3134,0
3135,-0.07270859598714885
3136,-0.0667421453957096
3137,0
3138,0
3139,-0.11654754888188484
3140,0.09323465841574008
3141,0
3142,0.08473228824509094
3143,0.07662479946349621
3144,0
3145,0
3146,0
3147,-0.0682821605716418
3148,0
3149,0.051449419502035965
3150,0
3151,-0.08540301119335406
3152,-0.0918993050424623
3153,0.06503413072629946
3154,0.06750682312689177
3155,0
3156,0.059942492335400194
3157,0.08888810332040928
3158,0.07722904417465165
3159,-0.08907086727323887
3160,0.09465204357734361
3161,-0.1167726125629932
3162,-0.09395058128015593
3163,0.0852162885684909
3164,0
3165,0
3166,0.09787791205287957
3167,0.07065423825396167
3168,0
3169,0
3170,0
3171,0.07915643886161436
3172,-0.06187072896503353
3173,0
3174,0
3175,0
3176,0.08342017234271382
3177,0.04143774414282134
3178,0.0825379925932769
3179,0
3180,-0.07855850321519628
3181,0
3182,0
3183,0
3184,-0.08461201449577757
3185,0
3186,0
3187,0
3188,0.08805437454561521
3189,0
3190,0.08327207117697305
3191,0
3192,0
3193,0
3194,0
3195,0
3196,0
3197,0
3198,0
3199,-0.10982657158384201
3200,0.07503905219317564
3201,0
3202,0.12235665969341408
3203,-0.12277729850906943
3204,0.06748193113220774
3205,0.0922522904246581
3206,0
3207,-0.059043472264473484
3208,0
3209,0
3210,0.08779003464264509
3211,0
3212,0.06363835126702048
3213,0.054037386112683106
3214,0.10251421947947686
3215,0.08073580072714721
3216,0
3217,0.07539203757537141
3218,0
3219,-0.10786226281234443
3220,0.0749289705746219
3221,0
3222,0
3223,0.07920369115065898
3224,0
3225,0
3226,0
3227,0
3228,0.07019857403597846
3229,0.09318208507837883
3230,0.07123432207322285
3231,0
3232,0
3233,0
3234,0
3235,0.09822098056892034
3236,-0.0799221515877098
3237,0
3238,0.06428232877226195
3239,0
3240,0
3241,0.09464431928551914
3242,0.07732256073632018
3243,0
3244,0
3245,-0.07928150148100868
3246,0.054436407481390656
3247,0
3248,-0.07524172621836549
3249,0.07560723650708984
3250,-0.06960166163985052
3251,0.09993928646434769
3252,0
3253,0
3254,-0.0722641992669805
3255,0.0697420385137668
3256,-0.07775826203113909
3257,0.09049088396446237
3258,-0.0910482213848776
3259,0
3260,-0.07663099181604124
3261,0
3262,0
3263,0
3264,0
3265,0
3266,0
3267,0
3268,-0.09049788889812016
3269,-0.07355005492607897
3270,0.06406690742674294
3271,-0.05373301539581507
3272,0
3273,0.08934983143412209
3274,-0.12440927481814451
3275,-0.08950405448466908
3276,-0.11080394003566561
3277,0
3278,0
3279,0
3280,0
3281,0.06340065183950278
3282,0.07269965539279152
3283,-0.05887993425970694
3284,0
3285,0
3286,0
3287,0.08952896996859934
3288,0
3289,0
3290,0
3291,0
3292,0.06449357490425844
3293,0.05643436166199858
3294,0
3295,0
3296,0.07394186069195136
3297,0.06699478471788699
3298,0
3299,-0.07606383662472876
3300,-0.06719011468342614
3301,0
3302,0.06584349381233356
3303,0
3304,-0.07734722444489217
3305,0.06424999876094228
3306,0
3307,0
3308,0
3309,0
3310,0
3311,-0.08663574959223258
3312,0
3313,-0.07195107513568619
3314,0
3315,0
3316,0
3317,0
3318,0.05204149017727877
3319,-0.049507605354026055
3320,-0.06445094192229833
3321,0.07451655886746883
3322,0
3323,-0.07047647384039053
3324,0
3325,0
3326,0.050840660451365205
3327,0
3328,0.05842890109343146
3329,0
3330,0.06142774747195223
3331,0
3332,0.0671985348441711
3333,0.07958427566317011
3334,-0.08990209958157902
3335,0.09572175853275647
3336,0.12164385355836124
3337,0
3338,0
3339,0
3340,0
3341,0
3342,-0.08229610620761352
3343,0.09104735008064913
3344,0
3345,0.06454046457806398
3346,0
3347,0.06469573436814738
3348,0.10358860072046686
3349,0
3350,-0.05830093828616302
3351,0
3352,0
3353,0
3354,0.06580189582528684
3355,0
3356,-0.05354560864665464
3357,-0.08087166913385961
3358,-0.09905218351570266
3359,0.06917243897276547
3360,0.08664432757135077
3361,0
3362,0
3363,0.1202408232623777
3364,0
3365,0
3366,0
3367,0.06540737117915987
3368,0.05690897142516751
3369,-0.100752046682622
3370,0
3371,0.07698724000135015
3372,0.09489249124667365
3373,0
3374,0
3375,0.09546223686142519
3376,-0.10180176421504
3377,0.0739293240407996
3378,-0.09290450678302489
3379,0
3380,0.05053408541554344
3381,0
3382,-0.08135761099027067
3383,0.07728693268801799
3384,-0.07009415259173411
3385,0
3386,0
3387,0.09526384301732715
3388,-0.06643590361356919
3389,-0.09828282188200865
3390,0
3391,-0.09134297325540258
3392,-0.07410504195379042
3393,-0.09745403392335736
3394,0
3395,-0.06937275086062837
3396,0
3397,-0.11262844521766346
3398,0
3399,-0.083660672862848
3400,0
3401,0
3402,-0.11219246865823998
3403,0
3404,-0.10056382148003723
3405,0.08870261461501375
3406,0.07307974883324808
3407,0
3408,-0.1242088462180892
3409,-0.09952257695916811
3410,0.04358051906912211
3411,0.06987134608038355
3412,0
3413,0
3414,0.08284566721943906
3415,0.08783397127777248
3416,0.08242789923009997
3417,-0.0444587636357717
3418,0
3419,-0.08661450063283553
3420,0.11104818268634434
3421,0
3422,0
3423,-0.07699356081071063
3424,0
3425,-0.06605370494941673
3426,0
3427,0
3428,-0.07120598009549459
3429,-0.09578530722043216
3430,0
3431,-0.07228929605853028
3432,-0.08869968506558185
3433,0.08879004379170649
3434,-0.08369617759260733
3435,0
3436,0.057759522904516664
3437,0
3438,0
3439,-0.09957651854512399
3440,0.06352738072730366
3441,0
3442,0.0934093295891945
3443,-0.08283448119994724
3444,0
3445,0.08208348008239935
3446,0
3447,0
3448,0.07472782848871151
3449,0
3450,0.06149525483166163
3451,-0.06871331889942636
3452,0
3453,0.07049229678390173
3454,0.13017370027482184
3455,0
3456,-0.08642858471677359
3457,0
3458,0.08662323643032706
3459,0.06642798626950207
3460,0.09124801871143962
3461,0
3462,0.0989681514712501
3463,0
3464,0
3465,0.08875670227471977
3466,0.08092697896841011
3467,0.09385251000682997
3468,0
3469,0
3470,0
3471,0
3472,-0.11793787296372016
3473,0
3474,0.08024956672323583
3475,0.08231484108362186
3476,-0.0989439259839287
3477,0
3478,0.07981086541124632
3479,-0.06763482116802955
3480,-0.08016422515330433
3481,0
3482,0
3483,0
3484,-0.06568904247567445
3485,0
3486,-0.06433311839498544
3487,0
3488,0.0712413504961269
3489,0
3490,-0.12432783319713098
3491,0
3492,0
3493,0.07492571951613189
3494,0
3495,0
3496,0
3497,-0.05482938257130346
3498,0
3499,-0.09246752459024597
3500,0
3501,0
3502,-0.07421028185145906
3503,0
3504,0
3505,0.07465078449502105
3506,0
3507,0
3508,-0.10877474368945546
3509,0
3510,0
3511,0
3512,-0.07147669365862933
3513,0
3514,0
3515,0
3516,-0.10295065187708557
3517,0
3518,0
3519,-0.09833856993780965
3520,0.054789024376035764
3521,0.06943403063392332
3522,0.08745317609608394
3523,0.07837766905075472
3524,-0.058609589184122866
3525,0.0748242158766963
3526,-0.06814271372506961
3527,-0.05028534016997238
3528,0
3529,-0.058629686436414266
3530,0.10778726531923422
3531,-0.07693791185016735
3532,-0.05519680503148111
3533,0
3534,-0.09357594321714309
3535,0
3536,0
3537,0.10763338139468012
3538,0.07890980471205084
3539,0.06820264873901621
3540,0
3541,-0.11502949027889323
3542,0.10671880703849623
3543,-0.08231226240480599
3544,-0.0973786150918924
3545,0.05958073592184358
3546,0.10503266159139218
3547,0.08198163144465932
3548,0
3549,0
3550,0
3551,-0.09921286757704878
3552,0
3553,0
3554,0.06218247310311009
3555,0
3556,0
3557,0
3558,-0.08584308662624968
3559,0
3560,0
3561,-0.10257109648717619
3562,0
3563,-0.07493755442605166
3564,-0.08656789723421882
3565,-0.0651870207621213
3566,0
3567,0
3568,-0.05895673895670117
3569,0.06048047535093698
3570,-0.06271322289887696
3571,0
3572,-0.0750897720821993
3573,0
3574,-0.07399735770643298
3575,0.0604167336110185
3576,0
3577,0.1230697814652136
3578,-0.07748843151685586
3579,0.09320419359738108
3580,0
3581,0
3582,-0.06356003811999308
3583,0.08901864480649357
3584,0
3585,-0.09819812333019348
3586,0.05676948934472585
3587,-0.06753808878174035
3588,0
3589,-0.0667803051443352
3590,-0.08241877732812315
3591,0
3592,0
3593,0
3594,0.05123127340395087
3595,0.07355071556113002
3596,0
3597,-0.07488962388502128
3598,-0.09753496098307005
3599,0
3600,0
3601,0
3602,0
3603,0
3604,-0.07276006973416962
3605,-0.05193312180562401
3606,0.05224674875359603
3607,0
3608,0.08466100352096753
3609,0
3610,0.07323707686853487
3611,-0.06289098731244805
3612,0.05872538382779018
3613,-0.08721132494428997
3614,0.0892969072261448
3615,0
3616,-0.10154564554826048
3617,-0.06845154593064898
3618,0.13971813341976436
3619,-0.06284859436122323
3620,0
3621,0.08236808092834573
3622,0
3623,-0.0900204024363234
3624,0.061096929331874494
3625,0
3626,0
3627,-0.05930111699822088
3628,0
3629,0.07769729789459073
3630,0
3631,0.09740385795719242
3632,-0.0828971116049021
3633,0.059120604342837474
3634,0
3635,0.09955160893350531
3636,0
3637,0.08884638274885867
3638,-0.07301378515744124
3639,0
3640,0
3641,0
3642,0
3643,0
3644,0
3645,0
3646,0.07161836831340143
3647,0
3648,0
3649,0.08444283393363627
3650,0
3651,0
3652,-0.08766363313621395
3653,0.06815493473947479
3654,0
3655,0
3656,0
3657,-0.07498944363911564
3658,0
3659,-0.07370052410145825
3660,0.077472281191975
3661,-0.08548290325815344
3662,0.07392278081763859
3663,0
3664,-0.08019426276099695
3665,-0.06167062774634802
3666,0
3667,0
3668,0
3669,0
3670,0
3671,0.08076211382122987
3672,-0.07285694819420899
3673,-0.07904294249388566
3674,0.0706012325676614
3675,0
3676,0
3677,-0.08009757735320028
3678,0.08466870432354576
3679,0
3680,0.04688029205377822
3681,0
3682,0
3683,0.074110889308031
3684,0
3685,0.08186480767839033
3686,-0.07618682338198494
3687,0
3688,0
3689,0
3690,0
3691,0.067502022512187565
3692,0.07112284871682827
3693,0
3694,0
3695,0.07926259704200389
3696,0.052955087527626066
3697,0
3698,0
3699,0
3700,0
3701,0
3702,-0.06202033858080748
3703,-0.08795097047934955
3704,0.0841948315354782
3705,0
3706,0.08202234638285455
3707,0
3708,0
3709,0
3710,0
3711,0
3712,0.07157940185597464
3713,0
3714,-0.07639635039477083
3715,0.04866682466708164
3716,-0.09973955373321286
3717,0.0817858338963118
3718,0.06750530880454697
3719,-0.0673630608653584
3720,0
3721,0
3722,-0.08375301936643725
3723,-0.0699062371535844
3724,0
3725,0
3726,0
3727,0
3728,-0.0768022423680092
3729,0.0677290974600068
3730,0
3731,0.07387245290541189
3732,-0.07444459589135972
3733,-0.06617861562274935
3734,0
3735,0
3736,0
3737,0
3738,0
3739,0
3740,0
3741,0
3742,0
3743,-0.06991015471943701
3744,0
3745,-0.06673545022648683
3746,0
3747,0
3748,0
3749,0.06374450944741009
3750,0
3751,0.10041560947441561
3752,0
3753,-0.06512310358689485
3754,0
3755,0.05139771159659155
3756,-0.08633122692930276
3757,0.07760814959868739
3758,0
3759,0.11151877505436406
3760,-0.06361325447547068
3761,0
3762,0
3763,0
3764,0
3765,-0.0715366169279528
3766,0
3767,0.0716947986505334
3768,0
3769,0
3770,0
3771,0
3772,-0.06736340586366282
3773,0
3774,0
3775,0.08042065358451889
3776,-0.07920210636057548
3777,0
3778,0
3779,0
3780,0.09004516010188038
3781,0.09149346004771654
3782,0
3783,-0.07257937577116663
3784,0.047753712516477406
3785,0
3786,-0.09809156730069549
3787,0
3788,0
3789,0
3790,-0.08344300021988285
3791,-0.06900670252135686
3792,-0.07072725971423027
3793,-0.05119708407198206
3794,0
3795,-0.08430405359442666
3796,-0.10147422062269854
3797,0
3798,-0.07661864821713213
3799,0.06495698103100082
3800,0
3801,0.08085362425446016
3802,-0.07290436417393853
3803,0
3804,0.06355108578101264
3805,0
3806,0.10249599916476934
3807,0
3808,0.05015517304375042
3809,0
3810,0
3811,0
3812,0
3813,0.07487831528102548
3814,0.10250637260314852
3815,0.06922229342987225
3816,0
3817,0
3818,-0.049833283753406774
3819,-0.07695821389932458
3820,-0.055984842818067856
3821,0
3822,0
3823,0.07965850168134848
3824,0
3825,-0.07108640808741326
3826,0.0683089764824022
3827,0.07156253804523854
3828,0
3829,0
3830,0.08614195498718152
3831,0.08219115845744523
3832,0.09010591356925135
3833,-0.08431779480348811
3834,-0.07587521357303545
3835,0
3836,0
3837,0.06052012593266107
3838,-0.0615600080772471
3839,0
3840,-0.0659594227851279
3841,0
3842,0.07320309233343181
3843,0
3844,0.07924525977614795
3845,0
3846,-0.10419445958326365
3847,0
3848,0.07249936112186332
3849,0.13499009314613628
3850,0.08789571349560316
3851,0
3852,0
3853,-0.07296621723165003
3854,0
3855,0
3856,0
3857,0
3858,-0.04971424392356105
3859,0.06805166500233614
3860,0
3861,0
3862,0
3863,0
3864,0
3865,0
3866,0
3867,0
3868,0
3869,0
3870,0
3871,0
3872,0
3873,0.08703891094059327
3874,0
3875,0
3876,-0.07145024623541961
3877,0
3878,0.06946341935118802
3879,-0.06645666150091167
3880,0.06262392265691186
3881,0
3882,0
3883,0.05896496606520338
3884,0
3885,0.10647593263641214
3886,0.06886294025982351
3887,0.08922202057291538
3888,0
3889,0.08480804033023719
3890,-0.09004993722733826
3891,0
3892,0
3893,0.08972790773555608
3894,-0.06307016695310626
3895,0.07172228694096797
3896,-0.06979199206613126
3897,-0.082071112994244
3898,0
3899,0
3900,0
3901,-0.10098291073947835
3902,0
3903,0
3904,0
3905,-0.07186175727678645
3906,0
3907,0.0721647656173715
3908,0
3909,0
3910,-0.09797550987108558
3911,-0.07141157192549313
3912,0
3913,-0.05515747008650365
3914,0
3915,0
3916,-0.0946082001651623
3917,0
3918,0.08084679475611034
3919,0
3920,0
3921,0
3922,0
3923,0
3924,0
3925,-0.061625270011821914
3926,0
3927,-0.0799254320077577
3928,0
3929,0
3930,0
3931,0
3932,-0.060066677778254585
3933,0.15754353370646937
3934,-0.08029821662243292
3935,-0.06676036571041707
3936,0
3937,-0.05859001823775545
3938,0
3939,0
3940,0
3941,0.06471876116987063
3942,-0.08796285236776186
3943,0.07202170509707018
3944,-0.07950663489581683
3945,0
3946,0
3947,0
3948,0.0693172362292121
3949,0
3950,-0.08128790518391923
3951,-0.07867417527435966
3952,0
3953,0.083889396462139
3954,0
3955,0
3956,0.09362954567710605
3957,-0.08213621123813392
3958,0
3959,0.06650426466057226
3960,0
3961,0.10265614003729578
3962,-0.0625378676011252
3963,0.08168034809559646
3964,0
3965,0
3966,0.06636527952449686
3967,0
3968,0
3969,0
3970,-0.07402601532090786
3971,0.09152299483873141
3972,0
3973,0
3974,0.0910767740317833
3975,-0.07051791988137551
3976,0
3977,0
3978,0.05935761964605796
3979,0.061866243987075936
3980,0.09291431280929907
3981,0
3982,0.09872635904257177
3983,-0.07009326954288259
3984,-0.06092652072257712
3985,-0.07232346190125294
3986,0
3987,0.059318126882707184
3988,0.054370613368580345
3989,0.09523982819918311
3990,0
3991,0.10046626476801213
3992,-0.07188994143614141
3993,0
3994,0
3995,0.07633022890059075
3996,0
3997,0
3998,0
3999,0
4000,0.11884164667085856
4001,0
4002,0
4003,0
4004,-0.07687762009329321
4005,-0.08926788699643075
4006,-0.10166743361991859
4007,0
4008,-0.07166957927447967
4009,0
4010,-0.06700252075433459
4011,0
4012,-0.14442401232358607
4013,0
4014,0
4015,0
4016,0
4017,0.0710242276483321
4018,0
4019,0
4020,0.06315345027783428
4021,0.10159097392122879
4022,-0.08908634521844568
4023,0.06668650230747789
4024,-0.09776438632359308
4025,0.0736823037867507
4026,0
4027,0
4028,0.07345916402171876
4029,-0.08491144439650289
4030,0
4031,-0.08516837564439514
4032,0
4033,0
4034,0
4035,0.06445802319600655
4036,-0.08683161173600729
4037,-0.08083787177868769
4038,0
4039,-0.08563093982846692
4040,0.06844762836479634
4041,-0.09649230123511388
4042,0.06230580485867071
4043,0.11579681128431848
4044,0.06236750597032048
4045,0
4046,0
4047,-0.0661543607738701
4048,0
4049,0
4050,0
4051,0
4052,0.05503241921173235
4053,0
4054,0.0575352079431329
4055,0.07398838187820629
4056,0
4057,0
4058,0
4059,0.10084983755307075
4060,0
4061,-0.11468615310459834
4062,0
4063,0
4064,0
4065,0
4066,0
4067,0
4068,0
4069,0
4070,0
4071,0.08908597673089497
4072,0
4073,0.05555959056763947
4074,0.061163214516739395
4075,0
4076,0
4077,0.054993943826360164
4078,0
4079,0
4080,0
4081,0
4082,-0.07055465265829092
4083,0
4084,0
4085,-0.06009793756079164
4086,-0.07524739813729808
4087,0
4088,0
4089,-0.09237200263417804
4090,0
4091,0
4092,0
4093,-0.0928117741749502
4094,0
4095,0
4096,0.06692044198751626
4097,0
4098,0
4099,0.07732351351887162
4100,0
4101,0
4102,0
4103,0
4104,0
4105,0.08355790007007544
4106,0
4107,0.07522489764149885
4108,0
4109,-0.050285351914595544
4110,0
4111,0
4112,0
4113,0
4114,0.08933741736747422
4115,0
4116,-0.06504357413733458
4117,0
4118,0
4119,0
4120,0
4121,-0.07896077564239384
4122,0
4123,0
4124,0
4125,-0.05936260744069323
4126,-0.060366575261788236
4127,-0.10515406355856491
4128,0.06682958044471389
4129,0
4130,0
4131,-0.08119104434081459
4132,-0.08199265377346637
4133,0
4134,0.0796136878696811
4135,-0.07533262299503722
4136,0.07157273017599813
4137,0.08174081528777863
4138,0
4139,0
4140,0.07428124506652428
4141,-0.08736643104368852
4142,0.09845163395659934
4143,0
4144,0.07460366066279184
4145,0
4146,-0.05907904746197168
4147,-0.05662762163771112
4148,0
4149,-0.1102348609282767
4150,0
4151,0
4152,0
4153,-0.07240589153868728
4154,0.1285801758618727
4155,-0.0962149336089374
4156,-0.05746391147438637
4157,0
4158,0.08678937073084417
4159,0
4160,0
4161,0.07072089779868884
4162,0.0770958014252476
4163,0
4164,0
4165,0
4166,0.06576874736054275
4167,0
4168,0.0731134001146698
4169,0.06515349206520338
4170,0
4171,0
4172,0
4173,-0.08322981255487528
4174,0
4175,0
4176,-0.10310393976201594
4177,0
4178,0
4179,0
4180,-0.09449314836890793
4181,0
4182,0
4183,0
4184,-0.07194128672634675
4185,0.06621001560672504
4186,0
4187,0.07775160209578573
4188,0
4189,-0.07889398176853965
4190,0
4191,-0.05336803728532613
4192,0
4193,0
4194,-0.054918179996590766
4195,0
4196,0.11454244956618068
4197,0
4198,0
4199,0.07256789173186283
4200,-0.0968489061633504
4201,0
4202,0.0881612168503021
4203,-0.07359074050271636
4204,0
4205,0.05241026914142789
4206,0.05839902717642373
4207,0
4208,0
4209,0
4210,0
4211,-0.06105965263210039
4212,0
4213,0
4214,0.08925467796560485
4215,0
4216,-0.0731831294102675
4217,0
4218,0
4219,0.08334717437169142
4220,0
4221,0
4222,-0.06386249666540787
4223,0
4224,-0.09103501822636317
4225,0
4226,0
4227,-0.07222574149854297
4228,-0.06580621124024794
4229,0
4230,0.07444270133684111
4231,-0.06464969838163556
4232,0.09775395489613731
4233,-0.07760279331650144
4234,0.06436113886365555
4235,0
4236,0.06752229519978697
4237,0
4238,0
4239,0
4240,-0.12532555654891578
4241,0.08924608236955198
4242,0.05652109496977087
4243,0
4244,0
4245,0.07893456237760788
4246,-0.07261151273024365
4247,0
4248,0
4249,0
4250,0
4251,0
4252,-0.09569908260164922
4253,0
4254,0
4255,-0.05971458131722196
4256,-0.06864465396029987
4257,0
4258,0.06518904964576688
4259,0.10274091419512232
4260,0
4261,0.08631162074906595
4262,0.09360323258302339
4263,0.08547340699631428
4264,0
4265,-0.07868630820409139
4266,0
4267,0
4268,0
4269,0
4270,0
4271,0
4272,-0.06503035336188545
4273,-0.06943986624354079
4274,0.09051778135354577
4275,0.062119947665724456
4276,0
4277,-0.08005596762153036
4278,0
4279,-0.07269963190354528
4280,0.06562565160637202
4281,-0.05779506874045706
4282,0
4283,0
4284,0
4285,0
4286,-0.05809258646972906
4287,0
4288,0.09536610712111024
4289,0
4290,0.10467617924765965
4291,0
4292,0
4293,0
4294,0.06758720626374576
4295,0
4296,0
4297,0
4298,0
4299,0.08439696751012087
4300,0
4301,0
4302,0
4303,-0.07745580348572428
4304,0
4305,0
4306,0
4307,0
4308,0.07274274421293679
4309,0
4310,0.11732653523423353
4311,0.09844979225288486
4312,0.08328309937809164
4313,-0.11049321914787921
4314,-0.05762043280087201
4315,0
4316,-0.06827565845466177
4317,0
4318,-0.10837773358745881
4319,0.0836017258653221
4320,0.05838954853151926
4321,0
4322,-0.09085892595351014
4323,0
4324,0
4325,0.0557883552731115
4326,-0.10355339401051936
4327,0.07135059017201012
4328,0
4329,0
4330,-0.10235261713540983
4331,0
4332,0.0922758728938631
4333,0
4334,0
4335,0.08395296276674946
4336,0.06913823202386185
4337,-0.0561147354137242
4338,0
4339,0.07603308553118104
4340,-0.07401603385932568
4341,-0.07248253254499662
4342,-0.06282952035922197
4343,0.10858539540728396
4344,0
4345,0
4346,-0.07627356256206885
4347,-0.09093590608581238
4348,0.0720134133931407
4349,0
4350,0.053823204558943266
4351,0.06779799655755699
4352,0
4353,0
4354,0.08832579572229349
4355,0
4356,0
4357,-0.07736702954968322
4358,0.057892122635804455
4359,0
4360,0
4361,0
4362,-0.04259305244352407
4363,-0.06879163791876541
4364,0
4365,0
4366,0
4367,0.12295698096640538
4368,0
4369,0.07135595232650765
4370,0
4371,0
4372,0
4373,0
4374,0.11695739365484523
4375,0
4376,0
4377,0
4378,-0.08112881692324089
4379,0
4380,-0.09318326027473073
4381,0.05402244621802349
4382,0.06851084379879085
4383,-0.0908038326604487
4384,0.07346089488555252
4385,0
4386,0.07714338109566202
4387,0
4388,0
4389,0
4390,-0.0709531124872051
4391,0
4392,0
4393,-0.09556259466606665
4394,-0.07618853662888396
4395,0
4396,-0.07783849322193134
4397,-0.08349525792049753
4398,-0.07614369932797033
4399,0.10362155613296821
4400,-0.09160215580074099
4401,-0.06275719476787375
4402,0
4403,-0.05687857120223577
4404,0
4405,0.07370875120996037
4406,0
4407,0
4408,0
4409,0
4410,0.047373437768401305
4411,0
4412,-0.07155273789127592
4413,0.07602912098683584
4414,-0.053764111487667215
4415,0
4416,0
4417,0
4418,0.12679389502392768
4419,0
4420,-0.07442953341219613
4421,-0.07041740425836074
4422,0
4423,0
4424,0
4425,-0.069611625484498
4426,0.1117478443859985
4427,0.07492670166024107
4428,0
4429,-0.11806906334023237
4430,0
4431,0
4432,0.06923395290448409
4433,-0.07670155718199795
4434,0
4435,-0.08711206672998895
4436,-0.09939119940272485
4437,0.05602437081528805
4438,0
4439,-0.09153242650514332
4440,-0.11711677406302393
4441,0
4442,0.0702463467586355
4443,0
4444,0.06175702780043901
4445,-0.07229479254215493
4446,-0.06319815324962097
4447,-0.0828847973675508
4448,0
4449,0.06423300649339073
4450,0
4451,0
4452,0.08461786772232976
4453,0.06934197627783437
4454,0.08374272814042003
4455,0
4456,0
4457,-0.055555087972747275
4458,0
4459,0
4460,-0.10502027101399061
4461,0
4462,0
4463,0.0660681655166449
4464,0
4465,0
4466,0
4467,0
4468,0.06926675049861208
4469,0
4470,-0.1090738983255761
4471,-0.0766507029638473
4472,0
4473,0.0635693002234086
4474,-0.10445619731817166
4475,-0.05031575800983884
4476,0
4477,0
4478,0
4479,-0.059009271187881504
4480,0
4481,0
4482,0.0976687300383981
4483,-0.073810956590628
4484,0
4485,0
4486,0
4487,-0.07971296957322835
4488,0
4489,0
4490,0.05890847516198948
4491,0
4492,0
4493,0.07687936857406158
4494,0.09895077309921321
4495,0
4496,0.07760143681252996
4497,-0.07182982511457525
4498,-0.09168067374463429
4499,0
4500,0
4501,0
4502,-0.05359853872694345
4503,0
4504,-0.09543240405059837
4505,-0.10761510235685695
4506,-0.05629522457986136
4507,0
4508,-0.10063216491010563
4509,0
4510,-0.08324379966698353
4511,0.07759357819157836
4512,0
4513,0.05597955113130906
4514,0
4515,0
4516,-0.07171149289827303
4517,-0.07150208259767948
4518,0
4519,0
4520,0
4521,0
4522,0.057935579943500404
4523,0
4524,0.07137172829152638
4525,-0.10818911640807705
4526,0
4527,0
4528,0
4529,0
4530,-0.10284487392886982
4531,-0.0927136500508201
4532,0
4533,0
4534,0
4535,0.10263219495285156
4536,0.09238953882458828
4537,0.08931908034057431
4538,0
4539,0.07947646883130877
4540,0.08151942400351508
4541,0
4542,0
4543,0
4544,0
4545,0.07022639558009428
4546,-0.06505320472830071
4547,0
4548,-0.09169370146784067
4549,0
4550,-0.06751901477973915
4551,0
4552,0
4553,-0.0935668213151662
4554,-0.08717326502496098
4555,0
4556,0
4557,0
4558,-0.0673354147565505
4559,-0.09292684358813927
4560,-0.07876032355309237
4561,0
4562,0
4563,-0.060890109454719954
4564,-0.046189781617658826
4565,-0.07909287255700387
4566,0
4567,-0.09902722105327988
4568,0.07326458277590417
4569,0
4570,-0.0672167023080745
4571,0
4572,-0.07055945327299509
4573,0
4574,0
4575,0.0929845390492629
4576,0.0765222608291474
4577,0
4578,0.06804340265996459
4579,0
4580,-0.06889848022345224
4581,0.0994078760335298
4582,0
4583,-0.08398956708684935
4584,0.11705496798380502
4585,0.1167561407290541
4586,0
4587,-0.09003944120445526
4588,0.08979774787103462
4589,0
4590,0.1012709674407806
4591,0
4592,-0.06574062192430341
4593,0.09378991997401714
4594,0
4595,0.06063178646898676
4596,0
4597,0
4598,0
4599,0.06121009244592182
4600,0
4601,0
4602,0.09115163719576641
4603,0.06643968685029476
4604,0
4605,0.07092116858037079
4606,0
4607,0.08463488935143909
4608,0
4609,0.05616554852569393
4610,-0.06480035473694591
4611,0
4612,0
4613,-0.0648572023830874
4614,0
4615,0
4616,0.07979798963410167
4617,0
4618,-0.08874010198396518
4619,0.047397283023548925
4620,-0.06221425331925948
4621,0
4622,0
4623,0
4624,-0.08521783225239346
4625,0
4626,-0.11109076281750033
4627,0
4628,0
4629,0
4630,0.060987321168440634
4631,-0.09054137556737399
4632,0
4633,0
4634,0
4635,-0.11514967080526044
4636,0.06731360425736009
4637,0
4638,0
4639,0
4640,0
4641,-0.05581687855845929
4642,0
4643,-0.08685310659845108
4644,0
4645,0
4646,0.060579575746864664
4647,0
4648,0
4649,0.049643473760738493
4650,-0.06688211267589422
4651,0
4652,-0.08620859691497407
4653,0
4654,0.09688620048005911
4655,0
4656,0
4657,0.06323693839942823
4658,0
4659,0.0762758021148919
4660,0
4661,-0.059585899151786886
4662,-0.07957934071933892
4663,0.07294075782486106
4664,0
4665,0
4666,0
4667,0
4668,0
4669,-0.08996871214781371
4670,-0.10074488393059086
4671,0.06664799756054784
4672,0
4673,0.0804036084661632
4674,-0.05244410760278079
4675,0.05750825183093389
4676,0.0936351823621693
4677,0.0823861786585493
4678,0
4679,0
4680,-0.09705401279360587
4681,0.0742116912062346
4682,-0.08399282401765096
4683,-0.07866243945969753
4684,0
4685,0.052324892337626994
4686,0.08472796108550668
4687,0
4688,-0.09297489671367354
4689,0
4690,0
4691,0.07977355347760284
4692,0
4693,0
4694,-0.08068221588411889
4695,0
4696,0.08729362612490887
4697,-0.0596202756636869
4698,0
4699,0.07646848880618795
4700,0
4701,0
4702,0.07408098602946545
4703,0
4704,-0.06912023412295493
4705,-0.07149199029621656
4706,0
4707,-0.09054428162755954
4708,0
4709,-0.10161073204752724
4710,0
4711,-0.07262663393252289
4712,-0.059537629484763585
4713,0
4714,0
4715,-0.07793741231023946
4716,0
4717,-0.07200573607980876
4718,0
4719,0.060898348307845254
4720,-0.06801956327712846
4721,-0.08166974710514416
4722,-0.04744590356118818
4723,-0.06710114182283078
4724,-0.0668561915586085
4725,0
4726,0
4727,-0.0830489725181221
4728,-0.05257808732728625
4729,0
4730,0
4731,0.0947041082257156
4732,-0.08573983450604572
4733,0.07428122744958954
4734,0
4735,-0.09287810633830773
4736,0
4737,-0.07622960831000675
4738,0
4739,0
4740,-0.05860480031404183
4741,0.09075571493948711
4742,-0.07124925022325942
4743,0
4744,-0.07662754183299697
4745,0.1140339426185431
4746,0
4747,-0.08144180085309653
4748,0.07726323937893209
4749,0.07726442631990715
4750,0
4751,-0.08536899729669314
4752,0
4753,0
4754,0
4755,-0.09081911168110121
4756,0
4757,-0.06831827381968714
4758,0
4759,0.0893190685959512
4760,-0.05628750028803686
4761,0.0868971893073287
4762,0.11260199192214215
4763,0.07097582365218177
4764,-0.08275819106425385
4765,0
4766,0
4767,0
4768,-0.04806994163251155
4769,0
4770,0
4771,0
4772,0
4773,0.07771272886130498
4774,0.1032466435393897
4775,0
4776,-0.08075333104524585
4777,0.059423098122121695
4778,0.05933634719741465
4779,-0.0750955607133243
4780,0
4781,-0.08484200724840557
4782,0
4783,-0.0739207167001236
4784,0.07558925622311757
4785,0
4786,0
4787,0
4788,0
4789,0
4790,0.060232759227967655
4791,0.06005483699602321
4792,0
4793,0
4794,0.07722531378873015
4795,0
4796,0
4797,-0.08127944391699338
4798,0
4799,0.0650390950316885
4800,-0.070864163115856
4801,0
4802,0
4803,0
4804,0
4805,0
4806,-0.09466266805704213
4807,-0.0721752264063851
4808,0
4809,0
4810,0
4811,-0.08299266292252783
4812,0
4813,-0.07964629828387804
4814,0
4815,0.07970176593680178
4816,0
4817,0
4818,0.08435111283122859
4819,0.09185981227911155
4820,0.059476308605287714
4821,-0.07084268587034695
4822,-0.08230458509147404
4823,0
4824,0
4825,0
4826,-0.07867790566028117
4827,0
4828,-0.08873526613539158
4829,0
4830,-0.07839330481433479
4831,-0.07429657693798081
4832,0
4833,0
4834,0.09709571574822196
4835,0.05862658145167443
4836,0.07594065094291824
4837,0
4838,0
4839,0.09935856549928168
4840,0
4841,-0.07369416218591676
4842,0
4843,-0.07695544804057758
4844,0.05150129109816526
4845,0
4846,0
4847,-0.06214965789204732
4848,-0.08232928990622693
4849,0.05989390115931881
4850,0.07306379743292132
4851,0
4852,-0.06580139300860904
4853,0
4854,0
4855,-0.09441534978318139
4856,0
4857,0
4858,0.08267540468389192
4859,-0.07609476902589601
4860,0.08051117012901682
4861,-0.06615795095835303
4862,0
4863,-0.058081073068867395
4864,-0.06287449786157423
4865,-0.049354738807450504
4866,0
4867,-0.07966143710309193
4868,0.09691329679369673
4869,0
4870,-0.06229996924905325
4871,0
4872,0
4873,0
4874,0.060716812402171694
4875,0.07637609532410616
4876,0
4877,-0.06228640347529975
4878,-0.0699254631016474
4879,-0.07458370948425064
4880,0.05889592676621461
4881,-0.07455744924097202
4882,0.07788228965562019
4883,0
4884,0
4885,0
4886,0
4887,0
4888,0
4889,0
4890,0
4891,0
4892,0.04595619868054798
4893,0
4894,0
4895,0
4896,0.07450313916746544
4897,0
4898,-0.07993281130127769
4899,-0.06934682387103107
4900,0
4901,0
4902,-0.08541434915890767
4903,0.07194026347605659
4904,0
4905,0
4906,0.057532986007244574
4907,0.07382384998470731
4908,0
4909,0
4910,-0.10157021016157479
4911,0
4912,-0.10839835127336261
4913,0
4914,-0.08416507433066274
4915,-0.10472758913329214
4916,0.10799972188145202
4917,-0.088487392194049
4918,-0.08331623609821254
4919,0
4920,-0.10778652834413285
4921,0
4922,0.07960993399451338
4923,0
4924,0
4925,-0.07917171788226685
4926,-0.077970432318168
4927,0.062440462835161914
4928,0
4929,0.0905162963927588
4930,0
4931,-0.0608497630040754
4932,0
4933,-0.0833890879954848
4934,-0.05714771171991011
4935,0
4936,0
4937,0
4938,0.07333601944608928
4939,0.07813288247721728
4940,0.04622483050923301
4941,0
4942,-0.07242860270366391
4943,0
4944,-0.07219532953098812
4945,-0.06975851622001744
4946,-0.07642900191514868
4947,0.06565420425327768
4948,0
4949,-0.07642607823802842
4950,-0.07151791728581382
4951,0
4952,0
4953,0.11337237680612633
4954,0
4955,0
4956,0
4957,-0.0668166987952577
4958,0
4959,0
4960,-0.07146346113855712
4961,0.08741494074144698
4962,0
4963,0.10073974418989382
4964,-0.07997768970837227
4965,0.11659574881520829
4966,0
4967,-0.1340434757878604
4968,0
4969,0.09933813499330893
4970,0.08306618132716265
4971,-0.0889147790297311
4972,0
4973,-0.0759520123977181
4974,-0.07165392002165333
4975,-0.10805568647874192
4976,0
4977,-0.07059913908858856
4978,0
4979,0.08304228322121096
4980,0.07622564963797315
4981,-0.10327257052898697
4982,0
4983,-0.06469811999472055
4984,0.08950099647842175
4985,0
4986,-0.0787050548247229
4987,-0.11119352386564968
4988,0
4989,0
4990,0
4991,-0.09931549429607109
4992,0
4993,-0.07940365804021748
4994,-0.08625392528794236
4995,-0.09722081360148563
4996,0
4997,0
4998,0.05880471435279626
4999,0
5000,-0.061831224457059575
5001,-0.08783774276987495
5002,0.07624381122956503
5003,-0.06415795027716488
5004,0
5005,0
5006,0.09571869465419754
5007,0.10571573988318753
5008,-0.07724879642863862
5009,-0.07630260628102915
5010,0
5011,0.10332498604797496
5012,0
5013,0.07273794947054416
5014,0
5015,0.05997771666228241
5016,-0.12373917139875151
5017,0.07183328096993111
5018,0
5019,-0.06480188667622541
5020,0
5021,0
5022,0
5023,0
5024,0
5025,0.06396916940709833
5026,0
5027,-0.07730104825694173
5028,0.060885490147635335
5029,0
5030,0.06829093747531426
5031,0.1261052556530806
5032,0
5033,-0.06891877052798634
5034,0
5035,-0.1001141213284869
5036,0.07559711484406914
5037,0.08912256343406016
5038,0
5039,0
5040,-0.09007177121577498
5041,0
5042,0
5043,0
5044,-0.0706714177014443
5045,0.0777438484424034
5046,0
5047,0
5048,0
5049,0
5050,-0.09443045924083743
5051,0.0880997205355182
5052,0
5053,0
5054,0
5055,0
5056,-0.07253678976769912
5057,-0.13475892519715638
5058,-0.10506408506461412
5059,0
5060,-0.09313054673593085
5061,-0.07719812939041903
5062,0
5063,-0.05021461111333084
5064,-0.05816368988623294
5065,0
5066,-0.10088328403762668
5067,0.10265745543508631
5068,-0.04965188804917184
5069,0.10383197206691723
5070,0.0696820976275086
5071,0
5072,0
5073,0.10222771233438879
5074,-0.10141560687885393
5075,0
5076,0.08697994632613273
5077,-0.08760364527146317
5078,0.07362029291066596
5079,-0.053949956935990376
5080,-0.08659077796219188
5081,0
5082,0
5083,0
5084,0
5085,0
5086,-0.09554799389739987
5087,-0.07564060151332291
5088,0
5089,0
5090,0.06414109821105198
5091,-0.0604650032780418
5092,0.08567729732403695
5093,0
5094,-0.05541426700526886
5095,-0.07264812879496665
5096,0
5097,-0.05104524664800825
5098,0.0799519440263946
5099,0.10528873915199077
5100,0
5101,-0.0492959907344789
5102,0.08739805344146465
5103,0
5104,0.068133790747647
5105,0.07761915431055977
5106,0
5107,0
5108,0.08026396856734833
5109,-0.07354659319841157
5110,0.08524655446229559
5111,0
5112,0
5113,-0.12296568740233904
5114,0.08553770440371461
5115,0
5116,0.05802799691482845
5117,0
5118,0
5119,0.12926912499715484
5120,0
5121,-0.07559353640420935
5122,0
5123,-0.08271794958117853
5124,0
5125,0
5126,0
5127,0
5128,-0.11690760966547722
5129,0
5130,0
5131,0
5132,0
5133,0
5134,0
5135,0
5136,0
5137,0
5138,0
5139,0.12658975879315823
5140,-0.07045178664257234
5141,0
5142,-0.09580181428824072
5143,0
5144,0.05762435036672467
5145,0.07313504692317538
5146,0
5147,0.06346523552209185
5148,0
5149,0
5150,-0.07061527766884641
5151,0
5152,0
5153,0
5154,0
5155,0.057262085264178725
5156,0
5157,-0.06844981506681527
5158,0.09195618205016164
5159,0.0642493146366449
5160,0.05049919434234257
5161,0
5162,0
5163,0.07182366799589962
5164,0.07471098229491019
5165,0
5166,0.0749248482119034
5167,0.12344595733981747
5168,0
5169,0.07908795523010737
5170,0
5171,0
5172,0
5173,0.11078539821189987
5174,0
5175,0
5176,-0.0671859864483961
5177,-0.07991922203827795
5178,0.08258522726538692
5179,-0.10161007141247624
5180,0
5181,0
5182,0
5183,0.0865505599683628
5184,0.06992031161632722
5185,0.07599530014241763
5186,-0.10198351078989094
5187,0
5188,0
5189,0
5190,0.10515028032183933
5191,-0.09892640153814161
5192,0
5193,-0.05399084730949355
5194,-0.08490854420862887
5195,0
5196,0
5197,0
5198,0
5199,0
5200,0
5201,0
5202,0
5203,0
5204,0.06858107003875466
5205,0
5206,0.06369350328319767
5207,0.09391106502755886
5208,-0.0643972110055199
5209,0.06720278566370497
5210,0
5211,-0.08658167954946122
5212,0
5213,0.05961939848714695
5214,0
5215,0.07473540083447427
5216,0
5217,0.07810456986104675
5218,0
5219,0.10515733810630121
5220,0.08308467030012424
5221,0.08837469079049842
5222,-0.07189888790281035
5223,0.09477779032103528
5224,-0.07223313840899775
5225,0
5226,0.08744665048985767
5227,0
5228,0.0917474969800463
5229,0
5230,0.06311155427097567
5231,0
5232,0
5233,0
5234,-0.07780549670324903
5235,-0.059088835871311154
5236,-0.06888389707172018
5237,0
5238,0.09258671636615345
5239,0.09658801037111292
5240,-0.07344763887623401
5241,0.08079300511621623
5242,0
5243,-0.059185538896042555
5244,-0.07655063216843352
5245,-0.07393913593938535
5246,0
5247,-0.07853587426258152
5248,0
5249,0
5250,0
5251,-0.06818929950675168
5252,0.06526048044364047
5253,-0.08477881530365733
5254,0
5255,-0.09980326023926192
5256,0
5257,-0.06717273631138926
5258,0.11972131233690686
5259,0.060798248150873674
5260,0.06630122802014334
5261,0
5262,0.08223258100918397
5263,0.0717851397597234
5264,-0.09453504437576657
5265,-0.06566828458833208
5266,-0.12541562826581262
5267,0.09020416615019683
5268,-0.0894470372755311
5269,0.08099603588433357
5270,0
5271,0
5272,0
5273,0
5274,-0.041310816330466196
5275,0
5276,0.05077763806961333
5277,0
5278,0
5279,0.059559808471504744
5280,0
5281,0
5282,-0.10682214137106213
5283,0.11608328906784876
5284,0
5285,0
5286,0
5287,0
5288,0
5289,0.06651183113402348
5290,0.09796351714279251
5291,0.08217639987040512
5292,-0.07847521401815669
5293,-0.06910013099835194
5294,-0.09946623800201598
5295,0.05461846382067671
5296,-0.06386665426199573
5297,-0.09563416566537881
5298,0
5299,-0.07853655251456726
5300,-0.08101405140217532
5301,0
5302,0.1411094337733973
5303,-0.08077480829075495
5304,0.06396402966640125
5305,0.09278064872154024
5306,0
5307,0
5308,-0.05566278396472782
5309,0
5310,0.07151531511775172
5311,-0.07467852969908653
5312,0.08676908042631012
5313,0.0844740004932272
5314,0
5315,0.054799163655991245
5316,0.08347203219422
5317,0.06537732769915575
5318,0
5319,0.11372594648332278
5320,0.0839151891226092
5321,0
5322,-0.04923673984482957
5323,0
5324,0
5325,0.04893682474436126
5326,0
5327,0
5328,0.0656258446586147
5329,0
5330,0
5331,0
5332,0.07228158351132899
5333,-0.06685755980720309
5334,0
5335,0
5336,0.09196354372674694
5337,0.07381677458331075
5338,0
5339,0
5340,0
5341,0
5342,0
5343,0
5344,0.08198302905481175
5345,-0.08932643614484809
5346,0
5347,0
5348,0
5349,0
5350,0.06879558484617582
5351,0
5352,-0.09897399882549068
5353,0
5354,0.07117057446099287
5355,0
5356,0
5357,0
5358,0
5359,0.08859595949025803
5360,-0.05864909369209679
5361,0
5362,0
5363,0
5364,0.04868298086427411
5365,0.08275800388432267
5366,-0.06671694950890208
5367,0.13411910528850282
5368,-0.08595279975725276
5369,-0.10304103409245646
5370,0
5371,0.08309674524077926
5372,0
5373,0
5374,0
5375,0.1000722370662514
5376,-0.09884223516456203
5377,0
5378,-0.06278313937440574
5379,0
5380,0.07911177699600867
5381,-0.07962105541857797
5382,0
5383,0
5384,0
5385,-0.060258347091572115
5386,0
5387,0
5388,0.10681436422843357
5389,0
5390,-0.1241167448835078
5391,0.07267026080321526
5392,0
5393,0
5394,0
5395,-0.05740671295762893
5396,0
5397,0
5398,0
5399,0.0889748131389354
5400,0
5401,-0.10469663324287859
5402,0
5403,0
5404,0
5405,-0.09888827115107383
5406,0.08511324124515274
5407,0.08039397787519703
5408,0
5409,0.04776143680830186
5410,-0.07101963770280528
5411,0.07572204313433642
5412,0
5413,0
5414,0
5415,-0.05910068839816566
5416,0.0893974111045365
5417,0
5418,-0.07429586345212574
5419,0.0791098824414901
5420,0.06472837414390209
5421,0
5422,0
5423,0
5424,0
5425,0
5426,0
5427,0
5428,0
5429,0
5430,0
5431,0.07237308807224763
5432,0
5433,0
5434,0
5435,-0.07137567521893678
5436,0
5437,0
5438,0
5439,0
5440,0
5441,0
5442,0
5443,0.11585569955872867
5444,-0.10772578074907344
5445,-0.047652203004730276
5446,-0.07458045842576058
5447,0
5448,0
5449,0
5450,-0.0689620465280627
5451,0
5452,0
5453,-0.054336090782930196
5454,0
5455,0
5456,0
5457,0
5458,-0.08388687063412717
5459,0
5460,0
5461,0
5462,0
5463,0.06028259019582821
5464,0.07727061867245216
5465,0
5466,0.07770501631410362
5467,-0.07057766771539103
5468,0
5469,-0.051666852114265874
5470,0.06523644213625017
5471,0
5472,-0.06853227406580743
5473,0.08323846100173224
5474,0.07028979232170837
5475,0
5476,-0.08715878684079811
5477,0
5478,0
5479,0.07819971158494088
5480,0
5481,0.08868048847907672
5482,0
5483,-0.06544018051791109
5484,0.1124372728487121
5485,0
5486,-0.04957028860978499
5487,0
5488,0.08496694141098449
5489,0.07986583024749239
5490,-0.04965018654689596
5491,-0.06744843179684767
5492,0
5493,0.06889676697655325
5494,0
5495,0
5496,0
5497,0
5498,0
5499,0.11801218633253305
5500,0
5501,0
5502,0
5503,0
5504,0
5505,0
5506,0
5507,-0.06809380103993007
5508,0
5509,-0.08304368670367494
5510,0
5511,0
5512,0
5513,0
5514,0
5515,-0.06609320358507911
5516,-0.06142880008380025
5517,0
5518,0
5519,0
5520,0
5521,0
5522,-0.09253278065250917
5523,-0.07899239216785847
5524,0
5525,-0.07168431437227346
5526,0.13078566927780177
5527,0
5528,0
5529,0.08378157201334296
5530,0
5531,-0.06348290016931757
5532,0
5533,0
5534,0
5535,-0.0906429959190018
5536,-0.08263103496578661
5537,0.08413827603683702
5538,0.09852496518130302
5539,0
5540,-0.07957352859896769
5541,-0.09424512248150355
5542,0
5543,-0.07903673252440596
5544,0
5545,0
5546,-0.07680154649908874
5547,-0.06864736696824275
5548,0.08318928479661117
5549,0
5550,0.05941449078144562
5551,0.05958349590827905
5552,-0.09341875538329478
5553,0
5554,0.07367131669181304
5555,-0.08580885618809983
5556,0
5557,-0.0764416963846738
5558,0
5559,0
5560,0
5561,0.10287626804053383
5562,-0.07407342542832579
5563,0
5564,0
5565,0
5566,0.10004632769358882
5567,-0.08518575988874368
5568,0.07760833677861856
5569,0
5570,0
5571,0
5572,0
5573,0
5574,0
5575,0.07016180602519365
5576,0.05361621511879229
5577,-0.0649966668465943
5578,0
5579,0
5580,0.09093148570328202
5581,0
5582,0.07886582109843093
5583,-0.08038886162374631
5584,-0.08652551602761704
5585,-0.08674982511668927
5586,0.07661038000244899
5587,0
5588,0.09843307451589894
5589,-0.06432521866785298
5590,0.09453558242631367
5591,0
5592,0.07710485873179734
5593,0.08832200074094487
5594,0
5595,0
5596,0
5597,-0.08238786254389052
5598,-0.10627947445301356
5599,0
5600,0
5601,0
5602,0
5603,0
5604,-0.09574907138788302
5605,0
5606,0.0673106981971745
5607,-0.07216082456227259
5608,-0.09355674075832635
5609,0.08734293078684535
5610,0
5611,0
5612,0.10334983106416648
5613,-0.06997290257062319
5614,0
5615,0
5616,0.0754240167160751
5617,0.10841430267368932
5618,0
5619,0
5620,-0.050947859498979536
5621,0
5622,0
5623,0
5624,0
5625,-0.0815917554671749
5626,-0.08502446730911167
5627,0.11053013910472569
5628,-0.08615484838126089
5629,0
5630,0
5631,0.09865848319531167
5632,0
5633,0
5634,0.095439748110249
5635,0
5636,0.08149760763201316
5637,0.06036416614596882
5638,0.07565585704472916
5639,0
5640,0.08320288580423407
5641,0
5642,0.10333496163724555
5643,0
5644,-0.048061182345773806
5645,0
5646,-0.0802381003008667
5647,0
5648,0
5649,0
5650,0
5651,-0.06590771487968344
5652,-0.06878099582213215
5653,-0.06423574886289146
5654,0
5655,0
5656,0
5657,0
5658,-0.11641322415907501
5659,0
5660,0
5661,0.07925540492841496
5662,0
5663,0
5664,-0.057251104041552675
5665,0
5666,0
5667,0
5668,0
5669,0
5670,0
5671,0.1038687518223251
5672,-0.09482020676150638
5673,0.07353923739413781
5674,-0.07986448548814402
5675,0
5676,-0.06797919333723773
5677,0
5678,-0.06771090063454549
5679,0
5680,-0.06781534556803609
5681,-0.09043453326268708
5682,0
5683,0.07114258335388055
5684,0.08961556894724462
5685,0.10396839614111147
5686,0
5687,0
5688,-0.06639052826210842
5689,0
5690,0
5691,0.07832545245632098
5692,0
5693,-0.07722615573140074
5694,0
5695,0.1043177032541509
5696,0
5697,0
5698,0.0843083279032068
5699,-0.06687667491538526
5700,0
5701,0
5702,0
5703,0.06653377596234092
5704,0
5705,-0.09900128231905946
5706,0.05718858447647859
5707,-0.055993795157048276
5708,-0.10130034441342223
5709,0
5710,0.07095757397591641
5711,-0.06844381576651296
5712,0
5713,0
5714,0.08485028133540035
5715,-0.08385900798383035
5716,0
5717,0
5718,0.0792215312331927
5719,0
5720,-0.07160770272752195
5721,0
5722,0
5723,-0.08497446677825465
5724,-0.0914320107114251
5725,0
5726,0.06676051765647886
5727,0.07412080030187441
5728,0.1073564461174425
5729,0
5730,0
5731,0
5732,0
5733,-0.05164729291252161
5734,-0.061142965318386325
5735,-0.09918266040635978
5736,0
5737,0
5738,0.08433547706764852
5739,0
5740,0
5741,0
5742,0
5743,0
5744,0
5745,0
5746,-0.07604925347299665
5747,0
5748,0.08404572473638194
5749,0.10921381936130722
5750,0
5751,-0.09331984216729824
5752,0.12221424219122914
5753,-0.06065034590968718
5754,0
5755,0
5756,0
5757,0
5758,0
5759,0.07750889725669799
5760,0
5761,0
5762,0.06279876926567426
5763,0
5764,-0.07284338242045549
5765,0.08628060099726417
5766,0.1095385148825398
5767,-0.08778159686496548
5768,-0.09284694565102831
5769,-0.06886118003443198
5770,0.09950846139024441
5771,0
5772,0
5773,0
5774,0
5775,0
5776,0.05705426562598026
5777,-0.08394883453171946
5778,0
5779,0.11319850059685002
5780,0.07113902840326707
5781,0
5782,0
5783,0.07043046134312494
5784,0
5785,0
5786,0
5787,0
5788,0
5789,0
5790,0
5791,-0.06441334371346612
5792,0.06488639804810939
5793,-0.08236671267975118
5794,0.06318713679312551
5795,0.10461967659982258
5796,0
5797,0.07338019023964032
5798,-0.06578317856621313
5799,-0.05893680539509466
5800,0
5801,0
5802,0
5803,0.1214026689139299
5804,-0.08675721028252092
5805,0
5806,0
5807,0.06796476800387893
5808,0
5809,0.07988830138173376
5810,-0.06682561002805715
5811,0.07559831352966723
5812,0
5813,-0.07854415422188782
5814,0
5815,0
5816,0
5817,0
5818,-0.0911549411050605
5819,0
5820,-0.07991840358485361
5821,0
5822,0
5823,-0.05692753086586788
5824,0.06345783861163706
5825,-0.04915445628114545
5826,0.05682583417418964
5827,-0.0648419174901233
5828,0
5829,-0.06402981203458846
5830,0
5831,0.054909602017472636
5832,0
5833,0
5834,-0.06660112550367692
5835,0
5836,-0.0678189416248306
5837,-0.07736990037599945
5838,0
5839,-0.09112395585308913
5840,0.06776329853659882
5841,0
5842,-0.061792889273125984
5843,0.07976224487360709
5844,0.08341913734780054
5845,0
5846,-0.10811330046154252
5847,0
5848,0
5849,0
5850,-0.07841819680901876
5851,0
5852,0.07068881956272749
5853,0
5854,0
5855,0.06422526458463157
5856,0
5857,-0.07853070516032665
5858,0
5859,0
5860,0
5861,-0.0662636239389996
5862,0
5863,0
5864,0
5865,0
5866,0
5867,-0.06781173776661847
5868,0.06132397491813585
5869,0.055676858427470596
5870,-0.09533994597308937
5871,0
5872,-0.09810022161986404
5873,-0.07307288997334041
5874,0
5875,0
5876,0
5877,0
5878,0
5879,0
5880,-0.06802693669833698
5881,0
5882,-0.07593928856663522
5883,0.064576729772171
5884,-0.09442517929870178
5885,0
5886,0.12672684937471507
5887,-0.08830549367313625
5888,0
5889,0.08079592292102492
5890,0
5891,0.1062298424097073
5892,0
5893,0
5894,0.07096204133693931
5895,0.09736041239411955
5896,0.06146261505590686
5897,0.136372289214727
5898,0.06637164144003826
5899,-0.09257813838703527
5900,-0.08806937903570211
5901,-0.05471948226036921
5902,0.07768164451407598
5903,-0.10098057796370927
5904,0
5905,0
5906,-0.08441709999628166
5907,0
5908,-0.07520722124964999
5909,0.09229405797470125
5910,0.09372087480271674
5911,0.0899943058837297
5912,-0.07116868577878585
5913,0
5914,0.09715811860110357
5915,0.07103575866612838
5916,0
5917,-0.10484182247612223
5918,0.0842951775954966
5919,0.07229957553992439
5920,0
5921,-0.0829472758264439
5922,-0.060484732042782485
5923,0.059457784398456726
5924,0.07718547015476337
5925,0
5926,0
5927,-0.10003824078652518
5928,0
5929,0
5930,-0.06617704257728899
5931,0
5932,0
5933,0
5934,0.11949934776822681
5935,-0.09279657663262064
5936,-0.08551161959574397
5937,0
5938,0.08456825916826977
5939,0
5940,0.11155537937446403
5941,-0.09296241878563746
5942,-0.10587417338112642
5943,-0.0988427379812398
5944,-0.05645740020834489
5945,0
5946,0
5947,-0.0751920941750592
5948,0
5949,-0.09278716258314337
5950,0
5951,0
5952,0.11153807734247745
5953,-0.07062816519061416
5954,-0.06520124129861424
5955,0.0801002962334547
5956,0
5957,0
5958,0
5959,0.050622029153537085
5960,-0.07750702619142567
5961,0
5962,0
5963,-0.09412625808696579
5964,0
5965,0
5966,0.07759049082377324
5967,-0.09363777278560825
5968,-0.09702411538735191
5969,0
5970,-0.09185673078361795
5971,0
5972,0
5973,0.08817529131304487
5974,0
5975,0.07148371033691023
5976,0
5977,-0.06541988434106547
5978,0
5979,-0.10852910930093584
5980,0
5981,0.06415241855967091
5982,0
5983,-0.06705217628688712
5984,0
5985,0
5986,-0.08289351554810753
5987,0.09323191017392773
5988,-0.09865055410662137
5989,0
5990,0
5991,0
5992,-0.07802882364821208
5993,-0.10115244217223571
5994,0.100497337370618
5995,-0.06593776423199925
5996,0
5997,0
5998,0.10117305985813951
5999,-0.10034381606130299
6000,0.08319891538757737
6001,0
6002,0
6003,0.05830624758985653
6004,-0.07424465836335906
6005,-0.09562334226112605
6006,0
6007,0.059236024626642514
6008,0.0573835459544671
6009,0
6010,0
6011,0
6012,-0.07090384893144952
6013,-0.12490911570199034
6014,-0.0701480471991975
6015,0.0649027296806099
6016,0.08250365131524628
6017,0
6018,-0.10339298447973894
6019,0
6020,0.09950934443909595
6021,0
6022,-0.08840149495663568
6023,0.08747118574161414
6024,0
6025,0
6026,0
6027,-0.08308126142326089
6028,0
6029,0
6030,0
6031,0.07695944194648055
6032,0
6033,0
6034,0
6035,0
6036,0.06259576785911472
6037,0
6038,0
6039,0
6040,0
6041,-0.08987648822872832
6042,0.04977952934738206
6043,0
6044,-0.06816553572992706
6045,0
6046,0
6047,0
6048,-0.10254272514789003
6049,0
6050,0.07914066876890719
6051,-0.077024814720936155
6052,0.07696609600952234
6053,0.09426385735751194
6054,-0.0883286724209213
6055,0.07501673300499596
6056,0.06283190598579516
6057,0.08534753179580712
6058,0
6059,0.09480978707867366
6060,0.06387966436826739
6061,0
6062,-0.09565412271623158
6063,0
6064,0
6065,0
6066,0.06471363317379675
6067,0
6068,0.058245634323924184
6069,0
6070,-0.07695183436684844
6071,0.10535263871028253
6072,0.06668751968545644
6073,0
6074,-0.06783180565735208
6075,0
6076,0.08006407214552867
6077,0
6078,0
6079,-0.08720471198742913
6080,0
6081,-0.08116831555890325
6082,0.10121930651382872
6083,0
6084,0
6085,-0.07385164216726535
6086,0
6087,0.11413183258424955
6088,0.08790751317165355
6089,0
6090,0.07857861221211082
6091,0
6092,0
6093,0.09067377637410742
6094,0
6095,0
6096,0.06628919418566931
6097,0
6098,0.08670892887087449
6099,0
6100,0
6101,0.04959676539455246
6102,-0.11568874093247561
6103,0
6104,-0.055830087589285274
6105,0.09241121499465169
6106,0
6107,-0.07424552966758746
6108,-0.06429708735930206
6109,0.07367746793817717
6110,0.08232859403730652
6111,0
6112,0
6113,0.0923509056208427
6114,0.06085695511766431
6115,0
6116,0.084630924807094
6117,-0.12320412380495815
6118,-0.08406116157540783
6119,0.08133921524025521
6120,0
6121,0.08241657300916952
6122,0
6123,0
6124,0
6125,0.07398822405983295
6126,0.09318553506142307
6127,0.0948447478855744
6128,0
6129,0
6130,0
6131,-0.10442564514917815
6132,-0.06576325674922967
6133,-0.08806087666259528
6134,0.07232071953175222
6135,0.06461743883805465
6136,0.09452259580928823
6137,0.09986458111873783
6138,0
6139,-0.07052320569582282
6140,0.07289769836627358
6141,-0.10101082624057928
6142,0.06799363628753119
6143,0.06676654631833895
6144,0
6145,0
6146,-0.08648568413827334
6147,0.07066369340961982
6148,0
6149,0
6150,-0.06980984389328804
6151,-0.10510030915254019
6152,-0.08357715537969632
6153,0.08480480101637028
6154,-0.05228262784321766
6155,0.056769296292483194
6156,0
6157,0
6158,0.07814151330713956
6159,-0.07408630707778205
6160,0
6161,-0.0685580667262777
6162,-0.09419014002832285
6163,0
6164,0
6165,0
6166,-0.059529238685576524
6167,0
6168,0
6169,0
6170,0.06702917884672166
6171,0.10489366471069356
6172,0
6173,-0.07733366454345021
6174,0
6175,0
6176,0.12355058945323918
6177,0.09686491041448114
6178,0.060164380564029896
6179,0
6180,0
6181,0
6182,-0.09642378236973748
6183,0
6184,-0.09948229510395087
6185,0
6186,-0.05753400925753477
6187,0.06417235212127745
6188,0
6189,0.053401343568443504
6190,-0.0666950509250382
6191,0
6192,0.09745918540867754
6193,0
6194,-0.07535410024054634
6195,0
6196,0.11085049058347826
6197,-0.07434221507538416
6198,-0.13286680768787998
6199,-0.0766775423638539
6200,0.10210285451186019
6201,-0.10685744717626722
6202,0.11295457358291783
6203,0
6204,0
6205,0.06643176950622762
6206,0.0812894077616409
6207,0.09388008564789904
6208,0
6209,0
6210,-0.09120022837184782
6211,0
6212,0
6213,0
6214,-0.08298597949792821
6215,-0.05591202615466506
6216,0.10155437547344046
6217,0
6218,0
6219,0
6220,0
6221,0.08755350453916769
6222,0
6223,0.07260620342655015
6224,0.0900997153443947
6225,0.051284846502356096
6226,0.07268142920577247
6227,0
6228,0
6229,0.08166643732353848
6230,0
6231,0.05088188995086118
6232,0
6233,-0.06874424542828214
6234,-0.07138870881445475
6235,0
6236,0
6237,0
6238,0
6239,-0.07046496631184046
6240,0.06485409739834755
6241,0
6242,0
6243,0
6244,0.05063919685639656
6245,0
6246,0
6247,0.10384197114543403
6248,0
6249,0.09648955299330159
6250,0.07283755268314956
6251,-0.09626439021693564
6252,0
6253,0.06274088075230799
6254,0.08698501046081836
6255,0
6256,0.09258748270281267
6257,0
6258,0.09340214334791708
6259,0
6260,0
6261,0
6262,0.058092761905037094
6263,0.062461407902435484
6264,0
6265,-0.0959342679457783
6266,0.08802997949529738
6267,0
6268,0
6269,0.08057987030201275
6270,0
6271,0
6272,0
6273,0
6274,-0.0602290053527999
6275,0.10908313693974536
6276,0
6277,0.09103981884106735
6278,-0.09163774274286232
6279,0.06213146106658608
6280,-0.09721355102015794
6281,0.07365102638727898
6282,0
6283,0.0676755184892901
6284,-0.07692142827160514
6285,0
6286,0.0548123903037519
6287,0
6288,0
6289,-0.06634536357982498
6290,-0.130910895587881
6291,0
6292,0.0629593542317627
6293,0
6294,-0.05927983867726602
6295,-0.0994329493358333
6296,0
6297,0
6298,0
6299,0
6300,0
6301,0.04851170682305994
6302,0
6303,0
6304,0.11554927059665712
6305,-0.06633023650523426
6306,0
6307,0
6308,0.08652445167114592
6309,0.11807147832836332
6310,0
6311,0
6312,0.06443944613837146
6313,0
6314,0.06587779398418325
6315,-0.10016805704213119
6316,0
6317,-0.07407856516902281
6318,0
6319,0.07892115442222758
6320,-0.09244589539867512
6321,-0.04838272663781301
6322,-0.05598966104970671
6323,0.08580096233327891
6324,-0.09239726311641272
6325,0
6326,0
6327,0
6328,0
6329,-0.054123634220712424
6330,0.093088638984449
6331,0
6332,-0.10554864105549586
6333,-0.05522325832700242
6334,-0.08418742875271187
6335,-0.06395576732402963
6336,0
6337,0
6338,0
6339,-0.07601195328397634
6340,0
6341,0.1257093451414244
6342,0
6343,-0.09189696052207012
6344,0
6345,0.07727181735805028
6346,0
6347,0.07843970928839727
6348,0.07153987385875438
6349,0.06202686418703382
6350,0
6351,0
6352,0
6353,0.08009512125888833
6354,0
6355,0.08581250509569834
6356,-0.0845783573420443
6357,0
6358,0.05527943359346968
6359,0
6360,0.08159702366468742
6361,0
6362,0
6363,-0.08491521588860534
6364,-0.1308998850036971
6365,0.09954099619842993
6366,0
6367,0
6368,0
6369,0
6370,0
6371,0
6372,0
6373,0.08665040908401497
6374,0.06941992680962268
6375,0.08065323088827422
6376,-0.08725772354604093
6377,0
6378,0
6379,-0.09197644299313787
6380,0.08449178185264525
6381,-0.07900344973053489
6382,0
6383,-0.09112062918858768
6384,0.07421129922943764
6385,0
6386,0
6387,0
6388,0.11580146582527248
6389,0.052199344518489565
6390,0
6391,-0.06853571817654011
6392,0
6393,0.0595795372362454
6394,0
6395,0
6396,0
6397,0
6398,-0.07394816975668873
6399,-0.09820975931555906
6400,-0.07006750624397018
6401,0
6402,0.09440844981709279
6403,-0.05101313317817749
6404,0
6405,0
6406,-0.0777131267104135
6407,0
6408,0
6409,0
6410,0
6411,0.06001155512363532
6412,-0.06723596349000685
6413,0
6414,0
6415,0
6416,0
6417,-0.08675826289436891
6418,0.0700250839311875
6419,0.11479780776861254
6420,0
6421,0
6422,0.06804719764131324
6423,0
6424,-0.06773958173826669
6425,0
6426,0.10313119976633844
6427,0
6428,0.08714022740009772
6429,0.08569671632434261
6430,0
6431,0.06951666506822349
6432,-0.09896143281278108
6433,0
6434,-0.08066898336404671
6435,-0.07837835317505198
6436,-0.07536391801144365
6437,0
6438,0.05394633738994964
6439,-0.06551386261323086
6440,0.0877647859050335
6441,0.09635285438854167
6442,0
6443,0
6444,0
6445,0
6446,0
6447,0
6448,0.06913619726790471
6449,0
6450,0.09670547715549832
6451,0
6452,0.06818667972175482
6453,0
6454,0
6455,-0.06608461386133772
6456,0.07227881765258198
6457,-0.06313319520716962
6458,0.06801955740481691
6459,0.055307757954263265
6460,0
6461,0.08744993678221705
6462,0.09618448640751306
6463,0
6464,0
6465,0.07364534272372328
6466,0
6467,0.10267171707776016
6468,0
6469,-0.09801908976328547
6470,0
6471,0
6472,-0.1173433755557233
6473,0
6474,0.09374337529851602
6475,-0.1179857800155043
6476,-0.06604631978358508
6477,0.1006634657988236
6478,-0.0968772129072093
6479,0
6480,0
6481,0
6482,-0.059547441383349387
6483,0.09270060471067905
6484,-0.10530864335203949
6485,0.08049688499709663
6486,0.07248663141846884
6487,0.07979778483723587
6488,0
6489,0
6490,-0.07325459544201052
6491,0
6492,-0.06741338290527354
6493,-0.0977150875339681
6494,-0.07959787667079303
6495,0
6496,0
6497,0.08292975138065675
6498,0
6499,0
6500,0
6501,0.06448910167092395
6502,0.0866127521520671
6503,0
6504,0
6505,-0.05696750295665012
6506,0.06167766204156361
6507,0.07388617062522716
6508,0
6509,0
6510,0
6511,-0.0985621310411963
6512,-0.0656146586391228
6513,0
6514,-0.08299988439767453
6515,0
6516,0.0760864949389013
6517,0
6518,0
6519,0
6520,0
6521,0
6522,0
6523,0.14803547659551472
6524,0
6525,-0.06450231657406147
6526,0
6527,0
6528,-0.07715932075136553
6529,0.08973265549945622
6530,-0.06929563639919908
6531,0.06178708302506636
6532,0
6533,0
6534,0
6535,-0.058358136802920485
6536,0
6537,0
6538,0
6539,0
6540,0.07100656300110639
6541,-0.06879369029165727
6542,-0.05458633273391126
6543,0
6544,-0.09248899596344351
6545,0
6546,0
6547,0
6548,0
6549,0
6550,0.10234778715914783
6551,0.09206591279809942
6552,-0.07357941428178588
6553,0.0700077525376431
6554,0
6555,-0.06754103007579533
6556,0
6557,0
6558,0
6559,0
6560,-0.05196728764834668
6561,0
6562,-0.05516262744413533
6563,-0.09215304982729178
6564,0
6565,0
6566,0.07954363706502525
6567,-0.06868445061577413
6568,0
6569,0.1017086572471031
6570,0
6571,0.10719315401572271
6572,0
6573,-0.09002554217702041
6574,-0.10706876964831405
6575,0
6576,0
6577,0
6578,0
6579,0
6580,0
6581,0
6582,-0.08671563578472036
6583,0.0740280676937997
6584,0
6585,0
6586,-0.10600417681666355
6587,0
6588,0
6589,0.0920341325819499
6590,0.08778010603186692
6591,0
6592,0
6593,0
6594,0
6595,0
6596,0.08007901791249991
6597,0
6598,-0.09701912172040503
6599,0
6600,0
6601,-0.09138796250237796
6602,0
6603,0.07446520770495196
6604,0.06221338201503113
6605,0
6606,0.07041946250356419
6607,0
6608,-0.07143686176928565
6609,0.10011313918437773
6610,-0.09318585069816968
6611,-0.10025914099873406
6612,0
6613,-0.04702250475909742
6614,0
6615,-0.07979645182251066
6616,0
6617,0
6618,0
6619,0
6620,0.1226739120597384
6621,0.09316833212469422
6622,0
6623,-0.10751876781967626
6624,0
6625,0
6626,0
6627,0.09238113628077807
6628,0.06246350725381983
6629,-0.09002364175019034
6630,-0.0742868993685222
6631,0.07635184047522695
6632,0
6633,0
6634,-0.12551695059762866
6635,0
6636,0
6637,0
6638,0
6639,0
6640,0.07484429551205296
6641,0
6642,0
6643,0
6644,0.09524269902549931
6645,-0.053829192114622476
6646,0
6647,0
6648,0.06712482925960511
6649,0
6650,0
6651,0
6652,0
6653,0
6654,0
6655,0.06769959790286129
6656,-0.06823718306928955
6657,-0.11372394108892339
6658,0
6659,0
6660,-0.06472666089700314
6661,0
6662,-0.102463219187576
6663,0
6664,-0.06974461719258267
6665,0
6666,-0.07142581595123237
6667,0
6668,0
6669,0
6670,-0.10392851727327523
6671,0.05736240196263928
6672,0
6673,0
6674,0
6675,0.11760754002338544
6676,0
6677,0
6678,-0.059243748918467024
6679,-0.06717155524272575
6680,-0.11651694973439888
6681,-0.1219775249078206
6682,0
6683,0
6684,-0.06609527944721719
6685,0.08358249404494755
6686,-0.06407879518746687
6687,0
6688,-0.06712311014039457
6689,0
6690,-0.08228442911606704
6691,0.05785022075663418
6692,0
6693,-0.06491439502753327
6694,0.07762327080096659
6695,0
6696,0
6697,-0.0737728614374296
6698,0
6699,-0.12048288508334914
6700,0.10142631944322597
6701,0.07842351198502383
6702,-0.06330084970234312
6703,0
6704,0.08999652781961803
6705,-0.07358080014731519
6706,-0.06484826766104163
6707,0.06698126005031443
6708,0.09657018790551394
6709,-0.08366391804902643
6710,0.0714186003483972
6711,0
6712,0.09237699042881331
6713,0
6714,0.1068225972092473
6715,-0.07323414731910305
6716,0.0845436886826439
6717,-0.08390899677006419
6718,0.0989122742245947
6719,0
6720,-0.06548758475301752
6721,0
6722,0.08472556371431035
6723,0
6724,0
6725,-0.07095707703155024
6726,0
6727,0.08835012617718413
6728,0.08887012303643704
6729,0.05380998965580572
6730,0.10715078381970522
6731,-0.14213798382474133
6732,0
6733,0
6734,-0.07996750344992429
6735,-0.10769857873382768
6736,-0.08085122101095227
6737,0.11214726874208725
6738,0.1308066437066331
6739,0.08143833325311758
6740,0
6741,0
6742,0.08196649849775703
6743,-0.0963650519137006
6744,-0.07897113146383827
6745,0.08032426619653407
6746,0.07515569465182513
6747,0.09739291784074727
6748,0
6749,-0.11872465921390468
6750,0.10293229723325104
6751,-0.059712324147464246
6752,0.08674603013534057
6753,-0.1224491060263
6754,0
6755,0
6756,0.08818254214974945
6757,0
6758,0
6759,0
6760,-0.07292275405164243
6761,-0.0769322399312348
6762,0.0881495221418209
6763,0.10020590702632179
6764,0
6765,0
6766,0
6767,0.06981552168453219
6768,0
6769,-0.06931381560772559
6770,0.10480730576278358
6771,0.05823135506431554
6772,-0.08108212030167805
6773,0
6774,-0.0672509092569781
6775,0
6776,0
6777,0.0800398349135841
6778,0
6779,0.08469514587444393
6780,-0.08458506425589016
6781,0.07463887911736242
6782,0
6783,0
6784,0.08357854124522551
6785,0
6786,0
6787,0
6788,0
6789,0
6790,-0.06886037332563075
6791,-0.08244486213609373
6792,0
6793,0.060801312029432564
6794,0.07367542143759681
6795,0
6796,-0.07888369054252242
6797,0
6798,0
6799,0.1379381264126873
6800,0
6801,-0.05301349060229321
6802,0
6803,0
6804,-0.07905630347077339
6805,0
6806,-0.07923098051653929
6807,0
6808,0.0893984226102035
6809,0.07409388529585631
6810,-0.09163188364399855
6811,0.06665607859529982
6812,0
6813,0.0657385108282959
6814,0
6815,-0.10382580320361842
6816,0
6817,0
6818,-0.06815575319289913
6819,-0.10912956490305407
6820,0.07765127365270207
6821,0
6822,0
6823,-0.06398428473706597
6824,-0.10528128939073192
6825,0
6826,-0.08946767845068127
6827,-0.09325009525476591
6828,0
6829,-0.10157381209068087
6830,0
6831,0.06547210680781071
6832,0
6833,-0.10085183707515846
6834,0
6835,0
6836,0
6837,0
6838,0
6839,0.0795932280021506
6840,0
6841,0
6842,-0.06354165411460067
6843,0
6844,0.07696797294710622
6845,0.07274617070673485
6846,-0.08794577201553684
6847,0
6848,0
6849,0
6850,-0.07940963385127356
6851,0
6852,0.08506924588690966
6853,0
6854,0
6855,0.07321526049703295
6856,0
6857,0
6858,-0.06991927662141392
6859,0
6860,0
6861,0
6862,-0.07154573295761818
6863,0
6864,0
6865,0
6866,0
6867,-0.07476183651306084
6868,0
6869,0
6870,-0.07663666960728542
6871,-0.06868359692848035
6872,-0.09996075783754521
6873,0
6874,0.0702696833247938
6875,0
6876,0
6877,0
6878,0
6879,0.077457008043634007
6880,0.07103589299525546
6881,0
6882,-0.0872836857695076
6883,0
6884,0
6885,0
6886,0.08431818090797355
6887,-0.10713351114927644
6888,0
6889,-0.0956264766074238
6890,0.12238123605135155
6891,0.0785353127227881
6892,-0.08869572639354828
6893,0.09398005734805516
6894,0
6895,0
6896,0
6897,0
6898,0.0886299675146073
6899,0.08745216459041694
6900,-0.09007656595816757
6901,0
6902,0
6903,0
6904,0.0836154553297605
6905,-0.0722198882719908
6906,0
6907,0
6908,0.08556000597495958
6909,0
6910,0
6911,-0.09569756827930448
6912,-0.1037241182565633
6913,-0.07054654813429262
6914,0
6915,0
6916,0
6917,-0.05579179938384418
6918,0
6919,0.06968465281707821
6920,0.07287947805156605
6921,0.08961830544443386
6922,0
6923,0
6924,0.07423966469641219
6925,0.07692245739420686
6926,-0.07806367361523198
6927,0
6928,0.08720878737165504
6929,0
6930,0
6931,0.10019148169296295
6932,0
6933,0
6934,-0.07894226318018603
6935,-0.06057855249657451
6936,0
6937,-0.12400451693507711
6938,-0.0793094749711863
6939,0.08875517620775186
6940,0
6941,0
6942,-0.0767596798537879
6943,0
6944,-0.0519555929398654
6945,0
6946,0
6947,0
6948,0
6949,0.10185551274875315
6950,0
6951,0.11275428518430125
6952,0
6953,-0.06616503223206116
6954,0
6955,0
6956,-0.09700177858223749
6957,-0.07116679709657883
6958,-0.07211666551334464
6959,0
6960,0
6961,0
6962,-0.1023180240820209
6963,-0.07172933885311827
6964,-0.09620775911228316
6965,0.08143504696075815
6966,-0.09022545621577485
6967,0
6968,0
6969,0
6970,-0.09375093589965564
6971,0
6972,0.09707802761174991
6973,0
6974,-0.06619628026997504
6975,0
6976,-0.06349202794360598
6977,0
6978,0
6979,0
6980,0
6981,0
6982,0.11137695432584183
6983,0.08255635310942304
6984,0
6985,0
6986,0
6987,-0.0617123600625218
6988,0
6989,0
6990,0.0872776277460896
6991,0
6992,0
6993,0
6994,0.09037800712560376
6995,0.0588995286953206
6996,0
6997,0.0642843694005307
6998,-0.07573505324060811
6999,-0.07732680568354258
7000,0
7001,0
7002,0
7003,-0.06520981340542088
7004,0
7005,0
7006,0.08586682104151644
7007,0
7008,0.08364242905889417
7009,-0.08086754677114122
7010,0
7011,-0.09866492071686456
7012,0.0630062673948145
7013,0
7014,0.11512283140525381
7015,-0.07849222977495449
7016,0.05763895700770305
7017,-0.07872788270189188
7018,0
7019,-0.06518921333645177
7020,-0.09992179138011847
7021,0.07553758355154255
7022,0
7023,-0.0712157626325225
7024,-0.06664405650544894
7025,0
7026,-0.08529116347709714
7027,0
7028,0
7029,0
7030,0
7031,0
7032,0
7033,0.06888797245594608
7034,0
7035,0
7036,0
7037,0
7038,0
7039,-0.059056377403175986
7040,0.08716495570409677
7041,0.09399243618083361
7042,0
7043,-0.07688333311840674
7044,0
7045,-0.06390736332787937
7046,0
7047,0
7048,0
7049,0
7050,-0.07160292560206402
7051,0
7052,-0.10560234848302807
7053,-0.10486449840722946
7054,-0.09214585184139132
7055,0
7056,-0.07518078557106336
7057,-0.07715827988414067
7058,0.11511385557702705
7059,0
7060,0
7061,0
7062,0
7063,-0.07849998342833671
7064,-0.09440791763885721
7065,0
7066,0.0967494548968067
7067,-0.06461086625333579
7068,0.07424554728452215
7069,0
7070,0.10395412862612598
7071,0
7072,0
7073,0
7074,0
7075,0.07878523903702264
7076,0.10507569168842182
7077,0
7078,0
7079,0
7080,-0.05242004580614423
7081,0.0828160502160623
7082,0
7083,-0.07841528487652161
7084,-0.07419709043756775
7085,0.09593770031188785
7086,0
7087,-0.05445065150712991
7088,0
7089,0.06553073816859001
7090,0.08166127996590675
7091,0.08849342085590917
7092,-0.0793500555802545
7093,-0.0826583536932248
7094,0
7095,0
7096,-0.09535799672480041
7097,0
7098,0
7099,0.08311715812981718
7100,-0.08269409845371939
7101,0.06157303580045351
7102,-0.11078504146897239
7103,0
7104,-0.06555026213646489
7105,0
7106,-0.061614089864641564
7107,0
7108,-0.0831128896933486
7109,0.05928979077729042
7110,0
7111,0
7112,0.07650649073644022
7113,0
7114,-0.07392520167808116
7115,0
7116,0
7117,0
7118,0
7119,0
7120,-0.07962247064566516
7121,0
7122,-0.06593159536870047
7123,0.05412087423427697
7124,0.06396008273899079
7125,0
7126,0
7127,0
7128,0.0743274329990978
7129,-0.0734552347112431
7130,0
7131,-0.07900474163907917
7132,0.07620128394921315
7133,0.08811211698523136
7134,-0.07425398506220177
7135,0.10585056155036351
7136,0
7137,0
7138,0
7139,0
7140,0.09654679848855155
7141,0.05641255116280813
7142,-0.10149207244985531
7143,0.08212109590816624
7144,-0.09495297605579056
7145,0.061380694107461886
7146,0.09187340154211135
7147,0
7148,0
7149,0
7150,0
7151,-0.058721594718753045
7152,0.054151280329520324
7153,0.08831634056663534
7154,0
7155,-0.10714996536628085
7156,0.1036746968824344
7157,0
7158,0
7159,0
7160,0.08571772011473183
7161,0
7162,0.052565012625587326
7163,0
7164,0
7165,-0.05271944047300014
7166,0
7167,0.09043966125876099
7168,0
7169,0
7170,0
7171,-0.06706919204368489
7172,0
7173,0.06534637768105378
7174,0
7175,-0.07352116315318041
7176,0
7177,-0.07623437369084153
7178,0
7179,0.08081859885213219
7180,0
7181,0
7182,0.0687261829319479
7183,0
7184,-0.06854137247853806
7185,0.07700457139489456
7186,0.09823658697094256
7187,-0.07644309399482624
7188,0
7189,0.0801430811614765
7190,0
7191,-0.05885900093705654
7192,0
7193,0.10462748897632054
7194,-0.07352360163055768
7195,-0.06869770662509261
7196,-0.06181386370195738
7197,0.09827697452776804
7198,-0.06189047534670894
7199,-0.08353697849204819
7200,0
7201,0.05281544175649956
7202,0
7203,0
7204,0
7205,0.10605838118856198
7206,0.0915121714344786
7207,0.047575263978609006
7208,0
7209,0
7210,0.06023724420592522
7211,-0.07328480848501101
7212,-0.08219154456193062
7213,0
7214,-0.08678763986701049
7215,0
7216,0
7217,0
7218,0
7219,0
7220,0
7221,0
7222,0
7223,0.104669144952444
7224,0
7225,0
7226,-0.09008236633391567
7227,0.09420582277039546
7228,0
7229,0
7230,0
7231,0
7232,0.06231351153356052
7233,-0.09910430615315131
7234,-0.07978547647219611
7235,0
7236,0
7237,0.07772221925083254
7238,0
7239,0
7240,0.0861639350493684
7241,0
7242,0.08144246736045921
7243,-0.06719215531169492
7244,0.050533219983626594
7245,-0.0940788538518594
7246,0
7247,-0.11580337212441422
7248,-0.1108504436049858
7249,-0.06114607030312613
7250,-0.06574315949693826
7251,0
7252,-0.07161818113347032
7253,0.05860768288498115
7254,0
7255,-0.07249577093738047
7256,0
7257,0.08960987353906578
7258,-0.09267608707585734
7259,0.0697485171415006
7260,0
7261,0.08570099063312281
7262,0.09264171643626892
7263,0
7264,-0.08359569133115033
7265,0
7266,-0.09652099408345816
7267,0
7268,0.05541562938155186
7269,0
7270,-0.05947700447420817
7271,-0.05893389933490905
7272,-0.04516831284002299
7273,0.11103889122137106
7274,-0.07120767572545889
7275,0.07556963242594614
7276,0
7277,-0.07366150479322733
7278,0
7279,0
7280,0
7281,0
7282,0
7283,0
7284,0.0829489949456545
7285,0
7286,-0.09147232780051187
7287,0.06281458633687387
7288,0
7289,0.10343914305075465
7290,0.08201407816817141
7291,0
7292,0
7293,0.07505079975246093
7294,0
7295,-0.11686754949002148
7296,0
7297,-0.057951578322319564
7298,0
7299,0.051687475672481276
7300,0.09995872895389962
7301,-0.0900808931177518
7302,0
7303,0
7304,0
7305,0
7306,0
7307,0
7308,0.06329722428399082
7309,-0.07906041408886871
7310,0
7311,-0.09646641535169756
7312,0
7313,-0.10616008962486335
7314,0
7315,0
7316,0
7317,0
7318,0
7319,0
7320,0
7321,0
7322,0
7323,-0.08092580377205819
7324,0
7325,0.061511270827415504
7326,0
7327,-0.08073819222603194
7328,-0.07602980511113314
7329,-0.0695577191324115
7330,0
7331,-0.12229964248427624
7332,-0.07846854233818015
7333,0.07811934606502158
7334,0.1035849929190493
7335,-0.07468851116066871
7336,0
7337,0.06004090860703061
7338,0
7339,0
7340,0.06924799213335746
7341,0.11916016231820818
7342,0.06582215089595145
7343,0
7344,0
7345,-0.04964294745481447
7346,0.06376254845449802
7347,-0.09024693346128398
7348,0
7349,0
7350,0.0800587452249005
7351,0
7352,0
7353,0.07469934630954464
7354,0
7355,-0.07642109631570468
7356,0.09979346008529935
7357,0
7358,0
7359,-0.11319852408609629
7360,0
7361,0
7362,-0.08059943537606863
7363,0.073515502978871
7364,0
7365,0.08306633914553596
7366,0.07955460067071665
7367,-0.061260110593713495
7368,-0.09786418258844115
7369,0
7370,0.06469935978649966
7371,0.09668244448146351
7372,0
7373,0
7374,0.09258106206415562
7375,0
7376,0
7377,-0.05012664975840254
7378,0.07698256197114983
7379,0.09207160820627822
7380,0
7381,0
7382,0
7383,0
7384,0
7385,0
7386,0.07281078962319325
7387,-0.06746939448105596
7388,0
7389,0
7390,0.05012647432309453
7391,-0.07843707775877731
7392,0
7393,0.07585254351423976
7394,0.09588718521973
7395,-0.08377760159668624
7396,0.08488839997784492
7397,0.057031946437800574
7398,-0.07132310775388712
7399,-0.07371822398255329
7400,0
7401,0
7402,0
7403,-0.07100039413780757
7404,0
7405,-0.05921676931702177
7406,0
7407,0.07984831754632837
7408,0
7409,-0.065716179895493
7410,0
7411,-0.0635421451866553
7412,-0.057262453751729434
7413,0
7414,0
7415,0
7416,0
7417,-0.09758508409843095
7418,0
7419,0
7420,-0.06530190886769077
7421,0
7422,-0.06252926026044922
7423,0.07029423032117338
7424,0
7425,-0.08036929654969048
7426,0.10093678740233201
7427,0
7428,-0.07814733129982232
7429,0
7430,0
7431,0
7432,0.08470837839451612
7433,-0.07287812154759465
7434,0
7435,0.07811679087545198
7436,0
7437,0.0929479699630324
7438,0
7439,0
7440,0
7441,0
7442,0.0844455880477601
7443,-0.09640972552392935
7444,-0.09900217124022259
7445,0
7446,0.07919269231109824
7447,0.10618878247320765
7448,0.1166846277188186
7449,0.06278451349531186
7450,0
7451,0.09416580370112065
7452,0
7453,-0.09430539662144305
7454,0
7455,0.09003364670101871
7456,-0.06320240406915488
7457,0
7458,0
7459,0
7460,0
7461,0.12025558772172942
7462,0
7463,0
7464,0
7465,0
7466,-0.0739701909250565
7467,0
7468,0
7469,-0.11767125240174606
7470,0.09466162718981726
7471,0
7472,0
7473,0.055683752521247645
7474,-0.06160174039342095
7475,0.10791521638187954
7476,0.09956603426686406
7477,0.09172566299160961
7478,0.08195625425023234
7479,-0.08762461970029457
7480,0.10116504341881477
7481,-0.0690456983403415
7482,0
7483,0.07552720424085183
7484,0.07644736830360642
7485,0
7486,0.09716426397515607
7487,-0.0724249537960654
7488,0.07898429351617173
7489,0
7490,0
7491,-0.09833000957562613
7492,0.09610310350961518
7493,0
7494,-0.05126561468198154
7495,0
7496,0.08500398982464641
7497,0
7498,-0.11207335322238282
7499,0
7500,0
7501,0
7502,0
7503,0
7504,0
7505,-0.11574273536923557
7506,-0.06733269587629603
7507,0
7508,0
7509,0
7510,0
7511,-0.07632149310309928
7512,0
7513,-0.08855560129499035
7514,-0.07813273640346707
7515,-0.12707075983342647
7516,0
7517,0
7518,0
7519,0
7520,0.07034870995767634
7521,0.11277977395264799
7522,0.09059806539514209
7523,0
7524,0
7525,0
7526,0
7527,0
7528,-0.07723953432522311
7529,-0.09378744112449786
7530,0
7531,0.10758212932742095
7532,-0.09059372061862311
7533,0
7534,0
7535,0.07370102691813596
7536,0
7537,-0.07401501648134703
7538,-0.08537137117864313
7539,0
7540,0
7541,-0.13508856814088233
7542,0
7543,0
7544,0.08530803903245632
7545,0
7546,0.0826499628940377
7547,-0.10391295784974552
7548,0.06365468877183258
7549,0
7550,0.08033287940952169
7551,0
7552,0.08591849958540307
7553,0
7554,-0.06807831135010015
7555,0.07443671965347348
7556,0.08824999665865468
7557,0.0888499494440953
7558,-0.06894521207888449
7559,0
7560,0
7561,-0.08657269784892296
7562,-0.09105394615461423
7563,0
7564,0
7565,0
7566,0.06780539346801179
7567,-0.06041880360084512
7568,0.07371256380824384
7569,0
7570,0.06574676142604433
7571,0
7572,0.07466532654057219
7573,0.05456952177397928
7574,0
7575,0
7576,-0.05979030404081037
7577,0
7578,-0.08808769844566722
7579,0.07240423114259234
7580,0.08121572566632118
7581,0
7582,0.09678364422877558
7583,-0.08985308119483126
7584,0
7585,0.05064298009312218
7586,0
7587,0.052220470893382706
7588,0
7589,0
7590,0
7591,0.11773656718712494
7592,-0.07544892632769382
7593,0
7594,0.08266972689264776
7595,-0.08418913612729932
7596,0.08748738304498757
7597,0
7598,0
7599,0
7600,0
7601,-0.08602459317036543
7602,-0.08064427854929385
7603,0
7604,0.06870523199236284
7605,-0.0673256498364573
7606,0.0485762963779606
7607,0
7608,0.07507723543104752
7609,-0.050679555051664216
7610,0.1139386489485873
7611,-0.09192034993903249
7612,-0.06976555638754464
7613,0
7614,0
7615,0
7616,0.061658254785881106
7617,0
7618,0.0498562870658838
7619,0.09031238844810144
7620,-0.05861132592026813
7621,0
7622,0
7623,0
7624,0.06726567371632974
7625,0
7626,0
7627,0.11061221199923249
7628,0.08870966065485245
7629,0
7630,-0.0931806815959148
7631,-0.09453092788535969
7632,-0.10571267600462858
7633,0
7634,0
7635,0.0971951846317003
7636,0
7637,-0.08405052535108615
7638,-0.08159279046208823
7639,-0.07470104193950897
7640,0
7641,-0.09415495093531007
7642,0.06985679229020925
7643,0
7644,0.06429174869405072
7645,0
7646,0.08084540889058106
7647,0
7648,0.07788571027710667
7649,0
7650,0.06602450928439468
7651,0
7652,0
7653,-0.06031161629785381
7654,0.0716152868179078
7655,0
7656,0
7657,0
7658,0.04877880671246554
7659,0
7660,0
7661,0.049409376262326804
7662,0
7663,0.09066263146079645
7664,-0.06708533649625431
7665,0
7666,0
7667,0
7668,0.0864834680746966
7669,-0.07163123821823447
7670,-0.09322760063127816
7671,0
7672,0.06240286462632966
7673,0
7674,0.08872747137582832
7675,-0.0849634620663823
7676,0
7677,0
7678,0.0960912509827607
7679,0
7680,0
7681,0
7682,-0.06791650420916723
7683,0.07763509983857486
7684,-0.058817794926806666
7685,0.06826399898004995
7686,0
7687,-0.10360255259870574
7688,0.09294880016107981
7689,0.08757601090727848
7690,0
7691,0
7692,0
7693,0
7694,0.08572023419812047
7695,0.0698203516607942
7696,0
7697,-0.06030491525631945
7698,0.08003311625511511
7699,0
7700,0
7701,0
7702,-0.07299662332689331
7703,-0.055537932014510794
7704,0.059957250922440364
7705,0.08454761799311969
7706,0
7707,-0.07940910167303805
7708,0
7709,0.06252821939322431
7710,0
7711,0
7712,0
7713,0
7714,-0.08913462075778045
7715,0
7716,-0.07706916094979518
7717,0.06513271656092628
7718,-0.0891672135550427
7719,-0.06356932371265483
7720,0.10157706902148245
7721,0
7722,0
7723,0
7724,0
7725,-0.07288581647786127
7726,-0.07252787853489961
7727,0.13772497398154918
7728,-0.07763479007413984
7729,0
7730,-0.07962417214794101
7731,0.09876667613165843
7732,0.05435464435131898
7733,0.07301070366194767
7734,-0.06580103626568154
7735,0
7736,0.0854359783504785
7737,0
7738,0
7739,-0.09176946529761007
7740,0.08453042680101391
7741,0
7742,0
7743,-0.07240057049037066
7744,-0.07394527544112628
7745,-0.11180897221323174
7746,0
7747,0.09829384421081572
7748,0.07895583482625111
7749,0
7750,0
7751,0.07409710699278854
7752,0
7753,0
7754,0.09474061858883043
7755,0
7756,0
7757,0.08084233326739898
7758,0
7759,0
7760,0
7761,0
7762,0
7763,0
7764,0
7765,0.09146919932652575
7766,0
7767,0
7768,0
7769,-0.07967212030590609
7770,0
7771,0.12260960290771497
7772,0
7773,0.05256880760693601
7774,0.12697303943071653
7775,-0.05321824048962115
7776,0
7777,0
7778,0
7779,0.09210355211311254
7780,-0.06356073398891349
7781,-0.0798105145406303
7782,0
7783,0
7784,-0.10618953119293212
7785,0.04487375402174065
7786,-0.08142992483699579
7787,-0.08475304613243331
7788,-0.05478438745201647
7789,0
7790,0
7791,0
7792,0.07123518163282816
7793,0.07116271584004136
7794,0
7795,-0.05559993701828403
7796,0.08937353648783103
7797,0
7798,0
7799,0.09879486029101342
7800,0
7801,0
7802,0
7803,0.0768199539937274
7804,-0.06058457528612306
7805,0.09930551870680052
7806,-0.07632751589264788
7807,-0.09808732235347312
7808,0
7809,-0.08395485144895651
7810,0
7811,0
7812,0
7813,-0.08075987426840686
7814,0
7815,0
7816,-0.09267995179090585
7817,0
7818,0.060644849426062575
7819,0.07304251323965494
7820,0
7821,0
7822,0
7823,0
7824,-0.09788205790484422
7825,-0.06112905454632833
7826,0
7827,0
7828,0
7829,0.10361640464764804
7830,0
7831,0
7832,0.11553483351867527
7833,0
7834,0
7835,0
7836,0.07289217252109113
7837,0.11595718558122955
7838,0.0766919676972127
7839,0
7840,0
7841,0.06220119623449527
7842,-0.06933442742131793
7843,-0.05372582328222611
7844,-0.06550148965276385
7845,0
7846,0
7847,0.07958551545494924
7848,0
7849,0
7850,0
7851,0.096916746776741
7852,-0.08976547658283052
7853,0
7854,0.07601364304162911
7855,0.05815184323168998
7856,0.05275568805017247
7857,-0.07458667426755183
7858,0
7859,0.07443273749219365
7860,0
7861,-0.08970571700419189
7862,0.0734114324052427
7863,0.09897172991110988
7864,0.12631203442405414
7865,0.06325104809604037
7866,-0.11999288545964684
7867,0
7868,0
7869,0
7870,0
7871,0
7872,0
7873,-0.06579279154024459
7874,0.07491477352737516
7875,0.07302973655776798
7876,0
7877,0
7878,-0.11109594366437833
7879,-0.08832008269717995
7880,0
7881,0
7882,0
7883,-0.0786520080322417
7884,0.06385512324419942
7885,0
7886,0
7887,0.08869796007405971
7888,0.10177115919524243
7889,0
7890,0.071601036919857
7891,0.054165179356955084
7892,0
7893,-0.05639916082436261
7894,0.060489386583736475
7895,0
7896,0
7897,0.09642054892818214
7898,0.07235917142787815
7899,0
7900,0.05653399423616179
7901,-0.07682012942903538
7902,0.06740462361853579
7903,0
7904,0
7905,0
7906,-0.08182051430033532
7907,-0.08049642328659981
7908,0
7909,-0.07161906418232178
7910,0
7911,-0.08140001568611868
7912,0
7913,0
7914,0
7915,0
7916,0.11928822422073432
7917,-0.09609979372800953
7918,-0.08705454083186182
7919,0
7920,-0.07651898628141113
7921,0.07463318958149517
7922,0.09152547442228963
7923,0
7924,0.09857924589325173
7925,-0.08285716887567762
7926,-0.07867462524023328
7927,0
7928,0
7929,0
7930,0.12097654535927305
7931,0
7932,0.06672409464399852
7933,0
7934,-0.06775660336737607
7935,0
7936,-0.11547525524765614
7937,-0.061918291018513205
7938,0
7939,0
7940,0.08814280348335186
7941,0.06700356749387101
7942,0.10156508216550086
7943,0
7944,0.06478129835187935
7945,-0.09611510798253137
7946,-0.05312668307789837
7947,0
7948,0
7949,0
7950,0.08005133069751108
7951,0.12097516536605535
7952,0.08082104320182104
7953,-0.07946097326916735
7954,0
7955,0
7956,0
7957,0.08022156974381195
7958,0
7959,-0.1075718263567805
7960,0.10434576482900193
7961,-0.08404147391684802
7962,0
7963,0
7964,0.08136946938943676
7965,0
7966,0
7967,0
7968,-0.06718702731562098
7969,0.0951374708724538
7970,0
7971,0.07099246504911724
7972,0.06146999434942696
7973,0.05793781362401179
7974,-0.05390872743649433
7975,0
7976,-0.11118563001082879
7977,0
7978,0.06472303547865083
7979,0.07748381808208288
7980,0.08028235844505227
7981,0
7982,-0.08874245237666892
7983,0
7984,0.125886536270579
7985,0.05912041129059481
7986,0
7987,0
7988,0
7989,0
7990,-0.09658044976997338
7991,-0.07274977263584081
7992,0
7993,0.08887511083107233
7994,0
7995,0
7996,0.08855608649473336
7997,-0.09687540056505262
7998,0.09613105938285804
7999,0.060773689409870976
8000,0
8001,0
8002,0.07717116740590843
8003,-0.06031197304078134
8004,0
8005,0
8006,0
8007,0.0668623721665304
8008,0.05860924418581845
8009,0
8010,0
8011,0
8012,-0.09480923141119185
8013,0
8014,0.09095067641747562
8015,-0.09620254303153575
8016,0
8017,0
8018,0.09509243464698591
8019,0
8020,0.06587559553754116
8021,0.09983004091615295
8022,-0.07335407607011189
8023,0.0771416384872052
8024,0.08082256339647736
8025,0
8026,0.05984062020841399
8027,0
8028,0
8029,0
8030,-0.13897868680925912
8031,0
8032,0.06073638922085073
8033,-0.06434619309668435
8034,0
8035,0
8036,0.07514074301254234
8037,0
8038,0
8039,0.09023043813809856
8040,0.1118100769418448
8041,0
8042,0.06032363838770473
8043,-0.08855267174555845
8044,0.061806683332991594
8045,-0.08045843897328224
8046,-0.11192094251399251
8047,0
8048,0
8049,0
8050,0
8051,0.06576257849724398
8052,0
8053,0
8054,0
8055,-0.0580386566283963
8056,0
8057,0
8058,-0.07126231318033516
8059,0
8060,0
8061,0
8062,0
8063,0.06025958101103962
8064,0
8065,-0.08917545828047957
8066,0.07132412513186576
8067,0
8068,-0.054086158596384104
8069,-0.09057327836802731
8070,-0.07020475464390033
8071,0
8072,0.0950890316424341
8073,0
8074,0.09049139265345166
8075,0
8076,0
8077,0
8078,0
8079,-0.09816463573945662
8080,0
8081,0
8082,0.08260824819479856
8083,-0.10490073423977864
8084,0.10717781627195455
8085,0
8086,0
8087,0.08018701779660392
8088,0.10159825411949114
8089,0
8090,-0.1344226281903887
8091,0
8092,0
8093,0
8094,0.07032375923987674
8095,0
8096,0
8097,0
8098,0.08555157406959156
8099,0
8100,-0.09778691030863862
8101,0
8102,0.08553856396331988
8103,0
8104,0
8105,0.11017889045867524
8106,0.09697706789517309
8107,-0.06520759146953262
8108,-0.07845561958254299
8109,0.06807590223428064
8110,0
8111,0.05153049850781036
8112,0
8113,0.06824905321307875
8114,0
8115,0
8116,-0.06987341019789853
8117,0
8118,-0.08216027303477039
8119,0
8120,-0.08928003754309714
8121,-0.10082541901350663
8122,0
8123,0
8124,0.0952334721559532
8125,0.06946186979497387
8126,0.0509067995624799
8127,0.0768443784056031
8128,-0.1641149836011002
8129,-0.10131272324620069
8130,0
8131,0
8132,0
8133,0
8134,0
8135,0
8136,0.12270550509595671
8137,0.07540269728893934
8138,-0.09756967662096291
8139,0.0931693553749843
8140,-0.07717755868300777
8141,0.07527267623646747
8142,0
8143,0
8144,0
8145,-0.047945411191352746
8146,0
8147,0
8148,0.05827602280223279
8149,0
8150,-0.07152375289543131
8151,0.04472362397235426
8152,0
8153,0
8154,0.07348732469182759
8155,0.13410348714185738
8156,-0.07965969449463506
8157,0
8158,-0.08499798465203257
8159,0
8160,0
8161,0
8162,0
8163,0
8164,-0.06691166508384383
8165,0
8166,-0.07125767038400432
8167,0
8168,0
8169,0
8170,-0.05229310624916597
8171,0
8172,0.07229973923060923
8173,-0.09347015352430418
8174,-0.09189915896871216
8175,0
8176,0
8177,0
8178,0
8179,0
8180,0.09431348940081824
8181,-0.13451063652380954
8182,0.09143778759792698
8183,-0.07035865031307753
8184,-0.10284517782099328
8185,0
8186,0.0735670648105652
8187,0
8188,0.09085964531167684
8189,0.07074615240861198
8190,-0.07325047307929196
8191,0
8192,-0.06064859742891876
8193,0
8194,0.09387599851905001
8195,0
8196,0.06864081787277015
8197,0
8198,0
8199,0
8200,0
8201,0
8202,-0.0656277450854448
8203,0
8204,0
8205,0.06959843994291827
8206,0
8207,0.09051453616736725
8208,0
8209,0
8210,0
8211,0
8212,0.07534361596228645
8213,0
8214,0
8215,-0.07134784780250938
8216,0
8217,0.09582653671992827
8218,0.10053467279350775
8219,-0.09273240254376319
8220,0.07426903579674218
8221,0
8222,0.04337594461710212
8223,0.09801948174008242
8224,0
8225,0.060701562743076976
8226,0
8227,0.06571583489718863
8228,0
8229,0.08263263150049327
8230,-0.06475000333547298
8231,-0.06536476168644617
8232,0.10839527565018059
8233,0
8234,0
8235,0
8236,-0.09162092003830721
8237,0.06359401678278456
8238,-0.10178249128848449
8239,0.07286329836512728
8240,0
8241,-0.07207084019601026
8242,0
8243,0.07170889073021086
8244,0.1179261606383043
8245,0
8246,0.06458407970413321
8247,-0.0860021161638124
8248,0.055527822096113136
8249,-0.10322699038066041
8250,-0.08320493230481438
8251,0
8252,0
8253,0
8254,0.08741025683893516
8255,0
8256,-0.06676223677568938
8257,0
8258,0
8259,-0.0849545449612713
8260,0.10029985593692926
8261,0
8262,0
8263,0.07129888226656567
8264,-0.07602549556848356
8265,0
8266,-0.08988935226124978
8267,0.10045595005274865
8268,0
8269,-0.05717569108239931
8270,-0.07218300354901372
8271,-0.09622364591718255
8272,-0.07910339206913314
8273,-0.07606055620468088
8274,-0.06791805963769294
8275,-0.06442727797477038
8276,0
8277,0.05180976068850557
8278,0
8279,-0.06648966976421712
8280,-0.08909147321451956
8281,0.07796234541110444
8282,-0.1089050392724929
8283,0
8284,-0.08703239707899009
8285,0
8286,0
8287,0
8288,0
8289,0
8290,0
8291,0
8292,-0.10153071739822397
8293,0
8294,0.08237648347215593
8295,0
8296,-0.07014564395568962
8297,0
8298,0
8299,0
8300,0.05543897769233336
8301,0.06398324386984111
8302,-0.07992370701623555
8303,0
8304,0.07351995859527075
8305,0
8306,0.09303370350976081
8307,0.10104576943054527
8308,0
8309,-0.06892955282605817
8310,-0.07750798484628857
8311,0
8312,-0.09452095229608909
8313,-0.08013605273857244
8314,0
8315,0
8316,0
8317,-0.056410650735977966
8318,-0.09466788413778954
8319,-0.07022502145918816
8320,0
8321,0
8322,0.0630646293633007
8323,0.096273681681909
8324,-0.09357263343553746
8325,0
8326,-0.09288285410220777
8327,-0.07751196700756842
8328,0
8329,0
8330,0.05903419841643487
8331,0
8332,0.07471787051637557
8333,0
8334,-0.06912091237494056
8335,0.054747625313543255
8336,-0.04800930487733291
8337,0.08731581685627303
8338,0.04910944941723533
8339,-0.057441405106275566
8340,-0.06686428433798366
8341,0
8342,0.08311563793516089
8343,0.09298575535179576
8344,0.07990448694048413
8345,0
8346,0.05869373794076782
8347,0
8348,0.07987680559780683
8349,0
8350,-0.09950130451052486
8351,-0.08569400331639972
8352,0.07391711477101759
8353,-0.0839228840528759
8354,0
8355,0.08964063050492505
8356,-0.07159656955883417
8357,0
8358,0
8359,0
8360,-0.09313744082970782
8361,0.07517491472757654
8362,0
8363,0.10397505607646483
8364,0.11386663312167405
8365,-0.07791307011072571
8366,0
8367,0
8368,-0.06360537236527292
8369,0
8370,0.1274058522822844
8371,0
8372,0
8373,-0.10227681219945953
8374,0
8375,0
8376,0
8377,-0.08826273810667232
8378,-0.08348694859963338
8379,0.0790679570730736
8380,0
8381,0
8382,0
8383,0
8384,0
8385,0
8386,0.08434615439815113
8387,-0.05627686406371524
8388,0
8389,0.08595027980155251
8390,0.03909454061646539
8391,0
8392,0
8393,0
8394,0
8395,-0.09186756593249384
8396,-0.08657255764748434
8397,0.1015334245338553
8398,0.1021145081141605
8399,-0.10132373383038457
8400,0
8401,0.07596523904547879
8402,0
8403,0
8404,0
8405,0.10924620148939203
8406,0
8407,0
8408,0
8409,-0.08650301553181783
8410,-0.06729026769120183
8411,0.06080215397210317
8412,0
8413,0
8414,0.039956114424621644
8415,0
8416,-0.07735189073046929
8417,0
8418,0
8419,0
8420,0.09508916009924959
8421,0
8422,-0.07000325581506237
8423,-0.1193496096956374
8424,0
8425,0
8426,-0.05687097536722674
8427,0
8428,0.10039341874305147
8429,0
8430,0
8431,-0.08216664669493506
8432,0
8433,0.09009579190623057
8434,-0.08891357447182141
8435,0
8436,0
8437,0
8438,0
8439,0
8440,0
8441,0.0667756447310696
8442,-0.06851597179486474
8443,0.06902302240923416
8444,0
8445,0
8446,0
8447,0
8448,0.07253836868547114
8449,0
8450,-0.06111238378783507
8451,0
8452,0
8453,0
8454,-0.11709229753438313
8455,0
8456,0
8457,0
8458,0
8459,0
8460,-0.05713877112555278
8461,0
8462,0
8463,0
8464,-0.08505503122272823
8465,-0.057382177705872506
8466,-0.07324548528465666
8467,0
8468,0
8469,0
8470,0
8471,0
8472,0
8473,-0.12307406164630537
8474,-0.1255846157757113
8475,-0.08046340327867124
8476,0
8477,0.08521731769109256
8478,0
8479,-0.06323986207654847
8480,0
8481,-0.08111609896446953
8482,0
8483,-0.09714841167008705
8484,0
8485,-0.08000167516495843
8486,0
8487,0
8488,-0.06419675891621834
8489,0.10514087214467371
8490,0
8491,0
8492,-0.1305143244411738
8493,0.057984744403998284
8494,0
8495,-0.08298352927592781
8496,0.08026947092328454
8497,0
8498,0.08131381455658182
8499,0
8500,0
8501,0
8502,0
8503,0
8504,-0.08020270053867656
8505,-0.09725689161566152
8506,-0.05297881019826966
8507,-0.07227797570991135
8508,-0.08352545921887497
8509,-0.0584227087408864
8510,0
8511,0.07646352450079888
8512,0.08210052520075492
8513,0
8514,0
8515,0.07833988953430293
8516,0.10122192042651401
8517,0
8518,0
8519,0
8520,0
8521,-0.08730789363989427
8522,0
8523,0
8524,0
8525,-0.06684401165038426
8526,0
8527,0.0662598465745855
8528,-0.09594941263730378
8529,0
8530,0
8531,0
8532,0
8533,0
8534,0
8535,0
8536,0.06980452871728304
8537,-0.08567425106241272
8538,0
8539,0.09105236723684226
8540,0
8541,0
8542,0
8543,0.056845551194307176
8544,0
8545,0
8546,0
8547,0
8548,-0.10813981761845212
8549,-0.07555195603409726
8550,0
8551,-0.08183117988621481
8552,0.0577217316434418
8553,0
8554,0
8555,0.09951761265377906
8556,0
8557,0.10624409818006963
8558,0.0663242548218666
8559,-0.10639452624926787
8560,-0.12153459039323183
8561,0.08346892720948013
8562,0.1484927256035814
8563,0
8564,0
8565,0
8566,0
8567,0
8568,0
8569,0
8570,-0.05870577177524186
8571,0
8572,0
8573,0
8574,-0.10280808242883879
8575,-0.08812047842286058
8576,0.07728366988490482
8577,-0.06873770220512108
8578,0
8579,0
8580,0
8581,0.07145314642329367
8582,0
8583,-0.06277850245038644
8584,0
8585,-0.09151222428528272
8586,-0.0954431687317355
8587,0
8588,0.08243421416714894
8589,0
8590,0
8591,0
8592,0
8593,0
8594,-0.0826504598384038
8595,0
8596,-0.08172140803209604
8597,0
8598,-0.10576761147931682
8599,0
8600,0
8601,0
8602,0
8603,0
8604,-0.0749875549569086
8605,0
8606,0.06235787537935422
8607,0
8608,0
8609,0
8610,0.09459393265017682
8611,0
8612,0
8613,0
8614,0.07017639504923735
8615,0
8616,0
8617,0.09130381374573306
8618,-0.0831576858880813
8619,0
8620,0
8621,-0.08775484554963223
8622,0.0639817060582501
8623,0
8624,0
8625,0
8626,0.0780954538313815
8627,0
8628,0
8629,-0.08831921726526311
8630,-0.09612164533338088
8631,0
8632,0
8633,0
8634,-0.0660992557361855
8635,0.0703651817916155
8636,0
8637,0.07261444815198706
8638,0
8639,0.09157117128280859
8640,0
8641,0
8642,0
8643,0
8644,0.06918153151318451
8645,0
8646,-0.08301581818106653
8647,0
8648,0
8649,0
8650,0.11876742065268017
8651,0
8652,0
8653,0
8654,0
8655,0
8656,0
8657,-0.07598481586415776
8658,0
8659,-0.0806023590531889
8660,0
8661,-0.06843918471480517
8662,-0.09280676876338023
8663,0
8664,0
8665,0
8666,0
8667,-0.07758807583564231
8668,0
8669,0
8670,0.08758253064119323
8671,-0.06851096051098315
8672,0.06730465191837967
8673,0.09018507453126096
8674,0.09894065730850399
8675,0.10954657830035715
8676,0.07495711950010751
8677,0.07871001325780033
8678,0
8679,0
8680,-0.05715115583064277
8681,0
8682,0.06606507227652819
8683,0.08539205345997422
8684,-0.08494303156040965
8685,0
8686,0.08810227572508778
8687,0
8688,0
8689,0
8690,-0.08059721931249186
8691,0
8692,0
8693,0.06303564436745614
8694,-0.08787383840098553
8695,0
8696,0.0841920598044196
8697,-0.07311721271295321
8698,0
8699,0
8700,0.0765822134600287
8701,-0.0712959585894454
8702,0
8703,0
8704,0
8705,0.11161722655986384
8706,-0.08803428316563541
8707,0
8708,-0.10744503874586403
8709,0
8710,0
8711,0
8712,-0.06409043704514397
8713,0
8714,0
8715,0
8716,0.06655475626348385
8717,0
8718,0.08459108117312716
8719,-0.08594031595690504
8720,0.06077471853247272
8721,0
8722,0
8723,-0.07918751733653184
8724,0
8725,0
8726,0
8727,0
8728,-0.11639982794831799
8729,0
8730,0
8731,0
8732,0
8733,-0.11038066381807884
8734,0.0683806120771416
8735,-0.0602022188035973
8736,0.0712466950336898
8737,0.07004054425945958
8738,0.0774409920478801
8739,0.07629140851691413
8740,0
8741,0.06175047283265489
8742,0
8743,0.06913396358739327
8744,0
8745,-0.07606555574393925
8746,0
8747,0.07886410197922034
8748,0.06491354134023952
8749,0
8750,0
8751,0
8752,0
8753,-0.06826432048910813
8754,0.058457073508163315
8755,0
8756,-0.07065218588106977
8757,-0.08256545739446519
8758,-0.05292948791939839
8759,0.06755751952666911
8760,0.08591972763255903
8761,0
8762,0.09014937087694729
8763,0
8764,0.04935336468654436
8765,0
8766,0
8767,0.06379535192093763
8768,0
8769,0.0592267449062924
8770,-0.07383242796382553
8771,0
8772,0.09365905697887467
8773,0
8774,0
8775,-0.11579142564057465
8776,-0.08193164265842551
8777,0.06456504093600135
8778,0
8779,0
8780,0
8781,0
8782,-0.08870072593280676
8783,-0.07887612406907124
8784,0
8785,0
8786,0
8787,0.07933920281444393
8788,-0.0940877533400358
8789,-0.12335754601901555
8790,0
8791,0
8792,-0.08558030802411681
8793,0
8794,-0.09858616347627505
8795,0
8796,0.07814455369645218
8797,0
8798,0
8799,0.11061257461447158
8800,0
8801,-0.09303216569816979
8802,0
8803,0
8804,0
8805,0.0775114583185792
8806,-0.09702172976077869
8807,-0.07077585089031174
8808,0
8809,-0.07017504441757746
8810,0.0974646642753674
8811,0.08566342765815996
8812,-0.0926477216088828
8813,0
8814,0
8815,0
8816,0
8817,0
8818,0.10852287584220985
8819,-0.06719286292523845
8820,0
8821,0.095224367870911
8822,0
8823,-0.09191443798936468
8824,0.07616138746444226
8825,0
8826,0
8827,0
8828,0
8829,0.08526061130810367
8830,0.0979425427139611
8831,-0.11875678442835856
8832,0
8833,-0.05355385924440309
8834,0
8835,0.051764081444921284
8836,0
8837,-0.10103656605024541
8838,0
8839,0
8840,0
8841,0.05239929379111338
8842,0
8843,0
8844,0
8845,-0.07161788311365835
8846,0.06470827689161068
8847,0.12131548564028388
8848,-0.09874335131012328
8849,0
8850,0
8851,0.07547224527691743
8852,0.07955598066393438
8853,0
8854,0
8855,-0.0616726801192399
8856,0
8857,0.06462258445106328
8858,0.0731637632607659
8859,0
8860,-0.07464332886145061
8861,0
8862,-0.10540383205442608
8863,-0.09037935775726372
8864,0.08546352536402871
8865,0.05983856783552207
8866,0
8867,0.06106427193918504
8868,0.06661986037968537
8869,0
8870,0
8871,-0.08559312507814576
8872,0.0845334385628077
8873,0.09862770861251763
8874,0.07359690349370361
8875,0
8876,0.07080387135898183
8877,0.07224361094263454
8878,0.11549263949200464
8879,-0.061051220726732386
8880,0.07902226608486618
8881,0
8882,-0.055804663416365696
8883,0
8884,0
8885,-0.06830829235810493
8886,-0.10655107106499984
8887,0
8888,0.056330957595732825
8889,-0.0812097322383305
8890,-0.0787804266776953
8891,0
8892,0
8893,-0.08753134316936126
8894,-0.07344630586150883
8895,0
8896,-0.09613709978934143
8897,0
8898,0.08108418441919307
8899,0
8900,0
8901,0
8902,0
8903,-0.08101460706965713
8904,0.06555253105084571
8905,0
8906,0
8907,-0.04782842373439883
8908,0
8909,0.050793770777559644
8910,0.07664711865167595
8911,0
8912,-0.0685077035801816
8913,0
8914,-0.0901573058379492
8915,-0.1143260167149946
8916,0
8917,-0.08308382835745357
8918,0
8919,0
8920,-0.07795149264529383
8921,-0.05592010131710548
8922,0
8923,0.04979945116436546
8924,0
8925,-0.08682622021995193
8926,0
8927,0
8928,-0.09216265692901171
8929,-0.07012347671357168
8930,0
8931,0
8932,0.06095725419919018
8933,0
8934,-0.08058434353534713
8935,0
8936,0.0856940033163997
8937,0
8938,0
8939,0
8940,-0.0757408947225372
8941,0
8942,-0.07496572096847197
8943,0
8944,0
8945,0
8946,0.10583082691331126
8947,0.12779574000439203
8948,-0.09853443208158436
8949,0
8950,0.10542799294632027
8951,0
8952,0
8953,-0.0892737637122292
8954,0
8955,-0.07111459224676826
8956,0.05417599688889635
8957,0.09469106288557455
8958,0
8959,0
8960,-0.05403670198838584
8961,-0.06207856622016661
8962,0
8963,0
8964,0
8965,0
8966,0
8967,0
8968,-0.12428632916706922
8969,0
8970,0.0760153680331512
8971,0.06572460592854953
8972,-0.0769954788544755
8973,0
8974,-0.08337943391527236
8975,0
8976,-0.07162749608768987
8977,0
8978,0
8979,0.06494960173748077
8980,0
8981,-0.08406685111127507
8982,-0.06427851030166704
8983,0
8984,0
8985,0
8986,-0.07736216433955179
8987,0.10532123872630691
8988,-0.08968033393745324
8989,0.08415415770346393
8990,-0.07888575466003744
8991,-0.1163882969305216
8992,0.08786889758484276
8993,0.06803158536697945
8994,0.10926439244254171
8995,0
8996,0
8997,0
8998,0
8999,0
9000,0
9001,0
9002,0
9003,0
9004,0
9005,0
9006,-0.057371167121688604
9007,0
9008,-0.077596624453202645
9009,0
9010,0.05211672182881258
9011,0
9012,0
9013,-0.10903490250659148
9014,0
9015,0.07748243221655353
9016,0
9017,0.10213511992775273
9018,-0.09645986038391341
9019,0
9020,0
9021,0.07292943160393053
9022,0
9023,-0.08327087836368643
9024,0
9025,0
9026,0
9027,0
9028,0
9029,0
9030,-0.10198689617750806
9031,0
9032,0.11464711617943277
9033,0
9034,0
9035,-0.06944177254268247
9036,0
9037,-0.07059756604312818
9038,0.056165741577936634
9039,0
9040,0
9041,-0.0759493984850329
9042,-0.10958750390772973
9043,0
9044,0
9045,-0.08905866974807998
9046,0.0595051945058747
9047,0.09284948909597474
9048,-0.10088866380905892
9049,0
9050,-0.10705276539718331
9051,0.05373903231305209
9052,0
9053,0.07854976154539323
9054,0.06676017265817438
9055,0
9056,-0.07469281483100673
9057,0
9058,-0.10868025672830084
9059,0
9060,-0.06423318192869873
9061,0.08411274102403671
9062,0
9063,0.10522538938886927
9064,0
9065,0
9066,0.08632092395866248
9067,-0.05937463540285573
9068,0
9069,0
9070,0
9071,0
9072,0.07850667272524797
9073,0.05360387739219474
9074,0.07057248686851306
9075,0
9076,0.07366976713559889
9077,0
9078,0
9079,-0.09249588418490898
9080,0
9081,0
9082,0
9083,0.09445017626095503
9084,0.0711884615220191
9085,0.08296703395274241
9086,0
9087,-0.0731248900262852
9088,0
9089,-0.05147843973174998
9090,-0.06056875234261191
9091,0
9092,0.10503729851541149
9093,-0.09902430324847117
9094,-0.07498410497386432
9095,0.07803017427987197
9096,-0.07013983770762994
9097,0
9098,0
9099,0
9100,0.10440158922485324
9101,0.0513267718707726
9102,0
9103,-0.10057348730487282
9104,0
9105,-0.07718254647764307
9106,0
9107,0
9108,0
9109,-0.08968835037677808
9110,-0.0743185452555446
9111,0
9112,0
9113,0
9114,-0.11356261327542203
9115,0.08507221067021087
9116,0.06589638865875297
9117,0
9118,0
9119,0.06312668134556645
9120,0.057041565284143655
9121,0
9122,0.09121691087496432
9123,0.08669877197398432
9124,0.060242535892684024
9125,-0.057279270583972974
9126,0
9127,0.09113069800080448
9128,0
9129,0
9130,0
9131,0
9132,0
9133,0.12251671835357858
9134,-0.06165517329038747
9135,-0.08849322780366647
9136,0
9137,0
9138,-0.0832286725923928
9139,0
9140,0
9141,0
9142,0
9143,0
9144,0.06546454620667111
9145,0.060048475080481833
9146,0
9147,0
9148,0
9149,0
9150,0
9151,0
9152,0.09047025453393542
9153,0
9154,0
9155,0
9156,0.07161167901649017
9157,0
9158,0.06847027493434577
9159,0
9160,0.07565536010036296
9161,-0.09403626784839184
9162,-0.06890466083137411
9163,0
9164,0.05570283826787197
9165,-0.08218417701303368
9166,0
9167,0
9168,-0.11112906863987608
9169,0
9170,-0.08537756940349975
9171,0.0534927079279236
9172,0
9173,0
9174,0
9175,0.06675747139485465
9176,-0.06949826931820796
9177,0.08108999653956422
9178,-0.06509062750182487
9179,0
9180,0
9181,-0.05142792463959217
9182,0
9183,0
9184,-0.07569691110891724
9185,0
9186,0
9187,0
9188,0.078898092386635
9189,-0.07851111659702459
9190,0
9191,0
9192,-0.07530239820741347
9193,0.08264467707959042
9194,0.10406113462149769
9195,-0.10449295358433336
9196,0.07722579311616157
9197,0
9198,0.09355927833096125
9199,-0.10008514220495383
9200,0
9201,0
9202,0
9203,0
9204,0
9205,0
9206,0
9207,0.06669386985637478
9208,-0.09396991806809965
9209,0
9210,0.06410866323216305
9211,-0.05178795606162667
9212,0
9213,0
9214,-0.09459173420353473
9215,0.11263840318999935
9216,0.11122335667647648
9217,0
9218,-0.12309866736580061
9219,0
9220,0
9221,0.07237139244228336
9222,0.09373552842218763
9223,0
9224,0
9225,0
9226,-0.06922121145646642
9227,0.07627648623918917
9228,0
9229,0
9230,-0.08229821143130947
9231,0.09123252902160972
9232,0
9233,-0.08940100128901932
9234,0
9235,0
9236,0
9237,0.08681319836905707
9238,-0.07982426749431498
9239,0
9240,0
9241,0.09527584161793178
9242,0
9243,-0.05951138098610817
9244,0
9245,-0.05920389353987707
9246,-0.08684345251823863
9247,0.07722097488452274
9248,0
9249,0
9250,-0.07950478144747924
9251,0
9252,0.0625017895869494
9253,0.1051434214619317
9254,0
9255,0.05949350566970507
9256,0
9257,0
9258,0
9259,-0.11849053822624667
9260,0
9261,0.06250901106209612
9262,0
9263,-0.07296243399492441
9264,0
9265,0
9266,-0.07169530146721118
9267,0
9268,0.06628369770204472
9269,0.08200587454891545
9270,0.08825670357250064
9271,-0.07280612333761613
9272,0
9273,0.11702342192607919
9274,-0.08691126377007147
9275,0
9276,0.05753176383240019
9277,0
9278,0
9279,0
9280,0.07523470954008454
9281,0
9282,-0.06911778977326606
9283,0
9284,0
9285,-0.07264845617633645
9286,0
9287,-0.05158701290027054
9288,0
9289,0
9290,0.07830949518368273
9291,0.08656413161442789
9292,0.07489321406950414
9293,0
9294,0
9295,0.08106991690420756
9296,-0.06345077495486368
9297,0
9298,0.06335771496541924
9299,-0.09831693487392723
9300,-0.07848034788654216
9301,0.08542654081175499
9302,-0.050229182520439813
9303,0
9304,0.061981839706189035
9305,-0.05893046109648786
9306,0.0867823188186938
9307,-0.06764613564433694
9308,-0.10939182307157455
9309,0
9310,0
9311,0
9312,0
9313,-0.072449553643249065
9314,0
9315,0
9316,0
9317,0
9318,0.10693802923767554
9319,0
9320,0
9321,0
9322,0
9323,0
9324,0
9325,0
9326,0
9327,-0.09618270342691423
9328,-0.05581788419181477
9329,0.058299043731644476
9330,0
9331,0
9332,-0.07891235402930888
9333,-0.07273623035133353
9334,-0.07825140187345059
9335,-0.06261361381395994
9336,0
9337,0
9338,0
9339,0.08455258817082029
9340,-0.06380772488140457
9341,0
9342,-0.07353685176756458
9343,0
9344,0.06537629270424247
9345,0
9346,0
9347,0
9348,0
9349,0
9350,0
9351,0
9352,-0.11842508911174077
9353,-0.10964573154708893
9354,0.07454595345704507
9355,0
9356,0
9357,0
9358,0.05817195222860447
9359,0
9360,-0.07675892526175182
9361,-0.06347378413965224
9362,0.06568201405277047
9363,-0.06320725166235158
9364,-0.10331168306016397
9365,0
9366,0.06120979442610988
9367,-0.06387658287277384
9368,0
9369,-0.051213561778232705
9370,0.06147723344150838
9371,0
9372,0
9373,-0.07107971291819054
9374,0
9375,-0.07354816037156042
9376,-0.06514764471096285
9377,0
9378,-0.07782665831201158
9379,0
9380,0
9381,0
9382,-0.0534408422041059
9383,0
9384,0
9385,0.08594902826515027
9386,0
9387,0.08211077532059124
9388,0
9389,0
9390,0.07019580230491987
9391,0
9392,0
9393,-0.08521094990323955
9394,0
9395,-0.0634124750047994
9396,0.06080766807266247
9397,-0.07743351365910245
9398,0.05635294353023125
9399,0
9400,-0.059228300334818074
9401,0
9402,0
9403,-0.08989883090615425
9404,0.09111296288583993
9405,0
9406,0
9407,-0.07175782103228517
9408,0
9409,-0.08659695857011376
9410,0
9411,-0.07605403647076611
9412,0
9413,0
9414,-0.07526581150424831
9415,0
9416,0.10421672004832769
9417,-0.09853975312990099
9418,0
9419,0.05233708399047439
9420,0
9421,0
9422,0
9423,0
9424,-0.06000142171599139
9425,0
9426,-0.05364595470667294
9427,0
9428,0
9429,0.09722783027976657
9430,0.09169373670171008
9431,0
9432,0
9433,0
9434,0
9435,0.05635156353701354
9436,0
9437,-0.06735464657692508
9438,-0.068765523749237
9439,0
9440,0
9441,0.09545192214616167
9442,0.07317059863142726
9443,0.07726946109303492
9444,0.07121386807800392
9445,0.09450296026749366
9446,-0.06392814470446806
9447,0.07193473763087416
9448,0
9449,0
9450,0
9451,-0.10536359644366239
9452,-0.08654405785138274
9453,0
9454,-0.09179246861008708
9455,0.059002067329669436
9456,0
9457,0.0929154645164047
9458,-0.07453650417369848
9459,0
9460,0
9461,0
9462,0.04481035140781506
9463,0
9464,0.07754509785537779
9465,0
9466,-0.08882436158049084
9467,0
9468,0
9469,0
9470,0.0884413738244719
9471,0
9472,0.07595079609518529
9473,0
9474,0
9475,-0.09951570048232583
9476,-0.07543085795904805
9477,0.08437344963634297
9478,-0.10595522889765457
9479,0
9480,0.08933454654115797
9481,0
9482,0
9483,0
9484,-0.06080630569637946
9485,-0.09406273876084781
9486,0.11017082116854626
9487,0
9488,0
9489,0.07647762245278797
9490,0.06428656784717282
9491,-0.1002433004382882
9492,0.08503886328091256
9493,-0.06590444620425878
9494,0.061402305682097987
9495,0
9496,0.07956681581281026
9497,0.05607777435069673
9498,-0.07016456013931753
9499,0
9500,-0.045626918352061174
9501,-0.07082224949206273
9502,0.08699599755575602
9503,0
9504,0
9505,-0.09226258752298686
9506,-0.07747176663067407
9507,-0.08113825446196443
9508,-0.056159011174844495
9509,-0.1097735130467378
9510,0
9511,0.06270243472849354
9512,0
9513,0.10512535309328594
9514,-0.11630365710182208
9515,0
9516,0.108086431699978
9517,-0.0695998258084476
9518,-0.06436392821164885
9519,0
9520,0.08680991794900922
9521,-0.05027661611710402
9522,-0.10247817669917036
9523,0.0890890758433232
9524,0.10613470068581318
9525,0
9526,-0.060073887508778206
9527,0.0890981625114308
9528,0
9529,0.09430644336097946
9530,0
9531,0
9532,0
9533,0
9534,0.06705305933573869
9535,-0.0643159565644375
9536,0
9537,0
9538,-0.08580130145927176
9539,0
9540,0
9541,0
9542,0.09125829232052214
9543,-0.06459630659085003
9544,0
9545,0
9546,0
9547,0
9548,0.07508066779715712
9549,-0.05396799594307833
9550,0
9551,-0.06812365734000306
9552,0.0724830471062975
9553,0
9554,0.11132709399642346
9555,0.0661859949162694
9556,0
9557,0.06533281777961183
9558,-0.08960726549869212
9559,-0.07705490517943281
9560,0.0683878218076652
9561,0.10081716841575812
9562,0
9563,0.07907813745921005
9564,0
9565,0.07568954943233182
9566,0.08026859374674455
9567,0
9568,-0.09168253306528341
9569,-0.050146577447697516
9570,0
9571,0.055407560091422975
9572,0
9573,0.09975499057223866
9574,-0.08924298912943524
9575,0
9576,0
9577,-0.1037663416447917
9578,0.08605946662663161
9579,-0.07232708144729366
9580,0.07588157548857691
9581,0
9582,-0.08172809732900727
9583,0
9584,0
9585,0.07319795259273479
9586,0
9587,0
9588,0
9589,-0.108321605299484
9590,-0.07285443998313193
9591,0.09824468562262934
9592,0
9593,0
9594,-0.10804110919932138
9595,0
9596,0
9597,-0.06411962683785441
9598,0
9599,0
9600,-0.08360546212355516
9601,-0.0968042971485488
9602,0
9603,0
9604,0.12256022263976707
9605,0.06011578938794848
9606,0
9607,0.07714221177162164
9608,-0.08050768491210313
9609,0
9610,-0.09414703359124293
9611,0
9612,0
9613,0
9614,0
9615,0
9616,0
9617,0
9618,-0.05887943731534079
9619,0.06835360898645007
9620,-0.07387384464325275
9621,0.06026902442207466
9622,0
9623,-0.0740529773054184
9624,0.062165100603384704
9625,-0.08742382261268869
9626,0.07651059548222401
9627,0
9628,0
9629,-0.07769332747793403
9630,-0.11346161245266415
9631,0
9632,-0.06141023477078833
9633,-0.08143150375476771
9634,-0.08420273713492221
9635,0
9636,0.1340265657326708
9637,-0.06571792250394988
9638,0.10547065528983812
9639,-0.089838837169092
9640,0.08248857121914804
9641,0
9642,-0.09398354256496885
9643,0.07736233977485979
9644,0.06637200992758899
9645,-0.08946044523091137
9646,0.07820176395783277
9647,0.07108814482355855
9648,0.07832645808967648
9649,0
9650,-0.067110421543181
9651,0
9652,-0.0718837667005311
9653,-0.06937544037932508
9654,-0.05985525033863859
9655,0
9656,0
9657,0
9658,0
9659,0
9660,0.09001325142891548
9661,0.06436253060149644
9662,-0.08837124667976567
9663,0
9664,0
9665,-0.08551774735286177
9666,0
9667,0.058316410359058275
9668,0.102801077495181
9669,0.10894008816406714
9670,-0.06638674502538278
9671,-0.07053728015856559
9672,0.1154379844201937
9673,0
9674,0
9675,0
9676,0.06995379333475255
9677,0.05547644157203846
9678,-0.08296021619901578
9679,-0.07129287122164019
9680,0
9681,0
9682,0
9683,0
9684,0.07069891773650201
9685,0
9686,-0.08475788785331848
9687,0.07768634016121093
9688,-0.07693624558176088
9689,-0.09407163237671262
9690,0
9691,0.08403094853240714
9692,0.078387135951036
9693,-0.06816747139062658
9694,0.07699734404743627
9695,0
9696,0.08178015023275612
9697,0.09653853614617997
9698,0
9699,-0.08127965458617076
9700,-0.07822134077651172
9701,-0.08263537974230556
9702,0
9703,0
9704,0.06851855634599217
9705,-0.07748773564793543
9706,-0.0688881596358772
9707,0.09916604249867043
9708,0
9709,-0.1112089313431177
9710,0
9711,0
9712,-0.07031571931130562
9713,-0.08274649048346108
9714,0
9715,0.09468294074464151
9716,0
9717,0
9718,0
9719,0
9720,0.09808525823595805
9721,-0.07985142253106822
9722,0.07888389533938822
9723,0
9724,-0.06877309022268817
9725,0
9726,-0.07451019107961576
9727,-0.06498533475335223
9728,0
9729,0.08267231731608676
9730,0.07316064653140292
9731,0
9732,0
9733,0.1163531489436897
9734,0
9735,0.06742286155017799
9736,0.07853859901514756
9737,0
9738,0
9739,0
9740,0
9741,-0.0892771608444694
9742,0.0572765164698491
9743,0.08027274547102078
9744,-0.07762189080774895
9745,0.0853425263842371
9746,-0.09122205648797296
9747,0
9748,0
9749,0
9750,0.09002776411290875
9751,0
9752,0
9753,0
9754,-0.10399294313749102
9755,0.07094422474365186
9756,-0.06914338938149364
9757,0.07699216907286979
9758,0.08212661588103715
9759,0.10130239678631403
9760,-0.10144277366023041
9761,0
9762,0.062357699944046274
9763,0
9764,0.08833691127404658
9765,-0.0546380641286019
9766,0
9767,0
9768,0
9769,-0.07663767524064086
9770,0.07279994860200575
9771,0.07140605195262228
9772,0
9773,0
9774,0
9775,-0.0700415557651266
9776,-0.04765768774373175
9777,0.07464607710326293
9778,-0.059148086760960505
9779,0
9780,0.10467160691906754
9781,-0.07550881436314791
9782,-0.11634974593913801
9783,0
9784,0
9785,0
9786,0
9787,-0.055567121807221315
9788,-0.09881045494841262
9789,0
9790,0
9791,0.062225070851200714
9792,0
9793,-0.07960360144052975
9794,-0.08260271060499308
9795,0.0860766578187373
9796,0
9797,0
9798,0.053350337404231125
9799,0
9800,-0.06173004819899375
9801,0
9802,0
9803,0.05307344910548606
9804,0
9805,-0.1111318168816884
9806,0.06323228385847424
9807,0
9808,-0.08980414502044534
9809,0.07024376807981965
9810,0
9811,0
9812,0
9813,-0.08744480291383161
9814,0
9815,-0.07279754535849792
9816,0
9817,0.0903462327817659
9818,0
9819,-0.08710931848817663
9820,-0.10246442961779734
9821,0.0673757670795066
9822,-0.0625698115079596
9823,-0.06041347080790534
9824,0
9825,0
9826,-0.08007674899811905
9827,0
9828,-0.08435285543968546
9829,0.06464008540760408
9830,0
9831,0
9832,0.04846207477975367
9833,0
9834,0
9835,0
9836,-0.05870180723089667
9837,0.07764442066510602
9838,0.09505343882800124
9839,0
9840,0
9841,-0.06550165921576034
9842,-0.0837070362307295
9843,0
9844,0.08548182715705915
9845,0.07998430853754471
9846,0.07869989746709116
9847,0
9848,0
9849,0
9850,0
9851,0
9852,0
9853,-0.09680645448900982
9854,0
9855,0
9856,0
9857,-0.08040348588165933
9858,-0.06166856362883297
9859,0
9860,0
9861,0
9862,0
9863,0
9864,0
9865,0
9866,0
9867,0
9868,0
9869,-0.0685106683634828
9870,-0.06518819595847322
9871,0
9872,0
9873,0.05278521696887578
9874,0
9875,0
9876,0
9877,-0.09559105922829889
9878,0.08142442835337119
9879,0
9880,0.0659097613802638
9881,0.06406348093294496
9882,0
9883,0.06579813020549591
9884,0
9885,-0.1038871123384712
9886,-0.06251588753893841
9887,-0.0872151727764427
9888,0
9889,0
9890,-0.0722417516219853
9891,0
9892,0
9893,-0.08369604913579187
9894,0
9895,0.09361911424965025
9896,0
9897,0
9898,-0.08009978754446544
9899,0
9900,0
9901,0
9902,0.09049184849163687
9903,0
9904,0.076599585959754
9905,-0.10651656609628432
9906,0
9907,0.08382811081653248
9908,0
9909,0.061856806448352425
9910,-0.08853704772660151
9911,0
9912,0
9913,0
9914,0
9915,0
9916,-0.07381730676154633
9917,-0.07003778427302415
9918,0
9919,0
9920,0.10263514799152967
9921,0
9922,0
9923,-0.08687336166911577
9924,0
9925,0
9926,0
9927,0
9928,-0.09463481715136844
9929,0
9930,0
9931,0.10331856540931783
9932,-0.07820059463379245
9933,0
9934,-0.08900959337225549
9935,0
9936,0.10447613675208976
9937,0.05910085208885052
9938,0
9939,0
9940,0
9941,-0.06664100437151316
9942,0.0575644270974012
9943,-0.09611447083672664
9944,0
9945,-0.057139817865089204
9946,0.07758546192295704
9947,0.08359159832998975
9948,0.049491648081387826
9949,0
9950,0
9951,0
9952,0.07341880582645116
9953,0
9954,0
9955,0
9956,0.08499285665595854
9957,-0.04562641553538349
9958,0.08945633461281607
9959,0
9960,-0.07998796331745484
9961,0
9962,0
9963,0.07146826762557283
9964,0
9965,0
9966,-0.10689558930795817
9967,0
9968,-0.07661860123863964
9969,0
9970,0.09713660612172512
9971,0.07875827705251204
9972,0
9973,0
9974,0
9975,0.09475628958627991
9976,-0.08888053684695818
9977,0
9978,0
9979,0.07874557671067543
9980,0
9981,-0.0787991498090806
9982,0.07302169075688529
9983,0
9984,0
9985,0
9986,0
9987,-0.08469057354585185
9988,0
9989,-0.08604066201692337
9990,0
9991,0
9992,0.0752334932375517
9993,0.07872929792897901
9994,0.08624930010854612
9995,0
9996,0
9997,0
9998,0
9999,0
10000,0
