pathway,NES_CRE,padj_CRE,NES_PLA,padj_PLA,sig_CRE,sig_PLA,sig_class,concordant
GOBP_ACTIN_FILAMENT_ORGANIZATION,2.222404105383741,7.767288118166634e-5,1.729956721735778,0.10501229156372253,TRUE,FALSE,Sig CRE only,NS
GOBP_NEGATIVE_REGULATION_OF_SYNCYTIUM_FORMATION_BY_PLASMA_MEMBRANE_FUSION,2.263876997279662,4.7488422798714535e-4,1.4171093388706657,0.436234843182734,TRUE,FALSE,Sig CRE only,NS
GOBP_STRIATED_MUSCLE_CELL_DIFFERENTIATION,2.053609232036255,4.7488422798714535e-4,1.5208091105281383,0.29210481197851185,TRUE,FALSE,Sig CRE only,NS
GOSLIM_CYTOPLASMIC_TRANSLATION,1.9755643013412625,4.7488422798714535e-4,1.128514362412697,0.615690374921235,TRUE,FALSE,Sig CRE only,NS
REACTOME_EPH_EPHRIN_SIGNALING,2.3052854622390586,4.7488422798714535e-4,1.5931824940306014,0.35496024167505813,TRUE,FALSE,Sig CRE only,NS
REACTOME_MRNA_3_END_PROCESSING,2.2687581602255826,4.7488422798714535e-4,-1.1799965598028752,0.6287720002005717,TRUE,FALSE,Sig CRE only,NS
REACTOME_MRNA_SPLICING,2.259404413526907,4.7488422798714535e-4,-1.2781995654916483,0.5457724949656735,TRUE,FALSE,Sig CRE only,NS
REACTOME_SRP_DEPENDENT_COTRANSLATIONAL_PROTEIN_TARGETING_TO_MEMBRANE,2.134154062892952,4.7488422798714535e-4,1.381209436661615,0.3813434842552424,TRUE,FALSE,Sig CRE only,NS
REACTOME_DENGUE_VIRUS_HOST_INTERACTIONS,2.207193710247403,5.344832849030572e-4,-0.8868723531350851,0.9505778588807785,TRUE,FALSE,Sig CRE only,NS
KEGG_MEDICUS_REFERENCE_TRANSLATION_INITIATION,2.104103080428434,6.1882422070723e-4,1.5463444390264653,0.32883394942588895,TRUE,FALSE,Sig CRE only,NS
GOBP_MYOTUBE_DIFFERENTIATION,2.148061925158411,6.786489415567468e-4,1.352338805270568,0.44735678103328685,TRUE,FALSE,Sig CRE only,NS
REACTOME_RRNA_PROCESSING,2.079742652907687,6.786489415567468e-4,1.4599209380950418,0.35496024167505813,TRUE,FALSE,Sig CRE only,NS
GOBP_ALTERNATIVE_MRNA_SPLICING_VIA_SPLICEOSOME,2.185660829253384,9.330836255433861e-4,-0.6437151463999031,0.9997322623828648,TRUE,FALSE,Sig CRE only,NS
GOBP_CYTOPLASMIC_TRANSLATION,1.957813603689053,9.330836255433861e-4,1.1769232364621782,0.5805581882119608,TRUE,FALSE,Sig CRE only,NS
GOBP_SYNCYTIUM_FORMATION,2.1492758637878864,0.0011460837483772473,1.4665934544865344,0.3813434842552424,TRUE,FALSE,Sig CRE only,NS
REACTOME_CELLULAR_RESPONSE_TO_STARVATION,1.95576187919302,0.002856811803384048,1.4923766112648134,0.35496024167505813,TRUE,FALSE,Sig CRE only,NS
GOBP_CELLULAR_RESPONSE_TO_TYPE_II_INTERFERON,2.088771066584413,0.004955216413919628,1.3801583233041423,0.48685716215496555,TRUE,FALSE,Sig CRE only,NS
GOBP_PROTEIN_POLYUBIQUITINATION,-2.0435952889097098,0.004955216413919628,-1.0718144004543497,0.752107939632546,TRUE,FALSE,Sig CRE only,NS
REACTOME_ANTIGEN_PROCESSING_UBIQUITINATION_PROTEASOME_DEGRADATION,-1.9043092683383605,0.005369411365052221,-1.4237200371652836,0.3763897942923366,TRUE,FALSE,Sig CRE only,NS
GOBP_RNA_SPLICING,1.9007191527198726,0.010163757452412053,-0.9149781702655313,0.9340963142005688,TRUE,FALSE,Sig CRE only,NS
GOBP_CYTOSKELETON_DEPENDENT_CYTOKINESIS,2.033757202049202,0.010302915660485423,-0.9295599199643726,0.9062010565365004,TRUE,FALSE,Sig CRE only,NS
REACTOME_ASPARAGINE_N_LINKED_GLYCOSYLATION,1.8152003030758377,0.01570316921313025,0.7583165508930669,0.9997322623828648,TRUE,FALSE,Sig CRE only,NS
REACTOME_REGULATION_OF_INSULIN_LIKE_GROWTH_FACTOR_IGF_TRANSPORT_AND_UPTAKE_BY_INSULIN_LIKE_GROWTH_FACTOR_BINDING_PROTEINS_IGFBPS,2.0000653357036153,0.016849873400750177,0.8218829741068036,0.9587510126105208,TRUE,FALSE,Sig CRE only,NS
GOBP_NEGATIVE_REGULATION_OF_MRNA_METABOLIC_PROCESS,1.9357455812227733,0.017229545173243332,-1.0383386493183964,0.7975884740769652,TRUE,FALSE,Sig CRE only,NS
REACTOME_SEMAPHORIN_INTERACTIONS,1.9990410709984532,0.021355525414616806,1.211258487321067,0.6154718544526775,TRUE,FALSE,Sig CRE only,NS
GOBP_SPERMATID_DIFFERENTIATION,-2.0056349374055924,0.022154269911579785,-1.1087969388565124,0.7379617787020684,TRUE,FALSE,Sig CRE only,NS
REACTOME_FCGAMMA_RECEPTOR_FCGR_DEPENDENT_PHAGOCYTOSIS,1.9445926555659576,0.023512086914824617,1.5947740215363704,0.35496024167505813,TRUE,FALSE,Sig CRE only,NS
GOBP_REGULATION_OF_MRNA_METABOLIC_PROCESS,1.842874669519882,0.025801665522381886,-0.9429490026555898,0.8980027110861442,TRUE,FALSE,Sig CRE only,NS
GOBP_CILIUM_ORGANIZATION,1.8734076090492562,0.026816049167469727,1.1739677072422077,0.618287122396062,TRUE,FALSE,Sig CRE only,NS
GOBP_REGULATION_OF_CYTOPLASMIC_TRANSLATION,2.000629388788337,0.02959810117454802,1.310971212038405,0.559219244381381,TRUE,FALSE,Sig CRE only,NS
HALLMARK_EPITHELIAL_MESENCHYMAL_TRANSITION,1.8960342395949499,0.029841421611697786,1.7823218398860052,0.29210481197851185,TRUE,FALSE,Sig CRE only,NS
GOBP_ACTOMYOSIN_STRUCTURE_ORGANIZATION,1.7650965756787562,0.03125744150751164,1.8523952362242366,0.08361960828939774,TRUE,FALSE,Sig CRE only,NS
GOBP_PLATELET_AGGREGATION,1.9476054175645081,0.03125744150751164,1.5404694920100699,0.3813434842552424,TRUE,FALSE,Sig CRE only,NS
REACTOME_MHC_CLASS_II_ANTIGEN_PRESENTATION,1.8717230013912838,0.03125744150751164,1.0990244113605223,0.7165334587172097,TRUE,FALSE,Sig CRE only,NS
GOBP_SULFUR_COMPOUND_METABOLIC_PROCESS,-1.6490081430863002,0.03752074587531687,-1.1224877318624282,0.6435108176183237,TRUE,FALSE,Sig CRE only,NS
GOBP_POSITIVE_REGULATION_OF_PLASMA_MEMBRANE_BOUNDED_CELL_PROJECTION_ASSEMBLY,1.8621638841550168,0.0377294441001736,0.8408061295994803,0.9555064316232875,TRUE,FALSE,Sig CRE only,NS
HALLMARK_MYC_TARGETS_V1,1.6267185369067014,0.03787843307376808,-1.2477343241753986,0.48685716215496555,TRUE,FALSE,Sig CRE only,NS
GOBP_REGULATION_OF_CELL_PROJECTION_ASSEMBLY,1.9048316179300766,0.03820307288829831,0.4722558011749669,0.9997322623828648,TRUE,FALSE,Sig CRE only,NS
GOSLIM_CILIUM_ORGANIZATION,1.8920241231299202,0.03875040769067695,1.4419832772025656,0.4347392987249545,TRUE,FALSE,Sig CRE only,NS
GOBP_ACTIN_FILAMENT_BUNDLE_ORGANIZATION,1.8327526506297527,0.04415697675982689,1.6669031666478742,0.32883394942588895,TRUE,FALSE,Sig CRE only,NS
GOBP_CILIUM_MOVEMENT,-1.8444700068161952,0.045884021514093085,-1.6955983056540023,0.32883394942588895,TRUE,FALSE,Sig CRE only,NS
REACTOME_REGULATION_OF_TP53_ACTIVITY,-1.8786357659925097,0.045884021514093085,1.2450187769692644,0.5873640854430237,TRUE,FALSE,Sig CRE only,NS
REACTOME_RHO_GTPASE_EFFECTORS,1.7399527644019137,0.045884021514093085,1.3209600137847455,0.4477277633851468,TRUE,FALSE,Sig CRE only,NS
GOBP_ESTABLISHMENT_OR_MAINTENANCE_OF_CELL_POLARITY,1.7664574450041903,0.047679840380120395,1.207366140888982,0.5873640854430237,TRUE,FALSE,Sig CRE only,NS
GOBP_ACETYL_COA_BIOSYNTHETIC_PROCESS,-0.9026779137097259,0.8732450405944612,0.699395223990226,0.9997322623828648,FALSE,FALSE,NS,NS
GOBP_ACETYL_COA_METABOLIC_PROCESS,-0.4813055779939301,1,0.7569662047401117,0.9982820957958255,FALSE,FALSE,NS,NS
GOBP_ACTIN_FILAMENT_BASED_MOVEMENT,0.6758285339255632,1,1.469763738044793,0.3813434842552424,FALSE,FALSE,NS,NS
GOBP_ACTIN_FILAMENT_DEPOLYMERIZATION,1.4479223393511975,0.3148059621324023,1.056301558833442,0.7818716860133956,FALSE,FALSE,NS,NS
GOBP_ACTIN_FILAMENT_POLYMERIZATION,1.6036997520050464,0.16305051509635773,1.2107233865853826,0.6006128329498203,FALSE,FALSE,NS,NS
GOBP_ACTIN_MEDIATED_CELL_CONTRACTION,-0.7960496927054899,0.9767343377793432,1.4013671927968283,0.4347392987249545,FALSE,FALSE,NS,NS
GOBP_ACTIN_POLYMERIZATION_OR_DEPOLYMERIZATION,1.4803948639513225,0.24826286507786224,1.0196439626515403,0.8138170054398609,FALSE,FALSE,NS,NS
GOBP_ACTION_POTENTIAL,-0.970232821093792,0.802694067888998,-0.9632459289144648,0.8743652578496142,FALSE,FALSE,NS,NS
GOBP_ACTIVATION_OF_INNATE_IMMUNE_RESPONSE,0.974933037446885,0.802694067888998,-1.2599871493614,0.5484634942243398,FALSE,FALSE,NS,NS
GOBP_ACYL_COA_BIOSYNTHETIC_PROCESS,-0.6468777031996502,1,0.8517006092693856,0.9555064316232875,FALSE,FALSE,NS,NS
GOBP_ACYL_COA_METABOLIC_PROCESS,-1.2805630222339524,0.41321243523316065,0.9112837430154971,0.9337268969710667,FALSE,FALSE,NS,NS
GOBP_ADAPTIVE_IMMUNE_RESPONSE_BASED_ON_SOMATIC_RECOMBINATION_OF_IMMUNE_RECEPTORS_BUILT_FROM_IMMUNOGLOBULIN_SUPERFAMILY_DOMAINS,-0.9418011945376251,0.8413425427950572,-0.8612575062312801,0.9555064316232875,FALSE,FALSE,NS,NS
GOBP_ADAPTIVE_THERMOGENESIS,1.3088658078091746,0.4329944454278838,0.9675900992889194,0.8713491518820767,FALSE,FALSE,NS,NS
GOBP_ADENYLATE_CYCLASE_MODULATING_G_PROTEIN_COUPLED_RECEPTOR_SIGNALING_PATHWAY,-0.8063863815465244,0.9491303631780948,0.8781947858561822,0.9364167472358206,FALSE,FALSE,NS,NS
GOBP_ADULT_BEHAVIOR,1.0389161317145756,0.7467060828926766,-0.891042812615491,0.9307287274053475,FALSE,FALSE,NS,NS
GOBP_ALCOHOL_BIOSYNTHETIC_PROCESS,-1.861031342244815,0.061191590003230406,-1.3105941647145647,0.5422323684798657,FALSE,FALSE,NS,NS
GOBP_ALCOHOL_METABOLIC_PROCESS,-1.5510831478525484,0.11142903858731196,-0.9834678027074825,0.8634975224562753,FALSE,FALSE,NS,NS
GOBP_ALDEHYDE_METABOLIC_PROCESS,-1.7043648125229727,0.11437122398746924,-1.3937618857362062,0.46233330970727315,FALSE,FALSE,NS,NS
GOBP_ALPHA_AMINO_ACID_BIOSYNTHETIC_PROCESS,-1.2365061866895972,0.5147173574686311,-1.6684259186910906,0.35496024167505813,FALSE,FALSE,NS,NS
GOBP_ALPHA_AMINO_ACID_METABOLIC_PROCESS,-1.214764143974823,0.4605390474417595,-1.2920426011707407,0.48685716215496555,FALSE,FALSE,NS,NS
GOBP_ALPHA_BETA_T_CELL_ACTIVATION,-0.7809749922634228,0.9788369602231113,-1.201820591598446,0.618287122396062,FALSE,FALSE,NS,NS
GOBP_ALPHA_BETA_T_CELL_DIFFERENTIATION,-1.093302625802133,0.6679286074611449,-1.343795988618257,0.5156857896953567,FALSE,FALSE,NS,NS
GOBP_AMEBOIDAL_TYPE_CELL_MIGRATION,1.6562150682135357,0.1267194001874414,1.3068203827052487,0.5221395278905427,FALSE,FALSE,NS,NS
GOBP_AMIDE_BIOSYNTHETIC_PROCESS,-0.7399598666106321,1,-0.7923624124529581,0.9984836243488326,FALSE,FALSE,NS,NS
GOBP_AMIDE_TRANSPORT,-1.1717497081011916,0.5305545583789898,-1.0230647620357431,0.8133511897346456,FALSE,FALSE,NS,NS
GOBP_AMINE_METABOLIC_PROCESS,-0.5345943621050219,1,-1.0535161519892742,0.7929068614556565,FALSE,FALSE,NS,NS
GOBP_AMINO_ACID_ACTIVATION,1.3411514721975768,0.38684957426679284,-0.6272340752948594,0.9997322623828648,FALSE,FALSE,NS,NS
GOBP_AMINO_ACID_BIOSYNTHETIC_PROCESS,-1.441852345012806,0.3170188038672306,-1.60579728447305,0.35496024167505813,FALSE,FALSE,NS,NS
GOBP_AMINO_ACID_CATABOLIC_PROCESS,-0.855328808367214,0.9408832045406609,-1.3047813332284066,0.5218342809047531,FALSE,FALSE,NS,NS
GOBP_AMINO_ACID_METABOLIC_PROCESS,-0.7984742553240287,1,-1.1386141515576544,0.6191264300616732,FALSE,FALSE,NS,NS
GOBP_AMP_METABOLIC_PROCESS,-1.405950098298738,0.36368844192509175,-1.0828425512667548,0.752107939632546,FALSE,FALSE,NS,NS
GOBP_AMYLOID_FIBRIL_FORMATION,-1.1157697966764406,0.6499845336907769,-1.065173703262799,0.7821545879649855,FALSE,FALSE,NS,NS
GOBP_ANTIGEN_PROCESSING_AND_PRESENTATION,1.0386006495775715,0.7383812522593578,-0.9352444691145306,0.8881188922818244,FALSE,FALSE,NS,NS
GOBP_ANTIGEN_PROCESSING_AND_PRESENTATION_OF_PEPTIDE_ANTIGEN,1.1819137242495348,0.5711794944485046,0.6098320470596208,0.9997322623828648,FALSE,FALSE,NS,NS
GOBP_ANTIGEN_RECEPTOR_MEDIATED_SIGNALING_PATHWAY,0.7888656450641062,0.952795644229849,0.6875013402179878,0.9997322623828648,FALSE,FALSE,NS,NS
GOBP_APOPTOTIC_MITOCHONDRIAL_CHANGES,-0.6057236563460195,1,-0.6013980399820514,0.9997322623828648,FALSE,FALSE,NS,NS
GOBP_ATP_BIOSYNTHETIC_PROCESS,1.3899368016703069,0.260561357860446,1.230490706051926,0.5422323684798657,FALSE,FALSE,NS,NS
GOBP_ATP_METABOLIC_PROCESS,1.0690261414587923,0.6582068166575209,0.8994046164404501,0.9555064316232875,FALSE,FALSE,NS,NS
GOBP_ATP_SYNTHESIS_COUPLED_ELECTRON_TRANSPORT,1.55861762400962,0.12151431209602956,1.1116128870723623,0.6643938246767762,FALSE,FALSE,NS,NS
GOBP_AUTOPHAGOSOME_MATURATION,-0.760278456345884,0.9767343377793432,-1.2323167046895906,0.6154718544526775,FALSE,FALSE,NS,NS
GOBP_AUTOPHAGOSOME_ORGANIZATION,0.7081596067925019,1,0.5848030456186231,0.9997322623828648,FALSE,FALSE,NS,NS
GOBP_AUTOPHAGY_OF_MITOCHONDRION,-0.6873417752327915,1,1.1059487379179889,0.6976059354443934,FALSE,FALSE,NS,NS
GOBP_AXON_EXTENSION,1.003918362249423,0.768521867625844,-1.000098695921761,0.8495244548628916,FALSE,FALSE,NS,NS
GOBP_AXO_DENDRITIC_TRANSPORT,0.9198012914394129,0.8587401894788236,0.6461030265340351,0.9997322623828648,FALSE,FALSE,NS,NS
GOBP_BIOLOGICAL_PROCESS_INVOLVED_IN_INTERACTION_WITH_HOST,1.2037009451016414,0.5147173574686311,-0.9855131606897266,0.8596659632987634,FALSE,FALSE,NS,NS
GOBP_BIOLOGICAL_PROCESS_INVOLVED_IN_SYMBIOTIC_INTERACTION,1.3568522842012365,0.34295831696779266,-0.9601470093433901,0.8743652578496142,FALSE,FALSE,NS,NS
GOBP_BLOOD_VESSEL_ENDOTHELIAL_CELL_MIGRATION,0.8067534052383416,0.952795644229849,1.08846609202211,0.7444059755771766,FALSE,FALSE,NS,NS
GOBP_BONE_DEVELOPMENT,1.2200101464962791,0.527289418551493,1.3132500047902465,0.5422323684798657,FALSE,FALSE,NS,NS
GOBP_BRANCHED_CHAIN_AMINO_ACID_METABOLIC_PROCESS,-0.9114211188746274,0.8732450405944612,-0.811253417751524,0.9619673818930959,FALSE,FALSE,NS,NS
GOBP_CALCIUM_ION_HOMEOSTASIS,-1.1482289614421017,0.5545605761868949,0.9104082514782287,0.9363564903911311,FALSE,FALSE,NS,NS
GOBP_CALCIUM_ION_TRANSMEMBRANE_IMPORT_INTO_CYTOSOL,-1.2769475541780189,0.4386049274607967,0.7747868916751162,0.9997322623828648,FALSE,FALSE,NS,NS
GOBP_CALCIUM_ION_TRANSMEMBRANE_TRANSPORT,-1.5357740609317345,0.14649613069647463,-0.8294511966618529,0.9830245150861201,FALSE,FALSE,NS,NS
GOBP_CALCIUM_ION_TRANSPORT,-1.455460905039545,0.17834905697043818,-0.8636843191479859,0.9619673818930959,FALSE,FALSE,NS,NS
GOBP_CALCIUM_MEDIATED_SIGNALING,-1.0830243763978171,0.6659115949310844,0.8805379800499196,0.9505778588807785,FALSE,FALSE,NS,NS
GOBP_CANONICAL_NF_KAPPAB_SIGNAL_TRANSDUCTION,1.3785059952352305,0.3121600988803257,0.9146052826737223,0.9337268969710667,FALSE,FALSE,NS,NS
GOBP_CANONICAL_WNT_SIGNALING_PATHWAY,-0.9784465538809869,0.7956831614145052,-1.1249800564155088,0.6976059354443934,FALSE,FALSE,NS,NS
GOBP_CARBOHYDRATE_BIOSYNTHETIC_PROCESS,-1.2073306126285424,0.4802065557412162,-1.0355892324180147,0.7929068614556565,FALSE,FALSE,NS,NS
GOBP_CARBOHYDRATE_CATABOLIC_PROCESS,-0.8951262819400919,0.9192448319733787,-1.1826027465131068,0.6006128329498203,FALSE,FALSE,NS,NS
GOBP_CARBOHYDRATE_DERIVATIVE_CATABOLIC_PROCESS,-0.8935598201187943,0.9192448319733787,-1.0012293550698106,0.8508851916717053,FALSE,FALSE,NS,NS
GOBP_CARBOHYDRATE_HOMEOSTASIS,0.8615375749829921,0.9370160287768136,0.6984306986635794,0.9997322623828648,FALSE,FALSE,NS,NS
GOBP_CARBOHYDRATE_TRANSPORT,-1.363603338221996,0.3880529423770956,1.4852300696114848,0.4322853669229837,FALSE,FALSE,NS,NS
GOBP_CARBOXYLIC_ACID_TRANSMEMBRANE_TRANSPORT,1.301379689685931,0.44783877892973084,0.6129024521747737,0.9997322623828648,FALSE,FALSE,NS,NS
GOBP_CARDIAC_CELL_DEVELOPMENT,0.8742195244650448,0.9073854848536923,1.2596703667933884,0.5930324246730221,FALSE,FALSE,NS,NS
GOBP_CARDIAC_CONDUCTION,-1.1370244526925972,0.6068336307203934,-0.6814114420737858,0.9997322623828648,FALSE,FALSE,NS,NS
GOBP_CARDIAC_MUSCLE_CELL_ACTION_POTENTIAL,-0.9038799725647307,0.8732450405944612,-0.9036702359544325,0.9185929547146277,FALSE,FALSE,NS,NS
GOBP_CARDIAC_MUSCLE_CELL_CONTRACTION,-1.0669502170101284,0.7135260603502849,0.6535772429471498,0.9997322623828648,FALSE,FALSE,NS,NS
GOBP_CARDIAC_MUSCLE_CELL_DIFFERENTIATION,1.1859688822149277,0.561259169549253,1.1272159041200505,0.6976059354443934,FALSE,FALSE,NS,NS
GOBP_CARDIAC_MUSCLE_CONTRACTION,-0.9210128607868497,0.879830607135558,1.0930014645667223,0.7076623292548715,FALSE,FALSE,NS,NS
GOBP_CARDIAC_MUSCLE_TISSUE_DEVELOPMENT,-0.8659552025975799,0.9326541724894127,1.5864064456830094,0.35496024167505813,FALSE,FALSE,NS,NS
GOBP_CARDIOCYTE_DIFFERENTIATION,1.1386275672922697,0.6068336307203934,1.3610588835482085,0.48685716215496555,FALSE,FALSE,NS,NS
GOBP_CD4_POSITIVE_ALPHA_BETA_T_CELL_ACTIVATION,-1.1769546872435908,0.561259169549253,-1.2408052038780268,0.6006128329498203,FALSE,FALSE,NS,NS
GOBP_CELLULAR_COMPONENT_ASSEMBLY_INVOLVED_IN_MORPHOGENESIS,1.2683003113775098,0.4420590561367261,1.950308588842616,0.08361960828939774,FALSE,FALSE,NS,NS
GOBP_CELLULAR_COMPONENT_DISASSEMBLY,1.3942310538103462,0.22710451401084364,-0.6671804921556436,0.9997322623828648,FALSE,FALSE,NS,NS
GOBP_CELLULAR_OXIDANT_DETOXIFICATION,-0.8285078344903153,0.952795644229849,-1.3905048013496104,0.4613590245950391,FALSE,FALSE,NS,NS
GOBP_CELLULAR_RESPIRATION,1.1669385311359208,0.4542563407332091,0.8620495367208304,0.9997322623828648,FALSE,FALSE,NS,NS
GOBP_CELLULAR_RESPONSE_TO_ABIOTIC_STIMULUS,-0.9575531065473002,0.828362902443361,0.8695420543268937,0.9555064316232875,FALSE,FALSE,NS,NS
GOBP_CELLULAR_RESPONSE_TO_ACID_CHEMICAL,1.3997819316216684,0.36940212560870267,-1.245303049913441,0.6089068825910932,FALSE,FALSE,NS,NS
GOBP_CELLULAR_RESPONSE_TO_ALCOHOL,-1.1182180903952548,0.6560141782780025,-0.7456934161597987,0.9982820957958255,FALSE,FALSE,NS,NS
GOBP_CELLULAR_RESPONSE_TO_BIOTIC_STIMULUS,1.2076774004324586,0.5199914106858481,0.9045585067899401,0.9337268969710667,FALSE,FALSE,NS,NS
GOBP_CELLULAR_RESPONSE_TO_CALCIUM_ION,1.0606666001972143,0.7177959322854921,1.1324888447232215,0.6976059354443934,FALSE,FALSE,NS,NS
GOBP_CELLULAR_RESPONSE_TO_CARBOHYDRATE_STIMULUS,-1.4133803122572224,0.32672711571675306,-0.5679297648926258,0.9997322623828648,FALSE,FALSE,NS,NS
GOBP_CELLULAR_RESPONSE_TO_CHEMICAL_STRESS,0.6598745429760058,1,-0.734669547551966,0.9997322623828648,FALSE,FALSE,NS,NS
GOBP_CELLULAR_RESPONSE_TO_HEAT,1.0589643583473005,0.7192347910054749,-0.9658578200715707,0.8724009708953073,FALSE,FALSE,NS,NS
GOBP_CELLULAR_RESPONSE_TO_INSULIN_STIMULUS,0.9320547922981005,0.8680357338847631,0.7729856546008748,0.9997322623828648,FALSE,FALSE,NS,NS
GOBP_CELLULAR_RESPONSE_TO_KETONE,-0.7271118682025264,0.9893484261505288,-0.9241109831596549,0.8999551783948083,FALSE,FALSE,NS,NS
GOBP_CELLULAR_RESPONSE_TO_METAL_ION,-0.8120793070791721,0.9625641789577732,0.9940090549055836,0.8508851916717053,FALSE,FALSE,NS,NS
GOBP_CELLULAR_RESPONSE_TO_MOLECULE_OF_BACTERIAL_ORIGIN,1.2585857244927785,0.4730963118954881,0.8899248015528904,0.9363564903911311,FALSE,FALSE,NS,NS
GOBP_CELLULAR_RESPONSE_TO_NUTRIENT_LEVELS,1.2453180652860232,0.46893383742911154,-1.2936735538436357,0.5422323684798657,FALSE,FALSE,NS,NS
GOBP_CELLULAR_RESPONSE_TO_OSMOTIC_STRESS,-0.866115391477643,0.9073854848536923,-0.8069634196827534,0.9619673818930959,FALSE,FALSE,NS,NS
GOBP_CELLULAR_RESPONSE_TO_OXIDATIVE_STRESS,-0.6336944650991583,1,-0.6690427124357298,0.9997322623828648,FALSE,FALSE,NS,NS
GOBP_CELLULAR_RESPONSE_TO_OXYGEN_LEVELS,-0.6132999125984702,1,-0.8065748461357165,0.9828176428714891,FALSE,FALSE,NS,NS
GOBP_CELLULAR_RESPONSE_TO_PEPTIDE_HORMONE_STIMULUS,0.8156547996795305,0.9798484050928187,-0.8614090794188775,0.9619673818930959,FALSE,FALSE,NS,NS
GOBP_CELLULAR_RESPONSE_TO_RADIATION,-1.1757336647024195,0.5679528772836553,0.9448677612351377,0.8852274814258285,FALSE,FALSE,NS,NS
GOBP_CELLULAR_RESPONSE_TO_REACTIVE_OXYGEN_SPECIES,0.6746483258034996,1,0.8603815858541237,0.9555064316232875,FALSE,FALSE,NS,NS
GOBP_CELLULAR_RESPONSE_TO_STARVATION,1.286279395555306,0.4420590561367261,-1.237935848383909,0.5931146423465876,FALSE,FALSE,NS,NS
GOBP_CELLULAR_RESPONSE_TO_STEROID_HORMONE_STIMULUS,-0.5566118902183745,1,-1.4940392215330864,0.3763897942923366,FALSE,FALSE,NS,NS
GOBP_CELLULAR_RESPONSE_TO_TOPOLOGICALLY_INCORRECT_PROTEIN,-0.7334326899236718,0.9973117303864395,0.9963350661646831,0.8495244548628916,FALSE,FALSE,NS,NS
GOBP_CELLULAR_RESPONSE_TO_TOXIC_SUBSTANCE,-1.1371374571259623,0.5679528772836553,-1.4734361728422893,0.3655534806102988,FALSE,FALSE,NS,NS
GOBP_CELLULAR_RESPONSE_TO_UNFOLDED_PROTEIN,0.6690791515784906,1,1.2648180313464108,0.5817583061302145,FALSE,FALSE,NS,NS
GOBP_CELLULAR_RESPONSE_TO_XENOBIOTIC_STIMULUS,-1.1116715687817038,0.6276975177192786,-0.8734130012630238,0.9505778588807785,FALSE,FALSE,NS,NS
GOBP_CELLULAR_SENESCENCE,0.7911568052261887,0.952795644229849,1.1221822939456905,0.710068944113148,FALSE,FALSE,NS,NS
GOBP_CELL_ACTIVATION_INVOLVED_IN_IMMUNE_RESPONSE,-0.8201940617406404,0.952795644229849,-0.880550767551322,0.9447324485654998,FALSE,FALSE,NS,NS
GOBP_CELL_CELL_JUNCTION_ASSEMBLY,1.6569919079470696,0.1344607287359388,0.8949456871608298,0.9340963142005688,FALSE,FALSE,NS,NS
GOBP_CELL_CELL_JUNCTION_ORGANIZATION,1.5625467447007446,0.20203445282624505,0.9379927375663899,0.8983605212576687,FALSE,FALSE,NS,NS
GOBP_CELL_CHEMOTAXIS,1.2108612815655277,0.5147173574686311,0.9281061229692626,0.9065347086958322,FALSE,FALSE,NS,NS
GOBP_CELL_CYCLE_CHECKPOINT_SIGNALING,-0.9775662709519235,0.7999651980027193,1.570264745437437,0.36007396970764355,FALSE,FALSE,NS,NS
GOBP_CELL_CYCLE_G1_S_PHASE_TRANSITION,-0.7681396203015638,0.9946381332060927,-1.331653411788882,0.48685716215496555,FALSE,FALSE,NS,NS
GOBP_CELL_CYCLE_G2_M_PHASE_TRANSITION,-1.0292185844255544,0.7540838251371959,-0.9863564967843905,0.8536881744437002,FALSE,FALSE,NS,NS
GOBP_CELL_KILLING,1.1702534352925678,0.5679770383756777,0.7842030372498298,0.9981122637017456,FALSE,FALSE,NS,NS
GOBP_CELL_MATRIX_ADHESION,1.1711554364198018,0.554917629916525,-0.7335125170963402,0.9997322623828648,FALSE,FALSE,NS,NS
GOBP_CELL_RECOGNITION,0.8557970917013249,0.9192448319733787,0.6202459502277701,0.9997322623828648,FALSE,FALSE,NS,NS
GOBP_CELL_REDOX_HOMEOSTASIS,-0.9026175033439561,0.8732450405944612,0.8022775543573518,0.9757852278566329,FALSE,FALSE,NS,NS
GOBP_CELL_SUBSTRATE_ADHESION,1.3313148394117953,0.3376936586589726,0.9784965000095444,0.8643803179055634,FALSE,FALSE,NS,NS
GOBP_CELL_SUBSTRATE_JUNCTION_ORGANIZATION,1.4149039958101144,0.3353058757484549,0.7732692688817149,0.9981122637017456,FALSE,FALSE,NS,NS
GOBP_CELL_SURFACE_RECEPTOR_PROTEIN_SERINE_THREONINE_KINASE_SIGNALING_PATHWAY,1.0366892031682293,0.7374930352149754,0.8192848769982608,0.9900722311793391,FALSE,FALSE,NS,NS
GOBP_CEREBRAL_CORTEX_DEVELOPMENT,0.7831285908278504,0.952795644229849,-1.491893153469036,0.43081533133748234,FALSE,FALSE,NS,NS
GOBP_CHROMOSOME_LOCALIZATION,1.1489056498393706,0.5891165630322105,-1.3097012274913715,0.5422323684798657,FALSE,FALSE,NS,NS
GOBP_CHROMOSOME_SEGREGATION,1.1422568418784935,0.5701727713315887,-1.072406354711974,0.7401546035133931,FALSE,FALSE,NS,NS
GOBP_CIRCADIAN_RHYTHM,1.143714553417262,0.5855160521951008,-1.1703189726623657,0.6435108176183237,FALSE,FALSE,NS,NS
GOBP_COGNITION,-0.8888237130156046,0.9073854848536923,0.8566415831193063,0.9555064316232875,FALSE,FALSE,NS,NS
GOBP_CONNECTIVE_TISSUE_DEVELOPMENT,0.9774202062155594,0.7999651980027193,1.4799924500508514,0.4208975468975468,FALSE,FALSE,NS,NS
GOBP_COPII_COATED_VESICLE_BUDDING,1.085792318197607,0.6961387717717404,-0.9994620298861253,0.8495244548628916,FALSE,FALSE,NS,NS
GOBP_CORTICAL_CYTOSKELETON_ORGANIZATION,1.5224891953758708,0.260561357860446,-0.9705369952406137,0.8661793912336554,FALSE,FALSE,NS,NS
GOBP_CYTOKINETIC_PROCESS,1.431683268846186,0.3438227047480084,-0.9224079092647272,0.8999551783948083,FALSE,FALSE,NS,NS
GOBP_CYTOPLASMIC_PATTERN_RECOGNITION_RECEPTOR_SIGNALING_PATHWAY,-0.6437626533885761,1,-1.2726841206950101,0.5604315457131065,FALSE,FALSE,NS,NS
GOBP_CYTOPLASMIC_TRANSLATIONAL_INITIATION,0.9757455988566803,0.802694067888998,-1.3866232207432092,0.46233330970727315,FALSE,FALSE,NS,NS
GOBP_CYTOSKELETON_DEPENDENT_INTRACELLULAR_TRANSPORT,1.3260785779989794,0.38684957426679284,1.2944366188288978,0.5234583705707592,FALSE,FALSE,NS,NS
GOBP_CYTOSOLIC_TRANSPORT,1.1351862210403385,0.6081534112834761,-0.7987792454708736,0.9867084756868069,FALSE,FALSE,NS,NS
GOBP_DEFENSE_RESPONSE_TO_BACTERIUM,1.0583299673882223,0.7249858570620403,1.0886153822511253,0.7510232997481108,FALSE,FALSE,NS,NS
GOBP_DEFENSE_RESPONSE_TO_VIRUS,-1.072724973170385,0.6904616253206808,0.6449221664525071,0.9997322623828648,FALSE,FALSE,NS,NS
GOBP_DENDRITE_DEVELOPMENT,0.6631926134472805,1,0.912327813664992,0.9270150754965153,FALSE,FALSE,NS,NS
GOBP_DEPHOSPHORYLATION,-1.2595909018188447,0.4730963118954881,1.4253855589329292,0.46024843409654115,FALSE,FALSE,NS,NS
GOBP_DETOXIFICATION,-1.0431280476144402,0.7177959322854921,-1.5109146565011526,0.35496024167505813,FALSE,FALSE,NS,NS
GOBP_DEVELOPMENTAL_CELL_GROWTH,-0.9065772830643846,0.879830607135558,-0.9208531368497233,0.9146454813400308,FALSE,FALSE,NS,NS
GOBP_DEVELOPMENTAL_GROWTH_INVOLVED_IN_MORPHOGENESIS,0.7038206901814543,1,-0.869076814201481,0.9505778588807785,FALSE,FALSE,NS,NS
GOBP_DEVELOPMENTAL_MATURATION,1.0310224571038307,0.7540838251371959,-0.9615761378652693,0.8743652578496142,FALSE,FALSE,NS,NS
GOBP_DEVELOPMENT_OF_PRIMARY_SEXUAL_CHARACTERISTICS,-0.8266008614258658,0.9370160287768136,-1.6696180744836144,0.35496024167505813,FALSE,FALSE,NS,NS
GOBP_DICARBOXYLIC_ACID_METABOLIC_PROCESS,-0.8502813899950823,0.9408832045406609,-1.0306295510832413,0.8010387766392899,FALSE,FALSE,NS,NS
GOBP_DITERPENOID_METABOLIC_PROCESS,-1.100579691387512,0.6748705452330187,0.9926379121125702,0.8508851916717053,FALSE,FALSE,NS,NS
GOBP_DNA_BIOSYNTHETIC_PROCESS,1.4752542814679186,0.29960606246163074,-0.6611822306702803,0.9997322623828648,FALSE,FALSE,NS,NS
GOBP_DNA_RECOMBINATION,-1.0873043578390875,0.6613370716032313,-1.0643879005166736,0.7665163113571303,FALSE,FALSE,NS,NS
GOBP_DNA_REPLICATION,-1.1621840508909822,0.554917629916525,-1.2883035081862593,0.5468129857951356,FALSE,FALSE,NS,NS
GOBP_DNA_TEMPLATED_TRANSCRIPTION_INITIATION,0.8212418340012481,0.9406566568695579,-0.9834704815788747,0.8596659632987634,FALSE,FALSE,NS,NS
GOBP_DOUBLE_STRAND_BREAK_REPAIR,-1.0482569374051152,0.7226752036978696,-1.277961176691758,0.559219244381381,FALSE,FALSE,NS,NS
GOBP_D_GLUCOSE_IMPORT,-1.5073265183351223,0.2723286846314044,1.5054558111091207,0.4208975468975468,FALSE,FALSE,NS,NS
GOBP_ELECTRON_TRANSPORT_CHAIN,1.6081725959935729,0.08291006417470116,0.9756885808795811,0.8696442991878838,FALSE,FALSE,NS,NS
GOBP_EMBRYONIC_ORGAN_DEVELOPMENT,-1.0520604851606528,0.7226752036978696,-1.1999440593409758,0.6365493235129905,FALSE,FALSE,NS,NS
GOBP_ENDOCYTIC_RECYCLING,1.398594686186286,0.3555867681045228,-0.6375780059873408,0.9997322623828648,FALSE,FALSE,NS,NS
GOBP_ENDOPLASMIC_RETICULUM_ORGANIZATION,-0.8442883863465988,0.9370160287768136,-1.1029671272326451,0.7379617787020684,FALSE,FALSE,NS,NS
GOBP_ENDOPLASMIC_RETICULUM_TO_GOLGI_VESICLE_MEDIATED_TRANSPORT,1.6722197974280069,0.0873735182153494,-0.981249595398687,0.8596659632987634,FALSE,FALSE,NS,NS
GOBP_ENDOSOMAL_TRANSPORT,1.2659353708511767,0.3850072178221685,-0.8365929157564705,0.9859943070278759,FALSE,FALSE,NS,NS
GOBP_ENDOSOME_ORGANIZATION,0.8874110697363313,0.9073854848536923,-1.0783133662163742,0.7510232997481108,FALSE,FALSE,NS,NS
GOBP_ENDOSOME_TO_LYSOSOME_TRANSPORT,-0.6976240079250987,1,-1.2885934730168114,0.5873640854430237,FALSE,FALSE,NS,NS
GOBP_ENDOTHELIAL_CELL_DEVELOPMENT,0.9005974703093804,0.8732450405944612,0.7600448631942349,0.9907323278211885,FALSE,FALSE,NS,NS
GOBP_ENDOTHELIAL_CELL_DIFFERENTIATION,0.9005974703093804,0.8732450405944612,0.7600448631942349,0.9907323278211885,FALSE,FALSE,NS,NS
GOBP_ENDOTHELIAL_CELL_MIGRATION,0.9693225566940611,0.8205246859516264,1.0713572800935522,0.7470441342845252,FALSE,FALSE,NS,NS
GOBP_ENDOTHELIUM_DEVELOPMENT,-0.6567806514222618,1,-0.6523735593312106,0.9997322623828648,FALSE,FALSE,NS,NS
GOBP_ENERGY_RESERVE_METABOLIC_PROCESS,1.1286828731158567,0.613080538953668,-0.8820197236413265,0.9444450130300875,FALSE,FALSE,NS,NS
GOBP_ENSHEATHMENT_OF_NEURONS,-0.8526637628078834,0.9192448319733787,-1.0176243942893404,0.8313169239686787,FALSE,FALSE,NS,NS
GOBP_EPIDERMAL_CELL_DIFFERENTIATION,-0.5263538569719852,1,-0.8486662237915767,0.9511789195587974,FALSE,FALSE,NS,NS
GOBP_EPIDERMIS_DEVELOPMENT,0.9348284526575101,0.8508938308971743,0.9574039705815234,0.8743652578496142,FALSE,FALSE,NS,NS
GOBP_EPIGENETIC_REGULATION_OF_GENE_EXPRESSION,-1.5169600967048635,0.24551526667881407,-1.0298320492462032,0.8106402369560264,FALSE,FALSE,NS,NS
GOBP_EPITHELIAL_CELL_DEVELOPMENT,1.0180004283184978,0.7591940592904962,0.8602388728540533,0.9555064316232875,FALSE,FALSE,NS,NS
GOBP_EPITHELIAL_CELL_PROLIFERATION,1.1969080328482666,0.5305545583789898,-0.9563318523522013,0.8743652578496142,FALSE,FALSE,NS,NS
GOBP_EPITHELIAL_TUBE_MORPHOGENESIS,-1.139344566751189,0.6081534112834761,-1.0898765004144482,0.7470441342845252,FALSE,FALSE,NS,NS
GOBP_ERAD_PATHWAY,1.3629088975440964,0.3806156870629761,-0.7702507033997693,0.9907323278211885,FALSE,FALSE,NS,NS
GOBP_ERBB_SIGNALING_PATHWAY,0.9746488760790418,0.8109101359451736,1.1735860082974208,0.6287720002005717,FALSE,FALSE,NS,NS
GOBP_ERK1_AND_ERK2_CASCADE,-0.7773839273229465,0.9861530601013844,0.8521392815639293,0.9587510126105208,FALSE,FALSE,NS,NS
GOBP_ERYTHROCYTE_HOMEOSTASIS,1.1512899320474488,0.5855160521951008,-1.0427403451550512,0.7929068614556565,FALSE,FALSE,NS,NS
GOBP_ESTABLISHMENT_OF_CELL_POLARITY,1.7696230633717875,0.07623692229017066,1.1243456907773657,0.6952126060606061,FALSE,FALSE,NS,NS
GOBP_ESTABLISHMENT_OF_ORGANELLE_LOCALIZATION,1.4512742130227494,0.19609378996368101,-1.398886294557582,0.3813434842552424,FALSE,FALSE,NS,NS
GOBP_ESTABLISHMENT_OF_PROTEIN_LOCALIZATION_TO_MEMBRANE,0.7116324221334477,1,0.7760962653477892,0.9997322623828648,FALSE,FALSE,NS,NS
GOBP_ESTABLISHMENT_OF_PROTEIN_LOCALIZATION_TO_MITOCHONDRION,-1.0385656036119035,0.7209604155110991,1.1282804895301874,0.6599049790308955,FALSE,FALSE,NS,NS
GOBP_ESTABLISHMENT_OF_PROTEIN_LOCALIZATION_TO_ORGANELLE,-0.8210528943265655,0.9936103790663708,1.0573874885074395,0.7391276976152703,FALSE,FALSE,NS,NS
GOBP_ESTABLISHMENT_OF_PROTEIN_LOCALIZATION_TO_PLASMA_MEMBRANE,-0.501176884537429,1,0.6256648807057748,0.9997322623828648,FALSE,FALSE,NS,NS
GOBP_ESTABLISHMENT_OF_RNA_LOCALIZATION,1.1225120351798688,0.6271426521845541,-0.7654024437335878,0.9982820957958255,FALSE,FALSE,NS,NS
GOBP_EXOCYTOSIS,-1.0042712717427213,0.7629170397555483,-1.048563395288761,0.7740267936376732,FALSE,FALSE,NS,NS
GOBP_EXTERNAL_ENCAPSULATING_STRUCTURE_ORGANIZATION,1.7771137761959797,0.07623692229017066,1.2575618305338467,0.559219244381381,FALSE,FALSE,NS,NS
GOBP_EXTRINSIC_APOPTOTIC_SIGNALING_PATHWAY,0.5828200041821353,1,0.5483887216058041,0.9997322623828648,FALSE,FALSE,NS,NS
GOBP_FATTY_ACID_BETA_OXIDATION,0.8216686382611353,0.952795644229849,1.19494544732058,0.6006128329498203,FALSE,FALSE,NS,NS
GOBP_FATTY_ACID_BIOSYNTHETIC_PROCESS,-0.7684127429929328,0.9936103790663708,-1.2124841622371627,0.6006128329498203,FALSE,FALSE,NS,NS
GOBP_FATTY_ACID_CATABOLIC_PROCESS,0.8473910989826939,0.9408832045406609,1.2334331478347562,0.5736068585425598,FALSE,FALSE,NS,NS
GOBP_FATTY_ACID_DERIVATIVE_METABOLIC_PROCESS,-1.316346371140398,0.42821237825950365,1.0610190752238275,0.7742989050217967,FALSE,FALSE,NS,NS
GOBP_FATTY_ACID_METABOLIC_PROCESS,-0.7861741780750535,1,-0.6650894760723903,0.9997322623828648,FALSE,FALSE,NS,NS
GOBP_FATTY_ACID_TRANSPORT,0.7377232197491966,0.9912623915293161,1.040489881645605,0.7972591772098034,FALSE,FALSE,NS,NS
GOBP_FATTY_ACYL_COA_METABOLIC_PROCESS,-0.9914810096962476,0.7816821235072082,0.8217725886893754,0.9555064316232875,FALSE,FALSE,NS,NS
GOBP_FAT_CELL_DIFFERENTIATION,-1.573856228744332,0.1897080419963615,1.132305394369532,0.6841689362463472,FALSE,FALSE,NS,NS
GOBP_FERTILIZATION,0.6040216330319916,1,-1.2043645606177833,0.6185610175629187,FALSE,FALSE,NS,NS
GOBP_FOCAL_ADHESION_ASSEMBLY,1.138184901581587,0.6270171807326936,0.7138563670872786,0.9997322623828648,FALSE,FALSE,NS,NS
GOBP_FOREBRAIN_DEVELOPMENT,-0.7531131330568941,0.9946381332060927,-1.0733306457898968,0.7518698841579782,FALSE,FALSE,NS,NS
GOBP_GENERATION_OF_PRECURSOR_METABOLITES_AND_ENERGY,1.090309935985722,0.5776605129254136,0.7923834414866415,0.9997322623828648,FALSE,FALSE,NS,NS
GOBP_GLAND_DEVELOPMENT,-0.8540225950173037,0.9422464613218441,-1.4871637338468544,0.3763897942923366,FALSE,FALSE,NS,NS
GOBP_GLIAL_CELL_DEVELOPMENT,-0.8977690754901402,0.8773755635574857,-0.9427064379469017,0.8852274814258285,FALSE,FALSE,NS,NS
GOBP_GLIAL_CELL_DIFFERENTIATION,-0.972696289753457,0.802694067888998,-1.3785447960311623,0.4692816007657984,FALSE,FALSE,NS,NS
GOBP_GLIOGENESIS,-0.9451045376933912,0.8413425427950572,-1.1656591807520307,0.6390502524035413,FALSE,FALSE,NS,NS
GOBP_GLUCAN_METABOLIC_PROCESS,0.9643869853585169,0.8180186486256046,-0.8585174747497899,0.9550268272161764,FALSE,FALSE,NS,NS
GOBP_GLUCOSE_CATABOLIC_PROCESS,1.164446195435184,0.5891165630322105,-0.576442618306321,0.9997322623828648,FALSE,FALSE,NS,NS
GOBP_GLUCOSE_METABOLIC_PROCESS,-0.9977973239043799,0.7702993261797604,-0.7501852544641922,0.9997322623828648,FALSE,FALSE,NS,NS
GOBP_GLUTAMINE_FAMILY_AMINO_ACID_METABOLIC_PROCESS,0.7869772351862916,0.952795644229849,-1.4183962285110066,0.4692816007657984,FALSE,FALSE,NS,NS
GOBP_GLUTATHIONE_METABOLIC_PROCESS,-1.550820799638756,0.21049222648641797,-1.308589554932699,0.5422323684798657,FALSE,FALSE,NS,NS
GOBP_GLYCEROLIPID_BIOSYNTHETIC_PROCESS,0.8058545008218297,0.952795644229849,0.8831302612385145,0.9363564903911311,FALSE,FALSE,NS,NS
GOBP_GLYCEROLIPID_METABOLIC_PROCESS,-0.86960154716898,0.9370160287768136,-0.7114408428441816,0.9997322623828648,FALSE,FALSE,NS,NS
GOBP_GLYCEROPHOSPHOLIPID_BIOSYNTHETIC_PROCESS,0.8953266710328018,0.8855268795425687,1.079295113737778,0.7518698841579782,FALSE,FALSE,NS,NS
GOBP_GLYCEROPHOSPHOLIPID_METABOLIC_PROCESS,0.6427671801417546,1,-0.9488552633323929,0.8858613274979299,FALSE,FALSE,NS,NS
GOBP_GLYCOLYTIC_PROCESS_THROUGH_FRUCTOSE_6_PHOSPHATE,0.661704425207088,1,-0.8348084468259355,0.9555064316232875,FALSE,FALSE,NS,NS
GOBP_GLYCOLYTIC_PROCESS_THROUGH_GLUCOSE_6_PHOSPHATE,1.050524531077283,0.7374930352149754,-0.7330709036987075,0.9982820957958255,FALSE,FALSE,NS,NS
GOBP_GLYCOPROTEIN_BIOSYNTHETIC_PROCESS,1.2871571384378981,0.4726536386284255,1.4279418138550755,0.46817780407512916,FALSE,FALSE,NS,NS
GOBP_GLYCOPROTEIN_METABOLIC_PROCESS,1.3282692385387627,0.42821237825950365,1.227739763536656,0.6006128329498203,FALSE,FALSE,NS,NS
GOBP_GOLGI_ORGANIZATION,-1.1165804474157,0.6271426521845541,-1.0354842774261428,0.8096825022329328,FALSE,FALSE,NS,NS
GOBP_GOLGI_VESICLE_TRANSPORT,1.5719410204921884,0.11142903858731196,0.9074817921530991,0.9489664875894144,FALSE,FALSE,NS,NS
GOBP_GRANULOCYTE_MIGRATION,0.9378657903616802,0.8413425427950572,0.8953666609114149,0.9307287274053475,FALSE,FALSE,NS,NS
GOBP_HEART_MORPHOGENESIS,-0.783890160778269,0.97249855148313,1.2426643936381567,0.5873640854430237,FALSE,FALSE,NS,NS
GOBP_HEART_PROCESS,-1.0424780928288586,0.7192938606179627,0.84506013200117,0.9859943070278759,FALSE,FALSE,NS,NS
GOBP_HEMOSTASIS,1.5281195003254786,0.20727146494838009,1.674529247323816,0.32883394942588895,FALSE,FALSE,NS,NS
GOBP_HEPATICOBILIARY_SYSTEM_DEVELOPMENT,0.8137464052812443,0.9486013830177488,-0.9706588177583291,0.8661793912336554,FALSE,FALSE,NS,NS
GOBP_HETEROCHROMATIN_ORGANIZATION,-1.5044759916402755,0.2712073816310665,-1.109423113020429,0.7379617787020684,FALSE,FALSE,NS,NS
GOBP_HINDBRAIN_DEVELOPMENT,1.498075567349697,0.2723286846314044,-1.2650055452834124,0.5873640854430237,FALSE,FALSE,NS,NS
GOBP_HOMEOSTASIS_OF_NUMBER_OF_CELLS,-0.6754842363453888,1,-1.5971495919202034,0.32883394942588895,FALSE,FALSE,NS,NS
GOBP_HORMONE_MEDIATED_SIGNALING_PATHWAY,-1.0763383950572132,0.6812726565106194,-1.4188158578204249,0.4477277633851468,FALSE,FALSE,NS,NS
GOBP_HORMONE_METABOLIC_PROCESS,-1.1430369850918343,0.5720005667799021,-0.7146142655008751,0.9997322623828648,FALSE,FALSE,NS,NS
GOBP_HORMONE_TRANSPORT,-1.1005785604437814,0.6271426521845541,0.6166800162655305,0.9997322623828648,FALSE,FALSE,NS,NS
GOBP_HYDROGEN_PEROXIDE_METABOLIC_PROCESS,-0.5860390035205462,1,-1.2654117448737052,0.5967122226777823,FALSE,FALSE,NS,NS
GOBP_ICOSANOID_METABOLIC_PROCESS,0.6039157572245037,1,-1.5381742170834765,0.3763897942923366,FALSE,FALSE,NS,NS
GOBP_IMMUNE_RESPONSE_REGULATING_CELL_SURFACE_RECEPTOR_SIGNALING_PATHWAY,1.0858322012677672,0.6776120128507098,0.9460377275336476,0.8881188922818244,FALSE,FALSE,NS,NS
GOBP_IMMUNE_SYSTEM_DEVELOPMENT,-0.8237222139658431,0.9408832045406609,-1.3398218844883485,0.5422323684798657,FALSE,FALSE,NS,NS
GOBP_IMPORT_ACROSS_PLASMA_MEMBRANE,-1.2610564559329074,0.4809857992223773,-1.2028608318528762,0.6287720002005717,FALSE,FALSE,NS,NS
GOBP_IMPORT_INTO_NUCLEUS,-0.6997955102748142,1,-0.8756587284338286,0.9505778588807785,FALSE,FALSE,NS,NS
GOBP_INNER_MITOCHONDRIAL_MEMBRANE_ORGANIZATION,-0.9000937891744561,0.8855268795425687,1.0737304344894736,0.752107939632546,FALSE,FALSE,NS,NS
GOBP_INSULIN_RECEPTOR_SIGNALING_PATHWAY,1.1203678100341175,0.6276975177192786,1.310214330619577,0.5294727324300291,FALSE,FALSE,NS,NS
GOBP_INSULIN_SECRETION,-1.353519580163128,0.35780749316123167,-0.8960011845221463,0.9340963142005688,FALSE,FALSE,NS,NS
GOBP_INTEGRIN_MEDIATED_SIGNALING_PATHWAY,1.5804064069865316,0.1897080419963615,1.2997172729689768,0.5468129857951356,FALSE,FALSE,NS,NS
GOBP_INTERLEUKIN_2_PRODUCTION,-1.3087589819931489,0.44250292795116236,-1.2918976345190287,0.5790924231035651,FALSE,FALSE,NS,NS
GOBP_INTRACELLULAR_GLUCOSE_HOMEOSTASIS,-1.2637656713011105,0.4726536386284255,-0.6438921357194026,0.9997322623828648,FALSE,FALSE,NS,NS
GOBP_INTRACELLULAR_IRON_ION_HOMEOSTASIS,1.03850560858043,0.7383812522593578,1.6464718035351391,0.35496024167505813,FALSE,FALSE,NS,NS
GOBP_INTRACELLULAR_RECEPTOR_SIGNALING_PATHWAY,0.6384412773145511,1,-1.5251617636591115,0.35496024167505813,FALSE,FALSE,NS,NS
GOBP_INTRINSIC_APOPTOTIC_SIGNALING_PATHWAY,-1.0172486423014133,0.7546770369212329,-1.1053357539023887,0.6976059354443934,FALSE,FALSE,NS,NS
GOBP_INTRINSIC_APOPTOTIC_SIGNALING_PATHWAY_IN_RESPONSE_TO_OXIDATIVE_STRESS,-0.6872149983108956,1,-0.6069453954650001,0.9997322623828648,FALSE,FALSE,NS,NS
GOBP_IN_UTERO_EMBRYONIC_DEVELOPMENT,0.8088589606184438,0.9627593304851261,-0.8040024224685081,0.9907323278211885,FALSE,FALSE,NS,NS
GOBP_ISOPRENOID_METABOLIC_PROCESS,-1.4752175677330552,0.2913993887311673,-1.022069169382036,0.8251601776795219,FALSE,FALSE,NS,NS
GOBP_JNK_CASCADE,-1.0429601910886506,0.7383812522593578,-1.0205776978962324,0.821983890723144,FALSE,FALSE,NS,NS
GOBP_KETONE_BIOSYNTHETIC_PROCESS,-1.2124917960820485,0.5527260601344968,-0.5759536026689488,0.9997322623828648,FALSE,FALSE,NS,NS
GOBP_KETONE_METABOLIC_PROCESS,-1.088950794186621,0.64350924623665,-1.1199655230544736,0.6824995456604817,FALSE,FALSE,NS,NS
GOBP_LAMELLIPODIUM_ORGANIZATION,1.6676678193827041,0.12637029354453452,1.1924497494542259,0.6287720002005717,FALSE,FALSE,NS,NS
GOBP_LEARNING,-0.5616445950334681,1,0.6461858537668702,0.9997322623828648,FALSE,FALSE,NS,NS
GOBP_LEARNING_OR_MEMORY,-0.6344198390694853,1,0.9230828489151197,0.9065347086958322,FALSE,FALSE,NS,NS
GOBP_LEUKOCYTE_CELL_CELL_ADHESION,0.8928227521344989,0.9102166626052582,-1.0841501676702052,0.7289111939330486,FALSE,FALSE,NS,NS
GOBP_LEUKOCYTE_CHEMOTAXIS,1.2144292151194032,0.528797606432712,0.957228377498399,0.8743652578496142,FALSE,FALSE,NS,NS
GOBP_LEUKOCYTE_HOMEOSTASIS,-1.1897918121504338,0.5518858840045016,-1.9069206298529628,0.1312142544141876,FALSE,FALSE,NS,NS
GOBP_LEUKOCYTE_MEDIATED_CYTOTOXICITY,1.014318506414184,0.7608050203321551,-0.7917435471998607,0.9828176428714891,FALSE,FALSE,NS,NS
GOBP_LEUKOCYTE_MEDIATED_IMMUNITY,0.9084132812236061,0.8870791704979046,0.9399090429597144,0.8999551783948083,FALSE,FALSE,NS,NS
GOBP_LEUKOCYTE_MIGRATION,1.3072858237449263,0.40190898588659185,0.9393294889907705,0.8999551783948083,FALSE,FALSE,NS,NS
GOBP_LEUKOCYTE_PROLIFERATION,0.6042319313553765,1,-0.8888755889231398,0.9363564903911311,FALSE,FALSE,NS,NS
GOBP_LIPID_CATABOLIC_PROCESS,-0.731095979999333,1,0.6963337473625402,0.9997322623828648,FALSE,FALSE,NS,NS
GOBP_LIPID_HOMEOSTASIS,-0.5692885009891347,1,1.1938005421703801,0.6191264300616732,FALSE,FALSE,NS,NS
GOBP_LIPID_LOCALIZATION,1.0668403846164538,0.6776120128507098,-0.7242279092686716,0.9997322623828648,FALSE,FALSE,NS,NS
GOBP_LIPID_MODIFICATION,0.7194638471393824,1,1.5082923447109806,0.36007396970764355,FALSE,FALSE,NS,NS
GOBP_LIPID_OXIDATION,0.7171800490539764,1,1.4526162109206915,0.3813434842552424,FALSE,FALSE,NS,NS
GOBP_LOCOMOTORY_BEHAVIOR,0.9679026864680297,0.8128720008238082,-0.75643457827488,0.9982820957958255,FALSE,FALSE,NS,NS
GOBP_LONG_CHAIN_FATTY_ACID_METABOLIC_PROCESS,-1.432443978492599,0.3148059621324023,-1.241692296396784,0.6003805037144411,FALSE,FALSE,NS,NS
GOBP_LONG_CHAIN_FATTY_ACID_TRANSPORT,0.8750517692152008,0.9073854848536923,0.8955655142277985,0.9337268969710667,FALSE,FALSE,NS,NS
GOBP_LYMPHOCYTE_ACTIVATION_INVOLVED_IN_IMMUNE_RESPONSE,-0.9150962657033581,0.8728333502075529,-0.8652768935749645,0.9511789195587974,FALSE,FALSE,NS,NS
GOBP_LYMPHOCYTE_DIFFERENTIATION,-1.007591840281247,0.7608050203321551,-1.6403484968937925,0.32883394942588895,FALSE,FALSE,NS,NS
GOBP_LYMPHOCYTE_HOMEOSTASIS,-1.221745317833384,0.532306333533324,-1.8342552042648899,0.23580009559253634,FALSE,FALSE,NS,NS
GOBP_LYMPHOCYTE_MEDIATED_IMMUNITY,0.6629604818470336,1,0.9581031213316153,0.8743652578496142,FALSE,FALSE,NS,NS
GOBP_LYSOSOMAL_TRANSPORT,0.7626793644384344,0.9798484050928187,-1.301816982173406,0.5475524363153588,FALSE,FALSE,NS,NS
GOBP_LYTIC_VACUOLE_ORGANIZATION,1.0038070880958527,0.7657270462553583,-1.0456212742413884,0.7975884740769652,FALSE,FALSE,NS,NS
GOBP_L_AMINO_ACID_CATABOLIC_PROCESS,-0.8198317403049612,0.952795644229849,-1.4186769496765208,0.4347392987249545,FALSE,FALSE,NS,NS
GOBP_L_AMINO_ACID_METABOLIC_PROCESS,-1.1963904684604354,0.48805211052488484,-1.5256666710459423,0.35496024167505813,FALSE,FALSE,NS,NS
GOBP_MACROAUTOPHAGY,-0.6063780564927047,1,-0.9398450516765735,0.9185301112218812,FALSE,FALSE,NS,NS
GOBP_MACROMOLECULE_METHYLATION,0.700699707555336,1,-1.0092621707735536,0.8392102617024219,FALSE,FALSE,NS,NS
GOBP_MAINTENANCE_OF_LOCATION,0.9710253731134589,0.8128720008238082,1.156421008236744,0.6287720002005717,FALSE,FALSE,NS,NS
GOBP_MEIOTIC_CELL_CYCLE,0.9415301492667981,0.8445924435929297,-1.4387010522632429,0.4347392987249545,FALSE,FALSE,NS,NS
GOBP_MEMBRANELESS_ORGANELLE_ASSEMBLY,1.2577641997768918,0.36182779268406384,1.5408538956772977,0.29210481197851185,FALSE,FALSE,NS,NS
GOBP_MEMBRANE_BIOGENESIS,0.7596096336556755,0.9798484050928187,-0.8440715043747687,0.9550268272161764,FALSE,FALSE,NS,NS
GOBP_MEMBRANE_DEPOLARIZATION,-0.8722752593708184,0.9102166626052582,1.175781357835279,0.6390502524035413,FALSE,FALSE,NS,NS
GOBP_MEMBRANE_DOCKING,1.3864536696170933,0.36940212560870267,-1.3321039728316186,0.5422323684798657,FALSE,FALSE,NS,NS
GOBP_MEMBRANE_FISSION,0.5030611315074599,1,-0.6001537567594004,0.9997322623828648,FALSE,FALSE,NS,NS
GOBP_MEMBRANE_FUSION,-0.6390279281255689,1,-1.2073055586265193,0.6154718544526775,FALSE,FALSE,NS,NS
GOBP_MESENCHYMAL_CELL_DIFFERENTIATION,0.6210800532903153,1,1.203422698140421,0.615690374921235,FALSE,FALSE,NS,NS
GOBP_MESENCHYME_DEVELOPMENT,0.7217029809621183,1,1.2970058437891674,0.5468129857951356,FALSE,FALSE,NS,NS
GOBP_METABOLIC_COMPOUND_SALVAGE,-1.2899700714671352,0.4730963118954881,-1.026925907065695,0.8133511897346456,FALSE,FALSE,NS,NS
GOBP_METAPHASE_CHROMOSOME_ALIGNMENT,0.6008911908464715,1,-1.2210688679074417,0.615690374921235,FALSE,FALSE,NS,NS
GOBP_METENCEPHALON_DEVELOPMENT,1.560384771128278,0.23293139332836876,-1.3591563955401202,0.525654725297253,FALSE,FALSE,NS,NS
GOBP_METHYLATION,-0.811343796366434,0.952795644229849,-1.3384794521166683,0.5012835839094109,FALSE,FALSE,NS,NS
GOBP_MICROTUBULE_BASED_TRANSPORT,1.2287167373280257,0.49483197575589766,1.3322533620370878,0.4953585924630199,FALSE,FALSE,NS,NS
GOBP_MICROTUBULE_CYTOSKELETON_ORGANIZATION_INVOLVED_IN_MITOSIS,0.8389546055340109,0.9442141712115013,-1.2442553250304471,0.5873640854430237,FALSE,FALSE,NS,NS
GOBP_MICROTUBULE_ORGANIZING_CENTER_ORGANIZATION,0.9360632675868207,0.8426257283091587,0.7474318621738505,0.9982820957958255,FALSE,FALSE,NS,NS
GOBP_MICROTUBULE_POLYMERIZATION,-0.8347528616236806,0.9371740717023616,1.2916100150456695,0.557069787324138,FALSE,FALSE,NS,NS
GOBP_MICROTUBULE_POLYMERIZATION_OR_DEPOLYMERIZATION,-0.7637493262102368,0.9803578225403199,1.5241181539646311,0.3763897942923366,FALSE,FALSE,NS,NS
GOBP_MIDBRAIN_DEVELOPMENT,1.4409061000038388,0.30819152077620754,-0.9499974676501206,0.8858387474937824,FALSE,FALSE,NS,NS
GOBP_MITOCHONDRIAL_ELECTRON_TRANSPORT_NADH_TO_UBIQUINONE,1.456159521935919,0.24798259016525268,1.2831815391118426,0.5228064209845028,FALSE,FALSE,NS,NS
GOBP_MITOCHONDRIAL_GENE_EXPRESSION,-0.7732904383134318,0.9798484050928187,1.6083043946467763,0.35496024167505813,FALSE,FALSE,NS,NS
GOBP_MITOCHONDRIAL_MEMBRANE_ORGANIZATION,-0.9019085505800941,0.9000410961126724,0.8844962446829593,0.9511789195587974,FALSE,FALSE,NS,NS
GOBP_MITOCHONDRIAL_RESPIRATORY_CHAIN_COMPLEX_ASSEMBLY,0.9897199113253863,0.7816821235072082,0.6396679315469705,0.9997322623828648,FALSE,FALSE,NS,NS
GOBP_MITOCHONDRIAL_TRANSLATION,0.7950301376195482,0.952795644229849,1.514878435311296,0.3813434842552424,FALSE,FALSE,NS,NS
GOBP_MITOCHONDRIAL_TRANSPORT,1.0564786784695326,0.7177959322854921,-0.6636847415664373,0.9997322623828648,FALSE,FALSE,NS,NS
GOBP_MITOCHONDRION_ORGANIZATION,0.7221248945108757,1,1.074797801351735,0.6976059354443934,FALSE,FALSE,NS,NS
GOBP_MITOPHAGY,-0.6320216568717847,1,1.1610091147674655,0.6287720002005717,FALSE,FALSE,NS,NS
GOBP_MITOTIC_CELL_CYCLE_CHECKPOINT_SIGNALING,0.9070284809924218,0.8723564509214531,1.1269071632386383,0.7165334587172097,FALSE,FALSE,NS,NS
GOBP_MITOTIC_CELL_CYCLE_PHASE_TRANSITION,-0.9210761650299697,0.8915017964261409,-1.2951334433147688,0.4830185426404107,FALSE,FALSE,NS,NS
GOBP_MITOTIC_CYTOKINESIS,1.5646577158692807,0.20727146494838009,-0.9500671738287341,0.8743652578496142,FALSE,FALSE,NS,NS
GOBP_MITOTIC_METAPHASE_CHROMOSOME_ALIGNMENT,0.7211965211044432,0.9936103790663708,-1.272743325754618,0.5931146423465876,FALSE,FALSE,NS,NS
GOBP_MITOTIC_NUCLEAR_DIVISION,0.7336143018112748,1,-1.065252252311772,0.7518698841579782,FALSE,FALSE,NS,NS
GOBP_MITOTIC_SISTER_CHROMATID_SEGREGATION,1.024212823646562,0.7562864389718853,-0.933294367158413,0.8999551783948083,FALSE,FALSE,NS,NS
GOBP_MITOTIC_SPINDLE_ORGANIZATION,0.8480471606763534,0.9370160287768136,-1.236776078049666,0.5930324246730221,FALSE,FALSE,NS,NS
GOBP_MODIFIED_AMINO_ACID_BIOSYNTHETIC_PROCESS,-1.8747078749528439,0.05731169224131114,-1.904702396010541,0.18428922590158867,FALSE,FALSE,NS,NS
GOBP_MODIFIED_AMINO_ACID_METABOLIC_PROCESS,-1.6736776524670918,0.08291006417470116,-1.482221008649187,0.36007396970764355,FALSE,FALSE,NS,NS
GOBP_MODULATION_OF_PROCESS_OF_ANOTHER_ORGANISM,1.4049215328979745,0.3687075150633513,1.3808884253788964,0.4999025152659495,FALSE,FALSE,NS,NS
GOBP_MONOCARBOXYLIC_ACID_BIOSYNTHETIC_PROCESS,-0.9908812070033092,0.7816821235072082,-1.1440871412451712,0.6567765264473815,FALSE,FALSE,NS,NS
GOBP_MONOCARBOXYLIC_ACID_CATABOLIC_PROCESS,0.7835064599195742,0.9912623915293161,0.7694600081157007,0.9997322623828648,FALSE,FALSE,NS,NS
GOBP_MONOCARBOXYLIC_ACID_TRANSPORT,1.1271044399512196,0.6198473132742238,-0.6843954230203014,0.9997322623828648,FALSE,FALSE,NS,NS
GOBP_MONONUCLEAR_CELL_MIGRATION,1.3426070743809586,0.3949959061540369,1.0276718238144487,0.8078100965285183,FALSE,FALSE,NS,NS
GOBP_MONOSACCHARIDE_BIOSYNTHETIC_PROCESS,-1.4495982132043441,0.28375362388669745,-1.210368583312456,0.6089068825910932,FALSE,FALSE,NS,NS
GOBP_MONOSACCHARIDE_CATABOLIC_PROCESS,1.0848282369244844,0.6786976720909477,-0.9106507205402469,0.9185929547146277,FALSE,FALSE,NS,NS
GOBP_MONOSACCHARIDE_METABOLIC_PROCESS,-1.114664523276484,0.577070283745275,-0.6882490601376176,0.9997322623828648,FALSE,FALSE,NS,NS
GOBP_MONOSACCHARIDE_TRANSMEMBRANE_TRANSPORT,-1.364603073038108,0.3880529423770956,1.5298785217004323,0.3940272182030424,FALSE,FALSE,NS,NS
GOBP_MRNA_CATABOLIC_PROCESS,1.5005875917121076,0.19965017491254372,-0.8743713332576247,0.9550268272161764,FALSE,FALSE,NS,NS
GOBP_MRNA_TRANSPORT,0.8016432939927776,0.952795644229849,0.844192460472076,0.9555064316232875,FALSE,FALSE,NS,NS
GOBP_MULTICELLULAR_ORGANISMAL_MOVEMENT,1.1757197729040252,0.5545605761868949,1.284652903753878,0.5422323684798657,FALSE,FALSE,NS,NS
GOBP_MULTICELLULAR_ORGANISM_GROWTH,-0.7561988073825431,0.9798484050928187,-1.5629175557444552,0.3763897942923366,FALSE,FALSE,NS,NS
GOBP_MULTIVESICULAR_BODY_ORGANIZATION,-0.5692083284535897,1,-0.8226973934113934,0.9555064316232875,FALSE,FALSE,NS,NS
GOBP_MULTIVESICULAR_BODY_SORTING_PATHWAY,-0.5840977915656868,1,-0.6430823275800928,0.9997322623828648,FALSE,FALSE,NS,NS
GOBP_MULTI_MULTICELLULAR_ORGANISM_PROCESS,-0.814994681233884,0.952795644229849,0.7859768854448322,0.9907323278211885,FALSE,FALSE,NS,NS
GOBP_MUSCLE_ADAPTATION,1.0409218165700038,0.7374930352149754,0.8839761284414276,0.9447324485654998,FALSE,FALSE,NS,NS
GOBP_MUSCLE_CELL_APOPTOTIC_PROCESS,-0.8473149925099289,0.9192448319733787,0.8903422840855977,0.9340963142005688,FALSE,FALSE,NS,NS
GOBP_MUSCLE_CELL_DEVELOPMENT,1.1611403791089396,0.533784707449591,1.2654601156596643,0.49757916124297996,FALSE,FALSE,NS,NS
GOBP_MUSCLE_CELL_PROLIFERATION,0.9334453738076003,0.8479407769627818,1.124189570640493,0.6976059354443934,FALSE,FALSE,NS,NS
GOBP_MUSCLE_CONTRACTION,1.284922622376853,0.3110238152490222,1.3915482029282875,0.35496024167505813,FALSE,FALSE,NS,NS
GOBP_MUSCLE_HYPERTROPHY,1.4152154351416437,0.3312257189705328,1.0934077707638419,0.7342232914503876,FALSE,FALSE,NS,NS
GOBP_MUSCLE_ORGAN_DEVELOPMENT,-1.1762560070011947,0.4809857992223773,1.0774695386079065,0.7174255901119296,FALSE,FALSE,NS,NS
GOBP_MUSCLE_TISSUE_DEVELOPMENT,0.8236273662978614,0.9798484050928187,1.0230038739951883,0.7975884740769652,FALSE,FALSE,NS,NS
GOBP_MYELOID_CELL_DIFFERENTIATION,0.7331022412674504,1,-1.024318999452872,0.8096825022329328,FALSE,FALSE,NS,NS
GOBP_MYELOID_CELL_HOMEOSTASIS,0.8923472084969242,0.9027843160224,-1.434196297916318,0.4322853669229837,FALSE,FALSE,NS,NS
GOBP_MYELOID_LEUKOCYTE_ACTIVATION,1.576464701509465,0.20203445282624505,1.3624653184464603,0.5039084288003703,FALSE,FALSE,NS,NS
GOBP_MYELOID_LEUKOCYTE_DIFFERENTIATION,-1.4159773773962365,0.35368815602496073,1.0841368251865342,0.7510232997481108,FALSE,FALSE,NS,NS
GOBP_MYELOID_LEUKOCYTE_MIGRATION,0.9665217878277513,0.8187795778672473,-0.7719050747410551,0.9907323278211885,FALSE,FALSE,NS,NS
GOBP_MYOBLAST_DIFFERENTIATION,-0.8498538251840538,0.9192448319733787,1.4526142206882298,0.46233330970727315,FALSE,FALSE,NS,NS
GOBP_MYOFIBRIL_ASSEMBLY,1.4378173145428155,0.2710567984792463,1.9671096414101001,0.08361960828939774,FALSE,FALSE,NS,NS
GOBP_NADH_DEHYDROGENASE_COMPLEX_ASSEMBLY,1.0682201849343242,0.7127546375631908,0.8660217111836472,0.9511789195587974,FALSE,FALSE,NS,NS
GOBP_NADPLUS_METABOLIC_PROCESS,-1.2568292064955922,0.48881681493927986,-1.1661060357457251,0.6786685946232318,FALSE,FALSE,NS,NS
GOBP_NADPPLUS_METABOLIC_PROCESS,-1.7563701838116124,0.11001860267795967,0.7536053946041117,0.9982820957958255,FALSE,FALSE,NS,NS
GOBP_NATURAL_KILLER_CELL_MEDIATED_IMMUNITY,1.131715984281337,0.6276975177192786,-0.7066595330386505,0.9997322623828648,FALSE,FALSE,NS,NS
GOBP_NEGATIVE_REGULATION_OF_APOPTOTIC_SIGNALING_PATHWAY,-0.5148341500277119,1,-0.9543817888935218,0.8743652578496142,FALSE,FALSE,NS,NS
GOBP_NEGATIVE_REGULATION_OF_AUTOPHAGY,-0.8557678887473521,0.9144885474094279,-1.1018548721034342,0.7391276976152703,FALSE,FALSE,NS,NS
GOBP_NEGATIVE_REGULATION_OF_CARBOHYDRATE_METABOLIC_PROCESS,-1.0031144706962505,0.7650919802145278,-0.8357639363971362,0.9555064316232875,FALSE,FALSE,NS,NS
GOBP_NEGATIVE_REGULATION_OF_CATABOLIC_PROCESS,1.1329009829758456,0.5662017636123947,0.8008528790163786,0.9997322623828648,FALSE,FALSE,NS,NS
GOBP_NEGATIVE_REGULATION_OF_CATALYTIC_ACTIVITY,1.2734083657558413,0.44155691347894754,0.9357128908384134,0.8999551783948083,FALSE,FALSE,NS,NS
GOBP_NEGATIVE_REGULATION_OF_CELL_ACTIVATION,-0.6785607742867344,1,-1.1824188541013636,0.6287720002005717,FALSE,FALSE,NS,NS
GOBP_NEGATIVE_REGULATION_OF_CELL_ADHESION,-0.7238267598689059,1,-1.3159084355644295,0.5039084288003703,FALSE,FALSE,NS,NS
GOBP_NEGATIVE_REGULATION_OF_CELL_CELL_ADHESION,-0.7918241136491767,0.9719064952274187,-1.626643701481914,0.35496024167505813,FALSE,FALSE,NS,NS
GOBP_NEGATIVE_REGULATION_OF_CELL_CYCLE,-1.1842953083476513,0.529938428186973,1.3845477599503828,0.46024843409654115,FALSE,FALSE,NS,NS
GOBP_NEGATIVE_REGULATION_OF_CELL_CYCLE_PROCESS,-0.8661302743520511,0.9250801624625908,1.6148519877872747,0.35496024167505813,FALSE,FALSE,NS,NS
GOBP_NEGATIVE_REGULATION_OF_CELL_DEVELOPMENT,0.7645253741460148,0.9912623915293161,-1.0882189231249884,0.7392573880921338,FALSE,FALSE,NS,NS
GOBP_NEGATIVE_REGULATION_OF_CELL_GROWTH,-0.8653264552384463,0.9073854848536923,-0.5859849343878032,0.9997322623828648,FALSE,FALSE,NS,NS
GOBP_NEGATIVE_REGULATION_OF_CELL_PROJECTION_ORGANIZATION,0.8440636031366299,0.935512140910947,0.6521688541996854,0.9997322623828648,FALSE,FALSE,NS,NS
GOBP_NEGATIVE_REGULATION_OF_CYTOKINE_PRODUCTION,-1.0366842185673082,0.7382360178270612,1.066601898458313,0.752107939632546,FALSE,FALSE,NS,NS
GOBP_NEGATIVE_REGULATION_OF_CYTOPLASMIC_PATTERN_RECOGNITION_RECEPTOR_SIGNALING_PATHWAY,-0.6152422498783476,1,-1.1786792919840912,0.6679464186035722,FALSE,FALSE,NS,NS
GOBP_NEGATIVE_REGULATION_OF_CYTOSKELETON_ORGANIZATION,1.3522711949877382,0.3828291860337101,1.479990994862987,0.41040371922724866,FALSE,FALSE,NS,NS
GOBP_NEGATIVE_REGULATION_OF_DEFENSE_RESPONSE,-1.029765068086809,0.7420092256546821,1.2432322891626093,0.5809279965656257,FALSE,FALSE,NS,NS
GOBP_NEGATIVE_REGULATION_OF_DNA_METABOLIC_PROCESS,-0.6948855035903057,1,1.0231395526588722,0.8225379625101249,FALSE,FALSE,NS,NS
GOBP_NEGATIVE_REGULATION_OF_ENDOCYTOSIS,1.280234043101878,0.4730963118954881,-0.5173562822764747,0.9997322623828648,FALSE,FALSE,NS,NS
GOBP_NEGATIVE_REGULATION_OF_ESTABLISHMENT_OF_PROTEIN_LOCALIZATION,-0.9441989415239573,0.8392222522279233,-0.7077377293923596,0.9997322623828648,FALSE,FALSE,NS,NS
GOBP_NEGATIVE_REGULATION_OF_EXTRINSIC_APOPTOTIC_SIGNALING_PATHWAY,-0.7147594352333064,0.9946381332060927,-0.8223588120447187,0.9555064316232875,FALSE,FALSE,NS,NS
GOBP_NEGATIVE_REGULATION_OF_GENE_EXPRESSION_EPIGENETIC,-1.7642214375435783,0.10369163846326405,-1.0683927434802596,0.7785011256593437,FALSE,FALSE,NS,NS
GOBP_NEGATIVE_REGULATION_OF_GROWTH,0.6612609279114554,1,0.6219650587907698,0.9997322623828648,FALSE,FALSE,NS,NS
GOBP_NEGATIVE_REGULATION_OF_HEMOPOIESIS,-0.9487763795549595,0.8348467078681016,-1.4205842863472504,0.46233330970727315,FALSE,FALSE,NS,NS
GOBP_NEGATIVE_REGULATION_OF_IMMUNE_RESPONSE,-0.9824734538259119,0.7842726949322467,1.01976705945689,0.8138170054398609,FALSE,FALSE,NS,NS
GOBP_NEGATIVE_REGULATION_OF_INFLAMMATORY_RESPONSE,-1.3482397383552955,0.42821237825950365,0.9821214984982167,0.8596659632987634,FALSE,FALSE,NS,NS
GOBP_NEGATIVE_REGULATION_OF_INTRINSIC_APOPTOTIC_SIGNALING_PATHWAY,0.5146743062092219,1,-0.7346394863671896,0.9997322623828648,FALSE,FALSE,NS,NS
GOBP_NEGATIVE_REGULATION_OF_KINASE_ACTIVITY,1.1367252621064912,0.6198473132742238,1.3105500467869216,0.5468129857951356,FALSE,FALSE,NS,NS
GOBP_NEGATIVE_REGULATION_OF_LEUKOCYTE_CELL_CELL_ADHESION,-0.7704881362251634,0.9798484050928187,-1.6205442620454813,0.35496024167505813,FALSE,FALSE,NS,NS
GOBP_NEGATIVE_REGULATION_OF_LOCOMOTION,1.1427449700817105,0.5891165630322105,1.149931947615241,0.6365493235129905,FALSE,FALSE,NS,NS
GOBP_NEGATIVE_REGULATION_OF_LYMPHOCYTE_ACTIVATION,-0.7693900486235321,0.9798484050928187,-1.405782198773882,0.46233330970727315,FALSE,FALSE,NS,NS
GOBP_NEGATIVE_REGULATION_OF_LYMPHOCYTE_DIFFERENTIATION,-1.2723850463013506,0.47982641343078036,-1.621526426784987,0.35496024167505813,FALSE,FALSE,NS,NS
GOBP_NEGATIVE_REGULATION_OF_MAPK_CASCADE,-1.5587602605305309,0.21423860860057065,-1.0112385138461288,0.8392102617024219,FALSE,FALSE,NS,NS
GOBP_NEGATIVE_REGULATION_OF_MITOTIC_CELL_CYCLE,0.8549759690133868,0.9192448319733787,1.3596507345371973,0.5115398098085389,FALSE,FALSE,NS,NS
GOBP_NEGATIVE_REGULATION_OF_MITOTIC_CELL_CYCLE_PHASE_TRANSITION,0.9479353280808046,0.8337865103189699,1.5834698024244016,0.3763897942923366,FALSE,FALSE,NS,NS
GOBP_NEGATIVE_REGULATION_OF_MOLECULAR_FUNCTION,1.0622872279192677,0.697313604521916,0.9800335404548242,0.8596659632987634,FALSE,FALSE,NS,NS
GOBP_NEGATIVE_REGULATION_OF_MONOATOMIC_ION_TRANSMEMBRANE_TRANSPORT,-0.9930392487300157,0.779041196206542,-0.8857723217512441,0.9337268969710667,FALSE,FALSE,NS,NS
GOBP_NEGATIVE_REGULATION_OF_MONOATOMIC_ION_TRANSPORT,-0.8319502827567353,0.9408832045406609,-0.8509347260696193,0.9529415070692462,FALSE,FALSE,NS,NS
GOBP_NEGATIVE_REGULATION_OF_MRNA_CATABOLIC_PROCESS,1.6575110860604674,0.1344607287359388,1.1334703240369703,0.6938518937767542,FALSE,FALSE,NS,NS
GOBP_NEGATIVE_REGULATION_OF_NEURON_APOPTOTIC_PROCESS,-0.5373098044599497,1,0.6276689088618642,0.9997322623828648,FALSE,FALSE,NS,NS
GOBP_NEGATIVE_REGULATION_OF_ORGANELLE_ORGANIZATION,1.2489724877669772,0.4386049274607967,1.365378054230877,0.4208975468975468,FALSE,FALSE,NS,NS
GOBP_NEGATIVE_REGULATION_OF_PHOSPHORUS_METABOLIC_PROCESS,1.0332814816982046,0.738545248901024,1.3186558360000464,0.48685716215496555,FALSE,FALSE,NS,NS
GOBP_NEGATIVE_REGULATION_OF_PHOSPHORYLATION,0.8929528680941915,0.896553875553052,1.2092598268743084,0.6089068825910932,FALSE,FALSE,NS,NS
GOBP_NEGATIVE_REGULATION_OF_POST_TRANSLATIONAL_PROTEIN_MODIFICATION,0.36960116607078675,1,-0.9058604130051512,0.9185929547146277,FALSE,FALSE,NS,NS
GOBP_NEGATIVE_REGULATION_OF_PROTEASOMAL_PROTEIN_CATABOLIC_PROCESS,0.7528443690398858,0.9798484050928187,-0.7159692548965867,0.9997322623828648,FALSE,FALSE,NS,NS
GOBP_NEGATIVE_REGULATION_OF_PROTEIN_CATABOLIC_PROCESS,0.7172647853633914,1,0.7567947633022521,0.9997322623828648,FALSE,FALSE,NS,NS
GOBP_NEGATIVE_REGULATION_OF_PROTEIN_CONTAINING_COMPLEX_ASSEMBLY,1.5182245352337091,0.216294448261039,1.271409707722986,0.5468129857951356,FALSE,FALSE,NS,NS
GOBP_NEGATIVE_REGULATION_OF_PROTEIN_CONTAINING_COMPLEX_DISASSEMBLY,1.6991921250583484,0.12637029354453452,1.4639480440442147,0.46024843409654115,FALSE,FALSE,NS,NS
GOBP_NEGATIVE_REGULATION_OF_PROTEIN_LOCALIZATION,-0.6957171219449705,1,-0.711945798804913,0.9997322623828648,FALSE,FALSE,NS,NS
GOBP_NEGATIVE_REGULATION_OF_PROTEIN_MODIFICATION_PROCESS,0.672833862195988,1,-1.1120523100448128,0.6976059354443934,FALSE,FALSE,NS,NS
GOBP_NEGATIVE_REGULATION_OF_PROTEIN_POLYMERIZATION,1.456164278863275,0.3148059621324023,1.334775156651136,0.5422323684798657,FALSE,FALSE,NS,NS
GOBP_NEGATIVE_REGULATION_OF_PROTEIN_UBIQUITINATION,0.6299996882841545,1,-0.812039756827157,0.9587510126105208,FALSE,FALSE,NS,NS
GOBP_NEGATIVE_REGULATION_OF_PROTEOLYSIS,1.063524509057055,0.7104835947964576,-0.9411484547091973,0.8876640124198718,FALSE,FALSE,NS,NS
GOBP_NEGATIVE_REGULATION_OF_PROTEOLYSIS_INVOLVED_IN_PROTEIN_CATABOLIC_PROCESS,0.9375579847659684,0.8476303579319487,-0.8647537727653672,0.9505778588807785,FALSE,FALSE,NS,NS
GOBP_NEGATIVE_REGULATION_OF_RESPONSE_TO_BIOTIC_STIMULUS,1.0063481677154646,0.7629170397555483,1.2603185697416688,0.5873640854430237,FALSE,FALSE,NS,NS
GOBP_NEGATIVE_REGULATION_OF_RESPONSE_TO_EXTERNAL_STIMULUS,-1.011302036934046,0.7608050203321551,1.1292518732072248,0.6698456900571478,FALSE,FALSE,NS,NS
GOBP_NEGATIVE_REGULATION_OF_RNA_CATABOLIC_PROCESS,1.6086232300019963,0.16305051509635773,0.9697735407639376,0.8696442991878838,FALSE,FALSE,NS,NS
GOBP_NEGATIVE_REGULATION_OF_SECRETION,-0.8789867347023277,0.9020454505331544,1.1141715515427761,0.7209458545347955,FALSE,FALSE,NS,NS
GOBP_NEGATIVE_REGULATION_OF_SMALL_MOLECULE_METABOLIC_PROCESS,-1.0288566524991185,0.7509834222696549,0.8397763009977913,0.9555064316232875,FALSE,FALSE,NS,NS
GOBP_NEGATIVE_REGULATION_OF_SUPRAMOLECULAR_FIBER_ORGANIZATION,1.0451431488471692,0.7275187585843816,0.802649371976017,0.9907323278211885,FALSE,FALSE,NS,NS
GOBP_NEGATIVE_REGULATION_OF_TORC1_SIGNALING,-1.5557651420117287,0.2596087990604862,-1.1819967080071756,0.6645475363107916,FALSE,FALSE,NS,NS
GOBP_NEGATIVE_REGULATION_OF_TOR_SIGNALING,-1.5394712099615757,0.23120909667958062,-1.2354545911504067,0.6089068825910932,FALSE,FALSE,NS,NS
GOBP_NEGATIVE_REGULATION_OF_TRANSLATION,1.2143262815675553,0.5141902318840689,-1.2572422349054515,0.5817583061302145,FALSE,FALSE,NS,NS
GOBP_NEGATIVE_REGULATION_OF_TRANSMEMBRANE_RECEPTOR_PROTEIN_SERINE_THREONINE_KINASE_SIGNALING_PATHWAY,0.8001089582273466,0.952795644229849,0.7076890989548783,0.9997322623828648,FALSE,FALSE,NS,NS
GOBP_NEGATIVE_REGULATION_OF_TRANSMEMBRANE_TRANSPORT,-0.8369369727464233,0.9406566568695579,0.9188193764795344,0.9114126836916447,FALSE,FALSE,NS,NS
GOBP_NEGATIVE_REGULATION_OF_TRANSPORT,0.7110781276506465,1,0.9713756139887106,0.8743652578496142,FALSE,FALSE,NS,NS
GOBP_NEGATIVE_REGULATION_OF_UBIQUITIN_DEPENDENT_PROTEIN_CATABOLIC_PROCESS,1.0054788140218278,0.7650919802145278,0.7128197287060596,0.9997322623828648,FALSE,FALSE,NS,NS
GOBP_NEGATIVE_REGULATION_OF_VASCULATURE_DEVELOPMENT,1.313338663718065,0.4452112146625361,0.6252165126951508,0.9997322623828648,FALSE,FALSE,NS,NS
GOBP_NEURAL_NUCLEUS_DEVELOPMENT,1.498561335426922,0.26039769277474195,-1.0429785361899635,0.7975884740769652,FALSE,FALSE,NS,NS
GOBP_NEUROMUSCULAR_PROCESS,1.1124062416880611,0.6276975177192786,1.0769032787967387,0.7391276976152703,FALSE,FALSE,NS,NS
GOBP_NEURON_APOPTOTIC_PROCESS,0.7100904582454864,1,0.8993965589975036,0.9363564903911311,FALSE,FALSE,NS,NS
GOBP_NEURON_MIGRATION,0.9030058422630132,0.8732450405944612,0.7017900075862998,0.9997322623828648,FALSE,FALSE,NS,NS
GOBP_NEURON_PROJECTION_EXTENSION,0.9057193288840315,0.8732450405944612,-0.8807355640073226,0.9340963142005688,FALSE,FALSE,NS,NS
GOBP_NEUROTRANSMITTER_SECRETION,0.5878047351052057,1,1.1718136244723436,0.6718857188456049,FALSE,FALSE,NS,NS
GOBP_NEUROTRANSMITTER_TRANSPORT,-0.7584458376933835,0.9796399949115889,1.241183955496158,0.6006128329498203,FALSE,FALSE,NS,NS
GOBP_NEUTRAL_LIPID_METABOLIC_PROCESS,-0.679893652516302,1,0.636324852176489,0.9997322623828648,FALSE,FALSE,NS,NS
GOBP_NON_CANONICAL_NF_KAPPAB_SIGNAL_TRANSDUCTION,0.9997457190994984,0.7764755563458048,-0.9083710210289203,0.9108762562280001,FALSE,FALSE,NS,NS
GOBP_NON_PROTEINOGENIC_AMINO_ACID_METABOLIC_PROCESS,-1.2164382379127732,0.5483057835199852,-1.1535612351210047,0.6952126060606061,FALSE,FALSE,NS,NS
GOBP_NUCLEAR_CHROMOSOME_SEGREGATION,1.1821818449276102,0.5347591088674275,-1.1120893181202565,0.6976059354443934,FALSE,FALSE,NS,NS
GOBP_NUCLEAR_ENVELOPE_ORGANIZATION,-0.9170972084117267,0.8680357338847631,-1.1213484710062354,0.7209458545347955,FALSE,FALSE,NS,NS
GOBP_NUCLEAR_EXPORT,0.6828990301846315,1,-1.3887264406831965,0.4692816007657984,FALSE,FALSE,NS,NS
GOBP_NUCLEAR_MEMBRANE_ORGANIZATION,-1.094360995610705,0.6776120128507098,-1.2506997656560916,0.6006128329498203,FALSE,FALSE,NS,NS
GOBP_NUCLEAR_RECEPTOR_MEDIATED_SIGNALING_PATHWAY,0.6408339138019835,1,-1.5232672231709674,0.3763897942923366,FALSE,FALSE,NS,NS
GOBP_NUCLEAR_TRANSCRIBED_MRNA_CATABOLIC_PROCESS,1.8428067799151335,0.059710830304708,-0.9442139959258282,0.8852274814258285,FALSE,FALSE,NS,NS
GOBP_NUCLEAR_TRANSPORT,-0.6202373865507415,1,-1.2284759772946567,0.559219244381381,FALSE,FALSE,NS,NS
GOBP_NUCLEOBASE_CONTAINING_COMPOUND_TRANSPORT,1.0274985705341106,0.7481387184930387,-0.6833515030887163,0.9997322623828648,FALSE,FALSE,NS,NS
GOBP_NUCLEOBASE_METABOLIC_PROCESS,0.6366539080285312,1,-1.3860800971337583,0.4999025152659495,FALSE,FALSE,NS,NS
GOBP_NUCLEOSIDE_DIPHOSPHATE_CATABOLIC_PROCESS,-0.9616745691518201,0.8237984098262596,-0.7521810611803517,0.9997322623828648,FALSE,FALSE,NS,NS
GOBP_NUCLEOSIDE_DIPHOSPHATE_METABOLIC_PROCESS,-0.8660841179927105,0.9370160287768136,-0.7745191502457499,0.9997322623828648,FALSE,FALSE,NS,NS
GOBP_NUCLEOSIDE_MONOPHOSPHATE_BIOSYNTHETIC_PROCESS,-1.650171681026874,0.17834905697043818,-1.764510772369544,0.29210481197851185,FALSE,FALSE,NS,NS
GOBP_NUCLEOSIDE_MONOPHOSPHATE_METABOLIC_PROCESS,-1.4835505938376181,0.2710567984792463,-1.2514220756566468,0.5873640854430237,FALSE,FALSE,NS,NS
GOBP_NUCLEOSIDE_PHOSPHATE_BIOSYNTHETIC_PROCESS,0.7065812985196068,1,-0.6380569457361069,0.9997322623828648,FALSE,FALSE,NS,NS
GOBP_NUCLEOSIDE_PHOSPHATE_CATABOLIC_PROCESS,-0.8876205745013707,0.9240821465270362,-0.8052040875128459,0.9982820957958255,FALSE,FALSE,NS,NS
GOBP_NUCLEOSIDE_TRIPHOSPHATE_BIOSYNTHETIC_PROCESS,1.3529481813128106,0.29302466875939587,0.9157321184341138,0.9363564903911311,FALSE,FALSE,NS,NS
GOBP_NUCLEOSIDE_TRIPHOSPHATE_METABOLIC_PROCESS,1.021466696175986,0.7420092256546821,0.5502517527738827,0.9997322623828648,FALSE,FALSE,NS,NS
GOBP_NUCLEOTIDE_BIOSYNTHETIC_PROCESS,0.7659710986233932,1,-0.6759078624911459,0.9997322623828648,FALSE,FALSE,NS,NS
GOBP_NUCLEUS_ORGANIZATION,-0.9528767145594158,0.828362902443361,-1.2772491942059399,0.559219244381381,FALSE,FALSE,NS,NS
GOBP_OLEFINIC_COMPOUND_METABOLIC_PROCESS,-1.663024177834844,0.13680160588825693,-1.2135779587639024,0.6143618083489218,FALSE,FALSE,NS,NS
GOBP_ORGANELLE_DISASSEMBLY,0.9436878264290949,0.8376611060274012,-1.165855210027913,0.6803697758753938,FALSE,FALSE,NS,NS
GOBP_ORGANELLE_FUSION,-0.6708462179015915,1,-0.9659142484156148,0.8743652578496142,FALSE,FALSE,NS,NS
GOBP_ORGANELLE_MEMBRANE_FUSION,-0.5851679659869153,1,-1.158736803704116,0.6645475363107916,FALSE,FALSE,NS,NS
GOBP_ORGANIC_ACID_BIOSYNTHETIC_PROCESS,-1.2054693450296514,0.4479797994707792,-1.6496328269919907,0.29210481197851185,FALSE,FALSE,NS,NS
GOBP_ORGANIC_ACID_CATABOLIC_PROCESS,-0.7945189093991658,1,-1.1505409405575666,0.6154718544526775,FALSE,FALSE,NS,NS
GOBP_ORGANIC_ACID_TRANSPORT,1.4169986927672547,0.310869417211329,-0.7132500224400791,0.9997322623828648,FALSE,FALSE,NS,NS
GOBP_ORGANIC_ANION_TRANSPORT,1.230677640462685,0.4802065557412162,0.8004050199623608,0.9981122637017456,FALSE,FALSE,NS,NS
GOBP_ORGANIC_HYDROXY_COMPOUND_TRANSPORT,0.7589675656858845,0.9912623915293161,0.5684665009911196,0.9997322623828648,FALSE,FALSE,NS,NS
GOBP_ORGANOPHOSPHATE_CATABOLIC_PROCESS,-1.1275818845968428,0.5688113548651466,-0.9894137840688556,0.8591572323559755,FALSE,FALSE,NS,NS
GOBP_ORGANOPHOSPHATE_ESTER_TRANSPORT,1.0233063435880874,0.7568974081644707,-1.0837226813234784,0.752107939632546,FALSE,FALSE,NS,NS
GOBP_ORGAN_GROWTH,-0.793496421909932,0.952795644229849,-1.1176816463644337,0.7278371016116536,FALSE,FALSE,NS,NS
GOBP_OSSIFICATION,1.5520058874294445,0.14871203097081595,1.1213848534979831,0.6786685946232318,FALSE,FALSE,NS,NS
GOBP_OSTEOBLAST_DIFFERENTIATION,1.7128097495616639,0.10369163846326405,0.8360243706037317,0.9668166343460463,FALSE,FALSE,NS,NS
GOBP_OXIDATIVE_PHOSPHORYLATION,1.5060845932703175,0.11712911702004593,0.9981977913915767,0.8495244548628916,FALSE,FALSE,NS,NS
GOBP_PALLIUM_DEVELOPMENT,0.51735127889543,1,-1.4201985039297864,0.46233330970727315,FALSE,FALSE,NS,NS
GOBP_PEPTIDE_METABOLIC_PROCESS,-1.40866269732124,0.3555867681045228,-1.415504528280044,0.4746609778597786,FALSE,FALSE,NS,NS
GOBP_PEPTIDE_TRANSPORT,-1.275622856014435,0.430743983803783,-0.78975313196143615,0.9982820957958255,FALSE,FALSE,NS,NS
GOBP_PEPTIDYL_AMINO_ACID_MODIFICATION,-0.7380412993449169,1,0.9977554396541023,0.8508851916717053,FALSE,FALSE,NS,NS
GOBP_PERIPHERAL_NERVOUS_SYSTEM_DEVELOPMENT,-0.9604655677436866,0.8195178590540951,-1.126555782092935,0.7174255901119296,FALSE,FALSE,NS,NS
GOBP_PHAGOCYTOSIS,1.0627490325884854,0.7122881180372568,1.1968114138049817,0.6077443689919017,FALSE,FALSE,NS,NS
GOBP_PHOSPHATIDYLINOSITOL_3_KINASE_PROTEIN_KINASE_B_SIGNAL_TRANSDUCTION,0.7018342728997652,1,-0.9371927563404097,0.8998770688492551,FALSE,FALSE,NS,NS
GOBP_PHOSPHOLIPID_BIOSYNTHETIC_PROCESS,0.7891463378920025,0.9719064952274187,0.8933911734180162,0.9363564903911311,FALSE,FALSE,NS,NS
GOBP_PHOSPHOLIPID_METABOLIC_PROCESS,-0.8951845701958894,0.9073854848536923,-1.172385671876352,0.6266149330398092,FALSE,FALSE,NS,NS
GOBP_PIGMENT_METABOLIC_PROCESS,0.9775034727908973,0.8007732625667301,-0.5178974200160856,0.9997322623828648,FALSE,FALSE,NS,NS
GOBP_PLACENTA_DEVELOPMENT,-1.1305430153436624,0.6422098344015782,1.1638335462076292,0.6786685946232318,FALSE,FALSE,NS,NS
GOBP_PLASMA_MEMBRANE_ORGANIZATION,1.3843846332921206,0.3256187072860726,0.9894790412795008,0.8519451314889915,FALSE,FALSE,NS,NS
GOBP_PLATELET_ACTIVATION,1.7119711746785669,0.11142903858731196,1.5874064471905702,0.35496024167505813,FALSE,FALSE,NS,NS
GOBP_POLYOL_METABOLIC_PROCESS,-1.5864213847915778,0.188877956847692,-1.6518886269830042,0.35496024167505813,FALSE,FALSE,NS,NS
GOBP_POLYSACCHARIDE_BIOSYNTHETIC_PROCESS,1.275706017785197,0.4802065557412162,0.8519830166158107,0.9505778588807785,FALSE,FALSE,NS,NS
GOBP_POLYSACCHARIDE_CATABOLIC_PROCESS,1.3156098719739764,0.44250292795116236,-1.030076265467246,0.8133511897346456,FALSE,FALSE,NS,NS
GOBP_POLYSACCHARIDE_METABOLIC_PROCESS,1.1431339284919935,0.5916464779083292,-0.8382719071599442,0.9555064316232875,FALSE,FALSE,NS,NS
GOBP_POSITIVE_REGULATION_OF_ADAPTIVE_IMMUNE_RESPONSE,0.9254210664297605,0.8475514887554904,1.4371848270857508,0.46367000218831445,FALSE,FALSE,NS,NS
GOBP_POSITIVE_REGULATION_OF_APOPTOTIC_SIGNALING_PATHWAY,0.8478508448591769,0.9302103555617304,0.8270115350466442,0.9619673818930959,FALSE,FALSE,NS,NS
GOBP_POSITIVE_REGULATION_OF_AUTOPHAGY,-0.8695743414394895,0.9294425776388711,-1.0824928118007646,0.746109237791757,FALSE,FALSE,NS,NS
GOBP_POSITIVE_REGULATION_OF_CALCIUM_ION_TRANSPORT,-0.7009711210978266,1,0.68004209147588,0.9997322623828648,FALSE,FALSE,NS,NS
GOBP_POSITIVE_REGULATION_OF_CANONICAL_NF_KAPPAB_SIGNAL_TRANSDUCTION,1.2040343902704504,0.5147173574686311,-0.6562922781611358,0.9997322623828648,FALSE,FALSE,NS,NS
GOBP_POSITIVE_REGULATION_OF_CARBOHYDRATE_METABOLIC_PROCESS,-0.8889087205888505,0.883931997134291,-0.7299968497423844,0.9984836243488326,FALSE,FALSE,NS,NS
GOBP_POSITIVE_REGULATION_OF_CATALYTIC_ACTIVITY,1.1805663910576627,0.5425752979925932,1.3625419070169684,0.46817780407512916,FALSE,FALSE,NS,NS
GOBP_POSITIVE_REGULATION_OF_CELL_ACTIVATION,1.213105527601793,0.5156652715707835,-0.9580173070234701,0.8743652578496142,FALSE,FALSE,NS,NS
GOBP_POSITIVE_REGULATION_OF_CELL_ADHESION,1.260718487949173,0.430743983803783,1.25163739030485,0.5294727324300291,FALSE,FALSE,NS,NS
GOBP_POSITIVE_REGULATION_OF_CELL_CELL_ADHESION,1.1241864420226464,0.6243632252549266,1.0949864251147556,0.7209458545347955,FALSE,FALSE,NS,NS
GOBP_POSITIVE_REGULATION_OF_CELL_CYCLE,1.0180409076459556,0.7568974081644707,-1.4600457964579,0.3813434842552424,FALSE,FALSE,NS,NS
GOBP_POSITIVE_REGULATION_OF_CELL_CYCLE_PROCESS,1.1015010337105906,0.6558421512601145,-0.8422619505780797,0.9555064316232875,FALSE,FALSE,NS,NS
GOBP_POSITIVE_REGULATION_OF_CELL_DEVELOPMENT,-0.652353263304755,1,-1.060237898230107,0.7578545773770635,FALSE,FALSE,NS,NS
GOBP_POSITIVE_REGULATION_OF_CELL_GROWTH,-1.0346098768537,0.7420237532413576,-0.8512571025295921,0.9555064316232875,FALSE,FALSE,NS,NS
GOBP_POSITIVE_REGULATION_OF_CELL_PROJECTION_ORGANIZATION,1.5660918467463345,0.16745170397911924,0.7586224579964411,0.9997322623828648,FALSE,FALSE,NS,NS
GOBP_POSITIVE_REGULATION_OF_CELL_SUBSTRATE_ADHESION,1.0768092578261004,0.697313604521916,1.238269582951784,0.58549606151652,FALSE,FALSE,NS,NS
GOBP_POSITIVE_REGULATION_OF_CHROMOSOME_ORGANIZATION,1.1505276756570555,0.5986451656264702,-1.2426083358912334,0.6028778105106326,FALSE,FALSE,NS,NS
GOBP_POSITIVE_REGULATION_OF_COLD_INDUCED_THERMOGENESIS,1.3200046255825366,0.44250292795116236,0.7063366423828504,0.9997322623828648,FALSE,FALSE,NS,NS
GOBP_POSITIVE_REGULATION_OF_CYTOSKELETON_ORGANIZATION,1.4415383401059951,0.2710567984792463,1.268346566687845,0.5422323684798657,FALSE,FALSE,NS,NS
GOBP_POSITIVE_REGULATION_OF_DEVELOPMENTAL_GROWTH,1.1567567442873268,0.6068336307203934,-0.6950974407958685,0.9997322623828648,FALSE,FALSE,NS,NS
GOBP_POSITIVE_REGULATION_OF_DNA_BINDING_TRANSCRIPTION_FACTOR_ACTIVITY,-1.0027841325712799,0.7650919802145278,0.961586948408279,0.8696442991878838,FALSE,FALSE,NS,NS
GOBP_POSITIVE_REGULATION_OF_DNA_METABOLIC_PROCESS,-1.1068214694055836,0.6276975177192786,-1.1868378512025421,0.6154718544526775,FALSE,FALSE,NS,NS
GOBP_POSITIVE_REGULATION_OF_DNA_REPAIR,-1.2343810072901666,0.5122039800283987,-1.1570563707418837,0.6841592507835312,FALSE,FALSE,NS,NS
GOBP_POSITIVE_REGULATION_OF_ENDOCYTOSIS,1.2649850657849526,0.4669613431530804,0.8729368277785025,0.9505778588807785,FALSE,FALSE,NS,NS
GOBP_POSITIVE_REGULATION_OF_ENDOTHELIAL_CELL_MIGRATION,-0.8371711591533777,0.929469943011994,0.9029044569088679,0.9225992278182176,FALSE,FALSE,NS,NS
GOBP_POSITIVE_REGULATION_OF_ERK1_AND_ERK2_CASCADE,0.7624301923528287,0.9714325857047973,-0.8043183999581287,0.963830187340335,FALSE,FALSE,NS,NS
GOBP_POSITIVE_REGULATION_OF_ESTABLISHMENT_OF_PROTEIN_LOCALIZATION,-1.0511747228033708,0.6978205529572111,0.9858315267587805,0.8596659632987634,FALSE,FALSE,NS,NS
GOBP_POSITIVE_REGULATION_OF_EXOCYTOSIS,-1.0522439553201939,0.7239803805339563,-0.9058678252005001,0.9136247942218092,FALSE,FALSE,NS,NS
GOBP_POSITIVE_REGULATION_OF_GROWTH,-0.683722849975002,1,-0.8942623861678627,0.9340963142005688,FALSE,FALSE,NS,NS
GOBP_POSITIVE_REGULATION_OF_HEMOPOIESIS,0.8050131013831737,0.9491303631780948,-1.3881222102854243,0.4991845985875589,FALSE,FALSE,NS,NS
GOBP_POSITIVE_REGULATION_OF_HORMONE_SECRETION,-1.2365801451114835,0.501547500887805,-0.5706900563815295,0.9997322623828648,FALSE,FALSE,NS,NS
GOBP_POSITIVE_REGULATION_OF_IMMUNE_EFFECTOR_PROCESS,1.1698298242581693,0.561259169549253,1.254392748097841,0.559219244381381,FALSE,FALSE,NS,NS
GOBP_POSITIVE_REGULATION_OF_INFLAMMATORY_RESPONSE,0.6659060438786321,1,-0.9627963715439453,0.8738065219905506,FALSE,FALSE,NS,NS
GOBP_POSITIVE_REGULATION_OF_INSULIN_SECRETION,-1.2613965228524822,0.4809857992223773,-0.6072897954251798,0.9997322623828648,FALSE,FALSE,NS,NS
GOBP_POSITIVE_REGULATION_OF_INTERLEUKIN_2_PRODUCTION,-1.0600843880912658,0.7177959322854921,-1.3168904456934059,0.559219244381381,FALSE,FALSE,NS,NS
GOBP_POSITIVE_REGULATION_OF_INTRACELLULAR_PROTEIN_TRANSPORT,-0.8065450066505484,0.952795644229849,-0.9785307526589823,0.8634975224562753,FALSE,FALSE,NS,NS
GOBP_POSITIVE_REGULATION_OF_INTRACELLULAR_TRANSPORT,0.9064124616444325,0.8915017964261409,-0.934689330409545,0.8999551783948083,FALSE,FALSE,NS,NS
GOBP_POSITIVE_REGULATION_OF_LEUKOCYTE_CELL_CELL_ADHESION,0.9931931260750503,0.7816821235072082,0.9646727458338814,0.8743652578496142,FALSE,FALSE,NS,NS
GOBP_POSITIVE_REGULATION_OF_LEUKOCYTE_MEDIATED_IMMUNITY,0.8332826156201836,0.9370160287768136,1.2693224654987019,0.5873640854430237,FALSE,FALSE,NS,NS
GOBP_POSITIVE_REGULATION_OF_LIPID_BIOSYNTHETIC_PROCESS,-0.7250458891744737,0.9907265965749965,1.2583060518392208,0.6006128329498203,FALSE,FALSE,NS,NS
GOBP_POSITIVE_REGULATION_OF_LIPID_LOCALIZATION,1.1157113619300167,0.6558421512601145,-1.2237731518753536,0.6226706626069445,FALSE,FALSE,NS,NS
GOBP_POSITIVE_REGULATION_OF_LIPID_METABOLIC_PROCESS,-0.6476113817598891,1,1.2161258593669928,0.6077443689919017,FALSE,FALSE,NS,NS
GOBP_POSITIVE_REGULATION_OF_MACROAUTOPHAGY,-0.8061021742820571,0.952795644229849,-0.7954359801317891,0.9859943070278759,FALSE,FALSE,NS,NS
GOBP_POSITIVE_REGULATION_OF_MAPK_CASCADE,1.2312997433631636,0.4802065557412162,0.8127857661638522,0.9853746997237703,FALSE,FALSE,NS,NS
GOBP_POSITIVE_REGULATION_OF_MOLECULAR_FUNCTION,0.9176405927959436,0.8915017964261409,1.2554998567333238,0.5128683922044138,FALSE,FALSE,NS,NS
GOBP_POSITIVE_REGULATION_OF_MONOATOMIC_ION_TRANSMEMBRANE_TRANSPORT,-0.6826747209221526,1,0.8522676747303808,0.9555064316232875,FALSE,FALSE,NS,NS
GOBP_POSITIVE_REGULATION_OF_MONOATOMIC_ION_TRANSPORT,-0.8345256873677392,0.9489794445927519,0.8535760893798757,0.9555064316232875,FALSE,FALSE,NS,NS
GOBP_POSITIVE_REGULATION_OF_MRNA_METABOLIC_PROCESS,1.4478110075555484,0.3148059621324023,-0.8061360404140868,0.9719444225704561,FALSE,FALSE,NS,NS
GOBP_POSITIVE_REGULATION_OF_NERVOUS_SYSTEM_DEVELOPMENT,-1.1662955015110439,0.5688113548651466,0.9889111340765694,0.8536881744437002,FALSE,FALSE,NS,NS
GOBP_POSITIVE_REGULATION_OF_NEUROGENESIS,-1.1662955015110439,0.5688113548651466,0.9889111340765694,0.8536881744437002,FALSE,FALSE,NS,NS
GOBP_POSITIVE_REGULATION_OF_NUCLEOCYTOPLASMIC_TRANSPORT,-0.8995092075172891,0.8748736433283678,-1.1893894518087873,0.6541150490458983,FALSE,FALSE,NS,NS
GOBP_POSITIVE_REGULATION_OF_ORGANELLE_ASSEMBLY,1.3196772229020812,0.44250292795116236,-0.6939117734010858,0.9997322623828648,FALSE,FALSE,NS,NS
GOBP_POSITIVE_REGULATION_OF_PEPTIDE_SECRETION,-1.2484764740525744,0.48881681493927986,-0.5779214897190672,0.9997322623828648,FALSE,FALSE,NS,NS
GOBP_POSITIVE_REGULATION_OF_PHOSPHATIDYLINOSITOL_3_KINASE_PROTEIN_KINASE_B_SIGNAL_TRANSDUCTION,0.6497326844042076,1,0.9314824529855056,0.8999551783948083,FALSE,FALSE,NS,NS
GOBP_POSITIVE_REGULATION_OF_PHOSPHORUS_METABOLIC_PROCESS,-0.591535613726625,1,1.0082586339147621,0.8332284053686623,FALSE,FALSE,NS,NS
GOBP_POSITIVE_REGULATION_OF_PHOSPHORYLATION,-0.6672923224044829,1,-1.019570244481172,0.8312526009155222,FALSE,FALSE,NS,NS
GOBP_POSITIVE_REGULATION_OF_POST_TRANSLATIONAL_PROTEIN_MODIFICATION,-1.1561071702331571,0.5701727713315887,-1.6782637202612094,0.32883394942588895,FALSE,FALSE,NS,NS
GOBP_POSITIVE_REGULATION_OF_PROTEASOMAL_PROTEIN_CATABOLIC_PROCESS,-0.7104365794861918,1,-1.5767491117575823,0.35496024167505813,FALSE,FALSE,NS,NS
GOBP_POSITIVE_REGULATION_OF_PROTEASOMAL_UBIQUITIN_DEPENDENT_PROTEIN_CATABOLIC_PROCESS,-1.0401767226907437,0.738545248901024,-1.2868589065678042,0.5873640854430237,FALSE,FALSE,NS,NS
GOBP_POSITIVE_REGULATION_OF_PROTEIN_CATABOLIC_PROCESS,1.2287849622192433,0.4730963118954881,-1.4329967471071383,0.41446208112874783,FALSE,FALSE,NS,NS
GOBP_POSITIVE_REGULATION_OF_PROTEIN_CONTAINING_COMPLEX_ASSEMBLY,1.251936979768867,0.4452112146625361,1.0332224843909479,0.7929068614556565,FALSE,FALSE,NS,NS
GOBP_POSITIVE_REGULATION_OF_PROTEIN_LOCALIZATION,-0.7906024886245632,1,-0.7729376092704904,0.9997322623828648,FALSE,FALSE,NS,NS
GOBP_POSITIVE_REGULATION_OF_PROTEIN_LOCALIZATION_TO_CELL_PERIPHERY,1.4258670394780426,0.3353058757484549,-0.8005993877275602,0.9668166343460463,FALSE,FALSE,NS,NS
GOBP_POSITIVE_REGULATION_OF_PROTEIN_LOCALIZATION_TO_MEMBRANE,1.2608337782912884,0.4901180058368479,-1.3040456680491825,0.5805581882119608,FALSE,FALSE,NS,NS
GOBP_POSITIVE_REGULATION_OF_PROTEIN_LOCALIZATION_TO_NUCLEUS,-1.2945217532152558,0.44250292795116236,0.8950854306253683,0.9340963142005688,FALSE,FALSE,NS,NS
GOBP_POSITIVE_REGULATION_OF_PROTEIN_MODIFICATION_PROCESS,-0.8629547474012693,0.9408832045406609,-1.4515327871180348,0.3813434842552424,FALSE,FALSE,NS,NS
GOBP_POSITIVE_REGULATION_OF_PROTEIN_POLYMERIZATION,1.3231866459641408,0.4361941707006128,1.1940748950407893,0.6254408327778783,FALSE,FALSE,NS,NS
GOBP_POSITIVE_REGULATION_OF_PROTEIN_SECRETION,-0.9737188639383039,0.8025010774977424,0.7196142111932293,0.9997322623828648,FALSE,FALSE,NS,NS
GOBP_POSITIVE_REGULATION_OF_PROTEIN_TRANSPORT,-0.8276902022880644,0.9671662787127963,0.7740038172391435,0.9997322623828648,FALSE,FALSE,NS,NS
GOBP_POSITIVE_REGULATION_OF_PROTEIN_UBIQUITINATION,-1.1751211445818301,0.561259169549253,-1.4833996764152826,0.4110558886871588,FALSE,FALSE,NS,NS
GOBP_POSITIVE_REGULATION_OF_PROTEOLYSIS,0.8869531252701958,0.9102166626052582,-1.081341312528585,0.7401546035133931,FALSE,FALSE,NS,NS
GOBP_POSITIVE_REGULATION_OF_PROTEOLYSIS_INVOLVED_IN_PROTEIN_CATABOLIC_PROCESS,-0.6782796474823876,1,-1.6416321071260345,0.35496024167505813,FALSE,FALSE,NS,NS
GOBP_POSITIVE_REGULATION_OF_REACTIVE_OXYGEN_SPECIES_METABOLIC_PROCESS,-1.02063616787121,0.7565162952118488,1.0716194164554453,0.7660386615641251,FALSE,FALSE,NS,NS
GOBP_POSITIVE_REGULATION_OF_RESPONSE_TO_BIOTIC_STIMULUS,0.9078291022983184,0.9015358744394618,-1.1910202822423805,0.6006128329498203,FALSE,FALSE,NS,NS
GOBP_POSITIVE_REGULATION_OF_SECRETION,-0.9662459385494769,0.8180186486256046,-0.7296424448397023,0.9997322623828648,FALSE,FALSE,NS,NS
GOBP_POSITIVE_REGULATION_OF_SMALL_GTPASE_MEDIATED_SIGNAL_TRANSDUCTION,-0.9509448687255179,0.8337865103189699,1.168564431520547,0.6483555348070655,FALSE,FALSE,NS,NS
GOBP_POSITIVE_REGULATION_OF_SMALL_MOLECULE_METABOLIC_PROCESS,-0.9720839150696017,0.8088065227036344,0.9612441317532762,0.8743652578496142,FALSE,FALSE,NS,NS
GOBP_POSITIVE_REGULATION_OF_SYNAPTIC_TRANSMISSION,1.103307487737656,0.6704253720870721,1.0778900379957872,0.7578545773770635,FALSE,FALSE,NS,NS
GOBP_POSITIVE_REGULATION_OF_TELOMERE_MAINTENANCE,1.1277407971007578,0.6282503655667875,-1.2586804377307008,0.5931146423465876,FALSE,FALSE,NS,NS
GOBP_POSITIVE_REGULATION_OF_TRANSLATION,1.4017460176643899,0.3148059621324023,-0.9758805971084319,0.8661793912336554,FALSE,FALSE,NS,NS
GOBP_POSITIVE_REGULATION_OF_TRANSMEMBRANE_TRANSPORT,-1.0038945912648276,0.7629170397555483,1.131047358148545,0.6755908047477617,FALSE,FALSE,NS,NS
GOBP_POSITIVE_REGULATION_OF_TUMOR_NECROSIS_FACTOR_SUPERFAMILY_CYTOKINE_PRODUCTION,-0.9392857390966421,0.8426257283091587,-1.471783896554036,0.4256589492285645,FALSE,FALSE,NS,NS
GOBP_POSITIVE_REGULATION_OF_TYPE_I_INTERFERON_PRODUCTION,0.9239229465844659,0.8476303579319487,-0.9893586675399723,0.8530479409187633,FALSE,FALSE,NS,NS
GOBP_POSITIVE_REGULATION_OF_UBIQUITIN_DEPENDENT_PROTEIN_CATABOLIC_PROCESS,-0.8168838419199596,0.9408832045406609,-1.412968309336323,0.4692816007657984,FALSE,FALSE,NS,NS
GOBP_POSITIVE_REGULATION_OF_VASCULATURE_DEVELOPMENT,1.0556022473217164,0.7226752036978696,0.6400984385141266,0.9997322623828648,FALSE,FALSE,NS,NS
GOBP_POSITIVE_REGULATION_OF_VIRAL_PROCESS,0.7235287442107662,0.9912623915293161,-1.3393861671129488,0.5422323684798657,FALSE,FALSE,NS,NS
GOBP_POSITIVE_REGULATION_OF_WNT_SIGNALING_PATHWAY,1.0157122040098752,0.7608050203321551,-0.8865690956777179,0.9340963142005688,FALSE,FALSE,NS,NS
GOBP_POSTSYNAPSE_ORGANIZATION,1.263287631392419,0.463798952045376,-0.8625022706856075,0.9550268272161764,FALSE,FALSE,NS,NS
GOBP_POST_GOLGI_VESICLE_MEDIATED_TRANSPORT,0.9713678913841398,0.8071803330191644,1.2306253073246909,0.6006128329498203,FALSE,FALSE,NS,NS
GOBP_POTASSIUM_ION_TRANSPORT,-1.0403259055931313,0.7281698270780114,-0.6470896257465678,0.9997322623828648,FALSE,FALSE,NS,NS
GOBP_PRESYNAPTIC_ENDOCYTOSIS,1.7398881031823583,0.08291006417470116,0.9124447627346515,0.9185301112218812,FALSE,FALSE,NS,NS
GOBP_PRIMARY_ALCOHOL_METABOLIC_PROCESS,-1.1257370527005244,0.613080538953668,0.7856783967784324,0.9907323278211885,FALSE,FALSE,NS,NS
GOBP_PRODUCTION_OF_MOLECULAR_MEDIATOR_OF_IMMUNE_RESPONSE,1.0005377607244628,0.768521867625844,1.0535641615468512,0.7854665565648224,FALSE,FALSE,NS,NS
GOBP_PROSTANOID_METABOLIC_PROCESS,0.8796264678809094,0.9020454505331544,-1.09324061406912,0.7470441342845252,FALSE,FALSE,NS,NS
GOBP_PROTEIN_COMPLEX_OLIGOMERIZATION,0.8502403892377122,0.9486013830177488,-0.9825965441600707,0.8596659632987634,FALSE,FALSE,NS,NS
GOBP_PROTEIN_CONTAINING_COMPLEX_DISASSEMBLY,1.196750045291522,0.5034060644653793,0.6455729611623436,0.9997322623828648,FALSE,FALSE,NS,NS
GOBP_PROTEIN_DEPHOSPHORYLATION,-1.329781177273475,0.430743983803783,0.9668642495132181,0.86908068646483,FALSE,FALSE,NS,NS
GOBP_PROTEIN_DEPOLYMERIZATION,1.30854015647149,0.42821237825950365,1.2326590021157064,0.5873640854430237,FALSE,FALSE,NS,NS
GOBP_PROTEIN_DNA_COMPLEX_ORGANIZATION,-0.7824552971383989,0.952795644229849,-0.6764665169126872,0.9997322623828648,FALSE,FALSE,NS,NS
GOBP_PROTEIN_EXPORT_FROM_NUCLEUS,-0.9854354693745188,0.7817782422898775,-1.1351693857180274,0.7076623292548715,FALSE,FALSE,NS,NS
GOBP_PROTEIN_FOLDING,1.4544534165068597,0.16611822059719683,0.8298894004405154,0.9982820957958255,FALSE,FALSE,NS,NS
GOBP_PROTEIN_HOMOOLIGOMERIZATION,0.8964283899645091,0.9073854848536923,-1.0398705140440976,0.7929068614556565,FALSE,FALSE,NS,NS
GOBP_PROTEIN_HOMOTETRAMERIZATION,-0.7608867498256416,0.9783225511435618,-1.5620925536605248,0.3763897942923366,FALSE,FALSE,NS,NS
GOBP_PROTEIN_INSERTION_INTO_MEMBRANE,-1.0997709263022066,0.6752256322412513,0.8814729641989488,0.9340963142005688,FALSE,FALSE,NS,NS
GOBP_PROTEIN_K48_LINKED_UBIQUITINATION,-1.3910416402369417,0.36940212560870267,-1.0809014872563198,0.7578545773770635,FALSE,FALSE,NS,NS
GOBP_PROTEIN_LOCALIZATION_TO_CELL_JUNCTION,-0.695070713651794,1,1.4102082886545277,0.4692816007657984,FALSE,FALSE,NS,NS
GOBP_PROTEIN_LOCALIZATION_TO_CELL_PERIPHERY,1.0908061902710071,0.6276975177192786,1.0329841774306536,0.7881146407507219,FALSE,FALSE,NS,NS
GOBP_PROTEIN_LOCALIZATION_TO_EXTRACELLULAR_REGION,0.8322599491959497,0.9545514096898164,0.8007865370958438,0.9997322623828648,FALSE,FALSE,NS,NS
GOBP_PROTEIN_LOCALIZATION_TO_MEMBRANE,1.3627493484206135,0.2710567984792463,1.1511530424432754,0.611224124294197,FALSE,FALSE,NS,NS
GOBP_PROTEIN_LOCALIZATION_TO_MITOCHONDRION,-0.6988983182168786,1,1.0620143861866473,0.7568593117635847,FALSE,FALSE,NS,NS
GOBP_PROTEIN_LOCALIZATION_TO_NUCLEUS,-0.8197346322000012,0.9798484050928187,-0.8710186011808182,0.9555064316232875,FALSE,FALSE,NS,NS
GOBP_PROTEIN_LOCALIZATION_TO_PLASMA_MEMBRANE,1.2837571367614686,0.3924692671948036,1.1990091667103362,0.5873640854430237,FALSE,FALSE,NS,NS
GOBP_PROTEIN_LOCALIZATION_TO_VACUOLE,0.6439144978265107,1,-0.9568054013760247,0.8743652578496142,FALSE,FALSE,NS,NS
GOBP_PROTEIN_MODIFICATION_BY_SMALL_PROTEIN_REMOVAL,-1.6128723404985952,0.15796197623241837,-1.5647696376564122,0.35496024167505813,FALSE,FALSE,NS,NS
GOBP_PROTEIN_NEDDYLATION,-1.304450777398272,0.4605390474417595,-1.567178311416369,0.3763897942923366,FALSE,FALSE,NS,NS
GOBP_PROTEIN_POLYMERIZATION,1.2195241311716856,0.4763395609965553,1.3618988479153864,0.4208975468975468,FALSE,FALSE,NS,NS
GOBP_PROTEIN_PROCESSING,1.0982965770132138,0.6661729891468571,0.9587289079558711,0.8743652578496142,FALSE,FALSE,NS,NS
GOBP_PROTEIN_REFOLDING,1.0919969414375372,0.6812726565106194,1.1456203285492879,0.6906104494723788,FALSE,FALSE,NS,NS
GOBP_PROTEIN_RNA_COMPLEX_ORGANIZATION,1.5478597954771713,0.12778904962461088,-1.2938559328630252,0.4830642945217545,FALSE,FALSE,NS,NS
GOBP_PROTEIN_STABILIZATION,0.8948836953463887,0.9088678210150437,0.7379291829956739,0.9997322623828648,FALSE,FALSE,NS,NS
GOBP_PROTEIN_TARGETING,0.7335171757270307,1,1.1697008542672045,0.6077443689919017,FALSE,FALSE,NS,NS
GOBP_PROTEIN_TARGETING_TO_MEMBRANE,1.1902900068883915,0.5679528772836553,0.9817389966075537,0.8596659632987634,FALSE,FALSE,NS,NS
GOBP_PROTEIN_TARGETING_TO_MITOCHONDRION,-1.2681045623534697,0.4452112146625361,1.1941524550455813,0.6089068825910932,FALSE,FALSE,NS,NS
GOBP_PROTEIN_TETRAMERIZATION,-0.7649395036536615,0.9798484050928187,-1.3205014923073797,0.5294727324300291,FALSE,FALSE,NS,NS
GOBP_PROTEIN_TRANSMEMBRANE_TRANSPORT,1.0770150777658456,0.7014800216293962,0.8805268226108222,0.9363564903911311,FALSE,FALSE,NS,NS
GOBP_PROTON_MOTIVE_FORCE_DRIVEN_ATP_SYNTHESIS,1.6032291840711808,0.11001860267795967,1.3127982595627803,0.46817780407512916,FALSE,FALSE,NS,NS
GOBP_PROTON_TRANSMEMBRANE_TRANSPORT,1.5790915347933472,0.08498237014103886,1.2201447599022857,0.5422323684798657,FALSE,FALSE,NS,NS
GOBP_PURINE_CONTAINING_COMPOUND_BIOSYNTHETIC_PROCESS,0.6200334203030436,1,-0.5399669535019554,0.9997322623828648,FALSE,FALSE,NS,NS
GOBP_PURINE_CONTAINING_COMPOUND_CATABOLIC_PROCESS,-0.8286898184059279,0.9732895117854867,0.73365421266847,0.9997322623828648,FALSE,FALSE,NS,NS
GOBP_PURINE_NUCLEOSIDE_MONOPHOSPHATE_METABOLIC_PROCESS,-1.3014473108847184,0.4386049274607967,-0.9976471247834788,0.8508851916717053,FALSE,FALSE,NS,NS
GOBP_PYRIDINE_CONTAINING_COMPOUND_CATABOLIC_PROCESS,-0.7387399546592085,1,-0.9765281277238366,0.8634975224562753,FALSE,FALSE,NS,NS
GOBP_PYRIDINE_CONTAINING_COMPOUND_METABOLIC_PROCESS,-1.2865850624237294,0.3555867681045228,-1.1351724789048008,0.6390502524035413,FALSE,FALSE,NS,NS
GOBP_PYRIMIDINE_CONTAINING_COMPOUND_METABOLIC_PROCESS,-0.9247957913600354,0.8445924435929297,-1.4204597772373935,0.4692816007657984,FALSE,FALSE,NS,NS
GOBP_PYRUVATE_METABOLIC_PROCESS,-0.8099370055943018,0.9798484050928187,-0.8196185061299581,0.9886819930793956,FALSE,FALSE,NS,NS
GOBP_RAS_PROTEIN_SIGNAL_TRANSDUCTION,-0.7179495742565293,1,-0.7611327942411809,0.9907323278211885,FALSE,FALSE,NS,NS
GOBP_REACTIVE_NITROGEN_SPECIES_METABOLIC_PROCESS,1.2916967902378915,0.4514715464813206,0.665897195585892,0.9997322623828648,FALSE,FALSE,NS,NS
GOBP_REACTIVE_OXYGEN_SPECIES_METABOLIC_PROCESS,0.7091900051777063,1,-0.866019438326187,0.9555064316232875,FALSE,FALSE,NS,NS
GOBP_RECEPTOR_INTERNALIZATION,1.4061854586201892,0.33855988702523965,-0.8644198985339742,0.9505778588807785,FALSE,FALSE,NS,NS
GOBP_RECEPTOR_MEDIATED_ENDOCYTOSIS,1.667737878828632,0.1008809712270891,-0.6759987743300452,0.9997322623828648,FALSE,FALSE,NS,NS
GOBP_RECOMBINATIONAL_REPAIR,-1.0033177112700333,0.7681702584402934,-0.8241154404873334,0.9555064316232875,FALSE,FALSE,NS,NS
GOBP_REGENERATION,0.8671000293007276,0.9192448319733787,1.2298228277988186,0.5931146423465876,FALSE,FALSE,NS,NS
GOBP_REGULATED_EXOCYTOSIS,-0.7402437590298794,0.9936103790663708,0.7653523797488302,0.9982820957958255,FALSE,FALSE,NS,NS
GOBP_REGULATION_OF_ACTIN_FILAMENT_BUNDLE_ASSEMBLY,1.2986172461156091,0.4564357748334174,1.532199933289139,0.39388913138367526,FALSE,FALSE,NS,NS
GOBP_REGULATION_OF_ACTIN_FILAMENT_LENGTH,1.647063191875211,0.1267194001874414,0.9371376220892745,0.8999551783948083,FALSE,FALSE,NS,NS
GOBP_REGULATION_OF_ACTIN_FILAMENT_ORGANIZATION,1.6666894935606014,0.08514566118372868,1.3110882119640819,0.4830185426404107,FALSE,FALSE,NS,NS
GOBP_REGULATION_OF_ACTIN_FILAMENT_POLYMERIZATION,1.7857515437990712,0.08218247976175497,1.077812288450099,0.7442538373838344,FALSE,FALSE,NS,NS
GOBP_REGULATION_OF_ADAPTIVE_IMMUNE_RESPONSE,0.711810628719328,1,1.004979749225779,0.8407980321717355,FALSE,FALSE,NS,NS
GOBP_REGULATION_OF_AMIDE_METABOLIC_PROCESS,-1.1611720416005746,0.5867698546396125,1.2307944554172834,0.6006128329498203,FALSE,FALSE,NS,NS
GOBP_REGULATION_OF_AMPA_RECEPTOR_ACTIVITY,-1.0050025892920282,0.7629170397555483,0.87798827566836,0.9363564903911311,FALSE,FALSE,NS,NS
GOBP_REGULATION_OF_APOPTOTIC_SIGNALING_PATHWAY,-0.6567042142592296,1,-0.8308799009861535,0.9900722311793391,FALSE,FALSE,NS,NS
GOBP_REGULATION_OF_AUTOPHAGY,0.5999529140261348,1,-1.033170829860449,0.7929068614556565,FALSE,FALSE,NS,NS
GOBP_REGULATION_OF_AUTOPHAGY_OF_MITOCHONDRION,-0.8765858991968808,0.9073854848536923,1.145198508780288,0.6786685946232318,FALSE,FALSE,NS,NS
GOBP_REGULATION_OF_BLOOD_CIRCULATION,-1.1109886025525444,0.6068336307203934,-0.8463640907814618,0.9650809575979866,FALSE,FALSE,NS,NS
GOBP_REGULATION_OF_BLOOD_PRESSURE,-0.9275180624814048,0.8529029089303382,-0.8418589630293543,0.9555064316232875,FALSE,FALSE,NS,NS
GOBP_REGULATION_OF_BODY_FLUID_LEVELS,1.2722337297493977,0.42821237825950365,1.0976410025404062,0.6976059354443934,FALSE,FALSE,NS,NS
GOBP_REGULATION_OF_CALCIUM_ION_TRANSMEMBRANE_TRANSPORT,-1.174577950497518,0.5407206912087079,-0.7430613672044707,0.9997322623828648,FALSE,FALSE,NS,NS
GOBP_REGULATION_OF_CALCIUM_ION_TRANSPORT,-1.2329587408143905,0.4514715464813206,-0.6851967962837308,0.9997322623828648,FALSE,FALSE,NS,NS
GOBP_REGULATION_OF_CALCIUM_MEDIATED_SIGNALING,-0.8458054709334532,0.9194797014884666,0.7872544036944764,0.9830245150861201,FALSE,FALSE,NS,NS
GOBP_REGULATION_OF_CANONICAL_WNT_SIGNALING_PATHWAY,-1.1058083818112492,0.64350924623665,-1.1469749118618238,0.6896727131189897,FALSE,FALSE,NS,NS
GOBP_REGULATION_OF_CARBOHYDRATE_BIOSYNTHETIC_PROCESS,-1.0943707018242375,0.6700158757483597,0.6997958084136859,0.9997322623828648,FALSE,FALSE,NS,NS
GOBP_REGULATION_OF_CARBOHYDRATE_CATABOLIC_PROCESS,-0.8270038192236304,0.9402638938190657,-0.9293030764434347,0.8998770688492551,FALSE,FALSE,NS,NS
GOBP_REGULATION_OF_CARBOHYDRATE_METABOLIC_PROCESS,-0.9487852676613335,0.8395003523731993,-0.7852475955508973,0.9982820957958255,FALSE,FALSE,NS,NS
GOBP_REGULATION_OF_CARDIAC_MUSCLE_CONTRACTION,-0.9507650148311324,0.828362902443361,-0.6601871912012511,0.9997322623828648,FALSE,FALSE,NS,NS
GOBP_REGULATION_OF_CARDIAC_MUSCLE_CONTRACTION_BY_CALCIUM_ION_SIGNALING,-1.2220204401487567,0.5274193677470989,0.581581516397025,0.9997322623828648,FALSE,FALSE,NS,NS
GOBP_REGULATION_OF_CELLULAR_COMPONENT_SIZE,1.5298144676604728,0.15353469084607288,0.6187871358959102,0.9997322623828648,FALSE,FALSE,NS,NS
GOBP_REGULATION_OF_CELLULAR_RESPONSE_TO_GROWTH_FACTOR_STIMULUS,0.7715818890831044,0.9884282060312823,-0.7940893682755574,0.9907323278211885,FALSE,FALSE,NS,NS
GOBP_REGULATION_OF_CELLULAR_RESPONSE_TO_INSULIN_STIMULUS,-0.9179533778779806,0.8612508830966015,0.6730434698346345,0.9997322623828648,FALSE,FALSE,NS,NS
GOBP_REGULATION_OF_CELLULAR_RESPONSE_TO_TRANSFORMING_GROWTH_FACTOR_BETA_STIMULUS,1.1787940418146452,0.5688113548651466,-0.5276622516092778,0.9997322623828648,FALSE,FALSE,NS,NS
GOBP_REGULATION_OF_CELL_CYCLE_CHECKPOINT,0.938287227385287,0.8392222522279233,1.608341939437442,0.36007396970764355,FALSE,FALSE,NS,NS
GOBP_REGULATION_OF_CELL_CYCLE_G1_S_PHASE_TRANSITION,-0.8350797338701029,0.9463722652164313,-1.044813563453345,0.7929068614556565,FALSE,FALSE,NS,NS
GOBP_REGULATION_OF_CELL_CYCLE_PHASE_TRANSITION,-0.9672695471481951,0.8187795778672473,-0.8290802294649129,0.9859943070278759,FALSE,FALSE,NS,NS
GOBP_REGULATION_OF_CELL_DIVISION,-0.8345438122957066,0.9370160287768136,-1.188007064910847,0.65000785792865,FALSE,FALSE,NS,NS
GOBP_REGULATION_OF_CELL_GROWTH,-0.8519203776127,0.952795644229849,-0.8686866662834455,0.9555064316232875,FALSE,FALSE,NS,NS
GOBP_REGULATION_OF_CELL_JUNCTION_ASSEMBLY,0.9428744446523697,0.8445924435929297,0.9808633901512421,0.8596659632987634,FALSE,FALSE,NS,NS
GOBP_REGULATION_OF_CELL_MATRIX_ADHESION,-0.8169618900626168,0.9408832045406609,-0.7148595467442349,0.9997322623828648,FALSE,FALSE,NS,NS
GOBP_REGULATION_OF_CELL_MORPHOGENESIS,1.116636813737044,0.6317563990654624,1.1492600874133954,0.6599049790308955,FALSE,FALSE,NS,NS
GOBP_REGULATION_OF_CELL_SHAPE,1.2247844104577166,0.5199914106858481,1.097716339433343,0.7286353652977497,FALSE,FALSE,NS,NS
GOBP_REGULATION_OF_CELL_SIZE,0.8194698285515657,0.9458988556662975,-1.1739081958033843,0.6574063727340008,FALSE,FALSE,NS,NS
GOBP_REGULATION_OF_CELL_SUBSTRATE_ADHESION,1.0189534772466358,0.7568974081644707,1.1654421487867042,0.6287720002005717,FALSE,FALSE,NS,NS
GOBP_REGULATION_OF_CHEMOTAXIS,1.0864676640444202,0.6904616253206808,-0.8998723453069425,0.922624807556207,FALSE,FALSE,NS,NS
GOBP_REGULATION_OF_CHROMOSOME_ORGANIZATION,1.2980981128809261,0.41321243523316065,0.6982813348781237,0.9997322623828648,FALSE,FALSE,NS,NS
GOBP_REGULATION_OF_CHROMOSOME_SEGREGATION,1.3333921412910426,0.4386049274607967,0.9438978061272678,0.8858613274979299,FALSE,FALSE,NS,NS
GOBP_REGULATION_OF_CIRCADIAN_RHYTHM,1.3608646347377742,0.3806156870629761,0.8903509665025983,0.9340963142005688,FALSE,FALSE,NS,NS
GOBP_REGULATION_OF_CYTOPLASMIC_PATTERN_RECOGNITION_RECEPTOR_SIGNALING_PATHWAY,-0.7416430468506883,0.9946381332060927,-1.2641126748727503,0.5817583061302145,FALSE,FALSE,NS,NS
GOBP_REGULATION_OF_DEVELOPMENTAL_GROWTH,1.0388186896837697,0.7420237532413576,-0.7657613652525406,0.9984836243488326,FALSE,FALSE,NS,NS
GOBP_REGULATION_OF_DNA_BINDING_TRANSCRIPTION_FACTOR_ACTIVITY,-0.8586433887429958,0.9192448319733787,1.2470089776289761,0.5903255736409665,FALSE,FALSE,NS,NS
GOBP_REGULATION_OF_DNA_RECOMBINATION,-1.1466712099462277,0.6174304035407411,-1.0581606805969637,0.7881146407507219,FALSE,FALSE,NS,NS
GOBP_REGULATION_OF_DNA_REPAIR,-1.2083825292108807,0.5156652715707835,-1.0432124015061013,0.7929068614556565,FALSE,FALSE,NS,NS
GOBP_REGULATION_OF_DOUBLE_STRAND_BREAK_REPAIR,-1.2248649326105419,0.5248733850545977,-1.3076342617212997,0.559219244381381,FALSE,FALSE,NS,NS
GOBP_REGULATION_OF_ENDOCYTOSIS,1.1520094532604281,0.561259169549253,0.8937397332160395,0.9526511507659748,FALSE,FALSE,NS,NS
GOBP_REGULATION_OF_ENDOTHELIAL_CELL_MIGRATION,-0.8469137701881282,0.9370160287768136,0.9112531900193807,0.9185929547146277,FALSE,FALSE,NS,NS
GOBP_REGULATION_OF_EPITHELIAL_CELL_PROLIFERATION,0.9385369847346902,0.8445924435929297,-0.999507323897843,0.8508851916717053,FALSE,FALSE,NS,NS
GOBP_REGULATION_OF_ESTABLISHMENT_OF_PROTEIN_LOCALIZATION_TO_MITOCHONDRION,-1.5349212452505168,0.24798259016525268,0.8209111739565974,0.9588882947539316,FALSE,FALSE,NS,NS
GOBP_REGULATION_OF_EXOCYTOSIS,-1.1302502966218588,0.6068336307203934,-0.8235471150877681,0.9653061020473449,FALSE,FALSE,NS,NS
GOBP_REGULATION_OF_EXTRINSIC_APOPTOTIC_SIGNALING_PATHWAY,0.6798895709338691,1,-0.5418369778193374,0.9997322623828648,FALSE,FALSE,NS,NS
GOBP_REGULATION_OF_FATTY_ACID_METABOLIC_PROCESS,-0.32973171060527784,1,0.7367156723740647,0.9997322623828648,FALSE,FALSE,NS,NS
GOBP_REGULATION_OF_GENERATION_OF_PRECURSOR_METABOLITES_AND_ENERGY,-1.1057406523676427,0.6265170145451835,-0.9575698981158601,0.8743652578496142,FALSE,FALSE,NS,NS
GOBP_REGULATION_OF_GLUCOSE_METABOLIC_PROCESS,-1.1312875843531605,0.6198473132742238,0.8244716383541045,0.9619673818930959,FALSE,FALSE,NS,NS
GOBP_REGULATION_OF_GLYCOLYTIC_PROCESS,-0.9424277098118783,0.8337865103189699,-0.7929534928796044,0.9731545011012532,FALSE,FALSE,NS,NS
GOBP_REGULATION_OF_G_PROTEIN_COUPLED_RECEPTOR_SIGNALING_PATHWAY,1.1970289141416914,0.5545605761868949,0.9132302149557537,0.9136039575149134,FALSE,FALSE,NS,NS
GOBP_REGULATION_OF_HEART_CONTRACTION,-0.9894383798444046,0.7816821235072082,-0.7253604255952687,0.9997322623828648,FALSE,FALSE,NS,NS
GOBP_REGULATION_OF_HEART_RATE,-0.9137587660512507,0.8656973486177121,-0.7720866930639262,0.9897709984786612,FALSE,FALSE,NS,NS
GOBP_REGULATION_OF_HEMOPOIESIS,-0.6672568584850389,1,-1.5095341066427943,0.35496024167505813,FALSE,FALSE,NS,NS
GOBP_REGULATION_OF_HORMONE_SECRETION,-1.17080628671239,0.5489410251767667,-0.7636795055139426,0.9997322623828648,FALSE,FALSE,NS,NS
GOBP_REGULATION_OF_HYDROLASE_ACTIVITY,1.2229956261806485,0.522546732368161,1.166002464497339,0.652794955869118,FALSE,FALSE,NS,NS
GOBP_REGULATION_OF_IMMUNE_EFFECTOR_PROCESS,1.0238730784840497,0.7540838251371959,1.02774743174775,0.8032512743660986,FALSE,FALSE,NS,NS
GOBP_REGULATION_OF_INFLAMMATORY_RESPONSE,-0.837037729144518,0.9513830805602425,1.0874477636857418,0.7286353652977497,FALSE,FALSE,NS,NS
GOBP_REGULATION_OF_INSULIN_SECRETION,-1.3415646223041633,0.3837191852689559,-1.188957230987602,0.6254408327778783,FALSE,FALSE,NS,NS
GOBP_REGULATION_OF_INTRACELLULAR_PROTEIN_TRANSPORT,-0.7534245737781162,0.9946381332060927,-0.9962374564937414,0.8508851916717053,FALSE,FALSE,NS,NS
GOBP_REGULATION_OF_INTRACELLULAR_TRANSPORT,0.8377948356849967,0.9671662787127963,-0.7760773925704316,0.9997322623828648,FALSE,FALSE,NS,NS
GOBP_REGULATION_OF_INTRINSIC_APOPTOTIC_SIGNALING_PATHWAY,-0.8618386591173445,0.9370160287768136,-0.9463680589532051,0.8881188922818244,FALSE,FALSE,NS,NS
GOBP_REGULATION_OF_KETONE_METABOLIC_PROCESS,-0.4168780976716553,1,-0.5541152681195078,0.9997322623828648,FALSE,FALSE,NS,NS
GOBP_REGULATION_OF_KINASE_ACTIVITY,0.7187483756229532,1,1.0723930955927015,0.7444059755771766,FALSE,FALSE,NS,NS
GOBP_REGULATION_OF_LEUKOCYTE_DIFFERENTIATION,-0.6539190683314976,1,-1.4981287626083966,0.3763897942923366,FALSE,FALSE,NS,NS
GOBP_REGULATION_OF_LEUKOCYTE_MEDIATED_IMMUNITY,-0.6296744369050893,1,1.046445881564944,0.7881146407507219,FALSE,FALSE,NS,NS
GOBP_REGULATION_OF_LEUKOCYTE_MIGRATION,1.3581744072017818,0.3837191852689559,0.8056569711978023,0.9771766891594359,FALSE,FALSE,NS,NS
GOBP_REGULATION_OF_LEUKOCYTE_PROLIFERATION,0.4550675541490742,1,0.7419241913993827,0.9997322623828648,FALSE,FALSE,NS,NS
GOBP_REGULATION_OF_LIPID_BIOSYNTHETIC_PROCESS,0.7224359299728385,1,-0.8184095956968676,0.9679868379321281,FALSE,FALSE,NS,NS
GOBP_REGULATION_OF_LIPID_LOCALIZATION,1.1557257355024964,0.580465668307327,-0.7565459439070961,0.9982820957958255,FALSE,FALSE,NS,NS
GOBP_REGULATION_OF_LIPID_METABOLIC_PROCESS,0.5036508623774842,1,-0.7821028802363448,0.9997322623828648,FALSE,FALSE,NS,NS
GOBP_REGULATION_OF_LYMPHOCYTE_DIFFERENTIATION,-0.9458429612011863,0.8376611060274012,-1.6212437986187358,0.35496024167505813,FALSE,FALSE,NS,NS
GOBP_REGULATION_OF_LYMPHOCYTE_MEDIATED_IMMUNITY,0.6609062561761723,1,1.0508578043380552,0.7844484524975016,FALSE,FALSE,NS,NS
GOBP_REGULATION_OF_MACROAUTOPHAGY,-0.5865244718220003,1,0.8783354805469651,0.9555064316232875,FALSE,FALSE,NS,NS
GOBP_REGULATION_OF_MEMBRANE_PERMEABILITY,0.4234264398978875,1,-0.8169267687880148,0.9555064316232875,FALSE,FALSE,NS,NS
GOBP_REGULATION_OF_MEMBRANE_POTENTIAL,-0.9435257925613413,0.8476303579319487,-0.7566989796859416,0.9997322623828648,FALSE,FALSE,NS,NS
GOBP_REGULATION_OF_MICROTUBULE_BASED_PROCESS,-0.7121258649565181,1,1.242697701267462,0.559219244381381,FALSE,FALSE,NS,NS
GOBP_REGULATION_OF_MICROTUBULE_CYTOSKELETON_ORGANIZATION,-0.6547968197022198,1,0.9032220594864837,0.9363564903911311,FALSE,FALSE,NS,NS
GOBP_REGULATION_OF_MICROTUBULE_POLYMERIZATION,-0.9338558390244989,0.8445924435929297,0.9598965325879226,0.8743652578496142,FALSE,FALSE,NS,NS
GOBP_REGULATION_OF_MICROTUBULE_POLYMERIZATION_OR_DEPOLYMERIZATION,-0.8894285668458211,0.8882629601738997,1.3100496293041066,0.5484634942243398,FALSE,FALSE,NS,NS
GOBP_REGULATION_OF_MITOCHONDRIAL_MEMBRANE_PERMEABILITY,-0.4751953963885847,1,-0.6633696865367921,0.9997322623828648,FALSE,FALSE,NS,NS
GOBP_REGULATION_OF_MITOCHONDRIAL_MEMBRANE_POTENTIAL,-0.7674680840708372,0.9798484050928187,0.7510992777378978,0.9997322623828648,FALSE,FALSE,NS,NS
GOBP_REGULATION_OF_MITOCHONDRION_ORGANIZATION,-0.508788197125014,1,0.8108800121602259,0.9853746997237703,FALSE,FALSE,NS,NS
GOBP_REGULATION_OF_MITOTIC_CELL_CYCLE_PHASE_TRANSITION,-0.9263166949624675,0.8732450405944612,-0.9950927637931495,0.8508851916717053,FALSE,FALSE,NS,NS
GOBP_REGULATION_OF_MITOTIC_NUCLEAR_DIVISION,1.2129878204603897,0.5461989552847398,0.882955739564119,0.9340963142005688,FALSE,FALSE,NS,NS
GOBP_REGULATION_OF_MONOATOMIC_ION_TRANSMEMBRANE_TRANSPORT,-1.4511373472460714,0.22519804796918766,-0.9010777483228588,0.9363564903911311,FALSE,FALSE,NS,NS
GOBP_REGULATION_OF_MONOATOMIC_ION_TRANSPORT,-1.2092594658098506,0.4452112146625361,-0.8716907630274907,0.9587510126105208,FALSE,FALSE,NS,NS
GOBP_REGULATION_OF_MONONUCLEAR_CELL_MIGRATION,1.0312180679465017,0.7540838251371959,-0.926037159345632,0.8999551783948083,FALSE,FALSE,NS,NS
GOBP_REGULATION_OF_MRNA_CATABOLIC_PROCESS,1.5266632879497135,0.216294448261039,1.1295243836262963,0.6698456900571478,FALSE,FALSE,NS,NS
GOBP_REGULATION_OF_MRNA_PROCESSING,1.7034509022603552,0.11142903858731196,-1.452444190797179,0.4208975468975468,FALSE,FALSE,NS,NS
GOBP_REGULATION_OF_MRNA_SPLICING_VIA_SPLICEOSOME,1.6486959331920952,0.13680160588825693,-1.3705136918378076,0.48014135597023294,FALSE,FALSE,NS,NS
GOBP_REGULATION_OF_MUSCLE_ADAPTATION,0.8424523037974645,0.9370160287768136,-0.6868325095527705,0.9997322623828648,FALSE,FALSE,NS,NS
GOBP_REGULATION_OF_MUSCLE_CELL_DIFFERENTIATION,1.1454050517486887,0.6198473132742238,0.6754112613870088,0.9997322623828648,FALSE,FALSE,NS,NS
GOBP_REGULATION_OF_MUSCLE_CONTRACTION,-1.4192298196164541,0.2710567984792463,-0.7388116472889059,0.9997322623828648,FALSE,FALSE,NS,NS
GOBP_REGULATION_OF_MUSCLE_HYPERTROPHY,1.2109382532999946,0.5489410251767667,0.6851473512102262,0.9997322623828648,FALSE,FALSE,NS,NS
GOBP_REGULATION_OF_MUSCLE_SYSTEM_PROCESS,-1.3437669102656424,0.310869417211329,-0.876611567978928,0.9555064316232875,FALSE,FALSE,NS,NS
GOBP_REGULATION_OF_MYELOID_CELL_DIFFERENTIATION,-0.5468972602709666,1,-1.1445105013836094,0.6962996260412981,FALSE,FALSE,NS,NS
GOBP_REGULATION_OF_NERVOUS_SYSTEM_DEVELOPMENT,0.827598519402249,0.952795644229849,1.228690187296751,0.5817583061302145,FALSE,FALSE,NS,NS
GOBP_REGULATION_OF_NEUROGENESIS,-0.8448043124773382,0.9408832045406609,1.1901745800767443,0.6077443689919017,FALSE,FALSE,NS,NS
GOBP_REGULATION_OF_NEURON_APOPTOTIC_PROCESS,-0.8107483196231211,0.952795644229849,0.7313419702439974,0.9997322623828648,FALSE,FALSE,NS,NS
GOBP_REGULATION_OF_NEURON_PROJECTION_DEVELOPMENT,0.8188552046337219,0.9551084275873798,0.7332536781473163,0.9997322623828648,FALSE,FALSE,NS,NS
GOBP_REGULATION_OF_NEUROTRANSMITTER_RECEPTOR_ACTIVITY,-1.0050025892920282,0.7629170397555483,0.87798827566836,0.9363564903911311,FALSE,FALSE,NS,NS
GOBP_REGULATION_OF_NON_CANONICAL_NF_KAPPAB_SIGNAL_TRANSDUCTION,0.9501708003083267,0.831233943750329,-0.7364078336777747,0.9982820957958255,FALSE,FALSE,NS,NS
GOBP_REGULATION_OF_NUCLEAR_DIVISION,1.3111923002311334,0.44250292795116236,-0.6132193529160949,0.9997322623828648,FALSE,FALSE,NS,NS
GOBP_REGULATION_OF_NUCLEOCYTOPLASMIC_TRANSPORT,-0.8031428605089497,0.9532769628174089,-1.162751089124971,0.6596552803203254,FALSE,FALSE,NS,NS
GOBP_REGULATION_OF_NUCLEOTIDE_METABOLIC_PROCESS,-1.1276748462253363,0.6081534112834761,0.7713692802163316,0.9982820957958255,FALSE,FALSE,NS,NS
GOBP_REGULATION_OF_ORGANELLE_ASSEMBLY,1.5175953454894482,0.1897080419963615,-0.7212600482757668,0.9997322623828648,FALSE,FALSE,NS,NS
GOBP_REGULATION_OF_OXIDATIVE_STRESS_INDUCED_INTRINSIC_APOPTOTIC_SIGNALING_PATHWAY,-0.7889037776338509,0.952795644229849,-0.6832189948104415,0.9997322623828648,FALSE,FALSE,NS,NS
GOBP_REGULATION_OF_PATTERN_RECOGNITION_RECEPTOR_SIGNALING_PATHWAY,0.7509911018043091,0.9912623915293161,-1.3240943211289808,0.5240758699588602,FALSE,FALSE,NS,NS
GOBP_REGULATION_OF_PEPTIDE_TRANSPORT,-1.3167703549750664,0.3880529423770956,-1.1669386345180766,0.6491918839107104,FALSE,FALSE,NS,NS
GOBP_REGULATION_OF_PH,0.6460721068874564,1,-1.0144229079948108,0.831181078207888,FALSE,FALSE,NS,NS
GOBP_REGULATION_OF_PHAGOCYTOSIS,0.7911468727964514,0.952795644229849,1.1865673222048483,0.6390502524035413,FALSE,FALSE,NS,NS
GOBP_REGULATION_OF_PHOSPHORYLATION,0.8599212595984723,0.9408832045406609,1.17676810004857,0.6006128329498203,FALSE,FALSE,NS,NS
GOBP_REGULATION_OF_POSTSYNAPTIC_MEMBRANE_NEUROTRANSMITTER_RECEPTOR_LEVELS,-1.0279954171573171,0.7546196602769017,0.6317491013822812,0.9997322623828648,FALSE,FALSE,NS,NS
GOBP_REGULATION_OF_POST_TRANSLATIONAL_PROTEIN_MODIFICATION,-0.83987401372382,0.952795644229849,-1.8084046061211003,0.14842502229024276,FALSE,FALSE,NS,NS
GOBP_REGULATION_OF_POTASSIUM_ION_TRANSPORT,-0.5752615516978001,1,0.7086843166338632,0.9997322623828648,FALSE,FALSE,NS,NS
GOBP_REGULATION_OF_PROTEASOMAL_UBIQUITIN_DEPENDENT_PROTEIN_CATABOLIC_PROCESS,-1.1172242887916288,0.6198473132742238,-0.8427974287993697,0.9555064316232875,FALSE,FALSE,NS,NS
GOBP_REGULATION_OF_PROTEIN_CATABOLIC_PROCESS,-0.7552978821758431,1,-1.3633019093282468,0.3813434842552424,FALSE,FALSE,NS,NS
GOBP_REGULATION_OF_PROTEIN_CONTAINING_COMPLEX_ASSEMBLY,1.357912328640449,0.2705975779233671,1.111014807959417,0.6645475363107916,FALSE,FALSE,NS,NS
GOBP_REGULATION_OF_PROTEIN_CONTAINING_COMPLEX_DISASSEMBLY,1.2369225718947132,0.4802065557412162,1.2270550599976384,0.5873640854430237,FALSE,FALSE,NS,NS
GOBP_REGULATION_OF_PROTEIN_DEPOLYMERIZATION,1.3498652064946293,0.3880529423770956,1.3398544646307147,0.5205857493700763,FALSE,FALSE,NS,NS
GOBP_REGULATION_OF_PROTEIN_IMPORT_INTO_NUCLEUS,0.6180229045962509,1,-0.9598203080065901,0.8743652578496142,FALSE,FALSE,NS,NS
GOBP_REGULATION_OF_PROTEIN_LOCALIZATION_TO_CELL_PERIPHERY,1.2459948981296392,0.4669613431530804,1.0439504438674938,0.7854665565648224,FALSE,FALSE,NS,NS
GOBP_REGULATION_OF_PROTEIN_LOCALIZATION_TO_MEMBRANE,1.4693475220292553,0.2519315367269232,0.8714186964151059,0.9555064316232875,FALSE,FALSE,NS,NS
GOBP_REGULATION_OF_PROTEIN_LOCALIZATION_TO_NUCLEUS,-1.1586454546440583,0.554917629916525,-1.0440192065196134,0.7921917850429854,FALSE,FALSE,NS,NS
GOBP_REGULATION_OF_PROTEIN_LOCALIZATION_TO_PLASMA_MEMBRANE,1.6383854243893554,0.13372169076245835,1.0016365115748365,0.8451487542726518,FALSE,FALSE,NS,NS
GOBP_REGULATION_OF_PROTEIN_POLYMERIZATION,1.3797149477807962,0.3170188038672306,1.2658127666420314,0.5422323684798657,FALSE,FALSE,NS,NS
GOBP_REGULATION_OF_PROTEIN_SECRETION,-1.0548081618493843,0.7122881180372568,-0.6552836229932922,0.9997322623828648,FALSE,FALSE,NS,NS
GOBP_REGULATION_OF_PROTEIN_STABILITY,0.857786967049669,0.952795644229849,-0.8841376942300061,0.9555064316232875,FALSE,FALSE,NS,NS
GOBP_REGULATION_OF_PROTEIN_TARGETING,-1.614020447976463,0.16745170397911924,1.0168867125723156,0.8225379625101249,FALSE,FALSE,NS,NS
GOBP_REGULATION_OF_PROTEIN_TRANSPORT,0.7541333931482883,1,-0.7303011040078,0.9997322623828648,FALSE,FALSE,NS,NS
GOBP_REGULATION_OF_PROTEIN_UBIQUITINATION,-0.8172107308029408,0.960896443384605,-1.5671586310861847,0.35496024167505813,FALSE,FALSE,NS,NS
GOBP_REGULATION_OF_PROTEOLYSIS,-0.7671470087618264,1,-1.431726026772866,0.35496024167505813,FALSE,FALSE,NS,NS
GOBP_REGULATION_OF_PROTEOLYSIS_INVOLVED_IN_PROTEIN_CATABOLIC_PROCESS,-1.140212524467865,0.5347591088674275,-1.591250796031695,0.29210481197851185,FALSE,FALSE,NS,NS
GOBP_REGULATION_OF_REACTIVE_OXYGEN_SPECIES_METABOLIC_PROCESS,-0.9003381431136308,0.9000410961126724,0.7668031484406602,0.9997322623828648,FALSE,FALSE,NS,NS
GOBP_REGULATION_OF_RECEPTOR_MEDIATED_ENDOCYTOSIS,1.4049847253835923,0.3555867681045228,-0.7075101306632723,0.9997322623828648,FALSE,FALSE,NS,NS
GOBP_REGULATION_OF_RELEASE_OF_SEQUESTERED_CALCIUM_ION_INTO_CYTOSOL,-0.9611426587010088,0.8195168878801088,1.1693837517787538,0.6491918839107104,FALSE,FALSE,NS,NS
GOBP_REGULATION_OF_RELEASE_OF_SEQUESTERED_CALCIUM_ION_INTO_CYTOSOL_BY_SARCOPLASMIC_RETICULUM,-1.2435123049438062,0.5002730405980037,0.8598484931598435,0.9508008056228437,FALSE,FALSE,NS,NS
GOBP_REGULATION_OF_RESPONSE_TO_CYTOKINE_STIMULUS,-0.6393435843013435,1,-0.5508254752359439,0.9997322623828648,FALSE,FALSE,NS,NS
GOBP_REGULATION_OF_RESPONSE_TO_ENDOPLASMIC_RETICULUM_STRESS,1.138619360645722,0.613080538953668,-0.7635728474063965,0.9907323278211885,FALSE,FALSE,NS,NS
GOBP_REGULATION_OF_RESPONSE_TO_WOUNDING,0.5233840451456674,1,-0.6064628532718217,0.9997322623828648,FALSE,FALSE,NS,NS
GOBP_REGULATION_OF_RNA_SPLICING,1.6066650927572763,0.1347035457194412,-1.3822812042697952,0.46233330970727315,FALSE,FALSE,NS,NS
GOBP_REGULATION_OF_SIGNALING_RECEPTOR_ACTIVITY,-0.5197236482037978,1,0.9769626738363117,0.8596659632987634,FALSE,FALSE,NS,NS
GOBP_REGULATION_OF_SIGNAL_TRANSDUCTION_BY_P53_CLASS_MEDIATOR,-1.115846674318097,0.6499845336907769,-1.1121108257682093,0.7379617787020684,FALSE,FALSE,NS,NS
GOBP_REGULATION_OF_SMALL_GTPASE_MEDIATED_SIGNAL_TRANSDUCTION,0.951524330856739,0.8337865103189699,0.8864378404167852,0.9444450130300875,FALSE,FALSE,NS,NS
GOBP_REGULATION_OF_SMALL_MOLECULE_METABOLIC_PROCESS,-1.0349633981111703,0.7249858570620403,1.0039506493780863,0.8392102617024219,FALSE,FALSE,NS,NS
GOBP_REGULATION_OF_SODIUM_ION_TRANSPORT,-0.9065316428016552,0.8732450405944612,0.9733749089292935,0.8672618892084387,FALSE,FALSE,NS,NS
GOBP_REGULATION_OF_STEROID_METABOLIC_PROCESS,-0.6464977586555151,1,-0.8862504128240531,0.9340963142005688,FALSE,FALSE,NS,NS
GOBP_REGULATION_OF_STRIATED_MUSCLE_CONTRACTION,-0.8762787308388355,0.9192448319733787,0.8723203821678397,0.9550268272161764,FALSE,FALSE,NS,NS
GOBP_REGULATION_OF_SUBSTRATE_ADHESION_DEPENDENT_CELL_SPREADING,1.44119520087143,0.3353058757484549,1.6309359987453065,0.35496024167505813,FALSE,FALSE,NS,NS
GOBP_REGULATION_OF_SUPRAMOLECULAR_FIBER_ORGANIZATION,1.2451771851166575,0.42821237825950365,1.2594464649523935,0.48685716215496555,FALSE,FALSE,NS,NS
GOBP_REGULATION_OF_SYNAPSE_STRUCTURE_OR_ACTIVITY,1.0222995445958618,0.7540838251371959,0.7973852050735475,0.9926373853555855,FALSE,FALSE,NS,NS
GOBP_REGULATION_OF_SYNAPTIC_PLASTICITY,-0.7510107059900878,0.9912623915293161,-1.031420610895706,0.8133511897346456,FALSE,FALSE,NS,NS
GOBP_REGULATION_OF_TELOMERE_MAINTENANCE,1.0474597124405172,0.7290406601703318,-0.8182274230385234,0.9668166343460463,FALSE,FALSE,NS,NS
GOBP_REGULATION_OF_TELOMERE_MAINTENANCE_VIA_TELOMERE_LENGTHENING,1.1607204384332703,0.6058127085401527,-0.8978374469122983,0.9232970964115982,FALSE,FALSE,NS,NS
GOBP_REGULATION_OF_TRANSFERASE_ACTIVITY,0.7709109382591753,0.9912623915293161,1.1482269565209897,0.6390502524035413,FALSE,FALSE,NS,NS
GOBP_REGULATION_OF_TRANSLATION,1.1224175817305806,0.5688113548651466,-1.391034191271578,0.3813434842552424,FALSE,FALSE,NS,NS
GOBP_REGULATION_OF_TRANSLATIONAL_INITIATION,0.7791860009542922,0.9798484050928187,-1.2675123552216856,0.559219244381381,FALSE,FALSE,NS,NS
GOBP_REGULATION_OF_TRANSMEMBRANE_RECEPTOR_PROTEIN_SERINE_THREONINE_KINASE_SIGNALING_PATHWAY,-0.9472093778128791,0.8348467078681016,-0.868167123637383,0.9505778588807785,FALSE,FALSE,NS,NS
GOBP_REGULATION_OF_TRANSMEMBRANE_TRANSPORT,-1.3009281365969958,0.32672711571675306,1.0126806469726557,0.821983890723144,FALSE,FALSE,NS,NS
GOBP_REGULATION_OF_TRANSMEMBRANE_TRANSPORTER_ACTIVITY,-1.0536300538074705,0.7126257736623955,0.8497565784045276,0.9555064316232875,FALSE,FALSE,NS,NS
GOBP_REGULATION_OF_TUBE_SIZE,-1.459399183421945,0.3110238152490222,-0.8113213204906105,0.9619673818930959,FALSE,FALSE,NS,NS
GOBP_REGULATION_OF_T_CELL_ACTIVATION,0.7145619463691593,1,-1.1784697983862662,0.618287122396062,FALSE,FALSE,NS,NS
GOBP_REGULATION_OF_T_CELL_MEDIATED_IMMUNITY,0.9078491568690815,0.8748736433283678,0.936860053596184,0.8881188922818244,FALSE,FALSE,NS,NS
GOBP_REGULATION_OF_UBIQUITIN_DEPENDENT_PROTEIN_CATABOLIC_PROCESS,-1.015353425639769,0.7568974081644707,-1.1783692406617834,0.6207748948106592,FALSE,FALSE,NS,NS
GOBP_REGULATION_OF_VASCULATURE_DEVELOPMENT,1.1772388239800016,0.552517246089748,-0.8638089210985015,0.9555064316232875,FALSE,FALSE,NS,NS
GOBP_REGULATION_OF_VIRAL_LIFE_CYCLE,0.6246962972046266,1,-1.1000349079171696,0.7391276976152703,FALSE,FALSE,NS,NS
GOBP_REGULATION_OF_VIRAL_PROCESS,1.0564750839569912,0.7217585239131634,-1.1217300755393609,0.7015292699249541,FALSE,FALSE,NS,NS
GOBP_REGULATION_OF_WNT_SIGNALING_PATHWAY,-0.9995938447448387,0.7629170397555483,-1.0737627241269188,0.752107939632546,FALSE,FALSE,NS,NS
GOBP_REGULATION_OF_WOUND_HEALING,0.5927312253394914,1,0.7062868473663666,0.9997322623828648,FALSE,FALSE,NS,NS
GOBP_RELEASE_OF_SEQUESTERED_CALCIUM_ION_INTO_CYTOSOL_BY_ENDOPLASMIC_RETICULUM,-1.2388161138645961,0.49695688263419063,0.7921405066380272,0.9859943070278759,FALSE,FALSE,NS,NS
GOBP_RENAL_SYSTEM_DEVELOPMENT,1.0831195074365907,0.6843852459583607,0.8228365280459561,0.9663319552355987,FALSE,FALSE,NS,NS
GOBP_REPRODUCTIVE_SYSTEM_DEVELOPMENT,-0.8745889313247112,0.9088678210150437,-1.5940698454652915,0.35496024167505813,FALSE,FALSE,NS,NS
GOBP_RESPIRATORY_SYSTEM_DEVELOPMENT,0.8005481654597867,0.952795644229849,-0.8274123548122986,0.9587510126105208,FALSE,FALSE,NS,NS
GOBP_RESPONSE_TO_ACID_CHEMICAL,1.2395317059532185,0.4957510828952154,-1.1444263006296114,0.6921400007622108,FALSE,FALSE,NS,NS
GOBP_RESPONSE_TO_ACTIVITY,-1.2241110952908358,0.5089480902141297,0.6387784121341746,0.9997322623828648,FALSE,FALSE,NS,NS
GOBP_RESPONSE_TO_ALCOHOL,-0.8549890896248521,0.9371740717023616,-0.8180145649019922,0.9759964856029828,FALSE,FALSE,NS,NS
GOBP_RESPONSE_TO_ALKALOID,-0.6813373173792722,1,-1.2837879496439568,0.5873640854430237,FALSE,FALSE,NS,NS
GOBP_RESPONSE_TO_CALCIUM_ION,1.3421938165618512,0.36940212560870267,0.6794799317605342,0.9997322623828648,FALSE,FALSE,NS,NS
GOBP_RESPONSE_TO_CARBOHYDRATE,-1.4513336642677832,0.2710567984792463,-0.8567093269503722,0.9555064316232875,FALSE,FALSE,NS,NS
GOBP_RESPONSE_TO_CORTICOSTEROID,0.47606013449632967,1,-1.3852910846089943,0.4830185426404107,FALSE,FALSE,NS,NS
GOBP_RESPONSE_TO_ENDOPLASMIC_RETICULUM_STRESS,1.0392150195606853,0.7239803805339563,0.740278062782074,0.9997322623828648,FALSE,FALSE,NS,NS
GOBP_RESPONSE_TO_ESTRADIOL,1.3970303104270065,0.36182779268406384,-1.5718532219998873,0.3763897942923366,FALSE,FALSE,NS,NS
GOBP_RESPONSE_TO_ETHANOL,0.609636648081115,1,0.6512904713703526,0.9997322623828648,FALSE,FALSE,NS,NS
GOBP_RESPONSE_TO_HEAT,0.8794862072002865,0.9115025696929531,-0.8681163791022845,0.9505778588807785,FALSE,FALSE,NS,NS
GOBP_RESPONSE_TO_HYDROGEN_PEROXIDE,0.5251631269652024,1,0.6309558723961247,0.9997322623828648,FALSE,FALSE,NS,NS
GOBP_RESPONSE_TO_INSULIN,-0.9969381693914958,0.7671642272922945,0.8133337242272618,0.9984836243488326,FALSE,FALSE,NS,NS
GOBP_RESPONSE_TO_IONIZING_RADIATION,-1.234718343339197,0.5147173574686311,1.1416980246421855,0.6938518937767542,FALSE,FALSE,NS,NS
GOBP_RESPONSE_TO_ISCHEMIA,-0.7993740567420982,0.952795644229849,-0.6133037695893819,0.9997322623828648,FALSE,FALSE,NS,NS
GOBP_RESPONSE_TO_KETONE,-0.6996869477660094,1,-1.3865134437013278,0.4692816007657984,FALSE,FALSE,NS,NS
GOBP_RESPONSE_TO_LEUKEMIA_INHIBITORY_FACTOR,1.1276547935670103,0.6329374537683898,-0.6871553394723198,0.9997322623828648,FALSE,FALSE,NS,NS
GOBP_RESPONSE_TO_LIGHT_STIMULUS,-0.8288910767622729,0.952795644229849,0.8134317077040397,0.9897709984786612,FALSE,FALSE,NS,NS
GOBP_RESPONSE_TO_MECHANICAL_STIMULUS,1.3289396665557036,0.3984160264454715,1.322339016052695,0.525654725297253,FALSE,FALSE,NS,NS
GOBP_RESPONSE_TO_METAL_ION,0.710077141175854,1,-0.7045161695724574,0.9997322623828648,FALSE,FALSE,NS,NS
GOBP_RESPONSE_TO_MOLECULE_OF_BACTERIAL_ORIGIN,1.132119665109189,0.6068336307203934,0.8241770538670078,0.9853746997237703,FALSE,FALSE,NS,NS
GOBP_RESPONSE_TO_MONOSACCHARIDE,-1.4139231745517757,0.3148059621324023,-0.999305120759763,0.8495244548628916,FALSE,FALSE,NS,NS
GOBP_RESPONSE_TO_NUTRIENT,-1.0150829403393526,0.7568974081644707,-0.6724054302317174,0.9997322623828648,FALSE,FALSE,NS,NS
GOBP_RESPONSE_TO_ORGANOPHOSPHORUS,0.8140143038392941,0.9408832045406609,-0.7353999374735303,0.9982820957958255,FALSE,FALSE,NS,NS
GOBP_RESPONSE_TO_OSMOTIC_STRESS,-0.7006440017638054,1,-0.9101472327735928,0.9072273789690167,FALSE,FALSE,NS,NS
GOBP_RESPONSE_TO_OXIDATIVE_STRESS,-1.1910600325853713,0.44250292795116236,-1.273968420392533,0.4692816007657984,FALSE,FALSE,NS,NS
GOBP_RESPONSE_TO_OXYGEN_LEVELS,0.7641073094797807,1,-1.049578129818653,0.7720338611594363,FALSE,FALSE,NS,NS
GOBP_RESPONSE_TO_PEPTIDE_HORMONE,0.933838549454809,0.8740630915797519,-1.0281559479623352,0.7975884740769652,FALSE,FALSE,NS,NS
GOBP_RESPONSE_TO_PURINE_CONTAINING_COMPOUND,-0.9872426764865546,0.7816821235072082,-1.0071822931267167,0.8451487542726518,FALSE,FALSE,NS,NS
GOBP_RESPONSE_TO_RADIATION,-0.8267522784948411,0.9688030861388142,0.8813474476429624,0.9555064316232875,FALSE,FALSE,NS,NS
GOBP_RESPONSE_TO_REACTIVE_OXYGEN_SPECIES,0.7080613612186022,1,0.7333456723644086,0.9997322623828648,FALSE,FALSE,NS,NS
GOBP_RESPONSE_TO_STARVATION,1.1486888452802677,0.5776605129254136,-1.1202145838073283,0.6976059354443934,FALSE,FALSE,NS,NS
GOBP_RESPONSE_TO_STEROID_HORMONE,-0.5812343612160951,1,-1.505176373581274,0.35496024167505813,FALSE,FALSE,NS,NS
GOBP_RESPONSE_TO_TEMPERATURE_STIMULUS,0.6853712057485373,1,-0.974833694512041,0.8643803179055634,FALSE,FALSE,NS,NS
GOBP_RESPONSE_TO_TOPOLOGICALLY_INCORRECT_PROTEIN,-0.7824325991687268,0.9893484261505288,1.1567925181784724,0.6287720002005717,FALSE,FALSE,NS,NS
GOBP_RESPONSE_TO_TOXIC_SUBSTANCE,-0.9641873251425455,0.828362902443361,-1.4615651998680315,0.35496024167505813,FALSE,FALSE,NS,NS
GOBP_RESPONSE_TO_TRANSFORMING_GROWTH_FACTOR_BETA,1.5703782401263535,0.16070069633752895,0.886124609909702,0.9500354317445198,FALSE,FALSE,NS,NS
GOBP_RESPONSE_TO_TUMOR_NECROSIS_FACTOR,-0.7628484691395265,0.9917957148918116,1.0818539831320129,0.7391276976152703,FALSE,FALSE,NS,NS
GOBP_RESPONSE_TO_TYPE_II_INTERFERON,1.6782634990349548,0.11142903858731196,-0.6473320585065873,0.9997322623828648,FALSE,FALSE,NS,NS
GOBP_RESPONSE_TO_TYPE_I_INTERFERON,-1.2449326703308923,0.4479797994707792,-1.2575569285356272,0.559219244381381,FALSE,FALSE,NS,NS
GOBP_RESPONSE_TO_UV,-0.912708967866022,0.8732450405944612,-0.926163409377316,0.8999551783948083,FALSE,FALSE,NS,NS
GOBP_RESPONSE_TO_VIRUS,1.008321749823037,0.7608050203321551,0.7221962338507152,0.9997322623828648,FALSE,FALSE,NS,NS
GOBP_RESPONSE_TO_XENOBIOTIC_STIMULUS,-1.2960534526124023,0.36182779268406384,-1.1848126735237139,0.6006128329498203,FALSE,FALSE,NS,NS
GOBP_RETROGRADE_TRANSPORT_ENDOSOME_TO_GOLGI,0.8078430647122096,0.952795644229849,-0.9185940342422868,0.9185301112218812,FALSE,FALSE,NS,NS
GOBP_RETROGRADE_VESICLE_MEDIATED_TRANSPORT_GOLGI_TO_ENDOPLASMIC_RETICULUM,1.725789459540956,0.11762480084970793,-0.8206231991219384,0.9555064316232875,FALSE,FALSE,NS,NS
GOBP_RHO_PROTEIN_SIGNAL_TRANSDUCTION,1.3639100312743995,0.3880529423770956,0.8784333529596744,0.9379439160461058,FALSE,FALSE,NS,NS
GOBP_RHYTHMIC_PROCESS,1.0178950667692768,0.7568974081644707,-1.1821859678012163,0.615690374921235,FALSE,FALSE,NS,NS
GOBP_RIBONUCLEOTIDE_CATABOLIC_PROCESS,-1.0139534343517376,0.7565162952118488,-0.7217611219039266,0.9997322623828648,FALSE,FALSE,NS,NS
GOBP_RIBOSE_PHOSPHATE_BIOSYNTHETIC_PROCESS,0.8104037477169697,0.9946381332060927,-0.58315543274702,0.9997322623828648,FALSE,FALSE,NS,NS
GOBP_RIBOSE_PHOSPHATE_METABOLIC_PROCESS,-0.6592590421978044,1,-0.6650389584900571,0.9997322623828648,FALSE,FALSE,NS,NS
GOBP_RIBOSOMAL_SMALL_SUBUNIT_BIOGENESIS,1.0221513056846616,0.7540838251371959,1.1856235731227305,0.6154718544526775,FALSE,FALSE,NS,NS
GOBP_RIBOSOME_ASSEMBLY,0.8383617782038114,0.9371740717023616,1.02109824817708,0.813376363480285,FALSE,FALSE,NS,NS
GOBP_RIBOSOME_BIOGENESIS,1.0839176200927032,0.6551033490513708,0.9554417554397296,0.8870956496371658,FALSE,FALSE,NS,NS
GOBP_RNA_LOCALIZATION,1.2754009331443037,0.4420590561367261,-0.8989269076165997,0.9340963142005688,FALSE,FALSE,NS,NS
GOBP_RNA_TEMPLATED_DNA_BIOSYNTHETIC_PROCESS,1.4605675464989853,0.3121600988803257,-0.7027447245273218,0.9997322623828648,FALSE,FALSE,NS,NS
GOBP_RRNA_METABOLIC_PROCESS,1.2372209187032202,0.4802065557412162,-0.8401467347995254,0.9613823074787591,FALSE,FALSE,NS,NS
GOBP_RRNA_PROCESSING,1.2468207591390383,0.4730963118954881,0.8984332806970342,0.9363564903911311,FALSE,FALSE,NS,NS
GOBP_SARCOMERE_ORGANIZATION,1.514933874175228,0.23293139332836876,1.7283789312928601,0.32883394942588895,FALSE,FALSE,NS,NS
GOBP_SARCOPLASMIC_RETICULUM_CALCIUM_ION_TRANSPORT,-1.4142086700485628,0.3259608018982494,0.72211131882706725,0.9997322623828648,FALSE,FALSE,NS,NS
GOBP_SENSORY_ORGAN_MORPHOGENESIS,-0.8227088013306562,0.9371740717023616,1.2186640020876645,0.615690374921235,FALSE,FALSE,NS,NS
GOBP_SENSORY_PERCEPTION_OF_MECHANICAL_STIMULUS,-0.677128600572883,1,-1.6290124145351548,0.35496024167505813,FALSE,FALSE,NS,NS
GOBP_SENSORY_SYSTEM_DEVELOPMENT,-1.3900543460305894,0.32672711571675306,-0.9074703771735171,0.9300390511860175,FALSE,FALSE,NS,NS
GOBP_SEQUESTERING_OF_CALCIUM_ION,-1.0019379812050175,0.7681702584402934,0.9306422666677815,0.9062010565365004,FALSE,FALSE,NS,NS
GOBP_SEX_DIFFERENTIATION,-1.0168543254384796,0.7568974081644707,-1.603225889473571,0.35496024167505813,FALSE,FALSE,NS,NS
GOBP_SIGNAL_TRANSDUCTION_BY_P53_CLASS_MEDIATOR,-1.2554912300707226,0.47982641343078036,-1.075155862443716,0.7597444455545527,FALSE,FALSE,NS,NS
GOBP_SIGNAL_TRANSDUCTION_IN_RESPONSE_TO_DNA_DAMAGE,-1.2474225035613828,0.4857846186541045,0.9843654240684814,0.8591572323559755,FALSE,FALSE,NS,NS
GOBP_SINGLE_FERTILIZATION,0.6423941172928649,1,-1.377973245520964,0.4891462776216455,FALSE,FALSE,NS,NS
GOBP_SISTER_CHROMATID_SEGREGATION,1.0164912431816322,0.7590192164354925,-0.9946995095990347,0.8508851916717053,FALSE,FALSE,NS,NS
GOBP_SKELETAL_MUSCLE_CONTRACTION,1.056483857582173,0.7177959322854921,1.1784322362541577,0.6191264300616732,FALSE,FALSE,NS,NS
GOBP_SKELETAL_MUSCLE_ORGAN_DEVELOPMENT,-1.0599134390792322,0.699642937919237,-0.8326475541578043,0.9759964856029828,FALSE,FALSE,NS,NS
GOBP_SKIN_DEVELOPMENT,1.442659419605186,0.32016114031073956,0.9646653511374589,0.8696442991878838,FALSE,FALSE,NS,NS
GOBP_SMALL_MOLECULE_CATABOLIC_PROCESS,-0.8341330402378742,0.9971395051601458,-1.1885753424748997,0.5600105304133187,FALSE,FALSE,NS,NS
GOBP_SMOOTH_MUSCLE_CELL_PROLIFERATION,1.2533638451662665,0.5034060644653793,1.078066744600769,0.7578545773770635,FALSE,FALSE,NS,NS
GOBP_SODIUM_ION_TRANSPORT,-1.0661746580410645,0.7126257736623955,0.8696685219971512,0.9505778588807785,FALSE,FALSE,NS,NS
GOBP_SPINDLE_ASSEMBLY,0.8772403283996301,0.9077861803335081,-1.1124424898681016,0.7212770961546001,FALSE,FALSE,NS,NS
GOBP_SPINDLE_ORGANIZATION,1.011077850962374,0.7608050203321551,-1.3285158498219454,0.48685716215496555,FALSE,FALSE,NS,NS
GOBP_SPROUTING_ANGIOGENESIS,0.7735383824692226,0.9627593304851261,1.1003014427699191,0.7392573880921338,FALSE,FALSE,NS,NS
GOBP_STEM_CELL_DIFFERENTIATION,-1.2182089210163642,0.5167659846600418,0.9539981639532665,0.8743652578496142,FALSE,FALSE,NS,NS
GOBP_STEROID_BIOSYNTHETIC_PROCESS,-1.7892556950089233,0.08291006417470116,-1.0945635541086032,0.7379617787020684,FALSE,FALSE,NS,NS
GOBP_STEROID_HORMONE_RECEPTOR_SIGNALING_PATHWAY,-0.8216429032898985,0.9408832045406609,-1.578930710462262,0.36007396970764355,FALSE,FALSE,NS,NS
GOBP_STEROID_METABOLIC_PROCESS,-1.506025783330485,0.2033351283693311,-1.024380508020212,0.8096825022329328,FALSE,FALSE,NS,NS
GOBP_STEROL_METABOLIC_PROCESS,-1.4442548219661628,0.3148059621324023,0.7960609583504632,0.9853746997237703,FALSE,FALSE,NS,NS
GOBP_STEROL_TRANSPORT,0.7229734336795384,0.9946381332060927,-0.6466202172514567,0.9997322623828648,FALSE,FALSE,NS,NS
GOBP_STRESS_ACTIVATED_PROTEIN_KINASE_SIGNALING_CASCADE,-1.0611786480422798,0.7192938606179627,0.8374662794931648,0.9555064316232875,FALSE,FALSE,NS,NS
GOBP_STRESS_FIBER_ASSEMBLY,1.5115056822376198,0.2519315367269232,1.2326397361384436,0.6006128329498203,FALSE,FALSE,NS,NS
GOBP_STRIATED_MUSCLE_ADAPTATION,1.4192947899300452,0.3516542182102547,0.9552995982052813,0.8743652578496142,FALSE,FALSE,NS,NS
GOBP_STRIATED_MUSCLE_CONTRACTION,1.480650550379832,0.1267194001874414,1.3444022925652441,0.39029542704011067,FALSE,FALSE,NS,NS
GOBP_SUBSTANTIA_NIGRA_DEVELOPMENT,1.498561335426922,0.26039769277474195,-1.0429785361899635,0.7975884740769652,FALSE,FALSE,NS,NS
GOBP_SUBSTRATE_ADHESION_DEPENDENT_CELL_SPREADING,1.2143906071977222,0.527289418551493,1.5700612873066775,0.36007396970764355,FALSE,FALSE,NS,NS
GOBP_SULFUR_COMPOUND_BIOSYNTHETIC_PROCESS,-1.3051813051764944,0.3828291860337101,-1.1197645932696274,0.6866361594659612,FALSE,FALSE,NS,NS
GOBP_SUPEROXIDE_METABOLIC_PROCESS,0.7789224037222329,0.952795644229849,-0.8992280563885239,0.922624807556207,FALSE,FALSE,NS,NS
GOBP_SYMBIONT_ENTRY_INTO_HOST,1.0350814454400628,0.7467060828926766,0.9126484252297362,0.9185301112218812,FALSE,FALSE,NS,NS
GOBP_SYNAPSE_ASSEMBLY,-0.8139581615867673,0.9442141712115013,-0.8661256443745086,0.9464206916366236,FALSE,FALSE,NS,NS
GOBP_SYNAPTIC_VESICLE_RECYCLING,1.6713629067565015,0.1267194001874414,0.8442950961673014,0.9555064316232875,FALSE,FALSE,NS,NS
GOBP_TAXIS,1.1763525585856258,0.5430222496054052,-0.7890537823832846,0.9982820957958255,FALSE,FALSE,NS,NS
GOBP_TELENCEPHALON_DEVELOPMENT,-0.7670205166198047,0.9850915073191876,-1.2447343527161658,0.5873640854430237,FALSE,FALSE,NS,NS
GOBP_TELOMERE_MAINTENANCE_VIA_TELOMERE_LENGTHENING,1.2058748517050715,0.5461989552847398,-0.6882026277934016,0.9997322623828648,FALSE,FALSE,NS,NS
GOBP_TELOMERE_ORGANIZATION,1.0732116337961364,0.6887395055760177,-0.7354351627628283,0.9997322623828648,FALSE,FALSE,NS,NS
GOBP_TEMPERATURE_HOMEOSTASIS,1.2206081025761135,0.5147173574686311,0.9408128580031232,0.8881188922818244,FALSE,FALSE,NS,NS
GOBP_TETRAPYRROLE_METABOLIC_PROCESS,0.8678997079322727,0.9073854848536923,0.6601680445075232,0.9997322623828648,FALSE,FALSE,NS,NS
GOBP_TISSUE_HOMEOSTASIS,0.6100685966955388,1,-0.5282608166837716,0.9997322623828648,FALSE,FALSE,NS,NS
GOBP_TORC1_SIGNALING,-1.1873497889750884,0.5537956660647312,-1.2511608861008812,0.5894055408347739,FALSE,FALSE,NS,NS
GOBP_TOR_SIGNALING,-0.9266484079500328,0.8680357338847631,-1.1309166698282487,0.6952126060606061,FALSE,FALSE,NS,NS
GOBP_TRANSFORMING_GROWTH_FACTOR_BETA_RECEPTOR_SIGNALING_PATHWAY,1.428330339990992,0.3148059621324023,0.8486027417792625,0.9555064316232875,FALSE,FALSE,NS,NS
GOBP_TRANSLATIONAL_ELONGATION,0.8934038756021069,0.8963912451565609,-1.1488341161683864,0.6771850016066948,FALSE,FALSE,NS,NS
GOBP_TRANSLATIONAL_INITIATION,-0.8060681415210218,0.9803578225403199,-1.5817206308590568,0.32883394942588895,FALSE,FALSE,NS,NS
GOBP_TRICARBOXYLIC_ACID_CYCLE,0.6353786580576628,1,1.193524506876614,0.615690374921235,FALSE,FALSE,NS,NS
GOBP_TRIGLYCERIDE_METABOLIC_PROCESS,0.614734916005128,1,0.6984982141500373,0.9997322623828648,FALSE,FALSE,NS,NS
GOBP_TRNA_METABOLIC_PROCESS,1.1656699970524,0.561259169549253,-0.6034284389934756,0.9997322623828648,FALSE,FALSE,NS,NS
GOBP_TUMOR_NECROSIS_FACTOR_MEDIATED_SIGNALING_PATHWAY,-0.9019749290640589,0.8732450405944612,1.093763049524163,0.7379617787020684,FALSE,FALSE,NS,NS
GOBP_TUMOR_NECROSIS_FACTOR_SUPERFAMILY_CYTOKINE_PRODUCTION,-0.7696852567962256,0.9803578225403199,-1.311184324157393,0.5391793041926851,FALSE,FALSE,NS,NS
GOBP_TYPE_II_INTERFERON_PRODUCTION,-0.8296386089751864,0.9370160287768136,-1.1276240179174826,0.7174255901119296,FALSE,FALSE,NS,NS
GOBP_TYPE_I_INTERFERON_PRODUCTION,-0.6919689523879589,1,-0.8904941409160484,0.9340963142005688,FALSE,FALSE,NS,NS
GOBP_T_CELL_ACTIVATION_INVOLVED_IN_IMMUNE_RESPONSE,-0.9726954118062823,0.8128720008238082,-1.108528597896322,0.7336941272629678,FALSE,FALSE,NS,NS
GOBP_T_CELL_DIFFERENTIATION,-1.1665420628927246,0.561259169549253,-1.6696997583401811,0.32883394942588895,FALSE,FALSE,NS,NS
GOBP_T_CELL_DIFFERENTIATION_INVOLVED_IN_IMMUNE_RESPONSE,-1.2421420089828001,0.501547500887805,-1.1890453462558905,0.6390502524035413,FALSE,FALSE,NS,NS
GOBP_T_CELL_DIFFERENTIATION_IN_THYMUS,-1.4183196404150475,0.3516542182102547,-1.9086668102304474,0.19107145352134403,FALSE,FALSE,NS,NS
GOBP_T_CELL_HOMEOSTASIS,-1.3831997726129914,0.3806156870629761,-1.7467223850560214,0.32883394942588895,FALSE,FALSE,NS,NS
GOBP_T_CELL_MEDIATED_IMMUNITY,0.8753486520385433,0.9073854848536923,0.8607525687127854,0.9505778588807785,FALSE,FALSE,NS,NS
GOBP_T_CELL_PROLIFERATION,-0.6059703443142055,1,-0.7844393717539847,0.9772248905335424,FALSE,FALSE,NS,NS
GOBP_T_CELL_SELECTION,-1.3126147455845487,0.4505578256278408,-1.7665073474641073,0.29210481197851185,FALSE,FALSE,NS,NS
GOBP_T_HELPER_17_TYPE_IMMUNE_RESPONSE,-1.4318259679811476,0.34295831696779266,-1.6338011482423107,0.35496024167505813,FALSE,FALSE,NS,NS
GOBP_T_HELPER_1_TYPE_IMMUNE_RESPONSE,-1.2645694612842153,0.4901180058368479,-1.1199984314587947,0.72530948002221,FALSE,FALSE,NS,NS
GOBP_UBIQUITIN_DEPENDENT_PROTEIN_CATABOLIC_PROCESS_VIA_THE_MULTIVESICULAR_BODY_SORTING_PATHWAY,-0.9669818787201209,0.8044864702754333,-0.9830693390963876,0.8591572323559755,FALSE,FALSE,NS,NS
GOBP_UNSATURATED_FATTY_ACID_METABOLIC_PROCESS,-0.8494934072922323,0.9370160287768136,-1.2452896433576435,0.5931146423465876,FALSE,FALSE,NS,NS
GOBP_VACUOLAR_TRANSPORT,0.7286228640913411,1,-0.9563110920999421,0.8743652578496142,FALSE,FALSE,NS,NS
GOBP_VACUOLE_ORGANIZATION,0.8781518938082048,0.9192448319733787,-0.7701313815782598,0.9997322623828648,FALSE,FALSE,NS,NS
GOBP_VASCULAR_PROCESS_IN_CIRCULATORY_SYSTEM,-1.0562775384826646,0.7122881180372568,-0.5441759029581441,0.9997322623828648,FALSE,FALSE,NS,NS
GOBP_VESICLE_BUDDING_FROM_MEMBRANE,1.359513479804813,0.36368844192509175,0.9695062168793538,0.86908068646483,FALSE,FALSE,NS,NS
GOBP_VESICLE_LOCALIZATION,1.0171589849266642,0.7568974081644707,-1.5866572962907937,0.35496024167505813,FALSE,FALSE,NS,NS
GOBP_VESICLE_MEDIATED_TRANSPORT_IN_SYNAPSE,1.3000094838002634,0.40363795823295917,0.9960055347857036,0.8508851916717053,FALSE,FALSE,NS,NS
GOBP_VESICLE_MEDIATED_TRANSPORT_TO_THE_PLASMA_MEMBRANE,1.1564075044820517,0.5776605129254136,0.8306847385149688,0.9668166343460463,FALSE,FALSE,NS,NS
GOBP_VESICLE_ORGANIZATION,1.1742265194672945,0.5063992700729927,-0.9963145334841687,0.8519451314889915,FALSE,FALSE,NS,NS
GOBP_VIRAL_GENE_EXPRESSION,1.568361619795884,0.20755656294109726,-1.2381156090846848,0.6077443689919017,FALSE,FALSE,NS,NS
GOBP_VIRAL_GENOME_REPLICATION,1.1139546808372822,0.6499845336907769,-0.9525702222477982,0.8743652578496142,FALSE,FALSE,NS,NS
GOBP_VIRAL_LIFE_CYCLE,0.9408174966944215,0.8476303579319487,-1.0877683453208993,0.7278371016116536,FALSE,FALSE,NS,NS
GOBP_VIRAL_PROCESS,1.317166489979566,0.3327358201043439,-1.345575582083077,0.4347392987249545,FALSE,FALSE,NS,NS
GOBP_VIRAL_RELEASE_FROM_HOST_CELL,1.0847725447738863,0.6975841645074795,-1.3259407692479754,0.559219244381381,FALSE,FALSE,NS,NS
GOBP_WNT_SIGNALING_PATHWAY,-1.0254308951903899,0.7466025203499572,-1.041064834574282,0.7915686120903512,FALSE,FALSE,NS,NS
GOBP_WOUND_HEALING,1.5739740752183424,0.12281136465295589,1.3387373631284027,0.4347392987249545,FALSE,FALSE,NS,NS
GOBP_XENOBIOTIC_METABOLIC_PROCESS,-1.1438919659026645,0.6041615697192109,-0.975879856859271,0.8634975224562753,FALSE,FALSE,NS,NS
GOSLIM_AMINO_ACID_METABOLIC_PROCESS,-0.8238391939809233,0.9936103790663708,-1.070687620746432,0.7314374693123942,FALSE,FALSE,NS,NS
GOSLIM_CHROMOSOME_SEGREGATION,0.8856773413549401,0.9192448319733787,-0.9530716132076695,0.8852274814258285,FALSE,FALSE,NS,NS
GOSLIM_CYTOKINESIS,1.7653239227994078,0.06727818682900745,-0.826901856614278,0.9668166343460463,FALSE,FALSE,NS,NS
GOSLIM_DETOXIFICATION,-0.9904289190364364,0.7816821235072082,-1.5125053955393857,0.35496024167505813,FALSE,FALSE,NS,NS
GOSLIM_DNA_RECOMBINATION,-1.090649644770957,0.6603429367769631,-0.9471865350141413,0.8858613274979299,FALSE,FALSE,NS,NS
GOSLIM_DNA_REPLICATION,-1.1696811400565303,0.5545605761868949,-1.2829861008366152,0.5530304384592091,FALSE,FALSE,NS,NS
GOSLIM_ESTABLISHMENT_OR_MAINTENANCE_OF_CELL_POLARITY,1.1766307990091405,0.550238399179514,1.2636342922320913,0.5468129857951356,FALSE,FALSE,NS,NS
GOSLIM_EXTRACELLULAR_MATRIX_ORGANIZATION,1.7363118386511864,0.08291006417470116,1.3025444102751478,0.5422323684798657,FALSE,FALSE,NS,NS
GOSLIM_GENERATION_OF_PRECURSOR_METABOLITES_AND_ENERGY,1.0502638412137544,0.6776120128507098,0.9773203549931115,0.8743652578496142,FALSE,FALSE,NS,NS
GOSLIM_GLYCOPROTEIN_METABOLIC_PROCESS,1.2738324334588151,0.47982641343078036,1.0795389203292323,0.7518698841579782,FALSE,FALSE,NS,NS
GOSLIM_KETONE_METABOLIC_PROCESS,-1.07134161613572,0.6776120128507098,-1.0081886146721304,0.8349827569690583,FALSE,FALSE,NS,NS
GOSLIM_MICROTUBULE-BASED_MOVEMENT,-0.9882865980369276,0.7816821235072082,-0.9591281993269044,0.8743652578496142,FALSE,FALSE,NS,NS
GOSLIM_MITOCHONDRION_ORGANIZATION,0.822699145325927,0.9936103790663708,1.0679372204102935,0.7222219192624261,FALSE,FALSE,NS,NS
GOSLIM_MITOTIC_NUCLEAR_DIVISION,0.786798250287423,0.9798484050928187,-1.0045167945267717,0.8405166666666667,FALSE,FALSE,NS,NS
GOSLIM_MUSCLE_SYSTEM_PROCESS,1.381496678063536,0.15770352200675705,1.353092000605275,0.35496024167505813,FALSE,FALSE,NS,NS
GOSLIM_NUCLEOCYTOPLASMIC_TRANSPORT,0.720203166021799,1,-1.3974321692958518,0.4322853669229837,FALSE,FALSE,NS,NS
GOSLIM_PROTEIN_FOLDING,1.3957129226735197,0.2324805068226121,0.8880263933005754,0.9555064316232875,FALSE,FALSE,NS,NS
GOSLIM_PROTEIN_LOCALIZATION_TO_PLASMA_MEMBRANE,1.209218971864729,0.4802065557412162,1.035278034628726,0.7854665565648224,FALSE,FALSE,NS,NS
GOSLIM_RIBOSOME_BIOGENESIS,1.1342622840569236,0.5765025341546556,1.035074879106312,0.7881146407507219,FALSE,FALSE,NS,NS
GOSLIM_TELOMERE_ORGANIZATION,1.0732116337961364,0.6887395055760177,-0.7354351627628283,0.9997322623828648,FALSE,FALSE,NS,NS
GOSLIM_TRNA_METABOLIC_PROCESS,1.1656699970524,0.561259169549253,-0.6034284389934756,0.9997322623828648,FALSE,FALSE,NS,NS
GOSLIM_WOUND_HEALING,1.375343683391063,0.3039065522961578,1.2381633384318085,0.5468129857951356,FALSE,FALSE,NS,NS
HALLMARK_ADIPOGENESIS,-0.8724810065545715,0.952795644229849,-0.9385061118498597,0.9185301112218812,FALSE,FALSE,NS,NS
HALLMARK_ALLOGRAFT_REJECTION,1.214502903446878,0.5199914106858481,0.8931226673019325,0.9340963142005688,FALSE,FALSE,NS,NS
HALLMARK_ANDROGEN_RESPONSE,-0.7439011817954727,0.9936103790663708,-1.1246755010294558,0.6982541623734917,FALSE,FALSE,NS,NS
HALLMARK_APICAL_JUNCTION,1.72227705887815,0.08291006417470116,1.850169418053675,0.17526598976766092,FALSE,FALSE,NS,NS
HALLMARK_APOPTOSIS,1.0930419690500577,0.6660643194833465,1.0561702192315414,0.7578545773770635,FALSE,FALSE,NS,NS
HALLMARK_BILE_ACID_METABOLISM,-1.4465508681599324,0.3148059621324023,-0.9958197799992189,0.8508851916717053,FALSE,FALSE,NS,NS
HALLMARK_COAGULATION,1.4760176706884072,0.29302466875939587,0.8377950608621976,0.9555064316232875,FALSE,FALSE,NS,NS
HALLMARK_COMPLEMENT,1.060708325358331,0.7077204092702398,-0.6625634375057324,0.9997322623828648,FALSE,FALSE,NS,NS
HALLMARK_DNA_REPAIR,-0.9553313828887596,0.828362902443361,-1.3164299215049142,0.5338385804123736,FALSE,FALSE,NS,NS
HALLMARK_E2F_TARGETS,0.9899905824536154,0.7816821235072082,-1.4696162198683953,0.3940272182030424,FALSE,FALSE,NS,NS
HALLMARK_ESTROGEN_RESPONSE_EARLY,0.7848602228566117,0.952795644229849,0.8772164223234733,0.9340963142005688,FALSE,FALSE,NS,NS
HALLMARK_ESTROGEN_RESPONSE_LATE,-0.7442343304922204,0.9946381332060927,0.6395751682045243,0.9997322623828648,FALSE,FALSE,NS,NS
HALLMARK_FATTY_ACID_METABOLISM,-0.9079487699551365,0.9192448319733787,-0.6858022956357452,0.9997322623828648,FALSE,FALSE,NS,NS
HALLMARK_G2M_CHECKPOINT,1.014793154089084,0.7608050203321551,-0.620987532565686,0.9997322623828648,FALSE,FALSE,NS,NS
HALLMARK_GLYCOLYSIS,-1.0204947720037247,0.752745365907623,-1.1716785824594804,0.6149094658860402,FALSE,FALSE,NS,NS
HALLMARK_HEME_METABOLISM,-1.2313979016319787,0.44250292795116236,-0.9487907930364847,0.8983605212576687,FALSE,FALSE,NS,NS
HALLMARK_HYPOXIA,1.4593060584842892,0.2249307479224377,1.0173206297514577,0.8133511897346456,FALSE,FALSE,NS,NS
HALLMARK_IL2_STAT5_SIGNALING,1.320641207175537,0.4250488039610165,-0.7355805105913426,0.9997322623828648,FALSE,FALSE,NS,NS
HALLMARK_INTERFERON_GAMMA_RESPONSE,0.8422149035365704,0.9370160287768136,-0.935034932457952,0.8999551783948083,FALSE,FALSE,NS,NS
HALLMARK_MITOTIC_SPINDLE,1.682272168489345,0.09787323913915816,1.3103365650265557,0.4999025152659495,FALSE,FALSE,NS,NS
HALLMARK_MTORC1_SIGNALING,-0.8937823057677137,0.9365965163537497,-1.449532996496424,0.35496024167505813,FALSE,FALSE,NS,NS
HALLMARK_MYOGENESIS,1.0775047654848924,0.6452202734973416,1.3676583328627692,0.3813434842552424,FALSE,FALSE,NS,NS
HALLMARK_OXIDATIVE_PHOSPHORYLATION,1.4680274593701383,0.11437122398746924,1.2685533046949045,0.4322853669229837,FALSE,FALSE,NS,NS
HALLMARK_P53_PATHWAY,-0.6857399805430351,1,0.6692628753153133,0.9997322623828648,FALSE,FALSE,NS,NS
HALLMARK_PEROXISOME,-1.4028207426494228,0.3148059621324023,0.7817377198076282,0.9982820957958255,FALSE,FALSE,NS,NS
HALLMARK_PI3K_AKT_MTOR_SIGNALING,1.1309341479621937,0.6068336307203934,-0.8222193009066823,0.9719444225704561,FALSE,FALSE,NS,NS
HALLMARK_PROTEIN_SECRETION,1.2494686000026116,0.4638038091323493,-0.8854660125503879,0.9447324485654998,FALSE,FALSE,NS,NS
HALLMARK_REACTIVE_OXYGEN_SPECIES_PATHWAY,-1.007680950008979,0.7629170397555483,-1.2406951098915318,0.6006128329498203,FALSE,FALSE,NS,NS
HALLMARK_TNFA_SIGNALING_VIA_NFKB,-0.588783058306823,1,0.755790815031439,0.9926373853555855,FALSE,FALSE,NS,NS
HALLMARK_UNFOLDED_PROTEIN_RESPONSE,0.9721897749264371,0.8071803330191644,0.7188488520621483,0.9997322623828648,FALSE,FALSE,NS,NS
HALLMARK_UV_RESPONSE_DN,-0.9997717443540273,0.768521867625844,0.9174562641610621,0.9065347086958322,FALSE,FALSE,NS,NS
HALLMARK_UV_RESPONSE_UP,-1.2057854421591547,0.4857846186541045,-0.7011736346955383,0.9997322623828648,FALSE,FALSE,NS,NS
HALLMARK_XENOBIOTIC_METABOLISM,-0.9240013934408251,0.8773755635574857,-1.3242129470298558,0.4830185426404107,FALSE,FALSE,NS,NS
KEGG_MEDICUS_REFERENCE_26S_PROTEASOME_MEDIATED_PROTEIN_DEGRADATION,-1.2867119804766196,0.4347840466344903,-1.3710880878200467,0.4692816007657984,FALSE,FALSE,NS,NS
KEGG_MEDICUS_REFERENCE_ELECTRON_TRANSFER_IN_COMPLEX_I,1.6935541334632112,0.08291006417470116,1.4261273194929214,0.4194223870067098,FALSE,FALSE,NS,NS
KEGG_MEDICUS_REFERENCE_GLYCOLYSIS,0.9878488968356796,0.7875648531896834,-0.9214275995770083,0.900344789113434,FALSE,FALSE,NS,NS
KEGG_MEDICUS_REFERENCE_MITOCHONDRIAL_COMPLEX_UCP1_IN_THERMOGENESIS,1.4460164790607166,0.24273383125261228,1.619265097887626,0.32883394942588895,FALSE,FALSE,NS,NS
KEGG_MEDICUS_REFERENCE_RAB7_REGULATED_MICROTUBULE_MINUS_END_DIRECTED_TRANSPORT,1.3349757291231863,0.4163952501360814,0.7955728839812174,0.9859943070278759,FALSE,FALSE,NS,NS
KEGG_MEDICUS_VARIANT_MUTATION_CAUSED_ABERRANT_ABETA_TO_26S_PROTEASOME_MEDIATED_PROTEIN_DEGRADATION,-1.3688456530824316,0.3555867681045228,-1.3849745283567068,0.4692816007657984,FALSE,FALSE,NS,NS
KEGG_MEDICUS_VARIANT_MUTATION_CAUSED_ABERRANT_ABETA_TO_ELECTRON_TRANSFER_IN_COMPLEX_I,1.6766926167429856,0.08291006417470116,1.4035946673566047,0.4208975468975468,FALSE,FALSE,NS,NS
KEGG_MEDICUS_VARIANT_MUTATION_CAUSED_ABERRANT_HTT_TO_26S_PROTEASOME_MEDIATED_PROTEIN_DEGRADATION,-1.3688456530824316,0.3555867681045228,-1.3849745283567068,0.4692816007657984,FALSE,FALSE,NS,NS
KEGG_MEDICUS_VARIANT_MUTATION_CAUSED_ABERRANT_SNCA_TO_26S_PROTEASOME_MEDIATED_PROTEIN_DEGRADATION,-1.3649262695559272,0.35335292084341513,-1.3769838603520088,0.4692816007657984,FALSE,FALSE,NS,NS
KEGG_MEDICUS_VARIANT_MUTATION_CAUSED_ABERRANT_SNCA_TO_ELECTRON_TRANSFER_IN_COMPLEX_I,1.696345180495484,0.08291006417470116,1.4142206296390682,0.4208975468975468,FALSE,FALSE,NS,NS
KEGG_MEDICUS_VARIANT_MUTATION_CAUSED_ABERRANT_SOD1_TO_26S_PROTEASOME_MEDIATED_PROTEIN_DEGRADATION,-1.3939940536100341,0.3259608018982494,-1.4973129126347846,0.3813434842552424,FALSE,FALSE,NS,NS
KEGG_MEDICUS_VARIANT_MUTATION_CAUSED_ABERRANT_TDP43_TO_ELECTRON_TRANSFER_IN_COMPLEX_I,1.6208945124170524,0.12079168923243563,1.4061782340683844,0.43081533133748234,FALSE,FALSE,NS,NS
KEGG_MEDICUS_VARIANT_MUTATION_INACTIVATED_PINK1_TO_ELECTRON_TRANSFER_IN_COMPLEX_I,1.6935541334632112,0.08291006417470116,1.4261273194929214,0.4194223870067098,FALSE,FALSE,NS,NS
KEGG_MEDICUS_VARIANT_MUTATION_INACTIVATED_UBQLN2_TO_26S_PROTEASOME_MEDIATED_PROTEIN_DEGRADATION,-1.2867119804766196,0.4347840466344903,-1.3710880878200467,0.4692816007657984,FALSE,FALSE,NS,NS
KEGG_MEDICUS_VARIANT_MUTATION_INACTIVATED_VCP_TO_26S_PROTEASOME_MEDIATED_PROTEIN_DEGRADATION,-1.2929700746271777,0.42821237825950365,-1.3504782270420694,0.48685716215496555,FALSE,FALSE,NS,NS
KEGG_MEDICUS_VARIANT_SCRAPIE_CONFORMATION_PRPSC_TO_26S_PROTEASOME_MEDIATED_PROTEIN_DEGRADATION,-1.3688456530824316,0.3555867681045228,-1.3849745283567068,0.4692816007657984,FALSE,FALSE,NS,NS
REACTOME_ABC_FAMILY_PROTEINS_MEDIATED_TRANSPORT,-1.1387580650296174,0.5844064991725589,-1.1948810244741217,0.6143618083489218,FALSE,FALSE,NS,NS
REACTOME_ABC_TRANSPORTER_DISORDERS,-1.2673854618408176,0.44250292795116236,-1.3799169413053647,0.4692816007657984,FALSE,FALSE,NS,NS
REACTOME_ACTIVATION_OF_APC_C_AND_APC_C_CDC20_MEDIATED_DEGRADATION_OF_MITOTIC_PROTEINS,-1.3706081712030576,0.34295831696779266,-1.392531911392456,0.46233330970727315,FALSE,FALSE,NS,NS
REACTOME_ACTIVATION_OF_NF_KAPPAB_IN_B_CELLS,-1.3479646126711542,0.36368844192509175,-1.3074802414503561,0.5422323684798657,FALSE,FALSE,NS,NS
REACTOME_ACTIVATION_OF_NMDA_RECEPTORS_AND_POSTSYNAPTIC_EVENTS,0.560041039640481,1,0.6754994739905038,0.9997322623828648,FALSE,FALSE,NS,NS
REACTOME_ACTIVATION_OF_THE_MRNA_UPON_BINDING_OF_THE_CAP_BINDING_COMPLEX_AND_EIFS_AND_SUBSEQUENT_BINDING_TO_43S,0.8490301655644193,0.949408394415512,-1.3361624986872327,0.4692816007657984,FALSE,FALSE,NS,NS
REACTOME_ADHERENS_JUNCTIONS_INTERACTIONS,0.7784269740477777,1,0.9834795869632952,0.8596659632987634,FALSE,FALSE,NS,NS
REACTOME_AEROBIC_RESPIRATION_AND_RESPIRATORY_ELECTRON_TRANSPORT,1.2361014354303752,0.3555867681045228,1.3498564245560674,0.35496024167505813,FALSE,FALSE,NS,NS
REACTOME_AGGREPHAGY,0.9374483767754966,0.8413425427950572,0.4628589658136318,0.9997322623828648,FALSE,FALSE,NS,NS
REACTOME_AMPK_INDUCED_ERAD_AND_LYSOSOME_MEDIATED_DEGRADATION_OF_PD_L1_CD274,-1.2310225770427963,0.4759632173204516,-1.3945097383536225,0.46024843409654115,FALSE,FALSE,NS,NS
REACTOME_ANCHORING_OF_THE_BASAL_BODY_TO_THE_PLASMA_MEMBRANE,1.196061483900302,0.5545605761868949,-1.0182758512636416,0.8312526009155222,FALSE,FALSE,NS,NS
REACTOME_ANTIGEN_PRESENTATION_FOLDING_ASSEMBLY_AND_PEPTIDE_LOADING_OF_CLASS_I_MHC,1.64946798565668,0.14812986519840515,-0.48108353166023593,0.9997322623828648,FALSE,FALSE,NS,NS
REACTOME_ANTIGEN_PROCESSING_CROSS_PRESENTATION,0.7184582117830265,1,-1.1389909322937513,0.6698456900571478,FALSE,FALSE,NS,NS
REACTOME_ANTIGEN_PROCESSING_UB_ATP_INDEPENDENT_PROTEASOMAL_DEGRADATION,-1.5353995224562655,0.2519315367269232,-1.7762455801331851,0.29210481197851185,FALSE,FALSE,NS,NS
REACTOME_ANTIMICROBIAL_MECHANISM_OF_IFN_STIMULATED_GENES,-0.8155883088558635,0.9770118592104585,-0.7275654177397313,0.9997322623828648,FALSE,FALSE,NS,NS
REACTOME_APC_C_CDH1_MEDIATED_DEGRADATION_OF_CDC20_AND_OTHER_APC_C_CDH1_TARGETED_PROTEINS_IN_LATE_MITOSIS_EARLY_G1,-1.409182500191905,0.3148059621324023,-1.422649508603322,0.436234843182734,FALSE,FALSE,NS,NS
REACTOME_APC_C_MEDIATED_DEGRADATION_OF_CELL_CYCLE_PROTEINS,-1.4135587556474483,0.3148059621324023,-1.2477534389196223,0.5873640854430237,FALSE,FALSE,NS,NS
REACTOME_APOPTOSIS,-0.6744557493728949,1,-0.8393677958781312,0.9853746997237703,FALSE,FALSE,NS,NS
REACTOME_APOPTOTIC_EXECUTION_PHASE,1.3158816919817955,0.44250292795116236,0.9906842903427407,0.8508851916717053,FALSE,FALSE,NS,NS
REACTOME_ASYMMETRIC_LOCALIZATION_OF_PCP_PROTEINS,-1.279271674873132,0.4386049274607967,-1.4127914267502184,0.4477277633851468,FALSE,FALSE,NS,NS
REACTOME_AUF1_HNRNP_D0_BINDS_AND_DESTABILIZES_MRNA,-0.8585226976627482,0.9370160287768136,-1.3300976371107733,0.4999025152659495,FALSE,FALSE,NS,NS
REACTOME_AURKA_ACTIVATION_BY_TPX2,1.0380763789410543,0.7449166107689493,-1.0526760677046463,0.7929068614556565,FALSE,FALSE,NS,NS
REACTOME_AUTOPHAGY,1.0537813168803203,0.7062422263681593,-0.6496879397150692,0.9997322623828648,FALSE,FALSE,NS,NS
REACTOME_BETA_CATENIN_INDEPENDENT_WNT_SIGNALING,-0.8569892678259868,0.9458988556662975,-1.1746846986836081,0.6154718544526775,FALSE,FALSE,NS,NS
REACTOME_BIOLOGICAL_OXIDATIONS,-1.1712926590750545,0.527289418551493,-1.5105691365946723,0.35496024167505813,FALSE,FALSE,NS,NS
REACTOME_BRANCHED_CHAIN_AMINO_ACID_CATABOLISM,-0.908351352305038,0.8728333502075529,-0.8921766444760348,0.9270150754965153,FALSE,FALSE,NS,NS
REACTOME_CARDIAC_CONDUCTION,-1.5140269546102816,0.2477601547865523,-0.6811823510223198,0.9997322623828648,FALSE,FALSE,NS,NS
REACTOME_CARGO_RECOGNITION_FOR_CLATHRIN_MEDIATED_ENDOCYTOSIS,0.9920023824660635,0.7816821235072082,-1.2142162722517382,0.6089068825910932,FALSE,FALSE,NS,NS
REACTOME_CDC42_GTPASE_CYCLE,1.7206556491487968,0.11337076315242253,-0.6436647835713017,0.9997322623828648,FALSE,FALSE,NS,NS
REACTOME_CDK_MEDIATED_PHOSPHORYLATION_AND_REMOVAL_OF_CDC6,-1.409182500191905,0.3148059621324023,-1.422649508603322,0.436234843182734,FALSE,FALSE,NS,NS
REACTOME_CELLULAR_RESPONSES_TO_MECHANICAL_STIMULI,0.7612031308640951,0.9798484050928187,-0.6884153672731627,0.9997322623828648,FALSE,FALSE,NS,NS
REACTOME_CELLULAR_RESPONSE_TO_CHEMICAL_STRESS,-1.4349367348046331,0.1732739182507343,-1.2812344940671416,0.4830185426404107,FALSE,FALSE,NS,NS
REACTOME_CELLULAR_RESPONSE_TO_HEAT_STRESS,0.8440169378108547,0.9408832045406609,0.9393352030785751,0.8999551783948083,FALSE,FALSE,NS,NS
REACTOME_CELLULAR_RESPONSE_TO_HYPOXIA,-1.3772169942713366,0.3353058757484549,-1.4884052765486653,0.3813434842552424,FALSE,FALSE,NS,NS
REACTOME_CELLULAR_SENESCENCE,-1.3912185350384452,0.36182779268406384,1.2250860937768788,0.6077443689919017,FALSE,FALSE,NS,NS
REACTOME_CELL_CELL_COMMUNICATION,0.9268084082332759,0.8855268795425687,1.1338882219611481,0.6287720002005717,FALSE,FALSE,NS,NS
REACTOME_CELL_CYCLE_CHECKPOINTS,-1.2544125594515942,0.3880529423770956,-1.0156184362207128,0.8225379625101249,FALSE,FALSE,NS,NS
REACTOME_CELL_JUNCTION_ORGANIZATION,0.7495542638569473,1,1.1785222020962605,0.5873640854430237,FALSE,FALSE,NS,NS
REACTOME_CILIUM_ASSEMBLY,1.2848896009041093,0.4386049274607967,-0.8968220572187486,0.9340963142005688,FALSE,FALSE,NS,NS
REACTOME_CIRCADIAN_CLOCK,-1.4079913058500073,0.30735063532101675,-1.0157731601082873,0.8225379625101249,FALSE,FALSE,NS,NS
REACTOME_CITRIC_ACID_CYCLE_TCA_CYCLE,-0.5227282617288956,1,1.5955176006104776,0.35496024167505813,FALSE,FALSE,NS,NS
REACTOME_CLASS_I_MHC_MEDIATED_ANTIGEN_PROCESSING_PRESENTATION,-1.4701777185187157,0.1347035457194412,-1.3097977815289295,0.46233330970727315,FALSE,FALSE,NS,NS
REACTOME_CLATHRIN_MEDIATED_ENDOCYTOSIS,1.4163436109642764,0.28399657159078917,-1.195137319031494,0.6055890322189995,FALSE,FALSE,NS,NS
REACTOME_CLEC7A_DECTIN_1_SIGNALING,-1.47156654564904,0.23293139332836876,-1.582167591339693,0.35496024167505813,FALSE,FALSE,NS,NS
REACTOME_COMPLEX_IV_ASSEMBLY,1.2590252710699974,0.4857846186541045,-0.6890986895725192,0.9997322623828648,FALSE,FALSE,NS,NS
REACTOME_COMPLEX_I_BIOGENESIS,1.5856495886375466,0.13024404651593774,1.4192999040515122,0.41446208112874783,FALSE,FALSE,NS,NS
REACTOME_COOPERATION_OF_PREFOLDIN_AND_TRIC_CCT_IN_ACTIN_AND_TUBULIN_FOLDING,-0.7568144023228686,0.9798484050928187,-1.2720064445985635,0.5873640854430237,FALSE,FALSE,NS,NS
REACTOME_COPII_MEDIATED_VESICLE_TRANSPORT,0.9787482911225092,0.802694067888998,-0.7627621272077802,0.9981122637017456,FALSE,FALSE,NS,NS
REACTOME_COPI_DEPENDENT_GOLGI_TO_ER_RETROGRADE_TRAFFIC,1.629696340247625,0.15152957341827492,-1.42072388436848,0.46024843409654115,FALSE,FALSE,NS,NS
REACTOME_COPI_INDEPENDENT_GOLGI_TO_ER_RETROGRADE_TRAFFIC,1.0861447259840606,0.6786976720909477,-0.8582973892817694,0.9518696638420151,FALSE,FALSE,NS,NS
REACTOME_COPI_MEDIATED_ANTEROGRADE_TRANSPORT,1.5459772318210283,0.15518878665872082,-0.6727083038927975,0.9997322623828648,FALSE,FALSE,NS,NS
REACTOME_CO_INHIBITION_BY_PD_1,-1.0560441554812727,0.699642937919237,-1.128307614827606,0.6718857188456049,FALSE,FALSE,NS,NS
REACTOME_CRISTAE_FORMATION,0.6678767681886125,1,1.3484933177150338,0.4900593501863556,FALSE,FALSE,NS,NS
REACTOME_CROSS_PRESENTATION_OF_SOLUBLE_EXOGENOUS_ANTIGENS_ENDOSOMES,-1.2620695337263241,0.44250292795116236,-1.4913601276977622,0.3813434842552424,FALSE,FALSE,NS,NS
REACTOME_CYCLIN_A_CDK2_ASSOCIATED_EVENTS_AT_S_PHASE_ENTRY,-1.4235576890413686,0.3110238152490222,-1.090946359695294,0.7379617787020684,FALSE,FALSE,NS,NS
REACTOME_CYTOPROTECTION_BY_HMOX1,1.310341116967227,0.4452112146625361,-0.6426989029775786,0.9997322623828648,FALSE,FALSE,NS,NS
REACTOME_CYTOSOLIC_TRNA_AMINOACYLATION,1.3666340810315298,0.3751244417700763,-0.6680722146668261,0.9997322623828648,FALSE,FALSE,NS,NS
REACTOME_C_TYPE_LECTIN_RECEPTORS_CLRS,-1.4601165190271086,0.23341255877826292,-1.4984627765801386,0.35978171866919495,FALSE,FALSE,NS,NS
REACTOME_DDX58_IFIH1_MEDIATED_INDUCTION_OF_INTERFERON_ALPHA_BETA,0.7017288000198565,1,-0.7484709667894626,0.9981122637017456,FALSE,FALSE,NS,NS
REACTOME_DEATH_RECEPTOR_SIGNALING,-0.7200449655484648,0.9936103790663708,-1.1502690267440863,0.6952126060606061,FALSE,FALSE,NS,NS
REACTOME_DECTIN_1_MEDIATED_NONCANONICAL_NF_KB_SIGNALING,-1.3914735638448534,0.3170188038672306,-1.3651648887357817,0.4692816007657984,FALSE,FALSE,NS,NS
REACTOME_DEGRADATION_OF_AXIN,-1.279271674873132,0.4386049274607967,-1.4127914267502184,0.4477277633851468,FALSE,FALSE,NS,NS
REACTOME_DEGRADATION_OF_BETA_CATENIN_BY_THE_DESTRUCTION_COMPLEX,-1.1690113159605067,0.550238399179514,-1.121871472887479,0.6952126060606061,FALSE,FALSE,NS,NS
REACTOME_DEGRADATION_OF_CRY_AND_PER_PROTEINS,-1.4602909570471279,0.27246226907315657,-1.2715618613251423,0.559219244381381,FALSE,FALSE,NS,NS
REACTOME_DEGRADATION_OF_DVL,-1.2268856679700764,0.4801476639917851,-1.4942501461763529,0.3813434842552424,FALSE,FALSE,NS,NS
REACTOME_DEGRADATION_OF_GLI1_BY_THE_PROTEASOME,-1.4386248819703518,0.29302466875939587,-1.2417830308207602,0.5882055979643767,FALSE,FALSE,NS,NS
REACTOME_DEGRADATION_OF_THE_EXTRACELLULAR_MATRIX,1.8450771693929033,0.06196353471033967,0.8401246138552928,0.9555064316232875,FALSE,FALSE,NS,NS
REACTOME_DENGUE_VIRUS_GENOME_TRANSLATION_AND_REPLICATION,1.0504590741704543,0.7192347910054749,-1.0455076419772107,0.7881146407507219,FALSE,FALSE,NS,NS
REACTOME_DETOXIFICATION_OF_REACTIVE_OXYGEN_SPECIES,-1.4772136616786349,0.2865274276625703,-1.1276403522285552,0.713996782203304,FALSE,FALSE,NS,NS
REACTOME_DEUBIQUITINATION,-1.1530626282318237,0.5291810614286184,-1.5618090147024388,0.3340308411567319,FALSE,FALSE,NS,NS
REACTOME_DEVELOPMENTAL_CELL_LINEAGES,-1.0574678369528705,0.7195176821807628,1.2393101798289627,0.6006128329498203,FALSE,FALSE,NS,NS
REACTOME_DISORDERS_OF_TRANSMEMBRANE_TRANSPORTERS,-0.8765246328472208,0.9192448319733787,-1.1369793294972725,0.6786685946232318,FALSE,FALSE,NS,NS
REACTOME_DNA_DAMAGE_RECOGNITION_IN_GG_NER,-1.0084041015955376,0.7629170397555483,-1.7714517673223882,0.29210481197851185,FALSE,FALSE,NS,NS
REACTOME_DNA_DOUBLE_STRAND_BREAK_REPAIR,-1.3340483771317635,0.42821237825950365,-0.8744221539860866,0.9354580093032201,FALSE,FALSE,NS,NS
REACTOME_DNA_REPAIR,-1.2360027127169597,0.4714898974146681,-1.3924120493160037,0.46024843409654115,FALSE,FALSE,NS,NS
REACTOME_DNA_REPLICATION,-1.506590049713718,0.20797186865204345,-1.20496586139501,0.6006128329498203,FALSE,FALSE,NS,NS
REACTOME_DNA_REPLICATION_PRE_INITIATION,-1.4226120736672216,0.28399657159078917,-1.3322174430020797,0.48685716215496555,FALSE,FALSE,NS,NS
REACTOME_DOWNSTREAM_SIGNALING_EVENTS_OF_B_CELL_RECEPTOR_BCR,-1.2937008513759352,0.3949959061540369,-1.356046532217314,0.4692816007657984,FALSE,FALSE,NS,NS
REACTOME_DOWNSTREAM_TCR_SIGNALING,-1.6507733907685747,0.12079168923243563,-1.319398513319301,0.5083227081473926,FALSE,FALSE,NS,NS
REACTOME_DRUG_ADME,1.0087098039316635,0.7629170397555483,-0.7674272384262928,0.9907323278211885,FALSE,FALSE,NS,NS
REACTOME_ECM_PROTEOGLYCANS,1.6802751975418881,0.1317782363381867,1.3321934632504107,0.5422323684798657,FALSE,FALSE,NS,NS
REACTOME_ENDOSOMAL_SORTING_COMPLEX_REQUIRED_FOR_TRANSPORT_ESCRT,0.5073023007573371,1,-0.6654983926127898,0.9997322623828648,FALSE,FALSE,NS,NS
REACTOME_EPIGENETIC_REGULATION_OF_GENE_EXPRESSION,0.6616386241357184,1,-0.6950211653431986,0.9997322623828648,FALSE,FALSE,NS,NS
REACTOME_ER_TO_GOLGI_ANTEROGRADE_TRANSPORT,1.6903263328127403,0.0670496408933393,0.7937349228038801,0.9997322623828648,FALSE,FALSE,NS,NS
REACTOME_ESR_MEDIATED_SIGNALING,1.061048286538155,0.7177959322854921,-0.6127869569186665,0.9997322623828648,FALSE,FALSE,NS,NS
REACTOME_EXTRACELLULAR_MATRIX_ORGANIZATION,1.5312598160204234,0.15152957341827492,1.1466550792727257,0.6287720002005717,FALSE,FALSE,NS,NS
REACTOME_EXTRA_NUCLEAR_ESTROGEN_SIGNALING,1.4683227228144013,0.3148059621324023,0.7254987487186857,0.9997322623828648,FALSE,FALSE,NS,NS
REACTOME_FACTORS_INVOLVED_IN_MEGAKARYOCYTE_DEVELOPMENT_AND_PLATELET_PRODUCTION,1.0382234591599018,0.7481387184930387,0.6995010119499403,0.9997322623828648,FALSE,FALSE,NS,NS
REACTOME_FATTY_ACID_METABOLISM,-1.1324102918920846,0.5688113548651466,-0.7739392880514989,0.9997322623828648,FALSE,FALSE,NS,NS
REACTOME_FBXL7_DOWN_REGULATES_AURKA_DURING_MITOTIC_ENTRY_AND_IN_EARLY_MITOSIS,-1.3518831981039094,0.36182779268406384,-1.264685056835489,0.559219244381381,FALSE,FALSE,NS,NS
REACTOME_FCERI_MEDIATED_NF_KB_ACTIVATION,-1.5819014596710892,0.1565651952480597,-1.3434737719186467,0.4830642945217545,FALSE,FALSE,NS,NS
REACTOME_FC_EPSILON_RECEPTOR_FCERI_SIGNALING,-1.3057182105282577,0.3806156870629761,-1.11207699087577,0.6976059354443934,FALSE,FALSE,NS,NS
REACTOME_FORMATION_OF_ATP_BY_CHEMIOSMOTIC_COUPLING,0.8613677860804125,0.9115025696929531,1.0559982397001,0.7881146407507219,FALSE,FALSE,NS,NS
REACTOME_FORMATION_OF_PARAXIAL_MESODERM,-1.3619272407667717,0.3555867681045228,-1.4280154852129276,0.4347392987249545,FALSE,FALSE,NS,NS
REACTOME_FORMATION_OF_THE_DYSTROPHIN_GLYCOPROTEIN_COMPLEX_DGC,-1.4704680326583446,0.30740867621844065,-0.7221879391653891,0.9997322623828648,FALSE,FALSE,NS,NS
REACTOME_G1_S_DNA_DAMAGE_CHECKPOINTS,-1.4276031289823985,0.30819152077620754,-1.1838867144711844,0.6287720002005717,FALSE,FALSE,NS,NS
REACTOME_G2_M_CHECKPOINTS,-1.3561758369939894,0.32672711571675306,-1.2899216667000208,0.5294727324300291,FALSE,FALSE,NS,NS
REACTOME_GASTRULATION,-1.3619272407667717,0.3555867681045228,-1.4280154852129276,0.4347392987249545,FALSE,FALSE,NS,NS
REACTOME_GENE_AND_PROTEIN_EXPRESSION_BY_JAK_STAT_SIGNALING_AFTER_INTERLEUKIN_12_STIMULATION,1.625000519709385,0.1505098830774288,-0.7833608194446419,0.9907323278211885,FALSE,FALSE,NS,NS
REACTOME_GLOBAL_GENOME_NUCLEOTIDE_EXCISION_REPAIR_GG_NER,-1.4714188479680352,0.2865274276625703,-1.7947495855778044,0.29210481197851185,FALSE,FALSE,NS,NS
REACTOME_GLUCOSE_METABOLISM,0.8945437953401382,0.8992794466226628,-0.9649446127157323,0.8743652578496142,FALSE,FALSE,NS,NS
REACTOME_GLUTATHIONE_CONJUGATION,-1.4487886917261237,0.31804696878751504,-1.5056109779908906,0.41446208112874783,FALSE,FALSE,NS,NS
REACTOME_GLYCEROPHOSPHOLIPID_BIOSYNTHESIS,-0.9907023307990598,0.7816821235072082,-1.0743170641051376,0.7660386615641251,FALSE,FALSE,NS,NS
REACTOME_GLYCOGEN_METABOLISM,1.574877999424879,0.21049222648641797,0.8262086411438947,0.9555064316232875,FALSE,FALSE,NS,NS
REACTOME_GOLGI_ASSOCIATED_VESICLE_BIOGENESIS,1.72759510842418,0.10369163846326405,1.565164891979099,0.3813434842552424,FALSE,FALSE,NS,NS
REACTOME_GOLGI_TO_ER_RETROGRADE_TRANSPORT,1.6679484393296973,0.08291006417470116,-0.9689178267649142,0.8696442991878838,FALSE,FALSE,NS,NS
REACTOME_GSK3B_MEDIATED_PROTEASOMAL_DEGRADATION_OF_PD_L1_CD274,-1.376012785050483,0.34295831696779266,-1.3138269248541756,0.5294727324300291,FALSE,FALSE,NS,NS
REACTOME_G_ALPHA_I_SIGNALLING_EVENTS,0.9433157454664678,0.8413425427950572,0.7178770852385189,0.9997322623828648,FALSE,FALSE,NS,NS
REACTOME_HCMV_EARLY_EVENTS,0.8690696836164306,0.9073854848536923,1.0671321574874113,0.7730504766369746,FALSE,FALSE,NS,NS
REACTOME_HEDGEHOG_LIGAND_BIOGENESIS,-1.1688271397836143,0.5489410251767667,-1.3594978520396843,0.4830185426404107,FALSE,FALSE,NS,NS
REACTOME_HEDGEHOG_OFF_STATE,-1.276130662878075,0.42821237825950365,-1.3669759850940724,0.46233330970727315,FALSE,FALSE,NS,NS
REACTOME_HEDGEHOG_ON_STATE,-1.1271330807624558,0.6068336307203934,-1.5511453980833547,0.35496024167505813,FALSE,FALSE,NS,NS
REACTOME_HH_MUTANTS_ABROGATE_LIGAND_SECRETION,-1.2880969151772288,0.42821237825950365,-1.3933599598198152,0.46817780407512916,FALSE,FALSE,NS,NS
REACTOME_HSF1_ACTIVATION,-0.8514784747699334,0.9192448319733787,0.7432188529520704,0.9982820957958255,FALSE,FALSE,NS,NS
REACTOME_HSF1_DEPENDENT_TRANSACTIVATION,1.025249347269482,0.7565162952118488,0.9872377245679719,0.8519451314889915,FALSE,FALSE,NS,NS
REACTOME_HSP90_CHAPERONE_CYCLE_FOR_STEROID_HORMONE_RECEPTORS_SHR_IN_THE_PRESENCE_OF_LIGAND,1.2413426267800018,0.4802065557412162,0.8274524119435092,0.9757455217286528,FALSE,FALSE,NS,NS
REACTOME_INTEGRATION_OF_ENERGY_METABOLISM,0.8821520189917929,0.9073854848536923,-0.5239564975229624,0.9997322623828648,FALSE,FALSE,NS,NS
REACTOME_INTERFERON_GAMMA_SIGNALING,1.5486633758021269,0.23588948108929264,1.0898268110046552,0.749517919448437,FALSE,FALSE,NS,NS
REACTOME_INTERFERON_SIGNALING,0.9899738796794256,0.7816821235072082,0.7309946139831993,0.9997322623828648,FALSE,FALSE,NS,NS
REACTOME_INTERLEUKIN_12_FAMILY_SIGNALING,1.7924273956884793,0.09339413097157605,-0.7628290554258205,0.9982820957958255,FALSE,FALSE,NS,NS
REACTOME_INTERLEUKIN_12_SIGNALING,1.675057441796708,0.1317782363381867,-0.7687313781001885,0.9982820957958255,FALSE,FALSE,NS,NS
REACTOME_INTERLEUKIN_17_SIGNALING,-1.2206666599421099,0.5186440747840785,1.0733060953956761,0.752107939632546,FALSE,FALSE,NS,NS
REACTOME_INTERLEUKIN_1_FAMILY_SIGNALING,-1.303294490349535,0.38171984661023084,-1.0850826461373966,0.7287322245333162,FALSE,FALSE,NS,NS
REACTOME_INTERLEUKIN_1_SIGNALING,-1.5632108638141629,0.15796197623241837,-1.3352938880455476,0.48685716215496555,FALSE,FALSE,NS,NS
REACTOME_INTRACELLULAR_SIGNALING_BY_SECOND_MESSENGERS,-1.2753368342823088,0.3806156870629761,0.8166739272252515,0.9982820957958255,FALSE,FALSE,NS,NS
REACTOME_INTRA_GOLGI_AND_RETROGRADE_GOLGI_TO_ER_TRAFFIC,1.5530596654683404,0.15152957341827492,-0.8006729019928528,0.9982820957958255,FALSE,FALSE,NS,NS
REACTOME_INTRINSIC_PATHWAY_FOR_APOPTOSIS,0.7093014133140775,1,0.8457556603063924,0.9555064316232875,FALSE,FALSE,NS,NS
REACTOME_ION_CHANNEL_TRANSPORT,-1.3900659907353865,0.34079827170987387,-0.8299210400513549,0.9619673818930959,FALSE,FALSE,NS,NS
REACTOME_ION_HOMEOSTASIS,-1.3507315948191625,0.38684957426679284,-0.7006227424759907,0.9997322623828648,FALSE,FALSE,NS,NS
REACTOME_ION_TRANSPORT_BY_P_TYPE_ATPASES,-1.5753284149863283,0.22519804796918766,-0.8320192760903063,0.9555064316232875,FALSE,FALSE,NS,NS
REACTOME_IRE1ALPHA_ACTIVATES_CHAPERONES,1.1207139689056973,0.6499845336907769,1.1184350215690677,0.7222219192624261,FALSE,FALSE,NS,NS
REACTOME_IRON_UPTAKE_AND_TRANSPORT,1.2917499320656676,0.46893383742911154,1.2902195100591636,0.5766565306555406,FALSE,FALSE,NS,NS
REACTOME_KEAP1_NFE2L2_PATHWAY,-1.7507033115216528,0.05540779132010586,-1.3955883190785485,0.4208975468975468,FALSE,FALSE,NS,NS
REACTOME_L1CAM_INTERACTIONS,1.3314329746686138,0.3837191852689559,-0.6299927366859231,0.9997322623828648,FALSE,FALSE,NS,NS
REACTOME_MAP2K_AND_MAPK_ACTIVATION,0.9291120643385005,0.8473455938545214,1.2435668788514782,0.6006128329498203,FALSE,FALSE,NS,NS
REACTOME_MAPK1_MAPK3_SIGNALING,-0.7874121439035714,1,0.8620538586162889,0.976196734352162,FALSE,FALSE,NS,NS
REACTOME_MAPK6_MAPK4_SIGNALING,-1.0102561354857584,0.7622986517162634,-1.030598533951243,0.8010387766392899,FALSE,FALSE,NS,NS
REACTOME_MAPK_FAMILY_SIGNALING_CASCADES,-0.740723693817148,1,0.923610496685604,0.9340963142005688,FALSE,FALSE,NS,NS
REACTOME_MATURATION_OF_DENV_PROTEINS,1.1575084782399592,0.5776605129254136,-0.7013305652315941,0.9997322623828648,FALSE,FALSE,NS,NS
REACTOME_METABOLISM_OF_AMINO_ACIDS_AND_DERIVATIVES,1.1797220879134067,0.4424577821098784,-1.194229541213229,0.5422323684798657,FALSE,FALSE,NS,NS
REACTOME_METABOLISM_OF_CARBOHYDRATES_AND_CARBOHYDRATE_DERIVATIVES,0.8500777900133398,0.952795644229849,-0.9126498720962959,0.9340963142005688,FALSE,FALSE,NS,NS
REACTOME_METABOLISM_OF_NUCLEOTIDES,-1.4882465403515113,0.2477601547865523,-1.1227029249300533,0.6990928832274292,FALSE,FALSE,NS,NS
REACTOME_METABOLISM_OF_POLYAMINES,-0.9884396385136516,0.7816821235072082,-1.2949895507052578,0.5422323684798657,FALSE,FALSE,NS,NS
REACTOME_METABOLISM_OF_STEROIDS,-0.8090341948417096,0.952795644229849,-1.1131020348250589,0.7174255901119296,FALSE,FALSE,NS,NS
REACTOME_METABOLISM_OF_VITAMINS_AND_COFACTORS,-1.548489046533149,0.15796197623241837,-0.8341222146527609,0.9783341465576264,FALSE,FALSE,NS,NS
REACTOME_METABOLISM_OF_WATER_SOLUBLE_VITAMINS_AND_COFACTORS,-1.4353757075356346,0.29999460627551144,-1.0141044538392832,0.8280474503771231,FALSE,FALSE,NS,NS
REACTOME_MITF_M_REGULATED_MELANOCYTE_DEVELOPMENT,0.9289585659698923,0.8616322306930042,0.8067301191323499,0.9886819930793956,FALSE,FALSE,NS,NS
REACTOME_MITOCHONDRIAL_BIOGENESIS,-0.8235017749016847,0.952795644229849,0.8714829886441706,0.9555064316232875,FALSE,FALSE,NS,NS
REACTOME_MITOCHONDRIAL_FATTY_ACID_BETA_OXIDATION,-1.2782560794492512,0.4505578256278408,0.9848424120072748,0.8596659632987634,FALSE,FALSE,NS,NS
REACTOME_MITOCHONDRIAL_PROTEIN_DEGRADATION,1.196763739914747,0.4759632173204516,1.602031236700648,0.29210481197851185,FALSE,FALSE,NS,NS
REACTOME_MITOCHONDRIAL_PROTEIN_IMPORT,-0.5918020474714694,1,1.3649228686590587,0.46024843409654115,FALSE,FALSE,NS,NS
REACTOME_MITOCHONDRIAL_TRANSLATION,0.9377261051778685,0.8445924435929297,1.291733505329789,0.557069787324138,FALSE,FALSE,NS,NS
REACTOME_MITOPHAGY,-1.2642979117452773,0.4802065557412162,0.7709186474524712,0.9859943070278759,FALSE,FALSE,NS,NS
REACTOME_MITOTIC_G1_PHASE_AND_G1_S_TRANSITION,-1.5812532153843648,0.15518878665872082,-0.9418686002988939,0.8980027110861442,FALSE,FALSE,NS,NS
REACTOME_MITOTIC_G2_G2_M_PHASES,-0.8943970289872195,0.9192448319733787,-1.1245384515884467,0.6718857188456049,FALSE,FALSE,NS,NS
REACTOME_MITOTIC_METAPHASE_AND_ANAPHASE,-1.1608239591220326,0.5156652715707835,-1.4018641387784905,0.3813434842552424,FALSE,FALSE,NS,NS
REACTOME_MITOTIC_PROMETAPHASE,-0.7551653536891587,1,-0.9448251547636457,0.8858613274979299,FALSE,FALSE,NS,NS
REACTOME_MITOTIC_PROPHASE,-0.9006162023146994,0.8855268795425687,-1.319797067727242,0.5422323684798657,FALSE,FALSE,NS,NS
REACTOME_MITOTIC_SPINDLE_CHECKPOINT,-0.8102608225210357,0.952795644229849,0.6452963790911622,0.9997322623828648,FALSE,FALSE,NS,NS
REACTOME_MTOR_SIGNALLING,0.9475256899709892,0.8392222522279233,-1.6013955409807528,0.3558118081180812,FALSE,FALSE,NS,NS
REACTOME_MUSCLE_CONTRACTION,1.1473237183960878,0.5545605761868949,1.8142065515901762,0.08361960828939774,FALSE,FALSE,NS,NS
REACTOME_MYD88_INDEPENDENT_TLR4_CASCADE,-1.383743728310056,0.35368815602496073,0.9259931206525825,0.9065347086958322,FALSE,FALSE,NS,NS
REACTOME_M_PHASE,-1.1089260476186933,0.5719162158790642,-1.5029114889938802,0.32883394942588895,FALSE,FALSE,NS,NS
REACTOME_NEDDYLATION,-1.411699988498927,0.24233536077063203,-1.6196498944258364,0.29210481197851185,FALSE,FALSE,NS,NS
REACTOME_NEGATIVE_REGULATION_OF_MAPK_PATHWAY,-0.8639017782084535,0.9073854848536923,-0.9602904183470905,0.8743652578496142,FALSE,FALSE,NS,NS
REACTOME_NEGATIVE_REGULATION_OF_NOTCH4_SIGNALING,-1.2251360090657721,0.4802065557412162,-1.221987080591607,0.6006128329498203,FALSE,FALSE,NS,NS
REACTOME_NEURONAL_SYSTEM,0.9493861539986068,0.8411611412719755,-0.5999115309321086,0.9997322623828648,FALSE,FALSE,NS,NS
REACTOME_NEUROTRANSMITTER_RECEPTORS_AND_POSTSYNAPTIC_SIGNAL_TRANSMISSION,1.0179352450320456,0.7568974081644707,0.5670873667496756,0.9997322623828648,FALSE,FALSE,NS,NS
REACTOME_NEUTROPHIL_DEGRANULATION,1.428540863373722,0.12778904962461088,-0.9361432464127886,0.9340963142005688,FALSE,FALSE,NS,NS
REACTOME_NON_INTEGRIN_MEMBRANE_ECM_INTERACTIONS,-1.3296327906156227,0.40363795823295917,-0.5695822433904806,0.9997322623828648,FALSE,FALSE,NS,NS
REACTOME_NUCLEAR_ENVELOPE_NE_REASSEMBLY,-0.9163972338138386,0.8708672757338712,-1.2608031115815375,0.5873640854430237,FALSE,FALSE,NS,NS
REACTOME_NUCLEAR_EVENTS_MEDIATED_BY_NFE2L2,-1.6542633090559569,0.0873735182153494,-1.4453964827100574,0.3813434842552424,FALSE,FALSE,NS,NS
REACTOME_NUCLEOTIDE_EXCISION_REPAIR,-1.553888487151546,0.20755656294109726,-1.68954498708113,0.32883394942588895,FALSE,FALSE,NS,NS
REACTOME_ONCOGENIC_MAPK_SIGNALING,1.4707481124781652,0.2712073816310665,1.3481584387495602,0.48685716215496555,FALSE,FALSE,NS,NS
REACTOME_OPIOID_SIGNALLING,0.9702834766438793,0.8128720008238082,0.5648651611715125,0.9997322623828648,FALSE,FALSE,NS,NS
REACTOME_ORC1_REMOVAL_FROM_CHROMATIN,-1.3518831981039094,0.36182779268406384,-1.264685056835489,0.559219244381381,FALSE,FALSE,NS,NS
REACTOME_ORGANELLE_BIOGENESIS_AND_MAINTENANCE,0.8534031292284617,0.952795644229849,-0.5958760907992324,0.9997322623828648,FALSE,FALSE,NS,NS
REACTOME_P53_DEPENDENT_G1_DNA_DAMAGE_RESPONSE,-1.279271674873132,0.4386049274607967,-1.4127914267502184,0.4477277633851468,FALSE,FALSE,NS,NS
REACTOME_PCP_CE_PATHWAY,-0.7255561556437143,1,-1.2732230040216979,0.5484634942243398,FALSE,FALSE,NS,NS
REACTOME_PEROXISOMAL_PROTEIN_IMPORT,-1.2140380399771986,0.5347591088674275,-0.4921021392425131,0.9997322623828648,FALSE,FALSE,NS,NS
REACTOME_PHASE_II_CONJUGATION_OF_COMPOUNDS,-1.2653226949779073,0.4505578256278408,-1.777808084735737,0.29210481197851185,FALSE,FALSE,NS,NS
REACTOME_PHASE_I_FUNCTIONALIZATION_OF_COMPOUNDS,-1.0458954243240939,0.7307134083765571,-0.9252424658673754,0.9026032312184898,FALSE,FALSE,NS,NS
REACTOME_PHOSPHOLIPID_METABOLISM,-0.9586145444797352,0.828362902443361,-0.9757674387611849,0.8643803179055634,FALSE,FALSE,NS,NS
REACTOME_PKR_MEDIATED_SIGNALING,0.8641423591013744,0.9240821465270362,-0.45609418119586775,0.9997322623828648,FALSE,FALSE,NS,NS
REACTOME_PLATELET_ACTIVATION_SIGNALING_AND_AGGREGATION,1.565958226261084,0.1267194001874414,1.0799424419766808,0.7278371016116536,FALSE,FALSE,NS,NS
REACTOME_PLATELET_HOMEOSTASIS,-1.3364095901534363,0.40190898588659185,-0.7635582070037543,0.9907323278211885,FALSE,FALSE,NS,NS
REACTOME_POTENTIAL_THERAPEUTICS_FOR_SARS,-0.8959210942094786,0.8893868426655313,-0.9006003263898823,0.9225992278182176,FALSE,FALSE,NS,NS
REACTOME_PROGRAMMED_CELL_DEATH,0.5828997962713267,1,-0.9562059679471855,0.8881188922818244,FALSE,FALSE,NS,NS
REACTOME_PROTEASOME_ASSEMBLY,-1.2847383051592771,0.4263489228833929,-1.5852772531632344,0.35496024167505813,FALSE,FALSE,NS,NS
REACTOME_PROTEIN_FOLDING,-0.9762695597327473,0.8007732625667301,-1.0638346995551415,0.7660386615641251,FALSE,FALSE,NS,NS
REACTOME_PROTEIN_LOCALIZATION,-1.0018867903776765,0.7681702584402934,1.131320580881482,0.6390502524035413,FALSE,FALSE,NS,NS
REACTOME_PROTEIN_UBIQUITINATION,-1.4635320826747575,0.310869417211329,-0.8458239401794484,0.9529415070692462,FALSE,FALSE,NS,NS
REACTOME_PTEN_REGULATION,-1.3590646660128023,0.3353058757484549,-0.8787511081189795,0.9505778588807785,FALSE,FALSE,NS,NS
REACTOME_PYRUVATE_METABOLISM,-0.806914325521108,0.952795644229849,0.9116325641680435,0.9185301112218812,FALSE,FALSE,NS,NS
REACTOME_RAB_GEFS_EXCHANGE_GTP_FOR_GDP_ON_RABS,-0.7070816646443425,1,-1.2916249299009308,0.5873640854430237,FALSE,FALSE,NS,NS
REACTOME_RAB_GERANYLGERANYLATION,-1.3933057325303035,0.3806156870629761,-1.2284159916795923,0.6191264300616732,FALSE,FALSE,NS,NS
REACTOME_RAB_REGULATION_OF_TRAFFICKING,0.622571456773548,1,-1.197708011460134,0.6287720002005717,FALSE,FALSE,NS,NS
REACTOME_RAC1_GTPASE_CYCLE,1.169840601038387,0.5796630278339499,-0.8520821192161023,0.9505778588807785,FALSE,FALSE,NS,NS
REACTOME_RAC2_GTPASE_CYCLE,1.0109576341898017,0.7608050203321551,1.0046608376659936,0.8392102617024219,FALSE,FALSE,NS,NS
REACTOME_RAC3_GTPASE_CYCLE,-0.7725748528364654,0.9671662787127963,-0.9836121111502346,0.8596659632987634,FALSE,FALSE,NS,NS
REACTOME_RAF_ACTIVATION,0.9554214261872074,0.828362902443361,1.13392379652394,0.6990928832274292,FALSE,FALSE,NS,NS
REACTOME_RECRUITMENT_OF_MITOTIC_CENTROSOME_PROTEINS_AND_COMPLEXES,1.0380763789410543,0.7449166107689493,-1.0526760677046463,0.7929068614556565,FALSE,FALSE,NS,NS
REACTOME_RECRUITMENT_OF_NUMA_TO_MITOTIC_CENTROSOMES,1.015435802354632,0.7591940592904962,-0.9476587018688911,0.8852274814258285,FALSE,FALSE,NS,NS
REACTOME_RECYCLING_PATHWAY_OF_L1,1.7051593575522812,0.11437122398746924,-0.5738060623899037,0.9997322623828648,FALSE,FALSE,NS,NS
REACTOME_REGULATION_OF_APOPTOSIS,-1.0623099317910007,0.699642937919237,-1.3951935630786296,0.46233330970727315,FALSE,FALSE,NS,NS
REACTOME_REGULATION_OF_CDH1_FUNCTION,-0.7209309358903757,1,-1.1462699585969607,0.6645475363107916,FALSE,FALSE,NS,NS
REACTOME_REGULATION_OF_CDH1_POSTTRANSLATIONAL_PROCESSING_AND_TRAFFICKING_TO_PLASMA_MEMBRANE,1.237395386053575,0.5195682345686099,0.9183218931576238,0.900344789113434,FALSE,FALSE,NS,NS
REACTOME_REGULATION_OF_EXPRESSION_OF_SLITS_AND_ROBOS,1.4912432502274906,0.12151431209602956,1.0943397080376949,0.6786685946232318,FALSE,FALSE,NS,NS
REACTOME_REGULATION_OF_HOMOTYPIC_CELL_CELL_ADHESION,0.7857399514588989,0.9946381332060927,0.983021015557941,0.8623642719308993,FALSE,FALSE,NS,NS
REACTOME_REGULATION_OF_HSF1_MEDIATED_HEAT_SHOCK_RESPONSE,-0.8406795586192007,0.9371740717023616,0.8464666730387264,0.9555064316232875,FALSE,FALSE,NS,NS
REACTOME_REGULATION_OF_INSULIN_SECRETION,1.013543203413102,0.7629170397555483,0.9756674682412368,0.8596659632987634,FALSE,FALSE,NS,NS
REACTOME_REGULATION_OF_MRNA_STABILITY_BY_PROTEINS_THAT_BIND_AU_RICH_ELEMENTS,-0.8096870396380209,0.9767343377793432,-1.2265723133623445,0.5873640854430237,FALSE,FALSE,NS,NS
REACTOME_REGULATION_OF_ORNITHINE_DECARBOXYLASE_ODC,-1.3619272407667717,0.3555867681045228,-1.4280154852129276,0.4347392987249545,FALSE,FALSE,NS,NS
REACTOME_REGULATION_OF_PD_L1_CD274_EXPRESSION,-0.9903456615606427,0.7816821235072082,-1.1189469946966435,0.6809942361509502,FALSE,FALSE,NS,NS
REACTOME_REGULATION_OF_PD_L1_CD274_POST_TRANSLATIONAL_MODIFICATION,-0.9659356173162357,0.8180186486256046,-1.2642437366938961,0.5422323684798657,FALSE,FALSE,NS,NS
REACTOME_REGULATION_OF_PLK1_ACTIVITY_AT_G2_M_TRANSITION,0.8800570229982946,0.9073854848536923,-0.7018756171366033,0.9997322623828648,FALSE,FALSE,NS,NS
REACTOME_REGULATION_OF_PTEN_STABILITY_AND_ACTIVITY,-1.3905074192959503,0.32672711571675306,-1.2523641505503573,0.5807662266631672,FALSE,FALSE,NS,NS
REACTOME_REGULATION_OF_RAS_BY_GAPS,-1.227216585596709,0.4802065557412162,-1.5362344702307085,0.35496024167505813,FALSE,FALSE,NS,NS
REACTOME_REGULATION_OF_RUNX2_EXPRESSION_AND_ACTIVITY,-1.0858146731651381,0.6582068166575209,-1.4823964827947704,0.3813434842552424,FALSE,FALSE,NS,NS
REACTOME_REGULATION_OF_RUNX3_EXPRESSION_AND_ACTIVITY,-1.2788737012872287,0.43778836944953725,-1.5558347038745899,0.35978171866919495,FALSE,FALSE,NS,NS
REACTOME_REGULATION_OF_T_CELL_ACTIVATION_BY_CD28_FAMILY,-0.9477763018645466,0.8476303579319487,-0.9238659237263294,0.9307287274053475,FALSE,FALSE,NS,NS
REACTOME_RESOLUTION_OF_SISTER_CHROMATID_COHESION,0.7228853729158857,1,-0.6253398156884716,0.9997322623828648,FALSE,FALSE,NS,NS
REACTOME_RESPIRATORY_ELECTRON_TRANSPORT,1.4092583990769747,0.20347849400667628,1.1350255559252065,0.6154718544526775,FALSE,FALSE,NS,NS
REACTOME_RESPONSE_TO_ELEVATED_PLATELET_CYTOSOLIC_CA2,1.4820404137736531,0.23855533243877514,0.9041909935945822,0.9340963142005688,FALSE,FALSE,NS,NS
REACTOME_RHOA_GTPASE_CYCLE,1.7109422352464625,0.10369163846326405,0.7520238051927897,0.9997322623828648,FALSE,FALSE,NS,NS
REACTOME_RHOBTB2_GTPASE_CYCLE,-0.8586903600267435,0.9102166626052582,-0.8007341734098786,0.9668166343460463,FALSE,FALSE,NS,NS
REACTOME_RHOBTB_GTPASE_CYCLE,-0.9358261388680792,0.8413425427950572,-1.0416545327709772,0.7975884740769652,FALSE,FALSE,NS,NS
REACTOME_RHOG_GTPASE_CYCLE,1.0197878259730078,0.7591940592904962,-0.6836185852511525,0.9997322623828648,FALSE,FALSE,NS,NS
REACTOME_RHOH_GTPASE_CYCLE,1.140819011507369,0.6209922011708523,-0.5726145182638449,0.9997322623828648,FALSE,FALSE,NS,NS
REACTOME_RHO_GTPASES_ACTIVATE_FORMINS,1.12886521486023,0.6081534112834761,-0.5459420147156149,0.9997322623828648,FALSE,FALSE,NS,NS
REACTOME_RHO_GTPASES_ACTIVATE_PAKS,1.6792402636084591,0.1317782363381867,1.6606452163667673,0.35496024167505813,FALSE,FALSE,NS,NS
REACTOME_RHO_GTPASES_ACTIVATE_PKNS,1.7217649145614713,0.10369163846326405,1.3860583396582404,0.4769482092111394,FALSE,FALSE,NS,NS
REACTOME_RHO_GTPASE_CYCLE,1.4987425227628988,0.1344607287359388,-0.7124804258957778,0.9997322623828648,FALSE,FALSE,NS,NS
REACTOME_RIBOSOME_ASSOCIATED_QUALITY_CONTROL,1.4612012065291384,0.14225275746290503,1.1752167782743723,0.5869079248740265,FALSE,FALSE,NS,NS
REACTOME_RIBOSOME_QUALITY_CONTROL_RQC_COMPLEX_EXTRACTS_AND_DEGRADES_NASCENT_PEPTIDE,1.441902437764748,0.20203445282624505,0.9720857077656095,0.8743652578496142,FALSE,FALSE,NS,NS
REACTOME_RUNX1_REGULATES_TRANSCRIPTION_OF_GENES_INVOLVED_IN_DIFFERENTIATION_OF_HSCS,-1.3278246018896762,0.3828291860337101,-1.435866407810919,0.4208975468975468,FALSE,FALSE,NS,NS
REACTOME_SARS_COV_1_HOST_INTERACTIONS,1.5455289923548747,0.14403898340465504,0.9146291591788142,0.9340963142005688,FALSE,FALSE,NS,NS
REACTOME_SARS_COV_1_MODULATES_HOST_TRANSLATION_MACHINERY,1.2657513580072606,0.4514715464813206,1.245950976783183,0.5737675861304975,FALSE,FALSE,NS,NS
REACTOME_SARS_COV_2_ACTIVATES_MODULATES_INNATE_AND_ADAPTIVE_IMMUNE_RESPONSES,1.334672152120158,0.4163952501360814,-0.6987841598599961,0.9997322623828648,FALSE,FALSE,NS,NS
REACTOME_SARS_COV_2_HOST_INTERACTIONS,1.5774292391305549,0.11762480084970793,1.1015411979642915,0.694185075275535,FALSE,FALSE,NS,NS
REACTOME_SARS_COV_2_MODULATES_HOST_TRANSLATION_MACHINERY,1.3998749277918925,0.3148059621324023,1.237016610990586,0.5807662266631672,FALSE,FALSE,NS,NS
REACTOME_SCF_BETA_TRCP_MEDIATED_DEGRADATION_OF_EMI1,-1.3518831981039094,0.36182779268406384,-1.264685056835489,0.559219244381381,FALSE,FALSE,NS,NS
REACTOME_SCF_SKP2_MEDIATED_DEGRADATION_OF_P27_P21,-1.3518831981039094,0.36182779268406384,-1.264685056835489,0.559219244381381,FALSE,FALSE,NS,NS
REACTOME_SELECTIVE_AUTOPHAGY,0.782997356911931,0.9798484050928187,-0.5641301448278799,0.9997322623828648,FALSE,FALSE,NS,NS
REACTOME_SENSORY_PROCESSING_OF_SOUND,1.4906092122292094,0.28399657159078917,1.097306812697499,0.7379617787020684,FALSE,FALSE,NS,NS
REACTOME_SEPARATION_OF_SISTER_CHROMATIDS,-1.071241364968965,0.6748705452330187,-1.2106346020159395,0.5873640854430237,FALSE,FALSE,NS,NS
REACTOME_SIGNALING_BY_BRAF_AND_RAF1_FUSIONS,1.4203644730946066,0.31720362455028,1.1714182546601803,0.6287720002005717,FALSE,FALSE,NS,NS
REACTOME_SIGNALING_BY_HEDGEHOG,-1.0807211294371954,0.6621229429744667,-1.4560908596510591,0.3813434842552424,FALSE,FALSE,NS,NS
REACTOME_SIGNALING_BY_INTERLEUKINS,0.8431168980106452,0.9783225511435618,-0.8709903279663679,0.9668166343460463,FALSE,FALSE,NS,NS
REACTOME_SIGNALING_BY_MET,0.826177573966047,0.9408832045406609,0.7286158670986156,0.9997322623828648,FALSE,FALSE,NS,NS
REACTOME_SIGNALING_BY_MODERATE_KINASE_ACTIVITY_BRAF_MUTANTS,1.1836085477907388,0.5648214451472597,1.3065247473487822,0.5468129857951356,FALSE,FALSE,NS,NS
REACTOME_SIGNALING_BY_NOTCH,-1.072759091024933,0.6748705452330187,-1.2745786036884954,0.5422323684798657,FALSE,FALSE,NS,NS
REACTOME_SIGNALING_BY_NOTCH4,-1.2251360090657721,0.4802065557412162,-1.221987080591607,0.6006128329498203,FALSE,FALSE,NS,NS
REACTOME_SIGNALING_BY_NTRKS,0.6977495892833169,1,-0.6007685106140027,0.9997322623828648,FALSE,FALSE,NS,NS
REACTOME_SIGNALING_BY_NUCLEAR_RECEPTORS,0.7718276940686509,0.9912623915293161,-0.4923518292911728,0.9997322623828648,FALSE,FALSE,NS,NS
REACTOME_SIGNALING_BY_ROBO_RECEPTORS,1.451311302394769,0.13372169076245835,1.0367629817333555,0.778723107514481,FALSE,FALSE,NS,NS
REACTOME_SIGNALING_BY_TGFB_FAMILY_MEMBERS,0.7937428219682952,0.9603696011964825,0.6692401547028253,0.9997322623828648,FALSE,FALSE,NS,NS
REACTOME_SIGNALING_BY_TGF_BETA_RECEPTOR_COMPLEX,0.7714545142406041,0.9767343377793432,0.799456098831962,0.9859943070278759,FALSE,FALSE,NS,NS
REACTOME_SIGNALING_BY_THE_B_CELL_RECEPTOR_BCR,-1.220093927220772,0.4730963118954881,-1.3571864191037095,0.4692816007657984,FALSE,FALSE,NS,NS
REACTOME_SIGNALING_BY_VEGF,1.0742412911235992,0.7014800216293962,0.8243580815757983,0.9587510126105208,FALSE,FALSE,NS,NS
REACTOME_SIGNALING_BY_WNT,-0.7444570099791615,1,-0.8362017804541857,0.9886819930793956,FALSE,FALSE,NS,NS
REACTOME_SLC_MEDIATED_TRANSMEMBRANE_TRANSPORT,0.8811323565171978,0.8963912451565609,0.6849220998602514,0.9997322623828648,FALSE,FALSE,NS,NS
REACTOME_SMOOTH_MUSCLE_CONTRACTION,1.7418603885347324,0.08291006417470116,1.856431142844038,0.21522925317077676,FALSE,FALSE,NS,NS
REACTOME_SOMITOGENESIS,-1.3619272407667717,0.3555867681045228,-1.4280154852129276,0.4347392987249545,FALSE,FALSE,NS,NS
REACTOME_SPOP_MEDIATED_PROTEASOMAL_DEGRADATION_OF_PD_L1_CD274,-1.3486518562495444,0.36182779268406384,-1.4364852664991812,0.4208975468975468,FALSE,FALSE,NS,NS
REACTOME_STABILIZATION_OF_P53,-1.279271674873132,0.4386049274607967,-1.4127914267502184,0.4477277633851468,FALSE,FALSE,NS,NS
REACTOME_STRIATED_MUSCLE_CONTRACTION,1.7358838749304493,0.10369163846326405,2.215022877750559,0.026130826573559116,FALSE,TRUE,Sig PLA only,NS
REACTOME_SWITCHING_OF_ORIGINS_TO_A_POST_REPLICATIVE_STATE,-1.4602909570471279,0.27246226907315657,-1.2715618613251423,0.559219244381381,FALSE,FALSE,NS,NS
REACTOME_SYNTHESIS_OF_DNA,-1.5487400792450685,0.18179150661545027,-1.2243205826185555,0.5931146423465876,FALSE,FALSE,NS,NS
REACTOME_S_PHASE,-1.6038456052488057,0.14225275746290503,-1.1148012958787412,0.6976059354443934,FALSE,FALSE,NS,NS
REACTOME_TCF_DEPENDENT_SIGNALING_IN_RESPONSE_TO_WNT,-1.0976861975816616,0.6270171807326936,-1.1603020632649363,0.6287720002005717,FALSE,FALSE,NS,NS
REACTOME_TCR_SIGNALING,-1.4782551362603293,0.23588948108929264,-1.3022909529577074,0.5228064209845028,FALSE,FALSE,NS,NS
REACTOME_THE_ROLE_OF_GTSE1_IN_G2_M_PROGRESSION_AFTER_G2_CHECKPOINT,-0.859039496743977,0.9370160287768136,-1.4677704131574063,0.3813434842552424,FALSE,FALSE,NS,NS
REACTOME_TNFR2_NON_CANONICAL_NF_KB_PATHWAY,-1.3956185680625495,0.32215425718905993,-1.3298399092095006,0.510115269261188,FALSE,FALSE,NS,NS
REACTOME_TOLL_LIKE_RECEPTOR_9_TLR9_CASCADE,-1.185775557719328,0.5483057835199852,0.9603936790153356,0.8743652578496142,FALSE,FALSE,NS,NS
REACTOME_TOLL_LIKE_RECEPTOR_CASCADES,-0.8733850117736472,0.9192448319733787,0.9973727708076685,0.8495244548628916,FALSE,FALSE,NS,NS
REACTOME_TOLL_LIKE_RECEPTOR_TLR1_TLR2_CASCADE,-1.292520643124676,0.44250292795116236,0.8665056917227693,0.9524147113079919,FALSE,FALSE,NS,NS
REACTOME_TP53_REGULATES_METABOLIC_GENES,1.1209356499507153,0.613080538953668,-0.9508210244184125,0.8852274814258285,FALSE,FALSE,NS,NS
REACTOME_TRANSCRIPTIONAL_AND_POST_TRANSLATIONAL_REGULATION_OF_MITF_M_EXPRESSION_AND_ACTIVITY,1.2337928917517051,0.5147173574686311,-1.005418289981352,0.8467574609761394,FALSE,FALSE,NS,NS
REACTOME_TRANSCRIPTIONAL_REGULATION_BY_RUNX1,-1.252455967243564,0.44250292795116236,-1.1815118754952385,0.6191264300616732,FALSE,FALSE,NS,NS
REACTOME_TRANSCRIPTIONAL_REGULATION_BY_RUNX2,-0.8703578737026555,0.9271537996038747,-1.2511411284803475,0.5737675861304975,FALSE,FALSE,NS,NS
REACTOME_TRANSCRIPTIONAL_REGULATION_BY_RUNX3,-1.3257353336845976,0.3880529423770956,-1.503677031258762,0.3813434842552424,FALSE,FALSE,NS,NS
REACTOME_TRANSCRIPTIONAL_REGULATION_BY_TP53,-0.9553549274687843,0.8392222522279233,0.9917566313245831,0.8508851916717053,FALSE,FALSE,NS,NS
REACTOME_TRANSCRIPTION_COUPLED_NUCLEOTIDE_EXCISION_REPAIR_TC_NER,-1.4896933027265293,0.310869417211329,-1.2495279166090796,0.6077443689919017,FALSE,FALSE,NS,NS
REACTOME_TRANSLATION,1.422736073268231,0.11355078210912872,-1.0576674197590572,0.7379617787020684,FALSE,FALSE,NS,NS
REACTOME_TRANSLATION_OF_SARS_COV_2_STRUCTURAL_PROTEINS,1.6984195019399617,0.12281136465295589,-0.691022698982116,0.9997322623828648,FALSE,FALSE,NS,NS
REACTOME_TRANSLOCATION_OF_SLC2A4_GLUT4_TO_THE_PLASMA_MEMBRANE,1.3361426584833087,0.3880529423770956,0.8447243940096364,0.9587510126105208,FALSE,FALSE,NS,NS
REACTOME_TRANSMISSION_ACROSS_CHEMICAL_SYNAPSES,0.9449956725300965,0.8445924435929297,-0.7201508290349297,0.9997322623828648,FALSE,FALSE,NS,NS
REACTOME_TRANSPORT_TO_THE_GOLGI_AND_SUBSEQUENT_MODIFICATION,1.6903263328127403,0.0670496408933393,0.7937349228038801,0.9997322623828648,FALSE,FALSE,NS,NS
REACTOME_TRANS_GOLGI_NETWORK_VESICLE_BUDDING,1.8482675388353702,0.061191590003230406,1.477110660310334,0.42346613513666187,FALSE,FALSE,NS,NS
REACTOME_TRNA_AMINOACYLATION,1.4701490057971296,0.2805539826349566,0.8651465398964256,0.9529415070692462,FALSE,FALSE,NS,NS
REACTOME_UBIQUITIN_DEPENDENT_DEGRADATION_OF_CYCLIN_D,-1.268382874562703,0.44155691347894754,-1.4831923071704338,0.3813434842552424,FALSE,FALSE,NS,NS
REACTOME_UBIQUITIN_MEDIATED_DEGRADATION_OF_PHOSPHORYLATED_CDC25A,-1.4276031289823985,0.30819152077620754,-1.1838867144711844,0.6287720002005717,FALSE,FALSE,NS,NS
REACTOME_UB_SPECIFIC_PROCESSING_PROTEASES,-1.1693075631079677,0.5291810614286184,-1.4804262424031447,0.36364475348933983,FALSE,FALSE,NS,NS
REACTOME_UCH_PROTEINASES,-0.8709656401875738,0.9250801624625908,-1.5813591710930137,0.35496024167505813,FALSE,FALSE,NS,NS
REACTOME_UNFOLDED_PROTEIN_RESPONSE_UPR,1.4506102694769116,0.310869417211329,1.145871041740462,0.6786685946232318,FALSE,FALSE,NS,NS
REACTOME_VIF_MEDIATED_DEGRADATION_OF_APOBEC3G,-1.219936646521468,0.48593579340360865,-1.399865864129865,0.46024843409654115,FALSE,FALSE,NS,NS
