gene,logFC_Cancer_vs_Healthy,logFC_Training_CR,pi_score_CvH,pi_score_TR,significance,quadrant,imputed
CES1,1.8825,-1.1674,0.103066,0.074905,NS,Discordant (Cancer Up / TR Down),TRUE
PC,1.4321,-0.8763,0.10264,0.103511,NS,Discordant (Cancer Up / TR Down),TRUE
CLTA,1.3624,-0.9251,0.133658,0.141547,NS,Discordant (Cancer Up / TR Down),TRUE
FUNDC1,0.6652,1.1957,0.590119,0.176796,NS,Concordant Up,TRUE
ACTC1,1.2258,0.5944,0.078829,0.602154,NS,Concordant Up,TRUE
BCS1L,0.9123,0.8797,0.161697,0.148444,NS,Concordant Up,TRUE
MYBPH,0.873,0.9022,0.249527,0.116115,NS,Concordant Up,TRUE
CTSH,1.2687,0.4489,0.073651,0.582087,NS,Concordant Up,TRUE
TMEM230,-0.6603,1.0218,0.280776,0.065474,NS,Discordant (Cancer Down / TR Up),TRUE
BCO2,-0.894,0.7531,0.093851,0.227167,NS,Discordant (Cancer Down / TR Up),TRUE
COL4A1,1.088,-0.5351,0.084486,0.554016,NS,Discordant (Cancer Up / TR Down),TRUE
LYVE1,1.3539,0.2208,0.100047,0.884158,NS,Concordant Up,TRUE
PTGIS,1.4242,0.1464,0.094284,0.952481,NS,Concordant Up,TRUE
MYH2,-0.968,0.5979,0.094211,0.376463,NS,Discordant (Cancer Down / TR Up),TRUE
C6orf136,0.5693,0.9792,0.507924,0.059954,NS,Concordant Up,TRUE
CSTA,1.11,-0.4316,0.05673,0.490733,NS,Discordant (Cancer Up / TR Down),TRUE
UGDH,1.311,0.2106,0.099789,0.886838,NS,Concordant Up,TRUE
CD151,1.1356,-0.3594,0.279185,0.828474,NS,Discordant (Cancer Up / TR Down),TRUE
HMGCS2,0.663,-0.8272,0.386988,0.137898,NS,Discordant (Cancer Up / TR Down),TRUE
ABHD5,0.9417,-0.5428,0.185395,0.439107,NS,Discordant (Cancer Up / TR Down),TRUE
ACTN3,1.1527,0.2978,0.076746,0.860763,NS,Concordant Up,TRUE
MYL3,-1.0589,0.3728,0.051936,0.719005,NS,Discordant (Cancer Down / TR Up),FALSE
DERA,0.8615,-0.57,0.090892,0.16483,NS,Discordant (Cancer Up / TR Down),TRUE
ATRN,1.2999,-0.1131,0.103309,0.967562,NS,Discordant (Cancer Up / TR Down),TRUE
RPL36AL,-0.8422,-0.57,0.183604,0.390367,NS,Concordant Down,TRUE
LGMN,0.9944,0.3835,0.138411,0.610312,NS,Concordant Up,TRUE
ACTN1,0.9777,0.3448,0.109554,0.775494,NS,Concordant Up,FALSE
NNMT,-0.7001,0.6061,0.2557,0.219945,NS,Discordant (Cancer Down / TR Up),TRUE
COL14A1,0.4659,0.84,0.838818,0.106587,NS,Concordant Up,TRUE
ARL1,0.7515,-0.554,0.265583,0.430768,NS,Discordant (Cancer Up / TR Down),TRUE
PFAS,1.0317,-0.2734,0.170836,0.76969,NS,Discordant (Cancer Up / TR Down),TRUE
PVALB,0.93,-0.3714,0.175565,0.781713,NS,Discordant (Cancer Up / TR Down),TRUE
GMFG,0.9402,-0.3545,0.126767,0.714283,NS,Discordant (Cancer Up / TR Down),TRUE
SELENOP,0.9148,-0.3723,0.256956,0.638739,NS,Discordant (Cancer Up / TR Down),TRUE
OVCA2,-0.9132,0.3704,0.072919,0.725184,NS,Discordant (Cancer Down / TR Up),TRUE
MRPL12,-0.6577,0.6184,0.139863,0.177813,NS,Discordant (Cancer Down / TR Up),TRUE
PXN,-0.539,0.7236,0.31947,0.158036,NS,Discordant (Cancer Down / TR Up),TRUE
CTSC,0.9185,-0.3434,0.393512,0.807639,NS,Discordant (Cancer Up / TR Down),TRUE
MANF,0.6503,0.61,0.141865,0.130303,NS,Concordant Up,TRUE
SYNPO2L,0.3163,0.9391,0.834525,0.09348,NS,Concordant Up,TRUE
HDGFL3,0.5531,-0.6957,0.736523,0.355335,NS,Discordant (Cancer Up / TR Down),TRUE
TBCEL,0.4903,0.7534,0.471265,0.119819,NS,Concordant Up,TRUE
MRPL48,-0.6318,0.6035,0.267645,0.33073,NS,Discordant (Cancer Down / TR Up),TRUE
PHKA2,-0.7617,0.4578,0.088488,0.415907,NS,Discordant (Cancer Down / TR Up),TRUE
SLC1A4,-0.5262,-0.6787,0.413661,0.283058,NS,Concordant Down,TRUE
TMA7,0.9591,0.2282,0.170918,0.941536,NS,Concordant Up,TRUE
EPB41L3,0.8287,-0.3538,0.297026,0.56528,NS,Discordant (Cancer Up / TR Down),TRUE
MYLK2,-0.8039,-0.3785,0.055995,0.547644,NS,Concordant Down,TRUE
DES,-0.4069,0.7717,0.75909,0.209547,NS,Discordant (Cancer Down / TR Up),TRUE
ASAH1,0.6696,-0.5057,0.076455,0.179147,NS,Discordant (Cancer Up / TR Down),FALSE
MRC2,0.6795,0.4958,0.235466,0.302703,NS,Concordant Up,TRUE
ECM1,0.8233,-0.3505,0.274708,0.512519,NS,Discordant (Cancer Up / TR Down),TRUE
NDUFS5,-0.7025,0.4645,0.097282,0.323637,NS,Discordant (Cancer Down / TR Up),FALSE
LMOD3,0.5683,-0.5952,0.263215,0.177999,NS,Discordant (Cancer Up / TR Down),TRUE
TRA2B,0.6026,0.5463,0.412811,0.470569,NS,Concordant Up,TRUE
TPSB2,0.8615,0.2871,0.070929,0.779647,NS,Concordant Up,TRUE
DHX15,-0.6804,0.4645,0.416384,0.52414,NS,Discordant (Cancer Down / TR Up),TRUE
CPT1A,-0.7811,-0.3625,0.052375,0.565804,NS,Concordant Down,TRUE
PRXL2A,0.7495,-0.394,0.105367,0.532091,NS,Discordant (Cancer Up / TR Down),FALSE
MYH8,-0.5666,0.5758,0.519911,0.447959,NS,Discordant (Cancer Down / TR Up),TRUE
SLK,-0.5331,0.6073,0.232608,0.1244,NS,Discordant (Cancer Down / TR Up),TRUE
LAMB1,1.0096,-0.1273,0.152421,0.965494,NS,Discordant (Cancer Up / TR Down),TRUE
ANP32E,0.6268,0.5033,0.348563,0.427019,NS,Concordant Up,TRUE
MYL1,-0.5389,0.5865,0.39031,0.219268,NS,Discordant (Cancer Down / TR Up),TRUE
MYL6B,-0.8127,0.3122,0.205257,0.802735,NS,Discordant (Cancer Down / TR Up),TRUE
GSTM4,0.7005,-0.4233,0.349991,0.67937,NS,Discordant (Cancer Up / TR Down),TRUE
TNNT3,0.3923,0.7306,0.734385,0.180709,NS,Concordant Up,TRUE
EMD,0.6758,-0.4405,0.093201,0.35789,NS,Discordant (Cancer Up / TR Down),TRUE
VASP,0.9464,0.1641,0.122768,0.922459,NS,Concordant Up,TRUE
SERPINA5,0.8473,-0.263,0.314598,0.778981,NS,Discordant (Cancer Up / TR Down),TRUE
NDUFB4,-0.7096,0.4002,0.118028,0.492578,NS,Discordant (Cancer Down / TR Up),FALSE
CAPRIN1,0.2731,-0.8344,0.907746,0.104236,NS,Discordant (Cancer Up / TR Down),TRUE
DYNLT1,-0.5692,0.536,0.200588,0.204737,NS,Discordant (Cancer Down / TR Up),TRUE
TTN,0.5086,0.5766,0.553324,0.355903,NS,Concordant Up,TRUE
TPM2,-0.2664,0.8159,0.87722,0.105583,NS,Discordant (Cancer Down / TR Up),FALSE
PFDN1,-0.4917,-0.5801,0.205086,0.070838,NS,Concordant Down,TRUE
CKAP4,0.4394,0.6199,0.700692,0.25585,NS,Concordant Up,TRUE
FCGRT,0.8649,-0.1931,0.340484,0.928299,NS,Discordant (Cancer Up / TR Down),TRUE
COL15A1,0.5725,0.4844,0.345847,0.448391,NS,Concordant Up,TRUE
RHOC,0.5613,0.4904,0.218015,0.226914,NS,Concordant Up,TRUE
SLC25A42,-0.3338,0.7161,0.740045,0.140534,NS,Discordant (Cancer Down / TR Up),TRUE
LAMA2,-0.3532,0.6916,0.759797,0.210262,NS,Discordant (Cancer Down / TR Up),TRUE
RPL8,0.6859,-0.3562,0.107932,0.535408,NS,Discordant (Cancer Up / TR Down),TRUE
SYNM,0.305,0.734,0.754466,0.059093,NS,Concordant Up,TRUE
FXYD1,-0.5581,-0.4783,0.201592,0.265016,NS,Concordant Down,TRUE
PITPNB,0.502,-0.5288,0.427749,0.233691,NS,Discordant (Cancer Up / TR Down),TRUE
MYBPC2,0.9189,-0.1114,0.105918,0.975158,NS,Discordant (Cancer Up / TR Down),TRUE
WBP2,0.6627,-0.3659,0.052622,0.403257,NS,Discordant (Cancer Up / TR Down),TRUE
MRPL1,0.3725,-0.6518,0.519222,0.061233,NS,Discordant (Cancer Up / TR Down),TRUE
ALYREF,0.7669,-0.2489,0.158854,0.863922,NS,Discordant (Cancer Up / TR Down),TRUE
RPL31,-0.5831,0.4318,0.119482,0.258138,NS,Discordant (Cancer Down / TR Up),FALSE
CTBP1,-0.4229,0.59,0.268179,0.055614,NS,Discordant (Cancer Down / TR Up),TRUE
ATP5IF1,0.2812,-0.7295,0.932483,0.465497,NS,Discordant (Cancer Up / TR Down),TRUE
NDUFA12,-0.6821,0.3219,0.153048,0.663045,NS,Discordant (Cancer Down / TR Up),FALSE
HHATL,-0.4309,-0.5725,0.453564,0.139868,NS,Concordant Down,TRUE
HYI,0.8823,0.1155,0.259563,0.970132,NS,Concordant Up,TRUE
NDUFAF5,-0.2778,0.7141,0.71335,0.069097,NS,Discordant (Cancer Down / TR Up),TRUE
MRPS27,-0.5154,0.4752,0.291402,0.366372,NS,Discordant (Cancer Down / TR Up),TRUE
RPL27,-0.4946,0.4957,0.16814,0.099044,NS,Discordant (Cancer Down / TR Up),TRUE
MRPS17,-0.6966,-0.2896,0.171106,0.761748,NS,Concordant Down,TRUE
UBE2D1,-0.5511,-0.4316,0.242553,0.378574,NS,Concordant Down,TRUE
SMS,-0.4969,0.4858,0.247855,0.192925,NS,Discordant (Cancer Down / TR Up),TRUE
PAIP1,0.3946,-0.5843,0.606609,0.240331,NS,Discordant (Cancer Up / TR Down),TRUE
BDH1,-0.6742,-0.303,0.184943,0.709256,NS,Concordant Down,TRUE
UQCRQ,-0.6385,0.3387,0.11615,0.541801,NS,Discordant (Cancer Down / TR Up),FALSE
MAPK9,-0.6218,0.3546,0.100846,0.521663,NS,Discordant (Cancer Down / TR Up),TRUE
GMFB,0.4971,0.4749,0.411642,0.377708,NS,Concordant Up,TRUE
EMC2,-0.5523,0.4187,0.210831,0.513649,NS,Discordant (Cancer Down / TR Up),TRUE
MAPK12,-0.4232,-0.5445,0.399483,0.112079,NS,Concordant Down,TRUE
ATE1,0.3997,0.5638,0.638862,0.343132,NS,Concordant Up,TRUE
MYH7,-0.79,0.1718,0.21787,0.939706,NS,Discordant (Cancer Down / TR Up),TRUE
CTPS1,-0.3862,0.5742,0.549838,0.170914,NS,Discordant (Cancer Down / TR Up),TRUE
TIMM8A,-0.6899,0.2703,0.14622,0.770939,NS,Discordant (Cancer Down / TR Up),TRUE
CES2,-0.5901,0.3673,0.168995,0.506871,NS,Discordant (Cancer Down / TR Up),TRUE
VWF,0.6873,-0.266,0.106509,0.713643,NS,Discordant (Cancer Up / TR Down),TRUE
THEM6,-0.7617,0.1914,0.314248,0.942053,NS,Discordant (Cancer Down / TR Up),TRUE
ACAA1,-0.6034,-0.3469,0.085138,0.445606,NS,Concordant Down,TRUE
NRP1,0.5782,-0.3702,0.206594,0.515542,NS,Discordant (Cancer Up / TR Down),TRUE
STMN1,0.6654,-0.2814,0.185482,0.749397,NS,Discordant (Cancer Up / TR Down),TRUE
NDUFS4,-0.5999,0.3459,0.198624,0.568063,NS,Discordant (Cancer Down / TR Up),TRUE
ADI1,-0.6329,0.3106,0.186469,0.698235,NS,Discordant (Cancer Down / TR Up),TRUE
HNRNPC,0.6879,0.2554,0.179894,0.769087,NS,Concordant Up,TRUE
CRYL1,0.4036,-0.536,0.51032,0.210396,NS,Discordant (Cancer Up / TR Down),TRUE
APOBEC2,-0.6383,-0.2981,0.140151,0.660551,NS,Concordant Down,TRUE
FERMT3,0.8796,0.0565,0.430885,0.992362,NS,Concordant Up,TRUE
ALDH1A1,0.5827,-0.3519,0.128913,0.451612,NS,Discordant (Cancer Up / TR Down),FALSE
FTH1,-0.3752,0.5559,0.513961,0.099782,NS,Discordant (Cancer Down / TR Up),FALSE
TNNI1,-0.5551,0.3723,0.498679,0.699423,NS,Discordant (Cancer Down / TR Up),TRUE
RPL24,0.5326,-0.3944,0.177148,0.386226,NS,Discordant (Cancer Up / TR Down),TRUE
NDUFA8,-0.5471,0.3791,0.219839,0.447111,NS,Discordant (Cancer Down / TR Up),TRUE
CPA3,0.3791,-0.5431,0.566331,0.168628,NS,Discordant (Cancer Up / TR Down),TRUE
TMEM65,-0.6336,0.2833,0.091318,0.747159,NS,Discordant (Cancer Down / TR Up),TRUE
NID2,0.8755,0.0374,0.383862,0.996703,NS,Concordant Up,TRUE
COL4A2,0.9069,0.0047,0.162656,0.999966,NS,Concordant Up,TRUE
NADK2,-0.4204,0.4895,0.322027,0.309086,NS,Discordant (Cancer Down / TR Up),TRUE
RPL32,-0.4294,0.4768,0.445912,0.380903,NS,Discordant (Cancer Down / TR Up),TRUE
AUH,-0.5408,0.3635,0.22842,0.491541,NS,Discordant (Cancer Down / TR Up),TRUE
GSTM1,0.6299,-0.2741,0.531951,0.880109,NS,Discordant (Cancer Up / TR Down),TRUE
GAA,-0.4613,0.4409,0.10227,0.072753,NS,Discordant (Cancer Down / TR Up),TRUE
ARPC2,0.54990000000000006,0.352,0.103072,0.378114,NS,Concordant Up,TRUE
UBE3A,-0.4978,-0.4024,0.059945,0.160954,NS,Concordant Down,TRUE
PRKAG1,-0.6152,0.2843,0.135429,0.662601,NS,Discordant (Cancer Down / TR Up),FALSE
MAOA,0.4884,-0.4098,0.291692,0.34374,NS,Discordant (Cancer Up / TR Down),FALSE
ALDH2,0.6399,-0.256,0.125143,0.736632,NS,Discordant (Cancer Up / TR Down),FALSE
CSRP2,0.6459,-0.2481,0.466366,0.886491,NS,Discordant (Cancer Up / TR Down),TRUE
OBSCN,-0.4815,0.4118,0.404363,0.46245000000000003,NS,Discordant (Cancer Down / TR Up),TRUE
HSPA2,-0.6625,-0.2306,0.07609,0.764511,NS,Concordant Down,TRUE
SLC25A4,-0.4615,0.4294,0.483449,0.447413,NS,Discordant (Cancer Down / TR Up),FALSE
MSRB2,-0.4695,0.4203,0.354387,0.466868,NS,Discordant (Cancer Down / TR Up),TRUE
NDUFB1,-0.3753,0.5141,0.512206,0.158156,NS,Discordant (Cancer Down / TR Up),TRUE
CAPZA1,0.5975,0.29,0.159568,0.653334,NS,Concordant Up,FALSE
CKMT2,-0.5862,0.3005,0.220601,0.668107,NS,Discordant (Cancer Down / TR Up),FALSE
MT-ATP8,-0.7442,0.142,0.121111,0.942642,NS,Discordant (Cancer Down / TR Up),TRUE
ITGA6,0.5108,-0.3749,0.451725,0.587051,NS,Discordant (Cancer Up / TR Down),TRUE
PSAP,0.6271,-0.2579,0.089547,0.688833,NS,Discordant (Cancer Up / TR Down),FALSE
TNNI2,0.4802,0.4025,0.620856,0.666012,NS,Concordant Up,TRUE
SAMM50,-0.6477,0.235,0.09912,0.764542,NS,Discordant (Cancer Down / TR Up),FALSE
COPE,0.539,0.3436,0.137064,0.389525,NS,Concordant Up,TRUE
NDUFA3,-0.5354,0.3459,0.49494,0.737581,NS,Discordant (Cancer Down / TR Up),TRUE
LSS,-0.5555,-0.3242,0.064572,0.381995,NS,Concordant Down,TRUE
SNX9,0.6221,-0.2547,0.243275,0.813774,NS,Discordant (Cancer Up / TR Down),TRUE
PDHB,-0.6073,0.2653,0.076656,0.634932,NS,Discordant (Cancer Down / TR Up),FALSE
PFKM,-0.6003,0.2714,0.159192,0.696953,NS,Discordant (Cancer Down / TR Up),FALSE
MVP,0.4737,0.3938,0.388861,0.449048,NS,Concordant Up,TRUE
DARS2,0.2589,0.6081,0.742997,0.073948,NS,Concordant Up,TRUE
GYS1,-0.5654,0.301,0.151197,0.582401,NS,Discordant (Cancer Down / TR Up),TRUE
MAPK14,-0.5709,0.2937,0.115904,0.606825,NS,Discordant (Cancer Down / TR Up),TRUE
UBE2F,-0.4172,0.4467,0.529043,0.413194,NS,Discordant (Cancer Down / TR Up),TRUE
YBX3,-0.674,0.1889,0.077263,0.849058,NS,Discordant (Cancer Down / TR Up),FALSE
SNU13,-0.6343,0.228,0.15944,0.826741,NS,Discordant (Cancer Down / TR Up),TRUE
TOMM7,0.7496,-0.1049,0.176947,0.973937,NS,Discordant (Cancer Up / TR Down),TRUE
OSTF1,0.5649,0.2895,0.322734,0.651393,NS,Concordant Up,TRUE
SLMAP,-0.5027,-0.35,0.150755,0.362714,NS,Concordant Down,TRUE
NDUFA13,-0.3855,0.4663,0.547094,0.284353,NS,Discordant (Cancer Down / TR Up),FALSE
TPP1,0.6855,-0.1658,0.078062,0.883519,NS,Discordant (Cancer Up / TR Down),TRUE
SH3BGR,-0.6741,-0.177,0.09657,0.877862,NS,Concordant Down,TRUE
HSPB3,-0.584,-0.2652,0.098224,0.641879,NS,Concordant Down,TRUE
MYL6,0.6908,0.1581,0.157723,0.923462,NS,Concordant Up,FALSE
RWDD1,-0.6554,-0.1921,0.061608,0.83118,NS,Concordant Down,TRUE
UNC45B,-0.5736,0.2722,0.112361,0.623579,NS,Discordant (Cancer Down / TR Up),TRUE
CCDC93,-0.4107,0.4351,0.687312,0.486618,NS,Discordant (Cancer Down / TR Up),TRUE
SMYD5,0.2628,-0.5789,0.674783,0.076273,NS,Discordant (Cancer Up / TR Down),TRUE
S100A16,0.507,-0.3334,0.667579,0.601985,NS,Discordant (Cancer Up / TR Down),TRUE
HSPH1,0.2632,0.576,0.770717,0.300929,NS,Concordant Up,TRUE
RNF181,-0.2546,-0.5832,0.851442,0.303033,NS,Concordant Down,TRUE
DNAJB4,0.5019,0.3325,0.282641,0.576659,NS,Concordant Up,TRUE
APOO,-0.6766,0.1576,0.088626,0.902215,NS,Discordant (Cancer Down / TR Up),TRUE
CNP,0.6757,-0.1572,0.051495,0.890996,NS,Discordant (Cancer Up / TR Down),TRUE
HMGB2,0.5101,-0.3228,0.19907,0.479031,NS,Discordant (Cancer Up / TR Down),TRUE
ABHD16A,-0.5833,-0.249,0.242089,0.849108,NS,Concordant Down,TRUE
STARD10,0.206,-0.6255,0.894858,0.296209,NS,Discordant (Cancer Up / TR Down),TRUE
ATP5ME,-0.5802,0.2504,0.119108,0.691074,NS,Discordant (Cancer Down / TR Up),FALSE
EDF1,-0.6179,-0.2114,0.172523,0.865419,NS,Concordant Down,TRUE
COL18A1,0.5177,-0.3112,0.227304,0.573762,NS,Discordant (Cancer Up / TR Down),TRUE
NDUFB9,-0.5282,0.2999,0.261556,0.640739,NS,Discordant (Cancer Down / TR Up),TRUE
HLA-DRA,0.5433,-0.2848,0.085565,0.542694,NS,Discordant (Cancer Up / TR Down),TRUE
NPTN,-0.2577,0.57,0.856669,0.346494,NS,Discordant (Cancer Down / TR Up),TRUE
CAMK2D,-0.4658,0.3592,0.081025,0.170704,NS,Discordant (Cancer Down / TR Up),FALSE
NDUFS6,-0.6412,0.1835,0.121153,0.865683,NS,Discordant (Cancer Down / TR Up),FALSE
OPTN,-0.6423,0.1823,0.05153,0.832409,NS,Discordant (Cancer Down / TR Up),TRUE
CCDC22,0.2821,0.542,0.798802,0.383739,NS,Concordant Up,TRUE
CSDE1,-0.6108,0.2118,0.086311,0.776396,NS,Discordant (Cancer Down / TR Up),FALSE
MYH11,0.3683,0.4542,0.668876,0.407548,NS,Concordant Up,TRUE
ACTA1,0.2599,0.5619,0.859805,0.316119,NS,Concordant Up,FALSE
RPL23,0.5527,-0.2682,0.073546,0.554596,NS,Discordant (Cancer Up / TR Down),FALSE
MCCC2,-0.6789,-0.1395,0.07148,0.920001,NS,Concordant Down,TRUE
TPM1,-0.0977,0.72,0.985082,0.20792,NS,Discordant (Cancer Down / TR Up),FALSE
NUDT19,-0.3535,0.4639,0.605823,0.417093,NS,Discordant (Cancer Down / TR Up),TRUE
TNNC2,0.2263,0.5909,0.905498,0.324788,NS,Concordant Up,TRUE
MLIP,-0.5172,0.2997,0.444708,0.766237,NS,Discordant (Cancer Down / TR Up),TRUE
TMX4,-0.3659,-0.4507,0.349212,0.096073,NS,Concordant Down,TRUE
RPS11,-0.4466,-0.3684,0.320402,0.430552,NS,Concordant Down,TRUE
PNPO,-0.3213,-0.4936,0.542743,0.098964,NS,Concordant Down,TRUE
GLRX5,-0.5336,0.2778,0.268191,0.705568,NS,Discordant (Cancer Down / TR Up),TRUE
DTNA,-0.5694,-0.2391,0.206026,0.773423,NS,Concordant Down,TRUE
RPS13,-0.3741,0.4339,0.420221,0.195497,NS,Discordant (Cancer Down / TR Up),TRUE
MCM3AP,-0.7437,-0.0628,0.142792,0.990483,NS,Concordant Down,TRUE
PLIN5,-0.6379,0.1684,0.193146,0.910724,NS,Discordant (Cancer Down / TR Up),TRUE
ACYP2,-0.6723,0.1339,0.097246,0.931832,NS,Discordant (Cancer Down / TR Up),FALSE
DCD,0.4753,0.3304,0.682509,0.85008,NS,Concordant Up,TRUE
SNRNP70,0.6129,0.1868,0.471797,0.92686,NS,Concordant Up,TRUE
GLS,-0.6824,-0.1158,0.076869,0.952768,NS,Concordant Down,TRUE
BDH2,0.3741,0.4233,0.489907,0.315419,NS,Concordant Up,TRUE
GNA13,0.5698,-0.2276,0.222155,0.797946,NS,Discordant (Cancer Up / TR Down),TRUE
PPIF,-0.5763,0.221,0.274484,0.835599,NS,Discordant (Cancer Down / TR Up),FALSE
SEPTIN9,0.4572,0.3397,0.399245,0.564207,NS,Concordant Up,TRUE
BAG6,-0.7394,0.0571,0.20155,0.993242,NS,Discordant (Cancer Down / TR Up),TRUE
RDH11,0.5773,-0.2181,0.170562,0.833876,NS,Discordant (Cancer Up / TR Down),TRUE
SNRPB,-0.4793,0.316,0.124796,0.433994,NS,Discordant (Cancer Down / TR Up),TRUE
MYOM1,-0.4873,0.306,0.417234,0.689766,NS,Discordant (Cancer Down / TR Up),TRUE
TPM3,-0.28,0.5123,0.872756,0.506757,NS,Discordant (Cancer Down / TR Up),FALSE
SNX2,0.5744,0.2164,0.139193,0.778116,NS,Concordant Up,FALSE
BCAT2,-0.4946,-0.2961,0.198776,0.554732,NS,Concordant Down,TRUE
NDUFAF3,-0.5845,0.206,0.081998,0.78096,NS,Discordant (Cancer Down / TR Up),TRUE
TGM2,0.565,0.2247,0.18215,0.779652,NS,Concordant Up,FALSE
NAPRT,0.4833,-0.3061,0.226311,0.507047,NS,Discordant (Cancer Up / TR Down),TRUE
SVIL,0.4666,0.3226,0.40224,0.709898,NS,Concordant Up,TRUE
CRK,0.6184,0.1708,0.107453,0.871642,NS,Concordant Up,TRUE
COQ6,-0.5382,-0.2505,0.275215,0.759692,NS,Concordant Down,TRUE
ACADSB,-0.5733,-0.2141,0.132449,0.778435,NS,Concordant Down,TRUE
SSR4,0.5281,0.2592,0.247511,0.677236,NS,Concordant Up,TRUE
RPS23,0.4214,-0.3647,0.649121,0.699989,NS,Discordant (Cancer Up / TR Down),TRUE
RGN,0.6856,0.0997,0.060417,0.966463,NS,Concordant Up,TRUE
NUP93,-0.5509,-0.2331,0.260638,0.842706,NS,Concordant Down,TRUE
PDIA4,0.5268,0.2554,0.16575,0.672218,NS,Concordant Up,TRUE
KLHL40,-0.5699,0.2109,0.315706,0.861412,NS,Discordant (Cancer Down / TR Up),TRUE
NDUFB11,-0.4705,0.3102,0.355402,0.604625,NS,Discordant (Cancer Down / TR Up),FALSE
CARS1,0.5506,-0.2267,0.091686,0.702378,NS,Discordant (Cancer Up / TR Down),TRUE
FITM2,-0.4112,0.3652,0.290067,0.40431,NS,Discordant (Cancer Down / TR Up),TRUE
GOT2,-0.4711,0.3033,0.402383,0.656613,NS,Discordant (Cancer Down / TR Up),FALSE
PSMB3,0.4849,-0.2892,0.095285,0.415919,NS,Discordant (Cancer Up / TR Down),FALSE
CACNB3,-0.544,-0.2288,0.129709,0.718902,NS,Concordant Down,TRUE
PRPS1,0.43120000000000003,-0.3405,0.291795,0.398192,NS,Discordant (Cancer Up / TR Down),FALSE
PM20D2,-0.7075,0.0636,0.118923,0.988205,NS,Discordant (Cancer Down / TR Up),TRUE
MRPL37,-0.6085,0.1602,0.257715,0.937443,NS,Discordant (Cancer Down / TR Up),TRUE
FAM114A1,0.697,-0.0717,0.196507,0.983327,NS,Discordant (Cancer Up / TR Down),TRUE
LNPEP,-0.3929,0.3756,0.331779,0.311072,NS,Discordant (Cancer Down / TR Up),TRUE
MICU1,-0.6079,0.1594,0.255899,0.929879,NS,Discordant (Cancer Down / TR Up),TRUE
ENO1,0.4972,-0.2681,0.266201,0.672387,NS,Discordant (Cancer Up / TR Down),FALSE
RAB1B,0.5062,-0.2589,0.136725,0.597402,NS,Discordant (Cancer Up / TR Down),FALSE
CACNA1S,-0.3887,-0.3764,0.243564,0.196149,NS,Concordant Down,TRUE
ARIH2,-0.2839,-0.481,0.636395,0.1595,NS,Concordant Down,TRUE
MRPL46,-0.7517,0.013,0.059337,0.999486,NS,Discordant (Cancer Down / TR Up),TRUE
RRAD,-0.6595,0.1052,0.062083,0.953759,NS,Discordant (Cancer Down / TR Up),TRUE
SLC25A13,-0.5792,0.1844,0.135047,0.841513,NS,Discordant (Cancer Down / TR Up),TRUE
PMM2,0.5064,0.2561,0.097611,0.558908,NS,Concordant Up,FALSE
COQ5,-0.6743,-0.087,0.103951,0.973342,NS,Concordant Down,TRUE
COX7C,-0.6898,0.0708,0.135611,0.984808,NS,Discordant (Cancer Down / TR Up),FALSE
PLP2,0.4096,0.3501,0.585894,0.655806,NS,Concordant Up,TRUE
IDH3G,-0.5591,0.1986,0.178824,0.824525,NS,Discordant (Cancer Down / TR Up),TRUE
NDUFB3,-0.46,0.2965,0.30353,0.578811,NS,Discordant (Cancer Down / TR Up),FALSE
VKORC1L1,0.337,-0.4183,0.582669,0.332054,NS,Discordant (Cancer Up / TR Down),TRUE
NANS,0.5045,0.2505,0.251527,0.712301,NS,Concordant Up,TRUE
TIMM50,-0.6425,0.1119,0.090256,0.953381,NS,Discordant (Cancer Down / TR Up),TRUE
DCTN3,0.4981,-0.2562,0.182443,0.663687,NS,Discordant (Cancer Up / TR Down),TRUE
PHKB,-0.4815,0.2721,0.315686,0.685536,NS,Discordant (Cancer Down / TR Up),TRUE
ACO1,0.4753,-0.2777,0.084074,0.415876,NS,Discordant (Cancer Up / TR Down),FALSE
MYH3,0.7397,-0.0132,0.36867,0.999758,NS,Discordant (Cancer Up / TR Down),TRUE
CNPY2,0.4294,0.3235,0.311374,0.493288,NS,Concordant Up,TRUE
NDUFA2,-0.4914,0.2613,0.249472,0.669247,NS,Discordant (Cancer Down / TR Up),FALSE
MARS1,-0.2822,-0.4701,0.841419,0.618374,NS,Concordant Down,TRUE
ABCA8,0.6747,-0.0774,0.128363,0.979384,NS,Discordant (Cancer Up / TR Down),TRUE
RPL29,0.5559,-0.1959,0.652156,0.948953,NS,Discordant (Cancer Up / TR Down),TRUE
ISCA1,0.3619,-0.3895,0.627116,0.537507,NS,Discordant (Cancer Up / TR Down),TRUE
FLNC,-0.466,0.285,0.33281,0.640888,NS,Discordant (Cancer Down / TR Up),TRUE
ACTN2,0.0202,0.7292,0.999622,0.427028,NS,Concordant Up,TRUE
CBR4,-0.4628,-0.2848,0.351726,0.66009,NS,Concordant Down,TRUE
MAP2K4,-0.5385,0.2077,0.080429,0.724914,NS,Discordant (Cancer Down / TR Up),TRUE
ART3,-0.2096,-0.5364,0.82138,0.093602,NS,Concordant Down,TRUE
GCN1,0.3984,0.3467,0.547556,0.646351,NS,Concordant Up,TRUE
MXRA7,0.5276,0.2168,0.262699,0.821499,NS,Concordant Up,TRUE
TTC38,0.6439,0.1003,0.174573,0.972065,NS,Concordant Up,TRUE
ATL2,-0.4591,-0.2831,0.349548,0.670386,NS,Concordant Down,TRUE
ACY1,-0.4881,0.2539,0.250125,0.683664,NS,Discordant (Cancer Down / TR Up),FALSE
CRADD,0.2034,0.5374,0.916616,0.38389,NS,Concordant Up,TRUE
ATP2A2,-0.6776,-0.0594,0.060504,0.985984,NS,Concordant Down,FALSE
CASQ2,-0.6502,-0.0865,0.062565,0.96704,NS,Concordant Down,TRUE
ABCF3,0.1128,0.6236,0.963023,0.246991,NS,Concordant Up,TRUE
MAP1S,-0.5368,0.1974,0.062196,0.757034,NS,Discordant (Cancer Down / TR Up),TRUE
HSDL1,-0.2082,-0.5253,0.831997,0.201108,NS,Concordant Down,TRUE
PPM1B,-0.5017,-0.231,0.183111,0.748585,NS,Concordant Down,TRUE
HNRNPM,0.3573,0.3753,0.486639,0.32946,NS,Concordant Up,TRUE
ETHE1,-0.4097,0.3201,0.28922,0.433688,NS,Discordant (Cancer Down / TR Up),TRUE
HSCB,0.6998,0.0299,0.302795,0.998497,NS,Concordant Up,TRUE
EML4,-0.2647,0.4635,0.878123,0.640128,NS,Discordant (Cancer Down / TR Up),TRUE
CLIP1,-0.5552,-0.1726,0.073726,0.814304,NS,Concordant Down,FALSE
MRPL24,0.0674,0.6597,0.989877,0.259577,NS,Concordant Up,TRUE
SF3B2,0.3783,-0.3485,0.448717,0.56491,NS,Discordant (Cancer Up / TR Down),TRUE
ACACB,0.4717,0.2529,0.32267,0.754571,NS,Concordant Up,TRUE
MPST,0.4997,-0.2226,0.057449,0.594119,NS,Discordant (Cancer Up / TR Down),FALSE
UFD1,-0.4124,0.3094,0.321571,0.489313,NS,Discordant (Cancer Down / TR Up),TRUE
PNPT1,-0.5158,-0.2055,0.199451,0.836262,NS,Concordant Down,TRUE
SESN1,-0.2311,-0.4893,0.724373,0.0943,NS,Concordant Down,TRUE
NUCB1,0.4502,-0.2695,0.31525,0.66492,NS,Discordant (Cancer Up / TR Down),TRUE
TUBB2A,0.6669,-0.0525,0.127577,0.991104,NS,Discordant (Cancer Up / TR Down),FALSE
ATP2A3,-0.5583,-0.1598,0.1482,0.879302,NS,Concordant Down,TRUE
TIMM44,-0.4846,0.2325,0.325915,0.772684,NS,Discordant (Cancer Down / TR Up),TRUE
COX5A,-0.3642,0.3527,0.413107,0.337172,NS,Discordant (Cancer Down / TR Up),FALSE
SARS2,-0.5009,-0.2154,0.194572,0.80461,NS,Concordant Down,TRUE
FAHD2A,-0.4562,0.2598,0.32149,0.687798,NS,Discordant (Cancer Down / TR Up),TRUE
CBR3,0.5429,0.1724,0.30012,0.861967,NS,Concordant Up,TRUE
NT5C3A,-0.4641,-0.2506,0.277914,0.681942,NS,Concordant Down,TRUE
PDHA1,-0.5403,0.1743,0.118604,0.829613,NS,Discordant (Cancer Down / TR Up),FALSE
RNF7,-0.694,0.0204,0.095618,0.998761,NS,Discordant (Cancer Down / TR Up),TRUE
LONP1,-0.4607,0.2525,0.142112,0.551779,NS,Discordant (Cancer Down / TR Up),FALSE
DPYSL3,-0.4181,0.2936,0.352926,0.555954,NS,Discordant (Cancer Down / TR Up),FALSE
DRG1,-0.1196,0.5921,0.965886,0.229827,NS,Discordant (Cancer Down / TR Up),TRUE
COX20,0.5185,-0.1921,0.479977,0.930356,NS,Discordant (Cancer Up / TR Down),TRUE
HK2,-0.3432,0.3673,0.673708,0.654397,NS,Discordant (Cancer Down / TR Up),TRUE
CPT1B,-0.6508,0.0589,0.050341,0.984755,NS,Discordant (Cancer Down / TR Up),TRUE
STX12,-0.4839,0.2255,0.679892,0.882026,NS,Discordant (Cancer Down / TR Up),TRUE
PMPCB,-0.4704,0.2389,0.077466,0.545141,NS,Discordant (Cancer Down / TR Up),TRUE
MYOM3,-0.3994,0.3085,0.75869,0.833022,NS,Discordant (Cancer Down / TR Up),TRUE
MAP2K6,-0.5368,0.1707,0.111556,0.834102,NS,Discordant (Cancer Down / TR Up),TRUE
NUDT9,-0.3971,0.309,0.451551,0.632111,NS,Discordant (Cancer Down / TR Up),TRUE
ATP1A1,-0.5664,0.1392,0.062469,0.880869,NS,Discordant (Cancer Down / TR Up),FALSE
PYGM,-0.4293,0.276,0.396647,0.654406,NS,Discordant (Cancer Down / TR Up),FALSE
SYNPO2,0.24,0.4641,0.853875,0.391065,NS,Concordant Up,FALSE
SCO1,-0.3169,0.3846,0.667546,0.462864,NS,Discordant (Cancer Down / TR Up),TRUE
MYOF,-0.4425,0.2583,0.14245,0.500879,NS,Discordant (Cancer Down / TR Up),FALSE
OXCT1,-0.6083,-0.0919,0.222323,0.973425,NS,Concordant Down,FALSE
AHSA1,0.4287,0.2713,0.219862,0.517727,NS,Concordant Up,FALSE
MAPRE3,-0.6058,-0.0941,0.051162,0.955231,NS,Concordant Down,TRUE
C11orf68,-0.2865,0.4132,0.541123,0.168843,NS,Discordant (Cancer Down / TR Up),TRUE
TXNRD2,-0.3091,-0.3896,0.741346,0.573781,NS,Concordant Down,TRUE
FITM1,-0.4223,-0.2758,0.518989,0.79306,NS,Concordant Down,TRUE
BIN1,-0.5382,0.1595,0.159904,0.873852,NS,Discordant (Cancer Down / TR Up),FALSE
RRBP1,0.4313,-0.2645,0.85453,0.871613,NS,Discordant (Cancer Up / TR Down),TRUE
LACTB2,-0.3873,-0.308,0.318964,0.434869,NS,Concordant Down,TRUE
NEB,0.1197,0.5754,0.980496,0.477402,NS,Concordant Up,TRUE
MYOM2,-0.5881,0.1061,0.294252,0.967521,NS,Discordant (Cancer Down / TR Up),TRUE
HNRNPK,0.5214,-0.172,0.059038,0.77693,NS,Discordant (Cancer Up / TR Down),FALSE
SUCLG1,-0.5368,0.1556,0.148339,0.87566600000000006,NS,Discordant (Cancer Down / TR Up),FALSE
VPS37C,-0.5734,-0.1182,0.235181,0.968707,NS,Concordant Down,TRUE
EIF3K,-0.659,-0.0319,0.145144,0.996898,NS,Concordant Down,TRUE
SUPV3L1,-0.6294,-0.0609,0.067666,0.984685,NS,Concordant Down,TRUE
FHL1,-0.4423,0.247,0.127096,0.518729,NS,Discordant (Cancer Down / TR Up),FALSE
BPHL,0.3734,0.3157,0.72719,0.76272,NS,Concordant Up,TRUE
TMEM43,0.6032,-0.0855,0.095182,0.967233,NS,Discordant (Cancer Up / TR Down),FALSE
TIMM10,0.1239,-0.5631,0.964183,0.307991,NS,Discordant (Cancer Up / TR Down),TRUE
ETFDH,-0.5809,0.1058,0.084774,0.942547,NS,Discordant (Cancer Down / TR Up),FALSE
NDUFS3,-0.3622,0.3241,0.470021,0.465837,NS,Discordant (Cancer Down / TR Up),FALSE
NGLY1,-0.2168,-0.4693,0.832146,0.334814,NS,Concordant Down,TRUE
ME2,-0.3118,0.3742,0.568909,0.31242,NS,Discordant (Cancer Down / TR Up),FALSE
PA2G4,0.4402,-0.2457,0.08701,0.46178399999999997,NS,Discordant (Cancer Up / TR Down),FALSE
MT-ND1,-0.3339,-0.3517,0.751752,0.670349,NS,Concordant Down,TRUE
PFKFB1,0.2622,-0.4234,0.715261,0.310256,NS,Discordant (Cancer Up / TR Down),TRUE
RPIA,0.519,-0.1664,0.124586,0.835632,NS,Discordant (Cancer Up / TR Down),FALSE
RAB5B,-0.2177,-0.4674,0.752775,0.105448,NS,Concordant Down,TRUE
UBE2B,0.3091,-0.3759,0.670836,0.519021,NS,Discordant (Cancer Up / TR Down),TRUE
L2HGDH,-0.5159,0.1675,0.275872,0.888261,NS,Discordant (Cancer Down / TR Up),TRUE
FBLN5,0.2841,0.3992,0.752278,0.51961,NS,Concordant Up,TRUE
BCAP29,-0.5254,0.1571,0.106116,0.858934,NS,Discordant (Cancer Down / TR Up),TRUE
MYOT,-0.4303,0.2497,0.567899,0.81156,NS,Discordant (Cancer Down / TR Up),TRUE
SEC23IP,-0.2032,-0.4767,0.877654,0.460291,NS,Concordant Down,TRUE
RPL11,-0.2776,0.4011,0.662657,0.266561,NS,Discordant (Cancer Down / TR Up),FALSE
METTL26,-0.5326,-0.1461,0.123644,0.884885,NS,Concordant Down,TRUE
USP9X,-0.2886,0.39,0.517722,0.162218,NS,Discordant (Cancer Down / TR Up),TRUE
NIT1,-0.563,0.1156,0.109885,0.932387,NS,Discordant (Cancer Down / TR Up),FALSE
RBMX,0.3081,0.3697,0.696562,0.484427,NS,Concordant Up,TRUE
DLST,-0.4969,0.1804,0.139466,0.797164,NS,Discordant (Cancer Down / TR Up),FALSE
PRKAA1,-0.5476,0.1292,0.28951,0.943433,NS,Discordant (Cancer Down / TR Up),TRUE
RHOA,0.52,-0.1564,0.0639,0.820094,NS,Discordant (Cancer Up / TR Down),FALSE
DHRS7,-0.3399,0.3358,0.292507,0.202324,NS,Discordant (Cancer Down / TR Up),FALSE
FKBP9,0.2717,0.4038,0.855055,0.630164,NS,Concordant Up,TRUE
MT-ATP6,-0.5464,-0.1283,0.201292,0.932645,NS,Concordant Down,TRUE
UBL5,-0.4913,0.1833,0.153528,0.814331,NS,Discordant (Cancer Down / TR Up),TRUE
TXNDC5,0.5708,0.1037,0.226864,0.961934,NS,Concordant Up,TRUE
CASP3,0.4808,0.1937,0.53873,0.919471,NS,Concordant Up,TRUE
HGH1,-0.3496,-0.3247,0.606713,0.654507,NS,Concordant Down,TRUE
AFG3L2,-0.5691,-0.1051,0.187181,0.95694,NS,Concordant Down,TRUE
MAOB,-0.4683,-0.2056,0.077627,0.637267,NS,Concordant Down,FALSE
NDUFV2,-0.4056,0.2681,0.316281,0.573201,NS,Discordant (Cancer Down / TR Up),TRUE
TRAP1,-0.56,0.1135,0.072852,0.924986,NS,Discordant (Cancer Down / TR Up),TRUE
CHDH,-0.2456,-0.4278,0.724646,0.221175,NS,Concordant Down,TRUE
PRPSAP2,0.2604,-0.4126,0.741012,0.33201,NS,Discordant (Cancer Up / TR Down),TRUE
SUCLA2,-0.4926,0.1796,0.171221,0.812805,NS,Discordant (Cancer Down / TR Up),FALSE
NDUFAF4,-0.3312,0.3392,0.68864,0.632951,NS,Discordant (Cancer Down / TR Up),TRUE
SLC16A3,0.4013,-0.2679,0.690683,0.846914,NS,Discordant (Cancer Up / TR Down),TRUE
DBI,0.463,-0.206,0.082964,0.635409,NS,Discordant (Cancer Up / TR Down),FALSE
RANGAP1,0.4663,0.2024,0.378418,0.860887,NS,Concordant Up,TRUE
LDB3,-0.4159,0.2511,0.295936,0.622702,NS,Discordant (Cancer Down / TR Up),TRUE
EIF4G2,-0.0908,-0.5753,0.968804,0.074275,NS,Concordant Down,TRUE
PRKRA,-0.2703,-0.395,0.739613,0.399992,NS,Concordant Down,TRUE
ARPC4,0.3935,0.2708,0.403546,0.613787,NS,Concordant Up,FALSE
MCU,-0.5042,0.1592,0.208896,0.874389,NS,Discordant (Cancer Down / TR Up),TRUE
RAB2B,0.3695,-0.2939,0.493345,0.620884,NS,Discordant (Cancer Up / TR Down),TRUE
LMNB2,-0.3789,0.2842,0.635533,0.775559,NS,Discordant (Cancer Down / TR Up),TRUE
FNTA,-0.3647,0.298,0.422509,0.51373,NS,Discordant (Cancer Down / TR Up),TRUE
TMLHE,-0.2207,-0.4416,0.78622,0.200895,NS,Concordant Down,TRUE
COX7A1,-0.3795,0.2823,0.442363,0.589161,NS,Discordant (Cancer Down / TR Up),FALSE
PPID,-0.499,-0.1604,0.137295,0.85816,NS,Concordant Down,TRUE
EPHX1,0.4171,-0.2422,0.377056,0.704125,NS,Discordant (Cancer Up / TR Down),FALSE
BCKDK,-0.5675,-0.0918,0.302205,0.978251,NS,Concordant Down,TRUE
UQCR11,-0.2132,0.4451,0.851734,0.31778,NS,Discordant (Cancer Down / TR Up),TRUE
PUF60,-0.318,0.3401,0.66915500000000006,0.60821,NS,Discordant (Cancer Down / TR Up),TRUE
DENR,-0.2451,-0.4119,0.717568,0.254324,NS,Concordant Down,TRUE
UQCRB,-0.4626,0.1943,0.241593,0.790589,NS,Discordant (Cancer Down / TR Up),FALSE
GPT2,-0.3054,-0.3511,0.755084,0.657156,NS,Concordant Down,TRUE
CYB5R3,0.47,-0.1864,0.380699,0.864026,NS,Discordant (Cancer Up / TR Down),FALSE
MAP3K20,-0.3081,-0.3477,0.674217,0.504432,NS,Concordant Down,TRUE
FDXR,-0.5272,0.1285,0.28087,0.939728,NS,Discordant (Cancer Down / TR Up),TRUE
DYNLL2,-0.4895,0.1661,0.179059,0.842328,NS,Discordant (Cancer Down / TR Up),FALSE
CHCHD7,-0.5809,-0.0735,0.195617,0.981712,NS,Concordant Down,TRUE
MRPL55,-0.4592,0.1952,0.460749,0.876029,NS,Discordant (Cancer Down / TR Up),TRUE
AAMDC,-0.4348,-0.2186,0.468501,0.819442,NS,Concordant Down,FALSE
JPT2,-0.2382,0.4146,0.650081,0.157075,NS,Discordant (Cancer Down / TR Up),TRUE
PADI2,-0.4117,0.2403,0.250593,0.610417,NS,Discordant (Cancer Down / TR Up),TRUE
OXSM,-0.5451,0.1066,0.126776,0.955621,NS,Discordant (Cancer Down / TR Up),TRUE
AIMP2,-0.541,0.10780000000000001,0.063376,0.924994,NS,Discordant (Cancer Down / TR Up),TRUE
PMVK,0.4062,0.2421,0.313565,0.692661,NS,Concordant Up,TRUE
COX5B,-0.2955,0.3526,0.573512,0.322234,NS,Discordant (Cancer Down / TR Up),FALSE
AGMAT,0.1563,-0.4912,0.951617,0.467376,NS,Discordant (Cancer Up / TR Down),TRUE
NDUFA6,-0.4082,0.2388,0.455393,0.747784,NS,Discordant (Cancer Down / TR Up),FALSE
STIM1,-0.6171,-0.0293,0.056964,0.996866,NS,Concordant Down,TRUE
CUL5,-0.5777,0.0683,0.05423,0.973947,NS,Discordant (Cancer Down / TR Up),FALSE
SURF4,0.6282,-0.0171,0.25654,0.999303,NS,Discordant (Cancer Up / TR Down),TRUE
STAMBP,0.3569,-0.2862,0.563257,0.687578,NS,Discordant (Cancer Up / TR Down),TRUE
HSD17B8,-0.6197,-0.023,0.130808,0.998158,NS,Concordant Down,TRUE
FAM114A2,0.6082,-0.0328,0.057284,0.994959,NS,Discordant (Cancer Up / TR Down),FALSE
RAB11B,0.5846,0.0561,0.086895,0.985277,NS,Concordant Up,FALSE
DNAJB6,0.3877,-0.2508,0.478617,0.766365,NS,Discordant (Cancer Up / TR Down),TRUE
AIMP1,-0.4844,0.1541,0.130261,0.842944,NS,Discordant (Cancer Down / TR Up),TRUE
MYL4,-0.0617,0.5767,0.993239,0.395563,NS,Discordant (Cancer Down / TR Up),TRUE
GSTO1,0.4757,-0.1612,0.212664,0.856099,NS,Discordant (Cancer Up / TR Down),FALSE
TFAM,-0.539,-0.0978,0.188818,0.95949,NS,Concordant Down,TRUE
POFUT1,-0.3512,0.2848,0.650327,0.787904,NS,Discordant (Cancer Down / TR Up),TRUE
SUOX,-0.2911,-0.3448,0.559596,0.32173,NS,Concordant Down,TRUE
USP15,0.5584,-0.0762,0.114597,0.972122,NS,Discordant (Cancer Up / TR Down),FALSE
YWHAQ,0.5347,0.0992,0.054041,0.93273,NS,Concordant Up,FALSE
CHCHD3,-0.385,0.2484,0.431164,0.677794,NS,Discordant (Cancer Down / TR Up),FALSE
NDUFA9,-0.266,0.3668,0.710398,0.379571,NS,Discordant (Cancer Down / TR Up),FALSE
TRMT10C,-0.0782,-0.5541,0.983714,0.32492,NS,Concordant Down,TRUE
MECR,-0.5062,0.1256,0.240459,0.930351,NS,Discordant (Cancer Down / TR Up),TRUE
CBR1,0.4973,0.134,0.094586,0.875025,NS,Concordant Up,FALSE
MTX1,-0.539,-0.0918,0.071322,0.954583,NS,Concordant Down,TRUE
NT5C2,-0.1541,0.4764,0.921847,0.298646,NS,Discordant (Cancer Down / TR Up),TRUE
SQSTM1,-0.5046,0.1231,0.317434,0.953546,NS,Discordant (Cancer Down / TR Up),TRUE
NDUFB6,-0.38,0.2476,0.487032,0.717301,NS,Discordant (Cancer Down / TR Up),TRUE
LMAN2,0.3651,0.2624,0.460515,0.645981,NS,Concordant Up,TRUE
MRI1,0.4747,0.1527,0.334965,0.916335,NS,Concordant Up,TRUE
STOML2,-0.3337,0.2936,0.439894,0.466341,NS,Discordant (Cancer Down / TR Up),TRUE
PRDX6,0.3943,-0.2327,0.292647,0.635793,NS,Discordant (Cancer Up / TR Down),FALSE
MTX2,0.5627,-0.0632,0.353459,0.989863,NS,Discordant (Cancer Up / TR Down),TRUE
COMMD6,0.2629,-0.3618,0.779036,0.552329,NS,Discordant (Cancer Up / TR Down),TRUE
LMCD1,-0.4899,0.1345,0.363114,0.934388,NS,Discordant (Cancer Down / TR Up),FALSE
DCPS,-0.4266,0.1977,0.259822,0.790323,NS,Discordant (Cancer Down / TR Up),TRUE
CYGB,0.5472,0.0754,0.176346,0.977567,NS,Concordant Up,TRUE
STAC3,-0.4061,-0.2161,0.378243,0.769772,NS,Concordant Down,TRUE
ATP5F1C,-0.4469,0.1745,0.213368,0.807803,NS,Discordant (Cancer Down / TR Up),FALSE
TST,-0.4061,-0.2151,0.410684,0.771614,NS,Concordant Down,FALSE
TRIP10,-0.5101,0.1107,0.066677,0.912017,NS,Discordant (Cancer Down / TR Up),TRUE
HSDL2,-0.5632,0.057,0.076868,0.98311,NS,Discordant (Cancer Down / TR Up),FALSE
YBX1,-0.329,0.2908,0.40222,0.407717,NS,Discordant (Cancer Down / TR Up),FALSE
VAMP2,0.4112,-0.2085,0.276667,0.727552,NS,Discordant (Cancer Up / TR Down),TRUE
SRSF11,-0.2288,-0.3907,0.82395,0.482887,NS,Concordant Down,TRUE
LMNA,0.5903,-0.029,0.324863,0.997896,NS,Discordant (Cancer Up / TR Down),FALSE
AHCYL1,-0.4696,0.1495,0.102619,0.827684,NS,Discordant (Cancer Down / TR Up),FALSE
TUBA1B,0.5781,0.0401,0.160019,0.993952,NS,Concordant Up,FALSE
FLOT1,0.5351,-0.0824,0.098266,0.962334,NS,Discordant (Cancer Up / TR Down),FALSE
MMUT,-0.6056,0.0113,0.080653,0.999492,NS,Discordant (Cancer Down / TR Up),TRUE
ECI1,-0.4609,0.1555,0.318112,0.888931,NS,Discordant (Cancer Down / TR Up),FALSE
AGL,-0.4429,0.1734,0.357361,0.861865,NS,Discordant (Cancer Down / TR Up),TRUE
DDX19A,-0.5148,0.1012,0.204827,0.953361,NS,Discordant (Cancer Down / TR Up),FALSE
AP1G1,0.3386,-0.2774,0.635414,0.757714,NS,Discordant (Cancer Up / TR Down),TRUE
AKT1,-0.1222,0.4932,0.954189,0.327482,NS,Discordant (Cancer Down / TR Up),TRUE
SRPRB,-0.5015,0.1137,0.095994,0.920334,NS,Discordant (Cancer Down / TR Up),TRUE
RPL36,-0.5606,0.0544,0.212544,0.989227,NS,Discordant (Cancer Down / TR Up),TRUE
LRPPRC,-0.4428,0.172,0.169405,0.787611,NS,Discordant (Cancer Down / TR Up),FALSE
FXR1,-0.5094,0.1052,0.169697,0.955716,NS,Discordant (Cancer Down / TR Up),TRUE
SNX12,0.2998,-0.3147,0.724385,0.640257,NS,Discordant (Cancer Up / TR Down),TRUE
PSMD7,-0.3013,0.3129,0.464387,0.325618,NS,Discordant (Cancer Down / TR Up),FALSE
GPD1L,-0.4464,-0.1675,0.261215,0.84216,NS,Concordant Down,FALSE
BAX,-0.128,0.4856,0.957798,0.368657,NS,Discordant (Cancer Down / TR Up),TRUE
PANK4,-0.5692,0.0435,0.093946,0.991113,NS,Discordant (Cancer Down / TR Up),FALSE
IDH3A,-0.3862,0.2261,0.314012,0.65709,NS,Discordant (Cancer Down / TR Up),FALSE
MYCBP,0.2828,-0.3289,0.619476,0.501715,NS,Discordant (Cancer Up / TR Down),TRUE
TUBB4B,0.3962,-0.2147,0.201663,0.621374,NS,Discordant (Cancer Up / TR Down),FALSE
MRPS18B,-0.3741,-0.2353,0.539751,0.814374,NS,Concordant Down,TRUE
PGM5,-0.5818,-0.0272,0.127007,0.997073,NS,Concordant Down,FALSE
RUVBL1,0.5365,-0.0716,0.160685,0.975401,NS,Discordant (Cancer Up / TR Down),TRUE
FUNDC2,-0.5819,0.0261,0.085073,0.99694,NS,Discordant (Cancer Down / TR Up),FALSE
STX7,0.5267,0.0808,0.181962,0.97071,NS,Concordant Up,FALSE
PELO,0.1713,-0.4362,0.855562,0.210062,NS,Discordant (Cancer Up / TR Down),TRUE
CHORDC1,0.6006,0.0068,0.139672,0.999854,NS,Concordant Up,TRUE
TPPP3,-0.315,0.2922,0.675394,0.651081,NS,Discordant (Cancer Down / TR Up),FALSE
IBA57,-0.5494,-0.0571,0.246211,0.98993,NS,Concordant Down,TRUE
CAPZB,0.2643,0.341,0.734935,0.478683,NS,Concordant Up,FALSE
GOSR2,-0.4105,0.1946,0.509683,0.869391,NS,Discordant (Cancer Down / TR Up),TRUE
VAPB,-0.3057,0.2992,0.575687,0.500212,NS,Discordant (Cancer Down / TR Up),FALSE
MRPL45,0.1568,-0.4479,0.915182,0.338827,NS,Discordant (Cancer Up / TR Down),TRUE
IMPDH2,-0.3665,-0.2376,0.12016,0.381764,NS,Concordant Down,TRUE
EPHX2,-0.4253,-0.1781,0.457635,0.871155,NS,Concordant Down,TRUE
EPM2A,0.3581,-0.2449,0.467538,0.696011,NS,Discordant (Cancer Up / TR Down),TRUE
PPP2R5D,-0.5496,0.0534,0.05744,0.983806,NS,Discordant (Cancer Down / TR Up),TRUE
UBE2M,-0.4493,0.1536,0.186501,0.844387,NS,Discordant (Cancer Down / TR Up),FALSE
PBXIP1,-0.5113,0.0909,0.068347,0.943111,NS,Discordant (Cancer Down / TR Up),TRUE
RPL37A,0.5556,0.0462,0.186713,0.993053,NS,Concordant Up,TRUE
MRPS36,-0.0558,-0.5452,0.988466,0.101581,NS,Concordant Down,TRUE
PFDN2,-0.5823,0.0185,0.073503,0.998431,NS,Discordant (Cancer Down / TR Up),FALSE
NPEPL1,-0.4136,-0.1861,0.387316,0.840682,NS,Concordant Down,TRUE
MYLK,-0.2715,-0.3273,0.718234,0.509725,NS,Concordant Down,FALSE
CD63,0.572,-0.0267,0.238999,0.997758,NS,Discordant (Cancer Up / TR Down),TRUE
RPS15A,-0.4574,0.141,0.16068,0.865903,NS,Discordant (Cancer Down / TR Up),FALSE
FN3K,0.5536,-0.0448,0.093063,0.990343,NS,Discordant (Cancer Up / TR Down),TRUE
GLUD1,0.415,0.183,0.312066,0.804541,NS,Concordant Up,FALSE
FABP5,0.5922,-0.005,0.085551,0.999895,NS,Discordant (Cancer Up / TR Down),FALSE
HADHA,-0.4833,0.1129,0.058229,0.893075,NS,Discordant (Cancer Down / TR Up),FALSE
CYC1,-0.2772,0.3183,0.667339,0.477014,NS,Discordant (Cancer Down / TR Up),FALSE
SEPTIN2,0.4727,0.1227,0.141293,0.901462,NS,Concordant Up,FALSE
ALDH4A1,-0.4857,0.1095,0.127179,0.923745,NS,Discordant (Cancer Down / TR Up),FALSE
AIFM1,-0.5115,0.0835,0.054243,0.94937,NS,Discordant (Cancer Down / TR Up),FALSE
HSPB7,-0.5204,0.0744,0.095904,0.967836,NS,Discordant (Cancer Down / TR Up),TRUE
CLYBL,0.4832,-0.1113,0.643895,0.978732,NS,Discordant (Cancer Up / TR Down),TRUE
YWHAB,0.5781,-0.0145,0.087919,0.99908,NS,Discordant (Cancer Up / TR Down),FALSE
SPEG,-0.4886,-0.1027,0.177979,0.945857,NS,Concordant Down,TRUE
TOM1,-0.5323,0.0586,0.128537,0.983174,NS,Discordant (Cancer Down / TR Up),FALSE
NT5C1A,-0.3405,-0.2497,0.58092,0.719241,NS,Concordant Down,TRUE
KRAS,0.5142,0.0759,0.194478,0.974684,NS,Concordant Up,TRUE
BCAP31,0.5412,-0.0486,0.196699,0.990894,NS,Discordant (Cancer Up / TR Down),TRUE
STT3B,-0.2537,0.3356,0.862307,0.732924,NS,Discordant (Cancer Down / TR Up),TRUE
VPS4A,-0.5016,-0.0874,0.118028,0.960882,NS,Concordant Down,TRUE
GCSH,-0.4789,0.1101,0.312204,0.949802,NS,Discordant (Cancer Down / TR Up),FALSE
RTN2,-0.414,-0.1749,0.235617,0.787502,NS,Concordant Down,TRUE
ATG7,-0.1554,0.4332,0.902716,0.386428,NS,Discordant (Cancer Down / TR Up),TRUE
EEF1A1,0.5856,-0.0027,0.057727,0.999965,NS,Discordant (Cancer Up / TR Down),FALSE
RRAGC,0.4216,-0.1658,0.422915,0.924555,NS,Discordant (Cancer Up / TR Down),TRUE
TRIM54,-0.3654,0.2219,0.460023,0.738571,NS,Discordant (Cancer Down / TR Up),TRUE
ROMO1,-0.3752,-0.212,0.549123,0.857641,NS,Concordant Down,TRUE
COA6,-0.4932,0.0938,0.336509,0.968009,NS,Discordant (Cancer Down / TR Up),TRUE
SGCG,-0.5456,0.0413,0.158417,0.994183,NS,Discordant (Cancer Down / TR Up),TRUE
MAN2C1,-0.2322,-0.3546,0.761317,0.427271,NS,Concordant Down,TRUE
NAA50,-0.2077,-0.379,0.718687,0.22776,NS,Concordant Down,TRUE
FH,-0.3788,0.2075,0.235857,0.643058,NS,Discordant (Cancer Down / TR Up),FALSE
NFU1,-0.5662,-0.0199,0.10178,0.99838,NS,Concordant Down,TRUE
IAH1,-0.5236,0.0622,0.206766,0.9839,NS,Discordant (Cancer Down / TR Up),FALSE
TNNC1,-0.3586,0.227,0.74391,0.873199,NS,Discordant (Cancer Down / TR Up),TRUE
PPP3CB,-0.3089,-0.2758,0.645734,0.646676,NS,Concordant Down,TRUE
PSMD3,-0.374,0.2091,0.164412,0.562673,NS,Discordant (Cancer Down / TR Up),FALSE
CIRBP,-0.4788,0.1034,0.0678,0.913987,NS,Discordant (Cancer Down / TR Up),FALSE
PSMA2,0.3759,-0.2059,0.382934,0.741315,NS,Discordant (Cancer Up / TR Down),FALSE
RPS14,0.531,0.0503,0.12448,0.987779,NS,Concordant Up,TRUE
ERI3,-0.3467,-0.232,0.44464,0.666405,NS,Concordant Down,TRUE
RAP2B,0.4926,-0.0857,0.313818,0.970712,NS,Discordant (Cancer Up / TR Down),TRUE
PDXP,0.2273,-0.3506,0.837327,0.566196,NS,Discordant (Cancer Up / TR Down),TRUE
MCCC1,-0.5147,-0.0627,0.194359,0.982759,NS,Concordant Down,TRUE
GSTM3,-0.3222,-0.2541,0.639259,0.71556,NS,Concordant Down,FALSE
PFKFB2,-0.4744,-0.1018,0.203238,0.949097,NS,Concordant Down,TRUE
GPS1,-0.5155,0.0603,0.129186,0.981063,NS,Discordant (Cancer Down / TR Up),FALSE
EIF6,0.506,-0.0698,0.056852,0.965242,NS,Discordant (Cancer Up / TR Down),FALSE
PPME1,0.4575,-0.1181,0.14989,0.908355,NS,Discordant (Cancer Up / TR Down),TRUE
IMMT,-0.4048,0.1706,0.355842,0.839082,NS,Discordant (Cancer Down / TR Up),FALSE
DPP7,0.4954,0.0799,0.315354,0.977265,NS,Concordant Up,TRUE
MOGS,-0.1636,0.4116,0.886835,0.266289,NS,Discordant (Cancer Down / TR Up),TRUE
CHMP3,0.2968,-0.2781,0.722891,0.713467,NS,Discordant (Cancer Up / TR Down),TRUE
DNAJA4,-0.3754,0.1987,0.440476,0.788593,NS,Discordant (Cancer Down / TR Up),TRUE
GALM,-0.3813,0.1926,0.411465,0.793996,NS,Discordant (Cancer Down / TR Up),FALSE
ECH1,-0.3719,0.2007,0.332281,0.719498,NS,Discordant (Cancer Down / TR Up),FALSE
OPA1,-0.5513,0.0212,0.112193,0.997972,NS,Discordant (Cancer Down / TR Up),FALSE
MAPKAPK2,-0.4718,-0.1007,0.168661,0.94935,NS,Concordant Down,TRUE
OCIAD1,-0.5263,-0.0459,0.08364,0.98859,NS,Concordant Down,TRUE
APEH,0.4373,-0.1347,0.131147,0.854707,NS,Discordant (Cancer Up / TR Down),FALSE
FARSA,-0.3616,0.2101,0.339187,0.681549,NS,Discordant (Cancer Down / TR Up),TRUE
PHKG1,-0.4813,0.0903,0.327413,0.968627,NS,Discordant (Cancer Down / TR Up),TRUE
ATP5PO,-0.3786,0.1913,0.306198,0.739677,NS,Discordant (Cancer Down / TR Up),FALSE
ARIH1,-0.4179,-0.152,0.275011,0.882828,NS,Concordant Down,TRUE
LAMTOR2,-0.2038,0.3651,0.810344,0.539444,NS,Discordant (Cancer Down / TR Up),TRUE
DAZAP1,0.3571,-0.2112,0.428935,0.748185,NS,Discordant (Cancer Up / TR Down),TRUE
GLOD4,0.4091,-0.1586,0.153413,0.78008,NS,Discordant (Cancer Up / TR Down),FALSE
NIBAN1,0.4136,-0.1534,0.274353,0.856718,NS,Discordant (Cancer Up / TR Down),TRUE
ETF1,-0.3735,0.193,0.262235,0.709332,NS,Discordant (Cancer Down / TR Up),TRUE
LRRC40,0.3133,-0.2523,0.552493,0.692136,NS,Discordant (Cancer Up / TR Down),TRUE
MTARC2,0.3791,-0.1862,0.364134,0.806018,NS,Discordant (Cancer Up / TR Down),TRUE
FXN,-0.3889,-0.1753,0.38598,0.828625,NS,Concordant Down,TRUE
NUDT4,-0.1582,0.4058,0.904112,0.314059,NS,Discordant (Cancer Down / TR Up),TRUE
MT-CO2,-0.3406,0.2233,0.417531,0.659125,NS,Discordant (Cancer Down / TR Up),FALSE
PTGES2,-0.4683,0.0954,0.35378,0.964721,NS,Discordant (Cancer Down / TR Up),TRUE
LSM8,-0.154,0.4079,0.914151,0.257539,NS,Discordant (Cancer Down / TR Up),TRUE
NRAP,-0.4422,-0.1195,0.472664,0.952684,NS,Concordant Down,TRUE
IDH2,-0.3798,0.1818,0.328073,0.777999,NS,Discordant (Cancer Down / TR Up),FALSE
SMIM4,-0.4599,-0.1009,0.344328,0.965809,NS,Concordant Down,TRUE
PSPC1,-0.4814,-0.079,0.343698,0.979839,NS,Concordant Down,TRUE
MGST2,-0.444,-0.1163,0.39513,0.950415,NS,Concordant Down,TRUE
TNPO1,0.4487,-0.1115,0.268664,0.948747,NS,Discordant (Cancer Up / TR Down),TRUE
HK1,-0.344,0.2159,0.206147,0.512372,NS,Discordant (Cancer Down / TR Up),FALSE
PFDN4,-0.441,0.1179,0.194443,0.909971,NS,Discordant (Cancer Down / TR Up),FALSE
NAXD,-0.5278,-0.0309,0.129883,0.995505,NS,Concordant Down,FALSE
DUSP28,-0.3297,0.2285,0.652573,0.822438,NS,Discordant (Cancer Down / TR Up),TRUE
RPRD1B,0.4683,-0.0891,0.359019,0.970824,NS,Discordant (Cancer Up / TR Down),TRUE
NXN,-0.3796,-0.1773,0.45606,0.850016,NS,Concordant Down,TRUE
CBFB,0.2042,-0.3527,0.831705,0.461434,NS,Discordant (Cancer Up / TR Down),TRUE
HINT2,-0.256,-0.2997,0.736796,0.572804,NS,Concordant Down,TRUE
ME1,-0.2904,-0.265,0.507983,0.486717,NS,Concordant Down,FALSE
PRKG1,-0.3266,-0.2288,0.645203,0.782047,NS,Concordant Down,TRUE
PRKDC,-0.502,-0.0531,0.095484,0.984243,NS,Concordant Down,TRUE
NDUFS2,-0.3081,0.2468,0.625249,0.694761,NS,Discordant (Cancer Down / TR Up),FALSE
LARS2,-0.3794,0.1754,0.710703,0.939765,NS,Discordant (Cancer Down / TR Up),TRUE
CTSB,0.4755,0.079,0.199897,0.967477,NS,Concordant Up,FALSE
RAB21,-0.4706,-0.0837,0.208633,0.963298,NS,Concordant Down,FALSE
SYNCRIP,0.1663,0.3874,0.793489,0.089776,NS,Concordant Up,FALSE
TIPRL,0.3452,0.2074,0.431608,0.721186,NS,Concordant Up,FALSE
USP5,0.3716,-0.1808,0.168616,0.667094,NS,Discordant (Cancer Up / TR Down),FALSE
HNRNPUL1,0.2289,0.3229,0.827035,0.545084,NS,Concordant Up,TRUE
TCAP,0.0444,0.5071,0.995823,0.394752,NS,Concordant Up,TRUE
RCN1,0.4905,0.0602,0.134183,0.979594,NS,Concordant Up,FALSE
COBL,-0.2374,-0.3129,0.735521,0.474831,NS,Concordant Down,TRUE
DNAJA2,-0.3522,0.1973,0.439393,0.761896,NS,Discordant (Cancer Down / TR Up),FALSE
COPA,0.3161,0.2333,0.415063,0.626414,NS,Concordant Up,TRUE
PPP1CC,0.2462,0.3028,0.660144,0.468673,NS,Concordant Up,TRUE
GPX1,0.4819,-0.0663,0.111105,0.972246,NS,Discordant (Cancer Up / TR Down),FALSE
RAB24,-0.3214,0.2261,0.62428,0.82242,NS,Discordant (Cancer Down / TR Up),TRUE
NAP1L4,-0.3132,0.234,0.295775,0.45242,NS,Discordant (Cancer Down / TR Up),FALSE
HSD17B4,-0.4012,-0.146,0.206879,0.83853,NS,Concordant Down,TRUE
HINT1,0.4387,-0.108,0.118073,0.906428,NS,Discordant (Cancer Up / TR Down),FALSE
NDUFV1,-0.3037,0.2429,0.619005,0.690266,NS,Discordant (Cancer Down / TR Up),FALSE
SSPN,-0.2671,-0.2795,0.775331,0.695711,NS,Concordant Down,TRUE
DRG2,-0.341,0.205,0.624019,0.854814,NS,Discordant (Cancer Down / TR Up),TRUE
MICU2,-0.2858,-0.2589,0.793044,0.813841,NS,Concordant Down,TRUE
CHP1,-0.4651,0.0794,0.147264,0.961931,NS,Discordant (Cancer Down / TR Up),TRUE
RPS24,-0.2536,0.2907,0.570327,0.360336,NS,Discordant (Cancer Down / TR Up),TRUE
GYG1,-0.5257,-0.0186,0.168822,0.998559,NS,Concordant Down,TRUE
EIF3L,-0.5248,-0.0191,0.125338,0.998286,NS,Concordant Down,FALSE
TSTD1,-0.0155,0.5279,0.999244,0.175924,NS,Discordant (Cancer Down / TR Up),TRUE
NEK7,-0.2435,-0.2997,0.727726,0.506289,NS,Concordant Down,TRUE
FHL3,-0.3497,-0.1933,0.703876,0.888599,NS,Concordant Down,TRUE
ACSL4,0.258,-0.285,0.911942,0.744149,NS,Discordant (Cancer Up / TR Down),TRUE
FAHD1,-0.2153,0.3275,0.828085,0.528617,NS,Discordant (Cancer Down / TR Up),TRUE
SPPL2A,-0.3968,-0.1459,0.389915,0.902172,NS,Concordant Down,TRUE
RASA4,0.2755,-0.2668,0.699655,0.675607,NS,Discordant (Cancer Up / TR Down),TRUE
RPA2,0.4406,-0.1017,0.297017,0.950907,NS,Discordant (Cancer Up / TR Down),TRUE
EIF5,-0.3306,0.2116,0.458142,0.702431,NS,Discordant (Cancer Down / TR Up),FALSE
C1QBP,-0.4285,0.1133,0.127793,0.894457,NS,Discordant (Cancer Down / TR Up),FALSE
RPS7,0.4124,-0.1293,0.345849,0.911964,NS,Discordant (Cancer Up / TR Down),FALSE
IGFBP5,0.2179,0.3234,0.822729,0.520007,NS,Concordant Up,TRUE
TUBA8,-0.4724,0.0678,0.372886,0.983679,NS,Discordant (Cancer Down / TR Up),FALSE
RAB12,-0.1486,-0.3911,0.865279,0.161996,NS,Concordant Down,TRUE
VAMP5,-0.2627,0.276,0.876192,0.743496,NS,Discordant (Cancer Down / TR Up),TRUE
SIRT5,-0.4764,0.0623,0.350365,0.985898,NS,Discordant (Cancer Down / TR Up),TRUE
PRUNE1,-0.3598,-0.1781,0.323153,0.797683,NS,Concordant Down,TRUE
CUL2,-0.2584,-0.2787,0.712956,0.592213,NS,Concordant Down,TRUE
RNF114,-0.3214,-0.21560000000000001,0.49275,0.763745,NS,Concordant Down,TRUE
OGDH,-0.4323,0.1042,0.240773,0.93588,NS,Discordant (Cancer Down / TR Up),FALSE
PABPC4,-0.5358,-2e-4,0.080598,1,NS,Concordant Down,TRUE
STUB1,-0.5242,-0.0118,0.121958,0.999365,NS,Concordant Down,TRUE
SHMT2,-0.3823,-0.1537,0.383473,0.881021,NS,Concordant Down,TRUE
ACADVL,-0.4726,0.0632,0.116413,0.974404,NS,Discordant (Cancer Down / TR Up),FALSE
EEF1A2,-0.5157,0.0201,0.084682,0.997777,NS,Discordant (Cancer Down / TR Up),TRUE
NDUFB7,-0.4487,0.0863,0.382145,0.970982,NS,Discordant (Cancer Down / TR Up),TRUE
UFM1,0.4683,-0.0651,0.093501,0.970029,NS,Discordant (Cancer Up / TR Down),FALSE
RABGGTA,-0.4022,0.1312,0.158564,0.862881,NS,Discordant (Cancer Down / TR Up),TRUE
MESD,0.2674,-0.2658,0.737104,0.742325,NS,Discordant (Cancer Up / TR Down),TRUE
NONO,0.4086,-0.1229,0.354829,0.923586,NS,Discordant (Cancer Up / TR Down),TRUE
KRT1,0.2698,-0.2614,0.898725,0.882489,NS,Discordant (Cancer Up / TR Down),TRUE
IARS1,-0.4019,0.1285,0.334408,0.936286,NS,Discordant (Cancer Down / TR Up),TRUE
RPLP2,0.3729,0.1574,0.384614,0.849779,NS,Concordant Up,FALSE
POLDIP2,0.4606,-0.0684,0.350111,0.983855,NS,Discordant (Cancer Up / TR Down),TRUE
APEX1,0.2508,0.278,0.576941,0.390348,NS,Concordant Up,FALSE
ADHFE1,0.2171,0.311,0.873004,0.679245,NS,Concordant Up,TRUE
TIMM13,-0.4757,-0.0522,0.336099,0.989926,NS,Concordant Down,TRUE
ESAM,0.4761,-0.0518,0.375303,0.991308,NS,Discordant (Cancer Up / TR Down),TRUE
DCTN1,-0.3115,0.2163,0.182135,0.396806,NS,Discordant (Cancer Down / TR Up),FALSE
IPO7,-0.4382,-0.089,0.171222,0.947123,NS,Concordant Down,FALSE
NRBP1,-0.1296,0.397,0.941141,0.491257,NS,Discordant (Cancer Down / TR Up),TRUE
PCYOX1,0.2177,-0.3088,0.664493,0.279176,NS,Discordant (Cancer Up / TR Down),FALSE
ENO3,-0.3908,0.1352,0.413916,0.907356,NS,Discordant (Cancer Down / TR Up),FALSE
DHTKD1,-0.32,-0.206,0.671483,0.858467,NS,Concordant Down,TRUE
SYNPO,0.3046,0.2201,0.666512,0.810709,NS,Concordant Up,TRUE
RPLP1,0.4695,0.055,0.157413,0.982791,NS,Concordant Up,FALSE
WDFY1,0.3121,0.2121,0.724328,0.850906,NS,Concordant Up,TRUE
UQCRC2,-0.2817,0.2424,0.613036,0.637664,NS,Discordant (Cancer Down / TR Up),FALSE
ADK,0.4686,-0.0553,0.09978,0.97991,NS,Discordant (Cancer Up / TR Down),TRUE
COX4I1,-0.275,0.2484,0.588171,0.577633,NS,Discordant (Cancer Down / TR Up),FALSE
IDH3B,-0.3061,0.2172,0.463514,0.641292,NS,Discordant (Cancer Down / TR Up),FALSE
L3HYPDH,-0.0917,-0.4313,0.964785,0.279583,NS,Concordant Down,TRUE
STT3A,0.2035,0.319,0.853861,0.583576,NS,Concordant Up,TRUE
PRDX1,0.2875,-0.2349,0.56277,0.626779,NS,Discordant (Cancer Up / TR Down),FALSE
PRKAR1A,-0.4585,0.0639,0.08424,0.969027,NS,Discordant (Cancer Down / TR Up),FALSE
MICOS13,-0.5,0.0221,0.318695,0.998425,NS,Discordant (Cancer Down / TR Up),TRUE
PMPCA,-0.1543,0.3675,0.903826,0.379127,NS,Discordant (Cancer Down / TR Up),TRUE
TNNT1,-0.1901,0.3314,0.941348,0.77423,NS,Discordant (Cancer Down / TR Up),TRUE
EPDR1,-0.473,-0.0483,0.267729,0.989967,NS,Concordant Down,FALSE
ATP5MG,-0.3926,0.1284,0.340972,0.903171,NS,Discordant (Cancer Down / TR Up),FALSE
APRT,0.4568,0.0637,0.252082,0.980234,NS,Concordant Up,FALSE
GRPEL1,-0.1472,0.3721,0.933344,0.633622,NS,Discordant (Cancer Down / TR Up),TRUE
PPP2R5A,-0.4587,0.0605,0.214502,0.982416,NS,Discordant (Cancer Down / TR Up),TRUE
KLHL41,-0.3243,0.1947,0.776032,0.901531,NS,Discordant (Cancer Down / TR Up),TRUE
RCN2,-0.0298,0.4891,0.995945,0.057614,NS,Discordant (Cancer Down / TR Up),TRUE
CRAT,-0.5069,-0.0117,0.136683,0.999344,NS,Concordant Down,TRUE
RPL6,0.2426,0.2759,0.63998,0.446092,NS,Concordant Up,FALSE
GANAB,0.4485,0.0699,0.23719,0.974263,NS,Concordant Up,FALSE
PTPN11,0.4398,-0.0785,0.092639,0.94911,NS,Discordant (Cancer Up / TR Down),FALSE
COQ9,-0.4437,0.0744,0.380904,0.97806,NS,Discordant (Cancer Down / TR Up),FALSE
MYO18A,-0.1826,0.3347,0.858162,0.476918,NS,Discordant (Cancer Down / TR Up),TRUE
USP14,0.3744,-0.1415,0.163939,0.798861,NS,Discordant (Cancer Up / TR Down),FALSE
PHKA1,-0.3768,0.1391,0.433025,0.90105,NS,Discordant (Cancer Down / TR Up),TRUE
LIMS3,-0.3254,0.1901,0.612441,0.879385,NS,Discordant (Cancer Down / TR Up),TRUE
DNM1L,-0.4318,0.0835,0.255728,0.961361,NS,Discordant (Cancer Down / TR Up),FALSE
DEK,0.2926,-0.2222,0.499589,0.671367,NS,Discordant (Cancer Up / TR Down),TRUE
UBQLN1,-0.5136,-8e-4,0.070437,0.999996,NS,Concordant Down,TRUE
SEC23A,-0.3605,0.1537,0.310173,0.819817,NS,Discordant (Cancer Down / TR Up),TRUE
HMGB1,0.4351,-0.0786,0.131997,0.954193,NS,Discordant (Cancer Up / TR Down),FALSE
TKFC,0.3206,-0.1925,0.426118,0.739987,NS,Discordant (Cancer Up / TR Down),TRUE
HDDC2,-0.4676,0.0453,0.481705,0.995143,NS,Discordant (Cancer Down / TR Up),TRUE
QARS1,-0.4102,0.1025,0.288961,0.93864,NS,Discordant (Cancer Down / TR Up),TRUE
PLIN3,-0.3096,0.2031,0.401517,0.647408,NS,Discordant (Cancer Down / TR Up),FALSE
CAMK2G,-0.4199,0.0922,0.344206,0.959244,NS,Discordant (Cancer Down / TR Up),TRUE
TRIM28,-0.3737,-0.1383,0.485431,0.938184,NS,Concordant Down,TRUE
ISOC2,-0.3568,0.1548,0.456244,0.865527,NS,Discordant (Cancer Down / TR Up),FALSE
HCCS,-0.2709,-0.24,0.684218,0.71084,NS,Concordant Down,TRUE
COMTD1,-0.2436,0.2671,0.862641,0.81545,NS,Discordant (Cancer Down / TR Up),TRUE
MME,0.3589,-0.1518,0.436248,0.867155,NS,Discordant (Cancer Up / TR Down),TRUE
PIP4K2A,0.4402,-0.0701,0.52955700000000006,0.984919,NS,Discordant (Cancer Up / TR Down),TRUE
ATIC,0.4201,-0.0894,0.084482,0.923569,NS,Discordant (Cancer Up / TR Down),FALSE
PRMT5,-0.4056,-0.1011,0.182407,0.921091,NS,Concordant Down,FALSE
RUVBL2,0.3458,0.1609,0.474671,0.851102,NS,Concordant Up,FALSE
UBXN4,-0.403,0.1025,0.365999,0.952343,NS,Discordant (Cancer Down / TR Up),TRUE
ANXA6,0.4187,-0.0859,0.194504,0.949479,NS,Discordant (Cancer Up / TR Down),FALSE
TLN2,0.381,-0.1233,0.415034,0.922616,NS,Discordant (Cancer Up / TR Down),TRUE
PPP1R1A,0.3431,-0.1603,0.450805,0.848796,NS,Discordant (Cancer Up / TR Down),TRUE
EIF2S2,-0.3802,0.1231,0.264508,0.891344,NS,Discordant (Cancer Down / TR Up),TRUE
JAGN1,-0.3737,-0.1293,0.350556,0.910128,NS,Concordant Down,TRUE
TACC2,-0.0366,-0.4644,0.993298,0.086125,NS,Concordant Down,TRUE
EIF3C,-0.4539,-0.0468,0.057845,0.983063,NS,Concordant Down,TRUE
PLAA,-0.4646,0.0357,0.226938,0.993994,NS,Discordant (Cancer Down / TR Up),TRUE
EIF3J,-0.4802,0.0199,0.054936,0.997247,NS,Discordant (Cancer Down / TR Up),TRUE
SEC24C,-0.3559,0.1438,0.229812,0.812144,NS,Discordant (Cancer Down / TR Up),TRUE
COX19,0.4004,-0.0986,0.305893,0.944627,NS,Discordant (Cancer Up / TR Down),TRUE
TMED7,0.4389,0.0601,0.254595,0.980616,NS,Concordant Up,TRUE
IRGQ,-7e-4,0.4983,0.999998,0.29229,NS,Discordant (Cancer Down / TR Up),TRUE
AARSD1,-0.3722,-0.1265,0.435831,0.915906,NS,Concordant Down,TRUE
HLA-A,0.345,0.1536,0.497962,0.871851,NS,Concordant Up,FALSE
GCDH,-0.4672,-0.0309,0.363781,0.996865,NS,Concordant Down,TRUE
STXBP3,-0.4045,0.0932,0.302582,0.953684,NS,Discordant (Cancer Down / TR Up),TRUE
MDH2,-0.3145,0.1831,0.433087,0.740142,NS,Discordant (Cancer Down / TR Up),FALSE
MAP2K3,-0.4645,0.0331,0.314856,0.995716,NS,Discordant (Cancer Down / TR Up),TRUE
STAT5B,-0.3077,-0.1898,0.286771,0.601746,NS,Concordant Down,FALSE
IPO9,0.3619,-0.135,0.859731,0.946111,NS,Discordant (Cancer Up / TR Down),TRUE
SDHB,-0.4169,0.0799,0.216121,0.958603,NS,Discordant (Cancer Down / TR Up),FALSE
PRKCQ,-0.3812,-0.1144,0.313662,0.928665,NS,Concordant Down,TRUE
FAM98B,-0.4691,-0.0262,0.290599,0.997382,NS,Concordant Down,TRUE
VPS35,0.328,0.1672,0.512724,0.836166,NS,Concordant Up,FALSE
GET4,0.0304,0.4648,0.997175,0.28514,NS,Concordant Up,TRUE
NDUFS8,-0.4569,0.038,0.434595,0.995421,NS,Discordant (Cancer Down / TR Up),TRUE
PIN1,-0.3181,-0.176,0.388233,0.745942,NS,Concordant Down,TRUE
SRL,-0.4123,0.0807,0.207317,0.956016,NS,Discordant (Cancer Down / TR Up),TRUE
USP47,-0.4869,0.006,0.142232,0.999839,NS,Discordant (Cancer Down / TR Up),TRUE
PDAP1,-0.3413,0.1512,0.448689,0.857382,NS,Discordant (Cancer Down / TR Up),FALSE
LDHD,-0.4035,-0.0889,0.64001,0.980043,NS,Concordant Down,TRUE
SPAG7,-0.3824,-0.1095,0.330687,0.93626,NS,Concordant Down,TRUE
EIF4G1,-0.4802,0.0116,0.075133,0.999152,NS,Discordant (Cancer Down / TR Up),FALSE
PDZK1IP1,0.1758,0.3155,0.948581,0.760095,NS,Concordant Up,TRUE
PFDN6,-0.4769,-0.0142,0.113559,0.998853,NS,Concordant Down,FALSE
MTCH1,0.4612,0.0294,0.20441,0.996221,NS,Concordant Up,TRUE
ERO1A,0.2046,-0.2844,0.88931,0.705389,NS,Discordant (Cancer Up / TR Down),TRUE
SEC22B,0.477,0.0116,0.077594,0.999153,NS,Concordant Up,FALSE
TIMM9,0.1172,-0.3711,0.954546,0.492252,NS,Discordant (Cancer Up / TR Down),TRUE
RTN4IP1,-0.4215,0.0667,0.411994,0.984114,NS,Discordant (Cancer Down / TR Up),TRUE
HARS1,-0.4585,-0.0295,0.078913,0.993819,NS,Concordant Down,FALSE
GABARAPL2,-0.3464,0.1414,0.502085,0.902495,NS,Discordant (Cancer Down / TR Up),TRUE
GSPT1,-0.3505,0.1372,0.178567,0.799235,NS,Discordant (Cancer Down / TR Up),TRUE
ATP5PF,-0.2999,0.1871,0.590841,0.797107,NS,Discordant (Cancer Down / TR Up),FALSE
RAB18,-0.3259,-0.1606,0.457904,0.831994,NS,Concordant Down,TRUE
SGCB,-0.3242,-0.1623,0.530359,0.855003,NS,Concordant Down,TRUE
PDCL3,0.0042,0.4823,0.999917,0.171074,NS,Concordant Up,TRUE
EEF1G,-0.3527,0.1337,0.195905,0.814888,NS,Discordant (Cancer Down / TR Up),FALSE
HNRNPL,0.3921,0.0941,0.358635,0.952308,NS,Concordant Up,TRUE
ABCF1,-0.4497,0.0363,0.237926,0.993807,NS,Discordant (Cancer Down / TR Up),TRUE
IARS2,-0.3494,0.1365,0.311208,0.8504,NS,Discordant (Cancer Down / TR Up),FALSE
SPR,0.1719,0.3139,0.895445,0.565578,NS,Concordant Up,FALSE
GRSF1,-0.3149,0.1708,0.650618,0.899271,NS,Discordant (Cancer Down / TR Up),TRUE
RBBP4,-0.4061,0.0794,0.364848,0.97177,NS,Discordant (Cancer Down / TR Up),TRUE
YWHAH,0.3543,0.1297,0.212348,0.83519,NS,Concordant Up,FALSE
CA3,0.3101,0.1732,0.627401,0.854606,NS,Concordant Up,FALSE
DYNLL1,-0.4064,-0.0767,0.32027,0.96847,NS,Concordant Down,FALSE
FECH,-0.466,0.017,0.267508,0.998793,NS,Discordant (Cancer Down / TR Up),TRUE
SLC25A12,-0.3272,0.1558,0.571226,0.878277,NS,Discordant (Cancer Down / TR Up),TRUE
NARS1,-0.3103,0.1726,0.253671,0.648799,NS,Discordant (Cancer Down / TR Up),FALSE
SDR39U1,-0.2917,0.1902,0.796016,0.894231,NS,Discordant (Cancer Down / TR Up),TRUE
HBS1L,-0.4078,-0.074,0.117314,0.955141,NS,Concordant Down,TRUE
MYH13,0.269,0.2124,0.882006,0.911682,NS,Concordant Up,TRUE
ETFRF1,0.063,-0.4184,0.989184,0.45016,NS,Discordant (Cancer Up / TR Down),TRUE
UBE2V1,0.4419,-0.0393,0.198455,0.991404,NS,Discordant (Cancer Up / TR Down),FALSE
LZIC,0.2971,0.1833,0.414297,0.707204,NS,Concordant Up,TRUE
HDHD2,0.2453,-0.2347,0.68471,0.650775,NS,Discordant (Cancer Up / TR Down),TRUE
DNAJC19,-0.2682,0.2114,0.799517,0.870897,NS,Discordant (Cancer Down / TR Up),TRUE
CAP2,-0.3594,0.1201,0.473642,0.925914,NS,Discordant (Cancer Down / TR Up),FALSE
RPS4X,-0.3313,0.1479,0.269806,0.782681,NS,Discordant (Cancer Down / TR Up),FALSE
SNTB1,-0.3782,0.101,0.537338,0.960225,NS,Discordant (Cancer Down / TR Up),FALSE
AGK,0.1766,0.3025,0.867747,0.621393,NS,Concordant Up,TRUE
APOOL,-0.4038,0.075,0.436119,0.976402,NS,Discordant (Cancer Down / TR Up),TRUE
ACO2,-0.3198,0.1588,0.449183,0.819701,NS,Discordant (Cancer Down / TR Up),FALSE
UBE3C,-0.4172,-0.0598,0.22708,0.981627,NS,Concordant Down,TRUE
UFSP2,0.2324,-0.244,0.765238,0.74083,NS,Discordant (Cancer Up / TR Down),TRUE
ECHDC2,-0.1699,0.3064,0.913481,0.715495,NS,Discordant (Cancer Down / TR Up),TRUE
MT-CO1,0.21,-0.2661,0.887,0.798058,NS,Discordant (Cancer Up / TR Down),TRUE
PRKCD,0.0646,-0.4115,0.987429,0.455324,NS,Discordant (Cancer Up / TR Down),TRUE
RPL12,0.3023,0.1737,0.537031,0.802829,NS,Concordant Up,FALSE
CACNA2D1,-0.3996,-0.0757,0.219923,0.960324,NS,Concordant Down,FALSE
QKI,-0.431,0.0439,0.416091,0.993493,NS,Discordant (Cancer Down / TR Up),TRUE
ATP2B2,-0.1043,-0.3704,0.957401,0.397929,NS,Concordant Down,TRUE
ANK2,-0.4075,0.0668,0.162767,0.966429,NS,Discordant (Cancer Down / TR Up),TRUE
PALLD,0.28,-0.1941,0.834792,0.903004,NS,Discordant (Cancer Up / TR Down),TRUE
USP24,-0.3947,-0.0793,0.124793,0.947395,NS,Concordant Down,TRUE
HADH,0.251,-0.2227,0.527507,0.529656,NS,Discordant (Cancer Up / TR Down),FALSE
TACO1,-0.3732,-0.1003,0.596047,0.967129,NS,Concordant Down,TRUE
ATP5PB,-0.2903,0.1822,0.609135,0.804932,NS,Discordant (Cancer Down / TR Up),FALSE
DNAJB2,0.3601,-0.112,0.382696,0.932258,NS,Discordant (Cancer Up / TR Down),TRUE
PPP1R2,-0.2549,-0.2171,0.727998,0.755762,NS,Concordant Down,TRUE
UQCC1,-0.2618,-0.2097,0.817759,0.899505,NS,Concordant Down,TRUE
BCKDHB,0.2585,-0.2126,0.814743,0.850857,NS,Discordant (Cancer Up / TR Down),TRUE
NDUFS7,-0.2791,0.1919,0.765401,0.866007,NS,Discordant (Cancer Down / TR Up),TRUE
NDUFS1,-0.231,0.2388,0.728995,0.638998,NS,Discordant (Cancer Down / TR Up),FALSE
EIF2S1,-0.361,0.1085,0.178165,0.882085,NS,Discordant (Cancer Down / TR Up),FALSE
EIF5A,0.4011,-0.0667,0.190753,0.967832,NS,Discordant (Cancer Up / TR Down),FALSE
SEC31A,0.2998,0.1679,0.62226,0.854792,NS,Concordant Up,TRUE
IVD,-0.4039,0.0637,0.366061,0.980466,NS,Discordant (Cancer Down / TR Up),FALSE
TSNAX,-0.003,-0.4635,0.999954,0.050871,NS,Concordant Down,TRUE
CD99L2,-0.0956,-0.3708,0.949,0.286088,NS,Concordant Down,TRUE
GFM1,-0.4258,-0.04,0.246555,0.991618,NS,Concordant Down,TRUE
PCYT1A,-0.1217,0.3438,0.943476,0.450855,NS,Discordant (Cancer Down / TR Up),TRUE
NDUFA10,-0.2569,0.2081,0.692415,0.746133,NS,Discordant (Cancer Down / TR Up),FALSE
CLUH,-0.4206,0.0443,0.209295,0.989216,NS,Discordant (Cancer Down / TR Up),TRUE
NAPA,0.3223,-0.1422,0.317296,0.810322,NS,Discordant (Cancer Up / TR Down),FALSE
SCRN2,0.182,-0.2823,0.844744,0.539816,NS,Discordant (Cancer Up / TR Down),FALSE
PECAM1,0.3307,0.1336,0.502827,0.892127,NS,Concordant Up,TRUE
RTN3,0.4107,-0.0535,0.542512,0.991481,NS,Discordant (Cancer Up / TR Down),TRUE
CSTB,0.3338,-0.1302,0.469347,0.896585,NS,Discordant (Cancer Up / TR Down),FALSE
PDLIM3,-0.4211,0.0428,0.279577,0.990624,NS,Discordant (Cancer Down / TR Up),TRUE
SMIM20,-0.4512,-0.0124,0.297403,0.999384,NS,Concordant Down,TRUE
RPL7,0.262,0.2015,0.620498,0.714772,NS,Concordant Up,FALSE
RAB7A,0.3129,-0.1501,0.307642,0.769264,NS,Discordant (Cancer Up / TR Down),FALSE
EYA3,0.3114,-0.1515,0.666748,0.90332,NS,Discordant (Cancer Up / TR Down),TRUE
LSM3,-0.3003,-0.1622,0.694639,0.907211,NS,Concordant Down,TRUE
CLINT1,0.3309,-0.131,0.639901,0.932527,NS,Discordant (Cancer Up / TR Down),TRUE
RPL7A,-0.3084,0.1534,0.484265,0.833906,NS,Discordant (Cancer Down / TR Up),FALSE
RAB14,0.4243,-0.0374,0.168981,0.991407,NS,Discordant (Cancer Up / TR Down),TRUE
CUL1,-0.3727,0.0883,0.358415,0.95382,NS,Discordant (Cancer Down / TR Up),TRUE
ELOC,-0.4039,0.0567,0.276976,0.98155,NS,Discordant (Cancer Down / TR Up),FALSE
MRRF,0.0713,0.389,0.983333,0.544405,NS,Concordant Up,TRUE
VPS25,-0.1804,0.2797,0.827651,0.523279,NS,Discordant (Cancer Down / TR Up),TRUE
GAMT,-0.4252,0.0339,0.349328,0.995082,NS,Discordant (Cancer Down / TR Up),TRUE
ALDH6A1,-0.1221,-0.337,0.950388,0.519665,NS,Concordant Down,FALSE
LSM6,0.3871,0.0704,0.259463,0.965558,NS,Concordant Up,TRUE
TMEM205,-0.4176,-0.0397,0.241301,0.991172,NS,Concordant Down,TRUE
LAMB3,-0.3021,-0.1551,0.611955,0.892569,NS,Concordant Down,TRUE
VDAC3,-0.3358,0.1212,0.504116,0.919386,NS,Discordant (Cancer Down / TR Up),FALSE
HYOU1,0.3057,0.1512,0.589885,0.874864,NS,Concordant Up,FALSE
SPRYD4,-0.2798,0.1771,0.711884,0.857861,NS,Discordant (Cancer Down / TR Up),TRUE
MAPK3,0.2979,0.159,0.614326,0.86732,NS,Concordant Up,TRUE
CUTA,-0.4476,0.0087,0.140158,0.999575,NS,Discordant (Cancer Down / TR Up),TRUE
YWHAE,0.3138,-0.1423,0.462847,0.856065,NS,Discordant (Cancer Up / TR Down),FALSE
EIF3D,-0.4184,-0.0377,0.17486,0.9914,NS,Concordant Down,TRUE
NACA,-0.4399,-0.0161,0.109612,0.998273,NS,Concordant Down,FALSE
JPH1,-0.3598,-0.0961,0.642746,0.970353,NS,Concordant Down,TRUE
CDNF,-0.2022,0.2535,0.863504,0.820747,NS,Discordant (Cancer Down / TR Up),TRUE
RIDA,-0.4207,-0.0349,0.275414,0.993788,NS,Concordant Down,FALSE
CARNS1,0.1562,0.2993,0.935209,0.71634,NS,Concordant Up,TRUE
TOMM70,-0.217,0.2383,0.822414,0.731628,NS,Discordant (Cancer Down / TR Up),TRUE
SRM,0.1453,0.3099,0.917362,0.542422,NS,Concordant Up,TRUE
NDUFA11,-0.3726,-0.0819,0.564159,0.976062,NS,Concordant Down,TRUE
COPS7A,-0.4507,0.0037,0.066005,0.999901,NS,Discordant (Cancer Down / TR Up),TRUE
EIF3E,-0.3238,-0.1299,0.304575,0.840254,NS,Concordant Down,FALSE
SNTA1,-0.3923,-0.0605,0.383634,0.982472,NS,Concordant Down,TRUE
MCEE,-0.4337,0.019,0.455248,0.99898,NS,Discordant (Cancer Down / TR Up),TRUE
TUBA4A,-0.4122,0.0404,0.274991,0.991246,NS,Discordant (Cancer Down / TR Up),FALSE
HLA-DRB1,0.2605,-0.1919,0.85906,0.914916,NS,Discordant (Cancer Up / TR Down),TRUE
VCL,0.4209,-0.0312,0.233939,0.994609,NS,Discordant (Cancer Up / TR Down),FALSE
GSK3A,0.2582,-0.1935,0.699161,0.817214,NS,Discordant (Cancer Up / TR Down),TRUE
RPS5,-0.2585,0.1927,0.707779,0.796819,NS,Discordant (Cancer Down / TR Up),FALSE
CSNK2A1,-0.4198,0.0309,0.239166,0.994945,NS,Discordant (Cancer Down / TR Up),TRUE
RCSD1,-0.2955,-0.1552,0.598573,0.86281,NS,Concordant Down,TRUE
GDI2,0.3078,-0.1428,0.373878,0.814876,NS,Discordant (Cancer Up / TR Down),FALSE
SERBP1,-0.2452,0.2054,0.784216,0.816509,NS,Discordant (Cancer Down / TR Up),TRUE
BROX,-0.4215,-0.0283,0.38739,0.996865,NS,Concordant Down,TRUE
STK38L,-0.4115,-0.0374,0.408397,0.995264,NS,Concordant Down,TRUE
PGK1,0.3316,-0.117,0.211954,0.848439,NS,Discordant (Cancer Up / TR Down),FALSE
STK24,0.2707,-0.1769,0.729017,0.888819,NS,Discordant (Cancer Up / TR Down),TRUE
TMED1,-0.265,-0.1826,0.676794,0.894551,NS,Concordant Down,TRUE
CSNK2B,-0.2593,-0.1879,0.616206,0.752802,NS,Concordant Down,TRUE
GPT,-0.3584,-0.0886,0.554763,0.967933,NS,Concordant Down,FALSE
PSME1,0.4469,-0,0.147473,1,NS,Discordant (Cancer Up / TR Down),FALSE
HRC,-0.3767,0.07,0.442528,0.976983,NS,Discordant (Cancer Down / TR Up),TRUE
SGCD,-0.4349,-0.0114,0.283523,0.999412,NS,Concordant Down,FALSE
CALR,0.3899,0.0563,0.247768,0.979316,NS,Concordant Up,FALSE
XIRP1,-0.3167,-0.1292,0.713971,0.943608,NS,Concordant Down,TRUE
LPIN1,0.179,0.2655,0.874356,0.699633,NS,Concordant Up,TRUE
JPT1,0.0259,-0.418,0.998894,0.649817,NS,Discordant (Cancer Up / TR Down),TRUE
PPP6R2,-0.4255,0.0184,0.310974,0.998689,NS,Discordant (Cancer Down / TR Up),TRUE
BABAM2,-0.0372,0.4063,0.996011,0.468888,NS,Discordant (Cancer Down / TR Up),TRUE
RO60,0.19,0.2533,0.868523,0.729245,NS,Concordant Up,TRUE
VCP,0.3619,-0.0812,0.228287,0.944984,NS,Discordant (Cancer Up / TR Down),FALSE
TBC1D17,-0.186,-0.2571,0.859346,0.676754,NS,Concordant Down,TRUE
SIRT2,-0.1849,-0.2579,0.87522,0.715074,NS,Concordant Down,TRUE
CNDP2,0.348,0.0946,0.41622,0.945907,NS,Concordant Up,FALSE
ILVBL,-0.1814,-0.2611,0.8926,0.810499,NS,Concordant Down,TRUE
AKR1A1,0.3097,-0.1325,0.488232,0.88056,NS,Discordant (Cancer Up / TR Down),FALSE
ANXA3,0.1565,-0.2856,0.886898,0.530166,NS,Discordant (Cancer Up / TR Down),FALSE
H6PD,-0.3476,-0.0945,0.262537,0.923507,NS,Concordant Down,FALSE
SLC9A3R2,-0.1482,-0.2938,0.94478,0.796747,NS,Concordant Down,TRUE
FKBP1A,0.3357,-0.1057,0.257776,0.894158,NS,Discordant (Cancer Up / TR Down),FALSE
ASPA,-0.4223,0.0189,0.410763,0.998682,NS,Discordant (Cancer Down / TR Up),TRUE
NIPSNAP2,-0.3648,-0.075,0.341482,0.964758,NS,Concordant Down,TRUE
SRSF7,0.3032,0.1365,0.680414,0.917693,NS,Concordant Up,TRUE
ABHD10,-0.2886,-0.1509,0.615871,0.870568,NS,Concordant Down,TRUE
ABRAXAS2,-0.2587,-0.1798,0.714427,0.837218,NS,Concordant Down,TRUE
CAPNS1,0.4221,-0.0148,0.155644,0.998615,NS,Discordant (Cancer Up / TR Down),FALSE
RNF126,-0.0222,-0.4144,0.998032,0.241928,NS,Concordant Down,TRUE
RPL21,0.3356,-0.0999,0.607315,0.954023,NS,Discordant (Cancer Up / TR Down),TRUE
DAG1,-0.0038,-0.4314,0.999945,0.175984,NS,Concordant Down,FALSE
SPCS1,0.3584,-0.0768,0.453611,0.973316,NS,Discordant (Cancer Up / TR Down),TRUE
RELA,-0.3181,-0.1167,0.599217,0.944005,NS,Concordant Down,TRUE
FERMT2,0.3681,-0.0666,0.305073,0.970853,NS,Discordant (Cancer Up / TR Down),FALSE
TCEA3,0.0439,-0.3904,0.993934,0.47737,NS,Discordant (Cancer Up / TR Down),TRUE
LIMS1,0.4111,-0.0231,0.171509,0.996537,NS,Discordant (Cancer Up / TR Down),FALSE
MCTS1,-0.3104,0.1237,0.51551,0.904328,NS,Discordant (Cancer Down / TR Up),TRUE
AP2M1,0.2574,0.1767,0.546713,0.724043,NS,Concordant Up,FALSE
MRPL40,-2e-4,0.4338,1,0.462889,NS,Discordant (Cancer Down / TR Up),TRUE
SNX5,0.2597,0.1737,0.61461,0.801438,NS,Concordant Up,TRUE
METAP2,-0.4244,0.0089,0.247655,0.999605,NS,Discordant (Cancer Down / TR Up),TRUE
HGS,0.2827,-0.1502,0.495012,0.829474,NS,Discordant (Cancer Up / TR Down),TRUE
ST13,0.3797,-0.0532,0.198871,0.978337,NS,Discordant (Cancer Up / TR Down),FALSE
GSTK1,-0.3326,0.0995,0.390688,0.929953,NS,Discordant (Cancer Down / TR Up),FALSE
CD99,0.3236,0.1085,0.736304,0.962134,NS,Concordant Up,TRUE
AMPD1,-0.4269,0.0038,0.565795,0.999964,NS,Discordant (Cancer Down / TR Up),TRUE
TARS1,0.3189,0.1117,0.52658,0.933203,NS,Concordant Up,TRUE
CAPZA2,0.149,0.2811,0.906009,0.574844,NS,Concordant Up,FALSE
PPP5C,-0.3535,0.0765,0.339528,0.960571,NS,Discordant (Cancer Down / TR Up),FALSE
PRPSAP1,-0.3454,-0.0846,0.62207,0.975515,NS,Concordant Down,TRUE
PLIN2,-0.1728,-0.2569,0.912463,0.759727,NS,Concordant Down,TRUE
TMEM38A,-0.2673,-0.1622,0.805634,0.917153,NS,Concordant Down,TRUE
COX7A2,-0.2614,0.1666,0.700393,0.855203,NS,Discordant (Cancer Down / TR Up),TRUE
NFIC,-0.2147,-0.2132,0.715412,0.651399,NS,Concordant Down,TRUE
PCYT2,-0.4008,0.0269,0.222303,0.995716,NS,Discordant (Cancer Down / TR Up),TRUE
EIF1,-0.3326,0.0949,0.528899,0.954186,NS,Discordant (Cancer Down / TR Up),FALSE
NRDC,0.2709,0.1562,0.775571,0.936958,NS,Concordant Up,TRUE
ACOT1,0.0674,-0.3596,0.988335,0.644895,NS,Discordant (Cancer Up / TR Down),TRUE
DHRS4,-0.3971,-0.0298,0.339111,0.995647,NS,Concordant Down,TRUE
SNRPD1,-0.4194,0.007,0.551254,0.99985,NS,Discordant (Cancer Down / TR Up),TRUE
HSD17B10,-0.3151,0.1111,0.358063,0.893248,NS,Discordant (Cancer Down / TR Up),FALSE
DLD,-0.4186,-0.0069,0.139878,0.999692,NS,Concordant Down,FALSE
LYPLA2,-0.3494,-0.0757,0.426801,0.967401,NS,Concordant Down,FALSE
TXNDC17,0.2219,0.2031,0.603246,0.582018,NS,Concordant Up,FALSE
NAMPT,-0.1022,0.3218,0.960132,0.490589,NS,Discordant (Cancer Down / TR Up),FALSE
MYLK3,0.1887,-0.2352,0.893934,0.834955,NS,Discordant (Cancer Up / TR Down),TRUE
TMED9,0.2822,0.1416,0.609576,0.881494,NS,Concordant Up,TRUE
ARL8A,-0.3219,0.1011,0.574773,0.955273,NS,Discordant (Cancer Down / TR Up),TRUE
LRRC20,-0.1272,-0.2957,0.933436,0.541258,NS,Concordant Down,TRUE
SFXN1,-0.1959,0.227,0.780434,0.645289,NS,Discordant (Cancer Down / TR Up),TRUE
AK3,-0.2843,0.1381,0.695072,0.913353,NS,Discordant (Cancer Down / TR Up),FALSE
EIF4E3,-0.2818,-0.1406,0.779681,0.947993,NS,Concordant Down,TRUE
SAR1B,-0.143,-0.2792,0.924676,0.630539,NS,Concordant Down,TRUE
BZW1,-0.229,0.1931,0.822983,0.844324,NS,Discordant (Cancer Down / TR Up),TRUE
HNRNPR,0.2292,0.1925,0.618497,0.658999,NS,Concordant Up,FALSE
EIF2A,-0.4165,0.0052,0.257602,0.999888,NS,Discordant (Cancer Down / TR Up),TRUE
NAA10,0.1642,0.2572,0.87192,0.702439,NS,Concordant Up,TRUE
MOB1A,0.4205,-2e-4,0.396242,1,NS,Discordant (Cancer Up / TR Down),TRUE
COPS5,-0.3471,0.0732,0.196402,0.948341,NS,Discordant (Cancer Down / TR Up),FALSE
UCHL5,-0.2626,0.1571,0.629264,0.873931,NS,Discordant (Cancer Down / TR Up),TRUE
GPX4,-0.181,-0.2384,0.809151,0.587169,NS,Concordant Down,FALSE
PYURF,0.3847,-0.0343,0.75282,0.997739,NS,Discordant (Cancer Up / TR Down),TRUE
MTAP,0.3854,0.0332,0.258396,0.993164,NS,Concordant Up,FALSE
PDPR,-0.3124,0.1061,0.483187,0.929997,NS,Discordant (Cancer Down / TR Up),TRUE
RPA1,-0.3196,-0.0987,0.565883,0.961521,NS,Concordant Down,TRUE
ETFB,-0.3274,0.0907,0.502728,0.954279,NS,Discordant (Cancer Down / TR Up),FALSE
BCAM,0.1989,-0.2189,0.799831,0.726706,NS,Discordant (Cancer Up / TR Down),TRUE
SURF1,-0.3959,0.0219,0.466817,0.998334,NS,Discordant (Cancer Down / TR Up),TRUE
GSTM2,0.1684,-0.2484,0.869396,0.638887,NS,Discordant (Cancer Up / TR Down),FALSE
ALDH1L1,-0.3404,-0.0763,0.543333,0.973356,NS,Concordant Down,FALSE
TPPP,-0.2314,0.1852,0.786045,0.844935,NS,Discordant (Cancer Down / TR Up),TRUE
PPIC,-0.3798,-0.0366,0.64596,0.996827,NS,Concordant Down,TRUE
ARPC1A,-0.4063,-0.0101,0.464686,0.999682,NS,Concordant Down,TRUE
DDX39B,0.3937,0.0223,0.254631,0.997085,NS,Concordant Up,FALSE
PRKAA2,-0.228,-0.187,0.690452,0.746758,NS,Concordant Down,TRUE
PPP2R3A,-0.1567,-0.2583,0.90378,0.788581,NS,Concordant Down,TRUE
SPG7,0.2685,-0.1461,0.714935,0.9061,NS,Discordant (Cancer Up / TR Down),TRUE
ARF5,0.3359,0.0786,0.692466,0.978987,NS,Concordant Up,TRUE
PDP1,-0.1142,0.3001,0.957813,0.591487,NS,Discordant (Cancer Down / TR Up),TRUE
HECTD1,-0.1549,0.2582,0.930189,0.810902,NS,Discordant (Cancer Down / TR Up),TRUE
UBE2N,0.1958,-0.2169,0.653035,0.483017,NS,Discordant (Cancer Up / TR Down),FALSE
PDLIM7,0.2615,0.1502,0.812346,0.925865,NS,Concordant Up,TRUE
TPD52L2,0.3561,-0.0556,0.49614,0.98595,NS,Discordant (Cancer Up / TR Down),FALSE
SBDS,-0.3659,0.0455,0.426174,0.989791,NS,Discordant (Cancer Down / TR Up),FALSE
ITGA7,0.2388,-0.1715,0.620475,0.751913,NS,Discordant (Cancer Up / TR Down),FALSE
SDHA,-0.3706,-0.0395,0.268508,0.989713,NS,Concordant Down,FALSE
CUTC,-0.1091,-0.3009,0.94593,0.476456,NS,Concordant Down,TRUE
PKM,-0.1682,0.241,0.740405,0.383263,NS,Discordant (Cancer Down / TR Up),FALSE
ERAP1,-0.0911,-0.3173,0.965156,0.469054,NS,Concordant Down,TRUE
PDIA6,0.3001,0.1082,0.483587,0.916731,NS,Concordant Up,FALSE
IMPA1,-0.2904,-0.117,0.595108,0.920771,NS,Concordant Down,FALSE
DTD1,-0.1249,-0.2824,0.939986,0.628218,NS,Concordant Down,TRUE
CDC42,0.4053,0.0018,0.278792,0.999984,NS,Concordant Up,FALSE
APIP,0.1516,-0.2553,0.921309,0.746329,NS,Discordant (Cancer Up / TR Down),TRUE
PRKAB2,-0.3102,-0.0964,0.604923,0.958365,NS,Concordant Down,TRUE
SCAMP3,0.1517,-0.2534,0.922002,0.746622,NS,Discordant (Cancer Up / TR Down),TRUE
PLEC,0.0319,0.3726,0.996947,0.438017,NS,Concordant Up,FALSE
MB,-0.2883,0.1158,0.690266,0.941051,NS,Discordant (Cancer Down / TR Up),FALSE
RPS10,0.3024,-0.1017,0.560304,0.940595,NS,Discordant (Cancer Up / TR Down),FALSE
CALU,-0.1602,0.2429,0.77105,0.38732,NS,Discordant (Cancer Down / TR Up),FALSE
EEF1B2,-0.1864,0.2163,0.686172,0.487342,NS,Discordant (Cancer Down / TR Up),FALSE
FUBP1,-0.2814,-0.1208,0.486594,0.880659,NS,Concordant Down,TRUE
UBE2K,-0.3149,0.087,0.290668,0.926721,NS,Discordant (Cancer Down / TR Up),FALSE
PEBP1,0.1513,-0.2506,0.834847,0.451446,NS,Discordant (Cancer Up / TR Down),FALSE
HNRNPH3,0.3875,-0.0134,0.388311,0.999194,NS,Discordant (Cancer Up / TR Down),TRUE
UBE2L3,0.3663,-0.0345,0.435967,0.994373,NS,Discordant (Cancer Up / TR Down),FALSE
MOB4,-0.3245,-0.0762,0.502567,0.970644,NS,Concordant Down,TRUE
CCAR2,-0.356,0.0447,0.586642,0.993385,NS,Discordant (Cancer Down / TR Up),TRUE
UBE2H,-0.1526,0.2473,0.905691,0.712999,NS,Discordant (Cancer Down / TR Up),TRUE
RAB5C,0.3257,-0.0739,0.461671,0.967164,NS,Discordant (Cancer Up / TR Down),FALSE
ENOPH1,-0.224,-0.1753,0.671752,0.747879,NS,Concordant Down,TRUE
KRT2,-0.2817,0.1171,0.861263,0.972554,NS,Discordant (Cancer Down / TR Up),TRUE
APPL1,-0.2428,0.156,0.604233,0.800311,NS,Discordant (Cancer Down / TR Up),TRUE
HLA-DRB5,0.1805,0.2177,0.927439,0.888466,NS,Concordant Up,TRUE
DDX1,-0.2102,0.1873,0.72613,0.726748,NS,Discordant (Cancer Down / TR Up),FALSE
D2HGDH,-0.3671,-0.0294,0.61779,0.997812,NS,Concordant Down,TRUE
COPS3,-0.2402,-0.156,0.681819,0.833729,NS,Concordant Down,FALSE
KPNB1,0.2866,0.1092,0.368179,0.877844,NS,Concordant Up,FALSE
GNPDA2,0.3396,0.0556,0.580884,0.98655,NS,Concordant Up,TRUE
FUS,0.389,-0.006,0.197826,0.999765,NS,Discordant (Cancer Up / TR Down),FALSE
CMBL,-0.2579,-0.137,0.768466,0.921829,NS,Concordant Down,FALSE
LGALSL,-0.3048,-0.0895,0.656942,0.971416,NS,Concordant Down,TRUE
PPT1,0.1506,0.2437,0.894408,0.68808,NS,Concordant Up,TRUE
ILF3,-0.1424,0.2515,0.902985,0.616934,NS,Discordant (Cancer Down / TR Up),TRUE
ADH5,0.2894,-0.1043,0.573375,0.933768,NS,Discordant (Cancer Up / TR Down),FALSE
NPLOC4,-0.3266,0.0663,0.431746,0.972264,NS,Discordant (Cancer Down / TR Up),FALSE
STAT3,-0.3182,-0.0747,0.398622,0.961025,NS,Concordant Down,TRUE
RNH1,0.2958,-0.097,0.424619,0.922218,NS,Discordant (Cancer Up / TR Down),FALSE
ESD,0.1432,-0.2493,0.806839,0.334495,NS,Discordant (Cancer Up / TR Down),FALSE
SOD2,0.3718,0.0206,0.34584,0.997725,NS,Concordant Up,FALSE
SAE1,0.3569,0.0355,0.41392,0.99421,NS,Concordant Up,TRUE
SGCA,-0.0843,-0.3077,0.973236,0.530683,NS,Concordant Down,TRUE
ENSA,0.1438,-0.2481,0.92765,0.748885,NS,Discordant (Cancer Up / TR Down),TRUE
BAG3,-0.3066,0.085,0.593819,0.964043,NS,Discordant (Cancer Down / TR Up),TRUE
DMD,-0.3697,0.0217,0.50325,0.998158,NS,Discordant (Cancer Down / TR Up),TRUE
GOT1,-0.2903,0.101,0.641952,0.949387,NS,Discordant (Cancer Down / TR Up),FALSE
SEC24B,-0.2948,-0.0964,0.802167,0.980995,NS,Concordant Down,TRUE
RRAS2,0.3061,-0.085,0.720498,0.979722,NS,Discordant (Cancer Up / TR Down),TRUE
EPN1,0.1951,0.1957,0.779018,0.798377,NS,Concordant Up,TRUE
PREB,-0.1194,0.2711,0.943555,0.603893,NS,Discordant (Cancer Down / TR Up),TRUE
ALDH7A1,0.3057,0.0846,0.551904,0.959915,NS,Concordant Up,FALSE
ATP6V1E1,0.1843,0.206,0.865443,0.786581,NS,Concordant Up,FALSE
TIMM21,0.1061,-0.284,0.963713,0.688561,NS,Discordant (Cancer Up / TR Down),TRUE
SCP2,0.1624,-0.2275,0.838798,0.600645,NS,Discordant (Cancer Up / TR Down),FALSE
MTHFD1,0.1175,-0.2722,0.88224,0.287612,NS,Discordant (Cancer Up / TR Down),FALSE
CUL3,-0.3054,-0.0841,0.379297,0.945176,NS,Concordant Down,TRUE
SET,0.0791,0.3086,0.969748,0.405946,NS,Concordant Up,FALSE
RAB9A,0.1069,0.2807,0.96803,0.778329,NS,Concordant Up,TRUE
CPNE3,0.1936,-0.1939,0.720314,0.647805,NS,Discordant (Cancer Up / TR Down),FALSE
NCK1,-0.3848,-0.0026,0.696962,0.999988,NS,Concordant Down,TRUE
ALDH9A1,0.0907,-0.2966,0.944777,0.298989,NS,Discordant (Cancer Up / TR Down),FALSE
SSBP1,-0.3076,0.0797,0.588663,0.968274,NS,Discordant (Cancer Down / TR Up),FALSE
CNBP,-0.3852,-0.0019,0.535274,0.999988,NS,Concordant Down,TRUE
UTRN,0.1451,-0.2418,0.92157,0.720563,NS,Discordant (Cancer Up / TR Down),TRUE
EIF3A,-0.3735,-0.0132,0.16704,0.998691,NS,Concordant Down,FALSE
DPP3,0.1887,-0.1976,0.75076,0.656255,NS,Discordant (Cancer Up / TR Down),FALSE
NUDC,-0.1705,-0.21560000000000001,0.840947,0.687291,NS,Concordant Down,TRUE
STRN3,-0.3815,0.0045,0.483439,0.99994,NS,Discordant (Cancer Down / TR Up),TRUE
ATP5MF,-0.3346,0.0513,0.405836,0.983786,NS,Discordant (Cancer Down / TR Up),FALSE
GAPDH,0.2996,0.0861,0.277165,0.918191,NS,Concordant Up,FALSE
TOLLIP,-0.3605,0.0247,0.383502,0.996777,NS,Discordant (Cancer Down / TR Up),FALSE
GPD2,-0.3252,-0.0597,0.47312,0.979599,NS,Concordant Down,FALSE
RPS6KA3,-0.2914,-0.0929,0.516958,0.941379,NS,Concordant Down,TRUE
PPP1R14B,0.0746,0.3095,0.986081,0.681423,NS,Concordant Up,TRUE
GRB2,-0.2665,-0.1164,0.563819,0.898487,NS,Concordant Down,TRUE
GLRX,-0.3394,0.0434,0.584127,0.992765,NS,Discordant (Cancer Down / TR Up),TRUE
GLO1,-0.0902,-0.2925,0.94602,0.316178,NS,Concordant Down,FALSE
EZR,0.3379,0.0447,0.467542,0.989831,NS,Concordant Up,TRUE
VBP1,-0.1463,-0.2351,0.848999,0.580131,NS,Concordant Down,TRUE
DHCR24,-0.1594,-0.2212,0.9046,0.794256,NS,Concordant Down,TRUE
ACADM,-0.3373,0.0423,0.504638,0.991383,NS,Discordant (Cancer Down / TR Up),FALSE
HLA-C,0.2963,0.083,0.66851,0.970765,NS,Concordant Up,TRUE
GSTZ1,-0.3173,0.0612,0.655694,0.985813,NS,Discordant (Cancer Down / TR Up),TRUE
DNAJA3,0.3612,0.0167,0.653257,0.99927,NS,Concordant Up,TRUE
PSMA7,0.2129,-0.1648,0.657523,0.741306,NS,Discordant (Cancer Up / TR Down),FALSE
PAK1,-0.2125,-0.1644,0.828726,0.890703,NS,Concordant Down,TRUE
TBCE,0.2654,0.1113,0.864476,0.976924,NS,Concordant Up,TRUE
CARM1,-0.3184,0.0577,0.399497,0.980094,NS,Discordant (Cancer Down / TR Up),TRUE
NUBP1,-0.3405,0.0347,0.573306,0.995665,NS,Discordant (Cancer Down / TR Up),TRUE
ADSS1,-0.2072,-0.1678,0.81562,0.850704,NS,Concordant Down,TRUE
ARMT1,-0.1864,-0.1881,0.844992,0.801553,NS,Concordant Down,TRUE
OPA3,-0.092,0.2823,0.980057,0.788562,NS,Discordant (Cancer Down / TR Up),TRUE
ATPAF1,-0.2075,0.1665,0.856312,0.898086,NS,Discordant (Cancer Down / TR Up),TRUE
MRPS22,0.2917,-0.0823,0.632376,0.97178,NS,Discordant (Cancer Up / TR Down),TRUE
PCCB,-0.3515,0.0214,0.402645,0.99757,NS,Discordant (Cancer Down / TR Up),FALSE
GGCT,-0.2207,-0.1521,0.72274,0.837414,NS,Concordant Down,FALSE
VDAC1,-0.3609,0.0115,0.357102,0.999285,NS,Discordant (Cancer Down / TR Up),FALSE
AGO2,0.3453,-0.0268,0.481835,0.996718,NS,Discordant (Cancer Up / TR Down),TRUE
PSMC1,0.2416,-0.1304,0.667585,0.882415,NS,Discordant (Cancer Up / TR Down),FALSE
SIAE,0.3276,0.0444,0.712912,0.995495,NS,Concordant Up,TRUE
HIKESHI,-0.3238,-0.048,0.518005,0.988639,NS,Concordant Down,TRUE
LAMTOR5,0.1626,0.2091,0.919112,0.857409,NS,Concordant Up,TRUE
ATAD3A,-0.2056,-0.1658,0.824882,0.875113,NS,Concordant Down,TRUE
FN3KRP,-0.2033,0.168,0.812316,0.844269,NS,Discordant (Cancer Down / TR Up),TRUE
RPSA,0.2294,-0.1419,0.576392,0.794814,NS,Discordant (Cancer Up / TR Down),FALSE
UBA1,0.2857,-0.0854,0.418691,0.935729,NS,Discordant (Cancer Up / TR Down),FALSE
RBBP7,-0.0649,-0.3054,0.980965,0.491032,NS,Concordant Down,TRUE
ABCE1,-0.1181,0.2507,0.902214,0.448714,NS,Discordant (Cancer Down / TR Up),FALSE
EIF4A1,0.2208,-0.1479,0.641078,0.798408,NS,Discordant (Cancer Up / TR Down),FALSE
NT5C,0.257,-0.1117,0.734335,0.941482,NS,Discordant (Cancer Up / TR Down),TRUE
IDI1,0.0718,-0.2967,0.984784,0.661827,NS,Discordant (Cancer Up / TR Down),TRUE
PKIA,0.1379,-0.2304,0.881409,0.589718,NS,Discordant (Cancer Up / TR Down),TRUE
ACADS,-0.3268,-0.0412,0.606598,0.993216,NS,Concordant Down,FALSE
HSPA9,-0.2752,0.0923,0.438858,0.921716,NS,Discordant (Cancer Down / TR Up),FALSE
INPP1,-0.0707,0.2961,0.976826,0.480418,NS,Discordant (Cancer Down / TR Up),TRUE
ANXA7,0.1636,-0.2029,0.701713,0.449668,NS,Discordant (Cancer Up / TR Down),FALSE
COX6A2,0.24,0.1265,0.913129,0.969844,NS,Concordant Up,TRUE
SLC27A1,-0.1935,-0.173,0.797859,0.819226,NS,Concordant Down,TRUE
THNSL1,0.0493,0.3168,0.993937,0.730594,NS,Concordant Up,TRUE
VDAC2,-0.1852,0.1807,0.750707,0.700951,NS,Discordant (Cancer Down / TR Up),FALSE
SLC44A2,-0.2415,0.1244,0.756102,0.925741,NS,Discordant (Cancer Down / TR Up),TRUE
MYH4,-0.1389,0.2265,0.971815,0.908068,NS,Discordant (Cancer Down / TR Up),TRUE
UBAC1,-0.2798,0.0855,0.571973,0.953608,NS,Discordant (Cancer Down / TR Up),FALSE
PRDX3,-0.2527,0.1125,0.491929,0.873312,NS,Discordant (Cancer Down / TR Up),FALSE
RPS8,-0.3564,-0.0083,0.229861,0.999522,NS,Concordant Down,FALSE
MLYCD,-0.2822,0.0824,0.684136,0.972544,NS,Discordant (Cancer Down / TR Up),TRUE
LAMP2,0.2329,-0.1308,0.668044,0.872411,NS,Discordant (Cancer Up / TR Down),FALSE
CS,-0.2272,0.1364,0.690327,0.863615,NS,Discordant (Cancer Down / TR Up),FALSE
MYBPC1,0.1441,0.2191,0.945255,0.836252,NS,Concordant Up,TRUE
EIF5B,-0.1461,-0.2166,0.837221,0.589494,NS,Concordant Down,TRUE
LETM1,-0.3001,-0.062,0.451128,0.97294,NS,Concordant Down,TRUE
PDCD6,0.1799,-0.1818,0.791981,0.740206,NS,Discordant (Cancer Up / TR Down),TRUE
TSPO,0.0484,0.3132,0.991891,0.526563,NS,Concordant Up,FALSE
TOMM22,-0.1885,0.1726,0.86652,0.885032,NS,Discordant (Cancer Down / TR Up),TRUE
PFN1,0.3393,-0.0212,0.421791,0.997563,NS,Discordant (Cancer Up / TR Down),FALSE
RPS28,0.2856,0.0744,0.5649,0.966361,NS,Concordant Up,TRUE
UBE2V2,0.1263,-0.2335,0.883875,0.498555,NS,Discordant (Cancer Up / TR Down),FALSE
LIMCH1,-0.1802,0.1794,0.850284,0.876678,NS,Discordant (Cancer Down / TR Up),TRUE
UQCR10,-0.325,-0.0333,0.582991,0.995336,NS,Concordant Down,TRUE
EIF1AX,-0.1932,-0.1647,0.780665,0.801356,NS,Concordant Down,TRUE
PPA1,0.3213,-0.0363,0.310766,0.989699,NS,Discordant (Cancer Up / TR Down),FALSE
FABP3,-0.2463,0.1112,0.810385,0.954864,NS,Discordant (Cancer Down / TR Up),FALSE
RAD23A,0.2398,-0.1176,0.610545,0.886133,NS,Discordant (Cancer Up / TR Down),FALSE
ATXN10,-0.1943,-0.1631,0.80194,0.84226,NS,Concordant Down,TRUE
ATP5F1E,-0.2636,0.0936,0.821581,0.973722,NS,Discordant (Cancer Down / TR Up),TRUE
PLCL1,0.1467,-0.21,0.937199,0.862206,NS,Discordant (Cancer Up / TR Down),TRUE
CYTH1,-0.1258,-0.2293,0.920088,0.688386,NS,Concordant Down,TRUE
RPS6,-0.1716,0.1832,0.809118,0.733112,NS,Discordant (Cancer Down / TR Up),TRUE
PLEKHF1,-0.1486,-0.2061,0.892365,0.745781,NS,Concordant Down,TRUE
NTMT1,-0.2821,-0.0726,0.696468,0.979552,NS,Concordant Down,TRUE
HNRNPH2,0.2759,0.0783,0.640669,0.967518,NS,Concordant Up,TRUE
SUB1,0.2492,0.1044,0.563219,0.907491,NS,Concordant Up,FALSE
PPCDC,0.2305,-0.1221,0.760395,0.922799,NS,Discordant (Cancer Up / TR Down),TRUE
PDLIM1,0.2675,0.0847,0.585765,0.951939,NS,Concordant Up,FALSE
SMTN,-0.3143,0.0369,0.501347,0.993169,NS,Discordant (Cancer Down / TR Up),TRUE
ATP2A1,-0.3369,0.0139,0.628365,0.999345,NS,Discordant (Cancer Down / TR Up),TRUE
SRP14,-0.1452,0.2055,0.923209,0.803375,NS,Discordant (Cancer Down / TR Up),TRUE
SFPQ,0.3423,0.0076,0.426974,0.999716,NS,Concordant Up,TRUE
PACSIN3,-0.324,0.0257,0.443735,0.996257,NS,Discordant (Cancer Down / TR Up),TRUE
MIF,0.3209,0.0287,0.570486,0.996351,NS,Concordant Up,FALSE
FAM98A,-0.2435,-0.1056,0.815933,0.965066,NS,Concordant Down,TRUE
YKT6,-0.1795,-0.1687,0.888156,0.891904,NS,Concordant Down,TRUE
NHLRC2,-0.2315,-0.1166,0.614742,0.881951,NS,Concordant Down,TRUE
PEX19,0.19,0.1581,0.870344,0.919208,NS,Concordant Up,TRUE
EEA1,-0.1571,0.1906,0.871931,0.765507,NS,Discordant (Cancer Down / TR Up),TRUE
KIF5B,-0.278,0.0694,0.339161,0.948348,NS,Discordant (Cancer Down / TR Up),FALSE
HSPBP1,-0.3263,-0.0209,0.411661,0.998009,NS,Concordant Down,TRUE
GLRX3,0.3325,-0.0143,0.402907,0.998825,NS,Discordant (Cancer Up / TR Down),TRUE
DHODH,-0.2241,0.1226,0.906186,0.971418,NS,Discordant (Cancer Down / TR Up),TRUE
TMED2,0.2002,-0.146,0.781345,0.857034,NS,Discordant (Cancer Up / TR Down),TRUE
TRIM25,0.3008,0.0449,0.633385,0.989682,NS,Concordant Up,TRUE
ATP5F1A,-0.2428,0.1025,0.659045,0.928657,NS,Discordant (Cancer Down / TR Up),FALSE
SLC25A5,-0.2461,0.0983,0.710562,0.94656,NS,Discordant (Cancer Down / TR Up),FALSE
PCCA,-0.3133,0.0306,0.584972,0.996003,NS,Discordant (Cancer Down / TR Up),TRUE
UQCRC1,-0.1775,0.1656,0.830875,0.814915,NS,Discordant (Cancer Down / TR Up),FALSE
CAPN3,0.1987,0.1441,0.776736,0.859391,NS,Concordant Up,TRUE
FKBP5,0.1449,0.1979,0.927103,0.886753,NS,Concordant Up,TRUE
COASY,0.2132,-0.1293,0.762526,0.894878,NS,Discordant (Cancer Up / TR Down),FALSE
RPS27A,0.2161,-0.1257,0.821366,0.927875,NS,Discordant (Cancer Up / TR Down),FALSE
UCHL1,0.3268,0.014,0.705131,0.999436,NS,Concordant Up,FALSE
ACAT1,-0.3316,0.0088,0.285846,0.999453,NS,Discordant (Cancer Down / TR Up),FALSE
TXNRD1,-0.2711,-0.0691,0.483164,0.961157,NS,Concordant Down,FALSE
EEF2K,0.3189,0.021,0.598502,0.998724,NS,Concordant Up,TRUE
BTF3L4,-0.3193,0.0203,0.239763,0.996395,NS,Discordant (Cancer Down / TR Up),FALSE
MINDY3,0.1022,-0.2373,0.985397,0.812163,NS,Discordant (Cancer Up / TR Down),TRUE
EIF4EBP1,-0.0521,-0.2868,0.988651,0.566808,NS,Concordant Down,TRUE
TPD52L1,0.3176,-0.0212,0.662577,0.998486,NS,Discordant (Cancer Up / TR Down),TRUE
UBE2I,0.2925,-0.0458,0.63092,0.990262,NS,Discordant (Cancer Up / TR Down),FALSE
MIEN1,0.2339,-0.1042,0.692031,0.931823,NS,Discordant (Cancer Up / TR Down),TRUE
PREP,-0.3132,-0.024,0.541851,0.997196,NS,Concordant Down,FALSE
H3-3A,0.0587,-0.2784,0.995243,0.855925,NS,Discordant (Cancer Up / TR Down),FALSE
GPHN,-0.2462,-0.0908,0.637361,0.953017,NS,Concordant Down,TRUE
C12orf57,-0.2348,-0.101,0.755388,0.956646,NS,Concordant Down,TRUE
TMPO,0.1881,-0.1476,0.856517,0.895159,NS,Discordant (Cancer Up / TR Down),TRUE
STAT1,0.2151,0.1198,0.846189,0.95365,NS,Concordant Up,TRUE
JUP,-0.0367,0.2979,0.995464,0.593596,NS,Discordant (Cancer Down / TR Up),TRUE
ACOT2,-0.1837,-0.1508,0.738473,0.77939,NS,Concordant Down,FALSE
RTCB,-0.1498,0.1844,0.797078,0.611067,NS,Discordant (Cancer Down / TR Up),FALSE
ARF6,0.1741,0.1601,0.862267,0.860028,NS,Concordant Up,TRUE
FDPS,0.2223,-0.1118,0.548509,0.858283,NS,Discordant (Cancer Up / TR Down),FALSE
DGLUCY,-0.1184,-0.215,0.961361,0.835254,NS,Concordant Down,TRUE
MSI2,-0.1688,-0.1637,0.820769,0.801342,NS,Concordant Down,TRUE
RPL9,-0.2654,0.0668,0.599764,0.972916,NS,Discordant (Cancer Down / TR Up),TRUE
MPI,-0.2627,-0.0695,0.603377,0.969007,NS,Concordant Down,TRUE
LNPK,-0.213,0.1191,0.736689,0.901543,NS,Discordant (Cancer Down / TR Up),FALSE
PPP1R3A,-0.0544,-0.2776,0.991011,0.695375,NS,Concordant Down,TRUE
SMYD1,-0.3262,0.0055,0.617031,0.999888,NS,Discordant (Cancer Down / TR Up),TRUE
MRPL21,-0.3292,0.0021,0.685236,0.999989,NS,Discordant (Cancer Down / TR Up),TRUE
SZRD1,-0.2329,-0.0981,0.833222,0.977873,NS,Concordant Down,TRUE
NDUFA7,-0.2876,0.0425,0.797307,0.995201,NS,Discordant (Cancer Down / TR Up),TRUE
PCBP2,-0.1676,0.1623,0.858878,0.833247,NS,Discordant (Cancer Down / TR Up),FALSE
DHRS11,0.3184,0.0112,0.525537,0.999606,NS,Concordant Up,TRUE
COQ10B,-0.158,0.1714,0.944135,0.9178,NS,Discordant (Cancer Down / TR Up),TRUE
TUFM,-0.2433,0.086,0.582603,0.939275,NS,Discordant (Cancer Down / TR Up),FALSE
ARAF,-0.2355,0.0938,0.735385,0.96261,NS,Discordant (Cancer Down / TR Up),TRUE
COPG1,0.1623,0.1669,0.885095,0.846357,NS,Concordant Up,FALSE
NLN,-0.0486,0.2804,0.991415,0.607271,NS,Discordant (Cancer Down / TR Up),TRUE
PGM2L1,0.2949,-0.034,0.579943,0.994104,NS,Discordant (Cancer Up / TR Down),FALSE
PSMC4,-0.2561,0.0727,0.565945,0.960249,NS,Discordant (Cancer Down / TR Up),FALSE
RDH14,-0.2738,-0.055,0.679152,0.986225,NS,Concordant Down,TRUE
SRSF6,0.28,0.047,0.632731,0.988518,NS,Concordant Up,TRUE
ILF2,-0.1286,0.1983,0.928523,0.793458,NS,Discordant (Cancer Down / TR Up),TRUE
TMCO1,0.2654,0.0608,0.778424,0.991659,NS,Concordant Up,TRUE
UCHL3,-0.226,0.0996,0.713219,0.935221,NS,Discordant (Cancer Down / TR Up),FALSE
PSMD6,-0.2277,0.0972,0.605716,0.914827,NS,Discordant (Cancer Down / TR Up),FALSE
PAK2,-0.1523,0.1723,0.808013,0.686906,NS,Discordant (Cancer Down / TR Up),FALSE
COPB1,0.1785,0.1456,0.903348,0.920905,NS,Concordant Up,FALSE
RPS25,0.2038,-0.1202,0.751203,0.896167,NS,Discordant (Cancer Up / TR Down),FALSE
CHMP4B,-0.151,0.1725,0.868155,0.779028,NS,Discordant (Cancer Down / TR Up),FALSE
DDX6,-0.198,0.1247,0.70291,0.914944,NS,Discordant (Cancer Down / TR Up),TRUE
ATPAF2,-0.3123,-0.0103,0.62278,0.999616,NS,Concordant Down,TRUE
LRRC57,-0.1774,-0.1442,0.927196,0.953975,NS,Concordant Down,TRUE
MRPS21,0.2203,-0.1006,0.89425,0.978004,NS,Discordant (Cancer Up / TR Down),TRUE
SNTB2,-0.1125,0.208,0.93437,0.698962,NS,Discordant (Cancer Down / TR Up),FALSE
PCBP1,-0.2877,0.0324,0.411538,0.991922,NS,Discordant (Cancer Down / TR Up),FALSE
ACP1,0.1358,-0.1843,0.863951,0.675478,NS,Discordant (Cancer Up / TR Down),FALSE
HSPG2,0.283,-0.0371,0.79922,0.996273,NS,Discordant (Cancer Up / TR Down),FALSE
RAD23B,0.1464,-0.1736,0.811609,0.66193,NS,Discordant (Cancer Up / TR Down),FALSE
PDK2,0.1575,-0.1623,0.945424,0.934274,NS,Discordant (Cancer Up / TR Down),TRUE
HDGFL2,-0.1193,0.2001,0.931494,0.743751,NS,Discordant (Cancer Down / TR Up),TRUE
RNF123,-0.2981,0.021,0.521334,0.99754,NS,Discordant (Cancer Down / TR Up),FALSE
SQOR,0.1781,-0.1407,0.860861,0.893684,NS,Discordant (Cancer Up / TR Down),TRUE
ARL2,-0.2034,0.1151,0.802018,0.937373,NS,Discordant (Cancer Down / TR Up),TRUE
LTA4H,0.1816,-0.1367,0.635957,0.739955,NS,Discordant (Cancer Up / TR Down),FALSE
CPNE1,0.1631,0.1552,0.851525,0.830077,NS,Concordant Up,TRUE
DYNC1I2,0.1276,0.1906,0.857747,0.591141,NS,Concordant Up,FALSE
SLIRP,-0.2292,0.0883,0.752777,0.958559,NS,Discordant (Cancer Down / TR Up),TRUE
API5,0.1759,0.1416,0.788873,0.854103,NS,Concordant Up,TRUE
GSTP1,0.1021,-0.2145,0.932597,0.600343,NS,Discordant (Cancer Up / TR Down),FALSE
NTPCR,-0.1912,0.1254,0.875281,0.937367,NS,Discordant (Cancer Down / TR Up),TRUE
CLIC6,-0.0188,-0.2975,0.999201,0.711655,NS,Concordant Down,TRUE
RTN4,-0.1529,-0.1632,0.848876,0.780255,NS,Concordant Down,FALSE
GART,-0.1624,-0.1537,0.835749,0.815283,NS,Concordant Down,TRUE
TMEM143,-0.2976,0.0185,0.70818,0.998852,NS,Discordant (Cancer Down / TR Up),TRUE
ARMC1,-0.2313,-0.0848,0.730791,0.963808,NS,Concordant Down,TRUE
UAP1,0.2176,-0.0976,0.799392,0.948202,NS,Discordant (Cancer Up / TR Down),TRUE
RAB10,0.1941,-0.1209,0.724873,0.870708,NS,Discordant (Cancer Up / TR Down),FALSE
RPL17,0.2531,0.0611,0.735047,0.984359,NS,Concordant Up,TRUE
RPS26,-0.1938,-0.12,0.755306,0.887458,NS,Concordant Down,TRUE
KPNA6,-0.1848,-0.129,0.757168,0.856562,NS,Concordant Down,TRUE
P4HB,0.2733,-0.0402,0.529766,0.989188,NS,Discordant (Cancer Up / TR Down),FALSE
COQ10A,-0.1821,0.131,0.910765,0.945392,NS,Discordant (Cancer Down / TR Up),TRUE
NDUFAB1,0.1021,0.2104,0.951721,0.721186,NS,Concordant Up,FALSE
TFG,0.2105,0.1013,0.814294,0.950003,NS,Concordant Up,FALSE
MAPKAPK3,0.0979,-0.2136,0.973527,0.870137,NS,Discordant (Cancer Up / TR Down),TRUE
GALK1,-0.2569,-0.0532,0.69015,0.986717,NS,Concordant Down,TRUE
DNAAF5,-0.3076,0.0017,0.571758,0.99999,NS,Discordant (Cancer Down / TR Up),TRUE
PFN2,-0.184,-0.1248,0.834497,0.908312,NS,Concordant Down,TRUE
PPM1A,-0.298,-0.0102,0.479912,0.999385,NS,Concordant Down,FALSE
RAP1A,0.298,0.0102,0.764852,0.999745,NS,Concordant Up,TRUE
DDX3X,0.1553,0.1526,0.82763,0.780885,NS,Concordant Up,TRUE
RPLP0,0.0967,0.2105,0.927984,0.54543,NS,Concordant Up,FALSE
MAPRE1,0.2991,-0.0081,0.351738,0.999506,NS,Discordant (Cancer Up / TR Down),FALSE
PUDP,0.2686,-0.0379,0.763474,0.995087,NS,Discordant (Cancer Up / TR Down),TRUE
ENO2,0.1718,-0.1336,0.872771,0.905719,NS,Discordant (Cancer Up / TR Down),FALSE
NIPSNAP3B,-0.1495,-0.1556,0.951502,0.936435,NS,Concordant Down,TRUE
GNA11,0.2686,0.0362,0.58891,0.992445,NS,Concordant Up,TRUE
SMYD2,-0.0909,-0.2135,0.967943,0.842284,NS,Concordant Down,TRUE
AHCYL2,-0.1051,-0.1991,0.951222,0.786042,NS,Concordant Down,TRUE
PPP2CA,-0.2736,0.0305,0.419545,0.992279,NS,Discordant (Cancer Down / TR Up),FALSE
ERP44,0.2408,0.0626,0.618076,0.971676,NS,Concordant Up,FALSE
HNRNPDL,0.1512,-0.152,0.863737,0.825382,NS,Discordant (Cancer Up / TR Down),FALSE
EIF2B3,-0.2265,0.0766,0.759082,0.972733,NS,Discordant (Cancer Down / TR Up),TRUE
C8orf82,0.1475,-0.1551,0.934403,0.935783,NS,Discordant (Cancer Up / TR Down),TRUE
COX6C,-0.051,0.2511,0.990392,0.663348,NS,Discordant (Cancer Down / TR Up),FALSE
NUDT2,0.0186,0.2828,0.998849,0.727898,NS,Concordant Up,TRUE
DEPTOR,-0.1806,-0.1207,0.838905,0.915773,NS,Concordant Down,TRUE
PGPEP1,-0.2448,-0.0558,0.80012,0.990792,NS,Concordant Down,TRUE
DHX9,0.1058,0.1943,0.956723,0.802895,NS,Concordant Up,TRUE
RBM38,-0.1357,-0.1644,0.927624,0.90998,NS,Concordant Down,TRUE
RBM8A,0.1617,0.1383,0.894142,0.917069,NS,Concordant Up,TRUE
PSMD1,-0.2827,0.0165,0.43566,0.998048,NS,Discordant (Cancer Down / TR Up),FALSE
NDRG2,-0.1361,0.1625,0.92501,0.862397,NS,Discordant (Cancer Down / TR Up),FALSE
LYRM7,0.1263,-0.1716,0.944122,0.872232,NS,Discordant (Cancer Up / TR Down),TRUE
XRCC6,0.245,0.0524,0.565775,0.978505,NS,Concordant Up,FALSE
DAD1,-0.0766,0.22,0.971608,0.696008,NS,Discordant (Cancer Down / TR Up),TRUE
SNX3,0.1895,0.107,0.732068,0.89837,NS,Concordant Up,FALSE
PCBD2,-0.0691,-0.2271,0.976502,0.641053,NS,Concordant Down,TRUE
LAMTOR3,0.2534,0.0428,0.701418,0.992178,NS,Concordant Up,TRUE
CPPED1,0.1143,-0.1816,0.946364,0.82375,NS,Discordant (Cancer Up / TR Down),TRUE
PPP3R1,0.1771,-0.1186,0.765518,0.872948,NS,Discordant (Cancer Up / TR Down),TRUE
TRAPPC3,0.0809,0.2141,0.954941,0.583208,NS,Concordant Up,TRUE
ACAD9,-0.167,0.127,0.890229,0.925469,NS,Discordant (Cancer Down / TR Up),TRUE
G3BP1,0.2572,0.0367,0.659664,0.993015,NS,Concordant Up,TRUE
XRCC5,0.0189,0.2748,0.998081,0.401065,NS,Concordant Up,FALSE
KRT8,-0.0655,0.2279,0.993971,0.923335,NS,Discordant (Cancer Down / TR Up),TRUE
CDC37,-0.2176,0.0757,0.726009,0.962943,NS,Discordant (Cancer Down / TR Up),FALSE
OXSR1,0.072,-0.2211,0.95994,0.482355,NS,Discordant (Cancer Up / TR Down),FALSE
RPS12,-0.2177,0.0751,0.615863,0.948191,NS,Discordant (Cancer Down / TR Up),FALSE
SH3GLB1,-0.2018,0.091,0.763092,0.944609,NS,Discordant (Cancer Down / TR Up),FALSE
MOB2,-0.2519,-0.0407,0.724403,0.993011,NS,Concordant Down,TRUE
TMEM109,-0.2795,-0.0111,0.50457,0.999226,NS,Concordant Down,FALSE
NUBPL,-0.0697,-0.2205,0.985201,0.82208,NS,Concordant Down,TRUE
PCMT1,0.1489,-0.1411,0.821379,0.797373,NS,Discordant (Cancer Up / TR Down),FALSE
MGST3,-0.2284,-0.0614,0.707259,0.977002,NS,Concordant Down,FALSE
ATP2B1,-0.0724,-0.2169,0.973528,0.69095,NS,Concordant Down,TRUE
HIBCH,-0.0042,0.2849,0.999937,0.550332,NS,Discordant (Cancer Down / TR Up),FALSE
PSMD13,-0.1657,-0.1232,0.801641,0.865516,NS,Concordant Down,FALSE
PSMD12,-0.2591,-0.0297,0.463929,0.992676,NS,Concordant Down,FALSE
H2BC4,0.2557,-0.0327,0.882362,0.997878,NS,Discordant (Cancer Up / TR Down),FALSE
HIBADH,-0.2514,-0.0364,0.612133,0.991567,NS,Concordant Down,FALSE
COX6B1,-0.1776,0.1096,0.871354,0.941666,NS,Discordant (Cancer Down / TR Up),FALSE
SERPINB1,0.0183,0.2688,0.998156,0.40911,NS,Concordant Up,FALSE
ASPH,0.2412,-0.0458,0.713548,0.989057,NS,Discordant (Cancer Up / TR Down),FALSE
RPL15,0.0262,0.2606,0.996756,0.51952,NS,Concordant Up,FALSE
CYCS,0.2772,-0.0093,0.628109,0.999589,NS,Discordant (Cancer Up / TR Down),FALSE
RAB6A,0.1821,0.104,0.810297,0.927007,NS,Concordant Up,FALSE
PPP2CB,0.2184,0.0667,0.681213,0.971001,NS,Concordant Up,TRUE
PITRM1,-0.1631,-0.1206,0.865549,0.910582,NS,Concordant Down,FALSE
TSC22D1,0.2338,-0.0498,0.774468,0.989421,NS,Discordant (Cancer Up / TR Down),TRUE
DYNLRB1,0.1835,0.0992,0.685346,0.899173,NS,Concordant Up,TRUE
CKM,-0.0343,0.2481,0.995333,0.637386,NS,Discordant (Cancer Down / TR Up),FALSE
KRT10,-0.1634,-0.1187,0.961582,0.97539,NS,Concordant Down,FALSE
SRP54,-0.0916,0.1905,0.960968,0.801188,NS,Discordant (Cancer Down / TR Up),TRUE
MAGT1,0.2034,-0.0786,0.868889,0.982472,NS,Discordant (Cancer Up / TR Down),TRUE
UQCRH,0.0629,0.2184,0.986458,0.768705,NS,Concordant Up,FALSE
PSMA3,0.0453,-0.2355,0.985297,0.433201,NS,Discordant (Cancer Up / TR Down),FALSE
CAMK2A,-0.2166,0.0641,0.809309,0.982081,NS,Discordant (Cancer Down / TR Up),TRUE
CCDC43,0.2798,5e-4,0.760024,0.999999,NS,Concordant Up,TRUE
PAFAH1B1,-0.221,-0.0592,0.644316,0.972372,NS,Concordant Down,FALSE
CZIB,0.1969,-0.083,0.735199,0.946473,NS,Discordant (Cancer Up / TR Down),FALSE
OSBPL1A,-0.0111,0.2686,0.99963,0.68516,NS,Discordant (Cancer Down / TR Up),TRUE
HSPB6,-0.21,0.0692,0.732645,0.967937,NS,Discordant (Cancer Down / TR Up),FALSE
HSPA5,0.1501,0.1285,0.835082,0.849302,NS,Concordant Up,FALSE
TWF2,-0.1884,0.0899,0.79363,0.945971,NS,Discordant (Cancer Down / TR Up),FALSE
PPP1CB,-0.116,0.1622,0.905197,0.754805,NS,Discordant (Cancer Down / TR Up),FALSE
AP1M1,0.0072,0.271,0.999787,0.607745,NS,Concordant Up,TRUE
RAB2A,-0.0818,-0.196,0.935884,0.502562,NS,Concordant Down,FALSE
STRAP,-0.2415,0.0352,0.566632,0.990516,NS,Discordant (Cancer Down / TR Up),FALSE
MMAB,-0.0881,0.1886,0.975426,0.867541,NS,Discordant (Cancer Down / TR Up),TRUE
WDR1,0.0964,-0.1801,0.914495,0.598568,NS,Discordant (Cancer Up / TR Down),FALSE
FAM185A,-0.2709,-0.0042,0.771074,0.999958,NS,Concordant Down,TRUE
CHMP6,-0.1776,-0.0973,0.749828,0.914981,NS,Concordant Down,TRUE
MAT2B,-0.204,-0.0701,0.732119,0.966176,NS,Concordant Down,TRUE
MT-ND2,-0.0688,-0.2047,0.983411,0.804384,NS,Concordant Down,TRUE
UBFD1,0.1416,0.1319,0.93802,0.934718,NS,Concordant Up,TRUE
HSPD1,-0.0961,0.1773,0.938249,0.712675,NS,Discordant (Cancer Down / TR Up),FALSE
BUB3,0.2499,0.0233,0.669856,0.997165,NS,Concordant Up,TRUE
ESYT2,0.1246,0.1478,0.918894,0.861567,NS,Concordant Up,TRUE
LCMT1,-0.1594,-0.113,0.883505,0.931974,NS,Concordant Down,TRUE
SCRN3,-0.2349,0.0371,0.808475,0.99513,NS,Discordant (Cancer Down / TR Up),TRUE
CCT2,0.2639,-0.0079,0.481393,0.999553,NS,Discordant (Cancer Up / TR Down),FALSE
FDX1,0.1503,-0.1207,0.937488,0.962336,NS,Discordant (Cancer Up / TR Down),TRUE
MAT2A,-0.2408,0.0301,0.61564700000000006,0.993937,NS,Discordant (Cancer Down / TR Up),FALSE
RPL13,0.0168,0.2536,0.999056,0.67579,NS,Concordant Up,FALSE
TATDN1,0.0301,-0.2401,0.996277,0.656634,NS,Discordant (Cancer Up / TR Down),TRUE
TSG101,-0.1697,-0.1004,0.830555,0.934063,NS,Concordant Down,TRUE
ACSS1,-0.1791,-0.0907,0.851242,0.959947,NS,Concordant Down,TRUE
SND1,0.2405,-0.0293,0.659306,0.995219,NS,Discordant (Cancer Up / TR Down),TRUE
ACSS2,-0.0621,-0.2067,0.978472,0.655452,NS,Concordant Down,FALSE
DCTPP1,-0.0506,-0.2181,0.993778,0.837227,NS,Concordant Down,TRUE
FLNB,-0.1986,0.0699,0.827344,0.976171,NS,Discordant (Cancer Down / TR Up),FALSE
PHYKPL,0.1801,-0.0883,0.811236,0.951483,NS,Discordant (Cancer Up / TR Down),TRUE
COPS6,-0.1209,-0.1471,0.90374,0.814892,NS,Concordant Down,TRUE
NUDCD2,0.2039,0.0639,0.820367,0.980533,NS,Concordant Up,FALSE
DCTN4,-0.2399,0.0279,0.656466,0.995562,NS,Discordant (Cancer Down / TR Up),TRUE
RDX,-0.2017,0.0658,0.752827,0.971179,NS,Discordant (Cancer Down / TR Up),FALSE
HP1BP3,-0.0605,-0.2063,0.988011,0.81702,NS,Concordant Down,TRUE
HSD17B12,0.1921,-0.0743,0.806564,0.967641,NS,Discordant (Cancer Up / TR Down),FALSE
ALDOA,0.2105,0.0558,0.507986,0.961629,NS,Concordant Up,FALSE
ASS1,-0.0071,-0.2591,0.999868,0.740078,NS,Concordant Down,FALSE
SKP1,0.25,-0.016,0.673842,0.998683,NS,Discordant (Cancer Up / TR Down),FALSE
EIF4H,-0.1556,0.1102,0.805736,0.881736,NS,Discordant (Cancer Down / TR Up),FALSE
TXNL1,0.1487,-0.1166,0.812549,0.857932,NS,Discordant (Cancer Up / TR Down),FALSE
PABPC1,-0.1267,0.1383,0.841722,0.757328,NS,Discordant (Cancer Down / TR Up),FALSE
HNRNPA0,-0.1344,0.1303,0.961281,0.938555,NS,Discordant (Cancer Down / TR Up),TRUE
PSMD11,-0.2428,-0.0213,0.487004,0.996079,NS,Concordant Down,FALSE
PTCD3,0.0295,-0.2345,0.99811,0.872806,NS,Discordant (Cancer Up / TR Down),TRUE
NPEPPS,-0.2149,-0.0487,0.670629,0.982196,NS,Concordant Down,FALSE
SNRPE,0.2049,-0.0582,0.839949,0.987635,NS,Discordant (Cancer Up / TR Down),TRUE
VPS13C,-0.1463,-0.1167,0.872691,0.920685,NS,Concordant Down,TRUE
PCNA,0.1047,-0.1579,0.964822,0.92757,NS,Discordant (Cancer Up / TR Down),TRUE
PSMA5,0.1968,-0.0655,0.717231,0.965651,NS,Discordant (Cancer Up / TR Down),FALSE
MRPS23,-0.1052,-0.1569,0.963195,0.904467,NS,Concordant Down,TRUE
ETFA,-0.1392,0.1226,0.88331,0.887212,NS,Discordant (Cancer Down / TR Up),FALSE
PIN4,-0.0349,-0.2264,0.995267,0.704892,NS,Concordant Down,TRUE
THAP4,0.126,-0.1352,0.962256,0.950655,NS,Discordant (Cancer Up / TR Down),TRUE
RPS20,0.2329,0.0274,0.740476,0.996337,NS,Concordant Up,FALSE
RPL35A,0.0973,0.163,0.962538,0.885847,NS,Concordant Up,TRUE
COPS8,-0.2074,-0.0526,0.688756,0.978777,NS,Concordant Down,FALSE
HARS2,-0.084,-0.1747,0.985972,0.933089,NS,Concordant Down,TRUE
NDUFA5,-0.2257,0.0329,0.77677,0.995092,NS,Discordant (Cancer Down / TR Up),FALSE
LAP3,0.1268,-0.1306,0.917338,0.888706,NS,Discordant (Cancer Up / TR Down),FALSE
NUDT16,0.1396,-0.1173,0.904835,0.920042,NS,Discordant (Cancer Up / TR Down),TRUE
CHCHD4,-0.1404,-0.1155,0.931767,0.947347,NS,Concordant Down,TRUE
PDLIM5,-0.0439,0.2119,0.995314,0.846078,NS,Discordant (Cancer Down / TR Up),FALSE
WDR77,-0.152,-0.1037,0.852814,0.917734,NS,Concordant Down,FALSE
LSM2,0.0846,0.1706,0.96728,0.820225,NS,Concordant Up,TRUE
SETD7,-0.1764,0.0784,0.826409,0.961257,NS,Discordant (Cancer Down / TR Up),TRUE
LAMTOR1,0.099,0.1554,0.945961,0.84074,NS,Concordant Up,TRUE
THOP1,-0.0394,-0.2142,0.991789,0.645775,NS,Concordant Down,TRUE
C9orf64,0.0352,-0.2179,0.992942,0.620466,NS,Discordant (Cancer Up / TR Down),TRUE
SYNC,-0.0014,-0.2512,0.999994,0.758185,NS,Concordant Down,TRUE
COMT,-0.2104,-0.0421,0.839237,0.993103,NS,Concordant Down,FALSE
TBCB,-0.1963,0.056,0.820963,0.984185,NS,Discordant (Cancer Down / TR Up),FALSE
NUDT3,-0.0804,-0.1719,0.963187,0.774859,NS,Concordant Down,TRUE
SRSF3,0.1623,0.0898,0.85829,0.95107,NS,Concordant Up,TRUE
TRMT112,-0.1913,-0.0607,0.775558,0.97735,NS,Concordant Down,TRUE
PHPT1,0.0551,-0.1967,0.985848,0.737205,NS,Discordant (Cancer Up / TR Down),FALSE
HSP90AA1,0.2295,-0.0222,0.621614,0.996503,NS,Discordant (Cancer Up / TR Down),FALSE
ALDH3A2,-0.1872,0.0644,0.797563,0.973681,NS,Discordant (Cancer Down / TR Up),FALSE
BSG,-0.1783,0.073,0.774523,0.957763,NS,Discordant (Cancer Down / TR Up),FALSE
SUCLG2,-0.1763,0.0748,0.871305,0.97369000000000006,NS,Discordant (Cancer Down / TR Up),FALSE
ADSS2,-0.2197,0.0313,0.854264,0.996835,NS,Discordant (Cancer Down / TR Up),FALSE
GGPS1,0.0985,-0.1524,0.974268,0.94245,NS,Discordant (Cancer Up / TR Down),TRUE
UBE4A,-0.0843,-0.1665,0.971639,0.896217,NS,Concordant Down,TRUE
MAPRE2,-0.1968,-0.0534,0.827364,0.986567,NS,Concordant Down,TRUE
EIF4E,0.0674,-0.1826,0.967616,0.657438,NS,Discordant (Cancer Up / TR Down),FALSE
TBC1D4,-0.1495,-0.0994,0.84569,0.933444,NS,Concordant Down,TRUE
HSPB1,-0.043,0.2058,0.991043,0.693256,NS,Discordant (Cancer Down / TR Up),FALSE
VTA1,-0.1953,0.053,0.783899,0.983549,NS,Discordant (Cancer Down / TR Up),TRUE
SMAP1,0.0993,0.1488,0.957608,0.917269,NS,Concordant Up,TRUE
SEC13,-0.093,0.1547,0.959258,0.870772,NS,Discordant (Cancer Down / TR Up),TRUE
PEPD,0.2012,0.0446,0.728646,0.986097,NS,Concordant Up,FALSE
MYL2,0.0051,-0.2405,0.999936,0.790154,NS,Discordant (Cancer Up / TR Down),TRUE
CFL2,-0.2387,-0.0062,0.672403,0.999792,NS,Concordant Down,FALSE
PHYHD1,0.0299,-0.2133,0.998328,0.902392,NS,Discordant (Cancer Up / TR Down),TRUE
CLTB,0.0579,0.1852,0.985299,0.790082,NS,Concordant Up,TRUE
PFDN5,-0.1926,-0.0502,0.757435,0.98259,NS,Concordant Down,FALSE
PSMA1,-0.1838,-0.0589,0.70635,0.967462,NS,Concordant Down,FALSE
SMPX,-0.1218,-0.1205,0.958954,0.953501,NS,Concordant Down,TRUE
RPN1,0.224,0.0175,0.599694,0.997635,NS,Concordant Up,FALSE
SNRPD2,-0.2394,4e-4,0.726709,0.999999,NS,Discordant (Cancer Down / TR Up),TRUE
CCT7,0.211,0.0282,0.584601,0.992656,NS,Concordant Up,FALSE
IPO5,-0.1958,-0.0432,0.681643,0.984002,NS,Concordant Down,FALSE
MACROD1,-0.2361,0.0014,0.722349,0.99999,NS,Discordant (Cancer Down / TR Up),TRUE
RPS3A,-0.1942,-0.043,0.676827,0.983659,NS,Concordant Down,FALSE
ATP6V1A,0.1852,-0.0519,0.747616,0.978934,NS,Discordant (Cancer Up / TR Down),FALSE
RMDN1,-0.2054,-0.0311,0.797796,0.995372,NS,Concordant Down,TRUE
NDUFC2,-0.0201,-0.2163,0.998467,0.740204,NS,Concordant Down,TRUE
STK38,-0.2035,0.0323,0.83339,0.997034,NS,Discordant (Cancer Down / TR Up),TRUE
CAB39,-0.2205,0.0148,0.75038,0.998898,NS,Discordant (Cancer Down / TR Up),TRUE
RPA3,-0.1505,-0.0844,0.924948,0.975681,NS,Concordant Down,TRUE
PSMB7,0.1182,-0.1164,0.93959,0.92627,NS,Discordant (Cancer Up / TR Down),FALSE
CBX3,-0.1654,-0.068,0.88705,0.981135,NS,Concordant Down,TRUE
HNRNPU,-0.0651,0.1682,0.974966,0.758918,NS,Discordant (Cancer Down / TR Up),FALSE
QDPR,0.0725,-0.1604,0.95658,0.696585,NS,Discordant (Cancer Up / TR Down),FALSE
COPZ1,0.163,-0.0695,0.8908,0.979185,NS,Discordant (Cancer Up / TR Down),TRUE
SEPHS1,-0.0814,0.1501,0.975202,0.898007,NS,Discordant (Cancer Down / TR Up),TRUE
PLCD4,-0.1851,-0.0458,0.832081,0.989262,NS,Concordant Down,TRUE
PRKCSH,0.2011,0.0295,0.786015,0.995292,NS,Concordant Up,FALSE
HSPA8,0.218,0.0119,0.642737,0.998998,NS,Concordant Up,FALSE
NIT2,-0.1789,-0.0506,0.795263,0.982588,NS,Concordant Down,FALSE
PARVB,-0.0788,-0.1505,0.977198,0.889551,NS,Concordant Down,TRUE
TMEM126A,-0.1301,-0.0992,0.946878,0.963674,NS,Concordant Down,TRUE
ATAD1,-0.2041,0.025,0.816999,0.99721,NS,Discordant (Cancer Down / TR Up),TRUE
BANF1,-0.08,0.1485,0.97739,0.895421,NS,Discordant (Cancer Down / TR Up),FALSE
TOMM5,0.0632,-0.165,0.989658,0.889489,NS,Discordant (Cancer Up / TR Down),TRUE
LYPLA1,-0.0932,0.1348,0.965133,0.903922,NS,Discordant (Cancer Down / TR Up),FALSE
EEF1D,-0.1497,-0.0783,0.775855,0.929461,NS,Concordant Down,FALSE
KPNA4,-0.1146,-0.1134,0.921156,0.90234,NS,Concordant Down,FALSE
CHCHD10,0.1571,0.0708,0.922107,0.982133,NS,Concordant Up,TRUE
SRP9,-0.1204,-0.1074,0.91474,0.92621,NS,Concordant Down,TRUE
CDH13,-0.0697,0.157,0.972734,0.804598,NS,Discordant (Cancer Down / TR Up),FALSE
PARP1,-0.205,-0.0209,0.74621,0.997474,NS,Concordant Down,TRUE
GSK3B,-0.1272,-0.0985,0.931543,0.951773,NS,Concordant Down,TRUE
KHSRP,0.221,-0.0035,0.7687,0.999942,NS,Discordant (Cancer Up / TR Down),TRUE
TIGAR,0.1073,0.1167,0.959517,0.95148,NS,Concordant Up,TRUE
S100A1,0.1497,0.0741,0.941366,0.983192,NS,Concordant Up,FALSE
NOMO2,-0.161,0.0624,0.871701,0.97859,NS,Discordant (Cancer Down / TR Up),TRUE
EIF2S3,-0.0991,0.1237,0.914543,0.823661,NS,Discordant (Cancer Down / TR Up),FALSE
UQCRFS1,-0.1011,0.1216,0.958514,0.922794,NS,Discordant (Cancer Down / TR Up),FALSE
RPL18,0.0641,0.1586,0.974665,0.777034,NS,Concordant Up,FALSE
SHMT1,-0.0215,-0.201,0.997709,0.686418,NS,Concordant Down,FALSE
LRPAP1,0.1421,-0.08,0.914789,0.973209,NS,Discordant (Cancer Up / TR Down),TRUE
GSR,0.2032,0.0188,0.688117,0.997425,NS,Concordant Up,FALSE
EIF3I,-0.0245,-0.1972,0.997429,0.743035,NS,Concordant Down,FALSE
PSMD10,0.1275,-0.094,0.920454,0.947637,NS,Discordant (Cancer Up / TR Down),FALSE
SARNP,0.0594,0.1619,0.989447,0.840871,NS,Concordant Up,TRUE
DDB1,-0.2083,0.0126,0.497755,0.998296,NS,Discordant (Cancer Down / TR Up),FALSE
PPIL3,-0.0171,-0.2034,0.998801,0.736466,NS,Concordant Down,FALSE
ARF4,0.2175,-0.0028,0.811813,0.999969,NS,Discordant (Cancer Up / TR Down),FALSE
ISYNA1,0.176,0.0441,0.872806,0.991995,NS,Concordant Up,TRUE
CD38,0.0429,-0.1768,0.993919,0.873093,NS,Discordant (Cancer Up / TR Down),TRUE
ANKRD2,-0.0823,-0.1369,0.97823,0.920795,NS,Concordant Down,TRUE
CCT6A,0.1368,0.0822,0.835268,0.930306,NS,Concordant Up,FALSE
RPL10A,0.0965,0.1216,0.95512300000000006,0.907323,NS,Concordant Up,FALSE
AHCY,0.1006,-0.1171,0.918101,0.855164,NS,Discordant (Cancer Up / TR Down),FALSE
SSB,0.09,0.1274,0.95352,0.881501,NS,Concordant Up,TRUE
HEBP2,-0.0594,-0.1574,0.974198,0.73453,NS,Concordant Down,FALSE
RPS21,-0.0868,0.13,0.936966,0.807645,NS,Discordant (Cancer Down / TR Up),FALSE
TSN,-0.1507,-0.0659,0.854979,0.968976,NS,Concordant Down,FALSE
NAE1,-0.101,-0.1154,0.944643,0.907341,NS,Concordant Down,TRUE
DPP9,0.195,-0.0214,0.867098,0.998744,NS,Discordant (Cancer Up / TR Down),TRUE
PPP3CC,0.1773,-0.0389,0.886349,0.995113,NS,Discordant (Cancer Up / TR Down),TRUE
HDHD5,-0.1705,0.0454,0.908139,0.992835,NS,Discordant (Cancer Down / TR Up),TRUE
PCTP,-0.0869,0.1289,0.974455,0.950326,NS,Discordant (Cancer Down / TR Up),TRUE
COX17,-0.2075,-0.0081,0.871558,0.999798,NS,Concordant Down,TRUE
PGM3,0.1172,-0.0981,0.92999,0.945261,NS,Discordant (Cancer Up / TR Down),TRUE
PSMD2,-0.1652,0.0499,0.712112,0.972356,NS,Discordant (Cancer Down / TR Up),FALSE
SRSF2,0.1771,-0.0377,0.828085,0.991861,NS,Discordant (Cancer Up / TR Down),FALSE
RPS16,-0.1567,0.0578,0.833217,0.975227,NS,Discordant (Cancer Down / TR Up),FALSE
CISD2,-0.213,0.001,0.880396,0.999998,NS,Discordant (Cancer Down / TR Up),TRUE
RPS18,-0.1287,0.085,0.810862,0.90186,NS,Discordant (Cancer Down / TR Up),FALSE
REEP5,-0.0448,0.1685,0.991085,0.814743,NS,Discordant (Cancer Down / TR Up),FALSE
GBP2,-0.1679,0.0453,0.929607,0.993889,NS,Discordant (Cancer Down / TR Up),TRUE
RPL5,0.0102,0.2027,0.999433,0.637903,NS,Concordant Up,FALSE
CAPN1,0.1482,-0.0639,0.75725,0.950053,NS,Discordant (Cancer Up / TR Down),FALSE
DDX17,0.0776,0.1344,0.955121,0.813272,NS,Concordant Up,FALSE
TMED10,0.1316,0.0804,0.916932,0.963433,NS,Concordant Up,FALSE
TMX3,0.0477,-0.1637,0.988476,0.846722,NS,Discordant (Cancer Up / TR Down),TRUE
RTCA,-0.2044,-0.0069,0.812759,0.999791,NS,Concordant Down,TRUE
CKB,0.0768,-0.1343,0.967207,0.862812,NS,Discordant (Cancer Up / TR Down),FALSE
DCXR,-0.195,0.0158,0.854819,0.999025,NS,Discordant (Cancer Down / TR Up),FALSE
SIRT3,-0.1678,-0.0428,0.919476,0.994264,NS,Concordant Down,TRUE
MDH1,-0.0043,-0.2061,0.999879,0.535715,NS,Concordant Down,FALSE
RPL13A,0.1182,0.0913,0.924029,0.94489,NS,Concordant Up,FALSE
RPL19,0.1013,0.108,0.94508,0.920341,NS,Concordant Up,FALSE
HTRA2,0.1623,-0.0468,0.886244,0.990556,NS,Discordant (Cancer Up / TR Down),TRUE
UBE2R2,0.1116,-0.097,0.958003,0.968782,NS,Discordant (Cancer Up / TR Down),TRUE
ABHD11,-0.0315,0.1763,0.997268,0.880587,NS,Discordant (Cancer Down / TR Up),TRUE
IGBP1,0.128,0.0797,0.923479,0.974587,NS,Concordant Up,TRUE
PRDX4,0.10780000000000001,0.0998,0.92886,0.923598,NS,Concordant Up,FALSE
CAPN2,0.0663,0.1412,0.968279,0.794527,NS,Concordant Up,FALSE
RPN2,-0.1563,0.0497,0.835536,0.982208,NS,Discordant (Cancer Down / TR Up),FALSE
UQCC2,-0.1149,-0.0901,0.940502,0.962808,NS,Concordant Down,TRUE
RPS15,0.1848,0.02,0.963544,0.99953,NS,Concordant Up,TRUE
CDV3,0.124,0.0801,0.911617,0.962286,NS,Concordant Up,TRUE
MDP1,0.1578,0.0463,0.871789,0.988101,NS,Concordant Up,TRUE
TIMM8B,0.1763,0.0278,0.922601,0.998388,NS,Concordant Up,TRUE
NUDCD3,0.059,0.1436,0.989436,0.940973,NS,Concordant Up,TRUE
AKT2,-0.0541,0.1483,0.98538,0.851193,NS,Discordant (Cancer Down / TR Up),TRUE
HAGH,-0.0734,-0.1288,0.962961,0.842061,NS,Concordant Down,FALSE
PCBD1,-0.1437,-0.0584,0.87236,0.976607,NS,Concordant Down,FALSE
TFRC,0.1178,-0.0843,0.959525,0.978768,NS,Discordant (Cancer Up / TR Down),TRUE
HMGCL,-0.0269,-0.1745,0.997366,0.837171,NS,Concordant Down,TRUE
VPS26A,0.0898,0.1112,0.939061,0.881147,NS,Concordant Up,TRUE
HPCAL1,0.0397,0.1613,0.992179,0.808685,NS,Concordant Up,TRUE
SELENOW,-0.0522,-0.1487,0.989574,0.885308,NS,Concordant Down,TRUE
RPL18A,-0.1433,0.0574,0.908058,0.983534,NS,Discordant (Cancer Down / TR Up),TRUE
DYNC1H1,-0.0629,0.1378,0.967255,0.772875,NS,Discordant (Cancer Down / TR Up),FALSE
MAPK1,-0.034,0.1652,0.991838,0.697384,NS,Discordant (Cancer Down / TR Up),FALSE
TOM1L2,-0.1756,0.0233,0.880509,0.998107,NS,Discordant (Cancer Down / TR Up),TRUE
PSMC5,-0.1485,0.0502,0.782825,0.973691,NS,Discordant (Cancer Down / TR Up),FALSE
PSMB5,-0.1239,-0.0746,0.893923,0.955111,NS,Concordant Down,FALSE
ACSF2,-0.1611,-0.0373,0.853354,0.991741,NS,Concordant Down,FALSE
JPH2,-0.1399,0.058,0.917048,0.984266,NS,Discordant (Cancer Down / TR Up),TRUE
SHOC2,0.1325,-0.0651,0.899248,0.978936,NS,Discordant (Cancer Up / TR Down),TRUE
HSP90AB1,-0.0359,0.1611,0.990509,0.702008,NS,Discordant (Cancer Down / TR Up),FALSE
NMT1,0.0486,-0.1484,0.993495,0.914262,NS,Discordant (Cancer Up / TR Down),TRUE
ACSL1,0.1498,-0.046,0.891725,0.988867,NS,Discordant (Cancer Up / TR Down),FALSE
RDH13,-0.1873,-0.0083,0.870973,0.99979,NS,Concordant Down,TRUE
GBE1,-0.1092,0.086,0.927331,0.945075,NS,Discordant (Cancer Down / TR Up),FALSE
CAB39L,-0.0379,-0.1564,0.996806,0.922523,NS,Concordant Down,TRUE
RPL10,0.1355,0.0585,0.909927,0.981091,NS,Concordant Up,TRUE
CACYBP,0.103,0.0908,0.948983,0.952636,NS,Concordant Up,TRUE
SGTA,-0.1485,0.0445,0.885307,0.988877,NS,Discordant (Cancer Down / TR Up),FALSE
BPNT1,-0.1636,-0.0293,0.808679,0.993831,NS,Concordant Down,FALSE
SNX6,0.0067,0.1858,0.999864,0.845354,NS,Concordant Up,TRUE
ACOT13,0.091,0.1014,0.963461,0.942088,NS,Concordant Up,FALSE
RIC8A,0.0899,0.101,0.969506,0.949183,NS,Concordant Up,TRUE
ATP6V1B2,-0.1425,-0.0481,0.814711,0.977633,NS,Concordant Down,FALSE
RTRAF,0.1019,-0.0886,0.925194,0.935469,NS,Discordant (Cancer Up / TR Down),TRUE
RPS17,-0.1037,0.0855,0.943098,0.953217,NS,Discordant (Cancer Down / TR Up),TRUE
UBXN1,-0.0963,-0.0922,0.948833,0.941127,NS,Concordant Down,FALSE
FAM120A,-0.0412,0.1465,0.995265,0.923084,NS,Discordant (Cancer Down / TR Up),TRUE
ADIPOQ,0.1389,0.0486,0.889713,0.985201,NS,Concordant Up,FALSE
SENP8,0.0398,-0.1477,0.992564,0.85919,NS,Discordant (Cancer Up / TR Down),TRUE
EIF3M,-0.1715,-0.0159,0.779157,0.998426,NS,Concordant Down,TRUE
CASQ1,-0.1527,0.0345,0.832992,0.991279,NS,Discordant (Cancer Down / TR Up),TRUE
SYPL1,-0.0809,-0.106,0.966878,0.925703,NS,Concordant Down,FALSE
NAP1L1,-0.0388,0.1474,0.988443,0.742817,NS,Discordant (Cancer Down / TR Up),TRUE
NIPSNAP3A,0.1318,0.054,0.946792,0.990076,NS,Concordant Up,TRUE
GLUL,-0.1284,-0.0573,0.94419,0.987564,NS,Concordant Down,TRUE
VPS36,-0.1026,0.0827,0.924276,0.944558,NS,Discordant (Cancer Down / TR Up),TRUE
PPA2,-0.1447,0.0399,0.885054,0.990659,NS,Discordant (Cancer Down / TR Up),FALSE
PSMD8,-0.1755,-0.0084,0.800446,0.999561,NS,Concordant Down,TRUE
PSMB6,-0.0663,-0.1168,0.973142,0.885308,NS,Concordant Down,FALSE
NQO2,-0.182,9e-4,0.89897,0.999997,NS,Discordant (Cancer Down / TR Up),TRUE
CANX,0.1455,0.0372,0.875735,0.991429,NS,Concordant Up,FALSE
MAP2K1,-0.1302,0.0524,0.918648,0.985194,NS,Discordant (Cancer Down / TR Up),FALSE
NAGK,0.073,0.1093,0.971871,0.915982,NS,Concordant Up,FALSE
PDCD5,-0.1104,0.07,0.924613,0.964446,NS,Discordant (Cancer Down / TR Up),TRUE
PPIL1,-0.098,0.0824,0.950971,0.95734,NS,Discordant (Cancer Down / TR Up),FALSE
UBE2D3,0.0459,0.1342,0.990138,0.879366,NS,Concordant Up,FALSE
NAXE,-0.1561,-0.0238,0.818714,0.995809,NS,Concordant Down,FALSE
CCT5,0.1142,0.0656,0.880272,0.954457,NS,Concordant Up,FALSE
GORASP2,0.1169,-0.062,0.924736,0.976466,NS,Discordant (Cancer Up / TR Down),TRUE
LYPLAL1,-0.0766,-0.1021,0.971442,0.939769,NS,Concordant Down,TRUE
AK2,-0.1408,0.0373,0.841515,0.988496,NS,Discordant (Cancer Down / TR Up),FALSE
NT5DC1,-0.1398,-0.0377,0.932626,0.994309,NS,Concordant Down,TRUE
IDE,-0.1593,-0.0171,0.854958,0.998336,NS,Concordant Down,FALSE
DDRGK1,-0.1093,-0.0671,0.942904,0.975572,NS,Concordant Down,TRUE
PPTC7,-0.1521,-0.0236,0.910838,0.997928,NS,Concordant Down,TRUE
ARPC5L,0.0375,-0.1381,0.9938,0.882479,NS,Discordant (Cancer Up / TR Down),TRUE
SRSF1,-0.1017,0.0732,0.942015,0.963985,NS,Discordant (Cancer Down / TR Up),TRUE
EIF3G,-0.0888,0.0849,0.954759,0.948413,NS,Discordant (Cancer Down / TR Up),TRUE
PPP1CA,0.0477,0.1255,0.98749,0.875251,NS,Concordant Up,FALSE
UBAP2L,-0.0951,0.0776,0.971064,0.978009,NS,Discordant (Cancer Down / TR Up),TRUE
UBR4,-0.1298,-0.0422,0.931536,0.994548,NS,Concordant Down,TRUE
XPO7,-0.0232,0.1488,0.997056,0.81769,NS,Discordant (Cancer Down / TR Up),TRUE
STIP1,0.1215,-0.05,0.871119,0.97611,NS,Discordant (Cancer Up / TR Down),FALSE
SCARB2,-0.1226,-0.0486,0.917029,0.985479,NS,Concordant Down,FALSE
FGGY,0.1461,0.0249,0.929473,0.998127,NS,Concordant Up,TRUE
LMAN1,-0.0358,0.1351,0.994128,0.881833,NS,Discordant (Cancer Down / TR Up),TRUE
GNPDA1,0.0021,-0.1687,0.999974,0.7014,NS,Discordant (Cancer Up / TR Down),FALSE
PSMC6,0.0768,-0.0939,0.95795,0.917685,NS,Discordant (Cancer Up / TR Down),FALSE
MECP2,0.0795,-0.0907,0.979867,0.973683,NS,Discordant (Cancer Up / TR Down),TRUE
EIF2B1,-0.0785,-0.0916,0.975543,0.968036,NS,Concordant Down,TRUE
CCT4,0.1389,-0.03,0.80783,0.991069,NS,Discordant (Cancer Up / TR Down),FALSE
PRDX5,0.1468,0.0217,0.821632,0.996182,NS,Concordant Up,FALSE
HSPA1A,0.1293,-0.0381,0.871357,0.988264,NS,Discordant (Cancer Up / TR Down),FALSE
USP7,-0.1518,0.0156,0.882536,0.998752,NS,Discordant (Cancer Down / TR Up),TRUE
MEMO1,-0.072,-0.0946,0.984507,0.966507,NS,Concordant Down,TRUE
ECHS1,-0.1493,-0.0169,0.853682,0.998136,NS,Concordant Down,FALSE
CCDC124,0.115,0.0506,0.926761,0.984035,NS,Concordant Up,TRUE
OTUB1,-0.0832,0.0803,0.959247,0.952345,NS,Discordant (Cancer Down / TR Up),FALSE
SAR1A,-0.0526,-0.1108,0.98717,0.921586,NS,Concordant Down,FALSE
MTIF2,0.0503,0.113,0.991271,0.963306,NS,Concordant Up,TRUE
VPS4B,-0.0549,-0.1083,0.98128,0.898507,NS,Concordant Down,TRUE
ERGIC1,0.0593,0.1034,0.980869,0.920986,NS,Concordant Up,FALSE
BCKDHA,-0.1056,-0.0568,0.952213,0.983904,NS,Concordant Down,TRUE
AK1,0.0573,0.1044,0.979324,0.90533,NS,Concordant Up,FALSE
DNPH1,-0.1254,0.0351,0.926696,0.994023,NS,Discordant (Cancer Down / TR Up),TRUE
LDHA,0.0804,0.0799,0.971085,0.964339,NS,Concordant Up,FALSE
PSMC3,-0.0672,-0.0931,0.960708,0.898298,NS,Concordant Down,FALSE
TPT1,-0.0039,-0.1563,0.999894,0.703421,NS,Concordant Down,FALSE
DCTN2,-0.1273,-0.0317,0.853838,0.990765,NS,Concordant Down,FALSE
RAC1,0.1189,-0.0397,0.886099,0.986442,NS,Discordant (Cancer Up / TR Down),FALSE
NSFL1C,-0.0462,-0.1121,0.984719,0.869198,NS,Concordant Down,FALSE
FKBP2,0.1055,0.0519,0.940241,0.983464,NS,Concordant Up,FALSE
DDOST,-0.1297,-0.0269,0.919242,0.996306,NS,Concordant Down,TRUE
PPP2R2A,-0.0804,0.0757,0.961443,0.957317,NS,Discordant (Cancer Down / TR Up),FALSE
ALDOC,-0.153,0.0031,0.872954,0.999948,NS,Discordant (Cancer Down / TR Up),FALSE
TOMM40,0.0178,-0.1382,0.999005,0.924983,NS,Discordant (Cancer Up / TR Down),TRUE
SERPINB6,0.0827,-0.073,0.949483,0.951173,NS,Discordant (Cancer Up / TR Down),FALSE
ACTR1A,0.0493,0.106,0.980726,0.871689,NS,Concordant Up,FALSE
NEDD8,0.0209,0.1322,0.998644,0.922696,NS,Concordant Up,FALSE
EPS15L1,0.1225,0.0299,0.910818,0.99477,NS,Concordant Up,TRUE
RPL35,0.0832,0.0687,0.963144,0.970561,NS,Concordant Up,TRUE
AKR7A2,0.0538,0.098,0.978975,0.902892,NS,Concordant Up,FALSE
COPS2,-0.1082,-0.0434,0.925064,0.986618,NS,Concordant Down,FALSE
GMPPB,0.0884,-0.0629,0.956077,0.973374,NS,Discordant (Cancer Up / TR Down),FALSE
TECR,-0.0697,-0.0814,0.981419,0.97066,NS,Concordant Down,TRUE
VAPA,-0.1016,-0.0486,0.949258,0.986726,NS,Concordant Down,TRUE
PGRMC1,0.0296,0.1199,0.996805,0.926043,NS,Concordant Up,FALSE
PSMD14,-0.1031,-0.046,0.9239,0.983088,NS,Concordant Down,FALSE
PAICS,0.0892,0.0592,0.93959,0.968485,NS,Concordant Up,FALSE
ATP5F1B,-0.074,0.0739,0.968633,0.960691,NS,Discordant (Cancer Down / TR Up),FALSE
SNF8,-0.0816,-0.0659,0.95995,0.97456,NS,Concordant Down,TRUE
METTL7A,0.0557,-0.0912,0.985765,0.949336,NS,Discordant (Cancer Up / TR Down),FALSE
YARS1,-0.0851,0.0611,0.961622,0.976409,NS,Discordant (Cancer Down / TR Up),TRUE
EML2,-0.1363,0.0098,0.926373,0.999665,NS,Discordant (Cancer Down / TR Up),TRUE
PTGR2,-0.1246,-0.0199,0.939766,0.998374,NS,Concordant Down,TRUE
CHCHD2,0.0675,0.077,0.977445,0.962765,NS,Concordant Up,TRUE
KTN1,-0.0263,0.1178,0.996478,0.904512,NS,Discordant (Cancer Down / TR Up),TRUE
CD59,0.0971,-0.0455,0.935849,0.984084,NS,Discordant (Cancer Up / TR Down),FALSE
CCT3,0.1319,0.0101,0.846961,0.999157,NS,Concordant Up,FALSE
HSPB8,-0.1247,0.0165,0.959216,0.999214,NS,Discordant (Cancer Down / TR Up),TRUE
PSMA6,0.075,-0.0657,0.958789,0.960913,NS,Discordant (Cancer Up / TR Down),FALSE
PEX11B,-0.0646,-0.0758,0.98814,0.985704,NS,Concordant Down,TRUE
UBA2,-0.1114,-0.0283,0.936979,0.995738,NS,Concordant Down,TRUE
OSBP,-0.1369,-0.0027,0.898418,0.999962,NS,Concordant Down,TRUE
RPL22,0.0477,0.0883,0.985642,0.932394,NS,Concordant Up,FALSE
EIF4A2,-0.0973,-0.0386,0.936542,0.98894,NS,Concordant Down,FALSE
MTDH,0.0339,0.1015,0.993178,0.930868,NS,Concordant Up,TRUE
UROS,0.0854,0.0499,0.966477,0.987093,NS,Concordant Up,TRUE
CHMP5,-0.0334,0.1013,0.994893,0.942907,NS,Discordant (Cancer Down / TR Up),TRUE
PURA,0.0496,0.085,0.989129,0.958473,NS,Concordant Up,TRUE
PSMB1,-0.1115,0.022,0.891944,0.995743,NS,Discordant (Cancer Down / TR Up),FALSE
PPP1R7,0.0641,0.0693,0.965941,0.948924,NS,Concordant Up,FALSE
NDUFB10,0.0014,0.131,0.999993,0.90926,NS,Concordant Up,FALSE
DECR1,-0.0142,0.118,0.999239,0.923569,NS,Discordant (Cancer Down / TR Up),FALSE
THTPA,0.004,0.128,0.999938,0.914373,NS,Concordant Up,TRUE
TIAL1,-0.1262,-0.005,0.925925,0.999892,NS,Concordant Down,TRUE
FKBP4,0.0493,-0.0819,0.989406,0.961511,NS,Discordant (Cancer Up / TR Down),FALSE
COPS4,-0.0926,-0.0385,0.94294,0.988979,NS,Concordant Down,FALSE
PYCARD,0.0688,-0.0622,0.989709,0.985502,NS,Discordant (Cancer Up / TR Down),TRUE
ATP6V0D1,-0.0035,-0.1273,0.999967,0.951276,NS,Concordant Down,TRUE
HUWE1,-0.0217,-0.1091,0.997326,0.901783,NS,Concordant Down,TRUE
U2AF2,0.0901,0.0402,0.970276,0.994347,NS,Concordant Up,TRUE
GDI1,-0.117,0.0129,0.898974,0.998785,NS,Discordant (Cancer Down / TR Up),FALSE
PGM1,-0.1022,-0.0268,0.936732,0.99534,NS,Concordant Down,FALSE
CARS2,-0.0335,0.0952,0.996851,0.969765,NS,Discordant (Cancer Down / TR Up),TRUE
MLEC,-0.1251,0.0036,0.904382,0.999923,NS,Discordant (Cancer Down / TR Up),FALSE
MTCH2,-0.0972,0.0309,0.944889,0.993867,NS,Discordant (Cancer Down / TR Up),FALSE
GRHPR,0.0052,-0.1223,0.999834,0.84674,NS,Discordant (Cancer Up / TR Down),FALSE
OLA1,0.0956,-0.0303,0.916411,0.991131,NS,Discordant (Cancer Up / TR Down),FALSE
NDUFV3,0.061,0.0649,0.989404,0.986411,NS,Concordant Up,TRUE
ECHDC3,0.0094,-0.1165,0.999752,0.949569,NS,Discordant (Cancer Up / TR Down),TRUE
RALA,0.1215,-0.0043,0.899371,0.999876,NS,Discordant (Cancer Up / TR Down),FALSE
MYH1,0.1035,-0.0218,0.983359,0.999144,NS,Discordant (Cancer Up / TR Down),TRUE
PHB2,-0.1158,-0.0091,0.899456,0.999388,NS,Concordant Down,FALSE
ARL8B,0.0351,-0.0894,0.991916,0.924805,NS,Discordant (Cancer Up / TR Down),FALSE
CHMP2A,-0.1005,-0.0234,0.965744,0.997853,NS,Concordant Down,TRUE
CRYAB,-0.0028,-0.1203,0.999969,0.914386,NS,Concordant Down,FALSE
EEF2,-0.0774,0.0457,0.94604,0.978222,NS,Discordant (Cancer Down / TR Up),FALSE
RPS27,0.0076,-0.1154,0.999824,0.944119,NS,Discordant (Cancer Up / TR Down),TRUE
LUC7L2,0.0702,-0.0523,0.975999,0.985994,NS,Discordant (Cancer Up / TR Down),TRUE
LANCL1,0.1202,3e-4,0.912519,0.999999,NS,Concordant Up,FALSE
RACK1,0.10780000000000001,0.0125,0.907336,0.998765,NS,Concordant Up,FALSE
PARK7,0.0548,-0.0654,0.97676,0.95706,NS,Discordant (Cancer Up / TR Down),FALSE
ERLIN2,-0.1202,0,0.902425,1,NS,Discordant (Cancer Down / TR Up),FALSE
PALMD,-0.0028,-0.1172,0.999968,0.926492,NS,Concordant Down,TRUE
UBA3,-0.1144,-0.0055,0.936504,0.99985,NS,Concordant Down,FALSE
WARS1,0.1107,-0.0081,0.893382,0.999447,NS,Discordant (Cancer Up / TR Down),FALSE
GFPT1,-0.1009,-0.0176,0.954402,0.998719,NS,Concordant Down,TRUE
KHDRBS1,0.0764,-0.0417,0.977636,0.992372,NS,Discordant (Cancer Up / TR Down),TRUE
PRKACA,-0.0441,-0.0739,0.985046,0.942616,NS,Concordant Down,FALSE
FKBP3,-0.0776,0.0386,0.96593,0.990276,NS,Discordant (Cancer Down / TR Up),FALSE
CRKL,-0.0527,-0.063,0.977816,0.958786,NS,Concordant Down,FALSE
MYPN,0.0786,-0.0332,0.982765,0.996439,NS,Discordant (Cancer Up / TR Down),TRUE
NCL,0.1021,-0.0082,0.923685,0.999506,NS,Discordant (Cancer Up / TR Down),FALSE
MBNL1,-0.0959,0.0144,0.948657,0.998831,NS,Discordant (Cancer Down / TR Up),TRUE
CLCC1,-0.0997,-0.0101,0.947261,0.999462,NS,Concordant Down,TRUE
PDLIM2,0.0092,-0.1004,0.999799,0.978508,NS,Discordant (Cancer Up / TR Down),TRUE
HNRNPD,0.0186,0.0905,0.997792,0.921845,NS,Concordant Up,FALSE
CRYZ,0.0947,0.0125,0.947204,0.999031,NS,Concordant Up,FALSE
BLMH,0.072,0.0333,0.964203,0.991552,NS,Concordant Up,TRUE
PTGR1,-0.0485,0.0566,0.990177,0.983616,NS,Discordant (Cancer Down / TR Up),TRUE
RPS19,-0.0142,0.0905,0.998794,0.926417,NS,Discordant (Cancer Down / TR Up),FALSE
RNPEP,0.0356,-0.0686,0.993981,0.97024,NS,Discordant (Cancer Up / TR Down),FALSE
DCAF6,-0.0908,-0.0128,0.951477,0.999019,NS,Concordant Down,TRUE
PGRMC2,0.0275,-0.0742,0.995482,0.953861,NS,Discordant (Cancer Up / TR Down),FALSE
BTF3,1e-4,0.1011,1,0.968984,NS,Concordant Up,TRUE
GHITM,-0.0677,-0.0334,0.988567,0.996734,NS,Concordant Down,TRUE
MOCS2,-0.0162,-0.0848,0.999254,0.975924,NS,Concordant Down,TRUE
MOCS2,-0.0162,-0.0848,0.999254,0.975924,NS,Concordant Down,TRUE
PDCD6IP,0.0799,0.02,0.940313,0.996073,NS,Concordant Up,FALSE
NDUFB8,-0.06,0.0398,0.989789,0.994806,NS,Discordant (Cancer Down / TR Up),TRUE
UFL1,0.0947,-0.0047,0.957454,0.999901,NS,Discordant (Cancer Up / TR Down),TRUE
MSRA,0.0077,0.0915,0.999867,0.976662,NS,Concordant Up,TRUE
PPP2R1A,-0.0028,0.0961,0.999953,0.908761,NS,Discordant (Cancer Down / TR Up),FALSE
ATP6V1G1,0.0798,0.0176,0.962099,0.998133,NS,Concordant Up,TRUE
TMX1,-0.0497,0.0474,0.982572,0.980809,NS,Discordant (Cancer Down / TR Up),TRUE
PTGES3,-0.0629,-0.034,0.965675,0.988439,NS,Concordant Down,FALSE
PGP,-0.0812,0.0152,0.968846,0.99881,NS,Discordant (Cancer Down / TR Up),FALSE
HSPA4,-0.0375,-0.0589,0.987041,0.956756,NS,Concordant Down,FALSE
SF1,-0.0389,-0.0573,0.993677,0.985427,NS,Concordant Down,TRUE
H1-0,-0.0042,0.0896,0.999957,0.973805,NS,Discordant (Cancer Down / TR Up),TRUE
KLC1,-0.0867,-0.0066,0.951191,0.999733,NS,Concordant Down,TRUE
FBP2,0.0884,0.0048,0.976317,0.999924,NS,Concordant Up,TRUE
SYNGR2,0.053900000000000003,-0.0387,0.987135,0.992302,NS,Discordant (Cancer Up / TR Down),TRUE
ACAA2,-0.0728,-0.0191,0.962023,0.997169,NS,Concordant Down,FALSE
ADSL,-0.0019,-0.0876,0.999978,0.931268,NS,Concordant Down,FALSE
NSF,0.0633,-0.0254,0.979336,0.996177,NS,Discordant (Cancer Up / TR Down),FALSE
ANXA11,0.0444,-0.0437,0.986066,0.983135,NS,Discordant (Cancer Up / TR Down),FALSE
MAP2K2,0.0101,0.0765,0.999615,0.970599,NS,Concordant Up,TRUE
OSTC,0.0107,0.0742,0.999591,0.975415,NS,Concordant Up,TRUE
PYGB,-0.0738,0.011,0.966976,0.999219,NS,Discordant (Cancer Down / TR Up),FALSE
CCT8,0.0666,0.0174,0.955803,0.996793,NS,Concordant Up,FALSE
SUGT1,-0.0361,0.0473,0.992948,0.984584,NS,Discordant (Cancer Down / TR Up),FALSE
COPB2,0.0709,0.011,0.989101,0.999696,NS,Concordant Up,TRUE
VAMP3,0.0752,0.0059,0.969554,0.999807,NS,Concordant Up,TRUE
DDAH1,-0.075,-0.0055,0.984583,0.999906,NS,Concordant Down,TRUE
HDGF,0.0139,0.0666,0.998808,0.960902,NS,Concordant Up,FALSE
XPO1,0.0438,0.0342,0.988321,0.991602,NS,Concordant Up,TRUE
UBXN6,-0.0134,0.0642,0.999201,0.980478,NS,Discordant (Cancer Down / TR Up),TRUE
SLC25A24,-0.0735,-0.0039,0.971283,0.999925,NS,Concordant Down,TRUE
PSMA4,-0.0395,-0.0372,0.990249,0.989284,NS,Concordant Down,FALSE
DUSP3,-0.0522,-0.0244,0.984659,0.996107,NS,Concordant Down,TRUE
PLGRKT,0.0486,0.0261,0.992242,0.997385,NS,Concordant Up,TRUE
FAM136A,0.0441,0.0303,0.992272,0.996118,NS,Concordant Up,TRUE
GMPR,0.0446,-0.0283,0.992858,0.996561,NS,Discordant (Cancer Up / TR Down),FALSE
MAP1LC3B2,-0.0477,0.0244,0.992236,0.99759,NS,Discordant (Cancer Down / TR Up),FALSE
EIF3F,0.0038,-0.0679,0.999942,0.974838,NS,Discordant (Cancer Up / TR Down),FALSE
SETD3,0.0319,-0.0381,0.996624,0.996456,NS,Discordant (Cancer Up / TR Down),TRUE
PSMC2,0.0243,-0.0446,0.995677,0.98065,NS,Discordant (Cancer Up / TR Down),FALSE
AARS1,-0.0455,-0.0219,0.984995,0.995975,NS,Concordant Down,FALSE
NPM1,-0.0076,0.0597,0.999727,0.976911,NS,Discordant (Cancer Down / TR Up),FALSE
YWHAG,0.0315,-0.0347,0.99419,0.991209,NS,Discordant (Cancer Up / TR Down),FALSE
HSPE1,-0.0554,0.0074,0.983161,0.999666,NS,Discordant (Cancer Down / TR Up),FALSE
RPL23A,0.0595,0.0033,0.978087,0.999927,NS,Concordant Up,FALSE
PSMD4,-0.0358,-0.0269,0.990391,0.993407,NS,Concordant Down,FALSE
PPP3CA,-0.0066,0.0561,0.999727,0.971486,NS,Discordant (Cancer Down / TR Up),FALSE
DNM2,-0.0083,0.0534,0.999476,0.968624,NS,Discordant (Cancer Down / TR Up),FALSE
TPI1,-0.0589,0.0028,0.969303,0.99993,NS,Discordant (Cancer Down / TR Up),FALSE
RPL38,-0.0443,-0.0168,0.992658,0.998766,NS,Concordant Down,FALSE
TRIM72,-0.0256,-0.0348,0.995973,0.990535,NS,Concordant Down,TRUE
CA14,0.0534,-0.0057,0.990945,0.999887,NS,Discordant (Cancer Up / TR Down),TRUE
TCP1,0.055,0.0038,0.978802,0.999894,NS,Concordant Up,FALSE
PGAM2,0.0097,-0.0484,0.999603,0.986904,NS,Discordant (Cancer Up / TR Down),TRUE
DUSP23,-0.0421,0.0155,0.994523,0.999315,NS,Discordant (Cancer Down / TR Up),TRUE
ABCF2,0.0086,0.0489,0.999769,0.991058,NS,Concordant Up,TRUE
TPP2,-0.047,-0.0078,0.986047,0.99959,NS,Concordant Down,TRUE
PSMB4,0.0337,-0.0108,0.992683,0.999125,NS,Discordant (Cancer Up / TR Down),FALSE
NSUN2,-0.0134,-0.0311,0.999283,0.996025,NS,Concordant Down,TRUE
MAP4,0.0168,-0.0276,0.998316,0.994213,NS,Discordant (Cancer Up / TR Down),FALSE
TARDBP,-0.0289,0.0146,0.995764,0.998753,NS,Discordant (Cancer Down / TR Up),TRUE
AKR1B1,0.0385,-0.0037,0.994439,0.999941,NS,Discordant (Cancer Up / TR Down),FALSE
NIF3L1,0.0315,-0.0102,0.993255,0.99918,NS,Discordant (Cancer Up / TR Down),FALSE
SARS1,-0.0068,0.0339,0.99975,0.991731,NS,Discordant (Cancer Down / TR Up),TRUE
PLPBP,0.0152,-0.0248,0.999197,0.997352,NS,Discordant (Cancer Up / TR Down),FALSE
HSPA1L,-0.0058,-0.0334,0.999896,0.995563,NS,Concordant Down,FALSE
TXN2,-0.0249,-0.0118,0.997351,0.999292,NS,Concordant Down,TRUE
UGGT1,0.02,0.0154,0.997312,0.998121,NS,Concordant Up,TRUE
GPI,-0.0225,0.0127,0.995766,0.998393,NS,Discordant (Cancer Down / TR Up),FALSE
IST1,0.0128,0.0205,0.999112,0.997122,NS,Concordant Up,TRUE
SNRPD3,0.0165,-0.015,0.998503,0.998477,NS,Discordant (Cancer Up / TR Down),FALSE
MPC1,0.0097,-0.0142,0.999917,0.99977,NS,Discordant (Cancer Up / TR Down),TRUE
TXNDC12,-0.0066,-0.0155,0.999856,0.999056,NS,Concordant Down,TRUE
UGP2,0.0111,0.0077,0.999261,0.999563,NS,Concordant Up,FALSE
PSMB2,0.0125,0.0035,0.999064,0.999914,NS,Concordant Up,FALSE
ARL6IP5,0.0148,-8e-4,0.99888,0.999996,NS,Discordant (Cancer Up / TR Down),FALSE
ATL3,3.4695,-1.0422,0,0.007932,Sig Both,Discordant (Cancer Up / TR Down),TRUE
RETSAT,3.031,-1.374,0,0.006217,Sig Both,Discordant (Cancer Up / TR Down),TRUE
TUBB2B,2.6616,-1.3614,0,6.53e-4,Sig Both,Discordant (Cancer Up / TR Down),TRUE
THY1,2.4008,1.0753,0,0.003389,Sig Both,Concordant Up,TRUE
DDX19B,1.908,-1.2691,1e-6,0.008725,Sig Both,Discordant (Cancer Up / TR Down),TRUE
MRPL13,-0.956,1.2963,0.018602,7.2e-4,Sig Both,Discordant (Cancer Down / TR Up),TRUE
MAP1B,1.1559,-0.777,0.031076,0.022938,Sig Both,Discordant (Cancer Up / TR Down),TRUE
G3BP2,-0.9666,0.955,0.036504,0.020128,Sig Both,Discordant (Cancer Down / TR Up),TRUE
ALDH1B1,-0.8578,0.6999,0.012392,0.029089,Sig Both,Discordant (Cancer Down / TR Up),TRUE
CLPP,-0.6631,0.6308,0.013732,0.014662,Sig Both,Discordant (Cancer Down / TR Up),TRUE
PLIN1,3.9076,-0.5612,0,0.609556,Sig Cancer only,Discordant (Cancer Up / TR Down),TRUE
HBG2,3.9358,-0.3296,0,0.857471,Sig Cancer only,Discordant (Cancer Up / TR Down),TRUE
ADIRF,3.3419,-0.7633,0,0.26406,Sig Cancer only,Discordant (Cancer Up / TR Down),TRUE
SNCA,3.6997,-0.0981,0,0.981434,Sig Cancer only,Discordant (Cancer Up / TR Down),FALSE
MGST1,3.1785,-0.5135,2e-6,0.609879,Sig Cancer only,Discordant (Cancer Up / TR Down),TRUE
COMP,3.6044,0.0372,0,0.998322,Sig Cancer only,Concordant Up,TRUE
FASN,2.6715,-0.8253,7.49e-4,0.175956,Sig Cancer only,Discordant (Cancer Up / TR Down),TRUE
THBS4,2.6177,0.825,8.3e-5,0.208453,Sig Cancer only,Concordant Up,TRUE
CAVIN3,2.811,-0.5832,2.9e-5,0.36849,Sig Cancer only,Discordant (Cancer Up / TR Down),TRUE
PHGDH,3.2869,0.0254,0,0.998922,Sig Cancer only,Concordant Up,TRUE
AOC3,2.8604,-0.3669,0,0.765067,Sig Cancer only,Discordant (Cancer Up / TR Down),FALSE
S100A6,3.0736,-0.1486,0,0.967799,Sig Cancer only,Discordant (Cancer Up / TR Down),TRUE
COL1A2,2.7781,0.4375,0.005381,0.75218,Sig Cancer only,Concordant Up,TRUE
SERPING1,3.057,0.125,0,0.966059,Sig Cancer only,Concordant Up,FALSE
CLU,3.0334,0.1291,0,0.962699,Sig Cancer only,Concordant Up,FALSE
APOL1,2.9638,0.1593,0,0.948574,Sig Cancer only,Concordant Up,TRUE
CAT,2.7986,-0.2923,0,0.796464,Sig Cancer only,Discordant (Cancer Up / TR Down),FALSE
APOE,2.6663,0.3938,0,0.635458,Sig Cancer only,Concordant Up,FALSE
CP,2.7178,0.3111,0,0.761133,Sig Cancer only,Concordant Up,FALSE
PPBP,2.8164,0.2124,1e-6,0.906032,Sig Cancer only,Concordant Up,TRUE
APOM,2.7741,0.2237,0,0.91779,Sig Cancer only,Concordant Up,TRUE
SLC2A1,2.8494,-0.1016,0,0.976374,Sig Cancer only,Discordant (Cancer Up / TR Down),TRUE
RCN3,2.121,0.8169,5.43e-4,0.244177,Sig Cancer only,Concordant Up,TRUE
VIM,2.7301,0.2005,0,0.934693,Sig Cancer only,Concordant Up,FALSE
S100A9,2.6709,-0.2349,0,0.875234,Sig Cancer only,Discordant (Cancer Up / TR Down),FALSE
MCAM,2.4077,-0.4783,1e-6,0.605388,Sig Cancer only,Discordant (Cancer Up / TR Down),TRUE
THBS1,2.6373,0.2439,8.8e-5,0.871885,Sig Cancer only,Concordant Up,TRUE
GNG2,2.1867,-0.6775,1e-4,0.265662,Sig Cancer only,Discordant (Cancer Up / TR Down),TRUE
JCHAIN,2.7423,-0.1083,0,0.982526,Sig Cancer only,Discordant (Cancer Up / TR Down),TRUE
ANK1,2.6257,-0.1969,0,0.909794,Sig Cancer only,Discordant (Cancer Up / TR Down),FALSE
PNP,2.7885,-0.0194,0,0.999095,Sig Cancer only,Discordant (Cancer Up / TR Down),FALSE
PRELP,2.5189,0.2424,0,0.900516,Sig Cancer only,Concordant Up,FALSE
S100B,2.2824,-0.4112,0.043311,0.810602,Sig Cancer only,Discordant (Cancer Up / TR Down),TRUE
LXN,2.4295,-0.2292,0,0.833168,Sig Cancer only,Discordant (Cancer Up / TR Down),TRUE
FABP4,2.4376,-0.1986,0,0.93973,Sig Cancer only,Discordant (Cancer Up / TR Down),FALSE
TUBB4A,1.6803,-0.9463,6.9e-5,0.070433,Sig Cancer only,Discordant (Cancer Up / TR Down),TRUE
FN1,2.5662,0.0507,0,0.994177,Sig Cancer only,Concordant Up,TRUE
SAA4,2.5683,-0.0357,9.7e-5,0.997384,Sig Cancer only,Discordant (Cancer Up / TR Down),TRUE
DEFA3,2.3109,-0.2871,0,0.788787,Sig Cancer only,Discordant (Cancer Up / TR Down),TRUE
TKT,2.4232,-0.1708,0,0.935384,Sig Cancer only,Discordant (Cancer Up / TR Down),FALSE
TUBA1C,2.257,-0.3177,5.15e-4,0.760274,Sig Cancer only,Discordant (Cancer Up / TR Down),TRUE
AEBP1,1.7758,0.7853,0.00641,0.241439,Sig Cancer only,Concordant Up,TRUE
STOM,2.3739,-0.1812,0,0.915778,Sig Cancer only,Discordant (Cancer Up / TR Down),FALSE
ANXA1,2.434,0.1193,0,0.972661,Sig Cancer only,Concordant Up,FALSE
S100A8,2.3104,-0.2266,0,0.893542,Sig Cancer only,Discordant (Cancer Up / TR Down),FALSE
CD44,1.7712,0.7346,0.00347,0.238659,Sig Cancer only,Concordant Up,TRUE
TAGLN,2.3728,0.1313,0,0.957253,Sig Cancer only,Concordant Up,FALSE
PROS1,2.073,-0.4146,0.001932,0.569867,Sig Cancer only,Discordant (Cancer Up / TR Down),TRUE
HSPA12A,2.4113,-0.0715,0,0.990026,Sig Cancer only,Discordant (Cancer Up / TR Down),TRUE
RBP4,2.2264,-0.244,0,0.824309,Sig Cancer only,Discordant (Cancer Up / TR Down),TRUE
GPNMB,1.6428,0.8207,0.003062,0.153936,Sig Cancer only,Concordant Up,TRUE
EPB41,2.1874,-0.2739,0,0.786927,Sig Cancer only,Discordant (Cancer Up / TR Down),TRUE
LPCAT3,-1.5605,0.8983,4.6e-5,0.050744,Sig Cancer only,Discordant (Cancer Down / TR Up),TRUE
TTR,2.3508,0.104,0,0.975367,Sig Cancer only,Concordant Up,FALSE
OGN,1.9299,0.5247,0,0.381198,Sig Cancer only,Concordant Up,TRUE
COL6A2,2.1367,-0.3134,0,0.793032,Sig Cancer only,Discordant (Cancer Up / TR Down),TRUE
SPARC,2.2954,0.1503,0,0.919354,Sig Cancer only,Concordant Up,TRUE
ACAT2,1.8448,-0.5934,0,0.108526,Sig Cancer only,Discordant (Cancer Up / TR Down),TRUE
SPTB,2.127,-0.2293,0,0.859753,Sig Cancer only,Discordant (Cancer Up / TR Down),FALSE
HPR,2.1732,0.1783,1e-6,0.926111,Sig Cancer only,Concordant Up,TRUE
TMOD3,1.763,0.5775,0.001614,0.212021,Sig Cancer only,Concordant Up,TRUE
ARPC5,2.1834,0.143,0,0.938607,Sig Cancer only,Concordant Up,TRUE
S100A4,2.2061,-0.1028,0,0.972955,Sig Cancer only,Discordant (Cancer Up / TR Down),FALSE
SERPINF1,2.0123,0.2749,0,0.769513,Sig Cancer only,Concordant Up,FALSE
SERPINF2,2.1849,0.0973,0,0.973513,Sig Cancer only,Concordant Up,FALSE
ASPN,1.4483,0.8303,5.89e-4,0.076414,Sig Cancer only,Concordant Up,TRUE
DIAPH2,-1.5381,0.7335,2e-6,0.07818,Sig Cancer only,Discordant (Cancer Down / TR Up),TRUE
CA2,1.8618,-0.3986,0,0.599867,Sig Cancer only,Discordant (Cancer Up / TR Down),FALSE
BPGM,2.1045,-0.1524,0,0.933217,Sig Cancer only,Discordant (Cancer Up / TR Down),FALSE
S100A11,2.0999,0.1497,0,0.945433,Sig Cancer only,Concordant Up,TRUE
TNKS1BP1,1.9252,-0.3182,1.6e-5,0.733096,Sig Cancer only,Discordant (Cancer Up / TR Down),TRUE
FBN1,1.9893,-0.2451,0,0.863799,Sig Cancer only,Discordant (Cancer Up / TR Down),FALSE
DMTN,1.8653,-0.3675,0.001643,0.690801,Sig Cancer only,Discordant (Cancer Up / TR Down),TRUE
AKR1C1,2.0501,-0.1708,0,0.934685,Sig Cancer only,Discordant (Cancer Up / TR Down),FALSE
PRDX2,1.9971,-0.2167,0,0.895933,Sig Cancer only,Discordant (Cancer Up / TR Down),FALSE
SNCG,2.1203,-0.0933,2e-6,0.982779,Sig Cancer only,Discordant (Cancer Up / TR Down),TRUE
ALAD,2.0106,-0.1919,0,0.895753,Sig Cancer only,Discordant (Cancer Up / TR Down),FALSE
BGN,1.4844,0.7133,1.76e-4,0.115751,Sig Cancer only,Concordant Up,TRUE
DCN,1.8629,0.3304,4e-6,0.769529,Sig Cancer only,Concordant Up,FALSE
ACADL,1.4315,-0.7271,3.04e-4,0.138164,Sig Cancer only,Discordant (Cancer Up / TR Down),TRUE
CARHSP1,1.687,-0.464,0.038937,0.535695,Sig Cancer only,Discordant (Cancer Up / TR Down),TRUE
FBLN1,1.9354,0.2146,0,0.836579,Sig Cancer only,Concordant Up,FALSE
CAV1,1.8741,-0.2743,2e-6,0.839049,Sig Cancer only,Discordant (Cancer Up / TR Down),FALSE
SOD3,1.764,-0.3842,0,0.555947,Sig Cancer only,Discordant (Cancer Up / TR Down),FALSE
LUM,1.8171,0.3197,0,0.740758,Sig Cancer only,Concordant Up,FALSE
CD81,1.7802,-0.3493,0,0.683411,Sig Cancer only,Discordant (Cancer Up / TR Down),FALSE
MFAP4,1.9884,-0.1295,1.62e-4,0.969601,Sig Cancer only,Discordant (Cancer Up / TR Down),TRUE
CAPG,1.4803,0.635,0.002836,0.287957,Sig Cancer only,Concordant Up,TRUE
SH3BGRL,1.8418,0.2707,0,0.767437,Sig Cancer only,Concordant Up,FALSE
ADH1B,1.5706,-0.534,2.05e-4,0.443057,Sig Cancer only,Discordant (Cancer Up / TR Down),FALSE
CLEC3B,1.6677,0.4155,0,0.461585,Sig Cancer only,Concordant Up,FALSE
FSCN1,1.4835,0.5964,0,0.103869,Sig Cancer only,Concordant Up,FALSE
AKR1C2,1.6863,-0.393,3.4e-5,0.618142,Sig Cancer only,Discordant (Cancer Up / TR Down),TRUE
CORO1C,1.7286,0.3424,8.3e-5,0.667221,Sig Cancer only,Concordant Up,TRUE
BLVRB,1.6815,-0.3754,0,0.570867,Sig Cancer only,Discordant (Cancer Up / TR Down),FALSE
LRG1,1.8608,0.1681,0,0.921677,Sig Cancer only,Concordant Up,FALSE
LTF,1.7067,-0.3179,0.009531,0.701022,Sig Cancer only,Discordant (Cancer Up / TR Down),TRUE
FBXO7,1.7214,0.3016,0,0.68901,Sig Cancer only,Concordant Up,TRUE
CD9,1.883,-0.1345,1e-6,0.954771,Sig Cancer only,Discordant (Cancer Up / TR Down),TRUE
AOX1,1.3939,-0.6186,0.017619,0.445837,Sig Cancer only,Discordant (Cancer Up / TR Down),TRUE
NDRG1,1.8912,-0.1209,7e-6,0.951905,Sig Cancer only,Discordant (Cancer Up / TR Down),TRUE
ACLY,1.926,0.0729,0.002602,0.986392,Sig Cancer only,Concordant Up,TRUE
COL6A1,1.8917,0.0993,1.1e-5,0.982051,Sig Cancer only,Concordant Up,TRUE
EHD2,1.7261,-0.2343,2e-6,0.860798,Sig Cancer only,Discordant (Cancer Up / TR Down),FALSE
ANXA2,1.8988,0.0431,1e-6,0.996242,Sig Cancer only,Concordant Up,FALSE
GLIPR2,1.7688,0.168,9e-6,0.929576,Sig Cancer only,Concordant Up,TRUE
MYO6,-1.438,0.4924,1e-6,0.259152,Sig Cancer only,Discordant (Cancer Down / TR Up),FALSE
HPRT1,1.666,-0.2588,0,0.739302,Sig Cancer only,Discordant (Cancer Up / TR Down),TRUE
APOD,1.769,0.1526,1e-6,0.942947,Sig Cancer only,Concordant Up,FALSE
LCP1,1.7758,0.1436,1e-6,0.950603,Sig Cancer only,Concordant Up,FALSE
CNN1,1.4255,0.4797,0.005674,0.403533,Sig Cancer only,Concordant Up,TRUE
SFXN3,1.7662,0.1382,0,0.907336,Sig Cancer only,Concordant Up,TRUE
ARRB1,1.6447,-0.2489,1.7e-5,0.831857,Sig Cancer only,Discordant (Cancer Up / TR Down),TRUE
KLKB1,1.8516,-0.04,0.001469,0.99642,Sig Cancer only,Discordant (Cancer Up / TR Down),TRUE
ACTN4,1.5546,0.3315,1.4e-5,0.702875,Sig Cancer only,Concordant Up,FALSE
SH3BGRL3,1.5883,0.2881,1e-6,0.717939,Sig Cancer only,Concordant Up,TRUE
EFEMP1,1.6515,0.217,0,0.850105,Sig Cancer only,Concordant Up,TRUE
GPX3,1.6484,-0.2195,0,0.834462,Sig Cancer only,Discordant (Cancer Up / TR Down),FALSE
SDHC,-1.6832,0.1789,0,0.906822,Sig Cancer only,Discordant (Cancer Down / TR Up),TRUE
GNAI3,1.7127,-0.1467,0,0.90488,Sig Cancer only,Discordant (Cancer Up / TR Down),TRUE
COL6A3,1.2123,0.6351,0.015022,0.31406,Sig Cancer only,Concordant Up,FALSE
F13A1,1.5272,0.3197,8e-6,0.703977,Sig Cancer only,Concordant Up,FALSE
GGT5,1.3662,-0.4684,1.98e-4,0.208862,Sig Cancer only,Discordant (Cancer Up / TR Down),TRUE
MARCHF5,-1.0729,0.7522,5.2e-4,0.055177,Sig Cancer only,Discordant (Cancer Down / TR Up),TRUE
ADD1,1.7371,0.0849,0,0.97673,Sig Cancer only,Concordant Up,TRUE
CALD1,1.3596,0.4606,2.9e-5,0.316681,Sig Cancer only,Concordant Up,TRUE
TPM4,1.4733,0.3414,2e-6,0.611235,Sig Cancer only,Concordant Up,FALSE
CYBRD1,1.7897,0.0234,5e-5,0.998787,Sig Cancer only,Concordant Up,TRUE
S100A10,1.539,0.2695,2.4e-5,0.806646,Sig Cancer only,Concordant Up,FALSE
LASP1,1.7333,0.072,1e-6,0.985726,Sig Cancer only,Concordant Up,TRUE
CSRP1,1.7054,-0.0817,0,0.976834,Sig Cancer only,Discordant (Cancer Up / TR Down),FALSE
CAVIN2,1.4854,-0.2991,1e-6,0.69156,Sig Cancer only,Discordant (Cancer Up / TR Down),FALSE
PEA15,1.6053,0.1755,0,0.895359,Sig Cancer only,Concordant Up,TRUE
PTBP1,1.5359,0.2435,3e-6,0.817907,Sig Cancer only,Concordant Up,TRUE
PLIN4,1.2963,-0.4777,5.57e-4,0.420972,Sig Cancer only,Discordant (Cancer Up / TR Down),FALSE
LGALS3BP,1.6744,0.0938,0,0.973183,Sig Cancer only,Concordant Up,TRUE
YAP1,1.7073,0.051,2e-6,0.993927,Sig Cancer only,Concordant Up,TRUE
AKAP12,1.4439,0.3131,1e-6,0.64506,Sig Cancer only,Concordant Up,FALSE
CD163,1.448,-0.2978,0.006806,0.752697,Sig Cancer only,Discordant (Cancer Up / TR Down),TRUE
AZGP1,1.723,0.0223,0,0.998623,Sig Cancer only,Concordant Up,FALSE
DDI2,1.6307,-0.1113,0.002176,0.970166,Sig Cancer only,Discordant (Cancer Up / TR Down),TRUE
CD34,1.6936,0.045,1.5e-4,0.993308,Sig Cancer only,Concordant Up,TRUE
CRIP1,1.6176,-0.1119,0.001529,0.968953,Sig Cancer only,Discordant (Cancer Up / TR Down),TRUE
VAT1,1.5271,0.1962,2e-6,0.879003,Sig Cancer only,Concordant Up,FALSE
RAB8A,1.7041,0.0112,9.6e-5,0.999692,Sig Cancer only,Concordant Up,TRUE
UROD,1.49,-0.2208,0,0.779294,Sig Cancer only,Discordant (Cancer Up / TR Down),TRUE
CRIP2,1.54,0.1692,0,0.880519,Sig Cancer only,Concordant Up,FALSE
ADPRH,-1.5589,-0.1408,1e-6,0.941054,Sig Cancer only,Concordant Down,TRUE
MRPL38,-0.9464,0.7518,0.029327,0.144015,Sig Cancer only,Discordant (Cancer Down / TR Up),TRUE
ADH1C,1.2628,-0.4351,3.12e-4,0.519113,Sig Cancer only,Discordant (Cancer Up / TR Down),TRUE
MYH10,1.6546,0.0303,0.001541,0.996939,Sig Cancer only,Concordant Up,TRUE
MYOZ2,1.6621,-0.0173,0.017648,0.999702,Sig Cancer only,Discordant (Cancer Up / TR Down),TRUE
ACTB,1.4593,0.2171,0.001018,0.901272,Sig Cancer only,Concordant Up,FALSE
RAB23,1.2118,0.4579,0.039777,0.66398,Sig Cancer only,Concordant Up,TRUE
CAVIN1,1.4009,-0.2643,8e-5,0.797264,Sig Cancer only,Discordant (Cancer Up / TR Down),FALSE
CLIC1,1.5694,0.0884,0,0.970523,Sig Cancer only,Concordant Up,FALSE
AKR1C3,1.5594,0.0972,1.8e-5,0.976814,Sig Cancer only,Concordant Up,FALSE
SPTBN1,1.5811,0.0744,0,0.98302,Sig Cancer only,Concordant Up,FALSE
FAH,1.3157,-0.3358,2e-6,0.540934,Sig Cancer only,Discordant (Cancer Up / TR Down),FALSE
GSN,1.407,0.2437,8e-6,0.798592,Sig Cancer only,Concordant Up,FALSE
ARPC1B,1.5156,0.1341,0,0.935939,Sig Cancer only,Concordant Up,TRUE
G6PD,1.3056,-0.3419,0.003016,0.603628,Sig Cancer only,Discordant (Cancer Up / TR Down),TRUE
HEBP1,1.4584,-0.1876,6e-6,0.887403,Sig Cancer only,Discordant (Cancer Up / TR Down),FALSE
CTSG,0.9987,0.6425,0.036908,0.214924,Sig Cancer only,Concordant Up,TRUE
TUBB6,1.6338,8e-4,0,0.999998,Sig Cancer only,Concordant Up,FALSE
ACACA,-1.2827,0.3408,8.38e-4,0.682976,Sig Cancer only,Discordant (Cancer Down / TR Up),FALSE
SRI,1.3987,-0.2218,1e-6,0.80821,Sig Cancer only,Discordant (Cancer Up / TR Down),FALSE
CNN3,1.2504,0.3449,0.002179,0.650104,Sig Cancer only,Concordant Up,TRUE
B2M,1.5052,-0.0893,3e-6,0.976848,Sig Cancer only,Discordant (Cancer Up / TR Down),FALSE
SMTNL1,-1.1348,-0.4411,2.49e-4,0.340782,Sig Cancer only,Concordant Down,TRUE
LGALS1,1.1829,-0.3828,2.6e-5,0.415906,Sig Cancer only,Discordant (Cancer Up / TR Down),FALSE
DYNC1LI2,1.3074,-0.2513,1.27e-4,0.77125,Sig Cancer only,Discordant (Cancer Up / TR Down),TRUE
SORBS1,1.2705,-0.287,0.002504,0.787493,Sig Cancer only,Discordant (Cancer Up / TR Down),TRUE
MARCKS,1.3805,0.1767,1e-6,0.864533,Sig Cancer only,Concordant Up,TRUE
MUSTN1,1.1201,0.4342,0.00838,0.529947,Sig Cancer only,Concordant Up,TRUE
MGLL,1.4072,-0.1451,5e-5,0.943684,Sig Cancer only,Discordant (Cancer Up / TR Down),TRUE
SPTAN1,1.4741,0.075,2e-6,0.982873,Sig Cancer only,Concordant Up,FALSE
CNN2,1.3494,0.1983,0.002086,0.888464,Sig Cancer only,Concordant Up,TRUE
CYB5B,-1.4827,0.0649,0,0.981923,Sig Cancer only,Discordant (Cancer Down / TR Up),FALSE
ARHGAP1,1.3198,0.2218,0,0.762309,Sig Cancer only,Concordant Up,FALSE
AP1B1,0.8675,0.6735,0.022894,0.067856,Sig Cancer only,Concordant Up,TRUE
SELENBP1,1.1024,-0.4364,4.37e-4,0.349197,Sig Cancer only,Discordant (Cancer Up / TR Down),FALSE
TAGLN2,1.3221,0.2138,2e-6,0.80697,Sig Cancer only,Concordant Up,FALSE
TYMP,1.459,-0.0763,1.5e-5,0.983876,Sig Cancer only,Discordant (Cancer Up / TR Down),TRUE
CD36,1.2644,-0.2579,0.001606,0.825181,Sig Cancer only,Discordant (Cancer Up / TR Down),FALSE
DDAH2,1.5024,0.0182,0,0.999037,Sig Cancer only,Concordant Up,TRUE
CAV2,1.5126,-0.0034,1.34e-4,0.999979,Sig Cancer only,Discordant (Cancer Up / TR Down),TRUE
CCS,1.2236,-0.2906,5.3e-5,0.679149,Sig Cancer only,Discordant (Cancer Up / TR Down),TRUE
SAMHD1,1.2775,-0.2235,0.002565,0.824893,Sig Cancer only,Discordant (Cancer Up / TR Down),TRUE
MYO1C,1.3246,-0.1714,9.6e-5,0.909165,Sig Cancer only,Discordant (Cancer Up / TR Down),FALSE
GNAQ,0.9394,-0.5506,0.04371,0.344652,Sig Cancer only,Discordant (Cancer Up / TR Down),TRUE
NUBP2,0.8492,0.6347,0.017782,0.145551,Sig Cancer only,Concordant Up,TRUE
C19orf12,-0.8522,0.631,0.011037,0.101224,Sig Cancer only,Discordant (Cancer Down / TR Up),TRUE
TMOD1,1.222,0.2497,3.01e-4,0.794445,Sig Cancer only,Concordant Up,TRUE
EHD1,1.2553,-0.2138,9.4e-5,0.840052,Sig Cancer only,Discordant (Cancer Up / TR Down),FALSE
PGM2,1.3829,0.0862,1e-6,0.969991,Sig Cancer only,Concordant Up,TRUE
MT-ND4,-1.2097,0.2573,0.003444,0.841514,Sig Cancer only,Discordant (Cancer Down / TR Up),TRUE
NDUFB5,-0.9263,0.5403,0.016733,0.248214,Sig Cancer only,Discordant (Cancer Down / TR Up),TRUE
ITGA1,1.1619,-0.299,7.15e-4,0.681976,Sig Cancer only,Discordant (Cancer Up / TR Down),TRUE
SOD1,1.0552,-0.4036,8e-6,0.228097,Sig Cancer only,Discordant (Cancer Up / TR Down),FALSE
ANXA5,1.375,-0.0826,3.3e-4,0.983416,Sig Cancer only,Discordant (Cancer Up / TR Down),FALSE
MRPL49,-1.0631,0.3936,0.00127,0.471547,Sig Cancer only,Discordant (Cancer Down / TR Up),TRUE
GMPR2,0.9763,-0.4786,0.023437,0.45316,Sig Cancer only,Discordant (Cancer Up / TR Down),TRUE
KDSR,1.1326,-0.3189,0.00501,0.773451,Sig Cancer only,Discordant (Cancer Up / TR Down),TRUE
FAM162A,-0.9983,0.4478,0.001432,0.298305,Sig Cancer only,Discordant (Cancer Down / TR Up),FALSE
GCLC,1.221,-0.2188,3.5e-5,0.808343,Sig Cancer only,Discordant (Cancer Up / TR Down),FALSE
BZW2,-0.9886,0.4412,0.011783,0.446117,Sig Cancer only,Discordant (Cancer Down / TR Up),TRUE
UBA5,1.1362,-0.2851,0.003374,0.709618,Sig Cancer only,Discordant (Cancer Up / TR Down),TRUE
LAMB2,1.2292,0.192,0.006007,0.919774,Sig Cancer only,Concordant Up,TRUE
EPS15,1.1744,-0.2384,0.011597,0.754119,Sig Cancer only,Discordant (Cancer Up / TR Down),TRUE
TMEM256,1.225,-0.1857,2.1e-5,0.829769,Sig Cancer only,Discordant (Cancer Up / TR Down),TRUE
PAFAH1B2,0.9477,-0.4611,3.81e-4,0.155006,Sig Cancer only,Discordant (Cancer Up / TR Down),TRUE
TNXB,0.9907,0.4086,0.026019,0.509117,Sig Cancer only,Concordant Up,TRUE
SLC25A46,-1.0791,0.3197,7.77e-4,0.726656,Sig Cancer only,Discordant (Cancer Down / TR Up),TRUE
PTGDS,1.3249,-0.0715,0.023042,0.988016,Sig Cancer only,Discordant (Cancer Up / TR Down),TRUE
FLNA,1.263,0.1286,1.1e-5,0.935692,Sig Cancer only,Concordant Up,FALSE
AHNAK,1.3803,-0.0111,1.36e-4,0.9997,Sig Cancer only,Discordant (Cancer Up / TR Down),FALSE
APMAP,1.3436,-0.0393,1.5e-5,0.995252,Sig Cancer only,Discordant (Cancer Up / TR Down),FALSE
HNRNPA3,0.9646,-0.4168,0.014573,0.483435,Sig Cancer only,Discordant (Cancer Up / TR Down),FALSE
CAP1,1.2913,0.0888,5e-6,0.970316,Sig Cancer only,Concordant Up,FALSE
CD58,1.3528,0.0215,0.001799,0.99866,Sig Cancer only,Concordant Up,TRUE
SULT1A1,1.2924,0.0665,5.22e-4,0.98782,Sig Cancer only,Concordant Up,TRUE
STEAP4,0.9077,0.4476,0.004001,0.486269,Sig Cancer only,Concordant Up,TRUE
AP3B1,1.2541,-0.1006,0.008035,0.977501,Sig Cancer only,Discordant (Cancer Up / TR Down),TRUE
GNB1,1.0843,-0.2642,2.74e-4,0.704837,Sig Cancer only,Discordant (Cancer Up / TR Down),FALSE
CORO1B,1.1899,0.1569,0.010136,0.930138,Sig Cancer only,Concordant Up,TRUE
RAP1B,1.2814,-0.0647,5.9e-5,0.986905,Sig Cancer only,Discordant (Cancer Up / TR Down),FALSE
STBD1,-0.9962,0.3476,0.001711,0.526248,Sig Cancer only,Discordant (Cancer Down / TR Up),FALSE
MT-ND3,-1.0566,0.2835,0.024378,0.805123,Sig Cancer only,Discordant (Cancer Down / TR Up),TRUE
GNAI1,1.3088,-0.0296,0.010159,0.99828,Sig Cancer only,Discordant (Cancer Up / TR Down),TRUE
PGD,1.1772,-0.1546,5.8e-5,0.904105,Sig Cancer only,Discordant (Cancer Up / TR Down),FALSE
MPP1,1.2964,-0.0322,1e-5,0.996647,Sig Cancer only,Discordant (Cancer Up / TR Down),TRUE
LYZ,1.1907,-0.1378,9.52e-4,0.931268,Sig Cancer only,Discordant (Cancer Up / TR Down),TRUE
TGFBI,1.1941,0.1331,0.003169,0.954921,Sig Cancer only,Concordant Up,TRUE
FBP1,-0.8488,0.4776,0.03835,0.3541,Sig Cancer only,Discordant (Cancer Down / TR Up),TRUE
SLC25A6,-0.9754,0.3478,0.009554,0.604129,Sig Cancer only,Discordant (Cancer Down / TR Up),FALSE
PLS3,1.021,0.2974,0.001372,0.648727,Sig Cancer only,Concordant Up,FALSE
CST3,1.0859,0.2233,0.001467,0.829232,Sig Cancer only,Concordant Up,TRUE
PPIB,1.056,0.2503,9.25e-4,0.753483,Sig Cancer only,Concordant Up,FALSE
PICALM,1.0089,0.2915,0.004174,0.684963,Sig Cancer only,Concordant Up,TRUE
SORD,0.7742,-0.5199,0.006085,0.087168,Sig Cancer only,Discordant (Cancer Up / TR Down),TRUE
MTM1,-0.9586,0.3333,0.002827,0.626092,Sig Cancer only,Discordant (Cancer Down / TR Up),TRUE
DDT,0.9839,-0.3034,2.74e-4,0.544769,Sig Cancer only,Discordant (Cancer Up / TR Down),FALSE
GYPC,0.9901,0.2927,0.005991,0.698823,Sig Cancer only,Concordant Up,TRUE
MYL9,0.8092,0.4732,0.033317,0.280595,Sig Cancer only,Concordant Up,TRUE
PITHD1,1.1195,-0.1623,1e-5,0.853151,Sig Cancer only,Discordant (Cancer Up / TR Down),TRUE
IQGAP1,0.8357,0.4406,0.013145,0.303121,Sig Cancer only,Concordant Up,FALSE
NDUFA4,-1.1154,0.1566,3e-6,0.864592,Sig Cancer only,Discordant (Cancer Down / TR Up),FALSE
PTPA,0.8345,-0.4283,8.9e-4,0.163953,Sig Cancer only,Discordant (Cancer Up / TR Down),FALSE
ZBTB9,-0.89,0.3696,0.017421,0.534683,Sig Cancer only,Discordant (Cancer Down / TR Up),TRUE
LGALS3,1.22,0.0388,6.84e-4,0.995963,Sig Cancer only,Concordant Up,FALSE
STX4,-0.7653,-0.4917,0.011028,0.315227,Sig Cancer only,Concordant Down,TRUE
HINT3,-0.9934,0.2409,3.43e-4,0.719917,Sig Cancer only,Discordant (Cancer Down / TR Up),TRUE
GNAI2,1.2052,0.0289,1.23e-4,0.997372,Sig Cancer only,Concordant Up,FALSE
ATP5F1D,-0.7961,0.4367,0.009235,0.241942,Sig Cancer only,Discordant (Cancer Down / TR Up),FALSE
ATP6V1H,1.0133,-0.2193,9.3e-5,0.750864,Sig Cancer only,Discordant (Cancer Up / TR Down),TRUE
RRAS,0.8525,-0.379,0.006464,0.400985,Sig Cancer only,Discordant (Cancer Up / TR Down),FALSE
AP2A2,1.1363,0.0925,3.18e-4,0.965764,Sig Cancer only,Concordant Up,TRUE
EPB41L2,1.1867,-0.0383,2.5e-5,0.994585,Sig Cancer only,Discordant (Cancer Up / TR Down),FALSE
SLC16A1,-0.8084,0.4148,0.03839,0.427708,Sig Cancer only,Discordant (Cancer Down / TR Up),FALSE
SEPTIN10,0.8044,-0.4183,0.029465,0.495546,Sig Cancer only,Discordant (Cancer Up / TR Down),TRUE
ANXA4,1.0049,0.2133,3.89e-4,0.78469,Sig Cancer only,Concordant Up,FALSE
EIF4B,0.8896,-0.3275,0.005672,0.548042,Sig Cancer only,Discordant (Cancer Up / TR Down),TRUE
NID1,1.2012,0.0129,0.003443,0.999614,Sig Cancer only,Concordant Up,TRUE
CTTN,1.1101,-0.1032,1.4e-5,0.949079,Sig Cancer only,Discordant (Cancer Up / TR Down),FALSE
PYGL,0.8307,-0.379,3.03e-4,0.209012,Sig Cancer only,Discordant (Cancer Up / TR Down),FALSE
GUK1,1.0669,-0.141,8.02e-4,0.92124,Sig Cancer only,Discordant (Cancer Up / TR Down),TRUE
PLN,-1.0908,-0.1151,8.4e-4,0.955552,Sig Cancer only,Concordant Down,TRUE
TNS1,0.8873,-0.316,0.002045,0.520847,Sig Cancer only,Discordant (Cancer Up / TR Down),FALSE
HMBS,1.1229,-0.0783,0.001757,0.98032,Sig Cancer only,Discordant (Cancer Up / TR Down),TRUE
ACAD8,-0.9041,-0.293,0.008821,0.667422,Sig Cancer only,Concordant Down,TRUE
DHRS7C,-0.8906,0.3003,0.005177,0.61785,Sig Cancer only,Discordant (Cancer Down / TR Up),TRUE
CYB5A,1.0471,-0.1416,0.011349,0.945902,Sig Cancer only,Discordant (Cancer Up / TR Down),TRUE
ANK3,-1.0496,0.1222,6e-6,0.927763,Sig Cancer only,Discordant (Cancer Down / TR Up),TRUE
CSRP3,-0.7575,0.4083,0.016597,0.305283,Sig Cancer only,Discordant (Cancer Down / TR Up),TRUE
PPIA,1.1106,-0.0533,5.86e-4,0.990674,Sig Cancer only,Discordant (Cancer Up / TR Down),FALSE
LHPP,1.0771,-0.084,0.005018,0.97974000000000006,Sig Cancer only,Discordant (Cancer Up / TR Down),TRUE
KCTD12,1.0347,0.1176,1.21e-4,0.936881,Sig Cancer only,Concordant Up,TRUE
MSN,1.1184,0.0296,1.37e-4,0.996867,Sig Cancer only,Concordant Up,FALSE
LRRC59,0.7687,0.3764,0.013484,0.405402,Sig Cancer only,Concordant Up,TRUE
LAMP1,0.9742,0.1708,0.010824,0.910593,Sig Cancer only,Concordant Up,TRUE
NME1,0.9239,-0.2203,1.1e-5,0.634585,Sig Cancer only,Discordant (Cancer Up / TR Down),FALSE
CYFIP1,0.9138,-0.2281,0.003675,0.766173,Sig Cancer only,Discordant (Cancer Up / TR Down),TRUE
FLOT2,0.9169,-0.2197,4.51e-4,0.731,Sig Cancer only,Discordant (Cancer Up / TR Down),FALSE
DCUN1D1,0.6982,-0.4377,0.016261,0.180989,Sig Cancer only,Discordant (Cancer Up / TR Down),TRUE
TLN1,1.1297,-0.006,2.5e-5,0.999861,Sig Cancer only,Discordant (Cancer Up / TR Down),FALSE
CAND1,1.0472,-0.086,1.7e-5,0.961715,Sig Cancer only,Discordant (Cancer Up / TR Down),FALSE
LAMC1,1.13,-1e-4,0.010627,1,Sig Cancer only,Discordant (Cancer Up / TR Down),TRUE
SLC25A11,-0.8918,0.2226,0.01171,0.810461,Sig Cancer only,Discordant (Cancer Down / TR Up),FALSE
RAB1A,1.0462,0.0674,4e-6,0.975296,Sig Cancer only,Concordant Up,TRUE
ARPC3,0.7925,0.3169,0.025457,0.592903,Sig Cancer only,Concordant Up,FALSE
CTNNA1,0.6869,-0.4225,0.039648,0.294067,Sig Cancer only,Discordant (Cancer Up / TR Down),TRUE
CAMK2B,-0.9381,0.1692,2.69e-4,0.846529,Sig Cancer only,Discordant (Cancer Down / TR Up),TRUE
AQP1,1.0376,0.0696,0.017717,0.984875,Sig Cancer only,Concordant Up,TRUE
ESYT1,0.8496,-0.256,0.014349,0.734188,Sig Cancer only,Discordant (Cancer Up / TR Down),FALSE
AGFG1,0.9642,0.1369,0.02929,0.947136,Sig Cancer only,Concordant Up,TRUE
GPD1,0.7464,-0.3501,0.011254,0.396363,Sig Cancer only,Discordant (Cancer Up / TR Down),FALSE
HDLBP,1.0768,-0.0197,7.37e-4,0.998761,Sig Cancer only,Discordant (Cancer Up / TR Down),TRUE
BTD,1.0728,-0.0223,7.26e-4,0.998377,Sig Cancer only,Discordant (Cancer Up / TR Down),FALSE
MPC2,-0.8569,-0.2344,0.006782,0.751824,Sig Cancer only,Concordant Down,TRUE
MYH14,-1.0193,0.0719,1.01e-4,0.976715,Sig Cancer only,Discordant (Cancer Down / TR Up),TRUE
CUL4A,-0.7217,0.3689,0.048526,0.459915,Sig Cancer only,Discordant (Cancer Down / TR Up),TRUE
HNRNPF,0.8381,-0.2462,0.024049,0.712561,Sig Cancer only,Discordant (Cancer Up / TR Down),TRUE
EIPR1,0.6939,-0.3835,0.021574,0.347236,Sig Cancer only,Discordant (Cancer Up / TR Down),TRUE
EHD4,0.8474,0.2267,0.009324,0.7656,Sig Cancer only,Concordant Up,TRUE
DBNL,0.93,0.1399,3.3e-4,0.893406,Sig Cancer only,Concordant Up,TRUE
KPNA3,-0.7457,0.32,0.039255,0.579348,Sig Cancer only,Discordant (Cancer Down / TR Up),TRUE
PTRHD1,-0.8778,0.1874,0.018485,0.881874,Sig Cancer only,Discordant (Cancer Down / TR Up),TRUE
DPYSL2,0.9392,0.1254,0.00248,0.934952,Sig Cancer only,Concordant Up,FALSE
IFITM1,0.9474,-0.1164,0.002762,0.946657,Sig Cancer only,Discordant (Cancer Up / TR Down),TRUE
PDIA3,0.9163,0.1461,0.00216,0.903876,Sig Cancer only,Concordant Up,FALSE
AMPD3,-0.9029,0.1591,0.018967,0.917332,Sig Cancer only,Discordant (Cancer Down / TR Up),TRUE
ADPRHL1,-1.0321,-0.0296,8.48e-4,0.996955,Sig Cancer only,Concordant Down,TRUE
SYNE2,-0.7598,0.3005,0.02941,0.698612,Sig Cancer only,Discordant (Cancer Down / TR Up),TRUE
PDHX,-0.8807,0.1794,0.011904,0.876183,Sig Cancer only,Discordant (Cancer Down / TR Up),FALSE
RANBP1,0.9656,-0.0774,0.001411,0.975233,Sig Cancer only,Discordant (Cancer Up / TR Down),TRUE
CSPG4,0.9011,-0.1398,0.025923,0.92869,Sig Cancer only,Discordant (Cancer Up / TR Down),TRUE
TALDO1,0.7729,-0.2679,0.00878,0.624349,Sig Cancer only,Discordant (Cancer Up / TR Down),FALSE
PAFAH1B3,0.8424,-0.1933,0.013647,0.846094,Sig Cancer only,Discordant (Cancer Up / TR Down),FALSE
TXLNB,-0.9005,-0.135,0.034568,0.947366,Sig Cancer only,Concordant Down,TRUE
FBLN2,1.0334,-2e-4,1.56e-4,1,Sig Cancer only,Discordant (Cancer Up / TR Down),FALSE
RPL30,-0.6045,0.424,0.035022,0.155028,Sig Cancer only,Discordant (Cancer Down / TR Up),FALSE
MYH9,0.8617,0.1666,0.006375,0.877331,Sig Cancer only,Concordant Up,FALSE
PPP1R12B,1.0029,-0.0242,0.041158,0.998659,Sig Cancer only,Discordant (Cancer Up / TR Down),TRUE
PTMS,0.9371,0.0881,2.63e-4,0.960394,Sig Cancer only,Concordant Up,TRUE
LDHB,0.8169,-0.1998,0.032297,0.85307,Sig Cancer only,Discordant (Cancer Up / TR Down),FALSE
PSMF1,0.8106,-0.199,0.023736,0.841927,Sig Cancer only,Discordant (Cancer Up / TR Down),FALSE
SDHD,-1.0092,-3e-4,0.0056,1,Sig Cancer only,Concordant Down,TRUE
COQ3,-0.9198,-0.0828,0.020332,0.979654,Sig Cancer only,Concordant Down,TRUE
UBE2O,0.808,0.194,0.013797,0.833503,Sig Cancer only,Concordant Up,TRUE
RHOG,0.9784,-0.0234,0.010081,0.998569,Sig Cancer only,Discordant (Cancer Up / TR Down),TRUE
ENDOD1,-0.8191,0.178,0.002937,0.825464,Sig Cancer only,Discordant (Cancer Down / TR Up),FALSE
GNG12,0.9578,0.0385,5.93e-4,0.99381,Sig Cancer only,Concordant Up,FALSE
TSFM,-0.6905,0.3031,0.026217,0.58555,Sig Cancer only,Discordant (Cancer Down / TR Up),TRUE
PIP4K2B,-0.7773,0.2159,0.004335,0.764073,Sig Cancer only,Discordant (Cancer Down / TR Up),TRUE
PITPNA,0.9142,-0.0776,0.002398,0.97507,Sig Cancer only,Discordant (Cancer Up / TR Down),FALSE
ARPP19,-0.7679,-0.2166,0.003335,0.714375,Sig Cancer only,Concordant Down,TRUE
ARHGDIB,0.9358,-0.0444,0.023538,0.99451,Sig Cancer only,Discordant (Cancer Up / TR Down),TRUE
ENDOG,-0.7455,-0.2339,0.043181,0.780339,Sig Cancer only,Concordant Down,TRUE
DYSF,-0.7166,0.2624,0.006839,0.570187,Sig Cancer only,Discordant (Cancer Down / TR Up),FALSE
SLC25A20,-0.678,0.2994,0.044374,0.569819,Sig Cancer only,Discordant (Cancer Down / TR Up),FALSE
CNIH4,-0.6161,0.3611,0.024574,0.275496,Sig Cancer only,Discordant (Cancer Down / TR Up),TRUE
CLIC2,0.9626,-0.0146,0.009762,0.999411,Sig Cancer only,Discordant (Cancer Up / TR Down),TRUE
ANP32A,0.9113,-0.0629,7.2e-5,0.977605,Sig Cancer only,Discordant (Cancer Up / TR Down),TRUE
MYL12B,0.7446,0.2263,0.009341,0.711949,Sig Cancer only,Concordant Up,FALSE
CTSD,0.788,-0.1816,0.008665,0.833323,Sig Cancer only,Discordant (Cancer Up / TR Down),FALSE
HNRNPA2B1,0.9144,-0.054,1.46e-4,0.984422,Sig Cancer only,Discordant (Cancer Up / TR Down),FALSE
ARF1,0.8727,-0.0924,2.77e-4,0.949703,Sig Cancer only,Discordant (Cancer Up / TR Down),FALSE
MAPT,-0.7387,0.2262,0.011322,0.717184,Sig Cancer only,Discordant (Cancer Down / TR Up),FALSE
PDXK,0.839,-0.1228,0.002307,0.921725,Sig Cancer only,Discordant (Cancer Up / TR Down),FALSE
ALDH5A1,-0.7432,0.2176,0.022587,0.772902,Sig Cancer only,Discordant (Cancer Down / TR Up),FALSE
GCLM,0.9336,-0.0222,0.00457,0.998334,Sig Cancer only,Discordant (Cancer Up / TR Down),FALSE
CISD1,-0.6791,0.2747,0.008418,0.505089,Sig Cancer only,Discordant (Cancer Down / TR Up),TRUE
DNAJB1,0.7152,0.2385,0.04402,0.750903,Sig Cancer only,Concordant Up,TRUE
SDCBP,0.736,-0.2174,0.020243,0.765528,Sig Cancer only,Discordant (Cancer Up / TR Down),TRUE
NLRX1,-0.8305,0.1216,0.009842,0.941559,Sig Cancer only,Discordant (Cancer Down / TR Up),TRUE
NCLN,0.8179,0.1314,0.016639,0.944453,Sig Cancer only,Concordant Up,TRUE
COA3,-0.8421,0.1057,0.019159,0.962277,Sig Cancer only,Discordant (Cancer Down / TR Up),TRUE
NEK9,-0.6594,-0.2788,0.009455,0.541023,Sig Cancer only,Concordant Down,TRUE
ECPAS,-0.7978,0.1329,0.001051,0.886663,Sig Cancer only,Discordant (Cancer Down / TR Up),FALSE
ACSL3,-0.7599,0.1706,0.005176,0.829481,Sig Cancer only,Discordant (Cancer Down / TR Up),TRUE
C20orf27,0.8813,-0.0473,0.033674,0.992513,Sig Cancer only,Discordant (Cancer Up / TR Down),TRUE
PSMD5,0.8167,-0.1116,0.003603,0.940886,Sig Cancer only,Discordant (Cancer Up / TR Down),TRUE
MFN2,-0.8335,0.0926,9.03e-4,0.951254,Sig Cancer only,Discordant (Cancer Down / TR Up),TRUE
JSRP1,-0.8307,-0.095,0.012709,0.964454,Sig Cancer only,Concordant Down,TRUE
IDH1,0.6768,-0.2476,0.028494,0.665929,Sig Cancer only,Discordant (Cancer Up / TR Down),FALSE
SYPL2,-0.8739,0.0491,2.29e-4,0.986675,Sig Cancer only,Discordant (Cancer Down / TR Up),TRUE
DMAC2L,-0.8638,-0.0592,0.001991,0.984691,Sig Cancer only,Concordant Down,TRUE
PARVA,0.863,0.0585,0.004794,0.986362,Sig Cancer only,Concordant Up,TRUE
YWHAZ,0.8579,0.0575,0.025219,0.989611,Sig Cancer only,Concordant Up,FALSE
NPC2,0.8651,-0.0479,0.002373,0.99018,Sig Cancer only,Discordant (Cancer Up / TR Down),TRUE
ATG3,0.869,0.0367,0.001508,0.994079,Sig Cancer only,Concordant Up,TRUE
SYNJ2BP,-0.6071,0.2943,0.027986,0.449182,Sig Cancer only,Discordant (Cancer Down / TR Up),FALSE
ATP1B1,-0.781,0.1158,0.014263,0.940164,Sig Cancer only,Discordant (Cancer Down / TR Up),TRUE
CLIC4,0.6417,0.2539,0.025637,0.605414,Sig Cancer only,Concordant Up,FALSE
PGAM1,0.6034,-0.2916,0.029035,0.455819,Sig Cancer only,Discordant (Cancer Up / TR Down),FALSE
CALM1,0.771,-0.1213,0.0309,0.941964,Sig Cancer only,Discordant (Cancer Up / TR Down),FALSE
IMPA2,-0.7852,-0.1068,0.049851,0.962416,Sig Cancer only,Concordant Down,TRUE
RPS2,-0.5614,0.3252,0.005193,0.159816,Sig Cancer only,Discordant (Cancer Down / TR Up),FALSE
RAN,0.6543,-0.2311,0.003369,0.557073,Sig Cancer only,Discordant (Cancer Up / TR Down),FALSE
FARSB,-0.793,0.0884,1e-5,0.92617,Sig Cancer only,Discordant (Cancer Down / TR Up),TRUE
ABHD14B,0.7772,-0.1035,0.001494,0.933096,Sig Cancer only,Discordant (Cancer Up / TR Down),FALSE
SEPTIN11,0.6697,0.211,0.034378,0.765323,Sig Cancer only,Concordant Up,TRUE
MT-ND5,-0.7582,0.1218,0.032254,0.940244,Sig Cancer only,Discordant (Cancer Down / TR Up),TRUE
RPL14,0.8257,0.0486,0.028521,0.992513,Sig Cancer only,Concordant Up,TRUE
ECI2,-0.8239,0.0501,0.009853,0.990098,Sig Cancer only,Discordant (Cancer Down / TR Up),TRUE
VPS28,-0.8303,0.0433,0.003606,0.992633,Sig Cancer only,Discordant (Cancer Down / TR Up),TRUE
CSE1L,-0.8036,0.0692,1.27e-4,0.96565,Sig Cancer only,Discordant (Cancer Down / TR Up),FALSE
GNAS,0.6407,-0.232,0.010315,0.605778,Sig Cancer only,Discordant (Cancer Up / TR Down),FALSE
ECHDC1,0.7885,0.0823,0.024434,0.974955,Sig Cancer only,Concordant Up,TRUE
HNRNPA1,0.7638,-0.1067,0.004327,0.936047,Sig Cancer only,Discordant (Cancer Up / TR Down),FALSE
SCCPDH,-0.5935,0.2753,0.043161,0.530564,Sig Cancer only,Discordant (Cancer Down / TR Up),FALSE
DBT,-0.818,-0.0501,0.003645,0.988809,Sig Cancer only,Concordant Down,TRUE
TMEM11,-0.647,0.2188,0.024019,0.714748,Sig Cancer only,Discordant (Cancer Down / TR Up),TRUE
ATP5PD,-0.6336,0.2316,0.04207,0.695728,Sig Cancer only,Discordant (Cancer Down / TR Up),FALSE
CAND2,-0.696,-0.1671,0.029759,0.859561,Sig Cancer only,Concordant Down,TRUE
ELAVL1,0.7343,-0.1281,0.023933,0.924484,Sig Cancer only,Discordant (Cancer Up / TR Down),TRUE
DIABLO,-0.7204,-0.1411,0.005273,0.873344,Sig Cancer only,Concordant Down,TRUE
NME2,0.8118,0.0497,0.003141,0.988184,Sig Cancer only,Concordant Up,FALSE
SEPTIN7,0.7439,0.1161,0.017072,0.9359,Sig Cancer only,Concordant Up,FALSE
DHRS7B,-0.8294,0.0278,0.002405,0.996583,Sig Cancer only,Discordant (Cancer Down / TR Up),TRUE
VPS29,0.7074,-0.1491,0.023514,0.890781,Sig Cancer only,Discordant (Cancer Up / TR Down),TRUE
CTSZ,0.7654,0.0899,0.020108,0.966865,Sig Cancer only,Concordant Up,TRUE
NNT,-0.6277,0.2251,0.032561,0.689274,Sig Cancer only,Discordant (Cancer Down / TR Up),FALSE
ALDH16A1,0.8158,-0.0353,0.00648,0.994742,Sig Cancer only,Discordant (Cancer Up / TR Down),TRUE
CAVIN4,-0.681,0.1698,0.042256,0.860526,Sig Cancer only,Discordant (Cancer Down / TR Up),TRUE
SNX1,0.842,-0.0046,0.040728,0.99994,Sig Cancer only,Discordant (Cancer Up / TR Down),TRUE
LPP,0.7303,0.115,0.018793,0.936253,Sig Cancer only,Concordant Up,TRUE
ILK,0.7749,-0.0702,0.002979,0.973126,Sig Cancer only,Discordant (Cancer Up / TR Down),FALSE
TXN,0.672,-0.1702,0.020496,0.82995,Sig Cancer only,Discordant (Cancer Up / TR Down),FALSE
CLIP2,-0.7844,0.0564,0.002773,0.984984,Sig Cancer only,Discordant (Cancer Down / TR Up),TRUE
CLTC,0.6825,0.1566,0.022635,0.864446,Sig Cancer only,Concordant Up,FALSE
PACSIN2,0.6115,-0.2266,0.02107,0.648537,Sig Cancer only,Discordant (Cancer Up / TR Down),TRUE
SLC25A3,-0.5562,0.2813,0.033072,0.429537,Sig Cancer only,Discordant (Cancer Down / TR Up),FALSE
STAM,0.7773,-0.0601,0.003629,0.98105,Sig Cancer only,Discordant (Cancer Up / TR Down),TRUE
ATP2B4,0.8325,0.004,0.003988,0.999938,Sig Cancer only,Concordant Up,TRUE
CPT2,-0.6919,0.144,0.027378,0.894044,Sig Cancer only,Discordant (Cancer Down / TR Up),FALSE
GAPVD1,0.7675,-0.0665,0.021119,0.983555,Sig Cancer only,Discordant (Cancer Up / TR Down),TRUE
ARFIP1,0.768,-0.0634,0.02989,0.987969,Sig Cancer only,Discordant (Cancer Up / TR Down),TRUE
BOLA2,0.7244,0.1061,0.01921,0.943613,Sig Cancer only,Concordant Up,TRUE
FHOD1,-0.6959,0.1338,0.018474,0.904287,Sig Cancer only,Discordant (Cancer Down / TR Up),TRUE
ITGB1,0.684,-0.145,0.036635,0.897124,Sig Cancer only,Discordant (Cancer Up / TR Down),FALSE
RARS1,-0.6588,0.1662,0.005222,0.785141,Sig Cancer only,Discordant (Cancer Down / TR Up),TRUE
LACTB,-0.8205,0.0027,0.004833,0.99997,Sig Cancer only,Discordant (Cancer Down / TR Up),FALSE
ATP1A2,-0.785,0.0377,0.009147,0.993921,Sig Cancer only,Discordant (Cancer Down / TR Up),TRUE
NUTF2,0.6257,-0.195,0.002728,0.639228,Sig Cancer only,Discordant (Cancer Up / TR Down),FALSE
TUBB,0.7502,-0.0642,0.036624,0.984577,Sig Cancer only,Discordant (Cancer Up / TR Down),FALSE
ACOT9,-0.599,0.2136,0.013804,0.637045,Sig Cancer only,Discordant (Cancer Down / TR Up),TRUE
SUMO2,0.7967,-0.0136,0.001978,0.999124,Sig Cancer only,Discordant (Cancer Up / TR Down),TRUE
TTLL12,0.7663,0.0424,0.021784,0.993777,Sig Cancer only,Concordant Up,TRUE
BLVRA,0.7667,-0.0417,0.001916,0.990321,Sig Cancer only,Discordant (Cancer Up / TR Down),FALSE
PSME2,0.702,-0.1049,0.013075,0.939227,Sig Cancer only,Discordant (Cancer Up / TR Down),FALSE
CLIC5,-0.7473,0.0593,0.013536,0.98427,Sig Cancer only,Discordant (Cancer Down / TR Up),TRUE
LANCL2,-0.6351,-0.1682,0.049977,0.870651,Sig Cancer only,Concordant Down,TRUE
RPL27A,0.6727,0.1288,0.038464,0.918334,Sig Cancer only,Concordant Up,FALSE
ISOC1,-0.6075,-0.1938,0.027029,0.752075,Sig Cancer only,Concordant Down,TRUE
ACTR3,0.6036,0.1956,0.016004,0.706271,Sig Cancer only,Concordant Up,FALSE
EPRS1,-0.6,0.1974,0.00926,0.666385,Sig Cancer only,Discordant (Cancer Down / TR Up),FALSE
MAVS,-0.7856,0.0116,2.25e-4,0.999189,Sig Cancer only,Discordant (Cancer Down / TR Up),TRUE
HSP90B1,0.7305,0.0651,0.034508,0.983097,Sig Cancer only,Concordant Up,FALSE
KPNA1,-0.672,-0.1232,0.033227,0.925463,Sig Cancer only,Concordant Down,TRUE
RSU1,0.6675,-0.1241,0.03957,0.923956,Sig Cancer only,Discordant (Cancer Up / TR Down),FALSE
RYR1,-0.7014,-0.0898,0.03236,0.963642,Sig Cancer only,Concordant Down,TRUE
ACTR2,0.5962,0.1916,0.010167,0.6865,Sig Cancer only,Concordant Up,FALSE
AKAP1,-0.6426,-0.1421,0.037492,0.900577,Sig Cancer only,Concordant Down,TRUE
EML1,-0.7345,0.0492,0.009712,0.988404,Sig Cancer only,Discordant (Cancer Down / TR Up),TRUE
DSTN,0.756,-0.0209,0.004816,0.997885,Sig Cancer only,Discordant (Cancer Up / TR Down),FALSE
GARS1,-0.5877,0.1853,0.02841,0.753578,Sig Cancer only,Discordant (Cancer Down / TR Up),FALSE
C11orf54,-0.6956,-0.0773,0.048657,0.975505,Sig Cancer only,Concordant Down,FALSE
ELOB,-0.597,0.1754,0.023818,0.778052,Sig Cancer only,Discordant (Cancer Down / TR Up),FALSE
PPCS,0.6707,0.1012,0.004645,0.936762,Sig Cancer only,Concordant Up,TRUE
EHBP1L1,-0.72,0.0516,0.004894,0.985375,Sig Cancer only,Discordant (Cancer Down / TR Up),TRUE
CLASP2,-0.6229,-0.1478,0.020882,0.873495,Sig Cancer only,Concordant Down,TRUE
COQ7,-0.6834,0.0856,0.024007,0.963714,Sig Cancer only,Discordant (Cancer Down / TR Up),TRUE
SLC37A4,-0.7618,-0.0032,0.007598,0.999957,Sig Cancer only,Concordant Down,TRUE
HLA-B,0.7523,-0.012,0.0028,0.999251,Sig Cancer only,Discordant (Cancer Up / TR Down),TRUE
PTER,-0.6445,-0.1123,0.02786,0.944171,Sig Cancer only,Concordant Down,TRUE
FIS1,-0.5811,0.1735,0.029882,0.782376,Sig Cancer only,Discordant (Cancer Down / TR Up),FALSE
DLAT,-0.5844,0.1667,0.048708,0.824454,Sig Cancer only,Discordant (Cancer Down / TR Up),FALSE
CYB5R1,-0.6269,0.123,0.021077,0.902541,Sig Cancer only,Discordant (Cancer Down / TR Up),FALSE
PGLS,0.743,0.0036,0.002127,0.999933,Sig Cancer only,Concordant Up,FALSE
CACNB1,-0.6826,-0.0636,0.03322,0.981959,Sig Cancer only,Concordant Down,TRUE
ARHGDIA,0.7024,-0.0424,0.023345,0.991932,Sig Cancer only,Discordant (Cancer Up / TR Down),FALSE
CFL1,0.6458,-0.0953,0.042193,0.954465,Sig Cancer only,Discordant (Cancer Up / TR Down),FALSE
GNB2,0.6405,-0.0965,0.03007,0.948591,Sig Cancer only,Discordant (Cancer Up / TR Down),FALSE
RPS9,-0.6424,0.0926,0.003544,0.931307,Sig Cancer only,Discordant (Cancer Down / TR Up),FALSE
LRRC47,-0.7078,0.0261,0.00985,0.9966,Sig Cancer only,Discordant (Cancer Down / TR Up),FALSE
NOL3,-0.7071,0.026,0.026867,0.997177,Sig Cancer only,Discordant (Cancer Down / TR Up),TRUE
PFKL,-0.7,-0.0219,0.027005,0.997982,Sig Cancer only,Concordant Down,FALSE
VARS1,-0.5365,0.1834,0.024719,0.702542,Sig Cancer only,Discordant (Cancer Down / TR Up),TRUE
FYCO1,-0.6213,-0.0979,0.025826000000000002,0.943514,Sig Cancer only,Concordant Down,TRUE
USO1,-0.7177,-0.0013,0.006298,0.999992,Sig Cancer only,Concordant Down,FALSE
HSPB2,-0.5461,0.1703,0.039921,0.779059,Sig Cancer only,Discordant (Cancer Down / TR Up),TRUE
SLC35A4,-0.6936,0.0207,0.040972,0.99846,Sig Cancer only,Discordant (Cancer Down / TR Up),TRUE
HADHB,-0.5548,0.1483,0.038866,0.838584,Sig Cancer only,Discordant (Cancer Down / TR Up),FALSE
CMPK1,0.6206,-0.0821,0.019446,0.957602,Sig Cancer only,Discordant (Cancer Up / TR Down),FALSE
BCL2L13,-0.6527,0.047,0.031922,0.989316,Sig Cancer only,Discordant (Cancer Down / TR Up),TRUE
LARS1,-0.5216,0.1779,0.037864,0.752229,Sig Cancer only,Discordant (Cancer Down / TR Up),TRUE
PRMT1,-0.6298,-0.0691,0.047675,0.976745,Sig Cancer only,Concordant Down,TRUE
AP2A1,0.6322,0.0616,0.005514,0.972422,Sig Cancer only,Concordant Up,FALSE
COQ8A,-0.6735,0.0135,0.019484,0.999147,Sig Cancer only,Discordant (Cancer Down / TR Up),TRUE
RPS3,-0.4808,0.1995,0.045773,0.624052,Sig Cancer only,Discordant (Cancer Down / TR Up),FALSE
GSS,0.5211,-0.1547,0.037848,0.798359,Sig Cancer only,Discordant (Cancer Up / TR Down),FALSE
DYNC1LI1,-0.5361,0.1322,0.03446,0.861975,Sig Cancer only,Discordant (Cancer Down / TR Up),TRUE
XPNPEP1,-0.599,-0.0599,0.012239,0.974712,Sig Cancer only,Concordant Down,FALSE
SCFD1,-0.4946,0.1551,0.044403,0.790793,Sig Cancer only,Discordant (Cancer Down / TR Up),TRUE
OPLAH,-0.6152,0.0269,0.029472,0.996211,Sig Cancer only,Discordant (Cancer Down / TR Up),TRUE
CAST,0.616,0.0038,0.020301,0.999925,Sig Cancer only,Concordant Up,FALSE
PSMD9,0.563,0.027,0.049465,0.995995,Sig Cancer only,Concordant Up,FALSE
DNPEP,-0.5272,0.0617,0.040536,0.973102,Sig Cancer only,Discordant (Cancer Down / TR Up),FALSE
ZYX,0.5306,0.0477,0.028515,0.983376,Sig Cancer only,Concordant Up,FALSE
KARS1,-0.5143,0.0584,0.022218,0.971365,Sig Cancer only,Discordant (Cancer Down / TR Up),TRUE
TBCA,0.5576,0.0047,0.040909,0.999876,Sig Cancer only,Concordant Up,FALSE
AP2B1,0.4955,0.0659,0.039016,0.964683,Sig Cancer only,Concordant Up,FALSE
PRKAR2A,-0.54,-0.0204,0.030657,0.997309,Sig Cancer only,Concordant Down,FALSE
EIF3B,-0.5043,0.0495,0.015519,0.977548,Sig Cancer only,Discordant (Cancer Down / TR Up),TRUE
DARS1,-0.5005,0.0263,0.024495,0.994541,Sig Cancer only,Discordant (Cancer Down / TR Up),FALSE
MTPN,0.4965,-0.0294,0.04901,0.993969,Sig Cancer only,Discordant (Cancer Up / TR Down),FALSE
HNRNPH1,0.513,-0.005,0.00786,0.999791,Sig Cancer only,Discordant (Cancer Up / TR Down),FALSE
ABLIM2,0.7308,1.9324,0.084744,0,Sig Training only,Concordant Up,TRUE
RBM3,0.7994,-1.8452,0.154094,2.7e-5,Sig Training only,Discordant (Cancer Up / TR Down),TRUE
FTL,0.6608,1.8828,0.351882,0,Sig Training only,Concordant Up,FALSE
SLC41A3,-0.7255,1.5036,0.395109,0.005506,Sig Training only,Discordant (Cancer Down / TR Up),TRUE
CNRIP1,1.1651,-1.0632,0.067584,0.012813,Sig Training only,Discordant (Cancer Up / TR Down),TRUE
SELENOO,-0.3765,1.5472,0.740507,9.84e-4,Sig Training only,Discordant (Cancer Down / TR Up),TRUE
MYOZ1,0.4609,1.3136,0.718132,0.009475,Sig Training only,Concordant Up,TRUE
KRT19,0.5696,-1.1726,0.501742,0.005743,Sig Training only,Discordant (Cancer Up / TR Down),TRUE
TMEM70,-0.3178,1.1201,0.786159,0.018814,Sig Training only,Discordant (Cancer Down / TR Up),TRUE
PBDC1,0.4126,0.9709,0.489887,0.001956,Sig Training only,Concordant Up,TRUE
ENPP4,-0.3568,0.9014,0.646602,0.00395,Sig Training only,Discordant (Cancer Down / TR Up),TRUE
S100A13,0.5179,0.7255,0.218008,0.009148,Sig Training only,Concordant Up,FALSE
TMOD4,-0.1606,0.9765,0.955221,0.047897,Sig Training only,Discordant (Cancer Down / TR Up),TRUE
SCN1B,0.2794,-0.7563,0.680225,0.017024,Sig Training only,Discordant (Cancer Up / TR Down),TRUE
IL18,-0.0322,0.894,0.997518,0.018596,Sig Training only,Discordant (Cancer Down / TR Up),TRUE
PEBP4,0.1569,-0.7499,0.889105,0.032055,Sig Training only,Discordant (Cancer Up / TR Down),TRUE
KYAT1,-0.1406,-0.7365,0.927844,0.017595,Sig Training only,Concordant Down,TRUE
RPL4,-0.3423,0.4153,0.236047,0.044194,Sig Training only,Discordant (Cancer Down / TR Up),FALSE
ERP29,-0.1073,0.4701,0.924289,0.033636,Sig Training only,Discordant (Cancer Down / TR Up),TRUE
ARCN1,-0.0718,0.4708,0.959198,0.011403,Sig Training only,Discordant (Cancer Down / TR Up),TRUE
