"gene","cv_g1","cv_g2","max_cv","pair"
"MB",26.228516056814,14.6062684975737,26.228516056814,"CRE: T1 vs T2"
"CKM",10.4921521568555,12.0216932782139,12.0216932782139,"CRE: T1 vs T2"
"ALDOA",9.95914375881141,14.9055703033148,14.9055703033148,"CRE: T1 vs T2"
"GAPDH",14.3560031965088,16.8439092835713,16.8439092835713,"CRE: T1 vs T2"
"CKB",36.0944694464385,33.8525467010656,36.0944694464385,"CRE: T1 vs T2"
"CA3",33.409656258609,18.1533664517384,33.409656258609,"CRE: T1 vs T2"
"FHL1",33.6528540648877,23.1535270349358,33.6528540648877,"CRE: T1 vs T2"
"ACTA1",27.9831270422762,128.957658795799,128.957658795799,"CRE: T1 vs T2"
"ENO1",17.7787288233093,31.2756941884556,31.2756941884556,"CRE: T1 vs T2"
"ENO3",21.2672335576636,22.0806886613418,22.0806886613418,"CRE: T1 vs T2"
"ACTB",54.8572616658998,85.2382770237578,85.2382770237578,"CRE: T1 vs T2"
"PRDX2",91.2338287027163,78.2298855103595,91.2338287027163,"CRE: T1 vs T2"
"PKM",15.2370733679549,17.6148293541525,17.6148293541525,"CRE: T1 vs T2"
"TPI1",13.1531359426289,17.3626731527485,17.3626731527485,"CRE: T1 vs T2"
"ENO2",40.908956010713,27.0184229466199,40.908956010713,"CRE: T1 vs T2"
"PGAM1",15.4212297863972,24.1117399528816,24.1117399528816,"CRE: T1 vs T2"
"CASQ1",15.7734323246851,26.0093086018561,26.0093086018561,"CRE: T1 vs T2"
"PGK1",13.1611493574627,22.5552989535805,22.5552989535805,"CRE: T1 vs T2"
"HSPB1",34.6400034242981,28.7610226233785,34.6400034242981,"CRE: T1 vs T2"
"MYL1",42.9587851456057,103.077189595078,103.077189595078,"CRE: T1 vs T2"
"PYGM",25.6174862904484,21.9729984830048,25.6174862904484,"CRE: T1 vs T2"
"CRYAB",24.6480946698942,13.9380030088851,24.6480946698942,"CRE: T1 vs T2"
"LDHA",28.4927188307967,45.1157592219789,45.1157592219789,"CRE: T1 vs T2"
"MYL2",50.3632825115521,80.4720611382372,80.4720611382372,"CRE: T1 vs T2"
"AK1",13.4213192497793,21.8957265395569,21.8957265395569,"CRE: T1 vs T2"
"FABP4",94.6182867321074,76.2131518173635,94.6182867321074,"CRE: T1 vs T2"
"FABP3",19.0836487535802,26.4489513006419,26.4489513006419,"CRE: T1 vs T2"
"ATP2A1",23.6494784939196,30.4305032200549,30.4305032200549,"CRE: T1 vs T2"
"CA2",81.6531203873467,72.342760083112,81.6531203873467,"CRE: T1 vs T2"
"MDH1",17.9459692821351,22.5908616084215,22.5908616084215,"CRE: T1 vs T2"
"MYH7",57.790171037879,121.127689227576,121.127689227576,"CRE: T1 vs T2"
"PGAM2",16.1071034514731,22.0687209327378,22.0687209327378,"CRE: T1 vs T2"
"PYGB",18.7612273325144,21.2244171561782,21.2244171561782,"CRE: T1 vs T2"
"PRDX6",18.8732145337971,16.9536186854104,18.8732145337971,"CRE: T1 vs T2"
"IDH2",43.0769347699167,33.0255006110819,43.0769347699167,"CRE: T1 vs T2"
"MYH2",45.547596649447,144.202076362331,144.202076362331,"CRE: T1 vs T2"
"MYLPF",65.1031993242174,106.287220321578,106.287220321578,"CRE: T1 vs T2"
"ATP2A2",26.50577313662,32.6958828509887,32.6958828509887,"CRE: T1 vs T2"
"ATP5F1B",48.6357587204639,37.975066802713,48.6357587204639,"CRE: T1 vs T2"
"MDH2",41.0337814786802,37.9764821595513,41.0337814786802,"CRE: T1 vs T2"
"ATP5F1A",56.2724167008282,27.2769741951131,56.2724167008282,"CRE: T1 vs T2"
"MYH1",63.3683763079143,110.300787269779,110.300787269779,"CRE: T1 vs T2"
"PFKM",8.33322493381135,22.5429844093689,22.5429844093689,"CRE: T1 vs T2"
"S100A1",32.375503488825,76.5227051078569,76.5227051078569,"CRE: T1 vs T2"
"HSPB6",31.1423658088916,23.9623425006566,31.1423658088916,"CRE: T1 vs T2"
"EEF1A1",24.5074726897102,27.6638747189693,27.6638747189693,"CRE: T1 vs T2"
"FBP2",25.0861342065949,21.0990147143941,25.0861342065949,"CRE: T1 vs T2"
"ARF4",23.5647113433245,37.3540262523045,37.3540262523045,"CRE: T1 vs T2"
"SLC25A4",37.1858635186724,53.2004494613811,53.2004494613811,"CRE: T1 vs T2"
"TNNC2",48.7507463255084,107.915041057539,107.915041057539,"CRE: T1 vs T2"
"PGM1",15.0721324355338,20.8492513478845,20.8492513478845,"CRE: T1 vs T2"
"YWHAE",18.2775531282936,14.2160907194138,18.2775531282936,"CRE: T1 vs T2"
"GOT1",35.2831161157499,39.9675065008885,39.9675065008885,"CRE: T1 vs T2"
"CKMT2",55.0474134961713,60.110848933559,60.110848933559,"CRE: T1 vs T2"
"MYL6",34.687027120634,58.66188074759,58.66188074759,"CRE: T1 vs T2"
"ATP2A3",39.4061361420788,48.140995526019,48.140995526019,"CRE: T1 vs T2"
"RPS27A",35.7973822808597,23.5643804993509,35.7973822808597,"CRE: T1 vs T2"
"PDLIM3",37.8485037116125,29.236032843154,37.8485037116125,"CRE: T1 vs T2"
"PEBP1",29.7417064656188,23.3822965596076,29.7417064656188,"CRE: T1 vs T2"
"TPM2",29.8132823059583,150.47401629153,150.47401629153,"CRE: T1 vs T2"
"SOD1",20.6236061141416,21.4069302091103,21.4069302091103,"CRE: T1 vs T2"
"GPI",15.2421192414114,19.3520369159165,19.3520369159165,"CRE: T1 vs T2"
"TUBB",29.6394376764975,28.6134028140216,29.6394376764975,"CRE: T1 vs T2"
"PARK7",21.7992878458902,21.2555085569743,21.7992878458902,"CRE: T1 vs T2"
"GOT2",50.9115614918779,45.2407379003266,50.9115614918779,"CRE: T1 vs T2"
"MYL3",57.3133323003516,106.628778662348,106.628778662348,"CRE: T1 vs T2"
"MT-CO2",47.6073690925404,17.387693273919,47.6073690925404,"CRE: T1 vs T2"
"PRDX1",25.8054125962727,37.9863267220168,37.9863267220168,"CRE: T1 vs T2"
"ALDOC",15.3925298580658,26.979095612611,26.979095612611,"CRE: T1 vs T2"
"CYCS",33.6911934255314,53.6524648189812,53.6524648189812,"CRE: T1 vs T2"
"TPM1",30.4002036570359,156.048691070121,156.048691070121,"CRE: T1 vs T2"
"PPIA",49.5316699119189,36.1885949795785,49.5316699119189,"CRE: T1 vs T2"
"GPD1",34.021809692936,24.2904569388451,34.021809692936,"CRE: T1 vs T2"
"CFL1",37.7863795810226,25.5468742609172,37.7863795810226,"CRE: T1 vs T2"
"VIM",97.0435979739403,108.683422078621,108.683422078621,"CRE: T1 vs T2"
"CS",40.5205622874227,55.7064187904085,55.7064187904085,"CRE: T1 vs T2"
"DECR1",60.3326278809511,46.1772020823627,60.3326278809511,"CRE: T1 vs T2"
"HSPA8",21.1766066302055,10.7861369329588,21.1766066302055,"CRE: T1 vs T2"
"HADHA",19.5890624520978,24.567168582526,24.567168582526,"CRE: T1 vs T2"
"ACO2",40.1268723857089,42.8017070525526,42.8017070525526,"CRE: T1 vs T2"
"LGALS1",41.4879482774629,39.6470653230032,41.4879482774629,"CRE: T1 vs T2"
"BLVRB",81.6904893620818,65.8806030385025,81.6904893620818,"CRE: T1 vs T2"
"ACAT1",17.1658931922742,26.4672866016269,26.4672866016269,"CRE: T1 vs T2"
"ANXA2",77.1963261774967,62.8600497629503,77.1963261774967,"CRE: T1 vs T2"
"CSRP3",46.1503923832119,32.4777185542777,46.1503923832119,"CRE: T1 vs T2"
"LDB3",22.1902707508602,41.0121125120895,41.0121125120895,"CRE: T1 vs T2"
"AKR1A1",14.2288140483323,18.3226902625873,18.3226902625873,"CRE: T1 vs T2"
"GSTM2",27.8067986288654,31.9729751228876,31.9729751228876,"CRE: T1 vs T2"
"MYBPC1",47.9871272814039,72.9582664861674,72.9582664861674,"CRE: T1 vs T2"
"TNNI2",41.9866738792701,150.33083190699,150.33083190699,"CRE: T1 vs T2"
"ANXA6",15.0702031307606,21.2786858166792,21.2786858166792,"CRE: T1 vs T2"
"CFL2",31.330067285224,16.9547376627893,31.330067285224,"CRE: T1 vs T2"
"VDAC1",19.7048093416246,11.6872594262551,19.7048093416246,"CRE: T1 vs T2"
"TXN",25.8983356885815,41.4689721263869,41.4689721263869,"CRE: T1 vs T2"
"FLNC",43.5340648522531,37.264015565758,43.5340648522531,"CRE: T1 vs T2"
"CALM1",36.1525702252552,43.3714333782996,43.3714333782996,"CRE: T1 vs T2"
"TNNT3",36.4340889403434,145.722953301369,145.722953301369,"CRE: T1 vs T2"
"LDHB",21.5148233159168,41.7710540468165,41.7710540468165,"CRE: T1 vs T2"
"BIN1",25.3775032269416,11.2702050167343,25.3775032269416,"CRE: T1 vs T2"
"ACADVL",31.1341595911009,48.8938292435909,48.8938292435909,"CRE: T1 vs T2"
"AKR1B1",18.3404436118306,29.3317194322598,29.3317194322598,"CRE: T1 vs T2"
"PRDX3",21.9014572387089,15.7350510603309,21.9014572387089,"CRE: T1 vs T2"
"HADHB",20.6416029024276,30.0423772504539,30.0423772504539,"CRE: T1 vs T2"
"CAT",112.030530605116,83.2288120839746,112.030530605116,"CRE: T1 vs T2"
"S100A4",69.3071465735418,88.4914748840855,88.4914748840855,"CRE: T1 vs T2"
"UQCRC2",51.5205613286739,23.9952793988585,51.5205613286739,"CRE: T1 vs T2"
"TUBA1B",30.1608977008103,36.7297662011517,36.7297662011517,"CRE: T1 vs T2"
"SLC25A6",38.7029065720074,58.472451340702,58.472451340702,"CRE: T1 vs T2"
"SLC25A5",33.0367240623965,42.3201236913118,42.3201236913118,"CRE: T1 vs T2"
"H2BC4",47.0908730316173,113.884579482743,113.884579482743,"CRE: T1 vs T2"
"TUBA4A",25.9814334839064,20.4266109173103,25.9814334839064,"CRE: T1 vs T2"
"DCN",53.749567233826,91.471665238908,91.471665238908,"CRE: T1 vs T2"
"APOBEC2",26.7737722289144,29.4805418697691,29.4805418697691,"CRE: T1 vs T2"
"HSP90AA1",14.3280532593563,20.7720835041106,20.7720835041106,"CRE: T1 vs T2"
"EEF1A2",21.0533025696898,23.9119079717769,23.9119079717769,"CRE: T1 vs T2"
"ATP5MF",41.0634411611521,29.1952508564673,41.0634411611521,"CRE: T1 vs T2"
"TTN",41.0213274860715,126.177069560208,126.177069560208,"CRE: T1 vs T2"
"SRL",21.9200039072733,16.4989951379095,21.9200039072733,"CRE: T1 vs T2"
"HSPA1A",28.5248538635383,18.7617222294493,28.5248538635383,"CRE: T1 vs T2"
"COX5B",51.3066135179883,30.2541949338123,51.3066135179883,"CRE: T1 vs T2"
"TNNC1",36.580982961392,114.071143416117,114.071143416117,"CRE: T1 vs T2"
"SELENBP1",61.7891833314525,43.9726935581484,61.7891833314525,"CRE: T1 vs T2"
"ECHS1",21.1015978218956,26.4264968434016,26.4264968434016,"CRE: T1 vs T2"
"NDUFA4",39.1836448183338,54.8174398003067,54.8174398003067,"CRE: T1 vs T2"
"ATP5MG",43.9541912043222,36.0638496459152,43.9541912043222,"CRE: T1 vs T2"
"PFN1",18.1339105307448,25.0423305556359,25.0423305556359,"CRE: T1 vs T2"
"ATP5F1C",56.6467937869499,35.5483137983325,56.6467937869499,"CRE: T1 vs T2"
"ANKRD2",43.6430280581307,54.1735574167693,54.1735574167693,"CRE: T1 vs T2"
"UQCRC1",42.2615850753534,35.5158958508284,42.2615850753534,"CRE: T1 vs T2"
"HADH",21.6180762318904,32.5432457652074,32.5432457652074,"CRE: T1 vs T2"
"PDLIM5",14.190988904506,60.2013439380188,60.2013439380188,"CRE: T1 vs T2"
"YWHAG",27.26185556617,13.399094294941,27.26185556617,"CRE: T1 vs T2"
"PLIN1",105.536227757314,72.6741089250889,105.536227757314,"CRE: T1 vs T2"
"COX7A1",43.4273771544957,18.0893084030947,43.4273771544957,"CRE: T1 vs T2"
"DBI",15.1240301668552,15.4496579259434,15.4496579259434,"CRE: T1 vs T2"
"SOD2",40.9960640960687,42.145185060093,42.145185060093,"CRE: T1 vs T2"
"TPM3",51.1589231584119,121.415358922913,121.415358922913,"CRE: T1 vs T2"
"TUBB4B",25.0326095393553,15.7118991351025,25.0326095393553,"CRE: T1 vs T2"
"TRIM72",17.8944960120653,13.3323486069677,17.8944960120653,"CRE: T1 vs T2"
"COX4I1",39.8952366823386,21.6885429331284,39.8952366823386,"CRE: T1 vs T2"
"UGP2",14.0632401488927,7.02804465256909,14.0632401488927,"CRE: T1 vs T2"
"ATP5PO",54.6975746023402,32.566055891166,54.6975746023402,"CRE: T1 vs T2"
"ANXA1",91.7170195311298,74.3189430211267,91.7170195311298,"CRE: T1 vs T2"
"LUM",64.6709015842964,81.769590235287,81.769590235287,"CRE: T1 vs T2"
"CASQ2",50.007049139217,51.5071430762773,51.5071430762773,"CRE: T1 vs T2"
"QDPR",15.0511302148781,25.6568214969237,25.6568214969237,"CRE: T1 vs T2"
"CMBL",15.8534175242526,22.9582229391491,22.9582229391491,"CRE: T1 vs T2"
"MYOM2",19.7413830230611,66.902793642049,66.902793642049,"CRE: T1 vs T2"
"AHNAK",52.582281257131,75.8453621347849,75.8453621347849,"CRE: T1 vs T2"
"GLO1",23.8275588661931,16.9125364910154,23.8275588661931,"CRE: T1 vs T2"
"MIF",31.6832681304828,21.2951174395704,31.6832681304828,"CRE: T1 vs T2"
"VDAC3",27.8011950623858,21.8216065809391,27.8011950623858,"CRE: T1 vs T2"
"GSTP1",30.3915288405114,26.1229140849663,30.3915288405114,"CRE: T1 vs T2"
"ECH1",23.9874725679983,42.2921964097585,42.2921964097585,"CRE: T1 vs T2"
"GSN",56.6256083098198,70.368109646927,70.368109646927,"CRE: T1 vs T2"
"SLC25A3",48.6065779733503,25.0397151186653,48.6065779733503,"CRE: T1 vs T2"
"ATP5PD",47.2290077796971,43.7869889820689,47.2290077796971,"CRE: T1 vs T2"
"ADSS1",13.0250096933593,14.4478164474795,14.4478164474795,"CRE: T1 vs T2"
"CAVIN1",63.3541485508083,50.8436872920006,63.3541485508083,"CRE: T1 vs T2"
"MT-ATP6",44.149596545238,31.3005427950995,44.149596545238,"CRE: T1 vs T2"
"TNNI1",40.4924250770178,108.627123859134,108.627123859134,"CRE: T1 vs T2"
"HSPB7",35.2587082462277,27.7483763463502,35.2587082462277,"CRE: T1 vs T2"
"CSTB",20.3320043869834,35.7364996836208,35.7364996836208,"CRE: T1 vs T2"
"RTN2",28.6214208630565,17.520020692295,28.6214208630565,"CRE: T1 vs T2"
"LCP1",66.4144149334978,73.5561727819217,73.5561727819217,"CRE: T1 vs T2"
"ACTN2",88.6325828187653,169.558608164907,169.558608164907,"CRE: T1 vs T2"
"NNT",42.0303265216143,31.1536790662214,42.0303265216143,"CRE: T1 vs T2"
"TNNT1",50.3249409737627,116.260473217376,116.260473217376,"CRE: T1 vs T2"
"PRDX5",16.0074878940734,17.9882095057527,17.9882095057527,"CRE: T1 vs T2"
"PADI2",17.7176248946017,13.4493307087458,17.7176248946017,"CRE: T1 vs T2"
"UQCR10",24.4164981442419,39.9212225573469,39.9212225573469,"CRE: T1 vs T2"
"ETFA",33.7290042643345,46.8119516728413,46.8119516728413,"CRE: T1 vs T2"
"ACSL1",17.2894915825976,26.5779601067287,26.5779601067287,"CRE: T1 vs T2"
"GLRX",55.7031295451924,40.5203420962857,55.7031295451924,"CRE: T1 vs T2"
"FH",33.1317179961264,31.9717112601114,33.1317179961264,"CRE: T1 vs T2"
"HINT1",21.2847319648019,20.0024095981726,21.2847319648019,"CRE: T1 vs T2"
"MYH3",83.2973796761606,105.717793946006,105.717793946006,"CRE: T1 vs T2"
"NIPSNAP2",33.2137770138719,23.3667382895162,33.2137770138719,"CRE: T1 vs T2"
"FTH1",64.6265223419818,39.9133498702749,64.6265223419818,"CRE: T1 vs T2"
"VDAC2",26.6757206889462,13.6367187117146,26.6757206889462,"CRE: T1 vs T2"
"HIST2H2AA3",45.2341294314707,141.978495830832,141.978495830832,"CRE: T1 vs T2"
"ACYP2",40.6787356662264,12.7886725908969,40.6787356662264,"CRE: T1 vs T2"
"COX6C",48.467732256635,21.4993859397726,48.467732256635,"CRE: T1 vs T2"
"COX5A",41.8011654708533,16.7972715944848,41.8011654708533,"CRE: T1 vs T2"
"UQCRFS1",38.2687185853305,35.158016348097,38.2687185853305,"CRE: T1 vs T2"
"CYB5R3",43.922428281956,42.0657329934466,43.922428281956,"CRE: T1 vs T2"
"HSP90AB1",22.675403047965,13.1865474540895,22.675403047965,"CRE: T1 vs T2"
"PCMT1",26.2922386016273,26.5429226827664,26.5429226827664,"CRE: T1 vs T2"
"H4C1",54.6279697440332,136.150539285727,136.150539285727,"CRE: T1 vs T2"
"PSAP",11.8738589548328,26.0047413973675,26.0047413973675,"CRE: T1 vs T2"
"ECI1",51.609047972508,38.2126253091105,51.609047972508,"CRE: T1 vs T2"
"CYB5R1",15.1762841483053,28.6454834882111,28.6454834882111,"CRE: T1 vs T2"
"AAMDC",27.2030527627224,25.5461666385783,27.2030527627224,"CRE: T1 vs T2"
"PITPNA",55.9594273358122,47.1344094339108,55.9594273358122,"CRE: T1 vs T2"
"ATP5ME",53.0909441640238,43.094656822933,53.0909441640238,"CRE: T1 vs T2"
"UQCRB",45.7619943207895,14.9612012062146,45.7619943207895,"CRE: T1 vs T2"
"PHPT1",37.9309952950281,20.1172834485363,37.9309952950281,"CRE: T1 vs T2"
"VBP1",30.3939904128897,16.1522850107733,30.3939904128897,"CRE: T1 vs T2"
"CP",82.6872077732857,102.276319763892,102.276319763892,"CRE: T1 vs T2"
"C1QBP",33.4149342831192,22.3974400524682,33.4149342831192,"CRE: T1 vs T2"
"ADH1B",121.746530996849,62.8222982257199,121.746530996849,"CRE: T1 vs T2"
"AGL",31.5622075578164,33.3777395952014,33.3777395952014,"CRE: T1 vs T2"
"ESD",21.7708797529549,12.243307270374,21.7708797529549,"CRE: T1 vs T2"
"LMCD1",19.3843296517419,20.9886116891524,20.9886116891524,"CRE: T1 vs T2"
"EIF5A",40.0457311861981,25.0695197160888,40.0457311861981,"CRE: T1 vs T2"
"ATP5F1D",55.0234239542922,35.0786236187575,55.0234239542922,"CRE: T1 vs T2"
"CD36",51.8336193627905,47.823181576048,51.8336193627905,"CRE: T1 vs T2"
"PLIN4",65.1538812871579,47.7787580654136,65.1538812871579,"CRE: T1 vs T2"
"TPT1",8.79534347932019,10.1668595417261,10.1668595417261,"CRE: T1 vs T2"
"CYC1",40.6286975983581,35.7223470608605,40.6286975983581,"CRE: T1 vs T2"
"KLHL41",50.285761192746,58.3320897234812,58.3320897234812,"CRE: T1 vs T2"
"CISD1",42.6262341267894,8.53267834135123,42.6262341267894,"CRE: T1 vs T2"
"SDHA",36.8001494355864,45.7614295823235,45.7614295823235,"CRE: T1 vs T2"
"UQCRH",48.0629753084053,90.5155616119369,90.5155616119369,"CRE: T1 vs T2"
"NPEPPS",15.905795688724,15.3500646341539,15.905795688724,"CRE: T1 vs T2"
"MACROD1",27.1066282136882,23.7919535965212,27.1066282136882,"CRE: T1 vs T2"
"NDRG2",22.4771932985406,17.6798239849525,22.4771932985406,"CRE: T1 vs T2"
"RAB1B",36.4850971770702,31.2141293744079,36.4850971770702,"CRE: T1 vs T2"
"EHD2",63.4150021063968,50.4676942462896,63.4150021063968,"CRE: T1 vs T2"
"NUTF2",29.124786002552,14.9514544215231,29.124786002552,"CRE: T1 vs T2"
"FLNB",35.7597754961758,30.6961982564752,35.7597754961758,"CRE: T1 vs T2"
"VCL",17.6352208687156,30.5339791547398,30.5339791547398,"CRE: T1 vs T2"
"CAV1",89.3603782389351,68.7839772681811,89.3603782389351,"CRE: T1 vs T2"
"NEB",46.6360536415463,153.81175300813,153.81175300813,"CRE: T1 vs T2"
"PYGL",33.5893121936759,25.8556443023911,33.5893121936759,"CRE: T1 vs T2"
"CRAT",29.3187869287657,40.3976647662595,40.3976647662595,"CRE: T1 vs T2"
"ST13",25.1685226223785,32.5956721916504,32.5956721916504,"CRE: T1 vs T2"
"AKR1C1",102.645960843035,59.0309661168448,102.645960843035,"CRE: T1 vs T2"
"UBE2N",17.7635903464431,9.46233735158427,17.7635903464431,"CRE: T1 vs T2"
"HSP90B1",31.9183467013412,55.3467345337688,55.3467345337688,"CRE: T1 vs T2"
"NME2",37.5035688283306,45.7052851342718,45.7052851342718,"CRE: T1 vs T2"
"RTN4",31.5354729651535,22.7252265065679,31.5354729651535,"CRE: T1 vs T2"
"DLST",45.1050924428228,37.7008016232821,45.1050924428228,"CRE: T1 vs T2"
"SYPL2",33.6953153416538,16.1472021336706,33.6953153416538,"CRE: T1 vs T2"
"RAN",29.3934784311883,30.4703283181839,30.4703283181839,"CRE: T1 vs T2"
"GYG1",34.3553794733188,7.04641275050404,34.3553794733188,"CRE: T1 vs T2"
"RNH1",19.2692100517874,32.3884789509136,32.3884789509136,"CRE: T1 vs T2"
"ADH5",24.7668498950451,31.0422052022006,31.0422052022006,"CRE: T1 vs T2"
"ACAA2",12.9954315818833,28.9404159539132,28.9404159539132,"CRE: T1 vs T2"
"YWHAZ",61.8526119760641,51.6420336030665,61.8526119760641,"CRE: T1 vs T2"
"HSPA2",35.4004839796898,48.1245853071689,48.1245853071689,"CRE: T1 vs T2"
"HSPD1",28.4514864978375,38.8556107124076,38.8556107124076,"CRE: T1 vs T2"
"ATP5PB",53.4061798070937,58.1722785486723,58.1722785486723,"CRE: T1 vs T2"
"FLNA",38.9398020176305,40.8141865554305,40.8141865554305,"CRE: T1 vs T2"
"ARL6IP5",39.7345602347411,14.4163135472474,39.7345602347411,"CRE: T1 vs T2"
"PDHB",60.4747603196493,34.8921097172691,60.4747603196493,"CRE: T1 vs T2"
"ACTN1",46.1154082419996,132.407913834653,132.407913834653,"CRE: T1 vs T2"
"COX6B1",47.0186551653794,66.643716250339,66.643716250339,"CRE: T1 vs T2"
"TUFM",31.666431248333,24.6100724762873,31.666431248333,"CRE: T1 vs T2"
"HAGH",24.6250755131141,26.4124536620379,26.4124536620379,"CRE: T1 vs T2"
"TAGLN",50.7425526032354,59.8951054831123,59.8951054831123,"CRE: T1 vs T2"
"NDUFS1",43.0186880306613,23.3764484796629,43.0186880306613,"CRE: T1 vs T2"
"DLD",41.6946987300383,24.7869966668627,41.6946987300383,"CRE: T1 vs T2"
"OGDH",47.3211420497679,46.1476564709521,47.3211420497679,"CRE: T1 vs T2"
"COQ9",46.493792222769,46.100622163279,46.493792222769,"CRE: T1 vs T2"
"DLAT",57.2157810607187,30.2346121996478,57.2157810607187,"CRE: T1 vs T2"
"COQ8A",25.2514777582583,35.1449123685834,35.1449123685834,"CRE: T1 vs T2"
"SLC25A12",37.9975644927362,15.1074980366783,37.9975644927362,"CRE: T1 vs T2"
"FKBP3",7.52122607926345,17.173063625528,17.173063625528,"CRE: T1 vs T2"
"ATP5MD",57.180901972075,58.3631511713346,58.3631511713346,"CRE: T1 vs T2"
"EEF2",20.8447160194164,5.71363636042544,20.8447160194164,"CRE: T1 vs T2"
"ACTN4",43.7766834847186,81.5416499794531,81.5416499794531,"CRE: T1 vs T2"
"PDHA1",53.1462218525609,45.5814273469746,53.1462218525609,"CRE: T1 vs T2"
"MSN",48.3364696456155,45.260435205693,48.3364696456155,"CRE: T1 vs T2"
"GSTO1",23.0732187588889,27.2415679599017,27.2415679599017,"CRE: T1 vs T2"
"BPGM",94.2877422911365,81.2062955160814,94.2877422911365,"CRE: T1 vs T2"
"GPD1L",35.2291772578312,44.1277005087114,44.1277005087114,"CRE: T1 vs T2"
"SUCLA2",47.3311145477134,46.6241490619137,47.3311145477134,"CRE: T1 vs T2"
"UBA1",23.5266442049903,29.3250365880993,29.3250365880993,"CRE: T1 vs T2"
"ACADM",42.0159111623499,39.4142925388081,42.0159111623499,"CRE: T1 vs T2"
"SDHB",39.5206740818608,42.1034971045839,42.1034971045839,"CRE: T1 vs T2"
"ALDH9A1",18.6601685301302,25.3476993843493,25.3476993843493,"CRE: T1 vs T2"
"FBP1",18.0322257641624,35.6820850333041,35.6820850333041,"CRE: T1 vs T2"
"PRELP",87.8481513924117,91.7970023086076,91.7970023086076,"CRE: T1 vs T2"
"GAMT",16.3562236045207,16.2842247797131,16.3562236045207,"CRE: T1 vs T2"
"SAR1A",15.8479400503162,20.2658060249759,20.2658060249759,"CRE: T1 vs T2"
"AOC3",101.394495493465,66.5554344272544,101.394495493465,"CRE: T1 vs T2"
"GSTM3",42.2970797474908,56.4311060737319,56.4311060737319,"CRE: T1 vs T2"
"PHB",33.5477279965608,24.4896073414512,33.5477279965608,"CRE: T1 vs T2"
"P4HB",23.3655130201397,36.7185303418206,36.7185303418206,"CRE: T1 vs T2"
"FTL",65.9553057580033,81.5156112569858,81.5156112569858,"CRE: T1 vs T2"
"LRRC20",19.2370457008824,17.404261654487,19.2370457008824,"CRE: T1 vs T2"
"COX7C",51.9619433897905,42.1129564972498,51.9619433897905,"CRE: T1 vs T2"
"EHD1",44.8165666225692,43.8165899858984,44.8165666225692,"CRE: T1 vs T2"
"SNCA",118.810196967282,89.7811176164149,118.810196967282,"CRE: T1 vs T2"
"RAP1B",68.273622558932,50.2806531478706,68.273622558932,"CRE: T1 vs T2"
"YWHAB",40.2788363747622,28.7332025343381,40.2788363747622,"CRE: T1 vs T2"
"H3-3A",44.427256958156,133.389463843211,133.389463843211,"CRE: T1 vs T2"
"PPP3CA",19.2139508498867,23.3667710438667,23.3667710438667,"CRE: T1 vs T2"
"NDUFB10",46.9555141397278,26.5204989559444,46.9555141397278,"CRE: T1 vs T2"
"S100A10",51.7943103007438,66.1716537948195,66.1716537948195,"CRE: T1 vs T2"
"ARHGDIA",47.5487226277625,41.9132969289806,47.5487226277625,"CRE: T1 vs T2"
"GPT",39.5685450171507,49.0631600271785,49.0631600271785,"CRE: T1 vs T2"
"REEP5",33.9638433913682,27.7755910281262,33.9638433913682,"CRE: T1 vs T2"
"ACADS",40.404475225015,58.4633310361914,58.4633310361914,"CRE: T1 vs T2"
"DDB1",9.8160133522106,9.04328998181293,9.8160133522106,"CRE: T1 vs T2"
"ALDH2",34.0531317107987,25.5840603781615,34.0531317107987,"CRE: T1 vs T2"
"CTSD",23.4359067151565,23.2966575299153,23.4359067151565,"CRE: T1 vs T2"
"ALDH1A1",44.5541250547274,27.3232964644662,44.5541250547274,"CRE: T1 vs T2"
"ACOT2",28.9981131374992,34.8383071335679,34.8383071335679,"CRE: T1 vs T2"
"GDI2",31.0762631971613,24.4609631931009,31.0762631971613,"CRE: T1 vs T2"
"PSMC1",44.902964407446,22.8630614102483,44.902964407446,"CRE: T1 vs T2"
"GSTM1",81.9347110172927,76.4851139647192,81.9347110172927,"CRE: T1 vs T2"
"UQCRQ",53.5474193639383,33.7055642087325,53.5474193639383,"CRE: T1 vs T2"
"FKBP1A",24.4774429972201,17.4972564271914,24.4774429972201,"CRE: T1 vs T2"
"OLA1",16.4466233735001,18.5392297233072,18.5392297233072,"CRE: T1 vs T2"
"PHB2",33.3876752923995,22.4283054978988,33.3876752923995,"CRE: T1 vs T2"
"ANXA7",18.2248435164634,13.9633619255645,18.2248435164634,"CRE: T1 vs T2"
"GRHPR",20.1746700647338,18.4905252473834,20.1746700647338,"CRE: T1 vs T2"
"NDUFV2",47.404354372447,26.8856989880062,47.404354372447,"CRE: T1 vs T2"
"PCBP1",20.7192448460919,14.8606116151633,20.7192448460919,"CRE: T1 vs T2"
"WDR1",22.179688442547,15.4202573683941,22.179688442547,"CRE: T1 vs T2"
"ETFB",34.9061982192552,43.8278254434442,43.8278254434442,"CRE: T1 vs T2"
"DUSP3",15.0897944374339,21.9618156918288,21.9618156918288,"CRE: T1 vs T2"
"AMPD1",44.3100244698166,32.7621103903374,44.3100244698166,"CRE: T1 vs T2"
"PFN2",37.1509363360847,24.3671256488922,37.1509363360847,"CRE: T1 vs T2"
"EIF4A1",26.80852487093,30.8018114642615,30.8018114642615,"CRE: T1 vs T2"
"HSPB2",25.1570772391558,22.5565269379015,25.1570772391558,"CRE: T1 vs T2"
"MYO6",70.7552546472443,38.0875260116911,70.7552546472443,"CRE: T1 vs T2"
"SLC25A13",38.8125178169902,26.5756427961035,38.8125178169902,"CRE: T1 vs T2"
"PLN",49.8581015982808,52.2125142518207,52.2125142518207,"CRE: T1 vs T2"
"PFKL",20.4041512057161,24.6692184759113,24.6692184759113,"CRE: T1 vs T2"
"STOM",97.242234286517,78.496809299894,97.242234286517,"CRE: T1 vs T2"
"PPP3R1",18.5707943210657,24.5742194259789,24.5742194259789,"CRE: T1 vs T2"
"HSPA9",33.7164956376386,36.5447440320154,36.5447440320154,"CRE: T1 vs T2"
"UBE2D3",16.2086900820881,16.793531107175,16.793531107175,"CRE: T1 vs T2"
"PRKAR1A",17.5948292800212,10.9513636806863,17.5948292800212,"CRE: T1 vs T2"
"AGT",104.557603487927,58.6653529807927,104.557603487927,"CRE: T1 vs T2"
"ARF1",31.0430568081055,36.160010352993,36.160010352993,"CRE: T1 vs T2"
"SUCLG1",51.2592662530955,40.378846863224,51.2592662530955,"CRE: T1 vs T2"
"TALDO1",51.0969104963076,41.5041339678134,51.0969104963076,"CRE: T1 vs T2"
"HSDL2",33.5543126162904,56.0603615673743,56.0603615673743,"CRE: T1 vs T2"
"FABP5",25.5620756821197,29.992951141797,29.992951141797,"CRE: T1 vs T2"
"CZIB",23.5782369556655,19.4687232963285,23.5782369556655,"CRE: T1 vs T2"
"S100A13",51.7276694952684,55.4903227471151,55.4903227471151,"CRE: T1 vs T2"
"SMPX",33.2909437402549,43.2314042262768,43.2314042262768,"CRE: T1 vs T2"
"PCBD2",8.71504976985045,17.0055334969839,17.0055334969839,"CRE: T1 vs T2"
"PREP",7.70828351333837,16.7917780169213,16.7917780169213,"CRE: T1 vs T2"
"SKP1",27.601964335054,38.4588380514086,38.4588380514086,"CRE: T1 vs T2"
"RPL7",28.4628362388366,40.7023840258408,40.7023840258408,"CRE: T1 vs T2"
"HIBADH",36.5108353949843,33.85951611358,36.5108353949843,"CRE: T1 vs T2"
"EEF1D",18.1712111438244,20.7478084115799,20.7478084115799,"CRE: T1 vs T2"
"VCP",26.9100321410268,22.7494109206772,26.9100321410268,"CRE: T1 vs T2"
"PNP",112.117831080925,72.3765263335356,112.117831080925,"CRE: T1 vs T2"
"PBXIP1",24.7575547185415,28.777648463004,28.777648463004,"CRE: T1 vs T2"
"MYOZ1",56.4533743004666,140.616599125199,140.616599125199,"CRE: T1 vs T2"
"CDC42",25.2748008350228,16.4150197834471,25.2748008350228,"CRE: T1 vs T2"
"ALAD",91.0697673576809,71.2729294787161,91.0697673576809,"CRE: T1 vs T2"
"IDH3A",41.0897554630231,44.7566324903777,44.7566324903777,"CRE: T1 vs T2"
"NDUFV1",43.4089834802152,29.7888927987246,43.4089834802152,"CRE: T1 vs T2"
"HIBCH",51.2989588564089,42.8906905423591,51.2989588564089,"CRE: T1 vs T2"
"PRKACA",13.2505268972378,13.2376202246689,13.2505268972378,"CRE: T1 vs T2"
"AIFM1",35.1106946873847,26.0301128519112,35.1106946873847,"CRE: T1 vs T2"
"SLC25A11",50.099819145601,41.7143780974649,50.099819145601,"CRE: T1 vs T2"
"MYOM1",27.4343517978211,85.2789709393416,85.2789709393416,"CRE: T1 vs T2"
"FUNDC2",22.683425148466,33.9694448755454,33.9694448755454,"CRE: T1 vs T2"
"AKR1C3",91.0792723320254,53.9519943269414,91.0792723320254,"CRE: T1 vs T2"
"DES",56.5787776873306,152.141599076456,152.141599076456,"CRE: T1 vs T2"
"NAPA",31.9070100915467,13.1831753334045,31.9070100915467,"CRE: T1 vs T2"
"HSPE1",34.7358237184078,58.1700210317826,58.1700210317826,"CRE: T1 vs T2"
"ADPRHL1",34.9169653648482,28.8693454257006,34.9169653648482,"CRE: T1 vs T2"
"NDUFA9",42.8008775343748,34.7850435916238,42.8008775343748,"CRE: T1 vs T2"
"PACSIN3",19.4153806757317,30.1374436572703,30.1374436572703,"CRE: T1 vs T2"
"COASY",33.1627900296874,50.1658502020711,50.1658502020711,"CRE: T1 vs T2"
"NDUFA10",50.8074526049273,32.8854793961659,50.8074526049273,"CRE: T1 vs T2"
"CCT3",23.6086170265758,23.8800258287268,23.8800258287268,"CRE: T1 vs T2"
"MGST3",7.78187937741415,37.9048109505655,37.9048109505655,"CRE: T1 vs T2"
"MYH9",34.4719396852128,43.5340388834181,43.5340388834181,"CRE: T1 vs T2"
"CACNA2D1",15.183779068917,22.6360448867829,22.6360448867829,"CRE: T1 vs T2"
"LTA4H",13.545799928743,12.9523264787996,13.545799928743,"CRE: T1 vs T2"
"AK3",51.2908095924349,58.666600115681,58.666600115681,"CRE: T1 vs T2"
"HNRNPK",20.4432846610703,32.0730925360189,32.0730925360189,"CRE: T1 vs T2"
"MYOT",28.135971972665,86.9168729996025,86.9168729996025,"CRE: T1 vs T2"
"CSRP1",43.0778553056529,39.2080696560442,43.0778553056529,"CRE: T1 vs T2"
"RNPEP",30.7409903507323,35.8809202553352,35.8809202553352,"CRE: T1 vs T2"
"GYS1",35.425287047311,29.845729174502,35.425287047311,"CRE: T1 vs T2"
"NDUFA5",49.7379168711678,23.1954094390047,49.7379168711678,"CRE: T1 vs T2"
"IMMT",54.2875528740585,31.7582739410076,54.2875528740585,"CRE: T1 vs T2"
"SMTNL1",41.1755409355957,39.6437527978016,41.1755409355957,"CRE: T1 vs T2"
"NT5C3A",13.9360784115951,19.0342920357647,19.0342920357647,"CRE: T1 vs T2"
"ANK1",106.237871582067,83.7381421648625,106.237871582067,"CRE: T1 vs T2"
"ATP5PF",58.3566599561893,41.9184378930745,58.3566599561893,"CRE: T1 vs T2"
"EEF1B2",16.2454294505219,9.77097875986657,16.2454294505219,"CRE: T1 vs T2"
"RAB5C",23.8838947690647,33.8930496359036,33.8930496359036,"CRE: T1 vs T2"
"NDUFA13",59.4023109778101,53.4713022197158,59.4023109778101,"CRE: T1 vs T2"
"PSMA5",38.9361758918114,25.399586464473,38.9361758918114,"CRE: T1 vs T2"
"CAP2",16.6984696653171,25.1627183129253,25.1627183129253,"CRE: T1 vs T2"
"S100A11",98.2065105780434,58.5684317000437,98.2065105780434,"CRE: T1 vs T2"
"NDUFB3",46.3681758340671,23.4033810891017,46.3681758340671,"CRE: T1 vs T2"
"HMGB1",19.9324902091472,33.9827471108782,33.9827471108782,"CRE: T1 vs T2"
"PPP2R1A",21.7412673109143,15.7851950411236,21.7412673109143,"CRE: T1 vs T2"
"EPHX1",37.9477468488448,15.5302525386987,37.9477468488448,"CRE: T1 vs T2"
"SLC2A1",105.771928318336,75.3662273137997,105.771928318336,"CRE: T1 vs T2"
"PRKAR2A",23.3424487239306,20.3950806232973,23.3424487239306,"CRE: T1 vs T2"
"UBE2L3",48.2495331110926,38.1225829924312,48.2495331110926,"CRE: T1 vs T2"
"PCYOX1",24.2956057354693,30.2975882025889,30.2975882025889,"CRE: T1 vs T2"
"FHL3",67.4851445471473,49.0385910964852,67.4851445471473,"CRE: T1 vs T2"
"LMNA",47.5269108047045,83.7234115430685,83.7234115430685,"CRE: T1 vs T2"
"NDUFAB1",45.1644708827608,40.6265712417742,45.1644708827608,"CRE: T1 vs T2"
"UBE2D1",42.4285217894479,33.8604450248536,42.4285217894479,"CRE: T1 vs T2"
"CST3",60.8023086890546,56.163523604484,60.8023086890546,"CRE: T1 vs T2"
"ADSL",11.2845073776275,23.858817910663,23.858817910663,"CRE: T1 vs T2"
"HIST2H2BE",45.2961621022741,74.4200969087337,74.4200969087337,"CRE: T1 vs T2"
"CBR1",26.7621971018314,28.6952053180658,28.6952053180658,"CRE: T1 vs T2"
"PGD",68.2156530733143,50.5501897108746,68.2156530733143,"CRE: T1 vs T2"
"USP14",30.5396764161581,23.5095424043831,30.5396764161581,"CRE: T1 vs T2"
"DPYSL2",21.7514734434602,54.4919366886715,54.4919366886715,"CRE: T1 vs T2"
"RACK1",21.3609986193963,29.965396804982,29.965396804982,"CRE: T1 vs T2"
"AMPD3",57.7931242015059,47.844617262958,57.7931242015059,"CRE: T1 vs T2"
"ABHD14B",35.5047545567346,22.4330159680915,35.5047545567346,"CRE: T1 vs T2"
"NAXE",23.4579710503075,19.5028116856177,23.4579710503075,"CRE: T1 vs T2"
"BCAT2",37.0145504973047,41.7834682587977,41.7834682587977,"CRE: T1 vs T2"
"TAGLN2",35.071179283815,59.5588048522556,59.5588048522556,"CRE: T1 vs T2"
"RPLP2",28.868621917131,35.3900885811244,35.3900885811244,"CRE: T1 vs T2"
"TWF2",30.6701233710723,26.5031707120945,30.6701233710723,"CRE: T1 vs T2"
"PSMA7",40.6825888866792,23.8225124196715,40.6825888866792,"CRE: T1 vs T2"
"HK1",21.1223024467094,17.6142452035336,21.1223024467094,"CRE: T1 vs T2"
"PSMA4",28.7831555962621,25.0556327538452,28.7831555962621,"CRE: T1 vs T2"
"MYBPC2",70.3064242971693,91.8736528861007,91.8736528861007,"CRE: T1 vs T2"
"NDUFA6",48.5426150396614,35.0428634181435,48.5426150396614,"CRE: T1 vs T2"
"ANXA11",18.9387381148899,25.7423622204917,25.7423622204917,"CRE: T1 vs T2"
"STAC3",46.0295510319494,31.5088999487273,46.0295510319494,"CRE: T1 vs T2"
"NIPSNAP3B",43.6633199567844,28.6352497962731,43.6633199567844,"CRE: T1 vs T2"
"AHCY",20.7613534053133,24.5779390988902,24.5779390988902,"CRE: T1 vs T2"
"NDUFB4",61.9784057918029,33.2749426206868,61.9784057918029,"CRE: T1 vs T2"
"NDUFS3",39.4917930555907,33.0655433335141,39.4917930555907,"CRE: T1 vs T2"
"ALDH4A1",23.0258713282519,23.4242427365127,23.4242427365127,"CRE: T1 vs T2"
"PSMA2",50.0852575462697,14.5208721434177,50.0852575462697,"CRE: T1 vs T2"
"MYL6B",70.6825356723768,99.742815568063,99.742815568063,"CRE: T1 vs T2"
"UBE2V2",16.9724708855223,14.5570512079706,16.9724708855223,"CRE: T1 vs T2"
"DDAH1",45.5002115305541,36.551528735247,45.5002115305541,"CRE: T1 vs T2"
"SDHC",73.0123495843731,46.8945823949357,73.0123495843731,"CRE: T1 vs T2"
"SRI",69.8007043036014,64.6086842075073,69.8007043036014,"CRE: T1 vs T2"
"HRC",9.25357149775225,17.5119155867775,17.5119155867775,"CRE: T1 vs T2"
"CD59",22.647399658251,14.2589768229767,22.647399658251,"CRE: T1 vs T2"
"PDLIM1",23.8243351564531,30.7449399014535,30.7449399014535,"CRE: T1 vs T2"
"STIP1",23.0986277312262,10.9880846743743,23.0986277312262,"CRE: T1 vs T2"
"CAPZA1",50.8334404577288,44.8707403011795,50.8334404577288,"CRE: T1 vs T2"
"OGN",74.2145862853341,78.6846755310462,78.6846755310462,"CRE: T1 vs T2"
"EIF4A2",19.8493325315435,16.2732454241933,19.8493325315435,"CRE: T1 vs T2"
"CAPNS1",29.9189317133296,21.6279468331586,29.9189317133296,"CRE: T1 vs T2"
"HNRNPA2B1",31.4717330158367,20.8399716259775,31.4717330158367,"CRE: T1 vs T2"
"CACYBP",20.8691988174332,28.0208957928496,28.0208957928496,"CRE: T1 vs T2"
"PSMA6",31.7402431238237,15.282658773299,31.7402431238237,"CRE: T1 vs T2"
"AZGP1",67.8481705974514,68.910707897289,68.910707897289,"CRE: T1 vs T2"
"ALDH5A1",24.7937328002751,32.9519915991186,32.9519915991186,"CRE: T1 vs T2"
"PSMF1",49.1658804192969,66.7049614554755,66.7049614554755,"CRE: T1 vs T2"
"FIS1",23.4544759392812,42.9962655216706,42.9962655216706,"CRE: T1 vs T2"
"PDIA3",32.9290987238402,54.7461916586295,54.7461916586295,"CRE: T1 vs T2"
"GPX3",49.4065089730742,41.1282541047264,49.4065089730742,"CRE: T1 vs T2"
"COL6A3",47.642519242333,112.928873924003,112.928873924003,"CRE: T1 vs T2"
"MAOB",29.7166917865007,29.6216554825857,29.7166917865007,"CRE: T1 vs T2"
"TKT",98.9856985542933,72.9833074582241,98.9856985542933,"CRE: T1 vs T2"
"NDUFA2",37.489436707991,34.9174670510919,37.489436707991,"CRE: T1 vs T2"
"APEH",40.7347253782845,24.2917126654708,40.7347253782845,"CRE: T1 vs T2"
"RHOA",13.5990842034313,35.1138900474354,35.1138900474354,"CRE: T1 vs T2"
"TCAP",41.349070361363,71.809628977059,71.809628977059,"CRE: T1 vs T2"
"TPSB2",58.6864044501757,86.0209765721126,86.0209765721126,"CRE: T1 vs T2"
"HSPA5",15.1629009352485,28.6648556333595,28.6648556333595,"CRE: T1 vs T2"
"RYR1",12.4822724024966,29.2527717122142,29.2527717122142,"CRE: T1 vs T2"
"CAVIN2",57.3366263790561,40.7888235686529,57.3366263790561,"CRE: T1 vs T2"
"TMEM109",15.4325714291661,29.9568080214702,29.9568080214702,"CRE: T1 vs T2"
"PDHX",57.9023620991176,31.5127746975707,57.9023620991176,"CRE: T1 vs T2"
"IDH1",34.4569185872973,32.1871348490028,34.4569185872973,"CRE: T1 vs T2"
"ANP32A",20.4985535645964,28.6346354859768,28.6346354859768,"CRE: T1 vs T2"
"PRXL2A",80.2202467697503,12.5788924568732,80.2202467697503,"CRE: T1 vs T2"
"CANX",20.1469425872626,23.6962061012221,23.6962061012221,"CRE: T1 vs T2"
"EEF1G",22.4557871466173,13.1312273016224,22.4557871466173,"CRE: T1 vs T2"
"HEBP2",15.7753518269167,24.4705952855099,24.4705952855099,"CRE: T1 vs T2"
"CCT2",31.0365934116302,20.650100671379,31.0365934116302,"CRE: T1 vs T2"
"MYLK",41.7511771059216,36.556942227064,41.7511771059216,"CRE: T1 vs T2"
"RAB7A",21.4912465839666,16.8605113689059,21.4912465839666,"CRE: T1 vs T2"
"PLIN3",8.87562514594315,7.86967786693053,8.87562514594315,"CRE: T1 vs T2"
"LAP3",17.0669812116134,12.6321861051679,17.0669812116134,"CRE: T1 vs T2"
"WARS1",20.5628355928467,20.1793241978821,20.5628355928467,"CRE: T1 vs T2"
"MAP4",20.8896413873744,24.6496701505842,24.6496701505842,"CRE: T1 vs T2"
"ACP1",21.2252982139929,24.9314062866094,24.9314062866094,"CRE: T1 vs T2"
"COL6A1",55.5850682380878,122.495625867255,122.495625867255,"CRE: T1 vs T2"
"ACTN3",74.1285034878056,164.458510253404,164.458510253404,"CRE: T1 vs T2"
"CAMK2D",18.8155926090427,10.2993325493526,18.8155926090427,"CRE: T1 vs T2"
"SPTB",102.799343158677,75.5700697306417,102.799343158677,"CRE: T1 vs T2"
"MPI",20.7726561964418,14.7322506869324,20.7726561964418,"CRE: T1 vs T2"
"ANK2",22.9787758543156,22.8483236332153,22.9787758543156,"CRE: T1 vs T2"
"RAB10",16.205787481987,27.1419489625172,27.1419489625172,"CRE: T1 vs T2"
"HP1BP3",14.7065908551147,55.0830400228267,55.0830400228267,"CRE: T1 vs T2"
"MYL12B",41.4724027746924,29.7210264886877,41.4724027746924,"CRE: T1 vs T2"
"PTGES3",17.4692288911634,16.6802961214639,17.4692288911634,"CRE: T1 vs T2"
"CRKL",19.5837118649379,18.9540490231133,19.5837118649379,"CRE: T1 vs T2"
"PSMA3",27.2525819645841,24.3044907890718,27.2525819645841,"CRE: T1 vs T2"
"DYSF",23.030128924348,22.0198647644448,23.030128924348,"CRE: T1 vs T2"
"DDT",33.5140105662163,26.6647257065348,33.5140105662163,"CRE: T1 vs T2"
"GNAI2",54.4181917747665,39.7519419045919,54.4181917747665,"CRE: T1 vs T2"
"MUSTN1",46.2399119880643,40.8583843930604,46.2399119880643,"CRE: T1 vs T2"
"NDUFA8",61.1806803843477,51.3927329772028,61.1806803843477,"CRE: T1 vs T2"
"TCP1",26.5347643008777,20.2991581212662,26.5347643008777,"CRE: T1 vs T2"
"PSMB1",22.1675552270216,21.3055269484295,22.1675552270216,"CRE: T1 vs T2"
"NEDD8",32.6064294011295,18.02631408562,32.6064294011295,"CRE: T1 vs T2"
"RPS16",16.4625015890788,29.7264915069718,29.7264915069718,"CRE: T1 vs T2"
"SPTAN1",54.6570083985174,57.2918691506089,57.2918691506089,"CRE: T1 vs T2"
"TUBA8",31.1119441508135,22.7223746949618,31.1119441508135,"CRE: T1 vs T2"
"TLN1",52.7617813214031,39.127623054767,52.7617813214031,"CRE: T1 vs T2"
"DCXR",28.4036865380494,66.056398652043,66.056398652043,"CRE: T1 vs T2"
"CAV2",108.294990023581,35.2332311680555,108.294990023581,"CRE: T1 vs T2"
"TMEM43",31.483437354738,46.2322041761154,46.2322041761154,"CRE: T1 vs T2"
"ACOT13",42.1402120940848,68.8439585087861,68.8439585087861,"CRE: T1 vs T2"
"MTPN",36.2230348618508,26.0562130369039,36.2230348618508,"CRE: T1 vs T2"
"AK2",31.4805868336098,32.1492660079073,32.1492660079073,"CRE: T1 vs T2"
"CPT1B",33.494531041032,62.1891595599416,62.1891595599416,"CRE: T1 vs T2"
"IDH3B",40.0249911842772,29.8369159474899,40.0249911842772,"CRE: T1 vs T2"
"RPS25",25.7348884495373,35.8725855598513,35.8725855598513,"CRE: T1 vs T2"
"GPX1",31.3866973583278,25.3070419200151,31.3866973583278,"CRE: T1 vs T2"
"ACACA",32.4333468961408,50.1628133805794,50.1628133805794,"CRE: T1 vs T2"
"PSMC6",31.0066898453877,26.5808452597618,31.0066898453877,"CRE: T1 vs T2"
"ASPN",62.2190959278297,86.307108760981,86.307108760981,"CRE: T1 vs T2"
"CAPN1",24.621951080814,10.8813790793034,24.621951080814,"CRE: T1 vs T2"
"SDHD",58.4125119542161,74.6473541191401,74.6473541191401,"CRE: T1 vs T2"
"PRKCSH",21.3293576090554,33.8723735736164,33.8723735736164,"CRE: T1 vs T2"
"NDUFB1",59.3887766957796,37.2372672249198,59.3887766957796,"CRE: T1 vs T2"
"RPLP1",27.611390976871,34.3513579080338,34.3513579080338,"CRE: T1 vs T2"
"GLUD1",17.9263203164527,33.0871859926097,33.0871859926097,"CRE: T1 vs T2"
"VAT1",52.0976933696981,61.146148479737,61.146148479737,"CRE: T1 vs T2"
"EIF4H",26.3591390914597,7.76158891197451,26.3591390914597,"CRE: T1 vs T2"
"SMYD1",12.9934384293811,30.4870261137796,30.4870261137796,"CRE: T1 vs T2"
"ECI2",50.2400256482651,62.7407995762882,62.7407995762882,"CRE: T1 vs T2"
"UBE2V1",35.965526656195,41.1366512714376,41.1366512714376,"CRE: T1 vs T2"
"CAP1",46.3701772138786,57.2151096490508,57.2151096490508,"CRE: T1 vs T2"
"RBP4",123.998258745814,68.5119570808987,123.998258745814,"CRE: T1 vs T2"
"DGLUCY",54.9832430948436,66.1180551377696,66.1180551377696,"CRE: T1 vs T2"
"DSTN",20.6325584918571,21.8540654700345,21.8540654700345,"CRE: T1 vs T2"
"ETFDH",40.404145034936,48.3309452936554,48.3309452936554,"CRE: T1 vs T2"
"UCHL1",44.8325248140428,17.225559483611,44.8325248140428,"CRE: T1 vs T2"
"CRYZ",27.694352598052,29.9430173587774,29.9430173587774,"CRE: T1 vs T2"
"DHRS7",30.5962831330272,22.3410641897597,30.5962831330272,"CRE: T1 vs T2"
"IPO5",25.0173946979493,23.7549264942008,25.0173946979493,"CRE: T1 vs T2"
"BANF1",29.4260307186062,26.8584456684297,29.4260307186062,"CRE: T1 vs T2"
"PPP2CA",22.550248369562,14.5150437605052,22.550248369562,"CRE: T1 vs T2"
"GPD2",25.4067021399646,25.1896246446336,25.4067021399646,"CRE: T1 vs T2"
"DPYSL3",33.8383333474429,50.0322310722178,50.0322310722178,"CRE: T1 vs T2"
"AKR7A2",21.7331775013487,18.7885595310182,21.7331775013487,"CRE: T1 vs T2"
"IARS2",38.7633166057834,40.5541480697542,40.5541480697542,"CRE: T1 vs T2"
"NSFL1C",15.3640856003747,15.2265635694374,15.3640856003747,"CRE: T1 vs T2"
"RPL22",17.6448454286367,30.9179682602609,30.9179682602609,"CRE: T1 vs T2"
"METTL7A",40.1930025902457,33.8196951069914,40.1930025902457,"CRE: T1 vs T2"
"GNB1",49.7750723135954,32.5410126132616,49.7750723135954,"CRE: T1 vs T2"
"PGP",26.0280096681338,23.9427991604895,26.0280096681338,"CRE: T1 vs T2"
"CLTC",37.5950134247295,42.3736943543788,42.3736943543788,"CRE: T1 vs T2"
"ATP1A2",25.2405172979987,23.513389284365,25.2405172979987,"CRE: T1 vs T2"
"RAD23A",17.6776980847534,33.0133114010746,33.0133114010746,"CRE: T1 vs T2"
"CUTA",23.6871194029107,18.0463225978269,23.6871194029107,"CRE: T1 vs T2"
"ATIC",21.8717895869008,21.153154516493,21.8717895869008,"CRE: T1 vs T2"
"LRPPRC",32.9609283249358,43.4148520610555,43.4148520610555,"CRE: T1 vs T2"
"NQO2",44.6635357127877,33.7182976864957,44.6635357127877,"CRE: T1 vs T2"
"PPP1R1A",25.7640469884924,33.3488213947186,33.3488213947186,"CRE: T1 vs T2"
"ADSS2",18.6394382937045,17.2943000479989,18.6394382937045,"CRE: T1 vs T2"
"SOD3",46.5587936181274,31.2358520011467,46.5587936181274,"CRE: T1 vs T2"
"FAM162A",55.277694229779,49.0815074863713,55.277694229779,"CRE: T1 vs T2"
"PSMA1",26.2867703701432,23.5742668721761,26.2867703701432,"CRE: T1 vs T2"
"NDUFS6",48.647817739838,34.2749438621099,48.647817739838,"CRE: T1 vs T2"
"ANXA4",27.9255852135794,49.5769745942361,49.5769745942361,"CRE: T1 vs T2"
"PPIB",50.4115461716955,67.2887757063126,67.2887757063126,"CRE: T1 vs T2"
"RPL5",22.0956486803464,32.4384520490232,32.4384520490232,"CRE: T1 vs T2"
"ATP5IF1",69.010559475269,97.6673512220725,97.6673512220725,"CRE: T1 vs T2"
"SH3BGR",43.0492208558595,29.2772621975507,43.0492208558595,"CRE: T1 vs T2"
"IMPA2",37.8181159581064,31.5099886641293,37.8181159581064,"CRE: T1 vs T2"
"DYNLL2",35.6317552749228,26.35319411635,35.6317552749228,"CRE: T1 vs T2"
"RAB6A",22.1163596589899,46.7963042984287,46.7963042984287,"CRE: T1 vs T2"
"RPS3",14.0706141641937,26.1711810744724,26.1711810744724,"CRE: T1 vs T2"
"GFM1",24.1838271297371,35.2068357537199,35.2068357537199,"CRE: T1 vs T2"
"ATP1A1",22.0018440090412,16.5246502619357,22.0018440090412,"CRE: T1 vs T2"
"RAD23B",26.3883152362943,16.8343648204914,26.3883152362943,"CRE: T1 vs T2"
"TACO1",58.3085065061398,119.438567468233,119.438567468233,"CRE: T1 vs T2"
"PSMB2",33.2129342591832,23.2744169720677,33.2129342591832,"CRE: T1 vs T2"
"ME1",23.1454696246347,17.0126805377714,23.1454696246347,"CRE: T1 vs T2"
"NONO",10.8096572926311,37.0267426473344,37.0267426473344,"CRE: T1 vs T2"
"HINT2",54.9089109396362,57.9099074910619,57.9099074910619,"CRE: T1 vs T2"
"NDUFS7",60.7871793848271,78.3618655991798,78.3618655991798,"CRE: T1 vs T2"
"CLEC3B",41.4244707464401,68.422985149689,68.422985149689,"CRE: T1 vs T2"
"PHKA1",39.7430410138474,24.9865960498774,39.7430410138474,"CRE: T1 vs T2"
"CHCHD3",44.758118470179,31.0640556877254,44.758118470179,"CRE: T1 vs T2"
"CAVIN4",28.3475667158374,30.0302333883165,30.0302333883165,"CRE: T1 vs T2"
"CAB39",24.2941481872659,13.783444268448,24.2941481872659,"CRE: T1 vs T2"
"GLRX5",47.2077233657823,49.0804648383303,49.0804648383303,"CRE: T1 vs T2"
"ACO1",22.2006699695762,18.9781996345867,22.2006699695762,"CRE: T1 vs T2"
"BSG",23.2548627883405,19.053063641088,23.2548627883405,"CRE: T1 vs T2"
"PLS3",29.2315534636241,55.6437412111206,55.6437412111206,"CRE: T1 vs T2"
"TUBB2A",44.0496146393007,40.1058380008537,44.0496146393007,"CRE: T1 vs T2"
"GPX4",22.6388073632993,25.9457134598896,25.9457134598896,"CRE: T1 vs T2"
"FHOD1",16.4359343983487,19.0310068088135,19.0310068088135,"CRE: T1 vs T2"
"PRPS1",50.0291153217944,30.6806030140578,50.0291153217944,"CRE: T1 vs T2"
"MICOS13",47.9504536649101,65.020973475435,65.020973475435,"CRE: T1 vs T2"
"PCBD1",21.1763238539538,13.5557643695027,21.1763238539538,"CRE: T1 vs T2"
"FKBP2",18.1982294995661,22.5542552534914,22.5542552534914,"CRE: T1 vs T2"
"PTGR2",30.4545612409543,51.5782695073879,51.5782695073879,"CRE: T1 vs T2"
"ISOC2",24.6450238209554,46.0827094747959,46.0827094747959,"CRE: T1 vs T2"
"KPNB1",17.0925937538289,13.0919881549584,17.0925937538289,"CRE: T1 vs T2"
"NDUFS2",52.3016988619301,47.5775518599957,52.3016988619301,"CRE: T1 vs T2"
"TBCA",32.094286941061,44.8658575628646,44.8658575628646,"CRE: T1 vs T2"
"NAP1L4",18.9743237861015,21.4313003241584,21.4313003241584,"CRE: T1 vs T2"
"CPT2",29.5047760185827,29.9115608486502,29.9115608486502,"CRE: T1 vs T2"
"MYH4",52.2387726438379,117.421092746638,117.421092746638,"CRE: T1 vs T2"
"CCT6A",38.5027587044127,9.68273835544407,38.5027587044127,"CRE: T1 vs T2"
"MAP2K3",30.4993018861357,30.0792912707306,30.4993018861357,"CRE: T1 vs T2"
"TOLLIP",26.7328109664292,17.536550107348,26.7328109664292,"CRE: T1 vs T2"
"APOOL",57.8337032664512,52.5145987154375,57.8337032664512,"CRE: T1 vs T2"
"CACNB3",20.5849185384403,26.8308542692177,26.8308542692177,"CRE: T1 vs T2"
"GSR",24.8988331099503,29.9372519932642,29.9372519932642,"CRE: T1 vs T2"
"PSMB4",38.9483471055725,26.2540930123058,38.9483471055725,"CRE: T1 vs T2"
"FAH",52.855007835134,35.2770209480256,52.855007835134,"CRE: T1 vs T2"
"B2M",31.7044751218327,44.204418868003,44.204418868003,"CRE: T1 vs T2"
"ITGB1",37.2445898753144,21.6741606073792,37.2445898753144,"CRE: T1 vs T2"
"KLHL40",59.4277844956351,44.1419586821285,59.4277844956351,"CRE: T1 vs T2"
"CAND2",22.8142108645266,20.0014021046999,22.8142108645266,"CRE: T1 vs T2"
"RAB11B",29.8563158067074,32.5150078530316,32.5150078530316,"CRE: T1 vs T2"
"PPP1CB",21.5178408161947,14.0581792880551,21.5178408161947,"CRE: T1 vs T2"
"RIDA",17.4314918602687,20.7581201470415,20.7581201470415,"CRE: T1 vs T2"
"APRT",36.7628481684425,40.4239025857186,40.4239025857186,"CRE: T1 vs T2"
"FBN1",56.3022687476239,120.952373275053,120.952373275053,"CRE: T1 vs T2"
"MTHFD1",15.7154512713857,15.2813911834801,15.7154512713857,"CRE: T1 vs T2"
"NDUFB9",64.2100241967562,47.4703086856182,64.2100241967562,"CRE: T1 vs T2"
"HSPA4",17.797337362312,6.65477293503622,17.797337362312,"CRE: T1 vs T2"
"ADPRH",54.0075131739546,47.0959979676323,54.0075131739546,"CRE: T1 vs T2"
"RDX",24.6415357698894,11.9680088269293,24.6415357698894,"CRE: T1 vs T2"
"IMPA1",26.006117338873,26.4029506201143,26.4029506201143,"CRE: T1 vs T2"
"EIF3K",28.8501843860874,23.1116559479913,28.8501843860874,"CRE: T1 vs T2"
"PSMB5",36.5062556319667,22.2560336705202,36.5062556319667,"CRE: T1 vs T2"
"STBD1",35.6367841051094,25.5659427013917,35.6367841051094,"CRE: T1 vs T2"
"COL6A2",38.2142473462062,120.175301500955,120.175301500955,"CRE: T1 vs T2"
"NOL3",32.9857488272958,31.6121350804736,32.9857488272958,"CRE: T1 vs T2"
"GSTK1",38.265488651106,29.464736523647,38.265488651106,"CRE: T1 vs T2"
"RPS20",19.3185679651244,30.1683410548907,30.1683410548907,"CRE: T1 vs T2"
"LANCL1",20.3026267096714,19.3784311930962,20.3026267096714,"CRE: T1 vs T2"
"MT-CO1",60.1354266998365,38.8429587426681,60.1354266998365,"CRE: T1 vs T2"
"MYH13",48.8600587135188,89.9586555217692,89.9586555217692,"CRE: T1 vs T2"
"RPS10",13.5018593006445,31.5125012036753,31.5125012036753,"CRE: T1 vs T2"
"AKR1C2",29.0990428682526,40.891596609624,40.891596609624,"CRE: T1 vs T2"
"FARSB",25.9498663020624,20.3163172917044,25.9498663020624,"CRE: T1 vs T2"
"LGALS3",57.2476715919385,66.8286149732738,66.8286149732738,"CRE: T1 vs T2"
"PLEC",27.7143148565351,66.9830294192057,66.9830294192057,"CRE: T1 vs T2"
"MTCH2",34.2911725955625,9.96354218326426,34.2911725955625,"CRE: T1 vs T2"
"GLOD4",22.2882648664846,19.5078030283703,22.2882648664846,"CRE: T1 vs T2"
"SAR1B",37.1485525345611,50.5882130058672,50.5882130058672,"CRE: T1 vs T2"
"CALR",21.5063305031683,37.2465320094283,37.2465320094283,"CRE: T1 vs T2"
"SAMM50",62.7127592492142,41.8358257763704,62.7127592492142,"CRE: T1 vs T2"
"GNPDA1",18.2913899627952,9.96054545522574,18.2913899627952,"CRE: T1 vs T2"
"RPS9",18.1879723811247,24.5211119697461,24.5211119697461,"CRE: T1 vs T2"
"TMEM11",40.1407951825513,31.543727521648,40.1407951825513,"CRE: T1 vs T2"
"PPA1",15.4907554819765,13.7967873074165,15.4907554819765,"CRE: T1 vs T2"
"LYPLA1",24.9227993489268,35.2154040809119,35.2154040809119,"CRE: T1 vs T2"
"CYB5A",44.6584997599921,34.4981870976191,44.6584997599921,"CRE: T1 vs T2"
"USP5",24.7019244640965,29.4407967200515,29.4407967200515,"CRE: T1 vs T2"
"PDLIM7",22.3773703781784,65.8379937856286,65.8379937856286,"CRE: T1 vs T2"
"C11orf54",32.6063777437133,26.7864004365312,32.6063777437133,"CRE: T1 vs T2"
"RPS15A",17.7784660949087,38.278438516982,38.278438516982,"CRE: T1 vs T2"
"RAC1",17.1522694362776,17.5779594169231,17.5779594169231,"CRE: T1 vs T2"
"CUTC",23.6655925370892,19.1249335804865,23.6655925370892,"CRE: T1 vs T2"
"TXNDC17",19.5823967996926,24.7612314366087,24.7612314366087,"CRE: T1 vs T2"
"RPSA",20.9272897321443,29.6673692773821,29.6673692773821,"CRE: T1 vs T2"
"PPP1CA",31.0075522512727,30.1129282710275,31.0075522512727,"CRE: T1 vs T2"
"XIRP1",38.7293838281253,30.5536255740646,38.7293838281253,"CRE: T1 vs T2"
"BGN",25.6795913397347,94.5635369278476,94.5635369278476,"CRE: T1 vs T2"
"TUBB6",71.6702592661835,64.1140522079448,71.6702592661835,"CRE: T1 vs T2"
"MPC2",48.4537167699878,52.0129883374187,52.0129883374187,"CRE: T1 vs T2"
"CCT4",24.2818926129387,22.785209219786,24.2818926129387,"CRE: T1 vs T2"
"PSMB6",36.6204622389361,17.6519794861024,36.6204622389361,"CRE: T1 vs T2"
"CUL5",18.9021260896893,16.115029345365,18.9021260896893,"CRE: T1 vs T2"
"SBDS",33.9352477517684,22.7311399097067,33.9352477517684,"CRE: T1 vs T2"
"RPL23A",23.6544395783204,23.710987789958,23.710987789958,"CRE: T1 vs T2"
"BAG3",33.3201789859888,30.3719242283873,33.3201789859888,"CRE: T1 vs T2"
"HDGF",12.0506818830577,20.8876328013329,20.8876328013329,"CRE: T1 vs T2"
"ATP1B1",40.3230096146783,22.5554799562091,40.3230096146783,"CRE: T1 vs T2"
"NCL",19.9924210753859,21.2219768012496,21.2219768012496,"CRE: T1 vs T2"
"CLIC5",33.7133761278162,30.9492237804729,33.7133761278162,"CRE: T1 vs T2"
"PSME1",54.4922120286597,24.0120349896101,54.4922120286597,"CRE: T1 vs T2"
"RPS3A",16.6607684749681,14.1814461833946,16.6607684749681,"CRE: T1 vs T2"
"CCT8",21.6165257740058,17.3708563870892,21.6165257740058,"CRE: T1 vs T2"
"EIF4G1",32.7263501597925,13.5406400030106,32.7263501597925,"CRE: T1 vs T2"
"VAPA",23.2127488103144,25.628994009694,25.628994009694,"CRE: T1 vs T2"
"GCSH",42.8015948170686,57.4671330061733,57.4671330061733,"CRE: T1 vs T2"
"EPB41",99.6246920357785,75.1927273567294,99.6246920357785,"CRE: T1 vs T2"
"NME1",29.5509584029629,34.5851389305931,34.5851389305931,"CRE: T1 vs T2"
"MAP2K6",18.9912652307018,27.7660887801549,27.7660887801549,"CRE: T1 vs T2"
"CCT5",25.9349544855469,24.6429634883214,25.9349544855469,"CRE: T1 vs T2"
"GDI1",15.558784667282,14.9783374269096,15.558784667282,"CRE: T1 vs T2"
"NAXD",25.2252108328876,29.2060074277186,29.2060074277186,"CRE: T1 vs T2"
"SNTB2",21.0719993320775,29.8586420995983,29.8586420995983,"CRE: T1 vs T2"
"COQ6",51.1860341234599,76.9856798706221,76.9856798706221,"CRE: T1 vs T2"
"RPS12",24.6216144802971,14.0939764741122,24.6216144802971,"CRE: T1 vs T2"
"DHRS7C",31.2980356297941,34.313701545234,34.313701545234,"CRE: T1 vs T2"
"CMPK1",33.5425660195139,41.1459102452541,41.1459102452541,"CRE: T1 vs T2"
"RSU1",40.7504837140951,18.9230411503814,40.7504837140951,"CRE: T1 vs T2"
"RPL10A",26.9087265060413,38.02509079494,38.02509079494,"CRE: T1 vs T2"
"CAPN2",18.2747587609563,12.6044149569962,18.2747587609563,"CRE: T1 vs T2"
"PAFAH1B2",36.0987925500998,26.5672436923945,36.0987925500998,"CRE: T1 vs T2"
"YBX1",23.360370564295,17.3419908412648,23.360370564295,"CRE: T1 vs T2"
"BCAP31",24.0263901643608,31.695267355995,31.695267355995,"CRE: T1 vs T2"
"CCT7",27.9655230567723,18.0698474745428,27.9655230567723,"CRE: T1 vs T2"
"TSN",22.6512607056029,27.9811021370156,27.9811021370156,"CRE: T1 vs T2"
"PSMB3",29.5255131734831,14.2030540311103,29.5255131734831,"CRE: T1 vs T2"
"CAPZB",22.5816633612586,54.2424988423427,54.2424988423427,"CRE: T1 vs T2"
"HPRT1",70.9335689838359,57.7252644574525,70.9335689838359,"CRE: T1 vs T2"
"MYLK2",47.1822263990882,55.278427085927,55.278427085927,"CRE: T1 vs T2"
"NDUFB6",69.1040557488323,23.4589996473663,69.1040557488323,"CRE: T1 vs T2"
"SEPTIN7",29.3295091940137,53.1048664616296,53.1048664616296,"CRE: T1 vs T2"
"NPM1",37.6212241523476,18.9488786661963,37.6212241523476,"CRE: T1 vs T2"
"BLMH",22.0957900984771,15.4148676165103,22.0957900984771,"CRE: T1 vs T2"
"SYNPO2",32.084130674513,71.4499397436088,71.4499397436088,"CRE: T1 vs T2"
"SUMO2",29.1524519255069,51.4985179767547,51.4985179767547,"CRE: T1 vs T2"
"EHD4",28.3512899877085,35.0971793293127,35.0971793293127,"CRE: T1 vs T2"
"GANAB",27.0642063819211,38.5112855023558,38.5112855023558,"CRE: T1 vs T2"
"GNB2",31.835516100726,18.8140683276744,31.835516100726,"CRE: T1 vs T2"
"ACOT9",14.0853491865203,38.8048110835892,38.8048110835892,"CRE: T1 vs T2"
"UQCR11",34.3781799321853,39.0928750506945,39.0928750506945,"CRE: T1 vs T2"
"TPD52L2",22.0750892996187,41.6870123651654,41.6870123651654,"CRE: T1 vs T2"
"RPLP0",17.0558979661082,24.7880367242205,24.7880367242205,"CRE: T1 vs T2"
"UCHL3",21.1676147677403,21.9741671684735,21.9741671684735,"CRE: T1 vs T2"
"ACADSB",55.7338215943308,52.126001113797,55.7338215943308,"CRE: T1 vs T2"
"RPS5",32.9183315624573,29.6276948192016,32.9183315624573,"CRE: T1 vs T2"
"FN1",126.226796432089,68.4859557357402,126.226796432089,"CRE: T1 vs T2"
"DYNC1H1",7.0980366488318,18.9650461632446,18.9650461632446,"CRE: T1 vs T2"
"HNRNPD",14.2231368314656,22.0532728948061,22.0532728948061,"CRE: T1 vs T2"
"CHCHD2",25.472583474327,52.0834760556084,52.0834760556084,"CRE: T1 vs T2"
"HSPB3",44.9475255638554,42.0056761020394,44.9475255638554,"CRE: T1 vs T2"
"ALDH3A2",24.1694796276349,28.2256766069988,28.2256766069988,"CRE: T1 vs T2"
"CAND1",54.4822173140514,45.1231382942288,54.4822173140514,"CRE: T1 vs T2"
"LAMB2",60.4621761542149,106.282283272271,106.282283272271,"CRE: T1 vs T2"
"NDUFS5",56.894701584357,44.720855309511,56.894701584357,"CRE: T1 vs T2"
"MAPRE2",40.9957100542371,35.5829210771312,40.9957100542371,"CRE: T1 vs T2"
"NIPSNAP3A",46.8026745007184,80.9667647654238,80.9667647654238,"CRE: T1 vs T2"
"CACNA1S",11.696315055547,31.8193431416441,31.8193431416441,"CRE: T1 vs T2"
"HSD17B10",36.4735095065508,31.2546511776329,36.4735095065508,"CRE: T1 vs T2"
"NDUFC2",54.9389084325621,39.6494739804273,54.9389084325621,"CRE: T1 vs T2"
"PPIF",75.0508551110763,88.4868966375,88.4868966375,"CRE: T1 vs T2"
"PPP1R7",13.6388361754721,10.8589906049153,13.6388361754721,"CRE: T1 vs T2"
"PIN1",22.6607517736507,11.95043935441,22.6607517736507,"CRE: T1 vs T2"
"CDH13",16.0625596398661,29.8358238958421,29.8358238958421,"CRE: T1 vs T2"
"ILK",31.9014026430826,14.9706851229195,31.9014026430826,"CRE: T1 vs T2"
"GOSR2",41.0045378677999,79.8677647122332,79.8677647122332,"CRE: T1 vs T2"
"CAST",52.3949665741239,36.7049190616277,52.3949665741239,"CRE: T1 vs T2"
"NARS1",12.5621539787104,11.5835624766394,12.5621539787104,"CRE: T1 vs T2"
"YWHAQ",16.1771245937633,35.0736185098434,35.0736185098434,"CRE: T1 vs T2"
"MAPT",29.0862953766509,31.3357845835067,31.3357845835067,"CRE: T1 vs T2"
"ERP44",31.2297918887764,24.8189188533007,31.2297918887764,"CRE: T1 vs T2"
"NDUFB11",52.3528516806826,48.8271395340787,52.3528516806826,"CRE: T1 vs T2"
"PA2G4",35.8573042020446,21.5574817133337,35.8573042020446,"CRE: T1 vs T2"
"IQGAP1",30.6135959365854,50.9301034100785,50.9301034100785,"CRE: T1 vs T2"
"KPNA4",20.2025894269681,27.2573837965439,27.2573837965439,"CRE: T1 vs T2"
"CTSB",29.5383554384513,15.6870070369797,29.5383554384513,"CRE: T1 vs T2"
"RPS6KA3",18.2828940300526,8.50436085877454,18.2828940300526,"CRE: T1 vs T2"
"TXN2",26.2624308048721,39.7382429784356,39.7382429784356,"CRE: T1 vs T2"
"MPST",29.5141448339471,23.1108731588968,29.5141448339471,"CRE: T1 vs T2"
"ASAH1",29.2583981746583,34.2656527720419,34.2656527720419,"CRE: T1 vs T2"
"EIF3J",27.6015595100213,6.99277381712196,27.6015595100213,"CRE: T1 vs T2"
"MT-ND1",57.6603790377337,33.9567743381593,57.6603790377337,"CRE: T1 vs T2"
"ALDH1L1",40.1378743355299,31.6206687809157,40.1378743355299,"CRE: T1 vs T2"
"IDH3G",49.2318602527663,77.152132003674,77.152132003674,"CRE: T1 vs T2"
"CALU",18.2979804636298,18.848159330493,18.848159330493,"CRE: T1 vs T2"
"MYO1C",69.1524099702696,41.1926315728009,69.1524099702696,"CRE: T1 vs T2"
"TMOD4",45.4843738492741,117.724353083006,117.724353083006,"CRE: T1 vs T2"
"BZW2",13.0976174595948,29.262217586629,29.262217586629,"CRE: T1 vs T2"
"OXSR1",19.4246712874143,10.5501332204603,19.4246712874143,"CRE: T1 vs T2"
"TPP1",40.0994312562262,45.614231265133,45.614231265133,"CRE: T1 vs T2"
"JSRP1",28.6868989329989,29.4268622499553,29.4268622499553,"CRE: T1 vs T2"
"PHKG1",44.6122062975641,27.0400966988931,44.6122062975641,"CRE: T1 vs T2"
"COX7A2",47.3912792460011,38.4080670036472,47.3912792460011,"CRE: T1 vs T2"
"MT-ND5",45.748926698557,30.2365823807318,45.748926698557,"CRE: T1 vs T2"
"MAPK1",19.0747858169409,7.52898750464062,19.0747858169409,"CRE: T1 vs T2"
"SPR",44.4862362351527,55.4577031504954,55.4577031504954,"CRE: T1 vs T2"
"TOMM70",33.8555046485353,48.1855402019789,48.1855402019789,"CRE: T1 vs T2"
"PUDP",38.9301973855288,56.3870490011727,56.3870490011727,"CRE: T1 vs T2"
"FBLN1",63.1864443707157,72.6137674765429,72.6137674765429,"CRE: T1 vs T2"
"PGRMC2",23.2594404266712,14.3985128278429,23.2594404266712,"CRE: T1 vs T2"
"BLVRA",45.7961033056475,41.4172702169254,45.7961033056475,"CRE: T1 vs T2"
"CLIC1",56.5835968506399,60.1455866574787,60.1455866574787,"CRE: T1 vs T2"
"NDUFA12",58.8027743332235,60.6590231919751,60.6590231919751,"CRE: T1 vs T2"
"SETD7",12.2107784747388,30.01785342957,30.01785342957,"CRE: T1 vs T2"
"PGM5",42.0941350856561,44.091947515317,44.091947515317,"CRE: T1 vs T2"
"CAPZA2",19.463647436604,47.7638371658903,47.7638371658903,"CRE: T1 vs T2"
"COQ7",37.7860470911555,49.8340451086407,49.8340451086407,"CRE: T1 vs T2"
"EIF5",23.6997706345614,22.7101904046894,23.6997706345614,"CRE: T1 vs T2"
"SNCG",75.1522627427599,44.8766473031983,75.1522627427599,"CRE: T1 vs T2"
"HNRNPL",25.6451505385366,29.4967714740972,29.4967714740972,"CRE: T1 vs T2"
"TPPP3",41.1818740362039,47.0933462727224,47.0933462727224,"CRE: T1 vs T2"
"PSMD8",25.7969103492459,31.4659456086817,31.4659456086817,"CRE: T1 vs T2"
"GSTZ1",19.7349888025149,29.1003145950062,29.1003145950062,"CRE: T1 vs T2"
"MYH14",37.9554024824397,17.5435551198374,37.9554024824397,"CRE: T1 vs T2"
"SPTBN1",58.0917660281485,58.754362283993,58.754362283993,"CRE: T1 vs T2"
"MAOA",51.2904354515971,25.96601941837,51.2904354515971,"CRE: T1 vs T2"
"RRAS",37.4329970176481,34.3446314846303,37.4329970176481,"CRE: T1 vs T2"
"DARS1",16.3284142252915,10.1406975547918,16.3284142252915,"CRE: T1 vs T2"
"RAB2A",16.9525283958842,11.8216112402135,16.9525283958842,"CRE: T1 vs T2"
"PPP2R2A",19.4724280018657,13.4695237213193,19.4724280018657,"CRE: T1 vs T2"
"DIABLO",37.7168820351468,41.4781415139481,41.4781415139481,"CRE: T1 vs T2"
"COQ3",71.4547549710332,48.4713812718109,71.4547549710332,"CRE: T1 vs T2"
"SCRN2",16.5163791266366,14.1651505109912,16.5163791266366,"CRE: T1 vs T2"
"UNC45B",24.4731214959575,27.4012982065163,27.4012982065163,"CRE: T1 vs T2"
"ACTR1A",15.5265744561829,20.4619705092863,20.4619705092863,"CRE: T1 vs T2"
"PKIA",16.9120968290346,27.758596227653,27.758596227653,"CRE: T1 vs T2"
"PTGR1",43.3864522037895,47.6003003259312,47.6003003259312,"CRE: T1 vs T2"
"STRAP",15.848946837095,10.560235468213,15.848946837095,"CRE: T1 vs T2"
"ALDH1B1",80.9663406806711,59.7146453481601,80.9663406806711,"CRE: T1 vs T2"
"PABPC1",11.0390419811216,15.548671510962,15.548671510962,"CRE: T1 vs T2"
"GCLC",85.1454884419238,54.5034917092978,85.1454884419238,"CRE: T1 vs T2"
"EPDR1",37.1723529055896,20.4365169747815,37.1723529055896,"CRE: T1 vs T2"
"RPS2",14.4578763717792,12.4976161490432,14.4578763717792,"CRE: T1 vs T2"
"CNDP2",26.3959168625158,28.9455875982906,28.9455875982906,"CRE: T1 vs T2"
"OBSCN",43.9027394622999,53.7502161849791,53.7502161849791,"CRE: T1 vs T2"
"COPS8",20.3703434396597,17.2389906750126,20.3703434396597,"CRE: T1 vs T2"
"RPS6",26.6098612856336,19.6111416972121,26.6098612856336,"CRE: T1 vs T2"
"RPS18",11.6123146968797,13.8648098862289,13.8648098862289,"CRE: T1 vs T2"
"SNX3",20.1526075267151,28.0955454867582,28.0955454867582,"CRE: T1 vs T2"
"LRRC47",21.0410514560891,26.5671528136657,26.5671528136657,"CRE: T1 vs T2"
"SGCD",18.0264364747561,33.3405811828377,33.3405811828377,"CRE: T1 vs T2"
"PSMD10",17.9775404787733,25.6179153192875,25.6179153192875,"CRE: T1 vs T2"
"PSMC3",27.8158230787629,14.8562746015737,27.8158230787629,"CRE: T1 vs T2"
"NDUFB8",49.7328813999839,51.455350859117,51.455350859117,"CRE: T1 vs T2"
"AGMAT",54.5143857409644,43.4025957296313,54.5143857409644,"CRE: T1 vs T2"
"ADIPOQ",26.1862886949591,26.6912400652253,26.6912400652253,"CRE: T1 vs T2"
"PSMC2",29.564515600534,15.5072613841554,29.564515600534,"CRE: T1 vs T2"
"CDC37",18.1106147940547,25.5998349789031,25.5998349789031,"CRE: T1 vs T2"
"PDCD5",19.0107976848307,32.8860194851164,32.8860194851164,"CRE: T1 vs T2"
"PSMB7",47.4426652249072,24.7944307460772,47.4426652249072,"CRE: T1 vs T2"
"LRG1",58.6970273550008,121.914896304578,121.914896304578,"CRE: T1 vs T2"
"TYMP",33.3361522626235,89.740837966277,89.740837966277,"CRE: T1 vs T2"
"OTUB1",16.8331773329232,14.9519794855979,16.8331773329232,"CRE: T1 vs T2"
"GRB2",17.9912286452084,21.6040854987244,21.6040854987244,"CRE: T1 vs T2"
"TST",43.5075032834251,69.641294717041,69.641294717041,"CRE: T1 vs T2"
"RPN1",15.2461613427325,29.286466903577,29.286466903577,"CRE: T1 vs T2"
"AFG3L2",43.8279255078026,52.5807269860501,52.5807269860501,"CRE: T1 vs T2"
"ECPAS",25.3848519246315,22.821620590768,25.3848519246315,"CRE: T1 vs T2"
"LASP1",55.0360608703035,71.3053678712411,71.3053678712411,"CRE: T1 vs T2"
"DMD",25.8647427645129,37.3109128065908,37.3109128065908,"CRE: T1 vs T2"
"MT-ND2",42.7881075041286,35.760926058898,42.7881075041286,"CRE: T1 vs T2"
"MCTS1",23.2617284742064,44.2468381487284,44.2468381487284,"CRE: T1 vs T2"
"HNRNPH1",20.8041788264874,12.309540598679,20.8041788264874,"CRE: T1 vs T2"
"DNPH1",39.6536755048106,27.8487675706275,39.6536755048106,"CRE: T1 vs T2"
"RPS28",32.5889151318561,22.4281613126343,32.5889151318561,"CRE: T1 vs T2"
"ASS1",34.9180143049254,28.8063455963867,34.9180143049254,"CRE: T1 vs T2"
"GBE1",25.8277321480678,11.5425196923684,25.8277321480678,"CRE: T1 vs T2"
"AQP1",99.6934539216034,43.8328244672142,99.6934539216034,"CRE: T1 vs T2"
"L2HGDH",52.6733027131479,92.5759519771689,92.5759519771689,"CRE: T1 vs T2"
"EIF1",28.6622840662034,13.1095688097755,28.6622840662034,"CRE: T1 vs T2"
"ELOB",19.7927430690983,15.6391990604748,19.7927430690983,"CRE: T1 vs T2"
"PPP3CB",24.6405497052067,26.5359872839895,26.5359872839895,"CRE: T1 vs T2"
"KPNA3",26.2328101533029,46.0844286904601,46.0844286904601,"CRE: T1 vs T2"
"TSTA3",106.668801248188,84.894047056721,106.668801248188,"CRE: T1 vs T2"
"YBX3",23.7157816884088,19.8041343560559,23.7157816884088,"CRE: T1 vs T2"
"PDIA6",31.9563846789925,27.109813556822,31.9563846789925,"CRE: T1 vs T2"
"APMAP",78.4592617789979,51.1680154441375,78.4592617789979,"CRE: T1 vs T2"
"RPL18",17.7371434552896,31.153347527519,31.153347527519,"CRE: T1 vs T2"
"THY1",52.8244888004327,79.503205294068,79.503205294068,"CRE: T1 vs T2"
"PEA15",56.5487473996711,55.937921489285,56.5487473996711,"CRE: T1 vs T2"
"TIMM13",52.1255917896482,79.2508045154141,79.2508045154141,"CRE: T1 vs T2"
"NIT2",22.81961599038,27.1511976915697,27.1511976915697,"CRE: T1 vs T2"
"DHRS7B",24.477513702487,23.8110586256867,24.477513702487,"CRE: T1 vs T2"
"PGLS",38.1452614907353,37.3488812629817,38.1452614907353,"CRE: T1 vs T2"
"PSMD14",23.0093054861067,28.5710823679168,28.5710823679168,"CRE: T1 vs T2"
"COQ10A",64.6955016283905,82.6648297089883,82.6648297089883,"CRE: T1 vs T2"
"TRIP10",8.62699566606832,9.53999251230985,9.53999251230985,"CRE: T1 vs T2"
"NT5C1A",42.0139748992055,33.8621668039336,42.0139748992055,"CRE: T1 vs T2"
"PCBP2",23.3504095764462,15.8288376017101,23.3504095764462,"CRE: T1 vs T2"
"CIRBP",28.9276783576111,19.7700616824037,28.9276783576111,"CRE: T1 vs T2"
"COX6A2",132.650191571528,87.0861798516854,132.650191571528,"CRE: T1 vs T2"
"TPM4",54.5362885467181,79.6832925747493,79.6832925747493,"CRE: T1 vs T2"
"NDUFS8",64.133247975141,50.5490416808526,64.133247975141,"CRE: T1 vs T2"
"PNPO",23.8498545102786,29.0386631189072,29.0386631189072,"CRE: T1 vs T2"
"BCL2L13",30.1571015676531,40.6391128289319,40.6391128289319,"CRE: T1 vs T2"
"PABPC4",24.3449201807372,23.9585584575672,24.3449201807372,"CRE: T1 vs T2"
"PHKA2",78.8262691075675,31.0294380992899,78.8262691075675,"CRE: T1 vs T2"
"ANXA3",31.3619542895708,55.1162783193024,55.1162783193024,"CRE: T1 vs T2"
"DNAJA4",44.1821806274274,29.3875810550125,44.1821806274274,"CRE: T1 vs T2"
"PCCA",61.14615162006,57.322349948886,61.14615162006,"CRE: T1 vs T2"
"SET",27.5432781633068,33.6065926424676,33.6065926424676,"CRE: T1 vs T2"
"PHKB",46.5299813216748,37.4654266397005,46.5299813216748,"CRE: T1 vs T2"
"COPS4",21.3369454348838,20.7266034665287,21.3369454348838,"CRE: T1 vs T2"
"GSS",44.5124752123409,30.4983274247542,44.5124752123409,"CRE: T1 vs T2"
"GALM",33.3823645261025,28.7254074279962,33.3823645261025,"CRE: T1 vs T2"
"RPS7",53.2569138222742,24.4538942542737,53.2569138222742,"CRE: T1 vs T2"
"TMED9",15.091618152552,32.2185856180661,32.2185856180661,"CRE: T1 vs T2"
"ARPC3",46.6051245246957,28.6112108826205,46.6051245246957,"CRE: T1 vs T2"
"RPS4X",14.6560915513098,18.2374902885562,18.2374902885562,"CRE: T1 vs T2"
"FAM49B",19.7889282732805,13.2234842333777,19.7889282732805,"CRE: T1 vs T2"
"PDXK",25.0011074139043,32.6237027427401,32.6237027427401,"CRE: T1 vs T2"
"SNTA1",34.192998794454,27.2083485781577,34.192998794454,"CRE: T1 vs T2"
"AKAP12",46.1708844087723,65.2509489294235,65.2509489294235,"CRE: T1 vs T2"
"COPS6",19.7104688057571,19.9755215999399,19.9755215999399,"CRE: T1 vs T2"
"COL4A2",67.4191453767379,102.705295730283,102.705295730283,"CRE: T1 vs T2"
"VAPB",12.1582761126213,11.929395795184,12.1582761126213,"CRE: T1 vs T2"
"FXN",41.7349246551096,50.3673395532413,50.3673395532413,"CRE: T1 vs T2"
"RPS24",22.3632768237383,23.3820577023718,23.3820577023718,"CRE: T1 vs T2"
"RAB21",37.5012310276779,37.5869220102293,37.5869220102293,"CRE: T1 vs T2"
"KARS1",21.5335119391429,16.899169142428,21.5335119391429,"CRE: T1 vs T2"
"ADHFE1",59.4053068941221,81.4473607898223,81.4473607898223,"CRE: T1 vs T2"
"NDUFB7",51.7398208272458,41.7680969441154,51.7398208272458,"CRE: T1 vs T2"
"MAP1LC3B2",38.3267540728081,33.5966844148107,38.3267540728081,"CRE: T1 vs T2"
"LAMP2",19.434930774736,28.14060434904,28.14060434904,"CRE: T1 vs T2"
"CAMK2B",32.5861401353027,10.9066776898209,32.5861401353027,"CRE: T1 vs T2"
"PRMT1",25.1136069656777,22.3931701636487,25.1136069656777,"CRE: T1 vs T2"
"TXNRD1",15.5402412013618,14.8218600441803,15.5402412013618,"CRE: T1 vs T2"
"CPA3",17.3035696174626,46.8892529419966,46.8892529419966,"CRE: T1 vs T2"
"HSPG2",24.7884485239637,80.6209198392259,80.6209198392259,"CRE: T1 vs T2"
"HDHD5",50.8780426364172,64.1251795856723,64.1251795856723,"CRE: T1 vs T2"
"PPA2",38.8553262191414,25.9937208081411,38.8553262191414,"CRE: T1 vs T2"
"ARL8B",22.4343933256163,21.6851761167265,22.4343933256163,"CRE: T1 vs T2"
"PTGES2",56.271440836031,52.6827409164412,56.271440836031,"CRE: T1 vs T2"
"ACSL3",38.217200819122,27.751772303913,38.217200819122,"CRE: T1 vs T2"
"GNG12",33.5907280133143,42.3947713558727,42.3947713558727,"CRE: T1 vs T2"
"DNAJA2",33.7306893310315,19.0904871810437,33.7306893310315,"CRE: T1 vs T2"
"RPL27A",27.2626296297045,39.151926599464,39.151926599464,"CRE: T1 vs T2"
"TXNL1",15.1857289883525,17.4692962289337,17.4692962289337,"CRE: T1 vs T2"
"MAP3K20",36.948087565182,40.6593814169366,40.6593814169366,"CRE: T1 vs T2"
"YWHAH",18.880616440094,28.7683185135285,28.7683185135285,"CRE: T1 vs T2"
"CSE1L",24.2748030740408,14.4685936787085,24.2748030740408,"CRE: T1 vs T2"
"TFG",28.0520531493082,47.3988667944959,47.3988667944959,"CRE: T1 vs T2"
"SNX2",36.9982126064114,53.9901726560559,53.9901726560559,"CRE: T1 vs T2"
"PDCD6IP",14.9929902301103,16.0803140313058,16.0803140313058,"CRE: T1 vs T2"
"RPS19",20.351587712094,21.4515844066638,21.4515844066638,"CRE: T1 vs T2"
"PTPA",44.6866833990306,50.0238360365551,50.0238360365551,"CRE: T1 vs T2"
"ARPC4",29.5349745226324,51.8562601341476,51.8562601341476,"CRE: T1 vs T2"
"CTBP1",26.8856952053143,47.7986803025187,47.7986803025187,"CRE: T1 vs T2"
"TFAM",45.5045732551883,44.7245367312125,45.5045732551883,"CRE: T1 vs T2"
"PGRMC1",18.2645068161078,32.9602727123239,32.9602727123239,"CRE: T1 vs T2"
"RPL12",35.613408930055,36.8658344557506,36.8658344557506,"CRE: T1 vs T2"
"GGCT",17.4301857110458,36.2444722795089,36.2444722795089,"CRE: T1 vs T2"
"NAGK",21.9857759936126,43.5774528831038,43.5774528831038,"CRE: T1 vs T2"
"LPP",38.6637783807273,26.7582556780358,38.6637783807273,"CRE: T1 vs T2"
"PAFAH1B3",73.5468619192243,52.3542630600512,73.5468619192243,"CRE: T1 vs T2"
"ARPC5",41.5119189271803,80.9762501509164,80.9762501509164,"CRE: T1 vs T2"
"PFDN2",20.2505822349265,9.6030167987615,20.2505822349265,"CRE: T1 vs T2"
"RPL23",30.0947753941083,40.7810170554464,40.7810170554464,"CRE: T1 vs T2"
"RPL35",22.7796464027678,29.409570800331,29.409570800331,"CRE: T1 vs T2"
"ACSF2",41.8416706265056,29.1240559429544,41.8416706265056,"CRE: T1 vs T2"
"NDUFA7",85.0979044942009,82.3823124194428,85.0979044942009,"CRE: T1 vs T2"
"ENOPH1",14.415067498947,20.6516292802425,20.6516292802425,"CRE: T1 vs T2"
"PSMD2",15.5104478746036,14.1064909374387,15.5104478746036,"CRE: T1 vs T2"
"PPME1",33.9301280389962,37.4131258485093,37.4131258485093,"CRE: T1 vs T2"
"FDPS",14.4218279076483,23.4872088995383,23.4872088995383,"CRE: T1 vs T2"
"COPS2",7.7216769263624,16.8259988401121,16.8259988401121,"CRE: T1 vs T2"
"DDX17",17.10891973915,19.1375622147366,19.1375622147366,"CRE: T1 vs T2"
"SGCG",34.135728650928,35.3702451919896,35.3702451919896,"CRE: T1 vs T2"
"CBR4",48.0590244379013,56.2182972723278,56.2182972723278,"CRE: T1 vs T2"
"UBL5",36.8822007917567,21.7238268101913,36.8822007917567,"CRE: T1 vs T2"
"CAB39L",29.2397504818807,28.079029070767,29.2397504818807,"CRE: T1 vs T2"
"MYH11",66.6939095573782,89.4816129510533,89.4816129510533,"CRE: T1 vs T2"
"HHATL",51.390886913289,24.5900284092586,51.390886913289,"CRE: T1 vs T2"
"FN3K",33.4935909598146,27.5992510818703,33.4935909598146,"CRE: T1 vs T2"
"SH3BGRL",74.4403206445315,67.3500742499142,74.4403206445315,"CRE: T1 vs T2"
"UTRN",36.5943086769664,33.8765547831948,36.5943086769664,"CRE: T1 vs T2"
"MAT2A",21.3646087901151,14.1009146710764,21.3646087901151,"CRE: T1 vs T2"
"PSMD13",27.8848750647792,26.2262547961081,27.8848750647792,"CRE: T1 vs T2"
"CAPN3",21.1674864307242,35.2286443432122,35.2286443432122,"CRE: T1 vs T2"
"RPL13A",26.0612866915586,36.1893919609782,36.1893919609782,"CRE: T1 vs T2"
"PSMD12",22.1773852633626,17.1583249149366,22.1773852633626,"CRE: T1 vs T2"
"COMT",37.009590720125,28.5219118696495,37.009590720125,"CRE: T1 vs T2"
"ALDH6A1",25.6241359330384,41.453137623563,41.453137623563,"CRE: T1 vs T2"
"IMPDH2",14.2872718795846,16.6022521319724,16.6022521319724,"CRE: T1 vs T2"
"MYOF",22.6086104936277,10.1519289481973,22.6086104936277,"CRE: T1 vs T2"
"PSMD5",41.9093327818269,57.7277585105483,57.7277585105483,"CRE: T1 vs T2"
"TXLNB",25.5550453889716,30.7993886910561,30.7993886910561,"CRE: T1 vs T2"
"ATP5F1E",87.0849735804701,57.8572982001484,87.0849735804701,"CRE: T1 vs T2"
"CARM1",14.5817057516674,19.9881560139204,19.9881560139204,"CRE: T1 vs T2"
"SH3BGRL3",62.7708949518601,68.890219061672,68.890219061672,"CRE: T1 vs T2"
"SGCB",9.04574671680161,25.4765156057101,25.4765156057101,"CRE: T1 vs T2"
"MYOM3",67.0384651165758,113.240863099763,113.240863099763,"CRE: T1 vs T2"
"FBXO7",59.4364256831562,57.3160358277058,59.4364256831562,"CRE: T1 vs T2"
"MAP2K1",23.4302933644283,19.9352154955448,23.4302933644283,"CRE: T1 vs T2"
"DYNLL1",41.7162625420808,46.2402098355612,46.2402098355612,"CRE: T1 vs T2"
"SQOR",41.3887554064324,32.0729736302494,41.3887554064324,"CRE: T1 vs T2"
"PSME2",42.5049945664841,38.788973647272,42.5049945664841,"CRE: T1 vs T2"
"CPNE3",16.1500876846391,14.9444680136905,16.1500876846391,"CRE: T1 vs T2"
"ECHDC1",45.3708913398109,21.3737037264322,45.3708913398109,"CRE: T1 vs T2"
"ASPH",47.8204496036379,33.4424901249425,47.8204496036379,"CRE: T1 vs T2"
"CAMK2G",21.1516723951613,29.3053283114024,29.3053283114024,"CRE: T1 vs T2"
"APOO",54.7388661512452,47.8003424311295,54.7388661512452,"CRE: T1 vs T2"
"JPH2",34.5024138629044,28.3978179554788,34.5024138629044,"CRE: T1 vs T2"
"PTMS",23.0178774238398,57.4227751558889,57.4227751558889,"CRE: T1 vs T2"
"ART3",37.1419240856926,34.1000961862559,37.1419240856926,"CRE: T1 vs T2"
"LAMC1",34.0201343474315,98.9649601551513,98.9649601551513,"CRE: T1 vs T2"
"SRSF2",30.6571984104845,38.1280509023454,38.1280509023454,"CRE: T1 vs T2"
"ENDOG",54.3522553456693,53.6378364700946,54.3522553456693,"CRE: T1 vs T2"
"SYNGR2",32.7911273254034,29.0912246174528,32.7911273254034,"CRE: T1 vs T2"
"XRCC5",30.4628975859937,11.259784349014,30.4628975859937,"CRE: T1 vs T2"
"TMEM38A",36.634407210669,41.4585695552599,41.4585695552599,"CRE: T1 vs T2"
"SDR39U1",71.2560817915785,95.0420810684447,95.0420810684447,"CRE: T1 vs T2"
"TMLHE",14.9256384051602,37.6521522896309,37.6521522896309,"CRE: T1 vs T2"
"SYNJ2BP",30.4145390637946,39.7137143901889,39.7137143901889,"CRE: T1 vs T2"
"PLCD4",26.363368107205,28.0805841220674,28.0805841220674,"CRE: T1 vs T2"
"SNRPD1",39.8214082514516,27.1070386514513,39.8214082514516,"CRE: T1 vs T2"
"PRKG1",19.8236789085317,23.441867234781,23.441867234781,"CRE: T1 vs T2"
"OPA1",32.7056095608864,32.9546068255214,32.9546068255214,"CRE: T1 vs T2"
"SEC22B",19.4057792423535,15.6708582405935,19.4057792423535,"CRE: T1 vs T2"
"OXCT1",51.4748975218171,52.5400398534049,52.5400398534049,"CRE: T1 vs T2"
"PFDN6",16.6872207692264,23.3309891606525,23.3309891606525,"CRE: T1 vs T2"
"TSPO",36.7100916184222,21.6082217202251,36.7100916184222,"CRE: T1 vs T2"
"ALDH7A1",35.6409004446289,35.5800458218577,35.6409004446289,"CRE: T1 vs T2"
"PSMD11",15.3256144312057,24.08885952964,24.08885952964,"CRE: T1 vs T2"
"DNM1L",26.6421899091473,48.6989027454443,48.6989027454443,"CRE: T1 vs T2"
"NID1",42.3240350779706,65.8566025027194,65.8566025027194,"CRE: T1 vs T2"
"HSD17B8",54.4323841965928,50.8756446030119,54.4323841965928,"CRE: T1 vs T2"
"SORBS1",66.567090602816,45.6164652924549,66.567090602816,"CRE: T1 vs T2"
"PDAP1",25.8563527274899,20.4809597479115,25.8563527274899,"CRE: T1 vs T2"
"HNRNPA3",59.0576798669995,54.0052254962264,59.0576798669995,"CRE: T1 vs T2"
"H1-0",19.3427448198402,59.0583225072776,59.0583225072776,"CRE: T1 vs T2"
"PARVA",34.0525386175554,30.0599208490399,34.0525386175554,"CRE: T1 vs T2"
"LACTB",48.8844521916538,31.9402504108405,48.8844521916538,"CRE: T1 vs T2"
"FSCN1",38.7811321331257,66.639965138461,66.639965138461,"CRE: T1 vs T2"
"JPH1",23.6564355802835,43.5265665351848,43.5265665351848,"CRE: T1 vs T2"
"RPS13",39.3479127417716,29.1385104803368,39.3479127417716,"CRE: T1 vs T2"
"RPL31",37.3878232904388,51.2141926349392,51.2141926349392,"CRE: T1 vs T2"
"TGFBI",43.8072572281162,79.2885938868081,79.2885938868081,"CRE: T1 vs T2"
"NSF",27.3215281556105,31.2798179872857,31.2798179872857,"CRE: T1 vs T2"
"PRMT5",15.612148441779,14.0894440527184,15.612148441779,"CRE: T1 vs T2"
"TOM1",33.7331745490738,30.7652923158791,33.7331745490738,"CRE: T1 vs T2"
"SELENOW",34.5158271301471,31.0262876207017,34.5158271301471,"CRE: T1 vs T2"
"COPS5",9.67593902150304,13.4676551209072,13.4676551209072,"CRE: T1 vs T2"
"DAG1",34.1075760389057,33.4506828057254,34.1075760389057,"CRE: T1 vs T2"
"SRP9",33.6372552775867,11.0485547040699,33.6372552775867,"CRE: T1 vs T2"
"PREB",35.364860903621,37.2919154983103,37.2919154983103,"CRE: T1 vs T2"
"DCTN2",19.3260225256163,18.0626371435354,19.3260225256163,"CRE: T1 vs T2"
"PSMD4",19.5022407052088,17.1498453540449,19.5022407052088,"CRE: T1 vs T2"
"LONP1",24.8795895061802,23.501556344107,24.8795895061802,"CRE: T1 vs T2"
"FUS",17.6693475044559,16.0089136726561,17.6693475044559,"CRE: T1 vs T2"
"CNN3",35.2235568428787,98.7387357565227,98.7387357565227,"CRE: T1 vs T2"
"COBL",17.0588579935928,36.2957556270936,36.2957556270936,"CRE: T1 vs T2"
"RTCB",16.2960128162625,11.1041534599993,16.2960128162625,"CRE: T1 vs T2"
"SEPTIN9",38.2797459897803,58.9203519308734,58.9203519308734,"CRE: T1 vs T2"
"RPL38",29.9217496667367,37.8180449693485,37.8180449693485,"CRE: T1 vs T2"
"EIF2S1",16.5707531602998,15.8641813634982,16.5707531602998,"CRE: T1 vs T2"
"SLC25A20",25.8894053727672,35.4354822007081,35.4354822007081,"CRE: T1 vs T2"
"ARHGAP1",39.013871991749,59.5441145327222,59.5441145327222,"CRE: T1 vs T2"
"COPS7A",21.4409338426653,14.1551400488104,21.4409338426653,"CRE: T1 vs T2"
"ELOC",19.3341893939274,20.329124614611,20.329124614611,"CRE: T1 vs T2"
"DBT",44.5098492862822,44.9763758842983,44.9763758842983,"CRE: T1 vs T2"
"BDH1",64.2269366776345,90.2900376936627,90.2900376936627,"CRE: T1 vs T2"
"PAFAH1B1",16.0274601781142,10.4265413759781,16.0274601781142,"CRE: T1 vs T2"
"NEK7",32.8251224887074,35.9092716013051,35.9092716013051,"CRE: T1 vs T2"
"MRPS36",34.8005353963532,33.4874614571823,34.8005353963532,"CRE: T1 vs T2"
"ERI3",8.02293403269209,26.8957339081981,26.8957339081981,"CRE: T1 vs T2"
"UBE2M",22.4250138786933,11.988491278628,22.4250138786933,"CRE: T1 vs T2"
"RPL8",46.7390131499765,22.5255709658574,46.7390131499765,"CRE: T1 vs T2"
"NDUFS4",58.529858074015,36.6955795857171,58.529858074015,"CRE: T1 vs T2"
"RPS17",18.091528317193,30.3172615486688,30.3172615486688,"CRE: T1 vs T2"
"RAP2B",60.3262192839635,57.711692949556,60.3262192839635,"CRE: T1 vs T2"
"TMED10",22.9871742096779,48.4262565761686,48.4262565761686,"CRE: T1 vs T2"
"VPS4A",24.4893631032588,19.3884024626023,24.4893631032588,"CRE: T1 vs T2"
"SGCA",23.046404018107,28.3423614843417,28.3423614843417,"CRE: T1 vs T2"
"PRKAA2",28.1176769237246,24.9180884087668,28.1176769237246,"CRE: T1 vs T2"
"DNPEP",14.3148194724756,18.2521103393941,18.2521103393941,"CRE: T1 vs T2"
"PLPBP",26.8033489713816,40.3042817064892,40.3042817064892,"CRE: T1 vs T2"
"RAB14",38.7278652740542,16.1852274057256,38.7278652740542,"CRE: T1 vs T2"
"RPL13",11.3175643570606,26.1593667725067,26.1593667725067,"CRE: T1 vs T2"
"RALA",14.7053984654487,19.1569690199946,19.1569690199946,"CRE: T1 vs T2"
"KIF5B",11.5099671313225,14.56736438665,14.56736438665,"CRE: T1 vs T2"
"PSMD1",30.372718091201,16.2250646045103,30.372718091201,"CRE: T1 vs T2"
"PFDN1",13.7174734894266,20.1765333411548,20.1765333411548,"CRE: T1 vs T2"
"SCCPDH",29.3504668392185,25.5072345119462,29.3504668392185,"CRE: T1 vs T2"
"SLMAP",45.759033067361,27.7726588072769,45.759033067361,"CRE: T1 vs T2"
"GCDH",48.1696820195103,71.8882602781429,71.8882602781429,"CRE: T1 vs T2"
"MGLL",48.0491451964565,30.223461689349,48.0491451964565,"CRE: T1 vs T2"
"SCRN3",29.1518083910242,58.4502698412787,58.4502698412787,"CRE: T1 vs T2"
"MECR",49.2962797675516,54.7239495714994,54.7239495714994,"CRE: T1 vs T2"
"TRAP1",32.5848261536068,38.680004996994,38.680004996994,"CRE: T1 vs T2"
"DENR",23.372339646935,39.1503096457899,39.1503096457899,"CRE: T1 vs T2"
"ENDOD1",22.0526549937177,18.8679994017364,22.0526549937177,"CRE: T1 vs T2"
"COQ10B",91.1436671272169,81.8599731435725,91.1436671272169,"CRE: T1 vs T2"
"SEPTIN2",14.766592446274,41.3609167587897,41.3609167587897,"CRE: T1 vs T2"
"UBE2K",5.69378573661789,13.9474095904798,13.9474095904798,"CRE: T1 vs T2"
"EPRS1",20.5611924906102,13.162180398189,20.5611924906102,"CRE: T1 vs T2"
"GPS1",16.6031801401349,23.0978229237551,23.0978229237551,"CRE: T1 vs T2"
"PANK4",33.8661069565509,34.5978866014341,34.5978866014341,"CRE: T1 vs T2"
"HNRNPR",8.65807615684233,27.4575578718875,27.4575578718875,"CRE: T1 vs T2"
"AP2A1",51.6772561664528,25.7831736349265,51.6772561664528,"CRE: T1 vs T2"
"NAPRT",37.1837522342977,23.041781597873,37.1837522342977,"CRE: T1 vs T2"
"PEPD",27.351755096854,19.97801226545,27.351755096854,"CRE: T1 vs T2"
"SULT1A1",112.179573241261,42.9836576980408,112.179573241261,"CRE: T1 vs T2"
"RPS21",13.7586531882275,20.5616542941618,20.5616542941618,"CRE: T1 vs T2"
"ERAP1",37.0618947453339,25.7181406131505,37.0618947453339,"CRE: T1 vs T2"
"ERGIC1",29.4044705004862,46.2283861729506,46.2283861729506,"CRE: T1 vs T2"
"RPS15",65.3710247534901,72.376618507814,72.376618507814,"CRE: T1 vs T2"
"PLIN2",28.8052202616214,41.5868264070432,41.5868264070432,"CRE: T1 vs T2"
"EFEMP1",52.6095297194595,60.3926959491855,60.3926959491855,"CRE: T1 vs T2"
"IVD",24.878876475557,42.2439090471966,42.2439090471966,"CRE: T1 vs T2"
"RPL17",33.7803999107571,28.6085231660985,33.7803999107571,"CRE: T1 vs T2"
"SYNCRIP",17.1142345915995,13.6698533564037,17.1142345915995,"CRE: T1 vs T2"
"PTBP1",68.2156572746731,43.1473290590732,68.2156572746731,"CRE: T1 vs T2"
"RPS8",10.7682251592599,18.8002219203228,18.8002219203228,"CRE: T1 vs T2"
"SPRYD4",55.4152227420943,58.5698954037129,58.5698954037129,"CRE: T1 vs T2"
"DPP3",23.1108740812558,20.8748385065478,23.1108740812558,"CRE: T1 vs T2"
"CCS",74.1249153516585,56.8382212955982,74.1249153516585,"CRE: T1 vs T2"
"MT-ATP8",106.268243782016,87.2323064627646,106.268243782016,"CRE: T1 vs T2"
"OCIAD1",33.8671908598417,28.8473717213879,33.8671908598417,"CRE: T1 vs T2"
"TNS1",35.1330163735106,22.7597482339774,35.1330163735106,"CRE: T1 vs T2"
"EIF3A",16.5398938939963,10.1525341732465,16.5398938939963,"CRE: T1 vs T2"
"PURA",43.7105161529744,18.5387777259121,43.7105161529744,"CRE: T1 vs T2"
"ESYT1",43.7247707696795,28.0774650565731,43.7247707696795,"CRE: T1 vs T2"
"SUCLG2",44.8580179435127,57.0293040991795,57.0293040991795,"CRE: T1 vs T2"
"DDOST",33.7691416406097,31.1899386005144,33.7691416406097,"CRE: T1 vs T2"
"VARS1",29.111634791429,19.2626136755176,29.111634791429,"CRE: T1 vs T2"
"RPL27",23.7903633576579,24.80214041274,24.80214041274,"CRE: T1 vs T2"
"ITGA7",18.6559165752471,14.5456717825156,18.6559165752471,"CRE: T1 vs T2"
"NPLOC4",19.054400142378,12.5272125759189,19.054400142378,"CRE: T1 vs T2"
"FECH",42.5173694019576,39.8836739906028,42.5173694019576,"CRE: T1 vs T2"
"GLIPR2",68.7739387379406,89.8503412983507,89.8503412983507,"CRE: T1 vs T2"
"NIBAN1",29.8770337847357,17.1355499436214,29.8770337847357,"CRE: T1 vs T2"
"ISOC1",36.5755557674554,30.7942984662977,36.5755557674554,"CRE: T1 vs T2"
"ABHD10",45.3901828439084,47.9592275332411,47.9592275332411,"CRE: T1 vs T2"
"NDUFA11",40.8124633668315,42.5521805221532,42.5521805221532,"CRE: T1 vs T2"
"TRIM54",25.0358864763205,31.2721950379092,31.2721950379092,"CRE: T1 vs T2"
"SNRPD3",19.4417282155217,13.0934057074284,19.4417282155217,"CRE: T1 vs T2"
"ME2",22.6586067607107,32.2080713700957,32.2080713700957,"CRE: T1 vs T2"
"PSMC4",30.0647013072733,25.3393003496099,30.0647013072733,"CRE: T1 vs T2"
"RTCA",20.7642135518226,39.115793256489,39.115793256489,"CRE: T1 vs T2"
"NDUFB5",49.051146803515,43.3381743408152,49.051146803515,"CRE: T1 vs T2"
"ERLIN2",24.015264398597,27.7152325362807,27.7152325362807,"CRE: T1 vs T2"
"PDCD6",38.2397582910311,30.4827746875614,38.2397582910311,"CRE: T1 vs T2"
"LXN",80.7272552145252,90.1071448803014,90.1071448803014,"CRE: T1 vs T2"
"VAMP3",34.2451970738904,25.5437322698484,34.2451970738904,"CRE: T1 vs T2"
"LYPLA2",27.5816649215973,22.8558062511332,27.5816649215973,"CRE: T1 vs T2"
"VAMP2",29.7006416282479,26.9742422827389,29.7006416282479,"CRE: T1 vs T2"
"RPL7A",23.3520776856921,50.7626617578242,50.7626617578242,"CRE: T1 vs T2"
"UBE2I",37.8370499957518,27.2318313513341,37.8370499957518,"CRE: T1 vs T2"
"NRAP",65.0291000764677,54.2969590704013,65.0291000764677,"CRE: T1 vs T2"
"PSMC5",17.4474449465252,18.1925305056916,18.1925305056916,"CRE: T1 vs T2"
"PRKAG1",45.2365020894829,56.1184883182052,56.1184883182052,"CRE: T1 vs T2"
"XRCC6",25.6965533871105,15.6189022100657,25.6965533871105,"CRE: T1 vs T2"
"PAICS",30.5008252896918,16.3327331025241,30.5008252896918,"CRE: T1 vs T2"
"MTAP",35.9928902417454,16.3872784147249,35.9928902417454,"CRE: T1 vs T2"
"SLC16A1",43.0336920685666,17.4361814126799,43.0336920685666,"CRE: T1 vs T2"
"HLA-DRA",13.6112014544209,45.7338409226318,45.7338409226318,"CRE: T1 vs T2"
"FAM114A2",33.74828605124,56.0796034057467,56.0796034057467,"CRE: T1 vs T2"
"CPPED1",35.2730382568623,28.2553165242009,35.2730382568623,"CRE: T1 vs T2"
"RPN2",21.1591229670512,25.1676055831203,25.1676055831203,"CRE: T1 vs T2"
"CYB5B",45.004121165827,41.7505338860043,45.004121165827,"CRE: T1 vs T2"
"NAMPT",46.1467088906477,51.371236775356,51.371236775356,"CRE: T1 vs T2"
"CAMK2A",35.0685773826002,22.4045033301306,35.0685773826002,"CRE: T1 vs T2"
"SGTA",10.9663618988928,10.6746247373271,10.9663618988928,"CRE: T1 vs T2"
"CNN2",64.9581543381345,62.4489057497373,64.9581543381345,"CRE: T1 vs T2"
"IAH1",21.4192645488512,46.3528975340329,46.3528975340329,"CRE: T1 vs T2"
"UBAC1",15.3877093943328,30.4974619813251,30.4974619813251,"CRE: T1 vs T2"
"CLTB",30.3438567233196,45.4586549065124,45.4586549065124,"CRE: T1 vs T2"
"HNRNPA1",45.7491632186608,28.6675317889249,45.7491632186608,"CRE: T1 vs T2"
"SUOX",42.3089977671936,40.8113281932808,42.3089977671936,"CRE: T1 vs T2"
"HSPB8",29.0597456747989,51.2553144440436,51.2553144440436,"CRE: T1 vs T2"
"PSMD9",49.9443871149652,38.2612938869331,49.9443871149652,"CRE: T1 vs T2"
"MCEE",52.5027832103701,65.1708728608219,65.1708728608219,"CRE: T1 vs T2"
"SIRT3",35.3763933282613,87.0873760941345,87.0873760941345,"CRE: T1 vs T2"
"XPNPEP1",16.8891556465382,19.90143971539,19.90143971539,"CRE: T1 vs T2"
"MAPRE1",25.4739422083065,27.4331373681332,27.4331373681332,"CRE: T1 vs T2"
"SRSF1",21.8481728843183,36.4104706582301,36.4104706582301,"CRE: T1 vs T2"
"SHMT1",14.766289633771,25.4780369563437,25.4780369563437,"CRE: T1 vs T2"
"SRSF6",16.37757330499,30.565101424347,30.565101424347,"CRE: T1 vs T2"
"HNRNPH2",51.6887672269739,19.9144197991312,51.6887672269739,"CRE: T1 vs T2"
"TMEM205",30.669694897118,27.3001192924982,30.669694897118,"CRE: T1 vs T2"
"ERP29",30.8935305876328,17.1391355908893,30.8935305876328,"CRE: T1 vs T2"
"DNM2",12.0510652983427,24.9051971261401,24.9051971261401,"CRE: T1 vs T2"
"CACNB1",25.7916069720741,28.0218592871948,28.0218592871948,"CRE: T1 vs T2"
"VTA1",17.0355508076676,7.44699018566786,17.0355508076676,"CRE: T1 vs T2"
"ACY1",46.0375425490777,50.372221129403,50.372221129403,"CRE: T1 vs T2"
"CALD1",34.1054980084655,65.1751922809344,65.1751922809344,"CRE: T1 vs T2"
"RPL35A",24.8002365871344,43.5290413629158,43.5290413629158,"CRE: T1 vs T2"
"RANBP1",84.1155925973811,35.3801284423684,84.1155925973811,"CRE: T1 vs T2"
"STUB1",25.4362946806771,25.2110988835458,25.4362946806771,"CRE: T1 vs T2"
"METAP2",13.9094921619967,12.961990553062,13.9094921619967,"CRE: T1 vs T2"
"CARNS1",30.3446762544153,43.6653608499704,43.6653608499704,"CRE: T1 vs T2"
"BZW1",28.5079531639368,64.8927743699423,64.8927743699423,"CRE: T1 vs T2"
"CTSG",72.4402642189215,73.3133430873051,73.3133430873051,"CRE: T1 vs T2"
"MAPK12",43.8711688448044,21.5241049536826,43.8711688448044,"CRE: T1 vs T2"
"MTX2",39.2823520580151,141.012902040482,141.012902040482,"CRE: T1 vs T2"
"GCLM",77.4947527047681,41.241899912028,77.4947527047681,"CRE: T1 vs T2"
"SYPL1",28.8243634904635,31.8817800265415,31.8817800265415,"CRE: T1 vs T2"
"FERMT2",35.1707545598889,25.668786407816,35.1707545598889,"CRE: T1 vs T2"
"HNRNPU",24.8783966913445,22.2094088452597,24.8783966913445,"CRE: T1 vs T2"
"NIT1",50.5636554554861,13.8988164862724,50.5636554554861,"CRE: T1 vs T2"
"COQ5",52.4394514095213,75.2823547829053,75.2823547829053,"CRE: T1 vs T2"
"RNF123",22.812830842095,21.5618416852985,22.812830842095,"CRE: T1 vs T2"
"COPB2",59.1006198853875,49.4021240537789,59.1006198853875,"CRE: T1 vs T2"
"SYNM",35.5155872345475,72.548533796516,72.548533796516,"CRE: T1 vs T2"
"SEC23A",24.9426644046913,35.550802483771,35.550802483771,"CRE: T1 vs T2"
"USO1",34.4303052264225,18.0399863681711,34.4303052264225,"CRE: T1 vs T2"
"SARS1",14.3175121695176,20.2992174810177,20.2992174810177,"CRE: T1 vs T2"
"GARS1",22.9360382763319,18.3722216927104,22.9360382763319,"CRE: T1 vs T2"
"GMFG",37.653348569615,66.3764666851526,66.3764666851526,"CRE: T1 vs T2"
"ASPA",44.4009959831002,31.3225507483534,44.4009959831002,"CRE: T1 vs T2"
"PGM2",62.5743137651305,61.8693252675009,62.5743137651305,"CRE: T1 vs T2"
"KRAS",21.4592160190275,53.9746011221767,53.9746011221767,"CRE: T1 vs T2"
"THAP4",100.377621527937,73.9191149255189,100.377621527937,"CRE: T1 vs T2"
"NIF3L1",27.8091621540952,18.6151488355692,27.8091621540952,"CRE: T1 vs T2"
"RNF7",8.35033439144635,48.5936615951665,48.5936615951665,"CRE: T1 vs T2"
"RPS11",17.1674224857204,44.1489350344634,44.1489350344634,"CRE: T1 vs T2"
"RPL30",23.1986460211631,39.2313944650465,39.2313944650465,"CRE: T1 vs T2"
"LIMS1",14.4366762616788,21.8256001702181,21.8256001702181,"CRE: T1 vs T2"
"DDAH2",52.9960294063694,58.0517626599748,58.0517626599748,"CRE: T1 vs T2"
"TLN2",27.7716302702834,27.6294553271211,27.7716302702834,"CRE: T1 vs T2"
"PTRHD1",44.2827136421878,55.0327473460136,55.0327473460136,"CRE: T1 vs T2"
"FAHD1",42.6459587028214,66.4026142513629,66.4026142513629,"CRE: T1 vs T2"
"MCM3AP",48.2805651395469,37.2573406396556,48.2805651395469,"CRE: T1 vs T2"
"HSD17B12",32.6066494458678,30.3577096389819,32.6066494458678,"CRE: T1 vs T2"
"EPB41L2",41.0861506936412,51.057943495458,51.057943495458,"CRE: T1 vs T2"
"HNRNPDL",24.4478403445268,16.1414650489675,24.4478403445268,"CRE: T1 vs T2"
"SEPTIN11",27.9282679212591,40.3219684115571,40.3219684115571,"CRE: T1 vs T2"
"UFM1",31.3876371007076,38.4320555682565,38.4320555682565,"CRE: T1 vs T2"
"PPP5C",11.1516310220954,26.1721212159044,26.1721212159044,"CRE: T1 vs T2"
"CNBP",20.2793453004571,26.229049382504,26.229049382504,"CRE: T1 vs T2"
"ATP6V1E1",44.3719262308885,29.9546926623733,44.3719262308885,"CRE: T1 vs T2"
"RTN3",32.0032174868771,34.1534737904299,34.1534737904299,"CRE: T1 vs T2"
"MAPK3",30.8526880762633,41.1723383149109,41.1723383149109,"CRE: T1 vs T2"
"PUF60",46.4976621789081,46.5547437514849,46.5547437514849,"CRE: T1 vs T2"
"PICALM",48.8139887662193,42.1033730941353,48.8139887662193,"CRE: T1 vs T2"
"COX19",30.3698396361994,35.5709587066223,35.5709587066223,"CRE: T1 vs T2"
"ACAT2",65.439046645299,65.5890616403373,65.5890616403373,"CRE: T1 vs T2"
"PDIA4",22.1362183697563,72.4765588429517,72.4765588429517,"CRE: T1 vs T2"
"FAM136A",41.9236749732631,45.3571811640293,45.3571811640293,"CRE: T1 vs T2"
"VPS35",19.761832132508,35.8688230175046,35.8688230175046,"CRE: T1 vs T2"
"PRKAA1",27.2294594514844,32.2765641803362,32.2765641803362,"CRE: T1 vs T2"
"COA6",51.2759562070394,66.2806673208645,66.2806673208645,"CRE: T1 vs T2"
"RPL6",22.068323740686,25.064577952463,25.064577952463,"CRE: T1 vs T2"
"MCU",21.3637736476774,25.8681453214297,25.8681453214297,"CRE: T1 vs T2"
"VPS26A",8.39541703154371,21.5130535039266,21.5130535039266,"CRE: T1 vs T2"
"ARPP19",48.0932070863805,30.1755612652022,48.0932070863805,"CRE: T1 vs T2"
"ARPC2",18.4146419333891,46.1302728504405,46.1302728504405,"CRE: T1 vs T2"
"GSTM4",76.8661467429846,90.3280341555928,90.3280341555928,"CRE: T1 vs T2"
"OPTN",25.6215609228652,54.1109949449729,54.1109949449729,"CRE: T1 vs T2"
"ARF6",23.6324168832928,28.1027257478001,28.1027257478001,"CRE: T1 vs T2"
"PRDX4",14.4846410176776,42.8913896584931,42.8913896584931,"CRE: T1 vs T2"
"DYNC1LI2",46.1011462580775,36.7110111190498,46.1011462580775,"CRE: T1 vs T2"
"TPP2",24.1937459678657,19.1613101300172,24.1937459678657,"CRE: T1 vs T2"
"HMBS",76.9570169726608,45.7954655247371,76.9570169726608,"CRE: T1 vs T2"
"AIMP1",21.0583255471856,16.1334397045742,21.0583255471856,"CRE: T1 vs T2"
"AHSA1",33.8505353945917,35.5262996278488,35.5262996278488,"CRE: T1 vs T2"
"CRIP2",29.5816074277705,31.5403280611791,31.5403280611791,"CRE: T1 vs T2"
"ACTR3",19.5866090299446,38.4219812666434,38.4219812666434,"CRE: T1 vs T2"
"TIPRL",13.2525058220863,38.1193995530303,38.1193995530303,"CRE: T1 vs T2"
"PPM1B",13.9837328997095,16.4896991810783,16.4896991810783,"CRE: T1 vs T2"
"HIKESHI",26.9255830807415,17.82085696917,26.9255830807415,"CRE: T1 vs T2"
"QARS1",31.5310398517425,51.6994763051013,51.6994763051013,"CRE: T1 vs T2"
"LGALS3BP",84.9825283175201,61.5247540479127,84.9825283175201,"CRE: T1 vs T2"
"USP9X",10.4223279266304,18.963335865137,18.963335865137,"CRE: T1 vs T2"
"KCTD12",23.1681702573823,29.8790363569014,29.8790363569014,"CRE: T1 vs T2"
"PITHD1",50.2846345405955,41.791883989977,50.2846345405955,"CRE: T1 vs T2"
"TMX4",26.8631200374202,16.9468338127281,26.8631200374202,"CRE: T1 vs T2"
"TGM2",53.2556539607025,35.3323553436844,53.2556539607025,"CRE: T1 vs T2"
"MMUT",43.0058820083316,71.3993918235869,71.3993918235869,"CRE: T1 vs T2"
"TBCB",28.9528014068181,21.8511166728958,28.9528014068181,"CRE: T1 vs T2"
"NUDT3",23.4604464613915,26.2957712668164,26.2957712668164,"CRE: T1 vs T2"
"NDUFA3",69.6048289082013,53.2966207841719,69.6048289082013,"CRE: T1 vs T2"
"ACAD8",51.9997075590451,56.4432038911015,56.4432038911015,"CRE: T1 vs T2"
"SUB1",25.5440108558555,6.51908602318831,25.5440108558555,"CRE: T1 vs T2"
"ADK",19.7558276157324,21.4018439715903,21.4018439715903,"CRE: T1 vs T2"
"SSB",18.9050826714566,25.3896277661113,25.3896277661113,"CRE: T1 vs T2"
"LAMP1",56.5069526430348,52.8551225731616,56.5069526430348,"CRE: T1 vs T2"
"EIF1AX",18.2564428828752,23.7180186360903,23.7180186360903,"CRE: T1 vs T2"
"CSDE1",21.8953377789205,23.084234830558,23.084234830558,"CRE: T1 vs T2"
"FBLN2",26.0546937602203,42.1935274382209,42.1935274382209,"CRE: T1 vs T2"
"RAB1A",39.4999854293699,41.9585603833344,41.9585603833344,"CRE: T1 vs T2"
"MPP1",76.9434950085504,59.7354727108914,76.9434950085504,"CRE: T1 vs T2"
"HMGCL",28.9574568964085,24.3833161431127,28.9574568964085,"CRE: T1 vs T2"
"CCDC58",53.2097843232848,62.1088239363473,62.1088239363473,"CRE: T1 vs T2"
"LAMTOR3",44.0576893048065,13.8210848076415,44.0576893048065,"CRE: T1 vs T2"
"DDX1",24.1828702107211,20.2869944238112,24.1828702107211,"CRE: T1 vs T2"
"AP2B1",21.8976565227503,28.5737889223312,28.5737889223312,"CRE: T1 vs T2"
"HINT3",44.4157087280375,29.9800669239799,44.4157087280375,"CRE: T1 vs T2"
"DRG2",28.4665457049016,28.0558638773525,28.4665457049016,"CRE: T1 vs T2"
"MPC1",74.1289833315048,72.4007660598477,74.1289833315048,"CRE: T1 vs T2"
"PSMD6",19.8584142764645,21.8161645845871,21.8161645845871,"CRE: T1 vs T2"
"LDHD",70.5436690800884,97.6575161174345,97.6575161174345,"CRE: T1 vs T2"
"NAP1L1",17.3481396299489,26.426307505529,26.426307505529,"CRE: T1 vs T2"
"HLA-A",17.9306078709978,44.3440531710728,44.3440531710728,"CRE: T1 vs T2"
"HNRNPC",50.3691864278177,51.9356461313716,51.9356461313716,"CRE: T1 vs T2"
"APEX1",21.247688192363,9.18822236547297,21.247688192363,"CRE: T1 vs T2"
"FXYD1",32.534063264101,50.4587417682445,50.4587417682445,"CRE: T1 vs T2"
"ADPRHL2",32.9306824305268,27.4760182287184,32.9306824305268,"CRE: T1 vs T2"
"COA3",40.4702260605294,86.6586992459773,86.6586992459773,"CRE: T1 vs T2"
"CNIH4",29.678495108164,19.099025051915,29.678495108164,"CRE: T1 vs T2"
"DTD1",24.1196685766736,22.0390253517594,24.1196685766736,"CRE: T1 vs T2"
"ACTR2",10.6970669467874,38.3556726115572,38.3556726115572,"CRE: T1 vs T2"
"SLIRP",38.0222487700948,42.2739397189432,42.2739397189432,"CRE: T1 vs T2"
"UBXN1",25.4773519833893,15.0302870489406,25.4773519833893,"CRE: T1 vs T2"
"NPEPL1",32.8254180384443,33.0056415293128,33.0056415293128,"CRE: T1 vs T2"
"MSI2",25.680580586951,22.8358513056317,25.680580586951,"CRE: T1 vs T2"
"VPS29",14.6783323317432,36.3422039997226,36.3422039997226,"CRE: T1 vs T2"
"RPS14",39.6636257568765,21.1636096587354,39.6636257568765,"CRE: T1 vs T2"
"DDX19A",30.206847174907,17.7850497702283,30.206847174907,"CRE: T1 vs T2"
"EIF4E",25.7043129017335,14.4938144628129,25.7043129017335,"CRE: T1 vs T2"
"DYNC1I2",19.899852872078,19.514802607343,19.899852872078,"CRE: T1 vs T2"
"TNXB",31.5141082855023,79.3545325652832,79.3545325652832,"CRE: T1 vs T2"
"SSBP1",40.9772334585903,31.9779796992479,40.9772334585903,"CRE: T1 vs T2"
"PPP1R2",35.5205430703748,10.9202699411835,35.5205430703748,"CRE: T1 vs T2"
"TIMM44",43.6610521256061,84.811543156106,84.811543156106,"CRE: T1 vs T2"
"METTL26",28.5601676759478,12.5555408545283,28.5601676759478,"CRE: T1 vs T2"
"IBA57",60.7580631967978,52.6998469801906,60.7580631967978,"CRE: T1 vs T2"
"XPO1",15.8882076814889,27.8130808243721,27.8130808243721,"CRE: T1 vs T2"
"RPL24",21.9664729289088,47.8507328722982,47.8507328722982,"CRE: T1 vs T2"
"FBLN5",34.7306844404564,49.4268460584152,49.4268460584152,"CRE: T1 vs T2"
"ATP6V1A",21.3062672678346,25.7819547117862,25.7819547117862,"CRE: T1 vs T2"
"ARMT1",34.6275745802687,20.6247778070476,34.6275745802687,"CRE: T1 vs T2"
"MLEC",24.6601006271714,19.572408925066,24.6601006271714,"CRE: T1 vs T2"
"NXN",39.2595321611652,31.2075018642628,39.2595321611652,"CRE: T1 vs T2"
"EIF3B",18.6649876938319,16.8087193020054,18.6649876938319,"CRE: T1 vs T2"
"DDX39B",18.7355669537149,26.6834503224666,26.6834503224666,"CRE: T1 vs T2"
"SNX12",26.6481086042723,48.3898806184633,48.3898806184633,"CRE: T1 vs T2"
"DTNA",37.3940081606598,38.0909815964475,38.0909815964475,"CRE: T1 vs T2"
"NT5DC1",36.4265190491154,26.6694283050484,36.4265190491154,"CRE: T1 vs T2"
"GLUL",15.8898593002856,23.3179203594537,23.3179203594537,"CRE: T1 vs T2"
"GLRX3",22.1090797024806,22.439422661909,22.439422661909,"CRE: T1 vs T2"
"GNA11",15.1104229107043,31.382829047739,31.382829047739,"CRE: T1 vs T2"
"SPPL2A",45.4960575414794,19.4318893994727,45.4960575414794,"CRE: T1 vs T2"
"RPL9",23.6023523122854,32.6652769632987,32.6652769632987,"CRE: T1 vs T2"
"PPM1A",25.4813586947449,23.8768516708061,25.4813586947449,"CRE: T1 vs T2"
"VPS25",37.6639090698592,25.8891332930571,37.6639090698592,"CRE: T1 vs T2"
"MT-ND3",61.8828545947632,50.1314088470034,61.8828545947632,"CRE: T1 vs T2"
"GMPR",35.1278993704129,53.8140231876343,53.8140231876343,"CRE: T1 vs T2"
"CHMP2A",40.0186756018629,35.5295311114844,40.0186756018629,"CRE: T1 vs T2"
"TRMT112",34.0325561218674,19.2469227958632,34.0325561218674,"CRE: T1 vs T2"
"RPL15",30.3019477075324,12.8413706171612,30.3019477075324,"CRE: T1 vs T2"
"PFDN5",28.0301831777994,24.6432942952773,28.0301831777994,"CRE: T1 vs T2"
"RPIA",50.4925700277686,31.6966282825458,50.4925700277686,"CRE: T1 vs T2"
"RRAD",33.7490698888206,56.994143109784,56.994143109784,"CRE: T1 vs T2"
"RRAS2",41.3851565387242,55.3670149654582,55.3670149654582,"CRE: T1 vs T2"
"VPS13C",34.8619700271757,13.7560053176553,34.8619700271757,"CRE: T1 vs T2"
"IDI1",41.6574305941659,57.8631903880302,57.8631903880302,"CRE: T1 vs T2"
"RPL4",20.2106322956074,30.2132256952008,30.2132256952008,"CRE: T1 vs T2"
"RARS1",24.8040152656724,12.2945952930933,24.8040152656724,"CRE: T1 vs T2"
"TXNDC5",19.3065091341092,94.428633566973,94.428633566973,"CRE: T1 vs T2"
"ABCF1",15.3707281005426,32.9513658782694,32.9513658782694,"CRE: T1 vs T2"
"PPIL3",40.422729852416,22.9019673435753,40.422729852416,"CRE: T1 vs T2"
"NT5C",31.0688191130432,92.0808298490931,92.0808298490931,"CRE: T1 vs T2"
"HDHD2",31.1530075958761,29.7115540350441,31.1530075958761,"CRE: T1 vs T2"
"PAK2",9.62822509524724,10.3027141711071,10.3027141711071,"CRE: T1 vs T2"
"DEPTOR",21.8150595683625,26.4113553789004,26.4113553789004,"CRE: T1 vs T2"
"PRPSAP2",51.7884293786443,37.2843239012811,51.7884293786443,"CRE: T1 vs T2"
"NLN",20.4606932531093,40.5191340625775,40.5191340625775,"CRE: T1 vs T2"
"BTF3L4",13.5244520057513,14.1824606415055,14.1824606415055,"CRE: T1 vs T2"
"CDV3",32.7627948276909,15.8433993748368,32.7627948276909,"CRE: T1 vs T2"
"EIF3E",12.0075521803473,17.0917171203525,17.0917171203525,"CRE: T1 vs T2"
"RAB5B",24.0074566502092,29.0735456030459,29.0735456030459,"CRE: T1 vs T2"
"ARL3",18.2338129245259,20.1645853925792,20.1645853925792,"CRE: T1 vs T2"
"SH3GLB1",32.1466732243612,18.9838049758758,32.1466732243612,"CRE: T1 vs T2"
"SNTB1",54.361324960175,42.0120667197187,54.361324960175,"CRE: T1 vs T2"
"GSPT1",11.9010543105195,8.21842350415163,11.9010543105195,"CRE: T1 vs T2"
"STK38",36.060677651822,38.6003630350385,38.6003630350385,"CRE: T1 vs T2"
"EIF2S3",17.4128823423673,11.3013258198286,17.4128823423673,"CRE: T1 vs T2"
"TIMM50",32.4034511182332,24.2768122285169,32.4034511182332,"CRE: T1 vs T2"
"IPO7",27.3158021997265,17.3043122839733,27.3158021997265,"CRE: T1 vs T2"
"DCTN1",11.2571221496487,12.1541649094846,12.1541649094846,"CRE: T1 vs T2"
"LMAN2",11.550311865745,26.8179829094769,26.8179829094769,"CRE: T1 vs T2"
"NDUFV3",80.6252793605763,42.3546327299387,80.6252793605763,"CRE: T1 vs T2"
"DDX3X",22.2090394800495,18.9799683829614,22.2090394800495,"CRE: T1 vs T2"
"CUL4A",33.499377755705,49.1886085959303,49.1886085959303,"CRE: T1 vs T2"
"ECHDC3",25.0015820828907,36.6069950523502,36.6069950523502,"CRE: T1 vs T2"
"LNPK",23.9601593203161,24.8883004718279,24.8883004718279,"CRE: T1 vs T2"
"DCUN1D1",24.45141197618,34.3205071371658,34.3205071371658,"CRE: T1 vs T2"
"MSRB2",52.5393548569667,58.473583679899,58.473583679899,"CRE: T1 vs T2"
"PIN4",23.2134051010614,22.6545583206209,23.2134051010614,"CRE: T1 vs T2"
"SMS",30.7680968812705,46.4713290928867,46.4713290928867,"CRE: T1 vs T2"
"AGO2",36.337380772054,29.7644087743703,36.337380772054,"CRE: T1 vs T2"
"PPTC7",45.2881981753557,44.9496428064796,45.2881981753557,"CRE: T1 vs T2"
"RCN1",25.8990903209324,42.3526407696421,42.3526407696421,"CRE: T1 vs T2"
"UBXN6",24.4673197859761,24.7892931042884,24.7892931042884,"CRE: T1 vs T2"
"CUL3",13.502916939645,16.8050063193285,16.8050063193285,"CRE: T1 vs T2"
"ADD1",81.9380333075485,69.2161860964506,81.9380333075485,"CRE: T1 vs T2"
"ATP6V1G1",18.4837987035816,32.0656622145488,32.0656622145488,"CRE: T1 vs T2"
"CLIP1",24.3034707432942,26.2136892151342,26.2136892151342,"CRE: T1 vs T2"
"EIF3C",17.9960138515659,10.5053722865391,17.9960138515659,"CRE: T1 vs T2"
"PSMD3",22.226158515364,23.7372482862144,23.7372482862144,"CRE: T1 vs T2"
"ASNA1",17.66950423087,23.0872687525198,23.0872687525198,"CRE: T1 vs T2"
"DHX9",32.9602422256732,32.3273096393673,32.9602422256732,"CRE: T1 vs T2"
"ATPAF2",43.093570869796,63.0734085608291,63.0734085608291,"CRE: T1 vs T2"
"EIF3G",35.6049676176145,19.7919448897008,35.6049676176145,"CRE: T1 vs T2"
"COX17",37.6849162515957,72.4408513927849,72.4408513927849,"CRE: T1 vs T2"
"SURF1",72.9888115652147,48.9770286433871,72.9888115652147,"CRE: T1 vs T2"
"AHCYL1",12.7509719637916,12.3034941408149,12.7509719637916,"CRE: T1 vs T2"
"STXBP3",25.8153908958266,7.52807904835055,25.8153908958266,"CRE: T1 vs T2"
"TMEM256",30.9306465260938,34.623032755961,34.623032755961,"CRE: T1 vs T2"
"GYPC",36.6368498495577,36.7160264289303,36.7160264289303,"CRE: T1 vs T2"
"TBC1D17",36.5541622893898,23.4808636183254,36.5541622893898,"CRE: T1 vs T2"
"EML1",19.2383289201627,24.4797110107621,24.4797110107621,"CRE: T1 vs T2"
"SCARB2",19.3794419165108,33.0256313000114,33.0256313000114,"CRE: T1 vs T2"
"CNP",25.9584372847981,37.6449688642551,37.6449688642551,"CRE: T1 vs T2"
"RCN2",26.3308817091353,38.5953014675595,38.5953014675595,"CRE: T1 vs T2"
"PITRM1",10.4566092348807,26.8969578934671,26.8969578934671,"CRE: T1 vs T2"
"MAT2B",18.4586013976836,12.767727014598,18.4586013976836,"CRE: T1 vs T2"
"CHCHD10",53.5567114775931,53.0865190725061,53.5567114775931,"CRE: T1 vs T2"
"CPNE1",24.723217080358,23.5659611104766,24.723217080358,"CRE: T1 vs T2"
"RBMX",10.2173858149219,46.5512308177318,46.5512308177318,"CRE: T1 vs T2"
"CD63",38.7330695918497,59.1699348840074,59.1699348840074,"CRE: T1 vs T2"
"AP1B1",51.333560490881,37.1368345615913,51.333560490881,"CRE: T1 vs T2"
"PLIN5",46.1576048386706,57.5232971283778,57.5232971283778,"CRE: T1 vs T2"
"IST1",16.0249464118999,30.9166725421773,30.9166725421773,"CRE: T1 vs T2"
"TMED2",18.1305000176473,28.5558601038563,28.5558601038563,"CRE: T1 vs T2"
"NDUFAF4",59.0888301349689,91.0691337238488,91.0691337238488,"CRE: T1 vs T2"
"SESN1",14.0609750528076,43.4100034597028,43.4100034597028,"CRE: T1 vs T2"
"GART",19.0568960541038,23.5257487235408,23.5257487235408,"CRE: T1 vs T2"
"OXSM",38.6286819782796,64.4979988677993,64.4979988677993,"CRE: T1 vs T2"
"TMEM143",63.2540446851703,48.6974039618316,63.2540446851703,"CRE: T1 vs T2"
"SMIM20",52.3360942178091,39.4562983187396,52.3360942178091,"CRE: T1 vs T2"
"MT-ND4",54.7203336386522,57.4662840835043,57.4662840835043,"CRE: T1 vs T2"
"TMX3",23.7866231253592,22.8778861713592,23.7866231253592,"CRE: T1 vs T2"
"ATP6V1B2",17.6217744410167,18.4122232662639,18.4122232662639,"CRE: T1 vs T2"
"STX7",47.9303462023748,52.8586984625937,52.8586984625937,"CRE: T1 vs T2"
"DYNLRB1",19.6945831783907,15.6997275190146,19.6945831783907,"CRE: T1 vs T2"
"RHOG",48.8421547610167,88.1584681523764,88.1584681523764,"CRE: T1 vs T2"
"RUVBL2",38.7097551298758,40.2164651283002,40.2164651283002,"CRE: T1 vs T2"
"CUL2",27.6269397622347,20.179898487563,27.6269397622347,"CRE: T1 vs T2"
"HMGB2",39.0895608956664,30.9562980223774,39.0895608956664,"CRE: T1 vs T2"
"CPT1A",38.7973419934248,89.0385743089565,89.0385743089565,"CRE: T1 vs T2"
"SLC44A2",12.0282717023047,31.1530184360826,31.1530184360826,"CRE: T1 vs T2"
"SHMT2",25.7911027847392,31.8764589841951,31.8764589841951,"CRE: T1 vs T2"
"ZADH2",23.2378489282423,34.9799523738949,34.9799523738949,"CRE: T1 vs T2"
"CD38",55.6927647807141,25.1116581394683,55.6927647807141,"CRE: T1 vs T2"
"COPS3",31.7433284899745,34.415150683487,34.415150683487,"CRE: T1 vs T2"
"KYAT1",32.3515600691852,48.8269392352923,48.8269392352923,"CRE: T1 vs T2"
"TMOD1",80.6313182375593,41.6431607789657,80.6313182375593,"CRE: T1 vs T2"
"SRM",25.9673579761779,42.1303048388278,42.1303048388278,"CRE: T1 vs T2"
"EEA1",24.8288834089655,46.9367191505528,46.9367191505528,"CRE: T1 vs T2"
"RAB2B",36.4483323328914,59.3556597432245,59.3556597432245,"CRE: T1 vs T2"
"RDH14",31.3638307407814,21.7904126780696,31.3638307407814,"CRE: T1 vs T2"
"GABARAPL2",39.6855357068788,28.2062361381082,39.6855357068788,"CRE: T1 vs T2"
"CUL1",21.9556667300374,19.854901800724,21.9556667300374,"CRE: T1 vs T2"
"INPP1",22.574984445614,22.8776487232589,22.8776487232589,"CRE: T1 vs T2"
"HNRNPH3",23.8143896412887,27.2717902623943,27.2717902623943,"CRE: T1 vs T2"
"ALDH16A1",55.4825108854028,51.9877239859625,55.4825108854028,"CRE: T1 vs T2"
"HEBP1",65.9153063403228,54.2263084559503,65.9153063403228,"CRE: T1 vs T2"
"PARVB",26.0349602978788,22.7339197007789,26.0349602978788,"CRE: T1 vs T2"
"RMDN1",35.9871540687297,51.3102129503396,51.3102129503396,"CRE: T1 vs T2"
"H6PD",18.075559379572,17.4280356027112,18.075559379572,"CRE: T1 vs T2"
"NAE1",22.147208813383,23.3423345011761,23.3423345011761,"CRE: T1 vs T2"
"MIEN1",29.8880308894797,30.8550049533752,30.8550049533752,"CRE: T1 vs T2"
"RBBP4",16.247587218083,33.4816279344719,33.4816279344719,"CRE: T1 vs T2"
"EIF3F",18.9935677760053,13.0426746856542,18.9935677760053,"CRE: T1 vs T2"
"FN3KRP",46.3294376143746,28.8992777427586,46.3294376143746,"CRE: T1 vs T2"
"VPS4B",17.4489011741314,15.1846632135961,17.4489011741314,"CRE: T1 vs T2"
"RPS27",47.8572217837587,52.5255039464143,52.5255039464143,"CRE: T1 vs T2"
"IDE",11.8698951287293,16.7538927900916,16.7538927900916,"CRE: T1 vs T2"
"CLIC4",9.89940246418434,29.7189080475988,29.7189080475988,"CRE: T1 vs T2"
"NFU1",40.0850132632939,46.1462542726965,46.1462542726965,"CRE: T1 vs T2"
"NANS",44.5997816215473,53.1749624221686,53.1749624221686,"CRE: T1 vs T2"
"RPL11",29.5673404671501,26.3025667725052,29.5673404671501,"CRE: T1 vs T2"
"RASA4",33.9298043615111,77.8145301813227,77.8145301813227,"CRE: T1 vs T2"
"YKT6",42.6794357142631,25.5071871646508,42.6794357142631,"CRE: T1 vs T2"
"PYURF",117.472303691511,119.925704464599,119.925704464599,"CRE: T1 vs T2"
"LACTB2",33.1299484311263,30.9894818165489,33.1299484311263,"CRE: T1 vs T2"
"TMX1",18.8239830738934,20.3630404943523,20.3630404943523,"CRE: T1 vs T2"
"C11orf68",21.8048060949337,22.3672151026743,22.3672151026743,"CRE: T1 vs T2"
"ARIH2",21.330724333087,22.3251033369823,22.3251033369823,"CRE: T1 vs T2"
"MRPS17",46.1975720534358,23.3598706369619,46.1975720534358,"CRE: T1 vs T2"
"PRKCQ",33.7573309436542,34.4581413680903,34.4581413680903,"CRE: T1 vs T2"
"SRPRB",19.8879992571595,35.7687917815571,35.7687917815571,"CRE: T1 vs T2"
"ARHGDIB",57.760999650991,43.7118440565875,57.760999650991,"CRE: T1 vs T2"
"CSRP2",92.8436555721402,79.8235423709079,92.8436555721402,"CRE: T1 vs T2"
"USP15",49.3947713473405,31.8928561132721,49.3947713473405,"CRE: T1 vs T2"
"HPCAL1",28.7210220810013,30.0396035186402,30.0396035186402,"CRE: T1 vs T2"
"MDP1",32.3345878491065,9.37755353721581,32.3345878491065,"CRE: T1 vs T2"
"COL15A1",15.5704762697694,77.867711423944,77.867711423944,"CRE: T1 vs T2"
"MRPL12",52.9405313157243,49.2799357100468,52.9405313157243,"CRE: T1 vs T2"
"CES2",41.2741614528163,39.6124339080691,41.2741614528163,"CRE: T1 vs T2"
"ACAA1",19.6248536038868,44.0247336152151,44.0247336152151,"CRE: T1 vs T2"
"PTPN11",28.6964397659509,23.2166959755985,28.6964397659509,"CRE: T1 vs T2"
"IL18",67.9645577006605,33.6086232741994,67.9645577006605,"CRE: T1 vs T2"
"DEK",18.2605119559048,21.1820335039812,21.1820335039812,"CRE: T1 vs T2"
"LRRC59",28.3155127844169,54.0725320908079,54.0725320908079,"CRE: T1 vs T2"
"BDH2",32.9938512119489,40.3671540414348,40.3671540414348,"CRE: T1 vs T2"
"MOB1A",12.5804720847324,42.4395466897555,42.4395466897555,"CRE: T1 vs T2"
"AIMP2",24.879998461566,22.4313850516406,24.879998461566,"CRE: T1 vs T2"
"RPL19",23.1543980171884,30.1510544940173,30.1510544940173,"CRE: T1 vs T2"
"TIMM8A",77.5022880058089,77.7894374526329,77.7894374526329,"CRE: T1 vs T2"
"FARSA",22.0480080715759,31.8834760809505,31.8834760809505,"CRE: T1 vs T2"
"CTSZ",30.1274282156116,58.518732274803,58.518732274803,"CRE: T1 vs T2"
"STOML2",36.1099979281517,22.0303265555415,36.1099979281517,"CRE: T1 vs T2"
"SRSF3",24.3768795063071,14.3810406833279,24.3768795063071,"CRE: T1 vs T2"
"NHLRC2",16.8583110875346,31.167030075577,31.167030075577,"CRE: T1 vs T2"
"MAPK9",17.689674870666,48.5853929128683,48.5853929128683,"CRE: T1 vs T2"
"SSPN",49.7279047625198,37.412853060639,49.7279047625198,"CRE: T1 vs T2"
"PECAM1",20.4743173482293,19.9046787283777,20.4743173482293,"CRE: T1 vs T2"
"PSMD7",17.3444588287093,41.8250077305562,41.8250077305562,"CRE: T1 vs T2"
"MAPK14",34.5164854284755,31.446508279253,34.5164854284755,"CRE: T1 vs T2"
"EHBP1L1",34.734819357514,19.5504397690061,34.734819357514,"CRE: T1 vs T2"
"SNX5",18.3111863586362,38.1992617428614,38.1992617428614,"CRE: T1 vs T2"
"OPLAH",28.7527948592312,30.8307407366507,30.8307407366507,"CRE: T1 vs T2"
"TMEM126A",38.52690260085,69.1740415853092,69.1740415853092,"CRE: T1 vs T2"
"EIF2S2",31.4944728284232,15.9883890451298,31.4944728284232,"CRE: T1 vs T2"
"EIF6",38.1044523396345,23.8794035483202,38.1044523396345,"CRE: T1 vs T2"
"BOLA2",39.6594156509223,38.230723833193,39.6594156509223,"CRE: T1 vs T2"
"PFKFB1",23.6059237846788,36.8210476583785,36.8210476583785,"CRE: T1 vs T2"
"WDR77",38.6081596219507,22.0643553911339,38.6081596219507,"CRE: T1 vs T2"
"SFPQ",15.9456941122941,30.1374621140016,30.1374621140016,"CRE: T1 vs T2"
"LAMA2",32.4201368385347,87.5304117669425,87.5304117669425,"CRE: T1 vs T2"
"LZIC",37.167996305437,21.4467922978189,37.167996305437,"CRE: T1 vs T2"
"PDK2",43.1193692773853,91.7792430837516,91.7792430837516,"CRE: T1 vs T2"
"RPS26",26.712684810768,16.6212437550561,26.712684810768,"CRE: T1 vs T2"
"MYH8",89.9708015009352,114.201314573219,114.201314573219,"CRE: T1 vs T2"
"ABCF2",40.1844738731056,18.7307222266187,40.1844738731056,"CRE: T1 vs T2"
"AP2M1",34.2478897943249,35.3875653650981,35.3875653650981,"CRE: T1 vs T2"
"PITPNB",30.738995750639,47.8901535864806,47.8901535864806,"CRE: T1 vs T2"
"HSD17B4",23.8272112742897,15.859546064645,23.8272112742897,"CRE: T1 vs T2"
"ACAD9",52.1621542610707,58.8643977155787,58.8643977155787,"CRE: T1 vs T2"
"KHSRP",32.7120741973437,42.8805312431942,42.8805312431942,"CRE: T1 vs T2"
"BCKDK",56.8400957750395,62.8552095724701,62.8552095724701,"CRE: T1 vs T2"
"NPC2",26.1165180279558,31.7933130088977,31.7933130088977,"CRE: T1 vs T2"
"UFD1",32.0800622117443,16.3257560247676,32.0800622117443,"CRE: T1 vs T2"
"MVP",36.9589880965466,62.8179440218015,62.8179440218015,"CRE: T1 vs T2"
"PRKAB2",33.0897894677987,38.7578795771259,38.7578795771259,"CRE: T1 vs T2"
"SIRT5",52.7636860140732,36.3479571968947,52.7636860140732,"CRE: T1 vs T2"
"RNF114",27.3749148673099,31.9861637686029,31.9861637686029,"CRE: T1 vs T2"
"SCP2",23.4182971933393,29.5579227690875,29.5579227690875,"CRE: T1 vs T2"
"DMAC2L",39.8552130664989,44.0532931681591,44.0532931681591,"CRE: T1 vs T2"
"PMM2",16.7915230853157,46.0535309193468,46.0535309193468,"CRE: T1 vs T2"
"ACSS1",44.2490085495495,29.8280051525621,44.2490085495495,"CRE: T1 vs T2"
"RAB9A",34.2676682092998,26.5385212980702,34.2676682092998,"CRE: T1 vs T2"
"TOMM40",66.1011077234349,11.9016972789173,66.1011077234349,"CRE: T1 vs T2"
"ARPC1B",45.245813081814,63.580137754771,63.580137754771,"CRE: T1 vs T2"
"LGALSL",20.5099900379968,33.7369650297314,33.7369650297314,"CRE: T1 vs T2"
"COPB1",67.9173739976934,38.9608949323797,67.9173739976934,"CRE: T1 vs T2"
"RTN4IP1",34.2409045667198,42.5736500976565,42.5736500976565,"CRE: T1 vs T2"
"AARS1",11.5335744390741,15.8394584928418,15.8394584928418,"CRE: T1 vs T2"
"SERBP1",28.8851362007593,34.9210423843229,34.9210423843229,"CRE: T1 vs T2"
"TXNDC12",30.3928798506246,40.7734125091135,40.7734125091135,"CRE: T1 vs T2"
"ZYX",15.5686354844455,28.0364730796766,28.0364730796766,"CRE: T1 vs T2"
"MCCC1",31.0982736894113,59.2490057539718,59.2490057539718,"CRE: T1 vs T2"
"AARSD1",36.6126615643979,23.4081546378815,36.6126615643979,"CRE: T1 vs T2"
"SRP14",34.2647225332119,76.8289215685701,76.8289215685701,"CRE: T1 vs T2"
"LMAN1",29.1668084729009,26.9359793609571,29.1668084729009,"CRE: T1 vs T2"
"JUP",20.9381230689812,26.9769028568623,26.9769028568623,"CRE: T1 vs T2"
"KHDRBS1",29.8368760945159,19.3635147250762,29.8368760945159,"CRE: T1 vs T2"
"SUGT1",13.2612175620693,17.1904790425369,17.1904790425369,"CRE: T1 vs T2"
"UBA3",22.9226377407607,18.7535117432129,22.9226377407607,"CRE: T1 vs T2"
"PLGRKT",45.4926160695722,21.0512343599131,45.4926160695722,"CRE: T1 vs T2"
"EZR",17.5901655753202,39.0954774799817,39.0954774799817,"CRE: T1 vs T2"
"DBNL",32.2818509604836,44.7652848238268,44.7652848238268,"CRE: T1 vs T2"
"LYPLAL1",25.2515991656721,28.1170008785299,28.1170008785299,"CRE: T1 vs T2"
"FAM98B",29.1558696370577,52.1492825400313,52.1492825400313,"CRE: T1 vs T2"
"ATL2",40.5661643419494,32.2179360346458,40.5661643419494,"CRE: T1 vs T2"
"PPP2R5A",31.2675083688015,27.4405279890488,31.2675083688015,"CRE: T1 vs T2"
"DNAJB1",27.9784646198398,42.456158356562,42.456158356562,"CRE: T1 vs T2"
"CRADD",35.2135120495562,111.242273728271,111.242273728271,"CRE: T1 vs T2"
"LETM1",35.0494758535236,33.728978972799,35.0494758535236,"CRE: T1 vs T2"
"NFIC",27.8378617115498,25.4519404956537,27.8378617115498,"CRE: T1 vs T2"
"AUH",69.3483214042778,68.8416647893347,69.3483214042778,"CRE: T1 vs T2"
"ENSA",45.1867971219369,34.4605726368153,45.1867971219369,"CRE: T1 vs T2"
"PPIL1",25.1860149240931,17.2522849087155,25.1860149240931,"CRE: T1 vs T2"
"ABCA8",45.805301778212,37.4399759531698,45.805301778212,"CRE: T1 vs T2"
"MTM1",47.980482114159,45.0896840450163,47.980482114159,"CRE: T1 vs T2"
"TXNRD2",40.6758442335279,31.452224196941,40.6758442335279,"CRE: T1 vs T2"
"BCKDHB",54.5461042397593,80.8516103924746,80.8516103924746,"CRE: T1 vs T2"
"C6orf136",141.20663675195,98.4298552109521,141.20663675195,"CRE: T1 vs T2"
"PRPSAP1",17.1581124947195,46.3533874877189,46.3533874877189,"CRE: T1 vs T2"
"ETF1",29.3940927383999,21.1457696580098,29.3940927383999,"CRE: T1 vs T2"
"EIF3L",24.1893418361196,29.8023798475373,29.8023798475373,"CRE: T1 vs T2"
"SENP8",31.4946779851378,23.8324678691122,31.4946779851378,"CRE: T1 vs T2"
"ARCN1",17.1956306122315,29.8355478158319,29.8355478158319,"CRE: T1 vs T2"
"TATDN1",22.6080764700666,24.12612488151,24.12612488151,"CRE: T1 vs T2"
"DHTKD1",26.4014722736508,29.122296421772,29.122296421772,"CRE: T1 vs T2"
"MGST2",38.4301369255822,14.9939342423979,38.4301369255822,"CRE: T1 vs T2"
"HNRNPM",23.1013739846837,29.8052816196481,29.8052816196481,"CRE: T1 vs T2"
"NUDCD2",35.9207449451248,49.1411100719125,49.1411100719125,"CRE: T1 vs T2"
"SYNPO2L",48.7426627309029,107.623756645346,107.623756645346,"CRE: T1 vs T2"
"CLIC6",30.4870664218481,26.7803139345538,30.4870664218481,"CRE: T1 vs T2"
"MTIF2",30.271860048087,45.1411562875403,45.1411562875403,"CRE: T1 vs T2"
"PLAA",30.9602583239372,29.3412099444105,30.9602583239372,"CRE: T1 vs T2"
"PFKFB2",25.8932433079759,31.3208275663708,31.3208275663708,"CRE: T1 vs T2"
"FAHD2A",34.5705495042241,30.6579509615394,34.5705495042241,"CRE: T1 vs T2"
"BROX",29.8681918719074,56.0064816432235,56.0064816432235,"CRE: T1 vs T2"
"EIF3M",20.4870577346256,20.5666927897713,20.5666927897713,"CRE: T1 vs T2"
"UBQLN1",16.3757735177292,15.5565112691815,16.3757735177292,"CRE: T1 vs T2"
"BCKDHA",42.3611323438978,46.697048944139,46.697048944139,"CRE: T1 vs T2"
"PRUNE1",22.3846097428061,28.3450025141059,28.3450025141059,"CRE: T1 vs T2"
"CHMP4B",18.587891434519,29.5552107162489,29.5552107162489,"CRE: T1 vs T2"
"ATAD3A",58.0067203905671,28.3449657287854,58.0067203905671,"CRE: T1 vs T2"
"NAA50",17.7379139136868,35.6895837260957,35.6895837260957,"CRE: T1 vs T2"
"DHRS11",22.7919634873493,39.660227061632,39.660227061632,"CRE: T1 vs T2"
"PPP1R14B",45.4358558926688,49.9458380789268,49.9458380789268,"CRE: T1 vs T2"
"PPP1R12B",74.3856136423586,105.541984727929,105.541984727929,"CRE: T1 vs T2"
"BPNT1",20.1604667523188,10.5360962455258,20.1604667523188,"CRE: T1 vs T2"
"KPNA6",12.9237903061629,19.1571138675674,19.1571138675674,"CRE: T1 vs T2"
"LMNB2",19.70051785226,71.4817730714831,71.4817730714831,"CRE: T1 vs T2"
"PGM2L1",36.8204823296835,25.3350649940046,36.8204823296835,"CRE: T1 vs T2"
"PARP1",21.9005652865677,16.2987797796882,21.9005652865677,"CRE: T1 vs T2"
"TSG101",21.969757438229,22.4787460935312,22.4787460935312,"CRE: T1 vs T2"
"GLS",75.1541253549746,52.0861225737555,75.1541253549746,"CRE: T1 vs T2"
"SMTN",50.9290107932282,36.5542770427226,50.9290107932282,"CRE: T1 vs T2"
"AP2A2",40.8345075445654,42.0725397768454,42.0725397768454,"CRE: T1 vs T2"
"RO60",53.6667314510501,57.5310920907778,57.5310920907778,"CRE: T1 vs T2"
"LSM3",15.8586867226351,38.7466905525836,38.7466905525836,"CRE: T1 vs T2"
"CSNK2A1",18.1258019730493,25.1660546997708,25.1660546997708,"CRE: T1 vs T2"
"CDNF",41.7467348651813,53.5231141041999,53.5231141041999,"CRE: T1 vs T2"
"HNRNPUL1",29.8162359443144,47.8700735600437,47.8700735600437,"CRE: T1 vs T2"
"STAT5B",16.2517407283309,10.9541090848619,16.2517407283309,"CRE: T1 vs T2"
"CA14",31.4494047284318,28.4569446332627,31.4494047284318,"CRE: T1 vs T2"
"UBE3A",17.4932986466358,7.02585371858427,17.4932986466358,"CRE: T1 vs T2"
"MME",20.7558727661011,28.9760634876024,28.9760634876024,"CRE: T1 vs T2"
"LANCL2",26.3166056412129,22.8963494679939,26.3166056412129,"CRE: T1 vs T2"
"ATPAF1",49.0384580962015,64.3467167971633,64.3467167971633,"CRE: T1 vs T2"
"MICU2",24.072525862174,66.0544228568853,66.0544228568853,"CRE: T1 vs T2"
"ETFRF1",37.5825865401966,41.7736972638042,41.7736972638042,"CRE: T1 vs T2"
"ETHE1",28.4529118661093,35.4878518894851,35.4878518894851,"CRE: T1 vs T2"
"MLIP",68.354456276651,66.8384284841982,68.354456276651,"CRE: T1 vs T2"
"CTTN",36.3415617401769,33.6038315841254,36.3415617401769,"CRE: T1 vs T2"
"MYL9",49.6427430240471,36.5027133183498,49.6427430240471,"CRE: T1 vs T2"
"COPZ1",14.7853213937225,54.5467172503591,54.5467172503591,"CRE: T1 vs T2"
"C9orf64",17.3959947692935,32.7454732108423,32.7454732108423,"CRE: T1 vs T2"
"RHOC",21.158590590502,68.0821206476897,68.0821206476897,"CRE: T1 vs T2"
"EIF3D",11.1239734191885,24.860675883911,24.860675883911,"CRE: T1 vs T2"
"GALK1",36.7625991885985,28.0052116668077,36.7625991885985,"CRE: T1 vs T2"
"TSNAX",10.5895745856376,25.5445443350195,25.5445443350195,"CRE: T1 vs T2"
"ILF3",22.8282082154622,34.0349989670771,34.0349989670771,"CRE: T1 vs T2"
"G3BP2",30.6927123405206,35.9610480041773,35.9610480041773,"CRE: T1 vs T2"
"STAT3",30.4603544002894,21.3114868676202,30.4603544002894,"CRE: T1 vs T2"
"ACSS2",24.7375589591866,20.796015163006,24.7375589591866,"CRE: T1 vs T2"
"LHPP",73.5713159382847,55.9184646065638,73.5713159382847,"CRE: T1 vs T2"
"ARRB1",62.8513907249778,44.9182387975974,62.8513907249778,"CRE: T1 vs T2"
"ARL8A",23.458552991569,54.3813472499259,54.3813472499259,"CRE: T1 vs T2"
"CHCHD7",66.7238397235011,60.0444895369298,66.7238397235011,"CRE: T1 vs T2"
"TOM1L2",42.7549621212906,44.5957186610878,44.5957186610878,"CRE: T1 vs T2"
"LAMB3",38.7070421527756,22.8157610110851,38.7070421527756,"CRE: T1 vs T2"
"LAMTOR1",13.2400520667111,18.8102743876429,18.8102743876429,"CRE: T1 vs T2"
"UROD",34.4542365564472,29.7734584483272,34.4542365564472,"CRE: T1 vs T2"
"MAP2K4",13.7333737182248,34.5700747326985,34.5700747326985,"CRE: T1 vs T2"
"UQCC2",48.9182199850593,49.7235983459519,49.7235983459519,"CRE: T1 vs T2"
"TECR",27.034627461166,29.6481740433521,29.6481740433521,"CRE: T1 vs T2"
"RCSD1",26.3166086763928,11.0826033326447,26.3166086763928,"CRE: T1 vs T2"
"QKI",29.3367057319147,38.4178359804488,38.4178359804488,"CRE: T1 vs T2"
"STIM1",27.6996213467915,29.5021784832109,29.5021784832109,"CRE: T1 vs T2"
"PDP1",55.9518443106972,37.2339368791694,55.9518443106972,"CRE: T1 vs T2"
"TARDBP",18.2784084090672,28.5916822392673,28.5916822392673,"CRE: T1 vs T2"
"RAB18",27.4205105762405,17.8704843988283,27.4205105762405,"CRE: T1 vs T2"
"HARS1",24.1865963626311,21.7770556984539,24.1865963626311,"CRE: T1 vs T2"
"PGPEP1",37.8353231226235,42.5279699156542,42.5279699156542,"CRE: T1 vs T2"
"MBNL1",32.7246851177477,26.0434663035151,32.7246851177477,"CRE: T1 vs T2"
"PALMD",34.9810805323706,30.931407634648,34.9810805323706,"CRE: T1 vs T2"
"VPS36",18.3097882678485,24.4409220920938,24.4409220920938,"CRE: T1 vs T2"
"PCCB",52.3505872656604,49.2470014973268,52.3505872656604,"CRE: T1 vs T2"
"SSR4",14.5768988738567,49.3328395158683,49.3328395158683,"CRE: T1 vs T2"
"TIMM9",42.5139166215339,52.3733891922368,52.3733891922368,"CRE: T1 vs T2"
"SFXN1",22.0065858501749,19.2735047665652,22.0065858501749,"CRE: T1 vs T2"
"TKFC",17.4037775673152,23.4409648266785,23.4409648266785,"CRE: T1 vs T2"
"OSBP",29.9130502431023,9.34501537667388,29.9130502431023,"CRE: T1 vs T2"
"PCYT1A",31.1409931365669,20.728117019252,31.1409931365669,"CRE: T1 vs T2"
"SIRT2",32.6760229915131,38.6107295567789,38.6107295567789,"CRE: T1 vs T2"
"ESYT2",21.2033074331358,27.5504102601299,27.5504102601299,"CRE: T1 vs T2"
"COPA",19.748436753387,39.035641872737,39.035641872737,"CRE: T1 vs T2"
"MLYCD",26.2707088948138,69.1769581750659,69.1769581750659,"CRE: T1 vs T2"
"UAP1",21.1353948715096,41.5477503164077,41.5477503164077,"CRE: T1 vs T2"
"LRPAP1",45.2722961703803,38.2133711260966,45.2722961703803,"CRE: T1 vs T2"
"FKBP4",22.3993445468988,38.3256225547234,38.3256225547234,"CRE: T1 vs T2"
"SYNPO",17.0825003352566,58.2152252000018,58.2152252000018,"CRE: T1 vs T2"
"DCAF6",26.7602837724989,21.376793723976,26.7602837724989,"CRE: T1 vs T2"
"DYNC1LI1",13.0419433869152,27.0913287420559,27.0913287420559,"CRE: T1 vs T2"
"PIP4K2A",63.0245557183255,43.5754630004148,63.0245557183255,"CRE: T1 vs T2"
"LNPEP",37.546095326957,19.9922932016182,37.546095326957,"CRE: T1 vs T2"
"STEAP4",26.7262498149461,23.4637871148754,26.7262498149461,"CRE: T1 vs T2"
"LSM2",22.9151895405387,28.3342722201081,28.3342722201081,"CRE: T1 vs T2"
"FYCO1",18.7445253097381,30.6827607339397,30.6827607339397,"CRE: T1 vs T2"
"EIF4B",19.5016013802279,66.6523862305258,66.6523862305258,"CRE: T1 vs T2"
"MAPKAPK2",19.3107820557118,10.8442751866873,19.3107820557118,"CRE: T1 vs T2"
"RIC8A",24.8520470183277,24.4408173395286,24.8520470183277,"CRE: T1 vs T2"
"MYPN",30.1678797985254,42.4234125334314,42.4234125334314,"CRE: T1 vs T2"
"RPL36AL",49.4880203516269,30.9326962374294,49.4880203516269,"CRE: T1 vs T2"
"SDCBP",30.7517332060653,40.5727081433165,40.5727081433165,"CRE: T1 vs T2"
"MFN2",38.3639824296134,19.5588654929708,38.3639824296134,"CRE: T1 vs T2"
"EIF4G2",17.9459148299027,25.9964687182583,25.9964687182583,"CRE: T1 vs T2"
"NUDC",25.2660331478804,26.224573628482,26.224573628482,"CRE: T1 vs T2"
"PRKRA",22.1312939171709,52.0379239085543,52.0379239085543,"CRE: T1 vs T2"
"LCMT1",22.3160885283312,43.8627804268119,43.8627804268119,"CRE: T1 vs T2"
"JAGN1",25.2003302083323,38.4034636719141,38.4034636719141,"CRE: T1 vs T2"
"HYOU1",15.9643919702776,42.8115169276404,42.8115169276404,"CRE: T1 vs T2"
"MTX1",32.6660721483951,30.6014797059491,32.6660721483951,"CRE: T1 vs T2"
"U2AF2",34.0711572680833,12.9499053002137,34.0711572680833,"CRE: T1 vs T2"
"ACOT1",38.0240371302875,51.711768510538,51.711768510538,"CRE: T1 vs T2"
"SEC13",27.8496625487742,20.8393313513687,27.8496625487742,"CRE: T1 vs T2"
"CLASP2",19.1188525011473,25.2990715231714,25.2990715231714,"CRE: T1 vs T2"
"ATP2B4",38.1463587695517,29.1815893087261,38.1463587695517,"CRE: T1 vs T2"
"HLA-B",26.4870913219915,34.144016011467,34.144016011467,"CRE: T1 vs T2"
"SNX1",37.0083829829282,70.6472256149947,70.6472256149947,"CRE: T1 vs T2"
"PCYT2",24.729024227911,28.834949401421,28.834949401421,"CRE: T1 vs T2"
"LSS",24.2007558995963,19.1018283271783,24.2007558995963,"CRE: T1 vs T2"
"GAA",29.6022407731066,27.6569080868295,29.6022407731066,"CRE: T1 vs T2"
"PFDN4",41.8522971878265,11.9561403374535,41.8522971878265,"CRE: T1 vs T2"
"FUBP1",26.2172637220936,9.65998034095608,26.2172637220936,"CRE: T1 vs T2"
"CBX3",12.5544607720024,43.5930282943133,43.5930282943133,"CRE: T1 vs T2"
"TRAPPC3",16.9316786011703,17.605869933646,17.605869933646,"CRE: T1 vs T2"
"HTRA2",43.8904206819098,51.0660449092014,51.0660449092014,"CRE: T1 vs T2"
"SCO1",65.2072951354488,19.9625995436524,65.2072951354488,"CRE: T1 vs T2"
"APIP",17.217790190887,31.4437323518432,31.4437323518432,"CRE: T1 vs T2"
"RUVBL1",54.2333256510559,34.9783599703954,54.2333256510559,"CRE: T1 vs T2"
"RPS23",12.432152623492,60.7228693531607,60.7228693531607,"CRE: T1 vs T2"
"NOMO2",45.1403374856945,25.5245089814437,45.1403374856945,"CRE: T1 vs T2"
"HSPA1L",38.7210571601619,30.7349643436058,38.7210571601619,"CRE: T1 vs T2"
"THOP1",24.1077413732276,29.1260037850417,29.1260037850417,"CRE: T1 vs T2"
"MXRA7",29.7829859240941,29.4424313657321,29.7829859240941,"CRE: T1 vs T2"
"CLPP",23.0751958235547,25.2281650401301,25.2281650401301,"CRE: T1 vs T2"
"SNRPD2",32.3242457957793,38.7915751921255,38.7915751921255,"CRE: T1 vs T2"
"UFL1",33.0918645394751,36.0787983248853,36.0787983248853,"CRE: T1 vs T2"
"MOB2",29.2232381342376,35.4495352766278,35.4495352766278,"CRE: T1 vs T2"
"MAVS",24.3446127343121,23.3886013255422,24.3446127343121,"CRE: T1 vs T2"
"FGGY",49.4725023176103,36.7834750864372,49.4725023176103,"CRE: T1 vs T2"
"TRIM25",19.9230774670712,43.1314080141495,43.1314080141495,"CRE: T1 vs T2"
"CARS1",41.4995733928262,37.9249444680559,41.4995733928262,"CRE: T1 vs T2"
"RAP1A",51.2334895115685,57.3883051654471,57.3883051654471,"CRE: T1 vs T2"
"TPPP",49.235145304923,39.2513940623781,49.235145304923,"CRE: T1 vs T2"
"DHRS4",31.6002079858762,40.3999305963367,40.3999305963367,"CRE: T1 vs T2"
"TSTD1",20.820807386763,50.998208468964,50.998208468964,"CRE: T1 vs T2"
"COPG1",22.2165479181239,50.6874752578022,50.6874752578022,"CRE: T1 vs T2"
"RABGGTA",17.856987497357,21.8890319502932,21.8890319502932,"CRE: T1 vs T2"
"DUSP28",39.5219048461768,42.8543836387943,42.8543836387943,"CRE: T1 vs T2"
"MARCKS",28.6973170971086,71.842749466623,71.842749466623,"CRE: T1 vs T2"
"NMT1",47.0618536836474,31.0403011818814,47.0618536836474,"CRE: T1 vs T2"
"PPID",25.998310223168,29.4544875334215,29.4544875334215,"CRE: T1 vs T2"
"CNPY2",32.7715651229592,49.6390577785906,49.6390577785906,"CRE: T1 vs T2"
"HDGFL2",40.0498987113608,26.9048746490507,40.0498987113608,"CRE: T1 vs T2"
"NUBPL",29.0469954740098,25.0868607404598,29.0469954740098,"CRE: T1 vs T2"
"RPA2",16.9033502288881,21.0100923855985,21.0100923855985,"CRE: T1 vs T2"
"IGFBP5",43.6764939861085,26.6786393697769,43.6764939861085,"CRE: T1 vs T2"
"PDPR",40.1983488102325,33.7632007426996,40.1983488102325,"CRE: T1 vs T2"
"UBE2O",56.0248159433566,52.9465162041715,56.0248159433566,"CRE: T1 vs T2"
"PELO",13.5622493250014,20.3852943925381,20.3852943925381,"CRE: T1 vs T2"
"LUC7L2",22.2832833696036,32.4237783399744,32.4237783399744,"CRE: T1 vs T2"
"LYRM7",59.7781752729544,53.4231961571976,59.7781752729544,"CRE: T1 vs T2"
"WBP2",33.7412934383932,38.6810764100468,38.6810764100468,"CRE: T1 vs T2"
"MCCC2",36.3182265582413,47.7431295653564,47.7431295653564,"CRE: T1 vs T2"
"CBFB",27.3771594999614,27.36914606572,27.3771594999614,"CRE: T1 vs T2"
"EPS15L1",16.5039340763641,17.9919410507735,17.9919410507735,"CRE: T1 vs T2"
"SNF8",11.972359300063,33.3728961061331,33.3728961061331,"CRE: T1 vs T2"
"MTARC2",34.006658518236,18.4487158199948,34.006658518236,"CRE: T1 vs T2"
"COL18A1",31.3377277553941,28.6224020849182,31.3377277553941,"CRE: T1 vs T2"
"ISYNA1",20.7105622802997,31.9081125854397,31.9081125854397,"CRE: T1 vs T2"
"EIF4EBP1",32.4008484751843,38.4249012980282,38.4249012980282,"CRE: T1 vs T2"
"ACACB",21.015842214461,27.3199917635329,27.3199917635329,"CRE: T1 vs T2"
"RPL18A",27.0296293114439,33.8266723178437,33.8266723178437,"CRE: T1 vs T2"
"SND1",31.9299706876628,32.2684827238593,32.2684827238593,"CRE: T1 vs T2"
"DNAJB4",40.3178044072312,20.8875727573357,40.3178044072312,"CRE: T1 vs T2"
"HLA-DRB1",63.8748541115034,50.3512671091427,63.8748541115034,"CRE: T1 vs T2"
"HLA-C",32.3377161615281,14.1039036178909,32.3377161615281,"CRE: T1 vs T2"
"APPL1",21.3488762366104,23.2531585021055,23.2531585021055,"CRE: T1 vs T2"
"BTD",73.2022820547041,50.6828994641087,73.2022820547041,"CRE: T1 vs T2"
"RPL10",29.244828951749,21.8521675967589,29.244828951749,"CRE: T1 vs T2"
"SMYD5",24.4654077493789,18.6819103709971,24.4654077493789,"CRE: T1 vs T2"
"ABHD11",67.4122752243009,60.4323316438478,67.4122752243009,"CRE: T1 vs T2"
"OSTC",13.7271550970879,48.1028898028119,48.1028898028119,"CRE: T1 vs T2"
"MAPRE3",30.670339236521,27.7258971370465,30.670339236521,"CRE: T1 vs T2"
"SLC27A1",21.4959176084714,26.9424914173187,26.9424914173187,"CRE: T1 vs T2"
"SPG7",46.0028092189659,27.4259521609455,46.0028092189659,"CRE: T1 vs T2"
"UGGT1",19.9292080754001,22.694352085828,22.694352085828,"CRE: T1 vs T2"
"EIF3I",25.0904147151405,27.6966641484439,27.6966641484439,"CRE: T1 vs T2"
"UBE2B",22.0533486224899,53.5051033186745,53.5051033186745,"CRE: T1 vs T2"
"HUWE1",24.9334762258107,14.9941815760563,24.9334762258107,"CRE: T1 vs T2"
"MYO18A",20.6148596810467,24.17774856509,24.17774856509,"CRE: T1 vs T2"
"TSFM",37.6189824991463,53.498621448032,53.498621448032,"CRE: T1 vs T2"
"RPA1",18.9735028301154,34.2918830841952,34.2918830841952,"CRE: T1 vs T2"
"PALLD",39.4097033104181,54.0249786999236,54.0249786999236,"CRE: T1 vs T2"
"PGM3",23.4810176809689,36.9098951933905,36.9098951933905,"CRE: T1 vs T2"
"ABCE1",15.4389049503297,16.097191508733,16.097191508733,"CRE: T1 vs T2"
"MAP2K2",36.2625832235456,22.2709055137057,36.2625832235456,"CRE: T1 vs T2"
"AKT2",15.8900439498262,21.299714279901,21.299714279901,"CRE: T1 vs T2"
"AHCYL2",33.8736051294522,21.0193112567743,33.8736051294522,"CRE: T1 vs T2"
"ATXN10",13.9555896771502,24.0215434343851,24.0215434343851,"CRE: T1 vs T2"
"CLCC1",10.1095692370274,22.7481623491695,22.7481623491695,"CRE: T1 vs T2"
"STAT1",36.9426282889434,45.3601668442512,45.3601668442512,"CRE: T1 vs T2"
"ANP32E",87.4177253125776,68.6358141288674,87.4177253125776,"CRE: T1 vs T2"
"ATP6V1H",49.230232167037,23.0988833776452,49.230232167037,"CRE: T1 vs T2"
"KTN1",22.6108836681671,20.5984931539042,22.6108836681671,"CRE: T1 vs T2"
"BCAP29",29.1876689220354,12.2782254176445,29.1876689220354,"CRE: T1 vs T2"
"ARPC5L",29.4367251198156,18.7815343457898,29.4367251198156,"CRE: T1 vs T2"
"ATAD1",36.9596174542446,38.1353300046948,38.1353300046948,"CRE: T1 vs T2"
"GAPVD1",66.0502332312485,40.8616899958126,66.0502332312485,"CRE: T1 vs T2"
"MTDH",5.52631255428002,14.916609979606,14.916609979606,"CRE: T1 vs T2"
"ILF2",31.5451376031002,42.5784790946084,42.5784790946084,"CRE: T1 vs T2"
"ATG3",47.8634780060181,30.0026721674283,47.8634780060181,"CRE: T1 vs T2"
"NTPCR",41.9392069953374,52.2607320201339,52.2607320201339,"CRE: T1 vs T2"
"SEC31A",19.2492166411078,40.0633883988613,40.0633883988613,"CRE: T1 vs T2"
"CHDH",50.3200579387113,27.1153770384766,50.3200579387113,"CRE: T1 vs T2"
"MMAB",40.9795737457915,52.2457017298241,52.2457017298241,"CRE: T1 vs T2"
"USP24",12.2403034580407,23.8342821669896,23.8342821669896,"CRE: T1 vs T2"
"GNAI3",23.4728651863298,45.8699981729252,45.8699981729252,"CRE: T1 vs T2"
"PPP2R5D",19.4769410755326,20.6459855892234,20.6459855892234,"CRE: T1 vs T2"
"MRPL40",51.9882247720859,83.5074849163517,83.5074849163517,"CRE: T1 vs T2"
"IFITM1",37.6492824491552,53.0595639089279,53.0595639089279,"CRE: T1 vs T2"
"SLC25A24",38.4953536827769,27.7042140565078,38.4953536827769,"CRE: T1 vs T2"
"WDR61",14.2982291806769,41.2667746259688,41.2667746259688,"CRE: T1 vs T2"
"RPA3",38.961532140009,45.6887429645749,45.6887429645749,"CRE: T1 vs T2"
"PHYKPL",16.4292474115985,34.2804801193132,34.2804801193132,"CRE: T1 vs T2"
"TARS1",40.1535722608385,31.5995587169401,40.1535722608385,"CRE: T1 vs T2"
"ZBTB9",11.2516228445459,39.8583365961012,39.8583365961012,"CRE: T1 vs T2"
"TACC2",11.5629772028923,28.9685918926126,28.9685918926126,"CRE: T1 vs T2"
"SPEG",32.7944308844715,21.2344495296478,32.7944308844715,"CRE: T1 vs T2"
"MYBPH",86.7789511111001,39.0444007128429,86.7789511111001,"CRE: T1 vs T2"
"UBA2",34.164376774059,20.572829219081,34.164376774059,"CRE: T1 vs T2"
"SORD",26.660551747627,53.896250755047,53.896250755047,"CRE: T1 vs T2"
"CSNK2B",14.7422813664923,31.1034151245503,31.1034151245503,"CRE: T1 vs T2"
"NDUFAF3",43.3745796761296,35.0380505261309,43.3745796761296,"CRE: T1 vs T2"
"LARS1",18.8465673222736,13.6301996035384,18.8465673222736,"CRE: T1 vs T2"
"GSK3B",31.2218442603101,26.5408479938174,31.2218442603101,"CRE: T1 vs T2"
"GNPDA2",34.3132014762881,24.6861483020378,34.3132014762881,"CRE: T1 vs T2"
"TBC1D4",11.4968708876577,12.4069183314881,12.4069183314881,"CRE: T1 vs T2"
"CHCHD4",40.1105530222234,43.6003993772072,43.6003993772072,"CRE: T1 vs T2"
"GMFB",62.2662433893233,53.2578833078667,62.2662433893233,"CRE: T1 vs T2"
"TOMM7",56.6645703670503,53.6643047453035,56.6645703670503,"CRE: T1 vs T2"
"SNRPB",29.1322387661707,27.4348372322271,29.1322387661707,"CRE: T1 vs T2"
"CHP1",30.1981460779643,38.5112255880798,38.5112255880798,"CRE: T1 vs T2"
"USP7",17.5565243679593,18.5616332709782,18.5616332709782,"CRE: T1 vs T2"
"DCTPP1",56.8512960970257,49.7268139518096,56.8512960970257,"CRE: T1 vs T2"
"GUK1",48.5015313682966,35.5874360736242,48.5015313682966,"CRE: T1 vs T2"
"MEMO1",33.8353135736744,15.7007970900214,33.8353135736744,"CRE: T1 vs T2"
"DNAJA3",69.0305007865628,74.9479959507032,74.9479959507032,"CRE: T1 vs T2"
"DYNLT1",18.5730138378833,40.6721089495914,40.6721089495914,"CRE: T1 vs T2"
"SPAG7",11.0405890654521,15.3324882329955,15.3324882329955,"CRE: T1 vs T2"
"BCAM",32.0682802443766,29.7763543995752,32.0682802443766,"CRE: T1 vs T2"
"UCHL5",44.4317587070379,25.6630131005368,44.4317587070379,"CRE: T1 vs T2"
"SNU13",37.2694244683803,29.7404001736822,37.2694244683803,"CRE: T1 vs T2"
"DRG1",65.1380149749094,83.6405802350351,83.6405802350351,"CRE: T1 vs T2"
"CLUH",17.5242377703048,39.4350829102599,39.4350829102599,"CRE: T1 vs T2"
"NUDT16",14.0802378238673,28.257637703282,28.257637703282,"CRE: T1 vs T2"
"PMPCB",15.600924825938,26.8248630629533,26.8248630629533,"CRE: T1 vs T2"
"SNX9",32.2310952688504,56.13609740096,56.13609740096,"CRE: T1 vs T2"
"THTPA",27.0410542177459,17.7172732145345,27.0410542177459,"CRE: T1 vs T2"
"HGS",20.5169027863317,43.7563084378078,43.7563084378078,"CRE: T1 vs T2"
"BPHL",48.5645820605616,77.594038022097,77.594038022097,"CRE: T1 vs T2"
"ERO1A",25.6704011971039,49.8204317016329,49.8204317016329,"CRE: T1 vs T2"
"UBE2F",30.972120135458,73.0552648279482,73.0552648279482,"CRE: T1 vs T2"
"DARS2",44.0805752900268,8.65068816389375,44.0805752900268,"CRE: T1 vs T2"
"FXR1",14.078200561911,37.6078229115116,37.6078229115116,"CRE: T1 vs T2"
"GSK3A",27.0037114651198,25.7458147726366,27.0037114651198,"CRE: T1 vs T2"
"PTER",27.6515612211664,22.4888099319137,27.6515612211664,"CRE: T1 vs T2"
"TIMM21",50.5464041725784,56.1463098949231,56.1463098949231,"CRE: T1 vs T2"
"CHMP5",37.3286641311848,24.3915658872694,37.3286641311848,"CRE: T1 vs T2"
"RWDD1",22.0319930872553,30.8242860802162,30.8242860802162,"CRE: T1 vs T2"
"BUB3",22.9542034512831,19.9391412136599,22.9542034512831,"CRE: T1 vs T2"
"NT5C2",28.7337276063435,38.6526124626728,38.6526124626728,"CRE: T1 vs T2"
"PACSIN2",26.9782791353477,35.2815040910708,35.2815040910708,"CRE: T1 vs T2"
"GPHN",20.6675825337882,21.1016208020244,21.1016208020244,"CRE: T1 vs T2"
"CCDC124",34.954846932234,15.1025808481975,34.954846932234,"CRE: T1 vs T2"
"GHITM",42.5609640510967,54.6085679886003,54.6085679886003,"CRE: T1 vs T2"
"AKAP1",24.8361478750347,30.6259707845322,30.6259707845322,"CRE: T1 vs T2"
"NUBP1",29.1106260364018,37.5960369815403,37.5960369815403,"CRE: T1 vs T2"
"GPT2",40.980350272179,72.9535565850833,72.9535565850833,"CRE: T1 vs T2"
"NLRX1",49.4286961687613,54.6198861275485,54.6198861275485,"CRE: T1 vs T2"
"CLIP2",26.7743388968448,28.429460289286,28.429460289286,"CRE: T1 vs T2"
"PPP1CC",21.7795155480703,31.619202171777,31.619202171777,"CRE: T1 vs T2"
"FNTA",20.449818069006,47.7530126944166,47.7530126944166,"CRE: T1 vs T2"
"SNX6",29.5301968130877,39.9536628600289,39.9536628600289,"CRE: T1 vs T2"
"AP1M1",26.2632040921534,20.6620800837781,26.2632040921534,"CRE: T1 vs T2"
"ECHDC2",75.5680032636538,84.2641700697692,84.2641700697692,"CRE: T1 vs T2"
"ADH1C",27.540659920712,25.3363641326278,27.540659920712,"CRE: T1 vs T2"
"YARS1",30.3319249314667,20.3540023210933,30.3319249314667,"CRE: T1 vs T2"
"SMAP",24.9412580415328,39.2117410507164,39.2117410507164,"CRE: T1 vs T2"
"UBE2R2",52.5253627238792,42.1258682514852,52.5253627238792,"CRE: T1 vs T2"
"SLC16A3",68.0818119156506,55.7853192861272,68.0818119156506,"CRE: T1 vs T2"
"PLEKHF1",13.8507829993011,30.4874437875476,30.4874437875476,"CRE: T1 vs T2"
"HCCS",44.5498075854092,44.3175914157767,44.5498075854092,"CRE: T1 vs T2"
"DDX6",13.7033276725533,11.6888267050823,13.7033276725533,"CRE: T1 vs T2"
"PPP1R3A",66.7117130986603,17.7722628891433,66.7117130986603,"CRE: T1 vs T2"
"PMPCA",38.843448115277,92.8328137330801,92.8328137330801,"CRE: T1 vs T2"
"PPCS",15.9888286107562,10.670684151095,15.9888286107562,"CRE: T1 vs T2"
"EIF2A",33.2926338721303,26.2039096021974,33.2926338721303,"CRE: T1 vs T2"
"ANK3",34.4521800756016,18.3539570671557,34.4521800756016,"CRE: T1 vs T2"
"MRPL49",66.8595015659515,62.9339058768174,66.8595015659515,"CRE: T1 vs T2"
"NADK2",36.0944984789322,30.6666406324285,36.0944984789322,"CRE: T1 vs T2"
"BABAM2",26.9948170771232,46.6548151853047,46.6548151853047,"CRE: T1 vs T2"
"DDRGK1",32.0612662223735,39.1244549895277,39.1244549895277,"CRE: T1 vs T2"
"VPS28",34.2643236668614,22.610334832863,34.2643236668614,"CRE: T1 vs T2"
"GET4",23.2855463682345,55.9184431783523,55.9184431783523,"CRE: T1 vs T2"
"FDXR",30.2739338761208,50.2170400650972,50.2170400650972,"CRE: T1 vs T2"
"ATP2B2",31.8465367106246,34.7713919844129,34.7713919844129,"CRE: T1 vs T2"
"SCFD1",14.2051614256303,29.9078955594416,29.9078955594416,"CRE: T1 vs T2"
"GMPR2",47.2712216369082,28.4249254637863,47.2712216369082,"CRE: T1 vs T2"
"OSBPL1A",68.6077962143024,51.3813933786638,68.6077962143024,"CRE: T1 vs T2"
"PDCL3",27.3133737579736,19.1424827281484,27.3133737579736,"CRE: T1 vs T2"
"API5",21.8745098796036,13.4150302702037,21.8745098796036,"CRE: T1 vs T2"
"GMPPB",19.2830432560896,34.3258913200844,34.3258913200844,"CRE: T1 vs T2"
"UBAP2L",11.9059340552171,46.5729112263587,46.5729112263587,"CRE: T1 vs T2"
"MRPL46",47.9187654638368,57.0332945881536,57.0332945881536,"CRE: T1 vs T2"
"SRSF7",19.5087145693582,23.2333837613549,23.2333837613549,"CRE: T1 vs T2"
"MOB4",19.5665487674754,21.1034316099111,21.1034316099111,"CRE: T1 vs T2"
"GORASP2",17.3593056003546,34.4331673698935,34.4331673698935,"CRE: T1 vs T2"
"DAZAP1",26.8040002254025,54.9324283562223,54.9324283562223,"CRE: T1 vs T2"
"NEK9",14.6753863737443,29.7320027576091,29.7320027576091,"CRE: T1 vs T2"
"CYGB",19.9050317451769,25.9638009639047,25.9638009639047,"CRE: T1 vs T2"
"STAM",34.5581898635121,26.9727605425794,34.5581898635121,"CRE: T1 vs T2"
"ARL2",36.9934231280944,25.3260111973975,36.9934231280944,"CRE: T1 vs T2"
"PDXP",34.4832342999592,37.1876779959007,37.1876779959007,"CRE: T1 vs T2"
"MAN2C1",39.145555083501,29.9112991178475,39.145555083501,"CRE: T1 vs T2"
"PPP2CB",20.0949805864409,32.1025609728848,32.1025609728848,"CRE: T1 vs T2"
"NTMT1",51.4871869319431,27.7761947823412,51.4871869319431,"CRE: T1 vs T2"
"FAM98A",38.6900401019324,51.2135743307743,51.2135743307743,"CRE: T1 vs T2"
"TFRC",39.2383227873381,39.8416072842243,39.8416072842243,"CRE: T1 vs T2"
"SARS2",52.9603561547926,34.9049730722378,52.9603561547926,"CRE: T1 vs T2"
"TPD52L1",49.3261740584192,54.6919981845037,54.6919981845037,"CRE: T1 vs T2"
"MRPL37",64.580326212222,34.0211967041109,64.580326212222,"CRE: T1 vs T2"
"CHMP6",15.155103794381,20.594309078503,20.594309078503,"CRE: T1 vs T2"
"SEC24C",23.004733560852,10.1368484843655,23.004733560852,"CRE: T1 vs T2"
"NUDT9",21.9835955889903,42.6444044289657,42.6444044289657,"CRE: T1 vs T2"
"FITM2",38.9947885767558,20.4999195886906,38.9947885767558,"CRE: T1 vs T2"
"PPT1",15.9824501667229,29.9192990064198,29.9192990064198,"CRE: T1 vs T2"
"RPL37A",23.612565575926,27.6796116895196,27.6796116895196,"CRE: T1 vs T2"
"PM20D2",49.7698191774005,32.6911136739768,49.7698191774005,"CRE: T1 vs T2"
"RTRAF",25.0781728444902,9.77992539473396,25.0781728444902,"CRE: T1 vs T2"
"CRK",21.3555275448712,54.1652134263947,54.1652134263947,"CRE: T1 vs T2"
"KPNA1",30.4382169304789,18.1892884197828,30.4382169304789,"CRE: T1 vs T2"
"DPP7",75.2945781050072,45.642843070348,75.2945781050072,"CRE: T1 vs T2"
"SMIM4",37.4412884515585,54.7817081202118,54.7817081202118,"CRE: T1 vs T2"
"MRPL55",59.9648943398777,32.2619029239739,59.9648943398777,"CRE: T1 vs T2"
"DAD1",25.3161845853608,30.0702605500931,30.0702605500931,"CRE: T1 vs T2"
"L3HYPDH",35.4922565114429,24.6947691953754,35.4922565114429,"CRE: T1 vs T2"
"ABRAXAS2",19.9464299368544,28.6831741409288,28.6831741409288,"CRE: T1 vs T2"
"LPIN1",33.2360097312873,45.98520869184,45.98520869184,"CRE: T1 vs T2"
"DCTN4",26.6076930557137,13.5336290983024,26.6076930557137,"CRE: T1 vs T2"
"USP47",10.8364939217114,25.2446078124726,25.2446078124726,"CRE: T1 vs T2"
"NUDT4",38.3283364510286,37.3382738162984,38.3283364510286,"CRE: T1 vs T2"
"STT3A",12.5063053813306,66.2317892092548,66.2317892092548,"CRE: T1 vs T2"
"EMD",42.0007591439113,7.62834189324045,42.0007591439113,"CRE: T1 vs T2"
"IGBP1",18.4304663227506,30.9725682920733,30.9725682920733,"CRE: T1 vs T2"
"SPCS1",15.6150976990953,44.9554790406434,44.9554790406434,"CRE: T1 vs T2"
"PRKDC",25.8045011045087,23.3364748215577,25.8045011045087,"CRE: T1 vs T2"
"MOGS",32.9231740838978,34.5348301016309,34.5348301016309,"CRE: T1 vs T2"
"UFSP2",36.5790257959898,30.8876001378738,36.5790257959898,"CRE: T1 vs T2"
"DNAJB2",20.9353436702437,21.9303197285118,21.9303197285118,"CRE: T1 vs T2"
"DCTN3",33.5276974094456,21.2500413039448,33.5276974094456,"CRE: T1 vs T2"
"IARS1",28.5510023855174,22.887557957901,28.5510023855174,"CRE: T1 vs T2"
"ARIH1",38.7428541777703,21.0521325194426,38.7428541777703,"CRE: T1 vs T2"
"RNF126",12.5543630894091,21.8306434750394,21.8306434750394,"CRE: T1 vs T2"
"UROS",23.6758383319279,33.3760761186695,33.3760761186695,"CRE: T1 vs T2"
"CCAR2",45.6979116110944,42.0297714890474,45.6979116110944,"CRE: T1 vs T2"
"PPCDC",22.776832477252,21.1294308875188,22.776832477252,"CRE: T1 vs T2"
"G3BP1",22.1929638348437,21.6106115382452,22.1929638348437,"CRE: T1 vs T2"
"SUPV3L1",46.5936835270037,30.4306351180238,46.5936835270037,"CRE: T1 vs T2"
"XPO7",37.7717889300348,17.6229924767713,37.7717889300348,"CRE: T1 vs T2"
"DCPS",16.7844058048479,17.2557570883737,17.2557570883737,"CRE: T1 vs T2"
"JPT2",24.6143828836941,28.9897741512434,28.9897741512434,"CRE: T1 vs T2"
"EIPR1",35.9459690738584,35.2558792565211,35.9459690738584,"CRE: T1 vs T2"
"PIP4K2B",25.3866422932631,18.0753488294334,25.3866422932631,"CRE: T1 vs T2"
"UBFD1",37.9743328634032,40.1628157800483,40.1628157800483,"CRE: T1 vs T2"
"TOMM22",32.8268260028449,33.4772778852622,33.4772778852622,"CRE: T1 vs T2"
"COPE",20.4818507271434,23.5317549906382,23.5317549906382,"CRE: T1 vs T2"
"MAP1S",11.5425091508609,37.592150294283,37.592150294283,"CRE: T1 vs T2"
"LSM6",16.3067063400542,19.4136010204872,19.4136010204872,"CRE: T1 vs T2"
"EIF5B",20.889041744814,10.991668082687,20.889041744814,"CRE: T1 vs T2"
"ATP2B1",19.993663424822,37.4353828121517,37.4353828121517,"CRE: T1 vs T2"
"TSC22D1",45.6075842669143,32.9513662573692,45.6075842669143,"CRE: T1 vs T2"
"ATG7",35.6637400685227,33.0588609359896,35.6637400685227,"CRE: T1 vs T2"
"TTC37",21.9562460363173,15.6240415441494,21.9562460363173,"CRE: T1 vs T2"
"CHORDC1",29.4838823009581,17.4667573738339,29.4838823009581,"CRE: T1 vs T2"
"GFPT1",19.3058127538577,34.5752367810044,34.5752367810044,"CRE: T1 vs T2"
"MECP2",47.6802829557013,25.0356850773398,47.6802829557013,"CRE: T1 vs T2"
"RDH11",43.0759902401746,50.5895763128817,50.5895763128817,"CRE: T1 vs T2"
"RELA",43.5354700915194,30.8806582137082,43.5354700915194,"CRE: T1 vs T2"
"C12orf57",26.0408355144702,25.9620166590589,26.0408355144702,"CRE: T1 vs T2"
"TIGAR",55.0683916030555,66.9032773368685,66.9032773368685,"CRE: T1 vs T2"
"MB",25.275612506479,19.581931140338,25.275612506479,"PLA: T1 vs T2"
"CKM",15.4039992317972,12.4836164335802,15.4039992317972,"PLA: T1 vs T2"
"ALDOA",5.69565852439843,12.9297780408126,12.9297780408126,"PLA: T1 vs T2"
"GAPDH",12.3667640804771,9.70694466266533,12.3667640804771,"PLA: T1 vs T2"
"CKB",24.2528279383814,20.8449242160551,24.2528279383814,"PLA: T1 vs T2"
"CA3",13.7572878519133,14.4247325716967,14.4247325716967,"PLA: T1 vs T2"
"FHL1",19.457538517516,11.6967012408763,19.457538517516,"PLA: T1 vs T2"
"ACTA1",79.3551462757613,141.973915082318,141.973915082318,"PLA: T1 vs T2"
"ENO1",42.4798890196296,13.8138971870291,42.4798890196296,"PLA: T1 vs T2"
"ENO3",9.99434343038133,7.42844054197808,9.99434343038133,"PLA: T1 vs T2"
"ACTB",81.8820659274129,102.893370508209,102.893370508209,"PLA: T1 vs T2"
"PRDX2",63.2316976087893,47.2901300942193,63.2316976087893,"PLA: T1 vs T2"
"PKM",8.07618686893542,16.9873795566359,16.9873795566359,"PLA: T1 vs T2"
"TPI1",18.5648429851656,13.3206489922829,18.5648429851656,"PLA: T1 vs T2"
"ENO2",22.1347810512296,17.5676741462828,22.1347810512296,"PLA: T1 vs T2"
"PGAM1",22.0834463724845,21.1091162393555,22.0834463724845,"PLA: T1 vs T2"
"CASQ1",14.727320685605,14.9509259645792,14.9509259645792,"PLA: T1 vs T2"
"PGK1",9.55832543436425,11.6941683535293,11.6941683535293,"PLA: T1 vs T2"
"HSPB1",10.2856099598648,15.0049808963068,15.0049808963068,"PLA: T1 vs T2"
"MYL1",72.5524211704154,114.183173958172,114.183173958172,"PLA: T1 vs T2"
"PYGM",18.582820449214,22.0964642355126,22.0964642355126,"PLA: T1 vs T2"
"CRYAB",24.3636341761478,21.2612483128855,24.3636341761478,"PLA: T1 vs T2"
"LDHA",19.31566369466,26.2807957375064,26.2807957375064,"PLA: T1 vs T2"
"MYL2",41.673533345792,58.2191559723272,58.2191559723272,"PLA: T1 vs T2"
"AK1",17.6436698882591,17.9685041197222,17.9685041197222,"PLA: T1 vs T2"
"FABP4",198.557745247954,97.0134654119854,198.557745247954,"PLA: T1 vs T2"
"FABP3",38.5263066816408,21.4136773241468,38.5263066816408,"PLA: T1 vs T2"
"ATP2A1",12.7673493494818,25.7890475648472,25.7890475648472,"PLA: T1 vs T2"
"CA2",65.6461363863334,51.0687995997498,65.6461363863334,"PLA: T1 vs T2"
"MDH1",11.0774896483081,12.8746077444687,12.8746077444687,"PLA: T1 vs T2"
"MYH7",116.699250200244,125.400072670746,125.400072670746,"PLA: T1 vs T2"
"PGAM2",17.7156527167828,10.9137305356907,17.7156527167828,"PLA: T1 vs T2"
"PYGB",22.9354060440536,8.27593099137717,22.9354060440536,"PLA: T1 vs T2"
"PRDX6",21.1601881959889,14.3394049797211,21.1601881959889,"PLA: T1 vs T2"
"IDH2",14.0235577445354,18.3554801742665,18.3554801742665,"PLA: T1 vs T2"
"MYH2",103.711383785087,141.843490424214,141.843490424214,"PLA: T1 vs T2"
"MYLPF",62.7875051504674,122.091929865007,122.091929865007,"PLA: T1 vs T2"
"ATP2A2",20.1217848579185,22.6469785430454,22.6469785430454,"PLA: T1 vs T2"
"ATP5F1B",16.5372048632011,16.4219927362205,16.5372048632011,"PLA: T1 vs T2"
"MDH2",15.1278769841052,15.1598568256832,15.1598568256832,"PLA: T1 vs T2"
"ATP5F1A",11.9135670775083,20.5285680715271,20.5285680715271,"PLA: T1 vs T2"
"MYH1",127.054780652634,145.05450892287,145.05450892287,"PLA: T1 vs T2"
"PFKM",25.2245853735769,22.8272467549042,25.2245853735769,"PLA: T1 vs T2"
"S100A1",56.0650413155584,143.046545818669,143.046545818669,"PLA: T1 vs T2"
"HSPB6",26.2629877706484,26.3988591555092,26.3988591555092,"PLA: T1 vs T2"
"EEF1A1",31.0727603927879,14.2019972470745,31.0727603927879,"PLA: T1 vs T2"
"FBP2",38.5618890266166,45.8962014169388,45.8962014169388,"PLA: T1 vs T2"
"ARF4",59.737970620652,26.3124783087587,59.737970620652,"PLA: T1 vs T2"
"SLC25A4",29.3742663314128,16.7226328842935,29.3742663314128,"PLA: T1 vs T2"
"TNNC2",53.6250802034416,137.264365184208,137.264365184208,"PLA: T1 vs T2"
"PGM1",11.0560004700654,12.604680716927,12.604680716927,"PLA: T1 vs T2"
"YWHAE",29.028237810485,23.1063913291292,29.028237810485,"PLA: T1 vs T2"
"GOT1",22.2804010899162,14.1857584281265,22.2804010899162,"PLA: T1 vs T2"
"CKMT2",32.0972324433193,24.6849577931569,32.0972324433193,"PLA: T1 vs T2"
"MYL6",65.9843813415032,56.0943382073671,65.9843813415032,"PLA: T1 vs T2"
"ATP2A3",23.8919049496158,22.4679582148944,23.8919049496158,"PLA: T1 vs T2"
"RPS27A",32.243737227438,25.2484226541047,32.243737227438,"PLA: T1 vs T2"
"PDLIM3",34.7765033780087,34.4282628715634,34.7765033780087,"PLA: T1 vs T2"
"PEBP1",14.7377146430488,12.5812900597995,14.7377146430488,"PLA: T1 vs T2"
"TPM2",122.484717154274,154.03035775326,154.03035775326,"PLA: T1 vs T2"
"SOD1",18.5441940509164,31.0140327727301,31.0140327727301,"PLA: T1 vs T2"
"GPI",7.6910815527956,13.4174191294094,13.4174191294094,"PLA: T1 vs T2"
"TUBB",90.9561718022995,18.4108387704811,90.9561718022995,"PLA: T1 vs T2"
"PARK7",14.7730497738172,14.4382434718745,14.7730497738172,"PLA: T1 vs T2"
"GOT2",19.4727639846657,27.9928878239097,27.9928878239097,"PLA: T1 vs T2"
"MYL3",94.0388531966732,127.14127920666,127.14127920666,"PLA: T1 vs T2"
"MT-CO2",11.6858912503389,29.9251367546494,29.9251367546494,"PLA: T1 vs T2"
"PRDX1",20.2510810552465,11.8704808893766,20.2510810552465,"PLA: T1 vs T2"
"ALDOC",34.5755355954334,24.8767853873206,34.5755355954334,"PLA: T1 vs T2"
"CYCS",20.3087982730645,27.8786488483142,27.8786488483142,"PLA: T1 vs T2"
"TPM1",129.816497564745,173.427707439293,173.427707439293,"PLA: T1 vs T2"
"PPIA",66.0251101088454,28.7294703875674,66.0251101088454,"PLA: T1 vs T2"
"GPD1",49.7226318947906,12.3222279406248,49.7226318947906,"PLA: T1 vs T2"
"CFL1",38.9048706300657,24.3847858234255,38.9048706300657,"PLA: T1 vs T2"
"VIM",187.523900914721,77.4091128216451,187.523900914721,"PLA: T1 vs T2"
"CS",17.4120763620744,18.4954545744098,18.4954545744098,"PLA: T1 vs T2"
"DECR1",30.9997075454856,23.0554330096994,30.9997075454856,"PLA: T1 vs T2"
"HSPA8",13.6836118452855,13.3998790677272,13.6836118452855,"PLA: T1 vs T2"
"HADHA",29.9914367090077,27.5841417251745,29.9914367090077,"PLA: T1 vs T2"
"ACO2",17.8900497308612,5.58385353595174,17.8900497308612,"PLA: T1 vs T2"
"LGALS1",50.9382468733941,21.8038430767469,50.9382468733941,"PLA: T1 vs T2"
"BLVRB",48.6771996123773,41.1455860053721,48.6771996123773,"PLA: T1 vs T2"
"ACAT1",14.7507056216621,21.7214833047596,21.7214833047596,"PLA: T1 vs T2"
"ANXA2",168.1410093727,65.5147258541729,168.1410093727,"PLA: T1 vs T2"
"CSRP3",38.6681362994287,22.1154369758766,38.6681362994287,"PLA: T1 vs T2"
"LDB3",22.6953933203754,48.6883251944719,48.6883251944719,"PLA: T1 vs T2"
"AKR1A1",43.2504999929197,12.0428729104629,43.2504999929197,"PLA: T1 vs T2"
"GSTM2",33.0651563233696,31.2835625646049,33.0651563233696,"PLA: T1 vs T2"
"MYBPC1",50.0089002404047,84.1127269891512,84.1127269891512,"PLA: T1 vs T2"
"TNNI2",107.394264077003,164.136064935642,164.136064935642,"PLA: T1 vs T2"
"ANXA6",32.6793902996049,20.2044056363072,32.6793902996049,"PLA: T1 vs T2"
"CFL2",17.870626706988,15.9878757149927,17.870626706988,"PLA: T1 vs T2"
"VDAC1",14.8296452442475,14.024354864098,14.8296452442475,"PLA: T1 vs T2"
"TXN",42.1905646444845,30.7304294869576,42.1905646444845,"PLA: T1 vs T2"
"FLNC",43.346474227723,53.83429538965,53.83429538965,"PLA: T1 vs T2"
"CALM1",74.5639530333822,33.048308434543,74.5639530333822,"PLA: T1 vs T2"
"TNNT3",108.741858183513,172.973776146408,172.973776146408,"PLA: T1 vs T2"
"LDHB",72.400046966031,40.1405639012719,72.400046966031,"PLA: T1 vs T2"
"BIN1",21.473962094689,16.9873281512616,21.473962094689,"PLA: T1 vs T2"
"ACADVL",27.3451716661516,16.5394454216119,27.3451716661516,"PLA: T1 vs T2"
"AKR1B1",20.0442390492158,20.194464410225,20.194464410225,"PLA: T1 vs T2"
"PRDX3",8.93130540155578,26.391563801014,26.391563801014,"PLA: T1 vs T2"
"HADHB",35.7355178508979,29.8333459512628,35.7355178508979,"PLA: T1 vs T2"
"CAT",66.8587674051744,50.1013361907933,66.8587674051744,"PLA: T1 vs T2"
"S100A4",105.970931470566,49.7390155200877,105.970931470566,"PLA: T1 vs T2"
"UQCRC2",15.6640763898557,23.7400103095119,23.7400103095119,"PLA: T1 vs T2"
"TUBA1B",101.584766144458,25.2761955566441,101.584766144458,"PLA: T1 vs T2"
"SLC25A6",42.2259076373555,12.1830051899112,42.2259076373555,"PLA: T1 vs T2"
"SLC25A5",29.031511991431,24.4306894088171,29.031511991431,"PLA: T1 vs T2"
"H2BC4",113.477764414221,138.962600255531,138.962600255531,"PLA: T1 vs T2"
"TUBA4A",35.6641700192565,13.9326846390601,35.6641700192565,"PLA: T1 vs T2"
"DCN",145.849376520111,82.8852802568692,145.849376520111,"PLA: T1 vs T2"
"APOBEC2",31.0198381838748,28.946971748147,31.0198381838748,"PLA: T1 vs T2"
"HSP90AA1",36.1002584124824,14.1413755459189,36.1002584124824,"PLA: T1 vs T2"
"EEF1A2",38.499530212072,16.9981567755103,38.499530212072,"PLA: T1 vs T2"
"ATP5MF",23.2693348031411,15.9139922262702,23.2693348031411,"PLA: T1 vs T2"
"TTN",102.40312053843,156.831719860274,156.831719860274,"PLA: T1 vs T2"
"SRL",11.8199950140919,19.8084940833839,19.8084940833839,"PLA: T1 vs T2"
"HSPA1A",18.8311142554092,13.1897862433837,18.8311142554092,"PLA: T1 vs T2"
"COX5B",31.898223414744,15.1656248699993,31.898223414744,"PLA: T1 vs T2"
"TNNC1",106.375463244929,118.086951257257,118.086951257257,"PLA: T1 vs T2"
"SELENBP1",53.6858727682441,25.7865021390753,53.6858727682441,"PLA: T1 vs T2"
"ECHS1",18.3634423869304,15.999428635176,18.3634423869304,"PLA: T1 vs T2"
"NDUFA4",52.6935556917812,33.8059238578155,52.6935556917812,"PLA: T1 vs T2"
"ATP5MG",36.7507103555777,19.3339168955484,36.7507103555777,"PLA: T1 vs T2"
"PFN1",36.8197353464625,22.8123989733654,36.8197353464625,"PLA: T1 vs T2"
"ATP5F1C",15.5037874508924,15.5583860106481,15.5583860106481,"PLA: T1 vs T2"
"ANKRD2",35.9574842546,41.0434300107737,41.0434300107737,"PLA: T1 vs T2"
"UQCRC1",20.1387419304952,14.7203961463941,20.1387419304952,"PLA: T1 vs T2"
"HADH",16.4941243576142,22.7746512560378,22.7746512560378,"PLA: T1 vs T2"
"PDLIM5",35.9875705633626,111.624482312379,111.624482312379,"PLA: T1 vs T2"
"YWHAG",23.222364803224,17.256299854172,23.222364803224,"PLA: T1 vs T2"
"PLIN1",189.780114776826,128.668632247561,189.780114776826,"PLA: T1 vs T2"
"COX7A1",33.8720841244852,28.8670719225775,33.8720841244852,"PLA: T1 vs T2"
"DBI",42.5548211436922,23.178434526311,42.5548211436922,"PLA: T1 vs T2"
"SOD2",12.345654920013,34.1171107956399,34.1171107956399,"PLA: T1 vs T2"
"TPM3",143.433014418968,164.539716226973,164.539716226973,"PLA: T1 vs T2"
"TUBB4B",41.9418587462707,13.112623633548,41.9418587462707,"PLA: T1 vs T2"
"TRIM72",21.5986440346619,14.2557685870206,21.5986440346619,"PLA: T1 vs T2"
"COX4I1",17.6642046845493,17.0879200982982,17.6642046845493,"PLA: T1 vs T2"
"UGP2",19.8771048048728,15.8432193275906,19.8771048048728,"PLA: T1 vs T2"
"ATP5PO",10.7087049665186,20.680621726076,20.680621726076,"PLA: T1 vs T2"
"ANXA1",170.121018291284,74.8062851283509,170.121018291284,"PLA: T1 vs T2"
"LUM",142.245875255826,47.7959780634278,142.245875255826,"PLA: T1 vs T2"
"CASQ2",26.4542831375399,19.7061727122639,26.4542831375399,"PLA: T1 vs T2"
"QDPR",9.35574934508287,19.4675703254055,19.4675703254055,"PLA: T1 vs T2"
"CMBL",18.7100110486098,19.7237258146842,19.7237258146842,"PLA: T1 vs T2"
"MYOM2",31.2725277472344,89.4900898930719,89.4900898930719,"PLA: T1 vs T2"
"AHNAK",139.005327756955,56.5289524706064,139.005327756955,"PLA: T1 vs T2"
"GLO1",16.4764398538087,16.0298788634539,16.4764398538087,"PLA: T1 vs T2"
"MIF",58.7603850447347,41.2090058132456,58.7603850447347,"PLA: T1 vs T2"
"VDAC3",21.9657554848527,13.2250508508973,21.9657554848527,"PLA: T1 vs T2"
"GSTP1",25.313264235184,22.4429323167406,25.313264235184,"PLA: T1 vs T2"
"ECH1",35.5339005097771,32.7295228500463,35.5339005097771,"PLA: T1 vs T2"
"GSN",102.087185991323,26.5628744837448,102.087185991323,"PLA: T1 vs T2"
"SLC25A3",13.7788043517257,28.0707484687722,28.0707484687722,"PLA: T1 vs T2"
"ATP5PD",30.820405402376,16.3601834042262,30.820405402376,"PLA: T1 vs T2"
"ADSS1",31.2383924081473,12.3512830211395,31.2383924081473,"PLA: T1 vs T2"
"CAVIN1",127.580821332835,58.6894731594555,127.580821332835,"PLA: T1 vs T2"
"MT-ATP6",29.975338500122,47.8241768588564,47.8241768588564,"PLA: T1 vs T2"
"TNNI1",107.942800065792,140.856597393432,140.856597393432,"PLA: T1 vs T2"
"HSPB7",33.3541594992186,22.4757292611593,33.3541594992186,"PLA: T1 vs T2"
"CSTB",35.1763290905472,21.857227813339,35.1763290905472,"PLA: T1 vs T2"
"RTN2",27.6392559246777,19.9368589229405,27.6392559246777,"PLA: T1 vs T2"
"LCP1",117.526556967939,52.3809139455137,117.526556967939,"PLA: T1 vs T2"
"ACTN2",163.127972041698,190.730707235996,190.730707235996,"PLA: T1 vs T2"
"NNT",23.0869921959275,14.4015252248045,23.0869921959275,"PLA: T1 vs T2"
"TNNT1",121.012761893368,138.718184980983,138.718184980983,"PLA: T1 vs T2"
"PRDX5",19.5404023483338,10.0187089489892,19.5404023483338,"PLA: T1 vs T2"
"PADI2",41.8559436457012,14.7011102328311,41.8559436457012,"PLA: T1 vs T2"
"UQCR10",27.6688484875611,33.0673210971602,33.0673210971602,"PLA: T1 vs T2"
"ETFA",17.7124014548921,21.9594479951169,21.9594479951169,"PLA: T1 vs T2"
"ACSL1",54.9020528416443,9.90999573002606,54.9020528416443,"PLA: T1 vs T2"
"GLRX",26.9169985856717,62.3309416167686,62.3309416167686,"PLA: T1 vs T2"
"FH",14.3083611916556,15.8905559173727,15.8905559173727,"PLA: T1 vs T2"
"HINT1",8.7335238540028,29.9621220468059,29.9621220468059,"PLA: T1 vs T2"
"MYH3",148.565238979993,112.618398016135,148.565238979993,"PLA: T1 vs T2"
"NIPSNAP2",31.5724728566297,16.6785407068857,31.5724728566297,"PLA: T1 vs T2"
"FTH1",26.7354955151395,34.1104321497286,34.1104321497286,"PLA: T1 vs T2"
"VDAC2",8.47143550406184,14.8568697866003,14.8568697866003,"PLA: T1 vs T2"
"HIST2H2AA3",104.918452267593,135.51887451994,135.51887451994,"PLA: T1 vs T2"
"ACYP2",27.0207406792598,19.654456097764,27.0207406792598,"PLA: T1 vs T2"
"COX6C",36.5309908772183,24.4835261882884,36.5309908772183,"PLA: T1 vs T2"
"COX5A",17.663172428831,18.5828388948219,18.5828388948219,"PLA: T1 vs T2"
"UQCRFS1",31.8041790247683,19.5954679817673,31.8041790247683,"PLA: T1 vs T2"
"CYB5R3",92.5924487258194,17.1702213211226,92.5924487258194,"PLA: T1 vs T2"
"HSP90AB1",18.5217287902567,17.3287820656806,18.5217287902567,"PLA: T1 vs T2"
"PCMT1",15.7114918036812,9.83763134548566,15.7114918036812,"PLA: T1 vs T2"
"H4C1",103.270083058065,121.136560498894,121.136560498894,"PLA: T1 vs T2"
"PSAP",81.2426645430394,52.3872641114045,81.2426645430394,"PLA: T1 vs T2"
"ECI1",37.1224633823533,29.2543644667594,37.1224633823533,"PLA: T1 vs T2"
"CYB5R1",19.3284991726726,14.7858667124399,19.3284991726726,"PLA: T1 vs T2"
"AAMDC",34.2342408171791,30.5628871790405,34.2342408171791,"PLA: T1 vs T2"
"PITPNA",46.9955889823567,29.5626924706062,46.9955889823567,"PLA: T1 vs T2"
"ATP5ME",14.8482469554227,28.5760543353059,28.5760543353059,"PLA: T1 vs T2"
"UQCRB",21.5523712078855,17.9399896452147,21.5523712078855,"PLA: T1 vs T2"
"PHPT1",41.054559197541,9.95830510707901,41.054559197541,"PLA: T1 vs T2"
"VBP1",40.7091110108604,7.86144452291555,40.7091110108604,"PLA: T1 vs T2"
"CP",64.003479139581,66.7153152574355,66.7153152574355,"PLA: T1 vs T2"
"C1QBP",17.4568928964342,32.5539839406368,32.5539839406368,"PLA: T1 vs T2"
"ADH1B",172.81364797993,69.6039039535324,172.81364797993,"PLA: T1 vs T2"
"AGL",38.8739500844601,26.0443103622546,38.8739500844601,"PLA: T1 vs T2"
"ESD",6.21443942381628,13.0533188060223,13.0533188060223,"PLA: T1 vs T2"
"LMCD1",24.762871433752,21.6389445945271,24.762871433752,"PLA: T1 vs T2"
"EIF5A",14.7810454761304,14.4277342278963,14.7810454761304,"PLA: T1 vs T2"
"ATP5F1D",30.5057450576153,23.7829898896288,30.5057450576153,"PLA: T1 vs T2"
"CD36",137.466793506748,53.0481337263529,137.466793506748,"PLA: T1 vs T2"
"PLIN4",113.220899438007,70.9912078652761,113.220899438007,"PLA: T1 vs T2"
"TPT1",20.7902387178417,7.73033721362366,20.7902387178417,"PLA: T1 vs T2"
"CYC1",20.1175159617824,31.842557674934,31.842557674934,"PLA: T1 vs T2"
"KLHL41",80.4937931008225,101.891433732132,101.891433732132,"PLA: T1 vs T2"
"CISD1",14.0651166135415,17.6039662939948,17.6039662939948,"PLA: T1 vs T2"
"SDHA",11.9897655600608,16.6145380862949,16.6145380862949,"PLA: T1 vs T2"
"UQCRH",16.3001085834216,26.6499060172281,26.6499060172281,"PLA: T1 vs T2"
"NPEPPS",8.82910743308903,9.337687176705,9.337687176705,"PLA: T1 vs T2"
"MACROD1",29.8520672638156,5.58454531581324,29.8520672638156,"PLA: T1 vs T2"
"NDRG2",27.7490733990701,19.286199158772,27.7490733990701,"PLA: T1 vs T2"
"RAB1B",70.3289379278406,8.11551710550568,70.3289379278406,"PLA: T1 vs T2"
"EHD2",146.091129758628,82.8425610067854,146.091129758628,"PLA: T1 vs T2"
"NUTF2",10.5132331694745,16.4631353744293,16.4631353744293,"PLA: T1 vs T2"
"FLNB",24.7276267859995,16.0851281550261,24.7276267859995,"PLA: T1 vs T2"
"VCL",63.2205136036692,22.4739974483122,63.2205136036692,"PLA: T1 vs T2"
"CAV1",150.900815804347,92.5420611477138,150.900815804347,"PLA: T1 vs T2"
"NEB",133.883195967672,179.207538046167,179.207538046167,"PLA: T1 vs T2"
"PYGL",30.9368069413349,13.4532936126416,30.9368069413349,"PLA: T1 vs T2"
"CRAT",30.5961530802574,17.1026360286161,30.5961530802574,"PLA: T1 vs T2"
"ST13",16.2608177118759,10.6877910494024,16.2608177118759,"PLA: T1 vs T2"
"AKR1C1",123.699647174662,49.0281458921626,123.699647174662,"PLA: T1 vs T2"
"UBE2N",9.31065218700738,16.258732679573,16.258732679573,"PLA: T1 vs T2"
"HSP90B1",91.2396922103394,26.0279142023852,91.2396922103394,"PLA: T1 vs T2"
"NME2",52.1643809858281,21.0153974680055,52.1643809858281,"PLA: T1 vs T2"
"RTN4",20.4045649169342,21.6416835932001,21.6416835932001,"PLA: T1 vs T2"
"DLST",15.6033198622805,12.1184245446679,15.6033198622805,"PLA: T1 vs T2"
"SYPL2",20.0335427670858,24.067580800552,24.067580800552,"PLA: T1 vs T2"
"RAN",28.4485084216569,13.1857818291796,28.4485084216569,"PLA: T1 vs T2"
"GYG1",36.109965744415,25.0582905777531,36.109965744415,"PLA: T1 vs T2"
"RNH1",21.3654558011219,15.594381754538,21.3654558011219,"PLA: T1 vs T2"
"ADH5",41.4842080560379,35.7652996681257,41.4842080560379,"PLA: T1 vs T2"
"ACAA2",15.4916494794245,17.6724861396749,17.6724861396749,"PLA: T1 vs T2"
"YWHAZ",80.42903903296,33.0823332957401,80.42903903296,"PLA: T1 vs T2"
"HSPA2",42.2393560770045,57.0231596801918,57.0231596801918,"PLA: T1 vs T2"
"HSPD1",24.3968498152616,10.2012946624753,24.3968498152616,"PLA: T1 vs T2"
"ATP5PB",41.3336047784982,17.1376137104967,41.3336047784982,"PLA: T1 vs T2"
"FLNA",81.5806292654309,44.0902304563925,81.5806292654309,"PLA: T1 vs T2"
"ARL6IP5",28.3559096891828,14.3276772082444,28.3559096891828,"PLA: T1 vs T2"
"PDHB",23.4260104543207,17.543340087349,23.4260104543207,"PLA: T1 vs T2"
"ACTN1",113.802095399124,140.191186271443,140.191186271443,"PLA: T1 vs T2"
"COX6B1",32.9658381733491,18.8135772026641,32.9658381733491,"PLA: T1 vs T2"
"TUFM",9.01854833209174,24.9812457236621,24.9812457236621,"PLA: T1 vs T2"
"HAGH",23.7020077948247,13.0068741071347,23.7020077948247,"PLA: T1 vs T2"
"TAGLN",131.296100551842,61.0167769231897,131.296100551842,"PLA: T1 vs T2"
"NDUFS1",25.6535422099234,15.0902363102394,25.6535422099234,"PLA: T1 vs T2"
"DLD",14.5230723664748,10.7150805225941,14.5230723664748,"PLA: T1 vs T2"
"OGDH",26.040845769961,18.73020911678,26.040845769961,"PLA: T1 vs T2"
"COQ9",30.1615045512528,21.7121155285074,30.1615045512528,"PLA: T1 vs T2"
"DLAT",19.7968834294146,16.5107481769387,19.7968834294146,"PLA: T1 vs T2"
"COQ8A",33.0018462457438,20.7590130231656,33.0018462457438,"PLA: T1 vs T2"
"SLC25A12",22.4559897397227,12.5966297738996,22.4559897397227,"PLA: T1 vs T2"
"FKBP3",8.27458095950916,20.0626336747338,20.0626336747338,"PLA: T1 vs T2"
"ATP5MD",29.4654548006974,20.079513262725,29.4654548006974,"PLA: T1 vs T2"
"EEF2",9.7234596370157,11.1147590120598,11.1147590120598,"PLA: T1 vs T2"
"ACTN4",79.9363117388092,117.088336262424,117.088336262424,"PLA: T1 vs T2"
"PDHA1",18.9411414623609,12.7654064068658,18.9411414623609,"PLA: T1 vs T2"
"MSN",81.4609470435776,25.5830396256305,81.4609470435776,"PLA: T1 vs T2"
"GSTO1",37.2305961078485,40.3585983321296,40.3585983321296,"PLA: T1 vs T2"
"BPGM",64.2965532994544,44.2468469836368,64.2965532994544,"PLA: T1 vs T2"
"GPD1L",29.3817415432376,11.7961347275191,29.3817415432376,"PLA: T1 vs T2"
"SUCLA2",20.7821773161213,13.2484565721601,20.7821773161213,"PLA: T1 vs T2"
"UBA1",22.0215243800227,19.0678698909043,22.0215243800227,"PLA: T1 vs T2"
"ACADM",30.2889843389273,18.1074157689822,30.2889843389273,"PLA: T1 vs T2"
"SDHB",14.0971863250496,9.42116968010036,14.0971863250496,"PLA: T1 vs T2"
"ALDH9A1",12.9598049168234,18.7237775483643,18.7237775483643,"PLA: T1 vs T2"
"FBP1",68.7451747975269,22.7581472119165,68.7451747975269,"PLA: T1 vs T2"
"PRELP",111.053050004047,119.009114577046,119.009114577046,"PLA: T1 vs T2"
"GAMT",37.8716483647282,25.6232573353457,37.8716483647282,"PLA: T1 vs T2"
"SAR1A",60.6137932168229,10.8766649496895,60.6137932168229,"PLA: T1 vs T2"
"AOC3",173.818721886449,106.236059121597,173.818721886449,"PLA: T1 vs T2"
"GSTM3",45.5179288304415,30.577220154774,45.5179288304415,"PLA: T1 vs T2"
"PHB",13.8037033477686,24.1474378899305,24.1474378899305,"PLA: T1 vs T2"
"P4HB",40.8504224586876,21.7347110741469,40.8504224586876,"PLA: T1 vs T2"
"FTL",99.3907997396945,78.5849760424976,99.3907997396945,"PLA: T1 vs T2"
"LRRC20",15.7155768877868,30.1416953618832,30.1416953618832,"PLA: T1 vs T2"
"COX7C",48.3706031034753,28.2295411964283,48.3706031034753,"PLA: T1 vs T2"
"EHD1",93.5842026104895,49.9776552853369,93.5842026104895,"PLA: T1 vs T2"
"SNCA",72.866527204177,89.8498618382963,89.8498618382963,"PLA: T1 vs T2"
"RAP1B",86.7217246076973,39.4072543357542,86.7217246076973,"PLA: T1 vs T2"
"YWHAB",45.6506139602428,21.5011151263916,45.6506139602428,"PLA: T1 vs T2"
"H3-3A",109.283890246065,148.008739989629,148.008739989629,"PLA: T1 vs T2"
"PPP3CA",11.9139327227582,19.4038275132847,19.4038275132847,"PLA: T1 vs T2"
"NDUFB10",37.4458581146137,18.9559474366878,37.4458581146137,"PLA: T1 vs T2"
"S100A10",165.516028086135,69.8509353831393,165.516028086135,"PLA: T1 vs T2"
"ARHGDIA",51.3506954705398,25.0604502517508,51.3506954705398,"PLA: T1 vs T2"
"GPT",31.0497774282649,16.2631311461288,31.0497774282649,"PLA: T1 vs T2"
"REEP5",35.254897571135,20.8894216183923,35.254897571135,"PLA: T1 vs T2"
"ACADS",38.8203297087579,29.8850210970994,38.8203297087579,"PLA: T1 vs T2"
"DDB1",8.44917349040678,11.5600509584027,11.5600509584027,"PLA: T1 vs T2"
"ALDH2",80.9382413283855,43.7740715664564,80.9382413283855,"PLA: T1 vs T2"
"CTSD",58.3998241449017,27.6345100719202,58.3998241449017,"PLA: T1 vs T2"
"ALDH1A1",51.2043436388305,37.6141136981868,51.2043436388305,"PLA: T1 vs T2"
"ACOT2",10.3202225291814,16.4329125976117,16.4329125976117,"PLA: T1 vs T2"
"GDI2",27.1273224573201,13.4606027970952,27.1273224573201,"PLA: T1 vs T2"
"PSMC1",13.9621294515918,18.3871894732161,18.3871894732161,"PLA: T1 vs T2"
"GSTM1",83.9559055508657,113.485791942016,113.485791942016,"PLA: T1 vs T2"
"UQCRQ",34.0325973241438,27.4751543929903,34.0325973241438,"PLA: T1 vs T2"
"FKBP1A",33.6420141752178,14.8177946651173,33.6420141752178,"PLA: T1 vs T2"
"OLA1",9.71497784732068,9.97179454216912,9.97179454216912,"PLA: T1 vs T2"
"PHB2",8.69701632947083,21.6693209524118,21.6693209524118,"PLA: T1 vs T2"
"ANXA7",8.76923370323158,11.1868543653554,11.1868543653554,"PLA: T1 vs T2"
"GRHPR",17.5526362330861,14.582662054414,17.5526362330861,"PLA: T1 vs T2"
"NDUFV2",22.0393458766255,9.93101942177704,22.0393458766255,"PLA: T1 vs T2"
"PCBP1",14.6073595771013,20.4716064752028,20.4716064752028,"PLA: T1 vs T2"
"WDR1",11.4664339358525,11.0438085943845,11.4664339358525,"PLA: T1 vs T2"
"ETFB",29.2225759793892,27.4823358933168,29.2225759793892,"PLA: T1 vs T2"
"DUSP3",23.2923667729011,13.965223117197,23.2923667729011,"PLA: T1 vs T2"
"AMPD1",47.5941834622573,26.8855554210385,47.5941834622573,"PLA: T1 vs T2"
"PFN2",41.7510417381851,25.6716588894521,41.7510417381851,"PLA: T1 vs T2"
"EIF4A1",9.95810256417293,16.4198979858253,16.4198979858253,"PLA: T1 vs T2"
"HSPB2",33.3239565593696,17.8223122412583,33.3239565593696,"PLA: T1 vs T2"
"MYO6",49.8109955635664,20.0511609578954,49.8109955635664,"PLA: T1 vs T2"
"SLC25A13",28.1054804517085,5.95211695754104,28.1054804517085,"PLA: T1 vs T2"
"PLN",50.7566095936196,15.8642876675408,50.7566095936196,"PLA: T1 vs T2"
"PFKL",47.2381440944411,34.2649597762234,47.2381440944411,"PLA: T1 vs T2"
"STOM",81.7988999662958,51.3911373127972,81.7988999662958,"PLA: T1 vs T2"
"PPP3R1",14.2056429477795,17.2369546885715,17.2369546885715,"PLA: T1 vs T2"
"HSPA9",6.11690887341637,7.9311856710084,7.9311856710084,"PLA: T1 vs T2"
"UBE2D3",15.0366771616622,41.7298368638601,41.7298368638601,"PLA: T1 vs T2"
"PRKAR1A",29.1395464195442,19.4748657793033,29.1395464195442,"PLA: T1 vs T2"
"AGT",57.4336772925308,70.0564917804168,70.0564917804168,"PLA: T1 vs T2"
"ARF1",52.0613565013701,21.2963065661876,52.0613565013701,"PLA: T1 vs T2"
"SUCLG1",22.9101929549454,18.4636993279181,22.9101929549454,"PLA: T1 vs T2"
"TALDO1",51.8933868434709,19.2453667235345,51.8933868434709,"PLA: T1 vs T2"
"HSDL2",20.8527920431819,13.8783995964648,20.8527920431819,"PLA: T1 vs T2"
"FABP5",79.5668634788925,42.8645573015435,79.5668634788925,"PLA: T1 vs T2"
"CZIB",10.38110292348,14.8374898550454,14.8374898550454,"PLA: T1 vs T2"
"S100A13",30.5217800504521,46.5827183872712,46.5827183872712,"PLA: T1 vs T2"
"SMPX",39.5803669682059,76.1740708239847,76.1740708239847,"PLA: T1 vs T2"
"PCBD2",35.5761338047851,22.0867391113301,35.5761338047851,"PLA: T1 vs T2"
"PREP",37.0360617237599,15.9710339215494,37.0360617237599,"PLA: T1 vs T2"
"SKP1",30.9856908524077,29.5430945594438,30.9856908524077,"PLA: T1 vs T2"
"RPL7",57.6275773014698,30.769046300533,57.6275773014698,"PLA: T1 vs T2"
"HIBADH",13.7232733811029,16.1229419682786,16.1229419682786,"PLA: T1 vs T2"
"EEF1D",4.41911623415147,14.192652399517,14.192652399517,"PLA: T1 vs T2"
"VCP",27.8825288676416,11.1693317194716,27.8825288676416,"PLA: T1 vs T2"
"PNP",62.8098873137956,43.8780655804479,62.8098873137956,"PLA: T1 vs T2"
"PBXIP1",17.8733813846353,30.9060948855266,30.9060948855266,"PLA: T1 vs T2"
"MYOZ1",152.26783989696,166.257577635359,166.257577635359,"PLA: T1 vs T2"
"CDC42",53.3109763926347,22.842605584183,53.3109763926347,"PLA: T1 vs T2"
"ALAD",84.9440612184369,49.8058520422691,84.9440612184369,"PLA: T1 vs T2"
"IDH3A",9.548557883201,19.828070528575,19.828070528575,"PLA: T1 vs T2"
"NDUFV1",30.1504463398642,19.2954253192392,30.1504463398642,"PLA: T1 vs T2"
"HIBCH",26.1733497147283,23.4695967958055,26.1733497147283,"PLA: T1 vs T2"
"PRKACA",15.8621182487358,12.602504031279,15.8621182487358,"PLA: T1 vs T2"
"AIFM1",10.7220289909979,8.78367199331633,10.7220289909979,"PLA: T1 vs T2"
"SLC25A11",32.7585033372803,34.5450562977574,34.5450562977574,"PLA: T1 vs T2"
"MYOM1",58.2286573359927,107.306242907229,107.306242907229,"PLA: T1 vs T2"
"FUNDC2",43.1620654181569,32.8097618708024,43.1620654181569,"PLA: T1 vs T2"
"AKR1C3",99.1918605964281,73.6544838114763,99.1918605964281,"PLA: T1 vs T2"
"DES",128.69550488422,172.367646234385,172.367646234385,"PLA: T1 vs T2"
"NAPA",18.1246681419892,14.5092456085127,18.1246681419892,"PLA: T1 vs T2"
"HSPE1",18.7114646911514,18.183641758424,18.7114646911514,"PLA: T1 vs T2"
"ADPRHL1",66.528185670739,41.2704375046643,66.528185670739,"PLA: T1 vs T2"
"NDUFA9",26.567098476044,24.1715224464503,26.567098476044,"PLA: T1 vs T2"
"PACSIN3",24.8233233097406,14.8307654321473,24.8233233097406,"PLA: T1 vs T2"
"COASY",24.8359618044908,23.8461858302424,24.8359618044908,"PLA: T1 vs T2"
"NDUFA10",29.2336179466967,14.9062995068872,29.2336179466967,"PLA: T1 vs T2"
"CCT3",20.2192757212583,12.1781555713657,20.2192757212583,"PLA: T1 vs T2"
"MGST3",11.3338009275696,24.1225450064453,24.1225450064453,"PLA: T1 vs T2"
"MYH9",89.6954745464415,22.5643930887992,89.6954745464415,"PLA: T1 vs T2"
"CACNA2D1",20.4309345735642,13.9209500238557,20.4309345735642,"PLA: T1 vs T2"
"LTA4H",12.3277726590084,12.6381448950408,12.6381448950408,"PLA: T1 vs T2"
"AK3",44.8910652570166,46.6784558902573,46.6784558902573,"PLA: T1 vs T2"
"HNRNPK",24.4028506748668,22.6007600964214,24.4028506748668,"PLA: T1 vs T2"
"MYOT",64.8525622501925,123.810144529684,123.810144529684,"PLA: T1 vs T2"
"CSRP1",111.136512791815,46.7314396354499,111.136512791815,"PLA: T1 vs T2"
"RNPEP",23.0293321851854,20.1772027547049,23.0293321851854,"PLA: T1 vs T2"
"GYS1",47.6917944736746,43.1387624484872,47.6917944736746,"PLA: T1 vs T2"
"NDUFA5",30.1890813708421,29.4438722786962,30.1890813708421,"PLA: T1 vs T2"
"IMMT",19.7538162934293,36.2833417516307,36.2833417516307,"PLA: T1 vs T2"
"SMTNL1",60.337356305612,30.2888884036757,60.337356305612,"PLA: T1 vs T2"
"NT5C3A",47.4199056182791,31.5117029133581,47.4199056182791,"PLA: T1 vs T2"
"ANK1",98.9493118564484,65.2122064047252,98.9493118564484,"PLA: T1 vs T2"
"ATP5PF",24.2318884827086,15.8268623935717,24.2318884827086,"PLA: T1 vs T2"
"EEF1B2",23.5507777886522,22.8628296624515,23.5507777886522,"PLA: T1 vs T2"
"RAB5C",51.1300590632582,15.9650018814009,51.1300590632582,"PLA: T1 vs T2"
"NDUFA13",30.4401913051659,10.8016788305516,30.4401913051659,"PLA: T1 vs T2"
"PSMA5",11.2318635283972,15.8413268495525,15.8413268495525,"PLA: T1 vs T2"
"CAP2",35.7007804069792,23.2719733550606,35.7007804069792,"PLA: T1 vs T2"
"S100A11",102.69778959803,58.9059540478475,102.69778959803,"PLA: T1 vs T2"
"NDUFB3",39.6269295158225,21.0244371113664,39.6269295158225,"PLA: T1 vs T2"
"HMGB1",32.7960716944699,23.5244368040572,32.7960716944699,"PLA: T1 vs T2"
"PPP2R1A",13.5610418528875,18.8273269611185,18.8273269611185,"PLA: T1 vs T2"
"EPHX1",71.818109212643,27.788612555199,71.818109212643,"PLA: T1 vs T2"
"SLC2A1",82.0396390303933,60.4763826948712,82.0396390303933,"PLA: T1 vs T2"
"PRKAR2A",19.0316906769486,14.2832487462974,19.0316906769486,"PLA: T1 vs T2"
"UBE2L3",34.6711679206478,18.7393723821081,34.6711679206478,"PLA: T1 vs T2"
"PCYOX1",27.4180134488523,25.5111194822719,27.4180134488523,"PLA: T1 vs T2"
"FHL3",58.618806703039,38.3494697675818,58.618806703039,"PLA: T1 vs T2"
"LMNA",107.396176585276,94.029102046899,107.396176585276,"PLA: T1 vs T2"
"NDUFAB1",25.5538549467115,14.0262253118506,25.5538549467115,"PLA: T1 vs T2"
"UBE2D1",61.2099195736822,50.7048243255249,61.2099195736822,"PLA: T1 vs T2"
"CST3",93.836010110909,28.8822112733132,93.836010110909,"PLA: T1 vs T2"
"ADSL",21.2401188566132,21.7852143522224,21.7852143522224,"PLA: T1 vs T2"
"HIST2H2BE",55.2903027374547,69.4998764161307,69.4998764161307,"PLA: T1 vs T2"
"CBR1",47.6453420208834,32.6258656930487,47.6453420208834,"PLA: T1 vs T2"
"PGD",63.9523696609998,33.1554495042771,63.9523696609998,"PLA: T1 vs T2"
"USP14",19.0173275852586,9.64299918441304,19.0173275852586,"PLA: T1 vs T2"
"DPYSL2",116.013625886341,45.5712744206991,116.013625886341,"PLA: T1 vs T2"
"RACK1",15.4146651559479,12.4568298832004,15.4146651559479,"PLA: T1 vs T2"
"AMPD3",45.6620314798298,29.2567885811103,45.6620314798298,"PLA: T1 vs T2"
"ABHD14B",48.9219727958862,24.3636560695294,48.9219727958862,"PLA: T1 vs T2"
"NAXE",27.3411012465614,12.1992386710541,27.3411012465614,"PLA: T1 vs T2"
"BCAT2",27.2600283138132,38.0843689044086,38.0843689044086,"PLA: T1 vs T2"
"TAGLN2",91.0739157881573,36.3285574749258,91.0739157881573,"PLA: T1 vs T2"
"RPLP2",46.1910307258233,32.9001903478954,46.1910307258233,"PLA: T1 vs T2"
"TWF2",30.6911632177356,16.4824292705012,30.6911632177356,"PLA: T1 vs T2"
"PSMA7",9.16407583347056,14.5078232408755,14.5078232408755,"PLA: T1 vs T2"
"HK1",12.2728343595771,19.7807667600908,19.7807667600908,"PLA: T1 vs T2"
"PSMA4",11.6427044091879,14.5697460367248,14.5697460367248,"PLA: T1 vs T2"
"MYBPC2",104.883159341862,129.689851649637,129.689851649637,"PLA: T1 vs T2"
"NDUFA6",26.1358660331044,29.6604787747485,29.6604787747485,"PLA: T1 vs T2"
"ANXA11",15.6762657352255,14.2801615103119,15.6762657352255,"PLA: T1 vs T2"
"STAC3",16.3596521828503,39.4250785642196,39.4250785642196,"PLA: T1 vs T2"
"NIPSNAP3B",34.7774382839866,56.0146524342115,56.0146524342115,"PLA: T1 vs T2"
"AHCY",23.6762063482411,14.7964369181875,23.6762063482411,"PLA: T1 vs T2"
"NDUFB4",33.7245122994317,19.2616338246136,33.7245122994317,"PLA: T1 vs T2"
"NDUFS3",25.944288518673,17.5379162378485,25.944288518673,"PLA: T1 vs T2"
"ALDH4A1",18.9876212044695,36.5040681069582,36.5040681069582,"PLA: T1 vs T2"
"PSMA2",16.4995700338622,29.6212452778129,29.6212452778129,"PLA: T1 vs T2"
"MYL6B",151.090569224297,118.117752521205,151.090569224297,"PLA: T1 vs T2"
"UBE2V2",14.1771259574704,24.3238385558654,24.3238385558654,"PLA: T1 vs T2"
"DDAH1",49.7016920001573,29.8188069474252,49.7016920001573,"PLA: T1 vs T2"
"SDHC",29.7728783777135,35.026677980052,35.026677980052,"PLA: T1 vs T2"
"SRI",51.0066271819725,44.3414979629129,51.0066271819725,"PLA: T1 vs T2"
"HRC",36.7079545472584,18.2623633677,36.7079545472584,"PLA: T1 vs T2"
"CD59",27.7956493083489,25.7008691049262,27.7956493083489,"PLA: T1 vs T2"
"PDLIM1",13.0219279138498,28.4521503226356,28.4521503226356,"PLA: T1 vs T2"
"STIP1",19.0952533639964,8.18003087390369,19.0952533639964,"PLA: T1 vs T2"
"CAPZA1",72.3963302635378,49.6511322137672,72.3963302635378,"PLA: T1 vs T2"
"OGN",133.958282345413,78.7010399705686,133.958282345413,"PLA: T1 vs T2"
"EIF4A2",28.9780832065547,13.0233577252361,28.9780832065547,"PLA: T1 vs T2"
"CAPNS1",16.5606731643664,15.9349440043077,16.5606731643664,"PLA: T1 vs T2"
"HNRNPA2B1",52.3889299800264,24.3649479556353,52.3889299800264,"PLA: T1 vs T2"
"CACYBP",53.4610965313401,42.4592103015036,53.4610965313401,"PLA: T1 vs T2"
"PSMA6",13.9548710411408,10.6922942048199,13.9548710411408,"PLA: T1 vs T2"
"AZGP1",73.9679319976064,72.9545470066003,73.9679319976064,"PLA: T1 vs T2"
"ALDH5A1",31.5816485070104,19.5332727401895,31.5816485070104,"PLA: T1 vs T2"
"PSMF1",54.5564486623453,45.8344621008506,54.5564486623453,"PLA: T1 vs T2"
"FIS1",30.8342036345582,10.8963868643649,30.8342036345582,"PLA: T1 vs T2"
"PDIA3",69.337743270984,38.5249164432221,69.337743270984,"PLA: T1 vs T2"
"GPX3",90.4879761949994,84.7422100839839,90.4879761949994,"PLA: T1 vs T2"
"COL6A3",143.245802224975,170.567315510933,170.567315510933,"PLA: T1 vs T2"
"MAOB",34.5335016014551,23.6549238286878,34.5335016014551,"PLA: T1 vs T2"
"TKT",149.310725910475,67.7277299234054,149.310725910475,"PLA: T1 vs T2"
"NDUFA2",34.2371705450248,18.7198961900382,34.2371705450248,"PLA: T1 vs T2"
"APEH",33.6932291013406,21.242440754176,33.6932291013406,"PLA: T1 vs T2"
"RHOA",51.999626969472,19.7718473566506,51.999626969472,"PLA: T1 vs T2"
"TCAP",15.0034598037042,115.08773508909,115.08773508909,"PLA: T1 vs T2"
"TPSB2",102.613722257205,46.356363105122,102.613722257205,"PLA: T1 vs T2"
"HSPA5",41.4936251977889,18.0079482224435,41.4936251977889,"PLA: T1 vs T2"
"RYR1",32.4772035723993,21.8528388797858,32.4772035723993,"PLA: T1 vs T2"
"CAVIN2",111.204535428633,77.9844481230882,111.204535428633,"PLA: T1 vs T2"
"TMEM109",18.8857066706074,37.3572481857817,37.3572481857817,"PLA: T1 vs T2"
"PDHX",25.1394830174215,21.3354845414854,25.1394830174215,"PLA: T1 vs T2"
"IDH1",58.026643948379,19.413498705543,58.026643948379,"PLA: T1 vs T2"
"ANP32A",24.6294897690875,49.0647304290891,49.0647304290891,"PLA: T1 vs T2"
"PRXL2A",117.734827269142,51.671351862969,117.734827269142,"PLA: T1 vs T2"
"CANX",55.7163298601837,26.3803120110465,55.7163298601837,"PLA: T1 vs T2"
"EEF1G",22.7031463772401,18.3798431023708,22.7031463772401,"PLA: T1 vs T2"
"HEBP2",15.271142153274,11.0578596223301,15.271142153274,"PLA: T1 vs T2"
"CCT2",24.8893347955326,22.5161546148548,24.8893347955326,"PLA: T1 vs T2"
"MYLK",32.9884060210641,37.7134530157481,37.7134530157481,"PLA: T1 vs T2"
"RAB7A",36.0021062094667,10.1204425234137,36.0021062094667,"PLA: T1 vs T2"
"PLIN3",28.5654114385112,31.0979738145068,31.0979738145068,"PLA: T1 vs T2"
"LAP3",54.1043029067093,24.6138293028248,54.1043029067093,"PLA: T1 vs T2"
"WARS1",11.3165219951461,18.8453086771033,18.8453086771033,"PLA: T1 vs T2"
"MAP4",31.7536392096952,18.0355939250744,31.7536392096952,"PLA: T1 vs T2"
"ACP1",22.4055367561399,22.5521546941875,22.5521546941875,"PLA: T1 vs T2"
"COL6A1",122.515932201683,183.453454705351,183.453454705351,"PLA: T1 vs T2"
"ACTN3",142.023638747496,41.1201722509862,142.023638747496,"PLA: T1 vs T2"
"CAMK2D",27.62976366915,14.6521303388006,27.62976366915,"PLA: T1 vs T2"
"SPTB",88.266821669751,52.0245725559174,88.266821669751,"PLA: T1 vs T2"
"MPI",21.4824024905148,14.3215686407245,21.4824024905148,"PLA: T1 vs T2"
"ANK2",21.5822644792637,18.3618017164324,21.5822644792637,"PLA: T1 vs T2"
"RAB10",28.5659942076783,21.4858806292804,28.5659942076783,"PLA: T1 vs T2"
"HP1BP3",23.1598958034164,43.5076431386161,43.5076431386161,"PLA: T1 vs T2"
"MYL12B",70.0014255598693,23.9698041929746,70.0014255598693,"PLA: T1 vs T2"
"PTGES3",17.1968535049123,19.6709447775804,19.6709447775804,"PLA: T1 vs T2"
"CRKL",16.1119676336439,10.1697831566424,16.1119676336439,"PLA: T1 vs T2"
"PSMA3",11.3916302692293,13.5476612868654,13.5476612868654,"PLA: T1 vs T2"
"DYSF",30.0249314347752,19.2157290934013,30.0249314347752,"PLA: T1 vs T2"
"DDT",50.0511702877977,46.364432417711,50.0511702877977,"PLA: T1 vs T2"
"GNAI2",126.058381949142,49.3878081174891,126.058381949142,"PLA: T1 vs T2"
"MUSTN1",61.007333187234,42.2985972370639,61.007333187234,"PLA: T1 vs T2"
"NDUFA8",28.8406919405721,24.8944830896401,28.8406919405721,"PLA: T1 vs T2"
"TCP1",28.4578947883901,14.0188903416372,28.4578947883901,"PLA: T1 vs T2"
"PSMB1",9.88179864451641,9.3747817948587,9.88179864451641,"PLA: T1 vs T2"
"NEDD8",17.791419535134,16.0895971938671,17.791419535134,"PLA: T1 vs T2"
"RPS16",32.2736799025468,25.3517131211296,32.2736799025468,"PLA: T1 vs T2"
"SPTAN1",127.219478210734,47.326732215929,127.219478210734,"PLA: T1 vs T2"
"TUBA8",39.623877150013,9.98108107679029,39.623877150013,"PLA: T1 vs T2"
"TLN1",81.7718299394366,31.9154647682944,81.7718299394366,"PLA: T1 vs T2"
"DCXR",43.4326712184634,34.6652084279641,43.4326712184634,"PLA: T1 vs T2"
"CAV2",149.108098486619,18.8537070896109,149.108098486619,"PLA: T1 vs T2"
"TMEM43",64.013707524502,20.6739348284679,64.013707524502,"PLA: T1 vs T2"
"ACOT13",23.3248335181316,36.4578832709359,36.4578832709359,"PLA: T1 vs T2"
"MTPN",29.1193623936365,9.03328136799623,29.1193623936365,"PLA: T1 vs T2"
"AK2",4.86291847547844,8.31560890905041,8.31560890905041,"PLA: T1 vs T2"
"CPT1B",39.4302230569863,28.6566441744125,39.4302230569863,"PLA: T1 vs T2"
"IDH3B",11.223036807552,26.4723225684781,26.4723225684781,"PLA: T1 vs T2"
"RPS25",20.6378161086136,17.4660806816511,20.6378161086136,"PLA: T1 vs T2"
"GPX1",43.1116267860816,23.026138783309,43.1116267860816,"PLA: T1 vs T2"
"ACACA",63.2659751671702,53.5888817524465,63.2659751671702,"PLA: T1 vs T2"
"PSMC6",17.030154722473,15.0498626548404,17.030154722473,"PLA: T1 vs T2"
"ASPN",171.392787674908,94.2197327971249,171.392787674908,"PLA: T1 vs T2"
"CAPN1",9.37228380412659,13.5433709952499,13.5433709952499,"PLA: T1 vs T2"
"SDHD",39.2189015296425,52.448586712242,52.448586712242,"PLA: T1 vs T2"
"PRKCSH",68.795358600178,30.2824652272429,68.795358600178,"PLA: T1 vs T2"
"NDUFB1",32.3445903512302,12.1361768678883,32.3445903512302,"PLA: T1 vs T2"
"RPLP1",39.1728408446404,26.0182055803846,39.1728408446404,"PLA: T1 vs T2"
"GLUD1",81.2156619259587,25.2478402604956,81.2156619259587,"PLA: T1 vs T2"
"VAT1",123.202863347535,63.6452980198778,123.202863347535,"PLA: T1 vs T2"
"EIF4H",17.3604652963633,13.2118538562877,17.3604652963633,"PLA: T1 vs T2"
"SMYD1",49.9215628046283,65.5327891816368,65.5327891816368,"PLA: T1 vs T2"
"ECI2",36.6620203829251,29.5972817717328,36.6620203829251,"PLA: T1 vs T2"
"UBE2V1",51.0348499556673,21.8084277501746,51.0348499556673,"PLA: T1 vs T2"
"CAP1",92.0151026356027,29.7766408146507,92.0151026356027,"PLA: T1 vs T2"
"RBP4",40.3126638909104,94.9170778953845,94.9170778953845,"PLA: T1 vs T2"
"DGLUCY",38.1731006191205,22.701102026849,38.1731006191205,"PLA: T1 vs T2"
"DSTN",79.3938074260907,29.5739852686063,79.3938074260907,"PLA: T1 vs T2"
"ETFDH",19.3859097256387,25.201417661027,25.201417661027,"PLA: T1 vs T2"
"UCHL1",72.9949373274146,44.5701870345099,72.9949373274146,"PLA: T1 vs T2"
"CRYZ",23.2217371365331,4.79158170988062,23.2217371365331,"PLA: T1 vs T2"
"DHRS7",10.9750252648343,21.3981476816707,21.3981476816707,"PLA: T1 vs T2"
"IPO5",16.3272566934883,9.32378457826608,16.3272566934883,"PLA: T1 vs T2"
"BANF1",35.9486242421137,41.6548528590715,41.6548528590715,"PLA: T1 vs T2"
"PPP2CA",20.9490938381108,15.3261644439867,20.9490938381108,"PLA: T1 vs T2"
"GPD2",28.4950506461425,19.0839526915014,28.4950506461425,"PLA: T1 vs T2"
"DPYSL3",50.5945429705661,15.0319804479736,50.5945429705661,"PLA: T1 vs T2"
"AKR7A2",30.2523980490263,19.5976304838558,30.2523980490263,"PLA: T1 vs T2"
"IARS2",8.5182016477425,16.766283843596,16.766283843596,"PLA: T1 vs T2"
"NSFL1C",23.9643288919919,16.3994410729724,23.9643288919919,"PLA: T1 vs T2"
"RPL22",21.7634582336836,16.4595235758445,21.7634582336836,"PLA: T1 vs T2"
"METTL7A",29.0593739162791,23.8826095948686,29.0593739162791,"PLA: T1 vs T2"
"GNB1",91.1003017773373,55.5709993419298,91.1003017773373,"PLA: T1 vs T2"
"PGP",24.2928903055604,13.8532071208699,24.2928903055604,"PLA: T1 vs T2"
"CLTC",80.6281022856338,24.95495615834,80.6281022856338,"PLA: T1 vs T2"
"ATP1A2",55.6552916007111,29.8107343496945,55.6552916007111,"PLA: T1 vs T2"
"RAD23A",17.1680831605107,23.9862671312593,23.9862671312593,"PLA: T1 vs T2"
"CUTA",23.0805770325718,32.5944549925642,32.5944549925642,"PLA: T1 vs T2"
"ATIC",17.6537985504285,18.4804726272271,18.4804726272271,"PLA: T1 vs T2"
"LRPPRC",17.0669364993778,16.2506786704712,17.0669364993778,"PLA: T1 vs T2"
"NQO2",43.6357357509206,30.8296292925163,43.6357357509206,"PLA: T1 vs T2"
"PPP1R1A",21.1428144230438,31.8814922153004,31.8814922153004,"PLA: T1 vs T2"
"ADSS2",24.8569968352745,30.585705676985,30.585705676985,"PLA: T1 vs T2"
"SOD3",152.85422226419,96.988803172381,152.85422226419,"PLA: T1 vs T2"
"FAM162A",40.503811520977,24.500779719521,40.503811520977,"PLA: T1 vs T2"
"PSMA1",9.05547532072143,16.3579705588699,16.3579705588699,"PLA: T1 vs T2"
"NDUFS6",38.3116866006288,18.4082061673762,38.3116866006288,"PLA: T1 vs T2"
"ANXA4",93.0926354528205,53.8859686937565,93.0926354528205,"PLA: T1 vs T2"
"PPIB",96.4676853955406,41.910904287531,96.4676853955406,"PLA: T1 vs T2"
"RPL5",16.2293306109443,26.5412053111384,26.5412053111384,"PLA: T1 vs T2"
"ATP5IF1",45.2702997340145,84.7116786556415,84.7116786556415,"PLA: T1 vs T2"
"SH3BGR",36.5258817049485,35.4520373999881,36.5258817049485,"PLA: T1 vs T2"
"IMPA2",54.2001327074591,49.6748397764193,54.2001327074591,"PLA: T1 vs T2"
"DYNLL2",22.4406879256477,40.0163968733694,40.0163968733694,"PLA: T1 vs T2"
"RAB6A",61.2382562130092,16.5247271225688,61.2382562130092,"PLA: T1 vs T2"
"RPS3",20.7618924959302,28.7053444284636,28.7053444284636,"PLA: T1 vs T2"
"GFM1",15.5842210106862,21.9970424555145,21.9970424555145,"PLA: T1 vs T2"
"ATP1A1",28.7934616663399,17.7694405731289,28.7934616663399,"PLA: T1 vs T2"
"RAD23B",4.64248263278996,17.1572382163864,17.1572382163864,"PLA: T1 vs T2"
"TACO1",51.4959319962236,25.5896287116198,51.4959319962236,"PLA: T1 vs T2"
"PSMB2",12.7620166026018,11.7052435705537,12.7620166026018,"PLA: T1 vs T2"
"ME1",33.8648728967059,25.93420916697,33.8648728967059,"PLA: T1 vs T2"
"NONO",62.7137827284096,44.7511928664423,62.7137827284096,"PLA: T1 vs T2"
"HINT2",25.3442979894605,38.3570902826195,38.3570902826195,"PLA: T1 vs T2"
"NDUFS7",43.4650333492583,11.7582464547276,43.4650333492583,"PLA: T1 vs T2"
"CLEC3B",116.569843376439,57.9179819972561,116.569843376439,"PLA: T1 vs T2"
"PHKA1",47.5665168301207,36.7019174745448,47.5665168301207,"PLA: T1 vs T2"
"CHCHD3",33.2298469243538,33.9114247854968,33.9114247854968,"PLA: T1 vs T2"
"CAVIN4",49.1961873312584,28.8238646008425,49.1961873312584,"PLA: T1 vs T2"
"CAB39",26.2366281134242,24.7567159485813,26.2366281134242,"PLA: T1 vs T2"
"GLRX5",52.7371184203411,36.8851816714395,52.7371184203411,"PLA: T1 vs T2"
"ACO1",49.6301256463269,4.69949271862831,49.6301256463269,"PLA: T1 vs T2"
"BSG",18.193374136949,14.4778462029959,18.193374136949,"PLA: T1 vs T2"
"PLS3",106.218328859964,60.702081564408,106.218328859964,"PLA: T1 vs T2"
"TUBB2A",154.957265575967,39.3791116781349,154.957265575967,"PLA: T1 vs T2"
"GPX4",69.7957969353243,27.3019193385308,69.7957969353243,"PLA: T1 vs T2"
"FHOD1",36.7693864404064,30.4152177337358,36.7693864404064,"PLA: T1 vs T2"
"PRPS1",24.4488196181948,27.8433028979605,27.8433028979605,"PLA: T1 vs T2"
"MICOS13",54.5958601768037,76.6043651991092,76.6043651991092,"PLA: T1 vs T2"
"PCBD1",26.8572904499653,35.1897767790544,35.1897767790544,"PLA: T1 vs T2"
"FKBP2",55.9873994084085,27.380267259575,55.9873994084085,"PLA: T1 vs T2"
"PTGR2",37.6208768216227,10.2937018306244,37.6208768216227,"PLA: T1 vs T2"
"ISOC2",36.9041051750038,40.0655174750228,40.0655174750228,"PLA: T1 vs T2"
"KPNB1",21.1979543952044,17.4990089879004,21.1979543952044,"PLA: T1 vs T2"
"NDUFS2",25.3118374984346,17.3651836554196,25.3118374984346,"PLA: T1 vs T2"
"TBCA",32.9531469025151,32.6820205376828,32.9531469025151,"PLA: T1 vs T2"
"NAP1L4",3.68128866187235,13.5229588749902,13.5229588749902,"PLA: T1 vs T2"
"CPT2",34.3945400954873,21.7568475582394,34.3945400954873,"PLA: T1 vs T2"
"MYH4",159.495266716942,131.852277841797,159.495266716942,"PLA: T1 vs T2"
"CCT6A",14.3219908726415,13.9148777408986,14.3219908726415,"PLA: T1 vs T2"
"MAP2K3",53.2330979172443,34.2249590231524,53.2330979172443,"PLA: T1 vs T2"
"TOLLIP",36.3121222571856,21.3609796358508,36.3121222571856,"PLA: T1 vs T2"
"APOOL",37.0112477136257,19.6075071969958,37.0112477136257,"PLA: T1 vs T2"
"CACNB3",24.7889431029869,22.0718105439717,24.7889431029869,"PLA: T1 vs T2"
"GSR",20.7466714082011,22.402245063582,22.402245063582,"PLA: T1 vs T2"
"PSMB4",18.5512264370574,19.2883690638291,19.2883690638291,"PLA: T1 vs T2"
"FAH",82.9385520849497,54.5737782876434,82.9385520849497,"PLA: T1 vs T2"
"B2M",80.4760237026486,88.8659976209281,88.8659976209281,"PLA: T1 vs T2"
"ITGB1",95.9750524877185,34.5202619979034,95.9750524877185,"PLA: T1 vs T2"
"KLHL40",66.0311407807028,90.7157375944719,90.7157375944719,"PLA: T1 vs T2"
"CAND2",37.0227226285581,27.8820614697196,37.0227226285581,"PLA: T1 vs T2"
"RAB11B",63.9021871906418,30.1942218829951,63.9021871906418,"PLA: T1 vs T2"
"PPP1CB",25.2945462267723,26.6855560171848,26.6855560171848,"PLA: T1 vs T2"
"RIDA",14.7302935638149,6.53282446685684,14.7302935638149,"PLA: T1 vs T2"
"APRT",48.5032322826303,28.6877156097768,48.5032322826303,"PLA: T1 vs T2"
"FBN1",150.168603604729,103.725753425094,150.168603604729,"PLA: T1 vs T2"
"MTHFD1",18.9070539066728,17.6367669064619,18.9070539066728,"PLA: T1 vs T2"
"NDUFB9",37.5525145793015,11.3493630421747,37.5525145793015,"PLA: T1 vs T2"
"HSPA4",15.4083310536776,11.0284184043318,15.4083310536776,"PLA: T1 vs T2"
"ADPRH",84.6019488194748,53.046687695235,84.6019488194748,"PLA: T1 vs T2"
"RDX",18.8783435231788,18.9253667231506,18.9253667231506,"PLA: T1 vs T2"
"IMPA1",18.4602782053648,19.8368079925961,19.8368079925961,"PLA: T1 vs T2"
"EIF3K",29.5898305790329,48.2320426508252,48.2320426508252,"PLA: T1 vs T2"
"PSMB5",23.4078025996071,25.5681000795795,25.5681000795795,"PLA: T1 vs T2"
"STBD1",51.4095730564848,33.1115045649627,51.4095730564848,"PLA: T1 vs T2"
"COL6A2",76.308198125831,191.875755970615,191.875755970615,"PLA: T1 vs T2"
"NOL3",37.2867946358991,28.1271756636662,37.2867946358991,"PLA: T1 vs T2"
"GSTK1",28.3387069062801,21.1185230671277,28.3387069062801,"PLA: T1 vs T2"
"RPS20",37.6471803630742,24.559306338761,37.6471803630742,"PLA: T1 vs T2"
"LANCL1",19.1836039343984,18.843964577949,19.1836039343984,"PLA: T1 vs T2"
"MYH13",115.30563482891,153.884770442415,153.884770442415,"PLA: T1 vs T2"
"RPS10",34.6581240434578,74.8075048360866,74.8075048360866,"PLA: T1 vs T2"
"AKR1C2",141.230093981925,67.1594741915468,141.230093981925,"PLA: T1 vs T2"
"FARSB",5.64200505472093,18.0547995690638,18.0547995690638,"PLA: T1 vs T2"
"LGALS3",128.998964180543,36.323368856298,128.998964180543,"PLA: T1 vs T2"
"PLEC",31.9116159508982,100.77292836642,100.77292836642,"PLA: T1 vs T2"
"MTCH2",17.9885269456826,27.792333613385,27.792333613385,"PLA: T1 vs T2"
"GLOD4",12.7841358999872,13.6520800256909,13.6520800256909,"PLA: T1 vs T2"
"SAR1B",27.8075452552573,29.8033390170333,29.8033390170333,"PLA: T1 vs T2"
"CALR",44.2816335760692,35.4584288934095,44.2816335760692,"PLA: T1 vs T2"
"SAMM50",25.3884372608284,32.9902295048536,32.9902295048536,"PLA: T1 vs T2"
"GNPDA1",6.31745465216827,20.0568252330422,20.0568252330422,"PLA: T1 vs T2"
"RPS9",24.8271272526082,19.7981144382331,24.8271272526082,"PLA: T1 vs T2"
"TMEM11",39.0792590897863,17.6278797520732,39.0792590897863,"PLA: T1 vs T2"
"PPA1",44.0960393560052,17.296642899687,44.0960393560052,"PLA: T1 vs T2"
"LYPLA1",39.7579365375145,10.8688918739652,39.7579365375145,"PLA: T1 vs T2"
"CYB5A",142.324333992255,36.6272353721168,142.324333992255,"PLA: T1 vs T2"
"USP5",5.70022480324637,22.6444072652212,22.6444072652212,"PLA: T1 vs T2"
"PDLIM7",23.8359611880434,113.437665399546,113.437665399546,"PLA: T1 vs T2"
"C11orf54",37.1857080825668,31.6549468133727,37.1857080825668,"PLA: T1 vs T2"
"RPS15A",38.5831375225842,12.9758189823523,38.5831375225842,"PLA: T1 vs T2"
"RAC1",18.4651017146544,20.9319793671261,20.9319793671261,"PLA: T1 vs T2"
"CUTC",29.3396292966289,39.3991406476639,39.3991406476639,"PLA: T1 vs T2"
"TXNDC17",17.0882403300992,18.2574109659332,18.2574109659332,"PLA: T1 vs T2"
"RPSA",23.502221681475,18.876514072287,23.502221681475,"PLA: T1 vs T2"
"PPP1CA",20.4624483658755,10.5248814580515,20.4624483658755,"PLA: T1 vs T2"
"XIRP1",60.8854829552604,59.3089603518363,60.8854829552604,"PLA: T1 vs T2"
"BGN",72.6580472340424,83.604746645887,83.604746645887,"PLA: T1 vs T2"
"TUBB6",140.187101479184,59.6085398469746,140.187101479184,"PLA: T1 vs T2"
"MPC2",34.4704940715515,32.5518838110511,34.4704940715515,"PLA: T1 vs T2"
"CCT4",13.5487571293754,13.5349257687945,13.5487571293754,"PLA: T1 vs T2"
"PSMB6",19.5514956992414,23.2963132814077,23.2963132814077,"PLA: T1 vs T2"
"CUL5",26.477811134819,23.1982298952033,26.477811134819,"PLA: T1 vs T2"
"SBDS",30.7224907841156,21.1858527087312,30.7224907841156,"PLA: T1 vs T2"
"RPL23A",27.9885534374623,35.487739160282,35.487739160282,"PLA: T1 vs T2"
"BAG3",33.2088223053153,64.087732254234,64.087732254234,"PLA: T1 vs T2"
"HDGF",18.8107411047721,23.8546058645392,23.8546058645392,"PLA: T1 vs T2"
"ATP1B1",49.4269827824233,24.3675954915884,49.4269827824233,"PLA: T1 vs T2"
"NCL",22.6987249565084,16.9049999233021,22.6987249565084,"PLA: T1 vs T2"
"CLIC5",33.6289797046678,28.1724261872199,33.6289797046678,"PLA: T1 vs T2"
"PSME1",39.0778823985689,19.5158362909625,39.0778823985689,"PLA: T1 vs T2"
"RPS3A",26.3478581285968,19.017644443776,26.3478581285968,"PLA: T1 vs T2"
"CCT8",15.0481057310358,11.0539067891713,15.0481057310358,"PLA: T1 vs T2"
"EIF4G1",20.247047080755,18.2331927679172,20.247047080755,"PLA: T1 vs T2"
"VAPA",30.8471458347849,36.0958721170925,36.0958721170925,"PLA: T1 vs T2"
"GCSH",26.3192194510627,20.6852593649969,26.3192194510627,"PLA: T1 vs T2"
"EPB41",90.8982382710552,59.7664974029074,90.8982382710552,"PLA: T1 vs T2"
"NME1",21.3380377583093,29.555582042657,29.555582042657,"PLA: T1 vs T2"
"MAP2K6",45.0859074840917,19.4106996749787,45.0859074840917,"PLA: T1 vs T2"
"CCT5",12.8014756974797,12.3962526117957,12.8014756974797,"PLA: T1 vs T2"
"GDI1",14.1329013336868,20.9186224655374,20.9186224655374,"PLA: T1 vs T2"
"NAXD",20.4283548799625,27.2737213420815,27.2737213420815,"PLA: T1 vs T2"
"SNTB2",38.5674315430976,16.6882032099824,38.5674315430976,"PLA: T1 vs T2"
"COQ6",33.3297843508321,24.0525723511517,33.3297843508321,"PLA: T1 vs T2"
"RPS12",22.3253086360659,21.6396284628039,22.3253086360659,"PLA: T1 vs T2"
"DHRS7C",48.0147911476131,26.564291944987,48.0147911476131,"PLA: T1 vs T2"
"CMPK1",21.4190522999464,37.674722733769,37.674722733769,"PLA: T1 vs T2"
"RSU1",64.8539616548173,43.3129212010078,64.8539616548173,"PLA: T1 vs T2"
"RPL10A",46.2375804557251,23.1421530726504,46.2375804557251,"PLA: T1 vs T2"
"CAPN2",20.0371672276943,23.7556927711413,23.7556927711413,"PLA: T1 vs T2"
"PAFAH1B2",46.6358259031211,26.1692418627474,46.6358259031211,"PLA: T1 vs T2"
"YBX1",26.5041973310797,18.1788764271511,26.5041973310797,"PLA: T1 vs T2"
"BCAP31",84.8173049845511,48.4299361806825,84.8173049845511,"PLA: T1 vs T2"
"CCT7",19.9468576143244,10.2739007679638,19.9468576143244,"PLA: T1 vs T2"
"TSN",31.7328679644562,17.2680063496621,31.7328679644562,"PLA: T1 vs T2"
"PSMB3",12.0239569230295,41.5305384906846,41.5305384906846,"PLA: T1 vs T2"
"CAPZB",56.6049917629234,90.9770540519266,90.9770540519266,"PLA: T1 vs T2"
"HPRT1",53.0123034398562,45.858988793919,53.0123034398562,"PLA: T1 vs T2"
"MYLK2",55.6292256312752,56.0047027828166,56.0047027828166,"PLA: T1 vs T2"
"NDUFB6",42.9016437172802,28.2680745925413,42.9016437172802,"PLA: T1 vs T2"
"SEPTIN7",80.8765751911242,38.3383520740445,80.8765751911242,"PLA: T1 vs T2"
"NPM1",20.7572028213641,34.0318676610185,34.0318676610185,"PLA: T1 vs T2"
"BLMH",16.8099147114018,24.8877419861735,24.8877419861735,"PLA: T1 vs T2"
"SYNPO2",67.0588424334901,113.97272561004,113.97272561004,"PLA: T1 vs T2"
"SUMO2",32.8518041538011,39.0859858555526,39.0859858555526,"PLA: T1 vs T2"
"EHD4",91.9982421739093,33.4615240056896,91.9982421739093,"PLA: T1 vs T2"
"GANAB",78.157957779541,31.5320443124321,78.157957779541,"PLA: T1 vs T2"
"GNB2",58.8717409641063,35.751619624991,58.8717409641063,"PLA: T1 vs T2"
"ACOT9",23.9917635356963,7.63304245808227,23.9917635356963,"PLA: T1 vs T2"
"UQCR11",45.9713906054259,32.0915986617275,45.9713906054259,"PLA: T1 vs T2"
"TPD52L2",82.3711194665835,32.1013094799041,82.3711194665835,"PLA: T1 vs T2"
"RPLP0",21.5639886331786,25.6686531545414,25.6686531545414,"PLA: T1 vs T2"
"UCHL3",32.4150536129965,32.9724490892275,32.9724490892275,"PLA: T1 vs T2"
"ACADSB",35.5152655309589,32.9072979162455,35.5152655309589,"PLA: T1 vs T2"
"RPS5",30.4812563049733,38.6144758906419,38.6144758906419,"PLA: T1 vs T2"
"FN1",68.8438737732271,107.007954849927,107.007954849927,"PLA: T1 vs T2"
"DYNC1H1",43.2572826750341,10.5534385277646,43.2572826750341,"PLA: T1 vs T2"
"HNRNPD",33.390645491003,14.0576507926758,33.390645491003,"PLA: T1 vs T2"
"CHCHD2",7.82034281088467,32.6846073271803,32.6846073271803,"PLA: T1 vs T2"
"HSPB3",16.0128257157474,17.6271077287871,17.6271077287871,"PLA: T1 vs T2"
"ALDH3A2",16.1044118916702,29.0596507698203,29.0596507698203,"PLA: T1 vs T2"
"CAND1",49.2216512135031,24.6525580060071,49.2216512135031,"PLA: T1 vs T2"
"LAMB2",89.4532466133698,144.171548809858,144.171548809858,"PLA: T1 vs T2"
"NDUFS5",32.7681243774802,16.608324779794,32.7681243774802,"PLA: T1 vs T2"
"MAPRE2",31.5056545688831,50.2493072636064,50.2493072636064,"PLA: T1 vs T2"
"NIPSNAP3A",40.2184400036345,42.1942582015444,42.1942582015444,"PLA: T1 vs T2"
"CACNA1S",16.869630507296,19.6792904078297,19.6792904078297,"PLA: T1 vs T2"
"HSD17B10",27.288060459037,20.6186072284693,27.288060459037,"PLA: T1 vs T2"
"NDUFC2",12.8481036186879,21.395917340495,21.395917340495,"PLA: T1 vs T2"
"PPIF",44.2303379187332,18.8672251038038,44.2303379187332,"PLA: T1 vs T2"
"PPP1R7",18.2952074013265,10.4761668317914,18.2952074013265,"PLA: T1 vs T2"
"PIN1",44.6503998690212,19.0722032367894,44.6503998690212,"PLA: T1 vs T2"
"CDH13",26.7695530995443,30.4819292159567,30.4819292159567,"PLA: T1 vs T2"
"ILK",90.2928639172829,25.2105012078862,90.2928639172829,"PLA: T1 vs T2"
"GOSR2",44.9836018575661,41.3575183362911,44.9836018575661,"PLA: T1 vs T2"
"CAST",20.0637526846273,31.5737256318288,31.5737256318288,"PLA: T1 vs T2"
"NARS1",18.1845943758333,20.0102342178932,20.0102342178932,"PLA: T1 vs T2"
"YWHAQ",65.5811560404479,19.9861874793884,65.5811560404479,"PLA: T1 vs T2"
"MAPT",38.4558537395799,30.8305178630442,38.4558537395799,"PLA: T1 vs T2"
"ERP44",41.1684508947005,29.8456423741202,41.1684508947005,"PLA: T1 vs T2"
"NDUFB11",21.0245904882625,27.5030702987287,27.5030702987287,"PLA: T1 vs T2"
"PA2G4",23.2626921327656,20.06538176569,23.2626921327656,"PLA: T1 vs T2"
"IQGAP1",104.496289317951,43.8577381405578,104.496289317951,"PLA: T1 vs T2"
"KPNA4",15.8976365210487,22.8031131867544,22.8031131867544,"PLA: T1 vs T2"
"CTSB",58.7460183964753,29.7525159861004,58.7460183964753,"PLA: T1 vs T2"
"RPS6KA3",28.8639876056596,15.8249105852849,28.8639876056596,"PLA: T1 vs T2"
"TXN2",14.1005640377806,26.4465172446899,26.4465172446899,"PLA: T1 vs T2"
"MPST",28.8102826673336,23.7056493539994,28.8102826673336,"PLA: T1 vs T2"
"ASAH1",81.698676131384,46.8152227486544,81.698676131384,"PLA: T1 vs T2"
"EIF3J",28.2935036315411,16.9420724567945,28.2935036315411,"PLA: T1 vs T2"
"MT-ND1",54.60218517897,61.0988445244967,61.0988445244967,"PLA: T1 vs T2"
"ALDH1L1",35.7340451313863,36.3533701159781,36.3533701159781,"PLA: T1 vs T2"
"IDH3G",32.5469815188929,21.3341149659957,32.5469815188929,"PLA: T1 vs T2"
"CALU",9.17420020965212,16.7578259282877,16.7578259282877,"PLA: T1 vs T2"
"MYO1C",124.805489984319,62.892326348465,124.805489984319,"PLA: T1 vs T2"
"TMOD4",87.859101835903,121.332787664945,121.332787664945,"PLA: T1 vs T2"
"BZW2",43.8531703849589,19.6746028799113,43.8531703849589,"PLA: T1 vs T2"
"OXSR1",38.0440560952107,7.01799219828031,38.0440560952107,"PLA: T1 vs T2"
"TPP1",85.9911603123704,46.4493641610285,85.9911603123704,"PLA: T1 vs T2"
"JSRP1",45.2964063807636,32.5113799751251,45.2964063807636,"PLA: T1 vs T2"
"PHKG1",45.1745322321873,25.3679053991441,45.1745322321873,"PLA: T1 vs T2"
"COX7A2",21.6216705962751,22.0220470314434,22.0220470314434,"PLA: T1 vs T2"
"MT-ND5",42.3632873204346,38.9170874041157,42.3632873204346,"PLA: T1 vs T2"
"MAPK1",22.1357961163065,28.7893067543045,28.7893067543045,"PLA: T1 vs T2"
"SPR",28.7314562583031,40.008945611489,40.008945611489,"PLA: T1 vs T2"
"TOMM70",65.6394259758445,39.107747969568,65.6394259758445,"PLA: T1 vs T2"
"PUDP",46.5265381914956,39.2939513023483,46.5265381914956,"PLA: T1 vs T2"
"FBLN1",85.7569535931482,62.1960603164508,85.7569535931482,"PLA: T1 vs T2"
"PGRMC2",42.4778808033523,25.4192834373167,42.4778808033523,"PLA: T1 vs T2"
"BLVRA",31.2208554408705,18.3158425782984,31.2208554408705,"PLA: T1 vs T2"
"CLIC1",67.2559316940846,39.811697848749,67.2559316940846,"PLA: T1 vs T2"
"NDUFA12",49.3466285424018,44.0954394008204,49.3466285424018,"PLA: T1 vs T2"
"SETD7",24.9583068637012,28.0018223249449,28.0018223249449,"PLA: T1 vs T2"
"PGM5",20.816096743665,36.1502256460452,36.1502256460452,"PLA: T1 vs T2"
"CAPZA2",35.9940460589074,96.6166140234525,96.6166140234525,"PLA: T1 vs T2"
"COQ7",39.0935875007882,29.7550772410921,39.0935875007882,"PLA: T1 vs T2"
"EIF5",18.8507862887892,34.7745530706121,34.7745530706121,"PLA: T1 vs T2"
"SNCG",147.813596933399,49.5890455938426,147.813596933399,"PLA: T1 vs T2"
"HNRNPL",61.5588065948865,31.8637196830995,61.5588065948865,"PLA: T1 vs T2"
"TPPP3",48.7384671828487,29.9648882346135,48.7384671828487,"PLA: T1 vs T2"
"PSMD8",22.1973032645911,17.6618254419489,22.1973032645911,"PLA: T1 vs T2"
"GSTZ1",76.4604330327287,47.1915583805247,76.4604330327287,"PLA: T1 vs T2"
"MYH14",37.5913268910184,46.3783017861474,46.3783017861474,"PLA: T1 vs T2"
"SPTBN1",126.563097667472,48.4915154660098,126.563097667472,"PLA: T1 vs T2"
"MAOA",80.0784826345216,61.7399370301033,80.0784826345216,"PLA: T1 vs T2"
"RRAS",91.8909460754445,57.8890464510768,91.8909460754445,"PLA: T1 vs T2"
"DARS1",7.08677332602759,17.5088147606248,17.5088147606248,"PLA: T1 vs T2"
"RAB2A",26.0442451359353,18.5296896863757,26.0442451359353,"PLA: T1 vs T2"
"PPP2R2A",16.9169692540147,15.7606550840197,16.9169692540147,"PLA: T1 vs T2"
"DIABLO",42.2438667135677,17.8447910079391,42.2438667135677,"PLA: T1 vs T2"
"COQ3",41.9490199698755,30.7260221573303,41.9490199698755,"PLA: T1 vs T2"
"SCRN2",23.7216062454798,28.8224943848412,28.8224943848412,"PLA: T1 vs T2"
"UNC45B",35.137312286556,17.7983249802941,35.137312286556,"PLA: T1 vs T2"
"ACTR1A",19.3959606824615,18.8923117486288,19.3959606824615,"PLA: T1 vs T2"
"PKIA",5.03444919622333,21.5967381858391,21.5967381858391,"PLA: T1 vs T2"
"PTGR1",28.1314718285948,24.1332582306745,28.1314718285948,"PLA: T1 vs T2"
"STRAP",7.59965823525738,11.8442370508722,11.8442370508722,"PLA: T1 vs T2"
"ALDH1B1",37.3342624822023,42.368664824496,42.368664824496,"PLA: T1 vs T2"
"PABPC1",14.9782170924387,12.7368079812844,14.9782170924387,"PLA: T1 vs T2"
"GCLC",61.3611786920276,37.8778989708039,61.3611786920276,"PLA: T1 vs T2"
"EPDR1",37.7008563111083,34.119041770705,37.7008563111083,"PLA: T1 vs T2"
"RPS2",20.2310183312577,12.273927159377,20.2310183312577,"PLA: T1 vs T2"
"CNDP2",56.7504400048286,28.0910168181951,56.7504400048286,"PLA: T1 vs T2"
"OBSCN",56.1967139745422,122.881645341924,122.881645341924,"PLA: T1 vs T2"
"COPS8",20.2212234694386,24.0772891411684,24.0772891411684,"PLA: T1 vs T2"
"RPS6",16.3154982608532,25.1634860804304,25.1634860804304,"PLA: T1 vs T2"
"RPS18",15.2097352647722,14.6099207535819,15.2097352647722,"PLA: T1 vs T2"
"SNX3",31.1061048203688,18.6809373932061,31.1061048203688,"PLA: T1 vs T2"
"LRRC47",27.8653400636881,26.4367998497396,27.8653400636881,"PLA: T1 vs T2"
"SGCD",26.1532016815878,7.46894298361423,26.1532016815878,"PLA: T1 vs T2"
"PSMD10",37.2335242709148,30.5282638766474,37.2335242709148,"PLA: T1 vs T2"
"PSMC3",11.5455144915786,13.3639930320354,13.3639930320354,"PLA: T1 vs T2"
"NDUFB8",48.1028396019364,19.9968349244898,48.1028396019364,"PLA: T1 vs T2"
"AGMAT",11.2656326263713,47.9881501272216,47.9881501272216,"PLA: T1 vs T2"
"ADIPOQ",8.62649463726693,47.7243714048721,47.7243714048721,"PLA: T1 vs T2"
"PSMC2",18.2489546165713,12.9097043711697,18.2489546165713,"PLA: T1 vs T2"
"CDC37",18.2491583841247,14.1497847418412,18.2491583841247,"PLA: T1 vs T2"
"PDCD5",22.0584937963175,13.6300239968223,22.0584937963175,"PLA: T1 vs T2"
"PSMB7",30.3664329131184,30.5583712478022,30.5583712478022,"PLA: T1 vs T2"
"LRG1",82.8728856886157,76.7186278985849,82.8728856886157,"PLA: T1 vs T2"
"TYMP",96.087529178419,74.7062413613704,96.087529178419,"PLA: T1 vs T2"
"OTUB1",3.11355013569487,18.8943747935979,18.8943747935979,"PLA: T1 vs T2"
"GRB2",33.0964162291395,17.1505895201641,33.0964162291395,"PLA: T1 vs T2"
"TST",23.5746503224326,26.0901592444745,26.0901592444745,"PLA: T1 vs T2"
"RPN1",32.4626419431604,15.5112599189018,32.4626419431604,"PLA: T1 vs T2"
"AFG3L2",33.5125007060171,22.3244152764965,33.5125007060171,"PLA: T1 vs T2"
"ECPAS",36.8042352521036,11.8355464685271,36.8042352521036,"PLA: T1 vs T2"
"LASP1",135.062296060963,52.5214161873564,135.062296060963,"PLA: T1 vs T2"
"DMD",27.9151789963669,41.0444768122907,41.0444768122907,"PLA: T1 vs T2"
"MT-ND2",10.3634998194971,43.2866770962381,43.2866770962381,"PLA: T1 vs T2"
"MCTS1",19.4577723662214,15.7133920368335,19.4577723662214,"PLA: T1 vs T2"
"HNRNPH1",7.86454760560193,23.4109245807561,23.4109245807561,"PLA: T1 vs T2"
"DNPH1",26.9712498276536,35.0407385045483,35.0407385045483,"PLA: T1 vs T2"
"RPS28",37.0464014988482,34.6629506392605,37.0464014988482,"PLA: T1 vs T2"
"ASS1",59.4440730344773,58.7548861695176,59.4440730344773,"PLA: T1 vs T2"
"GBE1",25.5395391861661,19.867759664833,25.5395391861661,"PLA: T1 vs T2"
"AQP1",49.3483569335379,56.5553924906335,56.5553924906335,"PLA: T1 vs T2"
"L2HGDH",40.4537794265654,16.7193147346116,40.4537794265654,"PLA: T1 vs T2"
"EIF1",13.5000557988241,28.2634005259956,28.2634005259956,"PLA: T1 vs T2"
"ELOB",25.2664463533306,24.5743163161667,25.2664463533306,"PLA: T1 vs T2"
"PPP3CB",36.4638531242502,16.5683818718068,36.4638531242502,"PLA: T1 vs T2"
"KPNA3",39.7051170418663,25.5491429309812,39.7051170418663,"PLA: T1 vs T2"
"TSTA3",89.9864238925889,76.3912394668216,89.9864238925889,"PLA: T1 vs T2"
"YBX3",53.256455971502,42.4894581012151,53.256455971502,"PLA: T1 vs T2"
"PDIA6",47.1313684889271,21.8045392703356,47.1313684889271,"PLA: T1 vs T2"
"APMAP",103.661932583794,26.1276088048625,103.661932583794,"PLA: T1 vs T2"
"RPL18",34.8078130402142,18.202246505315,34.8078130402142,"PLA: T1 vs T2"
"THY1",147.497862244613,37.3174522043461,147.497862244613,"PLA: T1 vs T2"
"PEA15",112.890000278337,42.9513323438626,112.890000278337,"PLA: T1 vs T2"
"TIMM13",25.7530020090593,36.5096518651676,36.5096518651676,"PLA: T1 vs T2"
"NIT2",16.0360242726693,25.6813829742887,25.6813829742887,"PLA: T1 vs T2"
"DHRS7B",27.9293424731154,48.0348982163669,48.0348982163669,"PLA: T1 vs T2"
"PGLS",33.7176574398824,21.9303192779861,33.7176574398824,"PLA: T1 vs T2"
"PSMD14",19.299302081363,22.4341646026974,22.4341646026974,"PLA: T1 vs T2"
"COQ10A",51.5586933321797,39.6420841987609,51.5586933321797,"PLA: T1 vs T2"
"TRIP10",27.726002922174,22.8533207909822,27.726002922174,"PLA: T1 vs T2"
"NT5C1A",58.2234345523548,50.2269585925635,58.2234345523548,"PLA: T1 vs T2"
"PCBP2",23.5704503680907,45.2171017581579,45.2171017581579,"PLA: T1 vs T2"
"CIRBP",30.148737537999,19.7080474508734,30.148737537999,"PLA: T1 vs T2"
"COX6A2",69.3814053693265,52.6101386536999,69.3814053693265,"PLA: T1 vs T2"
"TPM4",115.520147846329,62.0332699454344,115.520147846329,"PLA: T1 vs T2"
"NDUFS8",42.8009087669405,28.492835335681,42.8009087669405,"PLA: T1 vs T2"
"PNPO",39.0147840852955,26.1122991356602,39.0147840852955,"PLA: T1 vs T2"
"BCL2L13",39.6860281918487,19.2064964833685,39.6860281918487,"PLA: T1 vs T2"
"PABPC4",28.9418899541325,24.4709185769547,28.9418899541325,"PLA: T1 vs T2"
"PHKA2",58.8685098916088,39.8645686982968,58.8685098916088,"PLA: T1 vs T2"
"ANXA3",33.4055263536214,39.9978601855106,39.9978601855106,"PLA: T1 vs T2"
"DNAJA4",29.6392059414439,22.8308258464139,29.6392059414439,"PLA: T1 vs T2"
"PCCA",9.82181767791247,15.1981286168239,15.1981286168239,"PLA: T1 vs T2"
"SET",37.2349877593543,54.011962823553,54.011962823553,"PLA: T1 vs T2"
"PHKB",50.4382566416998,38.7800612704885,50.4382566416998,"PLA: T1 vs T2"
"COPS4",23.8430909360774,16.0285452367962,23.8430909360774,"PLA: T1 vs T2"
"GSS",23.0277496571405,27.6806114482124,27.6806114482124,"PLA: T1 vs T2"
"GALM",24.8891191324752,33.3776813313808,33.3776813313808,"PLA: T1 vs T2"
"RPS7",25.149058198408,43.421067687507,43.421067687507,"PLA: T1 vs T2"
"TMED9",32.2215257907226,7.58208833486562,32.2215257907226,"PLA: T1 vs T2"
"ARPC3",72.075624563825,50.0753763561225,72.075624563825,"PLA: T1 vs T2"
"RPS4X",20.1918387078647,24.7951453912911,24.7951453912911,"PLA: T1 vs T2"
"FAM49B",13.0390225734036,22.8094805942492,22.8094805942492,"PLA: T1 vs T2"
"PDXK",72.3402412652577,47.0447392799513,72.3402412652577,"PLA: T1 vs T2"
"SNTA1",40.606279388868,38.3200248138546,40.606279388868,"PLA: T1 vs T2"
"AKAP12",112.631300893561,41.6172373915964,112.631300893561,"PLA: T1 vs T2"
"COPS6",41.4971864072569,22.5526550964647,41.4971864072569,"PLA: T1 vs T2"
"COL4A2",103.655436880048,179.259056958165,179.259056958165,"PLA: T1 vs T2"
"VAPB",52.6463376139732,27.4255496862323,52.6463376139732,"PLA: T1 vs T2"
"FXN",22.5209569092874,20.8490763026324,22.5209569092874,"PLA: T1 vs T2"
"RPS24",10.1844141117884,46.4640945454198,46.4640945454198,"PLA: T1 vs T2"
"RAB21",42.4238048648915,35.0469740928005,42.4238048648915,"PLA: T1 vs T2"
"KARS1",16.2336559886814,18.3285595911852,18.3285595911852,"PLA: T1 vs T2"
"ADHFE1",40.6742031281643,27.3771030833817,40.6742031281643,"PLA: T1 vs T2"
"NDUFB7",29.5904581040421,30.1743967801091,30.1743967801091,"PLA: T1 vs T2"
"MAP1LC3B2",24.9728265403329,24.5992865386607,24.9728265403329,"PLA: T1 vs T2"
"LAMP2",18.9956363859198,28.979231369006,28.979231369006,"PLA: T1 vs T2"
"CAMK2B",37.4374770700237,21.437559640535,37.4374770700237,"PLA: T1 vs T2"
"PRMT1",38.8283257203591,30.645556236959,38.8283257203591,"PLA: T1 vs T2"
"TXNRD1",20.6632494382468,14.2117130411244,20.6632494382468,"PLA: T1 vs T2"
"CPA3",78.8365389435008,45.6450104055389,78.8365389435008,"PLA: T1 vs T2"
"HSPG2",66.0864390214713,153.929412720892,153.929412720892,"PLA: T1 vs T2"
"HDHD5",38.6035147300589,31.3414577668231,38.6035147300589,"PLA: T1 vs T2"
"PPA2",31.6744016772109,28.4935100445008,31.6744016772109,"PLA: T1 vs T2"
"ARL8B",18.4812828377508,14.7656662100427,18.4812828377508,"PLA: T1 vs T2"
"PTGES2",32.9637159959319,20.0704378470011,32.9637159959319,"PLA: T1 vs T2"
"ACSL3",29.1351719175119,30.3998188194381,30.3998188194381,"PLA: T1 vs T2"
"GNG12",81.1263405167235,38.3815518129609,81.1263405167235,"PLA: T1 vs T2"
"DNAJA2",29.1565025273415,27.2663237985457,29.1565025273415,"PLA: T1 vs T2"
"RPL27A",41.7251971266734,42.3969878060702,42.3969878060702,"PLA: T1 vs T2"
"TXNL1",12.3320324434044,9.34256695317284,12.3320324434044,"PLA: T1 vs T2"
"MAP3K20",30.3121166519388,30.0276127128382,30.3121166519388,"PLA: T1 vs T2"
"YWHAH",27.9525208329252,19.6956979852616,27.9525208329252,"PLA: T1 vs T2"
"CSE1L",21.6989561237461,23.2582628992268,23.2582628992268,"PLA: T1 vs T2"
"TFG",50.6413363437907,26.1059255690487,50.6413363437907,"PLA: T1 vs T2"
"SNX2",86.7035614590793,29.980122637715,86.7035614590793,"PLA: T1 vs T2"
"PDCD6IP",9.63626606494828,8.94772870067824,9.63626606494828,"PLA: T1 vs T2"
"RPS19",30.781156190935,20.503057073996,30.781156190935,"PLA: T1 vs T2"
"PTPA",37.2501586541439,34.4671567712001,37.2501586541439,"PLA: T1 vs T2"
"ARPC4",69.8122377977825,31.5064255466029,69.8122377977825,"PLA: T1 vs T2"
"CTBP1",16.7757424925831,1.93380465901441,16.7757424925831,"PLA: T1 vs T2"
"TFAM",47.2181865028567,33.2622746153458,47.2181865028567,"PLA: T1 vs T2"
"PGRMC1",77.1798654223134,46.3597376234673,77.1798654223134,"PLA: T1 vs T2"
"RPL12",33.8932029864622,36.7565973691273,36.7565973691273,"PLA: T1 vs T2"
"GGCT",26.0279596681792,29.4781718585621,29.4781718585621,"PLA: T1 vs T2"
"NAGK",47.5664396344125,32.4541904154091,47.5664396344125,"PLA: T1 vs T2"
"LPP",89.4849203425499,49.3973383044679,89.4849203425499,"PLA: T1 vs T2"
"PAFAH1B3",43.4561421800443,49.2856878574471,49.2856878574471,"PLA: T1 vs T2"
"ARPC5",90.6322639865714,40.9542842936662,90.6322639865714,"PLA: T1 vs T2"
"PFDN2",38.1780741892186,20.5312829902021,38.1780741892186,"PLA: T1 vs T2"
"RPL23",17.565414952772,26.2181063275029,26.2181063275029,"PLA: T1 vs T2"
"RPL35",24.1659844284066,33.9714548560409,33.9714548560409,"PLA: T1 vs T2"
"ACSF2",20.6177008527983,33.7761974338125,33.7761974338125,"PLA: T1 vs T2"
"NDUFA7",42.5612467866631,33.3756274751586,42.5612467866631,"PLA: T1 vs T2"
"ENOPH1",31.3948515241064,13.6788647468539,31.3948515241064,"PLA: T1 vs T2"
"PSMD2",7.43152048192715,20.3500296619026,20.3500296619026,"PLA: T1 vs T2"
"PPME1",33.8010863723981,26.0335362820439,33.8010863723981,"PLA: T1 vs T2"
"FDPS",17.0575060307757,16.4682708515823,17.0575060307757,"PLA: T1 vs T2"
"COPS2",10.3014990380078,15.7364694046603,15.7364694046603,"PLA: T1 vs T2"
"DDX17",25.1580284674574,24.6758787944767,25.1580284674574,"PLA: T1 vs T2"
"SGCG",8.16828045777889,31.3662330363283,31.3662330363283,"PLA: T1 vs T2"
"CBR4",17.9574914547706,39.0132603259619,39.0132603259619,"PLA: T1 vs T2"
"UBL5",52.0045650452019,21.1384900066939,52.0045650452019,"PLA: T1 vs T2"
"CAB39L",17.3844349216336,50.5883639352073,50.5883639352073,"PLA: T1 vs T2"
"MYH11",71.940675640153,78.6870034766562,78.6870034766562,"PLA: T1 vs T2"
"HHATL",49.1505519598333,48.9160206784303,49.1505519598333,"PLA: T1 vs T2"
"FN3K",33.0037210352195,36.4858803848303,36.4858803848303,"PLA: T1 vs T2"
"SH3BGRL",90.9356054151734,38.2248463396933,90.9356054151734,"PLA: T1 vs T2"
"UTRN",24.7697088676232,36.9024191726156,36.9024191726156,"PLA: T1 vs T2"
"MAT2A",19.2721301643155,20.7204839259291,20.7204839259291,"PLA: T1 vs T2"
"PSMD13",26.4544295367674,17.4463412637765,26.4544295367674,"PLA: T1 vs T2"
"CAPN3",29.2299761263446,20.1306344740838,29.2299761263446,"PLA: T1 vs T2"
"RPL13A",26.023301923012,54.2002090453154,54.2002090453154,"PLA: T1 vs T2"
"PSMD12",20.8168246609461,20.4498096772636,20.8168246609461,"PLA: T1 vs T2"
"COMT",30.7849206633899,52.0960904831066,52.0960904831066,"PLA: T1 vs T2"
"ALDH6A1",57.6838326589679,40.0370421729781,57.6838326589679,"PLA: T1 vs T2"
"IMPDH2",20.1942591879545,15.0817465494522,20.1942591879545,"PLA: T1 vs T2"
"MYOF",26.6352625742994,15.0425096443841,26.6352625742994,"PLA: T1 vs T2"
"PSMD5",17.7933883652028,54.9837990195698,54.9837990195698,"PLA: T1 vs T2"
"TXLNB",49.3381983615884,25.2297318655023,49.3381983615884,"PLA: T1 vs T2"
"ATP5F1E",42.494196180776,33.9627461139081,42.494196180776,"PLA: T1 vs T2"
"CARM1",29.8508223641355,15.127906655549,29.8508223641355,"PLA: T1 vs T2"
"SH3BGRL3",98.8918746362999,39.1905490753625,98.8918746362999,"PLA: T1 vs T2"
"SGCB",34.4231023030662,22.0507477547568,34.4231023030662,"PLA: T1 vs T2"
"MYOM3",113.402603122207,155.328749505907,155.328749505907,"PLA: T1 vs T2"
"FBXO7",104.732088972295,47.019635516617,104.732088972295,"PLA: T1 vs T2"
"MAP2K1",26.3560884279812,22.6035561420856,26.3560884279812,"PLA: T1 vs T2"
"DYNLL1",29.1157856545141,18.0230044478871,29.1157856545141,"PLA: T1 vs T2"
"SQOR",59.1458017709424,26.555877093418,59.1458017709424,"PLA: T1 vs T2"
"PSME2",23.8969757907204,36.9576760412539,36.9576760412539,"PLA: T1 vs T2"
"CPNE3",26.0232573216672,28.7087441145548,28.7087441145548,"PLA: T1 vs T2"
"ECHDC1",82.3514099622218,28.7288104177419,82.3514099622218,"PLA: T1 vs T2"
"ASPH",46.2312739643995,25.5389757807353,46.2312739643995,"PLA: T1 vs T2"
"CAMK2G",38.1452025005459,23.1900636574781,38.1452025005459,"PLA: T1 vs T2"
"APOO",32.439682750936,25.9814528010305,32.439682750936,"PLA: T1 vs T2"
"JPH2",42.8430145714659,31.549472262298,42.8430145714659,"PLA: T1 vs T2"
"PTMS",44.3749431843163,45.2802945097784,45.2802945097784,"PLA: T1 vs T2"
"ART3",35.6778182268727,27.2606151669577,35.6778182268727,"PLA: T1 vs T2"
"LAMC1",97.417002828936,153.73020381148,153.73020381148,"PLA: T1 vs T2"
"SRSF2",14.5353248915707,30.4214622715942,30.4214622715942,"PLA: T1 vs T2"
"ENDOG",29.1343377280648,55.8619321071963,55.8619321071963,"PLA: T1 vs T2"
"SYNGR2",34.1362310958656,18.2319891909483,34.1362310958656,"PLA: T1 vs T2"
"XRCC5",31.6284176178389,22.294324831136,31.6284176178389,"PLA: T1 vs T2"
"TMEM38A",54.3804541889899,72.2796389351681,72.2796389351681,"PLA: T1 vs T2"
"SDR39U1",65.6109250521159,23.541218307817,65.6109250521159,"PLA: T1 vs T2"
"TMLHE",20.4217108846518,23.1914216535906,23.1914216535906,"PLA: T1 vs T2"
"SYNJ2BP",25.8694296435245,9.7512575712125,25.8694296435245,"PLA: T1 vs T2"
"PLCD4",40.228819468776,22.8984318422092,40.228819468776,"PLA: T1 vs T2"
"SNRPD1",32.6446798815532,55.3070102843287,55.3070102843287,"PLA: T1 vs T2"
"PRKG1",37.3713195557636,44.7360704143806,44.7360704143806,"PLA: T1 vs T2"
"OPA1",33.9338439372162,7.78354541349695,33.9338439372162,"PLA: T1 vs T2"
"SEC22B",61.7296365202405,19.6691188031065,61.7296365202405,"PLA: T1 vs T2"
"OXCT1",69.5623158542021,38.5171537339697,69.5623158542021,"PLA: T1 vs T2"
"PFDN6",27.499610752409,20.0274757870921,27.499610752409,"PLA: T1 vs T2"
"TSPO",67.0584640417985,47.8179135632204,67.0584640417985,"PLA: T1 vs T2"
"ALDH7A1",41.3755304840719,42.2201186641337,42.2201186641337,"PLA: T1 vs T2"
"PSMD11",24.1138228852615,10.5050659291058,24.1138228852615,"PLA: T1 vs T2"
"DNM1L",36.0612109572938,11.3369874434628,36.0612109572938,"PLA: T1 vs T2"
"NID1",100.356638576263,133.09026040736,133.09026040736,"PLA: T1 vs T2"
"HSD17B8",49.9455216503238,48.0837754850072,49.9455216503238,"PLA: T1 vs T2"
"SORBS1",116.024496815711,53.6966207494635,116.024496815711,"PLA: T1 vs T2"
"PDAP1",18.8466589493231,22.5167032387974,22.5167032387974,"PLA: T1 vs T2"
"HNRNPA3",44.8484332724835,69.0360999687573,69.0360999687573,"PLA: T1 vs T2"
"H1-0",21.2385356190415,42.5347449291423,42.5347449291423,"PLA: T1 vs T2"
"PARVA",100.159639456996,32.6671996853075,100.159639456996,"PLA: T1 vs T2"
"LACTB",39.5548757458803,29.6660262479864,39.5548757458803,"PLA: T1 vs T2"
"FSCN1",98.7143445997018,40.7833465904835,98.7143445997018,"PLA: T1 vs T2"
"JPH1",41.9994282820149,36.4171244929692,41.9994282820149,"PLA: T1 vs T2"
"RPS13",17.6664416435081,37.6503708909114,37.6503708909114,"PLA: T1 vs T2"
"RPL31",32.5266490630231,37.9879474451072,37.9879474451072,"PLA: T1 vs T2"
"TGFBI",63.9223823656648,124.401622167851,124.401622167851,"PLA: T1 vs T2"
"NSF",33.7478169093292,27.0744653755765,33.7478169093292,"PLA: T1 vs T2"
"PRMT5",28.8088288700367,25.2258428797899,28.8088288700367,"PLA: T1 vs T2"
"TOM1",38.8620352794437,20.8253044474873,38.8620352794437,"PLA: T1 vs T2"
"SELENOW",37.2318114933158,43.3973327063176,43.3973327063176,"PLA: T1 vs T2"
"COPS5",12.8887334633022,15.7267384624272,15.7267384624272,"PLA: T1 vs T2"
"DAG1",16.3598602524001,27.4342460007749,27.4342460007749,"PLA: T1 vs T2"
"SRP9",19.5558440314902,14.9717792936876,19.5558440314902,"PLA: T1 vs T2"
"PREB",10.4522762416223,38.8132964336856,38.8132964336856,"PLA: T1 vs T2"
"DCTN2",22.7043615131618,13.1179998473458,22.7043615131618,"PLA: T1 vs T2"
"PSMD4",16.7965803139195,24.9046258425937,24.9046258425937,"PLA: T1 vs T2"
"LONP1",17.4799703604659,19.5098483527097,19.5098483527097,"PLA: T1 vs T2"
"FUS",19.0496030397988,31.932115342587,31.932115342587,"PLA: T1 vs T2"
"CNN3",122.983940542292,84.7006652231251,122.983940542292,"PLA: T1 vs T2"
"COBL",15.7553325533785,42.3271259827909,42.3271259827909,"PLA: T1 vs T2"
"RTCB",3.63958644330749,16.8317380785696,16.8317380785696,"PLA: T1 vs T2"
"SEPTIN9",109.425309014596,37.1837919670539,109.425309014596,"PLA: T1 vs T2"
"RPL38",28.9572042539179,20.0016154718699,28.9572042539179,"PLA: T1 vs T2"
"EIF2S1",15.6230964612958,12.9654866239577,15.6230964612958,"PLA: T1 vs T2"
"SLC25A20",25.4144942583241,36.8783294485964,36.8783294485964,"PLA: T1 vs T2"
"ARHGAP1",75.655522393366,57.8956495060064,75.655522393366,"PLA: T1 vs T2"
"COPS7A",21.099669259931,20.3229701979656,21.099669259931,"PLA: T1 vs T2"
"ELOC",16.6731949123971,10.0502072681593,16.6731949123971,"PLA: T1 vs T2"
"DBT",27.4919358210897,18.5448858536853,27.4919358210897,"PLA: T1 vs T2"
"BDH1",38.2144441336184,58.2518367257103,58.2518367257103,"PLA: T1 vs T2"
"PAFAH1B1",32.8433964438953,16.9104204382683,32.8433964438953,"PLA: T1 vs T2"
"NEK7",28.7735659056977,24.9060003822317,28.7735659056977,"PLA: T1 vs T2"
"MRPS36",23.0509790095165,21.5401874962432,23.0509790095165,"PLA: T1 vs T2"
"ERI3",44.996006249241,20.6595064595516,44.996006249241,"PLA: T1 vs T2"
"UBE2M",28.9088302312115,12.4007323842302,28.9088302312115,"PLA: T1 vs T2"
"RPL8",47.9443298840673,43.8823641298209,47.9443298840673,"PLA: T1 vs T2"
"NDUFS4",34.7496422233821,30.8839391376992,34.7496422233821,"PLA: T1 vs T2"
"RPS17",16.8994523299446,18.6515505067067,18.6515505067067,"PLA: T1 vs T2"
"RAP2B",20.3619593326025,51.2318171510943,51.2318171510943,"PLA: T1 vs T2"
"TMED10",31.3372316905226,35.9964769793527,35.9964769793527,"PLA: T1 vs T2"
"VPS4A",38.8649770940213,22.7701426291188,38.8649770940213,"PLA: T1 vs T2"
"SGCA",44.6813367038845,24.0096542413282,44.6813367038845,"PLA: T1 vs T2"
"PRKAA2",17.2204067695731,34.1315013051303,34.1315013051303,"PLA: T1 vs T2"
"DNPEP",9.51054934610358,19.5718483813306,19.5718483813306,"PLA: T1 vs T2"
"PLPBP",49.4667071686408,31.4500754331619,49.4667071686408,"PLA: T1 vs T2"
"RAB14",49.1412292621907,24.4902041369616,49.1412292621907,"PLA: T1 vs T2"
"RPL13",66.9538301651257,48.9380649876901,66.9538301651257,"PLA: T1 vs T2"
"RALA",57.8062332558908,17.8658960950221,57.8062332558908,"PLA: T1 vs T2"
"KIF5B",29.0983349216852,18.7748665594322,29.0983349216852,"PLA: T1 vs T2"
"PSMD1",14.4663435719517,21.526192606737,21.526192606737,"PLA: T1 vs T2"
"PFDN1",41.8916427804322,41.3655901169587,41.8916427804322,"PLA: T1 vs T2"
"SCCPDH",25.1042615710047,21.6417704982762,25.1042615710047,"PLA: T1 vs T2"
"SLMAP",17.6589888677755,34.4425207954111,34.4425207954111,"PLA: T1 vs T2"
"GCDH",18.2378396788928,18.0880649000566,18.2378396788928,"PLA: T1 vs T2"
"MGLL",133.411292020467,43.9776703757752,133.411292020467,"PLA: T1 vs T2"
"SCRN3",63.6535603560204,37.6882676844475,63.6535603560204,"PLA: T1 vs T2"
"MECR",35.9981607838285,29.4152757796301,35.9981607838285,"PLA: T1 vs T2"
"TRAP1",38.0694033604697,21.7493718763619,38.0694033604697,"PLA: T1 vs T2"
"DENR",8.75406777748708,43.5952712870325,43.5952712870325,"PLA: T1 vs T2"
"ENDOD1",23.6746760861409,15.9909664410896,23.6746760861409,"PLA: T1 vs T2"
"COQ10B",44.2458578134141,63.0698293087619,63.0698293087619,"PLA: T1 vs T2"
"SEPTIN2",83.5815866136708,22.8826201429813,83.5815866136708,"PLA: T1 vs T2"
"UBE2K",19.6670666589325,16.0835616359315,19.6670666589325,"PLA: T1 vs T2"
"EPRS1",16.8305939506767,19.5399319189722,19.5399319189722,"PLA: T1 vs T2"
"GPS1",27.3413468532113,8.00819213967575,27.3413468532113,"PLA: T1 vs T2"
"PANK4",29.6391567448156,19.4192483189947,29.6391567448156,"PLA: T1 vs T2"
"HNRNPR",33.2192282827602,21.6896036089576,33.2192282827602,"PLA: T1 vs T2"
"AP2A1",28.3753840269426,13.0887638471869,28.3753840269426,"PLA: T1 vs T2"
"NAPRT",20.3010809075966,33.6595075365571,33.6595075365571,"PLA: T1 vs T2"
"PEPD",12.6445983787635,10.5192012148263,12.6445983787635,"PLA: T1 vs T2"
"SULT1A1",81.555029286644,43.5870119123831,81.555029286644,"PLA: T1 vs T2"
"RPS21",11.9947076363541,26.6991972116178,26.6991972116178,"PLA: T1 vs T2"
"ERAP1",42.6086020641668,12.2723131390199,42.6086020641668,"PLA: T1 vs T2"
"ERGIC1",17.8325199263261,23.270759936636,23.270759936636,"PLA: T1 vs T2"
"RPS15",37.3374566209606,128.398020620091,128.398020620091,"PLA: T1 vs T2"
"PLIN2",35.03927774314,60.3095413210267,60.3095413210267,"PLA: T1 vs T2"
"EFEMP1",128.872059966506,47.9143089905373,128.872059966506,"PLA: T1 vs T2"
"IVD",27.2875867106817,25.5474441754503,27.2875867106817,"PLA: T1 vs T2"
"RPL17",35.9880778042821,47.9438194871468,47.9438194871468,"PLA: T1 vs T2"
"SYNCRIP",31.1165743928979,25.3413475967594,31.1165743928979,"PLA: T1 vs T2"
"PTBP1",95.7318483858335,52.6978513693518,95.7318483858335,"PLA: T1 vs T2"
"RPS8",17.650167756403,20.2515763668545,20.2515763668545,"PLA: T1 vs T2"
"SPRYD4",46.021744866225,28.2436139165839,46.021744866225,"PLA: T1 vs T2"
"DPP3",21.1382459663613,31.9232898620007,31.9232898620007,"PLA: T1 vs T2"
"CCS",39.5117564074126,57.8279715873097,57.8279715873097,"PLA: T1 vs T2"
"MT-ATP8",32.8832067413976,24.1232403659132,32.8832067413976,"PLA: T1 vs T2"
"OCIAD1",29.7126753297994,33.416028570314,33.416028570314,"PLA: T1 vs T2"
"TNS1",98.5422502153935,42.658342439805,98.5422502153935,"PLA: T1 vs T2"
"EIF3A",14.2944955997297,14.5183142022749,14.5183142022749,"PLA: T1 vs T2"
"PURA",12.4179936960287,44.5727101331988,44.5727101331988,"PLA: T1 vs T2"
"ESYT1",90.9161352391826,55.6313984926866,90.9161352391826,"PLA: T1 vs T2"
"SUCLG2",30.0097668864523,28.0502032562609,30.0097668864523,"PLA: T1 vs T2"
"DDOST",21.3433071621048,29.0821374279032,29.0821374279032,"PLA: T1 vs T2"
"VARS1",32.6784296213194,13.2476092235042,32.6784296213194,"PLA: T1 vs T2"
"RPL27",16.8662192391715,46.4216612884086,46.4216612884086,"PLA: T1 vs T2"
"ITGA7",70.197674023872,12.0876146505221,70.197674023872,"PLA: T1 vs T2"
"NPLOC4",44.1140221376487,6.47017978455288,44.1140221376487,"PLA: T1 vs T2"
"FECH",30.7034132222103,17.0567034050823,30.7034132222103,"PLA: T1 vs T2"
"GLIPR2",84.291118048007,64.8163017424975,84.291118048007,"PLA: T1 vs T2"
"NIBAN1",19.8254131295259,25.4321818477248,25.4321818477248,"PLA: T1 vs T2"
"ISOC1",29.4047285901869,8.69716065820329,29.4047285901869,"PLA: T1 vs T2"
"ABHD10",29.6700391473829,22.9046489570239,29.6700391473829,"PLA: T1 vs T2"
"NDUFA11",10.3804016969234,55.7729662551632,55.7729662551632,"PLA: T1 vs T2"
"TRIM54",38.3328589359591,38.3406980465177,38.3406980465177,"PLA: T1 vs T2"
"SNRPD3",14.0659342097969,26.2127555153154,26.2127555153154,"PLA: T1 vs T2"
"ME2",42.0168435606613,30.9721353728213,42.0168435606613,"PLA: T1 vs T2"
"PSMC4",29.3273173932972,15.4956711718646,29.3273173932972,"PLA: T1 vs T2"
"RTCA",32.1463868022753,28.5131873607524,32.1463868022753,"PLA: T1 vs T2"
"NDUFB5",40.3806547475349,28.0853061022105,40.3806547475349,"PLA: T1 vs T2"
"ERLIN2",19.3219988700504,25.0286018952516,25.0286018952516,"PLA: T1 vs T2"
"PDCD6",40.1337297318945,19.9658202640188,40.1337297318945,"PLA: T1 vs T2"
"LXN",64.8394370248253,33.4927485345345,64.8394370248253,"PLA: T1 vs T2"
"VAMP3",36.6416082901319,31.0061204465987,36.6416082901319,"PLA: T1 vs T2"
"LYPLA2",28.1998515432846,18.6790343914736,28.1998515432846,"PLA: T1 vs T2"
"VAMP2",63.2636432137674,50.5600698661589,63.2636432137674,"PLA: T1 vs T2"
"RPL7A",14.6132311413937,39.4061042817004,39.4061042817004,"PLA: T1 vs T2"
"UBE2I",35.4268528288217,46.401470056238,46.401470056238,"PLA: T1 vs T2"
"NRAP",58.1321562105299,58.0709528426677,58.1321562105299,"PLA: T1 vs T2"
"PSMC5",12.8116191377349,12.8624552157508,12.8624552157508,"PLA: T1 vs T2"
"PRKAG1",50.6429939539867,29.0138623228275,50.6429939539867,"PLA: T1 vs T2"
"XRCC6",21.3490699035068,20.5779688487598,21.3490699035068,"PLA: T1 vs T2"
"PAICS",19.8624409472705,20.3175597095757,20.3175597095757,"PLA: T1 vs T2"
"MTAP",30.3761364485386,19.9630663990621,30.3761364485386,"PLA: T1 vs T2"
"SLC16A1",28.9881623751188,31.3270570019426,31.3270570019426,"PLA: T1 vs T2"
"HLA-DRA",43.0947980509206,22.705123600109,43.0947980509206,"PLA: T1 vs T2"
"FAM114A2",29.7074473025719,22.6383428952752,29.7074473025719,"PLA: T1 vs T2"
"CPPED1",58.70678800966,32.8670744901229,58.70678800966,"PLA: T1 vs T2"
"RPN2",17.0263393143725,44.9347642024468,44.9347642024468,"PLA: T1 vs T2"
"CYB5B",34.8065908498114,53.6058948384449,53.6058948384449,"PLA: T1 vs T2"
"NAMPT",24.4701396508736,46.8681063570859,46.8681063570859,"PLA: T1 vs T2"
"CAMK2A",52.9726213640287,27.5627478474384,52.9726213640287,"PLA: T1 vs T2"
"SGTA",27.3494400149563,19.776796323105,27.3494400149563,"PLA: T1 vs T2"
"CNN2",73.1609676828745,67.46798140733,73.1609676828745,"PLA: T1 vs T2"
"IAH1",40.6599376217046,22.3833223862442,40.6599376217046,"PLA: T1 vs T2"
"UBAC1",34.5964214179786,22.5851756684337,34.5964214179786,"PLA: T1 vs T2"
"CLTB",49.154348723603,18.4254800587292,49.154348723603,"PLA: T1 vs T2"
"HNRNPA1",28.4470390531726,29.9487522789291,29.9487522789291,"PLA: T1 vs T2"
"SUOX",32.4394291160991,19.6804859662731,32.4394291160991,"PLA: T1 vs T2"
"HSPB8",28.3507436285853,108.298086015183,108.298086015183,"PLA: T1 vs T2"
"PSMD9",44.4346843310345,30.1304476447674,44.4346843310345,"PLA: T1 vs T2"
"MCEE",31.537898915213,10.8488317591558,31.537898915213,"PLA: T1 vs T2"
"SIRT3",52.110976911578,37.5821667569518,52.110976911578,"PLA: T1 vs T2"
"XPNPEP1",21.6981904218434,22.8905204409404,22.8905204409404,"PLA: T1 vs T2"
"MAPRE1",27.1648078370256,20.3963039451306,27.1648078370256,"PLA: T1 vs T2"
"SRSF1",25.0472023519011,28.520953138092,28.520953138092,"PLA: T1 vs T2"
"SHMT1",27.9701237707502,11.684425664812,27.9701237707502,"PLA: T1 vs T2"
"SRSF6",29.6926517211183,29.1565499478975,29.6926517211183,"PLA: T1 vs T2"
"HNRNPH2",22.7354990675725,24.1076637448363,24.1076637448363,"PLA: T1 vs T2"
"TMEM205",38.593494020511,17.1965353525816,38.593494020511,"PLA: T1 vs T2"
"ERP29",17.0572747670125,23.9142312643118,23.9142312643118,"PLA: T1 vs T2"
"DNM2",14.7232875775536,21.8972312845765,21.8972312845765,"PLA: T1 vs T2"
"CACNB1",45.7308415743876,17.6998402706603,45.7308415743876,"PLA: T1 vs T2"
"VTA1",23.6932105008039,47.0001906427947,47.0001906427947,"PLA: T1 vs T2"
"ACY1",33.2279959153974,25.3520899679859,33.2279959153974,"PLA: T1 vs T2"
"CALD1",94.8695868038933,60.4315443552589,94.8695868038933,"PLA: T1 vs T2"
"RPL35A",60.7646511709605,7.97051823027543,60.7646511709605,"PLA: T1 vs T2"
"RANBP1",51.8590816381323,41.0375767241169,51.8590816381323,"PLA: T1 vs T2"
"STUB1",43.7962571019443,28.2163267940517,43.7962571019443,"PLA: T1 vs T2"
"METAP2",36.0709598303901,24.022095708996,36.0709598303901,"PLA: T1 vs T2"
"CARNS1",69.1895387805124,42.595519469279,69.1895387805124,"PLA: T1 vs T2"
"BZW1",24.1005038100564,26.2175082055957,26.2175082055957,"PLA: T1 vs T2"
"CTSG",102.014838192692,61.5457842298738,102.014838192692,"PLA: T1 vs T2"
"MAPK12",40.2253056298187,41.2646212648854,41.2646212648854,"PLA: T1 vs T2"
"MTX2",72.1375741703434,30.4017861541008,72.1375741703434,"PLA: T1 vs T2"
"GCLM",78.9398091881581,75.2806656016139,78.9398091881581,"PLA: T1 vs T2"
"SYPL1",32.9046711684185,17.6108289038261,32.9046711684185,"PLA: T1 vs T2"
"FERMT2",52.561307280024,28.4868392529534,52.561307280024,"PLA: T1 vs T2"
"HNRNPU",48.3485741326074,22.4357039121243,48.3485741326074,"PLA: T1 vs T2"
"NIT1",44.8318473851533,27.2802217057602,44.8318473851533,"PLA: T1 vs T2"
"COQ5",40.1720904183502,21.2838024381556,40.1720904183502,"PLA: T1 vs T2"
"RNF123",42.8327742867251,22.4567235101684,42.8327742867251,"PLA: T1 vs T2"
"COPB2",34.9067871053142,52.6425524609078,52.6425524609078,"PLA: T1 vs T2"
"SYNM",51.9760826607196,121.196853595096,121.196853595096,"PLA: T1 vs T2"
"SEC23A",17.3717261215206,38.6982238784496,38.6982238784496,"PLA: T1 vs T2"
"USO1",27.6908835762755,18.4215860484213,27.6908835762755,"PLA: T1 vs T2"
"SARS1",18.12241572903,32.0962104919707,32.0962104919707,"PLA: T1 vs T2"
"GARS1",23.2541148749728,27.5028755279559,27.5028755279559,"PLA: T1 vs T2"
"GMFG",52.9434241169312,47.9983877594602,52.9434241169312,"PLA: T1 vs T2"
"ASPA",40.1231061324793,49.3809623235241,49.3809623235241,"PLA: T1 vs T2"
"PGM2",62.5611577397056,19.561742327345,62.5611577397056,"PLA: T1 vs T2"
"KRAS",65.750302641486,14.2025921748137,65.750302641486,"PLA: T1 vs T2"
"THAP4",33.3013363200157,38.789318029996,38.789318029996,"PLA: T1 vs T2"
"NIF3L1",17.6161620374156,19.3700976339331,19.3700976339331,"PLA: T1 vs T2"
"RNF7",70.9023196553362,34.1668451210804,70.9023196553362,"PLA: T1 vs T2"
"RPS11",3.69523675608691,48.8256789375045,48.8256789375045,"PLA: T1 vs T2"
"RPL30",20.8644896134305,66.8774690880215,66.8774690880215,"PLA: T1 vs T2"
"LIMS1",44.6942332545746,32.6390958363851,44.6942332545746,"PLA: T1 vs T2"
"DDAH2",120.6183183567,56.5446005691836,120.6183183567,"PLA: T1 vs T2"
"TLN2",70.8486686257264,36.9073870988557,70.8486686257264,"PLA: T1 vs T2"
"PTRHD1",62.2202895942688,45.0359053667845,62.2202895942688,"PLA: T1 vs T2"
"FAHD1",26.5865281841431,30.4377968619315,30.4377968619315,"PLA: T1 vs T2"
"MCM3AP",68.3758050503169,42.7361665934462,68.3758050503169,"PLA: T1 vs T2"
"HSD17B12",35.3441701811899,35.5554286742979,35.5554286742979,"PLA: T1 vs T2"
"EPB41L2",119.755400293753,51.585740274877,119.755400293753,"PLA: T1 vs T2"
"HNRNPDL",16.9819815261402,29.5469993503501,29.5469993503501,"PLA: T1 vs T2"
"SEPTIN11",82.9535476400917,34.5452272023567,82.9535476400917,"PLA: T1 vs T2"
"UFM1",17.4383970485983,21.8885852519045,21.8885852519045,"PLA: T1 vs T2"
"PPP5C",23.0995430359158,22.2377419679231,23.0995430359158,"PLA: T1 vs T2"
"CNBP",46.7722821461604,27.0071491694276,46.7722821461604,"PLA: T1 vs T2"
"ATP6V1E1",64.5016738869199,35.5857338563599,64.5016738869199,"PLA: T1 vs T2"
"RTN3",109.190042133951,46.563817608772,109.190042133951,"PLA: T1 vs T2"
"MAPK3",82.4905845141195,33.8798657301328,82.4905845141195,"PLA: T1 vs T2"
"PUF60",15.0481073589606,49.9987206381084,49.9987206381084,"PLA: T1 vs T2"
"PICALM",62.6280536891382,61.1418823648687,62.6280536891382,"PLA: T1 vs T2"
"COX19",19.4688617245999,20.8160594150243,20.8160594150243,"PLA: T1 vs T2"
"ACAT2",52.0057044618784,33.307333015264,52.0057044618784,"PLA: T1 vs T2"
"PDIA4",67.7916586134955,26.1040434849095,67.7916586134955,"PLA: T1 vs T2"
"FAM136A",26.6685620064524,24.6702253999124,26.6685620064524,"PLA: T1 vs T2"
"VPS35",67.9782433637534,45.4832545046292,67.9782433637534,"PLA: T1 vs T2"
"PRKAA1",52.8187143454961,24.5204897804509,52.8187143454961,"PLA: T1 vs T2"
"COA6",38.8274056604581,30.4561177898071,38.8274056604581,"PLA: T1 vs T2"
"RPL6",40.1860516721221,42.0071657624614,42.0071657624614,"PLA: T1 vs T2"
"MCU",44.3174234685796,21.5839505808247,44.3174234685796,"PLA: T1 vs T2"
"VPS26A",25.1958540553118,28.4279940435096,28.4279940435096,"PLA: T1 vs T2"
"ARPP19",37.950450774483,25.3642228779008,37.950450774483,"PLA: T1 vs T2"
"ARPC2",85.7375369193939,24.3538541012627,85.7375369193939,"PLA: T1 vs T2"
"GSTM4",108.246316141665,112.070037897244,112.070037897244,"PLA: T1 vs T2"
"OPTN",23.7730776158852,41.1887725161372,41.1887725161372,"PLA: T1 vs T2"
"ARF6",49.9015334065959,20.5615123221033,49.9015334065959,"PLA: T1 vs T2"
"PRDX4",34.3882380078273,19.8074773837424,34.3882380078273,"PLA: T1 vs T2"
"DYNC1LI2",69.4586832381292,48.3086807557579,69.4586832381292,"PLA: T1 vs T2"
"TPP2",27.6083474367411,23.5258700588773,27.6083474367411,"PLA: T1 vs T2"
"HMBS",63.3737123133351,54.6267513288797,63.3737123133351,"PLA: T1 vs T2"
"AIMP1",38.1450198994182,26.8362626414771,38.1450198994182,"PLA: T1 vs T2"
"AHSA1",29.652545572821,30.1353557000695,30.1353557000695,"PLA: T1 vs T2"
"CRIP2",56.1898864932517,68.0255497568942,68.0255497568942,"PLA: T1 vs T2"
"ACTR3",53.3946452623584,34.4064892929027,53.3946452623584,"PLA: T1 vs T2"
"TIPRL",29.2424408096486,20.3984595805277,29.2424408096486,"PLA: T1 vs T2"
"PPM1B",51.7555901038671,8.90536070405255,51.7555901038671,"PLA: T1 vs T2"
"HIKESHI",39.3118152687909,36.9173445564349,39.3118152687909,"PLA: T1 vs T2"
"QARS1",29.0136680757934,19.7372420709654,29.0136680757934,"PLA: T1 vs T2"
"LGALS3BP",50.2397109926187,50.1012515736787,50.2397109926187,"PLA: T1 vs T2"
"USP9X",28.2353698128967,37.5056749557489,37.5056749557489,"PLA: T1 vs T2"
"KCTD12",65.3423167466692,49.5014465061534,65.3423167466692,"PLA: T1 vs T2"
"PITHD1",37.805977525886,28.7106071484185,37.805977525886,"PLA: T1 vs T2"
"TMX4",31.321421668532,34.477581860023,34.477581860023,"PLA: T1 vs T2"
"TGM2",66.078255707301,72.3498873006431,72.3498873006431,"PLA: T1 vs T2"
"MMUT",29.4460024812832,29.8586304770363,29.8586304770363,"PLA: T1 vs T2"
"TBCB",37.3358172527999,24.6170946022582,37.3358172527999,"PLA: T1 vs T2"
"NUDT3",20.867821938533,30.851776307271,30.851776307271,"PLA: T1 vs T2"
"NDUFA3",60.0483169073959,23.6210466865786,60.0483169073959,"PLA: T1 vs T2"
"ACAD8",44.6119148447247,27.813700042169,44.6119148447247,"PLA: T1 vs T2"
"SUB1",15.1669905646291,34.0942337387954,34.0942337387954,"PLA: T1 vs T2"
"ADK",38.816009170377,15.8416625601545,38.816009170377,"PLA: T1 vs T2"
"SSB",38.7316394370913,13.5771161493089,38.7316394370913,"PLA: T1 vs T2"
"LAMP1",84.3613197584586,36.5856972354112,84.3613197584586,"PLA: T1 vs T2"
"EIF1AX",26.5573333805516,19.7266946414735,26.5573333805516,"PLA: T1 vs T2"
"CSDE1",43.7535397961066,23.1252829018104,43.7535397961066,"PLA: T1 vs T2"
"FBLN2",76.0958024856159,40.3246539331516,76.0958024856159,"PLA: T1 vs T2"
"RAB1A",30.8148430465979,41.0850642016167,41.0850642016167,"PLA: T1 vs T2"
"MPP1",73.1902620138442,35.4583055371297,73.1902620138442,"PLA: T1 vs T2"
"HMGCL",27.5718754774078,17.347977155656,27.5718754774078,"PLA: T1 vs T2"
"CCDC58",50.154608046937,34.0397208377041,50.154608046937,"PLA: T1 vs T2"
"LAMTOR3",38.8450578978973,20.9619854392428,38.8450578978973,"PLA: T1 vs T2"
"DDX1",17.462556900056,19.9765141172145,19.9765141172145,"PLA: T1 vs T2"
"AP2B1",32.694261024269,22.5776461669888,32.694261024269,"PLA: T1 vs T2"
"HINT3",46.5290104396128,28.4083021242254,46.5290104396128,"PLA: T1 vs T2"
"MPC1",44.6545301683415,68.9211829503738,68.9211829503738,"PLA: T1 vs T2"
"PSMD6",20.2131102496116,12.2144916825733,20.2131102496116,"PLA: T1 vs T2"
"LDHD",51.3332774305004,65.6175300342789,65.6175300342789,"PLA: T1 vs T2"
"NAP1L1",18.4403082999476,10.3902683017065,18.4403082999476,"PLA: T1 vs T2"
"HLA-A",50.0731289262068,36.2958344259782,50.0731289262068,"PLA: T1 vs T2"
"HNRNPC",47.3298825445828,25.8260898146566,47.3298825445828,"PLA: T1 vs T2"
"APEX1",29.5494514906075,27.0968553521216,29.5494514906075,"PLA: T1 vs T2"
"FXYD1",60.4803056975786,39.9726648954135,60.4803056975786,"PLA: T1 vs T2"
"ADPRHL2",31.4384440680289,28.7214246068919,31.4384440680289,"PLA: T1 vs T2"
"COA3",35.4054627327582,29.8674400555879,35.4054627327582,"PLA: T1 vs T2"
"CNIH4",37.3539846151711,37.3993052337986,37.3993052337986,"PLA: T1 vs T2"
"DTD1",35.0943063182275,36.9299646937547,36.9299646937547,"PLA: T1 vs T2"
"ACTR2",44.4122190902432,19.331394004286,44.4122190902432,"PLA: T1 vs T2"
"SLIRP",22.0236949551754,18.3055332298891,22.0236949551754,"PLA: T1 vs T2"
"UBXN1",13.1387155395813,14.4581603778816,14.4581603778816,"PLA: T1 vs T2"
"NPEPL1",57.6488989775251,3.78399855003719,57.6488989775251,"PLA: T1 vs T2"
"MSI2",27.9137293005876,27.2774160307882,27.9137293005876,"PLA: T1 vs T2"
"VPS29",18.3689372773379,27.7924858479633,27.7924858479633,"PLA: T1 vs T2"
"RPS14",26.6690696362472,31.4026667887072,31.4026667887072,"PLA: T1 vs T2"
"DDX19A",31.5849598139108,12.6107389934455,31.5849598139108,"PLA: T1 vs T2"
"EIF4E",20.3278259673032,17.1667159429815,20.3278259673032,"PLA: T1 vs T2"
"DYNC1I2",17.0182808145306,16.4181244390234,17.0182808145306,"PLA: T1 vs T2"
"TNXB",64.2697114611024,110.260183452013,110.260183452013,"PLA: T1 vs T2"
"SSBP1",41.1570435299094,25.4312906524226,41.1570435299094,"PLA: T1 vs T2"
"PPP1R2",50.8601867991019,24.318977848543,50.8601867991019,"PLA: T1 vs T2"
"TIMM44",49.7775224240984,28.50720886877,49.7775224240984,"PLA: T1 vs T2"
"METTL26",40.0170182896352,4.42108432385199,40.0170182896352,"PLA: T1 vs T2"
"IBA57",22.5464536084387,27.9836678457424,27.9836678457424,"PLA: T1 vs T2"
"XPO1",18.361504432005,19.5583248739697,19.5583248739697,"PLA: T1 vs T2"
"RPL24",28.4503047943304,13.5385752057729,28.4503047943304,"PLA: T1 vs T2"
"FBLN5",103.484297228789,45.2333076497274,103.484297228789,"PLA: T1 vs T2"
"ATP6V1A",22.359021350937,26.2125945277347,26.2125945277347,"PLA: T1 vs T2"
"ARMT1",35.6745566563796,28.572090944798,35.6745566563796,"PLA: T1 vs T2"
"MLEC",15.4963543397754,35.4155565926848,35.4155565926848,"PLA: T1 vs T2"
"NXN",43.5601056292663,43.0228419148672,43.5601056292663,"PLA: T1 vs T2"
"EIF3B",22.143034113256,14.9655485762122,22.143034113256,"PLA: T1 vs T2"
"DDX39B",7.13432544907045,18.216954541047,18.216954541047,"PLA: T1 vs T2"
"SNX12",21.5059066071737,73.7129194344766,73.7129194344766,"PLA: T1 vs T2"
"DTNA",43.6952605427065,63.2143889749476,63.2143889749476,"PLA: T1 vs T2"
"NT5DC1",38.1683322309939,47.9516130066969,47.9516130066969,"PLA: T1 vs T2"
"GLUL",42.3072908424946,23.1501052076479,42.3072908424946,"PLA: T1 vs T2"
"GLRX3",22.5154180156492,24.1359345913439,24.1359345913439,"PLA: T1 vs T2"
"GNA11",69.8533193963683,28.6943717599575,69.8533193963683,"PLA: T1 vs T2"
"SPPL2A",36.7998850983173,34.9131099185383,36.7998850983173,"PLA: T1 vs T2"
"RPL9",29.7709284225965,46.3587499860456,46.3587499860456,"PLA: T1 vs T2"
"PPM1A",34.0337541463285,17.9123432488012,34.0337541463285,"PLA: T1 vs T2"
"VPS25",31.6476573850443,7.21646532530611,31.6476573850443,"PLA: T1 vs T2"
"MT-ND3",50.460788196478,43.2098495166958,50.460788196478,"PLA: T1 vs T2"
"GMPR",34.7173104107503,34.3828500926097,34.7173104107503,"PLA: T1 vs T2"
"CHMP2A",63.4653951649003,26.8614353716956,63.4653951649003,"PLA: T1 vs T2"
"TRMT112",25.9016880404481,15.6020941161816,25.9016880404481,"PLA: T1 vs T2"
"RPL15",43.2480757058633,23.4176343617668,43.2480757058633,"PLA: T1 vs T2"
"PFDN5",14.4427147191894,16.3124616080487,16.3124616080487,"PLA: T1 vs T2"
"RPIA",47.6906479952817,37.1362858362493,47.6906479952817,"PLA: T1 vs T2"
"RRAD",40.7019638475735,28.7945181681049,40.7019638475735,"PLA: T1 vs T2"
"RRAS2",42.4683969608071,23.5376214958033,42.4683969608071,"PLA: T1 vs T2"
"VPS13C",19.0631800500599,0.837238822033824,19.0631800500599,"PLA: T1 vs T2"
"IDI1",30.3772627765101,40.4843802687507,40.4843802687507,"PLA: T1 vs T2"
"RPL4",22.373155105731,30.0312907345708,30.0312907345708,"PLA: T1 vs T2"
"RARS1",31.6582339690841,21.6112833704864,31.6582339690841,"PLA: T1 vs T2"
"TXNDC5",63.0138860883334,36.6545748527706,63.0138860883334,"PLA: T1 vs T2"
"ABCF1",34.5710822826239,30.0035397604041,34.5710822826239,"PLA: T1 vs T2"
"PPIL3",48.4972684087643,16.8122891004118,48.4972684087643,"PLA: T1 vs T2"
"NT5C",43.0614514580116,39.4592070555042,43.0614514580116,"PLA: T1 vs T2"
"HDHD2",22.5656810959846,31.2224367863885,31.2224367863885,"PLA: T1 vs T2"
"PAK2",16.1995534693827,23.2630334282886,23.2630334282886,"PLA: T1 vs T2"
"DEPTOR",46.5819259211077,20.3312214828936,46.5819259211077,"PLA: T1 vs T2"
"PRPSAP2",41.5694284302347,40.1347538287903,41.5694284302347,"PLA: T1 vs T2"
"NLN",58.2026155926518,30.8242665213255,58.2026155926518,"PLA: T1 vs T2"
"BTF3L4",15.9264967434605,4.0143708843741,15.9264967434605,"PLA: T1 vs T2"
"CDV3",22.6272900205126,40.9115466320598,40.9115466320598,"PLA: T1 vs T2"
"EIF3E",18.1789335456504,26.1621483572934,26.1621483572934,"PLA: T1 vs T2"
"RAB5B",22.3836714208187,16.7199987590544,22.3836714208187,"PLA: T1 vs T2"
"SH3GLB1",17.9823454195376,16.8903996353963,17.9823454195376,"PLA: T1 vs T2"
"SNTB1",41.9916102401959,35.0606717282113,41.9916102401959,"PLA: T1 vs T2"
"GSPT1",17.4087986663715,16.8742745164951,17.4087986663715,"PLA: T1 vs T2"
"EIF2S3",13.5822837552137,6.06366777431764,13.5822837552137,"PLA: T1 vs T2"
"TIMM50",87.9647469044525,26.2344866356419,87.9647469044525,"PLA: T1 vs T2"
"IPO7",23.8095039161603,24.2645157972869,24.2645157972869,"PLA: T1 vs T2"
"DCTN1",9.98401958299555,16.6739680127405,16.6739680127405,"PLA: T1 vs T2"
"LMAN2",45.166475846048,34.2460861142418,45.166475846048,"PLA: T1 vs T2"
"NDUFV3",45.3794094143571,27.0490926562802,45.3794094143571,"PLA: T1 vs T2"
"DDX3X",20.0492655024686,26.4499319760374,26.4499319760374,"PLA: T1 vs T2"
"CUL4A",41.8369702704009,32.8910385217277,41.8369702704009,"PLA: T1 vs T2"
"ECHDC3",46.6931631494178,49.4780940856047,49.4780940856047,"PLA: T1 vs T2"
"LNPK",40.3990130147718,40.9317475592583,40.9317475592583,"PLA: T1 vs T2"
"DCUN1D1",48.3841643534943,54.3488535152675,54.3488535152675,"PLA: T1 vs T2"
"MSRB2",45.0571391978186,13.4838425476625,45.0571391978186,"PLA: T1 vs T2"
"PIN4",43.4932495895928,28.8130649123718,43.4932495895928,"PLA: T1 vs T2"
"SMS",53.2033203350122,30.8176392865891,53.2033203350122,"PLA: T1 vs T2"
"AGO2",44.0204339721742,49.3977008021601,49.3977008021601,"PLA: T1 vs T2"
"PPTC7",2.10240799684044,23.5858741441436,23.5858741441436,"PLA: T1 vs T2"
"RCN1",33.3138472794427,14.4606678441779,33.3138472794427,"PLA: T1 vs T2"
"UBXN6",33.5917526981748,22.0851118101379,33.5917526981748,"PLA: T1 vs T2"
"CUL3",14.8043780217416,26.2337293806782,26.2337293806782,"PLA: T1 vs T2"
"ADD1",68.2551156089712,36.3458785650642,68.2551156089712,"PLA: T1 vs T2"
"ATP6V1G1",17.6531762719852,26.4988853949758,26.4988853949758,"PLA: T1 vs T2"
"CLIP1",33.7382571245629,20.768093866241,33.7382571245629,"PLA: T1 vs T2"
"EIF3C",13.230963258435,31.8555253859246,31.8555253859246,"PLA: T1 vs T2"
"PSMD3",19.9342435448152,23.9889632049996,23.9889632049996,"PLA: T1 vs T2"
"ASNA1",24.7877697354868,18.9959487286927,24.7877697354868,"PLA: T1 vs T2"
"DHX9",25.7341030236595,30.9057707356259,30.9057707356259,"PLA: T1 vs T2"
"ATPAF2",28.3915212509577,27.56084127073,28.3915212509577,"PLA: T1 vs T2"
"EIF3G",23.2274281150842,17.9370065201203,23.2274281150842,"PLA: T1 vs T2"
"COX17",47.5911037917196,40.8941650215746,47.5911037917196,"PLA: T1 vs T2"
"SURF1",38.5883912532161,45.6520216843887,45.6520216843887,"PLA: T1 vs T2"
"AHCYL1",21.246033146246,23.7371694499889,23.7371694499889,"PLA: T1 vs T2"
"STXBP3",40.6467331455666,21.3446178493333,40.6467331455666,"PLA: T1 vs T2"
"TMEM256",11.0651774820227,19.5137990331382,19.5137990331382,"PLA: T1 vs T2"
"GYPC",43.2675887991782,44.5209204375686,44.5209204375686,"PLA: T1 vs T2"
"TBC1D17",42.5747916046078,25.4621653818776,42.5747916046078,"PLA: T1 vs T2"
"EML1",35.3266331017358,35.3072912543691,35.3266331017358,"PLA: T1 vs T2"
"SCARB2",15.1315380186719,34.0372392082269,34.0372392082269,"PLA: T1 vs T2"
"CNP",126.886908608201,15.9637738521507,126.886908608201,"PLA: T1 vs T2"
"RCN2",26.9154111867669,14.4856357687647,26.9154111867669,"PLA: T1 vs T2"
"PITRM1",41.8515862411511,21.0262500374164,41.8515862411511,"PLA: T1 vs T2"
"MAT2B",20.8122413931092,20.3085122530316,20.8122413931092,"PLA: T1 vs T2"
"CHCHD10",43.3823731623149,53.8926154840056,53.8926154840056,"PLA: T1 vs T2"
"CPNE1",30.2974032853166,34.0119240613448,34.0119240613448,"PLA: T1 vs T2"
"RBMX",50.3099766370627,38.806975837461,50.3099766370627,"PLA: T1 vs T2"
"CD63",57.3395827879506,56.1810283941914,57.3395827879506,"PLA: T1 vs T2"
"AP1B1",48.7212938398851,36.2379913647465,48.7212938398851,"PLA: T1 vs T2"
"PLIN5",51.030111295527,35.100426359331,51.030111295527,"PLA: T1 vs T2"
"IST1",25.3311338659427,14.4649900278058,25.3311338659427,"PLA: T1 vs T2"
"TMED2",24.0437481263396,37.3486293760624,37.3486293760624,"PLA: T1 vs T2"
"NDUFAF4",26.0547876008187,44.2877989356486,44.2877989356486,"PLA: T1 vs T2"
"SESN1",17.7725385672415,32.0486600350987,32.0486600350987,"PLA: T1 vs T2"
"GART",29.0912530283827,29.5972744761806,29.5972744761806,"PLA: T1 vs T2"
"OXSM",20.5095639390678,47.9896213527748,47.9896213527748,"PLA: T1 vs T2"
"TMEM143",40.2395677244126,36.4341687555548,40.2395677244126,"PLA: T1 vs T2"
"SMIM20",23.5754756879202,36.4811168322143,36.4811168322143,"PLA: T1 vs T2"
"MT-ND4",121.593683408699,54.579771428976,121.593683408699,"PLA: T1 vs T2"
"TMX3",29.727095937549,40.6015823497153,40.6015823497153,"PLA: T1 vs T2"
"ATP6V1B2",16.2269265547172,12.1292151174152,16.2269265547172,"PLA: T1 vs T2"
"STX7",69.1453788925003,40.3033412879404,69.1453788925003,"PLA: T1 vs T2"
"DYNLRB1",12.195249242647,8.18121132606884,12.195249242647,"PLA: T1 vs T2"
"RHOG",113.251488968458,25.4556593658871,113.251488968458,"PLA: T1 vs T2"
"RUVBL2",48.8621845676528,32.8790536992353,48.8621845676528,"PLA: T1 vs T2"
"CUL2",27.7047871260632,52.6962708590089,52.6962708590089,"PLA: T1 vs T2"
"HMGB2",35.0635112267343,47.1482866025277,47.1482866025277,"PLA: T1 vs T2"
"CPT1A",45.2735597491334,66.8919721219123,66.8919721219123,"PLA: T1 vs T2"
"SLC44A2",57.0034807871459,41.9511841995929,57.0034807871459,"PLA: T1 vs T2"
"SHMT2",26.6995293441931,13.5446824132661,26.6995293441931,"PLA: T1 vs T2"
"ZADH2",44.6920329246301,35.5345378276245,44.6920329246301,"PLA: T1 vs T2"
"CD38",45.3574932411941,10.5107309562983,45.3574932411941,"PLA: T1 vs T2"
"COPS3",32.1473401957528,13.9395458948742,32.1473401957528,"PLA: T1 vs T2"
"KYAT1",41.6568615586028,39.096994751787,41.6568615586028,"PLA: T1 vs T2"
"TMOD1",62.8692465943125,121.37259447657,121.37259447657,"PLA: T1 vs T2"
"SRM",59.1815753049964,39.9011104941636,59.1815753049964,"PLA: T1 vs T2"
"EEA1",52.0830774832382,16.454474767868,52.0830774832382,"PLA: T1 vs T2"
"RAB2B",21.7975146388299,14.3979545334344,21.7975146388299,"PLA: T1 vs T2"
"RDH14",12.3382505424283,33.6465520258726,33.6465520258726,"PLA: T1 vs T2"
"GABARAPL2",50.4494897122407,25.6325487608099,50.4494897122407,"PLA: T1 vs T2"
"CUL1",44.1302527309888,22.1065210078653,44.1302527309888,"PLA: T1 vs T2"
"INPP1",39.2351698423674,39.4092845178313,39.4092845178313,"PLA: T1 vs T2"
"HNRNPH3",18.0452979388786,36.3944150246634,36.3944150246634,"PLA: T1 vs T2"
"ALDH16A1",37.5927507403028,29.3641043636771,37.5927507403028,"PLA: T1 vs T2"
"HEBP1",60.4920453017979,50.2042996071851,60.4920453017979,"PLA: T1 vs T2"
"PARVB",47.3510055732831,55.6348205914847,55.6348205914847,"PLA: T1 vs T2"
"RMDN1",29.6394998951393,19.8138862204183,29.6394998951393,"PLA: T1 vs T2"
"H6PD",11.8494342846751,15.6994522293234,15.6994522293234,"PLA: T1 vs T2"
"NAE1",26.9303627798649,26.817971999662,26.9303627798649,"PLA: T1 vs T2"
"MIEN1",39.8057812991157,31.7393508326669,39.8057812991157,"PLA: T1 vs T2"
"RBBP4",31.521175224583,25.9134666438013,31.521175224583,"PLA: T1 vs T2"
"EIF3F",25.1868458444424,29.7600000896568,29.7600000896568,"PLA: T1 vs T2"
"FN3KRP",31.1413784285931,19.4496699403365,31.1413784285931,"PLA: T1 vs T2"
"VPS4B",17.9236112667133,23.4305477862,23.4305477862,"PLA: T1 vs T2"
"RPS27",38.910690398584,31.5268509508397,38.910690398584,"PLA: T1 vs T2"
"IDE",34.5966337746142,26.0809477007238,34.5966337746142,"PLA: T1 vs T2"
"CLIC4",59.2213240836695,50.9525776679214,59.2213240836695,"PLA: T1 vs T2"
"NFU1",34.9331707011047,24.3809882119581,34.9331707011047,"PLA: T1 vs T2"
"NANS",49.3977107745334,31.130201061561,49.3977107745334,"PLA: T1 vs T2"
"RPL11",39.7135883828655,43.1908579328838,43.1908579328838,"PLA: T1 vs T2"
"RASA4",15.9186584438431,16.1956665423805,16.1956665423805,"PLA: T1 vs T2"
"YKT6",21.775589207009,31.2164378059466,31.2164378059466,"PLA: T1 vs T2"
"PYURF",34.2850799854993,52.5614628986648,52.5614628986648,"PLA: T1 vs T2"
"LACTB2",35.3024010502992,30.0325145411974,35.3024010502992,"PLA: T1 vs T2"
"TMX1",25.4486067410327,26.4210530940019,26.4210530940019,"PLA: T1 vs T2"
"C11orf68",30.7857659862295,10.7704955571554,30.7857659862295,"PLA: T1 vs T2"
"ARIH2",42.6743195147371,33.0251322327447,42.6743195147371,"PLA: T1 vs T2"
"MRPS17",23.4451589838872,48.0845340030332,48.0845340030332,"PLA: T1 vs T2"
"PRKCQ",25.2970549634836,4.54293899451114,25.2970549634836,"PLA: T1 vs T2"
"SRPRB",42.7665858074346,16.521279893244,42.7665858074346,"PLA: T1 vs T2"
"ARHGDIB",56.9201633018585,49.2618177954296,56.9201633018585,"PLA: T1 vs T2"
"CSRP2",61.0595339369202,54.7658208662671,61.0595339369202,"PLA: T1 vs T2"
"USP15",58.4185305936636,59.9537056281774,59.9537056281774,"PLA: T1 vs T2"
"HPCAL1",30.053751225743,30.8328462562177,30.8328462562177,"PLA: T1 vs T2"
"MDP1",30.0040835411147,24.28847231777,30.0040835411147,"PLA: T1 vs T2"
"COL15A1",33.1866658746363,127.16381118739,127.16381118739,"PLA: T1 vs T2"
"MRPL12",69.4736641076742,4.21363695663268,69.4736641076742,"PLA: T1 vs T2"
"CES2",54.1107548558513,40.3624405767353,54.1107548558513,"PLA: T1 vs T2"
"ACAA1",38.4813248234943,40.1034772651226,40.1034772651226,"PLA: T1 vs T2"
"PTPN11",25.53682190564,25.1959422575202,25.53682190564,"PLA: T1 vs T2"
"IL18",98.4836967400954,22.1856614462186,98.4836967400954,"PLA: T1 vs T2"
"DEK",20.0219034309638,14.128810663254,20.0219034309638,"PLA: T1 vs T2"
"LRRC59",59.827966378889,33.8783034810794,59.827966378889,"PLA: T1 vs T2"
"BDH2",66.7529944726774,35.8964428456696,66.7529944726774,"PLA: T1 vs T2"
"AIMP2",24.2383806801755,16.3566136927979,24.2383806801755,"PLA: T1 vs T2"
"RPL19",23.2613342411145,28.8419289559806,28.8419289559806,"PLA: T1 vs T2"
"TIMM8A",24.5441564179793,22.7502218310016,24.5441564179793,"PLA: T1 vs T2"
"FARSA",32.9573695054578,26.1469061351335,32.9573695054578,"PLA: T1 vs T2"
"CTSZ",87.224248561884,33.5190662725021,87.224248561884,"PLA: T1 vs T2"
"STOML2",22.270552715159,16.9076365801304,22.270552715159,"PLA: T1 vs T2"
"SRSF3",35.6699723060491,39.4438532104712,39.4438532104712,"PLA: T1 vs T2"
"NHLRC2",26.2617411588845,21.2399165614379,26.2617411588845,"PLA: T1 vs T2"
"MAPK9",46.9913858742206,51.4599491149848,51.4599491149848,"PLA: T1 vs T2"
"SSPN",47.471214297737,31.4424532535338,47.471214297737,"PLA: T1 vs T2"
"PECAM1",64.017829711594,37.1781066562986,64.017829711594,"PLA: T1 vs T2"
"PSMD7",34.1944678075277,19.0131332883817,34.1944678075277,"PLA: T1 vs T2"
"MAPK14",50.260845707903,45.9685929602849,50.260845707903,"PLA: T1 vs T2"
"EHBP1L1",36.7705686123131,16.5467152354527,36.7705686123131,"PLA: T1 vs T2"
"SNX5",58.6336158034722,33.0104685384838,58.6336158034722,"PLA: T1 vs T2"
"OPLAH",33.2944296716793,25.8405295234075,33.2944296716793,"PLA: T1 vs T2"
"TMEM126A",56.5616542546923,43.8692222426153,56.5616542546923,"PLA: T1 vs T2"
"EIF2S2",13.2211398051216,38.8887715570086,38.8887715570086,"PLA: T1 vs T2"
"EIF6",39.0491267333159,23.5736623176206,39.0491267333159,"PLA: T1 vs T2"
"BOLA2",20.1334045697156,39.9955771103758,39.9955771103758,"PLA: T1 vs T2"
"PFKFB1",21.7705753157702,16.5933288415552,21.7705753157702,"PLA: T1 vs T2"
"WDR77",30.7811508388032,15.6859921234238,30.7811508388032,"PLA: T1 vs T2"
"SFPQ",46.5364604237959,13.0025235857463,46.5364604237959,"PLA: T1 vs T2"
"LAMA2",56.3662052914596,159.824347658697,159.824347658697,"PLA: T1 vs T2"
"LZIC",17.136453270242,16.6375757850691,17.136453270242,"PLA: T1 vs T2"
"PDK2",16.7740397639116,63.5274221283711,63.5274221283711,"PLA: T1 vs T2"
"RPS26",20.5610345037935,26.9075555572903,26.9075555572903,"PLA: T1 vs T2"
"MYH8",71.6931706961253,107.967808231188,107.967808231188,"PLA: T1 vs T2"
"ABCF2",22.0331923399839,18.140524225818,22.0331923399839,"PLA: T1 vs T2"
"AP2M1",17.858920377203,17.8867450945785,17.8867450945785,"PLA: T1 vs T2"
"PITPNB",56.3873411549132,38.171396999035,56.3873411549132,"PLA: T1 vs T2"
"HSD17B4",27.0975311317569,25.5802296829346,27.0975311317569,"PLA: T1 vs T2"
"ACAD9",18.5282995425429,14.360860937882,18.5282995425429,"PLA: T1 vs T2"
"KHSRP",44.5954030059293,6.95493491475448,44.5954030059293,"PLA: T1 vs T2"
"BCKDK",54.209028622511,49.0495341968132,54.209028622511,"PLA: T1 vs T2"
"NPC2",38.7916192139285,43.87264638672,43.87264638672,"PLA: T1 vs T2"
"UFD1",23.9753331983535,38.1755055781294,38.1755055781294,"PLA: T1 vs T2"
"MVP",80.7880576667953,26.4402441836073,80.7880576667953,"PLA: T1 vs T2"
"PRKAB2",26.8162904571039,27.1126499102637,27.1126499102637,"PLA: T1 vs T2"
"SIRT5",36.0219993457513,24.6900745258328,36.0219993457513,"PLA: T1 vs T2"
"RNF114",18.6639650676978,9.46311585514934,18.6639650676978,"PLA: T1 vs T2"
"SCP2",31.8697436302602,29.7622845717098,31.8697436302602,"PLA: T1 vs T2"
"DMAC2L",29.8630047383773,26.5619410823207,29.8630047383773,"PLA: T1 vs T2"
"PMM2",28.581091424321,28.4650570787623,28.581091424321,"PLA: T1 vs T2"
"ACSS1",29.4216727751092,18.8487590486416,29.4216727751092,"PLA: T1 vs T2"
"RAB9A",23.8918201551292,23.5405500108668,23.8918201551292,"PLA: T1 vs T2"
"TOMM40",14.9299608415692,15.5807113343457,15.5807113343457,"PLA: T1 vs T2"
"ARPC1B",72.4981589820464,29.9583515575526,72.4981589820464,"PLA: T1 vs T2"
"LGALSL",42.059914375383,19.8367343336608,42.059914375383,"PLA: T1 vs T2"
"COPB1",25.3038259398101,56.1938831099453,56.1938831099453,"PLA: T1 vs T2"
"RTN4IP1",41.9386635790422,26.623077215723,41.9386635790422,"PLA: T1 vs T2"
"AARS1",17.251316400411,24.1081111868789,24.1081111868789,"PLA: T1 vs T2"
"SERBP1",49.7971692125096,40.5551549146721,49.7971692125096,"PLA: T1 vs T2"
"TXNDC12",31.6425038755854,49.8199045081731,49.8199045081731,"PLA: T1 vs T2"
"ZYX",43.2502147815768,23.6857526711411,43.2502147815768,"PLA: T1 vs T2"
"MCCC1",23.7302427025335,22.756430642679,23.7302427025335,"PLA: T1 vs T2"
"AARSD1",43.8849538653066,15.0765569776672,43.8849538653066,"PLA: T1 vs T2"
"SRP14",27.5707405647453,61.7633919480251,61.7633919480251,"PLA: T1 vs T2"
"LMAN1",21.0594148889196,22.4561439550615,22.4561439550615,"PLA: T1 vs T2"
"JUP",101.380867459413,33.7910513829862,101.380867459413,"PLA: T1 vs T2"
"KHDRBS1",55.7628704486967,49.8299337650747,55.7628704486967,"PLA: T1 vs T2"
"SUGT1",20.2331487226493,24.0072066233558,24.0072066233558,"PLA: T1 vs T2"
"UBA3",24.2766523123506,9.7335050391739,24.2766523123506,"PLA: T1 vs T2"
"PLGRKT",18.0589674982941,27.4316155684286,27.4316155684286,"PLA: T1 vs T2"
"EZR",25.1740327216907,25.6419978121275,25.6419978121275,"PLA: T1 vs T2"
"DBNL",45.5764981717915,16.2574254624567,45.5764981717915,"PLA: T1 vs T2"
"LYPLAL1",28.716603558392,18.5100748024679,28.716603558392,"PLA: T1 vs T2"
"FAM98B",31.7346240742342,27.3486018356311,31.7346240742342,"PLA: T1 vs T2"
"ATL2",45.5291889534922,41.4869171018322,45.5291889534922,"PLA: T1 vs T2"
"PPP2R5A",36.045034011219,25.4574577746569,36.045034011219,"PLA: T1 vs T2"
"DNAJB1",44.6003596411478,62.6148086663386,62.6148086663386,"PLA: T1 vs T2"
"CRADD",91.33387758918,45.4193581790297,91.33387758918,"PLA: T1 vs T2"
"LETM1",26.8948997056817,29.206432760298,29.206432760298,"PLA: T1 vs T2"
"NFIC",12.415212609404,28.5358537915338,28.5358537915338,"PLA: T1 vs T2"
"AUH",15.4927866749033,40.6564360436981,40.6564360436981,"PLA: T1 vs T2"
"ENSA",44.3486250349806,33.6184989742691,44.3486250349806,"PLA: T1 vs T2"
"PPIL1",22.4617418097848,29.6755524397602,29.6755524397602,"PLA: T1 vs T2"
"ABCA8",83.0899987198397,54.630803103098,83.0899987198397,"PLA: T1 vs T2"
"MTM1",46.4620344911903,11.0937378369461,46.4620344911903,"PLA: T1 vs T2"
"TXNRD2",1.69827862878108,30.5855317816616,30.5855317816616,"PLA: T1 vs T2"
"BCKDHB",30.7183398026219,57.2042528139507,57.2042528139507,"PLA: T1 vs T2"
"C6orf136",25.3180859312908,19.2297855554116,25.3180859312908,"PLA: T1 vs T2"
"PRPSAP1",58.4304525458775,30.6033285338693,58.4304525458775,"PLA: T1 vs T2"
"ETF1",18.383472122877,28.6901421874148,28.6901421874148,"PLA: T1 vs T2"
"EIF3L",19.5012788080389,27.894856405678,27.894856405678,"PLA: T1 vs T2"
"SENP8",16.8830353568022,21.2231572043249,21.2231572043249,"PLA: T1 vs T2"
"ARCN1",13.5339812244993,13.6651718190967,13.6651718190967,"PLA: T1 vs T2"
"TATDN1",28.5410978694364,26.2999162304573,28.5410978694364,"PLA: T1 vs T2"
"DHTKD1",3.17521792821202,49.8406747951542,49.8406747951542,"PLA: T1 vs T2"
"MGST2",22.9779224173203,38.0246543705517,38.0246543705517,"PLA: T1 vs T2"
"HNRNPM",73.1063727491499,46.9179046390667,73.1063727491499,"PLA: T1 vs T2"
"NUDCD2",27.1074000825685,20.8123903378952,27.1074000825685,"PLA: T1 vs T2"
"SYNPO2L",96.2638189508094,119.330970130579,119.330970130579,"PLA: T1 vs T2"
"CLIC6",47.5056288030585,37.3146866792206,47.5056288030585,"PLA: T1 vs T2"
"PLAA",33.9547823579881,32.1069173294989,33.9547823579881,"PLA: T1 vs T2"
"PFKFB2",47.791145301926,20.7168261874076,47.791145301926,"PLA: T1 vs T2"
"FAHD2A",30.0455062807656,15.2218705170919,30.0455062807656,"PLA: T1 vs T2"
"BROX",46.3798738699733,30.4913964946929,46.3798738699733,"PLA: T1 vs T2"
"EIF3M",15.8832000772307,14.5710021858543,15.8832000772307,"PLA: T1 vs T2"
"UBQLN1",15.0869491362795,26.7449946315916,26.7449946315916,"PLA: T1 vs T2"
"BCKDHA",24.1456528519553,23.3319164320638,24.1456528519553,"PLA: T1 vs T2"
"PRUNE1",25.7048669488947,6.39428685145322,25.7048669488947,"PLA: T1 vs T2"
"CHMP4B",22.6220850314411,22.4009118336597,22.6220850314411,"PLA: T1 vs T2"
"ATAD3A",4.83261613931072,59.707959471985,59.707959471985,"PLA: T1 vs T2"
"NAA50",16.5471824966493,12.5212095460783,16.5471824966493,"PLA: T1 vs T2"
"PPP1R14B",75.7418430257748,47.592034890132,75.7418430257748,"PLA: T1 vs T2"
"PPP1R12B",63.0067113551811,25.1340629775841,63.0067113551811,"PLA: T1 vs T2"
"BPNT1",10.3116251537852,20.4809312158719,20.4809312158719,"PLA: T1 vs T2"
"KPNA6",28.5402374214566,29.4767865744106,29.4767865744106,"PLA: T1 vs T2"
"LMNB2",29.9602527902032,91.2697854420482,91.2697854420482,"PLA: T1 vs T2"
"PGM2L1",58.7879396575138,37.277676077363,58.7879396575138,"PLA: T1 vs T2"
"PARP1",24.9281123899025,30.2122492124465,30.2122492124465,"PLA: T1 vs T2"
"TSG101",18.1851796096071,17.1237711919095,18.1851796096071,"PLA: T1 vs T2"
"GLS",34.6418131356664,44.4261051637383,44.4261051637383,"PLA: T1 vs T2"
"SMTN",20.2297157131825,28.9870915374501,28.9870915374501,"PLA: T1 vs T2"
"AP2A2",66.0624884557975,27.8828384138534,66.0624884557975,"PLA: T1 vs T2"
"RO60",62.262548521966,31.6472740072772,62.262548521966,"PLA: T1 vs T2"
"LSM3",8.72657715740586,25.4584292465593,25.4584292465593,"PLA: T1 vs T2"
"CSNK2A1",30.9511607608649,23.0107026279814,30.9511607608649,"PLA: T1 vs T2"
"HNRNPUL1",54.0702876279234,72.3810894560994,72.3810894560994,"PLA: T1 vs T2"
"STAT5B",9.52986932740063,14.6183856952696,14.6183856952696,"PLA: T1 vs T2"
"CA14",15.2551902498877,43.1362760841079,43.1362760841079,"PLA: T1 vs T2"
"UBE3A",5.0499936041547,20.8343518257518,20.8343518257518,"PLA: T1 vs T2"
"MME",40.4347221828433,34.8405183944553,40.4347221828433,"PLA: T1 vs T2"
"LANCL2",11.5748523803515,9.1281704503678,11.5748523803515,"PLA: T1 vs T2"
"ATPAF1",41.7547663339229,19.6514176059196,41.7547663339229,"PLA: T1 vs T2"
"MICU2",12.7546132392184,36.7311193966137,36.7311193966137,"PLA: T1 vs T2"
"ETFRF1",31.5314359653221,57.008901530941,57.008901530941,"PLA: T1 vs T2"
"ETHE1",20.0419197777183,14.8680523880835,20.0419197777183,"PLA: T1 vs T2"
"MLIP",31.2765626900942,129.674261061924,129.674261061924,"PLA: T1 vs T2"
"CTTN",59.6887782764577,46.8329943818647,59.6887782764577,"PLA: T1 vs T2"
"MYL9",78.2088027701277,57.4112008828498,78.2088027701277,"PLA: T1 vs T2"
"COPZ1",20.1802752760407,68.1485426373286,68.1485426373286,"PLA: T1 vs T2"
"C9orf64",16.464651338233,12.9156677812308,16.464651338233,"PLA: T1 vs T2"
"RHOC",50.474395384862,15.4486590530217,50.474395384862,"PLA: T1 vs T2"
"EIF3D",22.1501875223769,28.6406531150651,28.6406531150651,"PLA: T1 vs T2"
"GALK1",30.7335558916346,35.3555440734522,35.3555440734522,"PLA: T1 vs T2"
"TSNAX",34.0437118786489,16.3252913235973,34.0437118786489,"PLA: T1 vs T2"
"ILF3",19.2283955646629,19.9268640256256,19.9268640256256,"PLA: T1 vs T2"
"G3BP2",101.286818378861,42.0625786932335,101.286818378861,"PLA: T1 vs T2"
"STAT3",42.4151037571362,20.1526929966348,42.4151037571362,"PLA: T1 vs T2"
"ACSS2",14.0575554136924,35.818301333198,35.818301333198,"PLA: T1 vs T2"
"LHPP",50.7228117766131,35.6893480946032,50.7228117766131,"PLA: T1 vs T2"
"ARRB1",89.0555494374201,44.9389198409557,89.0555494374201,"PLA: T1 vs T2"
"ARL8A",35.2610579521425,34.9680319452235,35.2610579521425,"PLA: T1 vs T2"
"CHCHD7",67.0785441647801,31.9483040768004,67.0785441647801,"PLA: T1 vs T2"
"TOM1L2",62.0766712908913,15.1440825600803,62.0766712908913,"PLA: T1 vs T2"
"LAMB3",54.548455696762,28.8954203736994,54.548455696762,"PLA: T1 vs T2"
"LAMTOR1",49.4923212875397,32.3683144864926,49.4923212875397,"PLA: T1 vs T2"
"UROD",60.7287048348042,37.7773807745896,60.7287048348042,"PLA: T1 vs T2"
"MAP2K4",45.4882594878013,19.2433119926635,45.4882594878013,"PLA: T1 vs T2"
"UQCC2",14.7585301238522,10.6276652336716,14.7585301238522,"PLA: T1 vs T2"
"TECR",23.9338714792335,42.6613553930806,42.6613553930806,"PLA: T1 vs T2"
"RCSD1",33.0686686891325,11.8401444533918,33.0686686891325,"PLA: T1 vs T2"
"QKI",42.0711945655522,64.9537460601256,64.9537460601256,"PLA: T1 vs T2"
"STIM1",19.7947733249184,53.3974379199743,53.3974379199743,"PLA: T1 vs T2"
"PDP1",22.3152082374624,30.3028011774801,30.3028011774801,"PLA: T1 vs T2"
"TARDBP",33.5805308135532,17.3090331247711,33.5805308135532,"PLA: T1 vs T2"
"RAB18",25.2329703686096,39.294197842718,39.294197842718,"PLA: T1 vs T2"
"HARS1",19.0643015417021,13.5088731892718,19.0643015417021,"PLA: T1 vs T2"
"PGPEP1",51.7024646877663,40.2828261130689,51.7024646877663,"PLA: T1 vs T2"
"MBNL1",25.1669486275466,12.6580804268811,25.1669486275466,"PLA: T1 vs T2"
"PALMD",54.6659814978478,16.8035294621917,54.6659814978478,"PLA: T1 vs T2"
"VPS36",9.48042151793156,21.9744111247162,21.9744111247162,"PLA: T1 vs T2"
"PCCB",15.2341053388608,18.4542421330253,18.4542421330253,"PLA: T1 vs T2"
"SSR4",55.9783201594634,24.916405946072,55.9783201594634,"PLA: T1 vs T2"
"TIMM9",21.7925509886557,46.7017973662817,46.7017973662817,"PLA: T1 vs T2"
"SFXN1",29.5618587338593,31.134779251256,31.134779251256,"PLA: T1 vs T2"
"TKFC",29.202610881817,39.753652638785,39.753652638785,"PLA: T1 vs T2"
"OSBP",39.4617230493104,26.4542545838616,39.4617230493104,"PLA: T1 vs T2"
"PCYT1A",15.0803148912726,60.3284193978683,60.3284193978683,"PLA: T1 vs T2"
"SIRT2",9.70728971731203,50.3042502172179,50.3042502172179,"PLA: T1 vs T2"
"ESYT2",71.0176339538817,42.3671465345807,71.0176339538817,"PLA: T1 vs T2"
"COPA",33.3869369334303,14.4997039265022,33.3869369334303,"PLA: T1 vs T2"
"MLYCD",32.3702470689382,25.925223664291,32.3702470689382,"PLA: T1 vs T2"
"UAP1",5.4729205194237,46.6662030106849,46.6662030106849,"PLA: T1 vs T2"
"LRPAP1",32.5598289192491,46.8605659024092,46.8605659024092,"PLA: T1 vs T2"
"FKBP4",28.2983660967038,32.3231412715988,32.3231412715988,"PLA: T1 vs T2"
"SYNPO",41.6263602460847,62.8465217910837,62.8465217910837,"PLA: T1 vs T2"
"DCAF6",19.3865042444587,26.2675709543802,26.2675709543802,"PLA: T1 vs T2"
"DYNC1LI1",14.6525368861892,11.8050626905297,14.6525368861892,"PLA: T1 vs T2"
"PIP4K2A",5.90547060112899,16.0920173656015,16.0920173656015,"PLA: T1 vs T2"
"LNPEP",38.6918675293918,24.4227034770289,38.6918675293918,"PLA: T1 vs T2"
"LSM2",49.1201601301892,22.801313151488,49.1201601301892,"PLA: T1 vs T2"
"FYCO1",17.7659150474017,31.8663927684001,31.8663927684001,"PLA: T1 vs T2"
"EIF4B",40.7023662500543,54.9512905299836,54.9512905299836,"PLA: T1 vs T2"
"MAPKAPK2",39.8430423124373,23.185278659073,39.8430423124373,"PLA: T1 vs T2"
"RIC8A",29.2786913403964,40.8648395754911,40.8648395754911,"PLA: T1 vs T2"
"MYPN",48.399617049702,51.3357763905674,51.3357763905674,"PLA: T1 vs T2"
"RPL36AL",20.5344348892687,71.4820548295925,71.4820548295925,"PLA: T1 vs T2"
"SDCBP",35.1399924788199,34.0115901066524,35.1399924788199,"PLA: T1 vs T2"
"MFN2",25.4559758707949,20.0030854341177,25.4559758707949,"PLA: T1 vs T2"
"EIF4G2",24.8536444681504,56.5152007906467,56.5152007906467,"PLA: T1 vs T2"
"NUDC",25.0440054627318,37.3563334445792,37.3563334445792,"PLA: T1 vs T2"
"PRKRA",32.1415288479103,43.9641100508702,43.9641100508702,"PLA: T1 vs T2"
"LCMT1",38.8662991511792,14.9986741257763,38.8662991511792,"PLA: T1 vs T2"
"JAGN1",17.3797967025495,50.1295198441943,50.1295198441943,"PLA: T1 vs T2"
"HYOU1",62.7703307638632,27.3662287849063,62.7703307638632,"PLA: T1 vs T2"
"MTX1",31.361736213104,28.4980326595855,31.361736213104,"PLA: T1 vs T2"
"U2AF2",68.8432115544099,1.87412511344067,68.8432115544099,"PLA: T1 vs T2"
"ACOT1",26.7288229216287,99.6255869608599,99.6255869608599,"PLA: T1 vs T2"
"SEC13",34.7258285509212,29.262767111199,34.7258285509212,"PLA: T1 vs T2"
"CLASP2",13.9521566789343,23.1486058780289,23.1486058780289,"PLA: T1 vs T2"
"ATP2B4",57.5204030874503,40.491021953174,57.5204030874503,"PLA: T1 vs T2"
"HLA-B",59.2420567744598,25.3434149538819,59.2420567744598,"PLA: T1 vs T2"
"SNX1",99.7177500323743,48.9163772235346,99.7177500323743,"PLA: T1 vs T2"
"PCYT2",45.3455643346157,10.7103742660682,45.3455643346157,"PLA: T1 vs T2"
"LSS",37.7026258552018,17.3439543352727,37.7026258552018,"PLA: T1 vs T2"
"GAA",27.7930469407129,16.07599587588,27.7930469407129,"PLA: T1 vs T2"
"PFDN4",29.3200314946206,26.7577819267824,29.3200314946206,"PLA: T1 vs T2"
"FUBP1",30.4652254676782,17.6792949331259,30.4652254676782,"PLA: T1 vs T2"
"CBX3",36.5174752685844,20.6957180625412,36.5174752685844,"PLA: T1 vs T2"
"TRAPPC3",23.611683651983,22.717266676901,23.611683651983,"PLA: T1 vs T2"
"HTRA2",27.9585537970849,23.6586154214674,27.9585537970849,"PLA: T1 vs T2"
"SCO1",7.93694912468933,43.3489872366359,43.3489872366359,"PLA: T1 vs T2"
"APIP",37.8017727633813,41.9263097632321,41.9263097632321,"PLA: T1 vs T2"
"RUVBL1",31.3921716387722,31.461846426064,31.461846426064,"PLA: T1 vs T2"
"RPS23",42.456551822247,31.0489010156947,42.456551822247,"PLA: T1 vs T2"
"NOMO2",36.9182771372692,6.48793821152265,36.9182771372692,"PLA: T1 vs T2"
"HSPA1L",50.0197818424462,31.9903765154437,50.0197818424462,"PLA: T1 vs T2"
"THOP1",35.6119760541204,21.6542162761777,35.6119760541204,"PLA: T1 vs T2"
"MXRA7",95.6858826527523,54.3656735286192,95.6858826527523,"PLA: T1 vs T2"
"CLPP",38.5514391609409,19.219795807275,38.5514391609409,"PLA: T1 vs T2"
"SNRPD2",17.7461936295256,12.2849807539623,17.7461936295256,"PLA: T1 vs T2"
"UFL1",18.2060944458281,34.253030366819,34.253030366819,"PLA: T1 vs T2"
"MOB2",11.1555772069082,28.2174886895759,28.2174886895759,"PLA: T1 vs T2"
"MAVS",21.7504974161985,22.4228941414462,22.4228941414462,"PLA: T1 vs T2"
"FGGY",25.4513794654041,6.84529135733747,25.4513794654041,"PLA: T1 vs T2"
"TRIM25",42.5343403177677,21.6821206118858,42.5343403177677,"PLA: T1 vs T2"
"CARS1",25.9065218659045,25.787993137348,25.9065218659045,"PLA: T1 vs T2"
"RAP1A",45.0872763591648,43.7023799420103,45.0872763591648,"PLA: T1 vs T2"
"TPPP",27.8532972460555,22.1771635156091,27.8532972460555,"PLA: T1 vs T2"
"DHRS4",31.4287154830199,35.2666887418567,35.2666887418567,"PLA: T1 vs T2"
"TSTD1",36.8809034145748,25.2367742126847,36.8809034145748,"PLA: T1 vs T2"
"COPG1",32.6586477307256,28.4519767620069,32.6586477307256,"PLA: T1 vs T2"
"RABGGTA",25.1154262718047,18.9972513204863,25.1154262718047,"PLA: T1 vs T2"
"DUSP28",32.6208663525903,86.6401040245429,86.6401040245429,"PLA: T1 vs T2"
"MARCKS",62.7937023136085,61.5042690286528,62.7937023136085,"PLA: T1 vs T2"
"NMT1",25.1945637794283,45.7240354730301,45.7240354730301,"PLA: T1 vs T2"
"PPID",1.84532115794143,47.153062130843,47.153062130843,"PLA: T1 vs T2"
"CNPY2",48.2639075317639,44.7127659007888,48.2639075317639,"PLA: T1 vs T2"
"HDGFL2",29.9958026586925,34.3492947599707,34.3492947599707,"PLA: T1 vs T2"
"NUBPL",42.7421376875169,58.626871730256,58.626871730256,"PLA: T1 vs T2"
"RPA2",32.1902819417246,25.0155035673435,32.1902819417246,"PLA: T1 vs T2"
"IGFBP5",8.08289104164388,33.5797389579935,33.5797389579935,"PLA: T1 vs T2"
"PDPR",27.1782922914596,13.8842248041413,27.1782922914596,"PLA: T1 vs T2"
"UBE2O",30.3232251130511,48.6811182969743,48.6811182969743,"PLA: T1 vs T2"
"PELO",16.3146626963638,23.4244292282144,23.4244292282144,"PLA: T1 vs T2"
"LUC7L2",25.8566874617926,15.6606512198437,25.8566874617926,"PLA: T1 vs T2"
"LYRM7",30.636282278094,28.1414823610554,30.636282278094,"PLA: T1 vs T2"
"WBP2",39.1058769227157,49.9264047865922,49.9264047865922,"PLA: T1 vs T2"
"MCCC2",5.25376758365273,32.9358208553693,32.9358208553693,"PLA: T1 vs T2"
"CBFB",29.5086051572521,26.2413565802389,29.5086051572521,"PLA: T1 vs T2"
"EPS15L1",25.6701682991116,37.2770469989737,37.2770469989737,"PLA: T1 vs T2"
"SNF8",22.1771522998257,14.8377685261888,22.1771522998257,"PLA: T1 vs T2"
"MTARC2",46.7815694061021,40.2874362487737,46.7815694061021,"PLA: T1 vs T2"
"COL18A1",91.1056845918802,24.8532698653776,91.1056845918802,"PLA: T1 vs T2"
"ISYNA1",65.9358719752284,47.444514245963,65.9358719752284,"PLA: T1 vs T2"
"EIF4EBP1",17.5261462595191,22.0159176024675,22.0159176024675,"PLA: T1 vs T2"
"ACACB",81.2398652268801,30.2844314631281,81.2398652268801,"PLA: T1 vs T2"
"RPL18A",26.1663247370788,66.7228187977041,66.7228187977041,"PLA: T1 vs T2"
"SND1",40.1715396712438,16.2021811560083,40.1715396712438,"PLA: T1 vs T2"
"DNAJB4",54.3835863478063,74.8851451827673,74.8851451827673,"PLA: T1 vs T2"
"HLA-DRB1",42.140101064043,44.2124513072988,44.2124513072988,"PLA: T1 vs T2"
"HLA-C",23.6901304549724,25.7797797168496,25.7797797168496,"PLA: T1 vs T2"
"APPL1",16.8855662697672,29.3691364732434,29.3691364732434,"PLA: T1 vs T2"
"BTD",28.7670003268746,50.0476664160554,50.0476664160554,"PLA: T1 vs T2"
"RPL10",30.9699585389559,34.1002738824765,34.1002738824765,"PLA: T1 vs T2"
"SMYD5",13.0310747316568,98.8478162127577,98.8478162127577,"PLA: T1 vs T2"
"ABHD11",44.6120581291857,23.0318403500048,44.6120581291857,"PLA: T1 vs T2"
"OSTC",40.9485379216341,23.8121924275741,40.9485379216341,"PLA: T1 vs T2"
"MAPRE3",36.8869155422816,38.5361656524474,38.5361656524474,"PLA: T1 vs T2"
"SLC27A1",36.1171673956459,27.2765607980544,36.1171673956459,"PLA: T1 vs T2"
"SPG7",10.8478843719394,29.6716497636852,29.6716497636852,"PLA: T1 vs T2"
"UGGT1",15.0962998325481,16.5176782974918,16.5176782974918,"PLA: T1 vs T2"
"EIF3I",20.030384623811,24.0422513871848,24.0422513871848,"PLA: T1 vs T2"
"UBE2B",8.79831730254016,52.008865123151,52.008865123151,"PLA: T1 vs T2"
"HUWE1",30.544463471434,18.4087580929367,30.544463471434,"PLA: T1 vs T2"
"MYO18A",32.1711869960137,44.8988536178998,44.8988536178998,"PLA: T1 vs T2"
"TSFM",30.2022614493392,11.6803779133341,30.2022614493392,"PLA: T1 vs T2"
"RPA1",22.1898665586863,4.26391569489644,22.1898665586863,"PLA: T1 vs T2"
"PALLD",52.152609688375,54.0760570178884,54.0760570178884,"PLA: T1 vs T2"
"PGM3",31.150020377241,17.4525001939593,31.150020377241,"PLA: T1 vs T2"
"ABCE1",20.5922955854793,10.2188243418454,20.5922955854793,"PLA: T1 vs T2"
"MAP2K2",35.2235521707286,22.1811617533473,35.2235521707286,"PLA: T1 vs T2"
"AKT2",13.1524304854885,25.256821367887,25.256821367887,"PLA: T1 vs T2"
"AHCYL2",14.985908450291,27.5701599685197,27.5701599685197,"PLA: T1 vs T2"
"ATXN10",21.477446675646,17.4527645202443,21.477446675646,"PLA: T1 vs T2"
"CLCC1",15.9896787555705,7.2294278931497,15.9896787555705,"PLA: T1 vs T2"
"STAT1",60.0863328711324,39.1566910667625,60.0863328711324,"PLA: T1 vs T2"
"ANP32E",82.6905537390201,44.5047745518979,82.6905537390201,"PLA: T1 vs T2"
"ATP6V1H",17.4787416877706,61.1066748924466,61.1066748924466,"PLA: T1 vs T2"
"KTN1",26.1981362219444,8.75288782802772,26.1981362219444,"PLA: T1 vs T2"
"BCAP29",19.1075219259174,24.9441260557499,24.9441260557499,"PLA: T1 vs T2"
"ARPC5L",25.1350639998781,33.094707964215,33.094707964215,"PLA: T1 vs T2"
"ATAD1",32.2995051508082,16.0775851890178,32.2995051508082,"PLA: T1 vs T2"
"GAPVD1",65.7704661425638,29.7096465744221,65.7704661425638,"PLA: T1 vs T2"
"MTDH",24.1667353666664,14.0971965116476,24.1667353666664,"PLA: T1 vs T2"
"ILF2",31.763616446338,22.3503287343204,31.763616446338,"PLA: T1 vs T2"
"ATG3",43.9691351047553,44.2706631581079,44.2706631581079,"PLA: T1 vs T2"
"NTPCR",50.9190648144496,30.4209041443814,50.9190648144496,"PLA: T1 vs T2"
"SEC31A",14.7685374536185,40.4207560661958,40.4207560661958,"PLA: T1 vs T2"
"CHDH",16.7442124061004,24.7295707897954,24.7295707897954,"PLA: T1 vs T2"
"MMAB",37.8879269391231,26.1466685538205,37.8879269391231,"PLA: T1 vs T2"
"USP24",15.5933821809647,11.9889084110982,15.5933821809647,"PLA: T1 vs T2"
"GNAI3",76.063299766553,61.6644828440326,76.063299766553,"PLA: T1 vs T2"
"PPP2R5D",34.7005417123598,19.9117347144463,34.7005417123598,"PLA: T1 vs T2"
"MRPL40",8.81293549366705,28.3787329620165,28.3787329620165,"PLA: T1 vs T2"
"IFITM1",42.8244349286126,38.615234809985,42.8244349286126,"PLA: T1 vs T2"
"SLC25A24",40.8025539944444,11.4660567360377,40.8025539944444,"PLA: T1 vs T2"
"WDR61",43.046730754503,21.0082236935909,43.046730754503,"PLA: T1 vs T2"
"RPA3",20.2456705344047,22.5295663382926,22.5295663382926,"PLA: T1 vs T2"
"PHYKPL",22.9474403815042,2.49857473410258,22.9474403815042,"PLA: T1 vs T2"
"TARS1",19.5824873208424,40.1840174217596,40.1840174217596,"PLA: T1 vs T2"
"ZBTB9",93.0952274659986,34.9318876327853,93.0952274659986,"PLA: T1 vs T2"
"TACC2",17.5012536953575,27.5517394390911,27.5517394390911,"PLA: T1 vs T2"
"SPEG",13.4594210124246,14.1930682569357,14.1930682569357,"PLA: T1 vs T2"
"MYBPH",51.8091879120182,139.941972881054,139.941972881054,"PLA: T1 vs T2"
"UBA2",32.4076827643251,24.8605174017313,32.4076827643251,"PLA: T1 vs T2"
"SORD",22.0770935135983,38.6400029365494,38.6400029365494,"PLA: T1 vs T2"
"CSNK2B",19.3071718654845,21.3606160177719,21.3606160177719,"PLA: T1 vs T2"
"NDUFAF3",37.677443888581,23.1869471435976,37.677443888581,"PLA: T1 vs T2"
"LARS1",4.06300457183908,11.5535830795889,11.5535830795889,"PLA: T1 vs T2"
"GSK3B",25.4846841792482,28.1922698304072,28.1922698304072,"PLA: T1 vs T2"
"GNPDA2",20.7444370195016,15.0552519428504,20.7444370195016,"PLA: T1 vs T2"
"TBC1D4",14.4330437190804,30.2792940432474,30.2792940432474,"PLA: T1 vs T2"
"CHCHD4",32.6728131153744,32.5636502795573,32.6728131153744,"PLA: T1 vs T2"
"GMFB",28.3982628847797,52.8068870423887,52.8068870423887,"PLA: T1 vs T2"
"TOMM7",47.0659534997217,43.6850947819903,47.0659534997217,"PLA: T1 vs T2"
"SNRPB",30.1029198991015,9.00507359543071,30.1029198991015,"PLA: T1 vs T2"
"CHP1",19.505850909387,21.764608753938,21.764608753938,"PLA: T1 vs T2"
"USP7",39.26875854704,22.0313416545223,39.26875854704,"PLA: T1 vs T2"
"DCTPP1",42.8376196847901,39.6957060652251,42.8376196847901,"PLA: T1 vs T2"
"GUK1",55.4703728989233,41.7987403969304,55.4703728989233,"PLA: T1 vs T2"
"MEMO1",70.8033514598944,34.2752275489224,70.8033514598944,"PLA: T1 vs T2"
"DNAJA3",20.0172717827469,41.8859831412078,41.8859831412078,"PLA: T1 vs T2"
"DYNLT1",21.092960679728,55.6587928673897,55.6587928673897,"PLA: T1 vs T2"
"SPAG7",39.7574318777759,26.3578386936078,39.7574318777759,"PLA: T1 vs T2"
"BCAM",46.4730549332622,30.307616361225,46.4730549332622,"PLA: T1 vs T2"
"UCHL5",17.0350536392381,6.85483166636582,17.0350536392381,"PLA: T1 vs T2"
"SNU13",42.4529546580014,43.3732787256675,43.3732787256675,"PLA: T1 vs T2"
"DRG1",62.7987641061866,78.5707172601871,78.5707172601871,"PLA: T1 vs T2"
"CLUH",19.766678052698,17.6550008432892,19.766678052698,"PLA: T1 vs T2"
"NUDT16",34.7094639800156,32.1731633802895,34.7094639800156,"PLA: T1 vs T2"
"PMPCB",19.7424977152512,37.9555894518295,37.9555894518295,"PLA: T1 vs T2"
"SNX9",103.504601208149,25.6393480859015,103.504601208149,"PLA: T1 vs T2"
"THTPA",40.1635009235365,24.7565648658626,40.1635009235365,"PLA: T1 vs T2"
"HGS",25.1141058964267,22.51491419865,25.1141058964267,"PLA: T1 vs T2"
"BPHL",112.715423799804,71.9216128113058,112.715423799804,"PLA: T1 vs T2"
"ERO1A",34.0194860566711,41.9198400580978,41.9198400580978,"PLA: T1 vs T2"
"UBE2F",17.4608862847537,38.2445759342485,38.2445759342485,"PLA: T1 vs T2"
"DARS2",25.0595862290693,27.2231424366366,27.2231424366366,"PLA: T1 vs T2"
"FXR1",27.4793053438214,35.5182502508957,35.5182502508957,"PLA: T1 vs T2"
"GSK3A",48.9778635038931,32.07586866286,48.9778635038931,"PLA: T1 vs T2"
"PTER",46.091573437093,36.9706808690213,46.091573437093,"PLA: T1 vs T2"
"TIMM21",21.6763955698054,18.8595310893415,21.6763955698054,"PLA: T1 vs T2"
"CHMP5",27.7338834928013,32.8105411481339,32.8105411481339,"PLA: T1 vs T2"
"RWDD1",37.4579589746681,8.79453355518574,37.4579589746681,"PLA: T1 vs T2"
"BUB3",24.1589879470779,21.0349635531194,24.1589879470779,"PLA: T1 vs T2"
"NT5C2",47.7701267857063,30.8180134505043,47.7701267857063,"PLA: T1 vs T2"
"PACSIN2",26.5375742745744,22.5778991724523,26.5375742745744,"PLA: T1 vs T2"
"GPHN",25.6009680489345,28.1248370086778,28.1248370086778,"PLA: T1 vs T2"
"CCDC124",5.29031608117385,10.5664379263802,10.5664379263802,"PLA: T1 vs T2"
"GHITM",49.7173249122331,41.1672031338409,49.7173249122331,"PLA: T1 vs T2"
"AKAP1",6.26442829145104,29.1425337736434,29.1425337736434,"PLA: T1 vs T2"
"NUBP1",41.4369012544995,31.4965767612915,41.4369012544995,"PLA: T1 vs T2"
"GPT2",24.9361437206151,74.5411933498246,74.5411933498246,"PLA: T1 vs T2"
"NLRX1",41.6364689918038,27.0857863596378,41.6364689918038,"PLA: T1 vs T2"
"CLIP2",18.05801001304,31.4119698789433,31.4119698789433,"PLA: T1 vs T2"
"PPP1CC",43.8591368348783,15.3739196791036,43.8591368348783,"PLA: T1 vs T2"
"FNTA",16.4429788637598,40.7221644659071,40.7221644659071,"PLA: T1 vs T2"
"SNX6",74.848408787855,32.5819387041103,74.848408787855,"PLA: T1 vs T2"
"AP1M1",53.5747938404883,22.0166008048495,53.5747938404883,"PLA: T1 vs T2"
"ECHDC2",19.2758217268044,31.4023147150003,31.4023147150003,"PLA: T1 vs T2"
"ADH1C",57.6308063980715,87.5840348551609,87.5840348551609,"PLA: T1 vs T2"
"YARS1",18.4683399112296,27.3127009473332,27.3127009473332,"PLA: T1 vs T2"
"SMAP",22.5781599094804,29.9912261106855,29.9912261106855,"PLA: T1 vs T2"
"UBE2R2",17.9345825669837,25.4781407926013,25.4781407926013,"PLA: T1 vs T2"
"SLC16A3",37.9737524442079,83.3077722178076,83.3077722178076,"PLA: T1 vs T2"
"PLEKHF1",47.8276697457506,26.4188848142151,47.8276697457506,"PLA: T1 vs T2"
"HCCS",15.2166885847171,27.9600407296778,27.9600407296778,"PLA: T1 vs T2"
"PPP1R3A",19.9425103418801,57.933749963348,57.933749963348,"PLA: T1 vs T2"
"PMPCA",16.5287034891623,30.449969437212,30.449969437212,"PLA: T1 vs T2"
"PPCS",41.4765857751571,14.7642591636484,41.4765857751571,"PLA: T1 vs T2"
"EIF2A",25.0602350285485,23.0726395697887,25.0602350285485,"PLA: T1 vs T2"
"ANK3",42.5786140737488,4.69689608121178,42.5786140737488,"PLA: T1 vs T2"
"MRPL49",49.8381388663156,36.6347241622788,49.8381388663156,"PLA: T1 vs T2"
"BABAM2",27.9888124233396,32.0904099214398,32.0904099214398,"PLA: T1 vs T2"
"DDRGK1",24.3584282117422,29.6250893600399,29.6250893600399,"PLA: T1 vs T2"
"VPS28",39.6422728791295,62.7644535777018,62.7644535777018,"PLA: T1 vs T2"
"GET4",34.1620882067494,40.1536209060985,40.1536209060985,"PLA: T1 vs T2"
"FDXR",39.7925208864822,51.0439353851527,51.0439353851527,"PLA: T1 vs T2"
"ATP2B2",21.9410861528466,35.6058942093859,35.6058942093859,"PLA: T1 vs T2"
"SCFD1",20.8421738305339,14.5529717705344,20.8421738305339,"PLA: T1 vs T2"
"GMPR2",50.6487661643099,68.9313211291647,68.9313211291647,"PLA: T1 vs T2"
"OSBPL1A",22.3274131897765,18.6795445404679,22.3274131897765,"PLA: T1 vs T2"
"API5",34.0220494061308,6.40884062301574,34.0220494061308,"PLA: T1 vs T2"
"GMPPB",32.0703531248222,9.70774853669716,32.0703531248222,"PLA: T1 vs T2"
"UBAP2L",71.1903550534181,45.8248212140292,71.1903550534181,"PLA: T1 vs T2"
"MRPL46",56.5217390968275,39.5489403131559,56.5217390968275,"PLA: T1 vs T2"
"SRSF7",22.8582003573859,37.0269299662872,37.0269299662872,"PLA: T1 vs T2"
"MOB4",14.898953402396,24.3304851411285,24.3304851411285,"PLA: T1 vs T2"
"GORASP2",19.4805300668819,26.7276441232944,26.7276441232944,"PLA: T1 vs T2"
"DAZAP1",17.8295247230988,29.6396598645435,29.6396598645435,"PLA: T1 vs T2"
"NEK9",16.7720938975993,44.2424976764395,44.2424976764395,"PLA: T1 vs T2"
"CYGB",30.5170003508435,26.9619767519255,30.5170003508435,"PLA: T1 vs T2"
"STAM",16.9770959610881,35.5802927126728,35.5802927126728,"PLA: T1 vs T2"
"ARL2",48.8759044525919,11.4903141316434,48.8759044525919,"PLA: T1 vs T2"
"PDXP",49.5598170169508,36.2919497439345,49.5598170169508,"PLA: T1 vs T2"
"MAN2C1",23.206550354451,48.718138518012,48.718138518012,"PLA: T1 vs T2"
"PPP2CB",29.566345884327,13.8056593553723,29.566345884327,"PLA: T1 vs T2"
"NTMT1",38.3622816543378,36.5316754065911,38.3622816543378,"PLA: T1 vs T2"
"FAM98A",37.9867688172143,20.0132245588845,37.9867688172143,"PLA: T1 vs T2"
"TFRC",48.2552944290318,35.587300384882,48.2552944290318,"PLA: T1 vs T2"
"SARS2",32.5703260913969,21.7741088317994,32.5703260913969,"PLA: T1 vs T2"
"TPD52L1",15.6416753851949,56.0813969081193,56.0813969081193,"PLA: T1 vs T2"
"MRPL37",20.0140775332206,56.676107066803,56.676107066803,"PLA: T1 vs T2"
"CHMP6",17.8472057362378,20.0050085088914,20.0050085088914,"PLA: T1 vs T2"
"SEC24C",17.99993438089,23.312460139199,23.312460139199,"PLA: T1 vs T2"
"NUDT9",3.54047895045001,30.0488681981077,30.0488681981077,"PLA: T1 vs T2"
"FITM2",4.9284707250871,9.59086129816092,9.59086129816092,"PLA: T1 vs T2"
"PPT1",53.5252763996277,14.2569807486943,53.5252763996277,"PLA: T1 vs T2"
"RPL37A",23.9657569187866,14.2343144725391,23.9657569187866,"PLA: T1 vs T2"
"PM20D2",63.4195416743646,49.4408713789505,63.4195416743646,"PLA: T1 vs T2"
"RTRAF",25.5039445505001,17.7918442440704,25.5039445505001,"PLA: T1 vs T2"
"CRK",67.6831758877755,31.8637462528218,67.6831758877755,"PLA: T1 vs T2"
"KPNA1",29.7522834319752,20.0050714710695,29.7522834319752,"PLA: T1 vs T2"
"DPP7",52.9763218609414,30.5092434725199,52.9763218609414,"PLA: T1 vs T2"
"SMIM4",20.1930084080715,16.9269129954132,20.1930084080715,"PLA: T1 vs T2"
"MRPL55",64.1744964159976,32.4073725085994,64.1744964159976,"PLA: T1 vs T2"
"DAD1",25.7335900544613,41.6266085672813,41.6266085672813,"PLA: T1 vs T2"
"L3HYPDH",28.5061438484127,36.2089130058853,36.2089130058853,"PLA: T1 vs T2"
"ABRAXAS2",25.6809899650405,29.2193527247873,29.2193527247873,"PLA: T1 vs T2"
"LPIN1",13.7870780530354,6.05702408302761,13.7870780530354,"PLA: T1 vs T2"
"DCTN4",22.9127601535239,22.8998343808695,22.9127601535239,"PLA: T1 vs T2"
"USP47",49.6719361307223,23.3561639511878,49.6719361307223,"PLA: T1 vs T2"
"NUDT4",32.1576348769644,14.7726166901255,32.1576348769644,"PLA: T1 vs T2"
"STT3A",65.080907087,32.741246366159,65.080907087,"PLA: T1 vs T2"
"EMD",31.2016406420267,40.9725970112201,40.9725970112201,"PLA: T1 vs T2"
"SPCS1",39.4511982839526,7.83413024999555,39.4511982839526,"PLA: T1 vs T2"
"PRKDC",20.3792184493453,29.595412665197,29.595412665197,"PLA: T1 vs T2"
"MOGS",24.2360695771801,53.8746521289362,53.8746521289362,"PLA: T1 vs T2"
"UFSP2",16.2144499135089,35.5918266772984,35.5918266772984,"PLA: T1 vs T2"
"DNAJB2",30.1142160727578,56.680294753457,56.680294753457,"PLA: T1 vs T2"
"DCTN3",15.4953863397194,34.2529263032103,34.2529263032103,"PLA: T1 vs T2"
"ARIH1",20.3861182083267,45.3164158202609,45.3164158202609,"PLA: T1 vs T2"
"RNF126",21.2225712862104,22.560050480634,22.560050480634,"PLA: T1 vs T2"
"UROS",38.2818671003999,40.1686172972648,40.1686172972648,"PLA: T1 vs T2"
"CCAR2",57.1567410364012,31.2051200462755,57.1567410364012,"PLA: T1 vs T2"
"PPCDC",46.0861255953852,32.1375088207246,46.0861255953852,"PLA: T1 vs T2"
"G3BP1",15.178358000442,12.0748972391492,15.178358000442,"PLA: T1 vs T2"
"SUPV3L1",42.4413476509373,38.5261400361437,42.4413476509373,"PLA: T1 vs T2"
"XPO7",19.4615142235129,22.2926149614546,22.2926149614546,"PLA: T1 vs T2"
"DCPS",29.3979998369422,40.8056134995114,40.8056134995114,"PLA: T1 vs T2"
"JPT2",33.4706059315741,18.399454361428,33.4706059315741,"PLA: T1 vs T2"
"PIP4K2B",34.131900822744,75.2750583783667,75.2750583783667,"PLA: T1 vs T2"
"UBFD1",16.7823238128696,33.9658975315673,33.9658975315673,"PLA: T1 vs T2"
"TOMM22",0.699128455557155,35.4301829216877,35.4301829216877,"PLA: T1 vs T2"
"COPE",73.7230265184563,27.0147072792821,73.7230265184563,"PLA: T1 vs T2"
"MAP1S",20.9720984738049,6.00090748393842,20.9720984738049,"PLA: T1 vs T2"
"LSM6",18.7919885244608,27.3649351247926,27.3649351247926,"PLA: T1 vs T2"
"EIF5B",17.0089713535225,18.1076454244851,18.1076454244851,"PLA: T1 vs T2"
"ATP2B1",18.3911286531431,12.9090219540803,18.3911286531431,"PLA: T1 vs T2"
"TSC22D1",18.5841105412518,35.2401261651558,35.2401261651558,"PLA: T1 vs T2"
"TTC37",27.0855770883266,54.9487432964339,54.9487432964339,"PLA: T1 vs T2"
"GFPT1",52.8284972554867,10.8849311488206,52.8284972554867,"PLA: T1 vs T2"
"MECP2",28.0293717292388,40.5638884153103,40.5638884153103,"PLA: T1 vs T2"
"RDH11",13.5597656241637,42.597282781819,42.597282781819,"PLA: T1 vs T2"
"RELA",48.8476923646366,31.0730808445994,48.8476923646366,"PLA: T1 vs T2"
"C12orf57",7.03059562540439,41.0919156276007,41.0919156276007,"PLA: T1 vs T2"
"TIGAR",22.4906982583185,4.83630184998904,22.4906982583185,"PLA: T1 vs T2"
