gene,log2_fold_change,neg_log10_pvalue,pi_score,adjusted_pvalue,direction
FTL,1.9556,4.6016,0,0.061142,Up
ABLIM2,1.9339,3.9957,0,0.082246,Up
RBM3,-1.7615,2.1981,1.34e-4,0.67306,Down
PRKAR2B,-1.2741,2.8033,2.68e-4,0.636506,Down
SELENOO,1.537,1.8987,0.001207,0.680195,Up
MRPL13,1.1071,2.2304,0.003394,0.67306,Up
RETSAT,-1.3817,1.7368,0.003984,0.757249,Down
ENPP4,0.8658,2.651,0.005066,0.67306,Up
SLC41A3,1.506,1.4963,0.005579,0.757249,Up
ATL3,-0.9846,2.0549,0.009479,0.680195,Down
DIAPH2,0.9523,2.114,0.009701,0.680195,Up
DDX19B,-1.2637,1.5873,0.009865,0.757249,Down
ARCN1,0.4703,4.1615,0.011036,0.082246,Up
MYOZ1,1.2979,1.5064,0.011088,0.757249,Up
PBDC1,0.8417,2.3205,0.011138,0.67306,Up
CLPP,0.6174,2.9503,0.015082,0.547827,Up
TUBB4A,-1.1335,1.6038,0.015211,0.757249,Down
THY1,0.9494,1.9138,0.015241,0.680195,Up
PALM,-0.8478,2.078,0.017305,0.680195,Down
IL18,0.9003,1.9449,0.017742,0.680195,Up
SCN1B,-0.7522,2.2675,0.019698,0.67306,Down
TMEM70,1.1174,1.505,0.020812,0.757249,Up
KYAT1,-0.7263,2.3045,0.021194,0.67306,Down
G3BP2,0.9494,1.7519,0.021709,0.757249,Up
LIPE,-1.0227,1.6126,0.022429,0.757249,Down
CES1,-1.3377,1.2248000000000001,0.022992,0.802201,Down
MAP1B,-0.7335,2.2121,0.02385,0.67306,Down
FTH1,0.683,2.2805,0.027691,0.67306,Up
ALDH1B1,0.689,2.2029,0.030345,0.67306,Up
PEBP4,-0.7428,1.9345,0.036571,0.680195,Down
KRT19,-0.9474,1.4571,0.041647000000000003,0.757249,Down
PFDN1,-0.618,2.2108,0.043032,0.67306,Down
CAPRIN1,-0.9028,1.5092,0.043409,0.757249,Down
RHCE,-1.0197,1.263,0.05154,0.802201,NS
MYL1,0.8126,1.577,0.05231,0.757249,NS
TMOD4,0.9635,1.3202,0.053464,0.80219,NS
TSNAX,-0.4628,2.739,0.053999,0.636506,NS
LPCAT3,0.8921,1.419,0.054211,0.762938,NS
CNRIP1,-0.9531,1.3173,0.055519,0.80219,NS
PC,-0.9572,1.3105,0.055679,0.80219,NS
CTBP1,0.5941,2.0907,0.057264,0.680195,NS
C6orf136,0.9872,1.2477,0.058649,0.802201,NS
CD248,-0.8473,1.4405,0.060175,0.757249,NS
MRPL1,-0.6515,1.8225,0.064961,0.693657,NS
RPL30,0.5141,2.2995,0.065741,0.67306,NS
MARCHF5,0.7399,1.5839,0.067321,0.757249,NS
ASAH1,-0.6279,1.8651,0.067451,0.680195,NS
ADIRF,-1.0409,1.1226,0.067833,0.802201,NS
RPL4,0.3891,2.9636,0.070283,0.547827,NS
AP1B1,0.6702,1.7115,0.071293,0.757249,NS
PAFAH1B2,-0.5305,2.1229,0.074786,0.680195,NS
GAA,0.4336,2.5879,0.075496,0.67306,NS
NDUFB1,0.5868,1.8955,0.077224,0.680195,NS
NDUFAF5,0.7117,1.5539,0.078356,0.757249,NS
PLTP,1.0293,1.0722,0.078763,0.802201,NS
ACADL,-0.7919,1.3877,0.079643,0.762963,NS
DARS2,0.6033,1.7966,0.082451,0.722695,NS
SMYD5,-0.571,1.8706,0.085498,0.680195,NS
CAMK2D,0.4372,2.4355,0.086131,0.67306,NS
MRPS36,-0.549,1.9264,0.087571,0.680195,NS
LAMA2,0.8037,1.3017,0.08993,0.802201,NS
SORD,-0.5166,2.0109,0.091436,0.680195,NS
SYNPO2L,0.933,1.0844,0.097318,0.802201,NS
SESN1,-0.4899,2.0639,0.097489,0.680195,NS
FASN,-0.9017,1.1179,0.098189,0.802201,NS
PITPNB,-0.6493,1.55,0.098519,0.757249,NS
ART3,-0.5352,1.8706,0.099748,0.680195,NS
TMX4,-0.4503,2.2219,0.09989,0.67306,NS
SYNM,0.6704,1.4919,0.099984,0.757249,NS
COL12A1,0.8737,1.1247,0.104068,0.802201,NS
C19orf12,0.6319,1.5251,0.108707,0.757249,NS
GNG2,-0.832,1.1533,0.109753,0.802201,NS
SOD1,-0.4737,1.9928,0.113759,0.680195,NS
RAB5B,-0.4553,2.066,0.114641,0.680195,NS
DRG1,0.6911,1.3564,0.115494,0.784875,NS
MYBPH,0.9031,1.0331,0.116674,0.802201,NS
MAPK12,-0.5426,1.7055,0.118723,0.757249,NS
COL14A1,0.7959,1.1603,0.119247,0.802201,NS
CAVIN3,-0.8164,1.1228,0.121156,0.802201,NS
DHRS7,0.3815,2.3814,0.123481,0.67306,NS
FSCN1,0.5673,1.585,0.126129,0.757249,NS
MYO6,0.6011,1.48,0.128912,0.757249,NS
RPL32,0.6629,1.3407,0.12921,0.796304,NS
ANP32E,0.747,1.1858,0.1301,0.802201,NS
S100A13,0.5573,1.562,0.134716,0.757249,NS
CTNNA1,-0.4958,1.7325,0.138357,0.757249,NS
RPL27,0.4563,1.8474,0.143557,0.690689,NS
SLC25A42,0.7163,1.1763,0.143683,0.802201,NS
PLIN4,-0.7072,1.1898,0.14407,0.802201,NS
NDUFA13,0.5718,1.4682,0.144706,0.757249,NS
ISCA2,0.7409,1.1305,0.145364,0.802201,NS
RPS2,0.3337,2.5074,0.145613,0.67306,NS
MRPL38,0.7506,1.1051,0.148094,0.802201,NS
PSMD7,0.4275,1.9266,0.150075,0.680195,NS
HHATL,-0.5676,1.4508,0.150152,0.757249,NS
HMGCS2,-0.8123,1.0029,0.153229,0.802201,NS
TUBB2B,-0.8472,0.9566,0.154721,0.807891,NS
CSTA,-0.7019,1.1532,0.155087,0.802201,NS
NUBP2,0.6268,1.2856,0.156383,0.802201,NS
NDUFA9,0.5159,1.5359,0.161323,0.757249,NS
ARIH2,-0.4818,1.6399,0.162112,0.757249,NS
BCS1L,0.8632,0.9134,0.162776,0.809786,NS
C11orf68,0.4167,1.8768,0.165156,0.680195,NS
CTSG,0.6752,1.1495,0.167441,0.802201,NS
HDGFL3,-0.8992,0.8619,0.167871,0.818987,NS
UBE3A,-0.4012,1.9127,0.170814,0.680195,NS
USP9X,0.387,1.9642,0.173706,0.680195,NS
NNMT,0.6166,1.2323,0.173857,0.802201,NS
MRPL12,0.6082,1.2447,0.174981,0.802201,NS
PDCL3,0.4862,1.552,0.175926,0.757249,NS
RPL24,-0.5131,1.4668,0.176749,0.757249,NS
GGT5,-0.4701,1.5919,0.178506,0.757249,NS
FUNDC1,1.197,0.6251,0.178567,0.854971,NS
MOGS,0.4546,1.6415,0.179381,0.757249,NS
TACC2,-0.4048,1.8411,0.179815,0.690689,NS
MYH2,0.7593,0.9802,0.180176,0.802201,NS
TNNT3,0.7287,1.0122,0.182997,0.802201,NS
LMOD3,-0.5946,1.2398,0.183161,0.802201,NS
CTPS1,0.5663,1.2945,0.18489,0.802201,NS
TSTD1,0.5258,1.3915,0.185483,0.762938,NS
DCUN1D1,-0.4348,1.6731,0.187284,0.757249,NS
PCOLCE,0.7421,0.9704,0.190492,0.802201,NS
FAM162A,0.5144,1.393,0.192084,0.762938,NS
SLC25A4,0.6209,1.1535,0.192208,0.802201,NS
MRPS27,0.5648,1.2666,0.192574,0.802201,NS
SMS,0.4875,1.4628,0.193607,0.757249,NS
TPM2,0.7132,0.9994,0.193736,0.802201,NS
CACNA1S,-0.379,1.8662,0.196241,0.680195,NS
SYNCRIP,0.338,2.0884,0.196817,0.680195,NS
SRSF11,-0.5304,1.3198,0.199478,0.80219,NS
TMLHE,-0.4453,1.5567,0.202699,0.757249,NS
DYNLT1,0.5362,1.2719,0.207977,0.802201,NS
CRADD,0.6471,1.053,0.208264,0.802201,NS
GPD1,-0.4386,1.5516,0.208704,0.757249,NS
CRYL1,-0.5385,1.2595,0.209754,0.802201,NS
CD74,-0.7738,0.876,0.209964,0.812288,NS
AEBP1,0.7863,0.8555,0.21248,0.819246,NS
PNPO,-0.4246,1.5816,0.213024,0.757249,NS
DES,0.7697,0.8717,0.213318,0.812288,NS
HSDL1,-0.5197,1.2812,0.215823,0.802201,NS
SERPINB1,0.3626,1.8264,0.217671,0.693657,NS
PELO,-0.434,1.5171,0.219586,0.757249,NS
MAOA,-0.4697,1.3919,0.221956,0.762938,NS
ANG,0.553,1.1708,0.225213,0.802201,NS
CD99L2,-0.3966,1.6305,0.225593,0.757249,NS
AOX1,-0.7683,0.8408,0.225965,0.819246,NS
PKM,0.3226,2.0016,0.226139,0.680195,NS
NDUFS5,0.5205,1.2399,0.22625,0.802201,NS
UQCRQ,0.5402,1.1799,0.230497,0.802201,NS
BCO2,0.7513,0.8429,0.232668,0.819246,NS
CHDH,-0.4237,1.4812,0.23571,0.757249,NS
ARPC2,0.4175,1.501,0.236191,0.757249,NS
GPNMB,0.7229,0.8637,0.237461,0.818987,NS
COL1A1,0.7966,0.7792,0.239487,0.833093,NS
ASPN,0.661,0.9323,0.24196,0.809786,NS
ITGA6,-0.564,1.0921,0.242121,0.802201,NS
PGAM1,-0.3666,1.6764,0.242946,0.757249,NS
PAIP1,-0.5833,1.0525,0.243245,0.802201,NS
NAA50,-0.375,1.6229,0.246226,0.757249,NS
SUOX,-0.3739,1.6244,0.246988,0.757249,NS
SELENBP1,-0.4736,1.2791,0.247819,0.802201,NS
TPM1,0.674,0.8959,0.248978,0.812288,NS
NDUFB5,0.5399,1.1102,0.251539,0.802201,NS
AGK,0.5011,1.1954,0.251776,0.802201,NS
IRGQ,0.518,1.151,0.253387,0.802201,NS
NADK2,0.514,1.1527,0.255572,0.802201,NS
ABCF3,0.6188,0.9548,0.256583,0.807891,NS
RAB12,-0.3437,1.7132,0.257731,0.757249,NS
PRXL2A,-0.5614,1.0487,0.257798,0.802201,NS
NDUFB4,0.5427,1.0814,0.258903,0.802201,NS
CPA3,-0.4826,1.2111,0.260299,0.802201,NS
NDUFS3,0.4283,1.3564,0.262453,0.784875,NS
MRPL24,0.6613,0.8776,0.262772,0.812288,NS
LSM8,0.4005,1.4475,0.263231,0.757249,NS
DAG1,-0.3875,1.4936,0.263814,0.757249,NS
RPS13,0.3934,1.4675,0.264654,0.757249,NS
FXYD1,-0.4804,1.1992,0.265391,0.802201,NS
ABCE1,0.3223,1.774,0.268101,0.73401,NS
LGALS1,-0.4416,1.2825,0.271401,0.802201,NS
FBP1,0.5248,1.0758,0.272509,0.802201,NS
ADH1B,-0.6434,0.874,0.273923,0.812288,NS
TNS1,-0.4359,1.2697,0.279571,0.802201,NS
HLA-DRA,-0.3997,1.3816,0.28045,0.762963,NS
RCN2,0.3787,1.4422,0.284323,0.757249,NS
CNIH4,0.3594,1.5169,0.285018,0.757249,NS
CYC1,0.4139,1.3127,0.286168,0.80219,NS
UBE2F,0.5022,1.0776,0.287647,0.802201,NS
GET4,0.4661,1.1606,0.287811,0.802201,NS
STARD10,-0.6344,0.8505,0.288712,0.819246,NS
SLC1A4,-0.6765,0.7972,0.288881,0.828115,NS
TBCEL,0.6086,0.8797,0.291461,0.812288,NS
FAM120A,0.4828,1.1073,0.292011,0.802201,NS
PMVK,0.4762,1.1196,0.293009,0.802201,NS
SOD3,-0.5363,0.9934,0.293215,0.802201,NS
PCYT1A,0.4014,1.3272,0.293312,0.80219,NS
PYGM,0.4949,1.0736,0.294178,0.802201,NS
ERP29,0.3439,1.5387,0.295731,0.757249,NS
TNKS1BP1,-0.6112,0.8649,0.296044,0.818987,NS
MCAM,-0.7017,0.7496,0.29788,0.833093,NS
COL15A1,0.5662,0.9264,0.298885,0.809786,NS
GNAQ,-0.565,0.9243,0.300463,0.809786,NS
EIF4G2,-0.4263,1.2241,0.300747,0.802201,NS
HK1,0.30620000000000003,1.701,0.301451,0.757249,NS
NT5C2,0.4766,1.0896,0.302451,0.802201,NS
ARF6,0.425,1.2196,0.303149,0.802201,NS
ACAA1,-0.4107,1.2577,0.304442,0.802201,NS
UQCR11,0.4557,1.1295,0.305673,0.802201,NS
HSPH1,0.5796,0.8859,0.306598,0.812288,NS
CISD1,0.3613,1.4149,0.308188,0.762938,NS
PUF60,0.491,1.0401,0.308522,0.802201,NS
AUH,0.4491,1.1298,0.310906,0.802201,NS
ALDH9A1,-0.2843,1.7838,0.311121,0.730699,NS
ETHE1,0.3697,1.3641,0.313119,0.782492,NS
PLIN1,-0.8213,0.6105,0.31522,0.854971,NS
LONP1,0.3546,1.4107,0.316059,0.762938,NS
ME2,0.375,1.3339,0.31607,0.80219,NS
SLC25A3,0.3288,1.5172,0.317042,0.757249,NS
PFKFB1,-0.4226,1.1733,0.319264,0.802201,NS
NUDT4,0.4053,1.2234,0.319294,0.802201,NS
GOT2,0.5072,0.9758,0.319971,0.802201,NS
TNNC2,0.594,0.8329,0.320079,0.819246,NS
CRABP2,0.9107,0.5425,0.320596,0.876781,NS
BDH2,0.422,1.1675,0.321574,0.802201,NS
STX4,-0.491,1.0035,0.321599,0.802201,NS
CSRP3,0.4071,1.2085,0.322089,0.802201,NS
CLTA,-0.7644,0.643,0.322466,0.850526,NS
FLNC,0.4514,1.0852,0.323676,0.802201,NS
TSFM,0.4763,1.028,0.323899,0.802201,NS
MYL9,0.4446,1.0993,0.324498,0.802201,NS
ACO1,-0.3019,1.6171,0.324876,0.757249,NS
ACTA1,0.5407,0.9001,0.326052,0.812288,NS
LSS,-0.3396,1.4257,0.327935,0.762938,NS
HNRNPA3,-0.4951,0.9762,0.328583,0.802201,NS
TRMT10C,-0.5541,0.8705,0.329319,0.812288,NS
ATP5F1D,0.3994,1.2072,0.329505,0.802201,NS
NGLY1,-0.4743,1.0071,0.332919,0.802201,NS
MRPL48,0.6071,0.7857,0.333445,0.833093,NS
AKT1,0.4918,0.9674,0.3344,0.802201,NS
UFD1,0.3643,1.298,0.336672,0.802201,NS
COX7A1,0.405,1.1646,0.337519,0.802201,NS
PRPSAP2,-0.411,1.145,0.338333,0.802201,NS
HINT2,-0.4113,1.1356,0.341141,0.802201,NS
EIPR1,-0.39,1.1971,0.341329,0.802201,NS
CAVIN2,-0.5013,0.9258,0.343462,0.809786,NS
SLC16A1,0.4495,1.0274,0.3453,0.802201,NS
PLP2,0.561,0.8223,0.345679,0.819246,NS
PYGL,-0.3223,1.4202,0.348511,0.762938,NS
RAB2A,-0.243,1.8827,0.348678,0.680195,NS
ACSL4,-0.5102,0.8919,0.350746,0.812288,NS
CKMT2,0.4845,0.9342,0.35267,0.809786,NS
PFKM,0.4694,0.9635,0.352947,0.802201,NS
SMTNL1,-0.4392,1.0218,0.355842,0.802201,NS
MYL3,0.6399,0.701,0.355971,0.850526,NS
RPL15,0.3201,1.4012,0.356089,0.762938,NS
PDP1,0.3961,1.1299,0.356856,0.802201,NS
RPL11,0.3599,1.2432,0.356889,0.802201,NS
SLMAP,-0.3552,1.2582,0.357374,0.802201,NS
VKORC1L1,-0.3989,1.1188,0.357903,0.802201,NS
NAMPT,0.3751,1.1884,0.358294,0.802201,NS
MRPL45,-0.4462,0.9961,0.359395,0.802201,NS
ATE1,0.5559,0.7975,0.360329,0.828115,NS
TTN,0.5747,0.7682,0.36186,0.833093,NS
CKM,0.4035,1.091,0.3629,0.802201,NS
UBE2D1,-0.4422,0.9951,0.36306,0.802201,NS
S100A16,-0.4647,0.9421,0.364914,0.809786,NS
NDUFA8,0.4126,1.0542,0.367355,0.802201,NS
NAP1L4,0.2604,1.6689,0.367656,0.757249,NS
COMMD6,-0.4255,1.0192,0.368393,0.802201,NS
PEBP1,-0.2821,1.535,0.36892200000000003,0.757249,NS
BGN,0.536,0.7989,0.373066,0.828115,NS
PMPCA,0.3682,1.1479,0.377848,0.802201,NS
TIMM9,-0.4103,1.0272,0.378899,0.802201,NS
SCCPDH,0.3327,1.266,0.379207,0.802201,NS
DBI,-0.312,1.3462,0.380239,0.792774,NS
PSAP,-0.4081,1.0269,0.380961,0.802201,NS
MTHFD1,-0.244,1.7052,0.383666,0.757249,NS
IQGAP1,0.3972,1.0471,0.383758,0.802201,NS
EML4,0.6344,0.6533,0.385093,0.850526,NS
RPL36AL,-0.5744,0.7213,0.385152,0.839205,NS
CCDC22,0.5462,0.7557,0.386584,0.833093,NS
MRRF,0.4585,0.9001,0.386656,0.812288,NS
MYL4,0.5827,0.7049,0.388335,0.849981,NS
SEPTIN10,-0.4568,0.8972,0.3892,0.812288,NS
NENF,0.7307,0.5584,0.390806,0.875302,NS
XRCC5,0.2756,1.4799,0.390898,0.757249,NS
ENO1,-0.3778,1.0783,0.391419,0.802201,NS
EIF2B3,0.3467,1.1728,0.392122,0.802201,NS
ECM1,-0.3982,1.0173,0.393503,0.802201,NS
JPT2,0.3268,1.2363,0.394387,0.802201,NS
ATG7,0.4334,0.9305,0.395138,0.809786,NS
TUBB4B,-0.2885,1.3923,0.396534,0.762938,NS
SCP2,-0.3016,1.3293,0.397261,0.80219,NS
SYNPO2,0.4545,0.877,0.399407,0.812288,NS
FHL1,0.3141,1.2619,0.40142099999999997,0.802201,NS
MYLK,-0.371,1.0669,0.401983,0.802201,NS
PLEKHO2,-0.5163,0.766,0.402276,0.833093,NS
CARS2,0.447,0.8838,0.402671,0.812288,NS
TRAPPC3,0.271,1.4515,0.404216,0.757249,NS
ATP2B2,-0.3695,1.0611,0.405481,0.802201,NS
PACSIN2,-0.3196,1.2255,0.40575,0.802201,NS
SLC9A3R2,-0.6044,0.6478,0.40596,0.850526,NS
THBS4,0.6528,0.5976,0.407287,0.854971,NS
TMOD3,0.4587,0.8489,0.407922,0.819246,NS
PRKRA,-0.3923,0.9922,0.408112,0.802201,NS
CARHSP1,-0.5346,0.7271,0.408595,0.834824,NS
GPX4,-0.2992,1.296,0.409536,0.802201,NS
FITM2,0.3663,1.057,0.409979,0.802201,NS
SLC25A6,0.4577,0.8455,0.410238,0.819246,NS
NUDT19,0.4659,0.8216,0.414226,0.819246,NS
COPE,0.3381,1.131,0.414557,0.802201,NS
PHKA2,0.4592,0.8285,0.416446,0.819246,NS
COX5A,0.3307,1.1466,0.417634,0.802201,NS
SCO1,0.3965,0.9472,0.421168,0.808995,NS
NDUFB11,0.3948,0.9508,0.421326,0.808995,NS
TCAP,0.4913,0.7601,0.423238,0.833093,NS
MRPL40,0.4277,0.8726,0.423418,0.812288,NS
MYOF,0.2811,1.3115,0.42795,0.80219,NS
APEX1,0.2648,1.3915,0.42805,0.762938,NS
LAMTOR2,0.4132,0.8903,0.428644,0.812288,NS
COL6A3,0.5486,0.6691,0.429459,0.850526,NS
S100B,-0.7839,0.4674,0.430154,0.893559,NS
ACTN2,0.7264,0.5019,0.431902,0.886335,NS
AKR1C2,-0.4958,0.7354,0.431936,0.834824,NS
NDUFB3,0.3584,1.0107,0.434279,0.802201,NS
BZW2,0.4497,0.8042,0.434829,0.828115,NS
GMFB,0.4397,0.8223,0.434945,0.819246,NS
MAN2C1,-0.3527,1.0225,0.435887,0.802201,NS
NDUFB9,0.393,0.9116,0.438228,0.809786,NS
LMAN2,0.3452,1.034,0.439632,0.802201,NS
NDUFAF4,0.4333,0.8212,0.440776,0.819246,NS
HADH,-0.255,1.3916,0.441658,0.762938,NS
SNRPB,0.3147,1.1222,0.443462,0.802201,NS
LACTB2,-0.306,1.1488,0.445065,0.802201,NS
MSRB2,0.4232,0.828,0.446211,0.819246,NS
UBE2V2,-0.2499,1.3987,0.447237,0.762938,NS
VBP1,-0.2907,1.1977,0.448573,0.802201,NS
CD81,-0.4849,0.7178,0.448671,0.841856,NS
EIF4B,-0.3664,0.9496,0.448857,0.808995,NS
AHNAK2,0.5218,0.6635,0.450611,0.850526,NS
C1QB,0.5071,0.6825,0.450739,0.850526,NS
PPP1CB,0.2935,1.1788,0.450844,0.802201,NS
DERA,-0.4238,0.8154,0.451215,0.826705,NS
RRAS,-0.352,0.9805,0.451721,0.802201,NS
MDH1,-0.2368,1.4533,0.452728,0.757249,NS
PPP1R14B,0.4094,0.8393,0.453291,0.819246,NS
GMPR2,-0.4798,0.7131,0.454785,0.846017,NS
BABAM2,0.4134,0.8256,0.455686,0.819246,NS
NDUFA12,0.4299,0.7939,0.45573,0.828496,NS
AGMAT,-0.4998,0.6827,0.455816,0.850526,NS
CAVIN1,-0.4713,0.7205,0.457505,0.83925,NS
EIF4EBP1,-0.322,1.0525,0.458243,0.802201,NS
VWF,-0.3841,0.8802,0.459135,0.812288,NS
CUL4A,0.3696,0.9085,0.461585,0.812288,NS
TRA2B,0.5553,0.6032,0.462418,0.854971,NS
CILP,0.6186,0.5408,0.46289,0.876781,NS
MYH8,0.5652,0.5916,0.463034,0.854971,NS
AGL,0.3994,0.8366,0.463317,0.819246,NS
DYNC1LI2,-0.4137,0.8063,0.463898,0.828115,NS
SYNJ2BP,0.2878,1.1553,0.464986,0.802201,NS
MAPK1,0.2419,1.3681,0.466755,0.781101,NS
MRPL49,0.3961,0.8332,0.467689,0.819246,NS
NDUFA10,0.3346,0.9853,0.468041,0.802201,NS
RPS24,0.2597,1.2663,0.469022,0.802201,NS
SEC23IP,-0.4744,0.693,0.469066,0.850526,NS
CAPZB,0.3372,0.9743,0.469344,0.802201,NS
ETFRF1,-0.4118,0.7968,0.469758,0.828115,NS
CD44,0.563,0.5804,0.471244,0.855189,NS
RPLP0,0.2257,1.4446,0.471939,0.757249,NS
NEK9,-0.2996,1.0869,0.472443,0.802201,NS
OBSCN,0.4074,0.798,0.473066,0.828115,NS
RPS11,-0.3453,0.9412,0.473146,0.809786,NS
ANXA7,-0.1941,1.6727,0.473446,0.757249,NS
COBL,-0.3159,1.028,0.473485,0.802201,NS
NDUFS4,0.3848,0.8438,0.473514,0.819246,NS
INPP1,0.3004,1.0786,0.474204,0.802201,NS
ATP5IF1,-0.7232,0.447,0.475041,0.897967,NS
VAMP2,-0.3123,1.0294,0.477007,0.802201,NS
PRKCD,-0.4074,0.7887,0.477237,0.833093,NS
FDXR,0.383,0.8293,0.481285,0.819246,NS
IDH1,-0.3164,0.9997,0.48273,0.802201,NS
NEB,0.5709,0.5523,0.483818,0.875515,NS
COX5B,0.3072,1.0263,0.48384,0.802201,NS
SCAMP3,-0.3409,0.9243,0.4841,0.809786,NS
NRP1,-0.3713,0.8478,0.484451,0.819246,NS
IGKV3-11,-0.4596,0.6826,0.485564,0.850526,NS
ADHFE1,0.4094,0.7653,0.486019,0.833093,NS
ACACA,0.4522,0.6891,0.487984,0.850526,NS
CLINT1,-0.3558,0.875,0.488343,0.812288,NS
HNMT,-0.385,0.8054,0.489695,0.828115,NS
MT-CO2,0.2872,1.077,0.490576,0.802201,NS
MYO18A,0.3301,0.9302,0.493132,0.809786,NS
HBB,-0.6169,0.4975,0.493316,0.88636,NS
GNS,-0.4529,0.6775,0.493374,0.850526,NS
PDHB,0.3273,0.9362,0.493882,0.809786,NS
COX6C,0.3225,0.9472,0.494868,0.808995,NS
SORBS1,-0.4686,0.651,0.495327,0.850526,NS
FH,0.2664,1.1452,0.495376,0.802201,NS
COTL1,-0.5409,0.5635,0.495693,0.872171,NS
SLC25A11,0.4008,0.7589,0.49635,0.833093,NS
C1QC,0.4903,0.6202,0.496534,0.854971,NS
UQCRC2,0.3031,1.0018,0.497027,0.802201,NS
PLEC,0.3437,0.8796,0.498522,0.812288,NS
NRBP1,0.3967,0.7592,0.499811,0.833093,NS
FAH,-0.3456,0.8706,0.500201,0.812288,NS
FN3KRP,0.3254,0.9222,0.5011,0.809786,NS
LAMA4,-0.5884,0.5097,0.501293,0.886335,NS
ALDH1A1,-0.3216,0.9207,0.505771,0.809786,NS
TCEA3,-0.3793,0.7755,0.507966,0.833093,NS
SET,0.2733,1.0752,0.508389,0.802201,NS
TALDO1,-0.3041,0.9613,0.51010200000000006,0.802201,NS
RBBP7,-0.3034,0.9629,0.51032,0.802201,NS
PALMD,-0.3388,0.8619,0.510467,0.818987,NS
NDUFA2,0.3303,0.8839,0.510571,0.812288,NS
FNTA,0.2997,0.973,0.510958,0.802201,NS
BCAP29,0.3189,0.9124,0.511746,0.809786,NS
ALDH5A1,0.3454,0.8355,0.514504,0.819246,NS
NNT,0.2998,0.9542,0.517486,0.807891,NS
MAPK9,0.3573,0.8005,0.51757,0.828115,NS
AHSA1,0.2721,1.0502,0.517901,0.802201,NS
UBE2D3,0.3215,0.8885,0.518014,0.812288,NS
IDH3A,0.2796,1.0216,0.518043,0.802201,NS
MAP3K20,-0.3446,0.8262,0.519189,0.819246,NS
HBA1,-0.5939,0.4782,0.520022,0.891736,NS
SELENOP,-0.4292,0.6615,0.520138,0.850526,NS
NDUFV1,0.3158,0.8964,0.521142,0.812288,NS
EMC2,0.4193,0.6732,0.522093,0.850526,NS
STAT5B,-0.2094,1.3458,0.522588,0.792774,NS
FAHD1,0.3317,0.8462,0.524,0.819246,NS
AOC3,-0.5425,0.515,0.525565,0.886335,NS
DHX15,0.4634,0.6028,0.525598,0.854971,NS
ADH1C,-0.4331,0.6449,0.52567,0.850526,NS
ESD,-0.2021,1.3818,0.525694,0.762963,NS
MUSTN1,0.4383,0.6362,0.526247,0.854882,NS
STMN1,-0.3933,0.7076,0.526846,0.849981,NS
ZBTB9,0.3736,0.7442,0.527174,0.833093,NS
SHMT1,-0.2535,1.0961,0.527469,0.802201,NS
NDUFS1,0.2824,0.9785,0.529277,0.802201,NS
PRDX1,-0.2551,1.0765,0.531419,0.802201,NS
TIPRL,0.2782,0.9798,0.533792,0.802201,NS
ARPC4,0.2965,0.9183,0.534206,0.809786,NS
SGCA,-0.3084,0.8825,0.534341,0.812288,NS
NAA10,0.3382,0.8042,0.534637,0.828115,NS
IDH3B,0.2543,1.0661,0.535705,0.802201,NS
SRM,0.3075,0.8748,0.538262,0.812288,NS
VPS25,0.2753,0.9689,0.541054,0.802201,NS
NUDT9,0.3425,0.7773,0.541675,0.833093,NS
RPL23,-0.2688,0.9884,0.542354,0.802201,NS
CAPZA2,0.2879,0.9219,0.542748,0.809786,NS
ALDH2,-0.3434,0.7728,0.542801,0.833093,NS
RO60,0.336,0.7887,0.543264,0.833093,NS
COX4I1,0.2648,0.9996,0.543646,0.802201,NS
ACOT9,0.2449,1.0767,0.544954,0.802201,NS
FCN3,-0.4348,0.6061,0.54511,0.854971,NS
CA2,-0.412,0.6394,0.545252,0.850526,NS
ACSL3,0.297,0.8812,0.547393,0.812288,NS
RAB1B,-0.2634,0.9923,0.547826,0.802201,NS
PMPCB,0.2394,1.089,0.548713,0.802201,NS
SNX12,-0.3495,0.7392,0.551587,0.833093,NS
VDAC2,0.2331,1.1065,0.552223,0.802201,NS
CES2,0.3422,0.753,0.552461,0.833093,NS
FIS1,0.2671,0.9639,0.552805,0.802201,NS
SAMM50,0.3385,0.7601,0.553038,0.833093,NS
RHOC,0.338,0.7599,0.55359100000000006,0.833093,NS
ISCA1,-0.3842,0.6661,0.554734,0.850526,NS
SF3B2,-0.35,0.7272,0.556507,0.834824,NS
CPT1A,-0.3676,0.6911,0.557081,0.850526,NS
CD36,-0.4262,0.5942,0.558174,0.854971,NS
STBD1,0.3318,0.7573,0.560739,0.833093,NS
RAB7A,-0.2178,1.1473,0.562462,0.802201,NS
FARSA,0.247,1.0115,0.562473,0.802201,NS
LZIC,0.2252,1.1065,0.563434,0.802201,NS
NDUFAB1,0.2729,0.9114,0.564007,0.809786,NS
SFXN1,0.2502,0.993,0.564328,0.802201,NS
AP1M1,0.2832,0.8749,0.565262,0.812288,NS
ATP5MG,0.3148,0.7867,0.565355,0.833093,NS
COL18A1,-0.3086,0.8001,0.566385,0.828115,NS
ACY1,0.3002,0.8203,0.567171,0.819246,NS
ALYREF,-0.4332,0.5654,0.568915,0.87129,NS
BCAM,-0.2888,0.847,0.569366,0.819246,NS
RCN3,0.5567,0.4378,0.570535,0.902561,NS
SARS2,-0.3217,0.7562,0.571122,0.833093,NS
DYSF,0.2682,0.9028,0.572691,0.812288,NS
ALDH6A1,-0.3121,0.7755,0.572769,0.833093,NS
PROS1,-0.4126,0.5855,0.573386,0.855189,NS
EPRS1,0.226,1.0687,0.573469,0.802201,NS
MYLK2,-0.3689,0.6518,0.574791,0.850526,NS
APPL1,0.2429,0.9893,0.575065,0.802201,NS
COPA,0.2487,0.9612,0.576703,0.802201,NS
DHX9,0.2956,0.8086,0.576777,0.828115,NS
ME1,-0.2347,1.0169,0.577233,0.802201,NS
SLC25A20,0.2985,0.7988,0.577535,0.828115,NS
KPNA3,0.3238,0.7312,0.579779,0.834824,NS
NDUFV2,0.2659,0.8875,0.580834,0.812288,NS
MESD,-0.372,0.6341,0.580941,0.854882,NS
MAPT,0.2816,0.8361,0.581558,0.819246,NS
GARS1,0.2495,0.9429,0.581781,0.809786,NS
TPM3,0.4582,0.5132,0.581878,0.886335,NS
ACAT2,-0.361,0.65,0.582555,0.850526,NS
ECH1,0.2541,0.922,0.583026,0.809786,NS
TPM4,0.3474,0.6682,0.585931,0.850526,NS
STEAP4,0.3874,0.599,0.586042,0.854971,NS
GALM,0.2844,0.8142,0.586695,0.827186,NS
PCYOX1,-0.226,1.0243,0.58683,0.802201,NS
GLO1,-0.2255,1.0254,0.587151,0.802201,NS
ITGA7,-0.2272,1.0159,0.587664,0.802201,NS
GLRX5,0.3305,0.6983,0.58776,0.850526,NS
EPB41L3,-0.3358,0.6837,0.589428,0.850526,NS
L3HYPDH,-0.3144,0.7292,0.589829,0.834824,NS
MRC2,0.3472,0.6593,0.590312,0.850526,NS
YBX1,0.2397,0.951,0.59163,0.808995,NS
NUCB1,-0.2955,0.7689,0.592657,0.833093,NS
OGN,0.4053,0.5596,0.593155,0.874609,NS
DNAJB4,0.3259,0.6953,0.593484,0.850526,NS
ENO3,0.321,0.7054,0.593699,0.849981,NS
RTCB,0.1883,1.1996,0.594506,0.802201,NS
MGST1,-0.514,0.4387,0.594989,0.902561,NS
RPL21,-0.3055,0.7366,0.595555,0.834281,NS
AKT2,0.2516,0.8929,0.596071,0.812288,NS
ACSS2,-0.2243,1.0018,0.596117,0.802201,NS
PKIA,-0.2317,0.9695,0.5962,0.802201,NS
MYH11,0.36,0.623,0.596707,0.854971,NS
TIMM44,0.3127,0.7156,0.597321,0.842899,NS
S100A9,-0.4376,0.5093,0.598577,0.886335,NS
MCU,0.2971,0.7496,0.598825,0.833093,NS
JUP,0.2969,0.7499,0.598921,0.833093,NS
GYS1,0.2999,0.7424,0.598925,0.833093,NS
CUL2,-0.2769,0.8018,0.599805,0.828115,NS
SNU13,0.3448,0.6437,0.599809,0.850526,NS
RUVBL2,0.2792,0.7939,0.600307,0.828496,NS
IDH2,0.2627,0.8413,0.601102,0.819246,NS
PREB,0.2676,0.8229,0.602213,0.819246,NS
PDLIM3,0.3268,0.6733,0.602489,0.850526,NS
ATP5F1C,0.2672,0.8225,0.602908,0.819246,NS
MAPK14,0.2961,0.74,0.603799,0.833093,NS
COL4A1,-0.4871,0.4485,0.604692,0.897967,NS
PTPA,-0.2791,0.7814,0.605278,0.833093,NS
DHRS7C,0.3085,0.6996,0.608387,0.850526,NS
STT3A,0.3106,0.6934,0.608987,0.850526,NS
RPL7,0.231,0.931,0.60952,0.809786,NS
HNRNPK,-0.2296,0.9347,0.610027,0.809786,NS
ACYP2,0.3523,0.6074,0.610948,0.854971,NS
PA2G4,-0.2041,1.0401,0.613294,0.802201,NS
PXN,0.4629,0.4586,0.613374,0.895844,NS
SPR,0.2926,0.7252,0.613485,0.834824,NS
TMOD1,0.3468,0.6115,0.613658,0.854971,NS
EIF2S3,0.1983,1.0661,0.614539,0.802201,NS
UBE2M,0.2546,0.8292,0.615051,0.819246,NS
HEBP2,-0.1957,1.0783,0.615198,0.802201,NS
NLN,0.2777,0.7551,0.617034,0.833093,NS
RHOA,-0.2339,0.8942,0.617824,0.812288,NS
ACTC1,0.581,0.3595,0.618211,0.921602,NS
NARS1,0.1794,1.1586,0.61966,0.802201,NS
MARS1,-0.4702,0.4397,0.621248,0.902561,NS
CSTB,-0.2707,0.7611,0.622202,0.833093,NS
UNC45B,0.2769,0.7437,0.622428,0.833093,NS
EIF5B,-0.21,0.9792,0.622787,0.802201,NS
CYB5A,-0.4036,0.5088,0.623228,0.886335,NS
BZW1,0.3073,0.6669,0.623861,0.850526,NS
MCTS1,0.261,0.7813,0.625304,0.833093,NS
PADI2,0.243,0.8388,0.62544,0.819246,NS
HSPB3,-0.2736,0.7447,0.625539,0.833093,NS
ESYT1,-0.3036,0.6689,0.626526,0.850526,NS
TMEM256,-0.2795,0.7155,0.630926,0.842899,NS
C9orf64,-0.2162,0.9237,0.6314,0.809786,NS
RPL8,-0.309,0.6456,0.631731,0.850526,NS
PDCD6,-0.2174,0.9156,0.632282,0.809786,NS
LDB3,0.2506,0.7906,0.633666,0.832948,NS
MTM1,0.3303,0.5982,0.634484,0.854971,NS
SRSF7,0.3227,0.6091,0.636,0.854971,NS
CAPG,0.4283,0.4583,0.636403,0.895844,NS
HSP90AB1,0.174,1.1238,0.637403,0.802201,NS
YBX3,0.3024,0.6465,0.637552,0.850526,NS
DTD1,-0.2798,0.6982,0.637759,0.850526,NS
FLOT2,-0.254,0.7667,0.638651,0.833093,NS
RPL31,0.2901,0.6695,0.639371,0.850526,NS
HIBCH,0.254,0.7645,0.639463,0.833093,NS
MTIF2,0.4006,0.4838,0.639997,0.889164,NS
ANXA4,0.2734,0.708,0.640359,0.849981,NS
RRBP1,-0.4423,0.4364,0.641183,0.902597,NS
PIN1,-0.2097,0.9143,0.643143,0.809786,NS
THOP1,-0.216,0.8852,0.643865,0.812288,NS
ACTR3,0.2137,0.8906,0.645172,0.812288,NS
SUCLA2,0.2581,0.7367,0.645431,0.834281,NS
DCTN1,0.168,1.1293,0.646027,0.802201,NS
IARS2,0.2214,0.8556,0.646538,0.819246,NS
GRPEL1,0.3671,0.5126,0.64836,0.886335,NS
PPP1CA,0.2252,0.8301,0.650277,0.819246,NS
NDUFA3,0.3977,0.4681,0.65134,0.892967,NS
AHCYL1,0.2177,0.8534,0.652,0.819246,NS
EHD2,-0.3734,0.4962,0.652665,0.88636,NS
PSMD3,0.1847,1.0016,0.653171,0.802201,NS
AGT,0.3483,0.5306,0.653387,0.885681,NS
UQCRH,0.2727,0.6758,0.654171,0.850526,NS
CAV1,-0.4038,0.4555,0.654732,0.897967,NS
CBR4,-0.2892,0.6343,0.655447,0.854882,NS
JPT1,-0.4157,0.4406,0.655885,0.902561,NS
SNTB2,0.22,0.8317,0.656149,0.819246,NS
VAMP5,0.3161,0.5762,0.657416,0.855399,NS
SNX9,-0.3592,0.5062,0.657949,0.886335,NS
SDR39U1,0.3532,0.5146,0.658014,0.886335,NS
GSPT1,0.183,0.993,0.658107,0.802201,NS
GCN1,0.3413,0.5323,0.658179,0.885406,NS
BASP1,0.4246,0.4277,0.658271,0.906222,NS
FABP4,-0.4843,0.3748,0.658364,0.917341,NS
HGH1,-0.3289,0.55,0.659292,0.876781,NS
CHCHD3,0.2557,0.7071,0.659445,0.849981,NS
EMD,-0.3125,0.5782,0.659704,0.855399,NS
GPT2,-0.3504,0.5145,0.660282,0.886335,NS
IDI1,-0.2987,0.6035,0.660332,0.854971,NS
QDPR,-0.1751,1.0291,0.660403,0.802201,NS
ACOT2,-0.1947,0.9241,0.660759,0.809786,NS
ACOT1,-0.3515,0.5113,0.66113,0.886335,NS
VAPB,0.2427,0.7401,0.661219,0.833093,NS
NFIC,-0.2116,0.8473,0.661774,0.819246,NS
TATDN1,-0.239,0.75,0.66189,0.833093,NS
PRKAG1,0.2859,0.6246,0.662899,0.854971,NS
ACTR1A,0.1812,0.9824,0.663677,0.802201,NS
PMM2,0.2206,0.8052,0.664318,0.828115,NS
PPP3CB,-0.2716,0.6536,0.664459,0.850526,NS
ANXA3,-0.2382,0.7447,0.664713,0.833093,NS
DEK,-0.2216,0.799,0.665141,0.828115,NS
CRIP1,-0.3729,0.473,0.666235,0.892967,NS
CAPN2,0.1814,0.9671,0.667689,0.802201,NS
HDHD2,-0.2306,0.7607,0.667742,0.833093,NS
CD276,0.3613,0.4839,0.668617,0.889164,NS
MT-ND1,-0.3542,0.4933,0.668773,0.88636,NS
ASS1,-0.2903,0.6016,0.668864,0.854971,NS
TPP1,-0.2857,0.6079,0.670438,0.854971,NS
DCTN3,-0.2546,0.6812,0.670778,0.850526,NS
RPS25,-0.2256,0.7672,0.671325,0.833093,NS
GSTP1,-0.1872,0.9244,0.671349,0.809786,NS
FAHD2A,0.2624,0.6588,0.671674,0.850526,NS
ETF1,0.2032,0.8507,0.67169,0.819246,NS
MPST,-0.1966,0.8697,0.674579,0.812288,NS
TSPO,0.2553,0.6693,0.674785,0.850526,NS
DLST,0.234,0.7255,0.676482,0.834824,NS
SAE1,0.2543,0.6674,0.676526,0.850526,NS
RAB23,0.4527,0.3744,0.676862,0.917341,NS
RBMX,0.2942,0.5749,0.677403,0.85629,NS
RPS3,0.1849,0.9149,0.677441,0.809786,NS
GOT1,0.2786,0.6062,0.677794,0.854971,NS
ISOC2,0.2471,0.6835,0.677869,0.850526,NS
TNNI2,0.3928,0.4282,0.678876,0.906222,NS
RASA4,-0.2668,0.6289,0.679515,0.854971,NS
LGMN,0.3357,0.4959,0.68159,0.88636,NS
OSBPL1A,0.2699,0.6158,0.68204,0.854971,NS
GSTM4,-0.422,0.3927,0.682742,0.917341,NS
TUBA8,0.3232,0.5126,0.682893,0.886335,NS
DYNC1H1,0.1608,1.0298,0.682996,0.802201,NS
PPP1R3A,-0.2841,0.5827,0.683043,0.855189,NS
HNRNPF,-0.2559,0.6467,0.683095,0.850526,NS
FABP3,0.3157,0.5226,0.683975,0.886335,NS
ERI3,-0.2275,0.7244,0.6842,0.834824,NS
NAPRT,-0.2415,0.6809,0.684788,0.850526,NS
CAT,-0.3581,0.4578,0.685573,0.895844,NS
DAD1,0.2257,0.7246,0.686164,0.834824,NS
SYNE2,0.3081,0.5308,0.686187,0.885681,NS
HK2,0.3525,0.4638,0.686305,0.895405,NS
IGHA2,-0.3601,0.4524,0.687181,0.897967,NS
NDUFS2,0.2542,0.64,0.687619,0.850526,NS
CD163,-0.3262,0.4938,0.69017,0.88636,NS
FBXO7,0.3001,0.5357,0.690643,0.881826,NS
PHKB,0.272,0.5909,0.690685,0.854971,NS
PLIN3,0.191,0.8406,0.691,0.819246,NS
SSR4,0.2552,0.6285,0.691234,0.854971,NS
LNPEP,0.2472,0.6488,0.691271,0.850526,NS
TBC1D17,-0.2518,0.6355,0.691829,0.854882,NS
ATL2,-0.274,0.5827,0.692356,0.855189,NS
MANF,0.3212,0.4946,0.693648,0.88636,NS
RNF126,-0.2463,0.6441,0.693996,0.850526,NS
ITGB1,-0.2539,0.6247,0.69403,0.854971,NS
CPNE1,0.2099,0.7544,0.694518,0.833093,NS
MDH2,0.2088,0.758,0.694617,0.833093,NS
NT5C3A,-0.2506,0.6315,0.694621,0.854971,NS
MYOM1,0.3044,0.5198,0.694681,0.886335,NS
MYCBP,-0.2593,0.6095,0.694984,0.854971,NS
PABPC1,0.1561,1.0073,0.69626999999999994,0.802201,NS
EHD1,-0.2902,0.5396,0.697231,0.876781,NS
LPIN1,0.2677,0.5846,0.697436,0.855189,NS
TXN,-0.2217,0.7036,0.698271,0.850526,NS
CALM1,-0.2817,0.5513,0.699345,0.875515,NS
TIMM21,-0.2806,0.5535,0.699361,0.875515,NS
ATP5PO,0.2102,0.7389,0.699369,0.833093,NS
ENDOD1,0.2341,0.6631,0.699494,0.850526,NS
LRPPRC,0.207,0.7486,0.699931,0.833093,NS
AKR7A2,0.18,0.8584,0.700598,0.819246,NS
RPS23,-0.3652,0.4231,0.700612,0.909368,NS
VDAC3,0.2462,0.6273,0.700775,0.854971,NS
MVP,0.2819,0.5453,0.701902,0.876781,NS
PDHA1,0.2358,0.6506,0.702435,0.850526,NS
ARHGAP1,0.2449,0.626,0.702591,0.854971,NS
STAMBP,-0.2823,0.5418,0.703123,0.876781,NS
UQCRC1,0.2165,0.7054,0.703503,0.849981,NS
AIMP2,0.2181,0.6992,0.703934,0.850526,NS
ECHDC2,0.313,0.4828,0.706133,0.889164,NS
CYTH1,-0.2254,0.6699,0.706347,0.850526,NS
CA3,0.2536,0.5927,0.707443,0.854971,NS
RPL6,0.2012,0.7463,0.707748,0.833093,NS
DNAJA2,0.2179,0.6867,0.708493,0.850526,NS
LRRC40,-0.2482,0.6028,0.708541,0.854971,NS
ACOT13,0.2382,0.627,0.709016,0.854971,NS
EPM2A,-0.2436,0.6126,0.709258,0.854971,NS
NANS,0.2526,0.589,0.709912,0.855189,NS
TNNI1,0.367,0.4049,0.710254,0.917156,NS
EIF5,0.2086,0.7109,0.710705,0.848927,NS
TMEM11,0.2237,0.6622,0.71098,0.850526,NS
NT5C1A,-0.2551,0.5802,0.711158,0.855189,NS
VPS35,0.2214,0.6675,0.711516,0.850526,NS
SVIL,0.3248,0.455,0.711569,0.897967,NS
COQ7,0.2497,0.591,0.711934,0.854971,NS
SEPHS1,0.2487,0.5933,0.711939,0.854971,NS
CYB5R1,0.2205,0.668,0.712327,0.850526,NS
PRDX6,-0.1941,0.7583,0.712526,0.833093,NS
HEXB,0.4758,0.3084,0.713268,0.930863,NS
DPYSL3,0.2334,0.627,0.713929,0.854971,NS
MAP1S,0.2098,0.6968,0.71423,0.850526,NS
NUTF2,-0.1666,0.8769,0.714298,0.812288,NS
SCRN2,-0.2215,0.6592,0.714484,0.850526,NS
NUP93,-0.293,0.4955,0.71582,0.88636,NS
CACNB3,-0.2338,0.6208,0.715895,0.854971,NS
CPT2,0.2407,0.6028,0.716033,0.854971,NS
F13A1,0.3069,0.4722,0.716273,0.892967,NS
ARPP19,-0.2172,0.6657,0.71683,0.850526,NS
HCCS,-0.2382,0.6049,0.717707,0.854971,NS
ERAP1,-0.2298,0.6218,0.719614,0.854971,NS
CSPG4,-0.2762,0.5167,0.719937,0.886335,NS
UBE2H,0.2467,0.5761,0.72089,0.855399,NS
PPM1B,-0.2406,0.5883,0.721858,0.855189,NS
YAP1,-0.3546,0.399,0.721971,0.917156,NS
MAP2K4,0.2095,0.6732,0.722693,0.850526,NS
OVCA2,0.3735,0.3775,0.722812,0.917341,NS
ABHD11,0.2657,0.528,0.723931,0.885681,NS
CRYAB,-0.2152,0.6504,0.724474,0.850526,NS
EIF1AX,-0.1917,0.7284,0.725023,0.834824,NS
COPB1,0.2734,0.5098,0.725499,0.886335,NS
TOMM22,0.2558,0.5448,0.725511,0.876781,NS
AP2M1,0.1752,0.7948,0.725709,0.828496,NS
HADHB,0.1992,0.6981,0.725959,0.850526,NS
ALB,-0.4069,0.3414,0.72621,0.921602,NS
GBE1,0.2017,0.6882,0.726385,0.850526,NS
HINT3,0.2391,0.5805,0.726385,0.855189,NS
GARNL3,-0.3386,0.4095,0.726716,0.916145,NS
NUDT2,0.2854,0.4857,0.726756,0.889164,NS
GNB1,-0.2479,0.5581,0.727192,0.875302,NS
SIRT5,0.2782,0.4965,0.72756,0.88636,NS
MPO,-0.3903,0.3537,0.727733,0.921602,NS
G6PD,-0.2761,0.499,0.728162,0.88636,NS
SLC25A46,0.3196,0.4307,0.728336,0.906222,NS
THNSL1,0.3199,0.4287,0.729201,0.906222,NS
HADHA,0.1848,0.7409,0.729527,0.833093,NS
YWHAH,0.1645,0.8308,0.729968,0.819246,NS
SARS1,0.2155,0.6338,0.730092,0.854882,NS
PDLIM5,0.2797,0.487,0.730817,0.889164,NS
ATP2B1,-0.1984,0.6829,0.732017,0.850526,NS
STT3B,0.3375,0.4007,0.732414,0.917156,NS
CARNS1,0.2911,0.4643,0.732598,0.895405,NS
SEPTIN9,0.2623,0.5149,0.732749,0.886335,NS
ACO2,0.2003,0.6738,0.732869,0.850526,NS
PDAP1,0.2067,0.6502,0.733806,0.850526,NS
PPP2R1A,0.1675,0.798,0.73509,0.828115,NS
COL6A2,-0.3452,0.3864,0.735539,0.917341,NS
PPP2R2A,0.202,0.6591,0.73596,0.850526,NS
FKBP1A,-0.1692,0.7811,0.737623,0.833093,NS
NDUFC2,-0.22,0.5999,0.737903,0.854971,NS
SERBP1,0.2406,0.5481,0.738152,0.876781,NS
CTSD,-0.2219,0.5935,0.738402,0.854971,NS
TXNDC17,0.1632,0.8064,0.738576,0.828115,NS
TRIM54,0.2229,0.5885,0.739255,0.855189,NS
LYPLA1,0.2253,0.5817,0.739473,0.855189,NS
STOML2,0.2043,0.6411,0.739672,0.850526,NS
RPS7,-0.224,0.5844,0.739752,0.855189,NS
ADI1,0.2908,0.449,0.740309,0.897967,NS
SDCBP,-0.224,0.5793,0.741685,0.855399,NS
NDUFA6,0.2449,0.5297,0.741771,0.885681,NS
GLOD4,-0.17,0.7629,0.741785,0.833093,NS
YWHAE,-0.1824,0.7091,0.742452,0.849981,NS
PPP2CB,0.2018,0.6408,0.742459,0.850526,NS
CPNE3,-0.1663,0.777,0.742705,0.833093,NS
PTRHD1,0.2741,0.4703,0.743133,0.892967,NS
IGFBP5,0.2336,0.5519,0.743207,0.875515,NS
FBLN5,0.2843,0.4531,0.743294,0.897967,NS
GNAS,-0.1866,0.6904,0.74331,0.850526,NS
ARL2,0.236,0.542,0.744904,0.876781,NS
MB,0.2517,0.5072,0.745291,0.886335,NS
CSDE1,0.223,0.5717,0.745634,0.86063,NS
PRKAA2,-0.19,0.6703,0.745778,0.850526,NS
HPR,0.3304,0.3853,0.74597,0.917341,NS
EPHX1,-0.2182,0.5808,0.746933,0.855189,NS
ATP1A1,0.2048,0.6182,0.747144,0.854971,NS
UBE2K,0.1685,0.7486,0.747897,0.833093,NS
TOMM70,0.2288,0.5514,0.747926,0.875515,NS
TRAP1,0.2074,0.604,0.749401,0.854971,NS
CLTC,0.207,0.6044,0.749679,0.854971,NS
IGLV1-51,-0.3347,0.3717,0.75093,0.918387,NS
PDZK1IP1,0.3214,0.3866,0.751206,0.917341,NS
UBE2N,-0.1509,0.8221,0.751499,0.819246,NS
LAP3,-0.193,0.643,0.751513,0.850526,NS
RPS15A,0.1887,0.6573,0.751524,0.850526,NS
TKFC,-0.1896,0.6535,0.751811,0.850526,NS
MLIP,0.3085,0.3989,0.753302,0.917156,NS
PLEKHF1,-0.2032,0.6054,0.753324,0.854971,NS
LRPAP1,-0.2523,0.4854,0.754302,0.889164,NS
TLN2,-0.2213,0.5528,0.754495,0.875515,NS
EEF1G,0.1558,0.7812,0.755667,0.833093,NS
BIN1,0.226,0.5358,0.756636,0.881826,NS
TMEM65,0.2791,0.4335,0.756899,0.905893,NS
RPS9,0.1788,0.6759,0.757134,0.850526,NS
CMPK1,-0.2042,0.5909,0.7574,0.854971,NS
APIP,-0.2505,0.4813,0.757579,0.889214,NS
SRI,-0.2437,0.4942,0.757799,0.88636,NS
IGF2,0.2779,0.433,0.757971,0.90595,NS
RPS10,-0.2082,0.577,0.758379,0.855399,NS
CP,0.305,0.3923,0.759215,0.917341,NS
NTPCR,0.2409,0.4946,0.76003,0.88636,NS
KRT1,-0.3685,0.3227,0.76046,0.930057,NS
ENOPH1,-0.174,0.6831,0.760622,0.850526,NS
NDUFA7,0.2988,0.3976,0.760676,0.917156,NS
LARS1,0.1762,0.673,0.76107,0.850526,NS
CLCC1,-0.1961,0.6045,0.761127,0.854971,NS
ENSA,-0.2423,0.489,0.761192,0.889164,NS
ACTN4,0.2898,0.4083,0.761466,0.916145,NS
SYNC,-0.251,0.4715,0.761495,0.892967,NS
AKR1C1,-0.3231,0.3661,0.761548,0.921501,NS
STAC3,-0.2209,0.5351,0.761755,0.881937,NS
RAB10,-0.162,0.7267,0.762492,0.834824,NS
ECI1,0.2307,0.51,0.762666,0.886335,NS
TST,-0.2174,0.54,0.763119,0.876781,NS
PLIN2,-0.2563,0.458,0.763162,0.895844,NS
CARS1,-0.2011,0.5827,0.763482,0.855189,NS
PIP4K2B,0.2161,0.5392,0.764648,0.876781,NS
HNRNPR,0.1602,0.7274,0.764655,0.834824,NS
HSPB7,0.2076,0.5612,0.764701,0.872623,NS
PPP1CC,0.1991,0.5837,0.765261,0.855189,NS
VPS26A,0.1563,0.7427,0.765511,0.833093,NS
BPHL,0.3136,0.3697,0.765682,0.919653,NS
PIN4,-0.199,0.581,0.766251,0.855189,NS
DNAJB1,0.2281,0.5067,0.766364,0.886335,NS
DNAJB6,-0.253,0.4562,0.766639,0.897548,NS
PPIB,0.2379,0.484,0.767078,0.889164,NS
EIF2S1,0.1528,0.7531,0.767185,0.833093,NS
MT-ATP8,0.2819,0.4082,0.767254,0.916145,NS
MRPS17,-0.287,0.4009,0.767255,0.917156,NS
MYH7,0.3342,0.3423,0.768435,0.921602,NS
MECR,0.2275,0.5026,0.768557,0.886335,NS
USP5,-0.1495,0.7643,0.768682,0.833093,NS
UQCRB,0.2071,0.5514,0.768809,0.875515,NS
AP1G1,-0.2736,0.4169,0.769042,0.914339,NS
PPP1R7,0.1542,0.7395,0.769087,0.833093,NS
TNXB,0.2778,0.4095,0.769596,0.916145,NS
IARS1,0.2447,0.4637,0.770035,0.895405,NS
PGD,-0.2356,0.4815,0.770137,0.889214,NS
ECHDC3,-0.2455,0.4609,0.770634,0.895844,NS
RPS4X,0.1511,0.7478,0.770962,0.833093,NS
ENDOG,-0.2404,0.4692,0.771225,0.892967,NS
RNF114,-0.2135,0.5271,0.771757,0.885681,NS
COQ6,-0.2468,0.4532,0.772985,0.897967,NS
ATP5PF,0.1987,0.5615,0.7734,0.872623,NS
SH3BGRL3,0.2544,0.4381,0.773685,0.902561,NS
REEP5,0.18,0.6163,0.774559,0.854971,NS
PFAS,-0.2718,0.4081,0.774578,0.916145,NS
CALD1,0.2639,0.4201,0.774702,0.914259,NS
PSMD6,0.1583,0.6979,0.775366,0.850526,NS
ABCF1,0.2201,0.5015,0.775549,0.886335,NS
PRKG1,-0.2336,0.4715,0.775962,0.892967,NS
ACTR2,0.1618,0.6771,0.777024,0.850526,NS
SNCG,-0.3352,0.3266,0.777132,0.929554,NS
ATP5ME,0.2169,0.5042,0.777378,0.886335,NS
DTNA,-0.2377,0.4598,0.77753,0.895844,NS
OXSR1,-0.1513,0.7176,0.778831,0.841856,NS
NDUFAF3,0.2074,0.522,0.779334,0.886335,NS
KARS1,0.1661,0.6512,0.779496,0.850526,NS
AIMP1,0.1798,0.6017,0.77954,0.854971,NS
SQOR,-0.1976,0.547,0.779653,0.876781,NS
PVALB,-0.3737,0.2892,0.779711,0.936026,NS
ATP5PD,0.2035,0.5302,0.779989,0.885681,NS
PAK2,0.1452,0.7425,0.780132,0.833093,NS
SEC23A,0.1669,0.6403,0.781908,0.850526,NS
SERPINA5,-0.2628,0.4062,0.782081,0.917156,NS
FUBP1,-0.1618,0.6594,0.782146,0.850526,NS
TGM2,0.2232,0.4776,0.782357,0.891846,NS
PPP1R1A,-0.1912,0.5575,0.782375,0.875394,NS
CCS,-0.2365,0.4499,0.782699,0.897967,NS
IGHV3-7,0.3099,0.3421,0.783409,0.921602,NS
UROD,-0.2193,0.4824,0.783832,0.889164,NS
TNNT1,0.3254,0.3245,0.784181,0.929554,NS
H3-3A,-0.3345,0.3148,0.784694,0.930863,NS
PRKAA1,0.2459,0.4281,0.784744,0.906222,NS
TMED2,-0.1771,0.5933,0.785102,0.854971,NS
RARS1,0.1674,0.6244,0.786119,0.854971,NS
CFL1,-0.203,0.5121,0.787107,0.886335,NS
POFUT1,0.2864,0.3625,0.787375,0.921602,NS
UCHL5,0.207,0.5013,0.787425,0.886335,NS
DYNLL2,0.1918,0.5402,0.787745,0.876781,NS
HSPB2,0.1705,0.606,0.788295,0.854971,NS
HNRNPUL1,0.218,0.4731,0.788618,0.892967,NS
EIF3I,-0.177,0.5826,0.788628,0.855189,NS
SEC31A,0.198,0.5193,0.789182,0.886335,NS
CSRP2,-0.3353,0.3064,0.789339,0.930863,NS
AK1,0.1604,0.6401,0.78951,0.850526,NS
S100A8,-0.3131,0.3275,0.789666,0.929554,NS
LMNB2,0.2699,0.3797,0.789812,0.917341,NS
NUDT3,-0.1671,0.6102,0.790704,0.854971,NS
OPA3,0.2821,0.361,0.790934,0.921602,NS
SCFD1,0.1561,0.6524,0.791023,0.850526,NS
EEF1D,-0.1387,0.7337,0.791156,0.834824,NS
PPIF,0.2473,0.4109,0.791395,0.916145,NS
PRDX3,0.1394,0.7283,0.791597,0.834824,NS
CTSH,0.2784,0.3645,0.791628,0.921602,NS
CBR1,0.1678,0.6034,0.792052,0.854971,NS
ARPC3,0.2258,0.4484,0.792102,0.897967,NS
ILF2,0.1998,0.5065,0.792149,0.886335,NS
CLEC3B,0.2565,0.3945,0.792156,0.917341,NS
DNAJA4,0.1994,0.5074,0.792179,0.886335,NS
TIMM10,-0.2785,0.3629,0.792398,0.921602,NS
DYNC1LI1,0.1575,0.6415,0.792424,0.850526,NS
CNPY2,0.2086,0.4831,0.792932,0.889164,NS
UTRN,-0.2068,0.4867,0.793127,0.889164,NS
AKR1B1,0.234,0.4286,0.793767,0.906222,NS
CHMP3,-0.2331,0.4302,0.793806,0.906222,NS
CUL5,0.1967,0.5089,0.794169,0.886335,NS
VCAN,-0.288,0.347,0.794476,0.921602,NS
CKAP4,0.2922,0.3399,0.795556,0.921602,NS
BCAT2,-0.203,0.4882,0.795914,0.889164,NS
ATP5PB,0.1918,0.5148,0.796576,0.886335,NS
APOO,0.2233,0.4405,0.797308,0.902561,NS
RPS27A,-0.203,0.4823,0.79821,0.889164,NS
THTPA,0.1927,0.5068,0.798633,0.886335,NS
MRC1,0.2325,0.4194,0.7989,0.914259,NS
NIT1,0.1978,0.4929,0.798902,0.88636,NS
DLAT,0.1798,0.5413,0.79922,0.876781,NS
FITM1,-0.2731,0.3562,0.799302,0.921602,NS
PPP2R3A,-0.2534,0.3834,0.799548,0.917341,NS
TXNRD2,-0.2515,0.3854,0.799974,0.917341,NS
OXSM,0.2196,0.4414,0.799978,0.902561,NS
ADH5,-0.1776,0.5454,0.800028,0.876781,NS
TPT1,-0.1334,0.7257,0.800197,0.834824,NS
KTN1,-0.1993,0.4851,0.800419,0.889164,NS
PURA,0.1858,0.5185,0.80103,0.886335,NS
MT-ND2,-0.2083,0.4617,0.801319,0.895844,NS
ILF3,0.1833,0.5237,0.801672,0.886335,NS
AP2B1,0.1596,0.5995,0.802256,0.854971,NS
DCPS,0.1931,0.4954,0.802355,0.88636,NS
SRPRB,0.1754,0.545,0.80243,0.876781,NS
BLVRB,-0.2469,0.3866,0.802701,0.917341,NS
MSI2,-0.1652,0.5768,0.803024,0.855399,NS
RTN2,-0.1741,0.5469,0.8031,0.876781,NS
C8G,0.2387,0.3982,0.803423,0.917156,NS
MT-ND3,0.2852,0.3332,0.803439,0.925102,NS
RAD23A,-0.1525,0.6219,0.803793,0.854971,NS
KLC1,-0.1726,0.5493,0.803847,0.876781,NS
MYL6B,0.3122,0.303,0.804296,0.930863,NS
CKB,-0.1638,0.5745,0.805152,0.85629,NS
HNRNPDL,-0.1583,0.5941,0.805329,0.854971,NS
HNRNPM,0.2076,0.4528,0.805387,0.897967,NS
FBN1,-0.288,0.3254,0.805904,0.929554,NS
PRUNE1,-0.1762,0.5272,0.807476,0.885681,NS
RTN4,-0.1476,0.6286,0.807628,0.854971,NS
SLC25A5,0.1905,0.487,0.807666,0.889164,NS
IGHM,0.3323,0.279,0.807767,0.939445,NS
ARFIP1,-0.2484,0.3731,0.807815,0.917973,NS
ATAD1,0.2026,0.4575,0.807831,0.895844,NS
BCAP31,-0.2211,0.4191,0.807911,0.914259,NS
PPP5C,0.1702,0.5421,0.808611,0.876781,NS
TUBA4A,0.1946,0.4726,0.809155,0.892967,NS
HLA-C,0.21,0.4375,0.80936,0.902561,NS
PYGB,0.1822,0.5037,0.809496,0.886335,NS
OTUB1,0.1621,0.5651,0.809783,0.87129,NS
MT-CO1,-0.2598,0.3517,0.810241,0.921602,NS
ARMT1,-0.1851,0.4927,0.81056,0.88636,NS
MACROD1,0.206,0.4402,0.811565,0.902561,NS
TKT,-0.2862,0.3162,0.811863,0.930863,NS
FKBP5,0.2535,0.3569,0.811927,0.921602,NS
AK3,0.2022,0.4473,0.81199,0.897967,NS
PDHX,0.2199,0.4099,0.812582,0.916145,NS
SEC24C,0.1445,0.6235,0.812684,0.854971,NS
DMTN,-0.2815,0.3198,0.812803,0.930863,NS
RAD23B,-0.1324,0.6793,0.81298,0.850526,NS
S100A4,-0.2642,0.3395,0.813409,0.921602,NS
DDX19A,0.2003,0.4476,0.813481,0.897967,NS
HECTD1,0.2582,0.347,0.813626,0.921602,NS
SYNPO,0.2191,0.4081,0.813932,0.916145,NS
RPS5,0.1824,0.4879,0.814713,0.889164,NS
XPO7,0.1502,0.5911,0.81508,0.854971,NS
GUK1,-0.2127,0.4171,0.815198,0.914339,NS
UBL5,0.1849,0.4799,0.815255,0.891199,NS
CCDC93,0.2551,0.3472,0.815468,0.921602,NS
CCT5,0.131,0.6759,0.815558,0.850526,NS
NDUFA4,0.1856,0.4766,0.815676,0.892904,NS
SHMT2,-0.1846,0.4787,0.815924,0.891736,NS
COMTD1,0.2678,0.3298,0.815977,0.92948,NS
LAMB1,-0.286,0.3087,0.816038,0.930863,NS
DUSP28,0.2332,0.3766,0.816902,0.917341,NS
DDT,-0.1939,0.4527,0.817016,0.897967,NS
KPNB1,0.1291,0.6795,0.817041,0.850526,NS
MYOT,0.2474,0.3529,0.817921,0.921602,NS
LSM2,0.172,0.5075,0.817928,0.886335,NS
GPX3,-0.2252,0.3873,0.818065,0.917341,NS
NAPA,-0.1344,0.6436,0.819405,0.850526,NS
NDUFB8,0.2275,0.3787,0.820043,0.917341,NS
CDNF,0.2546,0.3381,0.820238,0.922268,NS
RAP1A,0.269,0.3197,0.820342,0.930863,NS
ACP1,-0.1394,0.6161,0.820605,0.854971,NS
TIMM50,0.2088,0.411,0.820693,0.916145,NS
MICU2,-0.2545,0.3371,0.820745,0.922268,NS
GNA13,-0.2103,0.4068,0.821163,0.917156,NS
TRIP10,0.1568,0.5435,0.821868,0.876781,NS
LDHB,-0.2136,0.3987,0.821971,0.917156,NS
ELOC,0.1778,0.4782,0.822157,0.891736,NS
NDUFS8,0.2288,0.3714,0.822316,0.918387,NS
ATP6V1H,-0.1844,0.4606,0.82239,0.895844,NS
MAP2K6,0.1788,0.4708,0.823791,0.892967,NS
DDX1,0.1517,0.5548,0.823809,0.875515,NS
CORO1A,0.2441,0.344,0.824211,0.921602,NS
IDH3G,0.201,0.4161,0.824801,0.914339,NS
CCT6A,0.1271,0.6579,0.824897,0.850526,NS
GSK3A,-0.1909,0.4372,0.82513,0.902561,NS
COPS5,0.1349,0.6155,0.825948,0.854971,NS
MINDY3,-0.229,0.3618,0.826368,0.921602,NS
ACTN1,0.2981,0.2777,0.82649,0.939445,NS
HSD17B4,-0.1499,0.5519,0.826541,0.875515,NS
ELAVL1,-0.1934,0.4269,0.826848,0.90695,NS
ELOB,0.1559,0.5289,0.827108,0.885681,NS
RAB24,0.2238,0.3664,0.827902,0.921501,NS
DDRGK1,-0.1732,0.4734,0.827947,0.892967,NS
PSMC6,-0.1327,0.6144,0.82882,0.854971,NS
SGCB,-0.1736,0.4692,0.82901,0.892967,NS
APOC1,-0.3084,0.262,0.830246,0.940472,NS
FXN,-0.1765,0.4575,0.830349,0.895844,NS
APOE,0.2662,0.303,0.830466,0.930863,NS
DDX3X,0.1346,0.5986,0.830708,0.854971,NS
SPPL2A,-0.1871,0.4297,0.831006,0.906222,NS
UCHL3,0.1596,0.5029,0.831277,0.886335,NS
UBE2O,0.1957,0.4094,0.831557,0.916145,NS
MT-ND4,0.2644,0.3011,0.832502,0.930863,NS
RPS26,-0.1437,0.5539,0.832532,0.875515,NS
FMOD,0.4008,0.1978,0.833126,0.959733,NS
GYPC,0.2169,0.3654,0.833193,0.921501,NS
HMGCL,-0.1775,0.4452,0.833657,0.899767,NS
RWDD1,-0.1909,0.4131,0.833954,0.916145,NS
ARPC5L,-0.1602,0.4906,0.834431,0.889004,NS
HP1BP3,-0.1958,0.4005,0.83483,0.917156,NS
DPP7,0.2046,0.3833,0.834842,0.917341,NS
RPSA,-0.1257,0.6203,0.835607,0.854971,NS
PLS3,0.2043,0.3811,0.835895,0.917341,NS
OPTN,0.1779,0.4368,0.836147,0.902561,NS
MYLK3,-0.2356,0.3293,0.836406,0.929554,NS
CAMK2B,0.1766,0.4388,0.8366,0.902561,NS
CLIC2,0.2283,0.3366,0.837834,0.922521,NS
PRDX2,-0.2579,0.2978,0.837871,0.932649,NS
MYOM3,0.3032,0.2526,0.838292,0.943875,NS
MYBPC1,0.2174,0.352,0.83844,0.921602,NS
CSE1L,0.1501,0.5092,0.838643,0.886335,NS
LMCD1,0.2108,0.3615,0.839036,0.921602,NS
DNM2,0.1233,0.6179,0.839073,0.854971,NS
HEBP1,-0.2205,0.345,0.839301,0.921602,NS
RPIA,-0.1645,0.4618,0.839533,0.895844,NS
RBP4,-0.2286,0.3318,0.839729,0.927437,NS
GCLC,-0.1969,0.3842,0.840129,0.917341,NS
PNPT1,-0.2041,0.3685,0.840955,0.920562,NS
PDXP,-0.2141,0.3499,0.841539,0.921602,NS
WDR1,-0.12,0.6183,0.842901,0.854971,NS
TWF2,0.1504,0.4933,0.842933,0.88636,NS
CSRP1,-0.2072,0.3581,0.842939,0.921602,NS
CD9,-0.245,0.3024,0.843162,0.930863,NS
PGK1,-0.1138,0.6506,0.843276,0.850526,NS
SH3BGRL,0.2206,0.3355,0.843291,0.923235,NS
CBX3,-0.1909,0.3858,0.844019,0.917341,NS
PSMF1,-0.1936,0.3799,0.84423,0.917341,NS
ATXN10,-0.1627,0.4506,0.844691,0.897967,NS
BCKDHB,-0.2108,0.3476,0.844725,0.921602,NS
PPP3R1,-0.1298,0.5631,0.845083,0.872171,NS
CTSC,-0.3032,0.241,0.845154,0.948535,NS
PGAM2,0.1927,0.3783,0.845479,0.917341,NS
WBP2,-0.1954,0.373,0.845487,0.917973,NS
DCTPP1,-0.2132,0.3418,0.845499,0.921602,NS
EIF3E,-0.1292,0.5621,0.846016,0.872623,NS
NDUFB10,0.1697,0.4278,0.846094,0.906222,NS
PPIA,-0.2102,0.3446,0.846412,0.921602,NS
CALU,0.1371,0.5268,0.846733,0.885681,NS
CYFIP1,-0.1818,0.3971,0.846815,0.917156,NS
HMGB1,-0.1408,0.5126,0.846864,0.886335,NS
SLC25A13,0.1849,0.3892,0.847273,0.917341,NS
DRG2,0.2113,0.3402,0.847434,0.921602,NS
CLIC4,0.1636,0.4389,0.847564,0.902561,NS
CYB5R3,-0.1889,0.378,0.848413,0.917341,NS
MAP4,-0.1449,0.4924,0.84852,0.88636,NS
ACAD8,-0.1988,0.3568,0.84934,0.921602,NS
OSTC,0.1743,0.4056,0.849771,0.917156,NS
HDDC2,0.2449,0.2886,0.849816,0.936026,NS
HNRNPA2B1,-0.1648,0.4285,0.849908,0.906222,NS
SLC16A3,-0.2658,0.2655,0.850008,0.940472,NS
ABHD16A,-0.2487,0.2821,0.850814,0.939445,NS
NEK7,-0.1712,0.4096,0.850885,0.916145,NS
CAPZA1,0.1918,0.3655,0.850897,0.921501,NS
B2M,-0.2208,0.3164,0.851384,0.930863,NS
COL3A1,0.2802,0.2492,0.851501,0.943877,NS
LAMP1,0.21560000000000001,0.3225,0.852054,0.930057,NS
FARSB,0.123,0.5647,0.85222,0.87129,NS
MYL12B,0.1633,0.4252,0.852272,0.907863,NS
DDX17,0.1198,0.5788,0.852433,0.855399,NS
RABGGTA,0.1362,0.5047,0.853661,0.886335,NS
RPL5,0.1362,0.5037,0.853882,0.886335,NS
STK24,-0.1977,0.3468,0.853998,0.921602,NS
COX6B1,0.1728,0.3965,0.854048,0.917162,NS
TIMM8A,0.2129,0.3215,0.854178,0.930378,NS
NXN,-0.1758,0.3882,0.854566,0.917341,NS
NDRG2,0.1713,0.3969,0.855049,0.917156,NS
HINT1,-0.1344,0.5046,0.855437,0.886335,NS
PPBP,0.2565,0.2643,0.855499,0.940472,NS
TMED7,0.1645,0.4108,0.855898,0.916145,NS
VARS1,0.1316,0.5131,0.855968,0.886335,NS
NAP1L1,0.1137,0.5935,0.856099,0.854971,NS
SPRYD4,0.1793,0.3757,0.856334,0.917341,NS
NME1,-0.1427,0.4697,0.857,0.892967,NS
PCBP2,0.1495,0.448,0.857086,0.897967,NS
CUL1,0.1497,0.4464,0.857351,0.898369,NS
WDFY1,0.2101,0.3178,0.857499,0.930863,NS
PGRMC2,-0.128,0.52,0.85791,0.886335,NS
DYNC1I2,0.1217,0.5461,0.858127,0.876781,NS
CAVIN4,0.1735,0.3823,0.858334,0.917341,NS
GOSR2,0.2042,0.3247,0.858416,0.929554,NS
LETM1,-0.14,0.4717,0.858934,0.892967,NS
SMYD2,-0.2039,0.3213,0.859981,0.930378,NS
HNRNPA1,-0.154,0.4252,0.86007,0.907863,NS
CAPN3,0.1448,0.4493,0.860897,0.897967,NS
HMGB2,-0.1763,0.3685,0.86105,0.920562,NS
COX7A2,0.1651,0.3934,0.861111,0.917341,NS
ADSS1,-0.1672,0.3877,0.861334,0.917341,NS
KPNA6,-0.128,0.5061,0.86144,0.886335,NS
NDUFS7,0.1974,0.3281,0.861458,0.929554,NS
KLHL40,0.2125,0.3042,0.861721,0.930863,NS
ESAM,-0.1893,0.3412,0.861807,0.921602,NS
RPL35,-0.1698,0.3801,0.861926,0.917341,NS
RACK1,0.1325,0.4868,0.861986,0.889164,NS
COQ9,0.1857,0.3472,0.862029,0.921602,NS
TMEM230,0.3126,0.2061,0.8621,0.959724,NS
DAZAP1,-0.1573,0.4092,0.862264,0.916145,NS
PPP3CA,0.1214,0.5279,0.862809,0.885681,NS
LMAN1,0.1431,0.447,0.863036,0.897967,NS
ESYT2,0.1443,0.4433,0.863041,0.902561,NS
ATP6V1E1,0.1655,0.3863,0.863077,0.917341,NS
VPS36,0.1269,0.5024,0.863472,0.886335,NS
GPLD1,0.2538,0.25,0.86404,0.943877,NS
ROMO1,-0.2088,0.3025,0.86461,0.930863,NS
ACTN3,0.2941,0.2148,0.864636,0.95854,NS
CACYBP,0.1487,0.4241,0.864818,0.90869,NS
ETFA,0.1362,0.4631,0.864828,0.895786,NS
RANGAP1,0.2005,0.314,0.865019,0.930863,NS
IMMT,0.1576,0.3992,0.865169,0.917156,NS
SERPINF1,0.209,0.3009,0.865218,0.930863,NS
AP2A2,0.1752,0.3585,0.865351,0.921602,NS
MYO1C,-0.2032,0.3064,0.866431,0.930863,NS
NFU1,-0.1651,0.3758,0.866903,0.917341,NS
RPL37A,-0.1975,0.3139,0.866977,0.930863,NS
DHTKD1,-0.2009,0.3083,0.867072,0.930863,NS
REXO2,-0.1604,0.3843,0.867681,0.917341,NS
SUCLG1,0.1614,0.3817,0.867763,0.917341,NS
PPIL3,-0.147,0.4187,0.867841,0.914259,NS
PAICS,0.1193,0.5156,0.86794,0.886335,NS
MME,-0.1523,0.4034,0.868125,0.917156,NS
TPPP3,0.1836,0.3345,0.868176,0.92337,NS
FABP5,-0.1752,0.3502,0.868227,0.921602,NS
NDUFS6,0.1812,0.3379,0.868501,0.922268,NS
PLIN5,0.1997,0.30620000000000003,0.868675,0.930863,NS
SENP8,-0.1438,0.4239,0.869012,0.90869,NS
MRPL55,0.2007,0.3035,0.869133,0.930863,NS
FECH,0.1728,0.3523,0.869196,0.921602,NS
SEC13,0.1561,0.3893,0.869449,0.917341,NS
CLIP1,-0.1449,0.418,0.869806,0.914339,NS
SNX2,0.166,0.3642,0.870044,0.921602,NS
ATP5MF,0.1435,0.4197,0.870544,0.914259,NS
CAND2,-0.1631,0.3668,0.871309,0.921501,NS
SAR1A,-0.1356,0.4407,0.871446,0.902561,NS
PLCL1,-0.2042,0.2924,0.871544,0.934008,NS
PFN1,-0.1518,0.3932,0.87155,0.917341,NS
ATP2A3,-0.1654,0.3608,0.871595,0.921602,NS
CPPED1,-0.155,0.3841,0.871861,0.917341,NS
KRT10,-0.2633,0.2255,0.872236,0.955088,NS
RSU1,-0.1563,0.3796,0.872262,0.917341,NS
RAB9A,0.2118,0.2802,0.872296,0.939445,NS
RHOG,-0.211,0.2811,0.872346,0.939445,NS
FCGRT,-0.2475,0.2386,0.872848,0.949711,NS
LTA4H,-0.1,0.587,0.873564,0.855189,NS
DNAJC19,0.2108,0.2783,0.873645,0.939445,NS
PPA1,-0.1262,0.4646,0.873682,0.895405,NS
CNN1,0.2227,0.263,0.873846,0.940472,NS
PCMT1,-0.1131,0.5177,0.873897,0.886335,NS
PTCD3,-0.2356,0.2484,0.873971,0.943877,NS
FYCO1,-0.1418,0.4124,0.874027,0.916145,NS
GSTM1,-0.2814,0.2076,0.874129,0.95854,NS
MAPKAPK3,-0.2126,0.2743,0.874329,0.940472,NS
ETFDH,0.155,0.376,0.874381,0.917341,NS
CZIB,-0.1247,0.4659,0.874831,0.895405,NS
API5,0.1309,0.4428,0.875069,0.902561,NS
PSMA3,-0.1244,0.4651,0.87531,0.895405,NS
APOC2,0.2211,0.2606,0.87573,0.940472,NS
LIMS3,0.1943,0.296,0.875981,0.932649,NS
MRI1,0.1824,0.3149,0.87612,0.930863,NS
AHNAK,-0.2174,0.2624,0.876917,0.940472,NS
MTARC2,-0.1495,0.3806,0.877169,0.917341,NS
COL1A2,0.3006,0.1889,0.877464,0.959733,NS
CD38,-0.1747,0.3245,0.877656,0.929554,NS
CAB39,0.1521,0.3722,0.877754,0.918322,NS
STXBP3,0.1468,0.3831,0.878566,0.917341,NS
TBCB,0.1515,0.3711,0.878601,0.918387,NS
LANCL2,-0.1637,0.343,0.878697,0.921602,NS
CNN3,0.2075,0.2697,0.879105,0.940472,NS
OGDH,0.1423,0.3916,0.879536,0.917341,NS
CYCS,0.161,0.3461,0.879596,0.921602,NS
NT5E,-0.2073,0.2682,0.879804,0.940472,NS
TNNC1,0.2219,0.2503,0.879921,0.943877,NS
ARIH1,-0.1553,0.3578,0.879942,0.921602,NS
ACACB,0.1785,0.3094,0.880615,0.930863,NS
RPS15,-0.3089,0.1782,0.880954,0.959733,NS
NPC2,-0.1632,0.3371,0.881038,0.922268,NS
ANXA5,-0.2119,0.2591,0.881257,0.940866,NS
RAB6A,0.1277,0.4297,0.881258,0.906222,NS
ABRAXAS2,-0.1527,0.3595,0.881267,0.921602,NS
KHDRBS1,-0.1587,0.3454,0.881457,0.921602,NS
DEFA3,-0.2132,0.257,0.881481,0.941983,NS
ALDH7A1,0.1419,0.3859,0.881488,0.917341,NS
RAB18,-0.135,0.4054,0.881607,0.917156,NS
SRP14,0.1603,0.3408,0.881755,0.921602,NS
LYRM7,-0.1659,0.3274,0.882411,0.929554,NS
ECPAS,0.1376,0.3945,0.882508,0.917341,NS
PSMD2,0.1015,0.5331,0.882825,0.884838,NS
APRT,0.1486,0.3638,0.882971,0.921602,NS
SEPTIN11,0.1519,0.3557,0.883007,0.921602,NS
SLC25A12,0.1567,0.3443,0.883216,0.921602,NS
LIMCH1,0.1711,0.3151,0.883237,0.930863,NS
CRKL,-0.1052,0.5109,0.883571,0.886335,NS
EHBP1L1,0.1382,0.3884,0.883751,0.917341,NS
CLASP2,-0.1433,0.3743,0.883799,0.917341,NS
NDUFV3,0.1812,0.2954,0.884062,0.932924,NS
GAPDH,0.0962,0.5542,0.884446,0.875515,NS
RNH1,-0.1137,0.4683,0.88461,0.892967,NS
EEF1B2,0.1176,0.4495,0.885373,0.897967,NS
TUBB,-0.1663,0.3176,0.885455,0.930863,NS
NPLOC4,0.1314,0.4009,0.885772,0.917156,NS
CS,0.1278,0.4102,0.886335,0.916145,NS
VDAC1,0.1461,0.3587,0.886344,0.921602,NS
SELENOW,-0.1491,0.3496,0.886921,0.921602,NS
L2HGDH,0.17,0.30620000000000003,0.887041,0.930863,NS
C1QA,-0.2218,0.2329,0.887851,0.952635,NS
SH3BGR,-0.1714,0.3001,0.888291,0.930863,NS
METTL26,-0.1447,0.3543,0.888682,0.921602,NS
RPRD1B,-0.165,0.3084,0.88945,0.930863,NS
TPD52L2,-0.1504,0.3379,0.889571,0.922268,NS
CCT7,0.1068,0.4734,0.89011,0.892967,NS
PICALM,0.176,0.2866,0.890383,0.936697,NS
ACLY,0.1987,0.2522,0.891022,0.943875,NS
HSPB1,0.1291,0.3879,0.891128,0.917341,NS
CYGB,-0.1697,0.2939,0.891515,0.933959,NS
RPS12,0.1058,0.4707,0.891678,0.892967,NS
U2AF2,0.1739,0.2862,0.891722,0.936697,NS
DPP3,-0.1195,0.4161,0.891776,0.914339,NS
FHL3,-0.1926,0.2581,0.891813,0.94159,NS
DCTN2,-0.1068,0.4603,0.893008,0.895844,NS
ABHD14B,-0.1265,0.3883,0.893052,0.917341,NS
P4HB,-0.1217,0.4032,0.893194,0.917156,NS
FUNDC2,0.1521,0.3221,0.893314,0.930122,NS
PSMC5,0.0991,0.493,0.893576,0.88636,NS
HLA-DRB5,0.2128,0.2278,0.894372,0.953058,NS
BAX,0.2023,0.2394,0.894495,0.949256,NS
ADSS2,0.1752,0.2735,0.895495,0.940472,NS
PLAA,0.1416,0.3374,0.895857,0.922268,NS
HPRT1,-0.166,0.2866,0.896256,0.936697,NS
GDI2,-0.1062,0.4475,0.89635,0.897967,NS
TUBA1C,-0.2063,0.2298,0.896578,0.952644,NS
CTTN,-0.1433,0.3302,0.89677,0.92948,NS
PAK1,-0.1612,0.2936,0.896781,0.933959,NS
CHMP4B,0.1212,0.3892,0.897044,0.917341,NS
FHOD1,0.141,0.3344,0.897135,0.92337,NS
CBFB,-0.1606,0.2931,0.897289,0.933959,NS
TYMP,-0.1835,0.2558,0.897565,0.94237,NS
SNTB1,0.1572,0.2979,0.897779,0.932649,NS
TOMM5,-0.1599,0.2928,0.897819,0.933959,NS
RPA3,0.1709,0.2738,0.897856,0.940472,NS
LAMB3,-0.1521,0.3075,0.897908,0.930863,NS
SUMO2,-0.1426,0.3277,0.897977,0.929554,NS
S100A6,-0.2566,0.1817,0.89824,0.959733,NS
PSMA7,-0.1071,0.4347,0.898396,0.904296,NS
VCL,-0.1297,0.3576,0.898697,0.921602,NS
COASY,-0.126,0.368,0.898697,0.920694,NS
PHYHD1,-0.218,0.2128,0.898706,0.95854,NS
APOL1,0.218,0.2127,0.898736,0.95854,NS
CHCHD2,0.1233,0.3756,0.898806,0.917341,NS
MPC2,-0.1535,0.301,0.899094,0.930863,NS
DNPEP,0.1162,0.3973,0.899148,0.917156,NS
YKT6,-0.1641,0.2813,0.899152,0.939445,NS
OSTF1,0.1597,0.2889,0.899215,0.936026,NS
ACADVL,0.1246,0.3699,0.89928,0.919653,NS
DNM1L,0.1314,0.3503,0.899459,0.921602,NS
EHD4,0.1511,0.3041,0.89959,0.930863,NS
ACADSB,-0.1475,0.3114,0.899634,0.930863,NS
ANXA6,-0.1135,0.4045,0.899688,0.917156,NS
ATPAF1,0.1661,0.2764,0.899695,0.939445,NS
ACAD9,0.1436,0.3191,0.899855,0.930863,NS
PSMB6,-0.1099,0.4167,0.89997,0.914339,NS
HSD17B10,0.1072,0.4253,0.900322,0.907863,NS
EIF5A,-0.1127,0.4044,0.900366,0.917156,NS
NAGK,0.1164,0.3904,0.900627,0.917341,NS
CNP,-0.1485,0.3055,0.900787,0.930863,NS
PSMC3,-0.0914,0.4949,0.901045,0.88636,NS
NIBAN1,-0.1276,0.3541,0.901181,0.921602,NS
A2M,0.217,0.2076,0.901494,0.95854,NS
STRAP,0.1118,0.4021,0.901647,0.917156,NS
TMED1,-0.1771,0.2534,0.90183,0.943321,NS
PHKA1,0.1401,0.3199,0.901978,0.930863,NS
LDHA,0.1238,0.3615,0.902102,0.921602,NS
UQCC1,-0.2083,0.2145,0.902228,0.95854,NS
MPV17,-0.2285,0.1952,0.902389,0.959733,NS
APOOL,0.1484,0.3005,0.902422,0.930863,NS
TPSB2,0.1918,0.2317,0.902742,0.952635,NS
GLUD1,0.1305,0.3397,0.902952,0.921602,NS
HIKESHI,0.1485,0.296,0.903733,0.932649,NS
CCT8,0.0937,0.4685,0.903883,0.892967,NS
NDRG1,-0.1659,0.2641,0.904051,0.940472,NS
MRPS23,-0.1581,0.2769,0.904134,0.939445,NS
PBXIP1,0.1166,0.3742,0.90442,0.917341,NS
GRSF1,0.1672,0.2604,0.904624,0.940472,NS
NCK1,0.214,0.2026,0.90500100000000006,0.959733,NS
PPP2CA,0.1058,0.4086,0.90525,0.916145,NS
GABARAPL2,0.1398,0.3073,0.905791,0.930863,NS
SPCS1,-0.1368,0.3141,0.905803,0.930863,NS
AKAP1,-0.1392,0.3083,0.905904,0.930863,NS
MDP1,0.1241,0.3423,0.9068,0.921602,NS
IMPDH2,-0.1098,0.3868,0.906822,0.917341,NS
SLK,0.163,0.2601,0.906993,0.940472,NS
DARS1,0.1065,0.3977,0.9071,0.917156,NS
EYA3,-0.1494,0.2831,0.907181,0.939445,NS
LSM3,-0.1627,0.2595,0.907321,0.940472,NS
AMPD3,0.1695,0.2492,0.907337,0.943877,NS
EIF3B,0.097,0.4347,0.907439,0.904296,NS
FKBP3,0.1178,0.3558,0.907982,0.921602,NS
KLHL41,0.1897,0.22,0.908356,0.95854,NS
RTN3,-0.1694,0.2459,0.908527,0.945312,NS
PUDP,0.1641,0.2537,0.908558,0.943321,NS
ITGA1,-0.1593,0.2608,0.908789,0.940472,NS
PPME1,-0.1181,0.3517,0.908826,0.921602,NS
SF1,-0.1403,0.2952,0.909027,0.932924,NS
SLIRP,0.127,0.3259,0.909101,0.929554,NS
C20orf27,0.1686,0.2446,0.909375,0.945665,NS
UFSP2,-0.1439,0.2863,0.909497,0.936697,NS
PDLIM2,-0.2007,0.2052,0.909546,0.959724,NS
COQ10B,0.1801,0.2282,0.909726,0.953058,NS
STAT1,-0.1747,0.2341,0.910108,0.95151,NS
SPG7,-0.1438,0.2844,0.910149,0.938818,NS
MYH4,0.2236,0.182,0.910554,0.959733,NS
PRDX4,0.1057,0.3813,0.911334,0.917341,NS
FBLN1,0.1578,0.2525,0.912312,0.943875,NS
ACSL1,-0.123,0.3233,0.91249,0.929922,NS
RBM38,-0.1626,0.2427,0.913123,0.947193,NS
LGALS3BP,0.1636,0.2413,0.913138,0.948535,NS
SDHC,0.1731,0.2263,0.913722,0.954441,NS
NIF3L1,0.1084,0.3601,0.914067,0.921602,NS
ABCF2,0.1438,0.2713,0.914109,0.940472,NS
APOM,0.2247,0.1736,0.914123,0.96174,NS
CRK,0.1408,0.2767,0.914186,0.939445,NS
RPL18,0.1034,0.3769,0.914188,0.917341,NS
KPNA4,-0.1089,0.3555,0.914729,0.921602,NS
PSMC4,0.1037,0.3728,0.914857,0.917973,NS
PDIA4,0.1366,0.2827,0.914885,0.939445,NS
MMAB,0.1514,0.2552,0.91491,0.94237,NS
DDX6,0.1257,0.3065,0.915091,0.930863,NS
MYH13,0.2088,0.1845,0.915106,0.959733,NS
CDH13,0.1091,0.3532,0.915131,0.921602,NS
AKAP12,0.1602,0.2391,0.915577,0.949375,NS
DDB1,0.0891,0.4285,0.915846,0.906222,NS
IGKV3-15,-0.1958,0.1936,0.91639,0.959733,NS
MCCC2,-0.14,0.2709,0.916415,0.940472,NS
RPL7A,0.1113,0.34,0.916517,0.921602,NS
SNX5,0.1168,0.3239,0.916564,0.929885,NS
CNBP,0.1556,0.2427,0.916729,0.947193,NS
ARPC1A,0.153,0.2465,0.916823,0.944714,NS
C7,-0.1925,0.1956,0.916975,0.959733,NS
GPX1,-0.1101,0.3416,0.91703,0.921602,NS
CHMP6,-0.097,0.3866,0.917259,0.917341,NS
TPP2,0.1104,0.3396,0.917273,0.921602,NS
VAMP3,-0.1169,0.3209,0.917278,0.930551,NS
SMAP1,0.1499,0.2488,0.917696,0.943877,NS
GMFG,-0.1942,0.1912,0.918051,0.959733,NS
KHSRP,-0.1268,0.292,0.918264,0.934284,NS
ECI2,0.1391,0.2658,0.918356,0.940472,NS
CFB,0.178,0.2074,0.918483,0.95854,NS
PSMB3,-0.1237,0.2964,0.919015,0.932649,NS
DEPTOR,-0.119,0.3065,0.919425,0.930863,NS
PSMD8,0.1108,0.3283,0.919617,0.929554,NS
RPL12,0.1147,0.3173,0.919626,0.930863,NS
DCLK1,-0.197,0.1846,0.919696,0.959733,NS
OXCT1,-0.1545,0.2347,0.919903,0.95151,NS
TXNL1,-0.0897,0.4026,0.920164,0.917156,NS
UBE2B,-0.1527,0.2361,0.920322,0.95151,NS
LRRC20,-0.1355,0.266,0.920346,0.940472,NS
HUWE1,-0.0981,0.3676,0.920357,0.920834,NS
RIC8A,0.1232,0.2906,0.920885,0.936026,NS
TUFM,0.0992,0.36,0.921063,0.921602,NS
AARSD1,-0.123,0.2893,0.921312,0.936026,NS
COA6,0.1423,0.2491,0.921602,0.943877,NS
PITRM1,-0.1119,0.3155,0.921956,0.930863,NS
ISOC1,-0.115,0.3067,0.921975,0.930863,NS
TMEM38A,-0.1576,0.2227,0.9224,0.957514,NS
PRPS1,-0.1372,0.255,0.922602,0.94237,NS
DMD,0.1337,0.2615,0.922644,0.940472,NS
SLC25A24,-0.1128,0.31,0.922669,0.930863,NS
UQCRFS1,0.1237,0.2812,0.923048,0.939445,NS
ILVBL,-0.1719,0.2023,0.923077,0.959733,NS
RPS6,0.1061,0.3272,0.923152,0.929554,NS
XRCC6,0.096,0.3613,0.923272,0.921602,NS
NUDT16,-0.1154,0.3005,0.923288,0.930863,NS
ANKRD2,-0.1364,0.2536,0.923428,0.943321,NS
RPL36,-0.1442,0.2398,0.923441,0.948937,NS
AP2A1,0.0991,0.3488,0.923473,0.921602,NS
LTF,-0.1644,0.2102,0.923495,0.95854,NS
DENR,-0.1353,0.2552,0.923583,0.94237,NS
ANK3,0.1259,0.274,0.923627,0.940472,NS
CASP3,0.1901,0.1813,0.923722,0.959733,NS
PRMT5,-0.1005,0.3423,0.923884,0.921602,NS
PITPNA,-0.1284,0.2662,0.924285,0.940472,NS
PYCARD,0.146,0.2312,0.925243,0.952635,NS
IVD,0.1209,0.2791,0.925254,0.939445,NS
PPA2,0.1082,0.3097,0.925782,0.930863,NS
RRAGC,-0.1651,0.2028,0.925813,0.959733,NS
STAT3,-0.1,0.3345,0.925887,0.92337,NS
TUBB2A,-0.1439,0.2285,0.927097,0.953058,NS
ITIH4,0.1813,0.1809,0.927262,0.959733,NS
KPNA1,-0.1216,0.2694,0.927369,0.940472,NS
HSPA12A,-0.1841,0.1778,0.927399,0.959733,NS
MAOB,-0.104,0.3144,0.927483,0.930863,NS
LYZ,-0.1393,0.234,0.927686,0.95151,NS
KCTD12,0.1237,0.2625,0.927965,0.940472,NS
PDPR,0.1082,0.2984,0.92835,0.932649,NS
NCLN,0.1488,0.2166,0.928461,0.95854,NS
SCARB2,-0.1039,0.31,0.928504,0.930863,NS
LRRC59,0.1399,0.2302,0.928555,0.952644,NS
ATP5F1B,0.0991,0.3246,0.928623,0.929554,NS
MICU1,0.1621,0.1977,0.928865,0.959733,NS
UBFD1,0.1381,0.2318,0.928961,0.952635,NS
SLC44A2,0.1222,0.2604,0.929341,0.940472,NS
RDX,0.1014,0.3133,0.929444,0.930863,NS
GHITM,0.152,0.2082,0.929716,0.95854,NS
ALDH3A2,0.1011,0.3124,0.929827,0.930863,NS
RAB2B,-0.1435,0.2199,0.929898,0.95854,NS
NUDCD2,0.1167,0.2697,0.930121,0.940472,NS
CAB39L,-0.1497,0.2095,0.930331,0.95854,NS
DCXR,0.1277,0.2441,0.930724,0.945665,NS
SETD7,0.1025,0.3038,0.930774,0.930863,NS
MRPL37,0.1685,0.1848,0.93084,0.959733,NS
PSMA2,-0.1119,0.277,0.931117,0.939445,NS
RPL13,0.1256,0.2465,0.931209,0.944714,NS
SBDS,0.1144,0.2703,0.93126,0.940472,NS
RPL23A,-0.0995,0.3083,0.931779,0.930863,NS
PRKCQ,-0.113,0.2712,0.931835,0.940472,NS
ALDOA,0.0758,0.4025,0.932122,0.917156,NS
TOMM40,-0.1325,0.2294,0.932432,0.952822,NS
COX20,-0.1893,0.1601,0.932603,0.96498,NS
NCL,-0.0932,0.3252,0.932629,0.929554,NS
PDLIM7,0.1413,0.2139,0.932785,0.95854,NS
PSMD1,0.0933,0.3236,0.932829,0.929885,NS
YWHAQ,0.0971,0.3109,0.932879,0.930863,NS
GGCT,-0.1018,0.296,0.932987,0.932649,NS
PRKCSH,-0.1152,0.2613,0.933015,0.940472,NS
CSNK2B,-0.105,0.2863,0.933086,0.936697,NS
PGM1,0.1075,0.2792,0.933242,0.939445,NS
AKR1A1,-0.0958,0.3133,0.933252,0.930863,NS
ACADM,0.1152,0.2595,0.933454,0.940472,NS
H2BC4,-0.1737,0.1712,0.933809,0.96174,NS
RTRAF,-0.0901,0.3299,0.93385,0.92948,NS
TRIM28,-0.1405,0.2109,0.934059,0.95854,NS
EML1,0.1112,0.266,0.93416,0.940472,NS
TMA7,0.2432,0.1216,0.934163,0.97736,NS
APMAP,-0.1398,0.2113,0.934232,0.95854,NS
RNPEP,0.1178,0.2503,0.934334,0.943877,NS
COQ8A,0.1145,0.2573,0.934435,0.941983,NS
SEPTIN2,0.1004,0.2928,0.934558,0.933959,NS
BCL2L13,0.1115,0.2613,0.935094,0.940472,NS
PSMA6,0.1035,0.2805,0.93536,0.939445,NS
THEM6,0.2024,0.1433,0.935391,0.974593,NS
PFDN4,0.0999,0.289,0.935698,0.936026,NS
RBBP4,0.1165,0.2473,0.935837,0.944714,NS
IGKV4-1,0.1684,0.1706,0.935971,0.96174,NS
EPS15,-0.1223,0.2349,0.935997,0.95151,NS
MICOS13,0.132,0.2173,0.936072,0.95854,NS
CDC37,0.0975,0.2939,0.936138,0.933959,NS
CAV2,-0.1806,0.1581,0.936366,0.966405,NS
VCP,-0.084,0.3396,0.936393,0.921602,NS
DPP4,0.1604,0.1777,0.936501,0.959733,NS
ANP32A,-0.1016,0.2804,0.936533,0.939445,NS
LCMT1,-0.1095,0.2597,0.936611,0.940472,NS
APOD,0.1572,0.1807,0.936703,0.959733,NS
ABHD10,-0.1077,0.2635,0.936737,0.940472,NS
HARS2,-0.1717,0.1645,0.93706,0.961784,NS
LYPLAL1,-0.1042,0.2694,0.937399,0.940472,NS
TBC1D4,-0.0978,0.286,0.937628,0.936697,NS
LXN,-0.1428,0.1956,0.93772200000000006,0.959733,NS
GGPS1,-0.1611,0.1722,0.938099,0.96174,NS
MAPRE2,0.1184,0.2341,0.93816,0.95151,NS
NLRX1,0.1249,0.2209,0.93843,0.958206,NS
PDK2,-0.1576,0.1745,0.938668,0.96174,NS
UGDH,0.1521,0.1797,0.938978,0.959733,NS
ATP1B1,0.1184,0.2303,0.939122,0.952644,NS
MT-ND5,0.1239,0.2198,0.939232,0.95854,NS
SERPING1,0.1622,0.1677,0.939292,0.96174,NS
EPB41,-0.1496,0.181,0.939545,0.959733,NS
NIPSNAP3B,-0.1528,0.1769,0.939646,0.960245,NS
MTPN,-0.0893,0.3025,0.939714,0.930863,NS
LAMTOR5,0.1381,0.1954,0.939754,0.959733,NS
IDE,0.1026,0.2629,0.939796,0.940472,NS
GPHN,-0.1004,0.2685,0.939849,0.940472,NS
ALDH4A1,0.099,0.272,0.939885,0.940472,NS
GLUL,-0.1214,0.2216,0.939929,0.957933,NS
ADPRH,-0.1431,0.1868,0.940291,0.959733,NS
TARS1,0.1065,0.2505,0.940449,0.943877,NS
EPB41L2,-0.1217,0.2191,0.94047,0.95854,NS
AGFG1,-0.1606,0.1659,0.940492,0.961784,NS
HSCB,0.1694,0.157,0.940576,0.966873,NS
RPN2,0.0879,0.3027,0.940582,0.930863,NS
SPAG7,-0.1065,0.2493,0.940724,0.943877,NS
COQ10A,0.137,0.1935,0.940769,0.959733,NS
PPCS,0.0992,0.2667,0.940882,0.940472,NS
PSME2,-0.1035,0.2556,0.940919,0.94237,NS
UFM1,-0.0887,0.2974,0.941064,0.932649,NS
GPI,0.0748,0.3521,0.941133,0.921602,NS
NEDD8,0.1153,0.2272,0.941473,0.953064,NS
SDHB,0.095,0.2734,0.941961,0.940472,NS
USP7,0.1004,0.2585,0.941991,0.941526,NS
QARS1,0.1007,0.2574,0.942082,0.941983,NS
RAN,-0.0955,0.271,0.942172,0.940472,NS
RDH11,-0.1304,0.1977,0.942363,0.959733,NS
HNRNPC,0.1322,0.1934,0.942805,0.959733,NS
CD58,-0.1407,0.1818,0.942817,0.959733,NS
EIF2S2,0.0905,0.2812,0.943083,0.939445,NS
HBS1L,0.0953,0.2668,0.943137,0.940472,NS
COPS3,-0.0958,0.2648,0.943276,0.940472,NS
SIRT2,-0.1206,0.2101,0.943311,0.95854,NS
DDAH2,-0.136,0.1861,0.943383,0.959733,NS
HGS,-0.0908,0.2787,0.943396,0.939445,NS
MAT2A,0.0882,0.2866,0.943472,0.936697,NS
IFITM1,-0.1198,0.2095,0.94383,0.95854,NS
COPS7A,0.0845,0.2963,0.943956,0.932649,NS
ARHGDIB,-0.1358,0.1843,0.94401,0.959733,NS
LARS2,0.1704,0.1468,0.94404,0.973884,NS
MGST3,0.108,0.2306,0.944267,0.952644,NS
EDF1,-0.1378,0.1803,0.944387,0.959733,NS
CAP2,0.1054,0.2353,0.94449,0.95151,NS
EPHX2,-0.1178,0.2104,0.944542,0.95854,NS
NUDCD3,0.1402,0.1766,0.944565,0.960245,NS
UBA3,0.1015,0.244,0.94458,0.945665,NS
DDOST,0.1035,0.2376,0.94498,0.950737,NS
LUC7L2,-0.0987,0.2485,0.94509,0.943877,NS
PGM2,0.1134,0.2161,0.945117,0.95854,NS
NDUFB6,0.1157,0.2107,0.945434,0.95854,NS
PARK7,-0.0723,0.3362,0.945539,0.922638,NS
VPS4B,-0.081,0.3001,0.945541,0.930863,NS
ATP5F1E,0.1314,0.185,0.945557,0.959733,NS
VASP,-0.1533,0.1584,0.945627,0.966405,NS
ST13,-0.081,0.298,0.945921,0.932649,NS
SSB,0.0884,0.2728,0.946013,0.940472,NS
BAG3,0.1022,0.2343,0.94637,0.95151,NS
RPL29,-0.2012,0.1188,0.946443,0.97736,NS
TXNDC12,-0.112,0.2129,0.946581,0.95854,NS
PCBD1,-0.0865,0.2755,0.946625,0.940472,NS
TNPO1,-0.1139,0.208,0.946893,0.95854,NS
RPS21,0.0752,0.315,0.946933,0.930863,NS
XIRP1,-0.1266,0.1866,0.947053,0.959733,NS
NRDC,0.1443,0.1635,0.947106,0.961784,NS
CUL3,-0.0834,0.2827,0.947166,0.939445,NS
EFEMP1,0.1319,0.1787,0.947176,0.959733,NS
DDAH1,0.1245,0.1887,0.947325,0.959733,NS
HIBADH,-0.089,0.2612,0.94789,0.940472,NS
PGM3,-0.0967,0.2403,0.947901,0.948535,NS
EPN1,0.1059,0.219,0.948013,0.95854,NS
SMPX,-0.1272,0.1816,0.948182,0.959733,NS
PSMC1,-0.0872,0.2648,0.948227,0.940472,NS
RPL14,0.1193,0.1929,0.948403,0.959733,NS
MFN2,0.0954,0.2408,0.948494,0.948535,NS
RELA,-0.1132,0.2026,0.948567,0.959733,NS
PHPT1,-0.097,0.2347,0.948933,0.95151,NS
MPP1,0.1241,0.1829,0.949084,0.959733,NS
GSR,0.0785,0.2886,0.949174,0.936026,NS
TXLNB,-0.1335,0.1696,0.949211,0.96174,NS
C12orf57,0.1123,0.2011,0.949327,0.959733,NS
NSFL1C,-0.0736,0.3055,0.949528,0.930863,NS
EIF4E3,-0.1389,0.1619,0.949539,0.963453,NS
GSTM2,-0.105,0.2139,0.949587,0.95854,NS
PDXK,-0.0984,0.2275,0.949749,0.953058,NS
YWHAG,-0.078,0.2855,0.950015,0.93697,NS
NUBP1,0.1113,0.2001,0.950016,0.959733,NS
FERMT2,-0.0849,0.2619,0.950071,0.940472,NS
PSMB2,0.079,0.2809,0.95017,0.939445,NS
ARHGDIA,-0.0995,0.222,0.950392,0.957752,NS
NRAP,-0.1226,0.1795,0.950597,0.959733,NS
HYOU1,0.0979,0.2235,0.950854,0.956953,NS
GFPT1,-0.1013,0.2149,0.951107,0.95854,NS
USP24,-0.0776,0.2784,0.951459,0.939445,NS
TLN1,-0.1065,0.2026,0.951538,0.959733,NS
TIGAR,0.1163,0.1852,0.951613,0.959733,NS
PCTP,0.1287,0.1673,0.951619,0.96174,NS
CYBRD1,-0.1449,0.1477,0.95192,0.973568,NS
SPEG,-0.0979,0.2185,0.951939,0.95854,NS
PTGR2,0.1068,0.1994,0.952139,0.959733,NS
HSPE1,-0.087,0.244,0.952274,0.945665,NS
EEF1A1,-0.0935,0.2255,0.952602,0.955088,NS
ARL8A,0.1043,0.202,0.952637,0.959733,NS
PSMD11,0.0775,0.2716,0.952669,0.940472,NS
UBAC1,0.0863,0.2424,0.952967,0.947261,NS
RPL38,-0.0981,0.2128,0.953083,0.95854,NS
PFKFB2,-0.0982,0.2115,0.953312,0.95854,NS
FXR1,0.1082,0.1914,0.953445,0.959733,NS
UBAP2L,-0.1192,0.1734,0.953524,0.96174,NS
THBS1,0.1485,0.1388,0.953653,0.974593,NS
ATP6V0D1,-0.1248,0.1643,0.95388,0.961784,NS
YARS1,0.0822,0.2469,0.954315,0.944714,NS
LMNA,-0.1285,0.1572,0.954551,0.966873,NS
MTCH2,0.0809,0.2492,0.954629,0.943877,NS
COPG1,0.0951,0.2099,0.955074,0.95854,NS
MAPKAPK2,-0.0954,0.2088,0.955162,0.95854,NS
SARNP,0.0914,0.2175,0.955227,0.95854,NS
RRAD,0.1038,0.1913,0.955301,0.959733,NS
CAMK2G,0.097,0.2032,0.955629,0.959733,NS
C1R,0.1187,0.1655,0.955779,0.961784,NS
ECHS1,-0.0794,0.2469,0.955834,0.944714,NS
PHYKPL,-0.0836,0.2341,0.95592,0.95151,NS
CHCHD4,-0.1046,0.1862,0.95617,0.959733,NS
GCDH,0.1114,0.1744,0.956251,0.96174,NS
HLA-A,0.0932,0.2078,0.956392,0.95854,NS
GSK3B,0.104,0.1861,0.956408,0.959733,NS
TFG,0.0933,0.2074,0.956427,0.95854,NS
DIABLO,-0.0865,0.2222,0.956696,0.957752,NS
GSTO1,-0.0908,0.2106,0.956923,0.95854,NS
FLNB,0.093,0.2049,0.957086,0.959724,NS
RCSD1,0.1044,0.1809,0.957422,0.959733,NS
SRL,0.0822,0.2297,0.95747,0.952644,NS
ERGIC1,0.077,0.2443,0.957601,0.945665,NS
THAP4,-0.1262,0.1489,0.957638,0.973568,NS
LNPK,0.0803,0.2318,0.95804,0.952635,NS
VAT1,0.1175,0.158,0.958142,0.966405,NS
PLN,-0.1128,0.1647,0.958149,0.961784,NS
HLA-B,-0.0837,0.2194,0.958604,0.95854,NS
HSPD1,0.0791,0.2312,0.958792,0.952635,NS
AHCY,-0.0667,0.2738,0.958849,0.940472,NS
UBA1,-0.0672,0.2713,0.958862,0.940472,NS
C3,0.142,0.1281,0.958976,0.976525,NS
PPIL1,0.0811,0.224,0.959002,0.956348,NS
ARAF,0.0989,0.1832,0.959127,0.959733,NS
PEX19,-0.1273,0.1423,0.959146,0.974593,NS
MTX1,-0.0879,0.2059,0.959176,0.959724,NS
NUBPL,-0.1096,0.1648,0.959236,0.961784,NS
ACSF2,-0.0795,0.2243,0.959775,0.956348,NS
C1S,0.1306,0.136,0.959947,0.974593,NS
EEF2,0.0612,0.2897,0.95999,0.936026,NS
EIF1,0.0884,0.2001,0.960065,0.959733,NS
SLC27A1,-0.0862,0.2047,0.960201,0.959724,NS
GRHPR,-0.0684,0.2566,0.9604,0.942172,NS
ATP6V1A,0.0807,0.2161,0.960663,0.95854,NS
SRSF3,0.0802,0.2165,0.960829,0.95854,NS
NPTN,-0.1335,0.1299,0.960845,0.974593,NS
PTPN11,-0.0689,0.2491,0.961253,0.943877,NS
CHMP2A,-0.0944,0.1812,0.961383,0.959733,NS
CD99,0.1097,0.1558,0.961392,0.967959,NS
SERPINH1,-0.1241,0.1374,0.96149,0.974593,NS
SRSF2,-0.0787,0.2167,0.961495,0.95854,NS
TMED9,0.0834,0.2044,0.961498,0.959733,NS
COA3,0.1072,0.1589,0.961534,0.966405,NS
HDGFL2,0.0884,0.1926,0.961538,0.959733,NS
RALA,-0.0724,0.2343,0.961681,0.95151,NS
ARRB1,-0.1213,0.1386,0.962032,0.974593,NS
MGLL,-0.1179,0.1423,0.962102,0.974593,NS
SNRPD3,0.0744,0.2251,0.962164,0.95522,NS
HSDL2,0.0842,0.1986,0.962211,0.959733,NS
LRRC57,-0.1314,0.1262,0.962541,0.97736,NS
TGFBI,0.119,0.1383,0.962812,0.974593,NS
DNPH1,0.0832,0.1969,0.962994,0.959733,NS
PTGES3,-0.0591,0.2769,0.962997,0.939445,NS
GNB2,-0.081,0.2017,0.963076,0.959733,NS
PRKAB2,-0.0913,0.1787,0.963105,0.959733,NS
ACSS1,-0.0878,0.1859,0.96312,0.959733,NS
TMEM126A,-0.1001,0.1625,0.963218,0.963449,NS
DBT,-0.0877,0.1845,0.963435,0.959733,NS
EIF4E,-0.0725,0.2227,0.963512,0.957514,NS
MT-ATP6,-0.0939,0.1715,0.963581,0.96174,NS
JSRP1,-0.0969,0.1657,0.963718,0.961784,NS
PTGES2,0.0976,0.1644,0.963751,0.961784,NS
UQCC2,-0.0896,0.1788,0.963788,0.959733,NS
CORO1C,0.1196,0.133,0.964049,0.974593,NS
FDX1,-0.1187,0.1337,0.964121,0.974593,NS
MAPK3,0.0868,0.1823,0.964203,0.959733,NS
ZYX,-0.0767,0.2052,0.964404,0.959724,NS
RUVBL1,0.092,0.1708,0.964446,0.96174,NS
PSMB5,-0.0677,0.2321,0.96445,0.952635,NS
AAMDC,-0.1044,0.1506,0.964451,0.972964,NS
PEPD,0.0689,0.2278,0.964483,0.953058,NS
GCSH,0.0933,0.1679,0.964577,0.96174,NS
PTBP1,0.1128,0.1387,0.964611,0.974593,NS
MAP2K2,0.0821,0.1902,0.964697,0.959733,NS
TIMM13,-0.0949,0.1639,0.964833,0.961784,NS
BLMH,0.0653,0.2381,0.964857,0.950229,NS
PSMD5,-0.0859,0.1802,0.964974,0.959733,NS
GLS,-0.0984,0.1572,0.965006,0.966873,NS
PRKAR1A,0.0697,0.2212,0.965114,0.958135,NS
BCKDHA,-0.0814,0.1892,0.965165,0.959733,NS
PSMA4,0.0708,0.2174,0.965181,0.95854,NS
TACO1,-0.1041,0.1474,0.965287,0.973568,NS
SFXN3,0.0849,0.18,0.96542,0.959733,NS
NIPSNAP2,0.0848,0.1802,0.965437,0.959733,NS
CNDP2,0.0753,0.2019,0.965594,0.959733,NS
RGN,0.1022,0.1485,0.965662,0.973568,NS
METAP2,0.0778,0.1946,0.965735,0.959733,NS
HSP90AA1,-0.0645,0.2315,0.966209,0.952635,NS
SGTA,0.0745,0.199,0.966442,0.959733,NS
ILK,-0.0765,0.1933,0.966535,0.959733,NS
PSMB1,0.058,0.2546,0.966583,0.942603,NS
CFL2,0.0764,0.1926,0.966673,0.959733,NS
FAM98A,-0.1034,0.1421,0.966724,0.974593,NS
HNRNPU,0.0718,0.2047,0.966738,0.959724,NS
SERPINA1,-0.133,0.1103,0.966775,0.97736,NS
CRAT,0.0822,0.1785,0.966781,0.959733,NS
RYR1,-0.0875,0.1675,0.966805,0.96174,NS
BTF3,0.1056,0.1387,0.966843,0.974593,NS
MEMO1,-0.0941,0.1548,0.967036,0.969179,NS
DSTN,-0.0779,0.1859,0.967187,0.959733,NS
PTGDS,-0.1143,0.1267,0.967219,0.97736,NS
PSMD12,0.0665,0.2174,0.967263,0.95854,NS
PSPC1,0.0993,0.1454,0.967311,0.974593,NS
CDC42,-0.0757,0.1899,0.967451,0.959733,NS
C4A,-0.1182,0.1215,0.967454,0.97736,NS
NOL3,0.0848,0.1681,0.967735,0.96174,NS
UBE2V1,0.0775,0.1836,0.96775,0.959733,NS
SRP54,0.0847,0.1678,0.967811,0.96174,NS
COQ3,0.1071,0.1325,0.967841,0.974593,NS
RANBP1,-0.0863,0.1645,0.967843,0.961784,NS
ANXA11,-0.0587,0.2406,0.967989,0.948535,NS
MYOM2,0.1064,0.1325,0.968052,0.974593,NS
RPS18,0.0523,0.2671,0.96835,0.940472,NS
C1QBP,0.067,0.2082,0.968381,0.95854,NS
NME2,0.0768,0.1805,0.96859,0.959733,NS
LAMTOR1,-0.0841,0.1637,0.968775,0.961784,NS
STIP1,-0.0561,0.2447,0.968863,0.945665,NS
COX7C,0.1,0.1372,0.968886,0.974593,NS
HTRA2,0.0847,0.1606,0.96917,0.96471,NS
CASQ2,-0.0856,0.1586,0.969209,0.966405,NS
ABHD5,-0.1384,0.0981,0.969226,0.97736,NS
MBNL1,0.0697,0.1943,0.969299,0.959733,NS
VPS37C,-0.1178,0.1148,0.969348,0.97736,NS
ARMC1,-0.0794,0.1699,0.969414,0.96174,NS
UBE4A,-0.0931,0.1446,0.969502,0.974593,NS
STUB1,0.0798,0.1683,0.969549,0.96174,NS
HDLBP,-0.0911,0.1463,0.969782,0.973884,NS
DYNLL1,-0.0757,0.1759,0.969806,0.960814,NS
MAP2K1,0.0729,0.1823,0.969854,0.959733,NS
MOB4,-0.0774,0.1717,0.969874,0.96174,NS
OSBP,0.0706,0.188,0.969881,0.959733,NS
SMIM4,-0.0951,0.1395,0.969905,0.974593,NS
IMPA2,-0.0967,0.137,0.969943,0.974593,NS
PPP1R2,-0.0845,0.1568,0.969971,0.966882,NS
PCBD2,-0.0774,0.1689,0.970336,0.96174,NS
HPCAL1,0.0698,0.187,0.97039,0.959733,NS
RAC1,-0.0567,0.229,0.970554,0.952937,NS
JAGN1,-0.077,0.1685,0.970554,0.96174,NS
SERPINF2,0.1005,0.1286,0.970668,0.976237,NS
SERPINA3,0.1073,0.1204,0.970689,0.97736,NS
TARDBP,-0.0698,0.1849,0.970707,0.959733,NS
MLYCD,0.0851,0.1511,0.97083,0.972825,NS
IGBP1,0.0861,0.1487,0.970941,0.973568,NS
GDI1,0.0608,0.2102,0.970975,0.95854,NS
DGLUCY,-0.0959,0.1329,0.971066,0.974593,NS
SEPTIN7,0.0787,0.1618,0.971092,0.963453,NS
MYBPC2,-0.1196,0.1061,0.971192,0.97736,NS
PNP,0.1044,0.1208,0.971381,0.97736,NS
COX6A2,0.1237,0.1017,0.971469,0.97736,NS
ACAA2,-0.0586,0.2142,0.971532,0.95854,NS
PHKG1,0.087,0.144,0.971558,0.974593,NS
LANCL1,0.0661,0.1893,0.971613,0.959733,NS
RMDN1,0.0774,0.1616,0.971633,0.963453,NS
TFRC,-0.0958,0.1302,0.971687,0.974593,NS
LAMP2,-0.0658,0.1877,0.971958,0.959733,NS
GBP2,-0.095,0.1299,0.971994,0.974593,NS
SAR1B,-0.0876,0.1403,0.972081,0.974593,NS
C8orf82,-0.1038,0.1177,0.972263,0.97736,NS
MRPS22,-0.0822,0.1485,0.972285,0.973568,NS
NMT1,-0.0856,0.1422,0.972373,0.974593,NS
LRG1,0.1007,0.1196,0.972653,0.97736,NS
COPS2,0.0669,0.1793,0.972767,0.959733,NS
COMP,-0.1454,0.0822,0.972831,0.982307,NS
RPL9,-0.0726,0.1644,0.9729,0.961784,NS
LAMC1,-0.1088,0.1095,0.972941,0.97736,NS
IAH1,0.0789,0.1509,0.972944,0.972825,NS
RAP2B,-0.0823,0.144,0.973078,0.974593,NS
STOM,-0.1033,0.1144,0.973166,0.97736,NS
AIFM1,0.063,0.1862,0.973363,0.959733,NS
NACA,-0.0613,0.1907,0.973431,0.959733,NS
TMED10,0.0683,0.1707,0.973513,0.96174,NS
TBCA,-0.0661,0.1761,0.973545,0.960814,NS
EIF3F,-0.0695,0.1669,0.973661,0.961784,NS
NDUFB7,0.0829,0.1392,0.973785,0.974593,NS
ATP5F1A,0.0668,0.1726,0.973799,0.96174,NS
SPTB,-0.102,0.1121,0.974017,0.97736,NS
SH3GLB1,0.0635,0.18,0.97402,0.959733,NS
CACNA2D1,-0.0628,0.1817,0.974073,0.959733,NS
NDUFA5,0.0733,0.1552,0.974126,0.968668,NS
CIRBP,0.0599,0.1899,0.974162,0.959733,NS
AP3B1,-0.1084,0.1048,0.974175,0.97736,NS
DUSP3,0.0641,0.1766,0.974254,0.960245,NS
LGALSL,-0.0855,0.1323,0.974283,0.974593,NS
LUM,0.1074,0.1052,0.974322,0.97736,NS
NDUFA11,-0.085,0.1327,0.974374,0.974593,NS
COQ5,-0.0857,0.1311,0.974468,0.974593,NS
OLA1,0.0546,0.2056,0.974471,0.959724,NS
UGP2,0.053900000000000003,0.208,0.974518,0.95854,NS
GSS,-0.0624,0.1788,0.974622,0.959733,NS
MYH10,-0.0841,0.1323,0.974709,0.974593,NS
S100A10,0.1028,0.108,0.974742,0.97736,NS
JPH1,-0.0893,0.1239,0.974852,0.97736,NS
TXNDC5,-0.0905,0.1218,0.974922,0.97736,NS
TAGLN2,0.0834,0.1321,0.974954,0.974593,NS
GMPPB,-0.0612,0.1782,0.975207,0.959733,NS
MRPS21,-0.1073,0.1015,0.975243,0.97736,NS
SYPL1,-0.0636,0.171,0.975261,0.96174,NS
PRMT1,-0.0719,0.1509,0.975324,0.972825,NS
ARL1,-0.1176,0.092,0.975389,0.980778,NS
MIEN1,-0.0644,0.1674,0.975492,0.96174,NS
BPNT1,0.0604,0.1776,0.975599,0.959733,NS
ERO1A,-0.0891,0.1202,0.975636,0.97736,NS
BPGM,-0.0924,0.1157,0.975696,0.97736,NS
MECP2,-0.0874,0.1221,0.975725,0.97736,NS
DNAJB2,-0.0704,0.151,0.975799,0.972825,NS
PRPSAP1,-0.0844,0.126,0.975824,0.97736,NS
PHGDH,-0.1158,0.0914,0.975912,0.980778,NS
PFDN5,-0.0575,0.182,0.97619,0.959733,NS
UBA5,-0.0959,0.1087,0.976289,0.97736,NS
HRC,0.0723,0.1436,0.976359,0.974593,NS
PHB2,0.0555,0.186,0.976529,0.959733,NS
DCTN4,0.0607,0.1675,0.976859,0.96174,NS
BOLA2,0.0689,0.1465,0.977016,0.973884,NS
GYG1,0.0733,0.1374,0.977074,0.974593,NS
TBCE,0.1109,0.0908,0.977087,0.980885,NS
PARVB,-0.0725,0.1388,0.977089,0.974593,NS
COPS4,0.0588,0.171,0.977101,0.96174,NS
KLKB1,0.0996,0.101,0.977115,0.97736,NS
TTC38,0.0916,0.1097,0.977126,0.97736,NS
GNPDA1,-0.0577,0.1734,0.977238,0.96174,NS
TMEM205,0.0659,0.1502,0.977469,0.973439,NS
NUDC,-0.0672,0.1472,0.977488,0.973568,NS
ADK,-0.0578,0.171,0.977509,0.96174,NS
PGM5,0.0745,0.1319,0.977623,0.974593,NS
RPS20,-0.0675,0.1445,0.977772,0.974593,NS
GAPVD1,0.0802,0.1213,0.977849,0.97736,NS
EIF4H,0.0535,0.1815,0.97789,0.959733,NS
CFI,0.0898,0.1079,0.977933,0.97736,NS
GSN,0.0862,0.111,0.978199,0.97736,NS
UBXN6,0.0681,0.14,0.97829,0.974593,NS
BDH1,-0.0906,0.1045,0.978431,0.97736,NS
CARM1,0.0606,0.1561,0.978437,0.967853,NS
MSRA,0.0867,0.109,0.978485,0.97736,NS
VPS13C,-0.063,0.1499,0.978494,0.973466,NS
FBLN2,-0.0705,0.1323,0.978738,0.974593,NS
APEH,-0.0564,0.1648,0.978811,0.961784,NS
CHMP5,0.0631,0.1474,0.978827,0.973568,NS
USP14,-0.0529,0.1754,0.978869,0.961316,NS
SNX1,-0.0816,0.1137,0.978872,0.97736,NS
SZRD1,-0.0968,0.0954,0.978955,0.979324,NS
CFH,0.0935,0.0977,0.979178,0.97736,NS
FN1,0.0922,0.098,0.979416,0.97736,NS
HSPG2,-0.084,0.1075,0.979423,0.97736,NS
EPDR1,-0.0677,0.1332,0.979448,0.974593,NS
PPP2R5A,0.0654,0.1373,0.979536,0.974593,NS
HLA-DRB1,-0.0945,0.095,0.979543,0.979324,NS
IGKC,-0.1072,0.0836,0.979568,0.982307,NS
CHP1,0.0585,0.15310000000000001,0.979579,0.971514,NS
GPS1,0.0629,0.1421,0.979643,0.974593,NS
RPL10A,0.0603,0.148,0.979655,0.973568,NS
SUCLG2,0.0655,0.1357,0.979757,0.974593,NS
BCKDK,-0.0887,0.0993,0.979926,0.97736,NS
CLIC5,0.0676,0.1301,0.97996,0.974593,NS
NONO,-0.0649,0.1354,0.979985,0.974593,NS
DPYSL2,0.0708,0.1238,0.980002,0.97736,NS
LAMB2,0.0973,0.0899,0.980061,0.980885,NS
MOCS2,-0.0775,0.1115,0.980308,0.97736,NS
NTMT1,-0.0715,0.1204,0.980365,0.97736,NS
ATAD3A,-0.0681,0.1259,0.980447,0.97736,NS
CBR3,0.0693,0.123,0.980551,0.97736,NS
COPB2,0.0841,0.1015,0.980554,0.97736,NS
AZGP1,-0.0809,0.1048,0.980654,0.97736,NS
ADIPOQ,0.0554,0.153,0.980667,0.971514,NS
KRAS,0.0655,0.1278,0.980907,0.976525,NS
PTGR1,0.0605,0.1383,0.980931,0.974593,NS
HSPA1A,-0.0473,0.1738,0.981238,0.96174,NS
ARF5,0.075,0.1096,0.981248,0.97736,NS
KDSR,-0.0935,0.0878,0.981272,0.981171,NS
IPO9,-0.0806,0.1016,0.981316,0.97736,NS
MRPL46,0.0739,0.1107,0.981331,0.97736,NS
HBG2,-0.1216,0.0671,0.981384,0.982307,NS
RIDA,-0.0592,0.1373,0.981445,0.974593,NS
FKBP9,-0.1054,0.0771,0.981462,0.982307,NS
POLDIP2,-0.0734,0.1105,0.981483,0.97736,NS
RRAS2,-0.0813,0.0991,0.981628,0.97736,NS
MTAP,0.0528,0.1524,0.981643,0.972018,NS
TPPP,0.0682,0.1179,0.981643,0.97736,NS
CD151,-0.1275,0.063,0.981666,0.982307,NS
CAMK2A,0.0651,0.1229,0.981749,0.97736,NS
FLOT1,-0.058,0.1376,0.981804,0.974593,NS
SQSTM1,-0.0747,0.1067,0.981825,0.97736,NS
RTN4IP1,0.0714,0.1114,0.981867,0.97736,NS
SNX6,0.0684,0.1155,0.981965,0.97736,NS
LRRC47,0.0586,0.1347,0.981977,0.974593,NS
PRDX5,-0.0486,0.1616,0.982083,0.963453,NS
EIF3D,-0.053,0.148,0.98209900000000006,0.973568,NS
MXRA7,-0.0786,0.0995,0.982149,0.97736,NS
UBXN1,-0.0529,0.1475,0.982188,0.973568,NS
SEC24B,-0.0936,0.082,0.982485,0.982307,NS
PSMD4,-0.0426,0.1795,0.982531,0.959733,NS
PPP2R5D,0.0554,0.1375,0.982613,0.974593,NS
MARCKS,0.0684,0.1113,0.982617,0.97736,NS
ATP2A2,0.07,0.1088,0.982622,0.97736,NS
AK2,-0.0495,0.1523,0.982809,0.972018,NS
ETFB,0.0578,0.1298,0.982858,0.974593,NS
SRSF6,0.0562,0.1325,0.983009,0.974593,NS
CAPN1,0.0461,0.1605,0.983124,0.96471,NS
MAGT1,-0.0777,0.0949,0.983173,0.979324,NS
CHCHD10,0.0691,0.1066,0.98318,0.97736,NS
NSF,0.0536,0.1373,0.983204,0.974593,NS
TOM1,0.0581,0.1261,0.983263,0.97736,NS
RDH14,0.0616,0.1187,0.983316,0.97736,NS
RPS3A,-0.0434,0.1681,0.983349,0.96174,NS
PRKAR2A,0.051,0.1411,0.983559,0.974593,NS
CACNB1,-0.061,0.1171,0.983702,0.97736,NS
DECR1,0.0581,0.122,0.983813,0.97736,NS
VTA1,0.053,0.1336,0.983813,0.974593,NS
MAPRE3,-0.0573,0.1235,0.983827,0.97736,NS
CST3,0.074,0.0945,0.984038,0.979472,NS
PRKDC,-0.0536,0.1295,0.984146,0.97487,NS
TECR,0.0649,0.1068,0.984169,0.97736,NS
HSD17B12,-0.0526,0.1312,0.984234,0.974593,NS
UBE3C,-0.0564,0.1218,0.984298,0.97736,NS
ENO2,-0.058,0.118,0.984353,0.97736,NS
NOMO2,0.0535,0.1278,0.984386,0.976525,NS
JCHAIN,-0.1002,0.0678,0.984464,0.982307,NS
PSMD14,-0.0444,0.15310000000000001,0.984467,0.971514,NS
GSTZ1,0.0646,0.105,0.9845,0.97736,NS
MOB2,0.0602,0.1119,0.98459700000000006,0.97736,NS
SNRPE,-0.0652,0.1034,0.984601,0.97736,NS
TCP1,0.0426,0.158,0.984604,0.966405,NS
MYH14,0.0589,0.1143,0.984624,0.97736,NS
TMPO,-0.0601,0.1116,0.984665,0.97736,NS
DCN,0.0904,0.0732,0.984885,0.982307,NS
JPH2,0.0574,0.1153,0.984885,0.97736,NS
DCD,0.1072,0.0615,0.984931,0.982307,NS
SNTA1,-0.0568,0.1157,0.984968,0.97736,NS
DMAC2L,-0.0589,0.1112,0.985029,0.97736,NS
RPL19,0.0499,0.1306,0.98512,0.974593,NS
CHCHD7,-0.0665,0.0972,0.98522,0.977491,NS
LHPP,-0.0706,0.09,0.985476,0.980885,NS
C2,0.0748,0.0846,0.985518,0.982307,NS
UROS,0.0529,0.1198,0.985527,0.97736,NS
GANAB,0.0523,0.1211,0.985528,0.97736,NS
LGALS3,-0.0723,0.0874,0.985544,0.981171,NS
CPT1B,0.0581,0.1088,0.985547,0.97736,NS
ATP2B4,-0.058,0.1087,0.985574,0.97736,NS
GNG12,-0.059,0.1067,0.985608,0.97736,NS
CFD,0.0956,0.0659,0.98561,0.982307,NS
CAND1,-0.0532,0.1178,0.985686,0.97736,NS
MRPS18B,-0.0707,0.0882,0.985742,0.981171,NS
TUBB6,-0.0713,0.0867,0.985871,0.981171,NS
RPS6KA3,0.0527,0.1163,0.985968,0.97736,NS
CCDC124,0.0468,0.1301,0.98609,0.974593,NS
CLTB,0.0552,0.1097,0.986146,0.97736,NS
FUS,-0.0443,0.1364,0.986201,0.974593,NS
ANXA1,-0.0868,0.0695,0.986214,0.982307,NS
RPL17,-0.0589,0.1024,0.986221,0.97736,NS
RPL18A,0.0528,0.1138,0.986272,0.97736,NS
PM20D2,0.0682,0.0878,0.986293,0.981171,NS
RPLP1,-0.0521,0.1151,0.986294,0.97736,NS
MSN,-0.0605,0.0989,0.986309,0.97736,NS
GNPDA2,0.0565,0.1058,0.986323,0.97736,NS
MTCH1,0.0545,0.1085,0.986475,0.97736,NS
ANXA2,-0.0797,0.0739,0.98653,0.982307,NS
RAB11B,0.0525,0.112,0.986543,0.97736,NS
SDHA,0.0479,0.1224,0.986603,0.97736,NS
HSPA2,-0.0623,0.0924,0.986828,0.980778,NS
NPM1,0.0453,0.1266,0.986882,0.97736,NS
PFKL,0.0557,0.1028,0.986903,0.97736,NS
IPO5,0.0428,0.1337,0.986908,0.974593,NS
NHLRC2,-0.0436,0.131,0.986937,0.974593,NS
RCN1,-0.0513,0.1105,0.987029,0.97736,NS
UGGT1,0.039,0.1442,0.987123,0.974593,NS
HNRNPH2,0.0494,0.1125,0.987286,0.97736,NS
CLIP2,0.0521,0.1054,0.987434,0.97736,NS
BLVRA,0.0485,0.113,0.987465,0.97736,NS
FAM98B,0.0553,0.0984,0.987556,0.97736,NS
NPEPL1,-0.057,0.0952,0.987593,0.979324,NS
HSPA9,0.0409,0.1323,0.987622,0.974593,NS
OCIAD1,-0.0482,0.1121,0.987631,0.97736,NS
GLRX3,-0.0442,0.1214,0.987708,0.97736,NS
PPM1A,0.0444,0.1206,0.987751,0.97736,NS
SYPL2,0.0481,0.1105,0.987823,0.97736,NS
CUTA,-0.0447,0.1163,0.988115,0.97736,NS
KRT2,0.0768,0.0675,0.988136,0.982307,NS
RAB8A,-0.067,0.0774,0.988146,0.982307,NS
CAST,-0.045,0.115,0.988166,0.97736,NS
SUPV3L1,-0.053900000000000003,0.0955,0.988218,0.979324,NS
MTX2,-0.0681,0.0752,0.98829,0.982307,NS
FDPS,-0.0375,0.1329,0.988592,0.974593,NS
FAM114A1,-0.0576,0.085,0.988781,0.982307,NS
EEA1,0.0496,0.0984,0.98883,0.97736,NS
OPA1,0.0484,0.1006,0.988842,0.97736,NS
SNF8,0.0499,0.0974,0.988882,0.977491,NS
BTF3L4,-0.0363,0.1335,0.988905,0.974593,NS
GNA11,0.0429,0.1125,0.988947,0.97736,NS
VPS29,-0.0512,0.0938,0.989006,0.979793,NS
AHCYL2,-0.0487,0.0978,0.989087,0.97736,NS
ASPH,-0.0451,0.105,0.989153,0.97736,NS
DHRS4,-0.0456,0.1037,0.98916,0.97736,NS
MLEC,0.0403,0.1157,0.989306,0.97736,NS
RPS28,-0.0458,0.1019,0.989316,0.97736,NS
MYH9,0.0532,0.0872,0.989374,0.981171,NS
DYNLRB1,-0.0418,0.1088,0.989573,0.97736,NS
PEX11B,-0.0662,0.0684,0.989634,0.982307,NS
HNRNPH3,-0.046,0.0978,0.989697,0.97736,NS
TMCO1,0.0678,0.0659,0.989771,0.982307,NS
RPL27A,0.0486,0.0916,0.989797,0.980778,NS
MIF,-0.048,0.0921,0.989872,0.980778,NS
F10,-0.0626,0.0705,0.989888,0.982307,NS
CLUH,0.0431,0.1017,0.989968,0.97736,NS
VPS28,0.0495,0.0854,0.990309,0.982307,NS
LAMTOR3,0.0477,0.0886,0.990311,0.981171,NS
IGHA1,0.0772,0.0548,0.990313,0.984119,NS
CCT3,0.0319,0.1316,0.990368,0.974593,NS
EIF4G1,0.0382,0.11,0.990376,0.97736,NS
CNN2,0.0616,0.0677,0.990438,0.982307,NS
PLCD4,-0.0435,0.0944,0.9906,0.979472,NS
EIF3J,0.0358,0.1139,0.990654,0.97736,NS
ANK1,-0.0657,0.062,0.990668,0.982307,NS
ACTB,0.0682,0.0597,0.99067,0.982307,NS
NPEPPS,0.0388,0.1046,0.99069,0.97736,NS
PAFAH1B3,-0.0525,0.0771,0.99073,0.982307,NS
PANK4,0.0448,0.0901,0.990749,0.980885,NS
ATP6V1G1,-0.0382,0.1053,0.990774,0.97736,NS
NIPSNAP3A,0.0522,0.0761,0.990896,0.982307,NS
FERMT3,0.0614,0.0645,0.990922,0.982307,NS
VIM,-0.0785,0.0503,0.990949,0.986076,NS
NQO2,-0.0522,0.0754,0.990968,0.982307,NS
SAA4,-0.064,0.0614,0.990983,0.982307,NS
ATRN,0.0625,0.0628,0.991011,0.982307,NS
GART,-0.0398,0.0984,0.99102,0.97736,NS
SULT1A1,0.0564,0.0694,0.991027,0.982307,NS
FAM114A2,-0.0427,0.0915,0.991036,0.980778,NS
TRIM25,0.0421,0.0925,0.99106,0.980778,NS
XPO1,0.0354,0.1091,0.991151,0.97736,NS
CD34,0.0495,0.0779,0.991168,0.982307,NS
NID1,0.0592,0.065,0.99119,0.982307,NS
NT5C,-0.0457,0.0837,0.991231,0.982307,NS
RPS17,-0.0406,0.0938,0.991263,0.979793,NS
AKR1C3,0.0596,0.0638,0.991273,0.982307,NS
DBNL,0.0443,0.0855,0.991327,0.982307,NS
WDR77,-0.037,0.1017,0.991372,0.97736,NS
DDX39B,0.0374,0.1003,0.991388,0.97736,NS
S100A1,0.0537,0.0699,0.99139,0.982307,NS
IBA57,-0.053,0.0703,0.99146,0.982307,NS
GNAI1,-0.0637,0.0585,0.99146,0.98267,NS
TFAM,-0.0463,0.0799,0.991507,0.982307,NS
SNCA,-0.0656,0.0558,0.9916,0.983774,NS
SUGT1,-0.0372,0.0983,0.991628,0.97736,NS
AQP1,0.0514,0.0709,0.991638,0.982307,NS
SMTN,0.0409,0.0885,0.991702,0.981171,NS
MCEE,0.0522,0.0693,0.991704,0.982307,NS
CDV3,-0.041,0.087,0.991809,0.981171,NS
YWHAB,-0.0406,0.0865,0.99194,0.981171,NS
PGPEP1,-0.0522,0.0663,0.992054,0.982307,NS
COL6A1,0.0654,0.053,0.992057,0.984119,NS
PCCA,0.0423,0.0816,0.992091,0.982307,NS
PTGIS,0.0607,0.0565,0.99213,0.983774,NS
EIF4A2,-0.0336,0.1022,0.992136,0.97736,NS
MYL2,0.0551,0.0619,0.992171,0.982307,NS
HDHD5,0.0478,0.0713,0.992191,0.982307,NS
CLIC1,0.0462,0.0736,0.992201,0.982307,NS
CAPNS1,0.0338,0.0999,0.992253,0.97736,NS
ISYNA1,0.0434,0.0776,0.992271,0.982307,NS
TRIM72,-0.033,0.1017,0.99229,0.97736,NS
COPZ1,-0.0425,0.0789,0.992316,0.982307,NS
MCM3AP,-0.0566,0.059,0.992343,0.982307,NS
COPS6,-0.0356,0.0936,0.99235,0.97983,NS
ARF4,-0.0414,0.0805,0.99236,0.982307,NS
MPI,0.0381,0.0869,0.992415,0.981171,NS
SURF4,-0.0533,0.0593,0.992746,0.982307,NS
VPS4A,-0.0395,0.0798,0.992772,0.982307,NS
SYNGR2,-0.0377,0.0834,0.992789,0.982307,NS
ATP1A2,0.0415,0.0752,0.992851,0.982307,NS
DDI2,-0.0547,0.0563,0.992936,0.983774,NS
GNAI3,-0.0427,0.0719,0.992965,0.982307,NS
GLRX,0.0426,0.0717,0.992982,0.982307,NS
SIRT3,-0.0472,0.0641,0.993062,0.982307,NS
EIF4A1,-0.0335,0.0902,0.993067,0.980885,NS
ALAD,-0.0523,0.0576,0.993086,0.983293,NS
FKBP2,-0.0356,0.0841,0.993127,0.982307,NS
TXNRD1,0.0333,0.0887,0.993218,0.981171,NS
DBN1,-0.0469,0.0628,0.993245,0.982307,NS
TTLL12,0.0446,0.066,0.993245,0.982307,NS
SPTAN1,-0.0484,0.0607,0.993262,0.982307,NS
TOMM7,0.0543,0.0536,0.99332,0.984119,NS
ALDH1L1,-0.0392,0.0739,0.993343,0.982307,NS
IST1,0.0305,0.0951,0.993346,0.979324,NS
SCRN3,0.0434,0.0666,0.993369,0.982307,NS
RNF181,0.0531,0.0541,0.993413,0.984119,NS
HSPB8,0.0459,0.0619,0.99348,0.982307,NS
SNX17,0.0751,0.0378,0.993492,0.990182,NS
UCHL1,-0.0461,0.0613,0.993512,0.982307,NS
MAPRE1,-0.0283,0.0996,0.993528,0.97736,NS
BSG,0.0309,0.091,0.99354,0.980885,NS
CLIC6,0.054,0.052,0.993546,0.984637,NS
COX19,0.0371,0.0754,0.993581,0.982307,NS
ARF1,0.0366,0.0759,0.993628,0.982307,NS
HNRNPH1,-0.0262,0.1055,0.993647,0.97736,NS
SGCG,0.0434,0.0637,0.993652,0.982307,NS
WARS1,-0.0268,0.102,0.993713,0.97736,NS
HSD17B8,0.0415,0.0647,0.993835,0.982307,NS
CASQ1,0.0303,0.0881,0.993874,0.981171,NS
RPS27,-0.0406,0.0656,0.993893,0.982307,NS
SND1,0.0333,0.0799,0.993896,0.982307,NS
UBE2L3,-0.0354,0.075,0.993903,0.982307,NS
RPN1,0.0273,0.097,0.993922,0.977491,NS
RPS19,0.0291,0.0907,0.993942,0.980885,NS
CD63,-0.0428,0.0617,0.993944,0.982307,NS
CAP1,0.0408,0.0646,0.99395,0.982307,NS
CYB5B,0.038,0.0691,0.99398,0.982307,NS
ABCA8,-0.0419,0.0622,0.994015,0.982307,NS
TMX3,0.0387,0.067,0.994046,0.982307,NS
EIF3A,0.0277,0.0924,0.994119,0.980778,NS
CD59,0.0292,0.0867,0.994188,0.981171,NS
GPT,-0.0393,0.0641,0.99421,0.982307,NS
LSM6,0.0302,0.0831,0.994238,0.982307,NS
SUB1,0.0297,0.0844,0.994249,0.982307,NS
PGM2L1,-0.0334,0.0736,0.994349,0.982307,NS
CSNK2A1,0.0328,0.0751,0.994351,0.982307,NS
USP15,0.0368,0.0667,0.994355,0.982307,NS
TSG101,-0.0313,0.0782,0.994375,0.982307,NS
MAP1LC3B2,0.0364,0.0672,0.994381,0.982307,NS
BAG6,0.0525,0.0466,0.994388,0.987127,NS
SNRNP70,-0.0547,0.0446,0.994394,0.987127,NS
CCAR2,0.0414,0.0589,0.994406,0.982307,NS
PSMD10,-0.0327,0.0736,0.994472,0.982307,NS
DHRS7B,0.0351,0.0674,0.994564,0.982307,NS
SSPN,0.0466,0.0505,0.994591,0.986076,NS
PCBP1,0.0268,0.0869,0.994652,0.981171,NS
SNRPD1,0.0402,0.0579,0.994654,0.983293,NS
PDLIM1,0.0305,0.076,0.994672,0.982307,NS
PFDN2,-0.0332,0.0675,0.994843,0.982307,NS
COL4A2,-0.0556,0.0403,0.994849,0.989922,NS
TSC22D1,-0.0345,0.0646,0.994879,0.982307,NS
STIM1,-0.0368,0.0606,0.994883,0.982307,NS
UBQLN1,-0.0294,0.0752,0.994925,0.982307,NS
SNRPD2,-0.0337,0.0649,0.994979,0.982307,NS
HSPA5,0.0284,0.0769,0.994982,0.982307,NS
SNX3,0.0274,0.0787,0.995046,0.982307,NS
MAP2K3,0.036,0.0598,0.995063,0.982307,NS
PFDN6,-0.0287,0.0743,0.995095,0.982307,NS
PTMS,-0.0342,0.062,0.995123,0.982307,NS
TPI1,-0.0248,0.0855,0.995142,0.982307,NS
PRELP,0.0559,0.0375,0.995193,0.990182,NS
CD14,0.0464,0.045,0.9952,0.987127,NS
UQCR10,-0.0343,0.0608,0.995207,0.982307,NS
TOM1L2,0.0363,0.0573,0.995227,0.983563,NS
PPP3CC,-0.0388,0.0528,0.995288,0.984119,NS
SMIM20,0.0332,0.0617,0.995297,0.982307,NS
PITHD1,-0.0338,0.0605,0.995303,0.982307,NS
ORM1,-0.0498,0.041,0.995307,0.989652,NS
CLU,-0.0479,0.0426,0.99531,0.988684,NS
GSTK1,0.0286,0.071,0.995342,0.982307,NS
UBE2R2,0.0388,0.052,0.995364,0.984637,NS
HSPB6,-0.0301,0.0662,0.995414,0.982307,NS
PGLS,0.0281,0.0705,0.995454,0.982307,NS
STX7,-0.0342,0.0577,0.99546,0.983293,NS
SKP1,-0.0285,0.0692,0.995471,0.982307,NS
CLYBL,-0.0511,0.0385,0.995471,0.990182,NS
GPD2,0.0304,0.0648,0.995474,0.982307,NS
LPP,0.0326,0.06,0.995506,0.982307,NS
UAP1,0.032,0.0611,0.995517,0.982307,NS
GAMT,0.0331,0.0588,0.995528,0.982307,NS
LIMS1,-0.0259,0.0751,0.995529,0.982307,NS
RAB1A,-0.0309,0.0625,0.995557,0.982307,NS
PSMA5,-0.0245,0.0786,0.995569,0.982307,NS
PGRMC1,0.0318,0.0599,0.995617,0.982307,NS
TRMT112,0.0282,0.0674,0.99563,0.982307,NS
ARPC5,0.0398,0.0471,0.995694,0.987127,NS
PPIC,-0.0425,0.044,0.995706,0.987389,NS
BANF1,0.0337,0.0554,0.995707,0.983774,NS
OPLAH,0.0286,0.065,0.995731,0.982307,NS
HSPA1L,0.0327,0.0567,0.995736,0.983774,NS
PCYT2,0.0269,0.0686,0.995765,0.982307,NS
PTER,-0.0325,0.056,0.995819,0.983774,NS
RPS16,-0.0261,0.0694,0.995837,0.982307,NS
SEC22B,0.0248,0.0721,0.995899,0.982307,NS
UBXN4,-0.0317,0.056,0.995923,0.983774,NS
GORASP2,-0.0263,0.0651,0.996068,0.982307,NS
FAM136A,0.0307,0.0556,0.996083,0.983774,NS
PSMC2,-0.0209,0.0811,0.996104,0.982307,NS
PACSIN3,0.0266,0.0631,0.996137,0.982307,NS
SIAE,0.0415,0.0399,0.996195,0.990043,NS
H6PD,-0.024,0.0686,0.99622,0.982307,NS
CRYZ,0.0242,0.0671,0.996275,0.982307,NS
STK38L,0.0331,0.0484,0.996317,0.987127,NS
STK38,0.0361,0.0443,0.996325,0.987143,NS
MYPN,-0.0337,0.0473,0.996339,0.987127,NS
GRB2,-0.0254,0.0626,0.99635,0.982307,NS
NAXD,0.0281,0.0556,0.996408,0.983774,NS
ADD1,0.0336,0.0449,0.996534,0.987127,NS
MGST2,-0.0327,0.0461,0.996537,0.987127,NS
MFGE8,-0.0492,0.0301,0.996598,0.991892,NS
RPL35A,0.0325,0.0452,0.996623,0.987127,NS
CTSZ,-0.0305,0.048,0.996633,0.987127,NS
MFAP4,-0.0436,0.0335,0.996637,0.991801,NS
CUTC,-0.0316,0.046,0.996658,0.987127,NS
TAGLN,-0.0381,0.0369,0.996766,0.990182,NS
ADPRHL1,-0.0307,0.0452,0.996805,0.987127,NS
MAT2B,-0.0228,0.0608,0.996807,0.982307,NS
HNRNPD,0.0211,0.0653,0.996826,0.982307,NS
ADD3,0.0309,0.0445,0.996841,0.987127,NS
G3BP1,-0.025,0.0543,0.996874,0.984119,NS
SETD3,-0.036,0.0374,0.996905,0.990182,NS
MMUT,0.027,0.0495,0.996927,0.986507,NS
RAP1B,-0.031,0.0426,0.996963,0.988684,NS
UBA2,0.024,0.0548,0.996981,0.984119,NS
CTSB,-0.0259,0.0494,0.997054,0.986507,NS
FN3K,0.0255,0.05,0.997066,0.986076,NS
SERPINB6,0.0212,0.0602,0.99707,0.982307,NS
SGCD,0.0252,0.0505,0.99708,0.986076,NS
BUB3,0.0239,0.0527,0.997109,0.984119,NS
GMPR,-0.026,0.0483,0.997111,0.987127,NS
IGKV3-20,0.038,0.0322,0.997187,0.991801,NS
RNF123,0.0225,0.0543,0.997187,0.984119,NS
TIMM8B,0.0367,0.0332,0.997196,0.991801,NS
IGLV1-40,0.0367,0.0329,0.997226,0.991801,NS
CCT4,0.0173,0.0675,0.997316,0.982307,NS
EIF3K,-0.0298,0.0389,0.997333,0.990182,NS
FKBP4,-0.023,0.0504,0.997335,0.986076,NS
NSUN2,-0.0257,0.0445,0.997374,0.987127,NS
SPTBN1,-0.0302,0.0377,0.997387,0.990182,NS
DHRS11,0.0285,0.0395,0.997415,0.990085,NS
BROX,-0.0256,0.0433,0.997456,0.988054,NS
DHCR24,-0.0268,0.0406,0.997495,0.989652,NS
AGO2,-0.0235,0.0463,0.997504,0.987127,NS
ADSL,0.0201,0.053,0.997548,0.984119,NS
MCCC1,0.0245,0.0435,0.997551,0.988054,NS
STAM,-0.0223,0.0477,0.997552,0.987127,NS
TF,0.0349,0.0303,0.997564,0.991801,NS
SOD2,-0.0217,0.0487,0.997568,0.987127,NS
CCT2,0.0177,0.0594,0.997589,0.982307,NS
FGGY,0.0282,0.0368,0.99762,0.990182,NS
PPTC7,-0.0253,0.0407,0.99763,0.989652,NS
ERP44,0.0189,0.0529,0.997693,0.984119,NS
TSN,0.02,0.0501,0.997695,0.986076,NS
HSPA4,-0.015,0.0642,0.997783,0.982307,NS
IGHG2,-0.0365,0.0264,0.997786,0.992326,NS
EEF1A2,0.0206,0.0462,0.997808,0.987127,NS
PGP,0.0208,0.0457,0.997809,0.987127,NS
SURF1,0.025,0.0375,0.997843,0.990182,NS
COPS8,0.0183,0.051,0.997852,0.986076,NS
PDIA6,0.0198,0.0466,0.997872,0.987127,NS
VAPA,0.0202,0.0453,0.997894,0.987127,NS
ATIC,-0.0171,0.0534,0.997899,0.984119,NS
PPP1R12B,-0.0301,0.0299,0.99793,0.991892,NS
KRT8,0.0391,0.0229,0.997939,0.993139,NS
TMEM143,0.0244,0.0357,0.997994,0.990765,NS
EPS15L1,-0.0186,0.0454,0.998061,0.987127,NS
HSPA8,-0.0158,0.0527,0.998081,0.984119,NS
MYH1,-0.0325,0.0257,0.998083,0.992326,NS
PECAM1,0.0207,0.04,0.998099,0.990043,NS
RNF7,0.0248,0.0322,0.998161,0.991801,NS
UBR4,0.0243,0.0318,0.998222,0.991801,NS
MYL6,-0.0264,0.0292,0.998223,0.992326,NS
HP,0.0338,0.0227,0.998232,0.993139,NS
EIF3L,-0.0194,0.0395,0.998239,0.990085,NS
EEF2K,0.0248,0.0306,0.998255,0.991801,NS
ALDOC,-0.0179,0.042,0.998272,0.989012,NS
ANP32B,-0.0338,0.022,0.998287,0.993139,NS
S100A11,-0.0281,0.0263,0.998303,0.992326,NS
NAE1,-0.0178,0.041,0.998318,0.989652,NS
CALR,-0.0172,0.042,0.998333,0.989012,NS
LASP1,-0.0252,0.0287,0.998336,0.992326,NS
METTL7A,0.0186,0.0388,0.998344,0.990182,NS
PRG4,0.0391,0.0183,0.998349,0.993644,NS
MYOC,0.0334,0.0214,0.998354,0.993139,NS
HSPBP1,-0.0191,0.0371,0.99837,0.990182,NS
LCP1,0.0268,0.0258,0.99841,0.992326,NS
C11orf54,-0.0206,0.0331,0.998429,0.991801,NS
SHOC2,0.0193,0.0352,0.998433,0.991443,NS
RPS8,-0.0145,0.0456,0.998482,0.987127,NS
PLGRKT,0.0195,0.0331,0.998515,0.991801,NS
PARVA,-0.02,0.0322,0.998517,0.991801,NS
PREP,-0.0179,0.0359,0.99852,0.990765,NS
TMEM43,-0.0189,0.0335,0.998548,0.991801,NS
D2HGDH,-0.0241,0.0261,0.998552,0.992326,NS
HNRNPA0,-0.0221,0.0283,0.998561,0.992326,NS
PEA15,-0.023,0.0269,0.998572,0.992326,NS
PPT1,0.0198,0.0306,0.998608,0.991801,NS
ASPA,0.0196,0.0309,0.998609,0.991801,NS
PCNA,0.0228,0.0262,0.998625,0.992326,NS
PCCB,0.0159,0.0368,0.998653,0.990182,NS
BTD,0.0201,0.0289,0.998658,0.992326,NS
CORO1B,0.0232,0.0251,0.998659,0.992326,NS
EIF3C,-0.0139,0.0419,0.998665,0.989012,NS
TUBA1B,-0.0187,0.0308,0.99868,0.991801,NS
EIF3M,-0.0147,0.0386,0.998691,0.990182,NS
GCLM,-0.0195,0.0287,0.998709,0.992326,NS
HARS1,-0.0137,0.041,0.998709,0.989652,NS
SLC35A4,0.0189,0.0293,0.998726,0.992326,NS
PPID,-0.0167,0.0322,0.998759,0.991801,NS
IMPA1,0.0169,0.0304,0.998818,0.991801,NS
QKI,0.0186,0.0272,0.998836,0.992326,NS
RAB21,0.0163,0.0305,0.998855,0.991801,NS
RAB5C,0.0147,0.0329,0.998887,0.991801,NS
TMEM109,0.0131,0.0365,0.998899,0.99024,NS
STX12,-0.0238,0.02,0.998904,0.993139,NS
IGHG3,0.0246,0.0188,0.998938,0.993139,NS
DLD,0.0129,0.0358,0.99894,0.990765,NS
MPC1,-0.0304,0.0151,0.998943,0.99633,NS
LRP1,0.0178,0.0256,0.998951,0.992326,NS
PPP6R2,0.0166,0.0272,0.998965,0.992326,NS
GFM1,-0.0145,0.031,0.99897,0.991801,NS
ATP6V1B2,0.0112,0.0377,0.999027,0.990182,NS
NT5DC1,-0.0157,0.0268,0.999029,0.992326,NS
IPO7,-0.0133,0.0308,0.999055,0.991801,NS
NID2,0.0198,0.0206,0.999062,0.993139,NS
DNAJA3,-0.0182,0.0221,0.999077,0.993139,NS
GLIPR2,0.0205,0.0192,0.999095,0.993139,NS
DPP9,-0.0182,0.0211,0.999112,0.993139,NS
ARL6IP5,0.0113,0.0329,0.999142,0.991801,NS
KIF5B,-0.0108,0.0345,0.999144,0.991801,NS
RAB14,-0.0121,0.0307,0.999145,0.991801,NS
DCAF6,-0.0119,0.0306,0.999161,0.991801,NS
SSBP1,-0.0139,0.0255,0.999182,0.992326,NS
RPLP2,0.0139,0.025,0.999202,0.992326,NS
DUSP23,0.0167,0.0203,0.999217,0.993139,NS
PFN2,0.0136,0.0248,0.999224,0.992326,NS
EIF6,0.0114,0.028,0.999263,0.992326,NS
PPCDC,-0.014,0.0219,0.999296,0.993139,NS
CHORDC1,0.0148,0.0204,0.999303,0.993139,NS
EIF2B1,-0.0136,0.0222,0.999305,0.993139,NS
HNRNPL,-0.0124,0.0235,0.999327,0.993139,NS
TXN2,-0.0114,0.0255,0.999331,0.992326,NS
USO1,0.0114,0.0253,0.99933399999999994,0.992326,NS
CRIP2,-0.0145,0.0191,0.99936,0.993139,NS
SFPQ,-0.0112,0.0247,0.999366,0.992326,NS
ATP2A1,0.0136,0.0197,0.999382,0.993139,NS
PYURF,0.0177,0.0151,0.999384,0.99633,NS
PSMD9,-0.0107,0.0248,0.999389,0.992326,NS
RPS14,-0.0117,0.0224,0.999394,0.993139,NS
RBM8A,0.0128,0.0198,0.999417,0.993139,NS
GPD1L,0.0125,0.0192,0.99945,0.993139,NS
HDGF,0.0089,0.0265,0.999458,0.992326,NS
DHODH,-0.0156,0.0144,0.999485,0.99633,NS
COMT,0.0116,0.0187,0.999499,0.993139,NS
UFL1,0.0102,0.0207,0.999514,0.993139,NS
MYOZ2,-0.0217,0.0094,0.99953,0.996502,NS
HSP90B1,-0.0111,0.0178,0.999546,0.994359,NS
GSTM3,0.013,0.015,0.999552,0.99633,NS
NAXE,0.0081,0.0235,0.999563,0.993139,NS
EZR,-0.0095,0.0193,0.999577,0.993139,NS
NIT2,-0.0083,0.0214,0.999591,0.993139,NS
HAGH,0.0085,0.0197,0.999614,0.993139,NS
SRP9,-0.0083,0.0187,0.999641,0.993139,NS
IGHG1,-0.0146,0.0106,0.999643,0.99633,NS
MYH3,-0.0157,0.0095,0.999656,0.996502,NS
PDIA3,0.01,0.015,0.999656,0.99633,NS
PDCD6IP,0.0061,0.0243,0.999659,0.992762,NS
ERLIN2,-0.0071,0.0208,0.999659,0.993139,NS
EML2,0.0097,0.0145,0.999676,0.99633,NS
BCHE,-0.0131,0.0107,0.999678,0.99633,NS
YWHAZ,-0.0101,0.0134,0.999688,0.99633,NS
ATG3,-0.0087,0.0157,0.999688,0.99633,NS
PRKACA,0.0064,0.0194,0.999714,0.993139,NS
ATPAF2,-0.009,0.0138,0.999715,0.99633,NS
ACADS,-0.0085,0.0139,0.999726,0.99633,NS
TPD52L1,0.009,0.0133,0.999726,0.99633,NS
CMBL,0.0092,0.0125,0.999733,0.99633,NS
ANK2,-0.0067,0.0166,0.999745,0.99633,NS
SRSF1,0.0068,0.016,0.999751,0.99633,NS
RPA2,0.008,0.0133,0.999757,0.99633,NS
ALDH16A1,-0.0076,0.0135,0.999762,0.99633,NS
PSMD13,0.0067,0.0151,0.999768,0.99633,NS
GNAI2,0.0083,0.0114,0.999782,0.99633,NS
DNAAF5,0.0077,0.0122,0.999785,0.99633,NS
PALLD,-0.0102,0.009,0.999788,0.99697,NS
PSMA1,-0.0052,0.0172,0.999793,0.995333,NS
SLC37A4,-0.0068,0.0121,0.999812,0.99633,NS
UBE2I,-0.0065,0.0123,0.999814,0.99633,NS
GALK1,0.0063,0.0117,0.999831,0.99633,NS
COX17,-0.0074,0.0098,0.999832,0.996502,NS
SMYD1,0.0067,0.0104,0.99984,0.996375,NS
USP47,0.006,0.0114,0.999843,0.99633,NS
RPL10,-0.0056,0.0118,0.999849,0.99633,NS
AARS1,0.0044,0.0149,0.99985,0.99633,NS
CANX,-0.0051,0.0127,0.999852,0.99633,NS
PSMB7,-0.0059,0.0108,0.999853,0.99633,NS
CISD2,0.0079,0.0079,0.999855,0.996975,NS
PSMB4,-0.0044,0.0139,0.999858,0.99633,NS
LYPLA2,-0.0055,0.0112,0.999859,0.99633,NS
MTDH,0.0052,0.0112,0.999866,0.99633,NS
XPNPEP1,0.0048,0.0119,0.99987,0.99633,NS
AFG3L2,0.0059,0.0085,0.999885,0.996975,NS
HYI,0.0076,0.0061,0.999892,0.996975,NS
LYVE1,-0.0074,0.0062,0.999894,0.996975,NS
PSME1,0.0042,0.0106,0.999899,0.99633,NS
SPARC,0.0059,0.0072,0.999902,0.996975,NS
TIAL1,-0.0047,0.0085,0.999909,0.996975,NS
LACTB,0.0047,0.0083,0.99991,0.996975,NS
PIP4K2A,-0.0055,0.007,0.999911,0.996975,NS
APOBEC2,0.006,0.0063,0.999912,0.996975,NS
PDCD5,0.0039,0.0097,0.999914,0.996502,NS
RPL22,0.0037,0.0097,0.999918,0.996502,NS
RDH13,-0.0051,0.0067,0.99992,0.996975,NS
CA14,-0.0048,0.0071,0.999923,0.996975,NS
PARP1,-0.0035,0.0084,0.999932,0.996975,NS
FBP2,0.0045,0.0063,0.999934,0.996975,NS
TOLLIP,-0.0036,0.0078,0.999935,0.996975,NS
RTCA,-0.0037,0.0069,0.999941,0.996975,NS
HMBS,-0.0043,0.0055,0.999945,0.997672,NS
SDHD,0.004,0.0048,0.999955,0.997672,NS
ACAT1,0.0025,0.0069,0.999961,0.996975,NS
TTR,0.0042,0.0039,0.999962,0.997672,NS
AMPD1,0.0035,0.0038,0.99997,0.997672,NS
SLC2A1,-0.0037,0.0034,0.999971,0.997672,NS
CCDC43,0.0034,0.0036,0.999972,0.997672,NS
PABPC4,-0.0022,0.0046,0.999977,0.997672,NS
EIF2A,-0.0023,0.0043,0.999977,0.997672,NS
MOB1A,-0.0024,0.003,0.999983,0.997672,NS
MAVS,0.0017,0.0044,0.999983,0.997672,NS
FAM185A,-0.0025,0.0026,0.999985,0.997672,NS
H1-0,0.0021,0.0027,0.999987,0.997672,NS
RPL13A,0.0014,0.0031,0.99999,0.997672,NS
ARPC1B,-0.0018,0.0024,0.99999,0.997672,NS
PAFAH1B1,0.0012,0.0033,0.999991,0.997672,NS
LDHD,0.0017,0.0017,0.999993,0.997672,NS
TMX1,0.001,0.0031,0.999993,0.997672,NS
SAMHD1,-0.0015,0.0018,0.999994,0.997672,NS
PLPBP,-0.0012,0.0022,0.999994,0.997672,NS
RPA1,0.0014,0.0019,0.999994,0.997672,NS
FLNA,0.0013,0.0018,0.999995,0.997672,NS
MRPL21,0.0014,0.0014,0.999996,0.998023,NS
ARL8B,7e-4,0.002,0.999997,0.997672,NS
EIF3G,-8e-4,0.0018,0.999997,0.997672,NS
STRN3,4e-4,5e-4,0.999999,0.999555,NS
IGLC2,3e-4,2e-4,1,0.999555,NS
ECHDC1,2e-4,3e-4,1,0.999555,NS
