gene,cv_cr,cv_h,delta_cv,is_plasma,protein_class,subcellular_main
HBB,325.4167844720766,72.83694011017425,252.57984436190233,TRUE,"Disease related genes, FDA approved drug targets, Human disease related genes, Plasma proteins, Predicted intracellular proteins, Transporters",
HBA1,300.05106090639407,93.04019664676335,207.01086425963072,TRUE,"Disease related genes, FDA approved drug targets, Human disease related genes, Plasma proteins, Predicted intracellular proteins, Transporters",
MB,43.61109910197995,18.946919388623538,24.664179713356415,TRUE,"Candidate cardiovascular disease genes, FDA approved drug targets, Plasma proteins, Predicted intracellular proteins, Transporters",
ALB,245.02112935419612,53.04013447223475,191.98099488196138,TRUE,"Cancer-related genes, Candidate cardiovascular disease genes, Disease related genes, FDA approved drug targets, Metabolic proteins, Plasma proteins, Predicted intracellular proteins, Predicted secreted proteins","Endoplasmic reticulum, Golgi apparatus"
CKM,29.451772005270122,13.747433853733046,15.704338151537076,TRUE,"Candidate cardiovascular disease genes, Enzymes, FDA approved drug targets, Metabolic proteins, Plasma proteins, Predicted intracellular proteins",
ALDOA,13.041520127985763,18.568094421838218,-5.526574293852455,TRUE,"Cancer-related genes, Disease related genes, Enzymes, Essential proteins, Human disease related genes, Metabolic proteins, Plasma proteins, Potential drug targets, Predicted intracellular proteins",Cytosol
GAPDH,15.055635219110663,14.71026791917846,0.34536729993220305,TRUE,"Enzymes, Essential proteins, FDA approved drug targets, Metabolic proteins, Plasma proteins, Predicted intracellular proteins","Plasma membrane, Cytosol"
CKB,35.33297196349168,24.14002697685185,11.19294498663983,TRUE,"Cancer-related genes, Candidate cardiovascular disease genes, Enzymes, FDA approved drug targets, Metabolic proteins, Plasma proteins, Predicted intracellular proteins",Cytosol
CA3,76.35363982951785,30.671576504881592,45.68206332463625,TRUE,"Enzymes, FDA approved drug targets, Metabolic proteins, Plasma proteins, Predicted intracellular proteins",
FHL1,34.76199396571673,17.72164120947202,17.040352756244708,TRUE,"Disease related genes, Human disease related genes, Plasma proteins, Predicted intracellular proteins",Cytosol
ACTA1,64.39845390370928,38.02477541578567,26.373678487923613,TRUE,"Disease related genes, Human disease related genes, Plasma proteins, Predicted intracellular proteins",
ENO1,90.19818331066757,16.80735170982516,73.39083160084242,TRUE,"Cancer-related genes, Enzymes, Metabolic proteins, Plasma proteins, Predicted intracellular proteins","Plasma membrane, Cytosol"
ENO3,36.929869164271054,31.799841808298833,5.130027355972221,TRUE,"Candidate cardiovascular disease genes, Disease related genes, Enzymes, Human disease related genes, Metabolic proteins, Plasma proteins, Potential drug targets, Predicted intracellular proteins","Plasma membrane, Cytosol"
ACTB,190.25661956181742,35.337136501062545,154.91948306075489,TRUE,"Disease related genes, Essential proteins, Human disease related genes, Plasma proteins, Predicted intracellular proteins",
IGHG1,122.30164735086817,61.140794346752,61.16085300411616,TRUE,"Disease related genes, FDA approved drug targets, Immunoglobulin genes, Plasma proteins, Predicted intracellular proteins, Predicted membrane proteins, Predicted secreted proteins",
PRDX2,194.8690318947947,25.812342193416338,169.05668970137836,TRUE,"Cancer-related genes, Enzymes, Essential proteins, Metabolic proteins, Plasma proteins, Predicted intracellular proteins",Cytosol
PKM,24.122920453577056,18.37408719220274,5.748833261374315,TRUE,"Cancer-related genes, Enzymes, Essential proteins, Metabolic proteins, Plasma proteins, Predicted intracellular proteins",Cytosol
TPI1,23.292388598409676,14.90364963299081,8.388738965418867,TRUE,"Cancer-related genes, Disease related genes, Enzymes, Essential proteins, Human disease related genes, Metabolic proteins, Plasma proteins, Potential drug targets, Predicted intracellular proteins",Nucleoplasm
ENO2,45.10266391287502,32.50602445159592,12.596639461279104,TRUE,"Cancer-related genes, Candidate cardiovascular disease genes, Enzymes, Metabolic proteins, Plasma proteins, Predicted intracellular proteins","Plasma membrane, Cytosol"
PGAM1,49.37085117263781,20.21735488839155,29.153496284246263,TRUE,"Candidate cardiovascular disease genes, Enzymes, Essential proteins, Metabolic proteins, Plasma proteins, Predicted intracellular proteins",Nucleoplasm
CASQ1,22.560043351279063,27.96821666049875,-5.408173309219688,FALSE,"Disease related genes, Human disease related genes, Potential drug targets, Predicted intracellular proteins, Transporters","Nucleoplasm, Mitochondria"
PGK1,12.986824960281695,16.271632185979787,-3.284807225698092,TRUE,"Disease related genes, Enzymes, Human disease related genes, Metabolic proteins, Plasma proteins, Potential drug targets, Predicted intracellular proteins","Mid piece, Principal piece, End piece"
HSPB1,23.854199573899017,26.590542947304353,-2.7363433734053366,TRUE,"Cancer-related genes, Disease related genes, Human disease related genes, Plasma proteins, Predicted intracellular proteins","Plasma membrane, Cytosol"
MYL1,61.57086608300967,37.158741603054445,24.412124479955224,TRUE,"Disease related genes, Human disease related genes, Plasma proteins, Predicted intracellular proteins",
IGKC,121.29884530429884,56.70194930923105,64.5968959950678,FALSE,"Immunoglobulin genes, Predicted intracellular proteins, Predicted secreted proteins","Vesicles, Cytosol"
PYGM,43.027927623603325,14.458376022252809,28.56955160135052,TRUE,"Disease related genes, Enzymes, Human disease related genes, Metabolic proteins, Plasma proteins, Potential drug targets, Predicted intracellular proteins",
CRYAB,58.45820120798013,30.84588477807644,27.612316429903693,FALSE,"Cancer-related genes, Disease related genes, Human disease related genes, Potential drug targets, Predicted intracellular proteins, Predicted membrane proteins, Transporters","Plasma membrane, Cytosol"
LDHA,26.74108127757165,32.44357195049908,-5.7024906729274285,TRUE,"Cancer-related genes, Disease related genes, Enzymes, Essential proteins, FDA approved drug targets, Human disease related genes, Metabolic proteins, Plasma proteins, Predicted intracellular proteins",Cytosol
MYL2,39.643571671563215,33.56891830470953,6.074653366853688,FALSE,"Candidate cardiovascular disease genes, Disease related genes, Human disease related genes, Predicted intracellular proteins",Microtubules
AK1,26.161086538873707,28.31672981365589,-2.1556432747821823,TRUE,"Disease related genes, Enzymes, Human disease related genes, Metabolic proteins, Plasma proteins, Potential drug targets, Predicted intracellular proteins",Cytosol
FABP4,163.5979831775252,28.220840515344946,135.37714266218026,TRUE,"Cancer-related genes, Metabolic proteins, Plasma proteins, Predicted intracellular proteins","Nucleoplasm, Cytosol"
FABP3,42.30797944486614,22.007330205312666,20.300649239553476,TRUE,"Candidate cardiovascular disease genes, Metabolic proteins, Plasma proteins, Predicted intracellular proteins",Focal adhesion sites
ATP2A1,32.39786569464252,42.68523224649734,-10.287366551854824,TRUE,"Disease related genes, Enzymes, FDA approved drug targets, Human disease related genes, Metabolic proteins, Plasma proteins, Predicted intracellular proteins, Predicted membrane proteins",Endoplasmic reticulum
CA2,106.93243768727673,29.115023327965268,77.81741435931147,TRUE,"Disease related genes, Enzymes, FDA approved drug targets, Human disease related genes, Metabolic proteins, Plasma proteins, Predicted intracellular proteins",
MDH1,20.239416346815744,10.310702528657922,9.928713818157823,TRUE,"Cancer-related genes, Citric acid cycle related proteins, Disease related genes, Enzymes, Human disease related genes, Metabolic proteins, Plasma proteins, Potential drug targets, Predicted intracellular proteins","Centrosome, Cytosol"
SERPINA1,114.28071030179854,42.69221056421958,71.58849973757896,TRUE,"Cancer-related genes, Candidate cardiovascular disease genes, Disease related genes, Human disease related genes, Metabolic proteins, Plasma proteins, Predicted intracellular proteins, Predicted secreted proteins",Vesicles
MYH7,88.04329311361,29.507471933298806,58.5358211803112,TRUE,"Candidate cardiovascular disease genes, Disease related genes, FDA approved drug targets, Human disease related genes, Plasma proteins, Predicted intracellular proteins",Focal adhesion sites
IGHG2,119.36874378621718,78.463764837509,40.90497894870818,FALSE,"FDA approved drug targets, Immunoglobulin genes, Predicted intracellular proteins, Predicted membrane proteins, Predicted secreted proteins",
PGAM2,21.485706514702283,16.74618543038344,4.739521084318842,TRUE,"Disease related genes, Enzymes, Human disease related genes, Metabolic proteins, Plasma proteins, Potential drug targets, Predicted intracellular proteins",Nucleoplasm
PYGB,32.62146870284905,12.247472863830481,20.37399583901857,TRUE,"Candidate cardiovascular disease genes, Enzymes, Metabolic proteins, Plasma proteins, Predicted intracellular proteins",Cytosol
PRDX6,43.06539749478364,18.330075686874604,24.735321807909035,TRUE,"Enzymes, Metabolic proteins, Plasma proteins, Predicted intracellular proteins","Plasma membrane, Cytosol"
IDH2,51.39573991447025,21.823107404941435,29.572632509528813,TRUE,"Cancer-related genes, Citric acid cycle related proteins, Disease related genes, Enzymes, FDA approved drug targets, Human disease related genes, Metabolic proteins, Plasma proteins, Predicted intracellular proteins",Mitochondria
MYH2,77.61409733965895,41.74286408261011,35.87123325704884,TRUE,"Disease related genes, Human disease related genes, Plasma proteins, Predicted intracellular proteins",Focal adhesion sites
ATP2A2,37.09264654571705,28.468944369517885,8.623702176199167,TRUE,"Disease related genes, Enzymes, Essential proteins, FDA approved drug targets, Human disease related genes, Metabolic proteins, Plasma proteins, Predicted intracellular proteins, Predicted membrane proteins, Transporters","Nucleoplasm, Plasma membrane"
TF,116.24975050490376,40.72360718535551,75.52614331954825,TRUE,"Cancer-related genes, Disease related genes, Human disease related genes, Plasma proteins, Predicted intracellular proteins, Predicted secreted proteins",
ATP5F1B,40.60170926937608,18.57342005008523,22.02828921929085,TRUE,"Enzymes, Essential proteins, Metabolic proteins, Plasma proteins, Predicted intracellular proteins, Transporters",Mitochondria
MDH2,43.44813188392501,17.401567671128067,26.04656421279694,TRUE,"Citric acid cycle related proteins, Disease related genes, Enzymes, FDA approved drug targets, Human disease related genes, Metabolic proteins, Plasma proteins, Predicted intracellular proteins",Mitochondria
HP,119.37944745787999,59.44957656281355,59.92987089506644,TRUE,"Cancer-related genes, Disease related genes, Enzymes, Plasma proteins, Potential drug targets, Predicted secreted proteins",Vesicles
ATP5F1A,48.90302587137904,25.292997772151903,23.61002809922714,TRUE,"Disease related genes, Essential proteins, Human disease related genes, Metabolic proteins, Plasma proteins, Potential drug targets, Predicted intracellular proteins, Transporters",Mitochondria
IGLC2,115.82092036252003,67.04012764514735,48.78079271737268,FALSE,"Immunoglobulin genes, Predicted intracellular proteins, Predicted secreted proteins",
MYH1,113.71270649874094,73.76980429482836,39.94290220391258,TRUE,"Plasma proteins, Predicted intracellular proteins",Focal adhesion sites
PFKM,39.629307605606364,21.153047158593402,18.47626044701296,FALSE,"Disease related genes, Enzymes, Human disease related genes, Metabolic proteins, Potential drug targets, Predicted intracellular proteins",Endoplasmic reticulum
S100A1,43.17727538401883,33.731953899811984,9.445321484206843,TRUE,"Cancer-related genes, Plasma proteins, Predicted intracellular proteins, Transporters",Cytosol
HSPB6,30.803419130691644,25.138495369118978,5.664923761572666,FALSE,Predicted intracellular proteins,"Mitochondria, Cytosol"
EEF1A1,44.721738353198546,14.98653051568156,29.735207837516988,TRUE,"Cancer-related genes, Essential proteins, Metabolic proteins, Plasma proteins, Predicted intracellular proteins",Cytosol
FBP2,37.652903357069135,54.83479910862484,-17.181895751555707,TRUE,"Disease related genes, Enzymes, Metabolic proteins, Plasma proteins, Potential drug targets, Predicted intracellular proteins","Plasma membrane, Cytosol"
ARF4,56.95205775142437,34.7243764556222,22.22768129580217,TRUE,"Essential proteins, Plasma proteins, Predicted intracellular proteins",
SLC25A4,52.087070436928265,33.08094986461646,19.006120572311808,FALSE,"Disease related genes, FDA approved drug targets, Human disease related genes, Metabolic proteins, Predicted membrane proteins, Transporters",Mitochondria
TNNC2,58.3661907658052,39.98741402658503,18.37877673922017,FALSE,"Human disease related genes, Predicted intracellular proteins",Nucleoplasm
PGM1,26.657356726603425,17.35196671144899,9.305390015154433,TRUE,"Disease related genes, Enzymes, Human disease related genes, Metabolic proteins, Plasma proteins, Potential drug targets, Predicted intracellular proteins",Cytosol
YWHAE,39.67467565437034,15.867655945051157,23.807019709319185,TRUE,"Cancer-related genes, Plasma proteins, Predicted intracellular proteins, Transporters",Cytosol
GOT1,44.35176849688843,15.734732358296252,28.61703613859218,TRUE,"Cancer-related genes, Enzymes, Metabolic proteins, Plasma proteins, Predicted intracellular proteins",
CKMT2,64.4404497036815,36.71866439015609,27.7217853135254,TRUE,"Enzymes, FDA approved drug targets, Metabolic proteins, Plasma proteins, Predicted intracellular proteins",
MYL6,102.35320721070622,18.228459156725076,84.12474805398114,TRUE,"Plasma proteins, Predicted intracellular proteins",
ATP2A3,33.33371681743433,37.330460902997054,-3.9967440855627245,TRUE,"Enzymes, Metabolic proteins, Plasma proteins, Predicted membrane proteins",
RPS27A,68.00131347985021,25.1649175816965,42.83639589815371,FALSE,"Essential proteins, Predicted intracellular proteins, Ribosomal proteins","Nucleoli, Endoplasmic reticulum, Cytosol"
PDLIM3,40.04749370079252,26.150044910614064,13.897448790178458,TRUE,"Plasma proteins, Predicted intracellular proteins",Cytosol
PEBP1,28.70943327431621,20.774853614125345,7.934579660190867,TRUE,"Plasma proteins, Predicted intracellular proteins","Plasma membrane, Cytosol"
TPM2,109.66411257513802,47.73337095623015,61.930741618907874,TRUE,"Cancer-related genes, Disease related genes, Human disease related genes, Plasma proteins, Predicted intracellular proteins",
SOD1,36.85697379335212,24.87283268370416,11.984141109647958,TRUE,"Cancer-related genes, Disease related genes, Enzymes, Essential proteins, Human disease related genes, Metabolic proteins, Plasma proteins, Potential drug targets, Predicted intracellular proteins",Nucleoplasm
ORM1,136.23856110852435,27.154414371994527,109.08414673652982,TRUE,"Cancer-related genes, Candidate cardiovascular disease genes, FDA approved drug targets, Plasma proteins, Predicted secreted proteins",Vesicles
GPI,17.448103466859532,12.854881378697167,4.593222088162365,TRUE,"Cancer-related genes, Disease related genes, Enzymes, Human disease related genes, Metabolic proteins, Plasma proteins, Potential drug targets, Predicted intracellular proteins, Predicted membrane proteins, Predicted secreted proteins",Cytosol
TUBB,82.01509178447148,9.870356493869897,72.14473529060159,TRUE,"Disease related genes, Essential proteins, FDA approved drug targets, Human disease related genes, Plasma proteins, Predicted intracellular proteins",Microtubules
PARK7,17.437775522335578,17.827644076093467,-0.3898685537578892,TRUE,"Disease related genes, Enzymes, Human disease related genes, Plasma proteins, Potential drug targets, Predicted intracellular proteins","Nucleoplasm, Cytosol"
GOT2,59.75990334078709,28.704887577640143,31.055015763146947,TRUE,"Cancer-related genes, Candidate cardiovascular disease genes, Disease related genes, Enzymes, Essential proteins, Human disease related genes, Metabolic proteins, Plasma proteins, Potential drug targets, Predicted intracellular proteins, Transporters",
MYL3,80.67839836316368,30.212069081173816,50.466329281989864,TRUE,"Candidate cardiovascular disease genes, Disease related genes, Human disease related genes, Plasma proteins, Predicted intracellular proteins","Nucleoli, Mitochondria"
MT-CO2,42.8234566023245,25.8704363716973,16.9530202306272,FALSE,"Disease related genes, Enzymes, Human disease related genes, Metabolic proteins, Potential drug targets, Predicted membrane proteins, Transporters",
IGHA1,149.53834418011104,65.84607943981764,83.6922647402934,FALSE,"Disease related genes, Immunoglobulin genes, Predicted intracellular proteins, Predicted membrane proteins, Predicted secreted proteins",
PRDX1,33.537795869793555,21.348067756650373,12.189728113143182,TRUE,"Enzymes, Human disease related genes, Metabolic proteins, Plasma proteins, Predicted intracellular proteins",Mitochondria
ALDOC,30.69969569965546,27.183495513513282,3.5162001861421786,TRUE,"Cancer-related genes, Candidate cardiovascular disease genes, Enzymes, Essential proteins, Metabolic proteins, Plasma proteins, Predicted intracellular proteins","Nucleoplasm, Nucleoli fibrillar center"
CYCS,38.725517501871074,31.79517475597317,6.930342745897903,TRUE,"Disease related genes, Essential proteins, Human disease related genes, Plasma proteins, Predicted intracellular proteins",Mitochondria
TPM1,113.4993118625795,43.46297293748583,70.03633892509367,TRUE,"Cancer-related genes, Candidate cardiovascular disease genes, Disease related genes, Human disease related genes, Plasma proteins, Predicted intracellular proteins, Predicted membrane proteins",Actin filaments
PPIA,81.58461578585784,27.008128671920662,54.576487113937176,TRUE,"Enzymes, Essential proteins, FDA approved drug targets, Metabolic proteins, Plasma proteins, Predicted intracellular proteins, Predicted secreted proteins",
GPD1,55.94540747993656,26.201008811232796,29.744398668703766,TRUE,"Disease related genes, Enzymes, Metabolic proteins, Plasma proteins, Potential drug targets, Predicted intracellular proteins",
CFL1,59.273563312063175,18.413727898552455,40.85983541351072,TRUE,"Essential proteins, Plasma proteins, Predicted intracellular proteins",Plasma membrane
VIM,167.42980293563036,21.112720552438592,146.31708238319177,TRUE,"Disease related genes, Human disease related genes, Plasma proteins, Predicted intracellular proteins",Intermediate filaments
CS,36.05949912742859,16.17417559239864,19.885323535029947,TRUE,"Citric acid cycle related proteins, Enzymes, Essential proteins, Metabolic proteins, Plasma proteins, Predicted intracellular proteins, Predicted membrane proteins",Mitochondria
DECR1,51.682759730490524,36.945199089414125,14.7375606410764,TRUE,"Disease related genes, Enzymes, Metabolic proteins, Plasma proteins, Potential drug targets, Predicted intracellular proteins",Mitochondria
HSPA8,22.21772360784909,11.192033110718027,11.025690497131064,TRUE,"Cancer-related genes, Enzymes, Essential proteins, Plasma proteins, Predicted intracellular proteins","Vesicles, Flagellar centriole, Annulus"
HADHA,29.229047072565738,23.145858786392314,6.083188286173424,TRUE,"Disease related genes, Enzymes, Human disease related genes, Metabolic proteins, Plasma proteins, Potential drug targets, Predicted intracellular proteins",Mitochondria
ACO2,43.67086563755001,14.950324353913372,28.720541283636635,TRUE,"Citric acid cycle related proteins, Disease related genes, Enzymes, Essential proteins, Human disease related genes, Metabolic proteins, Plasma proteins, Potential drug targets, Predicted intracellular proteins",Mitochondria
LGALS1,50.82791446260755,58.11842431349685,-7.2905098508893005,TRUE,"Plasma proteins, Predicted intracellular proteins, Predicted secreted proteins",Cytosol
BLVRB,80.43553548300987,37.1561622009494,43.27937328206047,TRUE,"Enzymes, FDA approved drug targets, Metabolic proteins, Plasma proteins, Predicted intracellular proteins",Cytosol
ACAT1,22.248234298313946,16.862879073565722,5.385355224748224,TRUE,"Disease related genes, Enzymes, FDA approved drug targets, Human disease related genes, Metabolic proteins, Plasma proteins, Predicted intracellular proteins",Mitochondria
ANXA2,125.24701109108281,16.05620203436722,109.1908090567156,TRUE,"Cancer-related genes, Disease related genes, FDA approved drug targets, Plasma proteins, Predicted intracellular proteins, Predicted secreted proteins, Transporters",Plasma membrane
CSRP3,44.59478206955744,37.906476816590065,6.688305252967375,TRUE,"Disease related genes, Human disease related genes, Plasma proteins, Predicted intracellular proteins",Cytosol
LDB3,28.602354904173605,18.476100290372056,10.12625461380155,TRUE,"Disease related genes, Human disease related genes, Plasma proteins, Predicted intracellular proteins","Focal adhesion sites, Cytosol"
AKR1A1,42.03643628587847,18.44499175950108,23.591444526377394,TRUE,"Enzymes, Metabolic proteins, Plasma proteins, Predicted intracellular proteins",Cytosol
GSTM2,34.31334409411209,39.07332098456202,-4.759976890449927,FALSE,"Enzymes, Metabolic proteins, Predicted intracellular proteins",Cytosol
MYBPC1,51.5119386356413,57.09583623624055,-5.583897600599251,FALSE,"Disease related genes, Human disease related genes, Predicted intracellular proteins",
TNNI2,88.87703408976935,54.9439505117287,33.93308357804065,FALSE,"Disease related genes, Human disease related genes, Predicted intracellular proteins",Plasma membrane
ANXA6,36.643066241776715,13.782284457972176,22.86078178380454,TRUE,"Plasma proteins, Predicted intracellular proteins, Transporters",Cytosol
C3,99.41198992074217,55.05369346085389,44.35829645988828,TRUE,"Candidate cardiovascular disease genes, Disease related genes, FDA approved drug targets, Human disease related genes, Plasma proteins, Predicted intracellular proteins, Predicted secreted proteins",
CFL2,32.21625584826316,14.35806176062355,17.85819408763961,TRUE,"Disease related genes, Human disease related genes, Plasma proteins, Predicted intracellular proteins",Plasma membrane
TTR,103.17096307873766,54.534365635421764,48.63659744331589,TRUE,"Cancer-related genes, Disease related genes, FDA approved drug targets, Human disease related genes, Plasma proteins, Predicted intracellular proteins, Predicted secreted proteins",Golgi apparatus
VDAC1,31.08083334118188,15.024811450455283,16.056021890726598,TRUE,"Essential proteins, Plasma proteins, Predicted intracellular proteins",
TXN,52.71227989413144,15.75151383451798,36.96076605961346,TRUE,"Essential proteins, Metabolic proteins, Plasma proteins, Predicted intracellular proteins","Nucleoplasm, Cytosol"
FLNC,49.52615398239106,37.68005418791412,11.846099794476935,TRUE,"Disease related genes, Human disease related genes, Plasma proteins, Potential drug targets, Predicted intracellular proteins, Transporters","Plasma membrane, Cytosol"
A2M,97.91521022171597,74.81415887962942,23.10105134208655,TRUE,"Cancer-related genes, Candidate cardiovascular disease genes, Plasma proteins, Predicted secreted proteins",
CALM1,77.62671733354325,11.206342577253935,66.42037475628932,FALSE,"Disease related genes, FDA approved drug targets, Human disease related genes, Metabolic proteins, Predicted intracellular proteins, RAS pathway related proteins",Cytosol
TNNT3,101.14748321027291,48.08401558520581,53.0634676250671,FALSE,"Disease related genes, Human disease related genes, Predicted intracellular proteins",
LDHB,55.33574992064527,56.06977965462083,-0.7340297339755608,TRUE,"Disease related genes, Enzymes, FDA approved drug targets, Metabolic proteins, Plasma proteins, Predicted intracellular proteins",Cytosol
S100A6,123.23220120328781,66.5449096594723,56.68729154381552,TRUE,"Cancer-related genes, Plasma proteins, Predicted intracellular proteins","Plasma membrane, Cytosol"
BIN1,37.90449559634395,12.504506702140047,25.3999888942039,FALSE,"Disease related genes, Human disease related genes, Predicted intracellular proteins",Cytosol
ACADVL,33.91054742628212,21.357813866029243,12.552733560252879,FALSE,"Disease related genes, Enzymes, Human disease related genes, Metabolic proteins, Potential drug targets, Predicted intracellular proteins",Mitochondria
AKR1B1,32.59906773351901,23.68403953186293,8.915028201656078,TRUE,"Cancer-related genes, Enzymes, FDA approved drug targets, Metabolic proteins, Plasma proteins, Predicted intracellular proteins",Cytosol
PRDX3,24.535025123847383,14.563139924604313,9.97188519924307,TRUE,"Disease related genes, Enzymes, Human disease related genes, Metabolic proteins, Plasma proteins, Potential drug targets, Predicted intracellular proteins","Vesicles, Mitochondria"
HADHB,33.78726742447976,21.347362101604396,12.439905322875362,FALSE,"Disease related genes, Enzymes, Human disease related genes, Metabolic proteins, Potential drug targets, Predicted intracellular proteins",Mitochondria
CAT,99.48817392042977,59.576578347658504,39.91159557277127,TRUE,"Cancer-related genes, Disease related genes, Enzymes, FDA approved drug targets, Human disease related genes, Metabolic proteins, Plasma proteins, Predicted intracellular proteins",Vesicles
S100A4,93.09623720229962,26.921861359827194,66.17437584247243,TRUE,"Cancer-related genes, Plasma proteins, Predicted intracellular proteins, Predicted secreted proteins",Nucleoplasm
UQCRC2,51.22289938623841,22.628360872673607,28.594538513564803,FALSE,"Disease related genes, Enzymes, Human disease related genes, Metabolic proteins, Potential drug targets, Predicted intracellular proteins",Mitochondria
TUBA1B,72.92542357435859,10.773997666585643,62.151425907772946,FALSE,"Essential proteins, Predicted intracellular proteins",Microtubules
SLC25A6,55.79587507141878,21.831394752288325,33.96448031913045,TRUE,"FDA approved drug targets, Metabolic proteins, Plasma proteins, Predicted membrane proteins, Transporters",Mitochondria
SLC25A5,41.57912124175371,17.949385858158887,23.629735383594824,TRUE,"Essential proteins, FDA approved drug targets, Metabolic proteins, Plasma proteins, Predicted membrane proteins, Transporters",Mitochondria
ANXA5,122.42585612646594,29.44852432474805,92.9773318017179,TRUE,"Disease related genes, FDA approved drug targets, Plasma proteins, Predicted intracellular proteins, Transporters",Nuclear membrane
H2BC4,122.3813814700601,74.76474027589128,47.61664119416882,TRUE,"Essential proteins, Plasma proteins, Predicted intracellular proteins",Nucleoplasm
TUBA4A,38.78202959696066,24.0771679452979,14.70486165166276,TRUE,"Disease related genes, FDA approved drug targets, Human disease related genes, Plasma proteins, Predicted intracellular proteins",Microtubules
DCN,184.52761962857474,27.664647682610493,156.86297194596426,TRUE,"Cancer-related genes, Disease related genes, Human disease related genes, Plasma proteins, Predicted intracellular proteins, Predicted secreted proteins",
APOBEC2,31.336696286392375,28.970215341990173,2.366480944402202,FALSE,"Enzymes, Predicted intracellular proteins",Nucleoplasm
HSP90AA1,28.446124542022027,10.738007965395438,17.708116576626587,TRUE,"Cancer-related genes, Enzymes, Plasma proteins, Predicted intracellular proteins",Cytosol
EEF1A2,32.34541524653085,16.087468788821358,16.25794645770949,TRUE,"Disease related genes, Human disease related genes, Metabolic proteins, Plasma proteins, Predicted intracellular proteins",Cytosol
ATP5MF,41.24058889275358,27.007419120419012,14.233169772334566,FALSE,"Essential proteins, Metabolic proteins, Predicted intracellular proteins, Predicted membrane proteins, Transporters",Mitochondria
TTN,89.3855900146966,36.57102641789539,52.814563596801214,TRUE,"Disease related genes, Enzymes, Human disease related genes, Plasma proteins, Potential drug targets, Predicted intracellular proteins, Predicted membrane proteins",
SRL,26.521837999990723,14.298919792342677,12.222918207648046,FALSE,Predicted intracellular proteins,
HSPA1A,23.47873057557718,20.635661924324207,2.843068651252974,FALSE,"Disease related genes, Predicted intracellular proteins","Vesicles, Flagellar centriole, Annulus"
COX5B,49.43371348103221,19.724689985853903,29.709023495178304,FALSE,"Metabolic proteins, Predicted intracellular proteins, Transporters",Mitochondria
TNNC1,85.45551972019327,51.878091966710926,33.57742775348234,TRUE,"Disease related genes, FDA approved drug targets, Human disease related genes, Plasma proteins, Predicted intracellular proteins","Nucleoplasm, Actin filaments, Mitochondria"
SELENBP1,70.65223685327823,21.50830128315264,49.143935570125585,TRUE,"Disease related genes, Enzymes, Human disease related genes, Plasma proteins, Potential drug targets, Predicted intracellular proteins",Nucleoli
ECHS1,37.75887669306422,19.461708799983562,18.297167893080655,TRUE,"Disease related genes, Enzymes, FDA approved drug targets, Human disease related genes, Metabolic proteins, Plasma proteins, Predicted intracellular proteins",Mitochondria
NDUFA4,50.75318809240247,22.17907456259162,28.574113529810848,FALSE,"Disease related genes, Essential proteins, Human disease related genes, Metabolic proteins, Predicted membrane proteins",Mitochondria
ATP5MG,46.23781927309951,27.96860012419623,18.269219148903282,FALSE,"Metabolic proteins, Predicted intracellular proteins, Predicted membrane proteins, Transporters",Mitochondria
PFN1,41.97605188536899,15.251732210292982,26.724319675076007,TRUE,"Disease related genes, Essential proteins, Human disease related genes, Plasma proteins, Predicted intracellular proteins",Cytosol
ATP5F1C,53.62672479053573,22.22773363792261,31.39899115261312,TRUE,"Essential proteins, Metabolic proteins, Plasma proteins, Predicted intracellular proteins, Transporters",
ANKRD2,45.30601697165334,36.19841252468029,9.107604446973049,FALSE,Predicted intracellular proteins,Vesicles
UQCRC1,44.01970238705799,20.543341151182972,23.476361235875018,FALSE,"Disease related genes, Enzymes, Essential proteins, Metabolic proteins, Potential drug targets, Predicted intracellular proteins",Mitochondria
HADH,20.871148325904194,12.720538916095245,8.150609409808949,FALSE,"Disease related genes, Enzymes, FDA approved drug targets, Human disease related genes, Metabolic proteins, Predicted intracellular proteins",Mitochondria
PDLIM5,41.09031198000863,44.23975299292382,-3.14944101291519,TRUE,"Plasma proteins, Predicted intracellular proteins, Predicted membrane proteins",Plasma membrane
YWHAG,25.789263865159246,15.040228025161756,10.74903583999749,TRUE,"Disease related genes, Human disease related genes, Plasma proteins, Predicted intracellular proteins",Cytosol
PLIN1,127.68733890911525,41.68232665712754,86.00501225198772,TRUE,"Disease related genes, Human disease related genes, Metabolic proteins, Plasma proteins, Predicted intracellular proteins, Predicted membrane proteins",Peroxisomes
COX7A1,48.852822584314964,24.510498641265404,24.34232394304956,FALSE,"Metabolic proteins, Predicted intracellular proteins, Predicted membrane proteins, Transporters",
DBI,29.289182423018072,20.98217409777011,8.307008325247963,TRUE,"Cancer-related genes, Metabolic proteins, Plasma proteins, Predicted intracellular proteins",
SOD2,33.2027821879151,18.69976612084887,14.503016067066227,TRUE,"Cancer-related genes, Disease related genes, Enzymes, Human disease related genes, Plasma proteins, Potential drug targets, Predicted intracellular proteins",Mitochondria
TPM3,136.3465366360741,54.40040213962924,81.94613449644484,TRUE,"Cancer-related genes, Disease related genes, Human disease related genes, Plasma proteins, Predicted intracellular proteins",Actin filaments
TUBB4B,31.571388871906493,11.120397200882921,20.450991671023573,TRUE,"Disease related genes, FDA approved drug targets, Human disease related genes, Plasma proteins, Predicted intracellular proteins",Microtubules
TRIM72,24.83488693831279,11.360161807250698,13.47472513106209,FALSE,"Predicted intracellular proteins, Transporters",Vesicles
COX4I1,38.698886330934066,22.905757032475275,15.79312929845879,FALSE,"Disease related genes, Human disease related genes, Metabolic proteins, Potential drug targets, Predicted intracellular proteins, Predicted membrane proteins, Transporters",Mitochondria
UGP2,26.524431598639715,14.642911843031989,11.881519755607727,FALSE,"Disease related genes, Enzymes, Human disease related genes, Metabolic proteins, Potential drug targets, Predicted intracellular proteins","Centrosome, Mitochondria"
ATP5PO,50.37707780421975,22.025379490937,28.351698313282753,TRUE,"Essential proteins, Metabolic proteins, Plasma proteins, Predicted intracellular proteins, Transporters",Mitochondria
ANXA1,128.44008884360244,25.10202515887937,103.33806368472307,TRUE,"Cancer-related genes, FDA approved drug targets, Plasma proteins, Predicted intracellular proteins, Predicted secreted proteins, Transporters","Plasma membrane, Cytosol"
LUM,118.02620501076765,30.72654885019593,87.29965616057173,TRUE,"Cancer-related genes, Plasma proteins, Predicted secreted proteins",
CASQ2,45.21593873918809,26.126851006236578,19.089087732951512,FALSE,"Disease related genes, Human disease related genes, Potential drug targets, Predicted intracellular proteins, Transporters",
QDPR,15.540604712221933,14.677720294901652,0.8628844173202808,TRUE,"Disease related genes, Enzymes, Human disease related genes, Metabolic proteins, Plasma proteins, Potential drug targets, Predicted intracellular proteins",Mitochondria
CMBL,35.12771235274479,29.50018854578832,5.627523806956468,FALSE,Predicted intracellular proteins,
MYOM2,40.170342347661276,27.637045920682436,12.53329642697884,FALSE,Predicted intracellular proteins,Mitochondria
HBG2,150.61437055413066,70.25616387727689,80.35820667685377,TRUE,"Disease related genes, Human disease related genes, Plasma proteins, Predicted intracellular proteins",
AHNAK,106.57537391687816,16.586608967214513,89.98876494966365,TRUE,"Plasma proteins, Predicted intracellular proteins","Plasma membrane, Cytosol"
GLO1,26.557183989102022,20.997311595395754,5.559872393706268,TRUE,"Cancer-related genes, Enzymes, Metabolic proteins, Plasma proteins, Predicted intracellular proteins","Nucleoplasm, Plasma membrane, Cytosol"
MIF,42.226280327326435,30.86356897774154,11.362711349584895,TRUE,"Cancer-related genes, Disease related genes, Enzymes, Human disease related genes, Metabolic proteins, Plasma proteins, Potential drug targets, Predicted intracellular proteins, Predicted secreted proteins",Cytosol
VDAC3,41.41938604500664,17.834380487461964,23.585005557544676,TRUE,"Plasma proteins, Predicted intracellular proteins",Mitochondria
GSTP1,24.359844559026197,21.561879053884027,2.7979655051421695,TRUE,"Cancer-related genes, Enzymes, Human disease related genes, Metabolic proteins, Plasma proteins, Predicted intracellular proteins","Mitochondria, Cytosol"
ECH1,30.96485076006482,24.924316844202725,6.040533915862095,FALSE,"Metabolic proteins, Predicted intracellular proteins",Mitochondria
GSN,93.57393622865747,37.83627957961128,55.737656649046194,TRUE,"Cancer-related genes, Disease related genes, Human disease related genes, Plasma proteins, Predicted intracellular proteins, Predicted secreted proteins",Actin filaments
SLC25A3,44.06436932849554,22.716432058231884,21.347937270263653,TRUE,"Disease related genes, Essential proteins, Human disease related genes, Metabolic proteins, Plasma proteins, Potential drug targets, Predicted intracellular proteins, Predicted membrane proteins, Transporters",Mitochondria
ATP5PD,55.177425229530165,25.76266879229918,29.414756437230984,FALSE,"Essential proteins, Metabolic proteins, Predicted intracellular proteins, Transporters",Mitochondria
ADSS1,30.089372014753625,26.328263984775173,3.761108029978452,TRUE,"Disease related genes, Enzymes, Human disease related genes, Metabolic proteins, Plasma proteins, Potential drug targets, Predicted intracellular proteins",
CAVIN1,102.40534375380628,17.510150883327636,84.89519287047864,TRUE,"Disease related genes, Human disease related genes, Plasma proteins, Predicted intracellular proteins",Plasma membrane
MT-ATP6,47.08045989985725,40.20550677977495,6.874953120082303,FALSE,"Disease related genes, Human disease related genes, Metabolic proteins, Potential drug targets, Predicted membrane proteins, Transporters",
TNNI1,94.13892774322846,56.7695602276952,37.36936751553326,FALSE,Predicted intracellular proteins,Nucleoplasm
HSPB7,38.54707788450332,18.177527197735362,20.369550686767955,FALSE,Predicted intracellular proteins,Nucleoplasm
IGHM,95.33164597055564,147.41702389057443,-52.085377920018786,TRUE,"Disease related genes, Immunoglobulin genes, Plasma proteins, Predicted intracellular proteins, Predicted membrane proteins, Predicted secreted proteins",
CSTB,40.310489034213894,23.722073732410493,16.5884153018034,TRUE,"Cancer-related genes, Disease related genes, Human disease related genes, Plasma proteins, Potential drug targets, Predicted intracellular proteins, Transporters","Nucleoli, Cytosol"
RTN2,31.763195488792228,18.567755384801192,13.195440103991036,FALSE,"Disease related genes, Human disease related genes, Predicted membrane proteins",Vesicles
LCP1,132.00524254977213,23.98418299461517,108.02105955515697,TRUE,"Cancer-related genes, Disease related genes, Plasma proteins, Predicted intracellular proteins",Plasma membrane
ACTN2,176.78691873759482,74.39384632209148,102.39307241550334,TRUE,"Disease related genes, Human disease related genes, Plasma proteins, Potential drug targets, Predicted intracellular proteins, Transporters","Actin filaments, Focal adhesion sites"
NNT,48.44871621322003,24.848714514603838,23.600001698616193,TRUE,"Disease related genes, Enzymes, FDA approved drug targets, Human disease related genes, Metabolic proteins, Plasma proteins, Predicted intracellular proteins, Predicted membrane proteins",Mitochondria
TNNT1,115.79649709563196,43.35353464521739,72.44296245041457,FALSE,"Disease related genes, Human disease related genes, Predicted intracellular proteins","Nucleoplasm, Golgi apparatus, Cytosol"
PRDX5,20.13304918103838,19.283535705021453,0.8495134760169272,TRUE,"Enzymes, FDA approved drug targets, Metabolic proteins, Plasma proteins, Predicted intracellular proteins",Mitochondria
PADI2,33.5425568453505,22.05738802708817,11.485168818262327,FALSE,"Enzymes, Metabolic proteins, Predicted intracellular proteins",
UQCR10,32.057136299946905,34.96480151287833,-2.907665212931427,FALSE,"Metabolic proteins, Predicted membrane proteins",
ETFA,34.46123400077835,18.888884846769134,15.572349154009213,TRUE,"Disease related genes, Human disease related genes, Metabolic proteins, Plasma proteins, Predicted intracellular proteins",Mitochondria
ACSL1,52.45544061869494,15.030963242016826,37.42447737667811,TRUE,"Enzymes, Metabolic proteins, Plasma proteins, Predicted intracellular proteins, Predicted membrane proteins",Vesicles
GLRX,56.70984023727381,34.02801025795006,22.68182997932375,TRUE,"Metabolic proteins, Plasma proteins, Predicted intracellular proteins","Plasma membrane, Cytosol"
FH,39.797781755863326,14.382733793139252,25.415047962724074,TRUE,"Cancer-related genes, Citric acid cycle related proteins, Disease related genes, Enzymes, Human disease related genes, Metabolic proteins, Plasma proteins, Potential drug targets, Predicted intracellular proteins",Mitochondria
HINT1,23.913862397547465,18.411496887479988,5.502365510067477,TRUE,"Disease related genes, Human disease related genes, Plasma proteins, Predicted intracellular proteins","Plasma membrane, Cytosol"
MYH3,134.85631729735331,101.45485251752864,33.40146477982468,TRUE,"Disease related genes, Human disease related genes, Plasma proteins, Predicted intracellular proteins",
NIPSNAP2,39.73472888888545,19.264372133570664,20.470356755314786,FALSE,Predicted intracellular proteins,Mitochondria
FTH1,45.34838210391762,20.367168627301922,24.9812134766157,TRUE,"Cancer-related genes, Candidate cardiovascular disease genes, Disease related genes, Enzymes, Essential proteins, FDA approved drug targets, Human disease related genes, Metabolic proteins, Plasma proteins, Predicted intracellular proteins",Vesicles
VDAC2,28.29825600211094,16.583615280523226,11.714640721587713,FALSE,"Predicted intracellular proteins, Transporters",Mitochondria
ACYP2,46.9320888543679,32.35378700901427,14.578301845353629,FALSE,"Enzymes, Metabolic proteins, Predicted intracellular proteins",Nucleoplasm
COX6C,49.71611451237443,27.984130945146784,21.731983567227648,FALSE,"Metabolic proteins, Predicted membrane proteins",Mitochondria
COX5A,43.70017902019284,17.466868833714923,26.23331018647792,TRUE,"Disease related genes, Essential proteins, Human disease related genes, Metabolic proteins, Plasma proteins, Potential drug targets, Predicted intracellular proteins, Transporters",
UQCRFS1,47.12905457989643,24.973164033627775,22.155890546268658,FALSE,"Disease related genes, Enzymes, Essential proteins, Human disease related genes, Metabolic proteins, Potential drug targets, Predicted intracellular proteins",Mitochondria
IGKV3-15,98.84121305813873,66.82523056123448,32.01598249690426,FALSE,"Immunoglobulin genes, Predicted secreted proteins","Plasma membrane, Cytosol"
CYB5R3,78.38310825280348,17.646533955702353,60.73657429710113,FALSE,"Cancer-related genes, Disease related genes, Enzymes, Human disease related genes, Metabolic proteins, Potential drug targets, Predicted intracellular proteins, Predicted membrane proteins, Transporters",Endoplasmic reticulum
IGKV3-20,93.0270433724088,74.60803930541029,18.41900406699851,FALSE,"Immunoglobulin genes, Predicted secreted proteins","Plasma membrane, Cytosol"
HSP90AB1,20.07628881282223,13.879176146919683,6.197112665902548,TRUE,"Cancer-related genes, Plasma proteins, Predicted intracellular proteins, Transporters",Plasma membrane
PCMT1,22.030260166061506,18.74285383569837,3.2874063303631367,TRUE,"Enzymes, Metabolic proteins, Plasma proteins, Predicted intracellular proteins, Predicted membrane proteins",Cytosol
PSAP,70.31820981201875,23.581516694484403,46.736693117534344,TRUE,"Disease related genes, Human disease related genes, Metabolic proteins, Plasma proteins, Potential drug targets, Predicted intracellular proteins, Transporters",Vesicles
ECI1,56.56562267308245,24.4914197994647,32.07420287361775,TRUE,"Enzymes, Metabolic proteins, Plasma proteins, Predicted intracellular proteins",Mitochondria
CYB5R1,29.95542526440737,19.162148770862572,10.793276493544798,FALSE,"Enzymes, Metabolic proteins, Predicted intracellular proteins",Mitochondria
AAMDC,42.03519169113928,15.233393364599475,26.801798326539807,FALSE,Predicted intracellular proteins,Nucleoplasm
PITPNA,52.277111185973816,9.690001833610923,42.587109352362894,FALSE,Predicted intracellular proteins,Cytosol
ATP5ME,56.64628873875501,21.041263700309678,35.60502503844533,FALSE,"Metabolic proteins, Predicted intracellular proteins, Transporters",Mitochondria
UQCRB,50.713288485259255,30.83908160896135,19.874206876297905,FALSE,"Disease related genes, Human disease related genes, Metabolic proteins, Predicted intracellular proteins",
PHPT1,44.377281826249735,9.611621743956373,34.765660082293365,FALSE,"Enzymes, Metabolic proteins, Predicted intracellular proteins",Cytosol
VBP1,30.541842666634206,15.443099911247216,15.09874275538699,FALSE,"Essential proteins, Predicted intracellular proteins",Cytosol
CP,88.89537334108553,61.16313752726191,27.73223581382362,TRUE,"Cancer-related genes, Candidate cardiovascular disease genes, Disease related genes, Enzymes, Human disease related genes, Metabolic proteins, Plasma proteins, Potential drug targets, Predicted intracellular proteins, Predicted secreted proteins, Transporters",
C1QBP,29.993534062080272,19.18935679079133,10.804177271288943,TRUE,"Cancer-related genes, Disease related genes, Human disease related genes, Plasma proteins, Potential drug targets, Predicted intracellular proteins, Predicted secreted proteins, Transporters",Plasma membrane
ADH1B,136.02736139875628,41.301454133068745,94.72590726568754,TRUE,"Enzymes, FDA approved drug targets, Human disease related genes, Metabolic proteins, Plasma proteins, Predicted intracellular proteins","Plasma membrane, Cytosol"
AGL,43.45906371714464,20.59602571976327,22.86303799738137,TRUE,"Disease related genes, Enzymes, Human disease related genes, Metabolic proteins, Plasma proteins, Potential drug targets, Predicted membrane proteins",Nucleoplasm
ESD,17.200941427650896,18.523085713598082,-1.3221442859471857,TRUE,"Enzymes, Metabolic proteins, Plasma proteins, Predicted intracellular proteins",Golgi apparatus
LMCD1,38.56631544377008,27.503905389776246,11.062410053993833,FALSE,Predicted intracellular proteins,"Nucleoplasm, Plasma membrane"
EIF5A,28.73176024413482,21.994708447567803,6.737051796567016,TRUE,"Cancer-related genes, Disease related genes, Essential proteins, Plasma proteins, Potential drug targets, Predicted intracellular proteins, Transporters",Cytosol
ATP5F1D,52.01593981462145,21.40585874462889,30.610081069992557,FALSE,"Disease related genes, Essential proteins, Human disease related genes, Metabolic proteins, Potential drug targets, Predicted intracellular proteins, Transporters","Mitochondria, Principal piece"
CD36,166.0159706507446,24.385204235339028,141.6307664154056,TRUE,"Cancer-related genes, CD markers, Disease related genes, Human disease related genes, Metabolic proteins, Plasma proteins, Potential drug targets, Predicted intracellular proteins, Predicted membrane proteins, Transporters",Golgi apparatus
PLIN4,111.92959683898833,31.89016040922541,80.03943642976293,TRUE,"Metabolic proteins, Plasma proteins, Predicted intracellular proteins","Plasma membrane, Cytosol"
TPT1,21.75697112134057,12.72619180307872,9.03077931826185,TRUE,"Essential proteins, Plasma proteins, Predicted intracellular proteins",Cytosol
CYC1,45.025811226078815,16.96031636973307,28.065494856345744,TRUE,"Disease related genes, Enzymes, Human disease related genes, Metabolic proteins, Plasma proteins, Potential drug targets, Predicted membrane proteins",Mitochondria
KLHL41,66.62471993722018,18.357709082621707,48.26701085459847,TRUE,"Disease related genes, Human disease related genes, Plasma proteins, Predicted intracellular proteins",Cytosol
CISD1,41.20260939557866,22.887928080599032,18.31468131497963,FALSE,"Enzymes, Predicted membrane proteins",Mitochondria
SDHA,39.19321517387318,21.121658984535756,18.07155618933742,TRUE,"Cancer-related genes, Citric acid cycle related proteins, Disease related genes, Enzymes, FDA approved drug targets, Human disease related genes, Metabolic proteins, Plasma proteins, Predicted intracellular proteins, Transporters",Mitochondria
UQCRH,47.00767164669838,22.424008360360578,24.5836632863378,FALSE,"Metabolic proteins, Predicted intracellular proteins",
NPEPPS,26.423251764020527,14.969511144325601,11.453740619694926,TRUE,"Enzymes, Essential proteins, Metabolic proteins, Plasma proteins, Predicted intracellular proteins",Cytosol
MACROD1,35.38357893767769,16.69721510956659,18.6863638281111,FALSE,"Disease related genes, Enzymes, Metabolic proteins, Potential drug targets, Predicted intracellular proteins",Nucleoplasm
SERPINA3,85.40594122592493,64.85260091847066,20.553340307454278,TRUE,"Cancer-related genes, Candidate cardiovascular disease genes, Metabolic proteins, Plasma proteins, Predicted intracellular proteins, Predicted secreted proteins",
NDRG2,35.602088331988554,24.329030793273457,11.273057538715097,FALSE,"Predicted intracellular proteins, Predicted membrane proteins",Centriolar satellite
RAB1B,49.97463402091325,12.471945489356976,37.502688531556274,TRUE,"Enzymes, Essential proteins, Plasma proteins, Predicted intracellular proteins",Golgi apparatus
EHD2,142.22307584757021,12.786545403538478,129.43653044403175,FALSE,Predicted intracellular proteins,Plasma membrane
ADIRF,118.77351255675819,11.707663924390458,107.06584863236773,TRUE,"Plasma proteins, Predicted intracellular proteins","Nucleoplasm, Cytosol"
NUTF2,22.82845257180251,11.010099481851737,11.818353089950774,TRUE,"Essential proteins, Plasma proteins, Predicted intracellular proteins",
FLNB,40.21323562426572,42.599281106547835,-2.386045482282114,TRUE,"Disease related genes, Human disease related genes, Plasma proteins, Potential drug targets, Predicted intracellular proteins, Transporters",Plasma membrane
VCL,45.89136278039071,12.121165696113527,33.77019708427718,TRUE,"Disease related genes, Essential proteins, Human disease related genes, Plasma proteins, Predicted intracellular proteins",Focal adhesion sites
CAV1,138.39428924531452,26.10938259680853,112.284906648506,FALSE,"Cancer-related genes, Disease related genes, Human disease related genes, Potential drug targets, Predicted intracellular proteins, Predicted membrane proteins, Transporters",Golgi apparatus
NEB,118.9564481307978,38.65411003458717,80.30233809621063,TRUE,"Cancer-related genes, Disease related genes, Human disease related genes, Plasma proteins, Predicted intracellular proteins",
PYGL,36.465512555169916,34.16712832898961,2.2983842261803034,TRUE,"Disease related genes, Enzymes, Human disease related genes, Metabolic proteins, Plasma proteins, Potential drug targets, Predicted intracellular proteins","Plasma membrane, Cytosol"
CRAT,34.378262456087676,22.989830447710897,11.388432008376778,FALSE,"Disease related genes, Enzymes, Human disease related genes, Metabolic proteins, Potential drug targets, Predicted intracellular proteins, Transporters","Golgi apparatus, Cytosol"
ST13,22.189328769717445,21.753431789684065,0.4358969800333803,TRUE,"Plasma proteins, Predicted intracellular proteins",Cytosol
AKR1C1,131.25566350265802,35.82382124001604,95.431842262642,FALSE,"Enzymes, Metabolic proteins, Predicted intracellular proteins","Endoplasmic reticulum, Cytosol"
UBE2N,14.948654988002522,23.27054788295939,-8.32189289495687,TRUE,"Cancer-related genes, Enzymes, Essential proteins, Metabolic proteins, Plasma proteins, Predicted intracellular proteins",Nucleoplasm
HSP90B1,70.9010321950938,14.379793828647703,56.5212383664461,TRUE,"Cancer-related genes, Essential proteins, Plasma proteins, Predicted intracellular proteins",Endoplasmic reticulum
NME2,42.56939393444836,27.689314722532725,14.880079211915632,FALSE,"Cancer-related genes, Enzymes, Essential proteins, Metabolic proteins, Predicted intracellular proteins",Cytosol
RTN4,23.32023670572306,25.885418080516757,-2.5651813747936956,TRUE,"Plasma proteins, Predicted intracellular proteins, Predicted membrane proteins",Endoplasmic reticulum
DLST,42.86160882981622,28.950507837883695,13.911100991932525,FALSE,"Citric acid cycle related proteins, Disease related genes, Enzymes, Essential proteins, Human disease related genes, Metabolic proteins, Potential drug targets, Predicted intracellular proteins",Nucleoplasm
SYPL2,35.67955175113455,19.44618428768516,16.233367463449387,FALSE,Predicted membrane proteins,Cytosol
RAN,25.747308668724273,14.534055975212837,11.213252693511436,TRUE,"Essential proteins, Plasma proteins, Predicted intracellular proteins, Transporters",Nucleoplasm
GYG1,41.708232141690765,20.81492502215692,20.893307119533844,FALSE,"Disease related genes, Enzymes, Human disease related genes, Metabolic proteins, Potential drug targets, Predicted intracellular proteins",Vesicles
RNH1,21.742427616809675,17.911368918196523,3.831058698613152,TRUE,"Plasma proteins, Predicted intracellular proteins",Cytosol
ADH5,41.15867239277908,22.146324537629813,19.01234785514927,TRUE,"Disease related genes, Enzymes, Human disease related genes, Metabolic proteins, Plasma proteins, Potential drug targets, Predicted intracellular proteins",
ACAA2,16.24917547882051,21.754651058055522,-5.505475579235011,TRUE,"Enzymes, Metabolic proteins, Plasma proteins, Predicted intracellular proteins",Mitochondria
YWHAZ,87.23451807732434,20.833462194760365,66.40105588256398,TRUE,"Essential proteins, Plasma proteins, Predicted intracellular proteins, Transporters",Cytosol
HSPA2,39.40263516221214,21.09415819207072,18.308476970141424,TRUE,"Cancer-related genes, Plasma proteins, Predicted intracellular proteins","Vesicles, Flagellar centriole, Annulus"
HSPD1,24.833134608471944,17.691045105879343,7.142089502592601,TRUE,"Cancer-related genes, Disease related genes, Enzymes, Essential proteins, Human disease related genes, Plasma proteins, Potential drug targets, Predicted intracellular proteins",Mitochondria
CLU,97.47402338483305,61.01060765709841,36.463415727734635,TRUE,"Cancer-related genes, Candidate cardiovascular disease genes, Plasma proteins, Predicted intracellular proteins, Predicted secreted proteins",Cytosol
ATP5PB,54.6044634835248,24.173582480742603,30.4308810027822,FALSE,"Essential proteins, Metabolic proteins, Predicted membrane proteins, Transporters",Mitochondria
FLNA,73.45553256752625,16.363458297003884,57.09207427052236,TRUE,"Disease related genes, Human disease related genes, Plasma proteins, Potential drug targets, Predicted intracellular proteins, Transporters","Plasma membrane, Actin filaments, Cytosol"
KRT1,210.9570002040192,58.320509458690125,152.63649074532907,TRUE,"Disease related genes, Human disease related genes, Plasma proteins, Predicted intracellular proteins",
ARL6IP5,35.20779778302493,17.663016409213544,17.544781373811386,FALSE,"Predicted membrane proteins, Transporters",Endoplasmic reticulum
PDHB,64.06998952414503,27.969105024369732,36.1008844997753,FALSE,"Citric acid cycle related proteins, Disease related genes, Enzymes, Human disease related genes, Metabolic proteins, Potential drug targets, Predicted intracellular proteins",Mitochondria
ACTN1,89.08375773802555,66.62593437241988,22.457823365605677,TRUE,"Disease related genes, FDA approved drug targets, Human disease related genes, Plasma proteins, Predicted intracellular proteins","Plasma membrane, Actin filaments, Focal adhesion sites"
COX6B1,48.53101258352587,29.44485434217759,19.086158241348283,TRUE,"Disease related genes, Essential proteins, Human disease related genes, Metabolic proteins, Plasma proteins, Predicted intracellular proteins",Mitochondria
S100A9,91.75004594557315,33.932893925968436,57.81715201960471,TRUE,"Cancer-related genes, Plasma proteins, Predicted intracellular proteins, Predicted secreted proteins","Plasma membrane, Intermediate filaments, Cytosol"
IGHG3,122.54615894469279,57.1663127628974,65.37984618179539,FALSE,"Immunoglobulin genes, Predicted intracellular proteins, Predicted membrane proteins, Predicted secreted proteins",
TUFM,35.466300417617816,17.411989909261184,18.054310508356632,TRUE,"Disease related genes, Essential proteins, Human disease related genes, Metabolic proteins, Plasma proteins, Predicted intracellular proteins",Mitochondria
S100A8,87.78203601584332,39.5455570409187,48.236478974924616,TRUE,"Cancer-related genes, Plasma proteins, Predicted intracellular proteins, Predicted secreted proteins",Intermediate filaments
HAGH,28.447802820630834,13.119725561767451,15.328077258863383,TRUE,"Enzymes, Metabolic proteins, Plasma proteins, Predicted intracellular proteins",
TAGLN,95.35768963292392,55.650002192742946,39.707687440180976,TRUE,"Cancer-related genes, Plasma proteins, Predicted intracellular proteins","Mitochondria, Cytosol"
NDUFS1,42.86215240449581,19.315425275643122,23.546727128852687,FALSE,"Disease related genes, Enzymes, Human disease related genes, Metabolic proteins, Potential drug targets, Predicted intracellular proteins",Mitochondria
DLD,38.100665162933325,22.033511447727744,16.06715371520558,TRUE,"Citric acid cycle related proteins, Disease related genes, Enzymes, Human disease related genes, Metabolic proteins, Plasma proteins, Potential drug targets, Predicted intracellular proteins",Mitochondria
OGDH,44.915948478391435,23.236861920610536,21.6790865577809,TRUE,"Citric acid cycle related proteins, Enzymes, Essential proteins, FDA approved drug targets, Human disease related genes, Metabolic proteins, Plasma proteins, Predicted intracellular proteins",Mitochondria
COQ9,55.47121795641635,14.814796041084085,40.65642191533227,FALSE,"Disease related genes, Human disease related genes, Predicted intracellular proteins","Mitochondria, Cytosol"
DLAT,55.58903130112316,27.376047100504465,28.212984200618692,FALSE,"Citric acid cycle related proteins, Disease related genes, Enzymes, Human disease related genes, Metabolic proteins, Potential drug targets, Predicted intracellular proteins",Mitochondria
COQ8A,32.872373398360985,19.190164144389186,13.682209253971799,FALSE,"Disease related genes, Enzymes, Human disease related genes, Potential drug targets, Predicted intracellular proteins",Mitochondria
SLC25A12,43.706324842745495,18.95590410972518,24.750420733020317,FALSE,"Disease related genes, Human disease related genes, Metabolic proteins, Potential drug targets, Predicted intracellular proteins, Transporters",Nuclear speckles
FKBP3,23.272619225656744,18.271279623272946,5.001339602383798,TRUE,"Enzymes, Metabolic proteins, Plasma proteins, Predicted intracellular proteins",Cytosol
EEF2,19.813836738489574,16.065014480638858,3.7488222578507155,TRUE,"Cancer-related genes, Disease related genes, Essential proteins, FDA approved drug targets, Human disease related genes, Metabolic proteins, Plasma proteins, Predicted intracellular proteins","Plasma membrane, Cytosol"
ACTN4,80.56825727642978,44.24221590043315,36.326041375996624,TRUE,"Disease related genes, Human disease related genes, Plasma proteins, Predicted intracellular proteins","Actin filaments, Focal adhesion sites"
PDHA1,52.776490692912326,26.616405041299117,26.16008565161321,FALSE,"Citric acid cycle related proteins, Disease related genes, Enzymes, Human disease related genes, Metabolic proteins, Potential drug targets, Predicted intracellular proteins",Mitochondria
MSN,77.00635434157196,14.258169862708133,62.748184478863834,TRUE,"Cancer-related genes, Disease related genes, Human disease related genes, Plasma proteins, Predicted intracellular proteins",Plasma membrane
GSTO1,32.9092236584062,23.02125230643674,9.887971351969458,TRUE,"Enzymes, Metabolic proteins, Plasma proteins, Predicted intracellular proteins",
BPGM,76.85024183615377,48.06905116434045,28.78119067181332,TRUE,"Disease related genes, Enzymes, Human disease related genes, Metabolic proteins, Plasma proteins, Potential drug targets, Predicted intracellular proteins","Nucleoli, Nucleoli rim"
IGHV3-7,86.82144468625391,79.29112176749415,7.530322918759765,FALSE,"Immunoglobulin genes, Predicted secreted proteins",
GPD1L,40.63094037126741,21.631702970572675,18.99923740069473,FALSE,"Disease related genes, Enzymes, Human disease related genes, Metabolic proteins, Potential drug targets, Predicted intracellular proteins",
SUCLA2,54.387195842674274,20.84761402674227,33.539581815932,TRUE,"Citric acid cycle related proteins, Disease related genes, Enzymes, Human disease related genes, Metabolic proteins, Plasma proteins, Potential drug targets, Predicted intracellular proteins",Mitochondria
UBA1,18.431968379085447,19.33505249878933,-0.9030841197038839,TRUE,"Cancer-related genes, Disease related genes, Enzymes, Essential proteins, Human disease related genes, Metabolic proteins, Plasma proteins, Potential drug targets, Predicted intracellular proteins, Predicted membrane proteins",Nucleoplasm
ACADM,50.09071753212013,21.94837909467521,28.14233843744492,FALSE,"Disease related genes, Enzymes, Human disease related genes, Metabolic proteins, Potential drug targets, Predicted intracellular proteins",Mitochondria
COMP,174.12725717996713,67.12207917567821,107.00517800428892,TRUE,"Disease related genes, Human disease related genes, Plasma proteins, Predicted intracellular proteins, Predicted secreted proteins",Golgi apparatus
SDHB,39.923290847272405,27.91974737472683,12.003543472545577,TRUE,"Cancer-related genes, Citric acid cycle related proteins, Disease related genes, Enzymes, Human disease related genes, Metabolic proteins, Plasma proteins, Potential drug targets, Predicted intracellular proteins, Transporters",Mitochondria
ALDH9A1,22.575263058594523,29.49189402360427,-6.916630965009748,TRUE,"Enzymes, Metabolic proteins, Plasma proteins, Predicted intracellular proteins",Cytosol
FBP1,61.43947244752347,51.39209887986978,10.047373567653693,TRUE,"Disease related genes, Enzymes, Human disease related genes, Metabolic proteins, Plasma proteins, Potential drug targets, Predicted intracellular proteins",Mitochondria
PRELP,210.79809177796852,20.32103306359511,190.4770587143734,TRUE,"Plasma proteins, Predicted secreted proteins",Endoplasmic reticulum
GAMT,32.67452119947576,20.29644704412766,12.378074155348102,TRUE,"Disease related genes, Enzymes, FDA approved drug targets, Human disease related genes, Metabolic proteins, Plasma proteins, Predicted intracellular proteins",
SAR1A,37.87129547593053,23.461583899360296,14.409711576570235,TRUE,"Plasma proteins, Predicted intracellular proteins",Endoplasmic reticulum
AOC3,135.28073875207397,31.263072255535963,104.01766649653801,TRUE,"Cancer-related genes, Enzymes, FDA approved drug targets, Metabolic proteins, Plasma proteins, Predicted intracellular proteins",Cytosol
GSTM3,48.856394486566714,38.649054532267265,10.20733995429945,FALSE,"Cancer-related genes, Enzymes, Metabolic proteins, Predicted intracellular proteins",Cytosol
P4HB,30.841296414487722,14.150888718483618,16.690407696004105,TRUE,"Disease related genes, Enzymes, Human disease related genes, Metabolic proteins, Plasma proteins, Potential drug targets, Predicted intracellular proteins",Endoplasmic reticulum
FTL,141.73702792744973,64.45439071595072,77.28263721149901,TRUE,"Cancer-related genes, Candidate cardiovascular disease genes, Disease related genes, FDA approved drug targets, Human disease related genes, Plasma proteins, Predicted intracellular proteins",Cytosol
LRRC20,26.255885661584973,18.69844700026103,7.557438661323943,FALSE,Predicted intracellular proteins,Nucleoplasm
COX7C,63.447035628037106,35.88322306041249,27.563812567624616,FALSE,"Metabolic proteins, Predicted membrane proteins, Transporters",
IGKV3-11,94.72799387310671,61.00325992602611,33.7247339470806,FALSE,"Immunoglobulin genes, Predicted secreted proteins","Plasma membrane, Cytosol"
EHD1,95.44750574845281,12.416230597703514,83.0312751507493,TRUE,"Plasma proteins, Predicted intracellular proteins, Transporters",Plasma membrane
SERPING1,84.42861519191689,61.70780249926483,22.72081269265206,TRUE,"Candidate cardiovascular disease genes, Disease related genes, Human disease related genes, Plasma proteins, Predicted intracellular proteins, Predicted secreted proteins",
SNCA,85.70588756825316,128.84802801889506,-43.142140450641904,TRUE,"Disease related genes, Human disease related genes, Plasma proteins, Potential drug targets, Predicted intracellular proteins, Transporters",
RAP1B,91.45649926431442,12.013174033374348,79.44332523094008,TRUE,"Enzymes, Essential proteins, Plasma proteins, Predicted intracellular proteins, RAS pathway related proteins",
YWHAB,43.5640881897905,19.913569151106394,23.65051903868411,TRUE,"Cancer-related genes, Plasma proteins, Predicted intracellular proteins",Cytosol
H3-3A,119.20786468096026,90.63076747503854,28.577097205921717,FALSE,"Cancer-related genes, Disease related genes, Essential proteins, Human disease related genes, Predicted intracellular proteins",Nucleoplasm
PPP3CA,17.927925350562127,21.972473891886207,-4.04454854132408,TRUE,"Disease related genes, Enzymes, Human disease related genes, Plasma proteins, Potential drug targets, Predicted intracellular proteins",Cytosol
NDUFB10,49.192412093787254,13.806549551071587,35.38586254271567,FALSE,"Disease related genes, Essential proteins, Human disease related genes, Metabolic proteins, Predicted intracellular proteins",
S100A10,119.34549314867738,22.471162857355694,96.87433029132168,FALSE,"Predicted membrane proteins, Transporters",Mitochondria
ARHGDIA,51.471936395010864,23.424217818660967,28.047718576349897,TRUE,"Disease related genes, Human disease related genes, Plasma proteins, Predicted intracellular proteins",Cytosol
GPT,44.7940949821171,36.619482488944314,8.174612493172788,TRUE,"Enzymes, Metabolic proteins, Plasma proteins, Predicted intracellular proteins",
REEP5,30.09453811822203,22.802326542663103,7.292211575558927,FALSE,Predicted membrane proteins,Endoplasmic reticulum
ACADS,47.857344456521844,39.542791638658876,8.314552817862968,TRUE,"Disease related genes, Enzymes, Human disease related genes, Metabolic proteins, Plasma proteins, Potential drug targets, Predicted intracellular proteins",Mitochondria
ACTC1,63.30916389212257,50.72912025016233,12.580043641960238,TRUE,"Disease related genes, Human disease related genes, Plasma proteins, Predicted intracellular proteins",
DDB1,14.89816364613025,9.63446783593855,5.263695810191701,TRUE,"Disease related genes, Essential proteins, Human disease related genes, Plasma proteins, Predicted intracellular proteins",Nucleoplasm
ALDH2,78.9906776990828,29.2607652937659,49.729912405316895,TRUE,"Disease related genes, Enzymes, FDA approved drug targets, Human disease related genes, Metabolic proteins, Plasma proteins, Predicted intracellular proteins",
CTSD,86.29536184976752,18.812942491013825,67.48241935875369,TRUE,"Cancer-related genes, Disease related genes, Enzymes, Human disease related genes, Metabolic proteins, Plasma proteins, Potential drug targets, Predicted intracellular proteins, Predicted secreted proteins",
ALDH1A1,49.57750319298353,40.582213998874686,8.995289194108842,TRUE,"Enzymes, Metabolic proteins, Plasma proteins, Predicted intracellular proteins",Cytosol
ACOT2,25.074479875568805,21.33106252537947,3.743417350189336,TRUE,"Enzymes, Metabolic proteins, Plasma proteins, Predicted intracellular proteins",Mitochondria
GDI2,25.09365194097601,11.785221442767774,13.308430498208235,TRUE,"Plasma proteins, Predicted intracellular proteins","Plasma membrane, Cytosol"
CFH,83.08313061513854,55.70497298798247,27.37815762715607,TRUE,"Cancer-related genes, Disease related genes, Human disease related genes, Plasma proteins, Predicted intracellular proteins, Predicted secreted proteins",Vesicles
PSMC1,45.886121995220066,16.211521730536457,29.67460026468361,FALSE,"Essential proteins, Predicted intracellular proteins","Nucleoplasm, Cytosol"
GSTM1,76.74050918067596,101.41435503182166,-24.6738458511457,TRUE,"Cancer-related genes, Enzymes, Metabolic proteins, Plasma proteins, Predicted intracellular proteins",Cytosol
UQCRQ,58.4689994644399,22.481889876472223,35.98710958796767,FALSE,"Disease related genes, Essential proteins, Human disease related genes, Metabolic proteins, Predicted membrane proteins",Mitochondria
FKBP1A,24.64409229775916,16.514181815974744,8.129910481784414,TRUE,"Enzymes, FDA approved drug targets, Metabolic proteins, Plasma proteins, Predicted intracellular proteins, Predicted membrane proteins, Transporters",Golgi apparatus
OLA1,17.05538005441403,16.593697460672573,0.4616825937414575,TRUE,"Plasma proteins, Predicted intracellular proteins",Cytosol
PHB2,27.970403747619706,12.461597178374454,15.508806569245252,TRUE,"Essential proteins, Plasma proteins, Predicted intracellular proteins",Mitochondria
ANXA7,13.738933781872035,10.90495487420224,2.8339789076697954,FALSE,"Cancer-related genes, Predicted intracellular proteins",
GRHPR,21.86828215253281,19.301088947340116,2.5671932051926944,TRUE,"Disease related genes, Enzymes, Human disease related genes, Metabolic proteins, Plasma proteins, Potential drug targets, Predicted intracellular proteins",Cytosol
NDUFV2,43.51334734336008,22.70731024793818,20.8060370954219,FALSE,"Disease related genes, Enzymes, Human disease related genes, Metabolic proteins, Potential drug targets, Predicted intracellular proteins",Mitochondria
PCBP1,24.26035359526299,19.652146637409963,4.608206957853028,TRUE,"Cancer-related genes, Essential proteins, Plasma proteins, Predicted intracellular proteins",Nuclear speckles
WDR1,16.83329928373605,16.30346445079608,0.5298348329399687,TRUE,"Disease related genes, Essential proteins, Human disease related genes, Plasma proteins, Predicted intracellular proteins","Plasma membrane, Cell Junctions, Cytosol"
ETFB,40.123013099025435,18.697072499841948,21.425940599183487,TRUE,"Disease related genes, Human disease related genes, Metabolic proteins, Plasma proteins, Predicted intracellular proteins",Mitochondria
DUSP3,23.790939530784577,16.091108927141644,7.699830603642933,TRUE,"Enzymes, Plasma proteins, Predicted intracellular proteins",Nucleoplasm
AMPD1,54.67510801216279,41.02560360485407,13.649504407308719,FALSE,"Disease related genes, Enzymes, Human disease related genes, Metabolic proteins, Potential drug targets, Predicted intracellular proteins",
PFN2,37.890113990577966,22.87999758727314,15.010116403304824,TRUE,"Plasma proteins, Predicted intracellular proteins, Predicted membrane proteins",
EIF4A1,19.15924934775867,16.001540070714423,3.1577092770442476,TRUE,"Enzymes, Essential proteins, Plasma proteins, Predicted intracellular proteins",Cytosol
APOD,116.86702886454631,47.441380504659385,69.42564835988694,TRUE,"Cancer-related genes, Candidate cardiovascular disease genes, Plasma proteins, Predicted secreted proteins",Plasma membrane
HSPB2,33.766489817468354,22.087941497507334,11.67854831996102,FALSE,Predicted intracellular proteins,Golgi apparatus
APOC1,94.42321005659382,93.73098020706423,0.692229849529582,TRUE,"Cancer-related genes, Candidate cardiovascular disease genes, Metabolic proteins, Plasma proteins, Predicted secreted proteins",
MYO6,73.80424585739188,31.452400445864587,42.35184541152729,TRUE,"Disease related genes, Human disease related genes, Plasma proteins, Predicted intracellular proteins",Nucleoplasm
SLC25A13,45.858600412525035,25.313086471234804,20.54551394129023,TRUE,"Disease related genes, Human disease related genes, Metabolic proteins, Plasma proteins, Potential drug targets, Predicted intracellular proteins, Transporters",Mitochondria
PLN,51.9213040586249,39.65590059007009,12.265403468554808,FALSE,"Disease related genes, Human disease related genes, Potential drug targets, Predicted membrane proteins, Transporters",
PFKL,47.014296886253554,24.748559495616306,22.26573739063725,TRUE,"Enzymes, Metabolic proteins, Plasma proteins, Predicted intracellular proteins","Nucleoli, Mitochondria"
STOM,78.6098829923004,49.24903053264005,29.36085245966035,TRUE,"Plasma proteins, Predicted membrane proteins, Transporters","Vesicles, Plasma membrane"
PPP3R1,15.676980867764648,25.915819396678746,-10.238838528914098,FALSE,"FDA approved drug targets, Predicted intracellular proteins",Plasma membrane
HSPA9,30.22189023342537,18.207911773218967,12.013978460206403,TRUE,"Disease related genes, Essential proteins, Human disease related genes, Plasma proteins, Predicted intracellular proteins",Mitochondria
UBE2D3,27.500739168550698,20.522522570925336,6.978216597625362,FALSE,"Enzymes, Essential proteins, Metabolic proteins, Predicted intracellular proteins","Plasma membrane, Cytosol"
CFB,80.68817031369677,52.78678413556109,27.90138617813568,TRUE,"Disease related genes, Enzymes, Human disease related genes, Plasma proteins, Potential drug targets, Predicted secreted proteins","Endoplasmic reticulum, Vesicles"
PRKAR1A,32.190094686238666,11.895398137621983,20.294696548616685,TRUE,"Cancer-related genes, Disease related genes, Human disease related genes, Plasma proteins, Predicted intracellular proteins",Cytosol
DEFA3,79.65489224478122,49.648653135957105,30.00623910882412,FALSE,"Cancer-related genes, Predicted secreted proteins",
AGT,82.1285045542572,61.29622558383521,20.832278970421996,TRUE,"Candidate cardiovascular disease genes, Disease related genes, Human disease related genes, Plasma proteins, Predicted membrane proteins, Predicted secreted proteins",
ARF1,51.387656053530804,21.499562698552296,29.88809335497851,FALSE,"Disease related genes, Enzymes, Human disease related genes, Potential drug targets, Predicted intracellular proteins",Cytosol
SUCLG1,56.27727847947942,17.86710978819931,38.410168691280106,TRUE,"Citric acid cycle related proteins, Disease related genes, Enzymes, Human disease related genes, Metabolic proteins, Plasma proteins, Potential drug targets, Predicted intracellular proteins",Mitochondria
TALDO1,51.328465149435466,18.38628966170694,32.94217548772853,TRUE,"Disease related genes, Enzymes, Human disease related genes, Metabolic proteins, Plasma proteins, Potential drug targets, Predicted intracellular proteins",Cytosol
HSDL2,35.77164061135081,15.591589760765862,20.180050850584948,TRUE,"Plasma proteins, Predicted intracellular proteins",Mitochondria
FABP5,67.41043301760993,9.215226405018514,58.19520661259142,TRUE,"Cancer-related genes, Metabolic proteins, Plasma proteins, Predicted intracellular proteins, Transporters",Cytosol
ITIH4,79.96554842619081,101.03341545593774,-21.067867029746935,TRUE,"Cancer-related genes, Plasma proteins, Predicted intracellular proteins, Predicted secreted proteins",Vesicles
CZIB,19.397000896668555,30.559213564663317,-11.162212667994762,FALSE,Predicted intracellular proteins,Cytosol
S100A13,48.69758577050282,29.613217838421356,19.084367932081463,FALSE,"Predicted intracellular proteins, Predicted secreted proteins","Plasma membrane, Cytosol"
SMPX,33.190427150142504,33.5215093979766,-0.3310822478340967,FALSE,"Disease related genes, Human disease related genes, Predicted intracellular proteins",Plasma membrane
PCBD2,28.117705372565265,13.46465005904603,14.653055313519236,FALSE,"Enzymes, Metabolic proteins, Predicted intracellular proteins",Plasma membrane
PREP,34.791637758023455,23.961052931472956,10.8305848265505,TRUE,"Enzymes, Metabolic proteins, Plasma proteins, Predicted intracellular proteins",Cytosol
SKP1,28.68572944736809,18.970879048416165,9.714850398951924,FALSE,"Essential proteins, Predicted intracellular proteins","Nucleoplasm, Cytosol"
RPL7,40.0454577669063,12.714277476202751,27.33118029070355,TRUE,"Essential proteins, Plasma proteins, Predicted intracellular proteins, Ribosomal proteins","Endoplasmic reticulum, Cytosol"
HIBADH,35.688697639692656,21.173784993499677,14.514912646192979,TRUE,"Enzymes, Metabolic proteins, Plasma proteins, Predicted intracellular proteins",
EEF1D,12.754339026017858,16.706903976911217,-3.9525649508933594,TRUE,"Plasma proteins, Predicted intracellular proteins","Nucleoplasm, Nucleoli fibrillar center"
VCP,25.716796417795273,10.587886241819703,15.12891017597557,TRUE,"Disease related genes, Enzymes, Essential proteins, Human disease related genes, Plasma proteins, Potential drug targets, Predicted intracellular proteins, Transporters","Nucleoplasm, Cytosol"
PNP,84.85478012380041,58.88223367181919,25.972546451981216,TRUE,"Disease related genes, Enzymes, FDA approved drug targets, Human disease related genes, Metabolic proteins, Plasma proteins, Predicted intracellular proteins",Cytosol
PBXIP1,27.810952710437242,18.79233494030729,9.018617770129953,FALSE,"Predicted intracellular proteins, Predicted membrane proteins",Nucleoplasm
MYOZ1,141.84618685912923,60.53690262276373,81.3092842363655,FALSE,Predicted intracellular proteins,
CDC42,43.979961400729486,22.895383563978747,21.08457783675074,TRUE,"Disease related genes, Enzymes, Essential proteins, Plasma proteins, Potential drug targets, Predicted intracellular proteins, RAS pathway related proteins",Microtubules
ALAD,75.2223508788081,48.079254527452356,27.143096351355744,TRUE,"Disease related genes, Enzymes, FDA approved drug targets, Human disease related genes, Metabolic proteins, Plasma proteins, Predicted intracellular proteins",Cytosol
CRIP1,69.95751805786212,31.41909823294035,38.53841982492177,TRUE,"Plasma proteins, Predicted intracellular proteins","Nuclear speckles, Cytosol"
IDH3A,41.97340329775823,25.9149722041719,16.058431093586332,TRUE,"Citric acid cycle related proteins, Disease related genes, Enzymes, Essential proteins, FDA approved drug targets, Human disease related genes, Metabolic proteins, Plasma proteins, Predicted intracellular proteins",Mitochondria
NDUFV1,47.570147994094285,18.87864015327921,28.691507840815074,FALSE,"Disease related genes, Enzymes, Human disease related genes, Metabolic proteins, Potential drug targets, Predicted intracellular proteins",Mitochondria
HIBCH,50.385356996839704,41.40806200707598,8.97729498976372,FALSE,"Disease related genes, Enzymes, Human disease related genes, Metabolic proteins, Potential drug targets, Predicted intracellular proteins",Mitochondria
PRKACA,20.265596001256394,16.902975685235475,3.3626203160209194,FALSE,"Cancer-related genes, Disease related genes, Enzymes, Human disease related genes, Potential drug targets, Predicted intracellular proteins, RAS pathway related proteins",Cytosol
AIFM1,38.989690531577146,17.312050619990195,21.67763991158695,TRUE,"Disease related genes, Human disease related genes, Plasma proteins, Predicted intracellular proteins, Predicted membrane proteins",Mitochondria
SLC25A11,59.414733420473254,23.575352816500274,35.839380603972984,TRUE,"Disease related genes, Human disease related genes, Metabolic proteins, Plasma proteins, Potential drug targets, Predicted membrane proteins, Transporters",
KRT10,235.00131091837466,50.60156096692816,184.3997499514465,TRUE,"Disease related genes, Human disease related genes, Plasma proteins, Predicted intracellular proteins, Predicted secreted proteins",
MYOM1,46.897100259640546,23.025858047841737,23.87124221179881,FALSE,Predicted intracellular proteins,
FUNDC2,42.12578930311463,14.630473456024951,27.495315847089678,FALSE,Predicted intracellular proteins,
AKR1C3,86.64954329122634,57.68213495127695,28.967408339949387,TRUE,"Enzymes, Metabolic proteins, Plasma proteins, Predicted intracellular proteins","Nucleoplasm, Cytosol"
DES,126.8826303147729,40.349947614520026,86.53268270025288,TRUE,"Cancer-related genes, Disease related genes, Human disease related genes, Plasma proteins, Predicted intracellular proteins",Intermediate filaments
NAPA,24.713338360823357,12.578193718715596,12.135144642107761,FALSE,"Essential proteins, Predicted intracellular proteins",Cytosol
HSPE1,30.132819479156353,19.262683176239097,10.870136302917256,TRUE,"Cancer-related genes, Essential proteins, Plasma proteins, Predicted intracellular proteins",
ADPRHL1,52.85728293718459,30.789145173413218,22.068137763771375,FALSE,Predicted intracellular proteins,Plasma membrane
NDUFA9,45.60770742454013,20.92308007872908,24.68462734581105,TRUE,"Disease related genes, Human disease related genes, Metabolic proteins, Plasma proteins, Predicted intracellular proteins, Predicted membrane proteins",Mitochondria
PACSIN3,30.689422216694833,16.239195621850687,14.450226594844146,TRUE,"Plasma proteins, Predicted intracellular proteins",Cytosol
COASY,28.398795153657584,22.747450179234132,5.651344974423452,FALSE,"Disease related genes, Enzymes, Human disease related genes, Metabolic proteins, Potential drug targets, Predicted intracellular proteins",Mitochondria
NDUFA10,46.631790240324605,17.757902463733025,28.87388777659158,FALSE,"Disease related genes, Human disease related genes, Metabolic proteins, Predicted intracellular proteins",Mitochondria
CCT3,19.779933435973916,6.794236856744727,12.985696579229188,TRUE,"Essential proteins, Plasma proteins, Predicted intracellular proteins",Cytosol
MGST3,22.924636504940878,29.040508864656918,-6.11587235971604,FALSE,"Enzymes, Metabolic proteins, Predicted membrane proteins",Nucleoplasm
MYH9,70.88572941753523,18.971046194217003,51.91468322331823,TRUE,"Cancer-related genes, Disease related genes, Human disease related genes, Plasma proteins, Predicted intracellular proteins","Plasma membrane, Actin filaments"
CACNA2D1,32.45687699913717,16.283132883723,16.173744115414173,TRUE,"FDA approved drug targets, Plasma proteins, Predicted intracellular proteins, Predicted membrane proteins, Transporters",
LTA4H,13.136260485501323,14.741172299417416,-1.6049118139160932,TRUE,"Cancer-related genes, Enzymes, Metabolic proteins, Plasma proteins, Predicted intracellular proteins",Cytosol
AK3,54.524988749307155,34.596917559807935,19.92807118949922,TRUE,"Enzymes, Metabolic proteins, Plasma proteins, Predicted intracellular proteins",Mitochondria
HNRNPK,26.15840682377678,18.58850259668671,7.5699042270900705,TRUE,"Disease related genes, Essential proteins, Human disease related genes, Plasma proteins, Predicted intracellular proteins",Nucleoplasm
MYOT,52.95825990292106,25.70239005347961,27.255869849441446,FALSE,"Disease related genes, Human disease related genes, Predicted intracellular proteins",
CSRP1,79.5116767508102,38.83563676050184,40.676039990308354,TRUE,"Plasma proteins, Predicted intracellular proteins",
RNPEP,25.710885432575303,29.30611186005422,-3.5952264274789165,TRUE,"Enzymes, Metabolic proteins, Plasma proteins, Predicted intracellular proteins, Predicted secreted proteins",Golgi apparatus
GYS1,46.98075702908722,28.03047141768517,18.95028561140205,TRUE,"Disease related genes, Enzymes, Human disease related genes, Metabolic proteins, Plasma proteins, Potential drug targets, Predicted intracellular proteins","Microtubules, Cytosol"
NDUFA5,49.74773841744148,23.914641781736787,25.833096635704695,FALSE,"Metabolic proteins, Predicted intracellular proteins",Mitochondria
IMMT,53.72720462041437,21.090162763176163,32.6370418572382,FALSE,"Essential proteins, Predicted intracellular proteins, Transporters",Mitochondria
SMTNL1,50.515244619924125,33.22983865788627,17.285405962037856,FALSE,Predicted intracellular proteins,
NT5C3A,37.495067065984664,21.459645558597956,16.035421507386708,TRUE,"Disease related genes, Enzymes, Human disease related genes, Metabolic proteins, Plasma proteins, Potential drug targets, Predicted intracellular proteins","Endoplasmic reticulum, Cytosol"
ANK1,87.36457502042053,66.58693832467097,20.777636695749564,TRUE,"Disease related genes, Human disease related genes, Plasma proteins, Potential drug targets, Predicted intracellular proteins, Transporters",
KRT19,135.08867802790613,65.60718878614273,69.4814892417634,TRUE,"Cancer-related genes, Plasma proteins, Predicted intracellular proteins",Intermediate filaments
ATP5PF,55.09175427775189,20.6803275152941,34.41142676245779,TRUE,"Metabolic proteins, Plasma proteins, Predicted intracellular proteins, Transporters",Mitochondria
EEF1B2,18.56289306892949,14.849070981497045,3.7138220874324457,TRUE,"Essential proteins, Plasma proteins, Predicted intracellular proteins","Nucleoli fibrillar center, Cytosol"
RAB5C,43.52091587146602,12.575630155250817,30.945285716215206,TRUE,"Enzymes, Plasma proteins, Predicted intracellular proteins, RAS pathway related proteins",Endosomes
NDUFA13,59.585645408168965,28.05779609772769,31.527849310441276,FALSE,"Disease related genes, Essential proteins, Human disease related genes, Metabolic proteins, Predicted membrane proteins",Mitochondria
PSMA5,26.563036772430426,11.541966776733839,15.021069995696587,TRUE,"Enzymes, Essential proteins, Plasma proteins, Predicted intracellular proteins",Cytosol
CAP2,39.333634942161865,17.629311553983573,21.70432338817829,FALSE,"Cancer-related genes, Predicted intracellular proteins","Nucleoplasm, Cytosol"
S100A11,97.86382880546304,43.789978608132074,54.07385019733097,TRUE,"Plasma proteins, Predicted intracellular proteins","Nucleoplasm, Cytosol"
NDUFB3,51.47730517077122,20.273250146951213,31.204055023820004,FALSE,"Disease related genes, Essential proteins, Human disease related genes, Metabolic proteins, Predicted membrane proteins",
HMGB1,25.293231569284185,18.88895368496018,6.4042778843240065,TRUE,"Plasma proteins, Predicted intracellular proteins, Predicted secreted proteins",Nucleoplasm
PPP2R1A,19.423653102513086,19.152747039217072,0.27090606329601385,TRUE,"Cancer-related genes, Disease related genes, Essential proteins, Human disease related genes, Plasma proteins, Predicted intracellular proteins",Cytosol
EPHX1,70.21189912065176,28.201513120619225,42.01038600003254,FALSE,"Cancer-related genes, Disease related genes, Enzymes, Human disease related genes, Metabolic proteins, Potential drug targets, Predicted intracellular proteins",
SLC2A1,82.92867713683232,73.88295728651941,9.045719850312906,TRUE,"Cancer-related genes, Disease related genes, Human disease related genes, Metabolic proteins, Plasma proteins, Potential drug targets, Predicted intracellular proteins, Predicted membrane proteins, Transporters",Plasma membrane
PRKAR2A,29.06335553489985,19.673760284629054,9.389595250270794,TRUE,"Plasma proteins, Predicted intracellular proteins","Centriolar satellite, Basal body, Mid piece"
SFXN4,53.922886265424154,19.293793789285818,34.62909247613834,FALSE,"Disease related genes, Human disease related genes, Potential drug targets, Predicted intracellular proteins, Predicted membrane proteins, Transporters","Nucleoplasm, Mitochondria"
UBE2L3,39.52942854462926,36.29043449005859,3.238994054570675,TRUE,"Enzymes, Essential proteins, Metabolic proteins, Plasma proteins, Predicted intracellular proteins","Nucleoplasm, Cytosol"
PCYOX1,22.02045802621883,18.433799541212824,3.586658485006005,TRUE,"Enzymes, Metabolic proteins, Plasma proteins, Predicted intracellular proteins",
FHL3,67.1218027670093,38.54967445979001,28.572128307219288,FALSE,Predicted intracellular proteins,Nucleoplasm
LMNA,83.65004752906248,58.908595593364346,24.74145193569813,TRUE,"Cancer-related genes, Disease related genes, Essential proteins, Human disease related genes, Plasma proteins, Predicted intracellular proteins",Nuclear speckles
NDUFAB1,43.70471245991616,29.17056658101988,14.534145878896279,FALSE,"Essential proteins, Metabolic proteins, Predicted intracellular proteins",Mitochondria
IGKV4-1,88.97065826380222,54.299267943660936,34.671390320141285,FALSE,"Immunoglobulin genes, Predicted secreted proteins",
UBE2D1,49.008295260321816,23.890344525511317,25.1179507348105,FALSE,"Enzymes, Metabolic proteins, Predicted intracellular proteins","Plasma membrane, Cytosol"
CST3,76.32211687494065,24.83050461274802,51.49161226219263,TRUE,"Cancer-related genes, Disease related genes, Human disease related genes, Plasma proteins, Predicted secreted proteins","Golgi apparatus, Vesicles"
ADSL,22.346478743791913,20.73438287012877,1.6120958736631437,FALSE,"Disease related genes, Enzymes, Essential proteins, Human disease related genes, Metabolic proteins, Potential drug targets, Predicted intracellular proteins",Cytosol
CBR1,35.64017918718215,15.143832588401837,20.496346598780313,TRUE,"Enzymes, Metabolic proteins, Plasma proteins, Predicted intracellular proteins",Nucleoplasm
PGD,63.28166107435392,23.547669784499153,39.73399128985477,TRUE,"Enzymes, Essential proteins, Metabolic proteins, Plasma proteins, Predicted intracellular proteins",Cytosol
USP14,23.124959356104384,11.94440325185742,11.180556104246964,TRUE,"Enzymes, Metabolic proteins, Plasma proteins, Predicted intracellular proteins","Plasma membrane, Cytosol"
DPYSL2,79.5950707749069,19.08014292482941,60.51492785007749,TRUE,"Metabolic proteins, Plasma proteins, Predicted intracellular proteins","Microtubules, Cytosol"
RACK1,14.082200434338429,11.860925826125595,2.221274608212834,TRUE,"Essential proteins, Plasma proteins, Predicted intracellular proteins, Ribosomal proteins, Transporters",Nucleoplasm
AMPD3,58.77924469203247,43.629701540857475,15.149543151174996,TRUE,"Disease related genes, Enzymes, Human disease related genes, Metabolic proteins, Plasma proteins, Potential drug targets, Predicted intracellular proteins",Nuclear membrane
ABHD14B,39.87165334434698,27.966522544325816,11.905130800021166,TRUE,"Plasma proteins, Predicted intracellular proteins","Nucleoplasm, Nucleoli"
NAXE,30.74098436072693,15.093573362494295,15.647410998232635,FALSE,"Disease related genes, Enzymes, Human disease related genes, Potential drug targets, Predicted secreted proteins",Nucleoplasm
BCAT2,46.51391380233258,31.666696835454673,14.847216966877909,FALSE,"Disease related genes, Enzymes, Human disease related genes, Metabolic proteins, Potential drug targets, Predicted intracellular proteins","Nucleoplasm, Mitochondria"
TAGLN2,69.72681059274429,13.329288966223892,56.397521626520394,TRUE,"Plasma proteins, Predicted intracellular proteins",Cytosol
RPLP2,42.163428288260825,19.733913684605735,22.42951460365509,TRUE,"Essential proteins, Plasma proteins, Predicted intracellular proteins, Ribosomal proteins","Nuclear speckles, Cytosol"
TWF2,31.06449861687245,25.40482521995664,5.65967339691581,TRUE,"Plasma proteins, Predicted intracellular proteins",Plasma membrane
PSMA7,26.968488101284805,10.536773098884733,16.431715002400072,TRUE,"Enzymes, Essential proteins, Plasma proteins, Predicted intracellular proteins","Vesicles, Principal piece"
HK1,24.13880237114141,14.30857954367212,9.830222827469289,TRUE,"Cancer-related genes, Disease related genes, Enzymes, Human disease related genes, Metabolic proteins, Plasma proteins, Potential drug targets, Predicted intracellular proteins",Mitochondria
PSMA4,21.965626902891362,14.096765215587784,7.868861687303578,TRUE,"Enzymes, Essential proteins, Plasma proteins, Predicted intracellular proteins","Nucleoplasm, Cytosol"
MYBPC2,87.11245035125015,55.39930194636784,31.713148404882304,FALSE,Predicted intracellular proteins,
NDUFA6,56.766838440557144,32.5118633976025,24.254975042954648,FALSE,"Disease related genes, Essential proteins, Human disease related genes, Metabolic proteins, Predicted intracellular proteins","Nucleoplasm, End piece"
ANXA11,19.875181777937687,12.576230164448923,7.298951613488764,TRUE,"Cancer-related genes, Disease related genes, Human disease related genes, Plasma proteins, Potential drug targets, Predicted intracellular proteins, Transporters",Nucleoplasm
STAC3,40.48365834101244,27.91859504497946,12.565063296032982,FALSE,"Disease related genes, Human disease related genes, Predicted intracellular proteins",Nucleoplasm
NIPSNAP3B,50.5390919489553,78.79809561069109,-28.25900366173579,FALSE,Predicted intracellular proteins,
AHCY,19.172286062708874,14.127558659483855,5.04472740322502,TRUE,"Disease related genes, Enzymes, Essential proteins, Human disease related genes, Metabolic proteins, Plasma proteins, Potential drug targets, Predicted intracellular proteins",Cytosol
NDUFB4,63.353793754490695,24.69312766474594,38.66066608974475,FALSE,"Essential proteins, Metabolic proteins, Predicted intracellular proteins, Predicted membrane proteins",Mitochondria
NDUFS3,43.85436796109714,26.277452984015852,17.576914977081287,TRUE,"Disease related genes, Enzymes, Human disease related genes, Metabolic proteins, Plasma proteins, Potential drug targets, Predicted intracellular proteins",Mitochondria
ALDH4A1,31.31288097754643,22.79853990870816,8.51434106883827,TRUE,"Disease related genes, Enzymes, Human disease related genes, Metabolic proteins, Plasma proteins, Potential drug targets, Predicted intracellular proteins",Mitochondria
PSMA2,36.379304388996346,25.24969116851316,11.129613220483186,TRUE,"Enzymes, Essential proteins, Plasma proteins, Predicted intracellular proteins",
MYL6B,111.74089711376072,56.45233014421305,55.288566969547674,TRUE,"Plasma proteins, Predicted intracellular proteins",
UBE2V2,24.289176587438966,13.799642337200746,10.48953425023822,FALSE,Predicted intracellular proteins,Nucleoplasm
DDAH1,50.35835971795076,50.181842859636596,0.17651685831416586,TRUE,"Enzymes, Metabolic proteins, Plasma proteins, Predicted intracellular proteins","Plasma membrane, Cytosol"
SDHC,67.06997854436196,44.047350737729786,23.022627806632173,FALSE,"Cancer-related genes, Citric acid cycle related proteins, Disease related genes, Essential proteins, Human disease related genes, Metabolic proteins, Potential drug targets, Predicted intracellular proteins, Predicted membrane proteins, Transporters",
SRI,64.48933466752902,23.685558421994656,40.803776245534365,FALSE,Predicted intracellular proteins,"Nucleoplasm, Cytosol"
HRC,33.32126580778175,22.016854751532268,11.304411056249482,FALSE,Predicted intracellular proteins,Endoplasmic reticulum
CD59,26.700168939204342,16.48294911507879,10.217219824125554,TRUE,"Cancer-related genes, CD markers, Disease related genes, Human disease related genes, Plasma proteins, Predicted intracellular proteins, Predicted membrane proteins","Golgi apparatus, Vesicles"
PDLIM1,25.671459393314304,31.748526126908832,-6.077066733594528,TRUE,"Plasma proteins, Predicted intracellular proteins",Actin filaments
STIP1,19.79923326939348,13.564021979067112,6.235211290326367,TRUE,"Plasma proteins, Predicted intracellular proteins","Plasma membrane, Cytosol"
CAPZA1,67.21265826759708,24.656617140985684,42.55604112661139,TRUE,"Plasma proteins, Predicted intracellular proteins",
OGN,108.59349368872257,53.52119665574382,55.07229703297875,TRUE,"Plasma proteins, Predicted intracellular proteins, Predicted secreted proteins",Endoplasmic reticulum
EIF4A2,30.839649491381216,13.88679335936297,16.952856132018248,TRUE,"Cancer-related genes, Enzymes, Plasma proteins, Predicted intracellular proteins",Cytosol
SURF4,48.00835134579063,54.881443879531254,-6.873092533740625,FALSE,"Predicted membrane proteins, Transporters","Nuclear membrane, Endoplasmic reticulum, Golgi apparatus"
CAPNS1,28.167581331031826,20.92954426826995,7.238037062761876,TRUE,"Plasma proteins, Predicted intracellular proteins","Nucleoplasm, Cytosol"
HNRNPA2B1,46.828653974417186,21.353957090204133,25.474696884213053,TRUE,"Cancer-related genes, Disease related genes, Human disease related genes, Plasma proteins, Predicted intracellular proteins",Nucleoplasm
CACYBP,40.96882152813007,23.727048241907163,17.24177328622291,TRUE,"Plasma proteins, Predicted intracellular proteins",Cytosol
PSMA6,22.80215911645702,12.220480109337888,10.581679007119131,TRUE,"Enzymes, Essential proteins, Human disease related genes, Plasma proteins, Predicted intracellular proteins",Nucleoplasm
AZGP1,92.90634709918992,26.7254156890233,66.18093141016661,TRUE,"Cancer-related genes, Plasma proteins, Predicted intracellular proteins, Predicted secreted proteins",Vesicles
THBS4,131.44312896542638,91.51715239328233,39.92597657214405,TRUE,"Cancer-related genes, Plasma proteins, Predicted intracellular proteins, Predicted secreted proteins",Vesicles
ALDH5A1,42.15831005065111,22.85117264266097,19.30713740799014,FALSE,"Disease related genes, Enzymes, Human disease related genes, Metabolic proteins, Potential drug targets, Predicted intracellular proteins",Mitochondria
PSMF1,50.73066892268996,30.871900257245127,19.85876866544483,FALSE,Predicted intracellular proteins,Cytosol
FIS1,30.418493808831403,23.355958556814976,7.062535252016428,TRUE,"Plasma proteins, Predicted intracellular proteins, Predicted membrane proteins",Mitochondria
PDIA3,61.761422036634315,21.37525744719366,40.386164589440654,TRUE,"Enzymes, Metabolic proteins, Plasma proteins, Predicted intracellular proteins, Transporters",Endoplasmic reticulum
GPX3,68.27982818977783,27.173324319570057,41.106503870207774,TRUE,"Enzymes, Metabolic proteins, Plasma proteins, Predicted intracellular proteins, Predicted secreted proteins",
COL6A3,137.37899248935966,25.426744494771757,111.9522479945879,TRUE,"Disease related genes, Human disease related genes, Plasma proteins, Predicted intracellular proteins, Predicted secreted proteins",Endoplasmic reticulum
MAOB,32.466119265485,11.10877606873593,21.35734319674907,FALSE,"Enzymes, FDA approved drug targets, Metabolic proteins, Predicted membrane proteins",
TKT,111.83998137719257,23.866831074887248,87.97315030230533,TRUE,"Disease related genes, Enzymes, Human disease related genes, Metabolic proteins, Plasma proteins, Potential drug targets, Predicted intracellular proteins",Nucleoplasm
NDUFA2,45.49154893325256,23.03173236573744,22.45981656751512,FALSE,"Disease related genes, Essential proteins, Human disease related genes, Metabolic proteins, Predicted intracellular proteins",Mitochondria
APEH,32.45669537421904,12.585510956716814,19.871184417502224,TRUE,"Enzymes, Plasma proteins, Predicted intracellular proteins",Cytosol
RHOA,45.90167277711025,16.34309289328755,29.5585798838227,FALSE,"Cancer-related genes, Disease related genes, Enzymes, Human disease related genes, Potential drug targets, Predicted intracellular proteins, RAS pathway related proteins","Plasma membrane, Cytosol"
TCAP,34.228964043973136,25.9994774461395,8.229486597833635,FALSE,"Disease related genes, Human disease related genes, Predicted intracellular proteins",
TPSB2,91.43559075436957,39.48823786686225,51.94735288750732,FALSE,"Enzymes, Metabolic proteins, Predicted secreted proteins",
HSPA5,27.5868466552039,8.178974533917332,19.407872121286566,TRUE,"Disease related genes, Enzymes, Essential proteins, Plasma proteins, Potential drug targets, Predicted intracellular proteins, Transporters","Cytosol, Annulus"
RYR1,35.19573037693445,21.196108830084132,13.999621546850317,TRUE,"Disease related genes, FDA approved drug targets, Human disease related genes, Plasma proteins, Predicted membrane proteins, Transporters","Golgi apparatus, Vesicles"
CAVIN2,81.82814447729795,22.72018141241057,59.107963064887386,TRUE,"Plasma proteins, Predicted intracellular proteins",Plasma membrane
TMEM109,21.863545424680257,23.061718731876777,-1.1981733071965195,FALSE,"Predicted membrane proteins, Transporters","Nuclear membrane, Endoplasmic reticulum"
PDHX,63.641248352181336,30.805509837687556,32.835738514493784,TRUE,"Disease related genes, Human disease related genes, Metabolic proteins, Plasma proteins, Predicted intracellular proteins","Nucleoplasm, Mitochondria"
IDH1,51.75227078664103,15.628154075201916,36.124116711439115,TRUE,"Cancer-related genes, Citric acid cycle related proteins, Disease related genes, Enzymes, FDA approved drug targets, Human disease related genes, Metabolic proteins, Plasma proteins, Predicted intracellular proteins","Nuclear bodies, Cytosol"
ANP32A,26.14538129071927,18.058528827266414,8.086852463452857,TRUE,"Plasma proteins, Predicted intracellular proteins",Nucleoplasm
PRXL2A,103.80503027937971,23.831469148024656,79.97356113135505,FALSE,"Predicted intracellular proteins, Predicted membrane proteins, Predicted secreted proteins",
CANX,37.970514432958815,9.824453566044548,28.14606086691427,TRUE,"Cancer-related genes, Plasma proteins, Predicted intracellular proteins, Predicted membrane proteins, Transporters",Endoplasmic reticulum
KRT8,118.05669866562747,72.1498793541698,45.90681931145767,TRUE,"Cancer-related genes, Disease related genes, Essential proteins, Human disease related genes, Plasma proteins, Predicted intracellular proteins",Intermediate filaments
EEF1G,27.46612518041866,8.576478168791283,18.88964701162738,TRUE,"Essential proteins, Plasma proteins, Predicted intracellular proteins",Cytosol
HEBP2,18.315100959905795,22.15741203198314,-3.8423110720773437,FALSE,Predicted intracellular proteins,
CCT2,24.147220019023827,12.25046796386516,11.896752055158666,TRUE,"Essential proteins, Plasma proteins, Predicted intracellular proteins",Cytosol
MYLK,39.793106102788556,34.713692320684636,5.07941378210392,TRUE,"Disease related genes, Enzymes, Human disease related genes, Metabolic proteins, Plasma proteins, Potential drug targets, Predicted intracellular proteins, Predicted membrane proteins",Actin filaments
RAB7A,29.46588666142611,13.025623188702623,16.440263472723487,TRUE,"Disease related genes, Enzymes, Essential proteins, Human disease related genes, Plasma proteins, Potential drug targets, Predicted intracellular proteins, Transporters","Lysosomes, Primary cilium transition zone"
PLIN3,24.53465229347289,19.87921400793466,4.6554382855382315,TRUE,"FDA approved drug targets, Metabolic proteins, Plasma proteins, Predicted intracellular proteins",Lipid droplets
LAP3,37.65254627430311,19.410294153530113,18.242252120773,TRUE,"Enzymes, Metabolic proteins, Plasma proteins, Predicted intracellular proteins",Cytosol
WARS1,17.840396409576222,16.97848675779515,0.8619096517810725,TRUE,"Disease related genes, Enzymes, Essential proteins, Human disease related genes, Metabolic proteins, Plasma proteins, Potential drug targets, Predicted intracellular proteins",Cytosol
MAP4,25.711626743491223,14.25482658185845,11.456800161632772,TRUE,"FDA approved drug targets, Plasma proteins, Predicted intracellular proteins","Plasma membrane, Microtubules, Primary cilium, Cytosol"
APOC2,89.70652088240024,74.59145073980594,15.115070142594305,TRUE,"Candidate cardiovascular disease genes, Disease related genes, Human disease related genes, Metabolic proteins, Plasma proteins, Predicted secreted proteins",
ACP1,21.37894375544736,24.26988911032489,-2.8909453548775303,TRUE,"Enzymes, Plasma proteins, Predicted intracellular proteins",Nucleoplasm
COL6A1,132.43324512727474,30.94184169590852,101.49140343136622,TRUE,"Cancer-related genes, Disease related genes, Human disease related genes, Plasma proteins, Predicted intracellular proteins, Predicted secreted proteins",Cytosol
ACTN3,177.38441467100307,58.765722336816474,118.61869233418659,TRUE,"Plasma proteins, Predicted intracellular proteins","Actin filaments, Focal adhesion sites"
CAMK2D,29.149239469934134,18.14487532623877,11.004364143695366,TRUE,"Enzymes, Plasma proteins, Predicted intracellular proteins, Predicted membrane proteins","Plasma membrane, Primary cilium tip, Primary cilium transition zone, Principal piece"
SPTB,85.18660911498671,58.72716993763413,26.45943917735258,TRUE,"Disease related genes, Human disease related genes, Plasma proteins, Predicted intracellular proteins",Cytosol
MPI,28.387571685527817,20.089370448851586,8.298201236676231,FALSE,"Disease related genes, Enzymes, Human disease related genes, Metabolic proteins, Potential drug targets, Predicted intracellular proteins",Cytosol
ANK2,32.02306537785083,12.56634275888592,19.456722618964907,TRUE,"Disease related genes, Human disease related genes, Plasma proteins, Potential drug targets, Predicted intracellular proteins, Transporters","Plasma membrane, Acrosome"
RAB10,21.189591421873676,13.955449954626992,7.234141467246683,FALSE,"Enzymes, Predicted intracellular proteins",
HP1BP3,28.755856245843376,35.80534538594919,-7.049489140105813,FALSE,Predicted intracellular proteins,Nuclear speckles
MYL12B,51.0446047703045,23.55383612208297,27.490768648221533,TRUE,"Plasma proteins, Predicted intracellular proteins",
PTGES3,16.846034115205672,12.835766270259729,4.010267844945943,TRUE,"Enzymes, Metabolic proteins, Plasma proteins, Predicted intracellular proteins",Cytosol
CRKL,20.209410226928817,13.157313676311135,7.052096550617682,TRUE,"Essential proteins, Plasma proteins, Predicted intracellular proteins",Nucleoplasm
PSMA3,20.929590158133884,10.380540253428677,10.549049904705207,TRUE,"Enzymes, Essential proteins, Plasma proteins, Predicted intracellular proteins",
DYSF,37.84135562884536,7.206674953115414,30.63468067572995,FALSE,"Disease related genes, Human disease related genes, Potential drug targets, Predicted intracellular proteins, Predicted membrane proteins, Transporters","Plasma membrane, Centriolar satellite, Mid piece"
DDT,40.82086051902118,36.30639740271492,4.51446311630626,TRUE,"Enzymes, Plasma proteins, Predicted intracellular proteins",Mitochondria
GNAI2,87.12261114554491,22.112018636796435,65.01059250874847,FALSE,"Human disease related genes, Predicted intracellular proteins",Cytosol
MUSTN1,60.72653095810991,83.32877667486906,-22.60224571675915,FALSE,Predicted intracellular proteins,
NDUFA8,55.287181978327894,25.84142981318589,29.445752165142004,FALSE,"Disease related genes, Human disease related genes, Metabolic proteins, Predicted intracellular proteins",Mitochondria
TCP1,24.079560858409433,13.559277932814892,10.520282925594541,TRUE,"Essential proteins, Plasma proteins, Predicted intracellular proteins",
PSMB1,15.52696115523132,9.413795853428791,6.113165301802528,TRUE,"Enzymes, Essential proteins, FDA approved drug targets, Plasma proteins, Predicted intracellular proteins",Nucleoplasm
NEDD8,36.70789038811003,30.910694400657285,5.797195987452746,TRUE,"Cancer-related genes, Essential proteins, Plasma proteins, Predicted intracellular proteins",Nucleoplasm
RPS16,22.742727791691532,18.007188066573796,4.735539725117736,TRUE,"Essential proteins, Plasma proteins, Predicted intracellular proteins, Ribosomal proteins","Endoplasmic reticulum, Cytosol"
SPTAN1,103.30501094338042,11.570604445991806,91.73440649738862,FALSE,"Disease related genes, Human disease related genes, Predicted intracellular proteins","Vesicles, Microtubules"
TUBA8,48.619399863201025,30.46960370293212,18.149796160268906,FALSE,"Disease related genes, Human disease related genes, Predicted intracellular proteins, Predicted membrane proteins",Microtubules
TLN1,66.39387750438476,7.289140896636008,59.104736607748755,TRUE,"Plasma proteins, Predicted intracellular proteins","Focal adhesion sites, Cytosol"
DCXR,41.984222273593076,35.33419208800052,6.650030185592556,TRUE,"Disease related genes, Enzymes, Human disease related genes, Metabolic proteins, Plasma proteins, Potential drug targets, Predicted intracellular proteins",Microtubules
CAV2,117.92943877977685,33.004960484548405,84.92447829522844,FALSE,"Predicted intracellular proteins, Predicted membrane proteins",Vesicles
TMEM43,45.23162327281284,26.634483512219926,18.597139760592913,FALSE,"Disease related genes, Human disease related genes, Predicted membrane proteins",
ACOT13,35.35889761935543,27.472187004828214,7.8867106145272174,FALSE,"Enzymes, Metabolic proteins, Predicted intracellular proteins",Cell Junctions
MTPN,27.036615240629175,24.24756527403561,2.7890499665935664,TRUE,"Plasma proteins, Predicted intracellular proteins","Plasma membrane, Cytosol"
AK2,27.765619295412876,15.18958398051367,12.576035314899206,TRUE,"Disease related genes, Enzymes, Human disease related genes, Metabolic proteins, Plasma proteins, Potential drug targets, Predicted intracellular proteins",Mitochondria
CPT1B,37.268534613808924,18.98545807281062,18.283076540998305,FALSE,"Enzymes, Metabolic proteins, Predicted membrane proteins",
SERPINF1,89.55814011313291,30.79509987263056,58.76304024050235,TRUE,"Cancer-related genes, Disease related genes, Human disease related genes, Plasma proteins, Predicted intracellular proteins, Predicted secreted proteins",
IDH3B,39.54344566649126,24.707916964145365,14.835528702345893,TRUE,"Citric acid cycle related proteins, Disease related genes, Human disease related genes, Metabolic proteins, Plasma proteins, Predicted intracellular proteins",Mitochondria
RPS25,22.101702134035534,22.914565555468116,-0.8128634214325814,FALSE,"Essential proteins, Predicted intracellular proteins, Ribosomal proteins","Endoplasmic reticulum, Cytosol"
GPX1,34.18938248540312,23.229924742694504,10.959457742708619,TRUE,"Cancer-related genes, Enzymes, Human disease related genes, Metabolic proteins, Plasma proteins, Predicted intracellular proteins, Predicted secreted proteins",Cytosol
JCHAIN,105.2509192844543,85.78709674776765,19.46382253668665,TRUE,"Plasma proteins, Predicted secreted proteins",
ACACA,61.70701575252028,34.334373215054484,27.372642537465794,FALSE,"Disease related genes, Enzymes, Metabolic proteins, Potential drug targets, Predicted intracellular proteins",Cytosol
PSMC6,21.92573491534078,11.488253719902445,10.437481195438334,FALSE,"Essential proteins, Predicted intracellular proteins","Nucleoplasm, Cytosol"
ASPN,125.16279035679936,28.018606098267924,97.14418425853144,TRUE,"Disease related genes, Human disease related genes, Plasma proteins, Predicted intracellular proteins, Predicted secreted proteins",Nucleoplasm
CAPN1,16.128060393545898,12.225157090757794,3.902903302788104,TRUE,"Disease related genes, Enzymes, Human disease related genes, Plasma proteins, Potential drug targets, Predicted intracellular proteins",Cytosol
SDHD,58.54654161279013,44.21407697168146,14.332464641108672,FALSE,"Cancer-related genes, Citric acid cycle related proteins, Disease related genes, Essential proteins, FDA approved drug targets, Human disease related genes, Metabolic proteins, Predicted intracellular proteins, Predicted membrane proteins, Transporters",
PRKCSH,47.810818513867126,9.27687436893164,38.53394414493549,TRUE,"Disease related genes, Human disease related genes, Plasma proteins, Predicted intracellular proteins",Endoplasmic reticulum
NDUFB1,53.18487141487201,30.593516810574535,22.59135460429748,FALSE,"Essential proteins, Metabolic proteins, Predicted intracellular proteins, Predicted membrane proteins",Mitochondria
RPLP1,34.91340714230035,24.234916745705824,10.678490396594526,TRUE,"Essential proteins, Plasma proteins, Predicted intracellular proteins, Ribosomal proteins","Endoplasmic reticulum, Cytosol"
GLUD1,53.393425391582575,20.672829367056245,32.72059602452633,TRUE,"Disease related genes, Enzymes, Human disease related genes, Metabolic proteins, Plasma proteins, Potential drug targets, Predicted intracellular proteins",Mitochondria
VAT1,88.8418475093765,14.171706912681593,74.67014059669492,TRUE,"Plasma proteins, Predicted intracellular proteins",
RPL14,33.123486820842395,20.3270168335294,12.796469987312996,TRUE,"Essential proteins, Plasma proteins, Predicted intracellular proteins, Ribosomal proteins","Endoplasmic reticulum, Cytosol"
EIF4H,28.864598164799567,19.169225057655115,9.695373107144452,TRUE,"Cancer-related genes, Disease related genes, Human disease related genes, Plasma proteins, Predicted intracellular proteins",Cytosol
GNG2,81.5950654982687,7.336090036187065,74.25897546208164,FALSE,"Predicted intracellular proteins, RAS pathway related proteins",Plasma membrane
SMYD1,38.7472813329436,30.497235638389036,8.250045694554565,FALSE,"Enzymes, Predicted intracellular proteins",
ECI2,54.02138975233856,21.557256870294424,32.46413288204413,FALSE,"Enzymes, Metabolic proteins, Predicted intracellular proteins","Peroxisomes, Mitochondria"
UBE2V1,36.83848326539642,24.470219867163884,12.368263398232536,FALSE,Predicted intracellular proteins,Nucleoplasm
CAP1,66.42638871709754,14.473312442205827,51.953076274891714,TRUE,"Plasma proteins, Predicted intracellular proteins",Cytosol
RBP4,87.57849314788244,25.122549335349202,62.455943812533235,TRUE,"Cancer-related genes, Disease related genes, Human disease related genes, Metabolic proteins, Plasma proteins, Potential drug targets, Predicted intracellular proteins, Predicted secreted proteins, Transporters",
DGLUCY,53.45413065771556,46.03194353338893,7.422187124326626,FALSE,"Enzymes, Predicted intracellular proteins",Cytosol
DSTN,58.228246202750576,19.993793307797098,38.23445289495348,TRUE,"Plasma proteins, Predicted intracellular proteins",Plasma membrane
ETFDH,45.499104649561474,20.991209805457785,24.50789484410369,TRUE,"Disease related genes, Enzymes, FDA approved drug targets, Human disease related genes, Metabolic proteins, Plasma proteins, Predicted intracellular proteins, Predicted membrane proteins",Mitochondria
UCHL1,59.94800914337899,120.31557624571423,-60.36756710233524,TRUE,"Disease related genes, Enzymes, Human disease related genes, Plasma proteins, Potential drug targets, Predicted intracellular proteins",Cytosol
CRYZ,28.705592143517674,28.717532616806974,-0.011940473289300257,TRUE,"Enzymes, Metabolic proteins, Plasma proteins, Predicted intracellular proteins",Cytosol
DHRS7,26.287537155404618,24.23463635517073,2.052900800233889,FALSE,Predicted intracellular proteins,"Nucleoplasm, Mitochondria"
CD81,107.6965456714188,30.588468235707104,77.10807743571169,TRUE,"CD markers, Disease related genes, Human disease related genes, Plasma proteins, Potential drug targets, Predicted membrane proteins, Transporters",Plasma membrane
IPO5,25.15324144974486,15.206310391557004,9.946931058187857,TRUE,"Plasma proteins, Predicted intracellular proteins, Transporters","Nucleoplasm, Nuclear membrane"
MFAP4,191.03600395622274,44.539485449403195,146.49651850681954,TRUE,"Plasma proteins, Predicted secreted proteins",Endoplasmic reticulum
BANF1,39.92456254523593,44.130532994820136,-4.205970449584207,TRUE,"Disease related genes, Essential proteins, Human disease related genes, Plasma proteins, Predicted intracellular proteins",Nucleoplasm
PPBP,66.6679532201874,76.54557538898813,-9.877622168800727,TRUE,"Plasma proteins, Predicted secreted proteins",
PPP2CA,24.771927466879255,12.397966994315567,12.373960472563688,FALSE,"Disease related genes, Enzymes, Essential proteins, Human disease related genes, Potential drug targets, Predicted intracellular proteins",
GPD2,37.24755185007579,25.55818629519323,11.689365554882556,TRUE,"Enzymes, Metabolic proteins, Plasma proteins, Predicted intracellular proteins",Mitochondria
DPYSL3,41.61768007680763,45.5968214322449,-3.979141355437271,FALSE,Predicted intracellular proteins,Cytosol
AKR7A2,25.41996710123624,12.590082211300558,12.82988488993568,TRUE,"Enzymes, Metabolic proteins, Plasma proteins, Predicted intracellular proteins",Cytosol
IARS2,36.89060262935024,15.537577772498516,21.353024856851725,FALSE,"Disease related genes, Enzymes, Essential proteins, Human disease related genes, Potential drug targets, Predicted intracellular proteins",Mitochondria
NSFL1C,21.077603180119063,22.479667324546977,-1.4020641444279143,TRUE,"Plasma proteins, Predicted intracellular proteins",Nucleoplasm
RPL22,17.86730779573128,18.081956556896888,-0.21464876116560916,TRUE,"Cancer-related genes, Essential proteins, Plasma proteins, Predicted intracellular proteins, Ribosomal proteins",Nucleoli
METTL7A,32.44355197577428,29.108989585171123,3.3345623906031534,FALSE,Predicted membrane proteins,Lipid droplets
GNB1,69.39190071652554,24.06254200738086,45.329358709144685,TRUE,"Cancer-related genes, Disease related genes, Human disease related genes, Plasma proteins, Potential drug targets, Predicted intracellular proteins, RAS pathway related proteins, Transporters",Plasma membrane
PGP,35.67331489141155,30.31798049150975,5.3553343999018,FALSE,"Enzymes, Metabolic proteins, Predicted intracellular proteins",Nuclear bodies
CLTC,54.01180787036976,9.176532150639458,44.8352757197303,TRUE,"Cancer-related genes, Disease related genes, Essential proteins, Human disease related genes, Plasma proteins, Potential drug targets, Predicted intracellular proteins, Transporters","Endosomes, Lysosomes"
ATP1A2,43.966590826910476,23.32126884778646,20.645321979124017,TRUE,"Disease related genes, Enzymes, Human disease related genes, Metabolic proteins, Plasma proteins, Potential drug targets, Predicted membrane proteins, Transporters",
MGST1,80.15342688368882,50.40095138733952,29.752475496349305,FALSE,"Enzymes, Metabolic proteins, Predicted membrane proteins",Mitochondria
RAD23A,21.532017056656766,17.944902498612553,3.587114558044213,FALSE,"Cancer-related genes, Predicted intracellular proteins",Nucleoplasm
CUTA,30.600632973950827,22.080230612882186,8.52040236106864,FALSE,"Predicted intracellular proteins, Predicted secreted proteins","Plasma membrane, Focal adhesion sites"
SERPINB6,17.95238028070651,14.292968141346046,3.659412139360464,TRUE,"Disease related genes, Human disease related genes, Plasma proteins, Predicted intracellular proteins",Centrosome
ATIC,18.6060007510047,18.591956581167445,0.014044169837255538,TRUE,"Cancer-related genes, Disease related genes, Enzymes, FDA approved drug targets, Human disease related genes, Metabolic proteins, Plasma proteins, Predicted intracellular proteins",Cytosol
LRPPRC,34.15460688176783,19.26251553496906,14.892091346798772,FALSE,"Disease related genes, Essential proteins, Human disease related genes, Predicted intracellular proteins",Mitochondria
NQO2,45.73324111320396,46.37205832099701,-0.6388172077930534,TRUE,"Enzymes, Human disease related genes, Metabolic proteins, Plasma proteins, Predicted intracellular proteins",Cytosol
PPP1R1A,23.22295017611467,33.47782054111968,-10.254870365005008,FALSE,Predicted intracellular proteins,
ADSS2,38.14759568234255,29.74824601589819,8.399349666444358,TRUE,"Enzymes, Essential proteins, Metabolic proteins, Plasma proteins, Predicted intracellular proteins",Cytosol
SOD3,112.6716438340926,33.631768684927884,79.03987514916471,TRUE,"Enzymes, Metabolic proteins, Plasma proteins, Predicted secreted proteins",
FAM162A,60.894283922749956,26.88437556786194,34.00990835488801,FALSE,"Predicted intracellular proteins, Predicted membrane proteins",Mitochondria
CAV3,45.601972791640726,36.90069680734574,8.701275984294988,FALSE,"Disease related genes, Human disease related genes, Potential drug targets, Predicted membrane proteins, Transporters",Plasma membrane
PSMA1,19.053270865948853,10.44995426575355,8.603316600195303,FALSE,"Enzymes, Essential proteins, Predicted intracellular proteins",Nucleoplasm
NDUFS6,54.365992396952414,23.602871390111137,30.763121006841278,TRUE,"Disease related genes, Human disease related genes, Metabolic proteins, Plasma proteins, Predicted intracellular proteins",
ANXA4,69.24348904507983,20.225424058787556,49.01806498629227,FALSE,"Cancer-related genes, FDA approved drug targets, Predicted intracellular proteins",Cytosol
PPIB,66.59929100034307,19.22167945762532,47.37761154271775,TRUE,"Disease related genes, Enzymes, Human disease related genes, Metabolic proteins, Plasma proteins, Potential drug targets, Predicted intracellular proteins, Predicted secreted proteins",Endoplasmic reticulum
RPL5,19.032461175620593,16.453862894527823,2.57859828109277,TRUE,"Cancer-related genes, Disease related genes, Essential proteins, Human disease related genes, Plasma proteins, Predicted intracellular proteins, Ribosomal proteins","Endoplasmic reticulum, Cytosol"
ATP5IF1,57.0331293968497,70.09189595247132,-13.058766555621617,FALSE,"Predicted intracellular proteins, Transporters",Mitochondria
SH3BGR,47.3676757426177,30.8361291255988,16.5315466170189,FALSE,Predicted intracellular proteins,"Plasma membrane, Cytosol"
IGHA2,105.06330756883604,31.87794136955991,73.18536619927613,TRUE,"Immunoglobulin genes, Plasma proteins, Predicted intracellular proteins, Predicted membrane proteins, Predicted secreted proteins",
IMPA2,51.07079462650142,25.97912698913108,25.09166763737034,FALSE,"Enzymes, Metabolic proteins, Predicted intracellular proteins",Nucleoplasm
DYNLL2,38.47916637389023,20.326307843361757,18.152858530528473,FALSE,Predicted intracellular proteins,"Nucleoplasm, Cytosol, Mid piece, Principal piece"
RAB6A,35.62465970175459,15.312041625561287,20.312618076193303,FALSE,Predicted intracellular proteins,Golgi apparatus
RPS3,20.848491680743,14.083993624632102,6.764498056110897,TRUE,"Cancer-related genes, Enzymes, Essential proteins, Plasma proteins, Predicted intracellular proteins, Ribosomal proteins","Endoplasmic reticulum, Cytosol"
GFM1,41.68116788601992,22.058163748651616,19.623004137368305,FALSE,"Disease related genes, Human disease related genes, Metabolic proteins, Predicted intracellular proteins",Mitochondria
ATP1A1,36.372112176448866,21.343015856054176,15.02909632039469,TRUE,"Cancer-related genes, Disease related genes, Enzymes, Essential proteins, FDA approved drug targets, Human disease related genes, Metabolic proteins, Plasma proteins, Predicted membrane proteins, Transporters","Vesicles, Plasma membrane"
RAD23B,19.54113490015535,17.10033239544532,2.440802504710028,TRUE,"Cancer-related genes, Plasma proteins, Predicted intracellular proteins",Nucleoplasm
KRT2,180.88967653343062,50.62671622296149,130.2629603104691,TRUE,"Disease related genes, FDA approved drug targets, Human disease related genes, Plasma proteins, Predicted intracellular proteins","Intermediate filaments, Cytosol"
APOE,82.56713294810287,62.525332455283,20.041800492819867,TRUE,"Cancer-related genes, Candidate cardiovascular disease genes, Disease related genes, Human disease related genes, Metabolic proteins, Plasma proteins, Predicted secreted proteins",Vesicles
TACO1,62.691416906391076,29.910723857038224,32.78069304935285,FALSE,"Disease related genes, Human disease related genes, Predicted intracellular proteins",Mitochondria
PSMB2,23.236459988595193,19.82285356760896,3.413606420986234,TRUE,"Enzymes, Essential proteins, FDA approved drug targets, Plasma proteins, Predicted intracellular proteins",Nucleoplasm
CNN1,78.2554765255306,58.22059596817113,20.034880557359465,FALSE,"Cancer-related genes, Predicted intracellular proteins",Actin filaments
ME1,26.48837128613299,25.96703876843095,0.5213325177020387,TRUE,"Enzymes, Metabolic proteins, Plasma proteins, Predicted intracellular proteins","Nucleoplasm, Plasma membrane"
NONO,38.49619108564831,27.88524846556783,10.610942620080483,TRUE,"Cancer-related genes, Disease related genes, Human disease related genes, Plasma proteins, Predicted intracellular proteins, Transcription factors",Nucleoplasm
HINT2,50.85030382942711,19.321233746310227,31.529070083116885,TRUE,"Plasma proteins, Predicted intracellular proteins",Mitochondria
NDUFS7,57.339144341971796,31.27649655537008,26.062647786601715,TRUE,"Disease related genes, Enzymes, Human disease related genes, Metabolic proteins, Plasma proteins, Potential drug targets, Predicted intracellular proteins",
CLEC3B,99.22582249612294,25.733865322969002,73.49195717315393,TRUE,"Cancer-related genes, Disease related genes, Plasma proteins, Predicted intracellular proteins, Predicted secreted proteins",
PHKA1,42.92513226736313,30.983553338948067,11.941578928415066,FALSE,"Disease related genes, Human disease related genes, Metabolic proteins, Predicted intracellular proteins","Vesicles, Cytosol"
CHCHD3,52.74626519350154,20.54347250925765,32.20279268424389,FALSE,"Essential proteins, Predicted intracellular proteins",Mitochondria
CAVIN4,43.26356146965848,20.91609473809061,22.347466731567867,FALSE,Predicted intracellular proteins,"Golgi apparatus, Plasma membrane"
CAB39,32.36088037178709,25.919287150292153,6.441593221494937,TRUE,"Plasma proteins, Predicted intracellular proteins",Vesicles
GLRX5,54.68692839785748,52.57717753705459,2.1097508608028903,FALSE,"Disease related genes, Human disease related genes, Predicted intracellular proteins",Mitochondria
ACO1,33.958083769859925,14.371772101011798,19.586311668848126,TRUE,"Cancer-related genes, Citric acid cycle related proteins, Enzymes, Metabolic proteins, Plasma proteins, Predicted intracellular proteins","Mitochondria, Cytosol"
BSG,24.387382675821705,24.516395990094573,-0.12901331427286777,FALSE,"Blood group antigen proteins, CD markers, Predicted intracellular proteins, Predicted membrane proteins, Transporters",Vesicles
PLS3,79.65058322023022,22.365736769806453,57.284846450423764,TRUE,"Disease related genes, Human disease related genes, Plasma proteins, Predicted intracellular proteins","Plasma membrane, Cytosol"
TUBB2A,112.51979220643852,18.536875605461915,93.98291660097661,FALSE,"Disease related genes, Human disease related genes, Predicted intracellular proteins",Microtubules
GPX4,44.43854764342684,21.21414650779807,23.224401135628767,TRUE,"Disease related genes, Enzymes, Essential proteins, Human disease related genes, Metabolic proteins, Plasma proteins, Potential drug targets, Predicted intracellular proteins","Nucleoplasm, Mitochondria"
FHOD1,36.42093021128453,15.382736171059374,21.038194040225154,TRUE,"Plasma proteins, Predicted intracellular proteins",Cytosol
PRPS1,34.18789817976759,53.63818683564181,-19.450288655874218,FALSE,"Disease related genes, Enzymes, Human disease related genes, Metabolic proteins, Potential drug targets, Predicted intracellular proteins, Predicted membrane proteins",Vesicles
F13A1,91.95131243903242,47.88369223579104,44.06762020324138,TRUE,"Cancer-related genes, Candidate cardiovascular disease genes, Disease related genes, Enzymes, FDA approved drug targets, Human disease related genes, Metabolic proteins, Plasma proteins, Predicted intracellular proteins, Predicted secreted proteins",
MICOS13,56.250733761821635,22.972986160237443,33.277747601584196,FALSE,"Disease related genes, Human disease related genes, Predicted intracellular proteins",Mitochondria
PCBD1,28.297766493161948,12.231834766846065,16.06593172631588,FALSE,"Disease related genes, Enzymes, Human disease related genes, Metabolic proteins, Potential drug targets, Predicted intracellular proteins",Nucleoplasm
FKBP2,29.279788041718074,25.684552673500168,3.5952353682179066,FALSE,"Enzymes, Metabolic proteins, Predicted intracellular proteins",Plasma membrane
PTGR2,43.91403541381534,13.228949985197142,30.6850854286182,FALSE,"Enzymes, Predicted intracellular proteins",Vesicles
ISOC2,39.46767274898381,21.777986421055154,17.689686327928655,FALSE,Predicted intracellular proteins,Mitochondria
KPNB1,21.51159400161794,14.554218379648818,6.957375621969122,TRUE,"Essential proteins, Plasma proteins, Predicted intracellular proteins, Transporters",Nuclear membrane
NDUFS2,51.23348593017373,22.25232715510109,28.98115877507264,FALSE,"Disease related genes, Enzymes, Essential proteins, Human disease related genes, Metabolic proteins, Potential drug targets, Predicted intracellular proteins, Predicted membrane proteins",Mitochondria
TBCA,28.623764743761406,14.853633497160072,13.770131246601334,FALSE,"Essential proteins, Predicted intracellular proteins",Microtubules
NAP1L4,21.404018934509697,12.725451636544374,8.678567297965323,TRUE,"Plasma proteins, Predicted intracellular proteins",Nucleoplasm
CPT2,41.85089613135602,24.20170196434823,17.649194167007792,TRUE,"Disease related genes, Enzymes, FDA approved drug targets, Human disease related genes, Metabolic proteins, Plasma proteins, Predicted intracellular proteins","Nucleoplasm, Mitochondria"
MYH4,150.63268577905097,78.77001453630105,71.86267124274993,TRUE,"Plasma proteins, Predicted intracellular proteins",Focal adhesion sites
CCT6A,26.839735877955633,10.831813780439733,16.007922097515902,TRUE,"Essential proteins, Plasma proteins, Predicted intracellular proteins",Cytosol
MAP2K3,45.08752498338267,16.919053113185143,28.16847187019753,FALSE,"Disease related genes, Enzymes, Potential drug targets, Predicted intracellular proteins","Nucleoplasm, Cytosol"
TOLLIP,35.45943283358862,14.64141664971238,20.818016183876242,TRUE,"Plasma proteins, Predicted intracellular proteins",Cytosol
APOOL,57.814606283165084,15.754106408005693,42.060499875159394,FALSE,Predicted membrane proteins,Mitochondria
CACNB3,24.083973266983563,16.71732689290643,7.366646374077131,FALSE,"Essential proteins, FDA approved drug targets, Predicted intracellular proteins, Transporters","Golgi apparatus, Vesicles"
GSR,22.44355849651359,16.4906725148461,5.952885981667489,TRUE,"Cancer-related genes, Disease related genes, Enzymes, FDA approved drug targets, Human disease related genes, Metabolic proteins, Plasma proteins, Predicted intracellular proteins",Cytosol
PSMB4,27.628793392799654,13.107504825797633,14.52128856700202,TRUE,"Disease related genes, Enzymes, Essential proteins, Human disease related genes, Plasma proteins, Potential drug targets, Predicted intracellular proteins",Nucleoplasm
FAH,71.95017795862985,15.219018205874296,56.73115975275556,TRUE,"Disease related genes, Enzymes, Human disease related genes, Metabolic proteins, Plasma proteins, Potential drug targets, Predicted intracellular proteins",Cytosol
B2M,86.25850230983416,28.50808876418396,57.7504135456502,TRUE,"Cancer-related genes, Disease related genes, Human disease related genes, Plasma proteins, Potential drug targets, Predicted secreted proteins, Transporters","Golgi apparatus, Plasma membrane"
ITGB1,65.95303782204972,12.915211159551099,53.037826662498624,TRUE,"Cancer-related genes, CD markers, FDA approved drug targets, Plasma proteins, Predicted intracellular proteins, Predicted membrane proteins, Transporters","Plasma membrane, Focal adhesion sites"
KLHL40,66.91100475498936,25.517883720567124,41.393121034422236,FALSE,"Disease related genes, Human disease related genes, Predicted intracellular proteins",
APOM,82.53882392100044,106.08142414284212,-23.54260022184168,TRUE,"Plasma proteins, Predicted intracellular proteins, Predicted secreted proteins",Golgi apparatus
CAND2,38.41742062251791,24.06432122937502,14.353099393142887,FALSE,Predicted intracellular proteins,Nuclear bodies
RAB11B,54.42494911324323,22.879393256302304,31.545555856940926,FALSE,"Disease related genes, Enzymes, Human disease related genes, Potential drug targets, Predicted intracellular proteins","Vesicles, Centriolar satellite"
PPP1CB,29.21303267546192,10.962711929665995,18.250320745795925,TRUE,"Disease related genes, Enzymes, Essential proteins, Human disease related genes, Plasma proteins, Potential drug targets, Predicted intracellular proteins",Nucleoplasm
RIDA,34.92987040388847,15.393701797077524,19.536168606810946,TRUE,"Enzymes, Plasma proteins, Predicted intracellular proteins",
APRT,33.580925106637245,32.95985003661631,0.621075070020936,TRUE,"Disease related genes, Enzymes, Human disease related genes, Metabolic proteins, Plasma proteins, Potential drug targets, Predicted intracellular proteins","Nucleoplasm, Cytosol"
FBN1,94.5332219984281,31.51489718481018,63.01832481361792,TRUE,"Disease related genes, Human disease related genes, Plasma proteins, Predicted secreted proteins",Golgi apparatus
MTHFD1,19.879542558539374,18.802196939110498,1.0773456194288755,TRUE,"Disease related genes, Enzymes, Human disease related genes, Metabolic proteins, Plasma proteins, Potential drug targets, Predicted intracellular proteins",Cytosol
NDUFB9,58.62108427540148,29.860877082866004,28.760207192535475,FALSE,"Disease related genes, Essential proteins, Human disease related genes, Metabolic proteins, Predicted intracellular proteins",Mitochondria
HSPA4,16.531273601343376,12.549494446345937,3.9817791549974384,TRUE,"Cancer-related genes, Plasma proteins, Predicted intracellular proteins","Nucleoplasm, Cytosol"
MCAM,73.49482619711435,37.63585857465583,35.85896762245852,TRUE,"CD markers, Plasma proteins, Predicted membrane proteins",Plasma membrane
HPR,96.92595266801169,72.28001778781989,24.645934880191803,TRUE,"Enzymes, Plasma proteins, Predicted secreted proteins",Vesicles
ADPRH,71.75183431349498,30.776860469470225,40.97497384402476,FALSE,"Enzymes, Metabolic proteins, Predicted intracellular proteins",Nuclear membrane
RDX,33.47389774727953,11.628548741239673,21.845349006039857,FALSE,"Disease related genes, Human disease related genes, Predicted intracellular proteins",Plasma membrane
IMPA1,33.345865532990935,17.94063228972656,15.405233243264373,FALSE,"Disease related genes, Enzymes, Human disease related genes, Metabolic proteins, Potential drug targets, Predicted intracellular proteins",Actin filaments
EIF3K,44.25588539976113,27.36929669921015,16.886588700550977,FALSE,Predicted intracellular proteins,Cytosol
PSMB5,32.14553365227531,13.199327909302061,18.946205742973248,TRUE,"Enzymes, Essential proteins, FDA approved drug targets, Plasma proteins, Predicted intracellular proteins",Nucleoplasm
STBD1,54.62812601028022,24.58102958428168,30.04709642599854,TRUE,"Plasma proteins, Predicted intracellular proteins, Transporters",Endoplasmic reticulum
COL6A2,107.18498884228222,36.501639823129075,70.68334901915316,TRUE,"Disease related genes, Human disease related genes, Plasma proteins, Predicted intracellular proteins, Predicted secreted proteins",Cytosol
NOL3,39.122935218319995,22.78074696916825,16.342188249151747,FALSE,"Disease related genes, Predicted intracellular proteins","Nucleoplasm, Cytosol"
GSTK1,32.5148139853529,31.114928635721697,1.3998853496312051,TRUE,"Enzymes, Metabolic proteins, Plasma proteins, Predicted intracellular proteins",Peroxisomes
RPS20,30.071363888729014,36.48412905730446,-6.412765168575444,TRUE,"Essential proteins, Plasma proteins, Predicted intracellular proteins, Ribosomal proteins","Endoplasmic reticulum, Cytosol"
LANCL1,25.78734461553432,24.795584533041506,0.9917600824928137,FALSE,"Enzymes, Predicted intracellular proteins","Microtubules, Primary cilium, Basal body, End piece"
MT-CO1,54.99073548670948,35.990579103482446,19.000156383227036,FALSE,"Disease related genes, Enzymes, Human disease related genes, Metabolic proteins, Potential drug targets, Predicted membrane proteins, Transporters",Mitochondria
MYH13,93.37702390259834,82.47499209996985,10.902031802628485,TRUE,"Plasma proteins, Predicted intracellular proteins",
RPS10,25.762387994281593,23.51522759978574,2.247160394495854,TRUE,"Disease related genes, Essential proteins, Human disease related genes, Plasma proteins, Predicted intracellular proteins, Predicted membrane proteins, Ribosomal proteins",Cytosol
AKR1C2,92.54455694938135,74.71691356675917,17.82764338262217,FALSE,"Disease related genes, Enzymes, FDA approved drug targets, Human disease related genes, Metabolic proteins, Predicted intracellular proteins","Nucleoplasm, Cytosol"
FARSB,24.10418985172903,12.018151921957537,12.086037929771491,FALSE,"Disease related genes, Enzymes, Essential proteins, Human disease related genes, Metabolic proteins, Potential drug targets, Predicted intracellular proteins",Nucleoplasm
LGALS3,93.22813479421892,19.19270634455938,74.03542844965953,TRUE,"Cancer-related genes, Plasma proteins, Predicted intracellular proteins, Predicted secreted proteins","Nucleoplasm, Cytosol"
PLEC,33.58228508593491,26.79335388981056,6.788931196124352,TRUE,"Cancer-related genes, Disease related genes, Human disease related genes, Plasma proteins, Predicted intracellular proteins","Intermediate filaments, Cytosol"
MTCH2,30.520394960422827,22.837060136550246,7.683334823872581,FALSE,"Predicted membrane proteins, Transporters",Mitochondria
GLOD4,18.69283550990912,31.941734879939297,-13.248899370030177,FALSE,"Metabolic proteins, Predicted intracellular proteins",Cytosol
SAR1B,44.68259691235148,44.14650167974484,0.536095232606641,TRUE,"Disease related genes, Human disease related genes, Plasma proteins, Predicted intracellular proteins",Endoplasmic reticulum
CALR,33.90820924594401,14.205049234917436,19.703160011026572,TRUE,"Cancer-related genes, Disease related genes, Human disease related genes, Plasma proteins, Potential drug targets, Predicted intracellular proteins, Transporters",Endoplasmic reticulum
SAMM50,63.72662383710929,24.89844589218663,38.82817794492266,FALSE,"Essential proteins, Predicted intracellular proteins, Transporters",Mitochondria
GNPDA1,18.92614648127022,21.558970124677916,-2.632823643407697,FALSE,"Enzymes, Metabolic proteins, Predicted intracellular proteins",Vesicles
RPS9,24.942164146577504,12.917580953042501,12.024583193535003,TRUE,"Essential proteins, Plasma proteins, Predicted intracellular proteins, Ribosomal proteins",
TMEM11,42.722721243089595,26.450183832696094,16.2725374103935,FALSE,Predicted membrane proteins,Mitochondria
PPA1,28.627545552333842,17.444156971551916,11.183388580781926,FALSE,"Enzymes, Essential proteins, Metabolic proteins, Predicted intracellular proteins",Vesicles
LYPLA1,42.92561034061277,22.27123618486346,20.65437415574931,TRUE,"Enzymes, Metabolic proteins, Plasma proteins, Predicted intracellular proteins, Predicted membrane proteins","Nucleoplasm, Cytosol"
CYB5A,86.33122784297457,18.698368045979862,67.63285979699471,TRUE,"Disease related genes, Human disease related genes, Plasma proteins, Predicted intracellular proteins, Predicted membrane proteins","Vesicles, Cytosol"
USP5,18.46390619272185,11.856977419315152,6.606928773406699,TRUE,"Enzymes, Essential proteins, Metabolic proteins, Plasma proteins, Predicted intracellular proteins","Nucleoplasm, Cytosol"
PDLIM7,32.71777239206716,37.046397423442244,-4.328625031375083,FALSE,Predicted intracellular proteins,"Actin filaments, Focal adhesion sites"
C11orf54,47.26379261606512,25.30160167463795,21.962190941427167,FALSE,Predicted intracellular proteins,Nuclear bodies
RPS15A,24.32409959746468,25.864681726931384,-1.5405821294667028,FALSE,"Disease related genes, Essential proteins, Human disease related genes, Predicted intracellular proteins, Predicted membrane proteins, Ribosomal proteins",
RAC1,19.522024912659862,11.912852798670857,7.609172113989006,FALSE,"Cancer-related genes, Disease related genes, Enzymes, Essential proteins, Human disease related genes, Potential drug targets, Predicted intracellular proteins, RAS pathway related proteins","Nucleoplasm, Cytosol"
CUTC,32.59694644614597,27.272198834054706,5.324747612091265,FALSE,"Predicted intracellular proteins, Transporters","Nucleoplasm, Cytosol"
TXNDC17,21.58520724527799,15.391089540277909,6.19411770500008,FALSE,Predicted intracellular proteins,
MYOZ2,88.19185639511079,44.88057977034047,43.31127662477032,FALSE,"Disease related genes, Human disease related genes, Predicted intracellular proteins","Nucleoplasm, Cytosol"
ATL3,69.44228805286681,2.1594458502651115,67.2828422026017,FALSE,"Disease related genes, Human disease related genes, Potential drug targets, Predicted intracellular proteins, Predicted membrane proteins, Transporters",Endoplasmic reticulum
RPSA,15.925036661977687,14.210940696800506,1.7140959651771812,TRUE,"Disease related genes, Essential proteins, Human disease related genes, Plasma proteins, Predicted intracellular proteins, Ribosomal proteins","Plasma membrane, Cytosol"
PPP1CA,30.67344814601791,16.54103872705417,14.132409418963743,TRUE,"Enzymes, Essential proteins, Plasma proteins, Predicted intracellular proteins","Nucleoplasm, Plasma membrane, Cytosol"
C1QB,81.91370843651903,38.60374600579043,43.3099624307286,FALSE,"Human disease related genes, Predicted membrane proteins, Predicted secreted proteins",
XIRP1,52.941174594892125,40.29240227076312,12.648772324129006,FALSE,Predicted intracellular proteins,Actin filaments
TMA7,59.2538108889817,67.10119687664813,-7.847385987666435,FALSE,Predicted intracellular proteins,"Nucleoli, Nucleoli rim"
BGN,64.22240962978094,60.55722062500075,3.6651890047801885,FALSE,"Disease related genes, Human disease related genes, Predicted secreted proteins",Golgi apparatus
TUBB6,99.9044893115792,27.357959858171377,72.54652945340783,TRUE,"Disease related genes, Human disease related genes, Plasma proteins, Predicted intracellular proteins",Microtubules
MPC2,48.46397550805078,23.38658407477076,25.07739143328002,FALSE,"Metabolic proteins, Predicted intracellular proteins, Predicted membrane proteins, Transporters",
CCT4,18.098714652084936,8.287314090289808,9.811400561795129,TRUE,"Essential proteins, Plasma proteins, Predicted intracellular proteins",Cytosol
PSMB6,25.955613088783576,18.80246045216703,7.1531526366165465,TRUE,"Enzymes, Essential proteins, Plasma proteins, Predicted intracellular proteins","Nucleoplasm, Cytosol"
CUL5,36.6704737887063,15.865585276008776,20.804888512697527,FALSE,"Cancer-related genes, Predicted intracellular proteins","Golgi apparatus, Cytosol"
SBDS,42.68907980737915,13.609450833946834,29.079628973432317,TRUE,"Cancer-related genes, Disease related genes, Essential proteins, Human disease related genes, Plasma proteins, Predicted intracellular proteins",Cytosol
RPL23A,21.58505738752069,18.2001513813149,3.3849060062057887,TRUE,"Essential proteins, Plasma proteins, Predicted intracellular proteins, Ribosomal proteins","Nucleoli fibrillar center, Endoplasmic reticulum, Cytosol"
BAG3,36.39249201591643,23.78295069360907,12.609541322307361,TRUE,"Disease related genes, Human disease related genes, Plasma proteins, Predicted intracellular proteins",Cytosol
HDGF,20.219930436708974,15.134274639304419,5.085655797404556,TRUE,"Plasma proteins, Predicted intracellular proteins, Predicted secreted proteins",Nucleoplasm
ATP1B1,49.297690168121264,24.154794013326818,25.142896154794446,FALSE,"Metabolic proteins, Predicted intracellular proteins, Predicted membrane proteins, Transporters",
NCL,18.135327367591678,13.53706460284639,4.598262764745288,TRUE,"Essential proteins, Plasma proteins, Predicted intracellular proteins","Nucleoplasm, Nucleoli, Nucleoli rim"
CLIC5,42.8377600754959,13.243933906412735,29.593826169083165,FALSE,"Disease related genes, Human disease related genes, Potential drug targets, Predicted intracellular proteins, Transporters",Plasma membrane
PSME1,40.95484065484404,22.3442255125498,18.61061514229424,TRUE,"Plasma proteins, Predicted intracellular proteins",Cytosol
RPS3A,19.795619869137294,22.236687942444416,-2.4410680733071217,TRUE,"Essential proteins, Plasma proteins, Predicted intracellular proteins, Ribosomal proteins","Nucleoli, Endoplasmic reticulum, Cytosol"
CCT8,16.207996017967844,6.799125183029033,9.40887083493881,TRUE,"Essential proteins, Plasma proteins, Predicted intracellular proteins","Nucleoplasm, Connecting piece, End piece"
EIF4G1,35.52300478563766,16.70707416105359,18.81593062458407,TRUE,"Cancer-related genes, Disease related genes, Essential proteins, Human disease related genes, Plasma proteins, Predicted intracellular proteins",Cytosol
VAPA,24.391862335404706,21.970050888559083,2.4218114468456235,TRUE,"Plasma proteins, Predicted membrane proteins, Transporters",Endoplasmic reticulum
GCSH,48.72199436292105,26.059247068451647,22.662747294469405,TRUE,"Disease related genes, Essential proteins, Human disease related genes, Metabolic proteins, Plasma proteins, Predicted intracellular proteins",Vesicles
EPB41,81.57892215624922,57.473321097083954,24.105601059165267,TRUE,"Disease related genes, Human disease related genes, Plasma proteins, Potential drug targets, Predicted intracellular proteins, Predicted membrane proteins, Transporters","Plasma membrane, Cell Junctions"
NME1,32.34454731824219,16.415070341875936,15.929476976366256,TRUE,"Cancer-related genes, Enzymes, Metabolic proteins, Plasma proteins, Predicted intracellular proteins",Cytosol
CD9,120.81162726233276,20.273189546796846,100.53843771553592,TRUE,"Cancer-related genes, CD markers, Plasma proteins, Predicted membrane proteins, Transporters",Plasma membrane
MAP2K6,37.941184622358676,18.12298317627924,19.818201446079435,FALSE,"Enzymes, Predicted intracellular proteins",Nucleoplasm
CCT5,18.279577790702927,9.058618402982974,9.220959387719953,TRUE,"Disease related genes, Essential proteins, Human disease related genes, Plasma proteins, Predicted intracellular proteins",Mid piece
GDI1,23.771157997072905,10.988535599957384,12.78262239711552,TRUE,"Disease related genes, Human disease related genes, Plasma proteins, Predicted intracellular proteins",Cytosol
NAXD,36.943773403097566,21.560250930772824,15.383522472324742,FALSE,"Disease related genes, Enzymes, Human disease related genes, Potential drug targets, Predicted intracellular proteins",
SNTB2,26.698483360195667,31.686215799046103,-4.987732438850436,TRUE,"Plasma proteins, Predicted intracellular proteins","Golgi apparatus, Plasma membrane, Centriolar satellite, Basal body"
COQ6,54.23877631120002,20.19954984762761,34.03922646357241,FALSE,"Disease related genes, Human disease related genes, Metabolic proteins, Predicted intracellular proteins",
RPS12,22.849980834826518,11.174366467778189,11.675614367048329,TRUE,"Essential proteins, Plasma proteins, Predicted intracellular proteins, Ribosomal proteins",Cytosol
DHRS7C,47.71285682196863,15.963970663339314,31.748886158629315,FALSE,"Enzymes, Predicted intracellular proteins, Predicted secreted proteins",
CMPK1,25.6586143870846,26.915184334838198,-1.2565699477535972,TRUE,"Enzymes, Essential proteins, Metabolic proteins, Plasma proteins, Predicted intracellular proteins",Nucleoplasm
RSU1,57.159942966604746,37.64808385192995,19.5118591146748,TRUE,"Plasma proteins, Predicted intracellular proteins",Vesicles
RPL10A,33.57977805511518,20.75508717067874,12.82469088443644,TRUE,"Essential proteins, Plasma proteins, Predicted intracellular proteins, Ribosomal proteins","Nucleoli, Endoplasmic reticulum, Cytosol"
CAPN2,22.27001549567334,10.982254634329925,11.287760861343417,TRUE,"Enzymes, Plasma proteins, Predicted intracellular proteins","Cytosol, Connecting piece, Mid piece"
PAFAH1B2,39.40711936158735,34.401037947360955,5.006081414226394,FALSE,"Cancer-related genes, Enzymes, Metabolic proteins, Predicted intracellular proteins",Cytosol
YBX1,34.713716885789346,20.32773256650785,14.385984319281494,TRUE,"Cancer-related genes, Essential proteins, Plasma proteins, Predicted intracellular proteins, Transcription factors",Cytosol
BCAP31,68.7156688378337,22.74500809185857,45.97066074597514,FALSE,"Disease related genes, Human disease related genes, Metabolic proteins, Potential drug targets, Predicted membrane proteins, Transporters",Endoplasmic reticulum
CCT7,21.330345533415414,14.364706146147768,6.965639387267647,TRUE,"Essential proteins, Plasma proteins, Predicted intracellular proteins",Cytosol
TSN,27.852370810749942,15.786842734626635,12.065528076123307,TRUE,"Plasma proteins, Predicted intracellular proteins, Predicted membrane proteins","Nucleoplasm, Endoplasmic reticulum"
PSMB3,23.56563528345076,30.74454624552932,-7.178910962078561,TRUE,"Enzymes, Essential proteins, Plasma proteins, Predicted intracellular proteins",
CAPZB,40.384343134165555,19.462971853482014,20.92137128068354,TRUE,"Essential proteins, Plasma proteins, Predicted intracellular proteins","Nucleoplasm, Cytosol"
HPRT1,53.87308257907626,39.7047641568154,14.16831842226086,TRUE,"Disease related genes, Enzymes, FDA approved drug targets, Human disease related genes, Metabolic proteins, Plasma proteins, Predicted intracellular proteins",Cytosol
MYLK2,58.79173027441084,34.76107817375463,24.030652100656205,TRUE,"Disease related genes, Enzymes, Human disease related genes, Metabolic proteins, Plasma proteins, Potential drug targets, Predicted intracellular proteins",Endoplasmic reticulum
NDUFB6,60.38016302179046,29.518214471952735,30.861948549837724,FALSE,"Metabolic proteins, Predicted intracellular proteins, Predicted membrane proteins",Mitochondria
SEPTIN7,55.36133921066527,11.389854702881328,43.97148450778394,TRUE,"Essential proteins, Plasma proteins, Predicted intracellular proteins",Actin filaments
NPM1,31.19234858992402,19.768908215086146,11.423440374837874,FALSE,"Cancer-related genes, Disease related genes, Essential proteins, Human disease related genes, Predicted intracellular proteins",Nucleoli rim
PHGDH,112.00750098861332,89.06691275772842,22.9405882308849,TRUE,"Disease related genes, Enzymes, Human disease related genes, Metabolic proteins, Plasma proteins, Potential drug targets, Predicted intracellular proteins","Nucleoplasm, Plasma membrane, Cytosol"
BLMH,23.91236637868044,12.774215477657801,11.138150901022637,TRUE,"Cancer-related genes, Enzymes, Plasma proteins, Predicted intracellular proteins","Nucleoplasm, Nuclear bodies, Cytosol"
SYNPO2,56.05527428460597,45.93224979606791,10.123024488538064,FALSE,Predicted intracellular proteins,"Vesicles, Actin filaments"
SUMO2,32.52446306498688,19.67824358700268,12.846219477984203,FALSE,"Essential proteins, Predicted intracellular proteins","Nucleoplasm, Nuclear bodies"
EHD4,64.31600201317583,28.61914300657252,35.69685900660331,TRUE,"Plasma proteins, Predicted intracellular proteins",Plasma membrane
GANAB,51.19650563780822,13.381552708348076,37.81495292946015,TRUE,"Disease related genes, Enzymes, FDA approved drug targets, Human disease related genes, Metabolic proteins, Plasma proteins, Predicted intracellular proteins",Endoplasmic reticulum
GNB2,44.11923988114096,23.640969409044523,20.47827047209644,FALSE,"Disease related genes, Human disease related genes, Potential drug targets, Predicted intracellular proteins, RAS pathway related proteins, Transporters",Plasma membrane
ACOT9,28.056845904735244,22.284340530834562,5.772505373900682,FALSE,"Metabolic proteins, Predicted intracellular proteins","Plasma membrane, Cytosol"
UQCR11,51.826855553138806,60.219063398362934,-8.392207845224128,FALSE,"Essential proteins, Metabolic proteins, Predicted membrane proteins",
TPD52L2,55.27084075138342,20.430822462571815,34.840018288811606,TRUE,"Plasma proteins, Predicted intracellular proteins",Vesicles
RPLP0,17.214905399917495,11.075866350484892,6.139039049432602,TRUE,"Essential proteins, Plasma proteins, Predicted intracellular proteins, Ribosomal proteins","Endoplasmic reticulum, Cytosol"
UCHL3,32.854781977143716,25.6869011253057,7.167880851838017,FALSE,"Enzymes, Predicted intracellular proteins","Nucleoplasm, Cytosol"
ACADSB,54.131142577046646,32.28347019876346,21.847672378283185,TRUE,"Disease related genes, Enzymes, Human disease related genes, Metabolic proteins, Plasma proteins, Potential drug targets, Predicted intracellular proteins",Mitochondria
RPS5,38.43175782784541,47.06064627061114,-8.628888442765728,TRUE,"Essential proteins, Plasma proteins, Predicted intracellular proteins, Ribosomal proteins","Endoplasmic reticulum, Cytosol"
FN1,93.43207194575554,45.50559084851239,47.92648109724315,TRUE,"Cancer-related genes, Candidate cardiovascular disease genes, Disease related genes, FDA approved drug targets, Human disease related genes, Plasma proteins, Predicted intracellular proteins, Predicted secreted proteins",
DYNC1H1,21.40630271401918,13.17454914081447,8.23175357320471,TRUE,"Disease related genes, Essential proteins, Human disease related genes, Plasma proteins, Predicted intracellular proteins",Cytosol
HNRNPD,25.606083978664635,22.82649425744888,2.779589721215757,TRUE,"Plasma proteins, Predicted intracellular proteins",Nucleoplasm
CHCHD2,20.49872654297712,30.642719833359905,-10.143993290382785,FALSE,"Disease related genes, Essential proteins, Human disease related genes, Predicted intracellular proteins",Mitochondria
HSPB3,35.92023107835708,35.12722505101821,0.793006027338869,FALSE,"Disease related genes, Human disease related genes, Predicted intracellular proteins",Nuclear speckles
ALDH3A2,29.817711338406266,29.818411193247574,-6.998548413079675e-4,FALSE,"Disease related genes, Enzymes, Human disease related genes, Metabolic proteins, Potential drug targets, Predicted intracellular proteins, Predicted membrane proteins","Endoplasmic reticulum, Cytosol"
CAND1,46.408735092485394,17.25089036389432,29.157844728591073,TRUE,"Plasma proteins, Predicted intracellular proteins","Golgi apparatus, Cytosol"
LAMB2,122.17802266559154,52.36560081712934,69.81242184846221,TRUE,"Disease related genes, Human disease related genes, Plasma proteins, Predicted intracellular proteins, Predicted secreted proteins",Vesicles
NDUFS5,59.050163908104594,36.39773228731051,22.652431620794083,FALSE,"Essential proteins, Metabolic proteins, Predicted intracellular proteins",
MAPRE2,38.31679616610459,20.65385863627872,17.662937529825868,TRUE,"Disease related genes, Human disease related genes, Plasma proteins, Predicted intracellular proteins",
NIPSNAP3A,50.96376372980473,48.003144925335164,2.9606188044695685,FALSE,Predicted intracellular proteins,
CACNA1S,19.317968189232158,22.063973307476058,-2.7460051182439003,FALSE,"Disease related genes, FDA approved drug targets, Human disease related genes, Predicted membrane proteins, Transporters, Voltage-gated ion channels","Acrosome, Equatorial segment"
HSD17B10,31.1984934834873,14.052848707823529,17.145644775663772,TRUE,"Disease related genes, Enzymes, FDA approved drug targets, Human disease related genes, Metabolic proteins, Plasma proteins, Predicted intracellular proteins",
NACA,32.344176837743824,15.343882509260018,17.000294328483804,TRUE,"Essential proteins, Plasma proteins, Predicted intracellular proteins",Cytosol
NDUFC2,39.86764210215436,27.281178603317695,12.586463498836668,TRUE,"Disease related genes, Essential proteins, Human disease related genes, Metabolic proteins, Plasma proteins, Predicted intracellular proteins, Predicted membrane proteins",Mitochondria
PPIF,78.01443185915674,24.94720077693053,53.067231082226215,TRUE,"Enzymes, FDA approved drug targets, Metabolic proteins, Plasma proteins, Predicted intracellular proteins, Transporters",Mitochondria
PPP1R7,19.82700733053928,12.78833364640544,7.038673684133842,FALSE,"Essential proteins, Predicted intracellular proteins",Nucleoli
PIN1,32.46940366108467,19.608572918696453,12.860830742388217,FALSE,"Cancer-related genes, Enzymes, Metabolic proteins, Predicted intracellular proteins",Nucleoplasm
CDH13,30.523333742623223,17.627280086447524,12.896053656175699,TRUE,"Plasma proteins, Predicted intracellular proteins",Plasma membrane
ILK,56.13794758603411,16.775461048314742,39.36248653771936,TRUE,"Cancer-related genes, Enzymes, Plasma proteins, Predicted intracellular proteins",Focal adhesion sites
GOSR2,48.95475978677099,41.51373378511646,7.441026001654535,FALSE,"Disease related genes, Essential proteins, Human disease related genes, Predicted intracellular proteins, Predicted membrane proteins","Nucleoplasm, Golgi apparatus"
CAST,35.67801873232734,20.423245696439015,15.254773035888324,TRUE,"Cancer-related genes, Disease related genes, Human disease related genes, Plasma proteins, Predicted intracellular proteins","Endoplasmic reticulum, Cytosol"
NARS1,14.051675207545648,22.629036053721755,-8.5773608461761075,TRUE,"Disease related genes, Enzymes, Essential proteins, Human disease related genes, Metabolic proteins, Plasma proteins, Potential drug targets, Predicted intracellular proteins",Cytosol
YWHAQ,46.10128230733799,10.626471468520919,35.47481083881707,TRUE,"Plasma proteins, Predicted intracellular proteins, Transporters",Cytosol
MAPT,45.997851589607,13.181837085342035,32.81601450426497,TRUE,"Candidate cardiovascular disease genes, Disease related genes, FDA approved drug targets, Human disease related genes, Plasma proteins, Predicted intracellular proteins, Predicted secreted proteins","Plasma membrane, End piece"
ALPK3,40.82012376755259,38.61939409218824,2.20072967536435,FALSE,"Disease related genes, Enzymes, Human disease related genes, Potential drug targets, Predicted intracellular proteins",Nucleoplasm
ERP44,27.90815063725649,20.811304375323626,7.096846261932864,TRUE,"Plasma proteins, Predicted intracellular proteins",
NDUFB11,50.77644514013947,27.068756506653585,23.707688633485887,FALSE,"Disease related genes, Human disease related genes, Metabolic proteins, Predicted intracellular proteins, Predicted membrane proteins",Mitochondria
PA2G4,27.64294138955426,15.839277254573744,11.803664134980515,TRUE,"Enzymes, Essential proteins, Plasma proteins, Predicted intracellular proteins",Cytosol
IQGAP1,71.42565293308029,22.47287938211306,48.95277355096722,TRUE,"Plasma proteins, Predicted intracellular proteins","Plasma membrane, Cell Junctions"
KPNA4,28.067222178506725,12.32532809502487,15.741894083481855,FALSE,"Predicted intracellular proteins, Transporters",Nucleoplasm
CTSB,51.01796735468662,28.54554922337297,22.47241813131365,TRUE,"Cancer-related genes, Candidate cardiovascular disease genes, Disease related genes, Enzymes, Human disease related genes, Metabolic proteins, Plasma proteins, Potential drug targets, Predicted intracellular proteins, Predicted secreted proteins",Vesicles
RPS6KA3,30.711484346438038,11.482755922222184,19.228728424215852,FALSE,"Cancer-related genes, Disease related genes, Enzymes, Human disease related genes, Potential drug targets, Predicted intracellular proteins, Predicted membrane proteins",Nucleoplasm
TXN2,34.566054969923364,29.98639565398351,4.579659315939853,FALSE,"Disease related genes, Human disease related genes, Metabolic proteins, Predicted intracellular proteins",Mitochondria
MPST,24.73324560555806,25.50820800521653,-0.7749623996584702,TRUE,"Disease related genes, Enzymes, Metabolic proteins, Plasma proteins, Potential drug targets, Predicted intracellular proteins",Mitochondria
ASAH1,89.98593784033072,12.409667286836292,77.57627055349442,FALSE,"Disease related genes, Enzymes, Human disease related genes, Metabolic proteins, Potential drug targets, Predicted intracellular proteins, Predicted membrane proteins",
EIF3J,29.009396409224525,13.62239242009309,15.387003989131435,TRUE,"Essential proteins, Plasma proteins, Predicted intracellular proteins",Cytosol
MT-ND1,56.19880021443154,61.24314798051685,-5.044347766085309,FALSE,"Disease related genes, Enzymes, FDA approved drug targets, Human disease related genes, Metabolic proteins, Predicted membrane proteins",
ALDH1L1,40.13503951745308,46.20417525000819,-6.069135732555111,TRUE,"Enzymes, Metabolic proteins, Plasma proteins, Predicted intracellular proteins",Cytosol
IDH3G,51.42343347490402,31.931741010894328,19.491692464009695,TRUE,"Citric acid cycle related proteins, Metabolic proteins, Plasma proteins, Predicted intracellular proteins","Nucleoli, Mitochondria"
CALU,22.83713718088617,11.650262238776701,11.186874942109469,TRUE,"Plasma proteins, Predicted intracellular proteins",Endoplasmic reticulum
MYO1C,83.68029770713117,22.74314847500661,60.93714923212457,FALSE,"Predicted intracellular proteins, Transporters","Nuclear bodies, Plasma membrane"
TMOD4,87.21967571500532,20.990859648606875,66.22881606639845,FALSE,Predicted intracellular proteins,
BZW2,47.45119667277983,22.551198761218394,24.899997911561435,FALSE,Predicted intracellular proteins,"Plasma membrane, Actin filaments, Cytosol"
OXSR1,27.366032732767593,15.99484782832038,11.371184904447214,FALSE,"Enzymes, Predicted intracellular proteins",Cytosol
TPP1,52.54458136395064,28.469322662738172,24.07525870121247,TRUE,"Disease related genes, Enzymes, Human disease related genes, Metabolic proteins, Plasma proteins, Potential drug targets, Predicted intracellular proteins",
C1S,73.69247377649266,46.018840886841254,27.673632889651408,TRUE,"Disease related genes, Enzymes, FDA approved drug targets, Human disease related genes, Plasma proteins, Predicted intracellular proteins, Predicted secreted proteins",Nucleoplasm
JSRP1,36.27432439280958,29.18658515948357,7.087739233326012,FALSE,Predicted intracellular proteins,Endoplasmic reticulum
PHKG1,45.18062626675917,31.87511242440444,13.305513842354731,FALSE,"Enzymes, Metabolic proteins, Predicted intracellular proteins, Predicted membrane proteins",
COX7A2,41.2358895748415,28.984210259027265,12.251679315814236,FALSE,"Metabolic proteins, Predicted intracellular proteins, Predicted membrane proteins, Transporters",
MT-ND5,53.03746427056419,27.89504484491627,25.142419425647923,FALSE,"Disease related genes, Enzymes, Human disease related genes, Metabolic proteins, Potential drug targets, Predicted membrane proteins",
MAPK1,20.778330878392666,14.572934830862241,6.205396047530424,TRUE,"Cancer-related genes, Disease related genes, Enzymes, FDA approved drug targets, Human disease related genes, Plasma proteins, Predicted intracellular proteins, RAS pathway related proteins",Nucleoplasm
SPR,43.08844667069789,25.09144738984121,17.99699928085668,TRUE,"Disease related genes, Enzymes, Human disease related genes, Metabolic proteins, Plasma proteins, Potential drug targets, Predicted intracellular proteins","Nucleoplasm, Cytosol"
TOMM70,52.882719829442784,26.105761921299585,26.7769579081432,FALSE,Predicted membrane proteins,Mitochondria
PUDP,48.59100151625677,32.27266544641945,16.318336069837315,FALSE,"Enzymes, Predicted intracellular proteins",Nucleoplasm
FBLN1,81.18179171823142,33.939913245820875,47.24187847241055,TRUE,"Disease related genes, Human disease related genes, Plasma proteins, Predicted intracellular proteins, Predicted secreted proteins",Endoplasmic reticulum
PGRMC2,26.640951521875998,17.876484509126374,8.764467012749623,FALSE,"Predicted intracellular proteins, Predicted membrane proteins, Predicted secreted proteins, Transporters","Nuclear bodies, Plasma membrane, Cytosol"
BLVRA,35.015017058548196,17.281069813185635,17.73394724536256,TRUE,"Disease related genes, Enzymes, Human disease related genes, Metabolic proteins, Plasma proteins, Potential drug targets, Predicted intracellular proteins",Cytosol
CLIC1,63.794833192915334,17.245321191228992,46.54951200168634,TRUE,"Cancer-related genes, Plasma proteins, Predicted intracellular proteins, Transporters",Cytosol
NDUFA12,64.25039587019818,29.56987289278424,34.680522977413936,FALSE,"Disease related genes, Human disease related genes, Metabolic proteins, Predicted intracellular proteins",Mitochondria
SETD7,26.95560156840259,23.05581232369526,3.8997892447073284,TRUE,"Enzymes, Metabolic proteins, Plasma proteins, Predicted intracellular proteins","Nucleoli, Nucleoli rim"
PGM5,43.12080786911673,37.61830317132828,5.502504697788453,FALSE,Predicted intracellular proteins,Cytosol
CAPZA2,29.589108918474256,24.19351702007851,5.395591898395747,TRUE,"Plasma proteins, Predicted intracellular proteins",Cytosol
COQ7,44.42344353990036,15.079107031606368,29.344336508293992,FALSE,"Disease related genes, Enzymes, Human disease related genes, Metabolic proteins, Potential drug targets, Predicted intracellular proteins, Predicted membrane proteins",Plasma membrane
EIF5,27.371720838942764,33.795836881454804,-6.42411604251204,FALSE,"Essential proteins, Predicted intracellular proteins",Cytosol
SNCG,109.50629551135462,63.6423537788121,45.86394173254252,FALSE,"Predicted intracellular proteins, Transporters","Golgi apparatus, Centrosome, Cytosol"
HNRNPL,42.77133388355466,28.6206185796342,14.15071530392046,TRUE,"Essential proteins, Plasma proteins, Predicted intracellular proteins",Nucleoplasm
TPPP3,41.90840222390805,65.31224226452134,-23.403840040613296,FALSE,Predicted intracellular proteins,
PSMD8,20.251427563541196,23.27588819151091,-3.024460627969713,TRUE,"Essential proteins, Plasma proteins, Predicted intracellular proteins",Cytosol
GSTZ1,52.437330555689556,31.19867313063618,21.238657425053376,FALSE,"Disease related genes, Enzymes, Metabolic proteins, Potential drug targets, Predicted intracellular proteins",Cytosol
MYH14,41.002297328566854,21.187633504000488,19.814663824566367,TRUE,"Disease related genes, Human disease related genes, Plasma proteins, Predicted intracellular proteins",Nucleoplasm
SPTBN1,89.56472990739644,29.754422200002008,59.81030770739443,TRUE,"Disease related genes, Plasma proteins, Potential drug targets, Predicted intracellular proteins, Transporters",Cytosol
MAOA,59.59363842378301,26.74841965044699,32.84521877333602,FALSE,"Disease related genes, Enzymes, FDA approved drug targets, Human disease related genes, Metabolic proteins, Predicted intracellular proteins, Predicted membrane proteins",Mitochondria
RRAS,59.147821093206296,24.968463418195643,34.17935767501065,FALSE,"Predicted intracellular proteins, RAS pathway related proteins",Vesicles
SERPINB1,26.210479223661014,17.367541569979565,8.84293765368145,TRUE,"Plasma proteins, Predicted intracellular proteins, Predicted secreted proteins",Cytoplasmic bodies
DARS1,23.912646259962873,14.060249434180157,9.852396825782716,TRUE,"Disease related genes, Enzymes, Essential proteins, Human disease related genes, Metabolic proteins, Plasma proteins, Potential drug targets, Predicted intracellular proteins",Cytosol
RAB2A,15.3863289264122,11.809868630948673,3.5764602954635265,FALSE,"Enzymes, Predicted intracellular proteins",
PPP2R2A,27.312021751356813,21.90734966240147,5.404672088955344,FALSE,Predicted intracellular proteins,Cytosol
DIABLO,42.9524653802355,13.706619086396103,29.2458462938394,TRUE,"Disease related genes, Human disease related genes, Plasma proteins, Predicted intracellular proteins, Predicted membrane proteins",Mitochondria
COQ3,75.02879049562276,40.78206100505545,34.246729490567304,FALSE,"Enzymes, Metabolic proteins, Predicted intracellular proteins",Nucleoplasm
SCRN2,27.645843603888288,40.64708700750138,-13.001243403613095,FALSE,"Enzymes, Predicted intracellular proteins",Nucleoplasm
UNC45B,38.873259654947475,23.504699438116873,15.368560216830602,FALSE,"Disease related genes, Human disease related genes, Predicted intracellular proteins",Cytosol
ACTR1A,12.236798811662654,14.208701710357124,-1.97190289869447,TRUE,"Essential proteins, Plasma proteins, Predicted intracellular proteins",Microtubules
PKIA,15.343425511667883,26.231272494805896,-10.887846983138013,FALSE,Predicted intracellular proteins,
PTGR1,38.174768714047005,42.99718107905697,-4.822412365009967,TRUE,"Enzymes, Metabolic proteins, Plasma proteins, Predicted intracellular proteins",
STRAP,24.064803305833944,14.670168410717006,9.394634895116939,TRUE,"Cancer-related genes, Essential proteins, Plasma proteins, Predicted intracellular proteins",Cytosol
ALDH1B1,81.13170656670972,43.05218203419604,38.07952453251368,FALSE,"Enzymes, Metabolic proteins, Predicted intracellular proteins",Mitochondria
PABPC1,14.70708951061915,17.328350306992,-2.62126079637285,TRUE,"Cancer-related genes, Essential proteins, Plasma proteins, Predicted intracellular proteins",Cytosol
GCLC,64.67075063894805,25.629345323974658,39.04140531497339,TRUE,"Disease related genes, Enzymes, Human disease related genes, Metabolic proteins, Plasma proteins, Potential drug targets, Predicted intracellular proteins",Nucleoplasm
EPDR1,39.55971995189393,25.8282805462928,13.731439405601133,FALSE,"Predicted intracellular proteins, Predicted secreted proteins",
RPS2,25.586005647588323,23.87475038526014,1.7112552623281836,TRUE,"Cancer-related genes, Essential proteins, Plasma proteins, Predicted intracellular proteins, Ribosomal proteins","Endoplasmic reticulum, Cytosol"
CNDP2,37.97583565447836,23.193381312196333,14.782454342282026,TRUE,"Enzymes, Metabolic proteins, Plasma proteins, Predicted intracellular proteins","Nucleoplasm, Cytosol"
OBSCN,50.27042180193823,22.41933188840965,27.851089913528575,TRUE,"Disease related genes, Enzymes, Plasma proteins, Potential drug targets, Predicted intracellular proteins","Plasma membrane, Cytosol"
SERPINF2,66.83778672738549,39.16992815192588,27.66785857545961,TRUE,"Candidate cardiovascular disease genes, Disease related genes, Human disease related genes, Plasma proteins, Predicted secreted proteins",Golgi apparatus
COPS8,21.878250961838045,22.08501132605389,-0.20676036421584598,FALSE,"Essential proteins, Predicted intracellular proteins",Nucleoplasm
C1QC,80.35568618973944,55.34835464578909,25.007331543950357,TRUE,"Disease related genes, Human disease related genes, Plasma proteins, Predicted intracellular proteins, Predicted secreted proteins",
RPS6,25.83231625899607,20.307431338585303,5.524884920410766,FALSE,"Essential proteins, Predicted intracellular proteins, Ribosomal proteins","Endoplasmic reticulum, Cytosol"
RPS18,11.299863013936728,13.855992537104752,-2.5561295231680248,TRUE,"Essential proteins, Plasma proteins, Predicted intracellular proteins, Ribosomal proteins",Cytosol
SNX3,21.1567158561772,17.50464842515619,3.6520674310210097,TRUE,"Disease related genes, Plasma proteins, Potential drug targets, Predicted intracellular proteins, Transporters",
LRRC47,36.83458219138616,15.062360101882186,21.772222089503977,FALSE,Predicted intracellular proteins,Nucleoli fibrillar center
SGCD,37.107937751196076,27.552228886516488,9.555708864679588,FALSE,"Disease related genes, Human disease related genes, Predicted membrane proteins",
PSMD10,34.15081547431839,28.002739883539462,6.14807559077893,FALSE,Predicted intracellular proteins,"Cytosol, Mid piece"
PSMC3,20.428256536686938,13.131070963861013,7.297185572825924,TRUE,"Disease related genes, Essential proteins, Plasma proteins, Predicted intracellular proteins","Nucleoplasm, Cytosol"
NDUFB8,50.0531243888956,29.7189100410286,20.334214347866997,TRUE,"Disease related genes, Human disease related genes, Metabolic proteins, Plasma proteins, Predicted membrane proteins",Mitochondria
AGMAT,50.4448328552357,100.88366030705596,-50.43882745182026,FALSE,"Enzymes, Metabolic proteins, Predicted intracellular proteins",
ADIPOQ,21.642261102804518,25.173990988958106,-3.531729886153588,TRUE,"Candidate cardiovascular disease genes, Disease related genes, Human disease related genes, Plasma proteins, Potential drug targets, Predicted secreted proteins, Transporters",
PSMC2,22.546175701307323,11.334632357379016,11.211543343928307,FALSE,"Essential proteins, Predicted intracellular proteins","Cytosol, Cytoplasmic bodies"
CDC37,27.01601907085132,23.1727979682669,3.8432211025844225,FALSE,"Cancer-related genes, Essential proteins, Predicted intracellular proteins, Transporters",Cytosol
PDCD5,26.359178382778897,14.35182054634628,12.007357836432616,TRUE,"Essential proteins, Plasma proteins, Predicted intracellular proteins",Cytosol
PSMB7,37.0617684433533,29.42744748879338,7.6343209545599215,TRUE,"Enzymes, Essential proteins, Plasma proteins, Predicted intracellular proteins",Nucleoplasm
LRG1,95.81410955286577,28.17053882262582,67.64357073023996,TRUE,"Plasma proteins, Predicted secreted proteins",Vesicles
TYMP,113.32127524804964,19.304996492470273,94.01627875557938,TRUE,"Cancer-related genes, Disease related genes, Enzymes, FDA approved drug targets, Human disease related genes, Metabolic proteins, Plasma proteins, Predicted intracellular proteins","Nuclear bodies, Golgi apparatus"
OTUB1,24.224410037333268,11.048330689621093,13.176079347712175,TRUE,"Enzymes, Plasma proteins, Predicted intracellular proteins",Cytosol
GRB2,30.774343967780343,14.52204144447255,16.252302523307794,TRUE,"Cancer-related genes, Plasma proteins, Predicted intracellular proteins, RAS pathway related proteins",Cytosol
TST,41.95569335484097,26.981940336076065,14.973753018764903,FALSE,"Enzymes, Metabolic proteins, Predicted intracellular proteins",Mitochondria
RPN1,23.128730375052214,13.435594167996701,9.693136207055513,TRUE,"Cancer-related genes, Essential proteins, Metabolic proteins, Plasma proteins, Predicted membrane proteins, Transporters",Endoplasmic reticulum
AFG3L2,45.463621958950995,22.314699681740567,23.148922277210428,TRUE,"Disease related genes, Enzymes, Essential proteins, Human disease related genes, Plasma proteins, Potential drug targets, Predicted membrane proteins",Mitochondria
ECPAS,39.98217427492301,11.273331558870208,28.708842716052803,FALSE,Predicted intracellular proteins,Nucleoplasm
LASP1,88.6104097135676,34.03597425773495,54.574435455832656,TRUE,"Cancer-related genes, Plasma proteins, Predicted intracellular proteins","Plasma membrane, Cytosol"
DMD,34.70198285840385,36.36979945534866,-1.6678165969448102,TRUE,"Cancer-related genes, Disease related genes, FDA approved drug targets, Human disease related genes, Plasma proteins, Predicted intracellular proteins, Transporters",
MT-ND2,33.7655570917162,26.804786789126307,6.960770302589889,FALSE,"Disease related genes, Enzymes, Human disease related genes, Metabolic proteins, Potential drug targets, Predicted membrane proteins",
MCTS1,28.576791473744915,23.57291870142067,5.003872772324247,FALSE,Predicted intracellular proteins,Cytosol
HNRNPH1,13.888690259158215,11.06039469122566,2.828295567932555,TRUE,"Essential proteins, Plasma proteins, Predicted intracellular proteins",Nucleoplasm
DNPH1,34.959155204917494,29.901941609361582,5.057213595555911,FALSE,Predicted intracellular proteins,Nucleoplasm
RPS28,28.111677744605995,27.93816084399267,0.17351690061332548,FALSE,"Disease related genes, Essential proteins, Human disease related genes, Predicted intracellular proteins, Ribosomal proteins",Cytosol
DCD,130.19678193356222,66.25654420521552,63.9402377283467,TRUE,"Plasma proteins, Predicted secreted proteins, Transporters",
ASS1,48.70791763204854,79.25702293108228,-30.549105299033734,TRUE,"Disease related genes, Enzymes, Human disease related genes, Metabolic proteins, Plasma proteins, Potential drug targets, Predicted intracellular proteins",Cytosol
AOX1,78.11289662993087,96.40300875913931,-18.29011212920844,TRUE,"Enzymes, Metabolic proteins, Plasma proteins, Predicted intracellular proteins",Cytosol
GBE1,23.68300470501292,33.81484893975158,-10.131844234738658,TRUE,"Disease related genes, Enzymes, Human disease related genes, Metabolic proteins, Plasma proteins, Potential drug targets, Predicted intracellular proteins",Cytosol
AQP1,72.21421237662263,40.53124621779531,31.68296615882732,FALSE,"Blood group antigen proteins, Metabolic proteins, Predicted membrane proteins, Transporters",Plasma membrane
KLKB1,62.12985298861068,64.22365488961454,-2.0938019010038573,TRUE,"Disease related genes, Enzymes, FDA approved drug targets, Human disease related genes, Plasma proteins, Predicted intracellular proteins, Predicted secreted proteins",
L2HGDH,50.381728030094884,21.198995919564084,29.1827321105308,FALSE,"Disease related genes, Enzymes, Human disease related genes, Metabolic proteins, Potential drug targets, Predicted intracellular proteins",Mitochondria
EIF1,35.122222831931325,12.865184674981755,22.25703815694957,TRUE,"Essential proteins, Plasma proteins, Predicted intracellular proteins",
ELOB,29.278730223800416,25.56163462303965,3.7170956007607643,FALSE,"Essential proteins, Predicted intracellular proteins",
PPP3CB,38.268194498894,29.026029728970958,9.24216476992304,FALSE,"Enzymes, Predicted intracellular proteins",Cytosol
KPNA3,43.023872164235755,14.683344428636822,28.340527735598933,FALSE,"Human disease related genes, Predicted intracellular proteins, Transporters",Nucleoplasm
YBX3,54.50240596243723,21.61435021570315,32.88805574673408,FALSE,"Predicted intracellular proteins, Transcription factors",Cytosol
PDIA6,33.34691629523382,27.930612460012966,5.416303835220852,TRUE,"Enzymes, Metabolic proteins, Plasma proteins, Predicted intracellular proteins, Predicted membrane proteins",Endoplasmic reticulum
APMAP,77.51620286016592,29.01777951422223,48.49842334594369,TRUE,"Plasma proteins, Predicted intracellular proteins, Predicted membrane proteins",Plasma membrane
RPL18,22.472816061913285,14.80030800381871,7.672508058094575,TRUE,"Disease related genes, Essential proteins, Human disease related genes, Plasma proteins, Predicted intracellular proteins, Ribosomal proteins","Endoplasmic reticulum, Cytosol"
THY1,103.87416631605528,44.78315212703913,59.09101418901615,TRUE,"CD markers, Plasma proteins, Predicted intracellular proteins, Predicted membrane proteins",Nucleoplasm
RETSAT,82.1993200057483,47.45112481698535,34.748195188762956,FALSE,"Enzymes, Predicted intracellular proteins, Predicted membrane proteins",Cytosol
PEA15,73.36032038608366,25.29973724328418,48.06058314279947,TRUE,"Plasma proteins, Predicted intracellular proteins",Cytosol
TIMM13,63.107734301739846,22.253690702455238,40.85404359928461,FALSE,"Essential proteins, Predicted intracellular proteins",Mitochondria
NIT2,27.48687812529445,18.796522330258387,8.690355795036062,TRUE,"Enzymes, Metabolic proteins, Plasma proteins, Predicted intracellular proteins",Cytosol
DHRS7B,35.9357849003041,22.205436947168856,13.730347953135244,FALSE,"Predicted intracellular proteins, Predicted membrane proteins","Plasma membrane, Cell Junctions, Cytosol"
C4A,82.98804918697125,48.867394542038454,34.1206546449328,TRUE,"Blood group antigen proteins, Disease related genes, FDA approved drug targets, Human disease related genes, Plasma proteins, Predicted secreted proteins",
PGLS,32.62052305719871,29.036492765633653,3.584030291565057,TRUE,"Enzymes, Metabolic proteins, Plasma proteins, Predicted intracellular proteins",Nucleoplasm
PSMD14,20.82037857465237,13.993105610710192,6.827272963942178,TRUE,"Enzymes, Essential proteins, Plasma proteins, Predicted intracellular proteins",Nucleoplasm
COQ10A,59.28910309199935,35.80232940649182,23.48677368550753,FALSE,Predicted intracellular proteins,"Endoplasmic reticulum, Cytosol"
TRIP10,30.864291450837968,13.705941159057566,17.1583502917804,TRUE,"Plasma proteins, Predicted intracellular proteins",Vesicles
NT5C1A,48.97065336129175,41.20923592941308,7.7614174318786695,FALSE,"Enzymes, Metabolic proteins, Predicted intracellular proteins",
PCBP2,29.502588695215447,21.586358599793904,7.916230095421543,TRUE,"Essential proteins, Plasma proteins, Predicted intracellular proteins","Nucleoplasm, Cytosol"
CIRBP,28.775659684460482,29.267019681416624,-0.49135999695614174,TRUE,"Plasma proteins, Predicted intracellular proteins",Nucleoplasm
NCLN,24.870428692451842,19.13420905888194,5.7362196335699025,FALSE,"Predicted intracellular proteins, Predicted membrane proteins, Transporters",Lipid droplets
COX6A2,100.75849921796423,39.70884490611377,61.04965431185046,FALSE,"Disease related genes, Human disease related genes, Metabolic proteins, Potential drug targets, Predicted intracellular proteins, Transporters",
TPM4,85.20389529324265,12.46725751380441,72.73663777943824,TRUE,"Cancer-related genes, Plasma proteins, Predicted intracellular proteins",Actin filaments
NDUFS8,55.21745721010423,26.174156639872475,29.043300570231754,FALSE,"Disease related genes, Enzymes, Essential proteins, Human disease related genes, Metabolic proteins, Potential drug targets, Predicted intracellular proteins",Mitochondria
PNPO,34.76093093542529,30.395528025206325,4.365402910218968,FALSE,"Disease related genes, Enzymes, Human disease related genes, Metabolic proteins, Potential drug targets, Predicted intracellular proteins","Nucleoplasm, Cytosol"
BCL2L13,41.49095957833682,13.95409932279342,27.536860255543402,TRUE,"Plasma proteins, Predicted intracellular proteins, Predicted membrane proteins",Mitochondria
PABPC4,28.09801094640743,18.130939100835565,9.967071845571866,FALSE,Predicted intracellular proteins,Cytosol
PHKA2,69.99031115700974,41.69653816158565,28.293772995424092,FALSE,"Disease related genes, Human disease related genes, Metabolic proteins, Predicted intracellular proteins",Nucleoplasm
ANXA3,35.144605449626155,14.74079743304082,20.403808016585337,TRUE,"FDA approved drug targets, Metabolic proteins, Plasma proteins, Predicted intracellular proteins",Plasma membrane
DNAJA4,41.047719080483496,28.632943719366356,12.41477536111714,FALSE,Predicted intracellular proteins,"Plasma membrane, Cytosol"
PCCA,50.937978440489395,25.364834645909383,25.573143794580012,TRUE,"Disease related genes, Enzymes, Human disease related genes, Metabolic proteins, Plasma proteins, Potential drug targets, Predicted intracellular proteins",Mitochondria
SET,30.755705614645617,29.237296292433385,1.5184093222122321,TRUE,"Cancer-related genes, Disease related genes, Human disease related genes, Plasma proteins, Predicted intracellular proteins",Nucleoplasm
PHKB,48.23661488618097,36.42255627101961,11.814058615161365,FALSE,"Disease related genes, Human disease related genes, Metabolic proteins, Predicted intracellular proteins",Golgi apparatus
COPS4,28.67588767522578,12.599041791640762,16.07684588358502,FALSE,"Essential proteins, Predicted intracellular proteins",Nuclear speckles
GSS,31.93996787633801,14.255602028719869,17.68436584761814,TRUE,"Disease related genes, Enzymes, FDA approved drug targets, Human disease related genes, Metabolic proteins, Plasma proteins, Predicted intracellular proteins",Nucleoplasm
GALM,40.089208710547744,30.536633237670003,9.552575472877741,FALSE,"Disease related genes, Enzymes, Human disease related genes, Metabolic proteins, Potential drug targets, Predicted intracellular proteins",Nucleoplasm
RPS7,43.08901736443115,25.749747678150264,17.339269686280886,FALSE,"Disease related genes, Essential proteins, Human disease related genes, Predicted intracellular proteins, Ribosomal proteins","Endoplasmic reticulum, Cytosol"
TMED9,28.21660537038794,22.518059610764418,5.698545759623521,FALSE,"Predicted membrane proteins, Transporters",
ARPC3,60.173769177361656,33.040380680334366,27.13338849702729,TRUE,"Essential proteins, Plasma proteins, Predicted intracellular proteins",Nucleoplasm
RPS4X,18.76868623022846,19.239718988096435,-0.47103275786797383,TRUE,"Essential proteins, Plasma proteins, Predicted intracellular proteins, Ribosomal proteins",
PDXK,56.77783029645154,25.77765756608075,31.00017273037079,TRUE,"Disease related genes, Enzymes, FDA approved drug targets, Human disease related genes, Metabolic proteins, Plasma proteins, Predicted intracellular proteins",Nucleoplasm
SNTA1,41.6569952095057,27.64206936022337,14.014925849282331,FALSE,"Disease related genes, Human disease related genes, Predicted intracellular proteins",
AKAP12,75.02278834307738,32.839184030040904,42.183604313036476,TRUE,"Cancer-related genes, Plasma proteins, Predicted intracellular proteins","Plasma membrane, Cytosol"
LAMB1,86.07628990340697,26.15682126440872,59.919468638998254,TRUE,"Cancer-related genes, Disease related genes, Human disease related genes, Plasma proteins, Predicted intracellular proteins, Predicted secreted proteins",
COPS6,30.35762776281964,15.511730877942497,14.845896884877142,FALSE,"Enzymes, Essential proteins, Predicted intracellular proteins",Nucleoplasm
COL4A2,150.77078813478644,48.29232543695491,102.47846269783153,TRUE,"Cancer-related genes, Disease related genes, Human disease related genes, Plasma proteins, Predicted intracellular proteins, Predicted secreted proteins",Vesicles
VAPB,39.94229297238833,22.68941156347746,17.25288140891087,FALSE,"Disease related genes, Human disease related genes, Metabolic proteins, Potential drug targets, Predicted intracellular proteins, Predicted membrane proteins, Transporters",Endoplasmic reticulum
FXN,47.45532100263157,21.554269365225288,25.901051637406283,FALSE,"Disease related genes, Enzymes, Essential proteins, Human disease related genes, Metabolic proteins, Potential drug targets, Predicted intracellular proteins, Transporters",Mitochondria
RPS24,22.0918991501749,9.959398605096482,12.132500545078418,TRUE,"Disease related genes, Essential proteins, Human disease related genes, Plasma proteins, Predicted intracellular proteins, Ribosomal proteins","Endoplasmic reticulum, Cytosol"
RAB21,42.239919254317755,22.409190760829702,19.830728493488053,TRUE,"Plasma proteins, Predicted intracellular proteins",
KARS1,23.151523194999193,11.785057648093343,11.36646554690585,FALSE,"Disease related genes, Enzymes, Essential proteins, Human disease related genes, Metabolic proteins, Potential drug targets, Predicted intracellular proteins",Cytosol
ADHFE1,63.81021713684054,46.055293192127,17.75492394471354,FALSE,"Enzymes, Metabolic proteins, Predicted intracellular proteins",Vesicles
NDUFB7,45.26184970374039,24.799707150205005,20.462142553535383,FALSE,"Essential proteins, Metabolic proteins, Predicted intracellular proteins",
DMTN,73.33520946996902,38.626330384627224,34.70887908534179,TRUE,"Plasma proteins, Predicted intracellular proteins",
MAP1LC3B2,41.827448161940566,20.04356643847188,21.783881723468685,FALSE,Predicted intracellular proteins,Vesicles
LAMP2,22.897652456701735,29.698692649800613,-6.801040193098878,TRUE,"CD markers, Disease related genes, Human disease related genes, Plasma proteins, Potential drug targets, Predicted membrane proteins, Transporters","Endoplasmic reticulum, Vesicles, Plasma membrane"
CAMK2B,42.937605703247456,16.373503654175327,26.56410204907213,TRUE,"Disease related genes, Enzymes, Human disease related genes, Plasma proteins, Potential drug targets, Predicted intracellular proteins, Predicted membrane proteins","Plasma membrane, Primary cilium tip, Primary cilium transition zone, Principal piece"
PRMT1,31.689415118186375,11.061533980973874,20.6278811372125,TRUE,"Enzymes, Essential proteins, Plasma proteins, Predicted intracellular proteins",Nucleoplasm
TXNRD1,26.161596664518683,10.503900599724963,15.65769606479372,TRUE,"Cancer-related genes, Enzymes, FDA approved drug targets, Metabolic proteins, Plasma proteins, Predicted intracellular proteins",Nucleoplasm
CPA3,69.42380575607892,54.366464518909474,15.057341237169446,TRUE,"Enzymes, Metabolic proteins, Plasma proteins, Predicted secreted proteins",Golgi apparatus
HSPG2,92.82350342822676,17.724725967986096,75.09877746024065,TRUE,"Disease related genes, Human disease related genes, Plasma proteins, Predicted intracellular proteins, Predicted secreted proteins",
HDHD5,59.265430756526946,27.626955606782573,31.638475149744373,FALSE,Predicted intracellular proteins,Mitochondria
CFI,69.59730572756186,37.9389450915712,31.65836063599066,TRUE,"Disease related genes, Enzymes, Human disease related genes, Plasma proteins, Potential drug targets, Predicted secreted proteins",
PPA2,38.85991367607504,26.01872378540715,12.841189890667888,TRUE,"Cancer-related genes, Disease related genes, Enzymes, Metabolic proteins, Plasma proteins, Potential drug targets, Predicted intracellular proteins",Mitochondria
GPNMB,109.64512563241134,32.07181894581031,77.57330668660103,TRUE,"Disease related genes, Human disease related genes, Plasma proteins, Predicted intracellular proteins, Predicted membrane proteins",
ARL8B,20.28982624679545,19.281431464924886,1.0083947818705639,FALSE,"Enzymes, Predicted intracellular proteins",
PTGES2,59.91749567166631,29.97635681101069,29.94113886065562,FALSE,"Enzymes, Human disease related genes, Metabolic proteins, Predicted intracellular proteins",
ACSL3,40.76445536515379,24.529495513809156,16.234959851344637,FALSE,"Cancer-related genes, Enzymes, Metabolic proteins, Predicted intracellular proteins, Predicted membrane proteins","Nucleoli, Nucleoli rim"
GNG12,50.90322360038656,25.13766144633811,25.76556215404845,FALSE,"Predicted intracellular proteins, RAS pathway related proteins",Mitochondria
DNAJA2,41.671921630262545,21.252033734208883,20.419887896053663,FALSE,Predicted intracellular proteins,"Nucleoli, Cytosol"
RPL27A,29.822031473187078,64.53743072168187,-34.71539924849479,FALSE,"Essential proteins, Predicted intracellular proteins, Ribosomal proteins","Endoplasmic reticulum, Cytosol"
TXNL1,20.368850052536132,12.24181692638744,8.127033126148692,TRUE,"Plasma proteins, Predicted intracellular proteins",Cytosol
MAP3K20,40.34634087751851,25.389429055888574,14.956911821629934,FALSE,"Disease related genes, Enzymes, Human disease related genes, Potential drug targets, Predicted intracellular proteins",Cytosol
YWHAH,18.676398576296172,18.20189511056009,0.47450346573608115,TRUE,"Cancer-related genes, Plasma proteins, Predicted intracellular proteins",Cytosol
CSE1L,32.21068819279714,15.706842593942522,16.50384559885462,TRUE,"Cancer-related genes, Essential proteins, Plasma proteins, Predicted intracellular proteins, Transporters",Nucleoplasm
TFG,33.56126337307222,8.775617435594599,24.785645937477625,FALSE,"Cancer-related genes, Disease related genes, Human disease related genes, Predicted intracellular proteins, Predicted membrane proteins",Vesicles
SNX2,56.134178754844314,22.414909909593884,33.719268845250426,FALSE,Predicted intracellular proteins,Endosomes
PDCD6IP,16.464276412692453,14.274603531070673,2.18967288162178,TRUE,"Human disease related genes, Plasma proteins, Predicted intracellular proteins",Vesicles
RPS19,20.61055574068387,23.889740229008332,-3.2791844883244607,TRUE,"Disease related genes, Essential proteins, Human disease related genes, Plasma proteins, Predicted intracellular proteins, Ribosomal proteins",Nucleoplasm
PTPA,36.06097658558195,25.31598650489438,10.744990080687568,TRUE,"Enzymes, Essential proteins, Plasma proteins, Predicted intracellular proteins",Nucleoplasm
ARPC4,42.808828937076356,20.304583385909403,22.504245551166953,TRUE,"Essential proteins, Plasma proteins, Predicted intracellular proteins",
CTBP1,29.968865928306837,20.180985678704914,9.787880249601923,TRUE,"Disease related genes, Human disease related genes, Metabolic proteins, Plasma proteins, Predicted intracellular proteins",Nucleoplasm
TFAM,52.99108997571314,29.792363356849215,23.198726618863923,FALSE,"Disease related genes, Essential proteins, Human disease related genes, Predicted intracellular proteins, Transcription factors",Mitochondria
PGRMC1,57.63191996522459,21.917147258343675,35.714772706880915,FALSE,"Predicted membrane proteins, Predicted secreted proteins",Endoplasmic reticulum
RPL12,30.656405138651273,24.18830203406018,6.468103104591094,TRUE,"Essential proteins, Plasma proteins, Predicted intracellular proteins, Ribosomal proteins",Golgi apparatus
GGCT,28.701769360241023,16.965655995385735,11.736113364855289,TRUE,"Enzymes, Metabolic proteins, Plasma proteins, Predicted intracellular proteins",
MRPS21,42.03005739173762,39.950488567131245,2.079568824606376,FALSE,"Essential proteins, Predicted intracellular proteins, Ribosomal proteins",Mitochondria
NAGK,35.258210637275326,15.73091225585218,19.527298381423144,FALSE,"Enzymes, Metabolic proteins, Predicted intracellular proteins",Cytosol
LPP,61.506982775384614,14.435940876532143,47.07104189885247,TRUE,"Cancer-related genes, Disease related genes, Human disease related genes, Plasma proteins, Predicted intracellular proteins","Focal adhesion sites, Cytosol"
PAFAH1B3,53.033325047568106,39.12954144997343,13.903783597594675,FALSE,"Enzymes, Metabolic proteins, Predicted intracellular proteins",Intermediate filaments
UBA6,76.67997114339555,36.24970711646833,40.43026402692722,FALSE,"Enzymes, Essential proteins, Metabolic proteins, Predicted intracellular proteins","Nucleoplasm, Cytosol"
ARPC5,60.94001320745542,34.127393027416474,26.812620180038948,TRUE,"Plasma proteins, Predicted intracellular proteins","Vesicles, Plasma membrane, Cell Junctions, Cytosol"
PFDN2,39.82030855008432,26.0495692622633,13.77073928782102,TRUE,"Essential proteins, Plasma proteins, Predicted intracellular proteins","Nucleoplasm, Mitochondria"
RPL32,25.367893870820136,12.721962186725014,12.645931684095123,TRUE,"Essential proteins, Plasma proteins, Predicted intracellular proteins, Ribosomal proteins","Endoplasmic reticulum, Cytosol"
RPL23,24.77670305187521,28.38312011167839,-3.6064170598031815,TRUE,"Essential proteins, Plasma proteins, Predicted intracellular proteins, Ribosomal proteins",Cytosol
RPL35,20.32115860686064,15.462446041091269,4.85871256576937,FALSE,"Disease related genes, Essential proteins, Human disease related genes, Predicted intracellular proteins, Ribosomal proteins","Endoplasmic reticulum, Cytosol"
ACSF2,37.15808101991621,19.447906491305407,17.710174528610803,FALSE,"Enzymes, Metabolic proteins, Predicted intracellular proteins, Predicted membrane proteins","Nucleoplasm, Microtubules, Cytosol"
NDUFA7,68.63615346525971,38.33316363859571,30.302989826664003,FALSE,"Metabolic proteins, Predicted intracellular proteins",Mitochondria
ENOPH1,27.201984649713513,19.978843489648952,7.223141160064561,FALSE,"Enzymes, Metabolic proteins, Predicted intracellular proteins",Nucleoplasm
PSMD2,16.634823364731748,8.288141586158188,8.34668177857356,TRUE,"Essential proteins, Plasma proteins, Predicted intracellular proteins, Predicted membrane proteins","Centriolar satellite, Cytosol, Flagellar centriole"
PPME1,31.565173982518864,26.629131529595483,4.936042452923381,FALSE,"Enzymes, Predicted intracellular proteins",Nucleoplasm
FDPS,18.804863009705855,9.971549418127127,8.833313591578728,TRUE,"Disease related genes, Enzymes, Essential proteins, FDA approved drug targets, Human disease related genes, Metabolic proteins, Plasma proteins, Predicted intracellular proteins",Cytosol
COPS2,24.103582149794025,14.067359701955715,10.03622244783831,FALSE,"Essential proteins, Predicted intracellular proteins",Vesicles
DDX17,18.331845861306473,15.07926133820206,3.252584523104412,TRUE,"Enzymes, Plasma proteins, Predicted intracellular proteins",Nuclear speckles
SGCG,31.59981020051469,38.86222046413182,-7.262410263617134,TRUE,"Disease related genes, Human disease related genes, Plasma proteins, Predicted membrane proteins",
CBR4,48.83799238994712,33.03163310377871,15.806359286168409,FALSE,"Enzymes, Metabolic proteins, Predicted intracellular proteins",
UBL5,44.709853880745,13.927736330329182,30.78211755041582,FALSE,"Essential proteins, Predicted intracellular proteins",
CAB39L,44.36654392573851,58.626112700851316,-14.259568775112804,TRUE,"Plasma proteins, Predicted intracellular proteins",Vesicles
MYH11,65.17745409651626,30.602019473909177,34.57543462260708,TRUE,"Cancer-related genes, Candidate cardiovascular disease genes, Disease related genes, Human disease related genes, Plasma proteins, Predicted intracellular proteins","Plasma membrane, Cytosol"
COL4A1,125.1173024946977,51.17329607720515,73.94400641749255,FALSE,"Disease related genes, Human disease related genes, Predicted intracellular proteins, Predicted secreted proteins",
HHATL,52.03674601683841,29.886712695958195,22.150033320880212,FALSE,Predicted membrane proteins,
FN3K,36.046662631165475,26.3239120030375,9.722750628127976,TRUE,"Enzymes, Metabolic proteins, Plasma proteins, Predicted intracellular proteins",Mitochondria
SH3BGRL,83.9362108353578,40.92113260138921,43.01507823396859,TRUE,"Disease related genes, Plasma proteins, Predicted intracellular proteins",Cytosol
UTRN,38.195484558216464,35.5909079419125,2.604576616303966,TRUE,"Plasma proteins, Predicted intracellular proteins",Plasma membrane
MAT2A,27.029740724205563,9.900780345741085,17.128960378464477,TRUE,"Enzymes, Essential proteins, Metabolic proteins, Plasma proteins, Predicted intracellular proteins",Nucleoplasm
PSMD13,23.89072212821747,11.926218778652444,11.964503349565025,FALSE,"Essential proteins, Predicted intracellular proteins",Nuclear speckles
DDI2,91.5559290787478,18.961116758610416,72.59481232013738,TRUE,"Plasma proteins, Predicted intracellular proteins","Nucleoplasm, Cytosol"
CAPN3,27.181811167951906,21.161295726966667,6.020515440985239,FALSE,"Disease related genes, Enzymes, Human disease related genes, Metabolic proteins, Potential drug targets, Predicted intracellular proteins",
RPL13A,25.261006708697664,19.916600482627327,5.344406226070337,TRUE,"Essential proteins, Plasma proteins, Predicted intracellular proteins, Ribosomal proteins","Nucleoli, Cytosol"
ATE1,52.34592514703456,13.039739772360068,39.3061853746745,FALSE,"Enzymes, Metabolic proteins, Predicted intracellular proteins",Nucleoplasm
PSMD12,24.85437889166064,12.143638076962407,12.710740814698234,FALSE,"Disease related genes, Essential proteins, Predicted intracellular proteins",Microtubules
COMT,37.16938997474935,43.57918534949389,-6.40979537474454,TRUE,"Disease related genes, Enzymes, FDA approved drug targets, Human disease related genes, Metabolic proteins, Plasma proteins, Predicted intracellular proteins",Vesicles
ALDH6A1,39.12995050297993,59.46383515420152,-20.333884651221588,FALSE,"Disease related genes, Enzymes, Human disease related genes, Metabolic proteins, Potential drug targets, Predicted intracellular proteins, Predicted membrane proteins",Mitochondria
IMPDH2,22.604589842723524,11.920217934137083,10.68437190858644,TRUE,"Enzymes, Essential proteins, FDA approved drug targets, Metabolic proteins, Plasma proteins, Predicted intracellular proteins",Cytosol
MYOF,26.043425693240117,25.421341820868303,0.6220838723718138,TRUE,"Disease related genes, Human disease related genes, Plasma proteins, Potential drug targets, Predicted intracellular proteins, Predicted membrane proteins, Transporters","Vesicles, Plasma membrane, Centriolar satellite"
PSMD5,29.623701100212212,23.533855770601093,6.089845329611119,TRUE,"Plasma proteins, Predicted intracellular proteins","Nucleoplasm, Cytosol"
TXLNB,44.47109233527654,24.899275632496686,19.571816702779852,FALSE,Predicted intracellular proteins,
ATP5F1E,82.1612787292746,28.826423395486906,53.334855333787694,FALSE,"Disease related genes, Essential proteins, Human disease related genes, Metabolic proteins, Predicted intracellular proteins",
CARM1,27.747490376756033,25.481640022191137,2.265850354564897,FALSE,"Cancer-related genes, Enzymes, Predicted intracellular proteins",Nucleoplasm
SH3BGRL3,88.85164385410894,34.743531982460155,54.10811187164879,TRUE,"Plasma proteins, Predicted intracellular proteins",Nuclear bodies
SGCB,33.398292308697144,20.2186569811448,13.179635327552344,FALSE,"Disease related genes, Human disease related genes, Predicted membrane proteins",Cytosol
MYOM3,87.66026212258772,44.24242380317724,43.417838319410485,FALSE,Predicted intracellular proteins,Vesicles
FBXO7,69.92335715343748,41.143483321425855,28.779873832011624,FALSE,"Disease related genes, Human disease related genes, Predicted intracellular proteins","Nucleoplasm, Cytosol"
MAP2K1,36.02277511162603,22.258818389288553,13.763956722337479,FALSE,"Cancer-related genes, Disease related genes, Enzymes, FDA approved drug targets, Human disease related genes, Predicted intracellular proteins, RAS pathway related proteins","Plasma membrane, Cytosol"
DYNLL1,37.54360709262004,18.433810386167487,19.109796706452556,TRUE,"Cancer-related genes, Essential proteins, Plasma proteins, Predicted intracellular proteins","Nucleoplasm, Cytosol, Mid piece, Principal piece"
SQOR,38.62143934266287,41.38784699283343,-2.7664076501705637,FALSE,"Disease related genes, Enzymes, Potential drug targets, Predicted intracellular proteins",Mitochondria
PSME2,32.67658457470778,33.60348558301126,-0.9269010083034814,FALSE,Predicted intracellular proteins,Nucleoplasm
CPNE3,15.583848735869354,21.74343155002618,-6.159582814156826,TRUE,"Plasma proteins, Predicted intracellular proteins, Transporters","Nucleoplasm, Cytosol"
ECHDC1,71.9804786618479,30.313527495114457,41.66695116673344,TRUE,"Enzymes, Plasma proteins, Predicted intracellular proteins",Vesicles
ASPH,46.81527157067387,25.047715177646314,21.767556393027558,TRUE,"Cancer-related genes, Disease related genes, Enzymes, Human disease related genes, Metabolic proteins, Plasma proteins, Potential drug targets, Predicted intracellular proteins, Predicted membrane proteins, Transporters",Endoplasmic reticulum
GNAS,40.54852010712896,18.617050411802694,21.931469695326264,FALSE,"Cancer-related genes, Disease related genes, Human disease related genes, Potential drug targets, Predicted intracellular proteins, Predicted membrane proteins, Transporters",Nucleoplasm
CAMK2G,40.013272679157424,17.726393596531125,22.2868790826263,TRUE,"Disease related genes, Enzymes, Human disease related genes, Plasma proteins, Potential drug targets, Predicted intracellular proteins, Predicted membrane proteins, Transporters","Plasma membrane, Primary cilium tip, Primary cilium transition zone, Principal piece"
APOO,57.812108322790614,28.29400187104104,29.518106451749574,FALSE,"Predicted intracellular proteins, Predicted membrane proteins, Predicted secreted proteins, Transporters",Mitochondria
JPH2,41.050296912222095,20.669382606938328,20.380914305283767,FALSE,"Disease related genes, Human disease related genes, Potential drug targets, Predicted intracellular proteins, Predicted membrane proteins, Transporters",
PTMS,35.451505449080656,32.80640740591971,2.6450980431609494,FALSE,"Essential proteins, Predicted intracellular proteins","Nucleoli, Nucleoli rim"
ART3,37.17539153588736,29.715779075844228,7.459612460043129,FALSE,"Enzymes, Metabolic proteins, Predicted intracellular proteins, Predicted membrane proteins","Principal piece, End piece"
LAMC1,118.29045783331915,36.100824968409334,82.18963286490981,TRUE,"Cancer-related genes, Plasma proteins, Predicted intracellular proteins, Predicted secreted proteins","Endoplasmic reticulum, Plasma membrane"
SRSF2,24.358846338027558,18.84128053455523,5.517565803472326,TRUE,"Cancer-related genes, Essential proteins, Human disease related genes, Plasma proteins, Predicted intracellular proteins",Nucleoplasm
ENDOG,46.75719546621826,22.688042351220638,24.069153114997626,TRUE,"Plasma proteins, Predicted intracellular proteins",
SYNGR2,30.63478252860859,37.48087050570402,-6.846087977095429,FALSE,"Predicted intracellular proteins, Predicted membrane proteins",Golgi apparatus
XRCC5,28.360448292722317,19.499471494624764,8.860976798097553,TRUE,"Cancer-related genes, Essential proteins, Plasma proteins, Predicted intracellular proteins",Nucleoplasm
TMEM38A,46.32694563278877,35.35927489429422,10.967670738494554,FALSE,Predicted membrane proteins,Nucleoplasm
SDR39U1,77.97715159019259,44.9433114720836,33.03384011810899,FALSE,Predicted intracellular proteins,"Nucleoplasm, Cytosol"
TMLHE,24.983399361316547,30.030951960651326,-5.047552599334779,FALSE,"Disease related genes, Enzymes, Human disease related genes, Metabolic proteins, Potential drug targets, Predicted intracellular proteins",Mitochondria
SYNJ2BP,34.51213932822114,19.04146515100978,15.470674177211357,FALSE,"Predicted membrane proteins, Transporters",Mitochondria
PLCD4,33.11797310342713,19.54692994180201,13.571043161625123,FALSE,"Enzymes, Metabolic proteins, Predicted intracellular proteins",Cytosol
SNRPD1,35.67867814240582,46.438192986908625,-10.759514844502803,TRUE,"Essential proteins, Plasma proteins, Predicted intracellular proteins",
PRKG1,29.26108427927396,23.18467256367878,6.076411715595178,TRUE,"Disease related genes, Enzymes, Human disease related genes, Plasma proteins, Potential drug targets, Predicted intracellular proteins","Vesicles, Cytosol"
KRT14,77.0444639661167,83.92700223746026,-6.882538271343563,TRUE,"Cancer-related genes, Disease related genes, Human disease related genes, Plasma proteins, Predicted intracellular proteins",Intermediate filaments
OPA1,41.56444709469669,16.798845610270366,24.765601484426323,TRUE,"Disease related genes, Enzymes, Essential proteins, Human disease related genes, Plasma proteins, Potential drug targets, Predicted intracellular proteins, Transporters","Nucleoplasm, Mitochondria"
SEC22B,40.34731511199541,14.912311447703836,25.43500366429157,FALSE,"Essential proteins, Predicted intracellular proteins, Predicted membrane proteins",
OXCT1,54.847950127523085,69.58506312786655,-14.737113000343463,FALSE,"Disease related genes, Enzymes, Human disease related genes, Metabolic proteins, Potential drug targets, Predicted intracellular proteins",Mitochondria
PFDN6,30.7999310008029,18.788622967674502,12.011308033128397,TRUE,"Essential proteins, Plasma proteins, Predicted intracellular proteins","Nucleoplasm, Golgi apparatus"
TSPO,43.16725772678731,32.135326258537994,11.031931468249319,FALSE,"Cancer-related genes, FDA approved drug targets, Predicted membrane proteins",Mitochondria
MTR,20.519235696958358,53.922641291726926,-33.40340559476857,FALSE,"Disease related genes, Enzymes, FDA approved drug targets, Human disease related genes, Metabolic proteins, Predicted intracellular proteins","Microtubules, Primary cilium"
ALDH7A1,38.50051831992214,27.63087352177512,10.869644798147025,TRUE,"Disease related genes, Enzymes, Human disease related genes, Metabolic proteins, Plasma proteins, Potential drug targets, Predicted intracellular proteins",Mitochondria
PSMD11,21.946775600196585,9.876552440113484,12.070223160083101,TRUE,"Essential proteins, Plasma proteins, Predicted intracellular proteins","Nucleoplasm, Golgi apparatus"
DNM1L,34.340019748918685,31.432533672292788,2.907486076625897,TRUE,"Disease related genes, Enzymes, Essential proteins, Human disease related genes, Metabolic proteins, Plasma proteins, Potential drug targets, Predicted intracellular proteins, Transporters",Cytosol
NID1,109.78386086656882,24.450713235743734,85.33314763082508,TRUE,"Plasma proteins, Predicted secreted proteins",Vesicles
HSD17B8,59.38133779462681,27.436897789273413,31.944440005353396,FALSE,"Enzymes, Metabolic proteins, Predicted intracellular proteins",
SORBS1,85.67661748783793,25.69231408632223,59.9843034015157,FALSE,Predicted intracellular proteins,Focal adhesion sites
PDAP1,38.59120774973934,18.680578451425,19.91062929831434,TRUE,"Cancer-related genes, Essential proteins, Plasma proteins, Predicted intracellular proteins",Cytosol
HNRNPA3,46.36527015163821,34.82887366343191,11.5363964882063,TRUE,"Plasma proteins, Predicted intracellular proteins",Nucleoplasm
H1-0,31.992086290698612,62.27335067972138,-30.28126438902277,TRUE,"Plasma proteins, Predicted intracellular proteins","Nucleoplasm, Nuclear bodies"
PARVA,62.1059127286984,19.095734523190742,43.01017820550766,TRUE,"Plasma proteins, Predicted intracellular proteins, Predicted membrane proteins","Actin filaments, Focal adhesion sites"
LACTB,53.80683582017788,23.834758525791372,29.97207729438651,FALSE,"Enzymes, Essential proteins, Predicted intracellular proteins",Mitochondria
FSCN1,67.9755292422806,41.43981722680498,26.535712015475617,TRUE,"Cancer-related genes, Plasma proteins, Predicted intracellular proteins","Plasma membrane, Cytosol"
JPH1,50.46378742023673,51.90574612028455,-1.4419587000478202,FALSE,"Human disease related genes, Predicted membrane proteins, Transporters",Nucleoplasm
RPS13,32.81242174759682,13.775138238613438,19.037283508983386,TRUE,"Essential proteins, Plasma proteins, Predicted intracellular proteins, Ribosomal proteins",Endoplasmic reticulum
RPL31,40.9160385696828,33.298439334655555,7.617599235027242,TRUE,"Essential proteins, Plasma proteins, Predicted intracellular proteins, Ribosomal proteins",
TGFBI,59.75676619981252,46.99420196989024,12.762564229922276,TRUE,"Disease related genes, Human disease related genes, Plasma proteins, Predicted intracellular proteins, Predicted secreted proteins",
NSF,28.67302556960494,30.0890295956535,-1.4160040260485616,FALSE,"Disease related genes, Enzymes, Essential proteins, Human disease related genes, Potential drug targets, Predicted intracellular proteins, Transporters","Golgi apparatus, Cytosol"
PRMT5,29.64347653833902,12.068304341900738,17.57517219643828,TRUE,"Enzymes, Essential proteins, Plasma proteins, Predicted intracellular proteins","Nucleoplasm, Cytosol"
TOM1,44.9940097009481,13.183354351504278,31.81065534944382,FALSE,"Cancer-related genes, Disease related genes, Human disease related genes, Potential drug targets, Predicted intracellular proteins, Transporters",Cytosol
SELENOW,34.19761695394041,31.532084194799463,2.665532759140948,FALSE,Predicted intracellular proteins,
COPS5,19.214841525925767,10.98249808603788,8.232343439887886,FALSE,"Enzymes, Essential proteins, Predicted intracellular proteins",Nucleoplasm
DAG1,35.95875603711622,29.046356215200476,6.912399821915741,TRUE,"Disease related genes, Human disease related genes, Plasma proteins, Potential drug targets, Predicted membrane proteins, Transporters","Vesicles, Plasma membrane"
SRP9,28.66635288134366,21.390048238103475,7.276304643240184,FALSE,"Essential proteins, Predicted intracellular proteins, Transporters",
PREB,34.751118568901965,27.53579838389865,7.215320185003314,FALSE,"Essential proteins, Predicted intracellular proteins, Predicted membrane proteins, Transporters",Endoplasmic reticulum
DCTN2,18.897662642405052,13.241390262014955,5.656272380390098,FALSE,"Essential proteins, Predicted intracellular proteins","Centrosome, Basal body"
PSMD4,18.32364795435088,10.256770976610976,8.066876977739902,FALSE,"Cancer-related genes, Essential proteins, Predicted intracellular proteins",Nucleoplasm
LONP1,31.667123247338136,14.171112369564348,17.496010877773788,FALSE,"Disease related genes, Enzymes, Essential proteins, Human disease related genes, Potential drug targets, Predicted intracellular proteins",Mitochondria
FUS,18.720191845837434,28.700255384865425,-9.980063539027991,TRUE,"Cancer-related genes, Disease related genes, Human disease related genes, Plasma proteins, Predicted intracellular proteins",Nucleoplasm
CNN3,88.58985846779342,19.728036866283365,68.86182160151006,TRUE,"Plasma proteins, Predicted intracellular proteins",Actin filaments
COBL,21.121160496031575,12.750026026187014,8.371134469844561,FALSE,Predicted intracellular proteins,"Plasma membrane, Cell Junctions"
RTCB,21.576970887253353,14.474528311123905,7.102442576129448,FALSE,"Enzymes, Essential proteins, Predicted intracellular proteins",Nucleoplasm
SEPTIN9,77.81029299027745,23.96944820553427,53.840844784743176,TRUE,"Disease related genes, Human disease related genes, Plasma proteins, Predicted intracellular proteins",Actin filaments
RPL38,31.73670094197241,35.571688612512574,-3.8349876705401655,FALSE,"Essential proteins, Predicted intracellular proteins, Ribosomal proteins","Endoplasmic reticulum, Cytosol"
EIF2S1,25.777691393306085,12.003812919834722,13.773878473471363,TRUE,"Essential proteins, Plasma proteins, Predicted intracellular proteins",Cytosol
SLC25A20,38.90354033936047,23.10929205019,15.794248289170469,FALSE,"Disease related genes, Human disease related genes, Metabolic proteins, Potential drug targets, Predicted membrane proteins, Transporters","Mitochondria, Cytosol"
ARHGAP1,56.23564995724898,20.690289868918764,35.54536008833021,TRUE,"Plasma proteins, Predicted intracellular proteins, Predicted membrane proteins",Cytosol
COPS7A,26.936944002245582,14.057595502142798,12.879348500102784,FALSE,Predicted intracellular proteins,Nucleoplasm
ELOC,31.11940592945267,17.755560858350393,13.36384507110228,TRUE,"Essential proteins, Plasma proteins, Predicted intracellular proteins",Vesicles
DBT,48.43932328246698,34.02546863253071,14.413854649936269,TRUE,"Disease related genes, Enzymes, Human disease related genes, Metabolic proteins, Plasma proteins, Potential drug targets, Predicted intracellular proteins",Mitochondria
BDH1,76.82375268063655,31.35195778309578,45.47179489754076,FALSE,"Candidate cardiovascular disease genes, Enzymes, Metabolic proteins, Predicted intracellular proteins",Mitochondria
PAFAH1B1,30.017598208711583,8.375671362560547,21.641926846151037,TRUE,"Disease related genes, Essential proteins, Human disease related genes, Metabolic proteins, Plasma proteins, Predicted intracellular proteins",Centrosome
SLC25A42,31.95908246501611,48.05329919541349,-16.094216730397378,FALSE,"Disease related genes, Metabolic proteins, Potential drug targets, Predicted membrane proteins, Transporters",Mitochondria
SAMHD1,69.17658719748113,35.28826687441478,33.888320323066345,TRUE,"Disease related genes, Human disease related genes, Plasma proteins, Predicted intracellular proteins",Nucleoplasm
NEK7,37.007523502781495,22.709407091056804,14.298116411724692,FALSE,"Enzymes, Predicted intracellular proteins, Transporters",Nucleoplasm
MRPS36,29.68507509789929,23.113657210652647,6.571417887246643,FALSE,Predicted intracellular proteins,Mitochondria
ERI3,32.53038516506512,16.024379911653476,16.506005253411644,FALSE,Predicted intracellular proteins,"Nucleoplasm, Cytosol"
UBE2M,35.89695628963484,15.009727709451425,20.887228580183418,FALSE,"Enzymes, Essential proteins, Metabolic proteins, Predicted intracellular proteins",Nucleoplasm
RPL8,57.7018706181577,52.407258807080346,5.294611811077353,TRUE,"Essential proteins, Plasma proteins, Predicted intracellular proteins, Ribosomal proteins","Nucleoli, Endoplasmic reticulum, Cytosol"
NDUFS4,53.82551365044896,28.935207072511815,24.890306577937146,FALSE,"Disease related genes, Human disease related genes, Metabolic proteins, Predicted intracellular proteins",Mitochondria
RPS17,23.381290938320003,24.813061173345787,-1.431770235025784,FALSE,"Disease related genes, Essential proteins, Human disease related genes, Predicted intracellular proteins, Ribosomal proteins","Endoplasmic reticulum, Cytosol"
RAP2B,44.445448563439136,21.737194058775255,22.70825450466388,FALSE,"Enzymes, Predicted intracellular proteins",
TMED10,29.031385875974706,14.075847666791885,14.955538209182821,FALSE,"Essential proteins, Predicted membrane proteins, Transporters",Golgi apparatus
SMYD2,26.581514671408208,28.67073063447112,-2.0892159630629124,FALSE,"Enzymes, Predicted intracellular proteins",Cytosol
VPS4A,35.70953114499865,20.14466825462424,15.56486289037441,FALSE,"Disease related genes, Enzymes, Human disease related genes, Potential drug targets, Predicted intracellular proteins",Midbody
SGCA,33.851634331729514,28.549553095276426,5.302081236453088,FALSE,"Disease related genes, Human disease related genes, Predicted intracellular proteins, Predicted membrane proteins",
PRKAA2,24.843536229580035,9.611080280336104,15.232455949243931,FALSE,"Enzymes, FDA approved drug targets, Predicted membrane proteins, Transporters",Nuclear speckles
DNPEP,25.574600260458645,15.649949985821138,9.924650274637507,TRUE,"Enzymes, Plasma proteins, Predicted intracellular proteins, Predicted membrane proteins",Cytosol
PLPBP,45.939104490992165,30.191165307124322,15.747939183867842,FALSE,"Disease related genes, Human disease related genes, Predicted intracellular proteins",Cytosol
RAB14,35.358463304919866,17.753660884984544,17.60480241993532,TRUE,"Plasma proteins, Predicted intracellular proteins",Vesicles
RPL13,43.081258141780346,17.971303348661593,25.109954793118753,TRUE,"Disease related genes, Essential proteins, Human disease related genes, Plasma proteins, Predicted intracellular proteins, Ribosomal proteins","Nucleoli, Endoplasmic reticulum, Cytosol"
RALA,36.794022470635106,21.96917610010686,14.824846370528245,FALSE,"Disease related genes, Enzymes, Human disease related genes, Potential drug targets, Predicted intracellular proteins, RAS pathway related proteins",Plasma membrane
KIF5B,20.163920291488818,7.165237728249103,12.998682563239715,TRUE,"Cancer-related genes, Plasma proteins, Predicted intracellular proteins, Transporters","Centriolar satellite, Cytosol"
PSMD1,30.177600692731012,15.662942039870712,14.5146586528603,TRUE,"Essential proteins, Plasma proteins, Predicted intracellular proteins, Predicted membrane proteins",Nucleoplasm
DIAPH2,55.76924698101165,30.6450640774161,25.124182903595546,TRUE,"Disease related genes, Human disease related genes, Plasma proteins, Predicted intracellular proteins","Endoplasmic reticulum, Vesicles"
PFDN1,32.819799537782636,23.14124820951699,9.678551328265645,FALSE,"Essential proteins, Predicted intracellular proteins, Predicted membrane proteins","Plasma membrane, Cytosol"
SCCPDH,35.346776960792184,22.63060553546899,12.716171425323193,FALSE,"Metabolic proteins, Predicted membrane proteins",Vesicles
SLMAP,38.601920772839286,25.39186685013299,13.210053922706297,FALSE,"Predicted intracellular proteins, Predicted membrane proteins",Endoplasmic reticulum
GCDH,44.62736932989783,24.446573913684414,20.180795416213417,FALSE,"Disease related genes, Enzymes, Human disease related genes, Metabolic proteins, Potential drug targets, Predicted intracellular proteins",Mitochondria
MGLL,99.43573795269613,18.506424684855254,80.92931326784088,FALSE,"Enzymes, Metabolic proteins, Predicted intracellular proteins",Vesicles
SCRN3,50.80318823540316,28.920798121939967,21.882390113463195,FALSE,"Enzymes, Predicted intracellular proteins","Vesicles, Cytosol"
MECR,58.46390114565262,24.6352699857562,33.82863115989642,FALSE,"Disease related genes, Enzymes, Human disease related genes, Metabolic proteins, Potential drug targets, Predicted intracellular proteins",Mitochondria
TRAP1,41.80605700978661,21.52233668590566,20.283720323880953,TRUE,"Plasma proteins, Predicted intracellular proteins",Mitochondria
DENR,19.39193827826777,18.196365754121167,1.195572524146602,TRUE,"Essential proteins, Plasma proteins, Predicted intracellular proteins",Cytosol
ENDOD1,34.043978338365925,15.04223352774897,19.001744810616955,TRUE,"Plasma proteins, Predicted membrane proteins, Predicted secreted proteins",Nuclear membrane
COQ10B,89.04298920900867,46.636983987425886,42.40600522158278,FALSE,Predicted intracellular proteins,Cytosol
SEPTIN2,47.63672986976396,17.181594660371093,30.455135209392868,TRUE,"Cancer-related genes, Plasma proteins, Predicted intracellular proteins",Actin filaments
UBE2K,27.2187434761164,13.989809877088849,13.228933599027553,FALSE,"Enzymes, Metabolic proteins, Predicted intracellular proteins",Cytosol
EPRS1,26.980209069622106,8.27221835337806,18.707990716244048,TRUE,"Disease related genes, Enzymes, Essential proteins, Human disease related genes, Metabolic proteins, Plasma proteins, Potential drug targets, Predicted intracellular proteins",Cytosol
GPS1,38.26547019423576,19.332864798955736,18.932605395280024,TRUE,"Essential proteins, Plasma proteins, Predicted intracellular proteins",Nucleoplasm
PANK4,41.340189913015394,11.03693714948968,30.303252763525713,FALSE,"Disease related genes, Human disease related genes, Metabolic proteins, Predicted intracellular proteins",Cytosol
TRDN,60.00847238166346,33.821843148720035,26.186629232943424,TRUE,"Disease related genes, Human disease related genes, Plasma proteins, Potential drug targets, Predicted intracellular proteins, Predicted membrane proteins, Transporters","Plasma membrane, Cytosol"
CYBRD1,87.93154984804411,19.598336479207507,68.33321336883661,FALSE,"Enzymes, Metabolic proteins, Predicted membrane proteins, Transporters",Plasma membrane
HNRNPR,18.723279803737583,28.702434239243807,-9.979154435506224,TRUE,"Plasma proteins, Predicted intracellular proteins",Nucleoplasm
AP2A1,37.011585034037104,14.90154900860588,22.110036025431224,FALSE,"Predicted intracellular proteins, Transporters",Vesicles
NAPRT,27.854385993419072,43.21093714559433,-15.356551152175257,FALSE,"Enzymes, Metabolic proteins, Predicted intracellular proteins",Golgi apparatus
PEPD,24.764833174450832,26.075693019410163,-1.3108598449593316,TRUE,"Disease related genes, Enzymes, Human disease related genes, Metabolic proteins, Plasma proteins, Potential drug targets, Predicted intracellular proteins",Nucleoplasm
SULT1A1,88.68335049607461,39.820077440517366,48.863273055557244,FALSE,"Enzymes, Metabolic proteins, Predicted intracellular proteins",
RPS21,14.872752354064797,14.077524811583933,0.7952275424808644,TRUE,"Essential proteins, Plasma proteins, Predicted intracellular proteins, Ribosomal proteins","Endoplasmic reticulum, Cytosol"
ERAP1,35.2770690504192,41.45415998818127,-6.177090937762067,TRUE,"Enzymes, Plasma proteins, Predicted intracellular proteins, Predicted secreted proteins","Nucleoplasm, Cytosol"
ERGIC1,21.797459640442902,19.098210164515432,2.69924947592747,FALSE,"Disease related genes, Human disease related genes, Predicted membrane proteins","Nucleoplasm, Vesicles"
RPS15,97.66502403042405,81.70205258517052,15.96297144525353,FALSE,"Cancer-related genes, Essential proteins, Predicted intracellular proteins, Ribosomal proteins","Endoplasmic reticulum, Cytosol"
PLIN2,40.39793404560077,68.3207038084324,-27.922769762831628,TRUE,"Metabolic proteins, Plasma proteins, Predicted intracellular proteins",Lipid droplets
EFEMP1,88.57724907285596,27.943524932109256,60.63372414074671,TRUE,"Disease related genes, Human disease related genes, Plasma proteins, Predicted intracellular proteins, Predicted secreted proteins",Mitochondria
IVD,36.99710288151944,37.3448294548658,-0.3477265733463639,FALSE,"Disease related genes, Enzymes, Human disease related genes, Metabolic proteins, Potential drug targets, Predicted intracellular proteins",Mitochondria
RPL17,35.04267971110915,39.17063830969246,-4.127958598583305,TRUE,"Essential proteins, Plasma proteins, Predicted intracellular proteins, Ribosomal proteins","Endoplasmic reticulum, Cytosol"
SLC1A4,46.352378820891516,43.894130079867196,2.4582487410243203,TRUE,"Disease related genes, Human disease related genes, Metabolic proteins, Plasma proteins, Potential drug targets, Predicted membrane proteins, Transporters",Centrosome
SYNCRIP,22.04132987329974,28.40045495484581,-6.359125081546068,TRUE,"Plasma proteins, Predicted intracellular proteins",Nucleoplasm
PTBP1,95.45916389333573,17.50843112112822,77.95073277220752,TRUE,"Plasma proteins, Predicted intracellular proteins",Nucleoplasm
RPS8,15.175844777652467,22.979269979213647,-7.803425201561181,TRUE,"Essential proteins, Plasma proteins, Predicted intracellular proteins, Ribosomal proteins","Endoplasmic reticulum, Cytosol"
SPRYD4,57.70563577300376,28.11877590493101,29.586859868072754,FALSE,"Essential proteins, Predicted intracellular proteins",Nucleoplasm
DPP3,20.643486309238636,25.12518737870154,-4.481701069462904,TRUE,"Enzymes, Plasma proteins, Predicted intracellular proteins",Cytosol
CCS,55.677459294114385,28.560704681755727,27.11675461235866,TRUE,"Plasma proteins, Predicted intracellular proteins",
MT-ATP8,102.66421490914679,41.2973053190185,61.366909590128294,FALSE,"Disease related genes, Human disease related genes, Metabolic proteins, Potential drug targets, Predicted membrane proteins, Transporters",
OCIAD1,34.199745805844664,25.672647220812472,8.527098585032192,FALSE,"Predicted intracellular proteins, Predicted membrane proteins",Vesicles
TNS1,71.13963706377184,22.354020460245287,48.785616603526556,TRUE,"Plasma proteins, Predicted intracellular proteins",Focal adhesion sites
EIF3A,24.38717285970918,17.030465601437474,7.356707258271708,FALSE,"Essential proteins, Predicted intracellular proteins","Nucleoplasm, Cytosol"
PURA,35.82903667206197,22.13923498634643,13.689801685715537,TRUE,"Cancer-related genes, Disease related genes, Human disease related genes, Plasma proteins, Predicted intracellular proteins, Transcription factors",
ESYT1,81.35609552517322,20.716030093166047,60.64006543200717,FALSE,"Predicted intracellular proteins, Predicted membrane proteins, Transporters",Endoplasmic reticulum
SUCLG2,47.800811422603694,29.727592129629453,18.07321929297424,TRUE,"Citric acid cycle related proteins, Enzymes, Metabolic proteins, Plasma proteins, Predicted intracellular proteins",Mitochondria
DDOST,31.188966114971123,21.369269816324103,9.81969629864702,TRUE,"Disease related genes, Essential proteins, Human disease related genes, Metabolic proteins, Plasma proteins, Potential drug targets, Predicted intracellular proteins, Predicted membrane proteins, Transporters",Endoplasmic reticulum
VARS1,32.4024757824227,10.49435663198258,21.90811915044012,TRUE,"Disease related genes, Enzymes, Essential proteins, Human disease related genes, Metabolic proteins, Plasma proteins, Potential drug targets, Predicted intracellular proteins","Endoplasmic reticulum, Cytosol"
RPL27,27.498725364924333,23.146180510038374,4.352544854885959,FALSE,"Cancer-related genes, Disease related genes, Essential proteins, Human disease related genes, Predicted intracellular proteins, Ribosomal proteins",Nucleoli
C1R,50.69990632917115,16.23982962725232,34.46007670191883,FALSE,"Human disease related genes, Predicted intracellular proteins","Nucleoplasm, Cytosol"
ITGA7,41.971321340030215,18.003980878696122,23.967340461334093,FALSE,"Disease related genes, Human disease related genes, Potential drug targets, Predicted membrane proteins, Transporters",Plasma membrane
NPLOC4,40.131647678040075,20.150709878073876,19.9809377999662,FALSE,"Essential proteins, Predicted intracellular proteins, Transporters","Nucleoplasm, Cytosol"
FECH,44.54103299130768,22.67106797566338,21.8699650156443,FALSE,"Disease related genes, Enzymes, Essential proteins, Human disease related genes, Metabolic proteins, Potential drug targets, Predicted intracellular proteins",
GLIPR2,81.18843302058998,44.8480127702828,36.34042025030718,TRUE,"Plasma proteins, Predicted intracellular proteins",Vesicles
NIBAN1,27.544919661192292,46.82243810600623,-19.27751844481394,FALSE,"Cancer-related genes, Predicted intracellular proteins","Plasma membrane, Cytosol"
ISOC1,38.88101147016138,27.646586871068735,11.234424599092648,FALSE,Predicted intracellular proteins,"Endoplasmic reticulum, Vesicles"
ABHD10,40.34544200741422,22.22116577932212,18.1242762280921,FALSE,"Enzymes, Predicted intracellular proteins",Mitochondria
NDUFA11,31.87371528613676,23.639356333120233,8.234358953016528,TRUE,"Disease related genes, Essential proteins, Human disease related genes, Metabolic proteins, Plasma proteins, Predicted intracellular proteins, Predicted membrane proteins","Mitochondria, End piece"
TRIM54,30.42325331460873,13.706160157125765,16.717093157482964,FALSE,Predicted intracellular proteins,"Plasma membrane, Cytosol"
SNRPD3,24.07253446300733,18.095805406025228,5.976729056982101,TRUE,"Essential proteins, Plasma proteins, Predicted intracellular proteins",Nucleoplasm
ME2,38.06609430319178,40.73750869732421,-2.6714143941324267,TRUE,"Enzymes, Metabolic proteins, Plasma proteins, Predicted intracellular proteins",Mitochondria
PSMC4,30.618743731333005,21.570043875879012,9.048699855453993,TRUE,"Essential proteins, Plasma proteins, Predicted intracellular proteins","Nucleoplasm, Cytosol"
RTCA,34.08771475875828,11.941976971733911,22.14573778702437,FALSE,"Enzymes, Metabolic proteins, Predicted intracellular proteins",Nucleoplasm
NDUFB5,58.06527570426561,32.077972056947296,25.987303647318313,FALSE,"Metabolic proteins, Predicted intracellular proteins, Predicted membrane proteins",Mitochondria
ERLIN2,24.46744264837214,18.243577577550003,6.223865070822136,FALSE,"Disease related genes, Human disease related genes, Potential drug targets, Predicted intracellular proteins, Transporters",Endoplasmic reticulum
PDCD6,33.83181021265342,17.906328837324455,15.925481375328967,TRUE,"Plasma proteins, Predicted intracellular proteins, Transporters",Cytosol
LXN,65.21515276010085,46.73480683137573,18.48034592872512,FALSE,Predicted intracellular proteins,"Nucleoplasm, Cytosol"
VAMP3,29.78656169178055,17.030079651998822,12.756482039781726,FALSE,"Cancer-related genes, Predicted membrane proteins, Transporters",
LYPLA2,38.005287303368206,8.149101626440908,29.856185676927296,FALSE,"Enzymes, Metabolic proteins, Predicted intracellular proteins","Nucleoplasm, Cytosol"
VAMP2,41.35421551153634,15.983052173169535,25.371163338366806,FALSE,"Disease related genes, FDA approved drug targets, Human disease related genes, Predicted membrane proteins, Transporters",
RPL7A,24.283063118384288,16.75007964536884,7.532983473015449,TRUE,"Disease related genes, Essential proteins, Plasma proteins, Predicted intracellular proteins, Ribosomal proteins",Nucleoli
UBE2I,37.453874477913985,29.125872839050075,8.32800163886391,TRUE,"Cancer-related genes, Essential proteins, Metabolic proteins, Plasma proteins, Predicted intracellular proteins, Transporters",Nucleoplasm
NRAP,63.52208576549317,34.39832838463499,29.12375738085818,TRUE,"Plasma proteins, Predicted intracellular proteins",Intermediate filaments
PSMC5,16.770142711366365,16.188006355904523,0.5821363554618415,TRUE,"Essential proteins, Plasma proteins, Predicted intracellular proteins","Plasma membrane, Cytosol"
PRKAG1,51.987525790533596,15.469150116191177,36.51837567434242,FALSE,"FDA approved drug targets, Predicted intracellular proteins","Nuclear bodies, Cytosol"
XRCC6,26.001452619907667,14.774854337016505,11.226598282891162,TRUE,"Cancer-related genes, Essential proteins, Plasma proteins, Predicted intracellular proteins",Nucleoplasm
PAICS,24.046330149711018,16.832835808760102,7.213494340950916,TRUE,"Disease related genes, Enzymes, Essential proteins, Metabolic proteins, Plasma proteins, Potential drug targets, Predicted intracellular proteins",Cytosol
MTAP,30.415605162156083,33.450917249760415,-3.035312087604332,TRUE,"Disease related genes, Enzymes, Metabolic proteins, Plasma proteins, Potential drug targets, Predicted intracellular proteins",Cytosol
SLC16A1,50.20417036171402,27.255768576283018,22.948401785431003,FALSE,"Disease related genes, Human disease related genes, Metabolic proteins, Potential drug targets, Predicted membrane proteins, Transporters","Plasma membrane, Cell Junctions"
HLA-DRA,25.455514589554035,26.368438654738974,-0.9129240651849386,TRUE,"Plasma proteins, Predicted membrane proteins",
FAM114A2,27.207247594152083,26.027876502178675,1.1793710919734082,FALSE,Predicted intracellular proteins,Vesicles
CPPED1,48.269205703430664,40.54586557773414,7.723340125696524,FALSE,"Enzymes, Predicted intracellular proteins",Cytosol
RPN2,20.239075650366665,15.08024466414308,5.158830986223585,TRUE,"Essential proteins, Metabolic proteins, Plasma proteins, Predicted intracellular proteins, Predicted membrane proteins, Transporters",Endoplasmic reticulum
CYB5B,49.979760991909146,18.37408005290384,31.605680939005307,TRUE,"Plasma proteins, Predicted intracellular proteins, Predicted membrane proteins",Endoplasmic reticulum
NAMPT,44.562176426796384,41.3917837363139,3.170392690482487,TRUE,"Cancer-related genes, Enzymes, Metabolic proteins, Plasma proteins, Predicted intracellular proteins, Predicted secreted proteins",Nuclear speckles
CAMK2A,43.60640617655269,40.455816581025935,3.1505895955267533,TRUE,"Disease related genes, Enzymes, Human disease related genes, Plasma proteins, Potential drug targets, Predicted intracellular proteins, Predicted membrane proteins","Plasma membrane, Primary cilium tip, Primary cilium transition zone, Principal piece"
SGTA,30.90494762417024,21.692566982234034,9.212380641936207,FALSE,Predicted intracellular proteins,Nucleoplasm
CNN2,69.81739596755203,43.38228942809474,26.435106539457294,TRUE,"Plasma proteins, Predicted intracellular proteins",Actin filaments
IAH1,39.50086727627564,32.4000208181916,7.1008464580840425,FALSE,Predicted intracellular proteins,Nucleoplasm
UBAC1,33.31814213794288,16.374907624633934,16.943234513308944,FALSE,Predicted intracellular proteins,"Plasma membrane, Cytosol"
CLTB,45.52041601023526,9.153265175536363,36.3671508346989,TRUE,"Plasma proteins, Predicted intracellular proteins, Transporters",Vesicles
TMCO1,49.08100108933356,36.87243148692539,12.208569602408168,FALSE,"Disease related genes, Human disease related genes, Potential drug targets, Predicted membrane proteins, Transporters",Endoplasmic reticulum
HNRNPA1,38.84370755245033,26.25820564519464,12.585501907255694,TRUE,"Disease related genes, Human disease related genes, Plasma proteins, Predicted intracellular proteins",Nucleoplasm
APOL1,85.63198319158852,86.74868029087841,-1.116697099289894,TRUE,"Candidate cardiovascular disease genes, Disease related genes, Human disease related genes, Plasma proteins, Potential drug targets, Predicted membrane proteins, Predicted secreted proteins, Transporters",
SUOX,44.122970480607485,19.68639548631171,24.436574994295775,FALSE,"Disease related genes, Enzymes, Human disease related genes, Metabolic proteins, Potential drug targets, Predicted intracellular proteins",
HSPB8,29.660883842721464,40.62079609910982,-10.959912256388353,FALSE,"Disease related genes, Human disease related genes, Predicted intracellular proteins",Cytosol
PSMD9,41.23759769236231,12.427708084309398,28.80988960805291,TRUE,"Plasma proteins, Predicted intracellular proteins",Cytosol
MCEE,64.99334014921415,44.97069722912448,20.022642920089666,FALSE,"Disease related genes, Enzymes, Human disease related genes, Metabolic proteins, Potential drug targets, Predicted intracellular proteins",Nucleoli
SIRT3,46.4332787348414,28.02605768528058,18.40722104956082,FALSE,"Enzymes, Metabolic proteins, Predicted intracellular proteins",
XPNPEP1,30.30891458014928,24.10554763674616,6.203366943403122,FALSE,"Enzymes, Predicted intracellular proteins",Cytosol
MAPRE1,22.695236997122016,8.324418650877572,14.370818346244445,TRUE,"Plasma proteins, Predicted intracellular proteins","Centrosome, Cytosol"
SRSF1,26.190615730758548,21.131196523436444,5.0594192073221045,TRUE,"Essential proteins, Plasma proteins, Predicted intracellular proteins",Nucleoplasm
SHMT1,33.25617051014739,30.35571113748356,2.900459372663832,TRUE,"Enzymes, Metabolic proteins, Plasma proteins, Predicted intracellular proteins",Cytosol
SRSF6,29.463195254655833,23.52072394235652,5.942471312299315,FALSE,"Essential proteins, Predicted intracellular proteins",Nuclear speckles
HNRNPH2,39.92303395286779,40.48228964800488,-0.5592556951370895,FALSE,"Disease related genes, Human disease related genes, Predicted intracellular proteins",Nucleoplasm
TMEM205,39.72268012601142,23.774280907551027,15.948399218460391,FALSE,"Predicted intracellular proteins, Predicted membrane proteins, Transporters",Endoplasmic reticulum
CKAP4,68.86028335105884,41.67940495623872,27.18087839482012,FALSE,"Predicted intracellular proteins, Predicted membrane proteins, Transporters",Endoplasmic reticulum
G6PD,57.87606135407072,10.61679472909664,47.25926662497408,TRUE,"Cancer-related genes, Disease related genes, Enzymes, Human disease related genes, Metabolic proteins, Plasma proteins, Potential drug targets, Predicted intracellular proteins",Cytosol
ERP29,29.503056641979647,16.92153639120149,12.581520250778158,TRUE,"Plasma proteins, Predicted intracellular proteins",Microtubules
DNM2,13.226520367277267,9.516387141408513,3.710133225868754,TRUE,"Cancer-related genes, Disease related genes, Enzymes, Essential proteins, Human disease related genes, Metabolic proteins, Plasma proteins, Potential drug targets, Predicted intracellular proteins, Transporters","Golgi apparatus, Cytosol"
CACNB1,34.710837551181015,12.700175175081268,22.010662376099745,FALSE,"FDA approved drug targets, Predicted intracellular proteins",
VTA1,28.057517606791983,16.2743833958651,11.783134210926882,TRUE,"Plasma proteins, Predicted intracellular proteins","Nucleoplasm, Vesicles, Cytosol"
ACY1,50.88116263000465,37.417913453257746,13.463249176746906,TRUE,"Disease related genes, Enzymes, Human disease related genes, Metabolic proteins, Plasma proteins, Potential drug targets, Predicted intracellular proteins",Vesicles
CALD1,71.42108126096845,24.295562986797016,47.125518274171434,TRUE,"Plasma proteins, Predicted intracellular proteins","Plasma membrane, Actin filaments"
GGT5,57.25003005217337,50.00736305447322,7.242666997700155,FALSE,"Enzymes, Metabolic proteins, Predicted intracellular proteins",Nucleoli fibrillar center
RPL35A,55.19980709804761,22.600061879849193,32.599745218198414,FALSE,"Disease related genes, Essential proteins, Human disease related genes, Predicted intracellular proteins, Ribosomal proteins",
RANBP1,63.00220075334999,30.529766341503866,32.47243441184612,TRUE,"Essential proteins, Plasma proteins, Predicted intracellular proteins",Cytosol
STUB1,33.76380335070602,14.142379976428735,19.621423374277285,FALSE,"Disease related genes, Enzymes, Human disease related genes, Metabolic proteins, Potential drug targets, Predicted intracellular proteins","Nucleoplasm, Cytosol"
METAP2,31.172179351522228,10.75885596939054,20.413323382131686,TRUE,"Enzymes, Essential proteins, Plasma proteins, Predicted intracellular proteins","Plasma membrane, Cytosol"
CARNS1,38.08893307435033,49.5227665171998,-11.433833442849469,FALSE,"Enzymes, Metabolic proteins, Predicted intracellular proteins",Mitochondria
BZW1,39.60703032397836,41.15193088922403,-1.5449005652456762,FALSE,Predicted intracellular proteins,Vesicles
CTSG,76.82973318534489,41.83291018063658,34.99682300470831,TRUE,"Enzymes, Metabolic proteins, Plasma proteins, Predicted intracellular proteins",
MAPK12,47.9894108852928,27.639986969241676,20.349423916051123,FALSE,"Disease related genes, Enzymes, Potential drug targets, Predicted intracellular proteins",Nuclear speckles
MTX2,60.11555279993826,40.6439435579831,19.471609241955157,FALSE,"Disease related genes, Predicted intracellular proteins",Mitochondria
GCLM,69.22785416820518,25.211580570530707,44.01627359767448,FALSE,"Cancer-related genes, Human disease related genes, Metabolic proteins, Predicted intracellular proteins","Nucleoplasm, Cytosol"
SYPL1,31.477141431179827,33.160342233251086,-1.6832008020712586,FALSE,Predicted membrane proteins,
FERMT2,33.92609213479636,15.945772614638228,17.980319520158133,FALSE,Predicted intracellular proteins,Focal adhesion sites
MRRF,39.17873084650683,26.329311717637687,12.849419128869144,FALSE,Predicted intracellular proteins,"Microtubules, Cytokinetic bridge"
HNRNPU,30.02814174332591,23.228580031062396,6.799561712263515,TRUE,"Disease related genes, Essential proteins, Human disease related genes, Plasma proteins, Predicted intracellular proteins",Nucleoplasm
NIT1,48.764573312533905,19.06906838862537,29.695504923908533,FALSE,"Enzymes, Predicted intracellular proteins","Mitochondria, Cytosol"
KLC1,24.135439922678938,9.356649465881892,14.778790456797045,FALSE,Predicted intracellular proteins,"Plasma membrane, Acrosome, Equatorial segment"
COQ5,53.989523308416764,24.950571362721465,29.0389519456953,FALSE,"Disease related genes, Enzymes, Human disease related genes, Metabolic proteins, Potential drug targets, Predicted intracellular proteins","Nucleoli, Mitochondria"
RNF123,38.00331009149346,10.278994130502772,27.724315960990687,FALSE,"Enzymes, Metabolic proteins, Predicted intracellular proteins",Cytosol
COPB2,65.47371643506999,64.99419356141709,0.4795228736528969,TRUE,"Disease related genes, Essential proteins, Human disease related genes, Metabolic proteins, Plasma proteins, Predicted intracellular proteins",Endoplasmic reticulum
SYNM,53.005222001620766,54.69531063605061,-1.6900886344298414,FALSE,Predicted intracellular proteins,Intermediate filaments
SEC23A,23.403194052324686,10.33711679063769,13.066077261686996,TRUE,"Disease related genes, Human disease related genes, Plasma proteins, Predicted intracellular proteins","Endoplasmic reticulum, Cytosol"
USO1,41.14653792656585,15.14814742600978,25.99839050055607,FALSE,"Essential proteins, Predicted intracellular proteins",Golgi apparatus
SARS1,15.167950751514208,18.72833324003288,-3.5603824885186732,TRUE,"Disease related genes, Enzymes, Essential proteins, Human disease related genes, Metabolic proteins, Plasma proteins, Potential drug targets, Predicted intracellular proteins",Cytosol
GARS1,34.20337931211929,18.379844543889337,15.823534768229951,TRUE,"Disease related genes, Enzymes, Essential proteins, Human disease related genes, Metabolic proteins, Plasma proteins, Potential drug targets, Predicted intracellular proteins",Cytosol
GMFG,80.89418477108973,51.6246592372995,29.26952553379023,TRUE,"Plasma proteins, Predicted intracellular proteins","Nucleoplasm, Cytosol"
ASPA,45.14577340396914,58.34182813947341,-13.19605473550427,FALSE,"Disease related genes, Enzymes, Human disease related genes, Metabolic proteins, Potential drug targets, Predicted intracellular proteins",Cytosol
PGM2,53.55612715927263,19.080676014024935,34.47545114524769,FALSE,"Enzymes, Metabolic proteins, Predicted intracellular proteins",Intermediate filaments
KRAS,41.648683396230744,32.8127790542264,8.835904342004348,FALSE,"Cancer-related genes, Disease related genes, Enzymes, FDA approved drug targets, Human disease related genes, Predicted intracellular proteins, RAS pathway related proteins",Cytosol
THAP4,86.52886963822665,46.34102319353705,40.187846444689605,FALSE,"Predicted intracellular proteins, Predicted membrane proteins, Transcription factors","Nucleoplasm, Cytosol"
NIF3L1,22.180229627833214,18.567117294134768,3.613112333698446,TRUE,"Plasma proteins, Predicted intracellular proteins, Predicted membrane proteins",Vesicles
GRPEL1,72.13173546549766,27.629291885378766,44.50244358011889,FALSE,"Essential proteins, Predicted intracellular proteins",Mitochondria
RNF7,45.27914678303097,14.710277867730223,30.568868915300744,FALSE,Predicted intracellular proteins,Nucleoplasm
RPS11,23.049977803976855,33.816162644485686,-10.766184840508831,TRUE,"Essential proteins, Plasma proteins, Predicted intracellular proteins, Ribosomal proteins",Cytosol
RPL30,24.750940830333164,18.76499058604436,5.985950244288805,TRUE,"Essential proteins, Plasma proteins, Predicted intracellular proteins, Ribosomal proteins","Endoplasmic reticulum, Cytosol"
LIMS1,28.643006540876637,22.321846007940106,6.321160532936531,TRUE,"Plasma proteins, Predicted intracellular proteins",Cytosol
DDAH2,79.34511785747786,25.763745758381813,53.58137209909604,TRUE,"Enzymes, Metabolic proteins, Plasma proteins, Predicted intracellular proteins",Mitochondria
TLN2,66.64174968430292,31.68773854875032,34.954011135552605,TRUE,"Plasma proteins, Predicted intracellular proteins","Focal adhesion sites, Cytosol"
PTRHD1,68.23332907293378,12.833243644662348,55.40008542827144,FALSE,"Enzymes, Predicted intracellular proteins",Nucleoplasm
FAHD1,53.37769061669735,35.30327779619164,18.074412820505714,FALSE,"Enzymes, Metabolic proteins, Predicted intracellular proteins",Mitochondria
MCM3AP,97.21036834239143,68.31387113920117,28.896497203190265,FALSE,"Disease related genes, Enzymes, Essential proteins, Human disease related genes, Potential drug targets, Predicted intracellular proteins, Transporters","Nuclear membrane, Cytosol"
HSD17B12,34.095092256000015,21.251410049677858,12.843682206322157,FALSE,"Enzymes, Metabolic proteins, Predicted intracellular proteins, Predicted membrane proteins",
EPB41L2,82.12688414988527,22.616475898977214,59.51040825090806,TRUE,"Plasma proteins, Predicted intracellular proteins, Predicted membrane proteins",Plasma membrane
HNRNPDL,28.04311184119789,26.48472873709884,1.5583831040990503,FALSE,"Disease related genes, Human disease related genes, Predicted intracellular proteins",Nucleoplasm
SEPTIN11,61.07362637594864,16.914202058191183,44.159424317757455,TRUE,"Disease related genes, Plasma proteins, Predicted intracellular proteins",Cytosol
DHCR24,43.119923721384595,27.60377289705686,15.516150824327735,FALSE,"Disease related genes, Enzymes, Human disease related genes, Metabolic proteins, Potential drug targets, Predicted intracellular proteins, Predicted membrane proteins",
UFM1,27.051332851389233,14.83526491314582,12.216067938243413,TRUE,"Disease related genes, Human disease related genes, Plasma proteins, Predicted intracellular proteins",
PPP5C,29.537594262968938,9.18390725233063,20.353687010638307,FALSE,"Enzymes, Predicted intracellular proteins","Vesicles, Cytosol"
CNBP,47.340239993719344,16.41915306628842,30.921086927430924,TRUE,"Cancer-related genes, Disease related genes, Human disease related genes, Plasma proteins, Predicted intracellular proteins",Nucleoplasm
SELENOP,67.0740800312381,56.25609629498356,10.81798373625454,TRUE,"Plasma proteins, Predicted membrane proteins, Predicted secreted proteins","Nucleoplasm, Golgi apparatus"
ATP6V1E1,52.10409016747772,35.32348980034651,16.780600367131214,TRUE,"Disease related genes, Essential proteins, Human disease related genes, Metabolic proteins, Plasma proteins, Potential drug targets, Predicted intracellular proteins, Transporters",
RTN3,74.2456245859553,20.937014482068598,53.3086101038867,FALSE,"Predicted intracellular proteins, Predicted membrane proteins",Endoplasmic reticulum
MAPK3,58.27866335733596,20.292692555722073,37.98597080161389,FALSE,"Cancer-related genes, Enzymes, FDA approved drug targets, Predicted intracellular proteins, RAS pathway related proteins",Nucleoplasm
PUF60,38.51907317186441,36.51905042847036,2.000022743394055,FALSE,"Disease related genes, Essential proteins, Human disease related genes, Predicted intracellular proteins",Nucleoplasm
PICALM,82.27723954798023,24.521644233709512,57.75559531427072,FALSE,"Cancer-related genes, Disease related genes, Human disease related genes, Predicted intracellular proteins",Vesicles
COX19,28.07903928881964,32.70740931585907,-4.628370027039427,FALSE,Predicted intracellular proteins,Cytosol
ACAT2,47.60775659022774,27.505951385383092,20.101805204844645,TRUE,"Enzymes, Metabolic proteins, Plasma proteins, Predicted intracellular proteins",Cytosol
VKORC1L1,33.13866126618773,35.76493310644689,-2.6262718402591574,FALSE,"Enzymes, FDA approved drug targets, Predicted membrane proteins",Endoplasmic reticulum
PDIA4,42.35604722925866,13.659457450155198,28.69658977910346,TRUE,"Enzymes, Metabolic proteins, Plasma proteins, Predicted intracellular proteins",Endoplasmic reticulum
FAM136A,33.829848505656315,20.515822791048794,13.31402571460752,FALSE,"Essential proteins, Predicted intracellular proteins",Mitochondria
VPS35,42.25878684112302,11.024802966717532,31.23398387440549,TRUE,"Disease related genes, Essential proteins, Human disease related genes, Plasma proteins, Potential drug targets, Predicted intracellular proteins, Transporters","Endosomes, Lysosomes"
PRKAA1,38.0056521483754,16.067081497448676,21.93857065092672,FALSE,"Enzymes, FDA approved drug targets, Predicted intracellular proteins",Nuclear speckles
COA6,59.22513195806691,33.1346784783333,26.09045347973361,FALSE,"Disease related genes, Human disease related genes, Predicted intracellular proteins",Mitochondria
RPL6,25.231485627662213,18.578125436763624,6.653360190898589,FALSE,"Essential proteins, Predicted intracellular proteins, Ribosomal proteins",
MCU,41.444414168910654,31.722638903684008,9.721775265226647,FALSE,"Predicted intracellular proteins, Predicted membrane proteins",Mitochondria
SMAP1,26.62560178925813,22.661144303417117,3.964457485841013,FALSE,Predicted intracellular proteins,"Plasma membrane, Cytosol"
VPS26A,14.48808644634642,18.036350350692594,-3.5482639043461734,TRUE,"Plasma proteins, Predicted intracellular proteins, Transporters","Endosomes, Lysosomes"
ARPP19,53.01091363631863,16.09056255803666,36.92035107828197,FALSE,"Essential proteins, Predicted intracellular proteins","Vesicles, Basal body"
ARPC2,66.70569602680528,13.78863747739247,52.917058549412815,TRUE,"Essential proteins, Plasma proteins, Predicted intracellular proteins",Nucleoplasm
GSTM4,90.64482769706024,113.45319290776428,-22.80836521070404,FALSE,"Enzymes, Metabolic proteins, Predicted intracellular proteins",Cytosol
OPTN,28.028449308557736,33.7271597321741,-5.698710423616365,FALSE,"Disease related genes, Human disease related genes, Potential drug targets, Predicted intracellular proteins, Transporters",Cytosol
ARF6,29.5384926871182,22.480145900501004,7.0583467866171965,FALSE,"Enzymes, Predicted intracellular proteins, RAS pathway related proteins",Cytosol
PRDX4,29.20898838290465,17.313761599767226,11.895226783137424,FALSE,"Cancer-related genes, Enzymes, Predicted intracellular proteins",Endoplasmic reticulum
DYNC1LI2,47.967534376198664,26.997457800467807,20.970076575730857,FALSE,Predicted intracellular proteins,"Centrosome, End piece"
CD44,98.67472978350074,29.00663622702241,69.66809355647833,TRUE,"Blood group antigen proteins, Cancer-related genes, CD markers, FDA approved drug targets, Plasma proteins, Predicted intracellular proteins, Predicted membrane proteins, Predicted secreted proteins, Transporters",Plasma membrane
TPP2,29.527465980934064,11.587754952639484,17.93971102829458,TRUE,"Disease related genes, Enzymes, Human disease related genes, Plasma proteins, Potential drug targets, Predicted intracellular proteins","Nuclear bodies, Cytosol"
SPARC,53.135582404932556,24.631910692077067,28.50367171285549,TRUE,"Cancer-related genes, Disease related genes, Human disease related genes, Plasma proteins, Predicted intracellular proteins, Predicted secreted proteins",Vesicles
HMBS,61.58497746918257,18.35528236703262,43.22969510214995,TRUE,"Disease related genes, Enzymes, Human disease related genes, Metabolic proteins, Plasma proteins, Potential drug targets, Predicted intracellular proteins",Lipid droplets
AIMP1,34.27626739320681,12.774332315732243,21.501935077474563,FALSE,"Disease related genes, Human disease related genes, Predicted intracellular proteins, Predicted secreted proteins",Cytosol
AHSA1,35.32249457994913,19.238014332610835,16.084480247338295,TRUE,"Plasma proteins, Predicted intracellular proteins, Transporters",Cytosol
CRIP2,51.40022335547446,49.325671303683016,2.074552051791443,FALSE,Predicted intracellular proteins,Nucleoli
ACTR3,36.734290004425795,14.46986945324176,22.264420551184035,TRUE,"Essential proteins, Plasma proteins, Predicted intracellular proteins",
TIPRL,29.85908825334359,34.07614082783102,-4.217052574487429,FALSE,Predicted intracellular proteins,Vesicles
PVALB,94.68249631730227,108.76444943045239,-14.08195311315012,FALSE,Predicted intracellular proteins,Nucleoplasm
PPM1B,38.47187680043925,33.650154020228044,4.8217227802112035,FALSE,"Enzymes, Predicted intracellular proteins","Nucleoli, Cytosol"
HIKESHI,34.10932355301323,31.9117273843153,2.1975961686979346,FALSE,"Disease related genes, Human disease related genes, Predicted intracellular proteins",Nuclear speckles
QARS1,37.43698228305997,16.922940953115017,20.514041329944952,TRUE,"Disease related genes, Enzymes, Essential proteins, Human disease related genes, Metabolic proteins, Plasma proteins, Potential drug targets, Predicted intracellular proteins, Predicted membrane proteins",Cytosol
IGLV1-40,65.58642229548154,100.90974465642428,-35.32332236094274,FALSE,"Immunoglobulin genes, Predicted secreted proteins",
LGALS3BP,76.75530499237534,29.49474227619496,47.26056271618039,TRUE,"Cancer-related genes, Plasma proteins, Predicted secreted proteins",
USP9X,35.325356043262886,26.676379124980553,8.648976918282333,FALSE,"Disease related genes, Enzymes, Human disease related genes, Metabolic proteins, Potential drug targets, Predicted intracellular proteins",Cytosol
KCTD12,60.031277060126584,19.058130439681854,40.97314662044473,TRUE,"Plasma proteins, Predicted intracellular proteins",Mitochondria
CORO1C,89.73328730414534,27.410589784480027,62.32269751966531,TRUE,"Plasma proteins, Predicted intracellular proteins",
PITHD1,37.9938862679314,20.510420034367215,17.483466233564187,FALSE,Predicted intracellular proteins,
TMX4,30.87303885082609,20.192394456523,10.68064439430309,FALSE,Predicted membrane proteins,Nuclear membrane
TGM2,50.57840140221963,39.71646785216712,10.861933550052512,FALSE,"Disease related genes, Enzymes, Metabolic proteins, Potential drug targets, Predicted intracellular proteins, Predicted secreted proteins",Cytosol
MMUT,47.515695433411096,22.25516571765889,25.260529715752206,TRUE,"Disease related genes, Enzymes, FDA approved drug targets, Human disease related genes, Metabolic proteins, Plasma proteins, Predicted intracellular proteins",Cytosol
TBCB,38.85248592736822,36.07031642454321,2.7821695028250133,FALSE,"Essential proteins, Metabolic proteins, Predicted intracellular proteins",Cytosol
STMN1,74.87918306241787,49.972134609780944,24.90704845263692,FALSE,"Cancer-related genes, Predicted intracellular proteins",Cytosol
NUDT3,26.035238336012757,23.266883402227165,2.7683549337855915,FALSE,"Enzymes, Metabolic proteins, Predicted intracellular proteins",Cytosol
KRT5,96.70974040756843,31.238256502563104,65.47148390500533,TRUE,"Disease related genes, Human disease related genes, Plasma proteins, Predicted intracellular proteins",Intermediate filaments
NDUFA3,77.66284975179259,36.461219851077445,41.20162990071515,FALSE,"Metabolic proteins, Predicted intracellular proteins, Predicted membrane proteins",
ACAD8,56.585915646504326,19.801877686732,36.78403795977233,FALSE,"Disease related genes, Human disease related genes, Metabolic proteins, Predicted intracellular proteins",
SUB1,24.27957145574676,17.762337548272242,6.517233907474516,TRUE,"Plasma proteins, Predicted intracellular proteins","Nucleoplasm, Nucleoli"
ADK,28.222679909249276,24.525578528301917,3.697101380947359,FALSE,"Disease related genes, Enzymes, Human disease related genes, Metabolic proteins, Potential drug targets, Predicted intracellular proteins","Nucleoplasm, Cytosol"
SSB,26.296931171739864,22.088269510689955,4.208661661049909,FALSE,"Essential proteins, Predicted intracellular proteins",Nucleoplasm
LAMP1,77.21249518856935,35.656988812777314,41.555506375792035,TRUE,"CD markers, Plasma proteins, Predicted membrane proteins, Transporters",
EIF1AX,23.867919307131405,20.650777850736283,3.2171414563951224,FALSE,"Essential proteins, Predicted intracellular proteins",Cytosol
CSDE1,43.665745298384984,15.56229917447621,28.103446123908775,TRUE,"Cancer-related genes, Plasma proteins, Predicted intracellular proteins",Cytosol
FBLN2,46.229883771192135,28.996028962407326,17.23385480878481,TRUE,"Plasma proteins, Predicted intracellular proteins, Predicted secreted proteins",Plasma membrane
RAB1A,39.64366586872883,17.82014418285696,21.82352168587187,TRUE,"Enzymes, Essential proteins, Plasma proteins, Predicted intracellular proteins","Endoplasmic reticulum, Cytosol"
MPP1,63.85479701787613,18.840757454015947,45.01403956386018,FALSE,Predicted intracellular proteins,Plasma membrane
NRBP1,25.89227907044705,27.102205513207895,-1.209926442760846,FALSE,"Enzymes, Essential proteins, Predicted intracellular proteins",Cytosol
HMGCL,35.63921812894774,33.47555242495512,2.1636657039926206,TRUE,"Disease related genes, Enzymes, Human disease related genes, Metabolic proteins, Plasma proteins, Potential drug targets, Predicted intracellular proteins",
EYA3,38.03443724174412,23.21098413622953,14.823453105514591,FALSE,"Enzymes, Predicted intracellular proteins",Nucleoplasm
LAMTOR3,39.4250071153541,19.760599234909694,19.664407880444404,FALSE,"Essential proteins, Predicted intracellular proteins",
DDX1,30.367343266912805,10.60129378012166,19.766049486791147,TRUE,"Enzymes, Plasma proteins, Predicted intracellular proteins",Nucleoplasm
AP2B1,24.04976780007662,18.509641628970428,5.540126171106191,FALSE,"Cancer-related genes, Predicted intracellular proteins, Transporters",Vesicles
ITGA6,70.24941732770088,41.391325705039655,28.858091622661227,TRUE,"Cancer-related genes, CD markers, Disease related genes, Human disease related genes, Plasma proteins, Potential drug targets, Predicted intracellular proteins, Predicted membrane proteins, Transporters",
HINT3,48.25417590802271,16.469050532701885,31.785125375320824,FALSE,Predicted intracellular proteins,"Nucleoli, Mitochondria"
DRG2,26.87917259446082,23.92925224455987,2.9499203499009496,TRUE,"Plasma proteins, Predicted intracellular proteins","Vesicles, Cytosol"
MPC1,58.210507961665634,75.38616029233009,-17.175652330664455,FALSE,"Disease related genes, Human disease related genes, Metabolic proteins, Potential drug targets, Predicted intracellular proteins, Predicted membrane proteins, Transporters",Mitochondria
PSMD6,25.233923149780885,11.521054594317961,13.712868555462924,TRUE,"Essential proteins, Plasma proteins, Predicted intracellular proteins",
LDHD,70.30793986573633,45.243761948069846,25.064177917666484,FALSE,"Disease related genes, Enzymes, Human disease related genes, Metabolic proteins, Potential drug targets, Predicted intracellular proteins",Cytosol
NAP1L1,16.069872544957338,13.898537151720552,2.1713353932367863,TRUE,"Plasma proteins, Predicted intracellular proteins",Microtubules
HLA-A,42.65718226725465,39.683322802255816,2.9738594649988315,TRUE,"Cancer-related genes, Disease related genes, Human disease related genes, Plasma proteins, Potential drug targets, Predicted intracellular proteins, Predicted membrane proteins, Transporters",Plasma membrane
HNRNPC,78.44597078824901,44.29464386559589,34.151326922653126,TRUE,"Essential proteins, Plasma proteins, Predicted intracellular proteins",Nucleoplasm
APEX1,26.13551373022324,22.423432280121215,3.7120814501020263,TRUE,"Cancer-related genes, Enzymes, Plasma proteins, Predicted intracellular proteins",Nucleoplasm
FXYD1,43.424158244758964,34.39806564195153,9.02609260280743,FALSE,"Predicted membrane proteins, Transporters","Nucleoplasm, Cytosol"
COA3,44.97580045216388,36.69637754437127,8.279422907792608,FALSE,"Disease related genes, Human disease related genes, Predicted membrane proteins",Mitochondria
CNIH4,34.78089422659918,20.03948357225604,14.741410654343142,FALSE,Predicted membrane proteins,
DTD1,35.04934126446656,53.33601315639138,-18.28667189192482,FALSE,"Enzymes, Predicted intracellular proteins","Nucleoli, Cytosol"
ACTR2,34.16344317082547,16.152314390170744,18.011128780654722,TRUE,"Essential proteins, Plasma proteins, Predicted intracellular proteins",Cytosol
C8G,67.42518340666444,46.922118818293974,20.50306458837047,TRUE,"Human disease related genes, Plasma proteins, Predicted secreted proteins",
RAB12,26.06961006924519,15.960295605328753,10.109314463916437,FALSE,Predicted intracellular proteins,Vesicles
SLIRP,37.37947797098734,26.54889019889928,10.830587772088059,FALSE,Predicted intracellular proteins,Mitochondria
UBXN1,29.75988909670552,18.85907091232388,10.900818184381642,FALSE,Predicted intracellular proteins,Cytosol
NPEPL1,46.312646530555924,24.523743059427545,21.78890347112838,FALSE,"Enzymes, Predicted intracellular proteins",Nucleoplasm
MYL4,79.9604186300242,33.68088882270597,46.27952980731823,TRUE,"Disease related genes, Human disease related genes, Plasma proteins, Predicted intracellular proteins",Plasma membrane
MSI2,24.73631976259579,18.5034762056825,6.232843556913291,FALSE,"Cancer-related genes, Disease related genes, Predicted intracellular proteins",Cytosol
VPS29,39.62558026471947,22.532438955256815,17.093141309462652,TRUE,"Essential proteins, Metabolic proteins, Plasma proteins, Predicted intracellular proteins, Transporters","Vesicles, Cytosol"
RPS14,37.443058601963116,47.63332980105697,-10.190271199093857,TRUE,"Essential proteins, Human disease related genes, Plasma proteins, Predicted intracellular proteins, Ribosomal proteins","Endoplasmic reticulum, Cytosol"
DDX19A,41.244206763519536,16.781365346349347,24.46284141717019,FALSE,"Enzymes, Predicted intracellular proteins, Transporters",Nucleoplasm
EIF4E,23.264934147456227,18.977835147869655,4.287098999586572,TRUE,"Cancer-related genes, Disease related genes, Essential proteins, Human disease related genes, Plasma proteins, Predicted intracellular proteins","Cytosol, Cytoplasmic bodies"
DYNC1I2,22.765606545149957,14.500967815625183,8.264638729524775,FALSE,"Disease related genes, Essential proteins, Human disease related genes, Predicted intracellular proteins","Microtubules, Centrosome, Cytosol, Flagellar centriole, Mid piece, Principal piece"
FLOT1,36.50909426038463,21.958233473274376,14.550860787110253,TRUE,"Plasma proteins, Predicted intracellular proteins, Transporters",Golgi apparatus
TNXB,40.49738819628806,27.245924571606416,13.25146362468164,TRUE,"Disease related genes, Human disease related genes, Plasma proteins, Predicted intracellular proteins, Predicted secreted proteins",Vesicles
DHX15,52.665909658121315,118.4398736351388,-65.77396397701747,TRUE,"Enzymes, Essential proteins, Plasma proteins, Predicted intracellular proteins",Nuclear speckles
SSBP1,52.43141489734393,23.120937269703592,29.310477627640335,FALSE,"Disease related genes, Human disease related genes, Predicted intracellular proteins",Mitochondria
PPP1R2,49.97129172035575,26.048093348553287,23.923198371802464,FALSE,"Essential proteins, Predicted intracellular proteins",Nucleoplasm
TIMM44,53.4592916162831,29.968490960808246,23.490800655474857,TRUE,"Essential proteins, Plasma proteins, Predicted intracellular proteins",Mitochondria
METTL26,37.57257720346595,18.562994529717134,19.009582673748813,FALSE,Predicted intracellular proteins,Golgi apparatus
IBA57,68.11112985743485,33.76024856401524,34.350881293419604,FALSE,"Disease related genes, Human disease related genes, Predicted intracellular proteins",Mitochondria
XPO1,25.901512711501915,17.927305549047123,7.9742071624547926,TRUE,"Cancer-related genes, Essential proteins, FDA approved drug targets, Plasma proteins, Predicted intracellular proteins, Transporters","Nucleoplasm, Nuclear membrane"
RPL24,24.364214549410118,41.798141143700214,-17.433926594290096,TRUE,"Essential proteins, Plasma proteins, Predicted intracellular proteins, Ribosomal proteins","Endoplasmic reticulum, Cytosol"
FBLN5,59.59215071927837,22.290593203077133,37.30155751620124,TRUE,"Disease related genes, Human disease related genes, Plasma proteins, Predicted intracellular proteins, Predicted secreted proteins",Plasma membrane
ATP6V1A,23.707088393950894,17.077450182621472,6.629638211329421,TRUE,"Disease related genes, Enzymes, Essential proteins, Human disease related genes, Metabolic proteins, Plasma proteins, Predicted intracellular proteins, Transporters","Vesicles, Cytosol"
ARMT1,40.77531203937838,19.724505093308558,21.05080694606982,FALSE,Predicted intracellular proteins,Nuclear bodies
MLEC,23.852929619195077,22.193784041834174,1.6591455773609027,TRUE,"Plasma proteins, Predicted intracellular proteins, Predicted membrane proteins",
NXN,42.06272075718744,20.12736330470381,21.935357452483633,FALSE,"Disease related genes, Enzymes, Human disease related genes, Potential drug targets, Predicted intracellular proteins",Cytosol
EIF3B,22.564818797685877,8.710643855312906,13.854174942372971,TRUE,"Essential proteins, Plasma proteins, Predicted intracellular proteins",Cytosol
DDX39B,22.877952061376156,43.38020873151003,-20.502256670133875,TRUE,"Enzymes, Essential proteins, Plasma proteins, Predicted intracellular proteins, Transporters",Nuclear speckles
SNX12,24.62282174127699,36.28133139006678,-11.658509648789792,FALSE,Predicted intracellular proteins,
DTNA,39.7355442268134,35.133401240578905,4.602142986234497,TRUE,"Disease related genes, Human disease related genes, Plasma proteins, Potential drug targets, Predicted intracellular proteins, Predicted membrane proteins, Transporters","Cell Junctions, Intermediate filaments"
NT5DC1,41.70350268362281,11.733260057526056,29.970242626096752,FALSE,Predicted intracellular proteins,Nucleoplasm
GLUL,35.67018106621474,24.800737819712413,10.869443246502325,TRUE,"Disease related genes, Enzymes, Human disease related genes, Metabolic proteins, Plasma proteins, Potential drug targets, Predicted intracellular proteins","Mitochondria, Cytosol"
GLRX3,25.943479635209204,31.95042494917699,-6.006945313967787,FALSE,Predicted intracellular proteins,
RCN3,77.06730631909632,62.42153379192177,14.64577252717455,TRUE,"Plasma proteins, Predicted intracellular proteins, Predicted membrane proteins",Endoplasmic reticulum
GNA11,47.63906034511719,18.08602982338342,29.553030521733767,FALSE,"Cancer-related genes, Disease related genes, Human disease related genes, Potential drug targets, Predicted intracellular proteins, Transporters",
FLOT2,39.87661948798267,23.85109108514987,16.0255284028328,TRUE,"Plasma proteins, Predicted intracellular proteins",Plasma membrane
SPPL2A,39.07330604071506,29.84817587897532,9.225130161739742,TRUE,"Disease related genes, Enzymes, Human disease related genes, Plasma proteins, Potential drug targets, Predicted membrane proteins, Transporters",Vesicles
RPL9,25.16103094329527,18.84581387504535,6.315217068249918,TRUE,"Essential proteins, Plasma proteins, Predicted intracellular proteins, Predicted membrane proteins, Ribosomal proteins","Endoplasmic reticulum, Cytosol"
PPM1A,33.05453150293947,11.60970855208737,21.4448229508521,FALSE,"Enzymes, Predicted intracellular proteins",Cytosol
ATP6V0D1,22.43179715269396,37.128847468401524,-14.697050315707564,TRUE,"Essential proteins, Metabolic proteins, Plasma proteins, Predicted intracellular proteins, Transporters",
VPS25,33.38342003257036,23.95502631656692,9.428393716003445,FALSE,"Essential proteins, Predicted intracellular proteins",Vesicles
MT-ND3,62.49576214989471,24.396500260438618,38.09926188945609,FALSE,"Disease related genes, Enzymes, Human disease related genes, Metabolic proteins, Potential drug targets, Predicted membrane proteins",Cytosol
GMPR,47.22961245148894,27.203022669294523,20.026589782194417,TRUE,"Enzymes, Metabolic proteins, Plasma proteins, Predicted intracellular proteins",
CHMP2A,53.46354336628386,26.745329078537367,26.71821428774649,FALSE,"Essential proteins, Predicted intracellular proteins",Cytosol
TRMT112,30.74524891781372,17.816707402737674,12.928541515076045,FALSE,"Essential proteins, Predicted intracellular proteins",Microtubules
RPL15,35.998594184728226,25.610884392487893,10.387709792240333,TRUE,"Disease related genes, Essential proteins, Human disease related genes, Plasma proteins, Predicted intracellular proteins, Ribosomal proteins",
EPHX2,33.54733749688753,38.82906083674646,-5.281723339858928,TRUE,"Enzymes, Human disease related genes, Metabolic proteins, Plasma proteins, Predicted intracellular proteins",Cytosol
PFDN5,29.221572532367485,15.093858317958727,14.127714214408758,FALSE,"Essential proteins, Predicted intracellular proteins","Intermediate filaments, Cytosol"
ALYREF,65.04017209639818,30.228475418214874,34.81169667818331,FALSE,"Essential proteins, Predicted intracellular proteins","Nucleoplasm, Nuclear speckles"
RPIA,43.109391799164364,15.246647905682348,27.862743893482016,TRUE,"Disease related genes, Enzymes, Human disease related genes, Metabolic proteins, Plasma proteins, Potential drug targets, Predicted intracellular proteins","Nucleoplasm, Vesicles, Plasma membrane"
RRAD,35.74052930284546,32.92070217668097,2.8198271261644905,FALSE,Predicted intracellular proteins,Plasma membrane
SESN3,49.13884136290742,26.37430094835978,22.76454041454764,FALSE,Predicted intracellular proteins,Nucleoplasm
RRAS2,45.104878576954995,55.41035675566924,-10.305478178714246,FALSE,"Disease related genes, Human disease related genes, Predicted intracellular proteins, RAS pathway related proteins",
VPS13C,32.04611272198982,15.89242224307291,16.153690478916914,FALSE,"Disease related genes, Human disease related genes, Predicted intracellular proteins",
IDI1,39.89481661022764,37.321836867642496,2.5729797425851473,FALSE,"Enzymes, Metabolic proteins, Predicted intracellular proteins",
HSPA12A,65.03018405610729,28.656037686162556,36.37414636994473,FALSE,Predicted intracellular proteins,"Golgi apparatus, Cytosol"
RPL26,59.098113280871175,51.413956620497146,7.684156660374029,FALSE,"Disease related genes, Essential proteins, Human disease related genes, Predicted intracellular proteins, Ribosomal proteins","Endoplasmic reticulum, Cytosol"
RBM38,27.908839226718612,29.92196070243401,-2.0131214757153977,FALSE,Predicted intracellular proteins,"Nucleoplasm, Cytosol"
RPL4,19.693225211422757,10.785803497786258,8.907421713636499,TRUE,"Essential proteins, Plasma proteins, Predicted intracellular proteins, Ribosomal proteins","Endoplasmic reticulum, Cytosol"
RARS1,32.719638499416085,18.797553301671595,13.92208519774449,TRUE,"Disease related genes, Enzymes, Essential proteins, Human disease related genes, Metabolic proteins, Plasma proteins, Potential drug targets, Predicted intracellular proteins",Cytosol
TXNDC5,38.86918656201549,23.17991019598654,15.689276366028952,TRUE,"Enzymes, Plasma proteins, Predicted intracellular proteins",Endoplasmic reticulum
ABCF1,32.76002523161764,20.67389185364064,12.086133377977,TRUE,"Essential proteins, Plasma proteins, Predicted intracellular proteins, Transporters",Cytosol
PPIL3,46.94962119988124,27.745237595963367,19.204383603917876,FALSE,"Enzymes, Metabolic proteins, Predicted intracellular proteins, Predicted membrane proteins",Nucleoplasm
NT5C,35.04241857259219,25.442805904743505,9.599612667848685,FALSE,"Metabolic proteins, Predicted intracellular proteins",Cytosol
HDHD2,29.796971864497866,30.73324666490101,-0.9362748004031438,FALSE,Predicted intracellular proteins,Vesicles
PAK2,19.49770974874622,17.50670832925596,1.99100141949026,TRUE,"Disease related genes, Enzymes, Plasma proteins, Potential drug targets, Predicted intracellular proteins, RAS pathway related proteins","Nucleoplasm, Nuclear speckles"
DEPTOR,34.10713869010367,18.248290072451585,15.858848617652082,FALSE,Predicted intracellular proteins,Mitochondria
PRPSAP2,43.511066058039795,46.522096432764535,-3.01103037472474,FALSE,Predicted intracellular proteins,"Nucleoplasm, Cytosol"
NLN,47.99482518991331,24.08651736727557,23.908307822637738,TRUE,"Enzymes, Metabolic proteins, Plasma proteins, Predicted intracellular proteins",Mitochondria
BTF3L4,19.859380466506078,15.297618871933546,4.561761594572532,FALSE,"Essential proteins, Predicted intracellular proteins","Nucleoplasm, Cytosol"
CDV3,29.13568739958052,25.321871571514425,3.813815828066094,TRUE,"Plasma proteins, Predicted intracellular proteins",Cytosol
EIF3E,22.11452818674046,19.396937349709543,2.7175908370309187,FALSE,"Cancer-related genes, Essential proteins, Predicted intracellular proteins, Predicted membrane proteins",Cytosol
RAB5B,29.57870529325295,26.73289250723969,2.8458127860132585,FALSE,"Enzymes, Predicted intracellular proteins, RAS pathway related proteins",Vesicles
ARL3,30.457562247134916,33.26844100712613,-2.810878759991212,FALSE,"Disease related genes, Human disease related genes, Predicted intracellular proteins","Nucleoplasm, Centrosome, Basal body"
CAPG,95.85489874656972,39.67805849181361,56.17684025475611,TRUE,"Plasma proteins, Predicted intracellular proteins",Nucleoplasm
SH3GLB1,31.554407050496554,22.58480911204991,8.969597938446643,FALSE,"Metabolic proteins, Predicted intracellular proteins, Transporters",Cytosol
SNTB1,53.46568475292946,34.61120445419828,18.854480298731183,TRUE,"Plasma proteins, Predicted intracellular proteins",
GSPT1,24.450332384782296,11.583939372782512,12.866393011999785,TRUE,"Essential proteins, Plasma proteins, Predicted intracellular proteins",Cytosol
ISCA2,72.66590126557898,25.094927803623406,47.570973461955575,FALSE,"Disease related genes, Essential proteins, Human disease related genes, Predicted intracellular proteins",
STK38,35.038798976557864,30.226597247124374,4.81220172943349,FALSE,"Enzymes, Predicted intracellular proteins",Cytosol
EIF2S3,18.28389058630144,8.353682889130178,9.93020769717126,TRUE,"Disease related genes, Enzymes, Essential proteins, Human disease related genes, Plasma proteins, Potential drug targets, Predicted intracellular proteins",
TIMM50,53.178602487787415,29.146097719138687,24.032504768648728,FALSE,"Disease related genes, Human disease related genes, Predicted intracellular proteins, Predicted membrane proteins","Nucleoplasm, Mitochondria"
IPO7,35.159514126831,27.249563153325685,7.909950973505314,TRUE,"Cancer-related genes, Essential proteins, Plasma proteins, Predicted intracellular proteins, Transporters","Nucleoplasm, Cytosol"
UQCC3,28.370628341688924,26.620791445618234,1.7498368960706898,FALSE,"Disease related genes, Essential proteins, Human disease related genes, Predicted membrane proteins","Nucleoplasm, Mitochondria"
DCTN1,12.984103030920343,13.683706890336051,-0.6996038594157081,TRUE,"Cancer-related genes, Disease related genes, Human disease related genes, Plasma proteins, Predicted intracellular proteins",Microtubules
LMAN2,27.94952732105139,34.408158584468595,-6.458631263417203,FALSE,"Predicted intracellular proteins, Predicted membrane proteins, Transporters",Golgi apparatus
NDUFV3,65.4688774974242,32.65221293687126,32.816664560552944,TRUE,"FDA approved drug targets, Metabolic proteins, Plasma proteins, Predicted intracellular proteins",Mitochondria
DDX3X,21.97749511862871,21.22861972757813,0.7488753910505785,TRUE,"Cancer-related genes, Disease related genes, Enzymes, Essential proteins, Human disease related genes, Plasma proteins, Potential drug targets, Predicted intracellular proteins, Predicted membrane proteins, Transporters",Cytosol
CUL4A,43.379113045337334,14.49168051789583,28.887432527441504,FALSE,Predicted intracellular proteins,Nucleoplasm
ECHDC3,39.024966993880724,43.039311835806124,-4.0143448419254,FALSE,Predicted intracellular proteins,
HMGCS2,40.1361098092613,71.65490515054925,-31.518795341287955,TRUE,"Disease related genes, Enzymes, Human disease related genes, Metabolic proteins, Plasma proteins, Potential drug targets, Predicted intracellular proteins",Mitochondria
LNPK,30.985809851196468,21.86267140864119,9.123138442555277,FALSE,"Disease related genes, Human disease related genes, Potential drug targets, Predicted intracellular proteins, Predicted membrane proteins, Transporters",Endoplasmic reticulum
NSUN4,18.659681139542165,20.372822825072053,-1.7131416855298873,FALSE,Predicted intracellular proteins,
DCUN1D1,42.10602082705787,28.370484228572373,13.735536598485496,FALSE,Predicted intracellular proteins,Nucleoplasm
PCTP,18.059719580672564,21.97364207792731,-3.9139224972547453,FALSE,"Metabolic proteins, Predicted intracellular proteins","Nucleoplasm, Nucleoli"
MSRB2,70.38414700749101,32.90265871711338,37.48148829037763,FALSE,"Enzymes, Predicted intracellular proteins",
PIN4,35.928283147127374,30.021643159508628,5.906639987618746,TRUE,"Enzymes, Metabolic proteins, Plasma proteins, Predicted intracellular proteins","Nucleoplasm, Nucleoli"
SMS,41.43638359435718,27.260714055317937,14.175669539039244,FALSE,"Disease related genes, Enzymes, Essential proteins, Human disease related genes, Metabolic proteins, Predicted intracellular proteins",Nuclear bodies
AGO2,40.70163523997447,22.310267765623802,18.39136747435067,TRUE,"Disease related genes, Enzymes, Plasma proteins, Potential drug targets, Predicted intracellular proteins",Cytoplasmic bodies
PPTC7,44.17985834733456,30.744862927321805,13.434995420012754,FALSE,"Enzymes, Predicted intracellular proteins","Plasma membrane, Cytosol"
RCN1,24.937840396856114,31.085618888924067,-6.147778492067953,FALSE,Predicted intracellular proteins,Endoplasmic reticulum
UBXN6,28.298147737198086,19.48832715673536,8.809820580462727,TRUE,"Plasma proteins, Predicted intracellular proteins","Golgi apparatus, Cytosol"
CUL3,15.81517683391415,19.589174847256842,-3.773998013342693,FALSE,"Disease related genes, Essential proteins, Human disease related genes, Predicted intracellular proteins",Nucleoplasm
ADD1,63.097892267651,33.224523896336294,29.873368371314704,TRUE,"Plasma proteins, Predicted intracellular proteins",Plasma membrane
ATP6V1G1,19.299229188969253,13.829833191033147,5.469395997936106,TRUE,"Essential proteins, Metabolic proteins, Plasma proteins, Predicted intracellular proteins, Transporters",Nucleoli
CLIP1,34.9333213608857,12.737512759431976,22.195808601453724,TRUE,"Cancer-related genes, Plasma proteins, Predicted intracellular proteins","Microtubule ends, Mid piece"
GNAI1,67.60316247450668,56.96525925776301,10.637903216743666,TRUE,"Cancer-related genes, Disease related genes, Plasma proteins, Predicted intracellular proteins","Centrosome, Principal piece"
EIF3C,14.396677371934071,19.10341786183004,-4.706740489895967,TRUE,"Plasma proteins, Predicted intracellular proteins",Cytosol
PSMD3,24.209846747745853,13.576972056095876,10.632874691649977,FALSE,"Essential proteins, Predicted intracellular proteins",Nucleoplasm
MT-CYB,48.87848087785572,23.612157308585694,25.26632356927003,FALSE,"Disease related genes, Human disease related genes, Metabolic proteins, Predicted membrane proteins",Mitochondria
CD163,62.46377975356443,31.69545288850556,30.76832686505887,TRUE,"CD markers, Plasma proteins, Predicted intracellular proteins, Predicted membrane proteins, Predicted secreted proteins",Plasma membrane
NUCB1,40.254904139158796,17.34088916485898,22.914014974299818,TRUE,"Plasma proteins, Predicted secreted proteins",Golgi apparatus
C2,59.5464187727174,18.730648994086835,40.81576977863057,TRUE,"Disease related genes, Enzymes, Human disease related genes, Plasma proteins, Potential drug targets, Predicted intracellular proteins, Predicted secreted proteins",
DHX9,43.16495404834088,23.752692322733484,19.412261725607397,TRUE,"Cancer-related genes, Enzymes, Essential proteins, Plasma proteins, Predicted intracellular proteins",Nucleoplasm
ATPAF2,47.16513990034017,34.283802554943655,12.881337345396517,FALSE,"Disease related genes, Human disease related genes, Predicted intracellular proteins",Cytosol
EIF3G,34.58655379466489,15.330058312959133,19.256495481705755,TRUE,"Essential proteins, Plasma proteins, Predicted intracellular proteins",Cytosol
COX17,40.80779517169903,21.263897677992873,19.543897493706154,FALSE,"Cancer-related genes, Essential proteins, Predicted intracellular proteins",Mitochondria
TMEM70,73.0523342465741,38.27040115125095,34.781933095323154,FALSE,"Disease related genes, Human disease related genes, Potential drug targets, Predicted intracellular proteins, Predicted membrane proteins, Transporters",Mitochondria
SURF1,65.88724681180527,43.38593456157853,22.50131225022674,FALSE,"Disease related genes, Human disease related genes, Predicted membrane proteins",
AHCYL1,28.15946638127681,18.08202283532882,10.07744354594799,FALSE,"Predicted intracellular proteins, Transporters",Cytosol
STXBP3,39.69891142996767,24.37859839062101,15.320313039346662,TRUE,"Essential proteins, Plasma proteins, Predicted intracellular proteins",Nucleoplasm
TMEM256,31.87323443522891,43.50021695703291,-11.626982521804003,FALSE,"Predicted intracellular proteins, Predicted membrane proteins",Vesicles
GYPC,60.76457173658222,44.94382913818178,15.820742598400436,FALSE,"Blood group antigen proteins, CD markers, Predicted membrane proteins",Plasma membrane
TBC1D17,43.630145022798736,23.90643794782802,19.723707074970715,FALSE,Predicted intracellular proteins,
EML1,34.934858470638474,18.23233483200387,16.702523638634606,FALSE,"Disease related genes, Predicted intracellular proteins",
SCARB2,22.19994719102406,32.7864475923202,-10.586500401296142,FALSE,"Disease related genes, Human disease related genes, Potential drug targets, Predicted membrane proteins, Transporters",Cytosol
CNP,102.3907951785862,11.10907219945097,91.28172297913522,TRUE,"Disease related genes, Enzymes, Human disease related genes, Metabolic proteins, Plasma proteins, Potential drug targets, Predicted intracellular proteins",Plasma membrane
RCN2,30.656863420230206,22.932530502374206,7.724332917856,FALSE,Predicted intracellular proteins,Endoplasmic reticulum
PITRM1,33.39725148625385,23.853394641638587,9.543856844615263,TRUE,"Disease related genes, Enzymes, Human disease related genes, Plasma proteins, Potential drug targets, Predicted intracellular proteins",Mitochondria
SLC41A3,18.94548276566691,78.26152977484001,-59.316047009173104,FALSE,"Predicted membrane proteins, Transporters",Plasma membrane
MAT2B,27.129092415456,14.743252570264348,12.385839845191652,FALSE,"Metabolic proteins, Predicted intracellular proteins",Plasma membrane
CHCHD10,47.243464785741104,27.312794547386538,19.930670238354566,FALSE,"Disease related genes, Human disease related genes, Predicted intracellular proteins",Mitochondria
CPNE1,26.130052654075325,25.97586950903833,0.15418314503699548,TRUE,"Plasma proteins, Predicted intracellular proteins, Transporters","Nucleoplasm, Nuclear membrane"
RBMX,51.82580970260345,40.3170048345603,11.50880486804315,TRUE,"Cancer-related genes, Disease related genes, Essential proteins, Human disease related genes, Plasma proteins, Predicted intracellular proteins",Nucleoplasm
CD63,48.52213829326825,27.603797770258687,20.91834052300956,TRUE,"CD markers, Plasma proteins, Predicted membrane proteins, Transporters",Vesicles
MTRES1,39.5746070890883,34.90040837015315,4.674198718935152,FALSE,Predicted intracellular proteins,
AP1B1,50.26887394333455,92.59388352554211,-42.325009582207564,TRUE,"Disease related genes, Human disease related genes, Plasma proteins, Potential drug targets, Predicted intracellular proteins, Transporters",Golgi apparatus
PLIN5,53.57959295866743,61.55540860388634,-7.975815645218908,FALSE,Predicted intracellular proteins,"Vesicles, Lipid droplets"
IST1,21.14969459610555,15.211632840482514,5.938061755623037,TRUE,"Plasma proteins, Predicted intracellular proteins",Vesicles
TMED2,27.586245082769324,27.005309986317428,0.5809350964518956,TRUE,"Essential proteins, Plasma proteins, Predicted intracellular proteins, Predicted membrane proteins, Transporters",Vesicles
NDUFAF4,57.938503586174996,37.38928549867112,20.549218087503874,FALSE,"Disease related genes, Human disease related genes, Predicted intracellular proteins",Mitochondria
CHMP3,51.56734848337382,37.93777402268497,13.62957446068885,FALSE,"Essential proteins, Predicted intracellular proteins",
MSRA,47.37594283954838,59.73371236842184,-12.357769528873462,FALSE,"Enzymes, Metabolic proteins, Predicted intracellular proteins","Nucleoplasm, Cytosol"
SESN1,15.011782860834346,26.860352537353414,-11.848569676519068,FALSE,Predicted intracellular proteins,Nucleoli fibrillar center
GART,30.41432718404987,22.968207108557433,7.446120075492438,TRUE,"Enzymes, Essential proteins, FDA approved drug targets, Metabolic proteins, Plasma proteins, Predicted intracellular proteins",Cytosol
OXSM,53.22515053647654,26.07413971516529,27.15101082131125,FALSE,"Enzymes, Metabolic proteins, Predicted intracellular proteins","Mitochondria, Cytosol"
TMEM143,57.866334398713136,15.368926684531706,42.49740771418143,FALSE,"Predicted intracellular proteins, Predicted membrane proteins",Nucleoli fibrillar center
SMIM20,50.48560384639186,32.79269668099223,17.69290716539963,FALSE,"Predicted membrane proteins, Predicted secreted proteins","Nucleoplasm, Cytosol"
MT-ND4,75.37046899675572,22.9447306724428,52.42573832431292,FALSE,"Disease related genes, Enzymes, Human disease related genes, Metabolic proteins, Potential drug targets, Predicted membrane proteins",Mitochondria
TMX3,26.900560434872656,24.183397089794504,2.717163345078152,FALSE,"Enzymes, Metabolic proteins, Predicted intracellular proteins, Predicted membrane proteins, Transporters",
ATP6V1B2,18.06164311823086,19.765436211203312,-1.7037930929724503,FALSE,"Disease related genes, Essential proteins, FDA approved drug targets, Human disease related genes, Metabolic proteins, Predicted intracellular proteins, Transporters",Vesicles
STX7,51.59850137581608,18.513512467257204,33.08498890855887,TRUE,"Plasma proteins, Predicted intracellular proteins, Predicted membrane proteins",Lysosomes
DYNLRB1,18.09987545528329,16.958219549282912,1.141655906000377,TRUE,"Essential proteins, Plasma proteins, Predicted intracellular proteins",
CCDC22,34.759253824294404,29.147493112668116,5.611760711626289,FALSE,"Disease related genes, Human disease related genes, Potential drug targets, Predicted intracellular proteins, Transporters",Endoplasmic reticulum
HNRNPF,25.656537278901208,20.57531428055236,5.081222998348849,TRUE,"Plasma proteins, Predicted intracellular proteins",Nucleoplasm
RHOG,78.94208909947572,21.201907112798864,57.74018198667686,TRUE,"Plasma proteins, Predicted intracellular proteins",
RUVBL2,42.45764470086856,16.7268130906638,25.730831610204763,TRUE,"Enzymes, Essential proteins, Plasma proteins, Predicted intracellular proteins","Nucleoplasm, Cytosol"
CUL2,28.083194707734588,18.217128009969137,9.86606669776545,FALSE,"Cancer-related genes, Essential proteins, Predicted intracellular proteins",Nucleoplasm
HMGB2,37.60914790690611,34.30624316052722,3.3029047463788928,TRUE,"Plasma proteins, Predicted intracellular proteins, Predicted secreted proteins",Nucleoplasm
CPT1A,38.96109962442006,33.322909522122465,5.638190102297592,TRUE,"Disease related genes, Enzymes, FDA approved drug targets, Human disease related genes, Metabolic proteins, Plasma proteins, Predicted intracellular proteins, Predicted membrane proteins, Transporters",Mitochondria
SLC44A2,40.88121139932497,55.17551156784557,-14.2943001685206,FALSE,"Metabolic proteins, Predicted intracellular proteins, Predicted membrane proteins, Transporters","Vesicles, Cell Junctions"
SHMT2,32.03444178725749,31.235134485823107,0.7993073014343857,TRUE,"Disease related genes, Enzymes, Human disease related genes, Metabolic proteins, Plasma proteins, Potential drug targets, Predicted intracellular proteins",Mitochondria
CD38,49.57324792807676,34.91573733642408,14.657510591652681,FALSE,"Cancer-related genes, CD markers, Enzymes, Metabolic proteins, Predicted intracellular proteins",Plasma membrane
COPS3,37.48599809978131,15.049241079126375,22.436757020654937,FALSE,"Essential proteins, Predicted intracellular proteins","Nucleoplasm, Cytosol"
KYAT1,33.61405272833562,18.5420724317503,15.071980296585323,FALSE,"Enzymes, Metabolic proteins, Predicted intracellular proteins",Cytosol
TMOD1,61.98389050442359,22.426437764705643,39.557452739717945,FALSE,Predicted intracellular proteins,
SRM,53.600957012310104,33.2395159078443,20.361441104465804,FALSE,"Enzymes, Metabolic proteins, Predicted intracellular proteins",Nucleoplasm
STX4,30.844208176040276,38.14684110729539,-7.302632931255111,FALSE,"Predicted intracellular proteins, Predicted membrane proteins, Transporters",Plasma membrane
EEA1,34.18781845000004,19.628043120242427,14.55977532975761,TRUE,"Plasma proteins, Predicted intracellular proteins",Vesicles
NNMT,86.06020345976503,13.571370406917978,72.48883305284706,TRUE,"Enzymes, FDA approved drug targets, Metabolic proteins, Plasma proteins, Predicted intracellular proteins",Golgi apparatus
UBE4A,26.45174436978173,12.002247979512838,14.44949639026889,FALSE,"Disease related genes, Enzymes, Metabolic proteins, Potential drug targets, Predicted intracellular proteins",Nuclear speckles
RAB2B,27.456920600364086,30.027146650029795,-2.5702260496657097,FALSE,"Enzymes, Predicted intracellular proteins",
RDH14,30.272251453410316,29.601050483038353,0.671200970371963,FALSE,"Enzymes, Metabolic proteins, Predicted intracellular proteins",Nucleoplasm
GABARAPL2,48.489689187306176,36.73045611372831,11.759233073577867,FALSE,Predicted intracellular proteins,"Nucleoplasm, Cytosol"
CELF1,33.63011232635479,23.40395164301846,10.226160683336332,TRUE,"Plasma proteins, Predicted intracellular proteins",Nucleoplasm
CUL1,33.34034712354237,22.94381261193857,10.396534511603804,TRUE,"Cancer-related genes, Essential proteins, Plasma proteins, Predicted intracellular proteins",Nucleoplasm
INPP1,28.949802601666892,28.167275142927085,0.782527458739807,FALSE,"Enzymes, Metabolic proteins, Predicted intracellular proteins",Centriolar satellite
HNRNPH3,30.673676925666705,39.093669272989935,-8.41999234732323,TRUE,"Plasma proteins, Predicted intracellular proteins",Nucleoplasm
ALDH16A1,43.20222578230589,34.66113481559873,8.54109096670716,TRUE,"Plasma proteins, Predicted membrane proteins",
HEBP1,68.90286865631327,44.249704439005846,24.653164217307427,FALSE,Predicted intracellular proteins,Vesicles
PARVB,36.89815714592285,22.159680349337236,14.738476796585616,TRUE,"Cancer-related genes, Plasma proteins, Predicted intracellular proteins, Predicted membrane proteins","Plasma membrane, Actin filaments"
RMDN1,39.91046162532928,30.095716926512274,9.814744698817009,FALSE,Predicted intracellular proteins,Centrosome
H6PD,25.091283736819758,14.870263399055258,10.2210203377645,TRUE,"Disease related genes, Enzymes, Human disease related genes, Metabolic proteins, Plasma proteins, Potential drug targets, Predicted intracellular proteins",Cytosol
NAE1,29.80281574228853,17.49971638962289,12.30309935266564,TRUE,"Essential proteins, Metabolic proteins, Plasma proteins, Predicted intracellular proteins",Nucleoplasm
MIEN1,33.38072487975794,21.463417433523396,11.917307446234545,FALSE,Predicted intracellular proteins,"Plasma membrane, Cytosol"
RBBP4,38.58817537034632,20.498284368455586,18.089891001890734,TRUE,"Cancer-related genes, Essential proteins, Plasma proteins, Predicted intracellular proteins",Nucleoplasm
EIF3F,26.800516414664422,28.015968254765255,-1.2154518401008332,FALSE,"Disease related genes, Enzymes, Essential proteins, Human disease related genes, Potential drug targets, Predicted intracellular proteins",
ITGA1,41.28896172395617,47.57627718287307,-6.2873154589169005,TRUE,"Cancer-related genes, CD markers, Plasma proteins, Predicted membrane proteins, Transporters",Endoplasmic reticulum
FN3KRP,39.74881961964399,26.623677660163576,13.125141959480413,TRUE,"Enzymes, Metabolic proteins, Plasma proteins, Predicted intracellular proteins",Nucleoplasm
VPS4B,18.732301353389605,17.811091135798698,0.9212102175909074,TRUE,"Enzymes, Plasma proteins, Predicted intracellular proteins",Vesicles
RPS27,41.962202800151815,36.87132358675101,5.090879213400804,TRUE,"Disease related genes, Human disease related genes, Plasma proteins, Predicted intracellular proteins, Ribosomal proteins","Endoplasmic reticulum, Cytosol"
IDE,34.103446438842404,15.417428277626444,18.686018161215962,TRUE,"Enzymes, FDA approved drug targets, Plasma proteins, Predicted intracellular proteins, Predicted secreted proteins",
CLIC4,38.31052831260304,21.382730916951104,16.927797395651936,FALSE,"Predicted intracellular proteins, Transporters","Plasma membrane, Centrosome"
NFU1,42.427442309329436,25.22321277025491,17.204229539074525,FALSE,"Disease related genes, Human disease related genes, Predicted intracellular proteins",Cytosol
HBS1L,22.789074644473512,13.066769700786175,9.722304943687337,FALSE,"Predicted intracellular proteins, Predicted membrane proteins","Nuclear bodies, Cytosol"
SEC23IP,25.646752640845445,46.08839449922495,-20.4416418583795,FALSE,Predicted intracellular proteins,Vesicles
NANS,36.32033833122218,22.089258820222156,14.231079511000026,FALSE,"Disease related genes, Enzymes, Human disease related genes, Metabolic proteins, Potential drug targets, Predicted intracellular proteins",Nucleoplasm
RPL11,29.033516833946198,38.982088606516875,-9.948571772570677,TRUE,"Disease related genes, Essential proteins, Human disease related genes, Plasma proteins, Predicted intracellular proteins, Ribosomal proteins",
MESD,35.887715712174774,34.595626692431125,1.2920890197436492,FALSE,"Disease related genes, Human disease related genes, Predicted intracellular proteins",Endoplasmic reticulum
RASA4,32.965870010663885,28.684204624998948,4.281665385664937,TRUE,"Plasma proteins, Predicted intracellular proteins, RAS pathway related proteins",Vesicles
YKT6,46.88809857150284,30.122943381182516,16.76515519032032,FALSE,"Essential proteins, Metabolic proteins, Predicted intracellular proteins, Transporters",Cytosol
PYURF,105.26358290857188,33.01293501254754,72.25064789602433,FALSE,"Disease related genes, Essential proteins, Metabolic proteins, Predicted intracellular proteins",Nucleoplasm
LACTB2,33.85629463470805,16.796571079383156,17.059723555324894,FALSE,Predicted intracellular proteins,Cytosol
SNRPE,15.245245101264562,22.49985769137447,-7.2546125901099074,FALSE,"Disease related genes, Essential proteins, Human disease related genes, Predicted intracellular proteins",
TMX1,23.917532707467114,15.647515481426181,8.270017226040933,FALSE,"Predicted membrane proteins, Transporters",Endoplasmic reticulum
C11orf68,29.822248760065513,26.059645575733537,3.762603184331976,FALSE,Predicted intracellular proteins,"Nucleoplasm, Nucleoli"
ARIH2,25.83237825412231,16.54577541790043,9.286602836221881,FALSE,"Enzymes, Predicted intracellular proteins",Nucleoplasm
MRPS17,68.32189571958502,40.41872459233728,27.903171127247738,TRUE,"Plasma proteins, Predicted intracellular proteins, Ribosomal proteins",
PRKCQ,30.097650020517108,20.279342060890073,9.818307959627035,TRUE,"Cancer-related genes, Enzymes, FDA approved drug targets, Plasma proteins, Predicted intracellular proteins",Centriolar satellite
SRPRB,33.61161428596304,13.726060499330236,19.885553786632805,FALSE,"Essential proteins, Predicted membrane proteins",Plasma membrane
ARHGDIB,65.65213512182977,37.9431463821327,27.70898873969707,TRUE,"Plasma proteins, Predicted intracellular proteins",Cytosol
CSRP2,72.9314411912031,87.108466727374,-14.177025536170888,FALSE,Predicted intracellular proteins,
USP15,46.594751248738895,21.273383604543834,25.32136764419506,TRUE,"Enzymes, Metabolic proteins, Plasma proteins, Predicted intracellular proteins",Cytosol
HPCAL1,25.613287037557075,23.096272324084843,2.517014713472232,TRUE,"Plasma proteins, Predicted intracellular proteins",
LARS2,22.425556675175116,34.75150177624469,-12.325945101069571,TRUE,"Disease related genes, Enzymes, Human disease related genes, Plasma proteins, Potential drug targets, Predicted intracellular proteins",Mitochondria
MDP1,33.73236359724866,26.701322981165852,7.031040616082805,FALSE,"Enzymes, Metabolic proteins, Predicted intracellular proteins",Nucleoplasm
COL15A1,68.18432349813448,41.866458366583835,26.31786513155064,TRUE,"Plasma proteins, Predicted intracellular proteins, Predicted secreted proteins",Endoplasmic reticulum
MRPL12,61.447236154036986,18.478138428045792,42.96909772599119,FALSE,"Disease related genes, Human disease related genes, Predicted intracellular proteins, Ribosomal proteins",Mitochondria
CES2,50.83066376063784,49.68697235771991,1.1436914029179306,FALSE,"Enzymes, Metabolic proteins, Predicted intracellular proteins",Golgi apparatus
PDZK1IP1,54.785703550812435,30.095633638168266,24.69006991264417,FALSE,Predicted membrane proteins,Cytosol
ACAA1,36.1822425334407,28.254202201832605,7.928040331608095,TRUE,"Enzymes, Metabolic proteins, Plasma proteins, Predicted intracellular proteins",Peroxisomes
PTPN11,28.140065004255966,11.428706624713088,16.71135837954288,TRUE,"Cancer-related genes, Disease related genes, Enzymes, Essential proteins, Human disease related genes, Plasma proteins, Potential drug targets, Predicted intracellular proteins, RAS pathway related proteins",Nucleoli rim
IL18,72.91531201502927,44.80336952425062,28.111942490778652,TRUE,"Cancer-related genes, Candidate cardiovascular disease genes, Human disease related genes, Plasma proteins, Predicted intracellular proteins, Predicted secreted proteins","Nucleoplasm, Golgi apparatus"
SFXN3,41.347988525027056,25.967944610109235,15.38004391491782,FALSE,"Metabolic proteins, Predicted membrane proteins",Mitochondria
DEK,18.230958431269446,26.575998858112115,-8.345040426842669,TRUE,"Cancer-related genes, Disease related genes, Plasma proteins, Predicted intracellular proteins",Nucleoplasm
LRRC59,45.13355021737912,24.00205047370208,21.131499743677036,FALSE,"Predicted intracellular proteins, Predicted membrane proteins, Transporters",Endoplasmic reticulum
BDH2,65.36185555120838,35.447967948701496,29.913887602506883,FALSE,"Enzymes, Metabolic proteins, Predicted intracellular proteins",Cytosol
MOB1A,18.235645880352436,23.744646317125355,-5.509000436772919,TRUE,"Plasma proteins, Predicted intracellular proteins",Nucleoli
AIMP2,31.156508051440525,13.87944151002611,17.277066541414413,TRUE,"Disease related genes, Human disease related genes, Plasma proteins, Predicted intracellular proteins",Cytosol
RPL19,25.573088516727914,25.710095958771497,-0.13700744204358273,TRUE,"Essential proteins, Plasma proteins, Predicted intracellular proteins, Ribosomal proteins","Nucleoli, Cytosol"
TIMM8A,95.43403132951792,24.326306486011166,71.10772484350676,FALSE,"Disease related genes, Human disease related genes, Predicted intracellular proteins",Mitochondria
FARSA,29.08654791870877,22.393383176746003,6.693164741962768,FALSE,"Disease related genes, Enzymes, Essential proteins, Human disease related genes, Metabolic proteins, Potential drug targets, Predicted intracellular proteins",Cytosol
CTSZ,65.06073204912501,28.708437333439363,36.352294715685645,TRUE,"Enzymes, Metabolic proteins, Plasma proteins, Predicted intracellular proteins",Vesicles
VWF,59.14344973837808,32.576937439626555,26.566512298751526,TRUE,"Cancer-related genes, Candidate cardiovascular disease genes, Disease related genes, FDA approved drug targets, Human disease related genes, Plasma proteins, Predicted secreted proteins",
STOML2,40.560149137974946,23.364935958802874,17.19521317917207,FALSE,Predicted intracellular proteins,"Plasma membrane, Cytosol"
SRSF3,42.21050322475223,26.59286246199077,15.61764076276146,TRUE,"Cancer-related genes, Essential proteins, Plasma proteins, Predicted intracellular proteins",Nucleoplasm
NHLRC2,22.458385874813295,14.29432487743304,8.164060997380256,FALSE,"Disease related genes, Predicted intracellular proteins",Nucleoplasm
MAPK9,33.885456271047254,33.05652854896592,0.8289277220813318,FALSE,"Enzymes, Predicted intracellular proteins, RAS pathway related proteins","Plasma membrane, Cytosol"
SSPN,51.260782663044424,57.341141776946415,-6.0803591139019915,FALSE,Predicted membrane proteins,Nuclear membrane
PECAM1,39.11106382805821,17.998818302241233,21.112245525816974,TRUE,"Cancer-related genes, Candidate cardiovascular disease genes, CD markers, Plasma proteins, Predicted intracellular proteins, Predicted membrane proteins","Nucleoli, Plasma membrane"
PSMD7,25.684174146508987,9.924475408424824,15.759698738084163,FALSE,"Enzymes, Essential proteins, Predicted intracellular proteins","Nucleoplasm, Acrosome, Equatorial segment, Mid piece, Principal piece"
SIAE,32.011954188153936,28.00422047414855,4.007733714005386,FALSE,"Disease related genes, Enzymes, Human disease related genes, Metabolic proteins, Potential drug targets, Predicted intracellular proteins",
MAPK14,50.609122188038455,21.503362865602167,29.10575932243629,FALSE,"Cancer-related genes, Enzymes, Predicted intracellular proteins",Nuclear speckles
EHBP1L1,34.738012846567266,11.466420919594473,23.271591926972793,FALSE,Predicted intracellular proteins,"Vesicles, Plasma membrane"
RAB8A,63.816867333189975,25.59021527433094,38.22665205885903,FALSE,"Enzymes, Predicted intracellular proteins","Nucleoplasm, Nucleoli, Plasma membrane"
SNX5,41.54153042325534,12.57591302676774,28.9656173964876,FALSE,Predicted intracellular proteins,"Vesicles, Cytosol"
OPLAH,37.590730995521426,18.1435791637069,19.447151831814526,FALSE,"Disease related genes, Enzymes, Human disease related genes, Metabolic proteins, Potential drug targets, Predicted intracellular proteins",Nucleoli fibrillar center
TMEM126A,44.5766396488484,32.3790728178038,12.197566831044597,FALSE,"Disease related genes, Human disease related genes, Potential drug targets, Predicted membrane proteins, Transporters",Cytosol
EIF2S2,29.057588496811356,19.88344096738101,9.174147529430346,TRUE,"Cancer-related genes, Essential proteins, Plasma proteins, Predicted intracellular proteins",Endoplasmic reticulum
EIF6,35.35797140953419,23.877790734620636,11.480180674913552,TRUE,"Essential proteins, Plasma proteins, Predicted intracellular proteins",Nucleoplasm
BOLA2,33.034844906469665,35.70765451612047,-2.6728096096508054,FALSE,Predicted intracellular proteins,
PFKFB1,20.942837248373095,41.050035092181666,-20.10719784380857,FALSE,"Enzymes, Metabolic proteins, Predicted intracellular proteins",
WDR77,36.40477621096335,12.813093174889326,23.591683036074024,FALSE,"Essential proteins, Predicted intracellular proteins","Nucleoplasm, Cytosol"
SFPQ,29.60538626036957,31.597641948540307,-1.9922556881707365,TRUE,"Cancer-related genes, Disease related genes, Essential proteins, Plasma proteins, Predicted intracellular proteins, Transcription factors",Nucleoplasm
LAMA2,60.21332898950376,40.513761233254506,19.69956775624925,TRUE,"Disease related genes, Human disease related genes, Plasma proteins, Predicted intracellular proteins, Predicted secreted proteins",
LZIC,27.121645104346253,20.792616646422598,6.3290284579236555,FALSE,Predicted intracellular proteins,Nucleoplasm
PDK2,59.455307108064126,72.25654537440653,-12.801238266342402,FALSE,"Enzymes, Metabolic proteins, Predicted intracellular proteins","Nucleoplasm, Mitochondria"
RALB,129.39503018000275,70.81927827372415,58.5757519062786,FALSE,"Enzymes, Predicted intracellular proteins, RAS pathway related proteins",
RPS26,25.737427690962644,26.661298454549765,-0.9238707635871215,FALSE,"Disease related genes, Human disease related genes, Predicted intracellular proteins, Ribosomal proteins","Endoplasmic reticulum, Cytosol"
MYH8,77.83463918523344,63.666810997156084,14.167828188077358,TRUE,"Disease related genes, Human disease related genes, Plasma proteins, Predicted intracellular proteins",Focal adhesion sites
ABCF2,43.33346234620107,21.40638224851066,21.927080097690407,FALSE,"Predicted intracellular proteins, Transporters",Cytosol
AP2M1,24.99516428700296,15.337255073781856,9.657909213221105,TRUE,"Disease related genes, Essential proteins, Human disease related genes, Plasma proteins, Potential drug targets, Predicted intracellular proteins, Transporters",Plasma membrane
PITPNB,36.62272888458591,9.506804834376425,27.115924050209486,FALSE,Predicted intracellular proteins,"Vesicles, Cytosol"
HSD17B4,24.702564734207797,28.832506244715795,-4.129941510507997,TRUE,"Disease related genes, Enzymes, Human disease related genes, Metabolic proteins, Plasma proteins, Potential drug targets, Predicted intracellular proteins",Peroxisomes
ACAD9,51.10464042234557,33.74572412667659,17.358916295668976,FALSE,"Disease related genes, Human disease related genes, Metabolic proteins, Predicted intracellular proteins",Mitochondria
TATDN3,74.19011971277565,19.040401704385353,55.1497180083903,FALSE,Predicted intracellular proteins,Nucleoplasm
CDIPT,46.42402714164725,15.934751970949861,30.48927517069739,FALSE,"Enzymes, Metabolic proteins, Predicted membrane proteins","Nucleoplasm, Nuclear membrane, Plasma membrane"
KHSRP,33.4556732681631,22.90672265422807,10.548950613935034,TRUE,"Plasma proteins, Predicted intracellular proteins",Nucleoplasm
BCKDK,56.4490154508519,43.06902679256934,13.379988658282564,FALSE,"Disease related genes, Enzymes, Human disease related genes, Metabolic proteins, Potential drug targets, Predicted intracellular proteins",Mitochondria
NPC2,48.3316822457703,24.3046053879894,24.0270768577809,TRUE,"Disease related genes, Human disease related genes, Plasma proteins, Potential drug targets, Predicted intracellular proteins, Predicted secreted proteins, Transporters",
UFD1,36.41820655570548,25.883509924832953,10.534696630872528,FALSE,"Essential proteins, Predicted intracellular proteins, Transporters","Nucleoplasm, Cytosol"
MVP,64.15407381707871,32.40334870156447,31.750725115514243,FALSE,"Cancer-related genes, Predicted intracellular proteins, Transporters",Cytosol
RPL29,59.66288474508362,72.43045898451183,-12.767574239428207,FALSE,"Predicted intracellular proteins, Ribosomal proteins","Nucleoli, Endoplasmic reticulum, Cytosol"
PRKAB2,41.00104673914247,16.037370446040153,24.963676293102314,FALSE,"FDA approved drug targets, Predicted intracellular proteins",Nucleoplasm
SIRT5,51.81354523165397,22.095124887110025,29.718420344543944,FALSE,"Metabolic proteins, Predicted intracellular proteins",Mitochondria
RNF114,26.856108062632977,25.095675140202083,1.760432922430894,FALSE,"Enzymes, Predicted intracellular proteins","Plasma membrane, Cytosol"
THEM6,50.70030061370814,20.69991168317784,30.000388930530296,FALSE,"Predicted intracellular proteins, Predicted secreted proteins","Nuclear speckles, Cytosol"
SCP2,39.595673336092155,17.394908634838558,22.200764701253597,TRUE,"Disease related genes, Enzymes, Human disease related genes, Metabolic proteins, Plasma proteins, Potential drug targets, Predicted intracellular proteins",Peroxisomes
DMAC2L,42.24696986178699,31.4068618133162,10.840108048470785,FALSE,Predicted intracellular proteins,"Nucleoplasm, Mitochondria"
HDLBP,43.88951110210705,26.72754822269602,17.161962879411032,TRUE,"Metabolic proteins, Plasma proteins, Predicted intracellular proteins",Endoplasmic reticulum
PMM2,26.802457656915912,36.35312712321391,-9.550669466297997,FALSE,"Disease related genes, Enzymes, Human disease related genes, Metabolic proteins, Potential drug targets, Predicted intracellular proteins","Nucleoplasm, Cytosol"
ACSS1,43.396161888747145,34.22440000802124,9.171761880725903,FALSE,"Enzymes, Metabolic proteins, Predicted intracellular proteins, Predicted membrane proteins",
CBR3,55.89326100886236,14.846225225667084,41.04703578319528,FALSE,"Enzymes, Metabolic proteins, Predicted intracellular proteins","Nucleoplasm, Cytosol"
RAB9A,29.452011628570656,73.7317593202845,-44.27974769171384,FALSE,Predicted intracellular proteins,Nucleoplasm
TOMM40,52.59739087710321,33.20620727145665,19.39118360564656,FALSE,"Essential proteins, Predicted intracellular proteins, Transporters",Mitochondria
ARPC1B,60.869692766029694,28.9552027305431,31.914490035486594,TRUE,"Disease related genes, Plasma proteins, Predicted intracellular proteins","Vesicles, Cytosol"
LGALSL,31.043082202927298,41.94534895025146,-10.902266747324159,TRUE,"Plasma proteins, Predicted intracellular proteins",Nucleoplasm
COPB1,47.19728664505558,57.869090452800265,-10.671803807744688,TRUE,"Disease related genes, Essential proteins, Human disease related genes, Metabolic proteins, Plasma proteins, Predicted intracellular proteins","Golgi apparatus, Vesicles, Cytosol"
RTN4IP1,46.28921815165913,24.830918651168318,21.45829950049081,FALSE,"Disease related genes, Essential proteins, Human disease related genes, Predicted intracellular proteins",
AARS1,15.833466146502717,14.806706376197099,1.0267597703056186,TRUE,"Disease related genes, Enzymes, Essential proteins, Human disease related genes, Metabolic proteins, Plasma proteins, Potential drug targets, Predicted intracellular proteins",Cytosol
SERBP1,47.949464266142364,34.552660096618276,13.396804169524088,TRUE,"Essential proteins, Plasma proteins, Predicted intracellular proteins",Cytosol
TXNDC12,28.38968985981156,36.319499274098,-7.929809414286439,TRUE,"Enzymes, Plasma proteins, Predicted intracellular proteins",
DDX19B,67.44057412503456,33.052953116466,34.38762100856856,TRUE,"Enzymes, Metabolic proteins, Plasma proteins, Predicted intracellular proteins, Transporters",Nucleoplasm
ZYX,33.30075793733615,23.17291477743581,10.12784315990034,TRUE,"Plasma proteins, Predicted intracellular proteins",Focal adhesion sites
MCCC1,33.19510676265022,33.18792403835584,0.00718272429438116,TRUE,"Disease related genes, Enzymes, Human disease related genes, Metabolic proteins, Plasma proteins, Potential drug targets, Predicted intracellular proteins",Mitochondria
AARSD1,42.00886566263765,23.3324259867465,18.676439675891153,FALSE,Predicted intracellular proteins,"Nuclear membrane, Cytosol"
SRP14,35.15259912311995,36.33930300691108,-1.1867038837911323,TRUE,"Essential proteins, Plasma proteins, Predicted intracellular proteins, Transporters",Nucleoli
LMAN1,34.249625049680006,27.465245373851143,6.784379675828863,FALSE,"Disease related genes, Human disease related genes, Potential drug targets, Predicted membrane proteins, Transporters",Vesicles
CORO1B,68.61414915098617,35.01526476217664,33.59888438880952,TRUE,"Plasma proteins, Predicted intracellular proteins","Plasma membrane, Cytosol"
RPL21,40.2080283611421,27.073466518024198,13.1345618431179,FALSE,"Disease related genes, Essential proteins, Human disease related genes, Predicted intracellular proteins, Ribosomal proteins","Nucleoli fibrillar center, Endoplasmic reticulum, Cytosol"
JUP,68.4169074296471,23.721023205418053,44.69588422422905,TRUE,"Cancer-related genes, Disease related genes, Human disease related genes, Plasma proteins, Predicted intracellular proteins","Plasma membrane, Cell Junctions"
KHDRBS1,36.08022937111003,24.188971736392865,11.891257634717164,FALSE,Predicted intracellular proteins,Nucleoplasm
SUGT1,23.137473910207248,17.680427136711792,5.457046773495456,TRUE,"Essential proteins, Plasma proteins, Predicted intracellular proteins","Nuclear bodies, Cytosol"
UBA3,36.73415738567067,16.913871056414205,19.820286329256465,FALSE,"Enzymes, Essential proteins, Metabolic proteins, Predicted intracellular proteins","Plasma membrane, Cytosol"
NDRG1,73.91518242917257,12.874833130331305,61.04034929884127,TRUE,"Cancer-related genes, Disease related genes, Human disease related genes, Plasma proteins, Predicted intracellular proteins, Predicted membrane proteins","Cytosol, Connecting piece, Mid piece, Principal piece, End piece"
D2HGDH,36.56973868609724,44.54983025951155,-7.980091573414313,FALSE,"Disease related genes, Enzymes, Human disease related genes, Potential drug targets, Predicted intracellular proteins",Mitochondria
PLGRKT,43.53926950669458,26.193140783539086,17.346128723155495,FALSE,Predicted membrane proteins,Mitochondria
EZR,33.94984005970576,36.40366598740327,-2.4538259276975154,TRUE,"Cancer-related genes, Plasma proteins, Predicted intracellular proteins",Plasma membrane
RDH13,39.5353686802736,30.11416824373073,9.421200436542868,FALSE,"Enzymes, Metabolic proteins, Predicted intracellular proteins","Mitochondria, Cytosol"
DBNL,37.83852371708137,20.071244901518366,17.767278815563007,TRUE,"Plasma proteins, Predicted intracellular proteins","Vesicles, Plasma membrane"
LYPLAL1,28.84368660294826,35.25511669518574,-6.411430092237481,FALSE,"Enzymes, Predicted intracellular proteins",Cytosol
FAM98B,34.837261586001375,18.267462960402217,16.56979862559916,TRUE,"Plasma proteins, Predicted intracellular proteins, Predicted membrane proteins","Nucleoplasm, Vesicles"
ATL2,41.83254276743092,35.39417514884558,6.438367618585346,FALSE,"Essential proteins, Predicted intracellular proteins, Predicted membrane proteins, Transporters",Endoplasmic reticulum
PPP2R5A,36.4565596654437,28.135160643732952,8.321399021710747,FALSE,Predicted intracellular proteins,Cytosol
DNAJB1,34.708799018345026,31.45313913185472,3.2556598864903066,FALSE,"Cancer-related genes, Predicted intracellular proteins",Nucleoplasm
CRADD,67.65925859725007,75.87895351637927,-8.219694919129196,FALSE,"Cancer-related genes, Disease related genes, Human disease related genes, Predicted intracellular proteins",Cytosol
LETM1,35.15568592534982,17.22396971780053,17.931716207549293,FALSE,"Essential proteins, Human disease related genes, Predicted membrane proteins, Transporters",Mitochondria
TUBB4A,146.87724075992372,74.45760028656588,72.41964047335784,TRUE,"Disease related genes, Human disease related genes, Plasma proteins, Predicted intracellular proteins",Microtubules
CLYBL,77.53464343862369,47.63265437038751,29.901989068236176,FALSE,"Enzymes, Metabolic proteins, Predicted intracellular proteins, Predicted membrane proteins",
NFIC,28.75959170292403,22.248034937599602,6.511556765324428,FALSE,"Predicted intracellular proteins, Transcription factors","Nucleoplasm, Nucleoli fibrillar center"
AUH,65.86462441575331,34.89233253790686,30.972291877846452,TRUE,"Disease related genes, Enzymes, Human disease related genes, Metabolic proteins, Plasma proteins, Potential drug targets, Predicted intracellular proteins",Cytosol
ENSA,48.55882138157555,28.798125373535548,19.76069600804,TRUE,"Plasma proteins, Predicted intracellular proteins","Nucleoplasm, Nucleoli"
PPIL1,29.72506063234799,17.536818319291346,12.188242313056644,TRUE,"Disease related genes, Enzymes, Essential proteins, Human disease related genes, Metabolic proteins, Plasma proteins, Potential drug targets, Predicted intracellular proteins",Nucleoli
STX12,50.916418775839475,8.815040234888496,42.101378540950975,FALSE,"Predicted intracellular proteins, Predicted membrane proteins","Nucleoplasm, Golgi apparatus, Vesicles"
ABCA8,58.75067014891968,19.102361610259564,39.64830853866012,FALSE,"Metabolic proteins, Predicted membrane proteins, Transporters",Nucleoplasm
MTM1,54.14751713073556,30.407955437201572,23.739561693533986,TRUE,"Disease related genes, Enzymes, Human disease related genes, Metabolic proteins, Plasma proteins, Potential drug targets, Predicted intracellular proteins",Plasma membrane
TXNRD2,34.0265150475586,60.608551075013885,-26.58203602745529,TRUE,"Disease related genes, Enzymes, Human disease related genes, Metabolic proteins, Plasma proteins, Potential drug targets, Predicted intracellular proteins","Mitochondria, Cytosol"
BCKDHB,47.98936935766905,17.69719350527835,30.2921758523907,FALSE,"Disease related genes, Enzymes, Human disease related genes, Metabolic proteins, Potential drug targets, Predicted intracellular proteins",Mitochondria
C6orf136,138.3190469330332,73.90381832366052,64.41522860937269,FALSE,"Predicted intracellular proteins, Predicted membrane proteins",
PRPSAP1,34.13558734236857,56.59427775740659,-22.45869041503802,FALSE,Predicted intracellular proteins,Cytosol
ETF1,32.27717084231999,14.676731169310624,17.600439673009365,TRUE,"Essential proteins, Plasma proteins, Predicted intracellular proteins",
EIF3L,35.17675674378735,25.50758112426974,9.66917561951761,FALSE,"Predicted intracellular proteins, Predicted membrane proteins",Nucleoli
RBKS,49.63921401797813,16.973049949866812,32.666164068111314,FALSE,"Enzymes, Metabolic proteins, Predicted intracellular proteins",Cytosol
SENP8,31.250572836110592,22.99178475434591,8.258788081764681,FALSE,"Enzymes, Predicted intracellular proteins","Nucleoplasm, Vesicles"
ARCN1,15.572000323704996,15.591976160569828,-0.019975836864832175,TRUE,"Disease related genes, Essential proteins, Human disease related genes, Metabolic proteins, Plasma proteins, Predicted intracellular proteins",Vesicles
TATDN1,30.652105602991536,23.663709643224305,6.988395959767232,FALSE,"Predicted intracellular proteins, Predicted membrane proteins",Nucleoplasm
C19orf12,38.433067986370936,18.05032033151789,20.382747654853045,FALSE,"Disease related genes, Human disease related genes, Predicted intracellular proteins",Cytosol
MICU1,27.75968043124394,28.150521994830648,-0.39084156358670796,FALSE,"Disease related genes, Human disease related genes, Potential drug targets, Predicted intracellular proteins, Transporters",Mitochondria
DHTKD1,23.64912637546059,51.096298469068316,-27.447172093607726,TRUE,"Disease related genes, Human disease related genes, Metabolic proteins, Plasma proteins, Predicted intracellular proteins",Mitochondria
CHMP1B,72.4262391790248,81.7357799178474,-9.30954073882259,FALSE,Predicted intracellular proteins,"Nucleoplasm, Midbody"
MGST2,39.91769299867463,53.8262795507228,-13.90858655204817,FALSE,"Enzymes, Metabolic proteins, Predicted intracellular proteins, Predicted membrane proteins",Cytosol
TNKS1BP1,55.75691717701072,15.518692080140736,40.23822509686998,FALSE,Predicted intracellular proteins,Plasma membrane
HNRNPM,49.86545853066599,21.870738799321423,27.994719731344567,TRUE,"Essential proteins, Plasma proteins, Predicted intracellular proteins",Nucleoplasm
RPL36,42.44160466008256,26.76258907500928,15.67901558507328,FALSE,"Essential proteins, Predicted intracellular proteins, Ribosomal proteins",Cytosol
NUDCD2,34.54014094351571,31.97301505848049,2.5671258850352174,FALSE,Predicted intracellular proteins,Microtubules
PRKCD,26.806985311756293,33.79410489899263,-6.987119587236336,FALSE,"Cancer-related genes, Disease related genes, Enzymes, FDA approved drug targets, Human disease related genes, Predicted intracellular proteins",Cytosol
SYNPO2L,87.4225140839934,32.949945335519445,54.47256874847396,TRUE,"Plasma proteins, Predicted intracellular proteins",
CLIC6,45.70957871999431,28.940594679804004,16.768984040190308,FALSE,"Predicted intracellular proteins, Transporters",
MTIF2,28.516109938744716,37.13251698769762,-8.616407048952905,FALSE,"Essential proteins, Predicted intracellular proteins",Mitochondria
OPA3,56.229937762388374,27.77611947641219,28.453818285976183,FALSE,"Disease related genes, Human disease related genes, Predicted membrane proteins",Cytosol
LIMCH1,28.07233090451039,16.882615777620604,11.189715126889787,FALSE,Predicted intracellular proteins,Actin filaments
PLAA,37.680129008407256,26.030998897022528,11.649130111384729,TRUE,"Disease related genes, Human disease related genes, Plasma proteins, Predicted intracellular proteins","Plasma membrane, Cytosol"
PFKFB2,40.77227182174176,29.780444868818595,10.991826952923166,FALSE,"Enzymes, Metabolic proteins, Predicted intracellular proteins",Nucleoplasm
FAHD2A,43.09259523884615,33.948448029113855,9.144147209732296,FALSE,Predicted intracellular proteins,
BROX,39.18931747189525,30.571257714325956,8.618059757569295,FALSE,Predicted intracellular proteins,Golgi apparatus
HSPBP1,27.49965329758996,17.25293532050354,10.24671797708642,FALSE,Predicted intracellular proteins,Cytosol
EIF3M,18.582480886034052,17.613674138485607,0.9688067475484452,FALSE,"Essential proteins, Predicted intracellular proteins",Cytosol
NUDCD1,27.03931652507901,32.5807257014453,-5.541409176366294,FALSE,Predicted intracellular proteins,Nucleoplasm
UBQLN1,26.512852166206812,12.475928096705275,14.036924069501538,TRUE,"Plasma proteins, Predicted intracellular proteins",Nucleoplasm
BCKDHA,38.881655197017146,40.388486410064985,-1.506831213047839,TRUE,"Disease related genes, Enzymes, Human disease related genes, Metabolic proteins, Plasma proteins, Potential drug targets, Predicted intracellular proteins",
PRUNE1,23.803670527758992,19.526709673574423,4.276960854184569,FALSE,"Disease related genes, Enzymes, Essential proteins, Human disease related genes, Metabolic proteins, Potential drug targets, Predicted intracellular proteins",Cytosol
CSTA,48.01191999070888,17.37700074721131,30.634919243497574,TRUE,"Cancer-related genes, Disease related genes, Human disease related genes, Plasma proteins, Predicted intracellular proteins","Nucleoplasm, Cytosol"
CHMP4B,32.69880022493915,16.257789707120025,16.441010517819123,FALSE,"Disease related genes, Essential proteins, Human disease related genes, Predicted intracellular proteins",
ATAD3A,49.29495932300339,18.94321505837561,30.35174426462778,FALSE,"Disease related genes, Human disease related genes, Predicted intracellular proteins",Mitochondria
ILVBL,61.229979512821366,27.53931407284232,33.69066543997904,FALSE,"Predicted intracellular proteins, Predicted membrane proteins","Golgi apparatus, Vesicles"
NAA50,16.73249713039602,13.2555779758979,3.4769191544981197,FALSE,"Enzymes, Essential proteins, Metabolic proteins, Predicted intracellular proteins",Nucleoli
DHRS11,35.32232546023329,16.685600307109585,18.636725153123702,FALSE,"Enzymes, Predicted intracellular proteins, Predicted secreted proteins",Cytosol
PPP1R14B,54.14023178168993,39.70245509680103,14.437776684888895,TRUE,"Essential proteins, Plasma proteins, Predicted intracellular proteins",
LPCAT3,57.53484446413323,53.42719772726989,4.107646736863337,FALSE,"Enzymes, Metabolic proteins, Predicted membrane proteins",
PPP1R12B,65.53672304022675,54.45648335669334,11.080239683533406,TRUE,"Plasma proteins, Predicted intracellular proteins","Plasma membrane, Actin filaments"
BPNT1,23.864311326706883,13.716626507594912,10.147684819111971,FALSE,"Enzymes, Metabolic proteins, Predicted intracellular proteins",Nuclear speckles
EIF4E3,34.3621631637638,27.087129984274146,7.2750331794896574,FALSE,Predicted intracellular proteins,Nucleoli fibrillar center
KPNA6,22.96398716841535,14.13378889834848,8.830198270066871,TRUE,"Metabolic proteins, Plasma proteins, Predicted intracellular proteins, Transporters",Cytosol
LMNB2,24.454214837225223,67.01372558292839,-42.559510745703165,TRUE,"Disease related genes, Human disease related genes, Plasma proteins, Predicted intracellular proteins",Nuclear membrane
PGM2L1,46.64328959036254,18.943279955220735,27.700009635141807,FALSE,"Enzymes, Metabolic proteins, Predicted intracellular proteins",Mitochondria
PARP1,34.748771757550855,16.194272315057113,18.554499442493743,TRUE,"Cancer-related genes, Enzymes, FDA approved drug targets, Metabolic proteins, Plasma proteins, Predicted intracellular proteins",Nucleoplasm
TSG101,20.243659541231686,12.71903037434681,7.524629166884877,TRUE,"Cancer-related genes, Essential proteins, Plasma proteins, Predicted intracellular proteins",Cytosol
GLS,66.84133528305853,28.08186035184626,38.75947493121227,FALSE,"Disease related genes, Enzymes, Human disease related genes, Metabolic proteins, Potential drug targets, Predicted intracellular proteins",Mitochondria
SMTN,34.8741047159833,16.3917752170773,18.482329498906,TRUE,"Plasma proteins, Predicted intracellular proteins",Nucleoplasm
AP2A2,36.01462855248174,23.352674522816802,12.661954029664937,TRUE,"Plasma proteins, Predicted intracellular proteins, Transporters",Vesicles
RO60,46.89319515610848,33.114503848054675,13.778691308053808,TRUE,"Plasma proteins, Predicted intracellular proteins","Primary cilium, Cytosol"
LSM3,28.231415290354057,29.11747349368256,-0.8860582033285027,TRUE,"Essential proteins, Plasma proteins, Predicted intracellular proteins",Nucleoli
CSNK2A1,24.18929657770957,19.900930873721073,4.288365703988497,FALSE,"Disease related genes, Enzymes, Human disease related genes, Potential drug targets, Predicted intracellular proteins",Nucleoplasm
CDNF,40.600896907304715,21.81032901400687,18.790567893297844,FALSE,"Predicted intracellular proteins, Predicted secreted proteins",
HNRNPUL1,46.20348054450764,20.989463797638784,25.214016746868857,TRUE,"Plasma proteins, Predicted intracellular proteins",Nucleoplasm
STAT5B,17.176611307890642,20.957209243690013,-3.7805979357993706,FALSE,"Cancer-related genes, Disease related genes, Human disease related genes, Predicted intracellular proteins, Transcription factors",Cytosol
CA14,25.02361499484465,42.821979090852814,-17.798364096008164,FALSE,"Enzymes, FDA approved drug targets, Metabolic proteins, Predicted intracellular proteins, Predicted membrane proteins",Plasma membrane
UBE3A,17.22587482012944,24.54216718130803,-7.31629236117859,FALSE,"Disease related genes, Enzymes, Human disease related genes, Metabolic proteins, Potential drug targets, Predicted intracellular proteins, Predicted membrane proteins",Nucleoplasm
MME,29.74868206598601,24.649522699027838,5.0991593669581725,TRUE,"Cancer-related genes, Candidate cardiovascular disease genes, CD markers, Disease related genes, Enzymes, FDA approved drug targets, Human disease related genes, Plasma proteins, Predicted intracellular proteins, Predicted membrane proteins","Plasma membrane, Centrosome, Basal body"
LANCL2,34.52692065291475,18.567134775331027,15.95978587758372,FALSE,Predicted intracellular proteins,"Nucleoplasm, Cytosol"
ATPAF1,43.42022705328931,39.18287744067146,4.237349612617848,FALSE,Predicted intracellular proteins,Mitochondria
MICU2,20.245825670966706,22.9934707493969,-2.7476450784301925,FALSE,"Predicted intracellular proteins, Transporters",Nucleoplasm
ETFRF1,36.14012507750924,49.021545448955564,-12.881420371446325,FALSE,Predicted intracellular proteins,
ETHE1,36.73942116585303,21.890173700423574,14.849247465429457,FALSE,"Disease related genes, Enzymes, Human disease related genes, Potential drug targets, Predicted intracellular proteins",Mitochondria
MLIP,51.23426170820644,33.4186465267121,17.815615181494337,FALSE,"Disease related genes, Predicted intracellular proteins","Nucleoplasm, Plasma membrane"
CTTN,54.79557434041904,33.278199404450845,21.517374935968192,TRUE,"Cancer-related genes, Plasma proteins, Predicted intracellular proteins","Vesicles, Plasma membrane"
EDF1,47.67799122659617,41.98398817539081,5.694003051205357,FALSE,Predicted intracellular proteins,Cytosol
MYL9,60.77723036837364,49.17441490106573,11.602815467307906,FALSE,"Disease related genes, Human disease related genes, Predicted intracellular proteins",
COPZ1,24.31101980455031,20.69418637499462,3.6168334295556903,FALSE,"Essential proteins, Predicted intracellular proteins",
C9orf64,24.10267896930298,15.06308368894673,9.039595280356249,FALSE,Predicted intracellular proteins,Golgi apparatus
RHOC,47.17238605548661,26.082732253410878,21.089653802075734,FALSE,"Cancer-related genes, Predicted intracellular proteins",
FHIT,37.16272547913723,42.361389866424695,-5.198664387287465,FALSE,"Cancer-related genes, Disease related genes, Enzymes, Human disease related genes, Metabolic proteins, Potential drug targets, Predicted intracellular proteins","Nucleoli fibrillar center, Plasma membrane"
EIF3D,24.533194147289176,17.163634047393455,7.369560099895722,TRUE,"Disease related genes, Essential proteins, Plasma proteins, Predicted intracellular proteins",Cytosol
GALK1,40.83097043611074,29.417810201673607,11.413160234437132,TRUE,"Disease related genes, Enzymes, Human disease related genes, Metabolic proteins, Plasma proteins, Potential drug targets, Predicted intracellular proteins",Cytosol
TSNAX,32.31901158040212,21.451560325660026,10.867451254742093,FALSE,Predicted intracellular proteins,Nucleoplasm
BCO2,47.41877471883245,66.89833177703552,-19.47955705820307,FALSE,"Enzymes, Metabolic proteins, Predicted intracellular proteins",
ILF3,21.65709997439256,16.176188594205264,5.480911380187294,TRUE,"Cancer-related genes, Essential proteins, Plasma proteins, Predicted intracellular proteins","Nucleoplasm, Nucleoli, Mitochondria"
G3BP2,51.35445900268806,24.76637851563367,26.58808048705439,FALSE,Predicted intracellular proteins,Cytosol
STAT3,29.80659230571775,15.387538772958736,14.419053532759014,TRUE,"Cancer-related genes, Disease related genes, Human disease related genes, Plasma proteins, Predicted intracellular proteins, Transcription factors","Nucleoplasm, Cytosol"
ACSS2,28.353476415384854,20.94557879421279,7.407897621172065,FALSE,"Enzymes, Metabolic proteins, Predicted intracellular proteins, Predicted membrane proteins",Nucleoplasm
FITM1,33.017980161469,56.9541729483197,-23.936192786850704,FALSE,"Metabolic proteins, Predicted membrane proteins",
SRP54,26.408904583560417,22.292109891025905,4.116794692534512,TRUE,"Disease related genes, Essential proteins, Human disease related genes, Plasma proteins, Potential drug targets, Predicted intracellular proteins, Transporters",Cytosol
LHPP,68.4555959578928,64.662749564821425,3.792846393071372,FALSE,"Enzymes, Metabolic proteins, Predicted intracellular proteins","Nuclear speckles, Cytosol"
ARRB1,72.84366501186913,48.43969492515093,24.403970086718203,FALSE,"Predicted intracellular proteins, Transporters",Nucleoplasm
AASDHPPT,21.089502701487746,23.97118594883946,-2.881683247351713,FALSE,"Enzymes, Metabolic proteins, Predicted intracellular proteins",
ARL8A,41.04089591788724,27.381827272657944,13.659068645229297,FALSE,Predicted intracellular proteins,
COX20,50.66767997811916,39.386056904629136,11.281623073490024,FALSE,"Disease related genes, Essential proteins, Human disease related genes, Potential drug targets, Predicted membrane proteins, Transporters",Mitochondria
CHCHD7,71.07360602375077,29.925664913266754,41.14794111048401,FALSE,"Cancer-related genes, Disease related genes, Predicted intracellular proteins",Cell Junctions
LAMTOR5,40.819610114459735,32.199814563879755,8.61979555057998,TRUE,"Plasma proteins, Predicted intracellular proteins",Cytosol
TOM1L2,52.3749619858634,31.023270302083674,21.351691683779727,FALSE,Predicted intracellular proteins,"Vesicles, Microtubules, Primary cilium, Basal body"
LAMB3,45.96394311011145,21.891070097258183,24.072873012853268,TRUE,"Disease related genes, Human disease related genes, Plasma proteins, Predicted intracellular proteins, Predicted secreted proteins",Vesicles
LAMTOR1,30.054432945434666,28.619234654786695,1.4351982906479712,FALSE,Predicted intracellular proteins,Golgi apparatus
UROD,40.77606563033465,51.07114312448155,-10.295077494146902,TRUE,"Disease related genes, Enzymes, Essential proteins, Human disease related genes, Metabolic proteins, Plasma proteins, Potential drug targets, Predicted intracellular proteins","Nucleoplasm, Cytosol"
MAP2K4,36.87158079000052,13.550348538442597,23.321232251557923,TRUE,"Cancer-related genes, Enzymes, Plasma proteins, Predicted intracellular proteins",Nucleoplasm
HNRNPA0,29.63884302476159,15.225751946697624,14.413091078063967,TRUE,"Plasma proteins, Predicted intracellular proteins",Nucleoplasm
UQCC2,45.99901506859478,21.927297285643547,24.071717782951232,FALSE,"Disease related genes, Human disease related genes, Predicted intracellular proteins",Mitochondria
TECR,38.29576872425774,48.80934823594108,-10.51357951168334,FALSE,"Disease related genes, Enzymes, Human disease related genes, Metabolic proteins, Potential drug targets, Predicted membrane proteins",Endoplasmic reticulum
EWSR1,31.22492085448718,11.991040278224704,19.23388057626248,TRUE,"Cancer-related genes, Disease related genes, Essential proteins, Plasma proteins, Predicted intracellular proteins",Nucleoplasm
RCSD1,28.941059163088052,18.993671665270185,9.947387497817868,FALSE,Predicted intracellular proteins,
QKI,34.50216218459153,39.33821094977658,-4.836048765185048,FALSE,"Cancer-related genes, Predicted intracellular proteins",Nucleoplasm
GNA13,36.48569614541002,29.34934570846412,7.1363504369458965,TRUE,"Cancer-related genes, Human disease related genes, Plasma proteins, Predicted intracellular proteins",Cytosol
STIM1,27.31264369005537,36.097874396889154,-8.785230706833783,TRUE,"Disease related genes, Human disease related genes, Plasma proteins, Potential drug targets, Predicted intracellular proteins, Predicted membrane proteins, Transporters",Endoplasmic reticulum
CLINT1,37.13512896859339,23.891569541121996,13.243559427471396,TRUE,"Plasma proteins, Predicted intracellular proteins, Transporters",Vesicles
PDP1,57.75684810510483,20.009572136249716,37.747275968855114,TRUE,"Disease related genes, Enzymes, Human disease related genes, Metabolic proteins, Plasma proteins, Potential drug targets, Predicted intracellular proteins","Nucleoplasm, Cytosol"
TARDBP,28.701157764215978,24.597712815561568,4.10344494865441,TRUE,"Disease related genes, Essential proteins, Human disease related genes, Plasma proteins, Predicted intracellular proteins",Nucleoplasm
AP2S1,52.59187580001735,13.10386459170298,39.48801120831437,FALSE,"Disease related genes, Human disease related genes, Potential drug targets, Predicted intracellular proteins, Transporters",
RAB18,29.880880187773318,18.57493501139053,11.305945176382789,FALSE,"Cancer-related genes, Disease related genes, Human disease related genes, Predicted intracellular proteins",
HARS1,27.66636475808034,11.3488010793763,16.31756367870404,TRUE,"Disease related genes, Enzymes, Essential proteins, Human disease related genes, Metabolic proteins, Plasma proteins, Potential drug targets, Predicted intracellular proteins",Cytosol
PGPEP1,37.9541489987241,34.50169482543769,3.4524541732864122,FALSE,"Enzymes, Predicted intracellular proteins",Golgi apparatus
MBNL1,31.359729126407128,12.018338189298213,19.341390937108915,FALSE,"Disease related genes, Predicted intracellular proteins",Nucleoplasm
PALMD,37.13111105967409,19.857114688060403,17.273996371613688,FALSE,Predicted intracellular proteins,Actin filaments
VPS36,27.254585791478615,17.685814614480925,9.56877117699769,FALSE,"Essential proteins, Predicted intracellular proteins","Vesicles, Lysosomes"
PCCB,44.14222186938099,24.55706925214157,19.58515261723942,TRUE,"Disease related genes, Enzymes, Human disease related genes, Metabolic proteins, Plasma proteins, Potential drug targets, Predicted intracellular proteins",
SSR4,35.76805335200424,27.078575552093152,8.689477799911085,TRUE,"Disease related genes, Human disease related genes, Plasma proteins, Predicted membrane proteins",Endoplasmic reticulum
COX11,19.155945006822016,29.92083808466039,-10.764893077838373,FALSE,"Essential proteins, Predicted membrane proteins",
TIMM9,40.05638975275049,26.746810383722007,13.309579369028484,FALSE,"Essential proteins, Predicted intracellular proteins",Mitochondria
SFXN1,24.91911146221861,33.11941352544268,-8.200302063224072,FALSE,"Metabolic proteins, Predicted intracellular proteins, Predicted membrane proteins, Transporters",Mitochondria
GBP1,1.9109421021898796,43.40561769502998,-41.4946755928401,TRUE,"Plasma proteins, Predicted intracellular proteins",
TKFC,24.479764612502247,19.8611321263322,4.618632486170046,FALSE,"Disease related genes, Enzymes, Metabolic proteins, Potential drug targets, Predicted intracellular proteins",Nucleoplasm
UBE2G1,24.756907810507137,26.352536727972435,-1.595628917465298,TRUE,"Enzymes, Metabolic proteins, Plasma proteins, Predicted intracellular proteins","Nucleoplasm, Cytosol"
OSBP,37.00138660526376,11.888986862584828,25.11239974267893,FALSE,"Essential proteins, Predicted intracellular proteins",Golgi apparatus
HLA-DRB5,52.112044471189414,55.43477257034236,-3.322728099152947,FALSE,"Human disease related genes, Predicted membrane proteins",
AGK,30.31773215795681,12.354728274717235,17.963003883239576,FALSE,"Disease related genes, Enzymes, Human disease related genes, Metabolic proteins, Potential drug targets, Predicted intracellular proteins",Mitochondria
PCYT1A,29.499857412841664,26.169650719804793,3.330206693036871,FALSE,"Disease related genes, Enzymes, Essential proteins, Human disease related genes, Metabolic proteins, Potential drug targets, Predicted intracellular proteins",Nucleoplasm
MRPS23,31.37882540304765,41.89509462597288,-10.516269222925231,FALSE,"Disease related genes, Essential proteins, Human disease related genes, Predicted intracellular proteins, Ribosomal proteins",Mitochondria
PLP2,52.792434924132515,54.047889812029105,-1.2554548878965903,FALSE,"Predicted membrane proteins, Transporters",
SIRT2,32.3088986001488,33.88495999752495,-1.5760613973761508,FALSE,"Cancer-related genes, Enzymes, Metabolic proteins, Predicted intracellular proteins","Nucleoli, Cytosol"
ESYT2,38.57367143774971,9.744947850717585,28.828723587032123,TRUE,"Plasma proteins, Predicted membrane proteins, Transporters","Plasma membrane, Cytosol"
COPA,28.001704320220604,17.754658529259583,10.247045790961021,TRUE,"Disease related genes, Essential proteins, Human disease related genes, Plasma proteins, Predicted intracellular proteins, Predicted secreted proteins","Nucleoplasm, Cytosol"
MLYCD,34.75987710860811,24.32395269907665,10.43592440953146,FALSE,"Disease related genes, Enzymes, Human disease related genes, Metabolic proteins, Potential drug targets, Predicted intracellular proteins",
UAP1,20.63472883157333,15.864120136956139,4.7706086946171915,TRUE,"Enzymes, Metabolic proteins, Plasma proteins, Predicted intracellular proteins","Nucleoplasm, Plasma membrane, Cytosol"
LRPAP1,39.35780753891928,28.91673804268558,10.441069496233702,FALSE,"Disease related genes, Human disease related genes, Predicted intracellular proteins",Endoplasmic reticulum
FKBP4,34.42689484551244,14.860573490272142,19.5663213552403,TRUE,"Enzymes, Metabolic proteins, Plasma proteins, Predicted intracellular proteins",Cytosol
SYNPO,28.403733076053616,27.648347541153573,0.7553855349000429,FALSE,Predicted intracellular proteins,"Plasma membrane, Cytosol"
EPM2A,43.23753756068236,16.419796519137105,26.817741041545258,FALSE,"Disease related genes, Enzymes, Human disease related genes, Potential drug targets, Predicted intracellular proteins",Nucleoplasm
DCAF6,25.336896237562605,18.651306571277434,6.685589666285171,FALSE,Predicted intracellular proteins,Nucleoplasm
DYNC1LI1,14.31294527322304,26.626622103383518,-12.313676830160478,FALSE,Predicted intracellular proteins,Centrosome
PIP4K2A,44.93185558616334,19.886076299318876,25.04577928684446,TRUE,"Enzymes, Metabolic proteins, Plasma proteins, Predicted intracellular proteins",Golgi apparatus
UBE3C,14.462378266115827,19.035193522169696,-4.572815256053868,FALSE,"Enzymes, Metabolic proteins, Predicted intracellular proteins",Cytosol
LNPEP,41.39609046662257,20.108182388199896,21.28790807842267,FALSE,"Enzymes, Predicted membrane proteins",
SCAMP3,27.886314796273957,8.957423527354495,18.928891268919465,FALSE,"Predicted membrane proteins, Transporters",Vesicles
TMED5,29.700706760215322,26.31762209451586,3.3830846656994638,FALSE,"Predicted intracellular proteins, Predicted membrane proteins",
CTNNA1,48.30568378536434,25.041352946221203,23.264330839143135,TRUE,"Disease related genes, Human disease related genes, Plasma proteins, Predicted intracellular proteins","Plasma membrane, Cell Junctions"
STEAP4,66.43559758580764,22.263590327432993,44.17200725837465,FALSE,"Enzymes, Predicted membrane proteins, Transporters","Nucleoplasm, Plasma membrane"
NUDT2,51.99329962984284,25.771169232110587,26.22213039773225,FALSE,"Disease related genes, Enzymes, Metabolic proteins, Potential drug targets, Predicted intracellular proteins",Nucleoplasm
VPS37C,54.41709479786536,37.866741275494306,16.550353522371054,FALSE,Predicted intracellular proteins,"Nucleoplasm, Vesicles"
BCS1L,89.8112332243012,94.2282470248812,-4.417013800579994,FALSE,"Disease related genes, Human disease related genes, Potential drug targets, Predicted intracellular proteins, Predicted membrane proteins, Transporters",Vesicles
LSM2,43.240436125193085,24.167277469211964,19.07315865598112,TRUE,"Essential proteins, Plasma proteins, Predicted intracellular proteins",Nucleoplasm
FYCO1,28.14268705710341,27.63694443027818,0.5057426268252279,FALSE,"Disease related genes, Human disease related genes, Potential drug targets, Predicted intracellular proteins, Transporters",Vesicles
TNPO1,33.031687482781486,24.78389691706217,8.247790565719317,TRUE,"Essential proteins, Plasma proteins, Predicted intracellular proteins, Transporters",Nucleoplasm
EIF4B,30.121442748378612,43.06345708291172,-12.942014334533106,FALSE,"Essential proteins, Predicted intracellular proteins","Endoplasmic reticulum, Cytosol"
MAPKAPK2,37.36376717091924,16.239132927195033,21.124634243724206,FALSE,"Cancer-related genes, Enzymes, Predicted membrane proteins",Nucleoplasm
RIC8A,30.933552031620266,40.74066725913383,-9.807115227513563,FALSE,Predicted intracellular proteins,Cytosol
MYPN,38.32800319588109,20.857294475153616,17.470708720727472,FALSE,"Disease related genes, Human disease related genes, Predicted intracellular proteins",Nucleoplasm
RPL36AL,48.77187226568582,13.888763306447188,34.88310895923863,FALSE,"Essential proteins, Predicted intracellular proteins, Ribosomal proteins","Endoplasmic reticulum, Cytosol"
PYCARD,32.25567001125173,3.578071166194134,28.677598845057595,FALSE,Predicted intracellular proteins,Nucleoplasm
SDCBP,33.49790063704843,46.69388368569452,-13.195983048646092,TRUE,"Plasma proteins, Predicted intracellular proteins, Transporters","Nucleoplasm, Cytosol"
MFN2,37.72712395029737,15.583053044085817,22.144070906211553,FALSE,"Disease related genes, Essential proteins, Human disease related genes, Potential drug targets, Predicted intracellular proteins, Predicted membrane proteins, Transporters",Mitochondria
DUSP23,18.91382184357057,28.00036384240881,-9.08654199883824,FALSE,"Enzymes, Predicted intracellular proteins",Nucleoplasm
EIF4G2,26.925639483631798,37.0804106087685,-10.154771125136705,TRUE,"Essential proteins, Plasma proteins, Predicted intracellular proteins",Cytosol
NGLY1,34.521212913554216,21.962415912283113,12.558797001271103,FALSE,"Disease related genes, Enzymes, Human disease related genes, Metabolic proteins, Potential drug targets, Predicted intracellular proteins, Predicted membrane proteins",
MRPL24,31.804643866298644,31.035894216487737,0.768749649810907,FALSE,"Essential proteins, Predicted intracellular proteins, Ribosomal proteins",
NUDC,25.357428939982718,29.123413310567038,-3.76598437058432,FALSE,"Essential proteins, Predicted intracellular proteins, Predicted membrane proteins",Cytosol
MRPL45,5.804505189612584,15.844998422361176,-10.040493232748592,FALSE,"Essential proteins, Predicted intracellular proteins",Mitochondria
CYTH1,33.579360830137254,17.572458950639483,16.00690187949777,TRUE,"Plasma proteins, Predicted intracellular proteins",
PRKRA,32.432305176000064,20.386685761026673,12.045619414973391,FALSE,"Disease related genes, Essential proteins, Human disease related genes, Predicted intracellular proteins",Cytosol
LCMT1,30.59754679825254,11.171824918340082,19.42572187991246,FALSE,"Enzymes, Predicted intracellular proteins","Nucleoplasm, Cytosol"
LYZ,66.60410183406277,31.303801441554867,35.30030039250791,TRUE,"Disease related genes, Enzymes, Human disease related genes, Plasma proteins, Potential drug targets, Predicted secreted proteins","Golgi apparatus, Actin filaments"
MRC2,48.4921288370663,28.037410920900257,20.454717916166047,FALSE,"CD markers, Predicted intracellular proteins, Predicted membrane proteins",
PPP2R3A,38.76354248537028,28.694869887200696,10.068672598169584,FALSE,Predicted intracellular proteins,Golgi apparatus
JAGN1,21.476673479668925,23.66947535972957,-2.192801880060646,FALSE,"Disease related genes, Human disease related genes, Predicted intracellular proteins, Predicted membrane proteins",Vesicles
HSCB,42.611630067326246,47.416034525292346,-4.8044044579661005,FALSE,"Disease related genes, Essential proteins, Human disease related genes, Predicted intracellular proteins","Nucleoplasm, Mitochondria, Cytosol"
HYOU1,46.494721751471815,21.826107653317635,24.66861409815418,TRUE,"Disease related genes, Essential proteins, Human disease related genes, Plasma proteins, Potential drug targets, Predicted intracellular proteins, Transporters",
MTX1,34.73028588135022,16.872444363590898,17.857841517759322,FALSE,Predicted membrane proteins,Mitochondria
U2AF2,54.326033388359875,21.478213301589534,32.84782008677034,TRUE,"Essential proteins, Plasma proteins, Predicted intracellular proteins","Nucleoplasm, Nuclear speckles"
ACOT1,52.59390001351591,47.29984238117601,5.2940576323399,FALSE,"Enzymes, Metabolic proteins, Predicted intracellular proteins",Mitochondria
SEC13,30.767685265291195,20.341304587815518,10.426380677475677,FALSE,"Essential proteins, Metabolic proteins, Predicted intracellular proteins, Transporters","Nucleoplasm, Vesicles"
CLASP2,17.181111938121106,27.116271652581325,-9.93515971446022,FALSE,"Essential proteins, Predicted intracellular proteins",Golgi apparatus
ATP2B4,62.93643632958683,17.899073208984504,45.03736312060233,FALSE,"Enzymes, FDA approved drug targets, Metabolic proteins, Predicted intracellular proteins, Predicted membrane proteins, Transporters","Plasma membrane, Primary cilium"
HLA-B,33.780251034573965,11.10149303208148,22.678758002492486,FALSE,"Cancer-related genes, Disease related genes, Human disease related genes, Predicted intracellular proteins, Predicted membrane proteins",
SNX1,73.88035278083767,30.86044824871791,43.01990453211976,FALSE,"Predicted intracellular proteins, Transporters","Endosomes, Lysosomes"
PCYT2,33.37878167706693,22.96462866597719,10.414153011089741,TRUE,"Disease related genes, Enzymes, Human disease related genes, Metabolic proteins, Plasma proteins, Potential drug targets, Predicted intracellular proteins",Cytosol
LSS,34.820209562632726,33.571089035634216,1.2491205269985102,FALSE,"Disease related genes, Enzymes, Human disease related genes, Metabolic proteins, Potential drug targets, Predicted intracellular proteins",
ABLIM2,43.604530561926644,9.606283345478362,33.998247216448284,FALSE,Predicted intracellular proteins,Mitochondria
GAA,33.74125754590104,16.1318703512934,17.609387194607642,TRUE,"Disease related genes, Enzymes, FDA approved drug targets, Human disease related genes, Metabolic proteins, Plasma proteins, Predicted membrane proteins",Vesicles
PFDN4,36.93820664929928,15.150236532879724,21.787970116419558,TRUE,"Plasma proteins, Predicted intracellular proteins",
FUBP1,30.70313588958661,21.0446619363041,9.65847395328251,TRUE,"Cancer-related genes, Plasma proteins, Predicted intracellular proteins",Nucleoplasm
GNAQ,47.854808161755386,32.016127295560565,15.83868086619482,FALSE,"Cancer-related genes, Disease related genes, Human disease related genes, Predicted intracellular proteins","Nuclear speckles, Plasma membrane"
SAE1,22.085449060919956,18.715967607368654,3.369481453551302,FALSE,"Essential proteins, Metabolic proteins, Predicted intracellular proteins","Nucleoplasm, Cytosol"
TMED7,27.78101319656167,19.139650422675373,8.641362773886296,FALSE,"Predicted intracellular proteins, Predicted membrane proteins, Transporters",
RRAGC,19.070636162197406,36.465535393491614,-17.394899231294207,FALSE,"Disease related genes, Predicted intracellular proteins","Nucleoplasm, Vesicles"
CBX3,26.89426604962944,10.743869496181228,16.15039655344821,TRUE,"Plasma proteins, Predicted intracellular proteins",Nucleoplasm
TRAPPC3,18.318234055117795,25.588789811111962,-7.270555755994167,FALSE,"Essential proteins, Predicted intracellular proteins","Golgi apparatus, Cytosol"
RANGAP1,41.92682317988452,27.113576070192618,14.813247109691904,TRUE,"Essential proteins, Plasma proteins, Predicted intracellular proteins, Transporters",Nuclear membrane
HTRA2,44.91118274898765,24.594000529951273,20.317182219036376,TRUE,"Disease related genes, Enzymes, Human disease related genes, Plasma proteins, Potential drug targets, Predicted membrane proteins",Mitochondria
ARPC1A,34.500806032015355,30.29075022621772,4.210055805797634,TRUE,"Plasma proteins, Predicted intracellular proteins",Cell Junctions
SCO1,49.030261897217095,23.399381420295047,25.630880476922048,FALSE,"Disease related genes, Human disease related genes, Predicted membrane proteins",
APIP,27.409059660267644,54.43164452765584,-27.022584867388197,FALSE,"Enzymes, Metabolic proteins, Predicted intracellular proteins",Nucleoplasm
NPTN,102.63398687842759,32.49297401309065,70.14101286533693,FALSE,"Predicted intracellular proteins, Predicted membrane proteins, Transporters",Plasma membrane
RUVBL1,42.3865225563691,27.16947665296159,15.217045903407513,TRUE,"Enzymes, Essential proteins, Plasma proteins, Predicted intracellular proteins","Nucleoplasm, Nuclear speckles"
RPS23,42.337165942544715,57.9555819073205,-15.618415964775785,FALSE,"Disease related genes, Essential proteins, Predicted intracellular proteins, Ribosomal proteins",Cytosol
OSTF1,43.47807597486392,39.17229251296894,4.305783461894983,FALSE,Predicted intracellular proteins,Cytosol
NOMO2,34.567970195359685,13.073041974348051,21.494928221011634,FALSE,"Predicted intracellular proteins, Predicted membrane proteins, Transporters",
GRSF1,23.974173347675528,16.584846800543485,7.389326547132043,FALSE,Predicted intracellular proteins,Mitochondria
CPTP,27.397512125946083,27.290745889906553,0.10676623603952962,FALSE,Predicted intracellular proteins,"Cytosol, Flagellar centriole, Mid piece"
KDSR,51.79485580565547,32.023523261641095,19.771332544014378,FALSE,"Cancer-related genes, Disease related genes, Enzymes, Human disease related genes, Metabolic proteins, Potential drug targets, Predicted intracellular proteins, Predicted membrane proteins",
SLC37A4,24.480823968619323,24.183395684912075,0.29742828370724794,FALSE,"Human disease related genes, Predicted membrane proteins",Mitochondria
HSPA1L,51.87785756440947,40.9118078383151,10.966049726094369,TRUE,"Cancer-related genes, Plasma proteins, Predicted intracellular proteins","Vesicles, Flagellar centriole, Annulus"
THOP1,31.589881168398314,11.856253239323104,19.73362792907521,TRUE,"Enzymes, Metabolic proteins, Plasma proteins, Predicted intracellular proteins",Cytosol
MXRA7,71.78526142696177,34.506259722958546,37.27900170400322,FALSE,Predicted intracellular proteins,Endoplasmic reticulum
CLPP,35.5408012588654,17.487090046374554,18.053711212490846,FALSE,"Disease related genes, Enzymes, Human disease related genes, Potential drug targets, Predicted intracellular proteins",Mitochondria
SNRPD2,32.48522369312738,24.099697053504876,8.385526639622505,FALSE,"Essential proteins, Predicted intracellular proteins",Cytosol
UFL1,27.516660459294844,28.694838167528204,-1.1781777082333598,FALSE,Predicted intracellular proteins,Endoplasmic reticulum
TOMM5,40.36529334728476,33.43231475254107,6.932978594743695,FALSE,"Predicted intracellular proteins, Predicted membrane proteins",Mitochondria
PEBP4,41.438537008523,22.153970025234308,19.28456698328869,TRUE,"Plasma proteins, Predicted intracellular proteins, Predicted secreted proteins",
MOB2,26.95638983167081,27.553945846363387,-0.5975560146925787,FALSE,Predicted intracellular proteins,Nucleoli
MAVS,26.288502243176403,21.40955192282683,4.878950320349574,FALSE,Predicted membrane proteins,Mitochondria
PXN,53.49866865984918,44.106501404655724,9.392167255193456,FALSE,Predicted intracellular proteins,Focal adhesion sites
TIMM10,24.03073966721955,38.65006544031837,-14.619325773098822,FALSE,"Essential proteins, Predicted intracellular proteins",Mitochondria
PCNA,28.081233025814743,27.31953480053549,0.7616982252792539,TRUE,"Cancer-related genes, Disease related genes, Essential proteins, Human disease related genes, Plasma proteins, Predicted intracellular proteins",Nucleoplasm
FGGY,40.183062210936626,43.69225068080678,-3.5091884698701534,FALSE,"Disease related genes, Enzymes, Metabolic proteins, Potential drug targets, Predicted intracellular proteins",Nucleoplasm
FKBP5,20.189824008529868,38.283697447572926,-18.09387343904306,TRUE,"Cancer-related genes, Enzymes, Human disease related genes, Metabolic proteins, Plasma proteins, Predicted intracellular proteins",Nucleoplasm
TRIM25,34.50560803812482,31.49037800473765,3.0152300333871693,TRUE,"Cancer-related genes, Enzymes, Plasma proteins, Predicted intracellular proteins","Nucleoplasm, Cytosol"
ROMO1,54.67876279807562,34.11622919788127,20.56253360019435,FALSE,"Essential proteins, Predicted intracellular proteins, Transporters",
CARS1,31.695538049354766,32.5346567349077,-0.8391186855529327,FALSE,"Cancer-related genes, Disease related genes, Enzymes, Essential proteins, Human disease related genes, Metabolic proteins, Potential drug targets, Predicted intracellular proteins",Cytosol
RAP1A,44.73553611118971,47.27805768894573,-2.5425215777560197,FALSE,"Enzymes, Predicted intracellular proteins, RAS pathway related proteins",
TPPP,42.24863549741386,34.79574246940219,7.452893028011665,FALSE,Predicted intracellular proteins,"Mitochondria, Cytosol"
LSM8,30.999241920691524,31.661431696722797,-0.6621897760312727,TRUE,"Essential proteins, Plasma proteins, Predicted intracellular proteins","Nucleoplasm, Vesicles"
DHRS4,36.819925109441556,21.214055299730212,15.605869809711344,FALSE,"Enzymes, Metabolic proteins, Predicted intracellular proteins",Vesicles
TSTD1,34.366360498094586,42.386953343975314,-8.020592845880728,FALSE,Predicted intracellular proteins,"Cytosol, Cytoplasmic bodies"
COPG1,26.36099107555327,12.49548311973744,13.86550795581583,TRUE,"Essential proteins, Metabolic proteins, Plasma proteins, Predicted intracellular proteins",Golgi apparatus
PAK1,13.227958172673626,36.30834249722895,-23.080384324555325,TRUE,"Disease related genes, Enzymes, Human disease related genes, Plasma proteins, Potential drug targets, Predicted intracellular proteins, RAS pathway related proteins","Plasma membrane, Cytosol"
RABGGTA,24.947051235496037,15.330890022196753,9.616161213299284,FALSE,"Enzymes, Essential proteins, Predicted intracellular proteins",
DUSP28,34.5207673916428,28.906711954134167,5.6140554375086325,FALSE,"Enzymes, Predicted intracellular proteins",Nuclear speckles
MARCKS,66.05849111324392,32.910701802296266,33.14778931094765,TRUE,"Plasma proteins, Predicted intracellular proteins",Plasma membrane
NMT1,37.91474650343696,21.091626859252738,16.82311964418422,FALSE,"Enzymes, Essential proteins, Metabolic proteins, Predicted intracellular proteins",Cytosol
PPID,23.388123493100046,20.643333113676977,2.744790379423069,TRUE,"Enzymes, Metabolic proteins, Plasma proteins, Predicted intracellular proteins",Cytosol
CNPY2,38.260905289247646,28.02790453028456,10.233000758963087,TRUE,"Plasma proteins, Predicted intracellular proteins",Cytosol
HDGFL2,32.47089560400963,18.419504037942865,14.051391566066762,FALSE,Predicted intracellular proteins,Nucleoplasm
NUBPL,40.03683490431975,45.27632514191921,-5.239490237599462,FALSE,"Disease related genes, Human disease related genes, Predicted intracellular proteins",Mitochondria
LGMN,66.5357985748528,44.10303902768565,22.43275954716716,FALSE,"Cancer-related genes, Enzymes, Metabolic proteins, Predicted intracellular proteins",Vesicles
RPA2,26.30881994682498,70.55882677823536,-44.250006831410374,TRUE,"Cancer-related genes, Essential proteins, Plasma proteins, Predicted intracellular proteins","Nucleoplasm, Nuclear bodies"
IGFBP5,42.75202856585326,18.368509800482897,24.38351876537036,TRUE,"Plasma proteins, Predicted secreted proteins",Vesicles
SLC25A46,55.7280020924962,33.039151053542206,22.68885103895399,FALSE,"Disease related genes, Human disease related genes, Potential drug targets, Predicted intracellular proteins, Predicted membrane proteins, Transporters",Mitochondria
SNRNP70,52.929443075801785,66.81844799850609,-13.889004922704302,TRUE,"Essential proteins, Plasma proteins, Predicted intracellular proteins",Nucleoplasm
PDPR,43.861474568234115,19.561651067215514,24.2998235010186,FALSE,"Metabolic proteins, Predicted intracellular proteins",Mitochondria
UBE2O,43.04996834355887,21.251956737102816,21.79801160645605,FALSE,"Enzymes, Essential proteins, Metabolic proteins, Predicted intracellular proteins",Nuclear bodies
PELO,12.695733423029381,27.31596933757241,-14.62023591454303,FALSE,"Essential proteins, Predicted intracellular proteins",Nucleoli fibrillar center
LUC7L2,27.854178810612968,21.69462871258378,6.1595500980291895,TRUE,"Plasma proteins, Predicted intracellular proteins",Nucleoplasm
LYRM7,47.245412359654374,36.565524154134835,10.67988820551954,FALSE,"Disease related genes, Human disease related genes, Predicted intracellular proteins",
HDDC2,37.508705440339334,31.484998425074835,6.023707015264499,FALSE,"Enzymes, Predicted intracellular proteins",Nucleoli
WBP2,31.425392901816473,29.819590447453265,1.6058024543632072,FALSE,"Disease related genes, Human disease related genes, Predicted intracellular proteins","Nucleoplasm, Cytosol"
MAGT1,41.83344477813636,25.23299936538409,16.600445412752272,FALSE,"Disease related genes, Human disease related genes, Potential drug targets, Predicted intracellular proteins, Predicted membrane proteins, Transporters",
OSBPL11,24.746017027813675,35.7150420923123,-10.969025064498627,FALSE,Predicted intracellular proteins,"Nucleoplasm, Golgi apparatus"
MCCC2,38.920806760234896,42.60034314504827,-3.6795363848133746,FALSE,"Disease related genes, Enzymes, Human disease related genes, Metabolic proteins, Potential drug targets, Predicted intracellular proteins",Mitochondria
CBFB,28.778196107873505,35.519911256999585,-6.74171514912608,FALSE,"Cancer-related genes, Disease related genes, Human disease related genes, Predicted intracellular proteins","Nucleoplasm, Cytosol"
TRMT10C,41.94581341971041,28.43425880493138,13.511554614779033,FALSE,"Disease related genes, Enzymes, Essential proteins, Human disease related genes, Potential drug targets, Predicted intracellular proteins",Mitochondria
EPS15L1,17.889329936268606,28.110068967660883,-10.220739031392277,TRUE,"Plasma proteins, Predicted intracellular proteins",Vesicles
SNF8,18.680543201028353,15.657371122606467,3.0231720784218865,FALSE,"Essential proteins, Predicted intracellular proteins",Cytosol
ABHD5,110.97620211655995,24.519724918523103,86.45647719803685,FALSE,"Disease related genes, Enzymes, Human disease related genes, Metabolic proteins, Potential drug targets, Predicted intracellular proteins","Vesicles, Cytosol"
MTARC2,50.41891194022756,25.62047386183746,24.7984380783901,FALSE,"Predicted intracellular proteins, Predicted membrane proteins",
COL18A1,59.01021081240933,39.70909428254521,19.301116529864125,TRUE,"Cancer-related genes, Disease related genes, Human disease related genes, Plasma proteins, Predicted intracellular proteins, Predicted secreted proteins",Golgi apparatus
RBM3,52.365804489533254,56.64630439855611,-4.280499909022858,FALSE,Predicted intracellular proteins,Nucleoplasm
JPT1,42.33069733548736,53.08489699943683,-10.754199663949471,TRUE,"Plasma proteins, Predicted intracellular proteins",Cytosol
ISYNA1,40.99112058842836,33.52279264364667,7.4683279447816915,FALSE,"Enzymes, Metabolic proteins, Predicted intracellular proteins",Nucleoplasm
EIF4EBP1,30.006058052531454,21.989123955058115,8.016934097473339,FALSE,"Cancer-related genes, Predicted intracellular proteins","Nucleoplasm, Cytosol"
ACACB,51.95546020753065,36.78992656689257,15.165533640638081,TRUE,"Enzymes, Metabolic proteins, Plasma proteins, Predicted intracellular proteins",
IRGQ,32.069704789303664,21.873568217233753,10.19613657206991,FALSE,Predicted intracellular proteins,Vesicles
RPL18A,25.220782314207824,17.60952368371709,7.611258630490735,TRUE,"Essential proteins, Plasma proteins, Predicted intracellular proteins, Ribosomal proteins",Nucleoli
SND1,28.361546828166556,16.24154565838504,12.120001169781517,TRUE,"Cancer-related genes, Enzymes, Plasma proteins, Predicted intracellular proteins",Cytosol
DNAJB4,46.703461941481216,28.319834001795307,18.38362793968591,TRUE,"Plasma proteins, Predicted intracellular proteins",Nucleoplasm
HLA-DRB1,75.04737383300167,51.136925682924314,23.910448150077357,TRUE,"Disease related genes, Human disease related genes, Plasma proteins, Predicted membrane proteins",
TRIM28,49.37206744810694,33.64783873327969,15.724228714827248,TRUE,"Enzymes, Plasma proteins, Predicted intracellular proteins",Nucleoplasm
HLA-C,42.447319311138656,26.908866532156434,15.538452778982222,TRUE,"Disease related genes, Human disease related genes, Plasma proteins, Predicted intracellular proteins, Predicted membrane proteins",
TUBB2B,136.22380158115797,7.468204218241789,128.75559736291618,FALSE,"Disease related genes, Human disease related genes, Predicted intracellular proteins",Microtubules
APPL1,25.38223710489069,15.377489179307524,10.004747925583168,FALSE,"Disease related genes, Human disease related genes, Predicted intracellular proteins","Vesicles, Plasma membrane"
SYNE2,42.60064630071815,31.642936293158506,10.95771000755964,TRUE,"Disease related genes, Human disease related genes, Plasma proteins, Predicted intracellular proteins, Predicted membrane proteins","Nuclear membrane, Intermediate filaments"
BTD,74.67863428388513,34.998376603427026,39.680257680458105,TRUE,"Disease related genes, Enzymes, Human disease related genes, Metabolic proteins, Plasma proteins, Potential drug targets, Predicted intracellular proteins, Predicted secreted proteins",
SZRD1,43.577021799916324,27.931515500737685,15.645506299178638,FALSE,Predicted intracellular proteins,"Nucleoplasm, Cytosol"
RPL10,34.94190637138226,23.069079954945376,11.872826416436883,TRUE,"Cancer-related genes, Disease related genes, Essential proteins, Human disease related genes, Plasma proteins, Predicted intracellular proteins, Ribosomal proteins","Endoplasmic reticulum, Cytosol"
SMYD5,22.923027743919015,18.969331238386985,3.9536965055320294,FALSE,"Enzymes, Predicted intracellular proteins",Nucleoplasm
ABHD11,69.05360062335481,26.089230950136617,42.964369673218194,FALSE,"Disease related genes, Human disease related genes, Predicted intracellular proteins",Mitochondria
OSTC,24.238050284451575,20.54537425703984,3.6926760274117356,FALSE,"Essential proteins, Predicted membrane proteins, Transporters",
MAPRE3,34.0474608727017,26.644048905093886,7.403411967607813,FALSE,Predicted intracellular proteins,
TBCEL,44.06505263803396,33.85668631980672,10.208366318227242,FALSE,Predicted intracellular proteins,Cytosol
SLC27A1,26.317860849391423,32.10873461348659,-5.790873764095167,FALSE,"Enzymes, Metabolic proteins, Predicted intracellular proteins, Predicted membrane proteins, Transporters",Plasma membrane
SPG7,38.39935298579339,33.22570662778387,5.17364635800952,FALSE,"Disease related genes, Enzymes, Human disease related genes, Potential drug targets, Predicted intracellular proteins, Predicted membrane proteins",
LMOD3,19.638463714692946,47.97232473467565,-28.333861019982706,FALSE,"Disease related genes, Human disease related genes, Predicted intracellular proteins",
UGGT1,19.573088149323052,13.949483723675929,5.623604425647123,TRUE,"Metabolic proteins, Plasma proteins, Predicted intracellular proteins",Cytosol
EIF3I,33.426324970582904,21.205521571589024,12.22080339899388,FALSE,"Essential proteins, Predicted intracellular proteins",Cytosol
UBE2B,20.267059095699754,30.64824662559352,-10.381187529893765,FALSE,"Enzymes, Metabolic proteins, Predicted intracellular proteins","Nucleoplasm, Plasma membrane, Cytosol"
ABCF3,38.47703827901201,43.07673957860914,-4.599701299597136,FALSE,"Predicted intracellular proteins, Transporters",Cytosol
HUWE1,26.95590048864971,19.57871649798986,7.3771839906598515,FALSE,"Cancer-related genes, Disease related genes, Enzymes, Essential proteins, Human disease related genes, Metabolic proteins, Potential drug targets, Predicted intracellular proteins, Predicted membrane proteins","Nucleoplasm, Cytosol"
MYO18A,26.272073164395803,42.4019970226964,-16.129923858300597,TRUE,"Essential proteins, Plasma proteins, Predicted intracellular proteins",
TSFM,50.97197776032619,23.53988313284918,27.43209462747701,FALSE,"Disease related genes, Essential proteins, Human disease related genes, Predicted intracellular proteins",Mitochondria
RPA1,35.24353176232236,21.49781867249545,13.745713089826914,TRUE,"Disease related genes, Essential proteins, Human disease related genes, Plasma proteins, Predicted intracellular proteins",Nucleoplasm
PALLD,48.68881883459453,57.82801906540629,-9.13920023081176,FALSE,"Disease related genes, Human disease related genes, Predicted intracellular proteins",Actin filaments
CISD2,8.373547067718134,28.850803200816312,-20.47725613309818,FALSE,"Disease related genes, Human disease related genes, Predicted membrane proteins",Endoplasmic reticulum
PGM3,25.21406914497043,33.45416092379916,-8.240091778828727,FALSE,"Disease related genes, Enzymes, Human disease related genes, Metabolic proteins, Potential drug targets, Predicted intracellular proteins","Nucleoplasm, Cytosol"
CD58,37.7738188601139,47.92213404205793,-10.148315181944028,FALSE,"CD markers, Human disease related genes, Predicted membrane proteins",
EML2,35.60159307540238,51.03610521879366,-15.43451214339128,FALSE,Predicted intracellular proteins,
ABCE1,24.723828206008143,20.24825935181341,4.475568854194734,FALSE,"Essential proteins, Predicted intracellular proteins, Transporters",Cytosol
MAP2K2,42.89744851602551,27.03503836562975,15.862410150395764,FALSE,"Cancer-related genes, Disease related genes, Enzymes, FDA approved drug targets, Human disease related genes, Predicted intracellular proteins, RAS pathway related proteins",Cytosol
AKT2,21.969405540945107,35.222792050971876,-13.253386510026768,FALSE,"Cancer-related genes, Disease related genes, Enzymes, Human disease related genes, Potential drug targets, Predicted intracellular proteins, RAS pathway related proteins","Vesicles, Cytosol"
AHCYL2,28.473307445046046,31.196732799986155,-2.723425354940108,FALSE,"Enzymes, Metabolic proteins, Predicted intracellular proteins",Cytosol
HSDL1,9.759459432196538,26.404265653341007,-16.64480622114447,FALSE,"Predicted intracellular proteins, Predicted membrane proteins",Mitochondria
ATXN10,19.856311500485454,15.578837751536472,4.277473748948982,FALSE,"Disease related genes, Essential proteins, Human disease related genes, Predicted intracellular proteins",Plasma membrane
CLCC1,15.741548668783262,43.37162620885937,-27.63007754007611,FALSE,"Disease related genes, Essential proteins, Human disease related genes, Potential drug targets, Predicted intracellular proteins, Predicted membrane proteins, Transporters",Endoplasmic reticulum
STAT1,37.82252973579721,60.38485650075871,-22.562326764961497,TRUE,"Disease related genes, Human disease related genes, Plasma proteins, Predicted intracellular proteins, Transcription factors","Nucleoplasm, Cytosol"
PDLIM2,38.40404239303783,46.3718582819248,-7.967815888886975,FALSE,Predicted intracellular proteins,"Actin filaments, Focal adhesion sites"
ANP32E,81.63465544378693,72.07552804630544,9.55912739748149,FALSE,Predicted intracellular proteins,Nucleoplasm
ATP6V1H,34.54058272868811,23.88372560829523,10.656857120392878,FALSE,"Essential proteins, Metabolic proteins, Predicted intracellular proteins, Transporters","Actin filaments, Cytosol"
KTN1,23.052939734009982,21.27005163957951,1.7828880944304721,TRUE,"Cancer-related genes, Plasma proteins, Predicted intracellular proteins, Predicted membrane proteins",Endoplasmic reticulum
BCAP29,29.66015310005433,34.21337446126963,-4.5532213612153,FALSE,"Predicted intracellular proteins, Predicted membrane proteins, Transporters",Cytosol
ARPC5L,29.939600100137078,33.90506992947256,-3.9654698293354826,FALSE,Predicted intracellular proteins,
ATAD1,33.714036368575066,28.68835843276818,5.025677935806886,FALSE,"Disease related genes, Human disease related genes, Predicted membrane proteins",Nucleoli rim
GAPVD1,57.82351006368109,16.846041453498035,40.97746861018305,FALSE,Predicted intracellular proteins,Plasma membrane
PNPT1,29.84941900296895,27.773319822731796,2.0760991802371542,FALSE,"Disease related genes, Enzymes, Essential proteins, Human disease related genes, Potential drug targets, Predicted intracellular proteins",Mitochondria
MTDH,21.79745580649705,18.675199941465088,3.1222558650319634,FALSE,"Predicted intracellular proteins, Predicted membrane proteins",Endoplasmic reticulum
ILF2,30.252230000968567,21.070372436463888,9.181857564504678,TRUE,"Essential proteins, Plasma proteins, Predicted intracellular proteins",Nucleoplasm
AKT1,27.847863794062878,45.93397144996092,-18.086107655898044,FALSE,"Cancer-related genes, Disease related genes, Enzymes, Human disease related genes, Potential drug targets, Predicted intracellular proteins, RAS pathway related proteins, Transporters","Nucleoplasm, Microtubules, Principal piece, End piece"
ATG3,38.663183715202415,25.449826469005778,13.213357246196637,FALSE,"Predicted intracellular proteins, Transporters","Plasma membrane, Cytosol"
NTPCR,45.1848893536801,31.3471665977909,13.8377227558892,FALSE,"Enzymes, Metabolic proteins, Predicted intracellular proteins",Cytosol
AP1G1,33.36472085647219,25.11615468294223,8.248566173529959,FALSE,"Disease related genes, Metabolic proteins, Potential drug targets, Predicted intracellular proteins, Transporters","Golgi apparatus, Vesicles"
SEC31A,21.659608503920875,25.795825711539244,-4.136217207618369,TRUE,"Disease related genes, Human disease related genes, Plasma proteins, Potential drug targets, Predicted intracellular proteins, Transporters","Vesicles, Cytosol"
MATR3,50.348170479656865,31.083203289398643,19.264967190258222,TRUE,"Disease related genes, Human disease related genes, Plasma proteins, Predicted intracellular proteins",Nucleoplasm
CHDH,36.51430464109326,29.27672422810131,7.237580412991953,FALSE,"Enzymes, Metabolic proteins, Predicted intracellular proteins",Mitochondria
MMAB,42.55420780999668,37.16465121215677,5.389556597839913,FALSE,"Disease related genes, Human disease related genes, Metabolic proteins, Predicted intracellular proteins",Mitochondria
NAA10,18.373418997770376,35.06580153344211,-16.692382535671737,FALSE,"Disease related genes, Enzymes, Essential proteins, Human disease related genes, Metabolic proteins, Potential drug targets, Predicted intracellular proteins",Cytosol
USP24,12.548228813889,17.074052849317848,-4.5258240354288475,FALSE,"Enzymes, Metabolic proteins, Predicted intracellular proteins",Nucleoplasm
YAP1,43.78682528485341,18.137048147304842,25.649777137548565,FALSE,"Disease related genes, Human disease related genes, Predicted intracellular proteins",Nucleoplasm
GNAI3,65.23571163746513,20.453385389494226,44.7823262479709,TRUE,"Disease related genes, Human disease related genes, Plasma proteins, Predicted intracellular proteins","Centrosome, Principal piece"
PPP2R5D,31.383210888803465,16.014959258015498,15.368251630787967,FALSE,"Disease related genes, Human disease related genes, Predicted intracellular proteins",Cytosol
MRPL40,45.568749907040846,60.11846904519319,-14.54971913815234,TRUE,"Plasma proteins, Predicted intracellular proteins, Ribosomal proteins",Mitochondria
ARMC1,22.748006917315415,15.040555553829616,7.707451363485799,FALSE,Predicted intracellular proteins,Mitochondria
IFITM1,37.698678936046946,43.96296844477459,-6.264289508727643,TRUE,"CD markers, Plasma proteins, Predicted membrane proteins, Transporters","Golgi apparatus, Plasma membrane"
SLC25A24,31.753135920403974,19.145951607042758,12.607184313361216,FALSE,"Disease related genes, Human disease related genes, Potential drug targets, Predicted intracellular proteins, Predicted membrane proteins, Transporters",Mitochondria
MRPS22,31.266013419541522,17.293702509516855,13.972310910024667,FALSE,"Disease related genes, Essential proteins, Human disease related genes, Predicted intracellular proteins, Predicted membrane proteins, Ribosomal proteins",Mitochondria
ARL1,35.725322541195894,38.17577173503196,-2.4504491938360644,FALSE,Predicted intracellular proteins,Golgi apparatus
SYNC,23.12597685587261,27.213031660970007,-4.087054805097395,FALSE,Predicted intracellular proteins,Plasma membrane
RPA3,33.12005813832376,41.65697372050307,-8.536915582179304,FALSE,"Essential proteins, Predicted intracellular proteins",
BAX,36.756623873390836,28.244001133274338,8.512622740116498,FALSE,"Cancer-related genes, Human disease related genes, Predicted intracellular proteins, Transporters",Vesicles
FKBP9,70.91101923682652,32.47021302917354,38.440806207652976,TRUE,"Enzymes, Metabolic proteins, Plasma proteins, Predicted intracellular proteins",Golgi apparatus
PHYKPL,16.164118501152256,29.40274716251534,-13.238628661363084,FALSE,"Disease related genes, Enzymes, Metabolic proteins, Potential drug targets, Predicted intracellular proteins",Mitochondria
TARS1,32.78609359900664,23.746875851124727,9.039217747881914,TRUE,"Disease related genes, Enzymes, Essential proteins, Human disease related genes, Metabolic proteins, Plasma proteins, Potential drug targets, Predicted intracellular proteins",Cytosol
TPRKB,26.200277451644265,20.887744453746784,5.312532997897481,FALSE,"Disease related genes, Essential proteins, Human disease related genes, Predicted intracellular proteins",Cytosol
ZBTB9,36.735486513208826,15.574733080580689,21.160753432628137,FALSE,Predicted intracellular proteins,Nucleoplasm
TACC2,16.410114498929914,24.462598231978557,-8.052483733048643,FALSE,Predicted intracellular proteins,"Nucleoplasm, Cytosol"
SPEG,24.791688809272603,32.130573040503236,-7.338884231230633,FALSE,"Disease related genes, Enzymes, Human disease related genes, Potential drug targets, Predicted intracellular proteins",Vesicles
MYBPH,85.75399655642116,112.09283863209738,-26.338842075676226,FALSE,Predicted intracellular proteins,"Nucleoplasm, Nucleoli, Mitochondria"
UBA2,36.092729582498166,16.456350479235468,19.636379103262698,FALSE,"Disease related genes, Essential proteins, Metabolic proteins, Predicted intracellular proteins, Predicted membrane proteins",Nucleoplasm
NUDCD3,33.23604878921025,46.873970860109246,-13.637922070898995,FALSE,"Essential proteins, Predicted intracellular proteins","Plasma membrane, Cytosol"
HSPH1,15.94899181246916,39.82559482803412,-23.87660301556496,FALSE,"Cancer-related genes, Predicted intracellular proteins",Cytosol
SORD,31.82940455253079,30.08895027527354,1.7404542772572498,TRUE,"Disease related genes, Enzymes, Human disease related genes, Metabolic proteins, Plasma proteins, Potential drug targets, Predicted intracellular proteins",Cytosol
OVCA2,46.80102295226671,41.154916239319974,5.6461067129467395,FALSE,Predicted intracellular proteins,Nucleoplasm
CSNK2B,20.701380127381878,24.419822451710598,-3.71844232432872,TRUE,"Cancer-related genes, Disease related genes, Essential proteins, Plasma proteins, Predicted intracellular proteins",Nucleoplasm
NDUFAF3,48.998638499725075,29.088087862261673,19.910550637463402,FALSE,"Disease related genes, Essential proteins, Human disease related genes, Predicted intracellular proteins",
MIPEP,38.92040611038671,37.567442763937855,1.3529633464488526,TRUE,"Disease related genes, Enzymes, Human disease related genes, Plasma proteins, Potential drug targets, Predicted intracellular proteins",Mitochondria
ELAVL1,42.60943595307787,33.75503499247684,8.854400960601033,TRUE,"Plasma proteins, Predicted intracellular proteins",Nucleoplasm
LARS1,24.083354138765987,17.914677677419952,6.168676461346035,TRUE,"Disease related genes, Enzymes, Essential proteins, Human disease related genes, Metabolic proteins, Plasma proteins, Potential drug targets, Predicted intracellular proteins","Nuclear bodies, Cytosol"
GSK3B,35.2074310927179,25.787869712276763,9.419561380441134,FALSE,"Enzymes, Predicted intracellular proteins, Predicted membrane proteins",Nucleoplasm
GNPDA2,45.947510688178085,36.339663167184916,9.607847520993168,FALSE,"Enzymes, Metabolic proteins, Predicted intracellular proteins",Vesicles
TBC1D4,15.624721528664292,14.853009250776697,0.7717122778875947,FALSE,"Disease related genes, Potential drug targets, Predicted intracellular proteins, Transporters",Cytosol
SLC35A4,35.45610380703138,27.349857392069815,8.106246414961568,FALSE,"Predicted membrane proteins, Transporters","Endoplasmic reticulum, Centrosome"
CHCHD4,47.244387589162095,24.925585813435166,22.31880177572693,FALSE,"Essential proteins, Predicted intracellular proteins",Mitochondria
MOCS2,40.62605848149891,30.066059870584134,10.559998610914775,FALSE,"Disease related genes, Enzymes, FDA approved drug targets, Human disease related genes, Metabolic proteins, Predicted intracellular proteins",Cytosol
GMFB,58.20266236755194,68.21095007689044,-10.008287709338504,TRUE,"Plasma proteins, Predicted intracellular proteins","Nucleoplasm, Cytosol"
TOMM7,46.16021710645224,72.04515881508071,-25.884941708628475,FALSE,"Predicted intracellular proteins, Predicted membrane proteins",
SNRPB,33.16045559325366,26.466599813438695,6.693855779814964,TRUE,"Disease related genes, Essential proteins, Human disease related genes, Plasma proteins, Predicted intracellular proteins",Nucleoplasm
CHP1,28.269103233486003,20.167661113422323,8.10144212006368,TRUE,"Disease related genes, Human disease related genes, Plasma proteins, Potential drug targets, Predicted intracellular proteins, Transporters",Vesicles
MRPL41,27.883211996914003,38.457360103087424,-10.574148106173421,FALSE,"Essential proteins, Predicted intracellular proteins, Ribosomal proteins",Mitochondria
ARHGAP17,16.078349422413915,23.36966492502425,-7.291315502610335,FALSE,Predicted intracellular proteins,"Plasma membrane, Cytosol"
LIMS3,21.582965433990605,26.06001241470991,-4.4770469807193045,FALSE,Predicted intracellular proteins,Cytosol
USP7,27.227188530235612,36.527473524860284,-9.300284994624672,FALSE,"Disease related genes, Enzymes, Essential proteins, Human disease related genes, Metabolic proteins, Potential drug targets, Predicted intracellular proteins",Nucleoplasm
EIF2B3,8.074409422200604,18.711750921238906,-10.637341499038302,FALSE,"Disease related genes, Essential proteins, Human disease related genes, Predicted intracellular proteins","Vesicles, Cytosol"
ABHD16A,33.50128623981084,39.402600730682934,-5.901314490872096,FALSE,"Disease related genes, Enzymes, Human disease related genes, Potential drug targets, Predicted membrane proteins",
DCTPP1,55.23603205918782,38.14634678856369,17.08968527062413,FALSE,"Enzymes, Metabolic proteins, Predicted intracellular proteins","Nucleoplasm, Cytosol"
RBBP7,27.22810220637662,17.543453672528,9.68464853384862,FALSE,Predicted intracellular proteins,Nucleoplasm
PCID2,10.853208484550935,36.98248530050683,-26.129276815955897,FALSE,"Essential proteins, Predicted intracellular proteins","Nucleoplasm, Nucleoli"
CACNG1,29.606201677236015,36.204090931952706,-6.597889254716691,FALSE,"FDA approved drug targets, Predicted membrane proteins, Transporters",
GUK1,53.77028731069207,13.942206980266347,39.82808033042572,FALSE,"Enzymes, Essential proteins, Metabolic proteins, Predicted intracellular proteins",Plasma membrane
MRPS27,46.81840517684801,25.962430548534833,20.855974628313177,FALSE,"Essential proteins, Predicted intracellular proteins, Ribosomal proteins",Mitochondria
MEMO1,52.98958652180589,33.35058786154366,19.63899866026223,FALSE,"Predicted intracellular proteins, Predicted membrane proteins",Vesicles
EML4,45.80746405136728,49.56620594461971,-3.7587418932524272,FALSE,"Cancer-related genes, Disease related genes, Predicted intracellular proteins","Microtubules, Primary cilium, Annulus"
DNAJA3,57.3168123557786,53.00224272446973,4.314569631308871,FALSE,"Essential proteins, Predicted intracellular proteins",Mitochondria
FBL,39.33218410232418,0.3677947980189005,38.96438930430528,TRUE,"Essential proteins, Plasma proteins, Predicted intracellular proteins",Nucleoli fibrillar center
LAMTOR2,29.96564486995934,28.78314409727284,1.1825007726865024,FALSE,"Disease related genes, Essential proteins, Human disease related genes, Predicted intracellular proteins","Nucleoplasm, Vesicles"
DYNLT1,20.30858411939074,27.752171677200195,-7.443587557809455,FALSE,Predicted intracellular proteins,"Cytosol, Acrosome"
DERA,35.556699490166146,26.21905666854521,9.337642821620936,FALSE,"Enzymes, Metabolic proteins, Predicted intracellular proteins",Nucleoplasm
GBP2,13.626977285657926,67.96427291099846,-54.33729562534053,FALSE,Predicted intracellular proteins,"Nucleoplasm, Cytosol"
NDUFAF2,76.82334521485983,81.04971462896083,-4.226369414101001,FALSE,"Disease related genes, Human disease related genes, Predicted intracellular proteins",Mitochondria
SPAG7,25.8158124133501,24.988084316825105,0.8277280965249929,FALSE,Predicted intracellular proteins,Nucleoplasm
BCAM,33.47804183522653,23.044216337194577,10.43382549803195,TRUE,"Blood group antigen proteins, CD markers, Plasma proteins, Predicted intracellular proteins, Predicted membrane proteins",Nucleoli fibrillar center
UCHL5,37.170276274754585,27.150068338458098,10.020207936296487,TRUE,"Enzymes, Plasma proteins, Predicted intracellular proteins","Nucleoplasm, Cytosol"
SNU13,46.01974977049231,26.911180474403594,19.108569296088717,FALSE,"Essential proteins, Predicted intracellular proteins, Ribosomal proteins",
PPIC,38.66202619758258,36.08078512424589,2.5812410733366846,FALSE,"Enzymes, Metabolic proteins, Predicted intracellular proteins",
DRG1,66.86838794110881,55.89377092612883,10.974617014979977,TRUE,"Plasma proteins, Predicted intracellular proteins","Nucleoplasm, Nuclear bodies"
CLUH,17.259901040573762,21.653577797477517,-4.393676756903755,FALSE,Predicted intracellular proteins,Vesicles
STK24,26.99741069198852,14.988376221986034,12.009034470002486,FALSE,"Enzymes, Predicted intracellular proteins","Nucleoli, Cytosol"
NUDT16,26.078970241783995,35.617004069127425,-9.53803382734343,FALSE,"Enzymes, Predicted intracellular proteins","Nucleoplasm, Nucleoli"
PMPCB,28.55828614993503,22.160870364010062,6.3974157859249665,FALSE,"Disease related genes, Enzymes, Essential proteins, Human disease related genes, Potential drug targets, Predicted intracellular proteins",Mitochondria
SNX9,61.581661161184044,19.13511113396692,42.44655002721713,TRUE,"Plasma proteins, Predicted intracellular proteins",Plasma membrane
PBDC1,31.21390485227686,35.02521310000674,-3.8113082477298796,FALSE,Predicted intracellular proteins,Nucleoplasm
THTPA,38.21100073218129,22.98915463658213,15.221846095599162,FALSE,"Enzymes, Metabolic proteins, Predicted intracellular proteins",Nucleoplasm
HGS,23.86703368179229,11.405293826412311,12.461739855379978,TRUE,"Essential proteins, Plasma proteins, Predicted intracellular proteins","Endosomes, Lysosomes"
BPHL,79.37920645461699,70.019750520798965,9.359455933818026,FALSE,Predicted intracellular proteins,Mitochondria
NENF,120.56136671372381,39.38992882748967,81.17143788623414,TRUE,"Plasma proteins, Predicted secreted proteins",
CYFIP1,48.919469644959285,13.349043848057768,35.57042579690152,FALSE,Predicted intracellular proteins,
ERO1A,38.28274780969336,50.0878802069527,-11.805132397259335,TRUE,"Plasma proteins, Predicted intracellular proteins, Transporters",
UBE2F,39.44262112324626,18.402562342379085,21.040058780867177,FALSE,"Enzymes, Metabolic proteins, Predicted intracellular proteins",Cytosol
RABEP1,30.209574411120627,50.587674455742096,-20.37810004462147,FALSE,"Cancer-related genes, Predicted intracellular proteins","Vesicles, Cytosol"
DARS2,45.00095114933369,28.207948578229065,16.793002571104623,FALSE,"Disease related genes, Enzymes, Human disease related genes, Potential drug targets, Predicted intracellular proteins",Mitochondria
FXR1,21.632813973912327,19.5962512889317,2.036562684980627,TRUE,"Disease related genes, Human disease related genes, Plasma proteins, Predicted intracellular proteins",Cytosol
GSK3A,28.888200370378986,20.92822985205344,7.9599705183255445,FALSE,"Cancer-related genes, Enzymes, Predicted intracellular proteins",Nucleoplasm
PTER,33.171100557051695,32.85540394647237,0.3156966105793231,FALSE,Predicted intracellular proteins,Nucleoplasm
TIMM21,46.27822096082067,29.878782833775176,16.399438127045492,FALSE,"Predicted intracellular proteins, Predicted membrane proteins",
CHMP5,33.29121017909248,22.10958058832933,11.181629590763151,TRUE,"Plasma proteins, Predicted intracellular proteins","Microtubules, Cytosol"
RWDD1,34.71665995435808,40.6071348000491,-5.890474845691024,FALSE,Predicted intracellular proteins,
DNAJC19,16.281971120370407,39.00970870136092,-22.727737580990514,FALSE,"Disease related genes, Human disease related genes, Predicted intracellular proteins",
BUB3,22.50684968994121,8.644775008382508,13.8620746815587,FALSE,"Essential proteins, Predicted intracellular proteins",Nucleoplasm
TTLL12,19.208754972995735,17.664000424675237,1.5447545483204976,TRUE,"Plasma proteins, Predicted intracellular proteins",Cytosol
NT5C2,35.33691509540034,55.77964482787882,-20.442729732478476,TRUE,"Cancer-related genes, Disease related genes, Enzymes, Human disease related genes, Metabolic proteins, Plasma proteins, Potential drug targets, Predicted intracellular proteins",
PACSIN2,24.775727439888694,28.152952928431908,-3.377225488543214,FALSE,Predicted intracellular proteins,"Nuclear speckles, Plasma membrane"
GPHN,23.77981587723163,22.249765586223894,1.5300502910077363,FALSE,"Cancer-related genes, Disease related genes, Enzymes, Human disease related genes, Metabolic proteins, Potential drug targets, Predicted intracellular proteins",Vesicles
ASPSCR1,69.81986998463547,66.05146258028941,3.768407404346064,FALSE,"Cancer-related genes, Disease related genes, Human disease related genes, Predicted intracellular proteins",Nucleoplasm
SPATA20,36.53685429962879,28.666171196897423,7.87068310273137,FALSE,"Predicted intracellular proteins, Predicted secreted proteins",Principal piece
CCDC124,30.91497901800457,26.263941440871903,4.651037577132666,FALSE,Predicted intracellular proteins,"Plasma membrane, Cytosol"
GHITM,57.64707813544748,38.40834946152998,19.2387286739175,FALSE,Predicted membrane proteins,Mitochondria
AKAP1,23.312609548275436,34.41076786967266,-11.098158321397225,FALSE,"Predicted intracellular proteins, Predicted membrane proteins",Mitochondria
NUBP1,33.65208373160326,36.371708878164696,-2.719625146561434,FALSE,"Essential proteins, Predicted intracellular proteins","Cytosol, Mid piece, Principal piece, End piece"
TMEM65,12.21843880375119,30.891718146402535,-18.673279342651345,FALSE,"Disease related genes, Potential drug targets, Predicted membrane proteins, Transporters","Vesicles, Plasma membrane"
FAM114A1,9.527723714014288,7.5523021519791085,1.9754215620351792,FALSE,Predicted intracellular proteins,"Golgi apparatus, Cytosol"
GPT2,44.62637340085204,54.04247422331876,-9.416100822466724,FALSE,"Disease related genes, Enzymes, Human disease related genes, Metabolic proteins, Potential drug targets, Predicted intracellular proteins",Mitochondria
NLRX1,47.390277558243966,26.86850539546583,20.521772162778134,FALSE,Predicted intracellular proteins,Mitochondria
RGN,30.126447449889465,25.61935039819052,4.5070970516989455,TRUE,"Enzymes, Metabolic proteins, Plasma proteins, Predicted intracellular proteins",Cytosol
FUNDC1,71.36582834312483,95.601480777373,-24.235652434248166,FALSE,Predicted intracellular proteins,
CLIP2,30.91370759820621,19.467354356555333,11.446353241650876,TRUE,"Disease related genes, Human disease related genes, Plasma proteins, Predicted intracellular proteins","Golgi apparatus, Plasma membrane"
MRPS28,22.662636318492613,25.700213169013185,-3.0375768505205727,FALSE,"Disease related genes, Essential proteins, Human disease related genes, Predicted intracellular proteins, Ribosomal proteins",Mitochondria
PPP1CC,27.524892688611498,26.086779905881635,1.4381127827298634,TRUE,"Enzymes, Plasma proteins, Predicted intracellular proteins",Cytosol
NSUN2,31.51136307537417,25.47168100414961,6.039682071224561,FALSE,"Disease related genes, Enzymes, Human disease related genes, Potential drug targets, Predicted intracellular proteins",Nucleoplasm
TMPO,31.618578392280916,24.021051965613854,7.597526426667063,TRUE,"Human disease related genes, Plasma proteins, Predicted intracellular proteins, Predicted membrane proteins",Nuclear membrane
FNTA,18.6061423017049,24.83426847127894,-6.22812616957404,FALSE,"Enzymes, Essential proteins, FDA approved drug targets, Metabolic proteins, Predicted intracellular proteins",Cytosol
TANGO2,49.79736917359062,6.65600095029634,43.14136822329428,FALSE,"Disease related genes, Predicted intracellular proteins",
SNX6,53.74807950882278,16.038332933937127,37.70974657488565,TRUE,"Plasma proteins, Predicted intracellular proteins","Endosomes, Lysosomes"
STK38L,35.34251561622766,28.826892530834424,6.5156230853932335,FALSE,"Enzymes, Predicted intracellular proteins",Cytosol
AP1M1,38.685123029680305,19.132086343961156,19.55303668571915,TRUE,"Plasma proteins, Predicted intracellular proteins, Transporters","Vesicles, Cytosol"
ECHDC2,50.77523236131879,34.51409329580849,16.2611390655103,FALSE,"Metabolic proteins, Predicted intracellular proteins",Mitochondria
ADH1C,66.52180863437269,54.331033156163166,12.190775478209524,TRUE,"Enzymes, FDA approved drug targets, Human disease related genes, Metabolic proteins, Plasma proteins, Predicted intracellular proteins","Plasma membrane, Cytosol"
GPAT3,37.3675634708521,27.94788285727255,9.419680613579548,FALSE,"Enzymes, Metabolic proteins, Predicted membrane proteins",
VASP,37.53966471698358,30.750086330480087,6.789578386503493,TRUE,"Plasma proteins, Predicted intracellular proteins","Plasma membrane, Cell Junctions, Focal adhesion sites"
YARS1,24.971701595907792,27.762354930020393,-2.7906533341126014,TRUE,"Disease related genes, Enzymes, Essential proteins, Human disease related genes, Metabolic proteins, Plasma proteins, Potential drug targets, Predicted intracellular proteins",Cytosol
MRPS25,12.80053550644989,38.71675225616147,-25.91621674971158,FALSE,"Disease related genes, Human disease related genes, Predicted intracellular proteins, Ribosomal proteins",Mitochondria
GCN1,45.53326501931381,38.6829260542901,6.85033896502371,TRUE,"Plasma proteins, Predicted intracellular proteins",Cytosol
UBE2R2,43.39161287366639,16.54074028122121,26.850872592445178,FALSE,"Enzymes, Metabolic proteins, Predicted intracellular proteins","Nucleoplasm, Nucleoli"
UBA5,35.72747814104336,46.1863829593127,-10.458904818269339,FALSE,"Disease related genes, Human disease related genes, Predicted intracellular proteins, Predicted membrane proteins","Vesicles, Cytosol"
TBCE,36.898821815692834,36.58822549113205,0.3105963245607839,FALSE,"Disease related genes, Essential proteins, Human disease related genes, Predicted intracellular proteins",
SLC16A3,60.60586024933088,49.104162571073935,11.501697678256946,FALSE,"Metabolic proteins, Predicted membrane proteins, Transporters",Plasma membrane
TIAL1,26.08023359991838,10.899619415092896,15.180614184825483,FALSE,Predicted intracellular proteins,Nucleoplasm
PLEKHF1,33.134009746693124,20.98270817266387,12.151301574029254,FALSE,"Predicted intracellular proteins, Transporters",
HCCS,37.0716501889299,33.32357222145396,3.7480779674759432,FALSE,"Disease related genes, Enzymes, Human disease related genes, Metabolic proteins, Potential drug targets, Predicted intracellular proteins",Mitochondria
DPP9,17.07151013587318,26.62837584837485,-9.556865712501672,FALSE,"Enzymes, Predicted intracellular proteins",Cytosol
DDX6,19.135540265299927,19.748992162407053,-0.6134518971071259,TRUE,"Cancer-related genes, Disease related genes, Enzymes, Essential proteins, Human disease related genes, Plasma proteins, Potential drug targets, Predicted intracellular proteins",Cytoplasmic bodies
STT3B,77.8327655811813,47.33332399644265,30.499441584738655,FALSE,"Disease related genes, Enzymes, Human disease related genes, Metabolic proteins, Potential drug targets, Predicted membrane proteins, Transporters",Endoplasmic reticulum
RNF181,31.328969938084118,18.633862497036596,12.695107441047522,FALSE,"Enzymes, Predicted intracellular proteins",Nucleoplasm
PPP1R3A,51.47175344616315,30.17895690494906,21.292796541214088,TRUE,"Disease related genes, Plasma proteins, Predicted intracellular proteins, Predicted membrane proteins",
PMPCA,31.560041128232175,15.917267155669117,15.642773972563058,FALSE,"Disease related genes, Enzymes, Essential proteins, Human disease related genes, Metabolic proteins, Potential drug targets, Predicted intracellular proteins",Mitochondria
PPCS,27.055334529554663,24.336304770884734,2.7190297586699295,FALSE,"Disease related genes, Enzymes, Human disease related genes, Metabolic proteins, Potential drug targets, Predicted intracellular proteins",Mitochondria
EIF2A,38.53538154204511,22.272921196057922,16.262460345987186,TRUE,"Plasma proteins, Predicted intracellular proteins",Cytosol
CCDC93,33.962630376468354,15.833054424367779,18.129575952100573,FALSE,"Predicted intracellular proteins, Transporters",Vesicles
ANK3,39.55644035747688,9.753246487748669,29.80319386972821,TRUE,"Cancer-related genes, Disease related genes, Human disease related genes, Plasma proteins, Potential drug targets, Predicted intracellular proteins, Transporters",Plasma membrane
MRPL49,58.4003727911494,27.815878091112616,30.584494700036785,TRUE,"Essential proteins, Plasma proteins, Predicted intracellular proteins, Ribosomal proteins",
NADK2,45.44240639972402,33.576918181659074,11.865488218064947,FALSE,"Disease related genes, Enzymes, Human disease related genes, Metabolic proteins, Potential drug targets, Predicted intracellular proteins",Mitochondria
BABAM2,27.883071315333225,56.59141604746978,-28.708344732136553,FALSE,Predicted intracellular proteins,Cytosol
DDRGK1,27.435048375791567,23.179326136048378,4.255722239743189,FALSE,"Disease related genes, Human disease related genes, Predicted intracellular proteins",Endoplasmic reticulum
VPS28,38.605345028940675,28.186395599559273,10.418949429381403,FALSE,"Essential proteins, Predicted intracellular proteins",Vesicles
GET4,28.090123354494555,37.44059342326926,-9.350470068774708,FALSE,Predicted intracellular proteins,"Nucleoli, Cytosol"
FDXR,35.64277661711939,22.11006719975424,13.532709417365147,FALSE,"Disease related genes, Enzymes, Essential proteins, Human disease related genes, Metabolic proteins, Potential drug targets, Predicted intracellular proteins",Mitochondria
ATP2B2,30.86225251163871,33.2532154871176,-2.390962975478889,TRUE,"Disease related genes, Enzymes, FDA approved drug targets, Human disease related genes, Metabolic proteins, Plasma proteins, Predicted membrane proteins, Transporters",
SCFD1,23.893563785687956,14.504689898473453,9.388873887214503,FALSE,"Essential proteins, Predicted intracellular proteins",
GMPR2,44.499337308152214,66.48684162238516,-21.987504314232943,TRUE,"Enzymes, Metabolic proteins, Plasma proteins, Predicted intracellular proteins",Nucleoplasm
OSBPL1A,56.26334223045216,36.864917837857355,19.398424392594805,FALSE,Predicted intracellular proteins,"Nucleoplasm, Cytosol"
PDCL3,24.40884228068209,15.755676864017573,8.653165416664518,FALSE,"Essential proteins, Predicted intracellular proteins",Cytosol
SEPTIN10,59.96319218034933,20.77531276885434,39.18787941149499,FALSE,Predicted intracellular proteins,Actin filaments
API5,25.00079992189952,31.216465152598303,-6.215665230698782,FALSE,Predicted intracellular proteins,Nuclear speckles
GMPPB,25.06280215174863,26.976335727996535,-1.9135335762479038,FALSE,"Disease related genes, Enzymes, Essential proteins, Human disease related genes, Metabolic proteins, Potential drug targets, Predicted intracellular proteins",
UBAP2L,51.86533241047332,32.639913222657796,19.225419187815525,FALSE,Predicted intracellular proteins,"Nuclear speckles, Cytosol"
EIF2B1,5.040242296785815,18.080849169996586,-13.040606873210772,FALSE,"Disease related genes, Essential proteins, Human disease related genes, Predicted intracellular proteins",Cytosol
CSPG4,35.955216990497874,11.513704944399285,24.441512046098588,FALSE,Predicted membrane proteins,Plasma membrane
MRPL46,59.52202893770233,33.40079091614633,26.121238021556003,FALSE,"Predicted intracellular proteins, Ribosomal proteins",Mitochondria
SRSF7,28.32129471486693,37.05755500401946,-8.736260289152533,TRUE,"Essential proteins, Plasma proteins, Predicted intracellular proteins",Nucleoplasm
MOB4,26.3962884223867,23.516909094185152,2.879379328201548,FALSE,"Essential proteins, Predicted intracellular proteins",
COMTD1,88.22734886125538,27.674979441668672,60.55236941958671,FALSE,Predicted intracellular proteins,Golgi apparatus
UBE2H,31.41259434275877,19.41137832838395,12.001216014374819,FALSE,"Enzymes, Metabolic proteins, Predicted intracellular proteins",Mitochondria
GORASP2,21.35676035031942,27.056249192848142,-5.699488842528723,FALSE,Predicted intracellular proteins,Golgi apparatus
PTGDS,101.66084752373416,53.735952834375,47.924894689359164,TRUE,"Enzymes, Metabolic proteins, Plasma proteins, Predicted intracellular proteins, Predicted secreted proteins",
DAZAP1,28.503673509118087,23.277413382495464,5.226260126622623,TRUE,"Plasma proteins, Predicted intracellular proteins",Nucleoplasm
C8orf82,50.79486183673164,23.884923390139047,26.909938446592594,FALSE,Predicted intracellular proteins,Nucleoplasm
NEK9,14.489430460214242,17.445664203445048,-2.956233743230806,TRUE,"Disease related genes, Enzymes, Human disease related genes, Plasma proteins, Potential drug targets, Predicted intracellular proteins, Transporters",
CYGB,47.37268859255031,28.43860116893463,18.934087423615683,FALSE,"Predicted intracellular proteins, Transporters",Nuclear speckles
STAM,36.37950671922566,30.488402063612558,5.891104655613102,FALSE,Predicted intracellular proteins,Vesicles
SELENOO,48.104509084101224,76.63644920964052,-28.531940125539293,FALSE,"Enzymes, Predicted intracellular proteins",Mitochondria
HECTD1,25.564367836048575,33.33807321878475,-7.773705382736175,FALSE,"Enzymes, Metabolic proteins, Predicted intracellular proteins","Nucleoplasm, Nucleoli"
MTCH1,30.511237798871793,18.489111478694262,12.02212632017753,FALSE,"Predicted membrane proteins, Transporters",
DHODH,60.27700226446503,50.15939052635234,10.117611738112693,FALSE,"Disease related genes, Enzymes, FDA approved drug targets, Human disease related genes, Metabolic proteins, Predicted intracellular proteins, Predicted membrane proteins",Mitochondria
RAB23,48.93513362535906,50.0634405568131,-1.1283069314540413,FALSE,"Disease related genes, Human disease related genes, Predicted intracellular proteins","Plasma membrane, Cytosol"
UBXN4,29.481779485322747,25.120529129355525,4.361250355967222,FALSE,"Predicted intracellular proteins, Predicted membrane proteins",Endoplasmic reticulum
ARL2,35.652716627479904,27.093236579557367,8.559480047922538,FALSE,"Disease related genes, Essential proteins, Predicted intracellular proteins","Nucleoplasm, Basal body, Flagellar centriole"
PDXP,38.04571900067462,48.36211337344413,-10.316394372769508,FALSE,"Enzymes, Metabolic proteins, Predicted intracellular proteins",
MAN2C1,39.44795371869793,28.735637028173635,10.712316690524297,FALSE,"Disease related genes, Enzymes, Metabolic proteins, Potential drug targets, Predicted intracellular proteins",
PPP2CB,25.09059871309671,12.639210005688565,12.451388707408146,FALSE,"Enzymes, Predicted intracellular proteins",Nucleoplasm
NTMT1,45.978740693661145,34.74422917937572,11.234511514285423,FALSE,"Enzymes, Predicted intracellular proteins",Nucleoplasm
LEMD2,27.947890580315125,27.141094219258342,0.806796361056783,FALSE,"Disease related genes, Human disease related genes, Predicted intracellular proteins, Predicted membrane proteins",Nuclear membrane
PAIP1,44.52801488281417,30.129409572357996,14.398605310456173,FALSE,Predicted intracellular proteins,"Plasma membrane, Cytosol"
FAM98A,40.660029892961916,43.09729204020565,-2.437262147243736,FALSE,Predicted intracellular proteins,Vesicles
TFRC,56.71824398641918,41.46990370358746,15.24834028283172,TRUE,"Cancer-related genes, CD markers, Disease related genes, Enzymes, Essential proteins, FDA approved drug targets, Human disease related genes, Metabolic proteins, Plasma proteins, Predicted intracellular proteins, Predicted membrane proteins, Predicted secreted proteins, Transporters","Endosomes, Lysosomes"
C20orf27,47.841908586998365,28.821910026714363,19.019998560284,FALSE,"Predicted intracellular proteins, Predicted secreted proteins","Nucleoplasm, Cytosol"
SARS2,52.963190855579555,28.699920960270227,24.263269895309328,FALSE,"Disease related genes, Enzymes, Essential proteins, Human disease related genes, Potential drug targets, Predicted intracellular proteins","Nucleoplasm, Mitochondria"
TPD52L1,35.7574807272544,46.883220638299726,-11.125739911045322,TRUE,"Plasma proteins, Predicted intracellular proteins","Plasma membrane, Cell Junctions, Cytosol"
MRPL37,63.74191300760161,46.87385140360528,16.86806160399633,FALSE,"Predicted intracellular proteins, Ribosomal proteins",Mitochondria
DUT,48.4224839936433,35.75382527189826,12.66865872174504,FALSE,"Enzymes, Essential proteins, Metabolic proteins, Predicted intracellular proteins",Nucleoplasm
CHMP6,16.14090026725005,13.522463504481866,2.6184367627681837,FALSE,"Essential proteins, Predicted intracellular proteins",
SEC24C,27.69785521832761,11.468794701812635,16.229060516514977,FALSE,Predicted intracellular proteins,Vesicles
NUDT9,36.65660714183346,20.93762917134837,15.718977970485092,FALSE,"Enzymes, Metabolic proteins, Predicted intracellular proteins","Nuclear bodies, Mitochondria"
FITM2,39.26323718741409,28.016859651548536,11.246377535865555,FALSE,"Disease related genes, Metabolic proteins, Potential drug targets, Predicted membrane proteins, Transporters",
GPC1,41.72852313420217,34.927890635710895,6.800632498491275,FALSE,"Disease related genes, Predicted intracellular proteins, Predicted membrane proteins","Plasma membrane, Cytosol"
PPT1,26.12337186405077,28.820710295585634,-2.697338431534863,FALSE,"Disease related genes, Enzymes, Human disease related genes, Metabolic proteins, Potential drug targets, Predicted intracellular proteins","Golgi apparatus, Vesicles"
PLCL1,16.392837510474052,37.45433385280832,-21.061496342334266,FALSE,Predicted intracellular proteins,
RPL37A,29.11530369137144,60.51977325295632,-31.40446956158488,FALSE,"Essential proteins, Predicted intracellular proteins, Ribosomal proteins","Endoplasmic reticulum, Cytosol"
PM20D2,61.33671261266211,37.32234341688638,24.01436919577573,FALSE,"Enzymes, Predicted intracellular proteins",Nucleoplasm
RTRAF,24.76466586375669,14.179256558091327,10.585409305665364,FALSE,"Essential proteins, Predicted intracellular proteins",Nucleoplasm
CRK,57.46848782796518,25.04150210448862,32.426985723476555,FALSE,Predicted intracellular proteins,Plasma membrane
CASP3,47.69395837142658,37.201590201631426,10.492368169795157,TRUE,"Cancer-related genes, Enzymes, FDA approved drug targets, Plasma proteins, Predicted intracellular proteins",Mitochondria
WARS2,16.60015149115622,26.799312615670562,-10.199161124514344,FALSE,"Disease related genes, Enzymes, Essential proteins, Human disease related genes, Potential drug targets, Predicted intracellular proteins",Mitochondria
EPN1,25.497319712721506,6.064603527451839,19.43271618526967,TRUE,"Plasma proteins, Predicted intracellular proteins","Plasma membrane, Cytosol"
KPNA1,35.71292619108868,17.723162918212314,17.989763272876363,FALSE,"Predicted intracellular proteins, Transporters",Nucleoplasm
HGH1,39.53248063689027,20.02974137165794,19.50273926523233,FALSE,Predicted intracellular proteins,"Nuclear bodies, Cytosol"
DPP7,60.9987263674448,41.03230299618215,19.96642337126265,TRUE,"Enzymes, Plasma proteins, Predicted secreted proteins",Vesicles
MAPKAPK3,42.38220077103189,22.314757837318883,20.067442933713007,FALSE,"Disease related genes, Enzymes, Human disease related genes, Potential drug targets, Predicted intracellular proteins, Predicted membrane proteins",Nucleoplasm
CARS2,51.30954790426727,30.2087647944569,21.10078310981037,FALSE,"Disease related genes, Enzymes, Human disease related genes, Potential drug targets, Predicted intracellular proteins","Nucleoplasm, Mitochondria"
TMEM230,62.02605590850787,38.86207949177635,23.163976416731522,FALSE,"Disease related genes, Potential drug targets, Predicted membrane proteins, Transporters",Endoplasmic reticulum
SMIM4,38.335580448660274,36.226970322086295,2.1086101265739785,FALSE,"Predicted intracellular proteins, Predicted membrane proteins","Nucleoplasm, Mitochondria"
SHOC2,34.12247787719633,12.969802894087731,21.1526749831086,TRUE,"Disease related genes, Human disease related genes, Plasma proteins, Predicted intracellular proteins, RAS pathway related proteins","Nucleoplasm, Cytosol"
SLK,37.122897791402814,27.638402910305853,9.48449488109696,TRUE,"Enzymes, Plasma proteins, Predicted intracellular proteins",Cytosol
MRPL1,49.0127880409968,22.847026362394313,26.16576167860249,FALSE,"Predicted intracellular proteins, Ribosomal proteins",Mitochondria
KYAT3,43.16672825677219,25.24620101728984,17.920527239482347,FALSE,"Enzymes, Metabolic proteins, Predicted intracellular proteins",Cytosol
PHYHD1,42.760555050371224,48.2286594481921,-5.468104397820873,FALSE,Predicted intracellular proteins,Nuclear speckles
MRPL13,30.105974311992135,41.642788291033625,-11.53681397904149,FALSE,"Predicted intracellular proteins, Ribosomal proteins",
LRRC57,36.10405336474695,42.24807951033691,-6.1440261455899545,FALSE,Predicted intracellular proteins,"Mitochondria, Cytosol"
CRYL1,23.22195335480482,39.53602713843226,-16.31407378362744,TRUE,"Enzymes, Metabolic proteins, Plasma proteins, Predicted intracellular proteins","Nucleoplasm, Nucleoli"
NUDT19,26.575945313449356,28.511302487359412,-1.935357173910056,FALSE,Predicted intracellular proteins,Cytosol
MRPL55,58.805918258333534,42.8999320627296,15.905986195603937,FALSE,"Essential proteins, Predicted intracellular proteins, Ribosomal proteins",
CCDC43,34.725145293101,19.01097929433112,15.714165998769882,FALSE,"Essential proteins, Predicted intracellular proteins",Cytosol
DAD1,29.280219873766516,19.933461723202434,9.346758150564082,FALSE,"Cancer-related genes, Essential proteins, Metabolic proteins, Predicted membrane proteins, Transporters",Cytosol
MANF,56.52146613354557,27.02132615985865,29.500139973686924,TRUE,"Plasma proteins, Predicted secreted proteins",Endoplasmic reticulum
CHMP2B,12.182730077281082,29.45291793460929,-17.270187857328207,FALSE,"Disease related genes, Human disease related genes, Predicted intracellular proteins",Cytosol
FDX1,22.032010327662054,21.75827040996794,0.2737399176941153,FALSE,Predicted intracellular proteins,Mitochondria
RAB4A,30.713893297096252,23.349921097553477,7.363972199542776,FALSE,"Enzymes, Predicted intracellular proteins",
L3HYPDH,33.804776178677706,39.56784689831229,-5.763070719634584,FALSE,"Enzymes, Predicted intracellular proteins",Vesicles
AP3B1,40.49474695763318,27.016602770840866,13.478144186792317,TRUE,"Disease related genes, Human disease related genes, Plasma proteins, Predicted intracellular proteins",Vesicles
STAMBP,27.82675952773031,31.95373240445354,-4.126972876723229,FALSE,"Disease related genes, Enzymes, Human disease related genes, Metabolic proteins, Potential drug targets, Predicted intracellular proteins",Nucleoplasm
COMMD6,48.03247376539486,40.10430406712205,7.928169698272811,FALSE,Predicted intracellular proteins,
MRPS16,22.196236671713322,41.11458688991033,-18.918350218197006,FALSE,"Disease related genes, Essential proteins, Human disease related genes, Predicted intracellular proteins, Ribosomal proteins",Mitochondria
ABRAXAS2,26.061692881516457,35.85027464273621,-9.788581761219753,FALSE,Predicted intracellular proteins,Cytosol
PABPN1,23.8983835539198,32.43640074143571,-8.538017187515912,TRUE,"Disease related genes, Essential proteins, Human disease related genes, Plasma proteins, Predicted intracellular proteins","Nucleoplasm, Nuclear speckles"
LPIN1,24.33035842172306,39.01407154554526,-14.683713123822198,TRUE,"Disease related genes, Enzymes, Human disease related genes, Metabolic proteins, Plasma proteins, Potential drug targets, Predicted intracellular proteins",Cytosol
TRA2B,37.73565203131987,37.3650827223856,0.37056930893427165,TRUE,"Essential proteins, Plasma proteins, Predicted intracellular proteins",Nucleoplasm
DCTN4,33.465080943620485,13.036165348313384,20.428915595307103,FALSE,"Essential proteins, Predicted intracellular proteins","Nucleoplasm, Centrosome"
USP47,33.23576086318933,20.126353562428783,13.109407300760545,FALSE,"Enzymes, Metabolic proteins, Predicted intracellular proteins",Intermediate filaments
NUDT4,32.48714353337329,30.408057401335547,2.0790861320377445,FALSE,"Enzymes, Metabolic proteins, Predicted intracellular proteins",Cytosol
ESAM,48.79424862263655,35.133213285156344,13.661035337480207,TRUE,"Plasma proteins, Predicted membrane proteins",Cell Junctions
STRN3,36.82035247240127,30.245833075855526,6.5745193965457425,TRUE,"Plasma proteins, Predicted intracellular proteins","Plasma membrane, Cytosol"
STT3A,37.15783185981053,36.30036020115851,0.8574716586520168,FALSE,"Cancer-related genes, Disease related genes, Enzymes, Human disease related genes, Metabolic proteins, Potential drug targets, Predicted membrane proteins, Transporters",
LRRC40,8.608700932468661,25.00319787210079,-16.39449693963213,FALSE,Predicted intracellular proteins,Nucleoli
EMD,43.07194482220379,45.18719894650169,-2.1152541242978984,FALSE,"Disease related genes, Human disease related genes, Predicted membrane proteins",Nuclear membrane
WDR44,28.986265338345728,19.589803673963193,9.396461664382535,TRUE,"Plasma proteins, Predicted intracellular proteins",Golgi apparatus
IGBP1,25.029444727917344,14.942453443289608,10.086991284627736,FALSE,"Disease related genes, Essential proteins, Human disease related genes, Predicted intracellular proteins","Microtubules, Primary cilium"
SPCS1,41.06320719148391,24.074975516639416,16.988231674844496,FALSE,"Metabolic proteins, Predicted membrane proteins","Golgi apparatus, Vesicles"
UQCC1,42.91431707741404,35.202732858744895,7.711584218669145,TRUE,"Plasma proteins, Predicted intracellular proteins, Predicted membrane proteins",Plasma membrane
MOCS2,73.3364316179432,44.55850012348489,28.777931494458315,FALSE,"Disease related genes, Enzymes, FDA approved drug targets, Human disease related genes, Metabolic proteins, Predicted intracellular proteins",Cytosol
DAP3,59.946797470164036,54.38647685597232,5.560320614191717,TRUE,"Essential proteins, Plasma proteins, Predicted intracellular proteins, Ribosomal proteins","Nucleoplasm, Mitochondria"
MRPL11,59.844418265413104,30.18883400386383,29.655584261549276,FALSE,"Predicted intracellular proteins, Ribosomal proteins",Mitochondria
TTC38,24.341471987172866,31.267408488913695,-6.9259365017408285,FALSE,Predicted intracellular proteins,Cytosol
PRKDC,20.740175229340252,16.00220577991237,4.737969449427883,TRUE,"Cancer-related genes, Disease related genes, Enzymes, Essential proteins, Human disease related genes, Plasma proteins, Potential drug targets, Predicted intracellular proteins",Nucleoplasm
MOGS,32.060616512776235,42.87221233385178,-10.811595821075542,FALSE,"Disease related genes, Enzymes, Human disease related genes, Metabolic proteins, Potential drug targets, Predicted intracellular proteins, Predicted membrane proteins",Endoplasmic reticulum
UFSP2,29.275110186685904,26.685828365464246,2.5892818212216575,FALSE,"Disease related genes, Enzymes, Human disease related genes, Potential drug targets, Predicted intracellular proteins","Nucleoplasm, Cytosol"
DNAJB2,25.44796745500692,21.156788252821425,4.291179202185496,FALSE,"Disease related genes, Human disease related genes, Predicted intracellular proteins",Nuclear membrane
CASTOR2,42.30771431937349,27.749359340318016,14.558354979055473,FALSE,Predicted intracellular proteins,
POLDIP2,14.485754037783266,40.725719878810516,-26.23996584102725,FALSE,"Essential proteins, Predicted intracellular proteins",Mitochondria
ARAF,21.60582798990708,22.01222664491138,-0.40639865500429906,TRUE,"Enzymes, Human disease related genes, Plasma proteins, Predicted intracellular proteins",Plasma membrane
MRPS9,57.51503874384927,15.771875452135253,41.74316329171401,TRUE,"Plasma proteins, Predicted intracellular proteins, Ribosomal proteins",Mitochondria
DCTN3,23.222745079032435,47.219614158422445,-23.99686907939001,FALSE,"Essential proteins, Predicted intracellular proteins",Cytosol
UBR4,18.000731147838543,30.54451495292715,-12.543783805088605,FALSE,"Enzymes, Essential proteins, Metabolic proteins, Predicted intracellular proteins, Predicted membrane proteins",Nucleoplasm
TMED1,38.812854319070816,30.400103480195895,8.41275083887492,FALSE,"Predicted intracellular proteins, Predicted membrane proteins, Transporters",
IARS1,25.802539190916473,23.204898289931652,2.597640900984821,TRUE,"Disease related genes, Enzymes, Essential proteins, Human disease related genes, Metabolic proteins, Plasma proteins, Potential drug targets, Predicted intracellular proteins","Nucleoplasm, Cytosol"
MYCBP,11.896704430635026,30.12822593764432,-18.231521507009294,FALSE,Predicted intracellular proteins,Nucleoplasm
PPP3CC,29.250656956553307,13.044011576866005,16.206645379687302,TRUE,"Enzymes, Plasma proteins, Predicted intracellular proteins",Cytosol
ARIH1,35.043673074608876,21.17506145917676,13.868611615432116,FALSE,"Disease related genes, Enzymes, Essential proteins, Potential drug targets, Predicted intracellular proteins",Nucleoplasm
CAPRIN1,19.397246923623175,115.11650928552667,-95.7192623619035,FALSE,Predicted intracellular proteins,Cytosol
NAA25,45.502861152699545,23.801932879122123,21.70092827357742,FALSE,"Essential proteins, Human disease related genes, Predicted intracellular proteins, Predicted membrane proteins","Golgi apparatus, Cytosol"
ZNF330,86.3287281413554,20.945018684661846,65.38370945669355,FALSE,Predicted intracellular proteins,Nucleoli
RNF126,21.563295039723887,30.44379438238149,-8.880499342657604,FALSE,"Enzymes, Metabolic proteins, Predicted intracellular proteins",Nucleoplasm
UROS,28.804392655853945,18.938933140143433,9.865459515710512,FALSE,"Disease related genes, Enzymes, Human disease related genes, Metabolic proteins, Potential drug targets, Predicted intracellular proteins",Nucleoplasm
CCAR2,47.714211585823165,27.148017834529387,20.566193751293778,FALSE,Predicted intracellular proteins,"Nucleoplasm, Nuclear bodies"
PLCL2,22.836959625934107,26.964158965482294,-4.127199339548188,FALSE,Predicted intracellular proteins,
PPCDC,30.277897737447866,20.401303112720907,9.876594624726959,FALSE,"Enzymes, Metabolic proteins, Predicted intracellular proteins",Cytosol
G3BP1,25.949013761481687,19.19847508201898,6.750538679462707,TRUE,"Enzymes, Plasma proteins, Predicted intracellular proteins, Predicted membrane proteins",Cytosol
SF3B2,6.540504783454279,22.644676977468905,-16.104172194014627,TRUE,"Disease related genes, Essential proteins, Plasma proteins, Predicted intracellular proteins",Nuclear speckles
MRPS18B,36.83380660643601,22.864973104592174,13.96883350184384,FALSE,"Essential proteins, Predicted intracellular proteins, Ribosomal proteins",Mitochondria
SUPV3L1,48.6466075202726,19.9118797514114,28.7347277688612,FALSE,"Enzymes, Essential proteins, Predicted intracellular proteins",Mitochondria
BAG6,14.20849659408817,54.150281817538136,-39.94178522344997,FALSE,Predicted intracellular proteins,Nucleoplasm
XPO7,34.872498109686255,13.297935712860998,21.574562396825257,FALSE,"Metabolic proteins, Predicted intracellular proteins, Predicted membrane proteins, Transporters",
WDFY1,29.79358204854498,21.94046576146593,7.85311628707905,FALSE,Predicted intracellular proteins,"Golgi apparatus, Vesicles"
DCPS,30.55353949445228,26.462444746740342,4.091094747711939,FALSE,"Disease related genes, Enzymes, Human disease related genes, Potential drug targets, Predicted intracellular proteins",Nucleoplasm
SARNP,25.65564850213007,34.23448592096674,-8.57883741883667,TRUE,"Essential proteins, Plasma proteins, Predicted intracellular proteins",Nuclear speckles
ACBD3,27.788088481242156,17.94312872601875,9.844959755223407,TRUE,"Plasma proteins, Predicted intracellular proteins, Transporters",Golgi apparatus
JPT2,35.933273562787285,21.93372301113291,13.999550551654377,FALSE,Predicted intracellular proteins,"Plasma membrane, Cytosol"
NDUFAF5,19.165042052612474,21.57906259561422,-2.4140205430017474,FALSE,"Disease related genes, Human disease related genes, Predicted intracellular proteins",
FKBP8,19.950280390906144,25.830267879032842,-5.879987488126698,TRUE,"Cancer-related genes, Enzymes, Metabolic proteins, Plasma proteins, Predicted intracellular proteins, Predicted membrane proteins",Mitochondria
NCK1,44.46047987727906,56.159820562215714,-11.69934068493665,FALSE,Predicted intracellular proteins,"Plasma membrane, Cytosol"
ARF5,27.178059443169566,49.302701888530926,-22.12464244536136,TRUE,"Plasma proteins, Predicted intracellular proteins",
MRI1,43.486274450154035,29.09490753465131,14.391366915502726,FALSE,"Enzymes, Metabolic proteins, Predicted intracellular proteins","Nucleoplasm, Cytosol"
CTSL,47.28248046638584,41.56401539606553,5.718465070320313,TRUE,"Cancer-related genes, Enzymes, Metabolic proteins, Plasma proteins, Predicted intracellular proteins","Golgi apparatus, Vesicles"
EIPR1,35.885727453919124,21.76821863395246,14.117508819966663,FALSE,Predicted intracellular proteins,"Nucleoplasm, Nucleoli"
MRPL48,42.53386744223961,27.219246700581916,15.314620741657695,FALSE,"Predicted intracellular proteins, Ribosomal proteins",Mitochondria
AAMP,36.099305931316756,23.107592500475942,12.991713430840814,TRUE,"Essential proteins, Plasma proteins, Predicted intracellular proteins",Microtubules
POFUT1,44.54707352320011,25.280946886122578,19.266126637077534,FALSE,"Disease related genes, Enzymes, Human disease related genes, Potential drug targets, Predicted intracellular proteins",Centrosome
PIP4K2B,33.22079550115285,32.84032333350789,0.3804721676449603,FALSE,"Cancer-related genes, Enzymes, Metabolic proteins, Predicted intracellular proteins",Nucleoplasm
MRPL21,33.18766241286164,27.263767302507468,5.923895110354174,FALSE,"Essential proteins, Predicted intracellular proteins, Ribosomal proteins","Nucleoplasm, Mitochondria"
RWDD4,32.55013557933292,35.17727526066919,-2.627139681336274,FALSE,Predicted intracellular proteins,Intermediate filaments
PTCD3,60.086761675225056,30.7880105858015,29.298751089423554,FALSE,"Disease related genes, Essential proteins, Human disease related genes, Predicted intracellular proteins, Ribosomal proteins",Mitochondria
SCN1B,13.68019420017724,29.101677221047407,-15.421483020870166,FALSE,"Disease related genes, FDA approved drug targets, Human disease related genes, Predicted intracellular proteins, Predicted membrane proteins, Predicted secreted proteins",
UBFD1,37.144478015032846,32.17678236962791,4.9676956454049375,FALSE,Predicted intracellular proteins,Nucleoplasm
CUL4B,25.39970998979072,42.598100700976985,-17.198390711186267,TRUE,"Cancer-related genes, Disease related genes, Human disease related genes, Plasma proteins, Predicted intracellular proteins",Nucleoplasm
TOMM22,25.66636271838394,30.27539870634583,-4.609035987961889,FALSE,"Essential proteins, Predicted membrane proteins",Mitochondria
COPE,56.74539973979347,15.617964187447637,41.12743555234583,FALSE,"Essential proteins, Metabolic proteins, Predicted intracellular proteins",Golgi apparatus
AGFG1,56.948283764234056,24.022656698820715,32.92562706541334,FALSE,Predicted intracellular proteins,Vesicles
MAP1S,24.21405196814826,18.3619026570695,5.852149311078762,FALSE,Predicted intracellular proteins,"Cytosol, Principal piece"
USP19,1.2514932555181284,21.84189171392411,-20.590398458405982,TRUE,"Enzymes, Metabolic proteins, Plasma proteins, Predicted intracellular proteins, Predicted membrane proteins",
NUBP2,44.83474363930897,40.83198022144371,4.0027634178652605,FALSE,"Essential proteins, Predicted intracellular proteins","Nucleoplasm, Cytosol"
LSM6,22.81588841084659,19.160773503929814,3.6551149069167757,FALSE,"Essential proteins, Predicted intracellular proteins",Actin filaments
SF1,36.63932131445812,19.56399385834,17.07532745611812,TRUE,"Essential proteins, Plasma proteins, Predicted intracellular proteins",Nucleoplasm
EIF5B,24.164141114416747,18.071028140743326,6.093112973673421,TRUE,"Enzymes, Essential proteins, Plasma proteins, Predicted intracellular proteins",Cytosol
DNAJB6,19.08789797959255,31.43976134757038,-12.351863367977828,FALSE,"Disease related genes, Human disease related genes, Predicted intracellular proteins",Nucleoplasm
MRPL38,68.90597917789108,20.508449085252618,48.39753009263846,FALSE,"Essential proteins, Predicted intracellular proteins, Ribosomal proteins",Mitochondria
SLC9A3R2,48.721212579199666,36.34278738935783,12.378425189841835,FALSE,"Predicted intracellular proteins, Transporters",Plasma membrane
RBM8A,22.670370557722702,34.42907505739757,-11.758704499674867,TRUE,"Disease related genes, Essential proteins, Human disease related genes, Plasma proteins, Potential drug targets, Predicted intracellular proteins, Transporters",Nuclear speckles
GGPS1,53.07594110477447,21.28735745711193,31.78858364766254,TRUE,"Disease related genes, Enzymes, Essential proteins, FDA approved drug targets, Metabolic proteins, Plasma proteins, Predicted intracellular proteins",Cytosol
ADAM10,64.3436448392921,39.62694540853213,24.716699430759967,TRUE,"Cancer-related genes, CD markers, Disease related genes, Enzymes, Human disease related genes, Plasma proteins, Potential drug targets, Predicted intracellular proteins, Predicted membrane proteins, Transporters","Vesicles, Plasma membrane"
DNAJC9,24.83658964497789,21.978185884134145,2.8584037608437463,FALSE,"Essential proteins, Predicted intracellular proteins",Nucleoplasm
EEF2K,14.766834712813276,25.34056507198571,-10.573730359172435,FALSE,"Enzymes, Predicted intracellular proteins",Nucleoplasm
ACADL,78.28403819042727,41.71975657635867,36.5642816140686,FALSE,"Enzymes, Metabolic proteins, Predicted intracellular proteins",
SEC24B,14.27389114166984,29.006780234563067,-14.732889092893227,FALSE,Predicted intracellular proteins,"Nucleoplasm, Vesicles"
ATP2B1,29.210550460984436,16.8362116807,12.374338780284436,TRUE,"Disease related genes, Enzymes, FDA approved drug targets, Metabolic proteins, Plasma proteins, Predicted membrane proteins, Transporters",Plasma membrane
BCL2,75.87689760285087,53.46328617290338,22.413611429947494,TRUE,"Cancer-related genes, Disease related genes, FDA approved drug targets, Human disease related genes, Plasma proteins, Predicted intracellular proteins, Predicted membrane proteins, Transporters",Mitochondria
SRSF11,35.34655011476088,27.78167589175396,7.564874223006921,TRUE,"Essential proteins, Plasma proteins, Predicted intracellular proteins",Nuclear speckles
CA4,31.566765635402195,52.46918100871207,-20.902415373309875,FALSE,"Disease related genes, Enzymes, FDA approved drug targets, Human disease related genes, Metabolic proteins, Predicted intracellular proteins, Predicted membrane proteins",Cytosol
TSC22D1,39.40027379065859,34.440084212226196,4.9601895784323915,FALSE,"Predicted intracellular proteins, Transcription factors","Nucleoplasm, Nuclear bodies"
ENPP4,30.776114582194097,9.280240630553301,21.495873951640796,FALSE,"Enzymes, Predicted membrane proteins",
ATG7,31.167050012435187,30.143078336336316,1.0239716760988706,FALSE,"Disease related genes, Human disease related genes, Potential drug targets, Predicted intracellular proteins, Transporters",Cytosol
SEPHS1,27.782140547748142,21.446101375682282,6.33603917206586,TRUE,"Enzymes, Metabolic proteins, Plasma proteins, Predicted intracellular proteins",Nucleoplasm
HRAS,46.66157496994295,21.409091757875988,25.25248321206696,TRUE,"Cancer-related genes, Disease related genes, Enzymes, Human disease related genes, Plasma proteins, Potential drug targets, Predicted intracellular proteins, RAS pathway related proteins",Cytosol
MARS1,47.18488411402127,61.590654183014124,-14.405770068992851,FALSE,"Disease related genes, Enzymes, Essential proteins, Human disease related genes, Metabolic proteins, Potential drug targets, Predicted intracellular proteins, Predicted membrane proteins",Cytosol
STARD10,30.922760317651033,58.53778599734134,-27.615025679690305,FALSE,"Metabolic proteins, Predicted intracellular proteins",Cytosol
NEU3,31.53612882476396,26.232495831654397,5.303632993109563,FALSE,"Enzymes, Metabolic proteins, Predicted intracellular proteins",Nucleoplasm
C15orf40,12.387985208413669,30.89127525453413,-18.503290046120462,FALSE,Predicted intracellular proteins,"Nucleoplasm, Golgi apparatus"
NUP93,12.912831935601846,31.873628597808068,-18.96079666220622,TRUE,"Cancer-related genes, Disease related genes, Essential proteins, Human disease related genes, Metabolic proteins, Plasma proteins, Potential drug targets, Predicted intracellular proteins, Predicted membrane proteins, Transporters",
NRP1,43.734049962984386,18.9599186795397,24.774131283444685,TRUE,"Cancer-related genes, CD markers, Plasma proteins, Predicted intracellular proteins, Predicted membrane proteins, Predicted secreted proteins, Transporters",Mitochondria
RPRD1B,27.703986688901384,25.53314367952601,2.1708430093753748,FALSE,Predicted intracellular proteins,Nucleoplasm
CHORDC1,30.963835352552316,30.940588550051018,0.023246802501297736,FALSE,"Essential proteins, Predicted intracellular proteins",Cytosol
ATG4B,17.40295592538862,28.76995988513923,-11.367003959750608,FALSE,"Enzymes, Predicted intracellular proteins, Transporters","Nucleoplasm, Cytosol"
FAM185A,37.67546762277875,33.33636299179692,4.339104630981829,FALSE,Predicted intracellular proteins,Cytosol
FAM120A,13.276621167174198,23.918590294788313,-10.641969127614114,TRUE,"Plasma proteins, Predicted intracellular proteins",Cytosol
ASMTL,27.890378348819333,33.75916559445065,-5.868787245631317,FALSE,"Enzymes, Predicted intracellular proteins",Cytosol
MYLK3,55.90909196435481,52.37428205328632,3.5348099110684856,FALSE,"Enzymes, Metabolic proteins, Predicted membrane proteins",Nucleoplasm
CD99L2,18.994681771403727,21.56407622219769,-2.569394450793965,FALSE,"Predicted intracellular proteins, Predicted membrane proteins, Predicted secreted proteins",Plasma membrane
PSPC1,38.53839433088891,31.029119688035955,7.509274642852958,FALSE,"Predicted intracellular proteins, Transcription factors",Nucleoplasm
CLASP1,24.626684379103935,24.86381448381001,-0.23713010470607543,FALSE,"Essential proteins, Predicted intracellular proteins",
GFPT1,25.375243241472823,23.455364688960838,1.9198785525119852,FALSE,"Disease related genes, Enzymes, Essential proteins, Human disease related genes, Metabolic proteins, Potential drug targets, Predicted intracellular proteins, Predicted membrane proteins","Nucleoplasm, Nucleoli"
MECP2,46.985436011835354,31.27882970649079,15.706606305344565,FALSE,"Cancer-related genes, Disease related genes, Human disease related genes, Predicted intracellular proteins",Nucleoplasm
DNAAF5,39.88597153694828,22.87508719846947,17.010884338478814,TRUE,"Disease related genes, Human disease related genes, Plasma proteins, Predicted intracellular proteins",Cytosol
HARS2,27.879520162060068,30.028122707393262,-2.148602545333194,FALSE,"Disease related genes, Enzymes, Human disease related genes, Potential drug targets, Predicted intracellular proteins",Mitochondria
USP13,43.41550281511816,29.279356796582828,14.136146018535332,TRUE,"Enzymes, Metabolic proteins, Plasma proteins, Predicted intracellular proteins","Nucleoplasm, Cytosol"
ADI1,15.545028129522507,23.941574161171975,-8.396546031649468,FALSE,"Enzymes, Metabolic proteins, Predicted intracellular proteins",Nucleoplasm
TCEA3,39.79460217424516,24.106258669018313,15.68834350522685,FALSE,Predicted intracellular proteins,Nucleoplasm
RDH11,32.105751484845406,31.632615074037783,0.4731364108076228,FALSE,"Disease related genes, Enzymes, Human disease related genes, Metabolic proteins, Potential drug targets, Predicted intracellular proteins",
SVIL,41.8362276513509,11.539310962872742,30.296916688478163,TRUE,"Disease related genes, Human disease related genes, Plasma proteins, Predicted intracellular proteins",Plasma membrane
ARFIP1,28.889513452295045,32.0831787203832,-3.193665268088157,FALSE,Predicted intracellular proteins,"Golgi apparatus, Vesicles"
CTPS1,46.135602841507975,33.23133137869399,12.904271462813988,FALSE,"Disease related genes, Enzymes, Essential proteins, Human disease related genes, Metabolic proteins, Potential drug targets, Predicted intracellular proteins",Cytosol
NRDC,46.81607901461966,48.425956592857275,-1.6098775782376151,TRUE,"Enzymes, Essential proteins, Plasma proteins, Predicted intracellular proteins",Nucleoplasm
MRPL15,3.9460405086314787,23.96342880886972,-20.01738830023824,FALSE,"Predicted intracellular proteins, Ribosomal proteins",Mitochondria
EMC2,39.57031183649541,35.19400670936428,4.3763051271311255,FALSE,"Predicted intracellular proteins, Transporters",
VPS13A,39.80079767077901,9.531456506677857,30.269341164101156,FALSE,"Disease related genes, Human disease related genes, Potential drug targets, Predicted intracellular proteins, Transporters",Mitochondria
APOL2,39.356389979931926,24.951030888318897,14.405359091613029,TRUE,"Cancer-related genes, Human disease related genes, Plasma proteins, Predicted intracellular proteins, Predicted membrane proteins",
PPP6R2,3.4081735921917726,17.549867846804123,-14.14169425461235,TRUE,"Plasma proteins, Predicted intracellular proteins",Cytosol
BTF3,11.7182026350075,35.997252599719275,-24.279049964711774,TRUE,"Essential proteins, Plasma proteins, Predicted intracellular proteins",Cytosol
DIP2C,58.36645653572384,18.558490738029267,39.80796579769458,TRUE,"Plasma proteins, Predicted intracellular proteins, Predicted membrane proteins",Nucleoplasm
HK2,28.615247480808133,41.1289974136836,-12.513749932875466,TRUE,"Cancer-related genes, Enzymes, Metabolic proteins, Plasma proteins, Predicted intracellular proteins","Mitochondria, Cytosol"
MARCHF5,60.34901834226714,24.501290961868825,35.84772738039831,FALSE,"Enzymes, Metabolic proteins, Predicted membrane proteins",Mitochondria
TIMM8B,30.825171739295733,21.993643126073863,8.83152861322187,FALSE,Predicted intracellular proteins,
ISCA1,6.713088231491637,35.66344849651054,-28.9503602650189,FALSE,"Disease related genes, Human disease related genes, Predicted intracellular proteins",
PMVK,20.92953164935016,20.413472342543614,0.5160593068065467,FALSE,"Disease related genes, Enzymes, Human disease related genes, Metabolic proteins, Potential drug targets, Predicted intracellular proteins",
RELA,41.385728235119615,40.38336604018332,1.0023621949362962,FALSE,"Cancer-related genes, Disease related genes, Essential proteins, Human disease related genes, Predicted intracellular proteins, RAS pathway related proteins, Transcription factors",Cytosol
RAB24,46.38003666696914,27.77692964358065,18.60310702338849,FALSE,Predicted intracellular proteins,Cytosol
SQSTM1,18.8526960120878,18.342147746413307,0.510548265674494,FALSE,"Disease related genes, Human disease related genes, Predicted intracellular proteins","Vesicles, Cytosol"
DCAF11,25.621662745402247,62.7480565053147,-37.12639375991245,FALSE,Predicted intracellular proteins,Nucleoplasm
BCAR1,36.6726447945778,36.45909370772525,0.2135510868525472,TRUE,"Plasma proteins, Predicted intracellular proteins","Plasma membrane, Focal adhesion sites"
OSGEP,49.8996621993381,32.08388001577374,17.815782183564366,FALSE,"Disease related genes, Enzymes, Essential proteins, Human disease related genes, Potential drug targets, Predicted intracellular proteins",Nucleoplasm
C12orf57,24.30605921031434,13.89423786345886,10.411821346855481,FALSE,"Disease related genes, Predicted intracellular proteins",Nuclear speckles
SETD3,18.31143487459678,33.57352205122822,-15.262087176631436,FALSE,"Enzymes, Predicted intracellular proteins",Mitochondria
THNSL1,64.53920753559417,33.34107359126086,31.198133944333314,FALSE,"Metabolic proteins, Predicted intracellular proteins","Nuclear bodies, Cytosol"
CD99,24.893158876062376,21.400436059762363,3.492722816300013,TRUE,"CD markers, Plasma proteins, Predicted intracellular proteins, Predicted membrane proteins",Golgi apparatus
PGGT1B,23.792031441084728,41.28300727326651,-17.490975832181785,TRUE,"Enzymes, Essential proteins, Plasma proteins, Predicted intracellular proteins","Nucleoplasm, Endoplasmic reticulum"
CLIC2,18.649630628910256,20.970664087526032,-2.3210334586157764,FALSE,"Disease related genes, Human disease related genes, Potential drug targets, Predicted intracellular proteins, Transporters","Plasma membrane, Cytosol"
TIGAR,51.85941057257115,29.680730254669186,22.178680317901964,FALSE,"Enzymes, Metabolic proteins, Predicted intracellular proteins",Cytosol
POLR2H,44.14914997547265,21.89453847417089,22.254611501301763,FALSE,"Essential proteins, Metabolic proteins, Predicted intracellular proteins, RNA polymerase related proteins",Nucleoplasm
PEX19,16.716778824283097,35.97860005901744,-19.26182123473434,FALSE,"Disease related genes, Human disease related genes, Potential drug targets, Predicted intracellular proteins, Transporters",Peroxisomes
MOCS3,50.78480812206073,18.949209551141045,31.835598570919686,FALSE,"Enzymes, Essential proteins, Predicted intracellular proteins",
PPP2R5E,6.023306035272675,24.616198102107568,-18.592892066834892,FALSE,Predicted intracellular proteins,Cytosol
PEX11B,12.883759050382471,26.21021043127344,-13.326451380890967,FALSE,"Disease related genes, Human disease related genes, Predicted membrane proteins",Vesicles
