"gene","cv_t1","cv_t2","delta_cv","group"
"MB",44.0470855659538,18.8996897434827,-25.1473958224711,"CR (pooled)"
"CKM",35.3248917113292,17.1509786257949,-18.1739130855342,"CR (pooled)"
"ALDOA",11.9906824368296,11.070333375403,-0.920349061426618,"CR (pooled)"
"GAPDH",20.6145495915372,11.7747424083605,-8.83980718317674,"CR (pooled)"
"CKB",38.6617674649327,30.8574915359657,-7.80427592896698,"CR (pooled)"
"CA3",74.7913914107012,19.8310396583522,-54.960351752349,"CR (pooled)"
"FHL1",32.2942101867312,21.4844595952253,-10.8097505915059,"CR (pooled)"
"ACTA1",59.6196444262927,135.95965062381,76.340006197517,"CR (pooled)"
"ENO1",111.42488549232,62.6518667570663,-48.7730187352538,"CR (pooled)"
"ENO3",43.5499429373426,28.252677027049,-15.2972659102936,"CR (pooled)"
"ACTB",178.467581314926,104.981151239588,-73.486430075338,"CR (pooled)"
"PRDX2",197.43572382887,165.582760866075,-31.8529629627945,"CR (pooled)"
"PKM",23.9573850604847,14.8848836348074,-9.07250142567734,"CR (pooled)"
"TPI1",22.7863639341969,16.3979248509541,-6.38843908324284,"CR (pooled)"
"ENO2",49.5211702068031,30.2351660122794,-19.2860041945237,"CR (pooled)"
"PGAM1",75.584672110407,32.5670166472592,-43.0176554631478,"CR (pooled)"
"CASQ1",19.9522855709119,21.1541526458251,1.20186707491322,"CR (pooled)"
"PGK1",16.0744928645644,23.4713085302071,7.39681566564267,"CR (pooled)"
"HSPB1",53.8324387680174,29.6945748669183,-24.1378639010991,"CR (pooled)"
"MYL1",66.6659342089189,114.99493655071,48.3290023417912,"CR (pooled)"
"PYGM",49.2034287738454,29.1548939418564,-20.048534831989,"CR (pooled)"
"CRYAB",80.4808784471342,25.661950605772,-54.8189278413622,"CR (pooled)"
"LDHA",30.5038469493807,39.156155195316,8.65230824593536,"CR (pooled)"
"MYL2",50.5820645601866,68.601837849089,18.0197732889024,"CR (pooled)"
"AK1",24.0459881693939,21.8890917767021,-2.15689639269179,"CR (pooled)"
"FABP4",199.186691198958,238.731716059978,39.5450248610202,"CR (pooled)"
"FABP3",49.6265761760526,34.8298001406033,-14.7967760354493,"CR (pooled)"
"ATP2A1",33.0101583747794,30.8151173485698,-2.19504102620959,"CR (pooled)"
"CA2",108.40391842609,161.698166994792,53.2942485687018,"CR (pooled)"
"MDH1",27.3271294550755,25.314958963075,-2.01217049200051,"CR (pooled)"
"MYH7",91.717326651252,129.967876434551,38.2505497832993,"CR (pooled)"
"PGAM2",32.3652976539275,28.1228257343379,-4.24247191958956,"CR (pooled)"
"PYGB",37.8012667927382,20.2628049777162,-17.5384618150221,"CR (pooled)"
"PRDX6",48.3114192450936,48.1929540327741,-0.118465212319435,"CR (pooled)"
"IDH2",49.8329356912427,31.8596376117849,-17.9732980794578,"CR (pooled)"
"MYH2",82.4499250580928,144.941000291455,62.4910752333626,"CR (pooled)"
"ATP2A2",41.8274639808751,34.737988342604,-7.08947563827109,"CR (pooled)"
"ATP5F1B",35.8249097913734,30.0249005547916,-5.8000092365818,"CR (pooled)"
"MDH2",38.558231462952,33.476797972644,-5.08143349030802,"CR (pooled)"
"ATP5F1A",45.4132867400056,25.7602630867642,-19.6530236532414,"CR (pooled)"
"MYH1",110.98799863846,143.691863057028,32.7038644185685,"CR (pooled)"
"PFKM",46.8273644309144,27.0120087155699,-19.8153557153444,"CR (pooled)"
"S100A1",39.6590406597778,122.213696494355,82.5546558345772,"CR (pooled)"
"HSPB6",56.389694697238,25.3527535242826,-31.0369411729554,"CR (pooled)"
"EEF1A1",70.3795158034602,57.4086134130072,-12.970902390453,"CR (pooled)"
"FBP2",35.0749268031591,43.4566930246821,8.38176622152297,"CR (pooled)"
"ARF4",62.1727113486667,41.6052114567305,-20.5674998919362,"CR (pooled)"
"SLC25A4",56.3667466229614,49.6799075499589,-6.68683907300252,"CR (pooled)"
"TNNC2",57.906729835033,124.868487448284,66.9617576132506,"CR (pooled)"
"PGM1",31.6200837167175,21.676209981186,-9.94387373553149,"CR (pooled)"
"YWHAE",55.2362813794677,54.2668328724402,-0.96944850702755,"CR (pooled)"
"GOT1",47.6931222267486,39.7380890589826,-7.95503316776595,"CR (pooled)"
"CKMT2",66.8065404098385,55.8087108638027,-10.9978295460358,"CR (pooled)"
"MYL6",143.057474897172,86.1793470397331,-56.8781278574392,"CR (pooled)"
"ATP2A3",33.0537857136638,46.2780054594267,13.2242197457629,"CR (pooled)"
"RPS27A",82.9187258357105,61.580309017519,-21.3384168181915,"CR (pooled)"
"PDLIM3",48.5607186018967,31.0365414254337,-17.5241771764629,"CR (pooled)"
"PEBP1",34.5879751364958,24.0745302884681,-10.5134448480277,"CR (pooled)"
"TPM2",99.1291174677162,157.053755717142,57.9246382494257,"CR (pooled)"
"SOD1",64.2164208478434,73.6265617983776,9.41014095053421,"CR (pooled)"
"TUBB",96.9618464082609,82.1806963944907,-14.7811500137702,"CR (pooled)"
"PARK7",19.455848176258,19.8764861722159,0.420637995957872,"CR (pooled)"
"GOT2",62.5052254383049,47.4548414657804,-15.0503839725245,"CR (pooled)"
"MYL3",85.7697289602292,131.442843818499,45.6731148582699,"CR (pooled)"
"MT-CO2",40.0926766748383,24.1467008774267,-15.9459757974116,"CR (pooled)"
"PRDX1",43.0239118082756,53.4489089642572,10.4249971559816,"CR (pooled)"
"ALDOC",32.7300964124879,25.1014216258061,-7.62867478668175,"CR (pooled)"
"CYCS",42.2643529944906,42.2920123652401,0.0276593707495252,"CR (pooled)"
"TPM1",103.957245645954,168.380474890653,64.4232292446991,"CR (pooled)"
"GPD1",79.6946346402765,63.9987289841957,-15.6959056560808,"CR (pooled)"
"CFL1",91.6253701720734,46.1520495214865,-45.473320650587,"CR (pooled)"
"VIM",197.909818592089,119.783815732301,-78.1260028597878,"CR (pooled)"
"CS",32.0293762737029,43.0115132689062,10.9821369952034,"CR (pooled)"
"DECR1",54.8713393369491,44.3861856082735,-10.4851537286756,"CR (pooled)"
"HSPA8",34.9303456746894,38.2644796351755,3.33413396048606,"CR (pooled)"
"HADHA",28.4171077057406,24.8900023111931,-3.52710539454747,"CR (pooled)"
"ACO2",39.3152634252506,33.123710686843,-6.19155273840754,"CR (pooled)"
"BLVRB",90.5080490198259,113.430656983929,22.922607964103,"CR (pooled)"
"ACAT1",19.2298735475675,25.6062213970423,6.37634784947489,"CR (pooled)"
"CSRP3",42.8540105782895,34.3429983053979,-8.51101227289164,"CR (pooled)"
"LDB3",27.7333304457317,47.0519579912657,19.3186275455339,"CR (pooled)"
"AKR1A1",48.3670482756605,36.7164867116916,-11.6505615639689,"CR (pooled)"
"GSTM2",38.8786147834855,30.134397472935,-8.74421731055057,"CR (pooled)"
"MYBPC1",50.8505857911487,76.0344515577393,25.1838657665906,"CR (pooled)"
"TNNI2",86.9607851100526,158.430624068845,71.4698389587924,"CR (pooled)"
"ANXA6",48.2161030094686,44.5765032488631,-3.6395997606055,"CR (pooled)"
"CFL2",33.1705268034085,22.5685633742002,-10.6019634292083,"CR (pooled)"
"VDAC1",33.4264447536587,23.6849762730218,-9.7414684806369,"CR (pooled)"
"TXN",66.5726561724413,54.7284735605565,-11.8441826118848,"CR (pooled)"
"FLNC",54.0179867225766,48.9255096155156,-5.09247710706104,"CR (pooled)"
"CALM1",133.161487456959,88.4486682731851,-44.7128191837741,"CR (pooled)"
"TNNT3",98.9236362030958,181.64352563474,82.7198894316446,"CR (pooled)"
"LDHB",60.4557632642702,81.2790156156985,20.8232523514283,"CR (pooled)"
"S100A6",120.315941039663,109.864669447502,-10.4512715921612,"CR (pooled)"
"BIN1",38.6501808824293,14.173724032998,-24.4764568494313,"CR (pooled)"
"ACADVL",30.3598229024045,40.9722781115937,10.6124552091892,"CR (pooled)"
"AKR1B1",40.0677979604024,26.0736896538735,-13.9941083065289,"CR (pooled)"
"PRDX3",25.8560089384948,21.1785758714634,-4.67743306703142,"CR (pooled)"
"HADHB",30.9433611640835,31.0384954359967,0.0951342719131922,"CR (pooled)"
"CAT",101.374402916046,122.081982412307,20.7075794962609,"CR (pooled)"
"UQCRC2",46.6235583882133,25.0249763942864,-21.5985819939269,"CR (pooled)"
"TUBA1B",77.7114556758085,79.3139418745998,1.60248619879133,"CR (pooled)"
"SLC25A6",56.2996409138776,53.891873812496,-2.40776710138159,"CR (pooled)"
"SLC25A5",40.0160831733971,37.2490901207987,-2.76699305259834,"CR (pooled)"
"ANXA5",129.473016677946,101.442726724205,-28.0302899537408,"CR (pooled)"
"H2BC4",130.599409687728,127.250680661372,-3.34872902635556,"CR (pooled)"
"TUBA4A",43.2312111853076,21.6730711768657,-21.5581400084419,"CR (pooled)"
"DCN",191.833388647521,93.6669050399384,-98.1664836075831,"CR (pooled)"
"APOBEC2",40.2859971999654,39.4173047540104,-0.868692445955048,"CR (pooled)"
"HSP90AA1",45.4455958446113,39.8995040135457,-5.54609183106563,"CR (pooled)"
"EEF1A2",30.0837548948487,25.8665597561107,-4.21719513873801,"CR (pooled)"
"ATP5MF",39.5054121808197,24.016366262165,-15.4890459186547,"CR (pooled)"
"TTN",87.5862466231347,148.545539960338,60.9592933372034,"CR (pooled)"
"SRL",25.6450827595939,24.0192700339751,-1.62581272561876,"CR (pooled)"
"HSPA1A",26.6574477521306,19.639716437167,-7.01773131496354,"CR (pooled)"
"COX5B",48.4299624519872,26.7986119733655,-21.6313504786216,"CR (pooled)"
"TNNC1",83.12365278476,123.326380574538,40.2027277897785,"CR (pooled)"
"SELENBP1",77.5083836230947,92.5387623821467,15.030378759052,"CR (pooled)"
"ECHS1",55.1444012906177,21.8462386868693,-33.2981626037484,"CR (pooled)"
"NDUFA4",45.1667963993652,46.776206564746,1.60941016538083,"CR (pooled)"
"ATP5MG",48.4084736887616,31.7236246991705,-16.6848489895911,"CR (pooled)"
"PFN1",98.2348866191921,48.6177035583295,-49.6171830608626,"CR (pooled)"
"ATP5F1C",49.8201683057824,28.6622007833352,-21.1579675224472,"CR (pooled)"
"ANKRD2",44.2054458381804,52.1977299337434,7.99228409556302,"CR (pooled)"
"UQCRC1",38.6624618921717,27.5603648249107,-11.102097067261,"CR (pooled)"
"HADH",32.0134785348279,27.5969597825194,-4.41651875230854,"CR (pooled)"
"PDLIM5",41.351320021882,99.696097698638,58.344777676756,"CR (pooled)"
"YWHAG",39.9284073209633,26.0629344379195,-13.8654728830438,"CR (pooled)"
"PLIN1",155.161344453538,156.117483840336,0.95613938679773,"CR (pooled)"
"COX7A1",49.1682269863313,26.5743256627095,-22.5939013236218,"CR (pooled)"
"DBI",78.4142385754882,28.6711209245546,-49.7431176509336,"CR (pooled)"
"SOD2",43.6611241927428,45.5426440651771,1.88151987243428,"CR (pooled)"
"TPM3",126.183551028873,158.931500084259,32.7479490553858,"CR (pooled)"
"TUBB4B",59.8494158653659,40.0343340422124,-19.8150818231534,"CR (pooled)"
"TRIM72",21.988464815719,18.476864249655,-3.51160056606399,"CR (pooled)"
"COX4I1",33.4204508946995,18.9206431509435,-14.499807743756,"CR (pooled)"
"UGP2",32.0981803789964,32.5865372318717,0.488356852875306,"CR (pooled)"
"ATP5PO",42.4330766536646,25.8321649273512,-16.6009117263134,"CR (pooled)"
"LUM",159.459029864632,84.2426296132936,-75.2164002513382,"CR (pooled)"
"CASQ2",42.4569940427737,36.9677273121535,-5.48926673062022,"CR (pooled)"
"QDPR",19.8550987021937,23.3224911317832,3.46739242958953,"CR (pooled)"
"CMBL",40.4499683850624,31.1383308467862,-9.31163753827619,"CR (pooled)"
"MYOM2",38.5101993165738,86.3967823655176,47.8865830489438,"CR (pooled)"
"HBG2",157.357611871889,174.939827726016,17.5822158541264,"CR (pooled)"
"AHNAK",164.723178385883,99.9377502194596,-64.7854281664235,"CR (pooled)"
"GLO1",26.0933126159992,16.1622883175856,-9.9310242984136,"CR (pooled)"
"VDAC3",43.2291174168545,23.6241064624968,-19.6050109543576,"CR (pooled)"
"GSTP1",26.9404166987152,28.9077595784228,1.96734287970763,"CR (pooled)"
"ECH1",26.6288986614772,36.1467128416384,9.51781418016122,"CR (pooled)"
"SLC25A3",38.1789795811608,24.8461145082926,-13.3328650728682,"CR (pooled)"
"ATP5PD",46.8777071054695,36.3355700121627,-10.5421370933068,"CR (pooled)"
"ADSS1",27.1341919221132,26.6154721092242,-0.518719812888918,"CR (pooled)"
"CAVIN1",161.362769570511,112.06463671492,-49.2981328555908,"CR (pooled)"
"MT-ATP6",44.4577664895547,41.0081833181515,-3.44958317140325,"CR (pooled)"
"TNNI1",92.0331666886623,146.015827640857,53.9826609521943,"CR (pooled)"
"HSPB7",41.6748600133988,29.0494302362216,-12.6254297771772,"CR (pooled)"
"CSTB",109.175769016479,48.2565631986939,-60.9192058177847,"CR (pooled)"
"RTN2",30.3570526415503,24.348374896079,-6.00867774547132,"CR (pooled)"
"LCP1",131.608102700316,130.444790465912,-1.16331223440409,"CR (pooled)"
"ACTN2",174.491476721756,203.530952569529,29.0394758477723,"CR (pooled)"
"NNT",45.0762034215681,29.1836979370695,-15.8925054844985,"CR (pooled)"
"TNNT1",113.621321257097,140.813356792834,27.1920355357366,"CR (pooled)"
"PRDX5",45.255509267456,25.2049462494741,-20.0505630179819,"CR (pooled)"
"PADI2",31.7840289255073,14.6573857843989,-17.1266431411084,"CR (pooled)"
"UQCR10",27.7115615912865,43.8851291837287,16.1735675924421,"CR (pooled)"
"ETFA",27.5846732123351,34.8551370987602,7.27046388642511,"CR (pooled)"
"ACSL1",70.7202219938055,47.4894460157123,-23.2307759780932,"CR (pooled)"
"GLRX",56.1412465030796,45.9628144868882,-10.1784320161914,"CR (pooled)"
"FH",35.4024736490903,28.6246026768113,-6.77787097227901,"CR (pooled)"
"HINT1",24.087513717787,28.1809480683735,4.09343435058644,"CR (pooled)"
"MYH3",132.166421097807,105.114091795164,-27.0523293026425,"CR (pooled)"
"NIPSNAP2",42.3772336711216,24.7411065404355,-17.6361271306862,"CR (pooled)"
"FTH1",47.9208046312256,76.5946379894158,28.6738333581902,"CR (pooled)"
"VDAC2",25.1240165941402,13.5180319911054,-11.6059846030348,"CR (pooled)"
"ACYP2",52.963886233727,27.8265664730449,-25.1373197606821,"CR (pooled)"
"COX6C",47.0910151229146,26.3940912419701,-20.6969238809444,"CR (pooled)"
"COX5A",37.9451520275918,24.1405826886795,-13.8045693389122,"CR (pooled)"
"UQCRFS1",40.4279252074549,32.9216692468204,-7.5062559606345,"CR (pooled)"
"CYB5R3",82.9588819220204,87.481343816028,4.52246189400761,"CR (pooled)"
"HSP90AB1",21.9720403131805,23.5258960363288,1.55385572314835,"CR (pooled)"
"PCMT1",20.5070163356884,21.1690531154098,0.662036779721387,"CR (pooled)"
"PSAP",128.630722568566,60.0301143091244,-68.6006082594417,"CR (pooled)"
"ECI1",53.9763340209787,37.042687227288,-16.9336467936906,"CR (pooled)"
"CYB5R1",32.6394193247656,22.3453860024303,-10.2940333223353,"CR (pooled)"
"AAMDC",45.8869008512562,37.9609250466486,-7.92597580460767,"CR (pooled)"
"PITPNA",61.4449484922265,68.5925710381256,7.14762254589911,"CR (pooled)"
"ATP5ME",49.1140260341017,42.4427658997868,-6.67126013431488,"CR (pooled)"
"UQCRB",44.0767132697877,22.0467733548976,-22.0299399148901,"CR (pooled)"
"PHPT1",44.7703711797536,18.5841580194862,-26.1862131602674,"CR (pooled)"
"VBP1",44.0293964556239,14.5404640835377,-29.4889323720862,"CR (pooled)"
"ADH1B",127.232568872241,144.362009723057,17.1294408508163,"CR (pooled)"
"AGL",49.2255449636631,38.2566232557053,-10.9689217079579,"CR (pooled)"
"ESD",19.4825193492401,20.1352841975828,0.652764848342674,"CR (pooled)"
"LMCD1",40.5160631638212,30.1917526936825,-10.3243104701387,"CR (pooled)"
"EIF5A",39.5593185654341,33.083969061502,-6.47534950393217,"CR (pooled)"
"ATP5F1D",46.0500123616803,39.6327276741006,-6.41728468757972,"CR (pooled)"
"CD36",160.588342595281,113.217076544184,-47.3712660510976,"CR (pooled)"
"PLIN4",185.54804711579,107.097446377172,-78.450600738618,"CR (pooled)"
"TPT1",18.8073183749859,14.6908329525961,-4.11648542238981,"CR (pooled)"
"CYC1",43.371196514363,36.5396301206928,-6.83156639367015,"CR (pooled)"
"KLHL41",64.6240209058816,83.4425793498621,18.8185584439805,"CR (pooled)"
"CISD1",40.5752264888386,19.0885985788236,-21.486627910015,"CR (pooled)"
"SDHA",36.5295967779156,38.7004382510465,2.17084147313091,"CR (pooled)"
"UQCRH",42.4360583696169,70.553211463599,28.1171530939821,"CR (pooled)"
"NPEPPS",28.6541933128645,17.7291826941914,-10.9250106186731,"CR (pooled)"
"MACROD1",39.8092051188778,27.8099915430639,-11.999213575814,"CR (pooled)"
"NDRG2",33.4955880272606,23.4941890643141,-10.0013989629465,"CR (pooled)"
"RAB1B",55.9736469328418,41.7713695858002,-14.2022773470416,"CR (pooled)"
"EHD2",140.650405515564,112.861393095565,-27.7890124199988,"CR (pooled)"
"ADIRF",146.599158098335,122.891802242576,-23.7073558557584,"CR (pooled)"
"NUTF2",27.5615653424825,34.4341127587694,6.87254741628693,"CR (pooled)"
"FLNB",36.0896923436754,32.9091145946549,-3.18057774902052,"CR (pooled)"
"VCL",74.995214222581,42.5744937791332,-32.4207204434479,"CR (pooled)"
"CAV1",134.817528426527,129.565577966105,-5.25195046042163,"CR (pooled)"
"NEB",117.401212698113,172.520972310743,55.11975961263,"CR (pooled)"
"PYGL",41.5676575005779,22.7520130005488,-18.8156445000291,"CR (pooled)"
"CRAT",34.9259440105083,37.157423151986,2.23147914147766,"CR (pooled)"
"ST13",29.61020596581,29.2151020199072,-0.395103945902832,"CR (pooled)"
"AKR1C1",129.986409398088,83.7161656928923,-46.270243705196,"CR (pooled)"
"UBE2N",21.1477960985367,19.2058454601962,-1.9419506383405,"CR (pooled)"
"HSP90B1",80.3374652584028,72.4927686163566,-7.84469664204624,"CR (pooled)"
"NME2",46.846624340615,46.8073872184713,-0.0392371221437315,"CR (pooled)"
"RTN4",28.4149835915798,28.8524236418199,0.437440050240106,"CR (pooled)"
"DLST",38.375580290011,31.6970235397543,-6.67855675025675,"CR (pooled)"
"SYPL2",33.3051888348863,24.3662528262974,-8.93893600858895,"CR (pooled)"
"RAN",37.2000925420464,41.2217364492846,4.0216439072382,"CR (pooled)"
"GYG1",41.3852825634874,28.9544528932136,-12.4308296702738,"CR (pooled)"
"RNH1",27.5479626057681,38.8911976194608,11.3432350136928,"CR (pooled)"
"ADH5",57.06667417092,42.0587627926679,-15.0079113782521,"CR (pooled)"
"ACAA2",24.5121518662093,26.6829875586056,2.17083569239629,"CR (pooled)"
"YWHAZ",93.1017426203243,79.8525389738245,-13.2492036464997,"CR (pooled)"
"HSPA2",44.6612610268438,56.6466833925968,11.985422365753,"CR (pooled)"
"HSPD1",58.7531510305591,28.654145349112,-30.0990056814471,"CR (pooled)"
"ATP5PB",48.7231050682702,42.9935449211044,-5.72956014716574,"CR (pooled)"
"FLNA",98.7170502113675,54.9157760835583,-43.8012741278092,"CR (pooled)"
"KRT1",197.787598471764,80.2916690367952,-117.495929434969,"CR (pooled)"
"ARL6IP5",40.9916609550317,14.5597449380116,-26.43191601702,"CR (pooled)"
"PDHB",59.907053557719,33.2357658214118,-26.6712877363072,"CR (pooled)"
"ACTN1",82.3327845359523,129.047415869084,46.7146313331319,"CR (pooled)"
"COX6B1",44.3940712283478,52.0315284876105,7.63745725926275,"CR (pooled)"
"TUFM",28.8266803964709,23.6208479488932,-5.2058324475777,"CR (pooled)"
"HAGH",33.1639874140612,22.3441880332036,-10.8197993808576,"CR (pooled)"
"TAGLN",116.023419388983,79.6997506132835,-36.3236687756999,"CR (pooled)"
"NDUFS1",38.3806040263798,23.9141961330179,-14.4664078933619,"CR (pooled)"
"DLD",31.6758274207825,19.8690701281524,-11.8067572926301,"CR (pooled)"
"OGDH",39.1701836801709,35.4720553791103,-3.69812830106059,"CR (pooled)"
"COQ9",55.6747956682809,40.6803066845973,-14.9944889836836,"CR (pooled)"
"DLAT",48.4736914734802,25.9738940313455,-22.4997974421348,"CR (pooled)"
"COQ8A",33.5640997574217,34.9934210347052,1.42932127728356,"CR (pooled)"
"SLC25A12",39.9840372446336,25.8832210151253,-14.1008162295083,"CR (pooled)"
"FKBP3",24.5095707438956,21.8576689345166,-2.65190180937898,"CR (pooled)"
"EEF2",17.4325532511799,12.0450578221002,-5.38749542907967,"CR (pooled)"
"ACTN4",83.7023693324506,97.8405025450696,14.1381332126191,"CR (pooled)"
"PDHA1",48.9100835606531,38.8043365371624,-10.1057470234907,"CR (pooled)"
"MSN",88.5048403264857,72.1987414581363,-16.3060988683493,"CR (pooled)"
"GSTO1",39.050078787808,54.3113936922353,15.2613149044273,"CR (pooled)"
"BPGM",79.4709385307739,86.6814475756256,7.21050904485168,"CR (pooled)"
"GPD1L",44.4031574423744,39.8581074696773,-4.54504997269711,"CR (pooled)"
"SUCLA2",52.08320863617,40.1190548815908,-11.9641537545792,"CR (pooled)"
"UBA1",22.7503476399977,30.4797613320238,7.72941369202612,"CR (pooled)"
"ACADM",48.1676567435593,39.4752870483846,-8.69236969517473,"CR (pooled)"
"COMP",158.201498008345,120.60913520379,-37.5923628045547,"CR (pooled)"
"SDHB",33.8267666803195,30.5533244193863,-3.27344226093321,"CR (pooled)"
"ALDH9A1",27.3350954584806,28.6596103238958,1.32451486541519,"CR (pooled)"
"FBP1",62.2142003687006,44.8316180460609,-17.3825823226397,"CR (pooled)"
"PRELP",184.289940512655,117.947147177917,-66.3427933347376,"CR (pooled)"
"GAMT",30.7986764542622,31.6005242581716,0.801847803909403,"CR (pooled)"
"SAR1A",43.5023612976122,48.2647695201887,4.76240822257652,"CR (pooled)"
"AOC3",132.529563117627,103.011290588462,-29.5182725291656,"CR (pooled)"
"GSTM3",55.097347060855,44.3710155348132,-10.7263315260418,"CR (pooled)"
"P4HB",57.555964147022,34.3632789827434,-23.1926851642786,"CR (pooled)"
"FTL",145.746774873945,80.1449912050535,-65.6017836688913,"CR (pooled)"
"LRRC20",33.283947015958,33.3340126197083,0.0500656037503688,"CR (pooled)"
"COX7C",60.9299671154028,46.5702732223547,-14.3596938930481,"CR (pooled)"
"EHD1",99.8909702498813,90.5583773009622,-9.33259294891916,"CR (pooled)"
"SNCA",83.3738066629063,95.9463575454453,12.572550882539,"CR (pooled)"
"RAP1B",97.48935939015,73.6519447657092,-23.8374146244408,"CR (pooled)"
"YWHAB",50.396192176434,67.8258741469085,17.4296819704744,"CR (pooled)"
"H3-3A",118.127329916101,147.619161028707,29.4918311126062,"CR (pooled)"
"PPP3CA",20.6504284523441,20.0815256145027,-0.568902837841346,"CR (pooled)"
"NDUFB10",45.4499372176479,23.6995802992369,-21.750356918411,"CR (pooled)"
"S100A10",129.971236025952,87.9672511569811,-42.0039848689706,"CR (pooled)"
"ARHGDIA",60.6106016459253,60.3540133693477,-0.256588276577631,"CR (pooled)"
"GPT",42.2159527825973,45.6746466126536,3.45869383005632,"CR (pooled)"
"REEP5",32.1068303303711,27.8474049545021,-4.25942537586904,"CR (pooled)"
"ACADS",44.1342260881346,54.5078070064323,10.3735809182977,"CR (pooled)"
"ACTC1",61.1058489474979,91.7360047176212,30.6301557701233,"CR (pooled)"
"DDB1",17.4278621197736,11.3393538988394,-6.08850822093412,"CR (pooled)"
"ALDH2",89.727338351851,79.5363835192566,-10.1909548325944,"CR (pooled)"
"ALDH1A1",52.8106734960356,46.9573319096056,-5.85334158642997,"CR (pooled)"
"ACOT2",26.2703447240491,26.6127938561144,0.342449132065333,"CR (pooled)"
"GDI2",29.8044380845692,31.2879414338212,1.48350334925201,"CR (pooled)"
"PSMC1",52.6973444774342,27.7857024181374,-24.9116420592968,"CR (pooled)"
"GSTM1",76.4855938387444,94.4332189179077,17.9476250791633,"CR (pooled)"
"S100B",154.682713472131,82.3396616331992,-72.3430518389314,"CR (pooled)"
"UQCRQ",62.3844708628035,40.0438910496341,-22.3405798131694,"CR (pooled)"
"FKBP1A",44.6852523620688,16.0876961795711,-28.5975561824977,"CR (pooled)"
"OLA1",21.9876538232499,18.2660407204705,-3.72161310277936,"CR (pooled)"
"PHB2",25.9683736988604,21.7644846696327,-4.2038890292277,"CR (pooled)"
"ANXA7",16.261463248464,16.45670774346,0.195244494996057,"CR (pooled)"
"GRHPR",20.7432334490447,17.3947024295905,-3.34853101945424,"CR (pooled)"
"NDUFV2",38.8695487950391,23.5165144822123,-15.3530343128268,"CR (pooled)"
"PCBP1",23.196601308603,17.142142211685,-6.05445909691797,"CR (pooled)"
"CES1",129.159737629069,117.482339351795,-11.6773982772739,"CR (pooled)"
"WDR1",18.8108177027867,14.682812083714,-4.12800561907263,"CR (pooled)"
"ETFB",35.6762681280047,41.7175129961521,6.04124486814748,"CR (pooled)"
"DUSP3",26.9703218413345,25.3922723381306,-1.57804950320396,"CR (pooled)"
"AMPD1",53.8330368757662,42.1523454089706,-11.6806914667955,"CR (pooled)"
"PFN2",42.9377494158745,28.0532167446783,-14.8845326711962,"CR (pooled)"
"EIF4A1",26.6711985212121,33.3409321869371,6.66973366572499,"CR (pooled)"
"HSPB2",32.4197905904305,22.7780286978755,-9.64176189255508,"CR (pooled)"
"CRYM",60.2689741689597,32.2521073948237,-28.016866774136,"CR (pooled)"
"MYO6",75.527692814432,37.1859367473751,-38.341756067057,"CR (pooled)"
"SLC25A13",43.4166018044831,31.3034313886971,-12.113170415786,"CR (pooled)"
"PLN",51.7616894065281,38.2375017619572,-13.5241876445709,"CR (pooled)"
"PFKL",48.3686775947815,33.9741914662744,-14.3944861285071,"CR (pooled)"
"STOM",80.3474440136084,83.3137058763672,2.96626186275881,"CR (pooled)"
"PPP3R1",15.8036106193986,22.1657826612971,6.36217204189856,"CR (pooled)"
"HSPA9",32.6321578063737,26.4934325152449,-6.13872529112888,"CR (pooled)"
"UBE2D3",34.5577414976217,37.4438933066121,2.88615180899031,"CR (pooled)"
"PRKAR1A",30.0804663217442,17.6197171222281,-12.4607491995162,"CR (pooled)"
"ARF1",59.0858653558379,41.1089322976222,-17.9769330582157,"CR (pooled)"
"SUCLG1",52.5790358014973,39.0006803053963,-13.5783554961011,"CR (pooled)"
"TALDO1",54.9953040977165,52.7346724435898,-2.26063165412675,"CR (pooled)"
"HSDL2",32.9799855639158,45.9672120176254,12.9872264537096,"CR (pooled)"
"FABP5",128.298150523927,38.4501020253233,-89.8480484986035,"CR (pooled)"
"CZIB",28.4055543847551,26.264972688281,-2.14058169647408,"CR (pooled)"
"S100A13",101.600868244705,54.2595342944756,-47.3413339502292,"CR (pooled)"
"SMPX",35.080553994318,55.6385122057544,20.5579582114364,"CR (pooled)"
"PCBD2",35.2242910503323,27.022611751791,-8.20167929854125,"CR (pooled)"
"PREP",33.1384816369099,26.4001822856513,-6.7382993512586,"CR (pooled)"
"SKP1",31.0598456583354,34.4038893562497,3.34404369791427,"CR (pooled)"
"RPL7",43.0324117597788,34.8302798580407,-8.20213190173818,"CR (pooled)"
"HIBADH",36.5029703773948,28.8314403912213,-7.67152998617349,"CR (pooled)"
"EEF1D",25.6112534325473,20.438019727129,-5.17323370541838,"CR (pooled)"
"FMOD",149.55965780644,128.16284004056,-21.3968177658806,"CR (pooled)"
"VCP",28.9220024377032,29.2370708738575,0.315068436154238,"CR (pooled)"
"PNP",89.6010274083965,65.4041083108141,-24.1969190975824,"CR (pooled)"
"PBXIP1",28.7163337555319,30.8666451328801,2.15031137734819,"CR (pooled)"
"MYOZ1",139.566362767166,164.726098022456,25.1597352552898,"CR (pooled)"
"CDC42",59.0179602416588,28.2869641127807,-30.7309961288782,"CR (pooled)"
"ALAD",78.7098887679752,81.3576444066762,2.64775563870106,"CR (pooled)"
"CRIP1",157.813463602139,82.7639835753386,-75.0494800268004,"CR (pooled)"
"IDH3A",41.4948766364514,40.6884463515093,-0.806430284942138,"CR (pooled)"
"NDUFV1",48.1376989143508,30.9918337017252,-17.1458652126256,"CR (pooled)"
"HIBCH",45.8557442158225,39.5025352997794,-6.35320891604307,"CR (pooled)"
"PRKACA",23.5934235911051,15.6386434404149,-7.95478015069027,"CR (pooled)"
"AIFM1",34.8156545800694,27.1446412312274,-7.67101334884203,"CR (pooled)"
"SLC25A11",64.5291331448462,50.8815171343199,-13.6476160105263,"CR (pooled)"
"KRT10",215.378645216083,99.3956690332973,-115.982976182786,"CR (pooled)"
"MYOM1",45.4751667873289,98.5190946343039,53.0439278469751,"CR (pooled)"
"FUNDC2",46.4046247062238,36.6952246981505,-9.7094000080733,"CR (pooled)"
"AKR1C3",84.2104213155114,75.8062915514528,-8.40412976405861,"CR (pooled)"
"DES",123.859296001322,177.835160392913,53.9758643915911,"CR (pooled)"
"NAPA",26.2487000914602,30.0646114980929,3.8159114066327,"CR (pooled)"
"HSPE1",49.8657788467315,44.5792938724464,-5.28648497428514,"CR (pooled)"
"ADPRHL1",51.7775282514416,43.9507394473556,-7.82678880408601,"CR (pooled)"
"NDUFA9",49.9817766770368,35.5326008123517,-14.449175864685,"CR (pooled)"
"PACSIN3",30.2840064154751,26.6016356086262,-3.68237080684892,"CR (pooled)"
"COASY",31.0176858596873,36.7954260563661,5.77774019667881,"CR (pooled)"
"NDUFA10",48.8868526226847,29.856632398846,-19.0302202238387,"CR (pooled)"
"CCT3",21.5426194005336,23.9468375787739,2.40421817824023,"CR (pooled)"
"MGST3",31.0591613473865,35.6520742623789,4.59291291499243,"CR (pooled)"
"MYH9",84.6746914073662,45.2836419283288,-39.3910494790374,"CR (pooled)"
"CACNA2D1",30.7668085941973,21.9194317923687,-8.84737680182859,"CR (pooled)"
"LTA4H",14.7679609198735,12.7946190336565,-1.97334188621703,"CR (pooled)"
"AK3",54.4903251474313,55.8390237205833,1.34869857315196,"CR (pooled)"
"HNRNPK",41.7069622301694,44.4796362483979,2.77267401822855,"CR (pooled)"
"MYOT",51.2375570500125,118.5355529252,67.2979958751878,"CR (pooled)"
"CSRP1",89.6840988946761,49.5578549566723,-40.1262439380037,"CR (pooled)"
"RNPEP",35.6068018298029,27.6555424673286,-7.95125936247436,"CR (pooled)"
"GYS1",45.4402459158059,43.7223470652441,-1.7178988505618,"CR (pooled)"
"NDUFA5",48.1447786218013,27.9331037272159,-20.2116748945854,"CR (pooled)"
"IMMT",49.6148844676237,37.3829984263898,-12.2318860412339,"CR (pooled)"
"SMTNL1",50.0467415483717,41.7057467511662,-8.34099479720555,"CR (pooled)"
"NT5C3A",36.1456626800143,35.3594388879795,-0.786223792034853,"CR (pooled)"
"ANK1",92.1808967217991,76.1901696492545,-15.9907270725446,"CR (pooled)"
"KRT19",135.791466922181,40.87975981816,-94.9117071040209,"CR (pooled)"
"ATP5PF",52.3472359406399,35.2743213113511,-17.0729146292888,"CR (pooled)"
"EEF1B2",48.6080088683604,22.8191046964269,-25.7889041719335,"CR (pooled)"
"RAB5C",49.0228093288105,38.9778127431298,-10.0449965856807,"CR (pooled)"
"NDUFA13",62.2025175010784,42.2323005920846,-19.9702169089938,"CR (pooled)"
"PSMA5",27.4865319118446,26.8669875779216,-0.61954433392296,"CR (pooled)"
"CAP2",36.979712723714,28.7736356790169,-8.20607704469713,"CR (pooled)"
"S100A11",121.446901753031,70.9950682989729,-50.4518334540578,"CR (pooled)"
"NDUFB3",51.9514822505584,28.3592471494585,-23.5922351011,"CR (pooled)"
"HMGB1",38.4070276792547,35.1862772643566,-3.22075041489809,"CR (pooled)"
"PPP2R1A",21.552006884041,20.5601324493212,-0.991874434719858,"CR (pooled)"
"EPHX1",72.3699760878089,30.6980368197058,-41.6719392681031,"CR (pooled)"
"RHCE",62.8384262236869,62.6690804417803,-0.169345781906564,"CR (pooled)"
"SLC2A1",87.1991503471772,71.3178322163744,-15.8813181308028,"CR (pooled)"
"PRKAR2A",30.8898597767352,22.0478929950588,-8.8419667816764,"CR (pooled)"
"UBE2L3",38.2418810710402,35.1640700147732,-3.07781105626699,"CR (pooled)"
"PCYOX1",27.2734792305378,27.9354787038816,0.661999473343776,"CR (pooled)"
"FHL3",66.7111739927424,51.8481882623782,-14.8629857303642,"CR (pooled)"
"LMNA",87.6587357168106,84.1831050811848,-3.47563063562572,"CR (pooled)"
"GARNL3",81.0091632711966,46.5601176948211,-34.4490455763755,"CR (pooled)"
"NDUFAB1",44.1025264433334,33.2545205180885,-10.8480059252448,"CR (pooled)"
"UBE2D1",48.5234312329753,43.6054110119125,-4.91802022106273,"CR (pooled)"
"ADSL",26.2869360211373,24.1971335530243,-2.08980246811299,"CR (pooled)"
"CBR1",37.3387648470561,32.8201451641133,-4.51861968294283,"CR (pooled)"
"PGD",69.999864483512,57.4815651053823,-12.5182993781297,"CR (pooled)"
"USP14",27.7630601754162,25.95715721171,-1.80590296370612,"CR (pooled)"
"DPYSL2",78.876948805038,53.393078272083,-25.4838705329549,"CR (pooled)"
"RACK1",23.2416313698352,26.1991514374796,2.95752006764442,"CR (pooled)"
"AMPD3",57.8462393974232,39.3066714654979,-18.5395679319253,"CR (pooled)"
"ABHD14B",42.598635774008,26.7911497379683,-15.8074860360398,"CR (pooled)"
"BCAT2",49.1157523502005,48.2954835232267,-0.820268826973781,"CR (pooled)"
"TAGLN2",94.540352135436,61.2587926140144,-33.2815595214216,"CR (pooled)"
"RPLP2",91.9603593961116,38.2103202737029,-53.7500391224087,"CR (pooled)"
"TWF2",32.5064956269912,20.9274237404991,-11.5790718864922,"CR (pooled)"
"PSMA7",28.4115843322101,27.9094058190167,-0.502178513193343,"CR (pooled)"
"HK1",27.5175313467712,19.4995323727639,-8.01799897400734,"CR (pooled)"
"PSMA4",27.2393810404042,28.49714013885,1.25775909844577,"CR (pooled)"
"MYBPC2",85.2467257037698,114.959606344843,29.7128806410728,"CR (pooled)"
"NDUFA6",56.0558863585931,38.4168482007482,-17.6390381578449,"CR (pooled)"
"ANXA11",22.9395239581714,20.9454480914826,-1.9940758666888,"CR (pooled)"
"STAC3",41.3890328758281,40.0105137279292,-1.37851914789893,"CR (pooled)"
"NIPSNAP3B",49.9138205942142,49.5961463248665,-0.317674269347648,"CR (pooled)"
"AHCY",21.2519862544529,21.2270123015331,-0.0249739529197655,"CR (pooled)"
"NDUFB4",67.7156280233401,39.8582980088101,-27.8573300145299,"CR (pooled)"
"NDUFS3",46.6499027299059,32.6483484611419,-14.0015542687639,"CR (pooled)"
"ALDH4A1",29.3463955202127,34.3306956223157,4.98430010210298,"CR (pooled)"
"PSMA2",39.8638939614312,39.1356515023131,-0.728242459118022,"CR (pooled)"
"TRARG1",122.237884440821,76.739412760083,-45.4984716807377,"CR (pooled)"
"MYL6B",109.166499059632,111.829801412089,2.66330235245768,"CR (pooled)"
"UBE2V2",22.4362367153956,17.6992766896355,-4.73696002576016,"CR (pooled)"
"DDAH1",54.3074899474973,41.2806943370884,-13.0267956104089,"CR (pooled)"
"SDHC",67.1468543516501,40.8826767860612,-26.2641775655889,"CR (pooled)"
"SRI",64.710927379089,85.7765369048719,21.0656095257829,"CR (pooled)"
"COL1A1",121.192310739008,129.640568104719,8.44825736571082,"CR (pooled)"
"HRC",32.827769520439,27.8535316357374,-4.97423788470161,"CR (pooled)"
"CD59",28.3732928438059,24.7358318356761,-3.63746100812982,"CR (pooled)"
"PDLIM1",29.394703207678,31.3470268974198,1.95232368974182,"CR (pooled)"
"STIP1",19.7521430716124,21.023006662502,1.27086359088951,"CR (pooled)"
"CAPZA1",79.6317829701373,45.9079386368882,-33.7238443332492,"CR (pooled)"
"OGN",111.145189604731,76.5639384834701,-34.5812511212606,"CR (pooled)"
"EIF4A2",30.0794814531872,17.2061955991943,-12.8732858539929,"CR (pooled)"
"SURF4",47.7662342367,31.2697142824277,-16.4965199542723,"CR (pooled)"
"CAPNS1",30.2772053423763,28.3070790081414,-1.97012633423493,"CR (pooled)"
"HNRNPA2B1",73.7312535313763,38.8154742154727,-34.9157793159036,"CR (pooled)"
"CACYBP",42.8970622461693,31.565459757518,-11.3316024886514,"CR (pooled)"
"PSMA6",31.7706420038708,21.8631878402292,-9.90745416364159,"CR (pooled)"
"THBS4",132.356587210039,102.552028148928,-29.8045590611106,"CR (pooled)"
"ALDH5A1",47.7220400024518,37.1015992453377,-10.6204407571141,"CR (pooled)"
"PSMF1",50.5690389920201,66.5803069585268,16.0112679665067,"CR (pooled)"
"FIS1",34.1102563223248,35.2380368265596,1.12778050423488,"CR (pooled)"
"PDIA3",96.1540384866432,55.7471097678649,-40.4069287187783,"CR (pooled)"
"COL6A3",132.045419105837,159.605761337746,27.5603422319089,"CR (pooled)"
"MAOB",36.2612635097532,27.3456009079395,-8.91566260181369,"CR (pooled)"
"TKT",108.479504007215,106.768005527866,-1.7114984793494,"CR (pooled)"
"NDUFA2",47.3127642546194,35.8897067905238,-11.4230574640956,"CR (pooled)"
"APEH",34.7475897132673,24.9280038337303,-9.81958587953702,"CR (pooled)"
"RHOA",61.1351101552551,33.5634488741407,-27.5716612811144,"CR (pooled)"
"TCAP",33.8916511780297,103.3532047075,69.4615535294704,"CR (pooled)"
"HSPA5",59.8126952479132,25.3460336156881,-34.4666616322251,"CR (pooled)"
"RYR1",34.347731389659,33.4988453980791,-0.84888599157982,"CR (pooled)"
"CAVIN2",140.956454430565,66.793239966671,-74.1632144638945,"CR (pooled)"
"TMEM109",20.9670697051553,33.0381460478061,12.0710763426507,"CR (pooled)"
"PDHX",64.8787950799059,38.403325261803,-26.4754698181028,"CR (pooled)"
"IDH1",59.6276819102162,59.8907963510488,0.263114440832595,"CR (pooled)"
"ANP32A",39.5147467876642,57.8637757361489,18.3490289484847,"CR (pooled)"
"PRXL2A",120.845861633807,82.3044424871142,-38.5414191466931,"CR (pooled)"
"CANX",43.3548573009348,32.9082388364741,-10.4466184644607,"CR (pooled)"
"KRT8",106.21330581487,78.3204802269729,-27.8928255878969,"CR (pooled)"
"EEF1G",26.2442666522603,16.5512101529345,-9.69305649932582,"CR (pooled)"
"HEBP2",20.3489437599136,18.4276612774865,-1.92128248242711,"CR (pooled)"
"CCT2",24.319514022339,23.3869678086821,-0.932546213656895,"CR (pooled)"
"MYLK",38.03042821537,36.1023048200964,-1.92812339527361,"CR (pooled)"
"RAB7A",43.8577736617703,20.6895417436612,-23.1682319181091,"CR (pooled)"
"PLIN3",22.2630124406198,20.3777594885299,-1.88525295208991,"CR (pooled)"
"LAP3",44.8674787473784,41.9894350453996,-2.87804370197883,"CR (pooled)"
"WARS1",18.1867460172967,18.7326447558874,0.545898738590658,"CR (pooled)"
"MAP4",65.1189390677465,20.3323081991105,-44.786630868636,"CR (pooled)"
"ACP1",21.746041404806,21.5487882412326,-0.197253163573432,"CR (pooled)"
"COL6A1",125.954391694836,174.505532727801,48.5511410329651,"CR (pooled)"
"ACTN3",173.9506654557,186.300342802262,12.3496773465624,"CR (pooled)"
"CAMK2D",32.039473417311,20.0749073905636,-11.9645660267474,"CR (pooled)"
"SPTB",91.160387220949,61.7590220911371,-29.4013651298118,"CR (pooled)"
"MPI",33.2966035572446,23.6444334418416,-9.65217011540294,"CR (pooled)"
"ANK2",35.8221884700987,24.1961210345182,-11.6260674355805,"CR (pooled)"
"RAB10",27.1125932646441,29.7630517709718,2.65045850632775,"CR (pooled)"
"HP1BP3",31.6557595582129,46.9399272504823,15.2841676922694,"CR (pooled)"
"MYL12B",56.2422245061341,26.6349941463228,-29.6072303598113,"CR (pooled)"
"PTGES3",20.7585455057766,16.055350075473,-4.70319543030356,"CR (pooled)"
"CRKL",22.6424643149073,15.060513889255,-7.58195042565226,"CR (pooled)"
"PSMA3",27.3011795402695,23.4933573261942,-3.8078222140753,"CR (pooled)"
"DYSF",36.73793692486,27.8014991642344,-8.9364377606257,"CR (pooled)"
"FASN",88.52262823373,162.357521547606,73.8348933138763,"CR (pooled)"
"DDT",44.5954032264925,52.8710505181827,8.2756472916903,"CR (pooled)"
"GNAI2",85.7890698262097,54.6157612595772,-31.1733085666326,"CR (pooled)"
"MUSTN1",61.1758589394346,46.9929960031105,-14.1828629363241,"CR (pooled)"
"NDUFA8",54.5764834060083,40.4660239463913,-14.1104594596169,"CR (pooled)"
"TCP1",25.1608379486383,19.3283352769784,-5.83250267165987,"CR (pooled)"
"PSMB1",16.3117363864158,23.5303791402221,7.21864275380629,"CR (pooled)"
"NEDD8",34.6651751898614,22.015668782854,-12.6495064070073,"CR (pooled)"
"RPS16",37.5906284713835,26.3831325329199,-11.2074959384636,"CR (pooled)"
"SPTAN1",108.384432361593,54.6395499213602,-53.7448824402324,"CR (pooled)"
"TUBA8",56.145087360105,29.9934941174178,-26.1515932426873,"CR (pooled)"
"TLN1",79.6172875526432,48.1924323751438,-31.4248551774994,"CR (pooled)"
"DCXR",46.4957757744768,59.4649877864324,12.9692120119555,"CR (pooled)"
"CAV2",122.082034653387,106.189986867628,-15.8920477857585,"CR (pooled)"
"TMEM43",48.9685319015571,34.5763408950019,-14.3921910065552,"CR (pooled)"
"ACOT13",40.4715137599159,58.0499442400454,17.5784304801295,"CR (pooled)"
"MTPN",36.0371317252204,21.5228006920535,-14.5143310331669,"CR (pooled)"
"AK2",39.313844305131,27.9485326190803,-11.3653116860507,"CR (pooled)"
"CPT1B",37.1229484393514,46.8339303442038,9.71098190485239,"CR (pooled)"
"IDH3B",39.9343989197494,30.2146680440121,-9.7197308757373,"CR (pooled)"
"RPS25",49.0859028855331,30.1965217539855,-18.8893811315476,"CR (pooled)"
"GPX1",40.8021572620457,24.9376613482872,-15.8644959137585,"CR (pooled)"
"ACACA",65.5692562039003,57.6280698929466,-7.94118631095368,"CR (pooled)"
"PSMC6",27.8108627931692,23.4485728411563,-4.36228995201295,"CR (pooled)"
"ASPN",119.875814266089,82.0053345943188,-37.8704796717707,"CR (pooled)"
"CAPN1",24.21603841051,11.2762893739705,-12.9397490365395,"CR (pooled)"
"SDHD",57.7958273361179,63.614558777908,5.81873144179009,"CR (pooled)"
"PRKCSH",86.2467161456634,38.3013346999525,-47.9453814457108,"CR (pooled)"
"NDUFB1",54.6131501924092,28.560872085595,-26.0522781068142,"CR (pooled)"
"COL1A2",140.979155965381,225.260272573277,84.2811166078966,"CR (pooled)"
"RPLP1",63.2740460800344,34.0587404631471,-29.2153056168873,"CR (pooled)"
"GLUD1",56.5472810131553,39.9269022538241,-16.6203787593312,"CR (pooled)"
"VAT1",89.4337443583681,62.8765340863799,-26.5572102719882,"CR (pooled)"
"RPL14",32.8198212837772,55.9932214271627,23.1734001433855,"CR (pooled)"
"MYOC",122.684556939441,134.667378306297,11.9828213668567,"CR (pooled)"
"EIF4H",30.3403639402112,14.2603132837231,-16.0800506564881,"CR (pooled)"
"GNG2",84.0231206045819,70.2979851845077,-13.7251354200742,"CR (pooled)"
"SMYD1",37.0517606474069,56.1068075481561,19.0550469007493,"CR (pooled)"
"ECI2",56.9888117224978,62.5390813207705,5.55026959827265,"CR (pooled)"
"UBE2V1",41.7441768366554,29.9626779107455,-11.7814989259099,"CR (pooled)"
"CAP1",67.8662912088966,63.5327681760082,-4.33352303288836,"CR (pooled)"
"DGLUCY",58.13311406807,54.8015217148254,-3.33159235324462,"CR (pooled)"
"DSTN",62.096342859324,32.5006791889881,-29.5956636703359,"CR (pooled)"
"ETFDH",46.8427488466954,46.9722069698394,0.129458123144047,"CR (pooled)"
"UCHL1",58.3267481869083,35.0460282851622,-23.2807199017462,"CR (pooled)"
"CRYZ",27.6992635159753,28.7308941774759,1.03163066150059,"CR (pooled)"
"DHRS7",28.0334815509479,21.6704311591013,-6.36305039184661,"CR (pooled)"
"CD81",113.374805519646,100.605307098662,-12.769498420984,"CR (pooled)"
"IPO5",28.7717182082529,19.3808193578767,-9.39089885037625,"CR (pooled)"
"MFAP4",197.815128318515,91.0981321732385,-106.716996145277,"CR (pooled)"
"BANF1",48.4868205234298,33.5462147462639,-14.9406057771659,"CR (pooled)"
"PPP2CA",28.3239287370999,19.0393825092384,-9.28454622786147,"CR (pooled)"
"GPD2",40.0826878001163,26.5500960659716,-13.5325917341447,"CR (pooled)"
"DPYSL3",45.2734373714198,35.5134688030983,-9.75996856832148,"CR (pooled)"
"AKR7A2",29.4743155335093,16.6607693574326,-12.8135461760767,"CR (pooled)"
"IARS2",39.6509457398618,32.8833630794776,-6.76758266038417,"CR (pooled)"
"NSFL1C",21.4925031893414,14.2119771626278,-7.28052602671358,"CR (pooled)"
"RPL22",33.9329741824134,23.4668349585445,-10.4661392238689,"CR (pooled)"
"METTL7A",36.7131542459456,33.4447045944152,-3.26844965153046,"CR (pooled)"
"GNB1",70.9307316506901,57.3523011723078,-13.5784304783823,"CR (pooled)"
"SERPINH1",35.4827081626504,55.122954883973,19.6402467213226,"CR (pooled)"
"PGP",34.1561272287291,25.529716874643,-8.62641035408614,"CR (pooled)"
"CLTC",57.4569986618316,40.7526558357677,-16.7043428260639,"CR (pooled)"
"ATP1A2",42.5164592417386,31.6286840521032,-10.8877751896354,"CR (pooled)"
"MGST1",80.7536359370767,71.4242617723329,-9.32937416474378,"CR (pooled)"
"RAD23A",21.3980950288548,32.6854036154284,11.2873085865736,"CR (pooled)"
"SERPINB6",23.5307785782739,21.2100753070238,-2.32070327125015,"CR (pooled)"
"ATIC",23.1062762822391,20.2337502419291,-2.87252604030998,"CR (pooled)"
"LRPPRC",33.769522005489,37.4983042203287,3.7287822148397,"CR (pooled)"
"NQO2",45.6105179636968,35.6129305609123,-9.9975874027845,"CR (pooled)"
"PPP1R1A",24.1410322354072,33.9520714726426,9.81103923723537,"CR (pooled)"
"ADSS2",44.4735603683989,35.5358649240813,-8.93769544431761,"CR (pooled)"
"FAM162A",61.9726032794075,45.2240954660283,-16.7485078133792,"CR (pooled)"
"CAV3",47.4058794676366,40.3678569985077,-7.03802246912883,"CR (pooled)"
"PSMA1",22.0369324825712,19.8346491832928,-2.20228329927842,"CR (pooled)"
"NDUFS6",51.6645105325859,35.0419954774638,-16.622515055122,"CR (pooled)"
"ANXA4",72.9477060281255,50.1005226807056,-22.8471833474199,"CR (pooled)"
"RPL5",30.6206765207117,31.1375075122219,0.516830991510229,"CR (pooled)"
"ATP5IF1",55.1125890629505,86.6001810554031,31.4875919924526,"CR (pooled)"
"SH3BGR",45.6283679162725,39.3217655719135,-6.30660234435891,"CR (pooled)"
"IMPA2",50.4072382513627,39.0634814058523,-11.3437568455104,"CR (pooled)"
"DYNLL2",37.6026593062017,36.1064658263306,-1.49619347987114,"CR (pooled)"
"LAMA4",109.021294851441,36.6737114878314,-72.3475833636098,"CR (pooled)"
"RAB6A",37.6671170612015,38.5521429358263,0.885025874624851,"CR (pooled)"
"RPS3",19.0544621803862,26.6692333854466,7.6147712050604,"CR (pooled)"
"GFM1",42.0344867561656,34.2158144124233,-7.8186723437423,"CR (pooled)"
"ATP1A1",38.0435428267381,19.1539418002872,-18.8896010264509,"CR (pooled)"
"RAD23B",21.3486796892706,15.1775193961101,-6.1711602931605,"CR (pooled)"
"KRT2",179.81933883579,91.8282308393714,-87.9911079964189,"CR (pooled)"
"TACO1",61.8437563718687,112.633589716068,50.7898333441989,"CR (pooled)"
"PSMB2",26.9525982353413,16.8978377266932,-10.0547605086481,"CR (pooled)"
"CNN1",82.5477985735716,81.8303945112145,-0.717404062357105,"CR (pooled)"
"ME1",26.988866897907,24.0817419404325,-2.90712495747454,"CR (pooled)"
"NONO",41.5216426193929,49.314607546178,7.7929649267851,"CR (pooled)"
"HINT2",55.6711873190609,56.6664108364034,0.99522351734246,"CR (pooled)"
"CAVIN3",119.099650631531,72.4115839187268,-46.6880667128038,"CR (pooled)"
"NDUFS7",56.3109759649771,68.8934896446107,12.5825136796336,"CR (pooled)"
"PHKA1",41.825285810719,29.8899013500319,-11.9353844606871,"CR (pooled)"
"CHCHD3",51.3984643260968,36.75136423751,-14.6471000885868,"CR (pooled)"
"CAVIN4",41.7814706423127,35.1447516933482,-6.63671894896453,"CR (pooled)"
"CAB39",37.3609621010594,27.4520526196051,-9.90890948145431,"CR (pooled)"
"GLRX5",56.1673527378582,50.0848162629709,-6.0825364748873,"CR (pooled)"
"ACO1",37.33973663345,28.6778142389846,-8.66192239446539,"CR (pooled)"
"BSG",25.6167070543178,19.7563399586445,-5.86036709567332,"CR (pooled)"
"PLS3",85.5164161640883,56.6853275096803,-28.831088654408,"CR (pooled)"
"TUBB2A",108.233006851317,48.1153766860345,-60.1176301652827,"CR (pooled)"
"GPX4",50.8368679089848,32.0711826352811,-18.7656852737038,"CR (pooled)"
"FHOD1",34.9004743507815,24.4127382626189,-10.4877360881626,"CR (pooled)"
"PRPS1",43.5771251492583,34.959679991832,-8.61744515742635,"CR (pooled)"
"MICOS13",60.4251242167128,72.2520684820756,11.8269442653629,"CR (pooled)"
"PCBD1",28.9307355105095,28.9346894939084,0.00395398339884778,"CR (pooled)"
"FKBP2",43.2557348642082,28.1174052541962,-15.138329610012,"CR (pooled)"
"PTGR2",47.206845917408,36.4834781022676,-10.7233678151404,"CR (pooled)"
"ISOC2",42.3841929432014,46.7976747036746,4.41348176047315,"CR (pooled)"
"KPNB1",24.2783792865055,25.4817186835874,1.20333939708189,"CR (pooled)"
"NDUFS2",49.4677307106471,40.6020126097377,-8.86571810090947,"CR (pooled)"
"TBCA",41.1976505609219,40.0343538131223,-1.16329674779966,"CR (pooled)"
"NAP1L4",19.8600280410218,18.5444059665294,-1.31562207449241,"CR (pooled)"
"CPT2",44.6981593164516,31.1848545190773,-13.5133047973743,"CR (pooled)"
"MYH4",147.072449012277,118.794996883643,-28.2774521286348,"CR (pooled)"
"CCT6A",30.5301759667892,14.9164145161893,-15.6137614505999,"CR (pooled)"
"MAP2K3",43.3915536673249,36.9018424843967,-6.48971118292821,"CR (pooled)"
"TOLLIP",31.6193258645875,27.7621923507623,-3.85713351382525,"CR (pooled)"
"APOOL",59.2191251768479,45.5472603727514,-13.6718648040965,"CR (pooled)"
"CACNB3",22.6217059920141,35.4550964708586,12.8333904788445,"CR (pooled)"
"GSR",27.9399669291713,25.9918594668737,-1.94810746229765,"CR (pooled)"
"PSMB4",29.1599745507393,23.769360834194,-5.3906137165453,"CR (pooled)"
"FAH",74.0072127096435,68.3580755258373,-5.64913718380626,"CR (pooled)"
"DPT",40.3713557498484,64.3088495780587,23.9374938282103,"CR (pooled)"
"CILP",95.6668467781524,107.186266441519,11.5194196633662,"CR (pooled)"
"ITGB1",81.6921862728052,47.1880296891883,-34.5041565836169,"CR (pooled)"
"KLHL40",64.8933697406332,74.5155831903172,9.62221344968403,"CR (pooled)"
"CAND2",36.6460039933427,32.3396744325723,-4.3063295607704,"CR (pooled)"
"RAB11B",57.4660980280998,47.6859088932798,-9.78018913481998,"CR (pooled)"
"PPP1CB",34.2527535939692,23.6323159468572,-10.620437647112,"CR (pooled)"
"RIDA",32.4257483466802,23.3989598075568,-9.02678853912334,"CR (pooled)"
"APRT",39.6717040547592,38.5650189739635,-1.10668508079573,"CR (pooled)"
"MTHFD1",22.3938218501621,18.8980093207229,-3.4958125294392,"CR (pooled)"
"NDUFB9",59.6844586318476,34.9633783276158,-24.7210803042318,"CR (pooled)"
"HSPA4",18.8963164918703,9.68964205445423,-9.20667443741606,"CR (pooled)"
"MCAM",81.6181241147697,75.9978132067654,-5.6203109080043,"CR (pooled)"
"ADPRH",69.9920468706019,55.9660185914648,-14.0260282791371,"CR (pooled)"
"RDX",32.97376164275,20.0545834808895,-12.9191781618605,"CR (pooled)"
"IMPA1",37.9714096576622,30.3644142383081,-7.60699541935411,"CR (pooled)"
"EIF3K",42.8632031809536,41.9219515019371,-0.941251679016496,"CR (pooled)"
"PSMB5",32.7326096720956,23.2834354420519,-9.44917423004374,"CR (pooled)"
"STBD1",52.6147645002915,33.6022924259958,-19.0124720742957,"CR (pooled)"
"COL6A2",101.168196275222,189.189867905823,88.0216716306014,"CR (pooled)"
"NOL3",40.074369991078,36.8382857856478,-3.2360842054302,"CR (pooled)"
"GSTK1",41.4132029121249,27.216538342078,-14.1966645700469,"CR (pooled)"
"RPS20",42.0225060439477,32.6379197032962,-9.38458634065154,"CR (pooled)"
"LANCL1",27.6671508568331,22.3261059853504,-5.34104487148272,"CR (pooled)"
"MT-CO1",54.3071558424352,36.331603531759,-17.9755523106762,"CR (pooled)"
"MYH13",91.4102073034346,175.536786942443,84.1265796390085,"CR (pooled)"
"RPS10",55.3914935742562,50.3948481002647,-4.99664547399153,"CR (pooled)"
"AKR1C2",90.0986070119589,78.7782289230687,-11.3203780888902,"CR (pooled)"
"FARSB",22.5046648313117,18.2012970178456,-4.30336781346608,"CR (pooled)"
"LIPE",71.5409929840156,87.93568262072,16.3946896367044,"CR (pooled)"
"PLEC",30.2049977894986,86.832283728835,56.6272859393364,"CR (pooled)"
"MTCH2",30.1568386195589,20.3932881374057,-9.7635504821531,"CR (pooled)"
"GLOD4",18.7069543093446,18.8106984950013,0.103744185656673,"CR (pooled)"
"SAR1B",49.2654574308922,45.0778511203141,-4.18760631057811,"CR (pooled)"
"CALR",53.3648248771541,36.6534756066273,-16.7113492705268,"CR (pooled)"
"SAMM50",65.4037355465388,43.9878444265116,-21.4158911200273,"CR (pooled)"
"GNPDA1",25.3023894505748,15.9298396800043,-9.37254977057051,"CR (pooled)"
"RPS9",29.4577827308948,32.7232950612477,3.2655123303529,"CR (pooled)"
"TMEM11",41.404403626648,25.5392614149895,-15.8651422116585,"CR (pooled)"
"TNMD",56.8763376415124,133.196978764846,76.3206411233337,"CR (pooled)"
"PPA1",52.3855508458796,18.5901080873591,-33.7954427585205,"CR (pooled)"
"LYPLA1",44.0679977363628,31.674868119391,-12.3931296169718,"CR (pooled)"
"CYB5A",153.650376430691,88.4793969639832,-65.1709794667073,"CR (pooled)"
"USP5",21.8121025630317,26.5182920036942,4.70618944066245,"CR (pooled)"
"PDLIM7",31.1528876696304,96.6790977088464,65.526210039216,"CR (pooled)"
"C11orf54",47.7289381614261,35.9779722512176,-11.7509659102085,"CR (pooled)"
"RPS15A",27.0337967901831,32.4075190017628,5.37372221157969,"CR (pooled)"
"RAC1",21.4686640019426,23.8016413529588,2.33297735101615,"CR (pooled)"
"CUTC",41.1316094411759,33.5124400084721,-7.61916943270379,"CR (pooled)"
"TXNDC17",21.8194352591614,20.3836993974431,-1.4357358617183,"CR (pooled)"
"MYOZ2",88.0659782672224,108.79424032453,20.7282620573076,"CR (pooled)"
"ATL3",66.6521359238072,85.7583637372482,19.106227813441,"CR (pooled)"
"RPSA",18.3685796350156,25.9906264667187,7.62204683170311,"CR (pooled)"
"PPP1CA",33.2667703525238,26.4394200499858,-6.82735030253804,"CR (pooled)"
"XIRP1",51.4938984336472,55.3985409921202,3.90464255847303,"CR (pooled)"
"TMA7",57.3475250719265,33.4174082633223,-23.9301168086042,"CR (pooled)"
"BGN",127.51095686443,82.521703841196,-44.9892530232335,"CR (pooled)"
"TUBB6",97.9040282814976,74.9237815980369,-22.9802466834607,"CR (pooled)"
"MPC2",48.5265273808725,53.5695425766634,5.04301519579089,"CR (pooled)"
"CCT4",21.3979316241365,18.7315580326964,-2.66637359144003,"CR (pooled)"
"PSMB6",27.6770397104352,28.3483540809619,0.671314370526673,"CR (pooled)"
"CUL5",41.0702756595928,23.5045386288048,-17.565737030788,"CR (pooled)"
"SBDS",43.1770179122511,25.0745294245318,-18.1024884877193,"CR (pooled)"
"RPL23A",49.8305313213509,32.8259324011711,-17.0045989201798,"CR (pooled)"
"BAG3",34.3428887742237,57.011141102324,22.6682523281003,"CR (pooled)"
"ATP1B1",46.8294712567864,30.8846486584889,-15.9448225982975,"CR (pooled)"
"NCL",44.0454800912581,33.9139754587522,-10.1315046325058,"CR (pooled)"
"CLIC5",40.8599799737979,29.6345889158007,-11.2253910579972,"CR (pooled)"
"PSME1",42.595734582584,25.943899649852,-16.6518349327319,"CR (pooled)"
"RPS3A",17.6299297485645,17.8786675808458,0.248737832281272,"CR (pooled)"
"CCT8",22.3003441482436,15.8040417193116,-6.49630242893194,"CR (pooled)"
"EIF4G1",33.6779164274023,20.8798463062842,-12.7980701211181,"CR (pooled)"
"VAPA",27.3223614811507,34.0609430595789,6.73858157842815,"CR (pooled)"
"GCSH",44.6180098132259,51.2552671423161,6.63725732909028,"CR (pooled)"
"EPB41",87.1802047986524,64.154977330161,-23.0252274684915,"CR (pooled)"
"NME1",39.1278033578308,33.5971432645349,-5.53066009329589,"CR (pooled)"
"CD9",116.917262946875,89.9018942580518,-27.0153686888234,"CR (pooled)"
"MAP2K6",35.784316880073,24.4057071125115,-11.3786097675615,"CR (pooled)"
"CCT5",23.0299341560152,19.0058483623203,-4.02408579369487,"CR (pooled)"
"GDI1",24.4385318883145,21.8945643616791,-2.54396752663542,"CR (pooled)"
"NAXD",37.6486727307645,34.6288356873974,-3.01983704336707,"CR (pooled)"
"SNTB2",27.1564270655113,26.307238835762,-0.849188229749288,"CR (pooled)"
"COQ6",52.254113344077,60.3570186263275,8.10290528225048,"CR (pooled)"
"RPS12",23.3295115006437,17.2147162281669,-6.11479527247679,"CR (pooled)"
"DHRS7C",46.0928445101133,36.0335200963184,-10.0593244137949,"CR (pooled)"
"CMPK1",63.8527660146346,38.4641629447555,-25.3886030698791,"CR (pooled)"
"RSU1",60.9796034571069,39.7439016542284,-21.2357018028785,"CR (pooled)"
"RPL10A",36.8722917410863,48.8462105024893,11.973918761403,"CR (pooled)"
"CAPN2",23.622400265272,19.2436261245368,-4.37877414073519,"CR (pooled)"
"PAFAH1B2",51.0622415310513,59.7925072784199,8.73026574736856,"CR (pooled)"
"YBX1",31.1985511468877,16.6322980650499,-14.5662530818378,"CR (pooled)"
"BCAP31",111.17402681943,56.2271915207923,-54.9468352986373,"CR (pooled)"
"CCT7",27.0957462946551,16.5193057287628,-10.5764405658923,"CR (pooled)"
"TSN",32.6085423966196,27.9084942088762,-4.70004818774335,"CR (pooled)"
"PSMB3",35.067015731614,31.2485856589339,-3.81843007268009,"CR (pooled)"
"CAPZB",42.8177452810509,69.8108312749563,26.9930859939053,"CR (pooled)"
"ATOX1",35.7033004233955,35.2361164385399,-0.467183984855552,"CR (pooled)"
"HPRT1",59.490553681487,63.107159005428,3.61660532394098,"CR (pooled)"
"MYLK2",57.2584345801659,54.2427199015681,-3.01571467859786,"CR (pooled)"
"MFGE8",124.034877394001,124.785868622278,0.75099122827659,"CR (pooled)"
"NDUFB6",61.0292278467905,25.2376831293507,-35.7915447174398,"CR (pooled)"
"SEPTIN7",58.7478786958478,50.3661171078803,-8.38176158796757,"CR (pooled)"
"NPM1",33.6533714379344,25.7092101447579,-7.9441612931765,"CR (pooled)"
"PHGDH",104.122730201375,57.614302377821,-46.5084278235544,"CR (pooled)"
"BLMH",25.5996053897779,18.1220108064031,-7.47759458337478,"CR (pooled)"
"VAMP5",29.1681331624529,41.90137055863,12.7332373961772,"CR (pooled)"
"SYNPO2",52.705440628109,107.43830933103,54.7328687029206,"CR (pooled)"
"SUMO2",68.085189822702,52.754317285189,-15.330872537513,"CR (pooled)"
"EHD4",69.665964953055,44.2000263704331,-25.4659385826219,"CR (pooled)"
"GANAB",53.9695666599423,37.9645627560297,-16.0050039039127,"CR (pooled)"
"GNB2",47.7025982335594,41.9431350888014,-5.75946314475802,"CR (pooled)"
"ACOT9",26.7087244756802,29.5974332174363,2.88870874175608,"CR (pooled)"
"UQCR11",49.5912377921058,34.4146832709382,-15.1765545211676,"CR (pooled)"
"TPD52L2",66.7685105601894,48.6046153429339,-18.1638952172556,"CR (pooled)"
"RPLP0",20.4264655340069,25.236407162424,4.80994162841714,"CR (pooled)"
"COL14A1",79.3480648996897,105.013149264485,25.6650843647954,"CR (pooled)"
"UCHL3",33.4228958905903,29.8406081925143,-3.58228769807601,"CR (pooled)"
"ACADSB",54.1048233363054,49.5749968689784,-4.52982646732697,"CR (pooled)"
"RPS5",38.8745196354523,46.2942517263033,7.41973209085108,"CR (pooled)"
"DYNC1H1",24.6991346933002,15.4999289002869,-9.1992057930133,"CR (pooled)"
"HNRNPD",39.989958278109,22.7018588202823,-17.2880994578267,"CR (pooled)"
"CHCHD2",20.4494056959944,45.6764998645448,25.2270941685504,"CR (pooled)"
"HSPB3",34.3504573071023,33.7408675171578,-0.609589789944572,"CR (pooled)"
"ALDH3A2",34.685098094094,28.6337923487558,-6.05130574533827,"CR (pooled)"
"CAND1",49.314407672227,47.852513319981,-1.46189435224602,"CR (pooled)"
"LAMB2",116.434460172174,143.019188924083,26.5847287519092,"CR (pooled)"
"NDUFS5",58.6969240273596,39.6692895918316,-19.027634435528,"CR (pooled)"
"MAPRE2",43.4405345345569,46.3732352392325,2.93270070467555,"CR (pooled)"
"NIPSNAP3A",48.7535894336506,68.603035155486,19.8494457218354,"CR (pooled)"
"CACNA1S",20.1163387494416,25.4295279206267,5.3131891711851,"CR (pooled)"
"HSD17B10",28.3006146860811,26.5143316137885,-1.78628307229268,"CR (pooled)"
"COL12A1",99.9784185871367,81.1291909090211,-18.8492276781156,"CR (pooled)"
"NACA",29.7284347687489,11.744107967923,-17.9843268008259,"CR (pooled)"
"NDUFC2",38.0334889732249,30.7862736641484,-7.24721530907654,"CR (pooled)"
"PPIF",75.912252258158,75.2735304569921,-0.638721801165886,"CR (pooled)"
"PPP1R7",25.1702596182919,12.7051441615945,-12.4651154566975,"CR (pooled)"
"PIN1",30.4630017826965,15.2308133307225,-15.232188451974,"CR (pooled)"
"CDH13",31.7393975464134,28.0606397563589,-3.6787577900545,"CR (pooled)"
"ILK",58.3899025581618,23.4431759028403,-34.9467266553215,"CR (pooled)"
"GOSR2",46.537722813271,61.1042650405394,14.5665422272683,"CR (pooled)"
"CAST",42.4873373848608,31.7604915237208,-10.72684586114,"CR (pooled)"
"NARS1",12.3404817270779,18.3921813207424,6.05169959366454,"CR (pooled)"
"YWHAQ",48.9885473766031,35.9150954660372,-13.0734519105659,"CR (pooled)"
"ALPK3",41.0937064364121,25.7407358121298,-15.3529706242823,"CR (pooled)"
"ERP44",33.4046442602094,27.0016277848562,-6.40301647535325,"CR (pooled)"
"NDUFB11",50.7235749892477,44.1706927340435,-6.55288225520425,"CR (pooled)"
"PA2G4",31.1936313830838,23.3213547215647,-7.87227666151915,"CR (pooled)"
"IQGAP1",72.9347187417654,51.4739554042114,-21.4607633375541,"CR (pooled)"
"KPNA4",24.5022610942219,27.2335081278996,2.73124703367762,"CR (pooled)"
"RPS6KA3",35.7060428520782,20.2804354390633,-15.4256074130149,"CR (pooled)"
"TXN2",32.9942929181108,35.6618459568464,2.6675530387356,"CR (pooled)"
"MPST",28.4907492459992,22.3404393058362,-6.15030994016299,"CR (pooled)"
"ASAH1",99.1537101250474,47.8776981407685,-51.2760119842789,"CR (pooled)"
"EIF3J",26.923156907275,13.085894721267,-13.8372621860079,"CR (pooled)"
"MT-ND1",54.7563993127435,53.7065195380269,-1.04987977471658,"CR (pooled)"
"ALDH1L1",38.0186014065963,33.2681547043695,-4.75044670222675,"CR (pooled)"
"IDH3G",48.3863711719065,64.724813975922,16.3384428040155,"CR (pooled)"
"CALU",44.378242943336,18.1994490125056,-26.1787939308303,"CR (pooled)"
"MYO1C",83.8002614365023,64.9267381319041,-18.8735233045982,"CR (pooled)"
"TMOD4",85.9321165888213,126.940726934943,41.0086103461219,"CR (pooled)"
"BZW2",45.7526033583243,24.3421024532901,-21.4105009050342,"CR (pooled)"
"OXSR1",31.5501173216721,8.92239429428001,-22.627723027392,"CR (pooled)"
"TPP1",69.3018023451877,52.0948087408211,-17.2069936043666,"CR (pooled)"
"JSRP1",34.3277387894482,37.2980679908929,2.97032920144467,"CR (pooled)"
"PHKG1",42.6148829504824,35.6235834673582,-6.99129948312422,"CR (pooled)"
"COX7A2",38.734750987068,35.2232105044994,-3.51154048256854,"CR (pooled)"
"MT-ND5",51.3098273925388,38.9305549748276,-12.3792724177112,"CR (pooled)"
"MAPK1",27.436344496502,19.6716429445956,-7.76470155190639,"CR (pooled)"
"SPR",39.2710616431953,52.8497995241248,13.5787378809295,"CR (pooled)"
"TOMM70",49.773257297644,44.8022520820914,-4.97100521555257,"CR (pooled)"
"PUDP",53.6504582923436,49.3291577808127,-4.32130051153084,"CR (pooled)"
"FBLN1",80.9764149193168,61.9708308673452,-19.0055840519716,"CR (pooled)"
"PGRMC2",33.9141571250219,19.5584255727192,-14.3557315523027,"CR (pooled)"
"BLVRA",41.0814349777008,35.726170921931,-5.35526405576979,"CR (pooled)"
"CLIC1",65.9457118749148,59.309188767052,-6.63652310786284,"CR (pooled)"
"NDUFA12",65.9127303905053,56.0206106893166,-9.89211970118868,"CR (pooled)"
"SETD7",26.6379354072779,31.4139167344185,4.77598132714058,"CR (pooled)"
"PGM5",45.2619480469769,42.2543228386197,-3.00762520835722,"CR (pooled)"
"CAPZA2",29.1653081450455,79.1467726343823,49.9814644893368,"CR (pooled)"
"COQ7",48.3192708287655,42.8241286047356,-5.49514222402986,"CR (pooled)"
"EIF5",23.6637738441455,32.4159075450335,8.75213370088799,"CR (pooled)"
"SNCG",144.063475283442,49.279406849398,-94.7840684340441,"CR (pooled)"
"HNRNPL",55.968519983939,32.0638900708457,-23.9046299130934,"CR (pooled)"
"TPPP3",65.0207445809584,39.2336510268726,-25.7870935540857,"CR (pooled)"
"PSMD8",29.7434119347686,30.5890282088207,0.845616274052123,"CR (pooled)"
"GSTZ1",50.6755156463941,41.4642754614158,-9.21124018497829,"CR (pooled)"
"MYH14",36.1908439154637,38.1004787249559,1.90963480949218,"CR (pooled)"
"SPTBN1",92.1695425521307,54.3401850905992,-37.8293574615315,"CR (pooled)"
"MAOA",65.5148026708419,55.8703934430942,-9.6444092277477,"CR (pooled)"
"RRAS",63.2459199773844,43.1752368778285,-20.0706830995559,"CR (pooled)"
"UGDH",83.6577919026016,81.1273112672095,-2.53048063539205,"CR (pooled)"
"DARS1",27.6889810147542,21.5470313342805,-6.14194968047375,"CR (pooled)"
"RAB2A",24.8368132785142,16.9816860628531,-7.85512721566108,"CR (pooled)"
"PPP2R2A",31.924409907483,20.2896743759864,-11.6347355314966,"CR (pooled)"
"DIABLO",41.4866148317195,35.5883828390538,-5.89823199266571,"CR (pooled)"
"COQ3",78.416987967153,49.2364060678322,-29.1805818993207,"CR (pooled)"
"SCRN2",28.6697770962258,23.731445542184,-4.93833155404183,"CR (pooled)"
"UNC45B",36.8372551970936,29.5448917598758,-7.29236343721786,"CR (pooled)"
"ACTR1A",21.388242181828,18.8740555105465,-2.51418667128146,"CR (pooled)"
"PKIA",13.8328182639622,26.3503019935463,12.5174837295841,"CR (pooled)"
"PTGR1",34.7194643048496,40.9403971772375,6.22093287238789,"CR (pooled)"
"STRAP",26.8332018195474,16.6947791176444,-10.138422701903,"CR (pooled)"
"ALDH1B1",76.7952502420302,54.2360303920144,-22.5592198500158,"CR (pooled)"
"PABPC1",13.1274185343065,14.2644412776482,1.13702274334163,"CR (pooled)"
"GCLC",65.943038947475,52.7902083819385,-13.1528305655365,"CR (pooled)"
"EPDR1",36.6643453505805,32.2911499583074,-4.37319539227308,"CR (pooled)"
"RPS2",23.2706081567308,14.087683273702,-9.18292488302879,"CR (pooled)"
"CNDP2",42.1474054112145,36.9291883464801,-5.21821706473445,"CR (pooled)"
"OBSCN",48.297304959214,95.8925119249982,47.5952069657842,"CR (pooled)"
"COPS8",24.3958552077361,19.5998268822216,-4.79602832551449,"CR (pooled)"
"RPS6",29.7408657927651,21.8520388407823,-7.88882695198284,"CR (pooled)"
"RPS18",15.5112664766136,14.7657962857983,-0.745470190815276,"CR (pooled)"
"SNX3",37.2739005497821,22.8106716214797,-14.4632289283024,"CR (pooled)"
"LRRC47",36.2873465162908,28.8458763090827,-7.44147020720806,"CR (pooled)"
"SGCD",35.3923832068382,28.3531552758224,-7.03922793101581,"CR (pooled)"
"POSTN",103.397837079007,41.0581432871215,-62.3396937918857,"CR (pooled)"
"PSMD10",35.725241794199,26.1873623795921,-9.53787941460691,"CR (pooled)"
"PSMC3",21.5671200515848,14.6186299068759,-6.94849014470887,"CR (pooled)"
"NDUFB8",54.7172149178867,36.1270707872898,-18.5901441305969,"CR (pooled)"
"AGMAT",50.0736285797374,43.7337111145944,-6.33991746514298,"CR (pooled)"
"PSMC2",23.6746178926226,15.6829674052441,-7.99165048737853,"CR (pooled)"
"CDC37",24.6419147526152,25.1287068389728,0.48679208635766,"CR (pooled)"
"PDCD5",25.8500176325719,30.6287103918214,4.77869275924948,"CR (pooled)"
"PSMB7",42.0773581378066,33.1377744549702,-8.93958368283639,"CR (pooled)"
"TYMP",110.146932875402,87.52863067475,-22.6183022006525,"CR (pooled)"
"OTUB1",27.681953173084,20.2053695169773,-7.47658365610676,"CR (pooled)"
"GRB2",34.2231557701515,24.037889283487,-10.1852664866645,"CR (pooled)"
"TST",37.4080691897867,62.4708818665207,25.062812676734,"CR (pooled)"
"RPN1",25.4576543478955,25.9341948298841,0.476540481988621,"CR (pooled)"
"AFG3L2",49.1351192746798,47.8473936333836,-1.28772564129618,"CR (pooled)"
"ECPAS",36.7490299983137,21.2600418148235,-15.4889881834901,"CR (pooled)"
"LASP1",88.520022408146,70.730778930289,-17.7892434778569,"CR (pooled)"
"DMD",38.3408115921581,42.5743363415912,4.23352474943307,"CR (pooled)"
"SCD",111.827118949012,47.0910969359186,-64.7360220130932,"CR (pooled)"
"MT-ND2",31.4799605506395,46.0885196996605,14.608559149021,"CR (pooled)"
"MCTS1",33.1480884346658,35.1713664216255,2.02327798695968,"CR (pooled)"
"DCUN1D2",25.7376658336934,30.716620987328,4.97895515363459,"CR (pooled)"
"HNRNPH1",18.0654583604854,20.25903524471,2.19357688422464,"CR (pooled)"
"DNPH1",34.7301169622992,29.7167782180544,-5.01333874424482,"CR (pooled)"
"RPS28",51.6078766815895,27.3199079013414,-24.2879687802481,"CR (pooled)"
"DCD",113.635805854987,66.269426099743,-47.3663797552445,"CR (pooled)"
"MYOZ3",90.0908276325171,131.301499651264,41.2106720187473,"CR (pooled)"
"ASS1",50.6820001820887,50.9367818130237,0.254781630935014,"CR (pooled)"
"AOX1",78.5594960412811,94.8537446033039,16.2942485620228,"CR (pooled)"
"GBE1",29.5796006837178,22.5859095029342,-6.99369118078368,"CR (pooled)"
"AQP1",71.2753512585285,51.1662426855221,-20.1091085730064,"CR (pooled)"
"L2HGDH",48.0305325100061,64.2632295476698,16.2326970376637,"CR (pooled)"
"EIF1",31.0597552328542,28.3490308284049,-2.71072440444929,"CR (pooled)"
"ELOB",25.3929310287801,23.3578708478148,-2.03506018096533,"CR (pooled)"
"PPP3CB",36.3694567263894,31.3939190155219,-4.9755377108675,"CR (pooled)"
"KPNA3",40.904496860847,41.6467479984618,0.742251137614829,"CR (pooled)"
"YBX3",57.1930269971464,34.7311755646934,-22.461851432453,"CR (pooled)"
"PDIA6",53.7893031502336,28.7822463698173,-25.0070567804162,"CR (pooled)"
"APMAP",79.5748150114409,56.3852760837533,-23.1895389276876,"CR (pooled)"
"RPL18",29.0681070237703,26.7101203305226,-2.35798669324778,"CR (pooled)"
"THY1",99.2498585026635,65.2185900695652,-34.0312684330983,"CR (pooled)"
"RETSAT",77.2013169606286,88.4739127138184,11.2725957531898,"CR (pooled)"
"PEA15",108.014102944307,48.1998981085629,-59.8142048357436,"CR (pooled)"
"TIMM13",57.3664978276042,72.6780175917102,15.311519764106,"CR (pooled)"
"NIT2",27.1950295235515,26.3197894756011,-0.875240047950342,"CR (pooled)"
"DHRS7B",33.9727129412527,35.9223163344638,1.94960339321116,"CR (pooled)"
"MYH10",70.3245109336415,42.1113838959054,-28.2131270377362,"CR (pooled)"
"PGLS",34.9559661229842,30.7580912972398,-4.19787482574445,"CR (pooled)"
"PSMD14",21.1390594318051,24.5972923127847,3.45823288097955,"CR (pooled)"
"COQ10A",57.6142749173258,61.7997667176569,4.18549180033114,"CR (pooled)"
"TRIP10",30.96209494536,18.5645385227599,-12.3975564226001,"CR (pooled)"
"SCRN1",28.290769949653,40.6821312615791,12.3913613119261,"CR (pooled)"
"NT5C1A",47.1265731044197,41.901584005638,-5.22498909878171,"CR (pooled)"
"PCBP2",28.508362296687,30.0589693210744,1.55060702438739,"CR (pooled)"
"CIRBP",27.4771632717809,20.0123281523522,-7.46483511942869,"CR (pooled)"
"NCLN",22.8194526282179,42.7210419797636,19.9015893515457,"CR (pooled)"
"COX6A2",100.098741896006,78.3596408085536,-21.7391010874523,"CR (pooled)"
"TPM4",84.9920618568813,77.8626739015768,-7.12938795530455,"CR (pooled)"
"NDUFS8",59.0042263660452,46.1283184477556,-12.8759079182896,"CR (pooled)"
"PNPO",37.4872647774682,36.1056925375223,-1.3815722399459,"CR (pooled)"
"BCL2L13",41.7576452826005,33.1439921805894,-8.61365310201104,"CR (pooled)"
"PABPC4",25.6977429266915,27.8277492111372,2.13000628444568,"CR (pooled)"
"PHKA2",68.0753149941799,35.5112734054154,-32.5640415887645,"CR (pooled)"
"ANXA3",35.1088430358436,44.3852231127469,9.27638007690339,"CR (pooled)"
"DNAJA4",38.5838452288438,30.2937733937633,-8.29007183508044,"CR (pooled)"
"PCCA",49.8045801736898,48.0798091079609,-1.72477106572889,"CR (pooled)"
"SET",33.666141876619,41.6650305616109,7.99888868499189,"CR (pooled)"
"PHKB",46.0538606520541,36.5307552677188,-9.52310538433529,"CR (pooled)"
"COPS4",33.5132036601903,17.3755979029033,-16.137605757287,"CR (pooled)"
"GSS",39.0831257164075,29.3990985186903,-9.68402719771718,"CR (pooled)"
"GALM",42.3558696739931,32.8134087093522,-9.54246096464087,"CR (pooled)"
"TUBA1A",73.4352445621032,74.5296550505561,1.09441048845295,"CR (pooled)"
"RPS7",54.6678898440616,39.3821296401242,-15.2857602039374,"CR (pooled)"
"TMED9",32.2072776188223,30.6049982569891,-1.60227936183315,"CR (pooled)"
"ARPC3",66.9790786296958,45.5145576552357,-21.4645209744602,"CR (pooled)"
"RPS4X",16.4529925244866,21.2437036145865,4.79071109009988,"CR (pooled)"
"PDXK",60.046399292919,51.0987786840638,-8.94762060885523,"CR (pooled)"
"SNTA1",39.2208292024982,32.4712663112391,-6.74956289125902,"CR (pooled)"
"AKAP12",97.6502383749211,60.6099994645959,-37.0402389103252,"CR (pooled)"
"LAMB1",77.1462156588878,73.1589132333275,-3.98730242556032,"CR (pooled)"
"COPS6",35.7180927394468,19.3626189312221,-16.3554738082247,"CR (pooled)"
"COL4A2",139.045657111943,173.726281985987,34.6806248740439,"CR (pooled)"
"VAPB",36.0766754740719,25.7083929465675,-10.3682825275044,"CR (pooled)"
"FXN",44.7929798825104,51.5944618311632,6.80148194865274,"CR (pooled)"
"RPS24",20.7276400155844,36.4541103018324,15.726470286248,"CR (pooled)"
"RAB21",42.9917868673384,41.5703075178866,-1.42147934945185,"CR (pooled)"
"KARS1",27.5169767230222,19.858302255272,-7.65867446775018,"CR (pooled)"
"ADHFE1",65.821080860413,59.7239007195445,-6.09718014086849,"CR (pooled)"
"NDUFB7",43.008086249645,43.0377014203105,0.029615170665565,"CR (pooled)"
"AHNAK2",82.0604884327552,76.6256756353319,-5.43481279742336,"CR (pooled)"
"DMTN",74.6401336388118,74.7954277565121,0.155294117700322,"CR (pooled)"
"MAP1LC3B2",40.9078533504714,29.0603267307569,-11.8475266197145,"CR (pooled)"
"LAMP2",27.8700731977759,30.021880564091,2.15180736631501,"CR (pooled)"
"CAMK2B",40.8878819147798,17.0242346240546,-23.8636472907252,"CR (pooled)"
"RRBP1",65.8196791211289,72.9279354845484,7.10825636341946,"CR (pooled)"
"PRMT1",29.6516488170919,31.0774051799348,1.42575636284293,"CR (pooled)"
"TXNRD1",30.1136610117726,16.7081845919939,-13.4054764197788,"CR (pooled)"
"HSPG2",93.1576425471006,143.010684397243,49.8530418501425,"CR (pooled)"
"HDHD5",57.2229565311049,54.438027029711,-2.7849295013939,"CR (pooled)"
"PPA2",39.4612785688465,26.8353433221652,-12.6259352466814,"CR (pooled)"
"GPNMB",100.926979307765,49.5121815181885,-51.4147977895761,"CR (pooled)"
"ARL8B",25.7195402285194,19.6528640991299,-6.06667612938957,"CR (pooled)"
"PTGES2",57.3945361472767,44.8758428379391,-12.5186933093376,"CR (pooled)"
"ACSL3",45.1573561865907,33.4939978402099,-11.6633583463808,"CR (pooled)"
"GNG12",65.3620185807956,43.5076400875402,-21.8543784932554,"CR (pooled)"
"DNAJA2",39.4391143406551,28.6891080463423,-10.7500062943128,"CR (pooled)"
"RPL27A",46.8140885974664,39.01402744571,-7.8000611517564,"CR (pooled)"
"TXNL1",21.5879398880619,14.4239082811435,-7.16403160691832,"CR (pooled)"
"MAP3K20",38.6171033857148,43.7388551168614,5.12175173114667,"CR (pooled)"
"COLEC12",29.516552719403,42.1485198783189,12.6319671589159,"CR (pooled)"
"AK4",63.7266669352346,62.3182427040753,-1.40842423115932,"CR (pooled)"
"YWHAH",22.4695491180025,26.2222440173238,3.75269489932127,"CR (pooled)"
"CSE1L",33.9886309604411,24.2674921270756,-9.72113883336553,"CR (pooled)"
"TFG",34.9617434991337,38.8074136755285,3.84567017639475,"CR (pooled)"
"SNX2",58.1235320341225,51.2765975342596,-6.84693449986288,"CR (pooled)"
"PDCD6IP",16.6534946367565,14.9630538123316,-1.69044082442485,"CR (pooled)"
"RPS19",27.8481443953315,19.3992287799725,-8.44891561535899,"CR (pooled)"
"PTPA",44.3402862863235,42.8002529340854,-1.54003335223806,"CR (pooled)"
"ARPC4",46.7687889368705,47.1999773503974,0.431188413526925,"CR (pooled)"
"CTBP1",27.4311559401341,44.3177052556401,16.886549315506,"CR (pooled)"
"TFAM",53.0461219384402,41.3702334667114,-11.6758884717288,"CR (pooled)"
"PGRMC1",71.7413476629389,52.0572851274131,-19.6840625355259,"CR (pooled)"
"RPL12",35.6337439624259,35.090752873625,-0.542991088800875,"CR (pooled)"
"GGCT",29.3411053140667,40.57672268665,11.2356173725833,"CR (pooled)"
"MRPS21",41.3563859959436,37.9125405013797,-3.44384549456394,"CR (pooled)"
"NAGK",37.804489507699,40.7351469648421,2.93065745714313,"CR (pooled)"
"LPP",67.6879462190186,47.9861860396748,-19.7017601793438,"CR (pooled)"
"PAFAH1B3",58.5391675616197,54.4705522223743,-4.06861533924533,"CR (pooled)"
"UBA6",62.5532133934964,67.9680643491068,5.41485095561043,"CR (pooled)"
"ARPC5",66.4837087938054,71.408095918147,4.92438712434161,"CR (pooled)"
"PFDN2",35.9608955026024,23.7009983832157,-12.2598971193866,"CR (pooled)"
"THBS1",77.7473278561859,87.9190131575482,10.1716853013622,"CR (pooled)"
"RPL32",23.7944818715943,20.571857633644,-3.22262423795031,"CR (pooled)"
"RPL23",23.4745362350301,31.6241506515174,8.14961441648726,"CR (pooled)"
"RPL35",83.7770333945793,29.9116295050091,-53.8654038895702,"CR (pooled)"
"ACSF2",33.9730679290343,30.3009237498414,-3.67214417919287,"CR (pooled)"
"NDUFA7",73.2348919771575,59.0989648261353,-14.1359271510222,"CR (pooled)"
"ENOPH1",24.9623361214315,23.087408300552,-1.87492782087952,"CR (pooled)"
"PSMD2",19.1199832936808,16.5964989971113,-2.52348429656949,"CR (pooled)"
"PPME1",32.4241184328489,35.962489369394,3.53837093654513,"CR (pooled)"
"FDPS",22.5053473839042,18.9994918570933,-3.50585552681084,"CR (pooled)"
"COPS2",29.3303597827262,20.4895326244819,-8.84082715824426,"CR (pooled)"
"DDX17",19.6811403195516,20.6010770411865,0.919936721634869,"CR (pooled)"
"SGCG",30.9334779393971,32.2641313468102,1.33065340741312,"CR (pooled)"
"CBR4",47.117365938077,51.1380576701577,4.02069173208066,"CR (pooled)"
"UBL5",43.2750164816346,27.66527106277,-15.6097454188646,"CR (pooled)"
"CAB39L",43.6079632353748,45.7372951197984,2.12933188442359,"CR (pooled)"
"MYH11",63.005745582282,85.6711033237981,22.6653577415161,"CR (pooled)"
"NID2",87.3025714783446,94.2012618602378,6.8986903818932,"CR (pooled)"
"COL4A1",120.719550623283,169.756463965279,49.0369133419951,"CR (pooled)"
"HHATL",50.2334935626308,38.316287457238,-11.9172061053928,"CR (pooled)"
"FN3K",39.0080948815919,36.2119962525801,-2.79609862901187,"CR (pooled)"
"SH3BGRL",81.1869211771818,62.795521960334,-18.3913992168478,"CR (pooled)"
"UTRN",36.6698356261114,40.0153060792474,3.345470453136,"CR (pooled)"
"MAT2A",28.8170702234042,20.3407699926792,-8.47630023072504,"CR (pooled)"
"PSMD13",31.7017873378683,23.7989063737054,-7.9028809641629,"CR (pooled)"
"DDI2",91.904725851842,68.3901433251496,-23.5145825266924,"CR (pooled)"
"CAPN3",25.5777220220388,29.1489476848759,3.57122566283711,"CR (pooled)"
"RPL13A",38.5336736712895,40.7774264126846,2.24375274139518,"CR (pooled)"
"COTL1",61.8453496302278,77.9966815115788,16.151331881351,"CR (pooled)"
"ATE1",52.274395039502,40.7033636677482,-11.5710313717537,"CR (pooled)"
"PSMD12",29.6153083770009,17.9756998825659,-11.639608494435,"CR (pooled)"
"COMT",38.9140374794864,38.2092784575387,-0.70475902194773,"CR (pooled)"
"ALDH6A1",40.0736904310112,38.8635030703617,-1.21018736064951,"CR (pooled)"
"IMPDH2",28.9097170619009,15.4403317404328,-13.469385321468,"CR (pooled)"
"MYOF",24.5228981552493,22.439290330517,-2.08360782473231,"CR (pooled)"
"PSMD5",30.3222462486798,55.0114651007564,24.6892188520766,"CR (pooled)"
"TXLNB",43.1927353314094,40.4577610998973,-2.73497423151215,"CR (pooled)"
"ATP5F1E",82.3997572877927,52.4792222239306,-29.9205350638621,"CR (pooled)"
"CARM1",25.8151455183366,22.7868201216979,-3.02832539663864,"CR (pooled)"
"SH3BGRL3",86.3503193739152,54.4445205526504,-31.9057988212647,"CR (pooled)"
"SGCB",32.0011869204268,27.9320552470873,-4.06913167333948,"CR (pooled)"
"MYOM3",87.3687629133536,145.137753657136,57.7689907437823,"CR (pooled)"
"FBXO7",69.1068822143088,50.1664473743703,-18.9404348399386,"CR (pooled)"
"MAP2K1",33.2934708507064,22.4730883003901,-10.8203825503163,"CR (pooled)"
"DYNLL1",35.776480585479,33.0969942125519,-2.67948637292706,"CR (pooled)"
"PRKAR2B",67.3139316827001,75.437717601148,8.12378591844788,"CR (pooled)"
"SQOR",39.6375696533678,37.646053532209,-1.99151612115883,"CR (pooled)"
"PSME2",34.7725093909083,43.0220910809152,8.24958169000698,"CR (pooled)"
"CPNE3",19.1844658309182,23.7146842855503,4.53021845463205,"CR (pooled)"
"ECHDC1",71.7064969064034,53.3675647956097,-18.3389321107937,"CR (pooled)"
"ASPH",47.4092087798363,27.0946078904587,-20.3146008893775,"CR (pooled)"
"GNAS",43.5019233297253,30.4889014122737,-13.0130219174516,"CR (pooled)"
"CAMK2G",38.8053874922163,30.8113925423086,-7.9939949499077,"CR (pooled)"
"APOO",59.3019769964613,49.8513890962213,-9.45058790023992,"CR (pooled)"
"JPH2",39.5419002819209,29.7481169204242,-9.7937833614967,"CR (pooled)"
"PTMS",78.3136598728395,52.0713891947877,-26.2422706780517,"CR (pooled)"
"ART3",35.944157173072,35.8120421295876,-0.132115043484426,"CR (pooled)"
"LAMC1",108.611685485824,142.613422875039,34.0017373892153,"CR (pooled)"
"SRSF2",25.9968096015958,33.082654088438,7.08584448684219,"CR (pooled)"
"ENDOG",45.703656947857,53.0068260312436,7.30316908338659,"CR (pooled)"
"SYNGR2",31.4120398870471,23.109157528181,-8.3028823588661,"CR (pooled)"
"XRCC5",26.9669246402788,26.4775013063654,-0.489423333913354,"CR (pooled)"
"TMEM38A",46.3647651477854,54.1140909739514,7.74932582616596,"CR (pooled)"
"SDR39U1",83.0987297327264,68.5298961811972,-14.5688335515291,"CR (pooled)"
"TMLHE",23.314232840641,37.1501217438434,13.8358889032024,"CR (pooled)"
"SYNJ2BP",30.7927635760643,32.6268303352718,1.83406675920758,"CR (pooled)"
"PLCD4",32.0186528602381,25.1614572982787,-6.85719556195946,"CR (pooled)"
"SNRPD1",35.7550651954853,48.8118006212922,13.0567354258069,"CR (pooled)"
"PRKG1",27.984756086858,44.4076753416346,16.4229192547766,"CR (pooled)"
"KRT14",93.0073094988115,28.3436616830303,-64.6636478157812,"CR (pooled)"
"PC",68.9153457130549,81.0710088090684,12.1556630960135,"CR (pooled)"
"OPA1",40.306899938153,33.03589066681,-7.27100927134298,"CR (pooled)"
"SEC22B",42.5796173913066,20.6559307180642,-21.9236866732425,"CR (pooled)"
"OXCT1",56.009007542804,42.4904928341591,-13.5185147086449,"CR (pooled)"
"PFDN6",27.958901171759,23.4036826603499,-4.55521851140909,"CR (pooled)"
"TSPO",45.9741657691789,36.9284817498561,-9.0456840193228,"CR (pooled)"
"ALDH7A1",40.3622090013587,34.852770873427,-5.50943812793175,"CR (pooled)"
"PSMD11",28.1553860147986,18.467576824791,-9.6878091900076,"CR (pooled)"
"DNM1L",33.8535065456393,36.6073094667809,2.75380292114163,"CR (pooled)"
"NID1",108.377705525498,111.269736113362,2.89203058786467,"CR (pooled)"
"HSD17B8",60.9837447611326,51.7710242882266,-9.21272047290604,"CR (pooled)"
"SORBS1",104.44332907263,68.8294404235212,-35.6138886491092,"CR (pooled)"
"PDAP1",41.1051417056269,30.006676498072,-11.0984652075548,"CR (pooled)"
"HNRNPA3",62.8689178347174,56.6345309743809,-6.23438686033648,"CR (pooled)"
"H1-0",33.7856386724559,49.6635012183253,15.8778625458693,"CR (pooled)"
"PARVA",64.1111071097771,43.5826990397345,-20.5284080700426,"CR (pooled)"
"LACTB",51.8483009387848,33.0296448107129,-18.8186561280719,"CR (pooled)"
"FSCN1",66.7802842758276,54.4332027314864,-12.3470815443412,"CR (pooled)"
"JPH1",49.7199663772265,50.4467216232157,0.726755245989146,"CR (pooled)"
"RPS13",30.8567547414977,33.4844289642072,2.6276742227095,"CR (pooled)"
"PROCR",42.5463882613739,47.7493047777774,5.20291651640357,"CR (pooled)"
"RPL31",59.3493807905972,48.0147433144805,-11.3346374761166,"CR (pooled)"
"NSF",33.8781745683078,28.3385756826984,-5.53959888560946,"CR (pooled)"
"PRMT5",28.3571059771292,21.4871507867717,-6.86995519035752,"CR (pooled)"
"TOM1",43.6171056325017,33.511288489575,-10.1058171429266,"CR (pooled)"
"NQO1",81.4192830791611,30.9709982759682,-50.4482848031929,"CR (pooled)"
"SELENOW",34.3139259970957,35.8574085617565,1.54348256466082,"CR (pooled)"
"COPS5",22.7589220322669,18.259016145211,-4.49990588705592,"CR (pooled)"
"DAG1",35.3494511996766,31.941556892967,-3.40789430670963,"CR (pooled)"
"SRP9",29.9024747675438,13.9500647092527,-15.9524100582911,"CR (pooled)"
"PREB",32.7055936805021,46.0929040522455,13.3873103717435,"CR (pooled)"
"DCTN2",34.1331040391597,15.4030543067022,-18.7300497324575,"CR (pooled)"
"PSMD4",17.3579214574283,20.3712469776111,3.01332552018286,"CR (pooled)"
"LONP1",35.5020887495905,23.1245819428722,-12.3775068067183,"CR (pooled)"
"FUS",21.7459201193507,24.5571397298957,2.81121961054501,"CR (pooled)"
"CNN3",100.299839087941,81.4733154326412,-18.8265236552997,"CR (pooled)"
"COBL",20.6011708803548,39.0839105186116,18.4827396382568,"CR (pooled)"
"RTCB",20.4339442205749,14.4810221595744,-5.95292206100051,"CR (pooled)"
"SEPTIN9",77.5170621280466,58.33917082803,-19.1778913000166,"CR (pooled)"
"RPL38",37.5569511234107,40.4991386075717,2.94218748416099,"CR (pooled)"
"EIF2S1",27.723628993175,17.6189747698558,-10.1046542233191,"CR (pooled)"
"SLC25A20",37.2237194555971,42.0244012017197,4.80068174612263,"CR (pooled)"
"ARHGAP1",56.6771125439133,56.3209222624155,-0.356190281497746,"CR (pooled)"
"COPS7A",30.4711847386304,18.511592738666,-11.9595919999644,"CR (pooled)"
"ELOC",36.2308010505222,25.0663302483709,-11.1644708021513,"CR (pooled)"
"DBT",44.6411825626662,42.962658221433,-1.67852434123323,"CR (pooled)"
"BDH1",82.7450626877008,82.8359329340403,0.0908702463394491,"CR (pooled)"
"PAFAH1B1",32.2446963822462,15.7550410813434,-16.4896553009028,"CR (pooled)"
"SLC25A42",31.4377456111212,52.5183526877158,21.0806070765945,"CR (pooled)"
"SAMHD1",70.5298761296267,83.9072029386744,13.3773268090477,"CR (pooled)"
"NEK7",42.1157594603352,36.0178283003247,-6.0979311600105,"CR (pooled)"
"MRPS36",27.1339414501354,38.9658855367968,11.8319440866614,"CR (pooled)"
"ERI3",31.631288931485,27.5255162916264,-4.10577263985861,"CR (pooled)"
"UBE2M",39.7395969137295,18.9762013350208,-20.7633955787086,"CR (pooled)"
"RPL8",59.0489303285581,66.7317580344025,7.6828277058444,"CR (pooled)"
"NDUFS4",53.3351789888449,41.5737828794458,-11.7613961093991,"CR (pooled)"
"RPS17",33.8665596876687,29.3070711018249,-4.55948858584383,"CR (pooled)"
"RAP2B",45.9233833022727,51.4158383966239,5.49245509435116,"CR (pooled)"
"TMED10",30.5533075305749,44.0576043508027,13.5042968202278,"CR (pooled)"
"SMYD2",24.9629071123351,40.3712099841675,15.4083028718324,"CR (pooled)"
"VPS4A",37.5692308428784,19.736034193469,-17.8331966494094,"CR (pooled)"
"SGCA",33.3111739927385,28.2170418059618,-5.09413218677662,"CR (pooled)"
"ACLY",67.5864424136032,46.7489933995125,-20.8374490140907,"CR (pooled)"
"PRKAA2",24.1219279262895,29.0273790348917,4.90545110860218,"CR (pooled)"
"DNPEP",27.4467356035489,21.0070288652854,-6.43970673826344,"CR (pooled)"
"PLPBP",44.799573779973,37.2565737639092,-7.54300001606386,"CR (pooled)"
"LYVE1",98.7861095948509,52.8128932096234,-45.9732163852275,"CR (pooled)"
"RAB14",36.8805347825034,25.087068336035,-11.7934664464685,"CR (pooled)"
"RPL13",58.7009667411089,36.9871629350597,-21.7138038060492,"CR (pooled)"
"RALA",46.0487161528683,17.0666785569212,-28.9820375959471,"CR (pooled)"
"KIF5B",32.2780846466495,17.6832775550031,-14.5948070916464,"CR (pooled)"
"PSMD1",34.6951630438217,18.7223236520981,-15.9728393917236,"CR (pooled)"
"DIAPH2",64.8759190620806,30.2816263752337,-34.5942926868469,"CR (pooled)"
"PFDN1",30.4397075386025,40.5264447591923,10.0867372205898,"CR (pooled)"
"SCCPDH",37.0320109632961,28.8359128276153,-8.19609813568078,"CR (pooled)"
"SLMAP",38.3683088748753,36.922965176082,-1.44534369879324,"CR (pooled)"
"DBN1",61.5494434545939,54.4327096597736,-7.11673379482031,"CR (pooled)"
"GCDH",48.3193367718318,72.2564801615635,23.9371433897317,"CR (pooled)"
"MGLL",97.2681336043573,73.6254120243694,-23.6427215799879,"CR (pooled)"
"SCRN3",49.7999356917764,47.3383211552906,-2.46161453648586,"CR (pooled)"
"MAP1B",65.7170447220696,35.5549990274939,-30.1620456945757,"CR (pooled)"
"MECR",62.1019322596419,51.8713114780871,-10.2306207815548,"CR (pooled)"
"TRAP1",45.4008280290667,39.0473747192569,-6.35345330980983,"CR (pooled)"
"DENR",35.4332706076888,40.1634269920011,4.73015638431227,"CR (pooled)"
"ENDOD1",36.0831644928406,30.2995431065605,-5.78362138628007,"CR (pooled)"
"COQ10B",88.6523772193067,70.4204177213402,-18.2319594979665,"CR (pooled)"
"SEPTIN2",48.1222928562279,36.3083528265701,-11.8139400296578,"CR (pooled)"
"UBE2K",32.1638808443774,16.2127857300436,-15.9510951143338,"CR (pooled)"
"EPRS1",26.5218694549178,21.3772940808952,-5.14457537402269,"CR (pooled)"
"GPS1",37.230622618203,20.187928003526,-17.042694614677,"CR (pooled)"
"PANK4",39.8605081196258,33.1562831756471,-6.7042249439787,"CR (pooled)"
"TRDN",60.1192385410885,33.5855695318091,-26.5336690092794,"CR (pooled)"
"CYBRD1",103.141966162754,77.1092985081809,-26.0326676545728,"CR (pooled)"
"ABI3BP",68.9966149596943,37.1845255153178,-31.8120894443766,"CR (pooled)"
"HNRNPR",21.5202840682587,22.6889653245921,1.16868125633338,"CR (pooled)"
"AP2A1",38.0044308264398,22.0844903193093,-15.9199405071305,"CR (pooled)"
"NAPRT",30.7770324279754,26.4697856548895,-4.30724677308591,"CR (pooled)"
"PEPD",25.4053046483741,27.2848302172697,1.87952556889559,"CR (pooled)"
"SULT1A1",85.1392067684181,59.2321277804086,-25.9070789880095,"CR (pooled)"
"RPS21",18.4652193387676,22.4568628657316,3.99164352696403,"CR (pooled)"
"ERAP1",39.182105955742,21.309024447085,-17.8730815086571,"CR (pooled)"
"ERGIC1",23.5944033683394,34.0143542209505,10.4199508526111,"CR (pooled)"
"RPS15",89.3353002473074,90.8320064722996,1.49670622499215,"CR (pooled)"
"PLIN2",39.8334550147457,53.0042820359217,13.1708270211761,"CR (pooled)"
"EFEMP1",86.0681338461113,52.8425589493523,-33.225574896759,"CR (pooled)"
"IVD",39.3010266118484,39.8727764668175,0.571749854969184,"CR (pooled)"
"RPL17",49.0101043506592,33.0467161709537,-15.9633881797055,"CR (pooled)"
"SLC1A4",46.3030863605805,25.3277655086848,-20.9753208518957,"CR (pooled)"
"PALM",73.2080783165577,52.4431558120862,-20.7649225044715,"CR (pooled)"
"SYNCRIP",30.5604469112031,17.5196462790644,-13.0408006321387,"CR (pooled)"
"PTBP1",100.960073392068,69.490900252346,-31.4691731397217,"CR (pooled)"
"RPS8",14.506306584244,26.4438820762007,11.9375754919567,"CR (pooled)"
"SPRYD4",56.7813179190043,49.0866940817363,-7.694623837268,"CR (pooled)"
"DPP3",26.2359648052669,29.8525088019814,3.61654399671454,"CR (pooled)"
"CCS",56.6686190153058,54.0252147807726,-2.64340423453319,"CR (pooled)"
"MT-ATP8",108.009117017183,70.1970010076195,-37.812116009564,"CR (pooled)"
"OCIAD1",33.494871447956,30.9092829772338,-2.58558847072221,"CR (pooled)"
"QSOX1",38.3502013050466,27.1628488472233,-11.1873524578232,"CR (pooled)"
"TNS1",86.7564932265466,39.1829923801534,-47.5735008463932,"CR (pooled)"
"EIF3A",25.1097493590439,12.3919720332941,-12.7177773257498,"CR (pooled)"
"PURA",39.6019164788718,42.782092793748,3.18017631487617,"CR (pooled)"
"ESYT1",78.809124494692,61.1271752419486,-17.6819492527434,"CR (pooled)"
"SUCLG2",45.6209076440279,47.7254423221419,2.10453467811401,"CR (pooled)"
"DDOST",36.8524727349279,29.9736474374735,-6.87882529745443,"CR (pooled)"
"VARS1",31.1257517555452,25.2820391971499,-5.84371255839527,"CR (pooled)"
"RPL27",25.5244321028047,34.6498976340163,9.1254655312116,"CR (pooled)"
"C1R",52.5276484556525,68.8204976091301,16.2928491534776,"CR (pooled)"
"MRC1",54.1567380709111,56.1771689409014,2.02043086999027,"CR (pooled)"
"ITGA7",44.8876600588526,15.0147571897284,-29.8729028691242,"CR (pooled)"
"NPLOC4",41.9492581187552,17.8327589615952,-24.11649915716,"CR (pooled)"
"FECH",50.7615918250798,34.4251794195813,-16.3364124054985,"CR (pooled)"
"GLIPR2",92.3194170547927,73.5186064942145,-18.8008105605782,"CR (pooled)"
"NIBAN1",26.9367558537039,24.7912960857196,-2.14545976798429,"CR (pooled)"
"ISOC1",41.6592670657103,28.8375146851385,-12.8217523805719,"CR (pooled)"
"ABHD10",40.0681285133197,39.3096833933363,-0.758445119983463,"CR (pooled)"
"NDUFA11",31.4241081132791,46.844218499407,15.4201103861279,"CR (pooled)"
"TRIM54",29.8453636868047,40.9780583707332,11.1326946839285,"CR (pooled)"
"SNRPD3",28.2610374796802,17.8165217036973,-10.4445157759829,"CR (pooled)"
"CLTA",73.2929286623501,109.733613725971,36.4406850636211,"CR (pooled)"
"ME2",36.6242965115147,34.9852008848442,-1.63909562667049,"CR (pooled)"
"PSMC4",30.49250152892,20.5382743565564,-9.95422717236358,"CR (pooled)"
"RTCA",33.3550093344521,38.2563401256997,4.90133079124762,"CR (pooled)"
"NDUFB5",57.2857344546545,44.1374814874753,-13.1482529671791,"CR (pooled)"
"ERLIN2",23.5124301903789,27.138027080565,3.62559689018613,"CR (pooled)"
"PDCD6",34.6126879789054,31.907281748364,-2.70540623054143,"CR (pooled)"
"LXN",67.0635366592328,72.1340602141384,5.07052355490562,"CR (pooled)"
"VAMP3",44.8979205675091,28.2586784071403,-16.6392421603689,"CR (pooled)"
"LYPLA2",41.1515908093856,25.2111721542272,-15.9404186551584,"CR (pooled)"
"VAMP2",59.327362512015,35.2928451124938,-24.0345173995212,"CR (pooled)"
"RPL7A",23.240654491038,43.9746013114045,20.7339468203666,"CR (pooled)"
"UBE2I",37.3497019019391,36.2637498447978,-1.08595205714136,"CR (pooled)"
"NRAP",63.4365368085377,53.8432403159888,-9.59329649254899,"CR (pooled)"
"PSMC5",19.4340096719253,14.866898140356,-4.56711153156931,"CR (pooled)"
"PRKAG1",50.8721116481681,45.0133880511962,-5.85872359697191,"CR (pooled)"
"XRCC6",26.9170727233367,29.3899267154376,2.47285399210081,"CR (pooled)"
"PAICS",27.4496389647161,17.6900480254078,-9.75959093930829,"CR (pooled)"
"MTAP",29.330643518282,17.4215161893275,-11.9091273289545,"CR (pooled)"
"SLC16A1",51.2946443281898,30.0586840397112,-21.2359602884786,"CR (pooled)"
"HLA-DRA",44.5819390654133,36.9876527787808,-7.59428628663245,"CR (pooled)"
"FAM114A2",26.6978752529443,45.922675881282,19.2248006283377,"CR (pooled)"
"CPPED1",47.1463071027948,34.6855676049705,-12.4607394978243,"CR (pooled)"
"RPN2",22.4181755997327,33.2732238455014,10.8550482457687,"CR (pooled)"
"CYB5B",47.7981283759848,48.2648900311471,0.466761655162365,"CR (pooled)"
"CAMK2A",42.9936775124565,32.0826759569564,-10.9110015555001,"CR (pooled)"
"SGTA",31.3760369163759,17.6323063973966,-13.7437305189793,"CR (pooled)"
"CNN2",91.9426494152445,60.6007104784697,-31.3419389367748,"CR (pooled)"
"IAH1",39.8501130268665,47.0740625096277,7.22394948276122,"CR (pooled)"
"UBAC1",32.4830677410168,27.8939539815244,-4.58911375949246,"CR (pooled)"
"CLTB",71.4534934775605,41.6680052934431,-29.7854881841174,"CR (pooled)"
"TMCO1",49.2530361932447,34.2062006490493,-15.0468355441954,"CR (pooled)"
"HNRNPA1",41.4093490321714,30.5138939758962,-10.8954550562752,"CR (pooled)"
"SUOX",41.5075911160827,43.2554717498216,1.74788063373891,"CR (pooled)"
"HSPB8",31.2120459775244,99.9605600363957,68.7485140588713,"CR (pooled)"
"PSMD9",39.914594799761,32.2646839368849,-7.6499108628761,"CR (pooled)"
"MCEE",66.9179164450583,52.6996539680036,-14.2182624770547,"CR (pooled)"
"SIRT3",46.1989274177402,68.7314375361286,22.5325101183884,"CR (pooled)"
"XPNPEP1",33.9611213663676,26.6040568831919,-7.35706448317579,"CR (pooled)"
"MAPRE1",22.1555577086107,24.3827896939773,2.22723198536658,"CR (pooled)"
"SRSF1",29.9609112464087,36.9655714447213,7.00466019831259,"CR (pooled)"
"SHMT1",36.0273653315999,29.3882090199896,-6.63915631161024,"CR (pooled)"
"SRSF6",29.0786904746421,31.3892085629422,2.31051808830007,"CR (pooled)"
"HNRNPH2",38.0242495894044,24.1360586922846,-13.8881908971198,"CR (pooled)"
"SLC25A1",38.6917167874621,71.316024073287,32.6243072858248,"CR (pooled)"
"TMEM205",44.1084202707893,22.1566559005693,-21.95176437022,"CR (pooled)"
"CKAP4",98.2789461441258,78.1234196988845,-20.1555264452413,"CR (pooled)"
"G6PD",57.0359334422189,64.2079850343623,7.1720515921434,"CR (pooled)"
"ERP29",46.6166109434227,24.9018618128425,-21.7147491305802,"CR (pooled)"
"DNM2",19.9984174921122,22.6161805227181,2.61776303060594,"CR (pooled)"
"SFRP1",33.5021486159098,24.5692094285707,-8.93293918733904,"CR (pooled)"
"CRABP2",57.0535562829215,119.194400812223,62.1408445293018,"CR (pooled)"
"CACNB1",34.4402058193367,24.66783144596,-9.7723743733767,"CR (pooled)"
"VTA1",27.3214730449134,31.6998974051648,4.37842436025135,"CR (pooled)"
"ACY1",52.5351361873383,48.0900085863618,-4.44512760097656,"CR (pooled)"
"CALD1",129.060420197533,56.4860441102159,-72.5743760873171,"CR (pooled)"
"GGT5",55.8064578272293,42.8443383441376,-12.9621194830917,"CR (pooled)"
"RPL35A",83.7468114427578,48.9570581571792,-34.7897532855786,"CR (pooled)"
"RANBP1",60.2582938365673,40.160550993941,-20.0977428426263,"CR (pooled)"
"STUB1",39.3662483018253,31.4523527025198,-7.91389559930557,"CR (pooled)"
"METAP2",34.327883387977,24.6157583948411,-9.71212499313588,"CR (pooled)"
"CARNS1",38.1423745697668,44.8167218743335,6.6743473045667,"CR (pooled)"
"BZW1",44.3936018441505,54.0781575988787,9.68455575472814,"CR (pooled)"
"CTSG",76.4332132076173,62.5795146188402,-13.8536985887771,"CR (pooled)"
"MAPK12",47.6320509564501,31.9788329953698,-15.6532179610802,"CR (pooled)"
"MTX2",59.8112277004293,96.4532580814811,36.6420303810518,"CR (pooled)"
"GCLM",68.9406592436877,57.8605278768549,-11.0801313668329,"CR (pooled)"
"SYPL1",32.4171652106475,30.3546315162127,-2.06253369443478,"CR (pooled)"
"FERMT2",33.3804194430843,25.4282219083122,-7.95219753477205,"CR (pooled)"
"MRRF",40.2609585199751,35.2202442946215,-5.04071422535363,"CR (pooled)"
"HNRNPU",45.6696624504857,22.4542297396923,-23.2154327107934,"CR (pooled)"
"NIT1",51.1458619732675,26.8886047315891,-24.2572572416785,"CR (pooled)"
"KLC1",46.1062195084015,27.8346011377376,-18.271618370664,"CR (pooled)"
"COQ5",53.501465914682,76.410862122897,22.909396208215,"CR (pooled)"
"RNF123",37.4375464021301,21.5089874101789,-15.9285589919512,"CR (pooled)"
"COPB2",66.5964608972401,53.0090805939147,-13.5873803033253,"CR (pooled)"
"SYNM",50.2475280735343,125.296850766238,75.0493226927038,"CR (pooled)"
"SEC23A",22.8486533376103,35.3544591292057,12.5058057915955,"CR (pooled)"
"USO1",40.9834033902027,22.0634356598127,-18.9199677303899,"CR (pooled)"
"SARS1",28.8447401029693,25.6286813778884,-3.21605872508091,"CR (pooled)"
"GARS1",38.1959582510882,27.1234830680981,-11.0724751829902,"CR (pooled)"
"GMFG",87.2882088450157,106.515809924443,19.2276010794274,"CR (pooled)"
"ASPA",44.365071530354,39.5248955744023,-4.84017595595175,"CR (pooled)"
"PGM2",54.1014026050642,49.1955536681563,-4.90584893690781,"CR (pooled)"
"KRAS",41.9273058266595,42.6817463592346,0.754440532575174,"CR (pooled)"
"THAP4",86.0985166302911,57.7069823897823,-28.3915342405089,"CR (pooled)"
"NIF3L1",29.1975248490325,20.885244761294,-8.3122800877385,"CR (pooled)"
"GRPEL1",72.0048571243263,56.5889998613493,-15.415857262977,"CR (pooled)"
"RNF7",44.885816827974,38.8036363744252,-6.0821804535488,"CR (pooled)"
"RPS11",24.1319094079978,42.3142895966785,18.1823801886808,"CR (pooled)"
"RPL30",30.3566773654025,53.9269149628238,23.5702375974212,"CR (pooled)"
"LIMS1",28.9515349344495,27.9912679085671,-0.960267025882459,"CR (pooled)"
"DDAH2",94.8864376987301,53.0285925782742,-41.857845120456,"CR (pooled)"
"TLN2",72.6700839751121,29.1839351954888,-43.4861487796233,"CR (pooled)"
"PTRHD1",70.9464107911704,47.3209020296333,-23.625508761537,"CR (pooled)"
"FAHD1",52.9286812035291,50.688017207057,-2.24066399647216,"CR (pooled)"
"MCM3AP",96.495168683262,62.1122828432111,-34.3828858400509,"CR (pooled)"
"HSD17B12",34.866768156968,36.0240718958001,1.15730373883212,"CR (pooled)"
"EPB41L2",80.9525889428578,45.9491893398961,-35.0033996029617,"CR (pooled)"
"HNRNPDL",27.1230226463002,29.1513287362412,2.02830608994097,"CR (pooled)"
"SEPTIN11",61.7597007313999,43.1632743966604,-18.5964263347395,"CR (pooled)"
"DHCR24",47.2765355221508,24.2554012222292,-23.0211342999216,"CR (pooled)"
"UFM1",26.9800694696781,31.9966812333297,5.01661176365165,"CR (pooled)"
"PPP5C",35.0363757346618,28.4432122458191,-6.59316348884262,"CR (pooled)"
"CNBP",54.3030230271429,33.3572796598141,-20.9457433673288,"CR (pooled)"
"ATP6V1E1",50.0455502323674,44.4282965228421,-5.61725370952529,"CR (pooled)"
"RTN3",78.9587072469571,85.2485028046935,6.28979555773643,"CR (pooled)"
"MAPK3",59.7239055128271,33.9914049195737,-25.7325005932534,"CR (pooled)"
"PUF60",42.8588692594389,44.3864239051321,1.52755464569327,"CR (pooled)"
"PICALM",85.4272749758713,52.6674926979554,-32.7597822779159,"CR (pooled)"
"COX19",35.9652582487613,28.8780600886953,-7.08719816006595,"CR (pooled)"
"ACAT2",56.0753497574292,51.7774125110439,-4.29793724638529,"CR (pooled)"
"VKORC1L1",31.9322798534535,24.5963793385715,-7.33590051488191,"CR (pooled)"
"PDIA4",58.3649182196549,58.8606360536263,0.495717833971341,"CR (pooled)"
"FAM136A",33.4649147936624,39.332703555772,5.86778876210961,"CR (pooled)"
"VPS35",44.6831805740639,38.3178309996528,-6.36534957441106,"CR (pooled)"
"PRKAA1",44.2940816721955,38.4085909718534,-5.88549070034214,"CR (pooled)"
"COA6",61.1712640738081,62.4938495941757,1.3225855203676,"CR (pooled)"
"RPL6",30.4303871317843,30.9557209563061,0.525333824521741,"CR (pooled)"
"MCU",46.1490733345355,32.9976566543223,-13.1514166802132,"CR (pooled)"
"SMAP1",26.1602953169803,26.697074010035,0.536778693054647,"CR (pooled)"
"CNRIP1",53.8975252898862,51.1313671288573,-2.7661581610289,"CR (pooled)"
"VPS26A",16.9088087711597,21.9694326805803,5.06062390942062,"CR (pooled)"
"ARPP19",53.088753036862,28.0411075540036,-25.0476454828584,"CR (pooled)"
"ARPC2",69.0364935335614,39.4743680367264,-29.5621254968349,"CR (pooled)"
"GSTM4",90.8777763358694,88.0299426933756,-2.84783364249381,"CR (pooled)"
"OPTN",26.2487150907506,51.5729686890463,25.3242535982957,"CR (pooled)"
"ARF6",40.6623375892653,24.1754485840801,-16.4868890051852,"CR (pooled)"
"PRDX4",29.9002429889765,32.9258768535292,3.02563386455271,"CR (pooled)"
"DYNC1LI2",67.8830348500052,35.7734966989111,-32.1095381510941,"CR (pooled)"
"TPP2",35.5686613922815,19.6590840076232,-15.9095773846582,"CR (pooled)"
"HMBS",63.0444558947199,50.0853769006397,-12.9590789940801,"CR (pooled)"
"AHSA1",34.8556582573109,31.4729758339625,-3.38268242334834,"CR (pooled)"
"CRIP2",100.984528773252,43.7089274165131,-57.2756013567385,"CR (pooled)"
"ACTR3",36.9765699977859,35.0477969981365,-1.9287729996494,"CR (pooled)"
"TIPRL",32.4792945244548,39.6405549230325,7.16126039857772,"CR (pooled)"
"PVALB",94.3850918447567,54.9120617012281,-39.4730301435286,"CR (pooled)"
"PPM1B",36.9247400225361,24.3913151316226,-12.5334248909135,"CR (pooled)"
"HIKESHI",43.0513733994105,30.7341440022132,-12.3172293971973,"CR (pooled)"
"QARS1",36.7291144622175,45.8123593098816,9.08324484766411,"CR (pooled)"
"USP9X",34.3857307647918,34.2161904786616,-0.1695402861302,"CR (pooled)"
"KCTD12",58.9808785579357,41.4880426187073,-17.4928359392284,"CR (pooled)"
"CORO1C",101.908265940316,43.0226108470733,-58.8856550932423,"CR (pooled)"
"PITHD1",43.8158030406971,35.0727335071999,-8.74306953349723,"CR (pooled)"
"TMX4",30.4058670837756,30.4251589407379,0.019291856962294,"CR (pooled)"
"TGM2",50.7498608949544,65.337592078074,14.5877311831196,"CR (pooled)"
"MMUT",46.3990127160207,64.223701128782,17.8246884127612,"CR (pooled)"
"TBCB",42.6128235982292,28.2994614063363,-14.3133621918929,"CR (pooled)"
"STMN1",69.0191747515165,48.7665575027529,-20.2526172487636,"CR (pooled)"
"NUDT3",25.1379850994933,28.4497191967472,3.31173409725398,"CR (pooled)"
"KRT5",97.1640528804084,52.1508520541271,-45.0132008262812,"CR (pooled)"
"NDUFA3",80.6521854638261,51.610114700972,-29.0420707628541,"CR (pooled)"
"ACAD8",60.5172216191153,58.9889700759753,-1.52825154314002,"CR (pooled)"
"SUB1",30.3468149284572,22.3893173826805,-7.95749754577666,"CR (pooled)"
"ADK",27.952443592329,21.2658743095089,-6.68656928282013,"CR (pooled)"
"SSB",26.8565131305834,27.0568840476407,0.20037091705731,"CR (pooled)"
"LAMP1",76.9061377570583,65.4699933926222,-11.4361443644361,"CR (pooled)"
"EIF1AX",22.3784812744918,26.6589666009539,4.28048532646203,"CR (pooled)"
"CSDE1",44.62192203806,27.2687051719174,-17.3532168661426,"CR (pooled)"
"FBLN2",48.1520860080287,39.823886363973,-8.32819964405572,"CR (pooled)"
"RAB1A",59.3932188161174,38.8935251552235,-20.499693660894,"CR (pooled)"
"MPP1",69.7915295326221,46.8616269559317,-22.9299025766905,"CR (pooled)"
"NRBP1",26.1788090843101,24.1714528798828,-2.00735620442735,"CR (pooled)"
"MFAP5",45.2429646843146,64.1373011357468,18.8943364514322,"CR (pooled)"
"HMGCL",35.5626654757995,31.1042590769457,-4.45840639885384,"CR (pooled)"
"EYA3",38.0975645354363,31.2077501142656,-6.88981442117069,"CR (pooled)"
"LAMTOR3",39.5676607306785,18.6290819541299,-20.9385787765486,"CR (pooled)"
"REXO2",28.8175917477845,14.758702126911,-14.0588896208735,"CR (pooled)"
"DDX1",28.6488817544615,21.1425510924674,-7.50633066199413,"CR (pooled)"
"CTSH",59.5728779212329,53.7821353904438,-5.79074253078902,"CR (pooled)"
"AP2B1",29.8833962516773,27.622380268192,-2.26101598348525,"CR (pooled)"
"ITGA6",73.4836410981296,32.5227014321122,-40.9609396660174,"CR (pooled)"
"HINT3",47.8736918423385,31.993320883115,-15.8803709592235,"CR (pooled)"
"DRG2",27.2745565320843,29.8943106310251,2.61975409894075,"CR (pooled)"
"MPC1",57.3828771395379,70.8514356840756,13.4685585445378,"CR (pooled)"
"PSMD6",28.9198195684162,16.9231272889399,-11.9966922794763,"CR (pooled)"
"LDHD",73.3447913694897,99.0701334270743,25.7253420575846,"CR (pooled)"
"NAP1L1",16.8749844599712,18.8023403136494,1.92735585367817,"CR (pooled)"
"HLA-A",46.987723787889,37.8724224995605,-9.1153012883285,"CR (pooled)"
"HNRNPC",83.2274510291876,45.2668094434661,-37.9606415857215,"CR (pooled)"
"CIAPIN1",26.1731697104868,14.0467090984058,-12.126460612081,"CR (pooled)"
"APEX1",25.9842511754402,23.7433076238532,-2.240943551587,"CR (pooled)"
"FXYD1",42.8450285894098,50.7799979767535,7.93496938734364,"CR (pooled)"
"COA3",44.4926151528588,72.2560126776204,27.7633975247617,"CR (pooled)"
"CNIH4",34.265770298527,40.5328854923983,6.26711519387133,"CR (pooled)"
"DTD1",34.7522262405099,32.9012524782516,-1.85097376225825,"CR (pooled)"
"ACTR2",35.2723010041174,32.530153356872,-2.74214764724536,"CR (pooled)"
"CARHSP1",72.5576488785903,60.5188699130368,-12.0387789655535,"CR (pooled)"
"RAB12",28.4031290589864,19.9449112862807,-8.4582177727057,"CR (pooled)"
"ADD3",50.0526627530118,51.5953403767969,1.54267762378507,"CR (pooled)"
"ECM1",41.9431580803649,51.771384174856,9.82822609449108,"CR (pooled)"
"SLIRP",38.339245686708,36.7946872935123,-1.54455839319562,"CR (pooled)"
"UBXN1",31.7620368829509,20.5955523961342,-11.1664844868167,"CR (pooled)"
"NPEPL1",50.4484161087799,36.3570043019854,-14.0914118067945,"CR (pooled)"
"MYL4",79.3771914827354,108.256047502478,28.878856019743,"CR (pooled)"
"MSI2",24.2009505579887,29.0409593806199,4.84000882263125,"CR (pooled)"
"AIFM2",48.6875593405977,75.1239714562989,26.4364121157011,"CR (pooled)"
"VPS29",42.4195245445431,57.9893950149133,15.5698704703702,"CR (pooled)"
"RPS14",45.9001863089726,24.9171651796595,-20.9830211293131,"CR (pooled)"
"DDX19A",45.7165289206888,26.4391146862272,-19.2774142344616,"CR (pooled)"
"EIF4E",29.8614082915099,17.2297487741075,-12.6316595174024,"CR (pooled)"
"DYNC1I2",36.0152519755685,16.1807650116132,-19.8344869639553,"CR (pooled)"
"FLOT1",37.4753000895734,29.8003943329692,-7.67490575660421,"CR (pooled)"
"TNXB",66.9501048182563,86.2555349252599,19.3054301070036,"CR (pooled)"
"DHX15",52.5848764559661,96.1674644618564,43.5825880058903,"CR (pooled)"
"SSBP1",49.6552037870036,31.6588924624415,-17.9963113245621,"CR (pooled)"
"PPP1R2",56.4260643245454,24.4857923560494,-31.9402719684961,"CR (pooled)"
"TIMM44",56.5872779270139,64.0421008231476,7.45482289613368,"CR (pooled)"
"METTL26",37.163712837035,25.105716145265,-12.05799669177,"CR (pooled)"
"IBA57",67.6772096344833,47.1289684234297,-20.5482412110536,"CR (pooled)"
"XPO1",25.0667039418766,24.167230937238,-0.89947300463858,"CR (pooled)"
"RPL24",34.5265885336788,45.2786479870922,10.7520594534134,"CR (pooled)"
"FBLN5",55.1989612516635,57.1351698074531,1.93620855578961,"CR (pooled)"
"ATP6V1A",32.7312438583908,27.2776603680785,-5.45358349031235,"CR (pooled)"
"ARMT1",40.3601737132815,30.1667359600442,-10.1934377532372,"CR (pooled)"
"MLEC",25.9947132811424,26.1311649521448,0.136451671002447,"CR (pooled)"
"NXN",41.8873637132582,35.635791559978,-6.25157215328018,"CR (pooled)"
"EIF3B",24.0570022663847,17.3827156452635,-6.67428662112124,"CR (pooled)"
"DAB2",37.0991722419075,21.0727893258871,-16.0263829160204,"CR (pooled)"
"DDX39B",22.3322201471466,23.0035901111899,0.671369964043336,"CR (pooled)"
"SNX12",30.5269259942311,61.5558983943483,31.0289724001172,"CR (pooled)"
"DTNA",39.6007807723529,49.2705527912242,9.66977201887132,"CR (pooled)"
"NT5DC1",41.1517526440411,35.9038276804555,-5.24792496358555,"CR (pooled)"
"GLUL",43.514015024202,168.029033108321,124.515018084119,"CR (pooled)"
"GLRX3",24.5400716640065,28.2546173968735,3.71454573286693,"CR (pooled)"
"RCN3",84.9286256123122,77.4904959632882,-7.43812964902399,"CR (pooled)"
"GNA11",46.6863970175589,27.5900882176182,-19.0963087999408,"CR (pooled)"
"FLOT2",40.2928304132152,48.3126778751489,8.01984746193371,"CR (pooled)"
"SPPL2A",38.0205010880275,32.8276437628727,-5.19285732515478,"CR (pooled)"
"RPL9",46.9093544371372,36.0194233031941,-10.8899311339432,"CR (pooled)"
"PPM1A",35.6762319963081,24.1348250111753,-11.5414069851328,"CR (pooled)"
"ATP6V0D1",21.4591906701891,41.6533458625358,20.1941551923467,"CR (pooled)"
"VPS25",32.5287080494871,25.6299153022491,-6.89879274723803,"CR (pooled)"
"MT-ND3",62.1318846412423,53.2525071503119,-8.87937749093035,"CR (pooled)"
"CTSC",56.1925732412972,81.9358041823835,25.7432309410864,"CR (pooled)"
"GMPR",46.9506734848189,51.1756329162314,4.22495943141251,"CR (pooled)"
"CHMP2A",51.3847065815699,36.47789683369,-14.9068097478799,"CR (pooled)"
"TRMT112",33.1228528060962,24.121377140959,-9.00147566513716,"CR (pooled)"
"RPL15",37.9419156150348,24.0723963179903,-13.8695192970445,"CR (pooled)"
"EPHX2",33.8021311285389,25.0795683449491,-8.72256278358981,"CR (pooled)"
"FERMT3",80.5767412783534,47.994421599351,-32.5823196790024,"CR (pooled)"
"PFDN5",28.0337549738003,24.3799938911893,-3.65376108261095,"CR (pooled)"
"ITGAV",44.4471277834752,23.227521051613,-21.2196067318623,"CR (pooled)"
"CD248",84.0004036782889,74.1749189701677,-9.82548470812117,"CR (pooled)"
"ALYREF",70.0550496057234,56.8570108650029,-13.1980387407205,"CR (pooled)"
"RPIA",43.7367232331785,31.9247132538149,-11.8120099793636,"CR (pooled)"
"RRAD",35.5651186893593,42.8631604887822,7.29804179942299,"CR (pooled)"
"SESN3",48.8901371758941,12.2607369175759,-36.6294002583182,"CR (pooled)"
"NT5E",95.3216337916098,41.7058592295108,-53.615774562099,"CR (pooled)"
"RRAS2",44.8113130454293,54.8487212753977,10.0374082299684,"CR (pooled)"
"VPS13C",33.1813056879076,17.2982266357671,-15.8830790521405,"CR (pooled)"
"IDI1",39.1758520999592,55.1930105548335,16.0171584548742,"CR (pooled)"
"HSPA12A",59.5383856485762,42.1052903209682,-17.4330953276081,"CR (pooled)"
"RPL26",52.4796308850723,53.0251673031535,0.545536418081227,"CR (pooled)"
"RBM38",27.6527258961371,18.7940069358689,-8.85871896026824,"CR (pooled)"
"RPL4",18.8298792332817,28.4332127106212,9.60333347733955,"CR (pooled)"
"RARS1",32.0247904943864,19.5464008404768,-12.4783896539096,"CR (pooled)"
"TXNDC5",79.1377735584088,76.5311970089013,-2.60657654950747,"CR (pooled)"
"ABCF1",40.5418221584081,34.0993163456708,-6.44250581273729,"CR (pooled)"
"PPIL3",47.5255299068323,18.5972956143919,-28.9282342924404,"CR (pooled)"
"NT5C",36.802467580123,66.9029913319957,30.1005237518728,"CR (pooled)"
"HDHD2",29.5821750427938,33.6111489139491,4.02897387115535,"CR (pooled)"
"PAK2",19.061703373608,16.1612644765906,-2.90043889701741,"CR (pooled)"
"DEPTOR",34.2140577125893,23.3410147943119,-10.8730429182774,"CR (pooled)"
"PRPSAP2",43.9768929462768,42.7895917611771,-1.18730118509966,"CR (pooled)"
"RDH5",78.281237795786,21.9208882034006,-56.3603495923853,"CR (pooled)"
"NLN",47.2820294784549,45.9471634981475,-1.33486598030744,"CR (pooled)"
"BTF3L4",23.424374807436,15.8576048233688,-7.56676998406724,"CR (pooled)"
"CDV3",39.7770272496618,23.7115242394043,-16.0655030102576,"CR (pooled)"
"EIF3E",21.3339723153616,21.9140763137779,0.580103998416224,"CR (pooled)"
"RAB5B",29.0426577611081,31.3942786510396,2.35162088993155,"CR (pooled)"
"ARL3",30.8561068512612,19.9725496325864,-10.8835572186748,"CR (pooled)"
"CAPG",103.287343605419,67.3451790190853,-35.9421645863334,"CR (pooled)"
"SH3GLB1",30.0246400582815,24.2039705157191,-5.82066954256235,"CR (pooled)"
"SNTB1",55.3816718311094,43.5741738485007,-11.8074979826087,"CR (pooled)"
"GSPT1",27.0101738732062,12.1095002953788,-14.9006735778275,"CR (pooled)"
"MYADM",88.3624370305681,89.491887365122,1.12945033455395,"CR (pooled)"
"COL3A1",86.1230897734581,78.2415549002751,-7.88153487318301,"CR (pooled)"
"ISCA2",79.6806927316526,56.2863429053464,-23.3943498263062,"CR (pooled)"
"PTGIS",84.4003216350241,90.4434546197924,6.04313298476826,"CR (pooled)"
"STK38",34.731494451262,37.74913183006,3.01763737879809,"CR (pooled)"
"EIF2S3",24.1877347576003,17.2807223443244,-6.9070124132759,"CR (pooled)"
"TIMM50",57.0681479591628,24.2247493923544,-32.8433985668084,"CR (pooled)"
"IPO7",39.5427926772887,22.7265300485556,-16.8162626287331,"CR (pooled)"
"DCTN1",16.542755059572,14.16087316194,-2.38188189763198,"CR (pooled)"
"LMAN2",32.4186306279989,29.2445914137303,-3.17403921426855,"CR (pooled)"
"NDUFV3",67.9751855622481,33.6280326707387,-34.3471528915094,"CR (pooled)"
"DDX3X",20.666517798828,22.7975256441932,2.13100784536518,"CR (pooled)"
"CUL4A",42.6938066330704,46.0947352860595,3.40092865298915,"CR (pooled)"
"ECHDC3",42.4554847485044,38.6028650735754,-3.85261967492895,"CR (pooled)"
"HMGCS2",40.5451959045341,40.1172516896897,-0.427944214844352,"CR (pooled)"
"LRP1",55.3970688663221,37.226142367666,-18.1709264986561,"CR (pooled)"
"LNPK",32.8178821710176,31.9562920802416,-0.861590090776012,"CR (pooled)"
"DCUN1D1",42.6231945157554,39.1643060374847,-3.45888847827068,"CR (pooled)"
"PCTP",18.7450335589516,36.848823171751,18.1037896127994,"CR (pooled)"
"MSRB2",72.4914380546643,52.4111985454592,-20.0802395092051,"CR (pooled)"
"PRG4",106.831815233649,68.0816670002763,-38.7501482333722,"CR (pooled)"
"PIN4",36.305689710144,29.2396525641201,-7.06603714602392,"CR (pooled)"
"SMS",40.9991435024736,44.372459910134,3.37331640766041,"CR (pooled)"
"AGO2",41.1982828380268,34.9063336336561,-6.29194920437076,"CR (pooled)"
"PPTC7",43.9429521475285,46.3077271858014,2.36477503827293,"CR (pooled)"
"RCN1",48.2732192396474,29.364795427449,-18.9084238121983,"CR (pooled)"
"UBXN6",28.3309513496826,24.162304974689,-4.16864637499365,"CR (pooled)"
"CUL3",15.5858305101042,23.3840652843485,7.79823477424436,"CR (pooled)"
"ADD1",61.3904104131609,51.8741340876977,-9.5162763254632,"CR (pooled)"
"ATP6V1G1",22.6686464362157,29.6754504387868,7.00680400257116,"CR (pooled)"
"CLIP1",36.1179022435021,29.8925125039417,-6.22538973956037,"CR (pooled)"
"GNAI1",62.1165520194849,47.5265911984011,-14.5899608210838,"CR (pooled)"
"EIF3C",16.4756889967638,21.6998028740388,5.224113877275,"CR (pooled)"
"PSMD3",23.1931197658112,24.8384188222926,1.64529905648145,"CR (pooled)"
"MT-CYB",48.0415070129102,14.9236413581483,-33.1178656547619,"CR (pooled)"
"CLNS1A",42.124770520515,25.6013889721702,-16.5233815483448,"CR (pooled)"
"DHX9",47.1404663559697,42.1901987625192,-4.95026759345045,"CR (pooled)"
"ATPAF2",46.6415159885929,58.1243275595799,11.482811570987,"CR (pooled)"
"EIF3G",37.479869037169,21.331064225688,-16.1488048114809,"CR (pooled)"
"COX17",40.6791382115881,64.2509340897037,23.5717958781156,"CR (pooled)"
"TMEM70",72.469517016974,55.6798662344407,-16.7896507825333,"CR (pooled)"
"SURF1",65.3737871103764,43.5381553805559,-21.8356317298204,"CR (pooled)"
"AHCYL1",31.8104215204659,21.0790809375595,-10.7313405829064,"CR (pooled)"
"STXBP1",44.1621710995964,34.5472016568394,-9.61496944275704,"CR (pooled)"
"STXBP3",40.7920107816139,16.2365182003045,-24.5554925813094,"CR (pooled)"
"TMEM256",40.6474687814701,33.8411960113693,-6.80627277010085,"CR (pooled)"
"GYPC",58.7311620733664,37.7528858379289,-20.9782762354375,"CR (pooled)"
"TBC1D17",43.4941526635784,27.9228342739692,-15.5713183896092,"CR (pooled)"
"EML1",39.6759869848047,31.3227384099635,-8.35324857484122,"CR (pooled)"
"SCARB2",30.2672633819491,33.5552438833933,3.28798050144415,"CR (pooled)"
"CNP",97.8848236199535,43.0187424659796,-54.8660811539739,"CR (pooled)"
"LIMA1",37.8437865094459,64.0604649204976,26.2166784110517,"CR (pooled)"
"DNAJC11",24.3666544509717,56.0650542208183,31.6983997698466,"CR (pooled)"
"RCN2",50.6964812573023,28.8043006671011,-21.8921805902011,"CR (pooled)"
"PITRM1",33.3260833142287,29.7971934155288,-3.52888989869988,"CR (pooled)"
"SLC41A3",18.5442668286987,47.9175551779992,29.3732883493005,"CR (pooled)"
"CD151",79.922784211317,92.2368759464295,12.3140917351125,"CR (pooled)"
"MAT2B",29.7538919264466,21.9207057997314,-7.83318612671517,"CR (pooled)"
"CHCHD10",46.7701232218718,50.2343914783704,3.46426825649862,"CR (pooled)"
"CPNE1",29.28430533891,31.6466394650107,2.36233412610063,"CR (pooled)"
"RBMX",60.7333365148461,45.7081853625585,-15.0251511522876,"CR (pooled)"
"CD63",46.9475249769963,52.6132151563215,5.66569017932527,"CR (pooled)"
"MTRES1",39.2305880445739,12.0015978032969,-27.228990241277,"CR (pooled)"
"AP1B1",49.8224483794516,45.8530861586997,-3.96936222075186,"CR (pooled)"
"PLIN5",53.8155040219719,45.5039127260471,-8.31159129592482,"CR (pooled)"
"IST1",21.2064537410594,24.3325300903107,3.12607634925127,"CR (pooled)"
"TMED2",28.5881332869114,32.4994688328906,3.91133554597922,"CR (pooled)"
"NDUFAF4",63.166806702702,74.3465602740066,11.1797535713047,"CR (pooled)"
"CHMP3",52.7232698719536,25.1105491741177,-27.6127206978358,"CR (pooled)"
"MSRA",45.1639979262098,30.3006653599626,-14.8633325662472,"CR (pooled)"
"SESN1",14.7061064959661,37.5238060033577,22.8176995073915,"CR (pooled)"
"GART",35.7417485531349,23.7350363212191,-12.0067122319158,"CR (pooled)"
"OXSM",57.2736651289096,59.462360824073,2.18869569516341,"CR (pooled)"
"TMEM143",57.5607799062496,42.0826895516244,-15.4780903546251,"CR (pooled)"
"MT-ND4",75.2450888233964,56.9779333844445,-18.2671554389519,"CR (pooled)"
"TMX3",34.6278334091799,24.3739027127738,-10.253930696406,"CR (pooled)"
"ATP6V1B2",22.1337672888025,15.3629905406707,-6.77077674813185,"CR (pooled)"
"STX7",64.2868213543091,49.0477105207725,-15.2391108335366,"CR (pooled)"
"DYNLRB1",57.4463902078991,15.3141323533775,-42.1322578545216,"CR (pooled)"
"CCDC22",31.1630073343918,21.2589152046761,-9.90409212971564,"CR (pooled)"
"HNRNPF",25.1113677440915,37.0508641514894,11.9394964073979,"CR (pooled)"
"RHOG",91.2928037150813,84.7682475111624,-6.52455620391893,"CR (pooled)"
"RUVBL2",48.1260042774769,41.1247302298226,-7.00127404765428,"CR (pooled)"
"CUL2",28.1829670038973,42.5845243305809,14.4015573266836,"CR (pooled)"
"CPT1A",38.6924440989206,78.0488398993821,39.3563958004615,"CR (pooled)"
"SLC44A2",40.1255065125458,40.4427392577611,0.317232745215257,"CR (pooled)"
"SHMT2",31.0425264080668,36.1923726459249,5.14984623785807,"CR (pooled)"
"CD38",48.4612679965409,19.1851389792372,-29.2761290173037,"CR (pooled)"
"COPS3",38.7104112907962,29.0802570381266,-9.63015425266969,"CR (pooled)"
"KYAT1",34.1659909108479,50.0374481971811,15.8714572863332,"CR (pooled)"
"TMOD1",66.3460380714346,96.7037128534959,30.3576747820612,"CR (pooled)"
"SRM",52.0386664200609,48.1972273324462,-3.84143908761475,"CR (pooled)"
"STX4",29.9574414089445,31.6243608748301,1.66691946588556,"CR (pooled)"
"EEA1",56.8039922219129,39.6031124043062,-17.2008798176067,"CR (pooled)"
"NNMT",78.8255274983599,77.5685149758794,-1.25701252248051,"CR (pooled)"
"UBE4A",31.9154416208432,33.8477449283286,1.93230330748541,"CR (pooled)"
"RAB2B",38.3281130116216,48.8010134047147,10.4729003930931,"CR (pooled)"
"RDH14",35.7845826926463,32.9927576646416,-2.79182502800475,"CR (pooled)"
"GABARAPL2",48.246068626401,27.587866082103,-20.658202544298,"CR (pooled)"
"CELF1",33.6476190662783,21.5355455638664,-12.1120735024119,"CR (pooled)"
"CUL1",37.0876178389898,25.0675206401089,-12.0200971988809,"CR (pooled)"
"INPP1",28.6447875728123,29.6970968496716,1.05230927685927,"CR (pooled)"
"HNRNPH3",29.6357182109166,33.5147692394624,3.87905102854572,"CR (pooled)"
"ALDH16A1",45.0439520807218,45.6724186817085,0.628466600986684,"CR (pooled)"
"HEBP1",66.9013671762342,73.618401939909,6.71703476367486,"CR (pooled)"
"PARVB",43.063864063113,41.953549607706,-1.11031445540704,"CR (pooled)"
"RMDN1",44.3764266786315,44.8847403886007,0.508313709969187,"CR (pooled)"
"H6PD",28.3715532369514,16.1572401388726,-12.2143130980788,"CR (pooled)"
"NAE1",35.3082003122536,25.3744489177536,-9.93375139449993,"CR (pooled)"
"MIEN1",36.5531595410689,28.4916973566638,-8.06146218440509,"CR (pooled)"
"RBBP4",40.9119335228146,40.5901914754416,-0.321742047373036,"CR (pooled)"
"EIF3F",26.3328140668699,29.6181085150402,3.28529444817025,"CR (pooled)"
"ITGA1",41.5539176171884,39.1470568740243,-2.40686074316419,"CR (pooled)"
"FN3KRP",45.6818653602089,24.3618880291298,-21.3199773310791,"CR (pooled)"
"MPV17",95.4081955423919,69.7977692643824,-25.6104262780096,"CR (pooled)"
"VPS4B",19.1761066748356,24.5958107522481,5.41970407741247,"CR (pooled)"
"RPS27",45.0448995530694,37.8760750083702,-7.16882454469916,"CR (pooled)"
"IDE",39.7584549021948,23.8431157353037,-15.9153391668911,"CR (pooled)"
"CLIC4",44.5436710546586,37.2773539173508,-7.26631713730782,"CR (pooled)"
"HEXB",63.7141874926279,61.9166010860984,-1.79758640652948,"CR (pooled)"
"NFU1",39.8070245511004,42.5430598622552,2.73603531115482,"CR (pooled)"
"HBS1L",31.6285920780361,19.0037429837937,-12.6248490942425,"CR (pooled)"
"SEC23IP",26.0606408788999,34.1334870417806,8.07284616288069,"CR (pooled)"
"NANS",37.2495964037744,48.1940821940295,10.9444857902552,"CR (pooled)"
"RPL11",28.9507219666434,36.5947581872575,7.64403622061412,"CR (pooled)"
"MESD",48.1474632319705,7.173339654491,-40.9741235774795,"CR (pooled)"
"RASA4",33.4462359023175,65.3615809644545,31.915345062137,"CR (pooled)"
"YKT6",46.4939914191501,52.0871361734247,5.59314475427465,"CR (pooled)"
"PYURF",106.506006564819,88.5959837847243,-17.910022780095,"CR (pooled)"
"LACTB2",32.9246657972758,31.1207725455113,-1.80389325176447,"CR (pooled)"
"SNRPE",14.9492263356956,40.9243915672507,25.9751652315551,"CR (pooled)"
"TMX1",28.5281987271499,23.0336089215276,-5.49458980562234,"CR (pooled)"
"C11orf68",29.5499976126255,50.010635128549,20.4606375159235,"CR (pooled)"
"ARIH2",26.0307605592568,35.3277891976691,9.29702863841236,"CR (pooled)"
"MRPS17",68.0521523874726,41.7610656471574,-26.2910867403152,"CR (pooled)"
"PRKCQ",29.5443456080982,25.1797200835414,-4.36462552455681,"CR (pooled)"
"SRPRB",36.047819237085,34.7859929483252,-1.26182628875971,"CR (pooled)"
"ARHGDIB",66.5863484033194,42.3639595752972,-24.2223888280222,"CR (pooled)"
"CSRP2",69.8181909066254,72.4886331083537,2.67044220172824,"CR (pooled)"
"USP15",53.1011015137467,46.3392704136099,-6.76183110013675,"CR (pooled)"
"HPCAL1",32.3763138660418,27.3783419636559,-4.99797190238586,"CR (pooled)"
"LARS2",22.2887836665085,69.9996782947926,47.7108946282841,"CR (pooled)"
"MDP1",37.5400644988713,24.0107509807193,-13.529313518152,"CR (pooled)"
"COL15A1",68.9948239577303,105.424986940661,36.4301629829305,"CR (pooled)"
"MRPL12",60.6956242623672,49.946556987334,-10.7490672750332,"CR (pooled)"
"CES2",49.6213909007595,42.6231574406225,-6.99823346013696,"CR (pooled)"
"PDZK1IP1",56.5937208572017,72.5615466944253,15.9678258372236,"CR (pooled)"
"ACAA1",35.3084070976044,44.4858965810729,9.17748948346842,"CR (pooled)"
"PTPN11",27.1290305208622,22.0194929022683,-5.10953761859382,"CR (pooled)"
"IL18",71.5140777129327,44.3491642975493,-27.1649134153834,"CR (pooled)"
"SFXN3",44.1100524204978,43.0632742324878,-1.04677818800992,"CR (pooled)"
"SUMF2",41.6714774649483,30.9234655002969,-10.7480119646514,"CR (pooled)"
"KANK2",59.6448097378466,33.4823939608472,-26.1624157769994,"CR (pooled)"
"DEK",17.1305930271681,27.1270368166376,9.99644378946946,"CR (pooled)"
"LRRC59",100.494740595965,43.001290824463,-57.4934497715017,"CR (pooled)"
"BDH2",65.435125545155,34.7681259454038,-30.6669995997512,"CR (pooled)"
"MOB1A",17.9621231737078,35.0773123549996,17.1151891812918,"CR (pooled)"
"AIMP2",36.1364935956203,25.8293856456802,-10.30710794994,"CR (pooled)"
"RPL19",25.4450699705529,31.5499360665625,6.10486609600958,"CR (pooled)"
"TIMM8A",94.4372534179484,61.3182049971365,-33.119048420812,"CR (pooled)"
"FARSA",30.9026762222189,30.5448896380693,-0.357786584149686,"CR (pooled)"
"MPO",60.848333775386,117.89847037223,57.0501365968439,"CR (pooled)"
"CTSZ",73.1548904440302,46.8503143685424,-26.3045760754878,"CR (pooled)"
"STOML2",39.1075651965686,20.19787144602,-18.9096937505485,"CR (pooled)"
"SRSF3",39.5532081361081,37.8404012554027,-1.71280688070537,"CR (pooled)"
"NHLRC2",28.025102673488,28.3114845402257,0.286381866737756,"CR (pooled)"
"MAPK9",33.4927566760215,48.147193724582,14.6544370485606,"CR (pooled)"
"SSPN",59.3333004151223,51.2350629178158,-8.09823749730658,"CR (pooled)"
"PECAM1",60.0475752374949,38.8817772621488,-21.1657979753461,"CR (pooled)"
"PSMD7",32.4986992962857,32.0083416116079,-0.490357684677818,"CR (pooled)"
"SIAE",31.9153790098766,13.3650031225122,-18.5503758873644,"CR (pooled)"
"MAPK14",50.0946497126265,44.15059273285,-5.94405697977644,"CR (pooled)"
"EHBP1L1",37.9475287944832,25.9609019421324,-11.9866268523508,"CR (pooled)"
"RAB8A",61.1839282792458,62.4985656619879,1.3146373827421,"CR (pooled)"
"SNX5",42.0311504331536,30.2989699463318,-11.7321804868218,"CR (pooled)"
"OPLAH",36.6223833277182,32.8998155519302,-3.722567775788,"CR (pooled)"
"TMEM126A",44.6725279043224,56.8398178267676,12.1672899224452,"CR (pooled)"
"EIF2S2",26.5848876386222,28.9897291998126,2.40484156119043,"CR (pooled)"
"EIF6",41.025537123477,23.0060708100157,-18.0194663134613,"CR (pooled)"
"BOLA2",31.5793375255345,35.70721793443,4.12788040889556,"CR (pooled)"
"PFKFB1",21.0982718523182,28.474588518278,7.3763166659598,"CR (pooled)"
"WDR77",40.1766770519895,22.4293335056219,-17.7473435463675,"CR (pooled)"
"SFPQ",28.509374017568,42.6391293575965,14.1297553400286,"CR (pooled)"
"LAMA2",60.9347903716313,145.347847127517,84.4130567558861,"CR (pooled)"
"LZIC",31.3726101526113,20.6794414289823,-10.6931687236289,"CR (pooled)"
"PDK2",59.1722389682774,78.7726127500806,19.6003737818032,"CR (pooled)"
"RALB",116.620685451731,47.9757692946543,-68.6449161570763,"CR (pooled)"
"RPS26",23.6247202085413,26.3807522445183,2.75603203597696,"CR (pooled)"
"MYH8",77.412537530636,112.859842339408,35.4473048087725,"CR (pooled)"
"ABCF2",45.9859453947384,64.1814576225842,18.1955122278458,"CR (pooled)"
"AP2M1",24.8300100761669,27.9904609896668,3.16045091349991,"CR (pooled)"
"PITPNB",38.2588825872745,55.3998496835147,17.1409670962403,"CR (pooled)"
"HSD17B4",25.4290249875807,32.9023669392382,7.47334195165753,"CR (pooled)"
"ACAD9",50.8697705902295,56.3592844771657,5.48951388693619,"CR (pooled)"
"CDIPT",47.3023030204283,25.3208557420861,-21.9814472783422,"CR (pooled)"
"HNMT",74.8698020359973,57.2855284353047,-17.5842736006926,"CR (pooled)"
"MTARC1",87.3433895004294,68.6270439449339,-18.7163455554955,"CR (pooled)"
"KHSRP",49.8067956924873,36.660972748892,-13.1458229435953,"CR (pooled)"
"BCKDK",56.3217898985845,70.1851694062054,13.8633795076209,"CR (pooled)"
"UFD1",37.9290761226482,30.271172773472,-7.65790334917625,"CR (pooled)"
"MVP",66.6204622803298,48.5453309498561,-18.0751313304737,"CR (pooled)"
"RPL29",60.2217118999977,119.151123896783,58.9294119967852,"CR (pooled)"
"PRKAB2",40.4905176882395,34.6979500364738,-5.79256765176567,"CR (pooled)"
"SIRT5",58.5556517207601,39.5633280182047,-18.9923237025554,"CR (pooled)"
"RNF114",26.0118020994127,29.2006537445621,3.18885164514933,"CR (pooled)"
"THEM6",50.0666034561962,10.0797262633127,-39.9868771928834,"CR (pooled)"
"SCP2",48.8973069298317,26.7004763321425,-22.1968305976892,"CR (pooled)"
"DMAC2L",41.5031722058038,36.3480640107934,-5.15510819501041,"CR (pooled)"
"HDLBP",40.8913985278518,58.3862089677123,17.4948104398605,"CR (pooled)"
"PMM2",25.8491437467524,34.4011570540888,8.55201330733635,"CR (pooled)"
"ACSS1",42.2539419757106,24.4904262623267,-17.7635157133839,"CR (pooled)"
"CBR3",55.9328959830518,37.5540084332677,-18.3788875497841,"CR (pooled)"
"RAB9A",30.0791836615531,47.662312302844,17.5831286412909,"CR (pooled)"
"TOMM40",52.3219375473825,23.7698115728833,-28.5521259744993,"CR (pooled)"
"ARPC1B",75.6311777009984,57.1888592701174,-18.442318430881,"CR (pooled)"
"LGALSL",31.2103645111244,35.198531740166,3.98816722904154,"CR (pooled)"
"COPB1",53.4105730883758,53.9114676160073,0.500894527631488,"CR (pooled)"
"RTN4IP1",46.1834952899141,43.0852246878357,-3.09827060207842,"CR (pooled)"
"AARS1",16.4143901338035,18.1643569812113,1.74996684740777,"CR (pooled)"
"SERBP1",51.4672225130099,42.8308638879709,-8.63635862503894,"CR (pooled)"
"TXNDC12",43.9039914365424,45.3656538360254,1.46166239948303,"CR (pooled)"
"DDX19B",66.8966025497917,47.6297252737486,-19.2668772760432,"CR (pooled)"
"ZYX",66.8365580169167,23.0990869386476,-43.7374710782691,"CR (pooled)"
"MCCC1",38.7871783915644,46.0281468067849,7.24096841522051,"CR (pooled)"
"AARSD1",41.3770428536544,29.063778871544,-12.3132639821104,"CR (pooled)"
"SRP14",35.5288147022523,67.435365057876,31.9065503556237,"CR (pooled)"
"INF2",27.1541350729164,33.1294821605109,5.97534708759449,"CR (pooled)"
"LMAN1",35.6473843926433,23.1360191319231,-12.5113652607202,"CR (pooled)"
"CORO1B",75.1577983008908,51.8821631174778,-23.275635183413,"CR (pooled)"
"PFAS",59.3325782540718,42.3179354122142,-17.0146428418576,"CR (pooled)"
"AEBP1",55.4154982064857,62.3801487883303,6.96465058184466,"CR (pooled)"
"RPL21",57.6902177888512,27.5745767234097,-30.1156410654415,"CR (pooled)"
"JUP",66.6946394742967,30.5359058982175,-36.1587335760792,"CR (pooled)"
"KHDRBS1",45.0664290518899,30.0558461109574,-15.0105829409324,"CR (pooled)"
"SUGT1",30.4506064915143,24.9373225422011,-5.51328394931315,"CR (pooled)"
"UBA3",41.885169154054,18.8820427317006,-23.0031264223534,"CR (pooled)"
"NDRG1",69.1203991086533,48.8141463282776,-20.3062527803757,"CR (pooled)"
"GNS",33.0931761783471,37.0532047804239,3.96002860207676,"CR (pooled)"
"D2HGDH",36.5288662039131,38.6905116529769,2.16164544906381,"CR (pooled)"
"PLGRKT",42.5003044013045,31.5286657411537,-10.9716386601507,"CR (pooled)"
"EZR",35.0403680306138,38.8682850471003,3.82791701648646,"CR (pooled)"
"RDH13",39.507477448308,38.0262035568149,-1.4812738914931,"CR (pooled)"
"DBNL",45.7086760860985,36.1894234033456,-9.51925268275289,"CR (pooled)"
"LYPLAL1",28.1668319514511,25.7062458759973,-2.46058607545381,"CR (pooled)"
"FAM98B",38.748286578762,42.193943851851,3.44565727308897,"CR (pooled)"
"ATL2",41.0996428255196,35.3960676509016,-5.70357517461801,"CR (pooled)"
"PPP2R5A",35.3482014646752,28.3722690454603,-6.97593241921487,"CR (pooled)"
"DNAJB1",33.5546481279824,52.1269785540345,18.5723304260521,"CR (pooled)"
"CRADD",69.967982061148,75.0619988123142,5.09401675116618,"CR (pooled)"
"LETM1",35.7371837656916,33.4728100308008,-2.26437373489087,"CR (pooled)"
"TUBB4A",128.354749346235,21.3640906851161,-106.990658661118,"CR (pooled)"
"CLYBL",83.1443445358912,84.8832429824444,1.73889844655314,"CR (pooled)"
"NFIC",28.4348003868419,30.0963265312619,1.66152614442007,"CR (pooled)"
"AUH",68.75401032989,58.6069890915766,-10.1470212383134,"CR (pooled)"
"ENSA",48.4188323607123,35.5692498976873,-12.8495824630249,"CR (pooled)"
"DCLK1",47.7043981842847,63.0675641365617,15.363165952277,"CR (pooled)"
"PPIL1",28.7047325346335,25.9759703525291,-2.72876218210434,"CR (pooled)"
"STX12",76.440736267953,54.7020165740379,-21.7387196939151,"CR (pooled)"
"ATP6V1C1",36.8795650709372,18.1991593469476,-18.6804057239896,"CR (pooled)"
"COX8A",42.4824025025656,113.359241794842,70.876839292276,"CR (pooled)"
"ABCA8",57.2319502646519,42.2108365592475,-15.0211137054045,"CR (pooled)"
"MTM1",55.2200719769825,36.1615259246723,-19.0585460523103,"CR (pooled)"
"TXNRD2",37.6059155354069,29.4647520876227,-8.14116344778418,"CR (pooled)"
"BCKDHB",52.3311768789293,67.1248131400197,14.7936362610903,"CR (pooled)"
"GM2A",56.920539309468,61.0113820221408,4.09084271267272,"CR (pooled)"
"C6orf136",138.120447691904,51.8354942361463,-86.2849534557573,"CR (pooled)"
"PRPSAP1",33.8007541257847,39.5678398009851,5.76708567520043,"CR (pooled)"
"ETF1",32.8087453909114,24.6776110709567,-8.1311343199547,"CR (pooled)"
"EIF3L",34.4046457035049,34.4740170642524,0.0693713607475317,"CR (pooled)"
"RBKS",48.6801013260644,49.6078757794607,0.927774453396374,"CR (pooled)"
"SENP8",30.1954643398753,23.7607720005661,-6.43469233930923,"CR (pooled)"
"ARCN1",14.9649614029333,23.4000341367627,8.4350727338294,"CR (pooled)"
"TATDN1",30.4169297870139,31.4018657952505,0.98493600823662,"CR (pooled)"
"C19orf12",38.0686620044332,27.4991921404502,-10.569469863983,"CR (pooled)"
"MICU1",28.3188390918071,27.4007760141912,-0.918063077615916,"CR (pooled)"
"DHTKD1",23.3110948642375,32.4494616855798,9.13836682134222,"CR (pooled)"
"CHMP1B",72.1718077615073,57.9766872174669,-14.1951205440404,"CR (pooled)"
"MGST2",43.9264116086856,31.653679799155,-12.2727318095307,"CR (pooled)"
"TNKS1BP1",86.1527353582834,54.2177702566027,-31.9349651016807,"CR (pooled)"
"HNRNPM",81.0859152870025,34.5050032745971,-46.5809120124054,"CR (pooled)"
"RPL36",63.5979236649685,42.3750034739174,-21.2229201910511,"CR (pooled)"
"NUDCD2",36.0103603144371,35.4276530157015,-0.582707298735571,"CR (pooled)"
"PRKCD",26.0547369023452,20.8661838297972,-5.18855307254803,"CR (pooled)"
"EPB41L3",51.3336418173519,39.8520438642862,-11.4815979530657,"CR (pooled)"
"SYNPO2L",86.7826554774499,117.481391447919,30.6987359704691,"CR (pooled)"
"CLIC6",54.7455798813582,44.1523188531195,-10.5932610282387,"CR (pooled)"
"MTIF2",41.4812763816164,39.417608812896,-2.06366756872038,"CR (pooled)"
"OPA3",56.2477029604743,53.4456697013288,-2.80203325914547,"CR (pooled)"
"LIMCH1",24.936067187304,43.0525001522166,18.1164329649126,"CR (pooled)"
"PLAA",42.3088742715007,33.900332305617,-8.40854196588364,"CR (pooled)"
"PFKFB2",40.5547972181538,27.4142848884604,-13.1405123296935,"CR (pooled)"
"FAHD2A",42.7705306745663,30.9185724116839,-11.8519582628825,"CR (pooled)"
"BROX",39.2241365800468,41.4380778840258,2.21394130397898,"CR (pooled)"
"HSPBP1",27.3615884182806,24.1244412313384,-3.23714718694226,"CR (pooled)"
"EIF3M",19.4795339909011,16.9550523382773,-2.52448165262386,"CR (pooled)"
"NUDCD1",26.3894050879021,21.3095742977055,-5.07983079019663,"CR (pooled)"
"RPL3",11.0371020275752,55.5233070536369,44.4862050260617,"CR (pooled)"
"UBQLN1",24.6334361173659,25.8600977220152,1.22666160464933,"CR (pooled)"
"BCKDHA",36.7794845035726,36.9918112938326,0.212326790259937,"CR (pooled)"
"SSC5D",105.07924133632,50.7542270200708,-54.325014316249,"CR (pooled)"
"PRUNE1",22.8188974999593,23.37911782567,0.560220325710684,"CR (pooled)"
"CSTA",102.36044946094,63.0243255912465,-39.3361238696938,"CR (pooled)"
"CHMP4B",30.8334368826469,28.7245855822147,-2.10885130043227,"CR (pooled)"
"ATAD3A",52.3109180128099,40.3373479031944,-11.9735701096156,"CR (pooled)"
"ILVBL",65.7823457149432,60.0541749843316,-5.72817073061161,"CR (pooled)"
"NAA50",16.4426791741785,38.1124693091258,21.6697901349473,"CR (pooled)"
"DHRS11",38.43493768212,36.8379761621625,-1.59696151995748,"CR (pooled)"
"PPP1R14B",54.708146341264,52.1908202976854,-2.51732604357857,"CR (pooled)"
"LPCAT3",56.3011790768369,39.7272323289981,-16.5739467478387,"CR (pooled)"
"PPP1R12B",65.4078093661495,64.719086795854,-0.688722570295468,"CR (pooled)"
"BPNT1",29.7363791025002,20.8802931752424,-8.85608592725773,"CR (pooled)"
"EIF4E3",34.6300034587949,50.0867302190653,15.4567267602704,"CR (pooled)"
"KPNA6",22.316531688949,25.5109788235769,3.19444713462795,"CR (pooled)"
"ITPA",30.2519566128539,25.2355940278155,-5.01636258503841,"CR (pooled)"
"LMNB2",23.1901249265251,70.8174751085859,47.6273501820608,"CR (pooled)"
"PGM2L1",48.3355942199737,30.9433354657444,-17.3922587542294,"CR (pooled)"
"PARP1",35.564065686974,25.6876557565359,-9.87640993043803,"CR (pooled)"
"TSG101",22.9087626100538,28.4569018086386,5.5481391985848,"CR (pooled)"
"GLS",64.7627547203047,52.4932767810142,-12.2694779392905,"CR (pooled)"
"SMTN",34.8092521719034,30.2323494531193,-4.57690271878411,"CR (pooled)"
"AP2A2",39.0631123412265,33.6186539642267,-5.44445837699975,"CR (pooled)"
"RO60",50.251230139494,42.5263483802095,-7.72488175928443,"CR (pooled)"
"LSM3",28.2542233153508,46.2914372152407,18.0372138998899,"CR (pooled)"
"CSNK2A1",23.8612417580511,29.6320310380086,5.77078927995748,"CR (pooled)"
"CDNF",39.9077329850143,47.9831743406275,8.0754413556132,"CR (pooled)"
"HNRNPUL1",57.6166907020822,55.054784293498,-2.56190640858418,"CR (pooled)"
"STAT5B",15.3414117560897,13.6328775629351,-1.70853419315455,"CR (pooled)"
"CA14",25.6664203017465,55.3145215799778,29.6481012782313,"CR (pooled)"
"MICOS10",36.7151397111145,58.1535542524176,21.4384145413031,"CR (pooled)"
"UBE3A",16.5986176903138,23.6022495549671,7.0036318646533,"CR (pooled)"
"SORT1",107.985929829011,54.4900528097491,-53.4958770192614,"CR (pooled)"
"MME",29.361910391236,30.5164652068066,1.15455481557058,"CR (pooled)"
"LANCL2",33.8277241370287,36.9213770113315,3.09365287430276,"CR (pooled)"
"ATPAF1",43.2869978780673,48.1709789931237,4.88398111505644,"CR (pooled)"
"MICU2",19.8467484553368,57.4616777958452,37.6149293405084,"CR (pooled)"
"ETFRF1",35.6322906896536,48.1599119617186,12.527621272065,"CR (pooled)"
"ETHE1",40.0259231386262,33.3855242150835,-6.64039892354273,"CR (pooled)"
"MLIP",50.9407433027095,105.397562792541,54.4568194898316,"CR (pooled)"
"CTTN",55.353510304379,39.4889958176196,-15.8645144867594,"CR (pooled)"
"EDF1",49.4935803746254,29.9043979522451,-19.5891824223804,"CR (pooled)"
"MYL9",58.0427591221328,56.6014978811794,-1.44126124095341,"CR (pooled)"
"IPO9",65.9778829437129,56.6924402731055,-9.2854426706074,"CR (pooled)"
"COPZ1",24.9711947472487,56.9006136689222,31.9294189216735,"CR (pooled)"
"C9orf64",23.6586202041422,35.4735746756794,11.8149544715372,"CR (pooled)"
"RHOC",59.0470145593058,69.2461522474058,10.1991376881,"CR (pooled)"
"FHIT",35.8239196618265,61.3943502214664,25.5704305596399,"CR (pooled)"
"EIF3D",22.8445780391854,26.3986692025651,3.55409116337977,"CR (pooled)"
"GALK1",44.059169768821,35.8839817503024,-8.1751880185186,"CR (pooled)"
"TSNAX",33.1570126983491,20.1359416245182,-13.021071073831,"CR (pooled)"
"PCOLCE",100.732088901561,42.8453859947663,-57.8867029067946,"CR (pooled)"
"BCO2",47.2196277722229,55.8226123143374,8.60298454211454,"CR (pooled)"
"ILF3",28.5968985001,44.9012583305857,16.3043598304858,"CR (pooled)"
"G3BP2",51.0985810760177,38.8066696546125,-12.2919114214052,"CR (pooled)"
"STAT3",28.0622381333236,21.0451900962028,-7.01704803712075,"CR (pooled)"
"ACSS2",27.3943726932898,33.4795519700353,6.08517927674556,"CR (pooled)"
"FITM1",32.12171002598,34.1083015458862,1.98659151990618,"CR (pooled)"
"SRP54",46.0523397192776,26.7758202240952,-19.2765194951824,"CR (pooled)"
"LHPP",67.7889230983628,56.75528688198,-11.0336362163828,"CR (pooled)"
"ARRB1",73.1532487411943,59.3910204722424,-13.7622282689519,"CR (pooled)"
"ARL8A",40.2270539054426,46.0747499127515,5.84769600730898,"CR (pooled)"
"COX20",50.602568827016,50.9042473878438,0.301678560827746,"CR (pooled)"
"CHCHD7",70.8088774600476,50.5351009811979,-20.2737764788497,"CR (pooled)"
"LAMTOR5",39.8234227321901,22.4615543525289,-17.3618683796612,"CR (pooled)"
"TOM1L2",52.4078234214991,36.487606391471,-15.9202170300281,"CR (pooled)"
"LAMB3",44.8344036542248,25.8215043643182,-19.0128992899066,"CR (pooled)"
"LAMTOR1",75.9145196054772,19.6222489392629,-56.2922706662144,"CR (pooled)"
"UROD",41.8377399612168,40.5145115203409,-1.32322844087592,"CR (pooled)"
"MAP2K4",36.3705260214662,26.7753997319361,-9.59512628953015,"CR (pooled)"
"HNRNPA0",43.594556812216,42.4675799607279,-1.12697685148807,"CR (pooled)"
"UQCC2",46.4249771531001,43.7532074840241,-2.67176966907594,"CR (pooled)"
"TECR",43.0828199490498,37.0555836059601,-6.02723634308968,"CR (pooled)"
"EWSR1",63.7857337470203,34.8258521299335,-28.9598816170868,"CR (pooled)"
"RCSD1",39.239028373391,24.5691947662638,-14.6698336071272,"CR (pooled)"
"QKI",31.6980659203992,53.522154737464,21.8240888170648,"CR (pooled)"
"GNA13",35.2895899983368,32.6426277491743,-2.64696224916252,"CR (pooled)"
"STIM1",27.0217044185005,33.8047774730249,6.78307305452446,"CR (pooled)"
"CLINT1",68.300150967772,44.716807819843,-23.583343147929,"CR (pooled)"
"PDP1",61.7015841068747,38.1568393612242,-23.5447447456506,"CR (pooled)"
"TARDBP",35.8341431226833,23.4153413580741,-12.4188017646092,"CR (pooled)"
"AP2S1",51.8618350155071,43.9279646672361,-7.93387034827104,"CR (pooled)"
"RAB18",31.2344136539119,27.3468489385925,-3.88756471531944,"CR (pooled)"
"HARS1",27.9641650162259,24.0046230039727,-3.95954201225326,"CR (pooled)"
"PGPEP1",37.5737579615903,38.9513767259613,1.37761876437108,"CR (pooled)"
"MBNL1",33.1651913432406,19.5532263482795,-13.6119649949611,"CR (pooled)"
"CYBB",68.139912211715,51.6328343129792,-16.5070778987358,"CR (pooled)"
"PALMD",79.7500028732022,28.5708069560694,-51.1791959171328,"CR (pooled)"
"VPS36",30.6854046706219,25.6809424484794,-5.00446222214256,"CR (pooled)"
"PCCB",42.3340100264945,40.7738820044843,-1.56012802201022,"CR (pooled)"
"TMED4",22.2864024698868,39.211036139702,16.9246336698152,"CR (pooled)"
"SSR4",36.6174572419694,49.6992187024546,13.0817614604852,"CR (pooled)"
"COX11",19.0287009936736,68.7236035583076,49.694902564634,"CR (pooled)"
"TIMM9",38.0143773027421,55.0420989175704,17.0277216148283,"CR (pooled)"
"SFXN1",26.2189406155835,28.4261582652782,2.2072176496947,"CR (pooled)"
"GBP1",60.8775942490847,19.0678937316806,-41.8097005174041,"CR (pooled)"
"TKFC",24.4402569386046,32.7212501483367,8.28099320973212,"CR (pooled)"
"UBE2G1",25.0351598372276,9.70394201233722,-15.3312178248903,"CR (pooled)"
"OSBP",39.5958790273928,22.4997131918475,-17.0961658355453,"CR (pooled)"
"HLA-DRB5",51.7869279857538,59.4078128577915,7.62088487203771,"CR (pooled)"
"AGK",41.2017863857673,47.5576256317421,6.35583924597476,"CR (pooled)"
"PCYT1A",28.1265454360935,63.5581291930726,35.431583756979,"CR (pooled)"
"MRPS23",31.3872314973033,33.9919377952388,2.60470629793542,"CR (pooled)"
"PLP2",62.2329703849632,31.9247376509168,-30.3082327340464,"CR (pooled)"
"SIRT2",38.4313276904059,47.6053694309747,9.17404174056873,"CR (pooled)"
"ESYT2",37.0851958153026,30.9318093026451,-6.15338651265748,"CR (pooled)"
"COPA",28.7214090571148,33.4845717077727,4.76316265065784,"CR (pooled)"
"MLYCD",34.6542681641361,55.3963659756257,20.7420978114896,"CR (pooled)"
"UAP1",25.9003259498656,38.9043277714437,13.0040018215782,"CR (pooled)"
"LRPAP1",63.0257995796195,37.7114094727362,-25.3143901068833,"CR (pooled)"
"FKBP4",36.1435589862788,36.8518255767143,0.708266590435535,"CR (pooled)"
"SYNPO",27.8008955432785,70.1989760363267,42.3980804930482,"CR (pooled)"
"EPM2A",43.4473013730556,13.2491049447326,-30.198196428323,"CR (pooled)"
"DCAF6",24.0867412246421,24.029112119914,-0.0576291047281074,"CR (pooled)"
"DYNC1LI1",15.0376784433413,22.8634363932278,7.82575794988652,"CR (pooled)"
"PIP4K2A",44.729369299508,42.2194360278067,-2.50993327170134,"CR (pooled)"
"ISLR",50.2959136587531,86.4152236503327,36.1193099915796,"CR (pooled)"
"UBE3C",14.1007172521701,22.7453243396998,8.64460708752966,"CR (pooled)"
"LNPEP",54.5334066237983,27.8590464479358,-26.6743601758625,"CR (pooled)"
"SCAMP3",27.045785599725,29.1770634006846,2.13127780095959,"CR (pooled)"
"TMED5",27.4572397518223,33.2536931010174,5.79645334919519,"CR (pooled)"
"CTNNA1",48.944728203104,20.4924952225914,-28.4522329805127,"CR (pooled)"
"STEAP4",63.7791293282412,56.3803077914029,-7.39882153683828,"CR (pooled)"
"NUDT2",51.7098289642166,26.8358877405864,-24.8739412236301,"CR (pooled)"
"VPS37C",54.3734827922822,24.5859038424688,-29.7875789498134,"CR (pooled)"
"BCS1L",89.6675736991378,51.2306733388622,-38.4369003602756,"CR (pooled)"
"LSM2",43.2948421444949,25.5415377321822,-17.7533044123126,"CR (pooled)"
"FYCO1",26.2957697105249,36.23769380926,9.94192409873512,"CR (pooled)"
"SERPINB9",58.9796058834442,15.3157920386742,-43.66381384477,"CR (pooled)"
"TNPO1",33.3479527898263,48.1114233347522,14.7634705449259,"CR (pooled)"
"EIF4B",33.873985253616,57.2927671655623,23.4187819119463,"CR (pooled)"
"POC1B",42.1465543121049,7.18505867112375,-34.9614956409811,"CR (pooled)"
"MAPKAPK2",36.574656714608,14.2600974053823,-22.3145593092257,"CR (pooled)"
"RIC8A",31.3815658281823,36.3159872118265,4.93442138364422,"CR (pooled)"
"MYPN",37.5086313674218,50.4825760403368,12.973944672915,"CR (pooled)"
"RPL36AL",50.319359545788,67.8535352164435,17.5341756706555,"CR (pooled)"
"PYCARD",42.1145483083746,27.5399534950682,-14.5745948133064,"CR (pooled)"
"SDCBP",33.0442099955482,40.9549158286025,7.91070583305427,"CR (pooled)"
"MFN2",36.836106599698,22.0934258983459,-14.7426807013521,"CR (pooled)"
"DUSP23",17.6654922605952,30.0266039728567,12.3611117122614,"CR (pooled)"
"EIF4G2",34.0052504763457,37.6106640628371,3.60541358649139,"CR (pooled)"
"BASP1",75.7847633225998,77.5345873274733,1.74982400487352,"CR (pooled)"
"NGLY1",35.2092846092767,68.5554725632045,33.3461879539278,"CR (pooled)"
"MRPL24",32.0841511636887,55.8056650892052,23.7215139255165,"CR (pooled)"
"NUDC",30.9286108601199,28.8164344009039,-2.11217645921602,"CR (pooled)"
"MRPL45",6.06203356750394,37.9896754238451,31.9276418563412,"CR (pooled)"
"CYTH1",33.3099701788834,18.1543952076104,-15.1555749712729,"CR (pooled)"
"PRKRA",31.6614937174455,48.171698396266,16.5102046788205,"CR (pooled)"
"LCMT1",30.3056635724228,37.3238397221516,7.01817614972875,"CR (pooled)"
"MRC2",53.7611828262852,45.9636845207954,-7.79749830548986,"CR (pooled)"
"PPP2R3A",38.2005060448669,31.6169507113829,-6.58355533348402,"CR (pooled)"
"JAGN1",24.8597641932387,42.4166229522987,17.5568587590599,"CR (pooled)"
"HSCB",40.0240003688241,47.6869836935534,7.6629833247293,"CR (pooled)"
"NUDT5",32.5009484100726,56.0246194611148,23.5236710510422,"CR (pooled)"
"HYOU1",47.1837762181004,49.2923261343577,2.1085499162573,"CR (pooled)"
"MTX1",34.2426849181503,28.4490190475162,-5.79366587063409,"CR (pooled)"
"U2AF2",60.8899302951669,17.7412739345207,-43.1486563606462,"CR (pooled)"
"ACOT1",52.1194550467426,70.4312896861607,18.3118346394181,"CR (pooled)"
"SEC13",30.4215442829414,26.6870896459202,-3.73445463702122,"CR (pooled)"
"CLASP2",16.6724710290498,21.5329876859015,4.86051665685161,"CR (pooled)"
"ATP2B4",63.8122895517017,47.1776280500555,-16.6346615016462,"CR (pooled)"
"HLA-B",34.684828374123,43.5290452661831,8.8442168920601,"CR (pooled)"
"SNX1",72.727708131948,59.7022679028722,-13.0254402290758,"CR (pooled)"
"RBP1",54.4567447254835,55.1190747484181,0.662330022934661,"CR (pooled)"
"PCYT2",33.2666223517942,20.8195538495539,-12.4470685022403,"CR (pooled)"
"LSS",32.4100225804251,20.7068175516466,-11.7032050287785,"CR (pooled)"
"ABLIM2",42.2027127621678,87.7383698750338,45.535657112866,"CR (pooled)"
"GAA",32.2942502728633,24.9160458277083,-7.37820444515496,"CR (pooled)"
"PFDN4",35.3444492420424,21.3117471004468,-14.0327021415956,"CR (pooled)"
"FUBP1",29.8854370223161,15.4557666404788,-14.4296703818373,"CR (pooled)"
"NES",82.518219446702,18.7439501690768,-63.7742692776252,"CR (pooled)"
"GNAQ",39.7166491219346,35.3017661082097,-4.41488301372488,"CR (pooled)"
"SAE1",30.0466238041027,14.2502044333356,-15.7964193707671,"CR (pooled)"
"ACSL4",52.403792672786,28.2062828101433,-24.1975098626427,"CR (pooled)"
"TMED7",34.2551714350283,27.6809549763385,-6.57421645868985,"CR (pooled)"
"RRAGC",19.3035086964717,36.358513147788,17.0550044513163,"CR (pooled)"
"CBX3",38.8884735487666,39.1805095939332,0.292036045166618,"CR (pooled)"
"TRAPPC3",20.3220345923358,17.2867419461344,-3.03529264620147,"CR (pooled)"
"RANGAP1",43.3881095364819,50.4463439761925,7.05823443971064,"CR (pooled)"
"HTRA2",49.9125154212479,41.9244386252592,-7.98807679598863,"CR (pooled)"
"ARPC1A",41.9039398962143,34.31887683997,-7.58506305624435,"CR (pooled)"
"SCO1",46.5176554887375,33.9823729538303,-12.5352825349072,"CR (pooled)"
"APIP",26.7918156239487,36.0428045155127,9.25098889156399,"CR (pooled)"
"NPTN",83.6487291703227,24.9221285367596,-58.7266006335632,"CR (pooled)"
"RUVBL1",48.6303420631365,46.4269084756663,-2.20343358747018,"CR (pooled)"
"RPS23",41.8306683617661,45.0878858536093,3.25721749184324,"CR (pooled)"
"OSTF1",60.2592336027459,48.9571719498435,-11.3020616529023,"CR (pooled)"
"NOMO2",33.0879854188968,20.8509693099864,-12.2370161089104,"CR (pooled)"
"GRSF1",24.3360841742542,60.0466863659023,35.7106021916482,"CR (pooled)"
"CPTP",26.6862891205712,27.4681558754621,0.781866754890896,"CR (pooled)"
"KDSR",51.1647859717166,55.8305188499298,4.66573287821325,"CR (pooled)"
"SLC37A4",23.7933431200068,49.4762865448547,25.6829434248479,"CR (pooled)"
"HSPA1L",54.7266130538631,32.0894798698286,-22.6371331840345,"CR (pooled)"
"THOP1",31.6664265116068,28.5675664625573,-3.09886004904947,"CR (pooled)"
"MXRA7",133.107223799593,35.2925252731673,-97.8146985264256,"CR (pooled)"
"CLPP",34.1863706416856,22.1466019858491,-12.0397686558365,"CR (pooled)"
"SNRPD2",30.3417556703731,36.3701940807418,6.02843841036867,"CR (pooled)"
"UFL1",26.9845220934749,32.3260071785494,5.34148508507456,"CR (pooled)"
"TOMM5",39.8268722997908,44.9608249221795,5.13395262238875,"CR (pooled)"
"PEBP4",40.5289378828731,38.0491458821065,-2.47979200076656,"CR (pooled)"
"MOB2",30.4718769877698,34.182404747378,3.71052775960813,"CR (pooled)"
"MAVS",24.176577320145,23.5663617866205,-0.61021553352446,"CR (pooled)"
"PXN",83.3778056533309,39.5375872776583,-43.8402183756726,"CR (pooled)"
"TIMM10",43.145372130401,55.4972242161182,12.3518520857172,"CR (pooled)"
"PCNA",32.4552073339375,45.9558774102441,13.5006700763066,"CR (pooled)"
"FGGY",40.0562172652977,30.5480853560447,-9.50813190925305,"CR (pooled)"
"FKBP5",22.5861593298436,77.7325085494409,55.1463492195973,"CR (pooled)"
"TRIM25",36.198542983632,39.3378234916627,3.13928050803072,"CR (pooled)"
"ROMO1",54.8416583223661,51.5911772164667,-3.25048110589944,"CR (pooled)"
"CARS1",32.1974260413919,35.1881572522488,2.99073121085686,"CR (pooled)"
"RAP1A",51.777426523341,88.6745494022037,36.8971228788627,"CR (pooled)"
"TPPP",48.9023328333248,37.362937768637,-11.5393950646878,"CR (pooled)"
"LSM8",29.2789194460277,38.7726766463827,9.49375720035498,"CR (pooled)"
"DHRS4",35.5397848323598,39.2919896129796,3.75220478061982,"CR (pooled)"
"TSTD1",34.2765602960106,49.7165254757885,15.4399651797778,"CR (pooled)"
"COPG1",38.5541567002897,42.5016456533451,3.94748895305545,"CR (pooled)"
"PAK1",12.290719071114,30.5897142254931,18.2989951543791,"CR (pooled)"
"TMOD3",51.4965072094211,52.0596772283786,0.563170018957457,"CR (pooled)"
"RABGGTA",23.8665674325652,23.1166318461337,-0.749935586431523,"CR (pooled)"
"DUSP28",34.0694949425019,76.1208495597439,42.051354617242,"CR (pooled)"
"MARCKS",76.2585091674841,60.5372086628103,-15.7213005046738,"CR (pooled)"
"NMT1",39.068713696539,39.9136778485017,0.844964151962699,"CR (pooled)"
"PPID",28.5339036138973,34.118795547478,5.58489193358076,"CR (pooled)"
"CNPY2",52.6572488465781,42.9156203702187,-9.74162847635938,"CR (pooled)"
"FCGRT",60.6116757535779,72.3637144390499,11.7520386854721,"CR (pooled)"
"HDGFL2",41.9755388835838,27.7740295522368,-14.2015093313469,"CR (pooled)"
"PTGFRN",36.8784447542227,61.3143790896206,24.4359343353979,"CR (pooled)"
"NUBPL",45.0502692171183,41.0649350198776,-3.98533419724066,"CR (pooled)"
"LGMN",60.7583455171074,52.2475232267998,-8.51082229030757,"CR (pooled)"
"RPA2",32.0162167350816,40.150230787717,8.13401405263539,"CR (pooled)"
"IGFBP5",48.3354903058199,28.7217052588578,-19.613785046962,"CR (pooled)"
"CD276",32.4340841724835,42.4799236257858,10.0458394533022,"CR (pooled)"
"SLC25A46",55.1543286652306,33.624920710532,-21.5294079546986,"CR (pooled)"
"SNRNP70",71.9776548856995,47.3111686626546,-24.666486223045,"CR (pooled)"
"PDPR",43.4651966459073,26.5390875627684,-16.9261090831389,"CR (pooled)"
"UBE2O",44.2626396710529,56.852084312666,12.5894446416132,"CR (pooled)"
"PELO",13.4765371908533,37.8626251262711,24.3860879354178,"CR (pooled)"
"S100A16",51.3951571504558,39.3631753454876,-12.0319818049682,"CR (pooled)"
"LUC7L2",25.9545299875207,26.2602868777095,0.305756890188775,"CR (pooled)"
"LYRM7",46.9520873271914,40.1891772601249,-6.76291006706655,"CR (pooled)"
"HDDC2",46.4422770146908,68.0804198852511,21.6381428705604,"CR (pooled)"
"WBP2",40.0195524488982,55.7118515111963,15.6922990622982,"CR (pooled)"
"MAGT1",42.674114422513,34.5208473540927,-8.15326706842027,"CR (pooled)"
"OSBPL11",23.7387315779765,58.5004699394518,34.7617383614754,"CR (pooled)"
"MCCC2",38.9981304685612,46.0485326292214,7.05040216066024,"CR (pooled)"
"LSM4",34.7073625481907,46.3885289790352,11.6811664308446,"CR (pooled)"
"CBFB",36.4961280004611,34.8509207196052,-1.64520728085594,"CR (pooled)"
"TRMT10C",41.7977245645397,35.3487752422575,-6.44894932228228,"CR (pooled)"
"POR",45.5013243825238,86.9868941751,41.4855697925762,"CR (pooled)"
"EPS15L1",20.3084802159592,26.9647019532539,6.6562217372947,"CR (pooled)"
"SNF8",28.7832398400818,29.2361046240792,0.452864783997395,"CR (pooled)"
"ABHD5",117.50229554093,93.2883154651285,-24.2139800758015,"CR (pooled)"
"MTARC2",50.3333398325828,24.7800661962278,-25.553273636355,"CR (pooled)"
"COL18A1",56.1787632589251,26.0154977471158,-30.1632655118093,"CR (pooled)"
"RBM3",60.6706854640014,70.3068643668949,9.63617890289351,"CR (pooled)"
"JPT1",41.6923168260629,45.2934950331309,3.60117820706794,"CR (pooled)"
"CD34",52.4302379595675,23.0040336064189,-29.4262043531486,"CR (pooled)"
"ISYNA1",41.5239553707621,36.5587693793096,-4.96518599145244,"CR (pooled)"
"EIF4EBP1",28.2082051533577,35.6806747556601,7.47246960230239,"CR (pooled)"
"ACACB",54.1277338400751,63.0599489270175,8.93221508694242,"CR (pooled)"
"IRGQ",30.8922216791449,45.2417347255039,14.349513046359,"CR (pooled)"
"RPL18A",24.196615320952,46.7719301347695,22.5753148138175,"CR (pooled)"
"SND1",31.1448237208836,41.598168660734,10.4533449398504,"CR (pooled)"
"DNAJB4",45.5028303839113,54.5390783519508,9.03624796803953,"CR (pooled)"
"HLA-DRB1",70.8017705512807,56.7432840875154,-14.0584864637653,"CR (pooled)"
"TRIM28",48.3587320539972,26.797312686634,-21.5614193673632,"CR (pooled)"
"HLA-C",46.8243077990811,30.4773906183639,-16.3469171807172,"CR (pooled)"
"TUBB2B",146.013413146026,58.6290267352608,-87.3843864107653,"CR (pooled)"
"APPL1",30.8516622886845,29.6097369029654,-1.24192538571912,"CR (pooled)"
"SYNE2",42.324556400249,36.4117287903881,-5.91282760986088,"CR (pooled)"
"SZRD1",42.7961451594084,18.3767796062998,-24.4193655531086,"CR (pooled)"
"RPL10",35.1072898919309,26.2086295494674,-8.89866034246355,"CR (pooled)"
"SMYD5",22.2214502508694,43.9916913193842,21.7702410685149,"CR (pooled)"
"ABHD11",71.8291919599426,52.441284948845,-19.3879070110976,"CR (pooled)"
"OSTC",29.1143031356549,43.3421280611141,14.2278249254592,"CR (pooled)"
"MAPRE3",33.6205612742774,29.6902948022185,-3.93026647205886,"CR (pooled)"
"TBCEL",42.9774687719124,26.3084257855922,-16.6690429863202,"CR (pooled)"
"SLC27A1",30.3356077702229,26.7650551157389,-3.57055265448401,"CR (pooled)"
"SPG7",37.9478546430128,25.1552577793329,-12.7925968636799,"CR (pooled)"
"LMOD3",19.1448928233887,47.604505422973,28.4596125995843,"CR (pooled)"
"UGGT1",20.0895111942131,22.0421458585375,1.95263466432435,"CR (pooled)"
"EIF3I",32.766336026125,23.3968472778522,-9.36948874827272,"CR (pooled)"
"UBE2B",28.6076015758466,51.243018064191,22.6354164883444,"CR (pooled)"
"SH3GLB2",29.9796175516941,8.31114816280563,-21.6684693888884,"CR (pooled)"
"ABCF3",38.323900665936,65.7537023925472,27.4298017266112,"CR (pooled)"
"HUWE1",25.6521175269186,19.0775558045148,-6.57456172240387,"CR (pooled)"
"MYO18A",25.2534603771439,32.0654791710834,6.81201879393952,"CR (pooled)"
"TSFM",57.6512552098608,42.5888457600266,-15.0624094498343,"CR (pooled)"
"RPA1",42.1239891226607,38.7064507978235,-3.41753832483722,"CR (pooled)"
"PALLD",56.8289415471962,56.8570680853706,0.0281265381743552,"CR (pooled)"
"PPP1R14C",26.1281229044578,20.3092543523545,-5.81886855210336,"CR (pooled)"
"CISD2",8.2227727360499,38.1489979327772,29.9262251967273,"CR (pooled)"
"PGM3",25.8144647773503,27.0888133470593,1.27434856970898,"CR (pooled)"
"CD58",54.9378612427422,43.7926507884969,-11.1452104542454,"CR (pooled)"
"EML2",35.0348201089231,37.8139812731655,2.77916116424238,"CR (pooled)"
"ABCE1",29.2388526548283,15.520572898206,-13.7182797566222,"CR (pooled)"
"MAP2K2",42.68877227852,31.1505367945863,-11.5382354839337,"CR (pooled)"
"AKT2",28.9942076309124,22.9115794487561,-6.08262818215626,"CR (pooled)"
"AHCYL2",31.6992542658794,25.4256550154531,-6.27359925042633,"CR (pooled)"
"HSDL1",10.958011134418,34.1616984928683,23.2036873584502,"CR (pooled)"
"ATXN10",19.8990950781789,32.4607179523609,12.5616228741821,"CR (pooled)"
"CLCC1",41.2598834671528,23.1666115826545,-18.0932718844983,"CR (pooled)"
"STAT1",69.7521442020467,42.373219722823,-27.3789244792237,"CR (pooled)"
"SNAP23",35.0861578199373,26.9234816300026,-8.16267618993469,"CR (pooled)"
"COL5A3",113.475804515926,70.6962648709144,-42.7795396450119,"CR (pooled)"
"PDLIM2",35.5453434025119,20.6764526972923,-14.8688907052196,"CR (pooled)"
"ANP32E",88.5023716299983,57.3769163264524,-31.1254553035459,"CR (pooled)"
"ELN",45.2475527899522,127.145989904639,81.898437114687,"CR (pooled)"
"ATP6V1H",33.44664198052,52.4686293250107,19.0219873444907,"CR (pooled)"
"KTN1",85.0530051525749,17.7122209113147,-67.3407842412603,"CR (pooled)"
"BCAP29",34.7371015521466,22.2026945002591,-12.5344070518875,"CR (pooled)"
"ARPC5L",28.632747077845,26.0608174466354,-2.57192963120967,"CR (pooled)"
"ATAD1",40.8545150905817,30.685934850056,-10.1685802405256,"CR (pooled)"
"SLC3A2",79.1335330885724,94.6645635757225,15.5310304871501,"CR (pooled)"
"GAPVD1",62.9997023548006,30.2677815529025,-32.7319208018981,"CR (pooled)"
"NEXN",38.6369291478712,50.6776337915399,12.0407046436688,"CR (pooled)"
"PNPT1",29.3726497407354,39.1990978781326,9.82644813739721,"CR (pooled)"
"MTDH",35.7182173544016,27.1866138835262,-8.53160347087539,"CR (pooled)"
"ILF2",30.0414761009684,38.3819044244167,8.34042832344831,"CR (pooled)"
"AKT1",27.2541260959516,36.4822369142557,9.22811081830414,"CR (pooled)"
"ATG3",39.0062561259126,37.0660275095847,-1.94022861632792,"CR (pooled)"
"NTPCR",48.9150628418904,40.4759271934884,-8.43913564840195,"CR (pooled)"
"AP1G1",33.3876112110801,26.5448268059493,-6.84278440513079,"CR (pooled)"
"SEC31A",23.0650961371888,36.7177695656201,13.6526734284313,"CR (pooled)"
"MATR3",50.5167263741128,11.1302369438144,-39.3864894302984,"CR (pooled)"
"CHDH",36.1001736439387,26.3095342502335,-9.79063939370527,"CR (pooled)"
"MMAB",39.852737399578,44.5853882169662,4.73265081738814,"CR (pooled)"
"NAA10",24.0750231758858,22.2711007970369,-1.80392237884894,"CR (pooled)"
"USP24",12.5899702207153,20.8395788160299,8.24960859531461,"CR (pooled)"
"YAP1",92.1635159511256,59.3186307083588,-32.8448852427668,"CR (pooled)"
"PEF1",49.0340214048986,22.6526139680004,-26.3814074368982,"CR (pooled)"
"GNAI3",64.561699261528,43.4409748257679,-21.1207244357601,"CR (pooled)"
"PPP2R5D",31.0753029427213,26.1196877635913,-4.95561517913009,"CR (pooled)"
"MRPL40",43.1721781355941,56.9420317930904,13.7698536574963,"CR (pooled)"
"ARMC1",22.8938265902209,19.9052780410443,-2.98854854917659,"CR (pooled)"
"IFITM1",38.9956525301415,49.4116110344118,10.4159585042703,"CR (pooled)"
"SLC25A24",33.5121388018954,20.2883305530651,-13.2238082488303,"CR (pooled)"
"LYN",94.4885542503005,75.9833405730104,-18.5052136772901,"CR (pooled)"
"MRPS22",30.9110018673224,32.1330209811859,1.22201911386345,"CR (pooled)"
"ARL1",58.0967229224843,64.3567450226142,6.26002210012993,"CR (pooled)"
"SYNC",21.9076288341406,34.6876767659862,12.7800479318456,"CR (pooled)"
"RPA3",40.7490312146555,41.4886930887016,0.739661874046156,"CR (pooled)"
"BAX",61.7883963043817,22.8362874905415,-38.9521088138402,"CR (pooled)"
"FKBP9",78.1936700785252,82.1963231893371,4.00265311081195,"CR (pooled)"
"PHYKPL",15.1560111449686,38.8193201323988,23.6633089874302,"CR (pooled)"
"TARS1",31.909974590643,35.7767915743656,3.86681698372251,"CR (pooled)"
"TPRKB",25.0781940179741,36.4272112655238,11.3490172475497,"CR (pooled)"
"TUBA1C",67.2540622672022,51.7285305792981,-15.5255316879041,"CR (pooled)"
"ZBTB9",36.6148966214092,40.1424155482468,3.52751892683755,"CR (pooled)"
"TACC2",19.1422801513019,26.9286251376746,7.78634498637264,"CR (pooled)"
"SPEG",24.3245454813471,18.4288462082688,-5.8956992730783,"CR (pooled)"
"MYBPH",86.5270489793217,92.245926006975,5.71887702765329,"CR (pooled)"
"UBA2",36.8195864797807,25.6470183070364,-11.1725681727443,"CR (pooled)"
"CLPB",18.3481707300628,24.4361611520115,6.08799042194871,"CR (pooled)"
"NUDCD3",32.7420001954722,19.597632952466,-13.1443672430061,"CR (pooled)"
"HSPH1",15.9439688410302,10.1188170378389,-5.82515180319135,"CR (pooled)"
"SORD",31.9538508929284,45.803156449811,13.8493055568825,"CR (pooled)"
"OVCA2",46.6438435452824,31.096454978874,-15.5473885664084,"CR (pooled)"
"TAX1BP3",64.7761696049594,59.5112529984467,-5.26491660651278,"CR (pooled)"
"CSNK2B",25.323710412456,27.8131389574352,2.4894285449792,"CR (pooled)"
"NDUFAF3",48.1480032744381,27.2107176790404,-20.9372855953977,"CR (pooled)"
"MIPEP",39.145605911485,32.3966380650464,-6.74896784643861,"CR (pooled)"
"MINDY3",34.2367284680729,42.9148639484941,8.6781354804212,"CR (pooled)"
"SLC9A3R1",80.4722431035005,41.4749467404381,-38.9972963630624,"CR (pooled)"
"ELAVL1",51.6210452607162,34.394806257681,-17.2262390030353,"CR (pooled)"
"LARS1",24.4985965146905,15.4934289030533,-9.00516761163713,"CR (pooled)"
"GSK3B",43.5085071615608,34.6179466502625,-8.89056051129828,"CR (pooled)"
"GNPDA2",44.9937517594633,22.1849610811921,-22.8087906782712,"CR (pooled)"
"TBC1D4",15.5609768886142,25.4136220680476,9.85264517943345,"CR (pooled)"
"SLC35A4",34.6794809446504,34.265654811234,-0.413826133416379,"CR (pooled)"
"CHCHD4",47.2670782136134,42.2575670387258,-5.00951117488757,"CR (pooled)"
"MOCS2",41.3589376819933,25.4944680260109,-15.8644696559824,"CR (pooled)"
"GMFB",55.138535238534,51.2182829729608,-3.92025226557325,"CR (pooled)"
"TOMM7",51.368167881683,54.4296313292154,3.06146344753245,"CR (pooled)"
"SNRPB",32.2843448138257,28.2888929785326,-3.99545183529316,"CR (pooled)"
"CHP1",26.4272166950672,36.075054306443,9.6478376113758,"CR (pooled)"
"MRPL41",27.4119668446312,59.8004884482142,32.388521603583,"CR (pooled)"
"LIMS3",21.6176049096718,28.1638085835127,6.54620367384096,"CR (pooled)"
"USP7",31.4263856685008,26.3115578626094,-5.11482780589139,"CR (pooled)"
"CRLF3",42.7463868939425,29.0858121564843,-13.6605747374582,"CR (pooled)"
"EIF2B3",27.2955003983846,28.8940064545525,1.59850605616797,"CR (pooled)"
"ABHD16A",33.1216805771536,14.5571113069688,-18.5645692701848,"CR (pooled)"
"DCTPP1",54.2761257722276,41.4122092343765,-12.863916537851,"CR (pooled)"
"ACSS3",38.1084045117037,36.6295231673817,-1.47888134432204,"CR (pooled)"
"HYI",56.4926248551174,40.614202552772,-15.8784223023454,"CR (pooled)"
"RBBP7",28.5158713472191,17.8940426053192,-10.6218287418999,"CR (pooled)"
"GUK1",55.5373817337825,49.46093825225,-6.07644348153246,"CR (pooled)"
"MRPS27",47.7479703362057,49.7427118694346,1.99474153322885,"CR (pooled)"
"MEMO1",52.5499109231514,34.810255403123,-17.7396555200284,"CR (pooled)"
"EML4",54.6647970428423,94.0182961360632,39.3534990932209,"CR (pooled)"
"EIF3H",46.0993989602492,53.126884207747,7.02748524749779,"CR (pooled)"
"DNAJA3",53.1428439311699,62.0434178496009,8.90057391843103,"CR (pooled)"
"FBL",35.3911596013381,22.4872336431059,-12.9039259582322,"CR (pooled)"
"LAMTOR2",31.4748094977644,24.786600681864,-6.68820881590041,"CR (pooled)"
"DYNLT1",21.0129253830222,42.2698797124115,21.2569543293893,"CR (pooled)"
"DERA",42.7478894402081,56.0943700180572,13.3464805778492,"CR (pooled)"
"GBP2",32.2876387235325,39.9618497685781,7.67421104504558,"CR (pooled)"
"NDUFAF2",77.0231132657817,65.2008470924215,-11.8222661733601,"CR (pooled)"
"SPAG7",25.3096794180439,23.2938100349722,-2.01586938307166,"CR (pooled)"
"BCAM",40.5043641218626,33.2975172833878,-7.20684683847482,"CR (pooled)"
"UCHL5",41.0750217905127,21.9526475329446,-19.1223742575681,"CR (pooled)"
"SNU13",49.6741290336271,42.8443994577114,-6.82972957591578,"CR (pooled)"
"SULT1A3",46.5764674453333,68.338228169947,21.7617607246137,"CR (pooled)"
"PPIC",37.0775526740608,55.3878748642908,18.31032219023,"CR (pooled)"
"DRG1",72.632841450863,83.4690314001412,10.8361899492782,"CR (pooled)"
"CLUH",16.9568391458146,30.0699321857118,13.1130930398973,"CR (pooled)"
"STK24",23.9259389145589,29.1596120396393,5.23367312508038,"CR (pooled)"
"NUDT16",26.5148262365297,28.5692430206552,2.05441678412553,"CR (pooled)"
"PMPCB",28.0105467882813,29.541534097018,1.53098730873663,"CR (pooled)"
"SNX9",69.0963406677903,53.9090414075341,-15.1872992602562,"CR (pooled)"
"PBDC1",38.0940818388978,42.1607786280606,4.06669678916279,"CR (pooled)"
"THTPA",40.0079617221782,20.6805985820725,-19.3273631401057,"CR (pooled)"
"VPS26B",65.7462035546561,59.7986471105715,-5.9475564440846,"CR (pooled)"
"HGS",26.5367825431916,39.0036606447199,12.4668781015283,"CR (pooled)"
"BPHL",79.1142667745948,74.7206616777291,-4.3936050968657,"CR (pooled)"
"CYFIP1",46.302624907393,46.4430576493284,0.140432741935342,"CR (pooled)"
"ERO1A",46.5560146766038,49.4080312835147,2.85201660691095,"CR (pooled)"
"UBE2F",41.0588944274199,67.8437816229157,26.7848871954958,"CR (pooled)"
"RABEP1",30.942777372725,41.4605453542072,10.5177679814822,"CR (pooled)"
"DARS2",44.2848680620658,22.1149259899033,-22.1699420721624,"CR (pooled)"
"FXR1",21.5170236551378,46.4876714056105,24.9706477504727,"CR (pooled)"
"GSK3A",29.3305090642581,27.7643110848663,-1.56619797939173,"CR (pooled)"
"DNAJC8",36.5289047304496,26.8783505860092,-9.65055414444038,"CR (pooled)"
"PTER",36.1977861591466,25.9931001284196,-10.2046860307269,"CR (pooled)"
"TIMM21",45.5331172266228,44.6019533869755,-0.93116383964729,"CR (pooled)"
"SNX17",91.6746879205749,42.9661145766109,-48.708573343964,"CR (pooled)"
"CHMP5",32.7990564833883,26.648409678876,-6.15064680451233,"CR (pooled)"
"RWDD1",34.7259537488789,32.3473849053599,-2.37856884351897,"CR (pooled)"
"DNAJC19",15.8434509919952,30.9130593611567,15.0696083691615,"CR (pooled)"
"BUB3",22.5468039423212,19.6985552471911,-2.84824869513009,"CR (pooled)"
"TTLL12",18.8655332873962,29.7452002996066,10.8796670122104,"CR (pooled)"
"NT5C2",36.2477795693649,36.0846441398967,-0.16313542946817,"CR (pooled)"
"PACSIN2",44.6955703279633,27.8992909995613,-16.796279328402,"CR (pooled)"
"GPHN",21.8880170598812,28.1296123160898,6.24159525620858,"CR (pooled)"
"ASPSCR1",69.7202164698198,91.0071020997186,21.2868856298989,"CR (pooled)"
"SPATA20",37.6680414860113,38.8610615442086,1.1930200581973,"CR (pooled)"
"PLEK",46.6164197769621,55.7098370673697,9.09341729040755,"CR (pooled)"
"CCDC124",31.6176357725726,13.8636385677109,-17.7539972048617,"CR (pooled)"
"GHITM",63.4765179086649,46.3400721925662,-17.1364457160987,"CR (pooled)"
"AKAP1",22.084215093529,26.1133011978246,4.02908610429559,"CR (pooled)"
"NUBP1",38.1781171075584,33.5873209465219,-4.59079616103649,"CR (pooled)"
"PLEKHO2",47.9572437772287,18.4789373630988,-29.4783064141299,"CR (pooled)"
"TMEM65",12.6615310202903,35.572301522832,22.9107705025417,"CR (pooled)"
"FAM114A1",8.05696546967125,29.5594583859035,21.5024929162322,"CR (pooled)"
"GPT2",44.0599319436919,70.1376362620491,26.0777043183572,"CR (pooled)"
"NLRX1",46.330932434175,43.3277154301321,-3.00321700404291,"CR (pooled)"
"RGN",29.7639863460582,9.30378720534241,-20.4601991407158,"CR (pooled)"
"FUNDC1",71.0522015728828,5.94327130989497,-65.1089302629878,"CR (pooled)"
"CLIP2",30.8704612119863,34.4298097486431,3.55934853665682,"CR (pooled)"
"MRPS28",22.0662217353049,30.4775623479882,8.41134061268324,"CR (pooled)"
"PPP1CC",32.2603069870971,24.2828580563351,-7.97744893076198,"CR (pooled)"
"NSUN2",31.5654624773281,13.456827083393,-18.1086353939352,"CR (pooled)"
"TMPO",35.7505764654114,44.5713881235996,8.82081165818823,"CR (pooled)"
"CHMP7",69.4769716509038,60.013646131668,-9.46332551923573,"CR (pooled)"
"FNTA",18.0684357698798,48.238942747517,30.1705069776372,"CR (pooled)"
"TANGO2",50.7948495919185,21.6439972888299,-29.1508523030887,"CR (pooled)"
"SNX6",57.0566174144311,52.1304969025264,-4.9261205119047,"CR (pooled)"
"STK38L",38.0188884292774,41.2155475552528,3.1966591259754,"CR (pooled)"
"AP1M1",37.468894316677,22.8313136781726,-14.6375806385044,"CR (pooled)"
"ECHDC2",50.2515856700376,67.0787723752243,16.8271867051867,"CR (pooled)"
"ADH1C",68.0505556215984,57.9458797320221,-10.1046758895764,"CR (pooled)"
"GPAT3",37.2577119406572,34.4730701433577,-2.78464179729949,"CR (pooled)"
"VASP",111.453485641927,60.2677483979321,-51.1857372439947,"CR (pooled)"
"RAB31",22.884660014471,32.4339333592351,9.54927334476401,"CR (pooled)"
"YARS1",25.1347398816548,26.9409527973757,1.80621291572093,"CR (pooled)"
"ANP32B",59.5068184439112,61.3965153452184,1.88969690130718,"CR (pooled)"
"MRPS25",12.7376063174344,50.10811387501,37.3705075575756,"CR (pooled)"
"EPS15",54.2566392935125,28.8747173864442,-25.3819219070683,"CR (pooled)"
"GCN1",45.4273531200651,55.4083524558503,9.98099933578524,"CR (pooled)"
"UBE2R2",48.2486969848289,46.3677714550081,-1.88092552982084,"CR (pooled)"
"UBA5",45.4436566928083,36.9994095895133,-8.44424710329492,"CR (pooled)"
"TBCE",36.8434952795306,63.4255690439752,26.5820737644446,"CR (pooled)"
"SLC16A3",60.5145503991147,64.3381873596731,3.8236369605584,"CR (pooled)"
"TIAL1",26.1476786999975,23.1974357066306,-2.95024299336688,"CR (pooled)"
"PLEKHF1",32.4173490084098,27.614381536894,-4.80296747151574,"CR (pooled)"
"HCCS",36.49919125759,50.9215640507289,14.4223727931389,"CR (pooled)"
"DPP9",18.8442924798007,13.6944274760273,-5.14986500377343,"CR (pooled)"
"DDX6",18.7890520983358,16.3286954884443,-2.46035660989149,"CR (pooled)"
"STT3B",75.9147661443906,91.5641208305665,15.6493546861759,"CR (pooled)"
"RNF181",51.7793376089606,51.853775184505,0.0744375755444366,"CR (pooled)"
"PPP1R3A",51.0120401499208,43.6119756830831,-7.40006446683768,"CR (pooled)"
"PMPCA",30.9981084271805,70.4709870773666,39.4728786501862,"CR (pooled)"
"PPCS",26.9720666348842,9.08237035949092,-17.8896962753933,"CR (pooled)"
"EIF2A",39.7626062544233,29.5060626486756,-10.2565436057477,"CR (pooled)"
"CCDC93",56.6565261392519,50.4321571100535,-6.22436902919841,"CR (pooled)"
"ANK3",39.5334252357358,20.3112231621553,-19.2222020735805,"CR (pooled)"
"MRPL49",57.8481595929639,56.1993254395272,-1.64883415343671,"CR (pooled)"
"NADK2",46.8056248548367,32.4432652752288,-14.3623595796079,"CR (pooled)"
"BABAM2",27.3665521872143,37.3887136977623,10.022161510548,"CR (pooled)"
"DDRGK1",45.8151539291299,36.3808832050277,-9.43427072410222,"CR (pooled)"
"VPS28",38.7274927589167,34.1434261921927,-4.58406656672395,"CR (pooled)"
"GET4",27.2260819788295,51.1823828959893,23.9563009171598,"CR (pooled)"
"FDXR",44.1862093113114,48.6314047459146,4.4451954346032,"CR (pooled)"
"ATP2B2",31.0339566991937,34.8589154775346,3.82495877834087,"CR (pooled)"
"SCFD1",22.8950098045318,22.7387203484143,-0.156289456117531,"CR (pooled)"
"GMPR2",44.5135210066649,59.8524587793706,15.3389377727057,"CR (pooled)"
"OSBPL1A",56.2349044507139,35.6006194723913,-20.6342849783226,"CR (pooled)"
"PDCL3",25.4827277687982,24.8197112622874,-0.663016506510747,"CR (pooled)"
"SEPTIN10",54.003489598784,47.2995316159688,-6.70395798281516,"CR (pooled)"
"IFI16",51.6165741813929,24.6340593414224,-26.9825148399705,"CR (pooled)"
"API5",24.4118431018081,13.1660755308045,-11.2457675710036,"CR (pooled)"
"SNAP29",21.8003993344223,29.4197519692402,7.6193526348178,"CR (pooled)"
"GMPPB",25.0918290117587,25.0534813331638,-0.0383476785949206,"CR (pooled)"
"UBAP2L",73.2145065461894,44.2842139302872,-28.9302926159022,"CR (pooled)"
"EIF2B1",9.68795685514484,20.4516351591656,10.7636783040208,"CR (pooled)"
"CSPG4",37.0902363569849,34.7644918497425,-2.32574450724238,"CR (pooled)"
"MRPL46",63.2612548607644,59.6618358695851,-3.59941899117933,"CR (pooled)"
"SRSF7",39.6660435668708,36.8154615016784,-2.85058206519245,"CR (pooled)"
"MOB4",25.9882148768326,29.870087869328,3.88187299249546,"CR (pooled)"
"COMTD1",87.4048803305578,43.8782596289167,-43.5266207016411,"CR (pooled)"
"UBE2H",31.9195369995048,31.2805953043246,-0.638941695180172,"CR (pooled)"
"GORASP2",21.8940260327302,29.6934098641196,7.79938383138938,"CR (pooled)"
"DAZAP1",30.5154236351552,49.1568506654711,18.6414270303159,"CR (pooled)"
"C8orf82",49.0665286482443,56.3468386021272,7.28030995388298,"CR (pooled)"
"HCLS1",41.2183992047967,40.1739016393142,-1.04449756548249,"CR (pooled)"
"NEK9",13.9430889740944,34.8138617640147,20.8707727899202,"CR (pooled)"
"TES",46.8376412845413,77.3221710788356,30.4845297942943,"CR (pooled)"
"CYGB",54.8066298529834,38.851624714022,-15.9550051389613,"CR (pooled)"
"ERLIN1",73.8426039715295,30.7377490697587,-43.1048549017708,"CR (pooled)"
"STAM",34.3471624368951,38.6055736237172,4.25841118682214,"CR (pooled)"
"SELENOO",46.5998786902989,35.7796856001167,-10.8201930901822,"CR (pooled)"
"HECTD1",26.0598558082113,28.0702063292992,2.01035052108792,"CR (pooled)"
"MTCH1",29.8009384027778,21.275120522339,-8.52581788043878,"CR (pooled)"
"DHODH",58.6292661766655,64.9299661807552,6.30070000408972,"CR (pooled)"
"RAB23",48.3560516632909,50.6290408865797,2.27298922328882,"CR (pooled)"
"UBXN4",29.024060053649,30.5146046578768,1.49054460422784,"CR (pooled)"
"ARL2",41.6739866179494,24.566201696274,-17.1077849216754,"CR (pooled)"
"PDXP",43.3733591537373,30.6332718069792,-12.740087346758,"CR (pooled)"
"MAN2C1",39.925090096266,41.676017542767,1.75092744650101,"CR (pooled)"
"PPP2CB",31.8334644773275,27.818543874179,-4.01492060314856,"CR (pooled)"
"NTMT1",45.9660222368207,32.1710282888717,-13.794993947949,"CR (pooled)"
"LEMD2",29.6483609097099,48.2944421423849,18.646081232675,"CR (pooled)"
"PAIP1",44.7659247314388,47.433453335092,2.66752860365325,"CR (pooled)"
"FAM98A",40.9557435758363,54.1795615133189,13.2238179374826,"CR (pooled)"
"TFRC",56.3070010117141,41.88490105888,-14.4220999528341,"CR (pooled)"
"C20orf27",53.2767230624395,36.9023312070267,-16.3743918554128,"CR (pooled)"
"SARS2",48.9325308967026,43.0088941583743,-5.92363673832823,"CR (pooled)"
"TPD52L1",34.7824145626661,52.7927389566272,18.0103243939611,"CR (pooled)"
"MRPL37",62.9927963448299,36.0214418306044,-26.9713545142255,"CR (pooled)"
"DUT",88.6582812771219,67.2228248215025,-21.4354564556194,"CR (pooled)"
"CHMP6",16.2038193115756,23.6845739681792,7.48075465660356,"CR (pooled)"
"SEC24C",27.9583948075176,18.3964325132172,-9.56196229430047,"CR (pooled)"
"NUDT9",40.1325650996024,49.1729846370698,9.04041953746744,"CR (pooled)"
"FITM2",40.3878607573566,27.5447327344062,-12.8431280229504,"CR (pooled)"
"GPC1",36.5184285670947,31.7130301408949,-4.80539842619976,"CR (pooled)"
"PPT1",54.0502080396802,24.3426430881698,-29.7075649515103,"CR (pooled)"
"PLCL1",15.570977835351,38.0310413988346,22.4600635634836,"CR (pooled)"
"RPL37A",55.4217915184848,32.5013419726325,-22.9204495458523,"CR (pooled)"
"PM20D2",61.1695351831606,46.9943920062255,-14.1751431769351,"CR (pooled)"
"RTRAF",24.0449019581665,13.5037295761714,-10.541172381995,"CR (pooled)"
"CRK",54.0576300706062,41.7603378641239,-12.2972922064823,"CR (pooled)"
"CASP3",48.6518345306618,43.9459539972498,-4.705880533412,"CR (pooled)"
"GATM",48.6449564599459,27.8422000876013,-20.8027563723447,"CR (pooled)"
"WARS2",16.6198965631124,13.9046241581003,-2.71527240501216,"CR (pooled)"
"EPN1",26.0579248863497,13.422185217527,-12.6357396688227,"CR (pooled)"
"KPNA1",35.6996907605671,34.5788461926897,-1.12084456787742,"CR (pooled)"
"HGH1",39.8685086855523,68.2434502377522,28.3749415522,"CR (pooled)"
"DPP7",63.1839715177441,38.4322770239416,-24.7516944938025,"CR (pooled)"
"CORO7",43.5475299023966,66.4967263369963,22.9491964345998,"CR (pooled)"
"MAPKAPK3",43.2654837930294,38.4676369056935,-4.79784688733596,"CR (pooled)"
"CARS2",62.0267789683136,35.6622016704004,-26.3645772979132,"CR (pooled)"
"TMEM230",80.839536639558,20.9189773793375,-59.9205592602206,"CR (pooled)"
"SMIM4",38.182457090616,47.3122996263306,9.12984253571462,"CR (pooled)"
"SHOC2",34.7768001759461,28.9091028581314,-5.86769731781478,"CR (pooled)"
"SLK",35.7830968773727,31.8964711601528,-3.88662571721987,"CR (pooled)"
"MRPL1",48.3333765837163,22.1717673134951,-26.1616092702212,"CR (pooled)"
"KYAT3",43.3253530478798,24.9117387469274,-18.4136143009524,"CR (pooled)"
"PHYHD1",43.0591376288629,44.9315573387868,1.87241970992383,"CR (pooled)"
"MRPL13",25.564651298012,46.450477024391,20.885825726379,"CR (pooled)"
"LRRC57",36.0724413080923,67.2027867558381,31.1303454477458,"CR (pooled)"
"CRYL1",24.3158203262483,43.0042148206271,18.6883944943788,"CR (pooled)"
"NUDT19",26.1913019298102,86.7963847368809,60.6050828070707,"CR (pooled)"
"MRPL55",58.3282708552893,33.8260189515514,-24.5022519037379,"CR (pooled)"
"CCDC43",35.8207675058738,26.3051168766881,-9.51565062918569,"CR (pooled)"
"DAD1",29.1914184386988,32.3143887464863,3.12297030778753,"CR (pooled)"
"CHMP2B",11.4145962335473,37.0537921437597,25.6391959102124,"CR (pooled)"
"FDX1",22.8554065457507,51.8651381599314,29.0097316141808,"CR (pooled)"
"RAB4A",32.0744505620756,21.8516595938331,-10.2227909682425,"CR (pooled)"
"L3HYPDH",39.1532216714661,21.8893818755159,-17.2638397959502,"CR (pooled)"
"AP3B1",40.6509148588649,48.4290509796566,7.77813612079176,"CR (pooled)"
"STAMBP",27.3406396644198,10.5778477357421,-16.7627919286777,"CR (pooled)"
"COMMD6",42.8830430055973,35.5653340974729,-7.31770890812442,"CR (pooled)"
"MRPS16",22.5103849932185,2.01860263769987,-20.4917823555186,"CR (pooled)"
"ABRAXAS2",26.2476530680844,31.876406481404,5.62875341331956,"CR (pooled)"
"LPIN1",24.3014255502575,42.8860828874497,18.5846573371921,"CR (pooled)"
"TRA2B",37.8872639611057,61.774046256724,23.8867822956184,"CR (pooled)"
"DCTN4",36.8911541325825,24.3029300606562,-12.5882240719264,"CR (pooled)"
"USP47",33.2413474918294,26.2694615581031,-6.97188593372629,"CR (pooled)"
"NUDT4",31.8613924565174,29.9426349385204,-1.91875751799702,"CR (pooled)"
"ESAM",47.1968560556955,19.001088257359,-28.1957677983365,"CR (pooled)"
"ADA",56.6863326174587,24.137817667572,-32.5485149498867,"CR (pooled)"
"STRN3",36.7598998353967,16.5582226347444,-20.2016772006524,"CR (pooled)"
"STT3A",36.891736038045,44.9432143707959,8.05147833275088,"CR (pooled)"
"LRRC40",8.440807457023,33.3437886914456,24.9029812344226,"CR (pooled)"
"PSMG3",87.6035291598656,35.4036067282766,-52.199922431589,"CR (pooled)"
"EMD",48.0842015748801,44.2206677667284,-3.86353380815169,"CR (pooled)"
"IGBP1",25.3793128293078,28.8086319548653,3.4293191255575,"CR (pooled)"
"SPCS1",41.3766325568409,33.5329819161305,-7.84365064071044,"CR (pooled)"
"UQCC1",42.6827444405708,37.0275556346229,-5.65518880594794,"CR (pooled)"
"MOCS2",72.9340272997682,27.8414438652161,-45.0925834345521,"CR (pooled)"
"DAP3",58.8985792215354,47.4242174517606,-11.4743617697748,"CR (pooled)"
"MRPL11",60.1844678394635,4.7064791523154,-55.4779886871481,"CR (pooled)"
"TTC38",24.3009630266383,52.1499608987828,27.8489978721445,"CR (pooled)"
"PRKDC",20.9419851593336,32.4704980596132,11.5285129002796,"CR (pooled)"
"MOGS",32.5385269310579,42.9616527071007,10.4231257760428,"CR (pooled)"
"UFSP2",30.5430305622833,36.9891647290511,6.44613416676778,"CR (pooled)"
"DNAJB2",28.6016326642933,33.6486111156619,5.04697845136853,"CR (pooled)"
"CASTOR2",42.7096904290914,27.3633669236943,-15.3463235053971,"CR (pooled)"
"MYO1D",22.1813353683709,44.5461702410001,22.3648348726292,"CR (pooled)"
"CORO1A",43.048543860196,26.893081055707,-16.155462804489,"CR (pooled)"
"POLDIP2",14.4557762593093,42.5868248905802,28.131048631271,"CR (pooled)"
"ARAF",21.3602485959652,20.6712793886588,-0.688969207306364,"CR (pooled)"
"MRPS9",57.2813355801822,63.1634879084821,5.88215232829993,"CR (pooled)"
"DCTN3",23.6492226856888,25.6746160189491,2.02539333326025,"CR (pooled)"
"UBR4",22.9699471308231,27.0846595480137,4.1147124171906,"CR (pooled)"
"TMED1",38.2897887586358,16.7846546883448,-21.505134070291,"CR (pooled)"
"PFKP",60.4662764486915,31.9980823971109,-28.4681940515807,"CR (pooled)"
"IARS1",31.9444783015901,26.5195526383291,-5.42492566326101,"CR (pooled)"
"MYCBP",23.1776754371861,18.348535254548,-4.8291401826381,"CR (pooled)"
"PPP3CC",28.8533588975323,10.1827886178969,-18.6705702796353,"CR (pooled)"
"ARIH1",35.685041767022,32.0931911895193,-3.59185057750268,"CR (pooled)"
"CAPRIN1",20.1289937390002,54.7279197919204,34.5989260529203,"CR (pooled)"
"CADM3",95.7250411765293,52.4061285439276,-43.3189126326018,"CR (pooled)"
"RNF126",32.673326931751,27.3646499235941,-5.30867700815691,"CR (pooled)"
"UROS",28.5058954258606,34.701715616262,6.19582019040143,"CR (pooled)"
"CCAR2",47.7551173185236,43.4914988541722,-4.26361846435147,"CR (pooled)"
"PLCL2",23.447843882399,17.5290519730077,-5.91879190939125,"CR (pooled)"
"PPCDC",38.3169370920813,30.7811230370402,-7.53581405504109,"CR (pooled)"
"G3BP1",26.1037428104258,25.6716992531239,-0.432043557301938,"CR (pooled)"
"SF3B2",6.60941751657348,10.1144470133006,3.50502949672707,"CR (pooled)"
"MRPS18B",44.3129917216798,69.2687290256663,24.9557373039865,"CR (pooled)"
"SUPV3L1",48.5618459756748,33.1136007539563,-15.4482452217185,"CR (pooled)"
"BAG6",11.0263547357928,44.2291786838224,33.2028239480295,"CR (pooled)"
"XPO7",35.7855020181992,26.3528920861983,-9.43260993200097,"CR (pooled)"
"WDFY1",29.8642660660765,37.1830740103213,7.31880794424479,"CR (pooled)"
"DCPS",30.4273623211334,30.2003789995008,-0.226983321632513,"CR (pooled)"
"SARNP",32.9216899260667,31.6017579498002,-1.31993197626651,"CR (pooled)"
"ACBD3",27.3610605104311,30.1911386232676,2.8300781128365,"CR (pooled)"
"JPT2",36.2749899406686,21.894780817201,-14.3802091234676,"CR (pooled)"
"NDUFAF5",19.3137546778481,16.786961676217,-2.5267930016311,"CR (pooled)"
"FKBP8",19.6986835687806,37.9516482143737,18.252964645593,"CR (pooled)"
"ENPP1",65.9957211244641,23.2480826888574,-42.7476384356066,"CR (pooled)"
"NCK1",58.08684154065,37.3074364528564,-20.7794050877936,"CR (pooled)"
"ARF5",27.6413360687536,23.7423311392542,-3.89900492949942,"CR (pooled)"
"MRI1",43.718711647093,32.6846633849886,-11.0340482621044,"CR (pooled)"
"CTSL",50.3928965688706,29.601740542962,-20.7911560259086,"CR (pooled)"
"EIPR1",36.4339166371248,32.6502695010432,-3.78364713608156,"CR (pooled)"
"HDGFL3",59.3951657347525,60.5542296992575,1.159063964505,"CR (pooled)"
"MRPL48",41.7722871314365,65.416680572813,23.6443934413764,"CR (pooled)"
"AAMP",36.6227139782875,14.9180641812065,-21.704649797081,"CR (pooled)"
"POFUT1",44.8494817029774,50.3342009572962,5.48471925431877,"CR (pooled)"
"PIP4K2B",33.4811190772953,66.2001819353827,32.7190628580874,"CR (pooled)"
"MRPL21",33.315654584519,39.3317648895115,6.01611030499251,"CR (pooled)"
"YOD1",27.5728275078286,52.7053390692648,25.1325115614362,"CR (pooled)"
"RWDD4",32.1831915398496,21.3230370446046,-10.8601544952451,"CR (pooled)"
"CCN5",37.2164509999996,36.4323295830977,-0.784121416901918,"CR (pooled)"
"PTCD3",61.4684765811806,26.2046743541687,-35.2638022270119,"CR (pooled)"
"SCN1B",13.6969935707758,39.2645889048781,25.5675953341023,"CR (pooled)"
"UBFD1",38.0468080384463,34.4783131494413,-3.568494889005,"CR (pooled)"
"TOMM22",28.4427973646497,32.0817631071051,3.63896574245536,"CR (pooled)"
"COPE",56.112392364054,40.5200753246004,-15.5923170394536,"CR (pooled)"
"AGFG1",95.1468811605647,59.8593271227074,-35.2875540378573,"CR (pooled)"
"MAP1S",25.1576413952575,31.9701222820776,6.81248088682016,"CR (pooled)"
"NUBP2",45.0646452140824,35.710796535882,-9.35384867820049,"CR (pooled)"
"LSM6",23.0155433574761,27.824338945205,4.80879558772891,"CR (pooled)"
"SF1",35.4167092430073,18.3237669026048,-17.0929423404025,"CR (pooled)"
"EIF5B",25.6376419771294,17.3365746973239,-8.30106727980543,"CR (pooled)"
"DNAJB6",19.4990899153983,17.475641924308,-2.02344799109033,"CR (pooled)"
"MRPL38",69.9398645262786,31.5130937179839,-38.4267708082947,"CR (pooled)"
"SLC9A3R2",94.929713921838,61.2029743136031,-33.7267396082348,"CR (pooled)"
"RBM8A",34.7536011796785,24.56081437372,-10.1927868059585,"CR (pooled)"
"GGPS1",54.9285489684317,15.9575273657246,-38.9710216027071,"CR (pooled)"
"ADAM10",62.617952681819,27.9584563587831,-34.6594963230359,"CR (pooled)"
"EEF2K",15.1309702271341,34.1585436226187,19.0275733954845,"CR (pooled)"
"ACADL",70.469081251207,34.5478120612236,-35.9212691899833,"CR (pooled)"
"SEC24B",15.1284652137193,39.3432941270509,24.2148289133315,"CR (pooled)"
"ATP2B1",33.3648473895941,27.9616290967351,-5.40321829285904,"CR (pooled)"
"BCL2",63.449324431802,36.0747654602138,-27.3745589715883,"CR (pooled)"
"SRSF11",32.3955452380769,40.6825241614183,8.28697892334142,"CR (pooled)"
"CA4",58.4486917148343,32.6463278576579,-25.8023638571763,"CR (pooled)"
"TSC22D1",37.3264348938254,31.4369735362942,-5.88946135753115,"CR (pooled)"
"ENPP4",29.4132564289315,54.7954463144614,25.3821898855299,"CR (pooled)"
"ATG7",30.7845325032404,30.1065110883036,-0.678021414936726,"CR (pooled)"
"SEPHS1",34.6312081270868,38.9203144550891,4.28910632800231,"CR (pooled)"
"MARS1",48.6683264686641,55.7907132997841,7.12238683111998,"CR (pooled)"
"STARD10",32.5177902176827,34.9572763400758,2.43948612239307,"CR (pooled)"
"NEU3",31.5661583430434,27.1044742165226,-4.46168412652082,"CR (pooled)"
"C15orf40",11.7274196001358,12.3422825823949,0.614862982259094,"CR (pooled)"
"NUP93",12.5879338888644,34.7754037046402,22.1874698157758,"CR (pooled)"
"NRP1",40.3327974824691,38.58804351942,-1.74475396304913,"CR (pooled)"
"RPRD1B",26.2962656949582,40.7520720390002,14.4558063440421,"CR (pooled)"
"CHORDC1",30.8507252726107,20.5031427032914,-10.3475825693193,"CR (pooled)"
"GNB4",116.823963307524,58.080638687018,-58.7433246205064,"CR (pooled)"
"FAM185A",37.3500368368528,17.8857920939753,-19.4642447428775,"CR (pooled)"
"FAM120A",34.0125063172954,29.834988201663,-4.17751811563244,"CR (pooled)"
"MYLK3",54.9417981794898,65.4700954384861,10.5282972589963,"CR (pooled)"
"CD99L2",20.0269887277665,24.3479391100108,4.32095038224432,"CR (pooled)"
"PSPC1",51.4139609395317,24.8395836204907,-26.574377319041,"CR (pooled)"
"CLASP1",25.0869591534322,40.7891848682211,15.7022257147889,"CR (pooled)"
"RAC2",109.751858560502,52.0969721564992,-57.6548864040029,"CR (pooled)"
"GFPT1",23.1190251412065,28.9282911664592,5.8092660252527,"CR (pooled)"
"MECP2",47.5430161891225,25.1525343262224,-22.3904818629,"CR (pooled)"
"NME3",39.634695032742,33.6658113688593,-5.96888366388266,"CR (pooled)"
"DNAAF5",41.9377386007957,20.0504106352133,-21.8873279655824,"CR (pooled)"
"HARS2",27.0528439014956,64.8514585335343,37.7986146320387,"CR (pooled)"
"USP13",44.3760197913565,18.8726530719148,-25.5033667194417,"CR (pooled)"
"ADI1",15.3247268616718,32.8490378192426,17.5243109575708,"CR (pooled)"
"TCEA3",39.9162485291571,32.03348783261,-7.8827606965471,"CR (pooled)"
"RDH11",38.203313361714,42.4684546761238,4.26514131440979,"CR (pooled)"
"SVIL",41.3308534529842,53.134640655437,11.8037872024528,"CR (pooled)"
"ARFIP1",47.9852581248829,23.2152726000963,-24.7699855247866,"CR (pooled)"
"CTPS1",47.0476140417843,51.641726126891,4.59411208510678,"CR (pooled)"
"NRDC",47.4564433881278,39.2119910296824,-8.24445235844532,"CR (pooled)"
"EMC2",40.9312313075979,44.8654734108733,3.93424210327538,"CR (pooled)"
"VPS13A",40.0312824356933,36.1369590061176,-3.89432342957568,"CR (pooled)"
"APOL2",51.9327780203104,22.9345026690273,-28.9982753512831,"CR (pooled)"
"PPP6R2",3.15148055302659,34.4452511800111,31.2937706269845,"CR (pooled)"
"ROCK2",48.74824890106,35.1965457837558,-13.5517031173043,"CR (pooled)"
"LCN2",57.4125692359557,48.8127390514889,-8.59983018446679,"CR (pooled)"
"BTF3",11.0158493800867,42.8429932514026,31.8271438713159,"CR (pooled)"
"DIP2C",58.1607255090013,37.3238507253492,-20.8368747836521,"CR (pooled)"
"HK2",27.33980092374,56.5719559728443,29.2321550491043,"CR (pooled)"
"MARCHF5",61.5666154413486,3.25032372830563,-58.316291713043,"CR (pooled)"
"TIMM8B",31.527663806361,54.7403593769216,23.2126955705605,"CR (pooled)"
"ISCA1",6.69096400405714,23.8720556767407,17.1810916726836,"CR (pooled)"
"PMVK",34.7799636002137,35.7092749835354,0.929311383321696,"CR (pooled)"
"RELA",40.4623569932488,28.6333835809422,-11.8289734123066,"CR (pooled)"
"RAB24",47.5129744603898,40.0719643085691,-7.44101015182066,"CR (pooled)"
"SQSTM1",34.9612446914468,42.530413162599,7.56916847115215,"CR (pooled)"
"DCAF11",25.1051480310979,15.5523605425951,-9.55278748850278,"CR (pooled)"
"BCAR1",35.3844071792932,22.6212630274844,-12.7631441518089,"CR (pooled)"
"SNAPIN",30.125708062426,35.8808508990329,5.75514283660682,"CR (pooled)"
"OSGEP",49.7450768149954,40.1663600080478,-9.57871680694758,"CR (pooled)"
"C12orf57",37.4043286392785,39.191010410933,1.78668177165441,"CR (pooled)"
"SETD3",19.3489621604692,12.4331996405925,-6.91576251987665,"CR (pooled)"
"THNSL1",63.8918371425031,42.0073181455872,-21.8845189969159,"CR (pooled)"
"CD99",26.938922256835,29.6982208330071,2.75929857617211,"CR (pooled)"
"CLIC2",33.1594999056036,39.1826405986375,6.02314069303394,"CR (pooled)"
"TIGAR",52.4737673234466,56.5134516988888,4.03968437544218,"CR (pooled)"
"PEX19",48.8589015626611,34.4953215788942,-14.363579983767,"CR (pooled)"
"MOCS3",50.5598802347585,44.4342707964272,-6.12560943833125,"CR (pooled)"
"PEX11B",14.8222546969291,5.67852063483083,-9.14373406209831,"CR (pooled)"
"MB",24.6868219702411,18.1217258330559,-6.56509613718525,"CRE"
"CKM",10.4188866411262,19.1396654331539,8.72077879202772,"CRE"
"ALDOA",10.3423872382686,11.2751018482945,0.932714610025876,"CRE"
"GAPDH",14.1786330219617,13.0314431660098,-1.14718985595186,"CRE"
"CKB",41.7255775518728,36.5700258440596,-5.15555170781327,"CRE"
"CA3",33.2073063886428,23.320046021402,-9.88726036724079,"CRE"
"FHL1",33.7272076901115,25.5117003735905,-8.21550731652096,"CRE"
"ACTA1",26.9374256085445,122.469562158909,95.5321365503648,"CRE"
"ENO1",14.198937637081,69.8214077059782,55.6224700688972,"CRE"
"ENO3",20.9875339613354,33.2102964773074,12.222762515972,"CRE"
"ACTB",51.3484926866572,111.607425808723,60.258933122066,"CRE"
"PRDX2",87.8547482399377,164.842460241624,76.987712001686,"CRE"
"PKM",16.6558167867218,14.7440153517502,-1.91180143497157,"CRE"
"TPI1",15.2983449555739,16.814520530906,1.51617557533203,"CRE"
"ENO2",43.0741635941697,38.375683364342,-4.69848022982775,"CRE"
"PGAM1",13.2393481428205,37.3925024528561,24.1531543100357,"CRE"
"CASQ1",16.6203534528753,23.6598519678108,7.03949851493557,"CRE"
"PGK1",12.623183768806,25.005534670783,12.382350901977,"CRE"
"HSPB1",33.2899940385832,36.4105896516132,3.12059561303005,"CRE"
"MYL1",42.7355581214196,106.07157591968,63.3360177982603,"CRE"
"PYGM",24.8473596234366,34.2654542037447,9.41809458030808,"CRE"
"CRYAB",23.7471526198991,29.4010965526231,5.65394393272405,"CRE"
"LDHA",28.3130460211628,43.6389253584092,15.3258793372465,"CRE"
"MYL2",48.5632729407357,77.9575341839557,29.39426124322,"CRE"
"AK1",12.9528149087305,21.7163923155023,8.76357740677176,"CRE"
"FABP4",93.4177330458222,208.825321153881,115.407588108059,"CRE"
"FABP3",20.6434951059649,42.3703876232575,21.7268925172926,"CRE"
"ATP2A1",21.8175617671952,35.8663029878187,14.0487412206235,"CRE"
"CA2",79.1361150230813,160.279465871586,81.1433508485048,"CRE"
"MDH1",20.2578096948215,29.2731275486413,9.01531785381984,"CRE"
"MYH7",58.0604602213769,130.851434519824,72.7909742984467,"CRE"
"PGAM2",16.3853174703294,37.3797638468894,20.99444637656,"CRE"
"PYGB",18.3992610149395,26.7992624703073,8.40000145536777,"CRE"
"PRDX6",18.297027806361,57.9148170442659,39.6177892379049,"CRE"
"IDH2",45.2389507389039,39.9823665560695,-5.25658418283437,"CRE"
"MYH2",45.7194784223024,154.317626422422,108.59814800012,"CRE"
"ATP2A2",27.3608504603405,42.7058246187087,15.3449741583683,"CRE"
"ATP5F1B",50.7512748620414,37.3666240082947,-13.3846508537467,"CRE"
"MDH2",43.0887309903614,40.0351425855292,-3.05358840483216,"CRE"
"ATP5F1A",58.285291043051,27.7586532645423,-30.5266377785087,"CRE"
"MYH1",61.9041999839106,117.342779622899,55.4385796389885,"CRE"
"PFKM",7.57444198368761,30.5912352964528,23.0167933127652,"CRE"
"S100A1",31.2636059449383,75.172454735305,43.9088487903668,"CRE"
"HSPB6",31.8056603730476,24.0996031584613,-7.7060572145863,"CRE"
"EEF1A1",22.8772990842933,67.4411027959546,44.5638037116614,"CRE"
"FBP2",25.8369616289272,40.6449837902701,14.8080221613429,"CRE"
"ARF4",22.7414039635373,42.9624429581047,20.2210389945674,"CRE"
"SLC25A4",38.2902732131571,66.0207266576425,27.7304534444854,"CRE"
"TNNC2",47.1942257749747,109.644147304777,62.4499215298022,"CRE"
"PGM1",15.8472213351199,27.6619064503451,11.8146851152252,"CRE"
"YWHAE",16.9221275091271,60.4701792133034,43.5480517041763,"CRE"
"GOT1",36.9240747756481,51.0546272842497,14.1305525086016,"CRE"
"CKMT2",56.262371272473,71.167393699719,14.9050224272459,"CRE"
"MYL6",33.0905766713146,99.5180431694884,66.4274664981737,"CRE"
"ATP2A3",39.0206098099093,53.3766711320098,14.3560613221005,"CRE"
"RPS27A",34.2130858666108,66.8506667810405,32.6375809144297,"CRE"
"PDLIM3",38.5406257034154,26.3983800072088,-12.1422456962066,"CRE"
"PEBP1",30.8594742027353,30.1262997701697,-0.73317443256558,"CRE"
"TPM2",29.4107927148575,153.718262241855,124.307469526998,"CRE"
"SOD1",20.0786022304827,83.4708483493368,63.392246118854,"CRE"
"TUBB",28.3033726424505,95.9930624893801,67.6896898469297,"CRE"
"PARK7",21.6340054635992,24.0877016385301,2.45369617493084,"CRE"
"GOT2",52.2431872263663,57.3382800668378,5.09509284047154,"CRE"
"MYL3",57.7516570540774,115.655317716418,57.9036606623405,"CRE"
"MT-CO2",48.6771389064137,19.904582942333,-28.7725559640807,"CRE"
"PRDX1",25.0466928826375,64.221351884919,39.1746590022815,"CRE"
"ALDOC",14.8671001836267,26.8909932806955,12.0238930970688,"CRE"
"CYCS",34.5999457437428,50.8259928602753,16.2260471165326,"CRE"
"TPM1",29.9138888019218,162.418531531137,132.504642729215,"CRE"
"GPD1",32.5154415142831,67.9877272060234,35.4722856917403,"CRE"
"CFL1",36.633664741001,55.574803153718,18.941138412717,"CRE"
"VIM",97.8395099871875,119.485805933347,21.6462959461598,"CRE"
"CS",41.4012381870985,54.2372283162874,12.8359901291889,"CRE"
"DECR1",61.490603964907,44.2434395615286,-17.2471644033783,"CRE"
"HSPA8",19.9338613080897,47.2965525116413,27.3626912035516,"CRE"
"HADHA",21.0022897744726,23.987243875015,2.98495410054243,"CRE"
"ACO2",41.3672583733258,43.6714170943939,2.30415872106807,"CRE"
"BLVRB",81.0450689434923,115.740243096123,34.695174152631,"CRE"
"ACAT1",18.1667323102243,29.4303937584946,11.2636614482702,"CRE"
"CSRP3",46.5238820010929,42.4182098549394,-4.10567214615345,"CRE"
"LDB3",22.4099295888709,44.2668826341718,21.8569530453009,"CRE"
"AKR1A1",13.9123758698971,42.4004369497716,28.4880610798746,"CRE"
"GSTM2",28.1398558068861,30.4763592787216,2.33650347183548,"CRE"
"MYBPC1",47.2367247193551,71.1956656288463,23.9589409094912,"CRE"
"TNNI2",41.5047757755553,156.141367046386,114.63659127083,"CRE"
"ANXA6",14.3807628542497,55.2901268527475,40.9093639984979,"CRE"
"CFL2",32.5925766286124,27.5496419441666,-5.04293468444587,"CRE"
"VDAC1",19.6370923406296,28.0274694899013,8.39037714927172,"CRE"
"TXN",25.2803493866941,61.0173874556897,35.7370380689956,"CRE"
"FLNC",43.7888544427815,47.5926150463274,3.8037606035459,"CRE"
"CALM1",35.6222117881534,94.6122039599662,58.9899921718128,"CRE"
"TNNT3",36.2856667474568,150.433372566136,114.147705818679,"CRE"
"LDHB",21.69343568061,90.2199637917166,68.5265281111067,"CRE"
"S100A6",90.1212852987526,117.793722491482,27.6724371927299,"CRE"
"BIN1",25.7324466518262,11.8488137754216,-13.8836328764046,"CRE"
"ACADVL",31.1622566532901,48.582352999915,17.4200963466249,"CRE"
"AKR1B1",19.0466994997601,30.9694646915274,11.9227651917673,"CRE"
"PRDX3",22.4015010686859,18.264294699343,-4.13720636934287,"CRE"
"HADHB",21.3614517569623,33.4908775599595,12.1294258029972,"CRE"
"CAT",112.645163194796,129.237369644493,16.5922064496969,"CRE"
"UQCRC2",51.8169624413394,27.9114776310781,-23.9054848102613,"CRE"
"TUBA1B",30.0774639773423,83.2274996768665,53.1500356995243,"CRE"
"SLC25A6",38.2587721230377,71.845717820027,33.5869456969893,"CRE"
"SLC25A5",32.772527509099,47.1426160559412,14.3700885468422,"CRE"
"ANXA5",57.5530907744674,111.683272630078,54.1301818556105,"CRE"
"H2BC4",48.5657001706854,104.816189348426,56.2504891777404,"CRE"
"TUBA4A",26.4595035315346,21.9108855905488,-4.5486179409858,"CRE"
"DCN",53.9079803912336,101.351876335349,47.4438959441156,"CRE"
"APOBEC2",26.7937098382416,47.2625414745118,20.4688316362702,"CRE"
"HSP90AA1",14.746706355559,45.9254008132562,31.1786944576972,"CRE"
"EEF1A2",21.4459836348048,31.9967817060865,10.5507980712817,"CRE"
"ATP5MF",41.1774100977678,30.0912985608757,-11.086111536892,"CRE"
"TTN",40.3752831790842,133.077933255076,92.7026500759922,"CRE"
"SRL",23.2133105293926,27.281020318243,4.06770978885034,"CRE"
"HSPA1A",29.6184666427838,24.1002886070733,-5.51817803571046,"CRE"
"COX5B",51.4335153106264,33.7384629488653,-17.6950523617611,"CRE"
"TNNC1",36.7782820758767,121.464148282059,84.6858662061821,"CRE"
"SELENBP1",61.8971662202013,103.763799936176,41.8666337159749,"CRE"
"ECHS1",20.8321921176021,26.5536578059056,5.72146568830352,"CRE"
"NDUFA4",38.5571489919473,56.3141275016805,17.7569785097332,"CRE"
"ATP5MG",43.9387170338888,37.8423636166988,-6.09635341719007,"CRE"
"PFN1",19.5311190653481,56.2987076290672,36.7675885637191,"CRE"
"ATP5F1C",56.7254065243061,36.1672788321674,-20.5581276921387,"CRE"
"ANKRD2",44.8235175599682,60.3340234874691,15.5105059275009,"CRE"
"UQCRC1",41.9974160515012,36.2295735684978,-5.76784248300337,"CRE"
"HADH",21.5630408454296,32.4816085331853,10.9185676877556,"CRE"
"PDLIM5",13.9149682208473,62.3601349653697,48.4451667445224,"CRE"
"YWHAG",27.6177171089115,29.9063937132805,2.28867660436898,"CRE"
"PLIN1",105.099370174541,147.916126205635,42.8167560310939,"CRE"
"COX7A1",43.2247238104705,25.8826564559715,-17.3420673544989,"CRE"
"DBI",15.2335327928973,31.2461510049268,16.0126182120294,"CRE"
"SOD2",40.8700511302982,51.3933089836356,10.5232578533375,"CRE"
"TPM3",50.4178142919644,122.206433702639,71.7886194106748,"CRE"
"TUBB4B",25.2856798459671,45.7045639690431,20.418884123076,"CRE"
"TRIM72",18.7635831730026,18.8144660668732,0.0508828938705506,"CRE"
"COX4I1",39.5446856890208,21.5520653112284,-17.9926203777924,"CRE"
"UGP2",14.3248260491789,43.1972222181653,28.8723961689864,"CRE"
"ATP5PO",54.5384446048282,30.7249167440063,-23.813527860822,"CRE"
"LUM",64.9923615924917,86.1378701764182,21.1455085839265,"CRE"
"CASQ2",49.8376395493915,48.954946314858,-0.882693234533441,"CRE"
"QDPR",16.2125510518179,25.4162343319429,9.20368328012501,"CRE"
"CMBL",16.8699518758346,39.4647973518522,22.5948454760176,"CRE"
"MYOM2",19.8062912696814,76.4225578352487,56.6162665655673,"CRE"
"HBG2",169.435287017292,130.143156938034,-39.2921300792585,"CRE"
"AHNAK",53.1100744022876,97.0850735164104,43.9749991141228,"CRE"
"GLO1",25.3378886422451,15.9912075110576,-9.34668113118753,"CRE"
"VDAC3",27.2458483126859,25.9321625962321,-1.31368571645379,"CRE"
"GSTP1",31.7138865304114,30.4382092305277,-1.27567729988371,"CRE"
"ECH1",23.9472736195206,40.8856844708341,16.9384108513135,"CRE"
"SLC25A3",48.2690665071187,24.2302274367265,-24.0388390703922,"CRE"
"ATP5PD",47.1138784575956,48.1128186020898,0.998940144494142,"CRE"
"ADSS1",13.6365831270066,35.0054856684366,21.3689025414301,"CRE"
"CAVIN1",63.9246150683304,113.956272362464,50.0316572941336,"CRE"
"MT-ATP6",43.7622992232053,31.4868771565824,-12.2754220666228,"CRE"
"TNNI1",40.172210367197,117.847783426179,77.6755730589818,"CRE"
"HSPB7",35.1556928020916,34.6156517159432,-0.54004108614842,"CRE"
"CSTB",20.3994442453673,55.7214261371788,35.3219818918114,"CRE"
"RTN2",28.6935655407496,28.2958215966966,-0.397743944053037,"CRE"
"LCP1",67.0581406696381,126.631309825733,59.5731691560949,"CRE"
"ACTN2",89.5487852451474,181.351994243064,91.8032089979167,"CRE"
"NNT",41.3854865316267,37.8108731144816,-3.57461341714511,"CRE"
"TNNT1",50.0378078937702,127.559800339334,77.5219924455635,"CRE"
"PRDX5",15.3132047958338,28.1245760244405,12.8113712286068,"CRE"
"PADI2",18.7976222100645,14.40077383345,-4.39684837661449,"CRE"
"UQCR10",24.0159767639363,49.6515708830694,25.6355941191331,"CRE"
"ETFA",33.4416412659231,44.479785716185,11.038144450262,"CRE"
"ACSL1",16.9883710480004,58.1327856147803,41.1444145667798,"CRE"
"GLRX",58.0730218364234,38.1506641320041,-19.9223577044193,"CRE"
"FH",32.5866246599444,35.0887560513226,2.50213139137823,"CRE"
"HINT1",23.1550159409306,27.5611701569287,4.4061542159981,"CRE"
"MYH3",82.5604202937973,105.804594799429,23.2441745056316,"CRE"
"NIPSNAP2",32.9041678746274,30.7217980784895,-2.18236979613788,"CRE"
"FTH1",64.6183141898017,95.4206250311374,30.8023108413358,"CRE"
"VDAC2",25.8653685913823,13.0179734999015,-12.8473950914809,"CRE"
"ACYP2",42.1765787464438,32.077117538073,-10.0994612083708,"CRE"
"COX6C",48.0998929003991,25.8260838714853,-22.2738090289138,"CRE"
"COX5A",41.3000213651325,28.0650588095671,-13.2349625555654,"CRE"
"UQCRFS1",37.7742523482282,41.3077663517208,3.53351400349265,"CRE"
"CYB5R3",44.3940398302833,95.7471412792823,51.353101448999,"CRE"
"HSP90AB1",23.7502992319578,28.3223815227586,4.57208229080076,"CRE"
"PCMT1",26.7410742105602,26.8697693871596,0.128695176599354,"CRE"
"PSAP",12.2261644853219,60.01814894362,47.7919844582982,"CRE"
"ECI1",51.7190384209965,43.3560682286505,-8.36297019234598,"CRE"
"CYB5R1",15.6306575857006,26.0582104137541,10.4275528280535,"CRE"
"AAMDC",27.6515758718747,44.7822302955829,17.1306544237082,"CRE"
"PITPNA",56.4280328695686,71.614144319664,15.1861114500954,"CRE"
"ATP5ME",52.9661370287597,48.520616958768,-4.44552006999174,"CRE"
"UQCRB",45.4763605640664,22.8202550556394,-22.656105508427,"CRE"
"PHPT1",38.068920374997,23.3073348853126,-14.7615854896844,"CRE"
"VBP1",29.9869967783507,16.170435687673,-13.8165610906776,"CRE"
"ADH1B",121.869074393296,146.246595842611,24.3775214493141,"CRE"
"AGL",30.931584278597,47.0168426706863,16.0852583920893,"CRE"
"ESD",21.9620879582399,23.3002758153369,1.33818785709705,"CRE"
"LMCD1",19.8540017852901,34.9548673924014,15.1008656071113,"CRE"
"EIF5A",40.3357034991008,41.1408794875213,0.805175988420515,"CRE"
"ATP5F1D",54.0399096374494,38.4788829142497,-15.5610267231996,"CRE"
"CD36",51.8207573960157,126.539208701255,74.718451305239,"CRE"
"PLIN4",64.5293201213246,113.887106880381,49.3577867590566,"CRE"
"TPT1",8.57465851858649,10.5667565641296,1.99209804554309,"CRE"
"CYC1",40.3798833705125,41.0300376945068,0.650154323994329,"CRE"
"KLHL41",49.9483438437178,69.5597091410502,19.6113652973324,"CRE"
"CISD1",42.5416155985797,19.6018133222097,-22.93980227637,"CRE"
"SDHA",36.3783288100175,45.5795372526909,9.20120844267345,"CRE"
"UQCRH",47.9440173205588,90.3314369386913,42.3874196181325,"CRE"
"NPEPPS",17.620873508784,22.8384113139874,5.21753780520339,"CRE"
"MACROD1",27.3675226655134,38.1394627758347,10.7719401103213,"CRE"
"NDRG2",22.8313023353418,24.5180514559106,1.68674912056876,"CRE"
"RAB1B",36.8098337843886,45.912488751394,9.10265496700533,"CRE"
"EHD2",63.3217046722457,120.453826302862,57.1321216306166,"CRE"
"ADIRF",70.1303297863374,125.851485870602,55.7211560842644,"CRE"
"NUTF2",30.101231028311,42.9353916277298,12.8341605994189,"CRE"
"FLNB",35.5698527570799,41.0484994841748,5.4786467270949,"CRE"
"VCL",17.8410741446951,50.5749571834311,32.733883038736,"CRE"
"CAV1",88.7656143905808,138.480641933825,49.7150275432441,"CRE"
"NEB",47.1049157893352,153.326695248439,106.221779459104,"CRE"
"PYGL",33.2584017941927,25.9307769743323,-7.32762481986038,"CRE"
"CRAT",28.9177465479721,48.695583858969,19.7778373109969,"CRE"
"ST13",26.5523901126645,36.931987073748,10.3795969610835,"CRE"
"AKR1C1",102.098071672326,93.889758325493,-8.20831334683321,"CRE"
"UBE2N",18.8445981839442,21.9937362644107,3.14913808046659,"CRE"
"HSP90B1",32.7290309616479,75.8358419294833,43.1068109678354,"CRE"
"NME2",37.420788465542,54.7262005439715,17.3054120784295,"CRE"
"RTN4",31.8395465612234,35.15794316641,3.31839660518664,"CRE"
"DLST",44.5895864844888,42.5598202216143,-2.02976626287454,"CRE"
"SYPL2",34.2093910243515,20.4278027822072,-13.7815882421443,"CRE"
"RAN",29.4023823777556,42.7189341156562,13.3165517379006,"CRE"
"GYG1",34.642039093418,32.3087703893667,-2.33326870405126,"CRE"
"RNH1",20.3185028645674,42.2139498991391,21.8954470345717,"CRE"
"ADH5",26.768885565469,44.4651897533714,17.6963041879024,"CRE"
"ACAA2",12.682642504269,28.108811078176,15.426168573907,"CRE"
"YWHAZ",62.0733764354345,90.2567618494338,28.1833854139992,"CRE"
"HSPA2",34.8021031476073,59.6183070718891,24.8162039242818,"CRE"
"HSPD1",27.7028896629419,35.9093871947586,8.20649753181673,"CRE"
"ATP5PB",53.4425178743809,58.7066614160543,5.26414354167335,"CRE"
"FLNA",38.738692299618,64.9246173131907,26.1859250135726,"CRE"
"KRT1",64.4342604605176,94.408893565156,29.9746331046384,"CRE"
"ARL6IP5",40.2401666875678,14.5772697268814,-25.6628969606865,"CRE"
"PDHB",60.7482611192266,43.2179696934064,-17.5302914258202,"CRE"
"ACTN1",45.7452544963365,127.877892673723,82.1326381773862,"CRE"
"COX6B1",46.9836953437885,71.5848528957318,24.6011575519433,"CRE"
"TUFM",31.2544619259404,23.8111728274783,-7.44328909846203,"CRE"
"HAGH",27.0932195622868,25.5560419505938,-1.53717761169302,"CRE"
"TAGLN",50.0121087812347,98.4637459653376,48.451637184103,"CRE"
"NDUFS1",42.4248745439537,30.3149374888763,-12.1099370550775,"CRE"
"DLD",41.4079746786417,24.4012535570155,-17.0067211216262,"CRE"
"OGDH",46.8109985184991,46.5106231302782,-0.300375388220935,"CRE"
"COQ9",46.7090414033258,52.422646295946,5.71360489262023,"CRE"
"DLAT",57.2288114495149,32.4068035417212,-24.8220079077937,"CRE"
"COQ8A",24.7791159077733,45.0812505181997,20.3021346104263,"CRE"
"SLC25A12",37.8492924914732,33.7575435802448,-4.09174891122843,"CRE"
"FKBP3",7.89222845806169,24.136955277016,16.2447268189543,"CRE"
"EEF2",21.72993363051,13.2526796451896,-8.4772539853205,"CRE"
"ACTN4",42.4356859159818,75.2912686122309,32.8555826962491,"CRE"
"PDHA1",53.208073466992,49.409385965663,-3.79868750132906,"CRE"
"MSN",48.3314010797542,77.6795273743949,29.3481262946408,"CRE"
"GSTO1",24.2558454741114,51.883651055781,27.6278055816695,"CRE"
"BPGM",93.2722997773581,95.9474891281756,2.67518935081743,"CRE"
"GPD1L",35.3161843613939,50.275200188311,14.9590158269171,"CRE"
"SUCLA2",47.5678680374691,51.5874700236126,4.01960198614343,"CRE"
"UBA1",24.5757036733941,34.2332828574945,9.65757918410036,"CRE"
"ACADM",41.4323891992469,48.4245097027041,6.99212050345715,"CRE"
"COMP",101.195539061074,127.912175556508,26.7166364954338,"CRE"
"SDHB",39.6237382720146,40.9472506223425,1.32351235032796,"CRE"
"ALDH9A1",20.6654519344352,33.6748842255617,13.0094322911265,"CRE"
"FBP1",17.2570276547965,36.8531998799864,19.5961722251899,"CRE"
"PRELP",87.7290152340573,99.9311093376618,12.2020941036044,"CRE"
"GAMT",18.4952910555226,36.818177040401,18.3228859848784,"CRE"
"SAR1A",16.4655527993001,57.4939966340359,41.0284438347358,"CRE"
"AOC3",100.659086226335,103.353627743075,2.69454151674003,"CRE"
"GSTM3",42.0947931719213,55.6220889259351,13.5272957540138,"CRE"
"P4HB",24.1297793463272,38.6359645539584,14.5061852076312,"CRE"
"FTL",64.1701441919306,86.3588492842442,22.1887050923135,"CRE"
"LRRC20",21.5379272443985,38.3413165945457,16.8033893501472,"CRE"
"COX7C",52.3887678760328,52.2423502388729,-0.146417637159942,"CRE"
"EHD1",43.9266768451257,100.288310765909,56.361633920783,"CRE"
"SNCA",117.524613156894,105.301204115039,-12.2234090418545,"CRE"
"RAP1B",66.7163350613082,85.3100544832411,18.593719421933,"CRE"
"YWHAB",39.8571360184853,78.5654079069515,38.7082718884662,"CRE"
"H3-3A",47.9689654173877,131.65770590931,83.6887404919218,"CRE"
"PPP3CA",20.1003914969916,21.7568621232033,1.65647062621176,"CRE"
"NDUFB10",46.737252694034,28.4209539736525,-18.3162987203816,"CRE"
"S100A10",50.6006732427222,94.7685051708055,44.1678319280833,"CRE"
"ARHGDIA",46.9851947133399,65.7241577839077,18.7389630705678,"CRE"
"GPT",39.5683837455083,57.5318814362168,17.9634976907085,"CRE"
"REEP5",33.7860576853167,30.9359625003305,-2.85009518498624,"CRE"
"ACADS",40.2613720822142,59.3618674218635,19.1004953396493,"CRE"
"ACTC1",12.7157032861795,114.086235014897,101.370531728718,"CRE"
"DDB1",9.18492832770887,9.68759604623591,0.502667718527034,"CRE"
"ALDH2",33.9324140772225,85.5989258691552,51.6665117919327,"CRE"
"ALDH1A1",43.6995032721026,54.404996186811,10.7054929147084,"CRE"
"ACOT2",29.1859278303616,32.8788821385837,3.69295430822213,"CRE"
"GDI2",30.2914247570883,36.9693377670049,6.6779130099166,"CRE"
"PSMC1",43.2069285834432,31.6478178927264,-11.5591106907168,"CRE"
"GSTM1",82.7044318352781,87.1755964618281,4.47116462655001,"CRE"
"S100B",121.451868702843,89.7016134079801,-31.7502552948626,"CRE"
"UQCRQ",54.9862699410827,45.553621523979,-9.43264841710373,"CRE"
"FKBP1A",22.6381221423675,17.8960841783535,-4.742037964014,"CRE"
"OLA1",16.673266016689,20.051226118551,3.37796010186194,"CRE"
"PHB2",33.0377701736266,21.3326456622092,-11.7051245114173,"CRE"
"ANXA7",18.5729955250495,18.6169003962471,0.0439048711976149,"CRE"
"GRHPR",19.9662927387648,17.7741904514599,-2.19210228730495,"CRE"
"NDUFV2",47.4690991680819,30.5595263756925,-16.9095727923894,"CRE"
"PCBP1",22.7422503050436,14.6277865692,-8.11446373584358,"CRE"
"CES1",88.2169432241503,113.482712143416,25.2657689192653,"CRE"
"WDR1",21.7379426252723,15.228594766611,-6.5093478586613,"CRE"
"ETFB",35.4457521037931,48.7010338286683,13.2552817248751,"CRE"
"DUSP3",17.8359313235766,32.5280184685545,14.6920871449779,"CRE"
"AMPD1",47.5106036426219,51.0074896043054,3.49688596168345,"CRE"
"PFN2",39.3291450871384,29.396199286774,-9.93294580036444,"CRE"
"EIF4A1",26.0419673732528,33.3133080564054,7.27134068315257,"CRE"
"HSPB2",26.4997771701989,21.1070239138122,-5.39275325638676,"CRE"
"CRYM",38.4980059824725,2.51072718733986,-35.9872787951327,"CRE"
"MYO6",73.0561395059014,48.8504305333099,-24.2057089725915,"CRE"
"SLC25A13",39.7842315351983,41.7828563227107,1.9986247875124,"CRE"
"PLN",50.1749343174453,51.9664487294101,1.79151441196487,"CRE"
"PFKL",20.7004841097122,35.3603229499335,14.6598388402213,"CRE"
"STOM",96.1234425582037,90.0570266910399,-6.06641586716381,"CRE"
"PPP3R1",16.4498310447207,26.8251283203851,10.3752972756644,"CRE"
"HSPA9",34.0296379121885,35.1732477323473,1.14360982015881,"CRE"
"UBE2D3",17.7684831468256,16.5261245696741,-1.24235857715154,"CRE"
"PRKAR1A",20.3340256229024,13.2498253738641,-7.08420024903826,"CRE"
"ARF1",30.3128089750648,42.9074672599358,12.594658284871,"CRE"
"SUCLG1",52.7782823362951,49.8966889494296,-2.88159338686556,"CRE"
"TALDO1",48.7754149149347,60.9637045809234,12.1882896659887,"CRE"
"HSDL2",35.1355909119767,63.9946361453294,28.8590452333528,"CRE"
"FABP5",23.8030817109669,35.284619530772,11.4815378198051,"CRE"
"CZIB",23.245575545014,29.4002879521047,6.15471240709073,"CRE"
"S100A13",51.1123414163718,52.3393572368982,1.22701582052641,"CRE"
"SMPX",36.2455871279821,43.9215258674477,7.67593873946554,"CRE"
"PCBD2",11.3240627733714,31.6738047537218,20.3497419803504,"CRE"
"PREP",8.24052639699637,32.8181051259441,24.5775787289478,"CRE"
"SKP1",25.5126132525129,39.868256678941,14.3556434264281,"CRE"
"RPL7",27.2391762922329,38.4086359287485,11.1694596365157,"CRE"
"HIBADH",38.197859147113,37.546375207258,-0.651483939855098,"CRE"
"EEF1D",15.5632336961956,18.3194412779226,2.75620758172704,"CRE"
"FMOD",88.7878636435744,81.9984693547527,-6.7893942888217,"CRE"
"VCP",25.0983786505603,36.8155685894233,11.717189938863,"CRE"
"PNP",110.98373020373,79.7071389571327,-31.2765912465973,"CRE"
"PBXIP1",27.1608598478356,30.9114694076439,3.75060955980833,"CRE"
"MYOZ1",55.813933906083,139.586153699571,83.7722197934877,"CRE"
"CDC42",23.4554862386359,32.8008028465666,9.34531660793077,"CRE"
"ALAD",89.3823366488772,92.9209310390618,3.5385943901846,"CRE"
"CRIP1",36.1334783786701,90.7613801890674,54.6279018103973,"CRE"
"IDH3A",42.9122078167362,49.6974242844547,6.78521646771853,"CRE"
"NDUFV1",44.7701023178085,38.675799961955,-6.09430235585351,"CRE"
"HIBCH",52.4477433141305,47.3203788509731,-5.12736446315741,"CRE"
"PRKACA",12.1019856548239,17.1865782789488,5.08459262412492,"CRE"
"AIFM1",36.5305299000976,32.4884968821198,-4.04203301797784,"CRE"
"SLC25A11",52.1468048573137,56.2481111812745,4.10130632396081,"CRE"
"KRT10",65.0864054993029,118.537450620216,53.451045120913,"CRE"
"MYOM1",28.6270509802602,84.5082877712541,55.8812367909939,"CRE"
"FUNDC2",24.4589077772007,41.3160235812734,16.8571158040727,"CRE"
"AKR1C3",89.5340803330167,82.5228238244138,-7.01125650860286,"CRE"
"DES",56.4398282449413,161.091512348183,104.651684103242,"CRE"
"NAPA",29.1655813788237,34.0772369090498,4.91165553022604,"CRE"
"HSPE1",35.6302952503848,54.1114676203141,18.4811723699293,"CRE"
"ADPRHL1",36.3996969840173,44.4034212021643,8.00372421814692,"CRE"
"NDUFA9",43.7723865845117,39.7387951231204,-4.0335914613912,"CRE"
"PACSIN3",21.4146636722532,34.4817324402264,13.0670687679732,"CRE"
"COASY",34.1629538699704,45.0288905263139,10.8659366563435,"CRE"
"NDUFA10",52.6000434330376,36.34452997071,-16.2555134623276,"CRE"
"CCT3",20.434952165726,27.0155126335691,6.58056046784311,"CRE"
"MGST3",10.5295787310201,42.9328326784777,32.4032539474576,"CRE"
"MYH9",32.3329366795075,50.5887419548499,18.2558052753424,"CRE"
"CACNA2D1",17.7431040878034,25.5771026249309,7.83399853712749,"CRE"
"LTA4H",14.8624510773165,12.6675553291755,-2.19489574814097,"CRE"
"AK3",52.9420422027965,64.4203215204608,11.4782793176643,"CRE"
"HNRNPK",20.5562631748684,47.5758827205741,27.0196195457057,"CRE"
"MYOT",28.5537866421403,95.5819865160232,67.0281998738829,"CRE"
"CSRP1",42.4626072112653,55.1947036023347,12.7320963910695,"CRE"
"RNPEP",32.0851949107004,31.692524053487,-0.392670857213414,"CRE"
"GYS1",37.9479939438135,42.1288570407866,4.18086309697307,"CRE"
"NDUFA5",51.5438530991911,28.2053666218841,-23.338486477307,"CRE"
"IMMT",56.2433018490453,40.271465488574,-15.9718363604712,"CRE"
"SMTNL1",42.2846377440937,49.6520935995573,7.36745585546361,"CRE"
"NT5C3A",15.9630806713285,38.0056382099105,22.042557538582,"CRE"
"ANK1",105.980230788805,84.544141774906,-21.4360890138985,"CRE"
"KRT19",66.1651103538907,43.3754522499362,-22.7896581039546,"CRE"
"ATP5PF",60.7992584106351,46.3431728775709,-14.4560855330642,"CRE"
"EEF1B2",15.3357045850241,8.18423586291881,-7.15146872210533,"CRE"
"RAB5C",22.1275183444125,43.8607428513317,21.7332245069192,"CRE"
"NDUFA13",62.3475962272725,60.0316046433694,-2.31599158390309,"CRE"
"PSMA5",35.4819391404457,32.9795005556852,-2.50243858476048,"CRE"
"CAP2",17.845798183873,32.5465865424395,14.7007883585664,"CRE"
"S100A11",97.7509123477356,82.3653525440426,-15.385559803693,"CRE"
"NDUFB3",47.8733404363494,34.10498852359,-13.7683519127594,"CRE"
"HMGB1",21.6891986936041,35.4239330638468,13.7347343702427,"CRE"
"PPP2R1A",21.3611272554084,17.395730365873,-3.96539688953547,"CRE"
"EPHX1",35.2889645462351,34.3594540968905,-0.929510449344633,"CRE"
"RHCE",68.6046102917634,71.5776266735643,2.97301638180083,"CRE"
"SLC2A1",105.645442393256,79.6960845597159,-25.9493578335403,"CRE"
"PRKAR2A",23.6940637573483,25.3442427674268,1.65017901007843,"CRE"
"UBE2L3",46.2049638724256,36.8548484971263,-9.35011537529926,"CRE"
"PCYOX1",24.0508256493448,31.3026377864965,7.25181213715166,"CRE"
"FHL3",67.8993052737352,62.0310958885786,-5.86820938515667,"CRE"
"LMNA",45.5567394850993,83.1129226979489,37.5561832128496,"CRE"
"GARNL3",16.4840070928738,51.8124148100527,35.3284077171789,"CRE"
"NDUFAB1",47.2172112951684,43.9180322667682,-3.29917902840027,"CRE"
"UBE2D1",41.998315133729,34.2989764639491,-7.69933866977993,"CRE"
"ADSL",11.4956934062929,25.5220467145542,14.0263533082612,"CRE"
"CBR1",27.9544596585348,29.5125095134856,1.55804985495075,"CRE"
"PGD",66.4063379162084,62.4491741686988,-3.95716374750954,"CRE"
"USP14",27.3016765091296,30.9130329057146,3.61135639658499,"CRE"
"DPYSL2",20.3883246234982,55.4277743693382,35.0394497458399,"CRE"
"RACK1",18.91112608406,32.0186138339757,13.1074877499158,"CRE"
"AMPD3",59.8009125454994,48.6985372736576,-11.1023752718419,"CRE"
"ABHD14B",32.6164009027623,30.83777626472,-1.77862463804226,"CRE"
"BCAT2",38.854715865189,45.9759357130161,7.12121984782708,"CRE"
"TAGLN2",34.0867578870833,70.7933484025382,36.706590515455,"CRE"
"RPLP2",26.4533789207754,44.4387507463292,17.9853718255537,"CRE"
"TWF2",31.8936346203135,24.9819525505446,-6.91168206976897,"CRE"
"PSMA7",37.0814536428863,32.7781052298005,-4.30334841308576,"CRE"
"HK1",21.9222259586368,21.1987001860599,-0.723525772576902,"CRE"
"PSMA4",26.3034958764246,33.4259435997202,7.12244772329554,"CRE"
"MYBPC2",68.2326556122222,98.1617150255353,29.9290594133131,"CRE"
"NDUFA6",50.5635712174707,43.7422812545509,-6.82128996291983,"CRE"
"ANXA11",17.1776537089255,26.0545992421594,8.8769455332339,"CRE"
"STAC3",48.4968760426138,30.8101964100373,-17.6866796325766,"CRE"
"NIPSNAP3B",44.9539402755386,46.5269755687435,1.5730352932049,"CRE"
"AHCY",17.8072325756355,24.4766243977719,6.66939182213643,"CRE"
"NDUFB4",64.2159801631556,48.899537017787,-15.3164431453686,"CRE"
"NDUFS3",41.3966821604781,43.0387504522424,1.64206829176425,"CRE"
"ALDH4A1",25.6660544101172,34.6133041916327,8.94724978151554,"CRE"
"PSMA2",47.2978252289501,47.7172953780962,0.419470149146115,"CRE"
"TRARG1",34.0706073939138,91.6222809403838,57.55167354647,"CRE"
"MYL6B",69.8415846860702,99.4592868904754,29.6177022044052,"CRE"
"UBE2V2",14.6092277026608,12.4915938863914,-2.11763381626938,"CRE"
"DDAH1",46.2900758142863,51.1326152374656,4.84253942317924,"CRE"
"SDHC",73.8992074615216,46.929406860733,-26.9698006007886,"CRE"
"SRI",68.147028936844,96.570515819995,28.423486883151,"CRE"
"COL1A1",30.3976137967515,111.00348915566,80.6058753589089,"CRE"
"HRC",12.1287345665351,34.6501102307347,22.5213756641996,"CRE"
"CD59",20.5536025407489,25.8797356901868,5.3261331494379,"CRE"
"PDLIM1",25.8713552691341,30.9049439900376,5.03358872090347,"CRE"
"STIP1",20.793960593542,27.8713866135456,7.07742602000356,"CRE"
"CAPZA1",48.9334692322191,47.0927388579969,-1.84073037422225,"CRE"
"OGN",74.1837179776853,73.3029383028146,-0.880779674870681,"CRE"
"EIF4A2",20.4180510842941,20.1525731878663,-0.265477896427829,"CRE"
"SURF4",3.56509836260816,22.8145345776014,19.2494362149932,"CRE"
"CAPNS1",27.117235478572,37.0055594302895,9.88832395171751,"CRE"
"HNRNPA2B1",29.4626860914307,41.3787405057198,11.9160544142892,"CRE"
"CACYBP",22.4581162139351,25.9168972059057,3.4587809919706,"CRE"
"PSMA6",28.3620566824819,27.9966904946646,-0.365366187817262,"CRE"
"THBS4",84.640877404429,87.6866707938229,3.04579338939385,"CRE"
"ALDH5A1",27.7144117399963,48.5703585738782,20.8559468338819,"CRE"
"PSMF1",48.7383259242064,58.3543903146021,9.61606439039566,"CRE"
"FIS1",23.5984991135289,45.4254475939682,21.8269484804394,"CRE"
"PDIA3",32.3024768611275,58.9407281928941,26.6382513317666,"CRE"
"COL6A3",47.995302877782,103.476146753676,55.480843875894,"CRE"
"MAOB",32.3896911275933,31.6260259877872,-0.763665139806115,"CRE"
"TKT",100.498907712795,110.177308665693,9.67840095289831,"CRE"
"NDUFA2",38.8598894523867,46.6887999518869,7.82891049950016,"CRE"
"APEH",37.7850005211841,28.2184470249976,-9.56655349618647,"CRE"
"RHOA",12.1344250580547,39.8947186507469,27.7602935926922,"CRE"
"TCAP",42.4431544238323,70.5442066401655,28.1010522163332,"CRE"
"HSPA5",14.9123450172764,29.6961765390686,14.7838315217922,"CRE"
"RYR1",14.7987941458731,42.0721291969655,27.2733350510924,"CRE"
"CAVIN2",57.82333867299,61.4022539799194,3.5789153069293,"CRE"
"TMEM109",14.2109924204418,32.3491323020132,18.1381398815714,"CRE"
"PDHX",61.4876029712446,49.0690200015109,-12.4185829697338,"CRE"
"IDH1",32.6856591706708,68.8244073995227,36.138748228852,"CRE"
"ANP32A",19.0575168459907,65.7845017040654,46.7269848580748,"CRE"
"PRXL2A",80.2223170386405,89.2863848513673,9.06406781272679,"CRE"
"CANX",19.2375268690088,35.0113864225858,15.773859553577,"CRE"
"KRT8",49.1284106596898,82.7590279933386,33.6306173336488,"CRE"
"EEF1G",22.6101279862375,14.6543546815189,-7.95577330471858,"CRE"
"HEBP2",16.9795758173101,22.982070677383,6.00249486007291,"CRE"
"CCT2",28.2020868338002,25.6963174612502,-2.50576937254994,"CRE"
"MYLK",43.4999610057007,36.1130949312519,-7.3868660744488,"CRE"
"RAB7A",19.7795207718613,20.2296869142133,0.450166142352053,"CRE"
"PLIN3",6.48931736129558,7.8686672364415,1.37934987514592,"CRE"
"LAP3",16.8190820626577,43.0634917341555,26.2444096714979,"CRE"
"WARS1",21.4856066620101,20.3752979442161,-1.11030871779404,"CRE"
"MAP4",20.9872092824112,21.8273334164256,0.840124134014498,"CRE"
"ACP1",21.4543995201094,19.9823597857483,-1.47203973436111,"CRE"
"COL6A1",56.1374224854247,110.488237565088,54.3508150796638,"CRE"
"ACTN3",73.9736439841096,164.224972404788,90.2513284206788,"CRE"
"CAMK2D",19.021731323243,22.6471775182111,3.62544619496815,"CRE"
"SPTB",103.112117951394,71.2569785953312,-31.8551393560629,"CRE"
"MPI",23.7778515548052,30.3773124497867,6.59946089498153,"CRE"
"ANK2",23.5733791467647,29.1751535382554,5.60177439149065,"CRE"
"RAB10",16.4922704883494,36.4656506403205,19.9733801519711,"CRE"
"HP1BP3",16.1488496943832,54.1257493851884,37.9768996908052,"CRE"
"MYL12B",39.7220966825079,30.581505223405,-9.14059145910299,"CRE"
"PTGES3",18.5977962974042,14.8093104163808,-3.78848588102343,"CRE"
"CRKL",20.4015441558385,17.1333677715995,-3.26817638423894,"CRE"
"PSMA3",24.7369186455203,22.8496933108039,-1.88722533471645,"CRE"
"DYSF",24.5966618902362,32.0935422802898,7.49688039005357,"CRE"
"FASN",71.1324879754596,145.977709249405,74.8452212739456,"CRE"
"DDT",32.6759393109912,61.1812617724512,28.50532246146,"CRE"
"GNAI2",53.7511570510575,56.9205005034261,3.16934345236857,"CRE"
"MUSTN1",46.233506155378,53.6488398725049,7.41533371712686,"CRE"
"NDUFA8",63.0882327781122,53.2522925785815,-9.83594019953075,"CRE"
"TCP1",24.4726861727513,21.2016320969528,-3.27105407579857,"CRE"
"PSMB1",20.158346071238,31.1821837288077,11.0238376575697,"CRE"
"NEDD8",32.3232941802813,26.2149236827756,-6.1083704975057,"CRE"
"RPS16",17.5806008524593,27.7454458744232,10.1648450219639,"CRE"
"SPTAN1",55.0230594378756,58.8890987930442,3.86603935516855,"CRE"
"TUBA8",32.8371605583153,37.4598885103056,4.62272795199032,"CRE"
"TLN1",52.3832473680512,53.9195158806823,1.53626851263108,"CRE"
"DCXR",30.9501647745497,69.3658814899535,38.4157167154038,"CRE"
"CAV2",108.542624626776,88.1708646918553,-20.3717599349208,"CRE"
"TMEM43",29.9546348210675,44.1940980015002,14.2394631804327,"CRE"
"ACOT13",44.1239869762449,70.1443565042693,26.0203695280245,"CRE"
"MTPN",35.2267386373349,22.7698282096529,-12.456910427682,"CRE"
"AK2",32.4066450771477,30.8114357251445,-1.59520935200316,"CRE"
"CPT1B",34.9176678105435,63.6021661830723,28.6844983725288,"CRE"
"IDH3B",42.2024199208183,33.5668949458779,-8.63552497494041,"CRE"
"RPS25",26.054075277813,32.384975077433,6.33089979961994,"CRE"
"GPX1",30.5798375118983,28.2779619035771,-2.30187560832113,"CRE"
"ACACA",34.1721323890521,63.0749979681429,28.9028655790909,"CRE"
"PSMC6",29.7553468201846,28.4092543434344,-1.34609247675015,"CRE"
"ASPN",61.620580299843,78.333128111216,16.712547811373,"CRE"
"CAPN1",22.5904514483604,7.71782601217379,-14.8726254361867,"CRE"
"SDHD",59.5543620411705,76.4563836747604,16.9020216335899,"CRE"
"PRKCSH",22.70362083174,32.801548629133,10.097927797393,"CRE"
"NDUFB1",60.682409275252,38.0352351834818,-22.6471740917702,"CRE"
"COL1A2",57.1047935321856,136.77241525987,79.6676217276845,"CRE"
"RPLP1",27.7318582529175,39.7380984780728,12.0062402251554,"CRE"
"GLUD1",18.078878026175,40.9633489314302,22.8844709052552,"CRE"
"VAT1",52.4488015900542,60.689672504039,8.24087091398479,"CRE"
"RPL14",36.9741540683511,52.6674119013624,15.6932578330114,"CRE"
"MYOC",59.9610489876053,133.226177273978,73.2651282863723,"CRE"
"EIF4H",26.0298274722209,12.7476893534769,-13.282138118744,"CRE"
"GNG2",76.0461144102756,64.7739690195477,-11.2721453907279,"CRE"
"SMYD1",11.5846439106304,42.4770652906281,30.8924213799977,"CRE"
"ECI2",52.5966890422258,73.4433482397467,20.8466591975208,"CRE"
"UBE2V1",35.1222806114976,36.6093290283726,1.48704841687502,"CRE"
"CAP1",46.3433049086892,65.7226546973679,19.3793497886787,"CRE"
"DGLUCY",56.1752646280944,74.8932762844317,18.7180116563373,"CRE"
"DSTN",20.9686763367737,34.8775249567781,13.9088486200045,"CRE"
"ETFDH",42.2528729702922,57.8824473049287,15.6295743346365,"CRE"
"UCHL1",44.3197608846281,16.6426587675183,-27.6771021171098,"CRE"
"CRYZ",28.4272607308928,31.3240662849169,2.89680555402409,"CRE"
"DHRS7",29.7835296833999,22.5625529630863,-7.2209767203136,"CRE"
"CD81",53.2536834707282,105.466714554426,52.2130310836982,"CRE"
"IPO5",23.6500660396315,25.3537519952986,1.70368595566714,"CRE"
"MFAP4",54.0070070989976,114.785344633718,60.7783375347201,"CRE"
"BANF1",30.9079637951408,28.0405782318868,-2.86738556325398,"CRE"
"PPP2CA",21.1582140852621,20.3757233208001,-0.782490764461979,"CRE"
"GPD2",27.932789473107,32.6079808238475,4.67519135074052,"CRE"
"DPYSL3",35.3991991164564,44.7678775012513,9.36867838479495,"CRE"
"AKR7A2",22.4040138915534,15.335280505933,-7.06873338562035,"CRE"
"IARS2",40.4047572432154,42.1698523795166,1.76509513630121,"CRE"
"NSFL1C",14.6794865036019,13.5574807447811,-1.12200575882077,"CRE"
"RPL22",17.7764311062255,27.7348360859366,9.95840497971108,"CRE"
"METTL7A",38.9923522904034,38.661614805971,-0.330737484432468,"CRE"
"GNB1",49.6211343566123,59.2806925032833,9.65955814667095,"CRE"
"PGP",27.2749037765921,31.4743009691042,4.19939719251209,"CRE"
"CLTC",37.1210597972875,41.9477576401522,4.8266978428647,"CRE"
"ATP1A2",24.8837284449894,33.5435578906132,8.65982944562376,"CRE"
"MGST1",77.9282821760736,60.1019380125327,-17.8263441635408,"CRE"
"RAD23A",18.075821786486,33.4019825860312,15.3261607995452,"CRE"
"SERPINB6",11.748311679469,22.0510558558865,10.3027441764175,"CRE"
"ATIC",21.8732034719917,22.5915949361819,0.718391464190198,"CRE"
"LRPPRC",34.4270546898751,47.8041011136095,13.3770464237343,"CRE"
"NQO2",45.5450360955314,39.8729401237764,-5.67209597175508,"CRE"
"PPP1R1A",25.8788133803423,34.2360129337894,8.35719955344701,"CRE"
"ADSS2",19.6349751527924,40.5288121479789,20.8938369951865,"CRE"
"FAM162A",56.8562306169791,60.4498533811846,3.59362276420545,"CRE"
"CAV3",45.3124766144125,40.3678569985077,-4.9446196159048,"CRE"
"PSMA1",25.5458951387242,21.4648112614863,-4.08108387723791,"CRE"
"NDUFS6",50.017524769899,46.4343106687081,-3.58321410119092,"CRE"
"ANXA4",28.1587170409263,49.1858868352417,21.0271697943155,"CRE"
"RPL5",22.5927760551283,33.0734418137821,10.4806657586538,"CRE"
"ATP5IF1",68.7225480357381,95.5749917267392,26.8524436910011,"CRE"
"SH3BGR",41.7012511480318,40.2883774664306,-1.41287368160126,"CRE"
"IMPA2",38.5649905596458,31.6434518343282,-6.92153872531757,"CRE"
"DYNLL2",36.0315622359028,32.1638702720294,-3.86769196387342,"CRE"
"LAMA4",55.1372137962109,29.2774112585119,-25.8598025376989,"CRE"
"RAB6A",22.4893400253406,41.4810625506688,18.9917225253282,"CRE"
"RPS3",13.8500193506597,26.1768492390312,12.3268298883715,"CRE"
"GFM1",25.3003744317543,36.858928208294,11.5585537765396,"CRE"
"ATP1A1",22.0395800854704,21.1273683668536,-0.912211718616756,"CRE"
"RAD23B",26.6403035468073,14.5249569354899,-12.1153466113174,"CRE"
"KRT2",39.6127420630894,113.345511550554,73.732769487465,"CRE"
"TACO1",59.0421826670817,125.48813389981,66.4459512327285,"CRE"
"PSMB2",32.3291271760859,20.6960693916263,-11.6330577844596,"CRE"
"CNN1",85.6710735986861,27.5012196059752,-58.1698539927108,"CRE"
"ME1",22.0517624807868,21.9481902188851,-0.1035722619017,"CRE"
"NONO",11.2266543308015,50.4767281031174,39.250073772316,"CRE"
"HINT2",55.5730837221368,62.9213643582784,7.34828063614162,"CRE"
"CAVIN3",65.7535868197928,75.8577796088339,10.1041927890411,"CRE"
"NDUFS7",61.6789931995547,87.4643394325757,25.7853462330211,"CRE"
"PHKA1",40.5769553905445,25.5097547501037,-15.0672006404408,"CRE"
"CHCHD3",46.1383781940943,41.35337216425,-4.78500602984428,"CRE"
"CAVIN4",28.2925154021845,38.5000739064693,10.2075585042848,"CRE"
"CAB39",23.6017031853313,28.5973573933967,4.99565420806544,"CRE"
"GLRX5",47.7917020967126,49.7658256500065,1.97412355329391,"CRE"
"ACO1",21.7465066995132,35.5716900802017,13.8251833806885,"CRE"
"BSG",23.5095441587476,23.8564413351388,0.346897176391195,"CRE"
"PLS3",29.6644241480617,55.4713978605326,25.8069737124709,"CRE"
"TUBB2A",44.525615343071,44.6993565002899,0.173741157218878,"CRE"
"GPX4",23.0047510080676,25.948311656295,2.9435606482274,"CRE"
"FHOD1",16.0776373411745,19.7554634332541,3.67782609207951,"CRE"
"PRPS1",49.9478909461274,40.836037086328,-9.11185385979934,"CRE"
"MICOS13",47.9358118982036,65.8154129738458,17.8796010756422,"CRE"
"PCBD1",22.4507121882648,20.139372983221,-2.31133920504377,"CRE"
"FKBP2",19.223342832185,23.1691781985172,3.94583536633211,"CRE"
"PTGR2",30.6604543985274,53.1740243291291,22.5135699306017,"CRE"
"ISOC2",25.3198954767715,54.178910199966,28.8590147231945,"CRE"
"KPNB1",16.4621969287035,31.6064634806856,15.1442665519821,"CRE"
"NDUFS2",53.3165641469036,55.3258896179506,2.00932547104692,"CRE"
"TBCA",32.1021223428819,40.9923272982624,8.89020495538048,"CRE"
"NAP1L4",18.4602808016735,21.6838332037444,3.22355240207096,"CRE"
"CPT2",30.2891794663445,37.1866714382818,6.89749197193723,"CRE"
"MYH4",53.1499962311763,117.178822918091,64.028826686915,"CRE"
"CCT6A",38.3026521612657,12.4661337744139,-25.8365183868518,"CRE"
"MAP2K3",30.1860707424347,41.2519693318741,11.0658985894394,"CRE"
"TOLLIP",27.7546845933808,33.0195817855211,5.2648971921403,"CRE"
"APOOL",59.0982197884945,60.176354627023,1.07813483852842,"CRE"
"CACNB3",20.355822453385,42.6750262409357,22.3192037875507,"CRE"
"GSR",24.6365020977394,28.6735651259751,4.03706302823579,"CRE"
"PSMB4",38.8274448424985,26.6680277247484,-12.1594171177501,"CRE"
"FAH",53.8471499612991,67.5006699974554,13.6535200361563,"CRE"
"ITGB1",38.0730953512174,53.7143525879572,15.6412572367398,"CRE"
"KLHL40",58.686144852109,53.2167959603567,-5.46934889175233,"CRE"
"CAND2",23.3200203771768,37.2219837274337,13.9019633502569,"CRE"
"RAB11B",30.2258702635531,52.186497747127,21.9606274835739,"CRE"
"PPP1CB",20.6263703246161,18.3298040114425,-2.29656631317356,"CRE"
"RIDA",18.3312741309049,28.1384565663434,9.80718243543854,"CRE"
"APRT",37.2332625739791,45.8660843364666,8.6328217624875,"CRE"
"MTHFD1",17.1019431388713,18.5627183174269,1.46077517855555,"CRE"
"NDUFB9",64.7706730992439,48.5291890419167,-16.2414840573272,"CRE"
"HSPA4",17.2821990863201,9.14245330720205,-8.13974577911809,"CRE"
"MCAM",64.0167620946568,86.6236111534424,22.6068490587856,"CRE"
"ADPRH",54.3513563043972,60.3464535050251,5.9950972006279,"CRE"
"RDX",23.8742135230456,20.9449810661918,-2.9292324568538,"CRE"
"IMPA1",26.4605279995793,38.4046595905316,11.9441315909523,"CRE"
"EIF3K",30.0347099699865,37.0262905790172,6.99158060903069,"CRE"
"PSMB5",36.378347334794,20.5247478543869,-15.8535994804071,"CRE"
"STBD1",36.4425741932004,34.6824379439451,-1.76013624925527,"CRE"
"COL6A2",38.5760944116118,110.419532746019,71.8434383344076,"CRE"
"NOL3",32.452201289982,44.2355254206839,11.7833241307019,"CRE"
"GSTK1",38.0109126323148,29.4477142687568,-8.56319836355796,"CRE"
"RPS20",19.1488559567736,32.7658377055191,13.6169817487454,"CRE"
"LANCL1",20.6265433166483,25.0772687291927,4.4507254125444,"CRE"
"MT-CO1",60.1772467379624,39.2262547245872,-20.9509920133752,"CRE"
"MYH13",50.0916391035825,101.657281724871,51.5656426212887,"CRE"
"RPS10",13.311697724806,31.2405870682629,17.9288893434569,"CRE"
"AKR1C2",29.6240757325606,76.8200015452814,47.1959258127208,"CRE"
"FARSB",25.3160013206548,18.9777260852272,-6.33827523542758,"CRE"
"LIPE",59.1765797593096,94.0568899044374,34.8803101451279,"CRE"
"PLEC",26.7277075489974,65.2372368564926,38.5095293074951,"CRE"
"MTCH2",34.622242851735,11.1785544914741,-23.4436883602609,"CRE"
"GLOD4",22.8289594578348,21.5033592314922,-1.3256002263426,"CRE"
"SAR1B",35.9478582157576,55.7680324794622,19.8201742637046,"CRE"
"CALR",22.220781650979,38.1434747662972,15.9226931153182,"CRE"
"SAMM50",63.3759239339111,53.6721462781048,-9.70377765580634,"CRE"
"GNPDA1",19.1698627658281,9.77647712485928,-9.39338564096884,"CRE"
"RPS9",18.1135917770725,26.8390679044699,8.72547612739742,"CRE"
"TMEM11",40.3888506773078,32.0297418390327,-8.35910883827509,"CRE"
"PPA1",16.0524031247135,18.7527831038866,2.70037997917304,"CRE"
"LYPLA1",25.4584342863755,43.1915933583081,17.7331590719326,"CRE"
"CYB5A",45.09449488159,86.7850688209899,41.6905739393999,"CRE"
"USP5",25.0884897576467,29.501538258278,4.41304850063133,"CRE"
"PDLIM7",22.5456471470919,70.0204434634777,47.4747963163857,"CRE"
"C11orf54",33.0411569499767,41.263777558778,8.22262060880125,"CRE"
"RPS15A",18.0554266055385,36.6503588575922,18.5949322520537,"CRE"
"RAC1",17.2650268656195,25.9734947451337,8.70846787951428,"CRE"
"CUTC",24.5006169782079,31.4688911349218,6.96827415671386,"CRE"
"TXNDC17",19.7895796730919,22.2868718066232,2.49729213353134,"CRE"
"MYOZ2",45.573880834166,88.788538220458,43.2146573862919,"CRE"
"ATL3",69.8417393977846,83.501254245062,13.6595148472774,"CRE"
"RPSA",21.3031876801441,31.6521856506117,10.3489979704676,"CRE"
"PPP1CA",29.9450118098663,35.3041709529549,5.35915914308859,"CRE"
"XIRP1",38.7117376432809,45.1831273415863,6.47138969830537,"CRE"
"TMA7",18.3662126488401,35.6945117653894,17.3282991165493,"CRE"
"BGN",25.4369978353007,88.0657696686251,62.6287718333244,"CRE"
"TUBB6",74.1763989117179,80.0168836764315,5.84048476471359,"CRE"
"MPC2",48.1954513151582,60.6288857032398,12.4334343880816,"CRE"
"CCT4",24.7766676780907,21.4999926392657,-3.27667503882499,"CRE"
"PSMB6",37.0620738004972,28.1897903678155,-8.87228343268171,"CRE"
"CUL5",18.3133617400166,23.4829638019969,5.16960206198025,"CRE"
"SBDS",32.7604786811175,26.6237459967407,-6.13673268437676,"CRE"
"RPL23A",23.5585572150659,22.2544796749967,-1.30407754006925,"CRE"
"BAG3",32.8549251595995,33.4206005970298,0.565675437430322,"CRE"
"ATP1B1",39.1520356231789,36.8055399826003,-2.34649564057861,"CRE"
"NCL",21.0997385046479,40.5477749784035,19.4480364737555,"CRE"
"CLIC5",33.8983162819404,31.8621152148501,-2.03620106709027,"CRE"
"PSME1",55.7551987217372,31.1792136091143,-24.5759851126228,"CRE"
"RPS3A",17.0668692887048,14.0564227872279,-3.01044650147691,"CRE"
"CCT8",22.2823360878478,17.7115861617693,-4.57074992607845,"CRE"
"EIF4G1",31.9063432549529,21.9823480898049,-9.92399516514801,"CRE"
"VAPA",23.6481156241065,32.7337162177935,9.08560059368702,"CRE"
"GCSH",42.3889721832244,67.3008733289012,24.9119011456768,"CRE"
"EPB41",100.929511564776,70.5882846810259,-30.3412268837504,"CRE"
"NME1",30.8841201024842,37.4959406241715,6.61182052168732,"CRE"
"CD9",57.8862204817135,73.8937234942508,16.0075030125373,"CRE"
"MAP2K6",18.1625436767065,28.5757303709429,10.4131866942364,"CRE"
"CCT5",26.7770015568507,23.8076559781102,-2.96934557874054,"CRE"
"GDI1",15.958059599526,20.6030618788463,4.6450022793203,"CRE"
"NAXD",25.4429792695137,40.368658494542,14.9256792250284,"CRE"
"SNTB2",21.5807972408667,31.162863476915,9.58206623604826,"CRE"
"COQ6",51.2844806187661,82.6434352401051,31.358954621339,"CRE"
"RPS12",24.1080722020242,14.7235720906558,-9.38450011136839,"CRE"
"DHRS7C",30.4164115752361,34.6613943103376,4.24498273510151,"CRE"
"CMPK1",34.859474090163,40.2861437704777,5.42666968031478,"CRE"
"RSU1",42.5016620478872,40.0360663059856,-2.46559574190159,"CRE"
"RPL10A",27.0538866422882,42.7944801539564,15.7405935116682,"CRE"
"CAPN2",18.3875098655329,13.3599781749901,-5.02753169054277,"CRE"
"PAFAH1B2",37.4577743656408,67.1383599251081,29.6805855594673,"CRE"
"YBX1",22.4643290697238,16.1974812182283,-6.26684785149549,"CRE"
"BCAP31",25.786391497383,55.4551896864482,29.6687981890652,"CRE"
"CCT7",28.787558261532,20.5558998706395,-8.23165839089244,"CRE"
"TSN",22.6393645302135,27.1252967073418,4.48593217712836,"CRE"
"PSMB3",30.3213746970615,23.0577052213371,-7.26366947572441,"CRE"
"CAPZB",23.6785033247864,49.2215401905397,25.5430368657533,"CRE"
"ATOX1",14.1339898407042,34.3648371800481,20.2308473393439,"CRE"
"HPRT1",72.4448712506584,66.5494984153569,-5.89537283530152,"CRE"
"MYLK2",47.6482121977435,55.8235627658326,8.17535056808912,"CRE"
"MFGE8",40.43365258171,47.9042573244204,7.47060474271036,"CRE"
"NDUFB6",68.5971728521766,23.4360271242627,-45.1611457279138,"CRE"
"SEPTIN7",30.8511742513617,53.4882203699606,22.6370461185988,"CRE"
"NPM1",39.0247522774501,17.6217293372391,-21.403022940211,"CRE"
"PHGDH",48.2264191189689,58.4860190544246,10.2595999354557,"CRE"
"BLMH",22.3451471629777,14.7087815967043,-7.63636556627338,"CRE"
"VAMP5",33.0617377907523,31.4022002909629,-1.65953749978935,"CRE"
"SYNPO2",32.3714764688849,74.417297320214,42.0458208513292,"CRE"
"SUMO2",30.1387580382222,52.6658729209477,22.5271148827255,"CRE"
"EHD4",29.3687702841272,51.3124196572313,21.9436493731041,"CRE"
"GANAB",28.7451678703176,42.0486514402781,13.3034835699606,"CRE"
"GNB2",33.2900346958472,47.2059236745963,13.9158889787491,"CRE"
"ACOT9",13.5948175440044,39.7755190885027,26.1807015444983,"CRE"
"UQCR11",33.5536230374329,39.5067050530651,5.95308201563226,"CRE"
"TPD52L2",23.0435540401489,47.4034611711173,24.3599071309684,"CRE"
"RPLP0",17.6848822697725,26.0309893163561,8.34610704658358,"CRE"
"COL14A1",49.0871227556308,99.2758103843227,50.1886876286919,"CRE"
"UCHL3",20.3981652588772,28.8681200402527,8.46995478137545,"CRE"
"ACADSB",55.1013129376775,54.2255804359604,-0.875732501717074,"CRE"
"RPS5",32.6721415234312,28.708802903665,-3.96333861976614,"CRE"
"DYNC1H1",7.76889876565817,17.5765061132231,9.80760734756495,"CRE"
"HNRNPD",13.9805848344217,23.1501652336584,9.16958039923662,"CRE"
"CHCHD2",24.5426063220526,50.9681644846991,26.4255581626465,"CRE"
"HSPB3",43.9648288583976,42.8685125866967,-1.09631627170094,"CRE"
"ALDH3A2",25.3750605761089,26.2709960101262,0.895935434017264,"CRE"
"CAND1",55.9449307151158,54.444039222053,-1.50089149306282,"CRE"
"LAMB2",60.5249677274036,96.9095285327961,36.3845608053925,"CRE"
"NDUFS5",56.3804666581777,54.4909953810392,-1.8894712771385,"CRE"
"MAPRE2",40.0078584979468,36.3313359055235,-3.67652259242336,"CRE"
"NIPSNAP3A",46.3992084180353,80.4170129354727,34.0178045174375,"CRE"
"CACNA1S",12.2798929929838,31.7598816085408,19.4799886155569,"CRE"
"HSD17B10",35.268719350411,28.984687242482,-6.28403210792897,"CRE"
"COL12A1",59.8335542977258,98.8396569802336,39.0061026825078,"CRE"
"NACA",20.5356354828867,14.162748524405,-6.37288695848169,"CRE"
"NDUFC2",54.2147706012825,39.6202514624618,-14.5945191388207,"CRE"
"PPIF",74.7298867337023,96.5378481463884,21.8079614126861,"CRE"
"PPP1R7",14.6722286332291,10.5373531566388,-4.13487547659027,"CRE"
"PIN1",23.8415964725114,12.6142397030515,-11.22735676946,"CRE"
"CDH13",15.5162897431874,28.7712423954146,13.2549526522272,"CRE"
"ILK",33.4315424350717,22.9257290367941,-10.5058133982776,"CRE"
"GOSR2",39.6133347100112,79.4318834258342,39.818548715823,"CRE"
"CAST",54.6082962081607,34.5071371600743,-20.1011590480864,"CRE"
"NARS1",11.4719985858893,12.8234927793176,1.3514941934283,"CRE"
"YWHAQ",17.3941144226689,43.9139807129411,26.5198662902722,"CRE"
"ALPK3",41.0937064364121,25.7407358121298,-15.3529706242823,"CRE"
"ERP44",33.0754771238272,27.0954261936573,-5.98005093016989,"CRE"
"NDUFB11",51.8490574876417,57.7755191221386,5.92646163449697,"CRE"
"PA2G4",37.9823142634372,25.3225257621391,-12.6597885012981,"CRE"
"IQGAP1",31.0822960059265,53.9778463597731,22.8955503538466,"CRE"
"KPNA4",19.0421170857443,31.9087275779773,12.866610492233,"CRE"
"RPS6KA3",17.3545521884385,23.6675429440998,6.31299075566129,"CRE"
"TXN2",26.4242689220933,43.6672031233845,17.2429342012912,"CRE"
"MPST",31.4758643305082,23.2546664816867,-8.22119784882146,"CRE"
"ASAH1",28.8997386939552,43.4431772891485,14.5434385951933,"CRE"
"EIF3J",27.114081086851,10.2704497127493,-16.8436313741017,"CRE"
"MT-ND1",57.7297452220473,51.1606804762366,-6.56906474581071,"CRE"
"ALDH1L1",39.2709977181185,30.0523200996606,-9.21867761845797,"CRE"
"IDH3G",48.5760101038798,83.1980959471367,34.6220858432568,"CRE"
"CALU",19.0221655706655,18.5911024411883,-0.431063129477195,"CRE"
"MYO1C",70.7315276919107,63.6183987205971,-7.11312897131359,"CRE"
"TMOD4",44.6448472602441,117.550108396119,72.9052611358751,"CRE"
"BZW2",12.2180439434564,29.6551544206697,17.4371104772133,"CRE"
"OXSR1",21.0956964524004,10.2181104085214,-10.877586043879,"CRE"
"TPP1",39.8332524778372,55.0599484969937,15.2266960191565,"CRE"
"JSRP1",28.1272770226131,42.6595073009314,14.5322302783183,"CRE"
"PHKG1",44.1099346812241,44.0783812813356,-0.031553399888594,"CRE"
"COX7A2",46.7352587405804,43.4144555560137,-3.32080318456668,"CRE"
"MT-ND5",45.4541698025056,40.9905224674083,-4.46364733509731,"CRE"
"MAPK1",19.7822334268716,9.52455902306292,-10.2576744038087,"CRE"
"SPR",43.6972154209144,60.0179392776407,16.3207238567263,"CRE"
"TOMM70",33.4755680175022,47.0132641541874,13.5376961366852,"CRE"
"PUDP",39.879134324867,59.7786715044549,19.8995371795879,"CRE"
"FBLN1",63.8954338707401,67.0049214359518,3.10948756521171,"CRE"
"PGRMC2",25.2646539256939,15.2661198331724,-9.99853409252154,"CRE"
"BLVRA",46.92836895231,45.4762336563223,-1.45213529598766,"CRE"
"CLIC1",57.8946966984471,63.100045201174,5.2053485027269,"CRE"
"NDUFA12",58.1113120450315,68.3805445858759,10.2692325408444,"CRE"
"SETD7",13.1004467923481,35.6121556659001,22.511708873552,"CRE"
"PGM5",40.6493930040415,44.9924686627935,4.34307565875199,"CRE"
"CAPZA2",19.713840014084,44.1738805885898,24.4600405745058,"CRE"
"COQ7",37.39000747162,50.0138415308018,12.6238340591817,"CRE"
"EIF5",23.3100502743853,31.1526703683339,7.84262009394861,"CRE"
"SNCG",74.1323794715361,53.6421327338353,-20.4902467377008,"CRE"
"HNRNPL",25.3869361412949,32.6910392449683,7.3041031036734,"CRE"
"TPPP3",41.1449800279791,43.3299290660972,2.18494903811813,"CRE"
"PSMD8",26.2188315443219,28.973704816151,2.7548732718291,"CRE"
"GSTZ1",19.8240474104546,38.8391003603041,19.0150529498495,"CRE"
"MYH14",37.0275775277993,32.8112660862373,-4.21631144156206,"CRE"
"SPTBN1",58.4918901393341,55.9973408935847,-2.49454924574938,"CRE"
"MAOA",53.1961970883901,55.2367591042958,2.04056201590571,"CRE"
"RRAS",39.5024737650156,35.1875888283435,-4.31488493667207,"CRE"
"UGDH",23.6912274406292,78.57120615307,54.8799787124409,"CRE"
"DARS1",15.7467997483042,14.0039280789529,-1.74287166935131,"CRE"
"RAB2A",18.2285509118848,14.0100145628178,-4.21853634906702,"CRE"
"PPP2R2A",18.3987829057876,21.0488625864233,2.65007968063567,"CRE"
"DIABLO",36.7312675515195,41.1416558088913,4.41038825737176,"CRE"
"COQ3",71.3275454703187,60.0528646465779,-11.2746808237408,"CRE"
"SCRN2",17.3360628894259,14.6068114629829,-2.72925142644298,"CRE"
"UNC45B",24.3723486118759,34.2755789809831,9.90323036910717,"CRE"
"ACTR1A",17.0592270199578,19.8602230279158,2.80099600795799,"CRE"
"PKIA",16.7492458919951,28.1803426202746,11.4310967282795,"CRE"
"PTGR1",42.5994189269162,45.5218671542041,2.9224482272879,"CRE"
"STRAP",15.3118862407227,18.5617510424866,3.24986480176392,"CRE"
"ALDH1B1",80.779675186703,58.9419185439202,-21.8377566427828,"CRE"
"PABPC1",10.7928978940873,15.466939610638,4.67404171655062,"CRE"
"GCLC",86.4486444115476,59.6008717004349,-26.8477727111127,"CRE"
"EPDR1",36.5303131570651,31.6794529289063,-4.85086022815883,"CRE"
"RPS2",14.394138419247,15.2871572932677,0.893018874020749,"CRE"
"CNDP2",28.7872558991375,41.4583402979049,12.6710843987674,"CRE"
"OBSCN",42.4527364709079,53.512851190795,11.060114719887,"CRE"
"COPS8",20.0107783921694,16.0738510945328,-3.93692729763663,"CRE"
"RPS6",26.6383057302278,18.0617876112365,-8.57651811899129,"CRE"
"RPS18",11.8223142749094,13.9232644279535,2.10095015304407,"CRE"
"SNX3",22.0892139733834,26.2103963314765,4.12118235809307,"CRE"
"LRRC47",20.4070064482907,31.873757597218,11.4667511489274,"CRE"
"SGCD",16.9976227440475,37.195986451153,20.1983637071055,"CRE"
"PSMD10",18.0033424942463,23.8214605135117,5.81811801926535,"CRE"
"PSMC3",29.104816615531,15.9444844912672,-13.1603321242638,"CRE"
"NDUFB8",48.9682606577392,51.3334657800452,2.36520512230599,"CRE"
"AGMAT",54.1125763698577,43.5480500541945,-10.5645263156632,"CRE"
"PSMC2",30.6454733390744,17.4532336008828,-13.1922397381915,"CRE"
"CDC37",17.7194656689823,31.6916697741559,13.9722041051736,"CRE"
"PDCD5",18.0342364000242,39.7211944910949,21.6869580910707,"CRE"
"PSMB7",48.7767102585242,33.1023167314454,-15.6743935270788,"CRE"
"TYMP",33.4936908438612,96.1528779595684,62.6591871157073,"CRE"
"OTUB1",16.3180430296546,21.7551114784797,5.43706844882507,"CRE"
"GRB2",18.1482334369028,25.4256723694129,7.2774389325101,"CRE"
"TST",42.8653268605928,70.7856934619464,27.9203666013536,"CRE"
"RPN1",16.1631205458083,31.9888579963531,15.8257374505448,"CRE"
"AFG3L2",43.6033102827252,63.3260195861578,19.7227093034327,"CRE"
"ECPAS",24.6578435328118,26.3516827595753,1.69383922676349,"CRE"
"LASP1",54.9656890607279,69.878868507656,14.9131794469282,"CRE"
"DMD",25.2256049894275,43.647877676912,18.4222726874844,"CRE"
"SCD",16.2042241194413,26.8235182280086,10.6192941085674,"CRE"
"MT-ND2",41.8134605994916,47.8864494430679,6.07298884357633,"CRE"
"MCTS1",22.6237451412349,45.5743586458334,22.9506135045985,"CRE"
"DCUN1D2",38.6298842296187,25.5947233681284,-13.0351608614902,"CRE"
"HNRNPH1",22.4478194645644,19.295404242613,-3.15241522195145,"CRE"
"DNPH1",39.4083666471159,28.2648774027145,-11.1434892444014,"CRE"
"RPS28",32.7903600116047,22.211206882755,-10.5791531288496,"CRE"
"DCD",17.100199058685,50.0710516216443,32.9708525629593,"CRE"
"MYOZ3",25.8824739562429,109.38343528846,83.500961332217,"CRE"
"ASS1",35.4030028622534,48.034434465723,12.6314316034696,"CRE"
"AOX1",90.3364190992104,87.6392093609209,-2.69720973828952,"CRE"
"GBE1",24.7678070707271,25.3597577570145,0.591950686287316,"CRE"
"AQP1",99.8420747033766,45.9774705338471,-53.8646041695295,"CRE"
"L2HGDH",52.0008699612131,92.5436159108741,40.542745949661,"CRE"
"EIF1",28.6241922899554,29.5404449232947,0.916252633339354,"CRE"
"ELOB",19.36807998842,23.5079527531223,4.13987276470223,"CRE"
"PPP3CB",24.6108044397448,40.1550972816489,15.5442928419041,"CRE"
"KPNA3",25.462506963138,52.9611515056255,27.4986445424875,"CRE"
"YBX3",22.8512745713094,26.2151448987513,3.3638703274419,"CRE"
"PDIA6",33.9384680410179,33.1779233946978,-0.760544646320149,"CRE"
"APMAP",78.902311723772,64.2070827179946,-14.6952290057774,"CRE"
"RPL18",19.3766176077709,32.2103743781592,12.8337567703883,"CRE"
"THY1",51.9125252789126,70.3612514741355,18.4487261952228,"CRE"
"RETSAT",86.3596448557478,87.5157907405289,1.15614588478105,"CRE"
"PEA15",55.6688948356471,55.0722833265994,-0.596611509047719,"CRE"
"TIMM13",52.0225202783669,86.2134260052379,34.190905726871,"CRE"
"NIT2",21.88165851797,25.9320615669567,4.05040304898667,"CRE"
"DHRS7B",23.8494879260799,24.3088290647846,0.459341138704758,"CRE"
"MYH10",39.6615545585198,42.057644435412,2.39608987689216,"CRE"
"PGLS",38.2011065367191,36.0339695091001,-2.16713702761906,"CRE"
"PSMD14",23.4396716209167,26.5633176353503,3.12364601443354,"CRE"
"COQ10A",64.3923417255274,82.5835958585409,18.1912541330134,"CRE"
"TRIP10",8.59421993502848,15.8491783304046,7.25495839537611,"CRE"
"NT5C1A",40.720029818071,34.4543730968528,-6.26565672121818,"CRE"
"PCBP2",23.7835847177327,15.4846414150098,-8.29894330272292,"CRE"
"CIRBP",28.8449504360885,19.2190925631919,-9.62585787289658,"CRE"
"NCLN",5.52211684270609,47.6580120167144,42.1358951740083,"CRE"
"COX6A2",133.414195265421,86.8461702323671,-46.5680250330538,"CRE"
"TPM4",54.2377471979188,81.9047656868876,27.6670184889687,"CRE"
"NDUFS8",63.7182432052034,60.1007583424174,-3.61748486278605,"CRE"
"PNPO",23.3726997915942,38.7714891617991,15.3987893702049,"CRE"
"BCL2L13",29.2569490303008,43.076308773416,13.8193597431152,"CRE"
"PABPC4",23.2345779349395,31.5338398286416,8.29926189370205,"CRE"
"PHKA2",78.7435802106908,31.440826846294,-47.3027533643968,"CRE"
"ANXA3",31.12171559519,51.265896154651,20.144180559461,"CRE"
"DNAJA4",42.9506223082173,35.705428101337,-7.24519420688031,"CRE"
"PCCA",60.5028409843232,58.0455089884756,-2.45733199584765,"CRE"
"SET",27.2116890556399,31.9738417347422,4.76215267910226,"CRE"
"PHKB",46.1865978947055,37.5058005927036,-8.68079730200191,"CRE"
"COPS4",22.8696648013017,19.3012667033523,-3.5683980979494,"CRE"
"GSS",46.188114078996,31.0619133834984,-15.1262006954976,"CRE"
"GALM",32.3511085216207,32.1973637030476,-0.153744818573117,"CRE"
"RPS7",54.4790812386089,22.439687387161,-32.0393938514479,"CRE"
"TMED9",15.8839855363209,39.5750437445309,23.69105820821,"CRE"
"ARPC3",46.7117244070048,43.2001951903523,-3.51152921665248,"CRE"
"RPS4X",14.9873518743904,19.500019704292,4.51266782990168,"CRE"
"PDXK",25.3954234064264,52.6956647198288,27.3002413134024,"CRE"
"SNTA1",32.6752784137827,26.9597746649915,-5.71550374879115,"CRE"
"AKAP12",45.4673879557695,63.4085762315127,17.9411882757431,"CRE"
"LAMB1",33.8918667530802,29.7125063771377,-4.17936037594259,"CRE"
"COPS6",20.6691710066732,18.7276420244294,-1.94152898224389,"CRE"
"COL4A2",67.4869138292308,110.867866089803,43.3809522605725,"CRE"
"VAPB",12.0245035345592,20.1421466542109,8.11764311965166,"CRE"
"FXN",41.3378356004954,56.4494390507686,15.1116034502733,"CRE"
"RPS24",23.2948130592756,23.2774517031462,-0.0173613561293315,"CRE"
"RAB21",36.2174279874188,35.0736515748426,-1.14377641257627,"CRE"
"KARS1",21.6955956857761,21.0382500898034,-0.657345595972632,"CRE"
"ADHFE1",59.6106679104743,81.165833424978,21.5551655145037,"CRE"
"NDUFB7",51.1999274248406,53.0415800134588,1.84165258861816,"CRE"
"AHNAK2",53.161655917517,74.637302644529,21.475646727012,"CRE"
"DMTN",90.5421261877704,70.2644373375947,-20.2776888501757,"CRE"
"MAP1LC3B2",38.1827301611022,32.9772444258281,-5.20548573527405,"CRE"
"LAMP2",19.8963050954574,32.0804540094502,12.1841489139928,"CRE"
"CAMK2B",32.1592316982464,10.5773621897806,-21.5818695084658,"CRE"
"RRBP1",30.6920698086306,73.7245903551743,43.0325205465437,"CRE"
"PRMT1",24.2226509114477,33.2748030553917,9.05215214394397,"CRE"
"TXNRD1",15.3860894459268,18.2150454778297,2.82895603190287,"CRE"
"HSPG2",24.7977474669715,83.973165984195,59.1754185172235,"CRE"
"HDHD5",51.0121321800849,70.4867030169368,19.474570836852,"CRE"
"PPA2",38.6427851741498,27.3956429382346,-11.2471422359152,"CRE"
"GPNMB",34.2616017363169,38.5044793811367,4.24287764481978,"CRE"
"ARL8B",22.4654069201597,22.0757509481632,-0.3896559719965,"CRE"
"PTGES2",55.9271793090582,57.9590372994452,2.03185799038695,"CRE"
"ACSL3",39.0399273027502,36.9864996133217,-2.05342768942852,"CRE"
"GNG12",34.0485509275127,45.4727857957555,11.4242348682428,"CRE"
"DNAJA2",32.7341327925051,24.9529229301348,-7.78120986237037,"CRE"
"RPL27A",27.5114859697515,35.9310192688661,8.41953329911458,"CRE"
"TXNL1",16.2625558797208,17.6493211950206,1.38676531529982,"CRE"
"MAP3K20",36.9331683166194,53.195405198593,16.2622368819736,"CRE"
"AK4",8.11569337884429,62.3182427040753,54.202549325231,"CRE"
"YWHAH",19.1611267933219,30.3257179835984,11.1645911902764,"CRE"
"CSE1L",23.3186453814699,22.9281828882618,-0.390462493208126,"CRE"
"TFG",28.6709557528958,45.3125024790771,16.6415467261813,"CRE"
"SNX2",37.6841859380055,57.1747693814632,19.4905834434577,"CRE"
"PDCD6IP",16.0881077229712,15.5585511291801,-0.529556593791082,"CRE"
"RPS19",21.0082461274909,19.8922100810216,-1.11603604646938,"CRE"
"PTPA",45.2331113088071,50.7673081357387,5.53419682693159,"CRE"
"ARPC4",30.2459406827502,49.3796200460552,19.133679363305,"CRE"
"CTBP1",26.9722426638021,49.0830389833126,22.1107963195105,"CRE"
"TFAM",45.9029566693935,44.1400721610652,-1.76288450832833,"CRE"
"PGRMC1",17.8319054136024,59.0043931845677,41.1724877709653,"CRE"
"RPL12",36.3602391944288,35.3181467010709,-1.04209249335793,"CRE"
"GGCT",16.531498754617,37.927625231184,21.3961264765671,"CRE"
"MRPS21",24.1262385846036,47.3235859034854,23.1973473188818,"CRE"
"NAGK",22.5617110412967,40.6403775911941,18.0786665498974,"CRE"
"LPP",39.6169028508497,50.7954091623918,11.1785063115421,"CRE"
"PAFAH1B3",72.8143975309592,61.6846060588538,-11.1297914721055,"CRE"
"UBA6",70.284705104792,67.9680643491068,-2.31664075568524,"CRE"
"ARPC5",40.4245693903639,79.0877765816148,38.663207191251,"CRE"
"PFDN2",20.4131973284907,24.699438749548,4.28624142105738,"CRE"
"THBS1",57.7416349802686,96.4624947573624,38.7208597770938,"CRE"
"RPL23",30.2970049952156,37.2992830729565,7.00227807774083,"CRE"
"RPL35",22.4398635144121,27.3049512504093,4.86508773599715,"CRE"
"ACSF2",41.4880796710023,28.9940329629643,-12.494046708038,"CRE"
"NDUFA7",84.659355152838,80.8421652256871,-3.81718992715092,"CRE"
"ENOPH1",15.2224058793965,28.6620844396617,13.4396785602652,"CRE"
"PSMD2",15.2636690867639,14.5882099484726,-0.67545913829132,"CRE"
"PPME1",33.9589810178359,35.3716731431844,1.41269212534852,"CRE"
"FDPS",14.2100445762591,22.2860220236526,8.07597744739348,"CRE"
"COPS2",7.62690429081547,24.6663794422611,17.0394751514457,"CRE"
"DDX17",18.3912859418954,19.6380447212667,1.24675877937131,"CRE"
"SGCG",35.1292527510643,35.0786207605601,-0.0506319905041011,"CRE"
"CBR4",47.8979686214133,55.5930099336819,7.69504131226859,"CRE"
"UBL5",37.7553002468903,22.3259533933026,-15.4293468535877,"CRE"
"CAB39L",29.7195474753863,40.4301300753375,10.7105825999512,"CRE"
"MYH11",67.2806082880336,82.1089109419629,14.8283026539294,"CRE"
"NID2",15.4383175036833,57.159917640175,41.7216001364917,"CRE"
"COL4A1",72.6325946050427,87.5425502095191,14.9099556044764,"CRE"
"HHATL",50.5320367440188,24.4805842763286,-26.0514524676901,"CRE"
"FN3K",33.9429346112946,33.8312808629424,-0.111653748352261,"CRE"
"SH3BGRL",73.1731613112281,67.5696236893267,-5.60353762190138,"CRE"
"UTRN",37.1129719154489,35.5735809951932,-1.53939092025571,"CRE"
"MAT2A",22.1555671372117,22.394737378871,0.239170241659316,"CRE"
"PSMD13",27.1528118004761,28.2536577228892,1.10084592241313,"CRE"
"DDI2",114.045040371088,71.4492684591484,-42.5957719119394,"CRE"
"CAPN3",20.3028045274468,34.8946223397745,14.5918178123277,"CRE"
"RPL13A",26.4014661620668,33.2242090194557,6.82274285738888,"CRE"
"COTL1",28.9347649563721,89.3890276197681,60.454262663396,"CRE"
"ATE1",38.0389087278861,45.9643898999802,7.92548117209404,"CRE"
"PSMD12",22.4383027570781,16.6054923042735,-5.83281045280462,"CRE"
"COMT",38.0685809648463,27.3516979621836,-10.7168830026627,"CRE"
"ALDH6A1",26.515323533925,37.8901815494256,11.3748580155006,"CRE"
"IMPDH2",13.8664942575858,15.6401608099914,1.77366655240561,"CRE"
"MYOF",23.3995366089667,25.0324988751633,1.63296226619665,"CRE"
"PSMD5",41.6434959700009,59.0707301107412,17.4272341407403,"CRE"
"TXLNB",25.4954556256063,49.3184108887323,23.822955263126,"CRE"
"ATP5F1E",88.3783302585683,63.33083198678,-25.0474982717883,"CRE"
"CARM1",13.9345185352324,18.6786296425683,4.74411110733589,"CRE"
"SH3BGRL3",61.0591371962197,62.5723209743759,1.51318377815615,"CRE"
"SGCB",9.76687221675083,32.2809597225586,22.5140875058078,"CRE"
"MYOM3",66.2543918514232,112.157510071878,45.903118220455,"CRE"
"FBXO7",57.2264812014919,50.2574767738355,-6.96900442765641,"CRE"
"MAP2K1",22.9203399559746,23.2621052627011,0.341765306726515,"CRE"
"DYNLL1",41.0070041309267,43.1177754350015,2.11077130407472,"CRE"
"PRKAR2B",48.5136820995625,76.1128050215424,27.5991229219799,"CRE"
"SQOR",41.6058821441161,30.2451049299272,-11.3607772141889,"CRE"
"PSME2",41.6668324042691,41.7731706989734,0.106338294704372,"CRE"
"CPNE3",16.456765190608,17.0951101294773,0.638344938869217,"CRE"
"ECHDC1",44.425320116685,57.134571584249,12.709251467564,"CRE"
"ASPH",46.2408660441607,31.1346877473805,-15.1061782967802,"CRE"
"GNAS",37.2666370507248,29.3909277382258,-7.87570931249897,"CRE"
"CAMK2G",20.7649654750587,29.0939590816361,8.32899360657743,"CRE"
"APOO",55.7600126579042,58.7368082850583,2.97679562715408,"CRE"
"JPH2",34.1290853153384,27.8643343802048,-6.26475093513366,"CRE"
"PTMS",21.7943082211027,52.6625287758313,30.8682205547286,"CRE"
"ART3",37.5127038186429,34.2700996641852,-3.24260415445777,"CRE"
"LAMC1",32.5760725372477,88.5268120571937,55.950739519946,"CRE"
"SRSF2",31.4051306505337,35.9264159397447,4.52128528921095,"CRE"
"ENDOG",53.5346993213008,53.432699057834,-0.102000263466813,"CRE"
"SYNGR2",32.8196519829696,27.4071008856418,-5.41255109732776,"CRE"
"XRCC5",31.2865961949663,30.7950473816315,-0.491548813334852,"CRE"
"TMEM38A",37.5981056369443,41.3092888567712,3.71118321982694,"CRE"
"SDR39U1",72.7381970453503,98.7471116001007,26.0089145547503,"CRE"
"TMLHE",14.1690812482726,48.621316580397,34.4522353321245,"CRE"
"SYNJ2BP",30.0835129053667,45.2642195610438,15.1807066556771,"CRE"
"PLCD4",27.3759149598433,28.2228000828799,0.846885123036639,"CRE"
"SNRPD1",39.6774835534947,33.6685182778871,-6.00896527560756,"CRE"
"PRKG1",19.5276776508004,41.9797303593941,22.4520527085937,"CRE"
"PC",29.4974845604035,87.6152973750708,58.1178128146673,"CRE"
"OPA1",33.1868160502968,44.5980702912079,11.4112542409111,"CRE"
"SEC22B",19.5366717081261,15.0502880827163,-4.48638362540984,"CRE"
"OXCT1",51.8857894408141,48.0712269096711,-3.81456253114297,"CRE"
"PFDN6",17.0950841425913,25.1171093280181,8.02202518542684,"CRE"
"TSPO",36.7548858938614,20.245348268721,-16.5095376251405,"CRE"
"ALDH7A1",36.1836165158354,32.8062745101539,-3.37734200568145,"CRE"
"PSMD11",15.1725235377079,22.5878326435457,7.41530910583785,"CRE"
"DNM1L",26.3624826350072,51.4016856438492,25.039203008842,"CRE"
"NID1",40.5620601594761,57.7984955221096,17.2364353626334,"CRE"
"HSD17B8",54.9122115427212,57.9740921568996,3.06188061417837,"CRE"
"SORBS1",64.8933019908217,76.9067026104984,12.0134006196767,"CRE"
"PDAP1",26.7054770939096,34.9810566847658,8.27557959085619,"CRE"
"HNRNPA3",56.9660351513668,48.7413401021044,-8.22469504926242,"CRE"
"H1-0",19.7691253703472,56.928921899684,37.1597965293367,"CRE"
"PARVA",32.7181965163043,52.9190862550726,20.2008897387683,"CRE"
"LACTB",49.295995522741,36.6651190704178,-12.6308764523233,"CRE"
"FSCN1",37.2329694369899,59.3059312089799,22.07296177199,"CRE"
"JPH1",24.3029943306942,49.7660944923465,25.4631001616523,"CRE"
"RPS13",39.3452214481379,31.3328289022605,-8.01239254587742,"CRE"
"RPL31",38.8306097833688,57.9826448973958,19.152035114027,"CRE"
"NSF",27.1141035626952,28.883376573315,1.76927301061975,"CRE"
"PRMT5",16.125172564841,18.5338650451677,2.40869248032671,"CRE"
"TOM1",34.4541495906705,37.4950070298099,3.04085743913938,"CRE"
"NQO1",46.2668772434412,26.6968485641022,-19.570028679339,"CRE"
"SELENOW",35.0422701073403,31.1800917232894,-3.86217838405092,"CRE"
"COPS5",10.1737322428162,18.3144887805938,8.14075653777756,"CRE"
"DAG1",33.4454769744349,33.2206467053179,-0.224830269116993,"CRE"
"SRP9",34.5682569550767,11.1469596954404,-23.4212972596363,"CRE"
"PREB",37.0348014381382,38.1139985667673,1.07919712862913,"CRE"
"DCTN2",18.8986275299099,16.7364285041294,-2.16219902578047,"CRE"
"PSMD4",18.4531795391546,17.5578614352029,-0.895318103951677,"CRE"
"LONP1",25.1417005163755,26.1161511236754,0.974450607299914,"CRE"
"FUS",16.7872482172276,16.1225358565965,-0.664712360631171,"CRE"
"CNN3",35.8426452642306,82.9814903130763,47.1388450488457,"CRE"
"COBL",17.7397015869533,36.5635244377135,18.8238228507602,"CRE"
"RTCB",17.3117246120856,14.0388779240947,-3.27284668799092,"CRE"
"SEPTIN9",37.3869839046408,62.0584342280833,24.6714503234424,"CRE"
"RPL38",30.2556259471623,42.6759176399755,12.4202916928132,"CRE"
"EIF2S1",17.1395449470261,16.6243004245247,-0.515244522501469,"CRE"
"SLC25A20",26.5112732493344,45.5795630933627,19.0682898440283,"CRE"
"ARHGAP1",37.3568155076865,54.1313064465739,16.7744909388874,"CRE"
"COPS7A",21.3821084470648,18.0091966456206,-3.37291180144414,"CRE"
"ELOC",19.9815635451693,32.1839497281668,12.2023861829975,"CRE"
"DBT",44.5438694954675,49.2387117719398,4.69484227647231,"CRE"
"BDH1",65.3711644847006,97.2259705762789,31.8548060915782,"CRE"
"PAFAH1B1",15.6919965020586,15.1275585836655,-0.564437918393125,"CRE"
"SLC25A42",34.854909298098,43.467031230878,8.61212193278002,"CRE"
"SAMHD1",19.7644748318965,79.695417915166,59.9309430832694,"CRE"
"NEK7",34.2372016699775,43.3914849342288,9.15428326425127,"CRE"
"MRPS36",35.110468448081,46.4010267217674,11.2905582736864,"CRE"
"ERI3",7.70032786096118,32.8292232905871,25.1288954296259,"CRE"
"UBE2M",23.9780855751933,23.1169063437933,-0.861179231399994,"CRE"
"RPL8",46.5599502226807,79.6621032924684,33.1021530697877,"CRE"
"NDUFS4",58.9801669955169,48.7992165598719,-10.180950435645,"CRE"
"RPS17",18.5698326319565,33.0178877360218,14.4480551040653,"CRE"
"RAP2B",59.0684509666255,55.107024705491,-3.96142626113448,"CRE"
"TMED10",23.7513257231491,47.3680308370528,23.6167051139037,"CRE"
"SMYD2",21.6109242732441,34.7217034859666,13.1107792127225,"CRE"
"VPS4A",25.5892903894195,19.2969123694059,-6.29237802001364,"CRE"
"SGCA",21.9181367409668,32.9849983505653,11.0668616095985,"CRE"
"ACLY",78.7333575619996,48.2727265557955,-30.4606310062041,"CRE"
"PRKAA2",28.6057326061951,25.3167402190985,-3.28899238709663,"CRE"
"DNPEP",15.2347563950448,20.4661580498696,5.23140165482476,"CRE"
"PLPBP",27.4789063348164,44.0319064285077,16.5530000936913,"CRE"
"LYVE1",65.9787955723923,59.5964879450392,-6.38230762735315,"CRE"
"RAB14",37.6550804190959,21.7149163270546,-15.9401640920413,"CRE"
"RPL13",11.9716072389687,29.6391855317705,17.6675782928018,"CRE"
"RALA",15.4148029526467,17.8224308888518,2.40762793620504,"CRE"
"KIF5B",13.068158543824,13.3210672527545,0.252908708930441,"CRE"
"PSMD1",28.6805277704693,15.1393542164396,-13.5411735540296,"CRE"
"DIAPH2",51.3511099811186,26.8561563237362,-24.4949536573824,"CRE"
"PFDN1",13.4744563101254,31.3283744577169,17.8539181475914,"CRE"
"SCCPDH",30.2017520075999,34.0826096278421,3.88085762024217,"CRE"
"SLMAP",45.7293813280829,31.5455545462118,-14.1838267818711,"CRE"
"DBN1",27.0244016471064,48.8042140637146,21.7798124166082,"CRE"
"GCDH",48.4124912365543,83.7336853203741,35.3211940838198,"CRE"
"MGLL",47.6017470474008,85.5008886269258,37.899141579525,"CRE"
"SCRN3",29.0993896695194,59.1570371109988,30.0576474414794,"CRE"
"MAP1B",21.3749974034773,42.353763772878,20.9787663694007,"CRE"
"MECR",50.2677576596745,62.956729606603,12.6889719469286,"CRE"
"TRAP1",33.5536620267913,44.9398704025163,11.3862083757251,"CRE"
"DENR",22.9729911007794,39.508506231844,16.5355151310646,"CRE"
"ENDOD1",22.8932616326621,34.1623350674602,11.2690734347981,"CRE"
"COQ10B",92.7721578076187,82.3311062630555,-10.4410515445632,"CRE"
"SEPTIN2",14.2297416155031,37.3904853950985,23.1607437795954,"CRE"
"UBE2K",7.57614086558784,15.9764093318526,8.40026846626473,"CRE"
"EPRS1",21.9287862143022,22.2876336746921,0.358847460389896,"CRE"
"GPS1",16.5636698505245,24.3866866108694,7.82301676034484,"CRE"
"PANK4",35.0181382604179,42.1511493251727,7.1330110647548,"CRE"
"CYBRD1",41.6607541703182,72.0514795421261,30.3907253718079,"CRE"
"ABI3BP",9.47356916098888,43.5206255358429,34.0470563748541,"CRE"
"HNRNPR",8.43780156891771,25.2266510681689,16.7888494992512,"CRE"
"AP2A1",49.3522646562092,25.7285053109918,-23.6237593452174,"CRE"
"NAPRT",35.8554434277364,21.4362653494545,-14.4191780782819,"CRE"
"PEPD",27.6170316783894,26.552649587653,-1.06438209073645,"CRE"
"SULT1A1",109.85646365516,67.7281919524104,-42.1282717027491,"CRE"
"RPS21",13.516879970867,18.712670746698,5.195790775831,"CRE"
"ERAP1",36.3040216278663,25.9673097063506,-10.3367119215157,"CRE"
"ERGIC1",29.6183431105607,42.0503302374875,12.4319871269268,"CRE"
"RPS15",66.1884753232873,72.7002284242787,6.51175310099148,"CRE"
"PLIN2",29.2212841453425,41.8354074028064,12.6141232574639,"CRE"
"EFEMP1",51.3534286450097,57.2651956571954,5.91176701218576,"CRE"
"IVD",25.5517339617401,48.2029259310676,22.6511919693274,"CRE"
"RPL17",34.7424418698866,25.9288222710329,-8.81361959885363,"CRE"
"SLC1A4",21.7108347928241,31.2506608954493,9.53982610262523,"CRE"
"PALM",34.9527181055708,52.4753139672155,17.5225958616446,"CRE"
"SYNCRIP",17.8358436764366,13.0134597294973,-4.82238394693926,"CRE"
"PTBP1",66.945782430363,73.6975558308775,6.75177340051451,"CRE"
"RPS8",10.6438610474646,26.8905576306913,16.2466965832267,"CRE"
"SPRYD4",55.6316835665,65.579421257911,9.94773769141105,"CRE"
"DPP3",21.4233543957771,23.4263865363481,2.00303214057105,"CRE"
"CCS",72.8003544465979,49.9822923424612,-22.8180621041367,"CRE"
"MT-ATP8",107.535511104207,88.3767553394757,-19.1587557647315,"CRE"
"OCIAD1",33.6168802715513,29.0528531961995,-4.56402707535184,"CRE"
"QSOX1",39.9613391268303,25.9766193945737,-13.9847197322566,"CRE"
"TNS1",33.4681285996089,36.532204157803,3.06407555819408,"CRE"
"EIF3A",17.5262146806426,9.54608259805743,-7.98013208258517,"CRE"
"PURA",41.5593211286252,18.5489612439677,-23.0103598846575,"CRE"
"ESYT1",42.4031517291525,67.7993571898371,25.3962054606846,"CRE"
"SUCLG2",45.8635122949651,60.2811794385332,14.4176671435681,"CRE"
"DDOST",34.1415110250805,32.2713555700764,-1.87015545500412,"CRE"
"VARS1",30.4992833720728,22.5526367167924,-7.94664665528036,"CRE"
"RPL27",25.0384126005849,27.8970357507099,2.85862315012501,"CRE"
"C1R",59.8116607516162,71.3696384443264,11.5579776927101,"CRE"
"MRC1",53.7833861723185,50.3551121922652,-3.42827398005331,"CRE"
"ITGA7",19.3669130169469,16.1473709667252,-3.21954205022168,"CRE"
"NPLOC4",19.7460812291766,20.1894252056657,0.443343976489089,"CRE"
"FECH",42.9113373409481,43.631265146735,0.719927805786902,"CRE"
"GLIPR2",67.5846517605118,80.7876620344847,13.203010273973,"CRE"
"NIBAN1",31.1057455941477,24.998264693449,-6.10748090069869,"CRE"
"ISOC1",35.8130119204524,36.0459727162379,0.232960795785509,"CRE"
"ABHD10",44.7616907677179,48.0121142300569,3.25042346233896,"CRE"
"NDUFA11",40.7887381081014,42.4999360194801,1.71119791137863,"CRE"
"TRIM54",24.7978654617389,43.8336375709491,19.0357721092103,"CRE"
"SNRPD3",17.8466947497694,12.0541044877263,-5.79259026204306,"CRE"
"ME2",22.3028408882967,36.245799944936,13.9429590566393,"CRE"
"PSMC4",28.8425949691282,23.6677176456066,-5.17487732352165,"CRE"
"RTCA",20.818117015941,46.2515558211649,25.4334388052239,"CRE"
"NDUFB5",49.6845067878066,53.1908050356644,3.50629824785782,"CRE"
"ERLIN2",22.6444479967371,27.2576296262636,4.61318162952649,"CRE"
"PDCD6",38.8289284372916,31.8100643187112,-7.01886411858037,"CRE"
"LXN",79.3333529850989,76.402644099429,-2.93070888566989,"CRE"
"VAMP3",32.3198081751191,24.8378370564548,-7.48197111866433,"CRE"
"LYPLA2",29.1497290726016,30.3364846637219,1.18675559112024,"CRE"
"VAMP2",27.5626439126843,28.28217649705,0.719532584365734,"CRE"
"RPL7A",21.5248234615585,49.0083929063344,27.4835694447759,"CRE"
"UBE2I",38.7612999913459,25.3333501595155,-13.4279498318304,"CRE"
"NRAP",65.1225977556572,54.8067830072459,-10.3158147484113,"CRE"
"PSMC5",15.9642817005315,17.1947595073972,1.23047780686573,"CRE"
"PRKAG1",45.7223993634619,57.837778058806,12.1153786953442,"CRE"
"XRCC6",27.4207418670784,36.6331777221013,9.2124358550229,"CRE"
"PAICS",28.6357615400323,16.1184393956412,-12.5173221443911,"CRE"
"MTAP",35.5412963923697,16.7705076806966,-18.7707887116731,"CRE"
"SLC16A1",43.1600157459041,29.6355085325772,-13.5245072133269,"CRE"
"HLA-DRA",14.8365240628135,41.5150782576812,26.6785541948677,"CRE"
"FAM114A2",33.2339510602352,52.7616628472493,19.5277117870142,"CRE"
"CPPED1",33.7392212228049,27.1642874563506,-6.57493376645432,"CRE"
"RPN2",19.5890994660524,24.7501207848052,5.16102131875274,"CRE"
"CYB5B",45.2833838266006,47.762471326929,2.4790875003284,"CRE"
"CAMK2A",35.1826332194719,23.0072237714148,-12.1754094480571,"CRE"
"SGTA",12.1129469117814,13.6236427597486,1.51069584796713,"CRE"
"CNN2",64.3009291817827,60.0407397798686,-4.26018940191409,"CRE"
"IAH1",22.5765335117942,55.2080765491747,32.6315430373805,"CRE"
"UBAC1",13.1820209559327,32.7928534585661,19.6108325026334,"CRE"
"CLTB",28.7184613082023,47.2661434224263,18.547682114224,"CRE"
"HNRNPA1",43.8181171125802,30.3725484986151,-13.445568613965,"CRE"
"SUOX",43.2104483035222,44.0657037888747,0.855255485352494,"CRE"
"HSPB8",29.3426470925917,61.1904039574882,31.8477568648965,"CRE"
"PSMD9",47.4718650319697,35.7616275600464,-11.7102374719233,"CRE"
"MCEE",52.6111077150739,66.1380315607117,13.5269238456378,"CRE"
"SIRT3",35.9085494864026,97.3840449635379,61.4754954771353,"CRE"
"XPNPEP1",17.5679160056352,20.7264791625044,3.15856315686924,"CRE"
"MAPRE1",24.4982110165034,24.8388221207506,0.340611104247277,"CRE"
"SRSF1",22.6955665643816,36.1161040938838,13.4205375295022,"CRE"
"SHMT1",15.2383161900365,25.0117444186307,9.77342822859415,"CRE"
"SRSF6",16.111983092503,34.7969882532117,18.6850051607087,"CRE"
"HNRNPH2",49.5942839907827,25.6647298540613,-23.9295541367214,"CRE"
"SLC25A1",32.0211552058419,66.5717295993672,34.5505743935253,"CRE"
"TMEM205",30.822313182676,24.937049903361,-5.88526327931494,"CRE"
"CKAP4",29.2066767319047,77.7626506636952,48.5559739317904,"CRE"
"G6PD",65.8246228237504,63.5633466171409,-2.26127620660942,"CRE"
"ERP29",32.2109697081347,16.2043496430725,-16.0066200650622,"CRE"
"DNM2",10.9624420257874,21.7950293870049,10.8325873612176,"CRE"
"CACNB1",26.3096673825237,28.7036958290436,2.39402844651985,"CRE"
"VTA1",18.4486110808775,20.4633823183761,2.01477123749863,"CRE"
"ACY1",46.7399929941988,56.599096500186,9.85910350598727,"CRE"
"CALD1",33.5314225004743,55.5867108969354,22.055288396461,"CRE"
"GGT5",42.972488257301,35.20521723285,-7.76727102445096,"CRE"
"RPL35A",25.7517767276355,41.6795077326074,15.9277310049719,"CRE"
"RANBP1",81.5710507385764,43.1893006857772,-38.3817500527992,"CRE"
"STUB1",24.8559904269209,34.36117053968,9.50518011275908,"CRE"
"METAP2",13.2629316768576,26.6276053228432,13.3646736459856,"CRE"
"CARNS1",29.9427006287318,44.1207113511105,14.1780107223787,"CRE"
"BZW1",30.1593969448713,72.2735845273144,42.1141875824431,"CRE"
"CTSG",70.9362183715693,63.767004819412,-7.16921355215726,"CRE"
"MAPK12",44.8345859630373,23.1459422213802,-21.6886437416571,"CRE"
"MTX2",40.3709566042786,141.543998515439,101.17304191116,"CRE"
"GCLM",74.7748225650769,44.1428027766218,-30.6320197884551,"CRE"
"SYPL1",28.9250386113606,28.6198845737847,-0.305154037575821,"CRE"
"FERMT2",33.1160441132119,24.0543334597162,-9.0617106534957,"CRE"
"MRRF",40.9997415592093,37.377025799473,-3.62271575973636,"CRE"
"HNRNPU",26.2316246599565,20.5296293051833,-5.7019953547732,"CRE"
"NIT1",50.6845011086953,29.0181154686072,-21.666385640088,"CRE"
"KLC1",30.5969993578714,18.5062192248347,-12.0907801330367,"CRE"
"COQ5",53.8403893679961,85.7672586476748,31.9268692796787,"CRE"
"RNF123",21.7658574166752,21.976579889777,0.210722473101733,"CRE"
"COPB2",59.1158302033728,54.435004550891,-4.68082565248172,"CRE"
"SYNM",36.0016801470075,72.0515869454064,36.0499067983989,"CRE"
"SEC23A",26.2467241045703,31.9177048958577,5.67098079128748,"CRE"
"USO1",34.606744058733,22.7318325474068,-11.8749115113262,"CRE"
"SARS1",15.3652846744497,19.3862399955086,4.02095532105889,"CRE"
"GARS1",24.1000758649632,27.6629563416371,3.56288047667385,"CRE"
"GMFG",36.9550358129687,139.024424316707,102.069388503739,"CRE"
"ASPA",43.8369436901178,32.5622956006478,-11.27464808947,"CRE"
"PGM2",60.6066971932394,56.1174402905909,-4.48925690264848,"CRE"
"KRAS",20.0703200463438,49.8857841795611,29.8154641332173,"CRE"
"THAP4",99.5484037558125,73.8292504120577,-25.7191533437549,"CRE"
"NIF3L1",25.3577433063131,18.3130684377268,-7.04467486858633,"CRE"
"GRPEL1",59.8826129880495,62.5653156889789,2.68270270092941,"CRE"
"RNF7",10.0445937263963,48.9246120800993,38.880018353703,"CRE"
"RPS11",18.7677074751667,41.2325130261088,22.4648055509421,"CRE"
"RPL30",24.2347335508616,40.913674941025,16.6789413901633,"CRE"
"LIMS1",15.677998185792,24.4005045567556,8.72250637096362,"CRE"
"DDAH2",52.8066070193652,50.6514085356699,-2.15519848369533,"CRE"
"TLN2",28.090567673793,27.2652105445451,-0.825357129247902,"CRE"
"PTRHD1",44.1500383664041,51.971265007071,7.82122664066688,"CRE"
"FAHD1",43.5758674243306,67.6187066032901,24.0428391789595,"CRE"
"MCM3AP",48.359055324846,36.991821144607,-11.367234180239,"CRE"
"HSD17B12",32.542953238946,37.127281095357,4.58432785641097,"CRE"
"EPB41L2",40.9259009958905,43.8000329327143,2.87413193682383,"CRE"
"HNRNPDL",24.9267730666087,18.0197524548785,-6.9070206117302,"CRE"
"SEPTIN11",26.7692767541857,40.5192991106098,13.7500223564241,"CRE"
"DHCR24",32.6728045977496,24.0969971949663,-8.57580740278327,"CRE"
"UFM1",30.0261741706693,34.2431285080597,4.21695433739034,"CRE"
"PPP5C",12.8606265034762,33.7142139403987,20.8535874369225,"CRE"
"CNBP",21.1607485768454,40.5271843908818,19.3664358140364,"CRE"
"ATP6V1E1",42.2459884752746,46.3456722944189,4.09968381914432,"CRE"
"RTN3",32.1948021845078,92.409509345283,60.2147071607752,"CRE"
"MAPK3",32.3823436255522,35.9347767679753,3.55243314242305,"CRE"
"PUF60",48.0805689846603,45.0877835120346,-2.99278547262572,"CRE"
"PICALM",49.2165339452786,40.8762903030788,-8.34024364219983,"CRE"
"COX19",29.8275191257997,36.5892639356819,6.76174480988213,"CRE"
"ACAT2",64.0476209662702,57.6370957022666,-6.41052526400365,"CRE"
"VKORC1L1",31.9589761222417,28.3178895874528,-3.64108653478895,"CRE"
"PDIA4",22.3395976015828,61.7725874808805,39.4329898792977,"CRE"
"FAM136A",40.7846833851868,45.9324240810206,5.14774069583378,"CRE"
"VPS35",18.3216909620249,36.614780620227,18.293089658202,"CRE"
"PRKAA1",28.2356340233365,46.787524184019,18.5518901606825,"CRE"
"COA6",52.5217138472515,77.1127857697104,24.5910719224589,"CRE"
"RPL6",20.3608959612367,21.8451632319297,1.48426727069301,"CRE"
"MCU",21.392306651646,39.5404096648171,18.1481030131711,"CRE"
"SMAP1",19.8523481126056,27.5457926468572,7.69344453425164,"CRE"
"CNRIP1",18.0019679566936,37.2799081938913,19.2779402371977,"CRE"
"VPS26A",7.70599395220885,19.9825506217547,12.2765566695458,"CRE"
"ARPP19",48.2288881161516,31.7757331916037,-16.4531549245479,"CRE"
"ARPC2",19.0389848080544,44.8023918435632,25.7634070355087,"CRE"
"GSTM4",78.0946137457375,86.5516465063754,8.45703276063782,"CRE"
"OPTN",26.8847188027285,61.5968952505835,34.712176447855,"CRE"
"ARF6",24.0199981714488,25.515998916365,1.4960007449162,"CRE"
"PRDX4",13.8403673371354,36.9918685197736,23.1515011826382,"CRE"
"DYNC1LI2",45.1952113031546,32.3715665719431,-12.8236447312115,"CRE"
"TPP2",22.2582404800316,17.9956740494602,-4.26256643057147,"CRE"
"HMBS",75.1115928848819,51.1277464278958,-23.9838464569861,"CRE"
"AHSA1",35.4914986026545,33.8103743653839,-1.68112423727057,"CRE"
"CRIP2",29.6681644902761,26.843294971495,-2.82486951878106,"CRE"
"ACTR3",17.7751989870651,33.1683746676046,15.3931756805395,"CRE"
"TIPRL",12.4440246716633,42.7341036824041,30.2900790107408,"CRE"
"PVALB",42.3315044977377,59.1053533904569,16.7738488927192,"CRE"
"PPM1B",14.4283430474783,29.3290568023706,14.9007137548923,"CRE"
"HIKESHI",26.8978616358855,24.2957167359112,-2.60214489997427,"CRE"
"QARS1",32.0694614824421,56.6890023649077,24.6195408824656,"CRE"
"USP9X",9.62240407147643,16.9568756048066,7.33447153333016,"CRE"
"KCTD12",22.1160227206363,39.6858674311498,17.5698447105135,"CRE"
"CORO1C",47.1725238705093,39.1986725520239,-7.97385131848539,"CRE"
"PITHD1",49.4385711406865,40.8968912835437,-8.54167985714285,"CRE"
"TMX4",28.0015991475285,21.4150513464657,-6.58654780106276,"CRE"
"TGM2",51.4948564379868,31.4694961423378,-20.025360295649,"CRE"
"MMUT",42.600071431129,71.6853407307322,29.0852692996032,"CRE"
"TBCB",28.6664884061615,29.1501457344373,0.483657328275775,"CRE"
"STMN1",16.6064399581526,49.7283613962752,33.1219214381226,"CRE"
"NUDT3",22.630752167516,26.4379475619919,3.80719539447594,"CRE"
"NDUFA3",69.7579401641639,70.5535519657381,0.795611801574267,"CRE"
"ACAD8",51.3372934680311,67.1619484742586,15.8246550062275,"CRE"
"SUB1",24.2757224350063,6.31969187485601,-17.9560305601503,"CRE"
"ADK",18.6780180016699,21.4305442152225,2.75252621355258,"CRE"
"SSB",19.2495295259099,27.3563700546139,8.10684052870395,"CRE"
"LAMP1",56.8357789349718,89.6110249748963,32.7752460399245,"CRE"
"EIF1AX",17.5628936043533,32.3693028497168,14.8064092453635,"CRE"
"CSDE1",22.6868842748093,30.1866019115949,7.49971763678564,"CRE"
"FBLN2",26.7300107682061,39.2813069683598,12.5512962001537,"CRE"
"RAB1A",38.55495430658,41.2529917715291,2.69803746494917,"CRE"
"MPP1",76.6581294814014,55.0908181045787,-21.5673113768227,"CRE"
"NRBP1",22.1711590723715,26.5896509442268,4.41849187185527,"CRE"
"MFAP5",6.11976736091485,66.9889886009892,60.8692212400744,"CRE"
"HMGCL",29.7380611797575,37.8865784291274,8.14851724936989,"CRE"
"EYA3",10.2757892216488,2.58746431313433,-7.6883249085145,"CRE"
"LAMTOR3",45.1818816154072,13.1911886520193,-31.990692963388,"CRE"
"REXO2",41.9109730576108,14.4302701622736,-27.4807028953372,"CRE"
"DDX1",25.4191430789937,21.8747117705442,-3.54443130844954,"CRE"
"CTSH",25.6608759994826,66.1585870234844,40.4977110240018,"CRE"
"AP2B1",20.8947266147495,25.2703822343845,4.37565561963498,"CRE"
"ITGA6",22.9936227649756,39.2054086632786,16.211785898303,"CRE"
"HINT3",45.1079935324457,30.7945631379729,-14.3134303944728,"CRE"
"DRG2",28.1163521002409,28.2202307896028,0.103878689361864,"CRE"
"MPC1",73.3731242984685,83.160471307464,9.78734700899548,"CRE"
"PSMD6",18.0623205507558,19.1557519414837,1.09343139072783,"CRE"
"LDHD",70.5022043121422,108.594243970155,38.0920396580125,"CRE"
"NAP1L1",17.4840469919808,22.5806245366382,5.09657754465742,"CRE"
"HLA-A",19.4430558075211,38.2962615918142,18.8532057842931,"CRE"
"HNRNPC",50.6722266615725,57.0925614703621,6.42033480878966,"CRE"
"APEX1",22.5105094595283,22.9012942730474,0.390784813519101,"CRE"
"FXYD1",30.9492259451216,50.9339825909969,19.9847566458753,"CRE"
"COA3",41.3441341594168,86.0239592064546,44.6798250470378,"CRE"
"CNIH4",28.9819823388974,20.6896327103898,-8.29234962850764,"CRE"
"DTD1",24.3543493499057,33.3583975436469,9.00404819374112,"CRE"
"ACTR2",10.3479562094864,33.1112617920401,22.7633055825537,"CRE"
"CARHSP1",108.937211567269,75.3929313925794,-33.5442801746897,"CRE"
"RAB12",14.6714987223259,19.6234404283441,4.95194170601811,"CRE"
"ADD3",36.4889995464663,44.0414881459375,7.55248859947122,"CRE"
"ECM1",57.5255148599912,66.3331056357116,8.80759077572043,"CRE"
"SLIRP",38.0516828259073,49.061875602357,11.0101927764497,"CRE"
"UBXN1",26.3112666967213,24.852696775918,-1.45856992080328,"CRE"
"NPEPL1",32.5791941846961,42.099475402123,9.52028121742688,"CRE"
"MYL4",79.7202063419072,79.8115518798504,0.0913455379431696,"CRE"
"MSI2",25.0069026519515,24.2701851447648,-0.736717507186633,"CRE"
"VPS29",14.1293484967531,75.0822640359986,60.9529155392455,"CRE"
"RPS14",40.2225389235867,18.9322002510519,-21.2903386725348,"CRE"
"DDX19A",31.2975886322326,35.1169037424712,3.81931511023858,"CRE"
"EIF4E",24.164353762241,13.2772240186882,-10.8871297435528,"CRE"
"DYNC1I2",19.7804040703477,17.2268865957137,-2.55351747463402,"CRE"
"FLOT1",45.724967329338,33.3534046847845,-12.3715626445535,"CRE"
"TNXB",29.7214064028668,71.474457348312,41.7530509454452,"CRE"
"DHX15",66.2080803018636,86.7945505401148,20.5864702382513,"CRE"
"SSBP1",41.0872931215495,34.4055478631516,-6.68174525839787,"CRE"
"PPP1R2",35.1316083631594,23.0441421743302,-12.0874661888291,"CRE"
"TIMM44",44.4785606799625,86.3297791031083,41.8512184231459,"CRE"
"METTL26",30.6279838132329,33.0127862452911,2.38480243205814,"CRE"
"IBA57",60.7912152119928,52.7228463935858,-8.068368818407,"CRE"
"XPO1",16.1296708936824,26.5038987749515,10.3742278812691,"CRE"
"RPL24",22.3285935059821,51.8598347742094,29.5312412682273,"CRE"
"FBLN5",35.8391489962745,44.8407643422611,9.00161534598663,"CRE"
"ATP6V1A",19.4058964983433,26.3613482008394,6.95545170249611,"CRE"
"ARMT1",36.4743998485186,31.7075853843094,-4.76681446420924,"CRE"
"MLEC",22.7463110654098,19.9128448827384,-2.83346618267144,"CRE"
"NXN",40.4879549367444,33.0009259509989,-7.48702898574555,"CRE"
"EIF3B",17.8601942183823,18.8606705705072,1.00047635212486,"CRE"
"DDX39B",18.486063166598,27.0978533490374,8.6117901824394,"CRE"
"SNX12",26.76891389432,54.4357201183697,27.6668062240497,"CRE"
"DTNA",37.6885537382051,40.2770108624644,2.58845712425929,"CRE"
"NT5DC1",35.2615770319916,26.2747003705822,-8.98687666140939,"CRE"
"GLUL",15.1730677775634,162.091227696847,146.918159919283,"CRE"
"GLRX3",21.6769876453358,19.4905258331062,-2.18646181222957,"CRE"
"GNA11",14.5974195920905,26.3853344517715,11.787914859681,"CRE"
"FLOT2",43.3714733815589,29.4224841384598,-13.9489892430991,"CRE"
"SPPL2A",45.7342054509216,23.0007873136593,-22.7334181372624,"CRE"
"RPL9",24.0939723811169,31.6807705850514,7.58679820393457,"CRE"
"PPM1A",26.8732999257902,29.0479773955926,2.17467746980239,"CRE"
"ATP6V0D1",8.10305802135713,48.8249173289249,40.7218593075678,"CRE"
"VPS25",36.4065978890968,32.6241805871455,-3.78241730195128,"CRE"
"MT-ND3",61.6174579381454,64.5244798698751,2.9070219317297,"CRE"
"CTSC",33.9354300372841,77.4068600365042,43.47142999922,"CRE"
"GMPR",35.6071419136704,52.9069920034969,17.2998500898265,"CRE"
"CHMP2A",40.6593880531618,32.3795570349016,-8.27983101826018,"CRE"
"TRMT112",34.1037570224447,27.5596761462749,-6.54408087616989,"CRE"
"RPL15",28.8518685377286,23.7858530600057,-5.06601547772289,"CRE"
"EPHX2",45.7257706584304,29.0008023295899,-16.7249683288404,"CRE"
"FERMT3",72.5464737782475,57.4488793592277,-15.0975944190198,"CRE"
"PFDN5",26.1422122935021,29.203082328537,3.06087003503494,"CRE"
"CD248",58.1049604778332,63.9041296481778,5.79916917034451,"CRE"
"ALYREF",58.619603189515,57.9709171167042,-0.64868607281079,"CRE"
"RPIA",49.2268647846787,26.6236065651281,-22.6032582195506,"CRE"
"RRAD",32.3771325335133,53.0415003670395,20.6643678335262,"CRE"
"SESN3",48.8901371758941,12.2607369175759,-36.6294002583182,"CRE"
"NT5E",17.2793657437654,28.2569738644545,10.977608120689,"CRE"
"RRAS2",41.5852705758397,72.283882446426,30.6986118705863,"CRE"
"VPS13C",33.9495357800266,18.3191493816982,-15.6303863983284,"CRE"
"IDI1",40.424238487673,66.6838969826961,26.259658495023,"CRE"
"HSPA12A",38.5991546408237,44.868076470395,6.26892182957132,"CRE"
"RPL26",42.6755804697068,53.0251673031535,10.3495868334467,"CRE"
"RBM38",34.8095795664521,20.8850250140264,-13.9245545524256,"CRE"
"RPL4",21.9222042488021,29.1220618305346,7.19985758173244,"CRE"
"RARS1",26.0528042770613,18.6409417163176,-7.41186256074369,"CRE"
"TXNDC5",20.1246549277887,83.7125583092821,63.5879033814934,"CRE"
"ABCF1",15.4438920478778,38.8914180447548,23.4475259968769,"CRE"
"PPIL3",42.0135760112479,20.3975703872778,-21.6160056239702,"CRE"
"NT5C",31.0636243010933,93.1276299764314,62.064005675338,"CRE"
"HDHD2",31.6664472381266,30.0659323130793,-1.60051492504737,"CRE"
"PAK2",8.34512548997503,9.36143256245219,1.01630707247716,"CRE"
"DEPTOR",21.662909192566,26.8985406057666,5.23563141320065,"CRE"
"PRPSAP2",51.5866666421618,34.6781142009818,-16.90855244118,"CRE"
"RDH5",30.980205414971,21.9208882034006,-9.05931721157041,"CRE"
"NLN",20.5323687487214,45.443455510149,24.9110867614276,"CRE"
"BTF3L4",13.2090855789234,17.7558418127702,4.54675623384674,"CRE"
"CDV3",33.604250605557,16.2202114347302,-17.3840391708267,"CRE"
"EIF3E",13.1268724819705,18.5750894171001,5.44821693512957,"CRE"
"RAB5B",23.8336519226162,36.5911784344057,12.7575265117895,"CRE"
"ARL3",20.0557529738352,19.9725496325864,-0.0832033412488471,"CRE"
"CAPG",55.4944050780349,71.9764294365588,16.4820243585239,"CRE"
"SH3GLB1",32.526987111433,22.0419741886918,-10.4850129227412,"CRE"
"SNTB1",55.5381649213094,50.3675908581188,-5.17057406319065,"CRE"
"GSPT1",12.5570276943979,9.37870213654275,-3.17832555785516,"CRE"
"COL3A1",10.5075483764443,54.5724614094636,44.0649130330193,"CRE"
"ISCA2",72.3006443539738,59.2311569961629,-13.0694873578109,"CRE"
"PTGIS",26.4407249708466,92.4923169554464,66.0515919845998,"CRE"
"STK38",37.5747625138576,40.8991380414759,3.32437552761829,"CRE"
"EIF2S3",17.3816855231141,22.4224822633678,5.04079674025367,"CRE"
"TIMM50",31.8140960826404,22.5333702488666,-9.2807258337738,"CRE"
"IPO7",28.3340951685698,22.3023748398557,-6.03172032871411,"CRE"
"DCTN1",11.5890859294262,12.2820874963764,0.693001566950263,"CRE"
"LMAN2",11.712330076231,27.6561332259755,15.9438031497445,"CRE"
"NDUFV3",81.1273303196486,42.9682128223829,-38.1591174972657,"CRE"
"DDX3X",24.3424331939425,20.1289369118207,-4.2134962821218,"CRE"
"CUL4A",33.1479000184387,57.4099712458765,24.2620712274379,"CRE"
"ECHDC3",25.0794646167659,35.3949229818067,10.3154583650408,"CRE"
"HMGCS2",10.4125887413258,38.2132872033969,27.8006984620711,"CRE"
"LRP1",40.0336227079794,37.5540708797408,-2.47955182823857,"CRE"
"LNPK",24.1938792544409,21.972211300221,-2.22166795421991,"CRE"
"DCUN1D1",25.9802128875015,29.9753657955127,3.9951529080112,"CRE"
"MSRB2",52.4110275696131,58.860031655807,6.44900408619381,"CRE"
"PRG4",82.7783494898687,69.6321590862658,-13.146190403603,"CRE"
"PIN4",24.6029336483163,31.1914033952716,6.58846974695527,"CRE"
"SMS",31.8069042477089,55.5713651859037,23.7644609381948,"CRE"
"AGO2",35.7724093557293,27.3296998539983,-8.44270950173095,"CRE"
"PPTC7",44.6049310367483,43.7393103895429,-0.86562064720539,"CRE"
"RCN1",24.803668323611,37.0997937606734,12.2961254370625,"CRE"
"UBXN6",24.5735881496633,26.5291503266236,1.95556217696027,"CRE"
"CUL3",12.6214614280794,23.0057735406486,10.3843121125692,"CRE"
"ADD1",80.9807027246008,59.372832143751,-21.6078705808498,"CRE"
"ATP6V1G1",18.3493654321866,32.7205071901841,14.3711417579975,"CRE"
"CLIP1",24.7481147515681,36.1933415757214,11.4452268241533,"CRE"
"GNAI1",44.9896595788561,52.0283600105679,7.03870043171185,"CRE"
"EIF3C",17.6088229033336,15.5277943247002,-2.08102857863337,"CRE"
"PSMD3",20.7961116644874,24.0738317825386,3.27772011805119,"CRE"
"MT-CYB",48.0415070129102,18.3277152070499,-29.7137918058603,"CRE"
"CLNS1A",51.573743465339,25.6013889721702,-25.9723544931689,"CRE"
"DHX9",32.1937220271715,50.454058136083,18.2603361089116,"CRE"
"ATPAF2",42.8175423260298,61.9029379731428,19.085395647113,"CRE"
"EIF3G",36.0030119364898,20.4951785287208,-15.507833407769,"CRE"
"COX17",36.7836095910982,77.4740591949095,40.6904496038113,"CRE"
"TMEM70",15.4928206704452,83.061820356993,67.5689996865478,"CRE"
"SURF1",73.1754998385507,45.1821387541708,-27.9933610843799,"CRE"
"AHCYL1",13.3604335029999,15.0531214415098,1.69268793850993,"CRE"
"STXBP3",26.2492719196323,15.4265406856309,-10.8227312340014,"CRE"
"TMEM256",32.4643526084293,43.7963704869791,11.3320178785498,"CRE"
"GYPC",36.3625004306743,35.0036018374647,-1.35889859320959,"CRE"
"TBC1D17",35.872353212465,30.7071047770641,-5.1652484354009,"CRE"
"EML1",19.2805255133831,25.4180635127983,6.13753799941526,"CRE"
"SCARB2",19.0360389270102,29.9055088632911,10.8694699362809,"CRE"
"CNP",25.2257541863104,40.1407725398883,14.9150183535779,"CRE"
"DNAJC11",33.9725049015408,75.8952013693187,41.9226964677779,"CRE"
"RCN2",25.8171880916223,39.3979697094105,13.5807816177882,"CRE"
"PITRM1",11.4631457417915,36.9746543203968,25.5115085786053,"CRE"
"SLC41A3",22.6403537265624,82.8316504047973,60.191296678235,"CRE"
"CD151",30.1775620252587,104.965365467246,74.7878034419869,"CRE"
"MAT2B",20.1732197705589,23.0864148635397,2.91319509298076,"CRE"
"CHCHD10",53.2880059081369,51.8851621469156,-1.40284376122133,"CRE"
"CPNE1",24.411742730584,28.9730102858721,4.56126755528815,"CRE"
"RBMX",12.2673759038673,42.4492470998069,30.1818711959396,"CRE"
"CD63",37.7239764352337,50.7090800623432,12.9851036271095,"CRE"
"MTRES1",35.0246341920562,12.0015978032969,-23.0230363887592,"CRE"
"AP1B1",49.9972466381284,52.706695057676,2.70944841954766,"CRE"
"PLIN5",46.7476909128964,56.4418380486441,9.69414713574767,"CRE"
"IST1",15.3332186254533,29.9859249677854,14.6527063423321,"CRE"
"TMED2",18.7083679599482,29.3636703645819,10.6553024046338,"CRE"
"NDUFAF4",59.0293339542211,89.8483287979311,30.81899484371,"CRE"
"CHMP3",41.9553954484483,30.6706439462239,-11.2847515022244,"CRE"
"MSRA",24.6829801856625,33.4741786017208,8.79119841605831,"CRE"
"SESN1",13.812398887787,42.2034159128128,28.3910170250258,"CRE"
"GART",19.9110203236019,20.5074326413752,0.596412317773279,"CRE"
"OXSM",38.1966937791026,64.2929496891217,26.0962559100192,"CRE"
"TMEM143",63.2216342940252,48.7495470785922,-14.472087215433,"CRE"
"MT-ND4",55.1456893130453,58.0093696961071,2.86368038306173,"CRE"
"TMX3",23.357226655936,21.6134120971453,-1.7438145587907,"CRE"
"ATP6V1B2",18.0425539508286,16.7617287355609,-1.28082521526773,"CRE"
"STX7",46.6947954484688,48.778964643568,2.08416919509921,"CRE"
"DYNLRB1",20.4601930196044,15.0214823103324,-5.43871070927202,"CRE"
"HNRNPF",25.6713766328353,35.85837163569,10.1869950028547,"CRE"
"RHOG",47.4059922603689,80.1716514200551,32.7656591596862,"CRE"
"RUVBL2",37.5039494660366,40.0037347259314,2.4997852598948,"CRE"
"CUL2",28.067246710314,35.1911009141928,7.12385420387877,"CRE"
"CPT1A",37.885606604269,88.7067349183919,50.8211283141228,"CRE"
"SLC44A2",11.7104427665907,31.494084721109,19.7836419545183,"CRE"
"SHMT2",25.558828424565,38.2503486307201,12.6915202061551,"CRE"
"CD38",53.6037361194074,23.9328410898083,-29.6708950295991,"CRE"
"COPS3",30.9606379906698,37.8628803702953,6.90224237962554,"CRE"
"KYAT1",32.2959431652954,49.7702118731799,17.4742687078845,"CRE"
"TMOD1",79.7199498563378,37.6715823977162,-42.0483674586216,"CRE"
"SRM",26.9586011246024,49.3465914995521,22.3879903749498,"CRE"
"STX4",29.1763663971239,25.5281340507216,-3.64823234640229,"CRE"
"EEA1",25.2164848897667,42.4098822433365,17.1933973535698,"CRE"
"NNMT",45.0029403243142,83.4124846429697,38.4095443186555,"CRE"
"UBE4A",28.9851050397113,36.9415901595499,7.9564851198386,"CRE"
"RAB2B",34.034700303233,57.8643323931827,23.8296320899497,"CRE"
"RDH14",31.6781720173095,34.2112906285848,2.53311861127529,"CRE"
"GABARAPL2",40.6594221267347,29.4965453503924,-11.1628767763423,"CRE"
"CELF1",38.7220652192579,21.5355455638664,-17.1865196553916,"CRE"
"CUL1",22.0800139733458,27.7380824811014,5.65806850775553,"CRE"
"INPP1",23.6543213614728,24.5490985595678,0.894777198094925,"CRE"
"HNRNPH3",24.7239574200022,28.7604600847616,4.03650266475935,"CRE"
"ALDH16A1",56.3526587276377,53.1368096939472,-3.21584903369045,"CRE"
"HEBP1",67.0894750107519,82.5102261355149,15.420751124763,"CRE"
"PARVB",27.4627813258211,23.9026450294058,-3.56013629641525,"CRE"
"RMDN1",35.3454843526721,52.1217054631912,16.7762211105191,"CRE"
"H6PD",17.8578790216039,17.4722669412632,-0.385612080340703,"CRE"
"NAE1",22.6437252398049,25.2310357861311,2.58731054632612,"CRE"
"MIEN1",29.8086629678945,28.0270421180978,-1.78162084979667,"CRE"
"RBBP4",17.0157420960207,42.0738795258895,25.0581374298688,"CRE"
"EIF3F",18.3486205098954,21.0970963848162,2.74847587492083,"CRE"
"ITGA1",42.2170446386974,48.1111936856361,5.89414904693865,"CRE"
"FN3KRP",46.5005979726371,28.0437842317435,-18.4568137408936,"CRE"
"MPV17",11.5940542612331,37.8120776143662,26.2180233531331,"CRE"
"VPS4B",16.614889687447,26.3447701855039,9.72988049805693,"CRE"
"RPS27",46.5949612293541,46.6703836770643,0.0754224477101886,"CRE"
"IDE",10.7809991386137,16.693359508082,5.91236036946828,"CRE"
"CLIC4",9.81890899205903,27.1526278067077,17.3337188146487,"CRE"
"NFU1",40.1351604371731,46.3292700941339,6.19410965696073,"CRE"
"HBS1L",18.6490262654244,21.271096423968,2.62207015854369,"CRE"
"SEC23IP",32.9256575227317,11.2854040400548,-21.6402534826769,"CRE"
"NANS",44.5314087554759,51.2062779797002,6.67486922422431,"CRE"
"RPL11",29.7763006577233,28.5162693562775,-1.26003130144585,"CRE"
"MESD",6.06970884572803,3.34689687344143,-2.7228119722866,"CRE"
"RASA4",33.9160060084522,79.9642894577802,46.048283449328,"CRE"
"YKT6",43.7444990498857,24.7778965300206,-18.9666025198652,"CRE"
"PYURF",116.677332987751,132.176460604632,15.4991276168814,"CRE"
"LACTB2",32.7106034682189,34.130830639809,1.42022717159007,"CRE"
"SNRPE",18.6467505238949,44.2511740775749,25.6044235536799,"CRE"
"TMX1",18.5112710455975,22.471126826675,3.95985578107758,"CRE"
"C11orf68",21.9791911440581,22.8071097812865,0.827918637228397,"CRE"
"ARIH2",19.954372933537,30.6902654644552,10.7358925309181,"CRE"
"MRPS17",45.7655190365841,41.3868144916345,-4.37870454494963,"CRE"
"PRKCQ",33.3542495647933,33.4795012578581,0.12525169306479,"CRE"
"SRPRB",19.5969699539176,38.24127549033,18.6443055364124,"CRE"
"ARHGDIB",57.6030156228132,39.4235126971918,-18.1795029256215,"CRE"
"CSRP2",91.2673457368094,64.3385888400582,-26.9287568967512,"CRE"
"USP15",48.8222974965287,30.6541978823682,-18.1680996141606,"CRE"
"HPCAL1",28.2294202954228,26.4970000556954,-1.73242023972739,"CRE"
"LARS2",26.7161601278556,68.9471012915869,42.2309411637313,"CRE"
"MDP1",33.099150530133,17.7362441728416,-15.3629063572914,"CRE"
"COL15A1",16.4200126565667,78.3426608468085,61.9226481902418,"CRE"
"MRPL12",52.4216991056894,57.6334914319316,5.21179232624223,"CRE"
"CES2",40.405968954555,45.0295880824323,4.62361912787735,"CRE"
"PDZK1IP1",64.237310782143,97.496575858646,33.259265076503,"CRE"
"ACAA1",19.0246969835532,50.6899054304803,31.6652084469272,"CRE"
"PTPN11",29.3358571721592,21.0931905613537,-8.24266661080548,"CRE"
"IL18",66.0550489898923,32.8310116409921,-33.2240373489002,"CRE"
"SFXN3",21.4690598791877,43.2118979230566,21.7428380438689,"CRE"
"SUMF2",27.0249763116309,30.9234655002969,3.89848918866606,"CRE"
"KANK2",35.7902459717263,40.5332589413317,4.74301296960537,"CRE"
"DEK",19.0234275715943,25.9051309461153,6.88170337452098,"CRE"
"LRRC59",28.8101686259528,49.1332266323752,20.3230580064223,"CRE"
"BDH2",31.9489675285503,35.4869431884817,3.53797565993148,"CRE"
"MOB1A",10.9211096179889,38.1465719814648,27.2254623634759,"CRE"
"AIMP2",24.581764779567,32.15395929423,7.57219451466302,"CRE"
"RPL19",22.9748499694118,35.8250999723219,12.8502500029101,"CRE"
"TIMM8A",77.121371485655,80.9807710908339,3.85939960517891,"CRE"
"FARSA",21.526739451127,30.5592217700594,9.03248231893237,"CRE"
"MPO",50.8191165908414,119.587661285199,68.7685446943573,"CRE"
"CTSZ",30.1889374699069,50.6733991726448,20.484461702738,"CRE"
"STOML2",36.0835095737314,22.4061823054074,-13.677327268324,"CRE"
"SRSF3",25.7432346907622,22.3326258022116,-3.41060888855053,"CRE"
"NHLRC2",17.7396653178268,32.9182636835803,15.1785983657536,"CRE"
"MAPK9",16.5489517188858,48.6042534339113,32.0553017150255,"CRE"
"SSPN",48.8582786021404,36.5228369008994,-12.335441701241,"CRE"
"PECAM1",19.8453593431237,41.3662990263425,21.5209396832188,"CRE"
"PSMD7",17.9010714671153,39.1412627988487,21.2401913317334,"CRE"
"MAPK14",35.926364642779,30.7631317310446,-5.16323291173438,"CRE"
"EHBP1L1",33.0034048934098,30.7915568838725,-2.21184800953734,"CRE"
"RAB8A",66.8523045228195,59.1779683144602,-7.67433620835926,"CRE"
"SNX5",17.1478718933948,31.8997499694274,14.7518780760327,"CRE"
"OPLAH",28.3321457109928,38.0627729568064,9.73062724581365,"CRE"
"TMEM126A",37.9914733456599,71.6345805748496,33.6431072291897,"CRE"
"EIF2S2",30.773258636544,22.1466027992292,-8.62665583731484,"CRE"
"EIF6",39.0571149726874,24.6654858132184,-14.391629159469,"CRE"
"BOLA2",39.1811939697067,34.2119562530704,-4.9692377166363,"CRE"
"PFKFB1",22.8278213146518,35.6632277977819,12.8354064831301,"CRE"
"WDR77",38.2297497670638,22.6869736436863,-15.5427761233775,"CRE"
"SFPQ",15.7124844723624,50.7730351768573,35.0605507044949,"CRE"
"LAMA2",30.7474065695694,93.0780539536133,62.3306473840439,"CRE"
"LZIC",38.2140158981471,24.0283422968649,-14.1856736012822,"CRE"
"PDK2",41.618640720898,90.9416887884761,49.3230480675781,"CRE"
"RALB",39.3674383849285,47.9757692946543,8.60833090972579,"CRE"
"RPS26",26.2030024829972,15.8056888675967,-10.3973136154005,"CRE"
"MYH8",87.9211948844698,113.584084403204,25.6628895187342,"CRE"
"ABCF2",39.6887507476572,71.9121903880286,32.2234396403715,"CRE"
"AP2M1",33.5914964273253,32.7760319956071,-0.815464431718169,"CRE"
"PITPNB",30.2980803398179,58.6222816142072,28.3242012743893,"CRE"
"HSD17B4",24.0123712747012,30.6644226574367,6.6520513827355,"CRE"
"ACAD9",51.470455618867,59.4670126965603,7.99655707769335,"CRE"
"CDIPT",48.4638168067084,25.3208557420861,-23.1429610646223,"CRE"
"HNMT",31.4877867263016,61.5708104341624,30.0830237078608,"CRE"
"MTARC1",32.7191116486026,78.5427219143988,45.8236102657961,"CRE"
"KHSRP",32.9825960009517,40.0314523100575,7.04885630910582,"CRE"
"BCKDK",56.1649129739954,61.9656576119327,5.8007446379373,"CRE"
"UFD1",32.0120980256612,22.8391885326511,-9.17290949301008,"CRE"
"MVP",37.0915383909734,55.4843760357637,18.3928376447903,"CRE"
"RPL29",30.0558251544695,135.850078076212,105.794252921743,"CRE"
"PRKAB2",32.2499376808528,37.9644603900538,5.71452270920101,"CRE"
"SIRT5",52.5683513080535,50.7258795787378,-1.84247172931562,"CRE"
"RNF114",26.2128672833396,32.7415425387678,6.52867525542817,"CRE"
"THEM6",20.2335729157065,10.8544944121214,-9.37907850358508,"CRE"
"SCP2",23.5084204228166,26.4909108359208,2.98249041310427,"CRE"
"DMAC2L",38.7254414510216,43.1557184176199,4.4302769665983,"CRE"
"HDLBP",36.8783422506859,59.2822489013234,22.4039066506375,"CRE"
"PMM2",15.8397994944226,40.1973684580621,24.3575689636395,"CRE"
"ACSS1",43.0709616248266,29.2610385487416,-13.809923076085,"CRE"
"CBR3",12.120670730045,43.5630761792517,31.4424054492067,"CRE"
"RAB9A",34.4253888335835,26.6537949559136,-7.77159387766983,"CRE"
"TOMM40",65.7488160561922,12.7632719147113,-52.9855441414809,"CRE"
"ARPC1B",44.6726805263079,59.8588480370827,15.1861675107748,"CRE"
"LGALSL",19.7168109320797,44.2305662787069,24.5137553466272,"CRE"
"COPB1",69.6966411541974,39.052984457413,-30.6436566967844,"CRE"
"RTN4IP1",33.9536534216157,43.3291409518682,9.37548753025255,"CRE"
"AARS1",11.7335753226552,13.2750895410938,1.54151421843863,"CRE"
"SERBP1",29.243461734499,35.6171558628298,6.37369412833075,"CRE"
"TXNDC12",30.2693605586207,37.17421613766,6.90485557903933,"CRE"
"ZYX",14.7848369205106,24.1583584210982,9.37352150058764,"CRE"
"MCCC1",30.1995306474846,62.0782810788251,31.8787504313406,"CRE"
"AARSD1",35.9451995075222,31.7245290961819,-4.22067041134028,"CRE"
"SRP14",34.8386561713144,76.7483739602889,41.9097177889745,"CRE"
"LMAN1",30.4649499625409,24.2602619495144,-6.20468801302659,"CRE"
"CORO1B",45.3815588723563,53.0595427001188,7.6779838277626,"CRE"
"PFAS",65.7029890416804,50.2601588991559,-15.4428301425246,"CRE"
"RPL21",20.0905586834997,26.6573712552452,6.56681257174544,"CRE"
"JUP",20.0870336309963,31.9457082200942,11.8586745890979,"CRE"
"KHDRBS1",29.4339417163121,17.2093995082348,-12.2245422080773,"CRE"
"SUGT1",14.1106432613672,26.3024200600373,12.1917767986701,"CRE"
"UBA3",23.4715812408156,23.8320420720351,0.360460831219463,"CRE"
"NDRG1",45.0107974577628,42.0305075665655,-2.98028989119729,"CRE"
"GNS",12.9561849151677,41.8400035477006,28.883818632533,"CRE"
"D2HGDH",33.545457717779,46.5923119518645,13.0468542340854,"CRE"
"PLGRKT",45.4448134153334,35.6559277552846,-9.7888856600488,"CRE"
"EZR",15.8686730148168,37.5148485769209,21.6461755621041,"CRE"
"RDH13",44.2053608344272,36.0442387088097,-8.16112212561749,"CRE"
"DBNL",31.1136260668679,45.9343748919197,14.8207488250518,"CRE"
"LYPLAL1",24.6494903080893,30.0832699757212,5.43377966763187,"CRE"
"FAM98B",29.8673261881433,51.3618118293331,21.4944856411899,"CRE"
"ATL2",40.7285329872351,33.0676713103888,-7.66086167684638,"CRE"
"PPP2R5A",31.8626343185499,31.3081114094224,-0.55452290912746,"CRE"
"DNAJB1",29.2238462182649,42.0690476830341,12.8452014647691,"CRE"
"CRADD",35.3524819249828,110.197066666517,74.8445847415338,"CRE"
"LETM1",35.0358652243652,35.3757227287366,0.339857504371466,"CRE"
"TUBB4A",47.5469002654916,23.9532965636767,-23.5936037018149,"CRE"
"CLYBL",68.430952277673,81.406098223829,12.975145946156,"CRE"
"NFIC",28.202618957188,26.3870085466432,-1.81561041054483,"CRE"
"AUH",68.8306250491503,67.7592281642355,-1.07139688491482,"CRE"
"ENSA",45.1484182223556,38.4066016640713,-6.74181655828432,"CRE"
"PPIL1",25.9633968910931,23.4157708526437,-2.54762603844936,"CRE"
"STX12",69.7635516567748,65.3622592104641,-4.40129244631072,"CRE"
"ATP6V1C1",1.74681083928974,18.1991593469476,16.4523485076578,"CRE"
"ABCA8",45.9059884665059,38.9754708178635,-6.93051764864248,"CRE"
"MTM1",50.1711317081716,43.6034749402583,-6.56765676791328,"CRE"
"TXNRD2",38.9321191026741,30.81780247481,-8.11431662786414,"CRE"
"BCKDHB",55.4086152881155,75.2156967660327,19.8070814779172,"CRE"
"GM2A",30.3749154276454,58.6284469389448,28.2535315112995,"CRE"
"C6orf136",140.755147027331,98.2030228717565,-42.5521241555747,"CRE"
"PRPSAP1",18.0724447855077,48.367094898177,30.2946501126692,"CRE"
"ETF1",27.8797776667922,19.9212330482585,-7.95854461853373,"CRE"
"EIF3L",24.2220394294011,32.89808455022,8.67604512081882,"CRE"
"RBKS",48.6801013260644,49.6078757794607,0.927774453396374,"CRE"
"SENP8",32.0092856516548,26.7430576150223,-5.26622803663252,"CRE"
"ARCN1",17.1076220780073,26.2539787060334,9.14635662802601,"CRE"
"TATDN1",23.1980568092089,35.691871612653,12.4938148034442,"CRE"
"C19orf12",22.9826909751063,26.4147017553678,3.43201078026153,"CRE"
"MICU1",38.9775047854805,38.7314277766127,-0.246077008867722,"CRE"
"DHTKD1",26.3353373805941,27.8917358243582,1.55639844376406,"CRE"
"CHMP1B",100.357973271609,57.9766872174669,-42.3812860541419,"CRE"
"MGST2",37.3486958182247,20.4869726143497,-16.861723203875,"CRE"
"TNKS1BP1",37.9744720341134,43.0140675938088,5.03959555969538,"CRE"
"HNRNPM",23.6535766772996,29.8401861126882,6.18660943538862,"CRE"
"RPL36",47.2892445040103,36.6992011980407,-10.5900433059696,"CRE"
"NUDCD2",36.7144118753348,46.0410187932771,9.3266069179423,"CRE"
"PRKCD",14.7213768294746,9.84926309182623,-4.87211373764836,"CRE"
"EPB41L3",54.2046969276592,38.1986376205356,-16.0060593071236,"CRE"
"SYNPO2L",48.150167455205,107.449416521016,59.2992490658113,"CRE"
"CLIC6",31.3632565277964,47.5050540660468,16.1417975382504,"CRE"
"MTIF2",29.0063240614939,41.892781649442,12.8864575879481,"CRE"
"OPA3",69.3547147649526,69.4089686066626,0.0542538417099507,"CRE"
"LIMCH1",31.8994288277673,27.1969935075799,-4.7024353201874,"CRE"
"PLAA",29.9572868440035,34.7550213988979,4.79773455489445,"CRE"
"PFKFB2",26.2239314993225,31.2130964012617,4.98916490193924,"CRE"
"FAHD2A",35.481361536518,39.1703078741441,3.68894633762611,"CRE"
"BROX",31.8019064558141,52.8931585431059,21.0912520872918,"CRE"
"HSPBP1",19.1484523749598,31.2644116446863,12.1159592697266,"CRE"
"EIF3M",21.0110485911657,20.5585675755147,-0.452481015651028,"CRE"
"NUDCD1",26.3894050879021,9.15573128339213,-17.23367380451,"CRE"
"UBQLN1",16.4246897022281,25.4418613704872,9.01717166825913,"CRE"
"BCKDHA",42.1371433228449,44.0330825419671,1.89593921912222,"CRE"
"PRUNE1",22.3165585770768,31.0366305380517,8.72007196097497,"CRE"
"CSTA",45.1941707075821,51.3097346752985,6.11556396771638,"CRE"
"CHMP4B",18.9294786073413,34.4812300746309,15.5517514672896,"CRE"
"ATAD3A",57.2940829645945,29.5257018164025,-27.7683811481919,"CRE"
"ILVBL",63.5458836735254,60.2007834342056,-3.3451002393198,"CRE"
"NAA50",17.0604245768296,38.083655071936,21.0232304951063,"CRE"
"DHRS11",23.8296543104081,39.4814457973137,15.6517914869056,"CRE"
"PPP1R14B",43.8963115246215,58.3841658564489,14.4878543318273,"CRE"
"LPCAT3",46.9418533056403,49.2518699145745,2.31001660893417,"CRE"
"PPP1R12B",72.2170360312007,103.808399650422,31.5913636192209,"CRE"
"BPNT1",19.4530512683573,21.6937351592447,2.24068389088739,"CRE"
"EIF4E3",41.1137638923729,61.2992396362324,20.1854757438595,"CRE"
"KPNA6",13.1556379768754,23.2896075900549,10.1339696131794,"CRE"
"LMNB2",19.5995772134549,67.9118081675735,48.3122309541186,"CRE"
"PGM2L1",37.8028905810671,22.7947298713601,-15.008160709707,"CRE"
"PARP1",21.1155893127339,23.3285634035163,2.21297409078246,"CRE"
"TSG101",20.6465001244603,34.8296321121068,14.1831319876466,"CRE"
"GLS",74.5346535199814,49.9753849649046,-24.5592685550767,"CRE"
"SMTN",50.6390342043587,36.5792070050093,-14.0598271993494,"CRE"
"AP2A2",40.4782221810183,38.4906160632941,-1.98760611772426,"CRE"
"RO60",54.067139503278,50.5556741940203,-3.51146530925778,"CRE"
"LSM3",17.0689348671566,69.1036323090947,52.0346974419381,"CRE"
"CSNK2A1",16.9890776011211,32.470395305572,15.4813177044508,"CRE"
"CDNF",42.2598925735728,52.8602741610138,10.600381587441,"CRE"
"HNRNPUL1",29.2155999944918,43.3478367430027,14.132236748511,"CRE"
"STAT5B",15.1111923022901,8.11335703395914,-6.99783526833091,"CRE"
"CA14",33.2567579848312,28.6649076845248,-4.5918503003064,"CRE"
"MICOS10",41.6242882019136,66.5419980856344,24.9177098837208,"CRE"
"UBE3A",18.0188766735086,19.4088591807996,1.38998250729105,"CRE"
"MME",21.1788409960568,29.7906597620193,8.61181876596257,"CRE"
"LANCL2",26.4816459505514,35.0336831626619,8.55203721211053,"CRE"
"ATPAF1",48.0292549191232,63.0355763111759,15.0063213920527,"CRE"
"MICU2",23.2407799720668,67.5935095931829,44.3527296211161,"CRE"
"ETFRF1",36.7330002542177,42.4356510210865,5.70265076686883,"CRE"
"ETHE1",28.0166963420644,46.4010056876576,18.3843093455932,"CRE"
"MLIP",67.4430046368287,66.8468247598803,-0.596179876948469,"CRE"
"CTTN",36.3908232763877,33.0604649347794,-3.33035834160835,"CRE"
"EDF1",40.8664367927077,26.2531523023225,-14.6132844903852,"CRE"
"MYL9",47.8537990434369,35.4853326478663,-12.3684663955706,"CRE"
"IPO9",55.9907672698719,38.9912005379534,-16.9995667319185,"CRE"
"COPZ1",15.1454128207917,48.1029503180308,32.9575374972391,"CRE"
"C9orf64",15.9528283290003,34.2681897324641,18.3153614034637,"CRE"
"RHOC",22.1563424938546,70.9982974188415,48.8419549249869,"CRE"
"FHIT",35.8239196618265,61.3943502214664,25.5704305596399,"CRE"
"EIF3D",11.297400538846,24.8754573063151,13.5780567674691,"CRE"
"GALK1",38.7323104301111,34.6275733882216,-4.10473704188949,"CRE"
"TSNAX",10.1372357351393,23.3738587369197,13.2366230017804,"CRE"
"PCOLCE",12.9889180231706,52.6619436315896,39.673025608419,"CRE"
"BCO2",34.3270956967755,74.2871314828388,39.9600357860633,"CRE"
"ILF3",24.6652092193944,54.5655335085522,29.9003242891578,"CRE"
"G3BP2",31.5982042694364,36.0773585402436,4.4791542708072,"CRE"
"STAT3",29.7877676486599,21.0051477674721,-8.78261988118774,"CRE"
"ACSS2",24.8536076988748,30.3846768387832,5.53106913990842,"CRE"
"FITM1",33.7700827972887,49.2802081544081,15.5101253571194,"CRE"
"SRP54",24.6424161523169,29.1566856450517,4.51426949273481,"CRE"
"LHPP",72.8275810822459,48.6458325376818,-24.1817485445641,"CRE"
"ARRB1",61.5141558153401,64.2755033065974,2.7613474912573,"CRE"
"ARL8A",24.9573282897033,55.219489605921,30.2621613162177,"CRE"
"COX20",50.4856007718209,55.7982325883288,5.31263181650794,"CRE"
"CHCHD7",66.0221092007249,58.204226586553,-7.81788261417193,"CRE"
"LAMTOR5",35.0999433992354,24.1671728949727,-10.9327705042627,"CRE"
"TOM1L2",41.4119851236481,43.0268650861982,1.61487996255006,"CRE"
"LAMB3",37.9531610411105,25.0137898019205,-12.93937123919,"CRE"
"LAMTOR1",12.7277516015505,16.8817453626073,4.15399376105677,"CRE"
"UROD",33.4121975862416,44.4351605232804,11.0229629370388,"CRE"
"MAP2K4",14.0793113978811,34.3088362787898,20.2295248809088,"CRE"
"HNRNPA0",31.7174264387658,41.0972776923519,9.37985125358607,"CRE"
"UQCC2",48.6885246049464,48.061042375703,-0.62748222924337,"CRE"
"TECR",27.8269610031179,28.5557352488027,0.728774245684896,"CRE"
"EWSR1",21.9429243969312,34.8258521299335,12.8829277330023,"CRE"
"RCSD1",25.6199304874675,31.9088833186899,6.28895283122241,"CRE"
"QKI",28.7912027588662,36.3221209348436,7.53091817597736,"CRE"
"GNA13",17.1052516128552,34.3689433554577,17.2636917426025,"CRE"
"STIM1",26.914423238705,32.2190818724717,5.30465863376667,"CRE"
"CLINT1",15.5016372992843,41.3777303781524,25.8760930788681,"CRE"
"PDP1",54.7265453806909,43.4823986908295,-11.2441466898613,"CRE"
"TARDBP",17.437345697859,27.9251334582991,10.4877877604401,"CRE"
"AP2S1",51.8618350155071,43.1456103557675,-8.71622465973965,"CRE"
"RAB18",28.1138844955375,19.6085157078714,-8.50536878766603,"CRE"
"HARS1",25.3839584566572,23.9403439366204,-1.4436145200368,"CRE"
"PGPEP1",37.2886738639256,41.6405850172422,4.35191115331656,"CRE"
"MBNL1",33.4658440587241,23.5431200607427,-9.92272399798134,"CRE"
"PALMD",34.6328055639494,31.0312977565316,-3.60150780741778,"CRE"
"VPS36",19.4706878768309,27.2351170808385,7.76442920400758,"CRE"
"PCCB",51.7678786092271,49.1102026857258,-2.6576759235013,"CRE"
"SSR4",14.3281886213034,44.6460493609374,30.317860739634,"CRE"
"COX11",29.8306885259281,68.7236035583076,38.8929150323794,"CRE"
"TIMM9",42.1002749012579,57.5317624922306,15.4314875909727,"CRE"
"SFXN1",20.5904689950388,17.1710488098542,-3.41942018518455,"CRE"
"TKFC",16.4593068327603,26.5082998330005,10.0489930002402,"CRE"
"UBE2G1",9.77449852069425,9.70394201233722,-0.0705565083570256,"CRE"
"OSBP",29.6822953083149,19.7734529056184,-9.90884240269651,"CRE"
"HLA-DRB5",39.2189224779282,46.9733964321721,7.75447395424392,"CRE"
"AGK",20.5250041758937,55.9245375035819,35.3995333276882,"CRE"
"PCYT1A",32.0852804242019,26.7085184388363,-5.37676198536564,"CRE"
"MRPS23",33.6114615194936,44.1402958584751,10.5288343389815,"CRE"
"PLP2",64.5183608796978,42.8769120716617,-21.6414488080361,"CRE"
"SIRT2",32.5462377362016,48.1844102592105,15.6381725230089,"CRE"
"ESYT2",20.5600138119267,26.7749423763898,6.21492856446316,"CRE"
"COPA",18.7546890425575,34.9350845126416,16.1803954700841,"CRE"
"MLYCD",25.2567365002684,67.1676699648783,41.9109334646099,"CRE"
"UAP1",23.7058716966774,37.9952228977039,14.2893512010265,"CRE"
"LRPAP1",48.2584202855011,36.4821062834894,-11.7763140020118,"CRE"
"FKBP4",22.5535028577626,35.8847303817218,13.3312275239591,"CRE"
"SYNPO",15.2863771283412,58.8731732501703,43.5867961218291,"CRE"
"EPM2A",52.9177581489126,17.9262087677571,-34.9915493811554,"CRE"
"DCAF6",26.258652380914,23.3264824243823,-2.93216995653177,"CRE"
"DYNC1LI1",12.1995337253224,27.0053553679895,14.805821642667,"CRE"
"PIP4K2A",61.6232399070195,53.6626402588287,-7.96059964819077,"CRE"
"UBE3C",14.847793331155,24.9999680277286,10.1521746965736,"CRE"
"LNPEP",36.2925217653756,29.6784766179423,-6.61404514743326,"CRE"
"SCAMP3",34.1582405586676,31.2292972775179,-2.92894328114976,"CRE"
"TMED5",27.4572397518223,33.2536931010174,5.79645334919519,"CRE"
"CTNNA1",28.4928263923515,12.1755852190287,-16.3172411733228,"CRE"
"STEAP4",26.151730187454,57.4223404927344,31.2706103052804,"CRE"
"NUDT2",59.5427383990294,36.4741471002331,-23.0685912987963,"CRE"
"VPS37C",56.5582503655777,5.52740647469335,-51.0308438908843,"CRE"
"BCS1L",101.432983587935,68.7695840185348,-32.6633995694,"CRE"
"LSM2",21.4619670287172,25.6737938524451,4.21182682372784,"CRE"
"FYCO1",18.7424726383164,38.0969566928097,19.3544840544932,"CRE"
"TNPO1",36.4333816231196,37.1232407400769,0.689859116957351,"CRE"
"EIF4B",19.0015643723853,62.5164029359872,43.5148385636019,"CRE"
"MAPKAPK2",19.2487009669822,10.0173329226925,-9.23136804428968,"CRE"
"RIC8A",25.0741319343627,34.0363724565968,8.9622405222341,"CRE"
"MYPN",30.2976579836047,54.8296260046987,24.531968021094,"CRE"
"RPL36AL",49.7570095297907,66.2031907468369,16.4461812170462,"CRE"
"PYCARD",52.4247900378302,34.4070679180096,-18.0177221198206,"CRE"
"SDCBP",31.0255875778201,37.1257941352446,6.10020655742453,"CRE"
"MFN2",38.6292305669328,22.5055968575357,-16.1236337093971,"CRE"
"DUSP23",22.5900481040046,32.9216597226264,10.3316116186217,"CRE"
"EIF4G2",18.9954129408778,26.5598897807736,7.56447683989589,"CRE"
"BASP1",26.7907072710662,77.3988320650256,50.6081247939594,"CRE"
"NGLY1",3.65758778919744,20.0800962935325,16.4225085043351,"CRE"
"MRPL24",31.1905997855856,69.8217065702404,38.6311067846548,"CRE"
"NUDC",25.4645723426631,23.9548488621591,-1.50972348050401,"CRE"
"MRPL45",7.47871231662176,26.4266638995923,18.9479515829706,"CRE"
"CYTH1",31.70344350041,10.5370331521786,-21.1664103482314,"CRE"
"PRKRA",23.4376872243909,54.9354933527084,31.4978061283175,"CRE"
"LCMT1",24.3147666994559,47.3768852899512,23.0621185904953,"CRE"
"MRC2",45.8670030774923,41.2452615969427,-4.62174148054965,"CRE"
"PPP2R3A",29.7488835525175,36.9984460111261,7.24956245860865,"CRE"
"JAGN1",24.1290163465368,39.9991790593763,15.8701627128395,"CRE"
"HSCB",45.6158243004747,58.5202199555765,12.9043956551018,"CRE"
"NUDT5",37.9479742289924,41.021107972772,3.07313374377956,"CRE"
"HYOU1",17.6184279591446,56.505814413787,38.8873864546424,"CRE"
"MTX1",31.9545153170211,29.3816662164025,-2.57284910061853,"CRE"
"U2AF2",34.0149480721146,19.4902481915593,-14.5246998805552,"CRE"
"ACOT1",36.9401481043105,53.0277067410024,16.0875586366919,"CRE"
"SEC13",28.4520021232797,26.9486121894299,-1.50338993384977,"CRE"
"CLASP2",19.7271273812934,24.1648294746234,4.43770209333003,"CRE"
"ATP2B4",38.760982055626,53.68500901272,14.924026957094,"CRE"
"HLA-B",26.6363209711282,33.574574590057,6.93825361892884,"CRE"
"SNX1",38.0340561599027,62.9217452855714,24.8876891256687,"CRE"
"PCYT2",25.2361047258313,26.773499491639,1.5373947658077,"CRE"
"LSS",23.1678135340436,22.2634953534696,-0.904318180573974,"CRE"
"ABLIM2",5.86957990719698,65.6649883864709,59.7954084792739,"CRE"
"GAA",28.8973771913888,25.2883644807635,-3.60901271062539,"CRE"
"PFDN4",41.6913181071159,18.7716540329512,-22.9196640741647,"CRE"
"FUBP1",28.104917134381,9.50575512574241,-18.5991620086386,"CRE"
"NES",9.56981499939902,15.4057395530249,5.83592455362592,"CRE"
"SAE1",28.9128000766197,16.8033233906549,-12.1094766859648,"CRE"
"ACSL4",33.213421709716,28.4682717439478,-4.74514996576819,"CRE"
"TMED7",8.19472027251229,39.8976642208516,31.7029439483393,"CRE"
"RRAGC",13.5250316709352,39.9269033985416,26.4018717276064,"CRE"
"CBX3",14.0593634727995,43.9403459176038,29.8809824448043,"CRE"
"TRAPPC3",16.4425330566941,15.8019270787601,-0.640605977934033,"CRE"
"RANGAP1",54.8603362548432,51.5220251496118,-3.3383111052314,"CRE"
"HTRA2",42.721216653162,50.6233380801163,7.90212142695431,"CRE"
"ARPC1A",45.0882293161149,23.2874731302386,-21.8007561858763,"CRE"
"SCO1",63.0394389539699,24.8792954380687,-38.1601435159012,"CRE"
"APIP",16.8143131084088,28.8090959741605,11.9947828657517,"CRE"
"NPTN",85.9493345512295,11.6721303556022,-74.2772041956273,"CRE"
"RUVBL1",54.1679299641789,35.3121082610813,-18.8558217030977,"CRE"
"RPS23",9.94563042585811,52.0061768507884,42.0605464249303,"CRE"
"OSTF1",33.4195658449543,59.3561770327907,25.9366111878364,"CRE"
"NOMO2",45.5054121585844,28.2886060981956,-17.2168060603887,"CRE"
"GRSF1",28.7488763706404,62.5135709427676,33.7646945721272,"CRE"
"CPTP",31.5459086940529,27.4681558754621,-4.07775281859076,"CRE"
"KDSR",67.971738652375,46.575454367369,-21.3962842850059,"CRE"
"SLC37A4",25.9169686653945,57.7008703194192,31.7839016540247,"CRE"
"HSPA1L",37.4391890528261,33.8533678017586,-3.58582125106747,"CRE"
"THOP1",25.1412628172374,30.8046979740341,5.66343515679676,"CRE"
"MXRA7",31.9838721697925,27.6070372397955,-4.37683492999697,"CRE"
"CLPP",23.5227981042999,24.5152611941248,0.992463089824909,"CRE"
"SNRPD2",34.3113431272101,37.405429368865,3.09408624165491,"CRE"
"UFL1",33.6551644281506,32.9555077089252,-0.699656719225395,"CRE"
"TOMM5",53.7347691825989,14.7709162067847,-38.9638529758142,"CRE"
"PEBP4",41.2542706683162,33.0949868793598,-8.15928378895639,"CRE"
"MOB2",30.2160877167569,34.6642658624549,4.44817814569806,"CRE"
"MAVS",24.1884233244589,24.528060326831,0.339637002372111,"CRE"
"PXN",18.2902936192188,44.7326908988074,26.4423972795886,"CRE"
"TIMM10",11.5506517060694,62.101445214233,50.5507935081636,"CRE"
"PCNA",21.9887460856971,50.5679042246948,28.5791581389976,"CRE"
"FGGY",50.8943522107316,34.877965965879,-16.0163862448526,"CRE"
"FKBP5",12.1350360997251,78.9662683784404,66.8312322787154,"CRE"
"TRIM25",20.6393972645962,39.2792085626686,18.6398112980723,"CRE"
"ROMO1",56.343874143238,40.4263048685091,-15.9175692747289,"CRE"
"CARS1",40.652817552735,39.2871095485876,-1.3657080041475,"CRE"
"RAP1A",50.4991447146058,65.1145020986509,14.6153573840451,"CRE"
"TPPP",52.4749947327136,43.4963324571869,-8.97866227552662,"CRE"
"LSM8",28.2365955435122,26.7653259818583,-1.47126956165393,"CRE"
"DHRS4",32.4867430541795,42.5655888704645,10.0788458162849,"CRE"
"TSTD1",21.5080629491214,70.5162194473379,49.0081564982165,"CRE"
"COPG1",23.7861664538825,46.4077641506396,22.6215976967571,"CRE"
"PAK1",2.69311252790118,35.4853625062365,32.7922499783353,"CRE"
"TMOD3",63.0502577550359,44.466432564206,-18.58382519083,"CRE"
"RABGGTA",17.1627108156352,21.0169433731864,3.85423255755125,"CRE"
"DUSP28",38.0799874220862,43.4800364586146,5.40004903652844,"CRE"
"MARCKS",28.4674410232461,64.319620670635,35.8521796473889,"CRE"
"NMT1",46.8463884237111,31.5917538397505,-15.2546345839607,"CRE"
"PPID",28.2997934913272,30.7800338147354,2.48024032340819,"CRE"
"CNPY2",34.0843086004557,45.0141544556675,10.9298458552119,"CRE"
"FCGRT",53.008679223289,72.9372248197132,19.9285455964242,"CRE"
"HDGFL2",40.3864900165367,24.5054146930223,-15.8810753235144,"CRE"
"NUBPL",30.4812676639354,37.6322256102906,7.15095794635522,"CRE"
"LGMN",23.6217119977427,44.6365342029153,21.0148222051726,"CRE"
"RPA2",16.0593569711764,27.8542587150103,11.7949017438339,"CRE"
"IGFBP5",46.7244476062993,26.274733209974,-20.4497143963253,"CRE"
"SLC25A46",46.2524902940522,35.6940358016262,-10.558454492426,"CRE"
"SNRNP70",58.6919039906901,51.133635699621,-7.55826829106909,"CRE"
"PDPR",38.7894196484093,31.7869285382829,-7.00249111012645,"CRE"
"UBE2O",55.7873819981579,66.6044538304624,10.8170718323045,"CRE"
"PELO",13.0537620639323,35.8695274674874,22.8157654035551,"CRE"
"S100A16",16.7870164608888,55.9261924408693,39.1391759799805,"CRE"
"LUC7L2",22.4840282135625,30.5702831275721,8.08625491400962,"CRE"
"LYRM7",58.0395574998721,51.2286926269216,-6.81086487295048,"CRE"
"HDDC2",47.0074154426669,86.9960675990066,39.9886521563397,"CRE"
"WBP2",32.0945691874058,58.0061486515232,25.9115794641175,"CRE"
"MAGT1",60.2564039627791,48.2651808291019,-11.9912231336772,"CRE"
"MCCC2",34.7534020614471,49.8232383339462,15.069836272499,"CRE"
"LSM4",53.0442736026715,46.2654073655049,-6.77886623716659,"CRE"
"CBFB",29.140821355886,34.8517404900961,5.71091913421013,"CRE"
"TRMT10C",44.0183372649597,37.555697773315,-6.46263949164468,"CRE"
"EPS15L1",15.5534184604549,22.1817274574039,6.62830899694907,"CRE"
"SNF8",11.9869587599534,32.5123114855495,20.5253527255961,"CRE"
"ABHD5",38.4503508441861,96.1794783782107,57.7291275340245,"CRE"
"MTARC2",35.807754906421,20.7477197612382,-15.0600351451829,"CRE"
"COL18A1",29.7797974765029,27.5172167869684,-2.26258068953448,"CRE"
"RBM3",29.0018789572384,84.3831573468289,55.3812783895905,"CRE"
"JPT1",1.77948148726359,83.6246844685558,81.8452029812922,"CRE"
"CD34",54.9646529160692,27.0870314045065,-27.8776215115627,"CRE"
"ISYNA1",19.1112352565568,34.3227760537237,15.2115407971669,"CRE"
"EIF4EBP1",32.539835899103,39.6866580388331,7.14682213973007,"CRE"
"ACACB",21.4873296911801,71.6296059110228,50.1422762198427,"CRE"
"IRGQ",33.5531191285172,39.7626596544301,6.20954052591286,"CRE"
"RPL18A",26.7738933403801,36.7160159402809,9.94212259990075,"CRE"
"SND1",32.7005320386083,32.7902201570956,0.0896881184872953,"CRE"
"DNAJB4",40.4677451518225,21.0365286101065,-19.431216541716,"CRE"
"HLA-DRB1",62.1028504887863,49.2038215542476,-12.8990289345387,"CRE"
"TRIM28",32.7766036635639,18.7104575977366,-14.0661460658273,"CRE"
"HLA-C",31.2335106014854,26.6596169359223,-4.57389366556308,"CRE"
"TUBB2B",43.572354012678,59.8000027992776,16.2276487865996,"CRE"
"APPL1",22.3970196211795,29.0243158876285,6.627296266449,"CRE"
"SYNE2",29.4734951929381,7.85872640768057,-21.6147687852575,"CRE"
"RPL10",30.9769521635267,22.5384504057103,-8.43850175781643,"CRE"
"SMYD5",25.1215431628261,19.7838340925013,-5.33770907032488,"CRE"
"ABHD11",65.6697886727506,63.6858031530844,-1.98398551966626,"CRE"
"OSTC",14.8838462784816,46.1354636713597,31.2516173928781,"CRE"
"MAPRE3",31.8305921586062,25.9148495472055,-5.91574261140074,"CRE"
"TBCEL",39.6592630821513,27.4266246448803,-12.2326384372711,"CRE"
"SLC27A1",23.5810501740146,28.9220613017869,5.34101112777227,"CRE"
"SPG7",45.3980986761496,25.7438381628087,-19.654260513341,"CRE"
"LMOD3",7.21371556684575,53.2914321661942,46.0777165993484,"CRE"
"UGGT1",20.7414755145821,22.736447838609,1.99497232402684,"CRE"
"EIF3I",23.5002287915122,23.3861346937759,-0.114094097736292,"CRE"
"UBE2B",22.2002083852178,51.3765843120176,29.1763759267998,"CRE"
"SH3GLB2",4.5431878055434,3.91083358080561,-0.632354224737782,"CRE"
"ABCF3",43.7654126067754,62.6048430298961,18.8394304231207,"CRE"
"HUWE1",26.2121709070677,19.3034124350106,-6.90875847205702,"CRE"
"MYO18A",19.5291091093126,25.8126948233732,6.2835857140606,"CRE"
"TSFM",36.8661654497381,51.2657827144402,14.3996172647021,"CRE"
"RPA1",21.139816683965,43.0205990870849,21.8807824031199,"CRE"
"PALLD",37.6623782485373,58.0415640473872,20.3791857988499,"CRE"
"PPP1R14C",24.735644874829,23.3069992974584,-1.42864557737062,"CRE"
"CISD2",2.43567989253115,59.7883668158504,57.3526869233192,"CRE"
"PGM3",26.9010493040874,31.8351811435128,4.93413183942539,"CRE"
"CD58",52.7704270656586,29.5412770381444,-23.2291500275141,"CRE"
"EML2",30.1300432430604,39.067941936663,8.9378986936026,"CRE"
"ABCE1",17.7363239998605,18.996776923755,1.26045292389449,"CRE"
"MAP2K2",38.9077790986034,31.4485726905322,-7.4592064080712,"CRE"
"AKT2",15.994382643104,24.1908669521797,8.19648430907571,"CRE"
"AHCYL2",32.8566372770951,22.5700766233463,-10.2865606537487,"CRE"
"HSDL1",13.3632906305174,26.2714950882356,12.9082044577182,"CRE"
"ATXN10",16.9304165408348,37.8037577411294,20.8733412002947,"CRE"
"CLCC1",13.245420074598,26.5102554732016,13.2648353986036,"CRE"
"STAT1",36.9575148779056,38.8226536374126,1.86513875950697,"CRE"
"PDLIM2",18.604292704934,21.4094705051523,2.80517780021829,"CRE"
"ANP32E",88.7358001274659,64.4746347944258,-24.2611653330401,"CRE"
"ATP6V1H",49.119822319794,33.5859930892545,-15.5338292305395,"CRE"
"KTN1",24.0960345826845,20.6621402403631,-3.43389434232133,"CRE"
"BCAP29",29.1537660663154,16.3695991006813,-12.7841669656342,"CRE"
"ARPC5L",30.9265104138432,21.1542036975658,-9.77230671627742,"CRE"
"ATAD1",35.1964772380141,40.8339195525785,5.63744231456446,"CRE"
"SLC3A2",48.8703609482313,89.1525369398391,40.2821759916077,"CRE"
"GAPVD1",63.8074208712084,33.5733745696166,-30.2340463015918,"CRE"
"NEXN",17.8172411979168,24.3387091466352,6.52146794871841,"CRE"
"PNPT1",33.3151822110257,38.5828555589981,5.26767334797239,"CRE"
"MTDH",7.09761011772665,31.2581723534966,24.1605622357699,"CRE"
"ILF2",31.3446223216412,42.9754964204152,11.630874098774,"CRE"
"AKT1",23.3521572305317,32.8004198157305,9.44826258519883,"CRE"
"ATG3",47.2112906848832,34.3121035967243,-12.8991870881589,"CRE"
"NTPCR",42.3742890071884,49.7268305612758,7.35254155408737,"CRE"
"AP1G1",34.6542431798125,29.5432690481907,-5.11097413162183,"CRE"
"SEC31A",19.7019731948726,37.6430302186991,17.9410570238265,"CRE"
"CHDH",47.5023465993603,27.5567221494183,-19.945624449942,"CRE"
"MMAB",40.0224603823752,49.591111669728,9.56865128735282,"CRE"
"NAA10",16.0906692570361,7.07196804539265,-9.01870121164349,"CRE"
"USP24",11.5068556823441,24.9514379132037,13.4445822308596,"CRE"
"YAP1",28.7633355363281,67.7286807178355,38.9653451815074,"CRE"
"PEF1",21.5361679553937,3.35406775162955,-18.1821002037642,"CRE"
"GNAI3",23.3640894960075,37.8045922783277,14.4405027823202,"CRE"
"PPP2R5D",22.8149718947073,28.6328991837194,5.81792728901211,"CRE"
"MRPL40",51.8091035263212,79.2622887964915,27.4531852701703,"CRE"
"ARMC1",21.1904349244104,20.3252555443164,-0.865179380094045,"CRE"
"IFITM1",36.0973010138334,47.8999920078771,11.8026909940436,"CRE"
"SLC25A24",36.6207195098806,23.9954815569982,-12.6252379528825,"CRE"
"LYN",56.8137952615588,73.7638271022709,16.9500318407122,"CRE"
"MRPS22",12.9485270024846,38.5062141197822,25.5576871172976,"CRE"
"ARL1",22.6439885282138,66.8006475603586,44.1566590321449,"CRE"
"SYNC",20.5933224630196,39.776226618576,19.1829041555564,"CRE"
"RPA3",39.6766042954397,49.0618522533136,9.38524795787386,"CRE"
"PHYKPL",16.9028153544733,36.0594976606221,19.1566823061489,"CRE"
"TARS1",38.8270398642089,27.0102452272279,-11.816794636981,"CRE"
"TPRKB",12.1536137607513,36.4272112655238,24.2735975047725,"CRE"
"TUBA1C",73.7545761816309,49.6636045797106,-24.0909716019202,"CRE"
"ZBTB9",15.004735392674,41.0935630288019,26.0888276361279,"CRE"
"TACC2",8.92582289639424,26.7901555284269,17.8643326320326,"CRE"
"SPEG",30.6345805329629,21.8856093531992,-8.74897117976372,"CRE"
"MYBPH",86.0435576362388,32.6504999746008,-53.393057661638,"CRE"
"UBA2",36.1051172460977,23.5993336752718,-12.5057835708259,"CRE"
"CLPB",18.3481707300628,25.5019429818403,7.15377225177756,"CRE"
"NUDCD3",32.4685626304969,23.372109636174,-9.09645299432293,"CRE"
"SORD",24.5344643399327,49.3842951458441,24.8498308059114,"CRE"
"OVCA2",16.4673035213379,33.8328406008237,17.3655370794859,"CRE"
"CSNK2B",15.9463673977172,31.4479831542717,15.5016157565545,"CRE"
"NDUFAF3",41.3610943239867,31.1959277259312,-10.1651665980555,"CRE"
"MIPEP",39.145605911485,29.727521030176,-9.41808488130896,"CRE"
"MINDY3",11.6647589777029,54.0154644838106,42.3507055061077,"CRE"
"SLC9A3R1",36.1711867905613,51.0361954831957,14.8650086926344,"CRE"
"ELAVL1",30.1457831824754,28.5574732469346,-1.58830993554078,"CRE"
"LARS1",17.7454047669145,15.123299848327,-2.62210491858744,"CRE"
"GSK3B",32.1710377346932,36.8853802139527,4.71434247925951,"CRE"
"GNPDA2",33.5252713766269,26.391390559561,-7.1338808170659,"CRE"
"TBC1D4",10.8723235165884,14.1217418383945,3.24941832180605,"CRE"
"SLC35A4",12.1266145095333,36.1456849481138,24.0190704385804,"CRE"
"CHCHD4",37.506217361123,45.7639559814526,8.25773862032959,"CRE"
"MOCS2",44.8921491941144,17.3707091170922,-27.5214400770221,"CRE"
"GMFB",62.6834240374182,44.755207016993,-17.9282170204251,"CRE"
"TOMM7",55.325156554922,47.1440200672678,-8.18113648765421,"CRE"
"SNRPB",27.3145927141204,25.6269572350774,-1.687635479043,"CRE"
"CHP1",29.6484912199641,38.6090692723408,8.96057805237669,"CRE"
"MRPL41",8.10988132439392,59.8004884482142,51.6906071238202,"CRE"
"LIMS3",21.8864705423919,25.8549028690018,3.96843232660985,"CRE"
"USP7",19.7951358907535,19.1922500622504,-0.602885828503094,"CRE"
"CRLF3",9.69486786975429,27.093678598639,17.3988107288847,"CRE"
"EIF2B3",6.33274180110663,24.6140606402872,18.2813188391805,"CRE"
"ABHD16A",32.0204161827619,15.9404468727879,-16.0799693099741,"CRE"
"DCTPP1",56.7021372320292,48.21291239735,-8.48922483467916,"CRE"
"ACSS3",43.4822222693488,36.6295231673817,-6.85269910196713,"CRE"
"HYI",29.7355325370303,47.1716960710174,17.4361635339871,"CRE"
"RBBP7",35.9927232250822,22.7840333044311,-13.2086899206511,"CRE"
"GUK1",46.7296224803712,55.2664148496776,8.53679236930635,"CRE"
"MRPS27",48.6511946994122,48.4342906767171,-0.216904022695111,"CRE"
"MEMO1",32.9171472466606,34.3168389912332,1.39969174457267,"CRE"
"EML4",38.2505900388272,67.8682853162321,29.6176952774049,"CRE"
"EIF3H",13.6189143421017,40.393716631071,26.7748022889694,"CRE"
"DNAJA3",67.0967499766539,71.9508625191552,4.8541125425013,"CRE"
"LAMTOR2",29.7319661514587,27.1715535419942,-2.56041260946452,"CRE"
"DYNLT1",21.5186230310278,40.250717407539,18.7320943765113,"CRE"
"DERA",49.1924383699135,61.1395005945417,11.9470622246282,"CRE"
"GBP2",1.26166147725228,28.1047955834657,26.8431341062134,"CRE"
"NDUFAF2",65.1441106319269,65.2008470924215,0.0567364604946761,"CRE"
"SPAG7",8.46360648221052,12.8767369180999,4.41313043588933,"CRE"
"BCAM",30.4325461571226,32.0408673889655,1.60832123184289,"CRE"
"UCHL5",43.9924928079733,24.1095601510933,-19.88293265688,"CRE"
"SNU13",38.548265692587,42.6715667004969,4.12330100790984,"CRE"
"SULT1A3",49.4620474389099,53.0032250348922,3.54117759598234,"CRE"
"PPIC",49.9074265210317,43.2082127560567,-6.69921376497503,"CRE"
"DRG1",62.7102634178948,81.0525120878027,18.3422486699079,"CRE"
"CLUH",15.9410674411538,35.8207799174177,19.879712476264,"CRE"
"STK24",16.52600520302,20.2399845096986,3.71397930667858,"CRE"
"NUDT16",16.0348471408982,27.3147776193726,11.2799304784744,"CRE"
"PMPCB",13.900956940777,25.3506644386381,11.4497074978611,"CRE"
"SNX9",34.0704419876686,49.5319315014694,15.4614895138008,"CRE"
"PBDC1",39.1977819358106,38.82552268485,-0.372259250960518,"CRE"
"THTPA",26.3795669862152,15.7259943225704,-10.6535726636448,"CRE"
"HGS",21.7587508639034,40.1717176066225,18.4129667427191,"CRE"
"BPHL",50.6843591161457,72.0866306961344,21.4022715799887,"CRE"
"CYFIP1",23.7365381639956,49.1641608853227,25.4276227213271,"CRE"
"ERO1A",24.4942218495826,55.3491197501645,30.8548979005818,"CRE"
"UBE2F",33.4317807721434,79.0046640311833,45.5728832590399,"CRE"
"DARS2",44.0399739364543,8.95886813062131,-35.081105805833,"CRE"
"FXR1",16.4772856480468,50.4222119274076,33.9449262793609,"CRE"
"GSK3A",26.6861498853726,25.3897139724453,-1.29643591292728,"CRE"
"DNAJC8",8.77917560470011,26.8783505860092,18.0991749813091,"CRE"
"PTER",25.9984683665149,25.8029035095733,-0.195564856941594,"CRE"
"TIMM21",48.7345621946615,53.1001929119308,4.36563071726928,"CRE"
"CHMP5",40.8520220639612,24.6173672728618,-16.2346547910994,"CRE"
"RWDD1",25.5457703649519,39.9189910266247,14.3732206616728,"CRE"
"DNAJC19",19.0505094259526,29.8629806147618,10.8124711888092,"CRE"
"BUB3",26.5564350382357,20.4325382682717,-6.12389676996407,"CRE"
"TTLL12",17.0478672904578,33.1278241617367,16.0799568712789,"CRE"
"NT5C2",30.6288487964513,41.5191653845081,10.8903165880568,"CRE"
"PACSIN2",26.1661872827053,32.5145951457872,6.34840786308188,"CRE"
"GPHN",20.6737377912021,23.0806753687501,2.40693757754798,"CRE"
"ASPSCR1",91.5982806362993,91.0071020997186,-0.591178536580628,"CRE"
"SPATA20",37.6680414860113,38.8610615442086,1.1930200581973,"CRE"
"PLEK",34.0582435238775,37.2256122925647,3.16736876868716,"CRE"
"CCDC124",32.3915877448956,16.8031113146597,-15.5884764302359,"CRE"
"GHITM",41.913441934123,48.8008683019475,6.88742636782452,"CRE"
"AKAP1",21.6799641518916,27.9125774165342,6.23261326464262,"CRE"
"NUBP1",29.4364408723154,38.7262043350878,9.28976346277238,"CRE"
"TMEM65",6.83729165577158,38.996196359894,32.1589047041224,"CRE"
"GPT2",39.2000924232132,70.3434444047218,31.1433519815086,"CRE"
"NLRX1",46.9682600101434,52.5563788333776,5.58811882323419,"CRE"
"RGN",21.6304773004372,8.99327357288217,-12.637203727555,"CRE"
"CLIP2",26.4529041926945,35.7440119625166,9.29110776982207,"CRE"
"MRPS28",22.0662217353049,31.5648400187053,9.49861828340034,"CRE"
"PPP1CC",23.1610275295053,27.8746682303667,4.7136407008614,"CRE"
"NSUN2",29.8179049888069,17.3084077635753,-12.5094972252316,"CRE"
"TMPO",17.2463244150938,34.7395556043719,17.4932311892781,"CRE"
"FNTA",19.8577919993839,48.8798784262819,29.022086426898,"CRE"
"TANGO2",62.991030888247,21.6439972888299,-41.3470335994172,"CRE"
"SNX6",29.7492496181746,50.8455197752949,21.0962701571203,"CRE"
"STK38L",31.2282614569456,45.7688436037931,14.5405821468475,"CRE"
"AP1M1",26.6660382175497,16.9948024482849,-9.6712357692648,"CRE"
"ECHDC2",73.8199834483973,81.3802935426836,7.56031009428628,"CRE"
"ADH1C",29.0398146106963,56.0747807178552,27.0349661071589,"CRE"
"GPAT3",45.2825145325501,34.4730701433577,-10.8094443891924,"CRE"
"VASP",49.2862468956424,67.8319399922022,18.5456930965598,"CRE"
"RAB31",20.0516752647786,45.7023449916204,25.6506697268418,"CRE"
"YARS1",28.5358214006404,27.6689961634702,-0.866825237170271,"CRE"
"MRPS25",12.7376063174344,67.1969607190678,54.4593544016334,"CRE"
"EPS15",37.5887793561257,34.124314162387,-3.4644651937387,"CRE"
"GCN1",44.4880377900522,52.3903863080574,7.90234851800523,"CRE"
"UBE2R2",50.8063227152877,51.5718299961517,0.765507280863943,"CRE"
"UBA5",5.52615204434649,36.4293962818122,30.9032442374657,"CRE"
"TBCE",41.7073719517503,72.3364014912249,30.6290295394746,"CRE"
"SLC16A3",67.5401627697548,54.858108789812,-12.6820539799428,"CRE"
"TIAL1",25.7140793894495,21.9894521585596,-3.72462723088989,"CRE"
"PLEKHF1",15.8887041040099,29.4458715585932,13.5571674545833,"CRE"
"HCCS",43.0279220697089,41.7788780806486,-1.2490439890603,"CRE"
"DDX6",12.9782796846404,13.4017186651584,0.423438980518,"CRE"
"STT3B",23.237279522853,12.9775770925917,-10.2597024302613,"CRE"
"RNF181",28.9395094782484,54.2799004780378,25.3403909997894,"CRE"
"PPP1R3A",66.1238396141152,19.8727561437979,-46.2510834703172,"CRE"
"PMPCA",39.0644990830712,87.3694505849009,48.3049515018297,"CRE"
"PPCS",15.8309894127534,6.79472451901313,-9.03626489374031,"CRE"
"EIF2A",32.7054074547182,28.4616914349654,-4.24371601975279,"CRE"
"CCDC93",18.2531820776587,41.8787937195677,23.625611641909,"CRE"
"ANK3",32.7590060210735,20.8808862008214,-11.8781198202521,"CRE"
"MRPL49",65.6974703763523,70.0736174331262,4.37614705677392,"CRE"
"NADK2",34.4638556420994,33.5162446510896,-0.947610991009853,"CRE"
"BABAM2",28.1136970876829,46.0932413675833,17.9795442799004,"CRE"
"DDRGK1",32.0661837187686,36.29782470287,4.23164098410137,"CRE"
"VPS28",35.2099848525443,22.5958582641491,-12.6141265883952,"CRE"
"GET4",21.9606634967556,48.3530439574809,26.3923804607253,"CRE"
"FDXR",31.4884594404687,47.1449587876449,15.6564993471761,"CRE"
"ATP2B2",35.4620390875562,36.4009002557586,0.938861168202408,"CRE"
"SCFD1",16.714549585237,28.5438170987308,11.8292675134937,"CRE"
"GMPR2",44.9006879637391,41.8782417109503,-3.02244625278878,"CRE"
"OSBPL1A",69.4516848548336,47.5948429405464,-21.8568419142872,"CRE"
"PDCL3",31.4831073004412,20.9859804842846,-10.4971268161566,"CRE"
"SEPTIN10",15.7134713398756,48.7602853813446,33.046814041469,"CRE"
"API5",20.6830293490855,13.5469281161561,-7.13610123292943,"CRE"
"GMPPB",19.1339933679469,32.1876429754449,13.053649607498,"CRE"
"UBAP2L",13.3246839946277,37.5681954275643,24.2435114329366,"CRE"
"EIF2B1",6.41823481223886,23.7148946855696,17.2966598733308,"CRE"
"CSPG4",34.8807649143475,24.2738519967387,-10.6069129176089,"CRE"
"MRPL46",46.8029201502461,57.6389698387617,10.8360496885156,"CRE"
"SRSF7",20.2005632138717,27.0607794482112,6.8602162343395,"CRE"
"MOB4",20.3876974491385,31.9502079575486,11.56251050841,"CRE"
"COMTD1",86.73388022874,55.0016249519433,-31.7322552767967,"CRE"
"UBE2H",47.5673043904905,26.620896216423,-20.9464081740675,"CRE"
"GORASP2",18.6484173793435,30.9312279625465,12.2828105832031,"CRE"
"DAZAP1",29.4383666287742,52.8569247068909,23.4185580781167,"CRE"
"C8orf82",37.8649046875378,64.4084341194321,26.5435294318943,"CRE"
"NEK9",13.3452196822306,29.7734037111821,16.4281840289515,"CRE"
"CYGB",22.81521858295,28.1102172527605,5.29499866981052,"CRE"
"ERLIN1",24.4289662171221,30.7377490697587,6.30878285263663,"CRE"
"STAM",32.1229861430825,24.695900586026,-7.42708555705647,"CRE"
"HECTD1",22.7169547571108,44.2704583497922,21.5535035926815,"CRE"
"MTCH1",20.908790080967,31.5686032560999,10.6598131751329,"CRE"
"DHODH",50.9118895103398,65.4851431779241,14.5732536675842,"CRE"
"UBXN4",16.1006722383353,35.7953211002905,19.6946488619552,"CRE"
"ARL2",34.6701106851543,27.2938261738197,-7.37628451133461,"CRE"
"PDXP",32.0757333100305,31.9185229874329,-0.157210322597525,"CRE"
"MAN2C1",42.3857526635285,33.2575850354872,-9.12816762804128,"CRE"
"PPP2CB",20.1747777644903,33.5355343822668,13.3607566177764,"CRE"
"NTMT1",49.8925688516848,26.0975818303375,-23.7949870213474,"CRE"
"LEMD2",25.6153326411777,48.2944421423849,22.6791095012073,"CRE"
"PAIP1",31.2989697780791,37.3481882794407,6.04921850136158,"CRE"
"FAM98A",37.0314674324795,50.7025014699454,13.671034037466,"CRE"
"TFRC",40.096153617792,48.227038489338,8.13088487154592,"CRE"
"C20orf27",62.9297909091302,35.7725115796157,-27.1572793295146,"CRE"
"SARS2",51.5662478192904,37.2505376030756,-14.3157102162148,"CRE"
"TPD52L1",48.415225388046,53.4936741277947,5.07844873974871,"CRE"
"MRPL37",63.1605688964908,31.4888635217576,-31.6717053747333,"CRE"
"DUT",21.874582039078,67.2228248215025,45.3482427824244,"CRE"
"CHMP6",17.1145621562408,24.0040911823496,6.88952902610888,"CRE"
"SEC24C",25.609288813768,15.8739224815518,-9.7353663322162,"CRE"
"NUDT9",21.1009015199523,51.7258947665657,30.6249932466134,"CRE"
"FITM2",40.4611401239627,23.0432794431106,-17.4178606808521,"CRE"
"GPC1",40.2064533570538,31.7130301408949,-8.49342321615887,"CRE"
"PPT1",13.8958223108097,26.837612039704,12.9417897288942,"CRE"
"PLCL1",13.3468576114515,41.9497716506466,28.6029140391951,"CRE"
"RPL37A",23.8917020330243,33.4534843714825,9.56178233845825,"CRE"
"PM20D2",50.3309715485388,47.2934835172468,-3.03748803129202,"CRE"
"RTRAF",24.6808376994209,11.0309866642401,-13.6498510351809,"CRE"
"CRK",20.6897994117059,49.054201323967,28.3644019122611,"CRE"
"CASP3",13.7592820973414,49.4238452103093,35.6645631129678,"CRE"
"GATM",44.1752517463443,35.3331968107566,-8.84205493558768,"CRE"
"WARS2",19.2173488048865,13.9046241581003,-5.31272464678627,"CRE"
"EPN1",27.4084406001925,6.40491203422252,-21.00352856597,"CRE"
"KPNA1",32.060786119573,34.4046375053461,2.34385138577313,"CRE"
"HGH1",11.3447594709127,24.6325230094665,13.2877635385539,"CRE"
"DPP7",71.6296447260054,42.458717311929,-29.1709274140764,"CRE"
"CORO7",48.7838258554498,66.4967263369963,17.7129004815465,"CRE"
"CARS2",54.9492128318078,27.6019079077656,-27.3473049240423,"CRE"
"SMIM4",35.6126204252335,53.7594407411083,18.1468203158748,"CRE"
"SHOC2",28.1160972461344,31.9604579885668,3.84436074243237,"CRE"
"SLK",21.2354614783226,23.5670557545341,2.3315942762115,"CRE"
"MRPL1",47.5318001174821,20.3919427010561,-27.1398574164259,"CRE"
"KYAT3",36.8654615018893,24.9117387469274,-11.9537227549619,"CRE"
"PHYHD1",40.3897479387879,49.840333141754,9.4505852029661,"CRE"
"MRPL13",17.7734790414342,37.7123134452642,19.93883440383,"CRE"
"LRRC57",36.4758899524996,70.6265556995135,34.1506657470138,"CRE"
"CRYL1",25.8061131175957,50.0311110002155,24.2249978826198,"CRE"
"NUDT19",27.6836677546025,89.8150704906758,62.1314027360733,"CRE"
"MRPL55",58.7292222028124,36.468812312692,-22.2604098901204,"CRE"
"DAD1",27.537881397285,28.9737975176031,1.43591612031813,"CRE"
"CHMP2B",11.4145962335473,39.3966690581042,27.9820728245569,"CRE"
"FDX1",10.7576883728174,54.2180195556156,43.4603311827983,"CRE"
"RAB4A",19.9040641998358,21.8516595938331,1.94759539399735,"CRE"
"L3HYPDH",37.159442383066,19.0610222136889,-18.098420169377,"CRE"
"AP3B1",74.7493265069396,42.1045488135273,-32.6447776934123,"CRE"
"STAMBP",11.0997247912807,11.2802619814688,0.18053719018808,"CRE"
"COMMD6",54.3331189613491,36.3935136191201,-17.939605342229,"CRE"
"MRPS16",22.5103849932185,2.01860263769987,-20.4917823555186,"CRE"
"ABRAXAS2",21.1445025283954,32.3752756863703,11.2307731579749,"CRE"
"LPIN1",32.0430940367555,43.7496784856478,11.7065844488923,"CRE"
"TRA2B",51.2040331579682,67.529206011909,16.3251728539408,"CRE"
"DCTN4",25.4408735668425,25.9491904584935,0.508316891650949,"CRE"
"USP47",13.7292201735385,28.3698652064572,14.6406450329187,"CRE"
"NUDT4",36.9286160391215,36.1353852192401,-0.793230819881451,"CRE"
"ESAM",61.6361839826591,14.2965034871839,-47.3396804954752,"CRE"
"STRN3",16.068360242702,19.1512177218034,3.08285747910137,"CRE"
"STT3A",9.85621334075133,56.4247850509819,46.5685717102306,"CRE"
"LRRC40",10.4033274807185,22.0790859554135,11.675758474695,"CRE"
"PSMG3",87.6035291598656,37.8531523791387,-49.7503767807269,"CRE"
"EMD",43.1466126677891,12.7270793231964,-30.4195333445926,"CRE"
"IGBP1",19.1142387536751,29.8925743455918,10.7783355919168,"CRE"
"SPCS1",15.3997957872876,42.5289594392314,27.1291636519438,"CRE"
"UQCC1",39.0841993614651,48.1378630965162,9.05366373505108,"CRE"
"MOCS2",72.9340272997682,30.5473535769888,-42.3866737227795,"CRE"
"MRPL11",60.1844678394635,4.7064791523154,-55.4779886871481,"CRE"
"TTC38",33.1818123151438,44.4510896276388,11.269277312495,"CRE"
"PRKDC",24.2199214489264,29.6832386410099,5.46331719208349,"CRE"
"MOGS",34.7943526340288,35.471837004126,0.677484370097133,"CRE"
"UFSP2",34.5237649994881,38.8787455337575,4.35498053426934,"CRE"
"DNAJB2",20.9077759274198,24.083893712337,3.17611778491719,"CRE"
"CASTOR2",42.7096904290914,33.1445454241862,-9.56514500490525,"CRE"
"CORO1A",9.38773248308329,26.3660276286665,16.9782951455832,"CRE"
"POLDIP2",1.2042553081009,34.8078407853778,33.6035854772769,"CRE"
"ARAF",17.4533321292492,28.0848404362502,10.6315083070011,"CRE"
"MRPS9",57.2813355801822,63.1634879084821,5.88215232829993,"CRE"
"DCTN3",32.558452851624,21.1412159109354,-11.4172369406886,"CRE"
"UBR4",17.7104157047504,29.2543577982495,11.5439420934991,"CRE"
"PFKP",59.3258162356444,20.3230921177953,-39.0027241178491,"CRE"
"IARS1",26.7052833829128,28.3751926994037,1.66990931649093,"CRE"
"MYCBP",15.3786466688965,16.2529290950124,0.874282426115922,"CRE"
"PPP3CC",34.4113981939563,10.7160634865408,-23.6953347074155,"CRE"
"ARIH1",36.8513110577558,19.9272763352892,-16.9240347224666,"CRE"
"CAPRIN1",22.5539737163601,52.9103964321044,30.3564227157444,"CRE"
"CADM3",18.8058164981999,75.8343128639784,57.0284963657785,"CRE"
"RNF126",10.5393083457049,27.7069319486353,17.1676236029304,"CRE"
"UROS",24.434988602249,32.2758296136488,7.84084101139975,"CRE"
"CCAR2",46.0438035653593,43.4379199242906,-2.60588364106865,"CRE"
"PLCL2",21.6510602519144,17.5290519730077,-4.1220082789067,"CRE"
"PPCDC",22.5202220566286,31.1155597305196,8.59533767389106,"CRE"
"G3BP1",23.165273505026,26.4756124657151,3.31033896068906,"CRE"
"MRPS18B",46.9698382263319,68.0874080449591,21.1175698186272,"CRE"
"SUPV3L1",44.7214908249628,29.8006276520977,-14.9208631728652,"CRE"
"XPO7",38.2547140021282,23.996806310618,-14.2579076915103,"CRE"
"WDFY1",25.4088115460404,36.9350512097223,11.5262396636819,"CRE"
"DCPS",15.9168606243971,20.0871807176206,4.17032009322351,"CRE"
"SARNP",32.9958680497927,29.679706862256,-3.31616118753673,"CRE"
"JPT2",26.889271398744,26.4649974088691,-0.424273989874958,"CRE"
"NDUFAF5",17.5963860668756,23.8049637846768,6.20857771780116,"CRE"
"FKBP8",12.7586214721252,37.9516482143737,25.1930267422485,"CRE"
"ENPP1",31.8743730933543,14.3361932481849,-17.5381798451694,"CRE"
"NCK1",36.3516589404501,11.0622800812077,-25.2893788592424,"CRE"
"ARF5",29.4125652172035,29.8926852330565,0.480120015852965,"CRE"
"MRI1",73.0511167074432,34.5270081747312,-38.524108532712,"CRE"
"CTSL",2.5769064175275,29.601740542962,27.0248341254345,"CRE"
"EIPR1",34.4547384483031,31.9538258701469,-2.50091257815622,"CRE"
"HDGFL3",30.7238127693408,53.9072946614956,23.1834818921548,"CRE"
"MRPL48",51.1483316062316,51.7595282168413,0.611196610609724,"CRE"
"AAMP",36.6227139782875,13.0351211720987,-23.5875928061887,"CRE"
"POFUT1",37.6430238932876,55.8833513779922,18.2403274847046,"CRE"
"PIP4K2B",25.7738254853462,21.0192450289754,-4.75458045637084,"CRE"
"MRPL21",47.8062213313246,47.6470653321437,-0.159155999180868,"CRE"
"YOD1",15.1531876217068,72.3061319284149,57.1529443067081,"CRE"
"RWDD4",32.1831915398496,19.2066094055368,-12.9765821343129,"CRE"
"SCN1B",14.9614074170968,44.8229275735115,29.8615201564147,"CRE"
"UBFD1",41.0842217980534,40.2050994956858,-0.879122302367648,"CRE"
"TOMM22",30.3643632054485,32.7492376294607,2.38487442401222,"CRE"
"COPE",20.8037161944183,46.1448291082478,25.3411129138296,"CRE"
"AGFG1",10.5291625700172,63.9273297190746,53.3981671490574,"CRE"
"MAP1S",12.3264582118163,38.5079178149794,26.181459603163,"CRE"
"NUBP2",29.5562077807799,44.2890883431784,14.7328805623985,"CRE"
"LSM6",14.5871669556281,27.5006930009013,12.9135260452732,"CRE"
"SF1",40.9749268168059,20.3466145675635,-20.6283122492424,"CRE"
"EIF5B",24.339838678131,14.6170876675945,-9.72275101053646,"CRE"
"DNAJB6",21.3498586462151,22.1033194724071,0.753460826192029,"CRE"
"MRPL38",72.5954684965337,30.4096389140037,-42.18582958253,"CRE"
"SLC9A3R2",3.24949272519746,69.9255258795272,66.6760331543297,"CRE"
"RBM8A",6.59952753161032,25.6614558432773,19.061928311667,"CRE"
"ADAM10",44.4909796718729,27.9584563587831,-16.5325233130898,"CRE"
"EEF2K",20.5162255657873,41.9402565973245,21.4240310315372,"CRE"
"ACADL",29.273808683455,29.1994293858545,-0.0743792976005508,"CRE"
"SEC24B",13.7805786479184,45.5238196268714,31.743240978953,"CRE"
"ATP2B1",19.0270632830625,36.0510146085263,17.0239513254637,"CRE"
"SRSF11",25.4597867576982,36.0283002805146,10.5685135228164,"CRE"
"CA4",31.4320257836714,32.6463278576579,1.21430207398655,"CRE"
"TSC22D1",43.3788390672467,31.906132826697,-11.4727062405497,"CRE"
"ENPP4",29.5488633912837,62.6753171098332,33.1264537185495,"CRE"
"ATG7",38.7805806684174,32.4841172808627,-6.29646338755476,"CRE"
"SEPHS1",36.2783437043867,47.5382247722866,11.2598810679,"CRE"
"MARS1",44.4398427677868,52.3770907254986,7.93724795771183,"CRE"
"STARD10",0.444009337855882,27.2441264426574,26.8001171048016,"CRE"
"NEU3",45.4011049896626,27.1044742165226,-18.29663077314,"CRE"
"C15orf40",11.7274196001358,12.3422825823949,0.614862982259094,"CRE"
"NUP93",13.4231785850813,30.3638052258666,16.9406266407852,"CRE"
"NRP1",52.9031921119977,37.3378403700376,-15.5653517419601,"CRE"
"RPRD1B",31.3404245810704,39.3889179212854,8.04849334021503,"CRE"
"CHORDC1",30.4397735518752,22.4199241947196,-8.01984935715566,"CRE"
"FAM185A",41.1793431689935,12.2544551497965,-28.924888019197,"CRE"
"FAM120A",14.6687516531371,29.3104723502035,14.6417206970664,"CRE"
"MYLK3",31.1771005227026,35.0556768425145,3.87857631981188,"CRE"
"CD99L2",10.9392449254757,25.0364576475536,14.0972127220779,"CRE"
"PSPC1",12.5445638539871,34.3319204601341,21.7873566061469,"CRE"
"CLASP1",21.752757014257,40.7891848682211,19.0364278539641,"CRE"
"GFPT1",20.0270511099966,28.4695063965744,8.44245528657775,"CRE"
"MECP2",49.0787599146628,24.2637875538408,-24.8149723608221,"CRE"
"DNAAF5",31.1878217296701,0.563669862053367,-30.6241518676167,"CRE"
"USP13",18.4267256083999,18.8726530719148,0.445927463514881,"CRE"
"TCEA3",54.1544141105168,39.6407228428818,-14.513691267635,"CRE"
"RDH11",43.250722422928,46.1808773766673,2.93015495373936,"CRE"
"SVIL",44.8048120968912,58.656709642244,13.8518975453528,"CRE"
"ARFIP1",8.22874451995562,23.708750299665,15.4800057797094,"CRE"
"CTPS1",37.3194136445591,61.1300052589497,23.8105916143906,"CRE"
"NRDC",43.2841207658326,31.5456160908987,-11.7385046749339,"CRE"
"EMC2",43.5437973618225,33.2329394617401,-10.3108579000825,"CRE"
"VPS13A",40.0312824356933,11.3495915349439,-28.6816909007494,"CRE"
"APOL2",49.0776612743709,22.9345026690273,-26.1431586053437,"CRE"
"PPP6R2",3.2619600971295,56.0022332856344,52.7402731885049,"CRE"
"ROCK2",78.2029820752401,35.1965457837558,-43.0064362914844,"CRE"
"LCN2",83.0268881171328,48.8127390514889,-34.2141490656439,"CRE"
"BTF3",7.16720498951053,44.0943538748511,36.9271488853405,"CRE"
"DIP2C",56.0560359020174,37.3238507253492,-18.7321851766682,"CRE"
"HK2",24.1564882402854,51.4597802373746,27.3032919970892,"CRE"
"MARCHF5",22.5303721929203,4.29814898534642,-18.2322232075738,"CRE"
"TIMM8B",45.4206152124476,61.2650480388538,15.8444328264062,"CRE"
"ISCA1",9.19882010600864,23.0499764593909,13.8511563533823,"CRE"
"PMVK",23.9043741787422,26.3749384398741,2.47056426113191,"CRE"
"RELA",46.2158520186241,28.1641301974716,-18.0517218211525,"CRE"
"RAB24",54.2699727597595,43.9594930986597,-10.3104796610998,"CRE"
"SQSTM1",10.0882022736312,59.656311880425,49.5681096067938,"CRE"
"BCAR1",35.3844071792932,12.4871006437568,-22.8973065355365,"CRE"
"OSGEP",49.7450768149954,57.7201983670586,7.9751215520632,"CRE"
"C12orf57",27.8464642295471,37.2060245184023,9.35956028885526,"CRE"
"THNSL1",62.9041484531571,32.4315927705462,-30.4725556826109,"CRE"
"CLIC2",23.2999030281027,42.3427467370844,19.0428437089817,"CRE"
"TIGAR",51.7351205608033,73.0856106401659,21.3504900793626,"CRE"
"PEX19",18.7373849444564,32.9671536586922,14.2297687142358,"CRE"
"MOCS3",59.830057143389,44.4342707964272,-15.3957863469618,"CRE"
"MB",60.5394206532169,19.3704182290336,-41.1690024241833,"PLA"
"CKM",51.1300706811156,11.1111964368648,-40.0188742442508,"PLA"
"ALDOA",13.8199942308772,11.5804930387582,-2.23950119211902,"PLA"
"GAPDH",24.7108391101885,8.43433066967535,-16.2765084405131,"PLA"
"CKB",38.1930588595991,20.7656961910553,-17.4273626685439,"PLA"
"CA3",89.6887479846177,14.4820812187603,-75.2066667658574,"PLA"
"FHL1",31.5879691408013,12.2474934764123,-19.3404756643889,"PLA"
"ACTA1",63.8278032640915,142.507940360103,78.6801370960115,"PLA"
"ENO1",102.315443406309,12.8180468939285,-89.4973965123809,"PLA"
"ENO3",55.4733683517233,7.3005329406709,-48.1728354110524,"PLA"
"ACTB",137.124918468318,103.175174061054,-33.9497444072641,"PLA"
"PRDX2",167.539844885598,46.3272628030173,-121.212582082581,"PLA"
"PKM",28.526631944834,16.3034501977589,-12.2231817470752,"PLA"
"TPI1",29.204853571944,13.3899556138799,-15.8148979580641,"PLA"
"ENO2",53.9182102936383,17.7369579959481,-36.1812522976902,"PLA"
"PGAM1",71.8641071423684,20.7681079624535,-51.0959991799149,"PLA"
"CASQ1",22.3550035209235,15.6248206359401,-6.73018288498339,"PLA"
"PGK1",19.3208234458845,11.0416744162346,-8.27914902964993,"PLA"
"HSPB1",58.9564214461847,15.4093148984045,-43.5471065477802,"PLA"
"MYL1",96.2063941157612,114.48643635542,18.2800422396593,"PLA"
"PYGM",69.4582721179758,22.375174504349,-47.0830976136268,"PLA"
"CRYAB",81.6812391688018,21.1417327922977,-60.5395063765041,"PLA"
"LDHA",27.190912834869,25.4037929065911,-1.78711992827795,"PLA"
"MYL2",55.737944995895,58.6269622851067,2.88901728921174,"PLA"
"AK1",29.1547446015733,17.9912817723327,-11.1634628292407,"PLA"
"FABP4",144.57280647032,97.6711839180774,-46.9016225522425,"PLA"
"FABP3",73.1844769014362,21.1672164265795,-52.0172604748567,"PLA"
"ATP2A1",46.4170653751901,26.2153410927809,-20.2017242824092,"PLA"
"CA2",97.0323604968565,50.3446240816682,-46.6877364151883,"PLA"
"MDH1",31.9118244271302,12.740086738208,-19.1717376889223,"PLA"
"MYH7",128.756752571813,125.306931845978,-3.44982072583518,"PLA"
"PGAM2",46.0582730548809,10.2343787587042,-35.8238942961767,"PLA"
"PYGB",50.5568875489186,8.60352875630432,-41.9533587926143,"PLA"
"PRDX6",51.1836868636306,14.270632134255,-36.9130547293757,"PLA"
"IDH2",33.4626270393602,18.4542498279897,-15.0083772113705,"PLA"
"MYH2",130.694163453825,141.673604289051,10.979440835226,"PLA"
"ATP2A2",55.1200994800643,23.2986820858589,-31.8214173942054,"PLA"
"ATP5F1B",13.846406813756,15.979477142786,2.1330703290301,"PLA"
"MDH2",25.4001550179909,14.8070230438417,-10.5931319741492,"PLA"
"ATP5F1A",32.7218199770076,20.4477606097445,-12.2740593672631,"PLA"
"MYH1",126.842350670965,144.425860536566,17.5835098656002,"PLA"
"PFKM",71.4306845821196,23.1183075891753,-48.3123769929443,"PLA"
"S100A1",43.1779562797876,142.645685501152,99.4677292213643,"PLA"
"HSPB6",64.261741049105,26.1539231735449,-38.1078178755601,"PLA"
"EEF1A1",69.8297162397866,13.8233411020825,-56.0063751377042,"PLA"
"FBP2",44.9599741079083,45.6789773283388,0.719003220430494,"PLA"
"ARF4",60.3316115431415,26.3663206769722,-33.9652908661693,"PLA"
"SLC25A4",67.8417283933511,16.0611652155542,-51.7805631777969,"PLA"
"TNNC2",73.718413258712,136.78881823385,63.070404975138,"PLA"
"PGM1",43.1944845959479,12.852487044806,-30.3419975511419,"PLA"
"YWHAE",50.4532700137574,22.9868236653204,-27.466446348437,"PLA"
"GOT1",53.9219234944195,13.7288535334343,-40.1930699609852,"PLA"
"CKMT2",64.0418646742373,24.0161695794697,-40.0256950947676,"PLA"
"MYL6",118.446201738487,55.6300356568474,-62.81616608164,"PLA"
"ATP2A3",23.9122438628348,23.410806556214,-0.501437306620883,"PLA"
"RPS27A",79.369202418452,24.8922385294095,-54.4769638890425,"PLA"
"PDLIM3",60.4140229403208,34.4381560941696,-25.9758668461511,"PLA"
"PEBP1",34.2344934894239,13.2235029375451,-21.0109905518788,"PLA"
"TPM2",108.216824869933,153.226215817614,45.0093909476812,"PLA"
"SOD1",64.4114428647197,31.2306156343516,-33.1808272303681,"PLA"
"TUBB",80.8900716669209,18.6872803588708,-62.2027913080501,"PLA"
"PARK7",18.5893413336293,14.4927828198365,-4.09655851379278,"PLA"
"GOT2",58.909020640656,27.7205575134767,-31.1884631271794,"PLA"
"MYL3",117.164206058829,126.728128937318,9.56392287848888,"PLA"
"MT-CO2",25.0187030163192,29.6460156634889,4.62731264716973,"PLA"
"PRDX1",39.2837964601369,12.0811048102975,-27.2026916498394,"PLA"
"ALDOC",39.8191918848406,24.9573608608719,-14.8618310239687,"PLA"
"CYCS",43.0742702036354,27.2753274350444,-15.7989427685909,"PLA"
"TPM1",123.523909796035,172.691369494303,49.1674596982674,"PLA"
"GPD1",75.3460360237234,12.357389756855,-62.9886462668683,"PLA"
"CFL1",85.2093582178699,24.4621836532712,-60.7471745645987,"PLA"
"VIM",147.539769753361,77.445814494297,-70.093955259064,"PLA"
"CS",21.9603263841592,18.249755577676,-3.71057080648312,"PLA"
"DECR1",52.9590568627931,22.639132778834,-30.3199240839591,"PLA"
"HSPA8",35.2931068931131,13.4198003923851,-21.873306500728,"PLA"
"HADHA",33.3438977899173,27.3852353152038,-5.95866247471342,"PLA"
"ACO2",28.4810556204444,5.8049285964591,-22.6761270239852,"PLA"
"BLVRB",94.7338067357799,41.0492614992223,-53.6845452365576,"PLA"
"ACAT1",20.9759728800948,21.4762339259802,0.500261045885399,"PLA"
"CSRP3",36.696933824645,22.495702350945,-14.2012314737001,"PLA"
"LDB3",35.1910974952159,48.3373834191713,13.1462859239554,"PLA"
"AKR1A1",54.7429514527758,12.114662533556,-42.6282889192198,"PLA"
"GSTM2",49.4210962659897,31.0964099776028,-18.3246862883869,"PLA"
"MYBPC1",58.4367576779937,83.4671371897913,25.0303795117975,"PLA"
"TNNI2",107.785127999365,163.263846266715,55.4787182673495,"PLA"
"ANXA6",46.7766560537185,20.2206987927679,-26.5559572609506,"PLA"
"CFL2",33.3802294624803,16.2049572949981,-17.1752721674822,"PLA"
"VDAC1",44.4829373065485,13.9944355878786,-30.4885017186699,"PLA"
"TXN",57.5096470891134,30.9354048080776,-26.5742422810358,"PLA"
"FLNC",62.4857173630639,53.5005488909726,-8.98516847209131,"PLA"
"CALM1",112.960353614154,33.9903404705311,-78.9700131436229,"PLA"
"TNNT3",121.064725029481,172.245773214483,51.1810481850021,"PLA"
"LDHB",66.6971440869288,40.0287242721819,-26.668419814747,"PLA"
"S100A6",105.354384266046,64.5876854099893,-40.7666988560567,"PLA"
"BIN1",50.4429429909656,17.6482793593333,-32.7946636316323,"PLA"
"ACADVL",26.7925901950996,16.3448788424366,-10.447711352663,"PLA"
"AKR1B1",56.2688086528558,20.9305940952855,-35.3382145575703,"PLA"
"PRDX3",30.1913792052241,26.3409800354254,-3.85039916979872,"PLA"
"HADHB",37.8425622610748,29.4448106922501,-8.39775156882472,"PLA"
"CAT",86.8756262444027,50.6708401747927,-36.2047860696099,"PLA"
"UQCRC2",35.656321141578,23.2405932029394,-12.4157279386386,"PLA"
"TUBA1B",71.2263012031603,25.6092527373159,-45.6170484658445,"PLA"
"SLC25A6",69.4147776024072,12.7924897003519,-56.6222879020552,"PLA"
"SLC25A5",47.3805482562621,24.8341954819588,-22.5463527743034,"PLA"
"ANXA5",98.9805367658605,57.8004748855291,-41.1800618803314,"PLA"
"H2BC4",104.541295259349,137.815010850729,33.2737155913801,"PLA"
"TUBA4A",56.528913399167,13.9306414794718,-42.5982719196952,"PLA"
"DCN",144.118699613649,82.6163997834576,-61.5022998301915,"PLA"
"APOBEC2",54.5391317142156,29.2633981258462,-25.2757335883694,"PLA"
"HSP90AA1",43.7821022384193,14.3045303580423,-29.477571880377,"PLA"
"EEF1A2",40.5333660005433,17.5376814803458,-22.9956845201975,"PLA"
"ATP5MF",35.245709635111,15.6111352007384,-19.6345744343726,"PLA"
"TTN",110.240921599354,156.04985000587,45.8089284065158,"PLA"
"SRL",30.1927196362121,19.6737306097866,-10.5189890264254,"PLA"
"HSPA1A",21.6488745109508,13.5187583636398,-8.13011614731098,"PLA"
"COX5B",48.1259473360038,14.4515051057369,-33.6744422302669,"PLA"
"TNNC1",103.759924907067,117.191023306796,13.4310983997284,"PLA"
"SELENBP1",69.7297355173511,26.1230996068322,-43.6066359105189,"PLA"
"ECHS1",58.9348087133841,15.7731479885308,-43.1616607248533,"PLA"
"NDUFA4",50.4756578866442,33.8383131475006,-16.6373447391437,"PLA"
"ATP5MG",54.7507609322128,18.9597974528585,-35.7909634793543,"PLA"
"PFN1",94.1553909798048,22.7439890704114,-71.4114019093934,"PLA"
"ATP5F1C",34.9079996339893,15.0718300078046,-19.8361696261846,"PLA"
"ANKRD2",33.4330255109173,40.5723596602448,7.13933414932752,"PLA"
"UQCRC1",33.229872398253,14.1276406544915,-19.1022317437615,"PLA"
"HADH",35.8416707557491,22.6424204096079,-13.1992503461412,"PLA"
"PDLIM5",58.7223058376879,111.130404362158,52.4080985244699,"PLA"
"YWHAG",40.3854074699494,17.8979469996585,-22.4874604702909,"PLA"
"PLIN1",128.735648547647,127.89237468735,-0.843273860296733,"PLA"
"COX7A1",57.3403454918998,28.4201507560964,-28.9201947358033,"PLA"
"DBI",78.6303867587055,23.3850054981105,-55.2453812605951,"PLA"
"SOD2",42.5964350629577,33.8493487049353,-8.74708635802237,"PLA"
"TPM3",130.489558101571,163.692786259979,33.203228158408,"PLA"
"TUBB4B",60.7700421905157,13.619558309364,-47.1504838811517,"PLA"
"TRIM72",27.277780787089,13.869311797547,-13.408468989542,"PLA"
"COX4I1",29.1245250694575,16.6130958089063,-12.5114292605512,"PLA"
"UGP2",30.3532916208504,16.3770391227114,-13.976252498139,"PLA"
"ATP5PO",18.0843595948409,20.4965570834401,2.41219748859917,"PLA"
"LUM",126.969833516734,47.3499154158558,-79.6199181008783,"PLA"
"CASQ2",33.1746135385283,19.7952730131144,-13.3793405254139,"PLA"
"QDPR",21.6280765388516,19.7651069180693,-1.86296962078233,"PLA"
"CMBL",55.5488951825534,19.9113548992013,-35.6375402833521,"PLA"
"MYOM2",54.0508388218321,88.9751096415542,34.9242708197221,"PLA"
"HBG2",64.6479669485549,154.740564125964,90.0925971774089,"PLA"
"AHNAK",131.853430468628,56.4504419115772,-75.4029885570503,"PLA"
"GLO1",27.8907920251806,15.7752137534749,-12.1155782717057,"PLA"
"VDAC3",55.532710026319,13.9578106913458,-41.5748993349732,"PLA"
"GSTP1",24.1317522013783,22.7371375009515,-1.39461470042684,"PLA"
"ECH1",30.4420833628778,32.3209024527836,1.87881908990574,"PLA"
"SLC25A3",16.3522497986461,27.9761554553298,11.6239056566837,"PLA"
"ATP5PD",41.243659103691,16.0200986471207,-25.2235604565704,"PLA"
"ADSS1",39.6883081904365,13.164795144168,-26.5235130462685,"PLA"
"CAVIN1",134.332426226937,58.4160135047113,-75.9164127222253,"PLA"
"MT-ATP6",28.1071851819813,47.6155714931895,19.5083863112082,"PLA"
"TNNI1",109.914070338631,140.038419097757,30.1243487591259,"PLA"
"HSPB7",44.7260089489178,22.0677722553643,-22.6582366935535,"PLA"
"CSTB",103.486773351078,21.4933727947385,-81.9934005563398,"PLA"
"RTN2",34.2576837085302,20.3701386488299,-13.8875450597003,"PLA"
"LCP1",106.538006081601,52.1870918180496,-54.3509142635515,"PLA"
"ACTN2",180.186407143934,191.122741217101,10.936334073167,"PLA"
"NNT",38.5065809432583,14.6101098754156,-23.8964710678427,"PLA"
"TNNT1",124.971534569521,138.014729995184,13.0431954256633,"PLA"
"PRDX5",52.3281673073071,9.96764740412513,-42.360519903182,"PLA"
"PADI2",45.702065520969,14.7724350796287,-30.9296304413404,"PLA"
"UQCR10",28.0402860782291,32.4876294610124,4.44734338278323,"PLA"
"ETFA",16.7110259667036,21.3838228703691,4.67279690366546,"PLA"
"ACSL1",70.4633961465921,9.33653650750748,-61.1268596390846,"PLA"
"GLRX",30.3019672941095,62.9016257093989,32.5996584152895,"PLA"
"FH",23.2590935251947,16.165852368123,-7.09324115707167,"PLA"
"HINT1",26.422603619405,30.7178331838983,4.29522956449333,"PLA"
"MYH3",149.581857654355,111.610030224922,-37.9718274294331,"PLA"
"NIPSNAP2",48.5700410265743,17.0495107378633,-31.520530288711,"PLA"
"FTH1",33.5929984597912,33.7850310359483,0.192032576157153,"PLA"
"VDAC2",26.0605451575832,13.9444252293673,-12.1161199282158,"PLA"
"ACYP2",59.7459954475632,20.4907887535075,-39.2552066940557,"PLA"
"COX6C",49.4759885954786,24.0458512466048,-25.4301373488737,"PLA"
"COX5A",37.2958685284675,18.9470376611076,-18.34883086736,"PLA"
"UQCRFS1",40.0363012226699,19.4498694565133,-20.5864317661566,"PLA"
"CYB5R3",76.6734314558514,17.028638199266,-59.6447932565854,"PLA"
"HSP90AB1",15.8429007510337,17.5570207886594,1.71412003762572,"PLA"
"PCMT1",15.121897366955,10.1129397114196,-5.00895765553545,"PLA"
"PSAP",108.890344705276,52.0368307897001,-56.853513915576,"PLA"
"ECI1",51.2281454846245,29.4489179077951,-21.7792275768294,"PLA"
"CYB5R1",43.7605505173928,15.5485342621771,-28.2120162552157,"PLA"
"AAMDC",62.2743404238415,31.1377354109238,-31.1366050129177,"PLA"
"PITPNA",59.007832039334,29.9726409704952,-29.0351910688388,"PLA"
"ATP5ME",34.5457111917606,29.2363919737084,-5.3093192180522,"PLA"
"UQCRB",39.2566445214747,17.7668262282828,-21.489818293192,"PLA"
"PHPT1",49.5482597155601,10.6703846942969,-38.8778750212631,"PLA"
"VBP1",50.2640193756693,7.19133431043918,-43.0726850652302,"PLA"
"ADH1B",102.097418855103,68.9397736518904,-33.1576452032127,"PLA"
"AGL",67.9647838097744,26.3658961840462,-41.5988876257282,"PLA"
"ESD",17.0926975149337,13.5653109778466,-3.52738653708708,"PLA"
"LMCD1",56.7932661900442,22.3560186786268,-34.4372475114174,"PLA"
"EIF5A",39.7396544981183,14.7113846197228,-25.0282698783955,"PLA"
"ATP5F1D",38.8320855607037,24.4460988185693,-14.3859867421344,"PLA"
"CD36",124.359967137606,52.4117663394663,-71.9482007981399,"PLA"
"PLIN4",148.570000356008,69.9882066354194,-78.5817937205886,"PLA"
"TPT1",25.0579931413048,7.90433060100056,-17.1536625403043,"PLA"
"CYC1",45.3292246245105,30.6926975387518,-14.6365270857587,"PLA"
"KLHL41",86.5357277031286,101.161423094373,14.6256953912442,"PLA"
"CISD1",36.4860230868214,18.48678660684,-17.9992364799814,"PLA"
"SDHA",23.6061251567524,16.9603969601669,-6.64572819658547,"PLA"
"UQCRH",36.1627986796877,26.0124733910058,-10.150325288682,"PLA"
"NPEPPS",34.4040124221412,9.79593297185162,-24.6080794502896,"PLA"
"MACROD1",51.8379274091537,6.24644119882048,-45.5914862103333,"PLA"
"NDRG2",44.4602499735283,19.8827568356899,-24.5774931378383,"PLA"
"RAB1B",56.641344716205,7.9060127621713,-48.7353319540337,"PLA"
"EHD2",114.131404352375,82.0288722756734,-32.1025320767018,"PLA"
"ADIRF",107.097605884399,67.7088765569538,-39.388729327445,"PLA"
"NUTF2",26.848145171515,16.0872495814428,-10.7608955900722,"PLA"
"FLNB",29.6209871950349,15.5122426339349,-14.1087445611,"PLA"
"VCL",69.500507946814,22.0514482803459,-47.4490596664681,"PLA"
"CAV1",109.952912375388,91.6975737780218,-18.2553385973658,"PLA"
"NEB",134.192809117344,178.970844324639,44.7780352072951,"PLA"
"PYGL",45.0490139803383,13.6209470618296,-31.4280669185088,"PLA"
"CRAT",37.5637331114327,17.4345815077765,-20.1291516036562,"PLA"
"ST13",23.2432941416477,11.2537973548266,-11.9894967868211,"PLA"
"AKR1C1",106.396863247022,49.1465825396592,-57.2502807073631,"PLA"
"UBE2N",24.3392436170177,15.3502545192833,-8.98898909773434,"PLA"
"HSP90B1",69.1060666585128,25.9639845229312,-43.1420821355816,"PLA"
"NME2",49.5298758401608,20.2629092926166,-29.2669665475442,"PLA"
"RTN4",20.8350801974034,21.5591863059875,0.724106108584177,"PLA"
"DLST",27.2053405825485,12.4586793922057,-14.7466611903428,"PLA"
"SYPL2",35.4616097534685,24.3667970485981,-11.0948127048704,"PLA"
"RAN",43.6771850671743,12.8442856891853,-30.832899377989,"PLA"
"GYG1",50.3554839700742,25.6575593939746,-24.6979245760997,"PLA"
"RNH1",30.9341928946477,15.1095714646601,-15.8246214299876,"PLA"
"ADH5",58.153528568567,35.9142526245858,-22.2392759439812,"PLA"
"ACAA2",30.8689566121942,18.0808488403844,-12.7881077718098,"PLA"
"YWHAZ",81.0027313727364,32.7783383012435,-48.2243930714929,"PLA"
"HSPA2",56.1476362408868,56.755852544878,0.608216303991213,"PLA"
"HSPD1",66.954492256958,9.63282976969035,-57.3216624872677,"PLA"
"ATP5PB",43.1824380310208,17.5306784238655,-25.6517596071553,"PLA"
"FLNA",86.6812325330241,43.0612706575605,-43.6199618754636,"PLA"
"KRT1",154.048443342165,62.5419428310677,-91.5065005110969,"PLA"
"ARL6IP5",40.2192365865269,13.8242182108057,-26.3950183757212,"PLA"
"PDHB",40.8746663300369,17.0631623876191,-23.8115039424178,"PLA"
"ACTN1",77.6524190647243,139.566186497942,61.9137674332179,"PLA"
"COX6B1",43.777874641835,17.8958079256752,-25.8820667161597,"PLA"
"TUFM",12.4827941562541,25.2627277648692,12.7799336086151,"PLA"
"HAGH",39.6294248137144,11.7465655355748,-27.8828592781396,"PLA"
"TAGLN",99.1745770907225,61.0181813741417,-38.1563957165808,"PLA"
"NDUFS1",35.4621439608755,14.3779722105289,-21.0841717503466,"PLA"
"DLD",15.1084172332472,10.1278074440435,-4.98060978920368,"PLA"
"OGDH",28.654503385603,18.9453768837185,-9.70912650188449,"PLA"
"COQ9",58.7847965622633,22.371625594474,-36.4131709677893,"PLA"
"DLAT",26.2999106639317,15.8571618805137,-10.442748783418,"PLA"
"COQ8A",41.6204448418303,21.368331518657,-20.2521133231733,"PLA"
"SLC25A12",42.0096156917793,12.9568587491781,-29.0527569426012,"PLA"
"FKBP3",34.5524293143346,19.2599361557735,-15.2924931585611,"PLA"
"EEF2",14.1187491580688,11.3608686310493,-2.7578805270195,"PLA"
"ACTN4",70.2447894753387,116.113303132939,45.8685136576006,"PLA"
"PDHA1",36.4614781945787,12.5034764878238,-23.9580017067549,"PLA"
"MSN",77.9053043996144,25.1018206770921,-52.8034837225223,"PLA"
"GSTO1",51.1691750089908,40.2211353060163,-10.9480397029745,"PLA"
"BPGM",69.5805875732483,44.0491062287259,-25.5314813445224,"PLA"
"GPD1L",50.4722722545496,12.3467784269633,-38.1254938275864,"PLA"
"SUCLA2",39.1557810419213,12.8771705028385,-26.2786105390828,"PLA"
"UBA1",21.0275389254385,19.1136729668183,-1.91386595862015,"PLA"
"ACADM",40.7725395992616,18.4102947983843,-22.3622448008773,"PLA"
"COMP",119.035511383441,117.583898526154,-1.45161285728707,"PLA"
"SDHB",21.9765011802622,9.62134902527822,-12.355152154984,"PLA"
"ALDH9A1",20.5243750447359,19.1237956362148,-1.40057940852109,"PLA"
"FBP1",94.1483288448303,23.6464795939416,-70.5018492508887,"PLA"
"PRELP",141.87425404591,118.974111837637,-22.9001422082734,"PLA"
"GAMT",44.3367683553808,26.1571679690315,-18.1796003863493,"PLA"
"SAR1A",46.6969493951716,10.4240667745916,-36.27288262058,"PLA"
"AOC3",110.825671058272,105.604539019726,-5.22113203854593,"PLA"
"GSTM3",67.1384723435623,31.3670685627383,-35.771403780824,"PLA"
"P4HB",56.4064209274458,21.9393881326956,-34.4670327947502,"PLA"
"FTL",118.498118778994,77.9101600565092,-40.5879587224846,"PLA"
"LRRC20",39.8403032762177,29.183753227691,-10.6565500485267,"PLA"
"COX7C",72.3163814706405,29.0401090870614,-43.2762723835791,"PLA"
"EHD1",88.6866095356263,49.0039274877634,-39.6826820478629,"PLA"
"SNCA",58.3024653318137,89.7419274881624,31.4394621563487,"PLA"
"RAP1B",93.1906015483345,38.5437408541012,-54.6468606942333,"PLA"
"YWHAB",46.4295949381401,21.5203703202779,-24.9092246178622,"PLA"
"H3-3A",103.217052470644,147.742712829731,44.5256603590871,"PLA"
"PPP3CA",22.1169987746292,19.6011207813169,-2.51587799331226,"PLA"
"NDUFB10",47.0485163329386,18.0628675692812,-28.9856487636574,"PLA"
"S100A10",106.929725820982,68.8812668770097,-38.0484589439728,"PLA"
"ARHGDIA",55.578631944469,25.0476124988085,-30.5310194456605,"PLA"
"GPT",40.2682041315821,15.5351824604908,-24.7330216710912,"PLA"
"REEP5",32.5002787866379,21.3095294543757,-11.1907493322622,"PLA"
"ACADS",35.6486553177701,30.1090474746216,-5.53960784314853,"PLA"
"DDB1",22.9921274797058,12.4484926937868,-10.543634785919,"PLA"
"ALDH2",80.6299490356468,43.0843785105005,-37.5455705251462,"PLA"
"ALDH1A1",58.6244414467303,36.9823427569338,-21.6420986897965,"PLA"
"ACOT2",25.3399599736383,17.3189967538806,-8.02096321975774,"PLA"
"GDI2",28.7132648418879,13.8910840994941,-14.8221807423939,"PLA"
"PSMC1",56.4523923992307,17.9327814498409,-38.5196109493898,"PLA"
"GSTM1",72.6317574313064,113.516609363525,40.8848519322184,"PLA"
"S100B",122.729043525728,80.2564306130782,-42.4726129126493,"PLA"
"UQCRQ",72.194650927806,28.0243206622941,-44.1703302655119,"PLA"
"FKBP1A",44.5330539491674,14.3377001673815,-30.1953537817859,"PLA"
"OLA1",21.9367561795487,10.0193941344634,-11.9173620450852,"PLA"
"PHB2",16.8505701522137,21.625279975063,4.77470982284922,"PLA"
"ANXA7",14.6894961781085,11.8596142840584,-2.82988189405005,"PLA"
"GRHPR",22.210441196427,14.9735106311856,-7.23693056524146,"PLA"
"NDUFV2",29.5465146746493,10.3169082043485,-19.2296064703008,"PLA"
"PCBP1",24.7372966266455,21.1541733558855,-3.58312327076005,"PLA"
"CES1",98.5729364353745,85.2250178902951,-13.3479185450793,"PLA"
"WDR1",16.9676714966233,11.3721831620501,-5.59548833457321,"PLA"
"ETFB",36.0561800690737,28.0026223964341,-8.05355767263963,"PLA"
"DUSP3",34.5726875339349,14.697952461797,-19.8747350721379,"PLA"
"AMPD1",62.1704942926226,27.8190959751517,-34.351398317471,"PLA"
"PFN2",49.5949984890228,26.4844706059686,-23.1105278830542,"PLA"
"EIF4A1",28.6959845632005,16.7057138983468,-11.9902706648538,"PLA"
"HSPB2",41.4717503876385,18.6315002738879,-22.8402501137506,"PLA"
"CRYM",121.564112621122,49.422733290408,-72.1413793307143,"PLA"
"MYO6",74.5139425940403,20.9139948852634,-53.5999477087769,"PLA"
"SLC25A13",45.8886813767765,6.98186920670317,-38.9068121700733,"PLA"
"PLN",51.2393825283511,15.8708967400462,-35.3684857883049,"PLA"
"PFKL",68.0708077896319,34.8198764954477,-33.2509312941842,"PLA"
"STOM",71.6005216631776,51.4253899569386,-20.175131706239,"PLA"
"PPP3R1",15.4732249969274,16.7378815688657,1.26465657193828,"PLA"
"HSPA9",33.5591051939742,7.03151667127014,-26.527588522704,"PLA"
"UBE2D3",47.4219049518523,40.2512828073923,-7.17062214445995,"PLA"
"PRKAR1A",40.0347945268415,20.0089976915243,-20.0257968353171,"PLA"
"ARF1",59.241549112217,20.1627115167163,-39.0788375955007,"PLA"
"SUCLG1",37.6899922656182,19.0858753135869,-18.6041169520312,"PLA"
"TALDO1",51.5674019626863,17.9997143915331,-33.5676875711533,"PLA"
"HSDL2",27.3116362515824,14.3635313107733,-12.948104940809,"PLA"
"FABP5",114.18863805896,41.7180617975148,-72.4705762614448,"PLA"
"CZIB",30.8392593353179,14.577202627229,-16.2620567080889,"PLA"
"S100A13",98.6131384631934,46.846739022682,-51.7663994405114,"PLA"
"SMPX",38.6737456121942,76.1611619598674,37.4874163476732,"PLA"
"PCBD2",52.0666103763055,22.519909977822,-29.5467003984836,"PLA"
"PREP",47.3133637259157,16.6981567195007,-30.615207006415,"PLA"
"SKP1",34.0429010251431,29.6009222507024,-4.44197877444068,"PLA"
"RPL7",45.0624415551603,30.6165034529189,-14.4459381022413,"PLA"
"HIBADH",37.5211438446185,15.8345887898375,-21.6865550547811,"PLA"
"EEF1D",31.455892771438,15.1036337870501,-16.3522589843879,"PLA"
"FMOD",122.376256710088,140.039282315605,17.663025605517,"PLA"
"VCP",27.1568786343544,10.9908192571989,-16.1660593771555,"PLA"
"PNP",75.5752871650633,43.7935937010256,-31.7816934640377,"PLA"
"PBXIP1",30.2522148208834,31.4533351240179,1.20112030313449,"PLA"
"MYOZ1",151.96504688197,165.850701075896,13.8856541939259,"PLA"
"CDC42",57.3956349799202,22.1119789490603,-35.2836560308599,"PLA"
"ALAD",74.3774640484357,49.5372263894547,-24.840237658981,"PLA"
"CRIP1",125.036074110388,49.3850161660328,-75.6510579443548,"PLA"
"IDH3A",29.5115579798615,19.8841803017655,-9.62737767809595,"PLA"
"NDUFV1",51.9214354472386,19.6005259640747,-32.3209094831639,"PLA"
"HIBCH",29.4825437558721,23.3398617710264,-6.14268198484569,"PLA"
"PRKACA",30.2970722431237,13.4058565071503,-16.8912157359734,"PLA"
"AIFM1",22.8726051678723,10.2422723238882,-12.6303328439841,"PLA"
"SLC25A11",65.5814042476636,35.8925937614752,-29.6888104861884,"PLA"
"KRT10",166.99923704987,53.1200868217742,-113.879150228096,"PLA"
"MYOM1",58.4813691961072,107.585347212539,49.1039780164315,"PLA"
"FUNDC2",64.800186558598,33.5884016854999,-31.2117848730981,"PLA"
"AKR1C3",78.0857047012386,73.6054022983385,-4.48030240290009,"PLA"
"DES",140.898068753489,171.993017380099,31.0949486266098,"PLA"
"NAPA",24.8723377808959,14.0483582002074,-10.8239795806885,"PLA"
"HSPE1",59.8291834989698,17.7060800874401,-42.1231034115297,"PLA"
"ADPRHL1",71.8743729531819,41.2693878096666,-30.6049851435153,"PLA"
"NDUFA9",58.3161544799735,24.6550027809924,-33.6611516989811,"PLA"
"PACSIN3",41.0170233222286,14.9216945770091,-26.0953287452195,"PLA"
"COASY",28.0468813311965,24.2635550401607,-3.78332629103581,"PLA"
"NDUFA10",48.1934549423097,14.1474073590932,-34.0460475832166,"PLA"
"CCT3",23.0897447542907,12.2572956888,-10.8324490654906,"PLA"
"MGST3",42.8705847993617,25.2447547780059,-17.6258300213558,"PLA"
"MYH9",77.4065170127073,21.9086587683899,-55.4978582443175,"PLA"
"CACNA2D1",40.7836798288305,14.1915581093417,-26.5921217194889,"PLA"
"LTA4H",13.6858286518095,13.9591322717689,0.273303619959467,"PLA"
"AK3",45.1855886462432,47.3479990154613,2.16241036921811,"PLA"
"HNRNPK",41.5032673853572,22.175308900242,-19.3279584851152,"PLA"
"MYOT",74.7118973517349,124.430462405069,49.7185650533343,"PLA"
"CSRP1",84.4846229727043,46.3254483008679,-38.1591746718364,"PLA"
"RNPEP",40.2845185878944,21.0018995115929,-19.2826190763014,"PLA"
"GYS1",57.863343378397,43.7201878267045,-14.1431555516926,"PLA"
"NDUFA5",45.507721614752,29.3341254544933,-16.1735961602587,"PLA"
"IMMT",34.9648713093962,36.6727359783883,1.70786466899204,"PLA"
"SMTNL1",62.479169174768,31.8870136604175,-30.5921555143505,"PLA"
"NT5C3A",55.0218810809844,31.9153236553059,-23.1065574256785,"PLA"
"ANK1",87.3042435846178,64.8859131378432,-22.4183304467746,"PLA"
"KRT19",94.707866768878,43.2514201964083,-51.4564465724697,"PLA"
"ATP5PF",39.1329220668827,16.5256821901573,-22.6072398767253,"PLA"
"EEF1B2",55.3171829276717,23.2022455074424,-32.1149374202293,"PLA"
"RAB5C",55.8562453991401,15.9893773437886,-39.8668680553515,"PLA"
"NDUFA13",65.884459101813,11.9899300175838,-53.8945290842293,"PLA"
"PSMA5",21.2681130406557,15.418888544098,-5.84922449655773,"PLA"
"CAP2",51.6036535531211,24.4791671455787,-27.1244864075425,"PLA"
"S100A11",98.4041978064188,59.0815488110808,-39.322648995338,"PLA"
"NDUFB3",56.7446107077875,21.3104094066944,-35.4342013010932,"PLA"
"HMGB1",45.4502409931347,22.3072900614263,-23.1429509317084,"PLA"
"PPP2R1A",21.9955487821215,18.0989437225655,-3.89660505955606,"PLA"
"EPHX1",76.2634676906745,26.9098762688083,-49.3535914218661,"PLA"
"RHCE",69.0458014590329,18.820863499784,-50.2249379592489,"PLA"
"SLC2A1",78.5111954890846,60.0618010218669,-18.4493944672178,"PLA"
"PRKAR2A",38.1399455956261,14.8273951431347,-23.3125504524914,"PLA"
"UBE2L3",31.6271184086952,18.1206984032454,-13.5064200054498,"PLA"
"PCYOX1",29.920444730176,25.3115330919453,-4.6089116382307,"PLA"
"FHL3",71.6590784167961,39.4604938005243,-32.1985846162718,"PLA"
"LMNA",79.9860602983981,93.3808030945037,13.3947427961057,"PLA"
"NDUFAB1",41.2249372636501,14.8105667300403,-26.4143705336097,"PLA"
"UBE2D1",60.7612874211,50.5369343351598,-10.2243530859402,"PLA"
"ADSL",36.0154612193228,21.2609887347544,-14.7544724845684,"PLA"
"CBR1",43.3009695926824,32.845900197177,-10.4550693955054,"PLA"
"PGD",63.3727893945447,32.8193382192221,-30.5534511753227,"PLA"
"USP14",30.0604099457866,10.1035233829408,-19.9568865628458,"PLA"
"DPYSL2",76.6133296368791,44.2887731412136,-32.3245564956655,"PLA"
"RACK1",27.8405436564709,11.5520510531449,-16.288492603326,"PLA"
"AMPD3",59.9197051279126,30.5155063391901,-29.4041987887225,"PLA"
"ABHD14B",38.334442606086,23.3248688270969,-15.0095737789891,"PLA"
"BCAT2",37.2048581910965,37.5177267924244,0.312868601327871,"PLA"
"TAGLN2",86.2337428464304,35.5299461246941,-50.7037967217363,"PLA"
"RPLP2",87.4375496135284,32.5751443991382,-54.8624052143902,"PLA"
"TWF2",29.4994218684793,16.474708763511,-13.0247131049683,"PLA"
"PSMA7",21.5401433384399,15.1882277789243,-6.35191555951566,"PLA"
"HK1",30.2113229023709,18.974648033888,-11.2366748684829,"PLA"
"PSMA4",28.6942040940129,14.800245598162,-13.8939584958509,"PLA"
"MYBPC2",105.388526131819,129.183592495454,23.7950663636357,"PLA"
"NDUFA6",46.1626373583235,30.1829257487911,-15.9797116095324,"PLA"
"ANXA11",18.7502127346118,13.7287616248256,-5.02145110978626,"PLA"
"STAC3",17.2576821501348,39.1592644825462,21.9015823324114,"PLA"
"NIPSNAP3B",37.8599388731267,56.6553033828875,18.7953645097608,"PLA"
"AHCY",25.0758287118859,16.0651486203223,-9.01068009156357,"PLA"
"NDUFB4",71.247590670913,20.1777683230862,-51.0698223478269,"PLA"
"NDUFS3",53.8088143858665,17.055462683496,-36.7533517023706,"PLA"
"ALDH4A1",29.133504850432,36.4359582661243,7.30245341569222,"PLA"
"PSMA2",35.8718053019631,29.2868491799601,-6.58495612200308,"PLA"
"MYL6B",150.694411786947,117.329551996834,-33.3648597901133,"PLA"
"UBE2V2",27.1986176834408,24.2932508643874,-2.90536681905347,"PLA"
"DDAH1",64.9176630842009,30.1216961723347,-34.7959669118662,"PLA"
"SDHC",29.1491769098099,34.879208828708,5.73003191889809,"PLA"
"SRI",53.3263413871988,43.4421004655468,-9.88424092165206,"PLA"
"COL1A1",105.723623972817,161.398462073972,55.6748381011544,"PLA"
"HRC",51.2734935918677,19.0343983632568,-32.2390952286109,"PLA"
"CD59",30.3963477627163,24.0568868334745,-6.33946092924178,"PLA"
"PDLIM1",31.2226339255159,29.0046490190746,-2.21798490644128,"PLA"
"STIP1",17.4165857124061,9.27913188624156,-8.13745382616455,"PLA"
"CAPZA1",71.1425476374592,48.6959635552272,-22.446584082232,"PLA"
"OGN",85.4785856801018,77.9676192402062,-7.51096643989561,"PLA"
"EIF4A2",38.5786426420953,13.147073812852,-25.4315688292432,"PLA"
"SURF4",47.9185444332426,36.6869152462941,-11.2316291869485,"PLA"
"CAPNS1",30.3057008631235,14.9610662055221,-15.3446346576014,"PLA"
"HNRNPA2B1",74.8711701303803,23.5532211993575,-51.3179489310228,"PLA"
"CACYBP",52.7070929391285,42.2284186732738,-10.4786742658548,"PLA"
"PSMA6",36.5945926635085,9.75614736319674,-26.8384453003118,"PLA"
"THBS4",116.048391884404,120.973516673505,4.92512478910136,"PLA"
"ALDH5A1",63.7672195752885,21.0768559420569,-42.6903636332316,"PLA"
"PSMF1",52.6104343846646,46.2434798973155,-6.36695448734912,"PLA"
"FIS1",43.4303036213417,11.4139480552757,-32.0163555660659,"PLA"
"PDIA3",89.1660830307755,38.1521313429525,-51.013951687823,"PLA"
"COL6A3",102.672400741271,170.617801234099,67.9454004928277,"PLA"
"MAOB",41.2349508775141,22.2114056393063,-19.0235452382078,"PLA"
"TKT",93.0488136837779,67.1313981418214,-25.9174155419565,"PLA"
"NDUFA2",55.276027315937,19.3187073209129,-35.9573199950242,"PLA"
"APEH",33.1135058697621,21.2897449158692,-11.8237609538929,"PLA"
"RHOA",53.9165972490758,18.962332650838,-34.9542645982378,"PLA"
"TCAP",14.0807517266442,114.297692253792,100.216940527148,"PLA"
"HSPA5",63.2981461829922,16.969330000006,-46.3288161829862,"PLA"
"RYR1",50.6208115215173,22.4099315622731,-28.2108799592443,"PLA"
"CAVIN2",131.761787160989,77.1822020057647,-54.579585155224,"PLA"
"TMEM109",19.4301129054472,37.0040537614917,17.5739408560445,"PLA"
"PDHX",54.0704084691636,21.9652551457759,-32.1051533233877,"PLA"
"IDH1",58.0988180939064,18.7263281302878,-39.3724899636186,"PLA"
"ANP32A",34.9342573963506,47.7300013664913,12.7957439701406,"PLA"
"PRXL2A",106.658280920287,51.359135041008,-55.2991458792791,"PLA"
"CANX",44.6950212686013,25.774138370214,-18.9208828983873,"PLA"
"KRT8",75.1243015738778,32.4265171495479,-42.6977844243298,"PLA"
"EEF1G",30.6409632182563,18.961807109068,-11.6791561091883,"PLA"
"HEBP2",24.1633296488522,11.4158918777274,-12.7474377711247,"PLA"
"CCT2",22.4049444533526,22.2144276147675,-0.190516838585072,"PLA"
"MYLK",35.806314563972,38.318171262573,2.51185669860102,"PLA"
"RAB7A",45.9168311348877,9.03586209340826,-36.8809690414794,"PLA"
"PLIN3",31.3502105959457,32.1326641939899,0.782453598044185,"PLA"
"LAP3",48.7869410386055,24.1467848225349,-24.6401562160706,"PLA"
"WARS1",16.3067539859745,18.1065525915021,1.79979860552761,"PLA"
"MAP4",70.6153594660054,18.0608650624737,-52.5544944035317,"PLA"
"ACP1",21.4564724418803,21.8294734600459,0.373001018165599,"PLA"
"COL6A1",78.79367578146,183.068439907182,104.274764125722,"PLA"
"ACTN3",142.433104797537,39.7343250462359,-102.698779751301,"PLA"
"CAMK2D",42.110458849807,14.8214114885589,-27.2890473612481,"PLA"
"SPTB",87.6197782991159,51.3855378440551,-36.2342404550608,"PLA"
"MPI",41.6635515618805,13.009222900663,-28.6543286612175,"PLA"
"ANK2",44.9765902863045,18.5437791214773,-26.4328111648271,"PLA"
"RAB10",25.6872411990266,21.7553961046325,-3.93184509439409,"PLA"
"HP1BP3",34.6447308075987,43.0995317758196,8.45480096822094,"PLA"
"MYL12B",55.0189841567783,23.3186091697949,-31.7003749869834,"PLA"
"PTGES3",21.4559247860173,19.0786722655777,-2.37725252043955,"PLA"
"CRKL",25.7251561909509,11.0672147519237,-14.6579414390272,"PLA"
"PSMA3",29.9325511859822,14.1740247176654,-15.7585264683168,"PLA"
"DYSF",49.4760852968847,19.4249438382995,-30.0511414585853,"PLA"
"FASN",58.276744430469,45.5499186352893,-12.7268257951797,"PLA"
"DDT",47.4403149825446,46.3566615462603,-1.08365343628435,"PLA"
"GNAI2",80.8753128991336,49.0573774926113,-31.8179354065223,"PLA"
"MUSTN1",54.4747219006803,42.0921058508025,-12.3826160498778,"PLA"
"NDUFA8",43.0158644040773,24.5936715254531,-18.4221928786242,"PLA"
"TCP1",27.4530303817101,15.0837404081062,-12.3692899736039,"PLA"
"PSMB1",12.7255492195115,9.24875411122536,-3.47679510828616,"PLA"
"NEDD8",37.0003075290843,15.6721548367613,-21.328152692323,"PLA"
"RPS16",44.54029899362,26.0288807295556,-18.5114182640644,"PLA"
"SPTAN1",89.8871477208212,46.7165699370041,-43.170577783817,"PLA"
"TUBA8",76.1110638988374,10.3453528196565,-65.7657110791809,"PLA"
"TLN1",71.9758845248053,31.4402294913098,-40.5356550334955,"PLA"
"DCXR",55.2996844189997,34.9670850854339,-20.3325993335658,"PLA"
"CAV2",84.0614335932254,17.1932670179782,-66.8681665752472,"PLA"
"TMEM43",54.8529250298705,20.670659863949,-34.1822651659215,"PLA"
"ACOT13",34.7531171055428,36.2319755767416,1.47885847119877,"PLA"
"MTPN",36.1782105318563,8.89819720876134,-27.280013323095,"PLA"
"AK2",46.8948439138945,9.3689922408413,-37.5258516730532,"PLA"
"CPT1B",40.3072165491427,28.6833531316202,-11.6238634175225,"PLA"
"IDH3B",27.2019263145712,26.843010761309,-0.358915553262161,"PLA"
"RPS25",60.22052199785,17.9681992415347,-42.2523227563153,"PLA"
"GPX1",39.1029817225629,22.3263211699296,-16.7766605526333,"PLA"
"ACACA",96.5912547044138,53.7883481823127,-42.8029065221012,"PLA"
"PSMC6",23.2660837265354,15.0284784916746,-8.2376052348608,"PLA"
"ASPN",108.295708584896,94.1582432098163,-14.13746537508,"PLA"
"CAPN1",26.3984592799051,14.339177305235,-12.0592819746701,"PLA"
"SDHD",57.464170719703,52.1258338551158,-5.33833686458719,"PLA"
"PRKCSH",88.2534355551061,30.828595544195,-57.4248400109111,"PLA"
"NDUFB1",38.1370137728222,11.5159669622868,-26.6210468105354,"PLA"
"COL1A2",102.686971597607,212.443944940859,109.756973343251,"PLA"
"RPLP1",63.3348289399453,25.1200121109008,-38.2148168290445,"PLA"
"GLUD1",59.7594836107487,24.8276780741897,-34.931805536559,"PLA"
"VAT1",81.1611927181209,63.2363868334341,-17.9248058846868,"PLA"
"RPL14",16.796302669617,23.2273407768028,6.43103810718578,"PLA"
"MYOC",115.781826701514,152.628618885097,36.8467921835827,"PLA"
"EIF4H",34.9798411565816,13.1619201452984,-21.8179210112832,"PLA"
"GNG2",65.8816319604065,68.4887281237771,2.60709616337066,"PLA"
"SMYD1",59.6955104146743,65.236245625795,5.54073521112075,"PLA"
"ECI2",47.2938820978075,29.9254700722858,-17.3684120255216,"PLA"
"UBE2V1",49.6109915716461,21.2222754872999,-28.3887160843462,"PLA"
"CAP1",65.8458215677929,29.8473247369015,-35.9984968308914,"PLA"
"DGLUCY",57.0206615189568,23.5705451150185,-33.4501164039383,"PLA"
"DSTN",58.6046712656346,29.3948320261168,-29.2098392395178,"PLA"
"ETFDH",38.5851011220104,26.3736127747005,-12.2114883473099,"PLA"
"UCHL1",55.6931577346797,44.9752957967304,-10.7178619379493,"PLA"
"CRYZ",28.3530721459963,4.30720691502864,-24.0458652309677,"PLA"
"DHRS7",20.0010985525852,21.5904502466075,1.58935169402233,"PLA"
"CD81",93.6974510476897,81.3578139853698,-12.3396370623199,"PLA"
"IPO5",31.3288312789771,9.52988571289943,-21.7989455660776,"PLA"
"MFAP4",159.978586558036,71.4008618522732,-88.5777247057631,"PLA"
"BANF1",60.2242202572055,41.518247212089,-18.7059730451164,"PLA"
"PPP2CA",33.2364918308706,15.5262583360283,-17.7102334948424,"PLA"
"GPD2",51.1215097198127,18.8904170928562,-32.2310926269565,"PLA"
"DPYSL3",48.8193760977916,15.2821577078623,-33.5372183899292,"PLA"
"AKR7A2",34.1894677193202,19.8185560100179,-14.3709117093022,"PLA"
"IARS2",27.290459230506,16.3158583036547,-10.9746009268513,"PLA"
"NSFL1C",26.9264891559293,16.3082195647709,-10.6182695911584,"PLA"
"RPL22",43.5229441090595,16.1587725614632,-27.3641715475963,"PLA"
"METTL7A",37.0532049496827,23.2005011574771,-13.8527037922057,"PLA"
"GNB1",68.0334606540064,55.0189207636642,-13.0145398903422,"PLA"
"SERPINH1",13.9367814829014,38.1769501886372,24.2401687057358,"PLA"
"PGP",36.3011855490119,14.7331690427616,-21.5680165062503,"PLA"
"CLTC",62.8689096563354,24.5583274249928,-38.3105822313427,"PLA"
"ATP1A2",63.3550490305675,29.9110956321647,-33.4439533984027,"PLA"
"MGST1",89.2958510311804,92.5158099204956,3.21995888931525,"PLA"
"RAD23A",24.9228558250988,24.7038077495593,-0.219048075539568,"PLA"
"SERPINB6",31.9038053860896,17.9433380374658,-13.9604673486239,"PLA"
"ATIC",25.5321178055129,18.6789396710255,-6.85317813448743,"PLA"
"LRPPRC",30.5191332560585,16.8132251517294,-13.7059081043291,"PLA"
"NQO2",43.2461467255745,31.3316050415828,-11.9145416839917,"PLA"
"PPP1R1A",24.2934930571705,31.5836025150523,7.2901094578818,"PLA"
"ADSS2",60.4103219262044,30.6144859368819,-29.7958359893225,"PLA"
"FAM162A",61.7990052982698,24.3446633247633,-37.4543419735065,"PLA"
"PSMA1",20.2954898172016,16.0297079235317,-4.26578189366997,"PLA"
"NDUFS6",55.8626700237917,18.2987970409069,-37.5638729828847,"PLA"
"ANXA4",81.1501497142181,53.1758957194992,-27.9742539947189,"PLA"
"RPL5",32.6047922311335,26.8791814459182,-5.72561078521532,"PLA"
"ATP5IF1",48.3525024886456,83.7775703906646,35.4250679020189,"PLA"
"SH3BGR",54.0596371817878,35.4863372658355,-18.5732999159523,"PLA"
"IMPA2",67.6783396811666,49.9768020586331,-17.7015376225335,"PLA"
"DYNLL2",33.7455477888078,40.5748188519584,6.82927106315058,"PLA"
"LAMA4",96.8974440120149,47.8192409421516,-49.0782030698633,"PLA"
"RAB6A",47.1929952348766,16.5118584134028,-30.6811368214738,"PLA"
"RPS3",23.3816290936759,28.3971710066727,5.01554191299677,"PLA"
"GFM1",34.8171505398326,22.8276708737792,-11.9894796660535,"PLA"
"ATP1A1",50.4733436883522,18.1061731556612,-32.367170532691,"PLA"
"RAD23B",17.0413540233467,17.3052404907254,0.263886467378722,"PLA"
"KRT2",155.33122165496,44.1344770531411,-111.196744601818,"PLA"
"TACO1",52.9683374607833,25.5560789610238,-27.4122584997594,"PLA"
"PSMB2",23.7664269616668,12.0351693439911,-11.7312576176757,"PLA"
"CNN1",86.4940411324763,50.22051807245,-36.2735230600263,"PLA"
"ME1",32.437724265357,26.1272866006348,-6.31043766472219,"PLA"
"NONO",50.4272205384236,44.4226615556081,-6.00455898281551,"PLA"
"HINT2",59.6418393604634,38.559355861479,-21.0824834989844,"PLA"
"CAVIN3",97.2045327467953,68.4199272087037,-28.7846055380916,"PLA"
"NDUFS7",51.0825300782353,11.7985184769981,-39.2840116012371,"PLA"
"PHKA1",48.0804598520195,36.5712583991912,-11.5092014528283,"PLA"
"CHCHD3",48.5210429118891,33.7043597754192,-14.8166831364699,"PLA"
"CAVIN4",59.017590200485,29.5724620535527,-29.4451281469323,"PLA"
"CAB39",51.2745246670717,24.8381039494596,-26.4364207176121,"PLA"
"GLRX5",54.3590780987528,36.9511995874491,-17.4078785113037,"PLA"
"ACO1",41.8765206499582,4.17278859844042,-37.7037320515178,"PLA"
"BSG",28.9941308644663,14.672593100888,-14.3215377635783,"PLA"
"PLS3",81.9118689667896,59.9305430192112,-21.9813259475783,"PLA"
"TUBB2A",104.899374558837,39.7639943204341,-65.1353802384033,"PLA"
"GPX4",54.566791206138,27.0989894382096,-27.4678017679284,"PLA"
"FHOD1",53.6706973303418,30.3877529869211,-23.2829443434206,"PLA"
"PRPS1",40.3022929579655,27.2457597626667,-13.0565331952988,"PLA"
"MICOS13",61.6117032626831,76.0810557661153,14.4693525034322,"PLA"
"PCBD1",34.8829764736629,34.6202955081669,-0.262680965496003,"PLA"
"FKBP2",55.3373944444339,27.4420593293885,-27.8953351150454,"PLA"
"PTGR2",62.9496136253964,10.4250883460114,-52.524525279385,"PLA"
"ISOC2",50.8900698219535,40.507787034628,-10.3822827873254,"PLA"
"KPNB1",21.5246821213417,17.0113939954369,-4.51328812590479,"PLA"
"NDUFS2",44.3701221023717,16.7314050726621,-27.6387170297097,"PLA"
"TBCA",46.986046562585,32.370888479764,-14.615158082821,"PLA"
"NAP1L4",22.2568846978831,13.1871399618631,-9.06974473602008,"PLA"
"CPT2",57.2435744177078,22.0291774852005,-35.2143969325073,"PLA"
"MYH4",159.698669228492,132.039451145497,-27.6592180829948,"PLA"
"CCT6A",25.0585808839646,14.2833718881814,-10.7752089957833,"PLA"
"MAP2K3",60.0864917480443,33.993520093563,-26.0929716544813,"PLA"
"TOLLIP",36.1212374805396,21.9695723308304,-14.1516651497092,"PLA"
"APOOL",51.744299821244,19.5287533667114,-32.2155464545327,"PLA"
"CACNB3",26.0713737493005,22.6538248250946,-3.41754892420592,"PLA"
"GSR",31.5659418847454,22.841977872818,-8.72396401192745,"PLA"
"PSMB4",17.4165193558729,19.1938801586183,1.77736080274549,"PLA"
"FAH",71.6909162982916,53.6929960733091,-17.9979202249825,"PLA"
"DPT",45.6564553452525,67.4286958449705,21.772240499718,"PLA"
"CILP",83.6680986276533,62.1402982899522,-21.5278003377011,"PLA"
"ITGB1",77.4185872165838,33.7118641892614,-43.7067230273224,"PLA"
"KLHL40",77.0087368405036,91.4540589487326,14.445322108229,"PLA"
"CAND2",48.2046793488448,28.2410192151169,-19.9636601337278,"PLA"
"RAB11B",58.8205886828395,29.6457105960722,-29.1748780867673,"PLA"
"PPP1CB",44.0448058936696,26.6955348271796,-17.34927106649,"PLA"
"RIDA",39.8563231995106,7.29399372387048,-32.5623294756402,"PLA"
"APRT",44.3976728515508,28.6852321533072,-15.7124406982436,"PLA"
"MTHFD1",22.9027806558329,18.2767346897399,-4.62604596609298,"PLA"
"NDUFB9",56.9164951278043,11.2736647655771,-45.6428303622271,"PLA"
"HSPA4",18.5295367115195,11.1553579087547,-7.37417880276489,"PLA"
"MCAM",64.6230083918104,60.0503264900507,-4.57268190175971,"PLA"
"ADPRH",85.9547634390802,53.3303649188155,-32.6243985202648,"PLA"
"RDX",39.9631243980248,19.5098862391818,-20.453238158843,"PLA"
"IMPA1",48.2143401275089,19.7117409634386,-28.5025991640703,"PLA"
"EIF3K",48.7762212265914,48.4439757055713,-0.332245521020099,"PLA"
"PSMB5",26.0194062130343,25.4259966909417,-0.59340952209261,"PLA"
"STBD1",67.1496881522867,33.895843448845,-33.2538447034417,"PLA"
"COL6A2",47.0255996783199,190.955148328435,143.929548650115,"PLA"
"NOL3",47.5578304319027,28.7124519639092,-18.8453784679935,"PLA"
"GSTK1",45.5496605942912,20.55275102255,-24.9969095717412,"PLA"
"RPS20",56.17311568963,24.2912188861253,-31.8818968035048,"PLA"
"LANCL1",34.3002041149105,19.4646912921972,-14.8355128227132,"PLA"
"MYH13",115.079685592621,153.386417292334,38.3067316997122,"PLA"
"RPS10",54.2374848805708,74.1229360183531,19.8854511377823,"PLA"
"AKR1C2",82.6795521498162,67.1324801820362,-15.54707196778,"PLA"
"FARSB",17.1959499517599,17.9657807083348,0.76983075657488,"PLA"
"LIPE",57.8377256066193,64.2778752353622,6.44014962874288,"PLA"
"PLEC",31.3705623909344,101.493009861014,70.1224474700792,"PLA"
"MTCH2",27.85546486541,27.6534817793952,-0.201983086014877,"PLA"
"GLOD4",15.9215119613507,13.4489174524492,-2.47259450890149,"PLA"
"SAR1B",57.3116593270313,30.3784703389325,-26.9331889880988,"PLA"
"CALR",52.2106035009405,35.0045167934323,-17.2060867075083,"PLA"
"SAMM50",55.0413891679573,33.7354795969495,-21.3059095710078,"PLA"
"GNPDA1",31.2769080601772,20.1235414707598,-11.1533665894175,"PLA"
"RPS9",36.6845274470292,20.4408955513477,-16.2436318956815,"PLA"
"TMEM11",39.7174346420182,17.520227828647,-22.1972068133712,"PLA"
"TNMD",56.8763376415124,126.6075922911,69.7312546495875,"PLA"
"PPA1",56.7522456283097,16.5444628644925,-40.2077827638172,"PLA"
"LYPLA1",60.0265531428165,10.404918928371,-49.6216342144455,"PLA"
"CYB5A",140.394115013697,35.429097734704,-104.965017278993,"PLA"
"USP5",19.4324634489322,21.8260403225372,2.39357687360496,"PLA"
"PDLIM7",38.9728999671247,114.236926858478,75.2640268913533,"PLA"
"C11orf54",54.4840459782955,31.7068533201496,-22.7771926581459,"PLA"
"RPS15A",34.5030948941388,13.4397329718957,-21.0633619222432,"PLA"
"RAC1",23.2312088464732,21.7631883798292,-1.46802046664394,"PLA"
"CUTC",55.2670249473379,38.2416975103893,-17.0253274369486,"PLA"
"TXNDC17",24.842585372614,19.2076358660402,-5.63494950657375,"PLA"
"ATL3",14.4851269848558,44.8462909107946,30.3611639259389,"PLA"
"RPSA",16.6067314253394,18.3553681450276,1.74863671968811,"PLA"
"PPP1CA",36.1207808781702,11.390195408052,-24.7305854701182,"PLA"
"XIRP1",68.7281567577256,60.0181718164528,-8.70998494127284,"PLA"
"BGN",111.717500464035,82.0920663161448,-29.6254341478903,"PLA"
"TUBB6",85.3265605619582,59.9546629771577,-25.3718975848005,"PLA"
"MPC2",47.1634083015009,31.2746979819877,-15.8887103195132,"PLA"
"CCT4",18.0246871307533,13.1077101908446,-4.91697693990875,"PLA"
"PSMB6",17.730468743031,23.0402829060663,5.30981416303535,"PLA"
"CUL5",58.4603262682198,23.9109196371951,-34.5494066310247,"PLA"
"SBDS",53.0856835226434,20.8127042094008,-32.2729793132426,"PLA"
"RPL23A",55.180567771968,35.8564755130222,-19.3240922589458,"PLA"
"BAG3",37.6230106826633,64.9304154207659,27.3074047381026,"PLA"
"ATP1B1",58.7334409703509,24.649811027068,-34.0836299432829,"PLA"
"NCL",48.3044916493421,16.9687938770092,-31.3356977723329,"PLA"
"CLIC5",49.2875831110548,28.8618596092378,-20.425723501817,"PLA"
"PSME1",31.2931024572241,18.4806942640604,-12.8124081931637,"PLA"
"RPS3A",19.1594791518361,19.0772931844286,-0.082185967407419,"PLA"
"CCT8",23.2763673021941,10.2316317509239,-13.0447355512702,"PLA"
"EIF4G1",31.1038762440223,18.975699842408,-12.1281764016143,"PLA"
"VAPA",31.6020093470898,36.1837920009043,4.5817826538145,"PLA"
"GCSH",37.2444691804813,21.2149413562116,-16.0295278242697,"PLA"
"EPB41",79.6261119752732,59.533235545968,-20.0928764293052,"PLA"
"NME1",38.7684925848919,28.6552692660422,-10.1132233188498,"PLA"
"CD9",96.0648257185563,109.30818114205,13.2433554234938,"PLA"
"MAP2K6",54.128166340163,19.6414457631333,-34.4867205770297,"PLA"
"CCT5",20.1770452217194,11.1152008486328,-9.06184437308657,"PLA"
"GDI1",31.0161057213452,21.9222905392648,-9.09381518208037,"PLA"
"NAXD",41.4618414046446,26.950591509379,-14.5112498952656,"PLA"
"SNTB2",32.9059388121824,17.3931392967383,-15.5127995154441,"PLA"
"COQ6",50.0022953003478,23.2908330208066,-26.7114622795413,"PLA"
"RPS12",20.6788128036355,21.5384781455024,0.859665341866911,"PLA"
"DHRS7C",64.60421300413,27.417447443992,-37.186765560138,"PLA"
"CMPK1",70.8901704005728,37.040293517977,-33.8498768825958,"PLA"
"RSU1",61.7317614924689,42.4408021229972,-19.2909593694717,"PLA"
"RPL10A",44.7986448624736,23.4146490901023,-21.3839957723712,"PLA"
"CAPN2",28.2634523693444,24.0148080661547,-4.24864430318977,"PLA"
"PAFAH1B2",49.3431257584411,25.3775372988511,-23.96558845959,"PLA"
"YBX1",39.057577143693,18.2700821256037,-20.7874950180893,"PLA"
"BCAP31",95.3145219093602,47.9667502351077,-47.3477716742525,"PLA"
"CCT7",27.0272092571351,9.32291002534385,-17.7042992317912,"PLA"
"TSN",41.3678059411675,16.597664257453,-24.7701416837144,"PLA"
"PSMB3",40.994647763752,40.7245626025539,-0.270085161198146,"PLA"
"CAPZB",43.303872712625,91.2322600747972,47.9283873621722,"PLA"
"HPRT1",51.2494651038357,45.3178788140086,-5.93158628982705,"PLA"
"MYLK2",71.6353447451116,57.0537960352703,-14.5815487098413,"PLA"
"MFGE8",101.812781136772,133.431053541681,31.6182724049089,"PLA"
"NDUFB6",57.8451197647968,28.308120704886,-29.5369990599107,"PLA"
"SEPTIN7",57.7995247948914,38.675642303307,-19.1238824915844,"PLA"
"NPM1",30.6189067240233,34.7188019119948,4.09989518797156,"PLA"
"PHGDH",80.7815464251632,47.9929231103695,-32.7886233147937,"PLA"
"BLMH",29.726449921004,24.1594052717827,-5.56704464922128,"PLA"
"SYNPO2",71.7830601271509,113.922618061095,42.1395579339443,"PLA"
"SUMO2",69.4400865513811,39.8396547654198,-29.6004317859613,"PLA"
"EHD4",66.6643854715855,33.5101224164714,-33.1542630551141,"PLA"
"GANAB",56.2176674319323,31.0113097665097,-25.2063576654226,"PLA"
"GNB2",48.3942792348296,34.8588528770961,-13.5354263577334,"PLA"
"ACOT9",27.980924410334,7.16153698296698,-20.819387427367,"PLA"
"UQCR11",64.5818489872338,30.9547177293699,-33.6271312578639,"PLA"
"TPD52L2",68.1451788812045,31.8942556923365,-36.250923188868,"PLA"
"RPLP0",22.6977172780387,26.3920451099854,3.69432783194672,"PLA"
"COL14A1",61.3265308120615,45.0775065746376,-16.2490242374239,"PLA"
"UCHL3",38.2828359065843,33.398392373436,-4.88444353314828,"PLA"
"ACADSB",40.9982323369154,33.0859632684283,-7.91226906848708,"PLA"
"RPS5",44.9749470155285,39.340350569665,-5.63459644586354,"PLA"
"DYNC1H1",32.5644510594491,10.4104454542955,-22.1540056051536,"PLA"
"HNRNPD",39.4156841855097,14.654442922347,-24.7612412631627,"PLA"
"CHCHD2",17.2245676855963,33.806625435821,16.5820577502247,"PLA"
"HSPB3",15.4351688199579,18.3650501904733,2.92988137051539,"PLA"
"ALDH3A2",42.8501387714956,29.7508673097451,-13.0992714617505,"PLA"
"CAND1",43.9258690986277,23.8656342869262,-20.0602348117014,"PLA"
"LAMB2",89.4333734332839,143.649996728186,54.2166232949017,"PLA"
"NDUFS5",60.1898746595605,16.6245202586801,-43.5653544008804,"PLA"
"MAPRE2",50.0821316248953,51.2668408512803,1.18470922638497,"PLA"
"NIPSNAP3A",35.919180136801,42.2665610024739,6.34738086567287,"PLA"
"CACNA1S",17.1297954630621,20.4440461037701,3.31425064070803,"PLA"
"HSD17B10",21.071132285286,20.1581875844156,-0.912944700870369,"PLA"
"COL12A1",77.2061881593159,71.1256485847525,-6.08053957456339,"PLA"
"NACA",37.0633744839256,8.08470489067315,-28.9786695932525,"PLA"
"NDUFC2",13.1601223688677,20.4666456395421,7.30652327067447,"PLA"
"PPIF",63.8436713761812,18.45462791656,-45.3890434596212,"PLA"
"PPP1R7",33.2353457974508,10.4986156479048,-22.736730149546,"PLA"
"PIN1",38.196063994372,19.1322254404357,-19.0638385539363,"PLA"
"CDH13",41.9199272820365,29.2316418572975,-12.6882854247391,"PLA"
"ILK",62.9824017845254,25.0449987207097,-37.9374030638157,"PLA"
"GOSR2",48.775993270469,41.8449305189511,-6.93106275151792,"PLA"
"CAST",33.9221713507354,30.7090952057281,-3.2130761450073,"PLA"
"NARS1",13.0503977155165,20.9315000097633,7.88110229424677,"PLA"
"YWHAQ",49.9210523239061,20.6229888314064,-29.2980634924998,"PLA"
"ERP44",35.9967814930526,29.0505517688305,-6.94622972422212,"PLA"
"NDUFB11",49.9588534366377,26.7799653503172,-23.1788880863205,"PLA"
"PA2G4",26.4455991070407,18.9789903619724,-7.46660874506836,"PLA"
"IQGAP1",72.8877871979308,43.8006234271036,-29.0871637708272,"PLA"
"KPNA4",28.7760734251174,22.7060851423233,-6.06998828279408,"PLA"
"RPS6KA3",51.7019294206779,16.1177448143973,-35.5841846062806,"PLA"
"TXN2",14.5484816631888,26.1093787831553,11.5608971199666,"PLA"
"MPST",27.5389935963789,23.1848182319265,-4.35417536445236,"PLA"
"ASAH1",94.7859745420712,46.6334624289828,-48.1525121130884,"PLA"
"EIF3J",25.2115307512569,16.7267817058475,-8.4847490454094,"PLA"
"MT-ND1",55.7097504041455,60.9484798173098,5.23872941316438,"PLA"
"ALDH1L1",38.3110881887829,36.2477141484153,-2.06337404036761,"PLA"
"IDH3G",40.7639599472971,20.8626828527803,-19.9012770945168,"PLA"
"CALU",57.505464092152,17.9599041885513,-39.5455599036006,"PLA"
"MYO1C",84.2397291318827,61.8271405369131,-22.4125885949696,"PLA"
"TMOD4",86.8180927888213,119.579249617032,32.7611568282111,"PLA"
"BZW2",72.8514268644766,19.2622545250038,-53.5891723394728,"PLA"
"OXSR1",40.4920431709628,6.65496121292365,-33.8370819580391,"PLA"
"TPP1",74.9306893230046,45.624776100242,-29.3059132227626,"PLA"
"JSRP1",45.8762988646238,32.7266400405808,-13.149658824043,"PLA"
"PHKG1",45.5454609022533,25.5050168255682,-20.0404440766851,"PLA"
"COX7A2",26.6515283068339,22.0946153856402,-4.55691292119377,"PLA"
"MT-ND5",49.6718198095194,38.4634020538646,-11.2084177556547,"PLA"
"MAPK1",33.5428910969853,29.7890444992561,-3.75384659772917,"PLA"
"SPR",33.4419223703136,40.54041701493,7.09849464461641,"PLA"
"TOMM70",54.8099697946931,39.1196312385218,-15.6903385561713,"PLA"
"PUDP",70.5105166633309,39.2216542069185,-31.2888624564124,"PLA"
"FBLN1",80.1613005057686,60.6831239443224,-19.4781765614462,"PLA"
"PGRMC2",37.0030053015257,25.1710204213158,-11.8319848802098,"PLA"
"BLVRA",38.30242374839,17.6011454074314,-20.7012783409586,"PLA"
"CLIC1",62.8926524894787,39.4541960428669,-23.4384564466118,"PLA"
"NDUFA12",77.3940336239399,43.8402593280979,-33.553774295842,"PLA"
"SETD7",35.397529999074,28.2676235061228,-7.12990649295116,"PLA"
"PGM5",47.5341176764066,36.1979210942214,-11.3361965821852,"PLA"
"CAPZA2",29.1237275081188,96.0139617047703,66.8902341966515,"PLA"
"COQ7",60.1440266383081,29.5269847198863,-30.6170419184218,"PLA"
"EIF5",24.9450199285507,35.3460745564643,10.4010546279137,"PLA"
"SNCG",111.557810826403,47.7418553114847,-63.815955514918,"PLA"
"HNRNPL",58.0596445944216,32.3348654564599,-25.7247791379618,"PLA"
"TPPP3",65.3004253869765,29.831013139364,-35.4694122476125,"PLA"
"PSMD8",35.2301223231982,17.2249580557652,-18.005164267433,"PLA"
"GSTZ1",83.4147291869839,47.575614143119,-35.8391150438649,"PLA"
"MYH14",34.916693593741,46.2018376660311,11.2851440722901,"PLA"
"SPTBN1",81.592176611578,46.8161337422867,-34.7760428692913,"PLA"
"MAOA",62.7757313144208,60.7876610873397,-1.98807022708117,"PLA"
"RRAS",70.8482770844615,57.1518695531285,-13.696407531333,"PLA"
"UGDH",66.6247014873734,41.2098866716355,-25.4148148157379,"PLA"
"DARS1",31.3863030256024,17.5853534365163,-13.8009495890862,"PLA"
"RAB2A",28.6392489899375,19.058498010705,-9.58075097923247,"PLA"
"PPP2R2A",42.1448103505124,16.3597946741551,-25.7850156763573,"PLA"
"DIABLO",47.3093327784456,17.980692200434,-29.3286405780117,"PLA"
"COQ3",67.6561782498216,30.6948083822996,-36.9613698675219,"PLA"
"SCRN2",32.9556713693804,29.4489188242082,-3.50675254517227,"PLA"
"UNC45B",51.9335282640007,18.5824782966372,-33.3510499673635,"PLA"
"ACTR1A",25.7563830584117,19.043038439139,-6.7133446192727,"PLA"
"PKIA",4.72151397496829,21.4992324204957,16.7777184455274,"PLA"
"PTGR1",21.6356892526831,25.3593152857753,3.72362603309226,"PLA"
"STRAP",35.5446966415412,12.3385579266055,-23.2061387149358,"PLA"
"ALDH1B1",43.2371774881762,42.3088302933595,-0.928347194816631,"PLA"
"PABPC1",14.6115535445555,13.0429210076366,-1.56863253691887,"PLA"
"GCLC",48.039056837344,37.1011916979008,-10.9378651394432,"PLA"
"EPDR1",39.0460223429423,34.3471384709032,-4.69888387203908,"PLA"
"RPS2",21.3927711040013,12.6710430619176,-8.72172804208371,"PLA"
"CNDP2",47.343976689492,27.7280769560888,-19.6158997334032,"PLA"
"OBSCN",55.3509560906434,121.94608666233,66.5951305716861,"PLA"
"COPS8",29.2395664346454,23.8167821755113,-5.42278425913409,"PLA"
"RPS6",33.0910351892308,25.8500002772042,-7.24103491202657,"PLA"
"RPS18",18.3300492590967,14.8446060340168,-3.48544322507986,"PLA"
"SNX3",42.8350536393611,19.7052103349507,-23.1298433044104,"PLA"
"LRRC47",47.27537962345,27.1022772830289,-20.1731023404211,"PLA"
"SGCD",49.1207649318179,7.52385285721464,-41.5969120746032,"PLA"
"POSTN",103.397837079007,13.1333242305295,-90.2645128484777,"PLA"
"PSMD10",48.5387876720573,30.639940422355,-17.8988472497023,"PLA"
"PSMC3",10.5190464372786,13.0142931202749,2.49524668299626,"PLA"
"NDUFB8",62.6957730400699,19.3984035175021,-43.2973695225677,"PLA"
"AGMAT",10.0216614544543,49.089164990286,39.0675035358316,"PLA"
"PSMC2",17.0913757692629,12.5986506895272,-4.49272507973575,"PLA"
"CDC37",29.4075686023372,13.8585207364731,-15.549047865864,"PLA"
"PDCD5",32.5692063480925,13.7673647714905,-18.801841576602,"PLA"
"PSMB7",36.7320191801029,30.0772903363409,-6.65472884376205,"PLA"
"TYMP",74.342758494567,72.1389460762883,-2.20381241827872,"PLA"
"OTUB1",36.4121056245955,19.6218363585402,-16.7902692660553,"PLA"
"GRB2",47.8639813613506,17.7072860399246,-30.156695321426,"PLA"
"TST",27.6724890357479,25.4968373837117,-2.17565165203616,"PLA"
"RPN1",25.4075036066566,15.3369811544559,-10.0705224522008,"PLA"
"AFG3L2",45.8704873038154,22.9096394077609,-22.9608478960544,"PLA"
"ECPAS",49.4094211830672,11.6520943765422,-37.7573268065251,"PLA"
"LASP1",82.723524144796,51.2281439297112,-31.4953802150849,"PLA"
"DMD",51.3182246049269,40.8207498601643,-10.4974747447626,"PLA"
"MT-ND2",9.91053959896724,43.0624600729966,33.1519204740293,"PLA"
"MCTS1",43.5588194289157,16.3353063450903,-27.2235130838254,"PLA"
"DCUN1D2",23.5516127881995,19.2973601858285,-4.25425260237101,"PLA"
"HNRNPH1",14.299199137659,22.638943948259,8.33974481060005,"PLA"
"DNPH1",29.7333275229335,35.0550088833919,5.32168136045834,"PLA"
"RPS28",60.9454874290182,34.863751949564,-26.0817354794543,"PLA"
"MYOZ3",105.751376052356,127.872104482282,22.1207284299262,"PLA"
"ASS1",48.3414601044963,59.5925214597863,11.25106135529,"PLA"
"AOX1",45.4882869938378,4.82490626300513,-40.6633807308326,"PLA"
"GBE1",35.1077546647808,19.54693694206,-15.5608177227208,"PLA"
"AQP1",53.4144865408069,54.6660303252856,1.25154378447875,"PLA"
"L2HGDH",40.936187891162,15.666835161872,-25.2693527292899,"PLA"
"EIF1",33.506040602794,27.6295151580882,-5.87652544470573,"PLA"
"ELOB",26.4116610191634,25.2371545201051,-1.17450649905827,"PLA"
"PPP3CB",50.9666064492287,17.5244528671413,-33.4421535820873,"PLA"
"KPNA3",59.4149725870654,26.3760922490166,-33.0388803380488,"PLA"
"YBX3",82.680225513672,42.2678687439433,-40.4123567697287,"PLA"
"PDIA6",53.7859830965932,22.0648046954168,-31.7211784011764,"PLA"
"APMAP",75.0376407973381,24.4880588915603,-50.5495819057778,"PLA"
"RPL18",33.3417385730458,18.236737824159,-15.1050007488868,"PLA"
"THY1",80.4177263099566,36.5927580014482,-43.8249683085084,"PLA"
"RETSAT",64.9609928374537,52.4509768585072,-12.5100159789465,"PLA"
"PEA15",98.2116906041468,40.6766253169945,-57.5350652871522,"PLA"
"TIMM13",36.7227292496836,36.761966465807,0.0392372161234249,"PLA"
"NIT2",31.3161909072728,26.3813376733455,-4.93485323392729,"PLA"
"DHRS7B",41.4062000829757,47.4303126682942,6.0241125853185,"PLA"
"MYH10",55.286358143286,45.7123085499898,-9.57404959329624,"PLA"
"PGLS",34.4431395207718,21.4773556434437,-12.9657838773281,"PLA"
"PSMD14",20.0825007124959,21.8519558269642,1.76945511446829,"PLA"
"COQ10A",52.1686793815939,39.5310743703496,-12.6376050112444,"PLA"
"TRIP10",42.7273349459681,23.2687182639103,-19.4586166820579,"PLA"
"SCRN1",28.290769949653,32.5183755893022,4.22760563964917,"PLA"
"NT5C1A",57.8117974399926,49.4340213240921,-8.37777611590045,"PLA"
"PCBP2",32.7385372404893,45.8502722321441,13.1117349916548,"PLA"
"CIRBP",27.4219038671456,19.0069205413971,-8.41498332574846,"PLA"
"COX6A2",80.8740103544346,52.6925460833781,-28.1814642710565,"PLA"
"TPM4",78.4111109994669,59.9351916731163,-18.4759193263505,"PLA"
"NDUFS8",57.9958966717688,26.873080765491,-31.1228159062778,"PLA"
"PNPO",45.2118927176456,27.2717992249999,-17.9400934926457,"PLA"
"BCL2L13",54.7332519812204,19.1729182447727,-35.5603337364478,"PLA"
"PABPC4",29.7034427554386,25.0386493815383,-4.66479337390024,"PLA"
"PHKA2",58.9603685768387,40.2333880754453,-18.7269805013934,"PLA"
"ANXA3",40.2462549019877,38.8073591901339,-1.43889571185372,"PLA"
"DNAJA4",32.196491257302,23.4532054163542,-8.74328584094773,"PLA"
"PCCA",41.6356242046289,15.0720331808305,-26.5635910237984,"PLA"
"SET",33.7938829614534,55.0731558390917,21.2792728776383,"PLA"
"PHKB",50.3728502140123,38.2045322088314,-12.1683180051809,"PLA"
"COPS4",42.8423487757789,15.1732875312605,-27.6690612445184,"PLA"
"GSS",29.9533329563049,27.7596453221439,-2.193687634161,"PLA"
"GALM",49.0536880466816,34.4554134566122,-14.5982745900694,"PLA"
"TUBA1A",76.2454428696899,101.516712660951,25.2712697912607,"PLA"
"RPS7",58.3913740624543,43.1307683257051,-15.2606057367492,"PLA"
"TMED9",34.733599975585,8.23177018526707,-26.5018297903179,"PLA"
"ARPC3",67.6582990872612,50.9385587339187,-16.7197403533425,"PLA"
"RPS4X",18.6530775790435,24.0811644935983,5.42808691455482,"PLA"
"PDXK",58.4510894595305,45.6886391640648,-12.7624502954657,"PLA"
"SNTA1",49.7524385327684,37.5857006917627,-12.1667378410057,"PLA"
"AKAP12",92.720551918603,40.7942481419316,-51.9263037766715,"PLA"
"LAMB1",57.9638565829589,89.3603625075839,31.396505924625,"PLA"
"COPS6",49.9959146268386,21.9345683171138,-28.0613463097248,"PLA"
"COL4A2",99.2505882558868,178.88526004049,79.6346717846034,"PLA"
"VAPB",51.4106888120296,26.6953157541734,-24.7153730578562,"PLA"
"FXN",26.7787767674869,20.4989188718935,-6.27985789559345,"PLA"
"RPS24",19.4365304096184,45.5680775063597,26.1315470967413,"PLA"
"RAB21",49.1840763892614,35.9437496648165,-13.2403267244449,"PLA"
"KARS1",34.4802634553285,18.7756735125411,-15.7045899427874,"PLA"
"ADHFE1",66.8902368823252,27.7762403974525,-39.1139964848727,"PLA"
"NDUFB7",30.3883937842949,29.1407637470284,-1.24763003726645,"PLA"
"AHNAK2",42.1831037604637,2.90861199683846,-39.2744917636252,"PLA"
"DMTN",69.0122201393143,66.0730700401577,-2.93915009915661,"PLA"
"MAP1LC3B2",43.1762716770028,23.9226884572441,-19.2535832197586,"PLA"
"LAMP2",26.1463159648214,28.4463837975365,2.30006783271514,"PLA"
"CAMK2B",52.9858892935955,22.0399763446364,-30.945912948959,"PLA"
"RRBP1",57.9006596804162,44.7003579927578,-13.2003016876584,"PLA"
"PRMT1",39.5517895204725,31.0140714368932,-8.53771808357927,"PLA"
"TXNRD1",39.4880057803808,15.2400626770154,-24.2479431033654,"PLA"
"HSPG2",91.3156536331814,152.550767160176,61.2351135269947,"PLA"
"HDHD5",48.8702880255063,30.6202337253705,-18.2500543001358,"PLA"
"PPA2",32.6305745858674,27.5071223095526,-5.12345227631476,"PLA"
"GPNMB",78.2164356629737,68.3740388174038,-9.84239684556992,"PLA"
"ARL8B",29.2122126518997,15.3430701224256,-13.8691425294742,"PLA"
"PTGES2",43.3508263001095,21.250248666365,-22.1005776337444,"PLA"
"ACSL3",48.892152038666,31.5593908273208,-17.3327612113451,"PLA"
"GNG12",67.8149472034368,37.0700371656329,-30.7449100378039,"PLA"
"DNAJA2",46.7488040529735,27.9833277369049,-18.7654763160686,"PLA"
"RPL27A",49.7788627008199,40.4869561749709,-9.29190652584901,"PLA"
"TXNL1",25.2601717792206,8.44274460605173,-16.8174271731689,"PLA"
"MAP3K20",41.7063747665187,30.9503486313352,-10.7560261351835,"PLA"
"YWHAH",26.44562853491,20.1339636359654,-6.3116648989446,"PLA"
"CSE1L",40.2810967194373,24.2838816530717,-15.9972150663655,"PLA"
"TFG",42.0965299072036,26.2613336359727,-15.835196271231,"PLA"
"SNX2",62.1017700197351,29.2024883007982,-32.8992817189368,"PLA"
"PDCD6IP",17.6816432916263,9.11050433230374,-8.57113895932256,"PLA"
"RPS19",33.8082387719078,19.4878158589326,-14.3204229129752,"PLA"
"PTPA",46.2139411791246,33.3020314715303,-12.9119097075942,"PLA"
"ARPC4",62.1862886180382,32.3747967442212,-29.811491873817,"PLA"
"CTBP1",16.9493851912738,2.09141891558453,-14.8579662756892,"PLA"
"TFAM",59.2402091695409,33.9852134152664,-25.2549957542745,"PLA"
"PGRMC1",63.9495504761772,44.7244566822292,-19.225093793948,"PLA"
"RPL12",35.0917458422908,35.6569584595624,0.565212617271584,"PLA"
"GGCT",35.4501644333053,30.2771139096687,-5.17305052363666,"PLA"
"NAGK",44.0096235622081,33.6444480626864,-10.3651754995217,"PLA"
"LPP",60.7918596935714,48.5975832804231,-12.1942764131483,"PLA"
"PAFAH1B3",50.1780882282163,48.9782161743302,-1.19987205388614,"PLA"
"ARPC5",66.9770427264097,39.3124739963382,-27.6645687300715,"PLA"
"PFDN2",48.5036451494207,20.868432387936,-27.6352127614848,"PLA"
"THBS1",71.078116520485,85.2734244445134,14.1953079240283,"PLA"
"RPL23",16.8500809691158,26.0315939597316,9.18151299061579,"PLA"
"RPL35",91.3446035524788,34.7042774193213,-56.6403261331575,"PLA"
"ACSF2",25.9664195536155,34.8579993199747,8.89157976635923,"PLA"
"NDUFA7",67.2918501929071,32.23606140171,-35.055788791197,"PLA"
"ENOPH1",31.4252725431138,14.0575868662429,-17.3676856768708,"PLA"
"PSMD2",21.4768806811434,19.5731241252123,-1.90375655593117,"PLA"
"PPME1",32.1622782375185,27.0214088114458,-5.14086942607272,"PLA"
"FDPS",29.0690988354343,15.1991519188842,-13.86994691655,"PLA"
"COPS2",41.7523143921022,15.6946929014661,-26.0576214906361,"PLA"
"DDX17",20.0622308503863,23.5859427637127,3.5237119133264,"PLA"
"SGCG",8.76612092672136,31.4439706388886,22.6778497121672,"PLA"
"CBR4",37.6785780970108,39.2042588046506,1.52568070763981,"PLA"
"UBL5",52.413753879675,22.5032062129547,-29.9105476667203,"PLA"
"CAB39L",46.5770341845088,50.7806511823052,4.20361699779642,"PLA"
"MYH11",62.5079678460185,77.8236565673308,15.3156887213123,"PLA"
"NID2",85.755990832024,113.869864035915,28.1138732038907,"PLA"
"COL4A1",92.4989529047776,162.032722196335,69.5337692915569,"PLA"
"HHATL",49.3049716671258,48.5802675276132,-0.724704139512632,"PLA"
"FN3K",43.8940074951167,38.1232454854189,-5.77076200969779,"PLA"
"SH3BGRL",74.4806170766007,36.7803566806873,-37.7002603959134,"PLA"
"UTRN",38.8546331112754,37.3143220674925,-1.54031104378288,"PLA"
"MAT2A",35.3662917953949,19.3446039847254,-16.0216878106694,"PLA"
"PSMD13",37.3336432085935,16.9557773263834,-20.37786588221,"PLA"
"DDI2",76.6501616703194,69.7899466586516,-6.86021501166779,"PLA"
"CAPN3",30.1568365342696,18.4170868799664,-11.7397496543031,"PLA"
"RPL13A",43.0476023327891,52.7750766019758,9.72747426918671,"PLA"
"COTL1",64.8437680702835,71.8406375235508,6.99686945326731,"PLA"
"PSMD12",36.5392279297847,20.6803577703458,-15.8588701594389,"PLA"
"COMT",42.2759714889536,53.2101423177553,10.9341708288017,"PLA"
"ALDH6A1",46.0999571334435,39.7777132067761,-6.3222439266674,"PLA"
"IMPDH2",35.7143892305577,16.6441027550564,-19.0702864755013,"PLA"
"MYOF",26.9420864956053,16.3345604298603,-10.607526065745,"PLA"
"PSMD5",20.6399163107097,54.7148410406792,34.0749247299695,"PLA"
"TXLNB",64.244419522517,25.5209634313995,-38.7234560911175,"PLA"
"ATP5F1E",71.5425260271253,34.7882860605489,-36.7542399665765,"PLA"
"CARM1",34.1820893551496,16.5339622512824,-17.6481271038672,"PLA"
"SH3BGRL3",78.8962434065569,38.3564156790641,-40.5398277274928,"PLA"
"SGCB",47.9656334503913,23.0510314284428,-24.9146020219485,"PLA"
"MYOM3",113.5255408573,153.693051691819,40.1675108345192,"PLA"
"FBXO7",83.6632898311606,46.4026748263098,-37.2606150048508,"PLA"
"MAP2K1",41.9835883541914,21.4348392595021,-20.5487490946893,"PLA"
"DYNLL1",32.0427173685906,16.751806539521,-15.2909108290696,"PLA"
"PRKAR2B",8.74441920838212,87.8335911106546,79.0891719022724,"PLA"
"SQOR",38.1876061793176,24.1816143839216,-14.005991795396,"PLA"
"PSME2",29.8223471087511,35.4346588389702,5.6123117302191,"PLA"
"CPNE3",21.9163626098034,30.1903467079039,8.27398409810046,"PLA"
"ECHDC1",76.0954421522292,26.7785158582023,-49.3169262940269,"PLA"
"ASPH",48.5899538790819,23.6706080480719,-24.91934583101,"PLA"
"GNAS",47.1090149207737,34.7480705312549,-12.3609443895187,"PLA"
"CAMK2G",53.0772882477867,23.4228394364871,-29.6544488112996,"PLA"
"APOO",50.8952214882224,27.9406569599692,-22.9545645282531,"PLA"
"JPH2",43.4482930663618,31.9142509869598,-11.5340420794019,"PLA"
"PTMS",79.180815252885,43.6514983819379,-35.5293168709471,"PLA"
"ART3",36.8562213022803,27.5466546129259,-9.30956668935439,"PLA"
"LAMC1",82.4088461020725,153.379556373917,70.9707102718446,"PLA"
"SRSF2",22.0251004916568,31.113325800974,9.08822530931715,"PLA"
"ENDOG",28.2641955955104,56.1428747941885,27.8786791986781,"PLA"
"SYNGR2",32.7829906566264,19.2853798891273,-13.4976107674991,"PLA"
"XRCC5",24.8382163048422,21.4748979649185,-3.36331833992375,"PLA"
"TMEM38A",54.8995883130523,71.3202643993237,16.4206760862714,"PLA"
"SDR39U1",92.4126367294796,23.4547644845348,-68.9578722449448,"PLA"
"TMLHE",29.0058654237446,24.3625797756695,-4.64328564807511,"PLA"
"SYNJ2BP",28.276505932038,8.59619791605812,-19.6803080159799,"PLA"
"PLCD4",41.2169190698331,23.4815242267347,-17.7353948430984,"PLA"
"SNRPD1",32.4444506998657,55.4398709118295,22.9954202119638,"PLA"
"PRKG1",38.7356088641538,45.5524812966112,6.81687243245746,"PLA"
"PC",63.2337690553742,65.7549184188496,2.52114936347537,"PLA"
"OPA1",44.7672392704925,8.17304158163225,-36.5941976888602,"PLA"
"SEC22B",49.287921514279,18.8625146967247,-30.4254068175544,"PLA"
"OXCT1",54.967979301328,37.3255588556723,-17.6424204456557,"PLA"
"PFDN6",34.7449871314537,19.9314619537897,-14.813525177664,"PLA"
"TSPO",48.5560287027333,48.4327623552301,-0.123266347503147,"PLA"
"ALDH7A1",46.4528038784045,40.695778070764,-5.75702580764048,"PLA"
"PSMD11",35.5734484501239,11.5929170787866,-23.9805313713373,"PLA"
"DNM1L",41.6789865371722,9.57549136749639,-32.1034951696759,"PLA"
"NID1",95.2391380677461,132.243174658059,37.004036590313,"PLA"
"HSD17B8",58.6894810058858,47.9757594006396,-10.7137216052462,"PLA"
"SORBS1",88.7657339906167,51.2811833877136,-37.484550602903,"PLA"
"PDAP1",33.1473339626663,22.6848925638623,-10.462441398804,"PLA"
"HNRNPA3",58.25527998851,67.5408658345618,9.28558584605177,"PLA"
"H1-0",45.0742089131194,42.3229019075564,-2.75130700556301,"PLA"
"PARVA",68.707229705507,30.3804726826583,-38.3267570228487,"PLA"
"LACTB",52.3251914164684,30.6252920389206,-21.6998993775478,"PLA"
"FSCN1",67.5749753492461,40.8151036911235,-26.7598716581226,"PLA"
"JPH1",62.4687933489192,36.845905593667,-25.6228877552521,"PLA"
"RPS13",19.0674430824568,37.8693062280483,18.8018631455916,"PLA"
"PROCR",42.5463882613739,47.2039197746474,4.65753151327349,"PLA"
"RPL31",72.6813814657436,37.9316978931602,-34.7496835725833,"PLA"
"NSF",40.1477533926475,28.8781850305707,-11.2695683620768,"PLA"
"PRMT5",38.3723746726943,26.5581418256017,-11.8142328470927,"PLA"
"TOM1",47.2511889943639,22.4121955062269,-24.838993488137,"PLA"
"SELENOW",38.2861294108495,44.1901830421232,5.90405363127365,"PLA"
"COPS5",30.3792108538288,16.7793980823161,-13.5998127715127,"PLA"
"DAG1",39.3084871613006,26.7540387184101,-12.5544484428905,"PLA"
"SRP9",27.1351671072512,13.4500267848654,-13.6851403223858,"PLA"
"PREB",29.6421791665181,38.5454107929137,8.9032316263956,"PLA"
"DCTN2",39.1069644176862,12.6231088687502,-26.483855548936,"PLA"
"PSMD4",17.5055456247071,24.4316046099684,6.92605898526131,"PLA"
"LONP1",44.4628633062265,20.8280142335578,-23.6348490726687,"PLA"
"FUS",23.4747254333827,31.7816904164441,8.30696498306136,"PLA"
"CNN3",93.1681408022519,82.6834711823553,-10.4846696198966,"PLA"
"COBL",15.9381747164662,42.3702941099931,26.4321193935269,"PLA"
"RTCB",19.8140943935343,16.372037430845,-3.44205696268925,"PLA"
"SEPTIN9",73.5693208844645,36.3756819008208,-37.1936389836437,"PLA"
"RPL38",45.5046847488901,20.5494435906219,-24.9552411582682,"PLA"
"EIF2S1",30.0783333661028,14.7519764550105,-15.3263569110923,"PLA"
"SLC25A20",46.9428141977031,36.7982717977592,-10.1445423999439,"PLA"
"ARHGAP1",62.9870827843173,55.6374678515906,-7.34961493272671,"PLA"
"COPS7A",33.2722083555944,20.9123058578967,-12.3599024976977,"PLA"
"ELOC",48.4944158717463,10.2748157161801,-38.2196001555662,"PLA"
"DBT",32.3771633788951,16.7046822204691,-15.6724811584261,"PLA"
"BDH1",62.6598833935957,58.9340946249125,-3.72578876868322,"PLA"
"PAFAH1B1",44.3166323153524,18.0269909309027,-26.2896413844498,"PLA"
"SAMHD1",50.4662866520791,37.1032572786408,-13.3630293734383,"PLA"
"NEK7",51.9288303879907,26.5391509491733,-25.3896794388174,"PLA"
"MRPS36",19.8650856514772,19.0873998903677,-0.777685761109552,"PLA"
"ERI3",50.848155533948,20.4412547952925,-30.4069007386555,"PLA"
"UBE2M",53.3426346234647,12.7611372813311,-40.5814973421336,"PLA"
"RPL8",55.9036080477895,42.5434107074581,-13.3601973403315,"PLA"
"NDUFS4",51.4788254931227,30.4756286064827,-21.00319688664,"PLA"
"RPS17",46.4934570852626,20.5183752693948,-25.9750818158679,"PLA"
"RAP2B",35.4252469539963,48.9737564687088,13.5485095147124,"PLA"
"TMED10",28.8819033287706,36.8104536099523,7.92855028118166,"PLA"
"VPS4A",43.1550403613395,23.2852547375458,-19.8697856237938,"PLA"
"SGCA",45.1382563074877,23.4878308677838,-21.6504254397039,"PLA"
"ACLY",62.6243797946787,47.761921120052,-14.8624586746267,"PLA"
"PRKAA2",17.6873775524649,34.8859692838818,17.1985917314169,"PLA"
"DNPEP",36.6416472787386,20.3896816084984,-16.2519656702402,"PLA"
"PLPBP",60.2660556521537,30.1608846501196,-30.1051710020341,"PLA"
"LYVE1",88.3972727237594,46.1404257018273,-42.2568470219321,"PLA"
"RAB14",38.671933077931,22.4560363485705,-16.2158967293605,"PLA"
"RPL13",67.7104110983784,48.0200190406118,-19.6903920577666,"PLA"
"RALA",47.7792238951591,16.9328759440216,-30.8463479511375,"PLA"
"KIF5B",40.6327859760872,19.2340377925582,-21.3987481835291,"PLA"
"PSMD1",32.8198617181877,22.6313855885888,-10.1884761295989,"PLA"
"DIAPH2",83.9171657304977,37.027263599544,-46.8899021309537,"PLA"
"PFDN1",44.3782698275588,41.8111321030441,-2.56713772451471,"PLA"
"SCCPDH",41.2165835572434,22.8965435799714,-18.320039977272,"PLA"
"SLMAP",18.4500886853792,35.0508104456708,16.6007217602916,"PLA"
"DBN1",44.4989997164416,31.5713008446799,-12.9276988717617,"PLA"
"GCDH",34.84179328197,15.7065255578442,-19.1352677241258,"PLA"
"MGLL",85.6281435373979,41.7703711943714,-43.8577723430265,"PLA"
"SCRN3",70.5622794996433,38.2670460329063,-32.295233466737,"PLA"
"MAP1B",29.4306379674786,12.5558899279202,-16.8747480395584,"PLA"
"MECR",53.58099161872,30.7436272104117,-22.8373644083082,"PLA"
"TRAP1",48.8972230284706,23.8067549217908,-25.0904681066798,"PLA"
"DENR",49.7106870563318,44.6272231029651,-5.08346395336664,"PLA"
"ENDOD1",47.5165587717764,17.8990310226409,-29.6175277491355,"PLA"
"COQ10B",56.2628870147053,65.5450541999073,9.28216718520203,"PLA"
"SEPTIN2",56.5749691702584,21.1431678448203,-35.4318013254382,"PLA"
"UBE2K",36.1138554368522,18.0440756214909,-18.0697798153614,"PLA"
"EPRS1",30.9496545225941,21.5655613472903,-9.38409317530381,"PLA"
"GPS1",54.3695429036279,8.28744004703869,-46.0821028565892,"PLA"
"PANK4",46.6873155969111,20.8870664171279,-25.8002491797832,"PLA"
"CYBRD1",101.18289445391,63.292614302191,-37.8902801517188,"PLA"
"HNRNPR",25.8499710153654,21.2051016813108,-4.64486933405463,"PLA"
"AP2A1",29.6870937448985,12.5159915735716,-17.171102171327,"PLA"
"NAPRT",25.2033234396396,34.6418988823288,9.43857544268924,"PLA"
"PEPD",25.2442666093269,9.91961444444877,-15.3246521648781,"PLA"
"SULT1A1",69.0882546476486,42.3813336717461,-26.7069209759025,"PLA"
"RPS21",22.9617862006313,26.8658616449923,3.90407544436101,"PLA"
"ERAP1",43.2945916654086,11.991582647236,-31.3030090181726,"PLA"
"ERGIC1",19.0790844982701,23.0162454043598,3.93716090608972,"PLA"
"RPS15",111.067236583422,129.40846746312,18.3412308796977,"PLA"
"PLIN2",33.239636190063,62.867709025077,29.628072835014,"PLA"
"EFEMP1",79.0370069821825,46.3828546384025,-32.65415234378,"PLA"
"IVD",47.5476462148818,25.2771501286822,-22.2704960861996,"PLA"
"RPL17",57.7773265060961,49.5266696439365,-8.2506568621596,"PLA"
"PALM",34.7662966948837,46.8055084669039,12.0392117720202,"PLA"
"SYNCRIP",32.7159061804409,23.8305779327145,-8.88532824772642,"PLA"
"PTBP1",86.0185964565341,50.9722354264826,-35.0463610300514,"PLA"
"RPS8",16.2884802482318,19.383036968608,3.09455672037614,"PLA"
"SPRYD4",47.3417836659946,27.9353350096184,-19.4064486563762,"PLA"
"DPP3",29.4484677235525,32.7377716088588,3.28930388530636,"PLA"
"CCS",43.7692525387974,58.428020201664,14.6587676628666,"PLA"
"MT-ATP8",67.5496718723951,23.8377024175485,-43.7119694548466,"PLA"
"OCIAD1",30.0555261419746,33.0043934935794,2.94886735160481,"PLA"
"QSOX1",43.1954860146139,1.89349102843998,-41.3019949861739,"PLA"
"TNS1",79.6499449294015,40.9336570978892,-38.7162878315123,"PLA"
"EIF3A",29.783599809091,15.4844192451309,-14.29918056396,"PLA"
"PURA",38.016739227335,42.9343799453496,4.91764071801455,"PLA"
"ESYT1",75.705796848545,53.6808109741184,-22.0249858744265,"PLA"
"SUCLG2",32.4017392523816,28.3822534091444,-4.01948584323717,"PLA"
"DDOST",41.9275444053599,29.3643045380525,-12.5632398673074,"PLA"
"VARS1",34.1030734614898,13.6617351450245,-20.4413383164653,"PLA"
"RPL27",27.060245730887,45.9966226626588,18.9363769317718,"PLA"
"C1R",50.5163669253074,69.3554690462797,18.8391021209723,"PLA"
"MRC1",29.6166929950221,8.667129422411,-20.9495635726111,"PLA"
"ITGA7",50.8746695164747,11.4795708265494,-39.3950986899253,"PLA"
"NPLOC4",59.4338497899083,5.51453770944531,-53.919312080463,"PLA"
"FECH",56.0963078837667,18.4420568758539,-37.6542510079128,"PLA"
"GLIPR2",91.892358813918,63.1411284858087,-28.7512303281093,"PLA"
"NIBAN1",19.7510044030539,23.7562370933671,4.00523269031318,"PLA"
"ISOC1",37.799715463849,10.5621502975747,-27.2375651662744,"PLA"
"ABHD10",33.855226811409,23.753602520778,-10.101624290631,"PLA"
"NDUFA11",10.4472574225778,55.2676926824192,44.8204352598415,"PLA"
"TRIM54",39.3598171096097,38.6637422831892,-0.696074826420535,"PLA"
"SNRPD3",36.9703994963249,24.8326813899274,-12.1377181063975,"PLA"
"CLTA",80.7101802288727,8.92438438942252,-71.7857958394501,"PLA"
"ME2",50.5520256527787,30.0815071907437,-20.470518462035,"PLA"
"PSMC4",33.2390178212192,15.7624007403264,-17.4766170808928,"PLA"
"RTCA",47.4210923806823,28.5966987674204,-18.8243936132619,"PLA"
"NDUFB5",67.9156796373284,29.3130648859267,-38.6026147514017,"PLA"
"ERLIN2",22.591555186465,25.1984512047089,2.60689601824391,"PLA"
"PDCD6",32.3287260495661,18.8951584054772,-13.433567644089,"PLA"
"LXN",61.2934228335129,34.6635688485737,-26.6298539849392,"PLA"
"VAMP3",55.1446060932003,30.4745009738348,-24.6701051193655,"PLA"
"LYPLA2",49.1921919731438,19.4855348440175,-29.7066571291263,"PLA"
"VAMP2",67.3999852755271,49.0813439006415,-18.3186413748856,"PLA"
"RPL7A",16.5939998674273,38.5520250483956,21.9580251809682,"PLA"
"UBE2I",38.690419298551,46.2263085004468,7.53588920189581,"PLA"
"NRAP",58.4383785195169,57.4582453320762,-0.980133187440721,"PLA"
"PSMC5",20.703732863284,12.7058896537545,-7.99784320952949,"PLA"
"PRKAG1",59.1879151996096,29.4928719030402,-29.6950432965694,"PLA"
"XRCC6",21.5597916643716,20.2793011300208,-1.2804905343508,"PLA"
"PAICS",24.0425015538565,21.2018454016584,-2.84065615219806,"PLA"
"MTAP",24.1257033090682,19.7504194892117,-4.37528381985648,"PLA"
"SLC16A1",59.8334824871475,32.7753162375008,-27.0581662496467,"PLA"
"HLA-DRA",50.5091752436925,22.6344135181191,-27.8747617255733,"PLA"
"FAM114A2",21.5245745408367,22.8579120078239,1.33333746698716,"PLA"
"CPPED1",54.7666475648826,32.4200478128583,-22.3465997520243,"PLA"
"RPN2",24.8481767349856,45.7298291630186,20.8816524280331,"PLA"
"CYB5B",41.4770369115743,53.3317602997241,11.8547233881498,"PLA"
"CAMK2A",53.9327372246874,26.964758926728,-26.9679782979594,"PLA"
"SGTA",43.345808915477,20.8648884119501,-22.4809205035269,"PLA"
"CNN2",82.4310373169356,65.8224420490148,-16.6085952679208,"PLA"
"IAH1",51.425861822644,23.5527685743736,-27.8730932482704,"PLA"
"UBAC1",44.4730225634352,22.6968205886856,-21.7762019747496,"PLA"
"CLTB",76.1070179442783,16.7395015381328,-59.3675164061455,"PLA"
"TMCO1",41.4375977930002,14.244178893128,-27.1934188998722,"PLA"
"HNRNPA1",39.7710900803033,28.580071700869,-11.1910183794343,"PLA"
"SUOX",36.0186722175287,20.586468648908,-15.4322035686206,"PLA"
"HSPB8",35.6285676353167,106.769149570939,71.140581935622,"PLA"
"PSMD9",35.597331211253,30.0621898030047,-5.53514140824831,"PLA"
"MCEE",33.8980904432347,11.9764674265748,-21.9216230166599,"PLA"
"SIRT3",53.8041249442433,35.7074264880751,-18.0966984561682,"PLA"
"XPNPEP1",39.2614723338208,23.0606929432348,-16.200779390586,"PLA"
"MAPRE1",19.5016402589378,21.1011503672041,1.59951010826632,"PLA"
"SRSF1",36.1863550831606,28.8567257121943,-7.32962937096629,"PLA"
"SHMT1",45.8066251277798,10.7544409523857,-35.0521841753941,"PLA"
"SRSF6",33.1058926056259,29.0990640607607,-4.00682854486517,"PLA"
"HNRNPH2",17.7662831037534,23.8153965998444,6.04911349609097,"PLA"
"TMEM205",55.5710482803833,16.5849186578553,-38.986129622528,"PLA"
"CKAP4",76.010008994778,25.9644392608278,-50.0455697339502,"PLA"
"G6PD",42.2202622709218,49.7735290582625,7.55326678734064,"PLA"
"ERP29",57.4627545763945,24.3800684980396,-33.0826860783549,"PLA"
"DNM2",26.3407555636447,22.2266479875699,-4.11410757607486,"PLA"
"CACNB1",46.6919640354253,17.8754922777831,-28.8164717576421,"PLA"
"VTA1",37.7292909009977,47.4345533545661,9.7052624535684,"PLA"
"ACY1",46.916947323345,26.6523582232871,-20.2645891000579,"PLA"
"CALD1",120.769062051716,59.4210972022368,-61.347964849479,"PLA"
"GGT5",7.45083116208335,31.4537428117479,24.0029116496645,"PLA"
"RPL35A",69.2589519301592,10.5224862540573,-58.7364656761019,"PLA"
"RANBP1",38.9041963243216,39.3059053635852,0.401709039263551,"PLA"
"STUB1",54.4430475171409,26.8549248963809,-27.58812262076,"PLA"
"METAP2",48.9347774608264,23.3266120661308,-25.6081653946956,"PLA"
"CARNS1",69.3247510362879,42.1862004886639,-27.138550547624,"PLA"
"BZW1",60.0741374761762,27.0422308736526,-33.0319066025236,"PLA"
"CTSG",75.9293292943694,60.484087626623,-15.4452416677464,"PLA"
"MAPK12",56.7637592264759,43.2369984678949,-13.5267607585811,"PLA"
"MTX2",73.1363253314122,29.2497921114428,-43.8865332199694,"PLA"
"GCLM",62.3781698740966,74.1168974121435,11.7387275380469,"PLA"
"SYPL1",37.3702897678306,17.6864666532248,-19.6838231146058,"PLA"
"FERMT2",35.8254328467079,28.0761040214771,-7.74932882523082,"PLA"
"HNRNPU",52.5538660882871,22.2372567693032,-30.3166093189839,"PLA"
"NIT1",50.8166067042779,26.4658821184441,-24.3507245858337,"PLA"
"KLC1",54.9044598445413,28.0549707440446,-26.8494891004967,"PLA"
"COQ5",49.2836480449925,23.3687824796888,-25.9148655653037,"PLA"
"RNF123",52.1382050775245,22.7779307860804,-29.3602742914441,"PLA"
"COPB2",72.8897658897202,51.9420816383994,-20.9476842513208,"PLA"
"SYNM",53.7803691412317,120.610126448774,66.8297573075423,"PLA"
"SEC23A",19.86031815645,39.0868062328499,19.2264880763999,"PLA"
"USO1",47.3398875938308,20.0382669071903,-27.3016206866406,"PLA"
"SARS1",38.4094191965467,32.0565488264762,-6.3528703700705,"PLA"
"GARS1",42.6631154205111,28.4896530192949,-14.1734624012162,"PLA"
"GMFG",82.2773145043157,47.059989535189,-35.2173249691267,"PLA"
"ASPA",48.6168767487186,49.8106928653536,1.19381611663503,"PLA"
"PGM2",52.1819132971908,19.0278431193974,-33.1540701777934,"PLA"
"KRAS",58.0969250475376,16.3681907648547,-41.7287342826829,"PLA"
"THAP4",31.4883504993055,36.4843908826043,4.99604038329886,"PLA"
"NIF3L1",32.2946783318207,18.5121070619764,-13.7825712698443,"PLA"
"RNF7",76.2678689061327,33.6664933210831,-42.6013755850496,"PLA"
"RPS11",28.8927208406283,50.782372102308,21.8896512616797,"PLA"
"RPL30",34.5137019065124,65.8814730411975,31.3677711346851,"PLA"
"LIMS1",36.0065099619816,31.5264944586886,-4.480015503293,"PLA"
"DDAH2",91.7268124979006,54.421799666632,-37.3050128312686,"PLA"
"TLN2",72.7938691750467,35.5429497553205,-37.2509194197262,"PLA"
"PTRHD1",88.0840525516183,47.2663332186052,-40.8177193330131,"PLA"
"FAHD1",38.8159348859522,31.611189341095,-7.20474554485725,"PLA"
"MCM3AP",80.0073178801029,41.8457219491013,-38.1615959310016,"PLA"
"HSD17B12",38.295312974526,37.1954713931018,-1.09984158142421,"PLA"
"EPB41L2",76.0550027817629,49.8989980150093,-26.1560047667536,"PLA"
"HNRNPDL",24.195743853166,30.0598164542929,5.86407260112688,"PLA"
"SEPTIN11",60.6950092834401,33.7441143401013,-26.9508949433388,"PLA"
"DHCR24",68.4007865468046,26.4828554676852,-41.9179310791194,"PLA"
"UFM1",25.0675113626688,21.2573241177294,-3.81018724493937,"PLA"
"PPP5C",48.0846313497607,23.0547397983265,-25.0298915514342,"PLA"
"CNBP",78.1694802516217,26.8682091277835,-51.3012711238382,"PLA"
"ATP6V1E1",45.6217692287196,36.1145898995876,-9.507179329132,"PLA"
"RTN3",78.1091565389752,44.9067810018669,-33.2023755371083,"PLA"
"MAPK3",65.4956007866747,32.1706119483932,-33.3249888382815,"PLA"
"PUF60",40.7224238110069,50.1396929207019,9.41726910969498,"PLA"
"PICALM",82.847507838981,59.2346451222549,-23.6128627167261,"PLA"
"COX19",36.7901339086734,19.7780299814697,-17.0121039272037,"PLA"
"ACAT2",54.8370381583315,32.574491796924,-22.2625463614074,"PLA"
"VKORC1L1",29.1001479416667,1.27376757526304,-27.8263803664037,"PLA"
"PDIA4",59.0814730408069,25.8093831671783,-33.2720898736286,"PLA"
"FAM136A",26.0561103173223,24.234630773276,-1.82147954404635,"PLA"
"VPS35",58.0852595396664,43.7108625555258,-14.3743969841406,"PLA"
"PRKAA1",64.5222229090887,24.5673446860085,-39.9548782230802,"PLA"
"COA6",47.9872552184476,29.9207462336209,-18.0665089848267,"PLA"
"RPL6",36.9322399125808,41.9541437569648,5.02190384438397,"PLA"
"MCU",62.0566274098449,21.2556501337184,-40.8009772761266,"PLA"
"VPS26A",21.7620508156215,26.9644491367262,5.20239832110469,"PLA"
"ARPP19",39.2256655580177,26.0916377176382,-13.1340278403795,"PLA"
"ARPC2",74.611608500781,22.9676165118433,-51.6439919889377,"PLA"
"GSTM4",81.6875105482982,111.239143454395,29.5516329060971,"PLA"
"OPTN",27.3435248421341,40.0343266876646,12.6908018455305,"PLA"
"ARF6",60.4917956685472,20.099992665439,-40.3918030031082,"PLA"
"PRDX4",33.268719331361,20.3094886357691,-12.9592306955919,"PLA"
"DYNC1LI2",63.6855548276488,47.4021978482732,-16.2833569793756,"PLA"
"TPP2",41.8472599105609,22.4499104526143,-19.3973494579467,"PLA"
"HMBS",55.7980561243139,53.2713452174906,-2.5267109068233,"PLA"
"AHSA1",34.8451519369212,31.2074323543663,-3.63771958255487,"PLA"
"CRIP2",121.137705887103,66.0904277053786,-55.0472781817239,"PLA"
"ACTR3",41.6349335497895,33.0123060911332,-8.62262745865627,"PLA"
"TIPRL",45.5472921553639,19.2935219713278,-26.2537701840361,"PLA"
"PPM1B",52.2881267678028,10.2457567869822,-42.0423699808206,"PLA"
"HIKESHI",52.4393515523585,39.5628865592461,-12.8764649931123,"PLA"
"QARS1",35.9750028527391,21.6258948867444,-14.3491079659947,"PLA"
"USP9X",42.7003823111048,37.9804380112699,-4.71994429983484,"PLA"
"KCTD12",58.0185936138883,48.8256627453478,-9.19293086854046,"PLA"
"CORO1C",90.0585687274871,54.6462450074692,-35.4123237200178,"PLA"
"PITHD1",42.325323951015,28.3268394185129,-13.9984845325021,"PLA"
"TMX4",35.8508096735378,35.6280643333494,-0.222745340188382,"PLA"
"TGM2",53.6248290163619,72.1545257274782,18.5296967111164,"PLA"
"MMUT",34.252008108942,28.2052027941942,-6.04680531474778,"PLA"
"TBCB",54.4495530288561,24.5927125734355,-29.8568404554206,"PLA"
"STMN1",55.4765022615638,53.6112939822196,-1.86520827934419,"PLA"
"NUDT3",30.1345060001779,29.6111434758959,-0.523362524281996,"PLA"
"KRT5",97.1640528804084,18.1240455013203,-79.0400073790881,"PLA"
"NDUFA3",75.8054057750372,24.3762417842979,-51.4291639907393,"PLA"
"ACAD8",61.5593261818744,28.9142849875564,-32.645041194318,"PLA"
"SUB1",35.3319408316945,34.3193559569076,-1.01258487478692,"PLA"
"ADK",35.9666584394486,17.8816207796072,-18.0850376598414,"PLA"
"SSB",31.697127788144,15.4924000648298,-16.2047277233142,"PLA"
"LAMP1",69.0086532877459,34.829067181128,-34.1795861066178,"PLA"
"EIF1AX",27.7293501018186,20.0317185060387,-7.69763159577993,"PLA"
"CSDE1",62.1283835964756,24.1937613549599,-37.9346222415157,"PLA"
"FBLN2",59.3612696439175,39.6509745712214,-19.7102950726961,"PLA"
"RAB1A",59.6391950235788,39.5255751893595,-20.1136198342193,"PLA"
"MPP1",68.4621163607868,34.4187520749998,-34.043364285787,"PLA"
"MFAP5",39.5706140104662,48.6344486865126,9.0638346760464,"PLA"
"HMGCL",28.8672301413751,18.8078157893624,-10.0594143520127,"PLA"
"EYA3",47.4429710026709,28.1762690982254,-19.2667019044455,"PLA"
"LAMTOR3",35.0258707447795,19.5734452619401,-15.4524254828394,"PLA"
"REXO2",17.0395277771958,16.7961879759506,-0.24333980124516,"PLA"
"DDX1",32.7170703607755,21.2823054608529,-11.4347648999225,"PLA"
"CTSH",26.3085670633351,27.6749640065721,1.36639694323701,"PLA"
"AP2B1",37.7036008516383,22.691675093585,-15.0119257580532,"PLA"
"ITGA6",53.3719173229832,15.7026192688994,-37.6692980540838,"PLA"
"HINT3",55.5698061398711,28.7702230801628,-26.7995830597083,"PLA"
"MPC1",48.8307128929233,68.7069707098174,19.8762578168942,"PLA"
"PSMD6",36.9628054385861,13.569685817,-23.3931196215861,"PLA"
"LDHD",62.2930311651176,64.9771300154241,2.68409885030648,"PLA"
"NAP1L1",17.2829188511189,9.06639197174827,-8.21652687937067,"PLA"
"HLA-A",49.8242713072048,35.1872210193529,-14.6370502878519,"PLA"
"HNRNPC",63.600715016472,24.7037809849551,-38.8969340315169,"PLA"
"CIAPIN1",32.3776659534042,5.78120786360696,-26.5964580897973,"PLA"
"APEX1",25.7406316372631,26.4067717692646,0.666140132001477,"PLA"
"FXYD1",62.5085954219095,40.5509323335645,-21.957663088345,"PLA"
"COA3",51.7236535030794,32.1600081585282,-19.5636453445512,"PLA"
"CNIH4",42.8420047569529,36.8632371158149,-5.97876764113803,"PLA"
"DTD1",35.6305407749654,36.4293400292773,0.798799254311852,"PLA"
"ACTR2",36.2980993262235,18.7822434846659,-17.5158558415576,"PLA"
"CARHSP1",50.5203898105206,47.7887244986662,-2.73166531185439,"PLA"
"RAB12",43.0084775882808,22.4811423355087,-20.5273352527721,"PLA"
"ADD3",35.2117266315225,22.714183192273,-12.4975434392494,"PLA"
"ECM1",34.7111628064054,27.5898358354467,-7.1213269709587,"PLA"
"SLIRP",32.7527805738301,18.5831257303449,-14.1696548434852,"PLA"
"UBXN1",35.4338618702274,13.4308438796864,-22.003017990541,"PLA"
"NPEPL1",70.224274197432,4.96218673174626,-65.2620874656857,"PLA"
"MYL4",78.5711767700124,106.826071882535,28.2548951125222,"PLA"
"MSI2",27.1986031738791,26.8071821583996,-0.391421015479498,"PLA"
"VPS29",40.0025354641462,25.9488805927356,-14.0536548714106,"PLA"
"RPS14",37.9383673811613,30.33375030697,-7.60461707419129,"PLA"
"DDX19A",58.9312034479207,11.4185220920259,-47.5126813558948,"PLA"
"EIF4E",35.984944981011,18.1307956078701,-17.8541493731409,"PLA"
"DYNC1I2",34.3854589985896,16.1865544657057,-18.1989045328839,"PLA"
"FLOT1",30.6378713318907,26.8658549139342,-3.7720164179565,"PLA"
"TNXB",71.6752338223657,109.595406591575,37.9201727692097,"PLA"
"DHX15",46.285919134254,74.4082811293514,28.1223619950974,"PLA"
"SSBP1",54.0505180761344,25.0490682750561,-29.0014498010783,"PLA"
"PPP1R2",70.0219284737121,25.2170154197922,-44.8049130539198,"PLA"
"TIMM44",57.8325942858186,27.4834515199808,-30.3491427658377,"PLA"
"METTL26",44.8299193477041,6.14148948805768,-38.6884298596465,"PLA"
"IBA57",22.7517286941654,30.2119688996997,7.46024020553429,"PLA"
"XPO1",31.9070774944169,17.725033156343,-14.1820443380739,"PLA"
"RPL24",39.1529477568316,16.5074775528674,-22.6454702039642,"PLA"
"FBLN5",72.2417285739774,48.3751366958353,-23.8665918781421,"PLA"
"ATP6V1A",42.8014330736376,25.8873045320473,-16.9141285415903,"PLA"
"ARMT1",48.0129818848593,30.6540039407362,-17.3589779441231,"PLA"
"MLEC",29.9050631825838,35.1266530552922,5.22158987270845,"PLA"
"NXN",45.6330653559792,43.3273362434006,-2.30572911257863,"PLA"
"EIF3B",30.5870146653117,16.9682269623245,-13.6187877029872,"PLA"
"DDX39B",26.5540134683341,17.4631524012711,-9.09086106706301,"PLA"
"SNX12",30.0096441169718,71.830295925633,41.8206518086612,"PLA"
"DTNA",46.0449043735679,62.8899474369213,16.8450430633534,"PLA"
"NT5DC1",46.4351334694521,50.4753664384378,4.04023296898568,"PLA"
"GLUL",38.6067617206526,21.5754629718203,-17.0312987488323,"PLA"
"GLRX3",26.2852858860026,25.8202703916523,-0.46501549435024,"PLA"
"RCN3",73.3162935981493,40.2081242603337,-33.1081693378156,"PLA"
"GNA11",48.5851851290458,29.0787058169772,-19.5064793120686,"PLA"
"FLOT2",38.6028927052372,61.1652985256619,22.5624058204246,"PLA"
"SPPL2A",31.042866921758,34.5073337889106,3.46446686715259,"PLA"
"RPL9",54.029837584039,48.8952468761654,-5.13459070787366,"PLA"
"PPM1A",41.2681797602435,18.1583055859038,-23.1098741743397,"PLA"
"ATP6V0D1",21.9408195764999,46.5819336994362,24.6411141229364,"PLA"
"VPS25",29.2155335184736,6.59774751902653,-22.617785999447,"PLA"
"MT-ND3",68.6744588878393,42.4054910613821,-26.2689678264572,"PLA"
"GMPR",40.7429210722188,34.3983593621259,-6.34456171009293,"PLA"
"CHMP2A",63.7037385081321,28.1561493994718,-35.5475891086603,"PLA"
"TRMT112",32.9603039499411,14.7843875594315,-18.1759163905096,"PLA"
"RPL15",43.3383746978317,23.1874959574801,-20.1508787403515,"PLA"
"EPHX2",19.8428795161558,23.9376044209467,4.09472490479086,"PLA"
"FERMT3",78.7564839902076,27.3368127577598,-51.4196712324478,"PLA"
"PFDN5",28.7401431490242,15.6617101396695,-13.0784330093547,"PLA"
"ITGAV",35.1736412288863,28.5916398729513,-6.58200135593496,"PLA"
"CD248",33.91186288192,5.63740803081682,-28.2744548511032,"PLA"
"RPIA",40.0851332727111,36.5617403105182,-3.52339296219296,"PLA"
"RRAD",41.7959627501882,28.7500057356782,-13.04595701451,"PLA"
"NT5E",73.2939459167888,65.3409383863693,-7.95300753041953,"PLA"
"RRAS2",49.8165966367216,21.4894590085133,-28.3271376282082,"PLA"
"VPS13C",22.6998942084455,4.93623535970689,-17.7636588487386,"PLA"
"IDI1",29.8474069206412,39.4955623756029,9.64815545496177,"PLA"
"HSPA12A",54.1825026372897,45.4066172385992,-8.77588539869051,"PLA"
"RPL4",16.170924976542,30.0824767308819,13.9115517543398,"PLA"
"RARS1",38.1536714908356,22.3049423630583,-15.8487291277773,"PLA"
"TXNDC5",82.3546803628019,37.3555890459909,-44.999091316811,"PLA"
"ABCF1",61.039560651415,29.970842592879,-31.068718058536,"PLA"
"PPIL3",49.7845271276204,17.7977451073569,-31.9867820202634,"PLA"
"NT5C",42.7276738023769,38.3131089250486,-4.41456487732827,"PLA"
"HDHD2",28.8991204137501,32.2552729576126,3.35615254386248,"PLA"
"PAK2",25.7841214544552,23.8070619883797,-1.97705946607546,"PLA"
"DEPTOR",48.3623317390373,21.0084237411901,-27.3539079978473,"PLA"
"PRPSAP2",38.7873370006032,39.5305076917011,0.743170691097895,"PLA"
"NLN",67.0289487782258,30.1970394668496,-36.8319093113761,"PLA"
"BTF3L4",31.1153452827642,3.59313648540888,-27.5222087973553,"PLA"
"CDV3",45.7872791961669,42.6475257365925,-3.13975345957437,"PLA"
"EIF3E",28.8006923206196,25.706444736589,-3.09424758403063,"PLA"
"RAB5B",34.4180056655591,18.8424569220731,-15.575548743486,"PLA"
"CAPG",95.3717859308373,56.7649749272334,-38.6068110036039,"PLA"
"SH3GLB1",29.9326438022895,16.4015640979787,-13.5310797043108,"PLA"
"SNTB1",58.9513839728544,36.3672141136677,-22.5841698591867,"PLA"
"GSPT1",33.8579626876415,16.9609955212444,-16.8969671663971,"PLA"
"COL3A1",84.342518500437,106.804691179283,22.4621726788455,"PLA"
"PTGIS",67.6447516380553,96.6651992828604,29.0204476448051,"PLA"
"EIF2S3",27.652712416354,7.1034457846022,-20.5492666317518,"PLA"
"TIMM50",92.0160739980721,26.4911310311467,-65.5249429669254,"PLA"
"IPO7",41.1110819123172,25.0680610026862,-16.043020909631,"PLA"
"DCTN1",20.864186853838,16.4727169024622,-4.3914699513758,"PLA"
"LMAN2",47.7188346699829,34.086127887571,-13.6327067824119,"PLA"
"NDUFV3",55.0166337422328,27.116938137256,-27.8996956049768,"PLA"
"DDX3X",16.1898428055485,27.0515695521194,10.8617267465709,"PLA"
"CUL4A",56.3745988628538,33.5038257343229,-22.8707731285309,"PLA"
"ECHDC3",52.3295844131067,49.4526014275985,-2.87698298550816,"PLA"
"LRP1",39.8723592315264,12.7090025299682,-27.1633567015582,"PLA"
"LNPK",38.260005830383,39.5296798731809,1.26967404279788,"PLA"
"DCUN1D1",41.4201647314553,53.3154125105847,11.8952477791294,"PLA"
"PCTP",2.99132510040204,45.9088903706779,42.9175652702759,"PLA"
"MSRB2",49.6835883953007,16.1816630967103,-33.5019252985904,"PLA"
"PIN4",46.4915557799382,28.984855836182,-17.5066999437562,"PLA"
"SMS",54.4322252107181,30.8733514821176,-23.5588737286005,"PLA"
"AGO2",46.6851330303805,49.4664338041234,2.78130077374291,"PLA"
"PPTC7",3.22433505241917,25.0534897868653,21.8291547344461,"PLA"
"RCN1",57.2826446880357,14.7019095823872,-42.5807351056485,"PLA"
"UBXN6",35.8737440566607,20.1621439243512,-15.7116001323095,"PLA"
"CUL3",19.2481289456164,27.6926070121005,8.44447806648404,"PLA"
"ADD1",48.2030811272686,36.2583017376465,-11.9447793896221,"PLA"
"ATP6V1G1",19.540238833101,25.9793329456534,6.43909411255235,"PLA"
"CLIP1",44.9963723656602,22.3462147146294,-22.6501576510307,"PLA"
"EIF3C",15.9939298640489,33.8056416471355,17.8117117830866,"PLA"
"PSMD3",25.3823074832421,23.5108443304343,-1.87146315280788,"PLA"
"DHX9",55.1823381208606,29.692368153969,-25.4899699668916,"PLA"
"ATPAF2",27.5496598664167,27.9765256264405,0.42686576002373,"PLA"
"EIF3G",41.5614593825708,18.1078040278319,-23.4536553547388,"PLA"
"COX17",48.9253479062279,41.6541193769471,-7.27122852928078,"PLA"
"SURF1",40.3093845448978,46.7950623791763,6.48567783427845,"PLA"
"AHCYL1",44.0457309327432,24.5418979569742,-19.5038329757689,"PLA"
"STXBP3",53.9240791955864,19.7175676377779,-34.2065115578085,"PLA"
"TMEM256",39.6416426472217,19.0098770242019,-20.6317656230198,"PLA"
"GYPC",53.8764994955932,44.9966248789157,-8.87987461667756,"PLA"
"TBC1D17",53.8875370550703,26.8723460818769,-27.0151909731934,"PLA"
"EML1",57.2350218520533,36.1254711158407,-21.1095507362125,"PLA"
"SCARB2",36.5351318008558,32.3897636050342,-4.14536819582157,"PLA"
"CNP",101.620959925343,16.6489787609074,-84.9719811644359,"PLA"
"LIMA1",37.8437865094459,46.6556142797399,8.81182777029397,"PLA"
"DNAJC11",8.498960795482,61.0183221809534,52.5193613854714,"PLA"
"RCN2",60.5743510136974,14.4647171130295,-46.1096339006679,"PLA"
"PITRM1",47.7124724711938,20.6628211268197,-27.0496513443741,"PLA"
"MAT2B",37.1205240161035,21.3735307502802,-15.7469932658233,"PLA"
"CHCHD10",43.1718830633092,53.1052882017837,9.93340513847443,"PLA"
"CPNE1",34.8835500193973,34.5475803255989,-0.335969693798361,"PLA"
"RBMX",57.5821399352718,37.1792458245211,-20.4028941107508,"PLA"
"CD63",47.9300695040412,56.8970522737977,8.9669827697565,"PLA"
"AP1B1",52.6153440336162,36.1948716205296,-16.4204724130866,"PLA"
"PLIN5",63.8089806002082,35.1363945374767,-28.6725860627315,"PLA"
"IST1",25.9491612045515,15.1097580518902,-10.8394031526613,"PLA"
"TMED2",27.7391089446767,36.8961150466411,9.15700610196436,"PLA"
"NDUFAF4",52.7673118597397,45.077117022112,-7.69019483762767,"PLA"
"CHMP3",21.0449004589593,9.05868710580792,-11.9862133531513,"PLA"
"SESN1",17.9052153333155,32.8410651073992,14.9358497740837,"PLA"
"GART",49.4391104265102,29.6775933223493,-19.761517104161,"PLA"
"OXSM",34.0299992040064,50.7789050425763,16.7489058385699,"PLA"
"TMEM143",56.3440852641818,37.6487929450139,-18.695292319168,"PLA"
"MT-ND4",121.50611742937,55.259072867756,-66.2470445616137,"PLA"
"TMX3",43.2333495668233,43.6443651926814,0.411015625858084,"PLA"
"ATP6V1B2",26.4718789766862,11.6390654452729,-14.8328135314132,"PLA"
"STX7",72.0507283721772,39.4015266691861,-32.6492017029911,"PLA"
"DYNLRB1",65.5769367198081,8.29440443596567,-57.2825322838424,"PLA"
"HNRNPF",12.7552370493245,27.033546539242,14.2783094899175,"PLA"
"RHOG",83.0765684037253,24.6450914322373,-58.431476971488,"PLA"
"RUVBL2",58.3402285065161,32.4616051036219,-25.8786234028942,"PLA"
"CUL2",30.0322907054727,54.2782325908189,24.2459418853462,"PLA"
"CPT1A",44.8389831240802,65.6036874083176,20.7647042842374,"PLA"
"SLC44A2",48.9441634891782,42.2582314004899,-6.6859320886883,"PLA"
"SHMT2",16.180559558389,13.6010652802922,-2.57949427809678,"PLA"
"CD38",44.6809249430468,11.1085300972347,-33.5723948458121,"PLA"
"COPS3",45.9532853335092,13.3815183661855,-32.5717669673237,"PLA"
"KYAT1",41.0977539081247,40.7834771700044,-0.314276738120313,"PLA"
"TMOD1",59.4095794526716,118.405571753202,58.9959923005302,"PLA"
"SRM",57.0408585703413,40.7427879352629,-16.2980706350785,"PLA"
"EEA1",74.6177725393989,15.3604548528463,-59.2573176865526,"PLA"
"NNMT",59.3007104040561,65.2362131589436,5.93550275488754,"PLA"
"RAB2B",45.5290215251708,15.0878122875988,-30.441209237572,"PLA"
"RDH14",37.3101361598393,34.7224767356798,-2.58765942415951,"PLA"
"GABARAPL2",56.9466271528147,27.4067096375038,-29.5399175153109,"PLA"
"CUL1",50.3721590222012,22.1211804451928,-28.2509785770084,"PLA"
"INPP1",34.7625019236703,38.4420111845386,3.67950926086828,"PLA"
"HNRNPH3",34.3920900107115,35.7256844574036,1.33359444669209,"PLA"
"ALDH16A1",37.0828804957727,29.3803472395776,-7.70253325619515,"PLA"
"HEBP1",65.2439377551477,50.2752580351962,-14.9686797199515,"PLA"
"PARVB",57.1305139349556,54.9274610607157,-2.20305287423989,"PLA"
"RMDN1",50.1220802682434,20.14212112474,-29.9799591435033,"PLA"
"H6PD",37.1124765082469,15.5404950544065,-21.5719814538404,"PLA"
"NAE1",47.4114370711988,27.4493373064088,-19.96209976479,"PLA"
"MIEN1",41.1090126930105,31.6733237863387,-9.43568890667177,"PLA"
"RBBP4",51.5032609687113,26.9138274147626,-24.5894335539487,"PLA"
"EIF3F",34.2524306486927,29.6654015093211,-4.58702913937154,"PLA"
"ITGA1",33.6327378175744,15.2714068560933,-18.3613309614811,"PLA"
"FN3KRP",42.1266526358072,20.3497591285444,-21.7768935072628,"PLA"
"MPV17",92.6306637362464,85.9959007865268,-6.6347629497196,"PLA"
"VPS4B",22.1191280233322,22.8299636057788,0.710835582446641,"PLA"
"RPS27",46.1499492727366,31.6748123745075,-14.4751368982291,"PLA"
"IDE",58.4492209691566,25.4823315157595,-32.966889453397,"PLA"
"CLIC4",56.5917331170754,51.6306502875798,-4.96108282949567,"PLA"
"NFU1",40.8419142558351,25.6699727407681,-15.171941515067,"PLA"
"HBS1L",46.3218282761674,14.6906446143474,-31.63118366182,"PLA"
"NANS",29.6221764122248,30.522447374717,0.900270962492211,"PLA"
"RPL11",30.2550163050692,43.6740474069492,13.4190311018801,"PLA"
"MESD",54.6517367511971,10.1564192906861,-44.4953174605111,"PLA"
"RASA4",16.2980094234705,16.5911027428679,0.293093319397379,"PLA"
"YKT6",46.284859407705,31.4788551102413,-14.8060042974637,"PLA"
"PYURF",47.0623837843215,53.4781385673006,6.41575478297912,"PLA"
"LACTB2",34.6180531920045,28.9826182008139,-5.63543499119055,"PLA"
"SNRPE",12.2295191091563,25.1772196246603,12.947700515504,"PLA"
"TMX1",24.1658405719785,26.2716268551542,2.10578628317568,"PLA"
"C11orf68",39.5232965193772,10.4853588429176,-29.0379376764596,"PLA"
"ARIH2",43.9476359772152,33.9117749276358,-10.0358610495793,"PLA"
"MRPS17",57.5557327198742,47.1873096202642,-10.36842309961,"PLA"
"PRKCQ",24.9153002786862,4.01047939106977,-20.9048208876164,"PLA"
"SRPRB",46.4620392332725,15.1328542803035,-31.329184952969,"PLA"
"ARHGDIB",60.6412031321829,47.9922426283352,-12.6489605038477,"PLA"
"CSRP2",60.8178517952985,55.2396369166587,-5.57821487863978,"PLA"
"USP15",58.2663179826739,60.2945687879193,2.02825080524536,"PLA"
"HPCAL1",32.9896346781911,31.0692478723914,-1.92038680579973,"PLA"
"MDP1",42.188697266498,25.2674026974769,-16.9212945690211,"PLA"
"COL15A1",59.663341622931,125.140180990186,65.4768393672555,"PLA"
"MRPL12",73.8000201132464,4.67047764250726,-69.1295424707392,"PLA"
"CES2",53.4219090121394,41.4631767395113,-11.9587322726281,"PLA"
"PDZK1IP1",47.5989858867374,42.21321069431,-5.38577519242736,"PLA"
"ACAA1",46.3835012062671,38.7950361828801,-7.58846502338702,"PLA"
"PTPN11",27.0900516857074,25.1892476762751,-1.90080400943232,"PLA"
"IL18",86.9678821462234,22.0871370729273,-64.880745073296,"PLA"
"SFXN3",14.183780972508,26.6806297448876,12.4968487723796,"PLA"
"KANK2",44.7658860500679,26.9930691648183,-17.7728168852496,"PLA"
"DEK",15.60308919331,14.3884584323889,-1.21463076092113,"PLA"
"LRRC59",89.420765070391,33.9536640734984,-55.4671009968926,"PLA"
"BDH2",71.6739132993878,34.2473121331149,-37.4266011662729,"PLA"
"AIMP2",48.0046011050618,17.4712980690918,-30.53330303597,"PLA"
"RPL19",28.802408515012,28.0625774950324,-0.739831019979565,"PLA"
"TIMM8A",29.9761271337165,24.127944202395,-5.84818293132156,"PLA"
"FARSA",39.0819869662574,27.2326300312349,-11.8493569350226,"PLA"
"MPO",51.4310364573661,2.93029739373514,-48.500739063631,"PLA"
"CTSZ",63.2205635465346,32.7832837968899,-30.4372797496447,"PLA"
"STOML2",38.6933558030529,17.2609319019198,-21.4324239011331,"PLA"
"SRSF3",33.9913804928504,39.9799520712839,5.98857157843359,"PLA"
"NHLRC2",35.5170816690986,21.6874700926573,-13.8296115764413,"PLA"
"MAPK9",48.6496650517244,51.2991847024689,2.64951965074449,"PLA"
"SSPN",71.2943977414164,32.7305214845355,-38.5638762568809,"PLA"
"PECAM1",64.9018173659959,35.9326550991278,-28.969162266868,"PLA"
"PSMD7",41.6124890125348,20.5469630162824,-21.0655259962524,"PLA"
"MAPK14",57.6505841807239,47.2052421800595,-10.4453420006644,"PLA"
"EHBP1L1",46.3382187946039,17.2707342844905,-29.0674845101134,"PLA"
"RAB8A",58.510113491182,37.3084800675548,-21.2016334236272,"PLA"
"SNX5",43.7596651619236,32.024361729087,-11.7353034328367,"PLA"
"OPLAH",41.007867215167,27.3314547223793,-13.6764124927877,"PLA"
"TMEM126A",58.4900300000748,42.6536522299792,-15.8363777700956,"PLA"
"EIF2S2",22.5006690101789,39.0796718228921,16.5790028127133,"PLA"
"EIF6",45.4982818291878,22.0420979729741,-23.4561838562137,"PLA"
"BOLA2",17.4608247641314,40.7663994190026,23.3055746548712,"PLA"
"PFKFB1",22.6377773454241,17.7167251796507,-4.92105216577338,"PLA"
"WDR77",43.506018723418,15.4143487905903,-28.0916699328277,"PLA"
"SFPQ",29.1935298014954,11.9819260782943,-17.211603723201,"PLA"
"LAMA2",67.3865731670834,157.204264025507,89.8176908584234,"PLA"
"LZIC",16.8078777770052,16.1105547432719,-0.69732303373338,"PLA"
"PDK2",16.8989179625047,62.1852020990908,45.2862841365862,"PLA"
"RPS26",20.7951860283541,27.0350926794371,6.23990665108299,"PLA"
"MYH8",72.1230957404391,105.040220835642,32.9171250952032,"PLA"
"ABCF2",51.8118033865471,18.3861930515462,-33.4256103350008,"PLA"
"AP2M1",12.8679197726172,18.3260852696883,5.4581654970711,"PLA"
"PITPNB",44.7025997591196,38.8339916149438,-5.86860814417583,"PLA"
"HSD17B4",27.6540407223678,25.1906361151384,-2.46340460722937,"PLA"
"ACAD9",32.9924961503295,14.1062262838693,-18.8862698664602,"PLA"
"HNMT",35.5121233170818,21.7013455773191,-13.8107777397628,"PLA"
"MTARC1",52.5024275487528,58.6423245398347,6.13989699108185,"PLA"
"KHSRP",54.4078611490358,7.23478627465157,-47.1730748743843,"PLA"
"BCKDK",54.3432671750211,49.8335820611037,-4.50968511391748,"PLA"
"UFD1",40.6521798184438,37.7471869406867,-2.90499287775715,"PLA"
"MVP",63.7532183707266,26.3886032224648,-37.3646151482618,"PLA"
"RPL29",40.2278522773334,56.1067299813471,15.8788777040137,"PLA"
"PRKAB2",50.0545784195545,27.5462820937214,-22.5082963258331,"PLA"
"SIRT5",62.4227422660968,24.8587559429092,-37.5639863231876,"PLA"
"RNF114",18.163618794145,11.9404223550412,-6.22319643910384,"PLA"
"THEM6",83.8261715669722,10.5129830913156,-73.3131884756566,"PLA"
"SCP2",48.6076200786525,28.9957277178918,-19.6118923607607,"PLA"
"DMAC2L",29.6531695218355,27.0413922764547,-2.61177724538084,"PLA"
"HDLBP",26.0699014718617,19.4028833237496,-6.6670181481121,"PLA"
"PMM2",26.6073528373904,26.8857414049893,0.278388567598924,"PLA"
"ACSS1",30.1113324780421,19.3270475390258,-10.7842849390163,"PLA"
"CBR3",62.8476164880656,17.8379417361331,-45.0096747519326,"PLA"
"RAB9A",24.768205704768,22.344703930798,-2.42350177397006,"PLA"
"TOMM40",14.6683018770662,15.3946528568192,0.726350979753025,"PLA"
"ARPC1B",60.9680668963054,29.2431886843303,-31.7248782119751,"PLA"
"LGALSL",44.6303418862074,19.9031441218147,-24.7271977643927,"PLA"
"COPB1",36.8251064477944,57.1428164392286,20.3177099914342,"PLA"
"RTN4IP1",59.5542654147507,26.5683908310835,-32.9858745836672,"PLA"
"AARS1",19.9492359432758,24.7715935599531,4.82235761667738,"PLA"
"SERBP1",57.3103021800578,40.9568889142363,-16.3534132658216,"PLA"
"TXNDC12",50.0376231191228,49.8948383464694,-0.1427847726534,"PLA"
"ZYX",65.7831479091093,23.8797616235312,-41.9033862855782,"PLA"
"MCCC1",37.7205354349748,21.537457309258,-16.1830781257169,"PLA"
"AARSD1",51.1189592321164,16.1449085326389,-34.9740506994775,"PLA"
"SRP14",34.4334024879345,62.1399660390841,27.7065635511496,"PLA"
"LMAN1",33.9464511511568,23.0962018585287,-10.8502492926281,"PLA"
"CORO1B",66.9516202253219,56.9356902517234,-10.0159299735985,"PLA"
"PFAS",50.2637335795075,36.3746699760487,-13.8890636034588,"PLA"
"RPL21",54.8041714402052,31.8143825066635,-22.9897889335417,"PLA"
"JUP",84.9879750418718,31.8918460271512,-53.0961290147207,"PLA"
"KHDRBS1",47.5829280578627,50.5815434072937,2.99861534943103,"PLA"
"SUGT1",37.8957729145963,25.4612221860246,-12.4345507285717,"PLA"
"UBA3",57.4407630127626,9.75866974115086,-47.6820932716117,"PLA"
"NDRG1",54.5216210912431,68.12143228639,13.5998111951469,"PLA"
"D2HGDH",49.286734560709,11.518319981488,-37.768414579221,"PLA"
"PLGRKT",43.0827796917064,28.7683609776427,-14.3144187140638,"PLA"
"EZR",41.8471204752826,24.5511939592863,-17.2959265159962,"PLA"
"RDH13",9.51561581182126,4.44933218270961,-5.06628362911165,"PLA"
"DBNL",50.3320273679135,15.670953538166,-34.6610738297475,"PLA"
"LYPLAL1",32.9562196022848,20.2163952262532,-12.7398243760316,"PLA"
"FAM98B",50.7860145009401,27.8396814199287,-22.9463330810113,"PLA"
"ATL2",45.5041632361542,42.1800808227298,-3.32408241342446,"PLA"
"PPP2R5A",41.2701681844783,26.071776071939,-15.1983921125393,"PLA"
"DNAJB1",36.7614124575178,59.8004742041797,23.0390617466618,"PLA"
"CRADD",97.0613948213579,44.7077349490831,-52.3536598722748,"PLA"
"LETM1",35.5406751572862,29.5611894774663,-5.97948567981986,"PLA"
"CLYBL",65.5701906146954,34.7565028342805,-30.8136877804149,"PLA"
"NFIC",18.6515907591894,28.9555004467856,10.3039096875963,"PLA"
"AUH",35.8409506745164,41.3465311674464,5.50558049293,"PLA"
"ENSA",55.9537201429193,33.8640026921087,-22.0897174508107,"PLA"
"DCLK1",31.3474913339053,60.7791520569385,29.4316607230332,"PLA"
"PPIL1",33.3313852593005,30.1350106389635,-3.19637462033697,"PLA"
"STX12",65.1649984847764,2.49692539681188,-62.6680730879646,"PLA"
"COX8A",40.7087184138098,137.147621715255,96.4389033014449,"PLA"
"ABCA8",66.4016429549387,54.5383142481337,-11.863328706805,"PLA"
"MTM1",52.0203192515531,11.3530525814176,-40.6672666701355,"PLA"
"TXNRD2",28.2043702039858,30.9477360119307,2.74336580794498,"PLA"
"BCKDHB",28.1092641928312,58.4437118383751,30.3344476455439,"PLA"
"C6orf136",25.2438569602242,19.7294273133618,-5.51442964686241,"PLA"
"PRPSAP1",50.5976380454022,30.330357566417,-20.2672804789852,"PLA"
"ETF1",27.7787423366893,29.4090708785729,1.63032854188355,"PLA"
"EIF3L",40.0513049441715,29.1917339731459,-10.8595709710256,"PLA"
"SENP8",30.9577217277769,21.6503668261362,-9.30735490164074,"PLA"
"ARCN1",9.88706133189888,12.7249118322479,2.83785050034899,"PLA"
"TATDN1",38.90672692642,26.2084997008219,-12.6982272255981,"PLA"
"DHTKD1",3.5227897517007,49.5840866800011,46.0612969283004,"PLA"
"MGST2",50.5486717002192,38.194526535884,-12.3541451643352,"PLA"
"TNKS1BP1",77.1637395217063,51.124886330176,-26.0388531915303,"PLA"
"HNRNPM",78.2398502891056,45.0692535897883,-33.1705966993173,"PLA"
"RPL36",52.6652600064293,57.7335707062408,5.06831069981146,"PLA"
"NUDCD2",37.3071928026269,20.3498129948515,-16.9573798077754,"PLA"
"PRKCD",35.3655061651735,31.7246947214684,-3.64081144370506,"PLA"
"EPB41L3",41.6141591971571,48.8703759365053,7.25621673934812,"PLA"
"SYNPO2L",96.1852340021111,116.307197697958,20.1219636958467,"PLA"
"CLIC6",73.8921635420602,37.418910607322,-36.4732529347382,"PLA"
"OPA3",12.803501300134,9.83097170561207,-2.9725295945219,"PLA"
"PLAA",56.1060197428026,33.6556582136302,-22.4503615291723,"PLA"
"PFKFB2",56.1054776216826,20.3274425383885,-35.7780350832941,"PLA"
"FAHD2A",45.3420148477813,15.2895025457311,-30.0525123020501,"PLA"
"BROX",52.9738628110626,29.7899155794327,-23.1839472316299,"PLA"
"HSPBP1",31.2221791256869,5.50147142619722,-25.7207076994897,"PLA"
"EIF3M",15.8358682418561,14.5969007021634,-1.23896753969276,"PLA"
"UBQLN1",30.4328980355727,27.2607763631999,-3.17212167237281,"PLA"
"BCKDHA",18.5069932920241,22.9724628170287,4.46546952500461,"PLA"
"PRUNE1",26.0492704905447,5.85124290718426,-20.1980275833605,"PLA"
"CSTA",103.017383995532,46.5336764382614,-56.4837075572706,"PLA"
"CHMP4B",32.9340927969282,21.9417640412274,-10.9923287557008,"PLA"
"ATAD3A",24.4462610807437,60.7886586980682,36.3423976173244,"PLA"
"NAA50",16.7596759242814,12.7356543492675,-4.02402157501387,"PLA"
"PPP1R14B",74.666475570275,47.5775030914657,-27.0889724788093,"PLA"
"LPCAT3",6.55412889949872,8.27545987010655,1.72133097060783,"PLA"
"PPP1R12B",63.0593800698475,23.4187852642983,-39.6405948055492,"PLA"
"BPNT1",36.3464289974844,21.6296388156604,-14.716790181824,"PLA"
"EIF4E3",30.4312603586858,6.60099351578831,-23.8302668428974,"PLA"
"KPNA6",33.9161269566037,29.4891486845095,-4.42697827209417,"PLA"
"ITPA",34.7613536701796,45.5023482488043,10.7409945786247,"PLA"
"LMNB2",26.7298468812963,88.3887412723399,61.6588943910436,"PLA"
"PGM2L1",61.5584615013711,38.3131112796779,-23.2453502216932,"PLA"
"PARP1",39.7176645823964,30.1509458249931,-9.56671875740329,"PLA"
"TSG101",27.8619677484215,17.4495212816245,-10.4124464667969,"PLA"
"GLS",24.9993406458548,43.3361161151991,18.3367754693443,"PLA"
"SMTN",20.4069634925413,26.217703171938,5.81073967939667,"PLA"
"AP2A2",41.6007207175519,28.074042239176,-13.5266784783759,"PLA"
"RO60",48.2731586480955,31.371112595526,-16.9020460525695,"PLA"
"LSM3",9.0286769796159,26.9720590893455,17.9433821097296,"PLA"
"CSNK2A1",32.9273671269534,24.0385605883681,-8.88880653858526,"PLA"
"HNRNPUL1",54.4105779857337,71.9419004780182,17.5313224922845,"PLA"
"STAT5B",16.382984453134,15.550623993565,-0.832360459568941,"PLA"
"CA14",15.4916708348032,42.3042525251594,26.8125816903563,"PLA"
"UBE3A",5.38437765457534,21.3391173438544,15.9547396892791,"PLA"
"MME",39.6805497276724,35.2175502710224,-4.46299945665009,"PLA"
"LANCL2",45.5318461408574,9.48589322346338,-36.0459529173941,"PLA"
"ATPAF1",41.8587225592333,19.630023661761,-22.2286988974724,"PLA"
"MICU2",13.1703275345177,36.5947627837675,23.4244352492498,"PLA"
"ETFRF1",31.4109476624541,58.7450952107822,27.3341475483281,"PLA"
"ETHE1",33.2897331273496,14.0185016400872,-19.2712314872624,"PLA"
"MLIP",33.3206181202872,126.378152140612,93.0575340203253,"PLA"
"CTTN",52.8848406848356,47.3934773695235,-5.49136331531206,"PLA"
"EDF1",59.7060207835856,50.7333048375666,-8.97271594601903,"PLA"
"MYL9",57.0219246145371,55.8386113156417,-1.18331329889537,"PLA"
"IPO9",47.0489373657481,50.7623645605251,3.71342719477705,"PLA"
"COPZ1",31.2558318569484,66.8930596412858,35.6372277843374,"PLA"
"C9orf64",14.1454818939838,13.0891610765977,-1.05632081738603,"PLA"
"RHOC",52.6243821203803,16.9550684188377,-35.6693137015426,"PLA"
"EIF3D",29.8677339328181,29.4828371118531,-0.384896820965057,"PLA"
"GALK1",39.6736761847266,36.1196496867422,-3.55402649798439,"PLA"
"TSNAX",37.1058767161527,15.6176135047576,-21.4882632113951,"PLA"
"PCOLCE",91.0871096948585,31.4530164113205,-59.634093283538,"PLA"
"BCO2",29.9907348576831,43.7420653797187,13.7513305220356,"PLA"
"ILF3",29.2560397320425,19.1402797014723,-10.1157600305702,"PLA"
"G3BP2",101.113287832436,42.8861060879359,-58.2271817445001,"PLA"
"STAT3",29.0036997352713,19.9575136197944,-9.04618611547684,"PLA"
"ACSS2",31.2289223437261,37.097445825191,5.86852348146488,"PLA"
"FITM1",20.0248541306776,8.50324556297991,-11.5216085676977,"PLA"
"SRP54",41.8775631661741,27.0262855814402,-14.8512775847339,"PLA"
"LHPP",67.5151013609827,34.2588117345728,-33.2562896264099,"PLA"
"ARRB1",58.6930305352185,44.1169349387462,-14.5760955964723,"PLA"
"ARL8A",42.7505418934153,35.6626236607157,-7.08791823269956,"PLA"
"CHCHD7",69.0787179927042,31.3959126602914,-37.6828053324128,"PLA"
"TOM1L2",64.7336771551652,14.1412044393001,-50.592472715865,"PLA"
"LAMB3",56.5718056340132,28.0835940918154,-28.4882115421978,"PLA"
"LAMTOR1",82.2869213747643,30.540740486676,-51.7461808880883,"PLA"
"UROD",48.1816237056613,38.3064913787011,-9.87513232696019,"PLA"
"MAP2K4",50.2394698388955,18.2309179463053,-32.0085518925902,"PLA"
"HNRNPA0",43.4991868890101,7.74004258656874,-35.7591443024414,"PLA"
"UQCC2",14.6678568603998,11.4651551695829,-3.20270169081687,"PLA"
"TECR",49.3445438750963,39.2574847580569,-10.0870591170394,"PLA"
"RCSD1",55.9891520668721,13.1279401582339,-42.8612119086382,"PLA"
"QKI",37.1132999884597,65.7746406409965,28.6613406525368,"PLA"
"GNA13",40.0451270931411,23.9952213959853,-16.0499056971557,"PLA"
"STIM1",24.73708438497,54.3993520915606,29.6622677065906,"PLA"
"CLINT1",57.1927035427403,47.2207145641725,-9.97198897856784,"PLA"
"PDP1",35.1532375578354,30.4780731361006,-4.67516442173481,"PLA"
"TARDBP",46.2443189498282,16.8248059535975,-29.4195129962306,"PLA"
"RAB18",34.0287372118786,38.7820290130478,4.7532918011692,"PLA"
"HARS1",31.3305742615157,14.2104737160371,-17.1201005454786,"PLA"
"PGPEP1",51.3595900387424,38.4601360782338,-12.8994539605087,"PLA"
"MBNL1",33.8748901140932,13.7971670690997,-20.0777230449935,"PLA"
"PALMD",84.0275243240044,18.178025846412,-65.8494984775924,"PLA"
"VPS36",18.2469038785091,23.2088105177291,4.96190663922004,"PLA"
"PCCB",15.1000144469032,20.2441896885827,5.14417524167955,"PLA"
"TMED4",24.571344867071,36.8072587624995,12.2359138954285,"PLA"
"SSR4",44.3539259868517,26.073500952926,-18.2804250339257,"PLA"
"TIMM9",20.1750712961106,47.1090766574702,26.9340053613596,"PLA"
"SFXN1",29.5636245331905,31.978849459096,2.41522492590551,"PLA"
"TKFC",32.3646957212078,40.5276872365815,8.16299151537369,"PLA"
"OSBP",51.2781819925165,27.2592975383078,-24.0188844542088,"PLA"
"HLA-DRB5",59.8851426064404,10.3448700048587,-49.5402726015817,"PLA"
"AGK",34.4307294282949,50.8923989024242,16.4616694741293,"PLA"
"PCYT1A",21.5768963988621,59.7567764333928,38.1798800345307,"PLA"
"MRPS23",26.2080061802257,13.8423070989907,-12.3656990812349,"PLA"
"PLP2",39.0828419357754,18.229873890803,-20.8529680449724,"PLA"
"SIRT2",37.8177808516653,52.1009700781606,14.2831892264952,"PLA"
"ESYT2",48.6517696211781,42.349807467995,-6.30196215318314,"PLA"
"COPA",35.5176013337245,13.3288170846358,-22.1887842490887,"PLA"
"MLYCD",33.639428549848,25.7912258477952,-7.8482027020528,"PLA"
"UAP1",26.7761705674696,46.3053736706077,19.5292031031381,"PLA"
"LRPAP1",71.5192141530245,47.1090553600251,-24.4101587929994,"PLA"
"FKBP4",47.8229297802612,34.4527632001356,-13.3701665801256,"PLA"
"SYNPO",41.9735202299314,58.9613396858468,16.9878194559155,"PLA"
"EPM2A",6.40376308601251,8.35663640905158,1.95287332303907,"PLA"
"DCAF6",19.5731008850159,27.0107739509851,7.43767306596919,"PLA"
"DYNC1LI1",19.0507872529763,12.5664160631054,-6.48437118987091,"PLA"
"PIP4K2A",33.0874550411483,16.8153409011969,-16.2721141399514,"PLA"
"UBE3C",4.95139938444271,7.19113765717437,2.23973827273166,"PLA"
"LNPEP",55.1304783722992,23.1816823936074,-31.9487959786919,"PLA"
"SCAMP3",14.7704804353145,30.4602560397787,15.6897756044642,"PLA"
"CTNNA1",29.252438917984,38.4642406303766,9.21180171239261,"PLA"
"NUDT2",25.4014374375108,28.0026415211412,2.60120408363038,"PLA"
"BCS1L",93.4744152543547,44.2392348456033,-49.2351804087513,"PLA"
"LSM2",54.2535351011619,22.8398567794484,-31.4136783217136,"PLA"
"FYCO1",22.2855612133251,33.2485977614655,10.9630365481404,"PLA"
"TNPO1",34.3982368802033,2.94198523659492,-31.4562516436084,"PLA"
"EIF4B",36.9675716749135,54.7710049272208,17.8034332523073,"PLA"
"POC1B",70.0100465307871,7.18505867112375,-62.8249878596633,"PLA"
"MAPKAPK2",52.3983099516675,22.991138928807,-29.4071710228605,"PLA"
"RIC8A",36.5400273035594,39.7312569686723,3.19122966511289,"PLA"
"MYPN",49.4906651689253,49.0035836407607,-0.48708152816458,"PLA"
"RPL36AL",54.7659667522059,69.4156838915165,14.6497171393106,"PLA"
"PYCARD",40.1978982085238,16.9352120435484,-23.2626861649754,"PLA"
"SDCBP",34.264619891731,34.1549579746405,-0.109661917090541,"PLA"
"MFN2",35.1633075570217,21.0658097556574,-14.0974978013643,"PLA"
"EIF4G2",38.9696339729629,58.9363140410308,19.9666800680678,"PLA"
"BASP1",59.9532586172638,38.1615063601988,-21.791752257065,"PLA"
"NGLY1",29.0763775689402,61.3664048715282,32.290027302588,"PLA"
"NUDC",37.6922080313171,38.5154365879142,0.823228556597087,"PLA"
"CYTH1",23.9350619359475,24.3724190661895,0.437357130241931,"PLA"
"PRKRA",46.1843666399303,42.1210638291124,-4.06330281081798,"PLA"
"LCMT1",39.8928093028349,14.3797468337136,-25.5130624691214,"PLA"
"MRC2",38.5139074721907,47.3863776245098,8.87247015231915,"PLA"
"JAGN1",25.1014835912492,51.4514868497582,26.350003258509,"PLA"
"HYOU1",49.6566313901049,28.0571640205157,-21.5994673695893,"PLA"
"MTX1",33.8176928638248,28.8840227295854,-4.93367013423946,"PLA"
"U2AF2",78.9416500976263,4.80892055854157,-74.1327295390847,"PLA"
"ACOT1",24.6982729683971,100.834569035028,76.1362960666312,"PLA"
"SEC13",34.0013389832402,28.3284210271543,-5.67291795608591,"PLA"
"CLASP2",13.9469664036317,21.2618600135282,7.31489360989652,"PLA"
"ATP2B4",58.7072772799328,40.4433685933867,-18.2639086865461,"PLA"
"HLA-B",45.399928484625,24.502979010819,-20.8969494738061,"PLA"
"SNX1",66.3785916136312,47.820517444299,-18.5580741693322,"PLA"
"PCYT2",44.6345057818228,8.22825857076601,-36.4062472110568,"PLA"
"LSS",41.2388293459407,19.269546203734,-21.9692831422068,"PLA"
"GAA",32.4691186798593,14.948300692812,-17.5208179870473,"PLA"
"PFDN4",32.0203729508537,25.5496829001793,-6.47069005067443,"PLA"
"FUBP1",32.7944077295297,16.5531562510272,-16.2412514785026,"PLA"
"NES",63.1047800798527,23.9460598901006,-39.1587201897521,"PLA"
"SAE1",38.2629108140109,5.58127597947805,-32.6816348345329,"PLA"
"ACSL4",66.18350848334,24.8265245880061,-41.3569838953339,"PLA"
"TMED7",37.9920349919211,5.02369986783864,-32.9683351240825,"PLA"
"CBX3",56.9291551052782,19.0796534133362,-37.8495016919419,"PLA"
"TRAPPC3",24.8797577684539,22.7048906244959,-2.17486714395805,"PLA"
"RANGAP1",32.676484740251,10.6869723903807,-21.9895123498703,"PLA"
"HTRA2",43.5619741241708,24.7745662028194,-18.7874079213514,"PLA"
"ARPC1A",45.958381289784,23.1965877888481,-22.7617935009359,"PLA"
"SCO1",37.7542580541539,42.8269291664856,5.07267111233166,"PLA"
"APIP",37.8451073969307,43.390412007911,5.54530461098032,"PLA"
"NPTN",93.6929986067821,56.2288552951422,-37.4641433116399,"PLA"
"RUVBL1",46.1612583917841,30.2153346113874,-15.9459237803967,"PLA"
"RPS23",55.9694781952169,31.6188520012214,-24.3506261939955,"PLA"
"OSTF1",41.2801905279882,16.3094785463683,-24.9707119816199,"PLA"
"NOMO2",28.6569272703514,7.00525401638353,-21.6516732539678,"PLA"
"GRSF1",22.9098677108838,3.32596911483156,-19.5838985960523,"PLA"
"SLC37A4",22.7589997689372,23.7242394490918,0.965239680154628,"PLA"
"HSPA1L",65.4834530044199,31.9970427454753,-33.4864102589445,"PLA"
"THOP1",34.9247349072983,23.6713835947721,-11.2533513125262,"PLA"
"MXRA7",118.086632362998,54.2282860338266,-63.8583463291717,"PLA"
"CLPP",45.17443520273,17.6928785548994,-27.4815566478306,"PLA"
"SNRPD2",26.9619543167105,13.9752488579608,-12.9867054587498,"PLA"
"UFL1",15.7897624144921,35.8576534254332,20.0678910109412,"PLA"
"TOMM5",33.9481114869741,26.7540032886903,-7.19410819828385,"PLA"
"MOB2",32.5239448343254,29.6649516683795,-2.85899316594594,"PLA"
"MAVS",22.2997903964735,23.1482300331447,0.84843963667123,"PLA"
"TIMM10",53.6874721441223,38.4334458061855,-15.2540263379368,"PLA"
"FGGY",25.5107906553583,10.056581326269,-15.4542093290893,"PLA"
"TRIM25",44.5027566588246,23.1494253747022,-21.3533312841224,"PLA"
"ROMO1",6.9401140660372,31.9031295292715,24.9630154632343,"PLA"
"CARS1",25.3323707061325,25.6835484850279,0.351177778895437,"PLA"
"RAP1A",54.7611597858881,44.3198440428757,-10.4413157430124,"PLA"
"TPPP",46.9130693107403,23.8317781185683,-23.081291192172,"PLA"
"LSM8",26.4950904590126,33.6595063883945,7.16441592938189,"PLA"
"DHRS4",32.0208483917736,37.730079477058,5.70923108528449,"PLA"
"TSTD1",32.9902362106392,24.9110379978531,-8.07919821278613,"PLA"
"COPG1",43.1713880103409,28.1099301856109,-15.0614578247299,"PLA"
"PAK1",0.0109014137117134,27.7344002479447,27.7234988342329,"PLA"
"TMOD3",37.1086968200686,69.1585444723167,32.0498476522481,"PLA"
"RABGGTA",30.3116488040009,19.5590753040466,-10.7525734999544,"PLA"
"DUSP28",32.7554509714716,85.4331182649595,52.6776672934879,"PLA"
"MARCKS",64.7783872521397,59.1889613772458,-5.58942587489392,"PLA"
"NMT1",33.4622307867379,44.9758407093165,11.5136099225786,"PLA"
"PPID",28.2633153066673,48.8599370958488,20.5966217891816,"PLA"
"CNPY2",50.0596132927819,42.1988452968526,-7.8607679959293,"PLA"
"HDGFL2",45.6190462179917,33.5201949890049,-12.0988512289868,"PLA"
"NUBPL",53.5546358536975,59.4529597682708,5.89832391457327,"PLA"
"LGMN",48.9901260623404,62.3605149306127,13.3703888682723,"PLA"
"RPA2",38.9359825160352,24.8562406699336,-14.0797418461016,"PLA"
"IGFBP5",44.9186677434752,35.1921567433923,-9.7265110000829,"PLA"
"SNRNP70",80.9864029353804,18.247981528905,-62.7384214064754,"PLA"
"PDPR",27.9331562769901,14.7873651814973,-13.1457910954928,"PLA"
"UBE2O",32.5642432565326,48.6967712126129,16.1325279560803,"PLA"
"PELO",15.8476680813817,23.0041505484765,7.15648246709479,"PLA"
"S100A16",57.8297173914924,16.3626202791661,-41.4670971123263,"PLA"
"LUC7L2",30.7906436973712,14.9575434387525,-15.8331002586187,"PLA"
"LYRM7",31.3719542503583,29.3233816039586,-2.04857264639965,"PLA"
"HDDC2",47.0015110793287,65.0867376008184,18.0852265214897,"PLA"
"WBP2",47.7544957746136,50.2796724887368,2.52517671412311,"PLA"
"MAGT1",19.592564350485,9.87344450007974,-9.71911985040523,"PLA"
"MCCC2",30.4281533150954,33.6088472042564,3.18069388916101,"PLA"
"CBFB",46.1849169425875,27.4137666322327,-18.7711503103547,"PLA"
"EPS15L1",22.4462626826218,39.4513568883616,17.0050942057398,"PLA"
"SNF8",38.294066245206,18.2500753633468,-20.0439908818591,"PLA"
"ABHD5",95.1092936812712,101.168425616287,6.05913193501597,"PLA"
"MTARC2",45.4318005100808,38.9419023733762,-6.48989813670464,"PLA"
"COL18A1",57.2249252097401,23.9956199736924,-33.2293052360477,"PLA"
"JPT1",49.4719414324197,18.6419200318379,-30.8300214005819,"PLA"
"CD34",12.3524070969062,5.07763566070813,-7.27477143619809,"PLA"
"ISYNA1",65.2077449352951,45.2209769892158,-19.9867679460794,"PLA"
"EIF4EBP1",24.6242223776594,19.6913019789918,-4.93292039866755,"PLA"
"ACACB",53.1493421007167,29.3978824627967,-23.7514596379201,"PLA"
"RPL18A",23.0549286996454,63.7901561501077,40.7352274504623,"PLA"
"SND1",32.1650998468424,16.3180300531124,-15.84706979373,"PLA"
"DNAJB4",54.5233481509307,70.812437922976,16.2890897720453,"PLA"
"HLA-DRB1",74.8666509515533,43.7825855923595,-31.0840653591939,"PLA"
"HLA-C",60.051538260246,25.0348638986503,-35.0166743615957,"PLA"
"TUBB2B",121.342416666605,13.6353680743116,-107.707048592293,"PLA"
"APPL1",37.7145526025917,28.0771623734341,-9.6373902291576,"PLA"
"SYNE2",71.5862421406127,46.080260989041,-25.5059811515716,"PLA"
"RPL10",41.3526481276654,32.7686384014867,-8.58400972617869,"PLA"
"SMYD5",21.2392363997074,99.135714324195,77.8964779244876,"PLA"
"ABHD11",61.6259874605176,24.2868820500224,-37.3391054104952,"PLA"
"OSTC",39.9230859809018,24.0704584678678,-15.852627513034,"PLA"
"MAPRE3",37.5053588589317,36.807488996894,-0.69786986203772,"PLA"
"SLC27A1",38.6864295060238,27.1934319376849,-11.4929975683389,"PLA"
"SPG7",10.7812471815094,27.7392817505473,16.9580345690378,"PLA"
"LMOD3",1.87635069930757,1.97190831421848,0.0955576149109061,"PLA"
"UGGT1",20.5272641891428,17.8612787810044,-2.66598540813845,"PLA"
"EIF3I",39.7592147875767,25.539928609694,-14.2192861778826,"PLA"
"UBE2B",46.1244973955773,54.1406289699789,8.01613157440164,"PLA"
"HUWE1",27.1274644245809,19.9501729661013,-7.17729145847957,"PLA"
"MYO18A",34.0342568212305,45.0995950949197,11.0653382736892,"PLA"
"TSFM",50.3941279878151,14.5192627098356,-35.8748652779795,"PLA"
"RPA1",51.4772010760071,1.39017934347132,-50.0870217325358,"PLA"
"PALLD",68.139028359539,50.2008206433864,-17.9382077161525,"PLA"
"PGM3",28.4477938100088,15.6304408078307,-12.8173530021781,"PLA"
"CD58",53.7945764715965,8.75064692060713,-45.0439295509894,"PLA"
"EML2",42.8152240320684,43.1535947678515,0.338370735783123,"PLA"
"ABCE1",36.8463874495685,9.74105900278524,-27.1053284467833,"PLA"
"MAP2K2",39.3021476207176,21.2721088377422,-18.0300387829753,"PLA"
"AKT2",30.259167149765,23.7854923612045,-6.4736747885605,"PLA"
"AHCYL2",34.371693999422,27.5854956627486,-6.78619833667334,"PLA"
"HSDL1",9.71263302243537,65.3966234038281,55.6839903813927,"PLA"
"ATXN10",22.9154398812106,18.9678053804895,-3.94763450072104,"PLA"
"CLCC1",55.1584704304098,7.85147047075348,-47.3069999596564,"PLA"
"STAT1",77.8088206487363,37.5467292306012,-40.2620914181351,"PLA"
"SNAP23",33.3195925828162,26.9234816300026,-6.39611095281358,"PLA"
"ANP32E",97.9083453388281,42.8261031101155,-55.0822422287126,"PLA"
"ELN",4.2283639928065,151.656818440159,147.428454447352,"PLA"
"ATP6V1H",21.3931656139937,60.9665745374721,39.5734089234784,"PLA"
"KTN1",85.0049495028493,6.04028437450539,-78.9646651283439,"PLA"
"BCAP29",40.3451332833694,26.9967354838656,-13.3483977995039,"PLA"
"ARPC5L",23.6064276017345,35.3780590063146,11.7716314045801,"PLA"
"ATAD1",49.8806796517227,14.0870459813188,-35.7936336704038,"PLA"
"GAPVD1",64.686710636963,28.5788973819473,-36.1078132550157,"PLA"
"NEXN",49.087329027496,47.2495612959907,-1.83776773150525,"PLA"
"PNPT1",22.8642093271619,8.52088024320501,-14.3433290839569,"PLA"
"MTDH",31.134748779072,12.2226294909011,-18.9121192881709,"PLA"
"ILF2",27.7756992776608,20.3623826824537,-7.4133165952071,"PLA"
"AKT1",37.5374809345705,47.9170536319783,10.3795726974078,"PLA"
"ATG3",34.1314246693422,44.5586000234462,10.4271753541039,"PLA"
"NTPCR",58.1344097257741,31.1043007915817,-27.0301089341923,"PLA"
"SEC31A",21.8459792299802,39.0802346871447,17.2342554571644,"PLA"
"CHDH",16.5387167350759,26.0157816775646,9.47706494248873,"PLA"
"MMAB",31.6630440010104,28.0257156511328,-3.63732834987762,"PLA"
"NAA10",30.850336980408,40.425970921948,9.57563394153996,"PLA"
"USP24",15.3971288571198,14.2330610093102,-1.16406784780958,"PLA"
"GNAI3",50.0730466264471,59.2533772553899,9.1803306289428,"PLA"
"PPP2R5D",42.6715771967847,20.6726294938936,-21.9989477028911,"PLA"
"MRPL40",7.63530354281208,26.5026928827086,18.8673893398965,"PLA"
"IFITM1",49.6652794322771,38.7998921054201,-10.865387326857,"PLA"
"SLC25A24",30.8172598903237,11.8686305311901,-18.9486293591336,"PLA"
"MRPS22",30.4477362561013,0.165315452281862,-30.2824208038194,"PLA"
"ARL1",80.1307308230846,70.0477477910209,-10.0829830320637,"PLA"
"SYNC",26.4883531563662,0.308673840690678,-26.1796793156755,"PLA"
"RPA3",45.4760332944907,21.4689822567583,-24.0070510377325,"PLA"
"BAX",69.6886534761244,29.554344877293,-40.1343085988314,"PLA"
"FKBP9",101.026867339406,11.6072618842892,-89.4196054551171,"PLA"
"PHYKPL",14.7329208581169,0.390904597453981,-14.3420162606629,"PLA"
"TARS1",13.7066560004177,39.2020917891245,25.4954357887068,"PLA"
"TUBA1C",65.6016631240822,46.7927647409834,-18.8088983830988,"PLA"
"ZBTB9",95.5366417888699,34.1543083213469,-61.382333467523,"PLA"
"TACC2",25.5570890690537,28.6888765577772,3.13178748872354,"PLA"
"SPEG",15.0367384475817,16.160369256769,1.12363080918723,"PLA"
"MYBPH",53.5514589724058,133.541736649322,79.9902776769161,"PLA"
"UBA2",39.6893910154188,25.6058467077797,-14.0835443076391,"PLA"
"SORD",25.91987834101,39.5101289349071,13.5902505938971,"PLA"
"CSNK2B",30.7007427316367,20.0195305937718,-10.6812121378648,"PLA"
"NDUFAF3",37.4610182285906,24.3521409554271,-13.1088772731635,"PLA"
"MINDY3",46.2589561272721,17.4924386500463,-28.7665174772258,"PLA"
"ELAVL1",29.6676399312146,11.3721350561427,-18.2955048750719,"PLA"
"LARS1",34.8281538673612,12.8724800670754,-21.9556738002858,"PLA"
"GSK3B",53.6055060800254,27.9434785807722,-25.6620274992532,"PLA"
"GNPDA2",47.5528089860464,10.2555190460943,-37.2972899399521,"PLA"
"TBC1D4",13.6455586354747,29.4872753323805,15.8417166969057,"PLA"
"SLC35A4",52.135242629891,36.8201782738131,-15.3150643560779,"PLA"
"CHCHD4",52.4010883000368,30.6258106674659,-21.775277632571,"PLA"
"MOCS2",14.0746142310642,32.5806112867331,18.5059970556688,"PLA"
"GMFB",49.373690133084,52.9716289011046,3.5979387680206,"PLA"
"TOMM7",53.2068273629318,43.4113914830976,-9.79543587983422,"PLA"
"SNRPB",29.2003710016761,13.0435354441655,-16.1568355575106,"PLA"
"CHP1",25.1530152276118,23.9297882355375,-1.22322699207433,"PLA"
"USP7",40.7745780399025,21.7717019867056,-19.0028760531969,"PLA"
"CRLF3",47.4576253784495,38.5789299523564,-8.87869542609312,"PLA"
"EIF2B3",54.0334238041281,14.5188853653937,-39.5145384387344,"PLA"
"DCTPP1",56.6340060400894,39.3874602806074,-17.246545759482,"PLA"
"RBBP7",20.9713635441714,15.0171935729702,-5.95416997120118,"PLA"
"GUK1",58.9158458941486,41.6831321814165,-17.2327137127321,"PLA"
"MRPS27",31.386821249864,38.336416954854,6.94959570499001,"PLA"
"MEMO1",70.9628316880563,32.1533485326712,-38.8094831553851,"PLA"
"DNAJA3",18.0677994897189,44.1301819951784,26.0623825054595,"PLA"
"DYNLT1",17.4613596781066,52.9743026812016,35.5129430030951,"PLA"
"DERA",40.7025038000182,36.0290099823826,-4.67349381763563,"PLA"
"GBP2",30.5357228648112,44.9155231323758,14.3798002675646,"PLA"
"SPAG7",40.442094513849,24.5379192126657,-15.9041753011833,"PLA"
"BCAM",46.7610325791776,32.6740714682469,-14.0869611109306,"PLA"
"UCHL5",35.9621512918619,9.1632675972202,-26.7988836946417,"PLA"
"SNU13",64.4938603766891,37.1260759549044,-27.3677844217847,"PLA"
"PPIC",27.3898907886454,80.8420270440374,53.452136255392,"PLA"
"DRG1",65.4367314692411,80.5907093254194,15.1539778561783,"PLA"
"CLUH",18.7991318445926,18.1832055992343,-0.61592624535831,"PLA"
"NUDT16",35.0005633496879,33.8607112845256,-1.13985206516231,"PLA"
"PMPCB",22.6333983566048,37.8093643417074,15.1759659851026,"PLA"
"SNX9",64.2856040895605,23.2452064119534,-41.0403976776071,"PLA"
"PBDC1",28.7067854623452,39.7066995059213,10.9999140435761,"PLA"
"THTPA",49.9478103456209,26.1712010767102,-23.7766092689106,"PLA"
"VPS26B",65.7462035546561,0.288279355275232,-65.4579241993809,"PLA"
"HGS",31.0088944908311,21.8514105461224,-9.15748394470874,"PLA"
"BPHL",101.33434691394,69.6266438912413,-31.7077030226984,"PLA"
"CYFIP1",39.6792005757606,18.6879855420709,-20.9912150336898,"PLA"
"ERO1A",55.2495191748948,44.797775963474,-10.4517432114208,"PLA"
"UBE2F",47.5262070022444,39.3840985973861,-8.1421084048583,"PLA"
"DARS2",47.538899043889,30.1715999886086,-17.3672990552804,"PLA"
"FXR1",29.7755656650224,37.7890185777555,8.0134529127331,"PLA"
"GSK3A",48.5329270460413,29.1795316011825,-19.3533954448588,"PLA"
"PTER",47.475064815901,37.0756319139442,-10.3994329019568,"PLA"
"TIMM21",20.5163162566804,16.4776617521825,-4.0386545044979,"PLA"
"CHMP5",25.3186485007681,33.9961908199264,8.67754231915826,"PLA"
"RWDD1",43.0142520947738,9.43438735240104,-33.5798647423728,"PLA"
"BUB3",20.331566523109,19.0637056993778,-1.26786082373122,"PLA"
"NT5C2",44.7825404302149,30.920944360842,-13.8615960693729,"PLA"
"PACSIN2",47.74723538531,21.5643823279503,-26.1828530573597,"PLA"
"GPHN",24.4000536362984,27.799376348848,3.39932271254961,"PLA"
"PLEK",51.6021662337099,58.3307882980619,6.728622064352,"PLA"
"CCDC124",14.1107237100815,8.57064972294525,-5.54007398713624,"PLA"
"GHITM",75.7248320365713,39.773322168358,-35.9515098682133,"PLA"
"AKAP1",24.7752771740384,27.8191853045209,3.04390813048244,"PLA"
"NUBP1",48.0393713444253,29.6507135375538,-18.3886578068714,"PLA"
"FAM114A1",1.82640645440287,32.7672120123896,30.9408055579868,"PLA"
"GPT2",22.7449908641542,79.4857045172514,56.7407136530972,"PLA"
"NLRX1",44.8807718550264,29.7113458239547,-15.1694260310717,"PLA"
"RGN",47.2742122579223,12.3063837971929,-34.9678284607294,"PLA"
"CLIP2",27.6672571558917,35.2508252216655,7.58356806577389,"PLA"
"PPP1CC",42.62382443075,14.641520282313,-27.982304148437,"PLA"
"NSUN2",39.8065482821073,9.87058186349035,-29.935966418617,"PLA"
"TMPO",51.7187634732062,58.3382990395146,6.61953556630846,"PLA"
"FNTA",17.9108687307502,39.9127623026189,22.0018935718686,"PLA"
"SNX6",68.1792140301786,36.7218028905555,-31.4574111396231,"PLA"
"STK38L",42.3220790001018,23.3687118075207,-18.9533671925811,"PLA"
"AP1M1",44.774177359886,21.586584113445,-23.187593246441,"PLA"
"ECHDC2",17.5529579639982,35.4766645341156,17.9237065701175,"PLA"
"ADH1C",77.8049153204482,87.2178267026283,9.41291138218008,"PLA"
"VASP",112.789864994659,24.8286402557294,-87.9612247389294,"PLA"
"RAB31",22.7654051523995,12.6240757914779,-10.1413293609216,"PLA"
"YARS1",21.8167784000221,27.535012580032,5.71823418000996,"PLA"
"ANP32B",59.5622104122667,76.9326827916914,17.3704723794247,"PLA"
"EPS15",23.9394740068564,9.72350267084472,-14.2159713360117,"PLA"
"GCN1",39.3790917969236,77.8114555946149,38.4323637976913,"PLA"
"UBE2R2",38.7390441556048,29.5880891533591,-9.15095500224567,"PLA"
"UBA5",57.5796381302719,36.1327695603187,-21.4468685699533,"PLA"
"SLC16A3",39.4922432309274,83.4957666514106,44.0035234204832,"PLA"
"TIAL1",37.9368259511622,29.2555570968568,-8.68126885430539,"PLA"
"PLEKHF1",52.353861271205,25.8988007564657,-26.4550605147393,"PLA"
"HCCS",17.2087405187479,29.1729968209165,11.9642563021685,"PLA"
"STT3B",76.8571339628744,82.4074667333644,5.55033277048999,"PLA"
"RNF181",94.6155514033854,43.4927388935303,-51.1228125098551,"PLA"
"PPP1R3A",20.875949346744,52.1982664196215,31.3223170728775,"PLA"
"PMPCA",24.7357503484298,32.2301869221673,7.49443657373746,"PLA"
"PPCS",33.4878562060114,16.9996259078032,-16.4882302982082,"PLA"
"EIF2A",22.4398396027985,18.8990440608677,-3.54079554193079,"PLA"
"CCDC93",57.0264659588292,57.5770936352862,0.550627676456955,"PLA"
"ANK3",43.5818440758769,2.34845707443966,-41.2333870014373,"PLA"
"MRPL49",51.9604987692025,37.949190945313,-14.0113078238896,"PLA"
"BABAM2",30.1465949065343,31.1686416817546,1.02204677522037,"PLA"
"DDRGK1",47.1547026404202,29.570582824943,-17.5841198154772,"PLA"
"VPS28",42.4386523950464,61.1497210514547,18.7110686564083,"PLA"
"GET4",32.3691638747148,40.3027832788922,7.93361940417745,"PLA"
"FDXR",59.0765513090533,51.4049707435179,-7.67158056553539,"PLA"
"ATP2B2",22.5516875519447,35.3094857395502,12.7577981876056,"PLA"
"SCFD1",28.0677361901736,11.6009125280984,-16.4668236620752,"PLA"
"GMPR2",43.6187238844206,68.5176025855322,24.8988787011116,"PLA"
"OSBPL1A",24.315834317833,21.0744138077422,-3.24142051009077,"PLA"
"API5",28.9084062624716,0.981206801204111,-27.9271994612675,"PLA"
"GMPPB",30.222250308066,12.7395442144914,-17.4827060935746,"PLA"
"UBAP2L",79.1167982311661,47.2287378347567,-31.8880603964094,"PLA"
"MRPL46",57.5045689534583,43.2461451452302,-14.2584238082281,"PLA"
"SRSF7",46.7429005720411,37.4733437573158,-9.26955681472526,"PLA"
"MOB4",34.5212721957774,28.5482567436945,-5.97301545208295,"PLA"
"UBE2H",10.4204870390364,36.9880629191837,26.5675758801472,"PLA"
"GORASP2",25.8407854958227,25.5028783146606,-0.337907181162144,"PLA"
"DAZAP1",31.264365615024,30.1213567434032,-1.1430088716208,"PLA"
"NEK9",9.21979502611216,48.1999649774366,38.9801699513244,"PLA"
"TES",46.8376412845413,56.1353392766349,9.29769799209363,"PLA"
"CYGB",78.1227027035357,19.3312724407198,-58.791430262816,"PLA"
"STAM",36.1899089021401,35.3844129658668,-0.805495936273331,"PLA"
"SELENOO",54.7496801852377,39.4522803796325,-15.2973998056052,"PLA"
"HECTD1",34.0386212581919,20.6678968538408,-13.3707244043511,"PLA"
"MTCH1",26.9956340376047,8.05572218634258,-18.9399118512621,"PLA"
"DHODH",25.1876049227257,35.2134652421655,10.0258603194397,"PLA"
"UBXN4",41.4532165088928,11.7198688049826,-29.7333477039101,"PLA"
"ARL2",46.0832885430428,15.92018744245,-30.1631011005927,"PLA"
"PDXP",53.5065972253619,33.7010370385688,-19.8055601867931,"PLA"
"MAN2C1",35.3858380794046,51.6353063086835,16.2494682292789,"PLA"
"PPP2CB",44.1029373506384,12.3397757973542,-31.7631615532842,"PLA"
"NTMT1",38.0109589730386,34.5638013318974,-3.44715764114116,"PLA"
"PAIP1",52.1908737465091,80.5363079880414,28.3454342415323,"PLA"
"FAM98A",41.5929570970571,20.9886131424756,-20.6043439545815,"PLA"
"TFRC",47.2325714391589,33.7794651160468,-13.4531063231121,"PLA"
"C20orf27",44.8249915644218,12.5557250593583,-32.2692665050635,"PLA"
"SARS2",33.1988936110886,24.9796933055359,-8.21920030555278,"PLA"
"TPD52L1",21.0346615926132,58.2283405845548,37.1936789919417,"PLA"
"MRPL37",19.3061781992986,55.2507754527075,35.9445972534088,"PLA"
"CHMP6",16.8144248616947,20.8336072400659,4.01918237837119,"PLA"
"SEC24C",29.8714696217545,23.2616003627301,-6.60986925902441,"PLA"
"NUDT9",27.28680730409,25.610034279789,-1.676773024301,"PLA"
"FITM2",8.99285893032481,12.2955162347333,3.30265730440844,"PLA"
"PPT1",61.9243919305678,17.9168097605184,-44.0075821700494,"PLA"
"RPL37A",63.1220242614984,18.0489808509734,-45.073043410525,"PLA"
"PM20D2",78.3309549723379,51.2254231419414,-27.1055318303965,"PLA"
"RTRAF",25.8710310358194,19.1290363104605,-6.74199472535889,"PLA"
"CRK",55.3531699733399,33.7994441439619,-21.553725829378,"PLA"
"GATM",9.73619581467682,30.2720488657679,20.5358530510911,"PLA"
"EPN1",28.3641403118296,7.49094859272369,-20.8731917191059,"PLA"
"KPNA1",36.9810911847874,21.3961496153542,-15.5849415694332,"PLA"
"DPP7",58.4637864352867,29.6426603590269,-28.8211260762598,"PLA"
"MAPKAPK3",23.1155602194573,38.8049536042318,15.6893933847745,"PLA"
"CARS2",58.6270188876646,31.2401479364693,-27.3868709511954,"PLA"
"SMIM4",18.3901422978448,20.3086882053599,1.91854590751507,"PLA"
"SHOC2",38.1234789348374,33.2893558049732,-4.83412312986417,"PLA"
"SLK",75.4151732008191,34.1118845476916,-41.3032886531276,"PLA"
"PHYHD1",41.2187161611793,13.525706368709,-27.6930097924703,"PLA"
"CRYL1",27.02633795428,30.3969881303039,3.37065017602389,"PLA"
"NUDT19",8.32866234850237,8.75214581442489,0.423483465922519,"PLA"
"MRPL55",64.5779950852197,33.4887533119985,-31.0892417732212,"PLA"
"DAD1",33.3964943146201,41.7145669260457,8.31807261142562,"PLA"
"L3HYPDH",45.1932585714075,33.0426146615771,-12.1506439098304,"PLA"
"AP3B1",6.30112772111809,44.7336654165555,38.4325376954374,"PLA"
"STAMBP",22.2679310278789,8.62518125041073,-13.6427497774682,"PLA"
"COMMD6",34.1308870005333,39.6135757535034,5.48268875297013,"PLA"
"ABRAXAS2",32.53332109541,31.3155154344502,-1.21780566095982,"PLA"
"LPIN1",15.9339386468007,4.47660901899846,-11.4573296278022,"PLA"
"DCTN4",35.4003917893778,22.4433583915975,-12.9570333977803,"PLA"
"USP47",48.5961370917727,25.6515756243405,-22.9445614674322,"PLA"
"NUDT4",30.6659155405152,14.7181766703498,-15.9477388701654,"PLA"
"ESAM",37.1312328475385,32.2096968956421,-4.92153595189633,"PLA"
"STRN3",72.2973260457835,15.3219502831115,-56.975375762672,"PLA"
"STT3A",46.028780508472,31.1070893099872,-14.9216911984848,"PLA"
"LRRC40",5.22772826903781,42.6960123561318,37.468284087094,"PLA"
"EMD",53.3671098091516,43.4037891459304,-9.96332066322122,"PLA"
"SPCS1",20.3362068140417,6.88296761649111,-13.4532391975506,"PLA"
"DAP3",58.8985792215354,17.9692398136705,-40.9293394078649,"PLA"
"TTC38",13.9099450455308,77.0343034878393,63.1243584423085,"PLA"
"PRKDC",20.8423263352553,30.6677967596691,9.82547042441383,"PLA"
"MOGS",32.7232053758478,53.8367860847806,21.1135807089328,"PLA"
"UFSP2",28.6714489535835,39.3345886396528,10.6631396860693,"PLA"
"DNAJB2",35.0466288039545,53.1839451810213,18.1373163770668,"PLA"
"MYO1D",22.1813353683709,22.5976260960904,0.416290727719584,"PLA"
"CORO1A",53.9417967320392,34.7964621404046,-19.1453345916346,"PLA"
"POLDIP2",20.4516383386079,50.9823788289278,30.5307404903199,"PLA"
"ARAF",34.9901088886222,12.1718031038344,-22.8183057847878,"PLA"
"DCTN3",10.5999139374669,35.7077101872566,25.1077962497896,"PLA"
"TMED1",38.7588987720785,19.6054735316426,-19.153425240436,"PLA"
"PFKP",53.0562815352651,22.3674647159195,-30.6888168193456,"PLA"
"MYCBP",25.0669391453439,9.58269841777751,-15.4842407275664,"PLA"
"ARIH1",24.1066199109748,48.9322548581135,24.8256349471387,"PLA"
"CAPRIN1",15.996448156871,72.1942747570054,56.1978266001344,"PLA"
"RNF126",41.3235290238053,24.6598804892457,-16.6636485345596,"PLA"
"UROS",34.6920162332231,39.9716357970197,5.27961956379657,"PLA"
"CCAR2",55.7071907745514,32.7909574866656,-22.9162332878858,"PLA"
"PPCDC",51.7297416639884,36.6218070675827,-15.1079345964057,"PLA"
"G3BP1",32.2599233157937,16.272387436552,-15.9875358792417,"PLA"
"MRPS18B",41.6921322044937,35.1217487317484,-6.57038347274531,"PLA"
"SUPV3L1",36.5715832166261,42.5443167394663,5.97273352284015,"PLA"
"BAG6",13.3225626209211,62.0545851406542,48.7320225197332,"PLA"
"XPO7",20.8582366781369,24.5505839784712,3.69234730033427,"PLA"
"DCPS",36.6889617614273,40.5568033865927,3.86784162516533,"PLA"
"SARNP",33.6825669777819,39.5350120583692,5.85244508058732,"PLA"
"JPT2",42.7951937628893,18.5500748637612,-24.2451188991281,"PLA"
"ENPP1",61.5102844799681,18.348034403943,-43.1622500760251,"PLA"
"NCK1",46.0469575965287,66.7670500617267,20.720092465198,"PLA"
"ARF5",26.5610977590851,22.6441018106954,-3.91699594838965,"PLA"
"MRI1",24.9760683154683,13.2945969436864,-11.6814713717819,"PLA"
"EIPR1",26.572105926952,38.5666919430314,11.9945860160794,"PLA"
"PIP4K2B",38.8281426849909,72.3109670642592,33.4828243792684,"PLA"
"YOD1",34.0813239074391,16.0496164727427,-18.0317074346964,"PLA"
"CCN5",37.2164509999996,64.3643736161155,27.1479226161159,"PLA"
"SCN1B",9.314642395986,40.7693612314046,31.4547188354186,"PLA"
"UBFD1",13.7501397552445,32.468315552796,18.7181757975515,"PLA"
"TOMM22",21.454225007576,39.9205716361933,18.4663466286173,"PLA"
"COPE",47.4321285927686,25.9094158557066,-21.522712737062,"PLA"
"AGFG1",85.8094647711455,23.5328744924944,-62.2765902786511,"PLA"
"MAP1S",29.2200796124957,1.32142211017188,-27.8986575023238,"PLA"
"NUBP2",67.9839197417657,4.2422913335687,-63.741628408197,"PLA"
"LSM6",21.0300607800758,25.9355262521724,4.90546547209663,"PLA"
"SF1",31.5998950159544,20.3093994863163,-11.290495529638,"PLA"
"EIF5B",19.3274476549043,22.2501624070093,2.92271475210507,"PLA"
"RBM8A",29.2381259501105,29.5871917261312,0.349065776020712,"PLA"
"ATP2B1",38.1117100007518,12.9333985138594,-25.1783114868923,"PLA"
"SRSF11",40.086994928377,48.2700155312893,8.18302060291226,"PLA"
"TSC22D1",29.2196092974979,32.6788128364816,3.45920353898377,"PLA"
"ENPP4",23.5660015399761,25.7410594490809,2.17505790910479,"PLA"
"SEPHS1",33.767321912462,33.0011198371439,-0.766202075318134,"PLA"
"NRP1",30.3621809175402,26.5984255272125,-3.76375539032767,"PLA"
"RPRD1B",25.2214292724641,44.7324896456018,19.5110603731377,"PLA"
"GNB4",125.716653065765,58.080638687018,-67.6360143787465,"PLA"
"FAM120A",67.3122758436876,16.9045381166508,-50.4077377270368,"PLA"
"MYLK3",19.6243769702055,52.0966565547188,32.4722795845133,"PLA"
"CD99L2",19.8324226274744,12.6646414945147,-7.1677811329597,"PLA"
"PSPC1",77.0152034374497,5.39551597895131,-71.6196874584983,"PLA"
"RAC2",109.751858560502,21.7313464991839,-88.0205120613182,"PLA"
"GFPT1",28.2892519234725,11.3174795902616,-16.9717723332109,"PLA"
"MECP2",51.4951095340568,31.1252012309641,-20.3699083030928,"PLA"
"NME3",39.634695032742,3.6368343102122,-35.9978607225298,"PLA"
"DNAAF5",43.8581503941187,26.0101126898239,-17.8480377042948,"PLA"
"TCEA3",27.7543725051739,8.21014291415153,-19.5442295910224,"PLA"
"RDH11",31.8112385410496,43.1477251056371,11.3364865645874,"PLA"
"CTPS1",37.1555775876926,15.313569992074,-21.8420075956187,"PLA"
"PPP6R2",4.13072688270173,6.65509998219582,2.52437309949409,"PLA"
"PMVK",47.6487709537001,43.0539590054906,-4.5948119482095,"PLA"
"RELA",39.2140815489271,27.5465270159014,-11.6675545330257,"PLA"
"RAB24",19.802520698066,14.1244231630696,-5.67809753499636,"PLA"
"SQSTM1",26.7571557348798,41.0777434112404,14.3205876763606,"PLA"
"C12orf57",53.9221109532767,34.1201253764464,-19.8019855768303,"PLA"
"CD99",28.1972391128812,18.9089086151372,-9.28833049774401,"PLA"
"CLIC2",44.5833841388779,18.9028194050883,-25.6805647337896,"PLA"
"TIGAR",34.1864548743811,6.65425354289223,-27.5322013314889,"PLA"
