"gene","dcv_CRE","dcv_PLA","mean_dcv","dist_origin"
"HBB",114.588283196985,-196.302680242163,-40.857198522589,227.299839235071
"HBA1",132.386394460386,-166.722117764772,-17.1678616521927,212.890633871459
"MB",2.77821900109303,-44.4276271192318,-20.8247040590694,44.5144083669943
"ALB",99.7860207979626,-123.032525327469,-11.6232522647531,158.41165435392
"CKM",9.6750118071856,-29.8918019872383,-10.1083950900264,31.4185562926345
"ALDOA",3.39408245185318,-0.840268680393534,1.27690688572982,3.49654788973753
"GAPDH",0.658042090960253,-5.66071927284508,-2.50133859094242,5.69883866058999
"CKB",-4.10045444392646,3.15619907227323,-0.472127685826615,5.17448733987577
"CA3",-10.5971510757038,-77.1124536138725,-43.8548023447881,77.8372026300594
"FHL1",-5.8448894596011,-22.473582279584,-14.1592358695926,23.2212108485365
"ACTA1",93.6088041438668,66.6459610619021,80.1273826028844,114.909931420697
"ENO1",57.4321531554258,-84.8035968473379,-13.6857218459561,102.421200219066
"ENO3",12.6703464123751,-40.9534182460878,-14.1415359168563,42.8686382364612
"ACTB",60.5039554255673,-52.5182864277967,3.9928344988853,80.1180318745482
"IGHG1",27.5590415373112,-36.0768418717015,-4.25890016719516,45.3986705740488
"PRDX2",76.5219156391575,-123.298046167852,-23.388065264347,145.113789013643
"PKM",-4.8718538116532,-10.4522455496949,-7.66204968067407,11.5318860813502
"TPI1",2.69576017891088,-13.020139174025,-5.16218949755705,13.2962832044591
"ENO2",-4.95233624504028,-27.7368325849349,-16.3445844149876,28.1754772120837
"PGAM1",22.3462410753242,-32.3128800172304,-4.98331947095312,39.2871060935319
"CASQ1",4.64491206521083,-10.4465739360573,-2.90083093542325,11.4326775120727
"PGK1",8.95371345424808,0.31741986583263,4.63556666004035,8.959338144752
"HSPB1",1.25734750852438,1.724827286682,1.49108739760319,2.13446759780402
"MYL1",61.9986287688923,26.4169607726911,44.2077947707917,67.3920305799493
"IGKC",-1.00818816080222,-36.2154028435086,-18.6117955021554,36.229433427604
"PYGM",7.82600492933669,-36.8208339101139,-14.4974144903886,37.6433282666424
"CRYAB",2.62887579828778,-47.9692508317239,-22.6701875167181,48.0412324292338
"LDHA",15.4847532954866,3.93627501778788,9.71051415663725,15.977228972439
"MYL2",29.685218570624,25.7985026500708,27.7418606103474,39.3290597468517
"AK1",10.5898298945723,-18.0873905773373,-3.74878034138249,20.9594416694035
"FABP4",108.100904786879,-25.616739706938,41.2420825399705,111.094657697636
"FABP3",22.843723692415,-38.3667473741906,-7.76151184088779,44.6524693181728
"ATP2A1",15.7948459727203,-21.347716323556,-2.77643517541785,26.5556425554528
"CA2",76.7677061133826,-48.8727680700608,13.9474690216609,91.0045502199788
"MDH1",6.50630305959203,-4.46722423423452,1.01953941267875,7.8922792564752
"SERPINA1",31.2286669265181,-30.9587423479238,0.134962289297121,43.9735530264787
"MYH7",71.4807990923156,4.45086180248504,37.9658304474003,71.6192349139587
"IGHG2",-18.4708009655782,-34.1478234482723,-26.3093122069252,38.8232447711984
"PGAM2",19.3978044792311,-16.3364611510202,1.53067166410546,25.3604964768688
"PYGB",7.45898979942535,-33.183582697607,-12.8622964490908,34.0115669953158
"PRDX6",34.4204381546585,-33.3840246033643,0.518206775647101,47.9505960492329
"IDH2",-4.05588204815075,-12.8529275607656,-8.45440480445819,13.477682518549
"MYH2",107.409399022119,19.6551349996188,63.532267010869,109.192963739181
"ATP2A2",16.2995874270532,-25.3731919756318,-4.5368022742893,30.1575101977006
"TF",13.3126347948714,-33.4700872934298,-10.0787262492792,36.0204523654469
"ATP5F1B",-12.7035898700601,3.6888766293457,-4.5073566203572,13.2283410287619
"MDH2",-1.36336815299917,-14.4800399813644,-7.92170406718178,14.5440823217735
"HP",18.6495600600906,-11.488242759853,3.58065865011881,21.9040136081094
"ATP5F1A",-30.0700672759745,5.69260839048653,-12.188729442744,30.6041620742844
"IGLC2",14.5630647668092,-23.270491890111,-4.35371356165088,27.4517512776508
"MYH1",56.6180938726546,15.0865266356447,35.8523102541496,58.5936160319599
"PFKM",23.8785615836169,-37.8887645191872,-7.00510146778515,44.7855353891522
"S100A1",48.0281339914409,92.4760042111241,70.2520691012825,104.20418902115
"HSPB6",-5.69105698526216,-4.14738858349834,-4.91922278438025,7.04194303243314
"EEF1A1",38.9646027365108,-36.1740991490113,1.39525179374979,53.1677130941007
"FBP2",13.4782936418732,-1.62163336274315,5.92833013956504,13.5754960962656
"ARF4",15.1229003538699,-33.4742422754422,-9.17567096078615,36.7318255880112
"SLC25A4",29.3571052439133,-41.9911462154806,-6.31702048578364,51.2356905759264
"TNNC2",63.82663564031,61.9512313743449,62.8889335073275,88.9482685944955
"PGM1",12.1448757478023,-23.6051402472551,-5.73013224972641,26.5461984664875
"YWHAE",36.6823008903269,-17.2590179801432,9.71164145509186,40.539670697323
"GOT1",14.8510756883862,-30.6253937226698,-7.88715901714182,34.0362922447601
"CKMT2",16.4062419756456,-31.7883909407617,-7.69107448255805,35.7724275716107
"MYL6",58.3259138595835,-40.1864266070283,9.06974362627757,70.8298038328332
"ATP2A3",15.496136860429,-4.60453167025198,5.44580259508849,16.1657653545849
"RPS27A",24.9162917573494,-49.3719387731412,-12.2278235078959,55.302892629194
"PDLIM3",-11.8456831717577,-10.6051554147676,-11.2254192932626,15.8993563132926
"PEBP1",-3.84810845361794,-15.6134061200162,-9.73075728681708,16.0806215470474
"TPM2",124.650512050585,21.983095706497,73.3168038785411,126.574115249976
"SOD1",54.2141208738722,-10.9756586434155,21.6192311152284,55.3139763964191
"ORM1",27.7784509759474,-53.5975961014362,-12.9095725627444,60.3684076854426
"GPI",-0.774426654327268,-1.66720697492283,-1.22081681462505,1.83829152752328
"TUBB",58.9600876261908,-58.6539743104123,0.153056657889273,83.1659824405063
"PARK7",-0.234181816966885,-0.829742923710127,-0.531962370338506,0.862156855128428
"GOT2",6.37534539517844,-19.9696611897234,-6.7971578972725,20.9626428901551
"MYL3",56.8203296981794,19.5474988738552,38.1839142860173,60.0887225628335
"MT-CO2",-28.0407774787176,4.86841068372392,-11.5861833974969,28.4602639516283
"IGHA1",-19.2075844828574,-58.3291800914772,-38.7683822871673,61.4102967897899
"PRDX1",32.4496590849638,-21.1411501760154,5.65425445447423,38.728911752013
"ALDOC",13.1176536199205,-17.5986340048105,-2.24049019244499,21.949595789615
"CYCS",18.1642293833736,-4.29637167808555,6.93392885264404,18.6654236139465
"TPM1",132.865464034616,32.7393283845144,82.8023962095652,136.839669526797
"PPIA",59.9850655874781,-48.7103579886684,5.63735379940488,77.271644662957
"GPD1",27.4067989612328,-48.3768692237199,-10.4850351312436,55.6008462632569
"CFL1",11.7168197665412,-38.4364611086609,-13.3598206710598,40.1826505845397
"VIM",16.7485150059712,-57.8043101748121,-20.5278975844204,60.1818164372855
"CS",15.4914389449462,-0.369788130132456,7.56082540740687,15.4958518270595
"DECR1",-16.1172031094481,-3.59254288894511,-9.85487299919662,16.5127405502574
"HSPA8",19.686970488587,-9.81999979129694,4.93348534864501,22.0002091562686
"HADHA",4.69661936792107,-6.13087457139919,-0.71712760173906,7.72307299572913
"ACO2",4.62969700592496,-27.565144131765,-11.46772356292,27.9512301226914
"LGALS1",6.39657532662772,-26.0419364506822,-9.82268056202724,26.8160144318762
"BLVRB",27.2164616470617,-40.5733078109737,-6.678423081956,48.8562083190049
"ACAT1",13.8694072878096,0.735578680441673,7.30249298412564,13.8888996868099
"ANXA2",45.0710173595907,-42.8639052217266,1.10355606893209,62.1989628264466
"CSRP3",-3.19575143089693,-18.0444747662809,-10.6201130985889,18.3252802652245
"LDB3",23.1850165169321,11.2634327538621,17.2242246353971,25.7761499896938
"AKR1A1",21.1335495927615,-38.3747863717346,-8.62061838948653,43.809258695691
"GSTM2",4.02317305339128,-10.7530364832222,-3.36493171491546,11.4810154179428
"MYBPC1",25.569173817342,23.1048303832168,24.3370021002794,34.4618025752958
"TNNI2",116.418907206369,53.702145027516,85.0605261169426,128.207965180333
"ANXA6",33.6022636949742,-19.6436657738709,6.97929896055166,38.9228176069273
"C3",-5.63113815892508,-10.2189916207776,-7.92506488985134,11.6677978517981
"CFL2",-2.30976521438614,-16.7364718104351,-9.5231185124106,16.8951029593511
"TTR",34.900128967817,-24.1665101685437,5.36680939963665,42.4504324559431
"VDAC1",8.18709123700592,-24.9644266274063,-8.38866769520017,26.272629479331
"TXN",28.5920529546208,-19.9316745001452,4.33018922723783,34.8536531878593
"FLNC",3.84050723331194,-0.539352308105023,1.65057746260346,3.87819503395324
"A2M",-23.1583532470465,-21.9326958340294,-22.545524540538,31.8959632502774
"CALM1",49.3237917331095,-41.8678725888428,3.72795957213334,64.6974125143095
"TNNT3",115.224640366654,49.3478695367508,82.2862549517025,125.347237605944
"LDHB",56.0954351713872,-28.044389869187,14.0255226511001,62.715115005892
"S100A6",23.8111267476054,-53.61467122631,-14.9017722393523,58.6643224429963
"BIN1",-10.9973793332677,-34.3651257140675,-22.6812525236676,36.0819098378044
"ACADVL",20.2489062883939,-12.6831726208116,3.78286683379113,23.8931177037544
"AKR1B1",14.710148596068,-23.9838594477105,-4.63685542582127,28.1356355130986
"PRDX3",-6.96079418692738,3.48264263452434,-1.73907577620152,7.7834089853077
"HADHB",14.4218519475201,-11.7205203136621,1.35066581692898,18.583875000095
"CAT",10.1050927853442,-40.0617748045846,-14.9783410096202,41.3165669035275
"S100A4",30.328425082691,-33.1198333509342,-1.39570413412161,44.9080920234878
"UQCRC2",-21.9504986019571,-15.3708906889185,-18.6606946454378,26.7971765200217
"TUBA1B",44.9277502366405,-50.2628726845599,-2.66756122395969,67.4155702477568
"SLC25A6",35.7156213964636,-55.6685975232012,-9.9764880633688,66.1407466085445
"SLC25A5",17.2907380901877,-23.7096589630837,-3.20946043644797,29.3448045120291
"ANXA5",47.2736421942212,-46.0535079881387,0.610067103041203,65.9979003023642
"H2BC4",59.0060587517022,30.7780833304391,44.8920710410706,66.5507729700023
"TUBA4A",-3.39079908904069,-36.5826959099773,-19.986747499509,36.7395040590385
"DCN",42.7517964292586,-70.1926617524492,-13.7204326615953,82.1871392726533
"APOBEC2",20.4312117569409,-8.22643314359597,6.10238930667249,22.025181409537
"HSP90AA1",24.2393752813922,-16.6010093996202,3.81918294088598,29.3792584507922
"EEF1A2",14.1545728929641,-27.4473108588207,-6.64636898292831,30.8821438239474
"ATP5MF",-9.0147881145333,-13.9086060779641,-11.4616970962487,16.5745506057302
"TTN",88.472049898703,44.4422707443249,66.457160321514,99.0071666203537
"SRL",8.40785845146162,-12.0370663260333,-1.81460393728583,14.6827466598433
"HSPA1A",-10.2571746103094,-5.87328378301497,-8.06522919666216,11.8196909173718
"COX5B",-15.7717205135281,-31.2849315401086,-23.5283260268184,35.0356120172907
"TNNC1",83.9717645723575,10.7666829717042,47.3692237720308,84.6591915128453
"SELENBP1",33.8981236984706,-43.7155515561888,-4.9087139288591,55.3184620008421
"ECHS1",5.43683528660293,-27.9574231848946,-11.2602939491458,28.4811637591046
"NDUFA4",21.8202117676463,-26.2924554775071,-2.2361218549304,34.1674531772801
"ATP5MG",-3.75428042965023,-25.5763625411491,-14.6653214853997,25.8504340849579
"PFN1",26.5736854411597,-23.4615096876186,1.55608787677054,35.448599334077
"ATP5F1C",-18.4003529584248,-19.7489108174275,-19.0746318879261,26.9924520462539
"ANKRD2",17.5850810261647,7.73984186388099,12.6624614450228,19.2130223227545
"UQCRC1",-2.5575336129779,-25.7401234654485,-14.1488285392132,25.8668694317276
"HADH",11.7426738093956,2.99364528252783,7.36815954596173,12.1182630880612
"PDLIM5",49.9255501167671,51.9879191984077,50.9567346575874,72.0784593137367
"YWHAG",-4.51928006739294,-7.81594312640475,-6.16761159689884,9.028447224342
"PLIN1",35.6685989611778,9.76470610634547,22.7166525337617,36.981055111998
"COX7A1",-18.5287266043052,-24.8409417007551,-21.6848341525302,30.9900967110044
"DBI",8.63208448491256,-9.47112824034073,-0.419521877714085,12.8146460231896
"SOD2",3.6109052006703,13.9420132757035,8.7764592381869,14.4020266125334
"TPM3",69.8442744277703,20.192040262754,45.0181573452622,72.7044782686347
"TUBB4B",14.4810628791792,-23.148747500294,-4.33384231055742,27.3050488544355
"TRIM72",3.25934451057843,-15.8648586621303,-6.30275707577594,16.1962053274219
"COX4I1",-14.0304066167577,-20.2418853956565,-17.1361460062071,24.6289714402053
"UGP2",18.170278603171,-7.70454891936566,5.23286484190267,19.7362382071091
"ATP5PO",-21.9448285019667,-3.84342093970471,-12.8941247208357,22.2788550536263
"ANXA1",19.3777501015152,-39.0794014782432,-9.85082568836403,43.6199131004922
"LUM",17.9785724523657,-58.112353845559,-20.0668906965966,60.8298835844392
"CASQ2",3.33215622362645,-16.2884848732058,-6.47816432478968,16.6258234251211
"QDPR",8.49532542512401,2.13466190074329,5.31499366293365,8.75941410764689
"CMBL",24.0108745253239,-29.3806906177272,-2.68490804620168,37.9439992178665
"MYOM2",53.0709060808989,33.9062129439689,43.4885595124339,62.9773955356154
"HBG2",-37.5455286746518,105.556801103808,34.0056362145781,112.035284543433
"AHNAK",39.368648560752,-39.493432046062,-0.0623917426550342,55.76398178284
"GLO1",-9.60796995815663,-12.4745852687946,-11.0412776134756,15.7457411494432
"MIF",-7.32972790299289,-11.4264078426572,-9.37806787282502,13.5752608563758
"VDAC3",-2.61125001868596,-37.0934555957966,-19.8523528072413,37.1852534574853
"GSTP1",-5.88591695249438,2.01975201947623,-1.93308246650908,6.22281420193782
"ECH1",19.9663111642681,-2.53836399355546,8.71397358535633,20.1270184893878
"GSN",23.8703379223212,-63.2475896502036,-19.6886258639412,67.6021495892427
"SLC25A3",-21.7388425220359,8.1045946355733,-6.8171239432313,23.2004682798611
"ATP5PD",3.3074596533955,-32.3910454474163,-14.5417928970104,32.5594704277485
"ADSS1",20.7396007309129,-30.3374295606665,-4.7989144148768,36.7490227193334
"CAVIN1",43.4391027893734,-41.1858465459837,1.12662812169487,59.8600835854333
"MT-ATP6",-10.5653012591051,20.6581962689151,5.046447504905,23.2031606420475
"TNNI1",73.7727352047077,28.4479236586429,51.1103294316753,79.0676977031195
"HSPB7",0.563340922505027,-16.7023092258418,-8.06948415166839,16.7118067985065
"IGHM",0.108728162213481,19.5560398359326,9.83238399907302,19.5563420883825
"CSTB",29.0931277057243,-21.9674323770562,3.56284766433406,36.4551527899983
"RTN2",2.24770580926556,-16.9599914978894,-7.35614284431191,17.1082872612511
"LCP1",54.3176371184596,-65.3070151711541,-5.49468902634726,84.9435808798876
"ACTN2",90.7770001509925,9.35303946355967,50.0650198072761,91.2575646377888
"NNT",-2.30943260191005,-25.4341461808028,-13.8717893913564,25.538779745501
"TNNT1",74.0977940433431,11.1338720792174,42.6158330612802,74.9296082304323
"PRDX5",4.80704676473579,-13.1538934980931,-4.17342336667867,14.0047353690648
"PADI2",-0.0912068015368916,-34.3582984758515,-17.2247526386942,34.3584195334469
"UQCR10",26.4804065971479,-0.456308717316332,13.0120489399158,26.4843378470328
"ETFA",13.9080920193931,-0.0953567623631493,6.90636762851498,13.9084189084178
"ACSL1",29.9946763065271,-50.5532868057808,-10.2793052496268,58.781931012862
"GLRX",-18.19029832901,25.7107318736181,3.76021677230406,31.4948993771288
"FH",4.73580843808107,-11.3651641992174,-3.31467788056817,12.3123855867729
"HINT1",-0.482586167111425,5.40496144748043,2.4611876401845,5.42646272054245
"MYH3",24.7419535992132,-39.5629195516437,-7.41048297621527,46.6624996260965
"NIPSNAP2",0.461700062163779,-23.6279644271338,-11.583132182485,23.6324749003845
"FTH1",17.159684619581,15.1902822934773,16.1749834565292,22.9172304696492
"VDAC2",-11.764239163153,-16.3805576524383,-14.0723984077957,20.1673000694867
"ACYP2",-8.83031140381489,-29.0595149221034,-18.9449131629591,30.371529546539
"COX6C",-20.5127429459632,-27.8064835452534,-24.1596132456083,34.5539165699
"COX5A",-14.0862088143124,-24.3349317028566,-19.2105702585845,28.1177911604576
"UQCRFS1",6.32582655334397,-30.2903708946415,-11.9822721706488,30.9438628893992
"IGKV3-15",-41.63470347281,-8.13056000889458,-24.8826317408523,42.4211567419731
"CYB5R3",45.8473480869276,-59.8553968204249,-7.00402436674864,75.3966037373994
"IGKV3-20",-49.5694500510103,-10.4843070553798,-30.026878553195,50.6660741797812
"HSP90AB1",-1.03238947491978,1.3887076892764,0.17815910717831,1.73041528951305
"PCMT1",-0.409460286407455,-13.2401443772116,-6.82480233180954,13.2464742801831
"PSAP",37.8197341696634,-14.9664584391554,11.426637865254,40.6734209389249
"ECI1",-6.51771338537079,-23.3488755666066,-14.9332944759887,24.2415052750179
"CYB5R1",12.7760365780272,-24.0927569002043,-5.65836016108855,27.2706443945762
"AAMDC",16.5164460490974,-25.8372612767722,-4.66040761383738,30.6652418933381
"PITPNA",10.8482092830908,-23.1055676542842,-6.12867918559672,25.525495123042
"ATP5ME",-2.46898208046667,-11.4742171253287,-6.97159960289769,11.7368450255106
"UQCRB",-23.1047859839315,-29.496674904311,-26.3007304441213,37.4684529407592
"PHPT1",-12.6135819365229,-38.4870769837893,-25.5503294601561,40.5013276822563
"VBP1",-16.7594872877266,-26.0712256427989,-21.4153564652627,30.9933738186923
"CP",15.5815066883357,-10.7661923834808,2.40765715242743,18.9392251456275
"C1QBP",-9.76592778659,12.8318736590739,1.53297293624197,16.1254558737211
"ADH1B",18.9409461255492,-49.4127910551789,-15.2359224648149,52.9186485087604
"AGL",14.1156854142491,-29.7694176669945,-7.8268661263727,32.9464839238728
"ESD",-0.74249344090142,-1.19960351756551,-0.971048479233463,1.41079591335429
"LMCD1",14.6246859403331,-31.9388977753704,-8.65710591751867,35.1279750335674
"EIF5A",-2.44669329523528,-8.2697036969461,-5.35819849609069,8.62405399543818
"ATP5F1D",-12.9097579435523,-17.6656784072823,-15.2877181754173,21.8800832665379
"CD36",67.4577567406683,-89.1416531902147,-10.8419482247732,111.789012331122
"PLIN4",42.2383240270204,-30.782602836217,5.72786059540171,52.2651380365904
"TPT1",0.23473176003265,-21.8326621526631,-10.7989651963152,21.833923964132
"CYC1",1.31440548444189,-14.5806681079733,-6.63313131176572,14.6397931765583
"KLHL41",16.7052022121672,13.2779119222519,14.9915570672096,21.3393234654821
"CISD1",-22.8176158770318,-12.4742432133538,-17.6459295451928,26.0048137477983
"SDHA",11.6352594106152,-4.21822951401147,3.70851494830185,12.3762967718614
"UQCRH",46.5434731806349,-15.4055578524052,15.5689576641149,49.0267897017568
"NPEPPS",6.47530801236335,-23.1469750062343,-8.33583349693547,24.0356415723444
"MACROD1",9.6289361382878,-34.9523492638969,-12.6617065628046,36.2544222160643
"SERPINA3",-20.6400075598625,-1.8663060005719,-11.2531567802172,20.724213137269
"NDRG2",4.97170062402857,-29.0071709722963,-12.0177351741339,29.4301507796171
"RAB1B",6.1227454986301,-47.2531029317757,-20.5651787165728,47.6481242980454
"EHD2",50.4284298042001,-46.3866102993663,2.02090975241692,68.5182030381885
"ADIRF",49.632051548298,-23.3128232211711,13.1596141635635,54.8345535901815
"NUTF2",8.91289824645868,-5.16930350687415,1.87179736979227,10.3034680519671
"FLNB",4.42470886959389,-20.8347836939646,-8.20503741218536,21.299442719352
"VCL",28.009668480861,-25.1224930012479,1.44358773980654,37.6255389729568
"CAV1",43.4134608434112,-32.7498972788881,5.33178178226154,54.380919026623
"NEB",104.457109111597,43.7058216648363,74.0814653882167,113.232002946829
"PYGL",-7.08606143751376,-25.5837914088409,-16.3349264231774,26.546989462975
"CRAT",21.831997311245,-16.0170957618144,2.90745077471527,27.0773607140973
"ST13",7.63340366127217,-4.51704370818,1.55817997654608,8.86975396037183
"AKR1C1",-14.0743710667185,-69.2554002668518,-41.6648856667851,70.671057633557
"UBE2N",0.55293648353635,-0.639931305807066,-0.0434974111353581,0.845725032724869
"HSP90B1",39.9414881341818,-42.6161141617564,-1.33731301378727,58.4076678238469
"NME2",11.9293788559774,-25.954632214401,-7.01262667921184,28.5648912701285
"RTN4",1.45918031078178,7.71408902515623,4.58663466796901,7.85088381441281
"DLST",-0.253220064318612,-18.7961950462311,-9.52470755527488,18.7979006438735
"SYPL2",-13.2263403835473,-14.7169231169397,-13.9716317502435,19.7869630305251
"RAN",11.0991175908478,-14.0291499562346,-1.46501618269343,17.888752326252
"GYG1",-4.53757764470369,-22.0684326961856,-13.3030051704446,22.5300983696873
"RNH1",19.5272032915761,-12.2194594094709,3.6538719410526,23.0353392996554
"ADH5",13.6774471240861,-11.6826750522009,0.9973860359426,17.9877029163674
"ACAA2",14.64734168826,2.04514344805105,8.3462425681555,14.7894296798674
"YWHAZ",23.6175458989335,-50.367935815184,-13.3751949581252,55.6301845455389
"HSPA2",26.1497764696508,10.3714216192071,18.260599044429,28.1314271912404
"HSPD1",10.0428577360197,-10.3269410237284,-0.142041643854343,14.4050235131184
"CLU",-6.92413652310925,-2.36171177741222,-4.64292415026074,7.31582866873078
"ATP5PB",7.76528532753033,-32.3419263930238,-12.2883205327467,33.2610862575131
"FLNA",21.1647574129269,-29.0901105997187,-3.96267659339592,35.9747340650617
"KRT1",29.840951710152,-102.373947706526,-36.2664979981873,106.634457695373
"ARL6IP5",-25.5299660299277,-20.7132746004941,-23.1216203152109,32.8758104107676
"PDHB",-16.5850578796402,-27.7543131842061,-22.1696855319231,32.3321209511224
"ACTN1",81.0585445987064,50.8929188729737,65.97573173584,95.710902429512
"COX6B1",27.2362576753493,-29.8390514441662,-1.30139688440845,40.4002812273085
"S100A9",65.9783002691692,-26.4651583977726,19.7565709356983,71.0882600393894
"IGHG3",16.963228634641,-26.7915149831445,-4.91414317425176,31.7101939571986
"TUFM",-5.70512929222616,4.93523252886522,-0.38494838168047,7.54354163208413
"S100A8",50.0300356223573,-13.708694608579,18.1606705068892,51.874201413088
"HAGH",-0.198590991505199,-21.8641974805078,-11.0313942360065,21.8650993560182
"TAGLN",40.0227969184009,-31.3109969660824,4.35589997615924,50.8153796028484
"NDUFS1",-11.2797413169407,-26.7432897545485,-19.0115155357446,29.024749974338
"DLD",-15.5916388037289,-10.9138433260435,-13.2527410648862,19.0318463826127
"OGDH",1.65461454173349,-16.7600110816022,-7.55269826993433,16.8414880796545
"COQ9",7.0101556586074,-32.9409508856233,-12.965397613508,33.6786063786338
"DLAT",-23.1182602570939,-18.4040081425357,-20.7611341998148,29.5493057959954
"COQ8A",21.1360578825415,-17.3422509576207,1.8969034624604,27.3402013725437
"SLC25A12",-5.22399472637688,-31.3277717898255,-18.2758832581012,31.7603432950055
"FKBP3",20.8938552995861,-14.9344841116161,2.97968559398501,25.6825233370896
"EEF2",-12.4357169874071,-8.85675998153619,-10.6462384844716,15.267260866358
"ACTN4",31.7373158518987,45.4605760705237,38.5989459612112,55.4429544139474
"PDHA1",-1.93137672457271,-26.7033353027359,-14.3173560136543,26.7730897048242
"MSN",25.119516299493,-51.3522803399746,-13.1163820202408,57.1668329998771
"GSTO1",24.1433386409862,-4.33016711650181,9.90658576224217,24.5285781893319
"BPGM",-1.14463223086332,-21.0372033603743,-11.0909177956188,21.0683200129881
"IGHV3-7",-39.6908685394832,-1.41313086111029,-20.5519997002967,39.716016721836
"GPD1L",17.6103130702349,-29.7922414341712,-6.09096418196817,34.6078138012737
"SUCLA2",5.85632181638847,-27.2317220237241,-10.6877001036678,27.8543208424562
"UBA1",7.5789073105829,2.36006750862508,4.96948740960399,7.93786839571397
"ACADM",7.68081282713234,-22.7564937791154,-7.53784047599151,24.0177620690263
"COMP",23.5709582452012,-26.0115733832411,-1.22030756901994,35.1025928168954
"SDHB",3.12219354838396,-20.0433695996659,-8.46058802564096,20.2850870706137
"ALDH9A1",9.69710249983891,3.01654813719786,6.35682531851838,10.1554595935592
"FBP1",17.455065304596,-71.4191632591542,-26.9820489772791,73.5212634917643
"PRELP",9.4696774365836,-57.1274372452942,-23.8288799043553,57.906984699326
"GAMT",19.61806488467,-21.9109572354779,-1.14644617540397,29.4101770955916
"SAR1A",36.6374536130443,-34.1899999806766,1.22372681618381,50.1124645764568
"AOC3",0.525614445549365,-21.8602766273048,-10.6673310908777,21.8665947227194
"GSTM3",14.6454947863473,-23.7557361190918,-4.55512066637223,27.9074455315574
"P4HB",12.2427819346093,-9.8288876377467,1.20694714843131,15.7000873148478
"FTL",19.2098352303436,-34.5907990060004,-7.69048188782844,39.5669198377947
"LRRC20",18.5107912885792,-0.411029278484705,9.04988100504727,18.5153541472237
"COX7C",0.870095775313864,-47.2058007491042,-23.1678524868952,47.2138188565842
"IGKV3-11",-51.523126880676,10.3450357725737,-20.5890455540512,52.5514259435276
"EHD1",50.4354993251343,-45.5622754149202,2.43661195510705,67.9680846659715
"SERPING1",19.4451740821553,2.18491836340853,10.8150462227819,19.5675410652458
"SNCA",-13.6000600753842,29.6789586360844,8.03944928035012,32.6466264685414
"RAP1B",13.8619486785345,-50.434308763353,-18.2861800424092,52.3046185494508
"YWHAB",33.7890228902633,-21.5305320669176,6.12924541167283,40.0657194988846
"H3-3A",86.3622551193505,40.6115876993449,63.4869214093477,95.4344810053545
"PPP3CA",3.02695114256547,-0.49806932614413,1.26444090821067,3.06765484908652
"NDUFB10",-15.8523015358438,-34.9357655624072,-25.3940335491255,38.3640871051924
"S100A10",39.3578460975251,-42.1990421492852,-1.42059802588003,57.7044123768158
"ARHGDIA",14.6470568677557,-26.1608844142233,-5.75691377323381,29.982130481699
"GPT",18.6119550145533,-27.9015397824386,-4.64479238394265,33.5395407197946
"REEP5",-4.89372651383912,-9.36816896324259,-7.13094773854085,10.5693495029786
"ACADS",20.8217468420548,-10.8426119605011,4.98956744077685,23.4756762560873
"DDB1",3.72373440305845,-8.58950138976759,-2.43288349335457,9.36192993080702
"ALDH2",45.6451459526177,-37.8904522809807,3.8773468358185,59.3225566129196
"CTSD",28.2477171691738,-67.5311006995815,-19.6416917652038,73.2009773634659
"ALDH1A1",4.70658515153072,-19.4332164908403,-7.36331566965479,19.9950455605501
"ACOT2",5.14462691379985,4.58499335158705,4.86481013269345,6.89125170896342
"GDI2",3.66282606351407,-8.95980032946638,-2.64848713297615,9.67958246596742
"CFH",-8.90842062773451,13.3625734522566,2.22707641226106,16.0598358443541
"PSMC1",-13.7733870073398,-31.4232456176051,-22.5983163124724,34.3092779696439
"GSTM1",2.00406972736147,40.1113171436805,21.057693435521,40.1613503068938
"S100B",-35.5988197690119,-48.795075783035,-42.1969477760234,60.4006240830235
"UQCRQ",-8.93214830408356,-34.3379144231627,-21.6350313636231,35.4806375401935
"FKBP1A",-2.89915039765259,-9.65657351866155,-6.27786195815707,10.0823848939388
"OLA1",4.33797090443502,-2.65349213189315,0.842239386270936,5.08517571591618
"PHB2",-11.1905243407921,7.51720491458856,-1.83665971310179,13.4809571154935
"ANXA7",-1.95640928637565,-0.778580678156983,-1.36749498226632,2.10564127244321
"GRHPR",-2.71098643790938,-6.67341293357944,-4.69219968574441,7.20304710859188
"NDUFV2",-16.1268997506179,-24.9463318552356,-20.5366158029267,29.7051572727367
"PCBP1",-6.51481061319925,-6.7419276668639,-6.62836914003158,9.37530511455913
"CES1",22.6543569363446,-38.2952739384542,-7.8204585010548,44.4943580043645
"WDR1",-6.19196065747512,-3.18824666245937,-4.69010365996724,6.9645741839974
"ETFB",14.9897661246183,-10.6647701514712,2.16249798657357,18.3964782187914
"DUSP3",17.1421174231798,-16.9751351167333,0.0834911532232301,24.1248295741429
"AMPD1",4.47939297370198,-36.5240995971711,-16.0223533117345,36.7977555402082
"PFN2",-7.41717093657292,-14.1685619233061,-10.7928664299395,15.9925786437617
"EIF4A1",5.81976570588386,2.07657006201032,3.94816788394709,6.1791436375779
"APOD",19.8718015344777,-33.8840437706063,-7.00612111806431,39.2812540338777
"HSPB2",-4.92380328397036,-26.0897908476163,-15.5067970657933,26.5503488725026
"APOC1",48.9349792820533,12.3102573941676,30.6226183381105,50.4596337129556
"MYO6",-24.025234211042,-49.0445053514837,-36.5348697812628,54.6129598544808
"SLC25A13",1.98694748037867,-40.8394873534213,-19.4262699365213,40.8877938702987
"PLN",1.05402152390046,-35.8679299986872,-17.4069542373934,35.883413490965
"PFKL",17.0092667876751,-32.0225842660804,-7.50665873920263,36.259634026456
"STOM",-7.55338941944085,-15.7056197533197,-11.6295045863803,17.4275696400154
"PPP3R1",11.7204966501646,-0.624095120919026,5.54820076462277,11.737100853553
"HSPA9",2.56281312216485,-0.889390118451458,0.836711501856698,2.71275245496884
"UBE2D3",0.325450712544118,3.39107064175436,1.85826067714924,3.40665206084563
"CFB",-8.00848862389051,22.5078220568557,7.24966671648258,23.8901223057159
"PRKAR1A",-6.05425323393149,-23.3932795631057,-14.7237663985186,24.1640127242598
"DEFA3",71.9830571160906,-31.9726826317158,20.0051872421874,78.764287252833
"AGT",-14.0981990899268,1.72787785230048,-6.18516061881316,14.2036889381485
"ARF1",10.691513810115,-27.6917677371768,-8.50012696353087,29.6840439960869
"SUCLG1",-2.11506061688014,-24.6638675512204,-13.3894640840503,24.7543903984166
"TALDO1",8.15955806378093,-33.299816794446,-12.5701293653325,34.2849265179303
"HSDL2",30.1582850764392,-16.9320119230143,6.61313657671247,34.5863439309921
"FABP5",8.92516048850879,-27.0521151414961,-9.06347732649365,28.4864076951518
"ITIH4",7.01001301065983,22.399326634519,14.7046698225894,23.4706224052429
"CZIB",4.4051969611932,-3.4816315496163,0.461782705788448,5.61493708906782
"S100A13",-0.117550278189995,1.88270911262823,0.88257941721912,1.88637527302389
"SMPX",10.7478369376011,39.3532506899141,25.0505438137576,40.7945380988741
"PCBD2",20.8473853939127,-19.4327013960126,0.707341998950039,28.4998835314974
"PREP",26.9108715694929,-34.1320451938817,-3.61058681219438,43.4648308146589
"SKP1",12.6925840657838,-3.14860741744226,4.77198832417077,13.0772863750918
"RPL7",10.1226397673936,-11.3957178135408,-0.636539023073571,15.242382371082
"HIBADH",0.746859013694035,-13.8350410431337,-6.54409101471985,13.8551852766945
"EEF1D",0.47455690055072,6.73636305567601,3.60545997811336,6.75305793472386
"FMOD",-7.6542093680696,-7.30505279763005,-7.47963108284983,10.5806766053219
"VCP",8.57460804836859,-13.837709941145,-2.63155094638819,16.2790085569856
"PNP",-31.0301816850434,-22.4082361340378,-26.7192089095406,38.2753343818915
"PBXIP1",5.54611696725245,-0.388052839662816,2.57903206379482,5.55967610754582
"MYOZ1",83.0852346669913,12.5949366237074,47.8400856453493,84.0344491754674
"CDC42",5.95917886372206,-25.1561128550051,-9.59846699564154,25.8523079570004
"ALAD",2.36652115862842,-17.6778944396205,-7.65568664049606,17.83559290331
"CRIP1",53.7314295816011,-10.5358315270924,21.5977990272543,54.7546369803493
"IDH3A",8.30554157637314,-9.49602089644229,-0.595239660034574,12.615721689326
"NDUFV1",-5.50349902232436,-31.4558269063314,-18.4796629643279,31.933642884109
"HIBCH",-4.3756119280112,-5.0225012582248,-4.699056593118,6.6611934841606
"PRKACA",8.06614064361322,-13.5775786778268,-2.75571901710679,15.7928232952543
"AIFM1",-3.23856504316279,-15.4122672451961,-9.32541614417942,15.7488502810884
"SLC25A11",4.20313967492493,-20.1564154519581,-7.97663788851659,20.5899846284271
"KRT10",55.6684214131806,-130.84359039953,-37.5875844931746,142.19359441014
"MYOM1",55.333244793177,46.9776647252408,51.1554547592089,72.5855974858566
"FUNDC2",17.8250907162332,-24.760757120927,-3.4678332023469,30.5094895441317
"AKR1C3",-9.81338254857565,-8.61311806760997,-9.21325030809281,13.0571160633303
"DES",104.109223501265,29.1815074126814,66.6453654569732,108.121648123365
"NAPA",1.5083088375197,-8.46137584939006,-3.47653350593518,8.59475868270781
"HSPE1",19.8140371724746,1.38545183733734,10.599744504906,19.8624154086502
"ADPRHL1",8.72477987462929,-32.4357955756633,-11.855507850517,33.5887275508757
"NDUFA9",-3.53942609080527,-25.4250325785996,-14.4822293347025,25.6702126729625
"PACSIN3",14.4719225934202,-27.9622513465146,-6.74516437654721,31.4852988538398
"COASY",11.074835215784,-0.230862446118628,5.4219863848327,11.0772411965163
"NDUFA10",-15.3505592404984,-28.3700950595504,-21.8603271500244,32.2568126553752
"CCT3",4.30479671199605,-8.49043883525136,-2.09282106162765,9.51939212065331
"MGST3",31.8957422598541,-5.28083229131176,13.3074549842712,32.3299484069493
"MYH9",15.9822791036585,-50.3637324859155,-17.1907266911285,52.8388000929251
"CACNA2D1",9.07995178703505,-31.3308220352625,-11.1254351241137,32.6200235110304
"LTA4H",-2.26484265530401,2.73270524826906,0.233931296482526,3.54925206588681
"AK3",11.4151480458729,2.34491442689125,6.88003123638206,11.653507136422
"HNRNPK",24.5062216867107,-3.54214309136906,10.4820392976708,24.7608901099687
"MYOT",66.8890368509138,47.0238390206708,56.9564379357923,81.7642017455369
"CSRP1",10.0475443178022,-37.6044322707296,-13.7784439764637,38.9235978966756
"RNPEP",0.495128169206676,-0.229408397508873,0.132859885848902,0.545692327955547
"GYS1",4.0657358922406,-16.4228034134121,-6.17853376058573,16.9185897846432
"NDUFA5",-23.2507215163761,-18.8900845875691,-21.0704030519726,29.957158522757
"IMMT",-15.2177084521796,-3.88949866920544,-9.55360356069253,15.7069045465136
"SMTNL1",7.69510366678166,-32.8061858879627,-12.5555411105905,33.6965940854276
"NT5C3A",21.9436799059626,-24.8804203220517,-1.46837020804452,33.1746952241812
"ANK1",-21.5764432592746,-14.0809561505279,-17.8286997049012,25.7646313739161
"KRT19",-20.8150894624316,-39.7916125003611,-30.3033509813963,44.9070192142378
"ATP5PF",-13.7444850141212,-27.1154044851726,-20.4299447496469,30.3999346824615
"EEF1B2",-7.35708025387772,2.17605893865685,-2.59051065761043,7.67214848438857
"RAB5C",19.9828675056842,-31.3744641932866,-5.69579834380124,37.197741828847
"NDUFA13",-1.46668971779037,-49.6269486602511,-25.5468191890207,49.6486174234034
"PSMA5",-5.02888895213194,-1.69420166284277,-3.36154530748735,5.30660375072926
"CAP2",15.0087613752414,-33.7220738320865,-9.35665622842251,36.9112609044398
"S100A11",-16.7392494343482,-27.0635007382008,-21.9013750862745,31.8219349479557
"NDUFB3",-13.8378400669055,-35.5679219170243,-24.7028809919649,38.1649431705695
"HMGB1",12.7772781629864,-8.73308736757125,2.02209539770755,15.4766163040879
"PPP2R1A",-2.62139893336019,0.672539137695857,-0.974429897832165,2.70629659489765
"EPHX1",-3.77024175029725,-48.8680812793329,-26.3191615148151,49.0133052423438
"RHCE",3.22308182181673,-49.6325751395601,-23.2047466588717,49.7371166375193
"SLC2A1",-26.2773527357552,-10.5729938450622,-18.4251732904087,28.3246794447356
"PRKAR2A",2.39558523840433,-21.2615899446703,-9.43300235313301,21.3961219759509
"UBE2L3",-8.46802133158446,-15.805107327292,-12.1365643294382,17.930666549222
"PCYOX1",6.91239906858864,4.67676888704103,5.79458397781483,8.34586293358692
"FHL3",-5.98175142294054,-32.8203775096642,-19.4010644663024,33.3610331069456
"LMNA",36.8256701447511,9.80929257692887,23.31748136084,38.1097389451804
"NDUFAB1",-2.58433035588142,-25.8135672964197,-14.1989488261505,25.9426101222509
"IGKV4-1",-34.638583779675,-15.67084317574,-25.1547134777075,38.0185061792307
"UBE2D1",-7.43724729578491,-11.2799809872876,-9.35861414153624,13.5111294277062
"CST3",6.47291212628123,-51.8990268971672,-22.713057385443,52.3011241204951
"ADSL",14.8958317273893,-9.51316477819767,2.69133347459581,17.6744478541152
"CBR1",1.37167252757182,-8.776348186273,-3.70233782935059,8.882892153437
"PGD",-5.56211968294512,-27.1759276842914,-16.3690236836183,27.7392902012514
"USP14",1.74501155612036,-9.36550228306953,-3.81024536347458,9.5266834913927
"DPYSL2",34.1628199641127,-40.3871055609298,-3.11214279840855,52.8981716460036
"RACK1",11.7049142033471,3.61461440315072,7.65976430324892,12.2503246402363
"AMPD3",-11.7237241856191,-31.6747666018712,-21.6992453937451,33.7747916065145
"ABHD14B",-3.73552212918557,-14.6222842309818,-9.17890318008367,15.0918958951238
"NAXE",-3.57489520739869,-24.4946145500323,-14.0347548787155,24.7541111272156
"BCAT2",7.69659658868527,2.62405439325915,5.16032549097221,8.13162102583146
"TAGLN2",35.3243534843556,-36.7401369778146,-0.707891746729494,50.9671228757941
"RPLP2",15.715625372531,-8.12924339638015,3.79319098807544,17.6936564634711
"TWF2",-6.39815599410526,-12.6043285911329,-9.5012422926191,14.1352573148902
"PSMA7",-6.62311522720326,-0.0559136138588858,-3.33951442053108,6.62335123974461
"HK1",-1.12135992085681,-4.30770672540979,-2.7145333231333,4.45126783110663
"PSMA4",5.33949151039364,-1.67018308744571,1.83465421147396,5.59461179485721
"MYBPC2",31.3382954757846,21.7911540374846,26.5647247566346,38.1699247787176
"NDUFA6",-5.93460657622008,-18.6358085946204,-12.2852075854202,19.5579374472321
"ANXA11",7.93211259321906,-2.0381846143148,2.94696398945213,8.18978673187123
"STAC3",-17.255476566763,22.2751926789658,2.50985805610138,28.1768642760539
"NIPSNAP3B",1.61826228664225,16.4153980193939,9.01683015301807,16.4949708991404
"AHCY",5.51275731625633,-5.40659727120681,0.0530800225247585,7.72151457169891
"NDUFB4",-15.2755452429058,-44.5000624299931,-29.8878038364494,47.0488877524362
"NDUFS3",1.98087677841625,-32.4138257567016,-15.2164744891427,32.4742971132106
"ALDH4A1",10.0267675925118,3.69869654002454,6.86273206626818,10.687208449798
"PSMA2",-1.63367102138425,3.014669871146,0.690499424880876,3.42886503643788
"MYL6B",28.5643053504547,-35.4515816011687,-3.44363812535702,45.5272904770132
"UBE2V2",-1.00650747760948,-6.09242912718574,-3.54946830239761,6.17501011920345
"DDAH1",5.33367461827736,-27.561802215017,-11.1140637983698,28.0731370935521
"SDHC",-26.8431139820218,5.79286109759784,-10.525126442212,27.461063489018
"SRI",26.9500227523357,-13.5898862317771,6.6800682602793,30.1825899177665
"COL1A1",79.1000794025114,48.9261583610302,64.0131188817708,93.0085562378656
"HRC",22.4978135690529,-32.6567262130725,-5.07945632200978,39.6561897103521
"CD59",3.51108395612816,-2.48975170796706,0.510666124080551,4.30425070300342
"PDLIM1",4.6943316407782,2.03727950408836,3.36580557243328,5.11734866228498
"STIP1",5.34809059302702,-10.1501427492969,-2.40102607813496,11.4729015868842
"CAPZA1",-2.55104377066305,-16.1721867743708,-9.36161527251693,16.372154695854
"OGN",-1.05302593568926,-12.064978120279,-6.55900202798411,12.1108447543532
"EIF4A2",0.860697401003257,-27.1717741507793,-13.155538374888,27.1854025263017
"SURF4",16.7733566571828,-15.3741126824768,0.699621987353002,22.7532159116586
"CAPNS1",8.23523871274486,-10.7189870085714,-1.24187414791329,13.5172422907121
"HNRNPA2B1",10.221305402963,-29.9570973086942,-9.86789595286563,31.6528476333997
"CACYBP",4.68222910194294,-7.40118198532124,-1.35947644168915,8.75789724436894
"PSMA6",-1.80717326455248,-7.83855797144635,-4.82286561799942,8.0441821386539
"AZGP1",19.829820780928,-19.6839663214456,0.0729272297411825,27.940657156687
"THBS4",0.420449373214964,-9.35090965414618,-4.46523014046561,9.36035731344915
"ALDH5A1",20.8630538527787,-35.3440562649292,-7.24050120607527,41.0422870868867
"PSMF1",8.74953169557044,-7.1125225337183,0.818504580926067,11.2757386314353
"FIS1",22.202832370128,-26.2808061429294,-2.03898688640073,34.4041645266709
"PDIA3",25.7296912690345,-26.5848252676896,-0.42756699932751,36.9968910492952
"GPX3",24.9947339933406,7.32763175044553,16.1611828718931,26.046706403459
"COL6A3",58.4817783270713,60.7570953603469,59.6194368437091,84.3299652135764
"MAOB",-0.565456351414944,-12.639626490587,-6.60254142100096,12.6522685201865
"TKT",8.08352298166908,-39.1559951692474,-15.5362360937892,39.9816870765767
"NDUFA2",7.8806556613327,-34.6076774000968,-13.3635108693821,35.4936060253346
"APEH",-10.3627810150122,-7.04663050578471,-8.70470576039844,12.5316492071137
"RHOA",26.7442868216763,-24.2707909123797,1.2367479546483,36.1154837862176
"TCAP",28.4330220770898,98.788640055538,63.6108310663139,102.798989043954
"TPSB2",27.3328062888025,-52.2015244946735,-12.4343591029355,58.9243706728311
"HSPA5",13.751987629202,-14.2611021149766,-0.254557242887305,19.8115167841212
"RYR1",26.7355660846622,-29.0629943982057,-1.16371415677174,39.4898485342433
"CAVIN2",1.45491708342342,-17.925473392722,-8.23527815464927,17.9844204819844
"TMEM109",17.5174453415117,15.2557092996936,16.3865773206027,23.2292392800455
"PDHX",-11.394945128551,-33.6898927396588,-22.5424189341049,35.5647809959853
"IDH1",34.2439197314672,-37.3156701839587,-1.53587522624574,50.6468684111185
"ANP32A",44.9123607752504,26.1449677131682,35.5286642442093,51.9680621836995
"PRXL2A",7.78061591613395,-53.9138059395278,-23.0665950116969,54.4723457813179
"CANX",14.4233677850694,-16.9024959650719,-1.23956409000128,22.219988931425
"KRT8",38.5287111137055,-51.8781694317502,-6.67472915902235,64.620476968781
"EEF1G",-7.43526686042862,-13.8762285750139,-10.6557477177213,15.7427098287373
"HEBP2",6.39652264295193,-7.24252858185989,-0.423002969453979,9.66280094904444
"CCT2",-3.30351653636933,-0.544309121563593,-1.92391282896646,3.34805823215232
"MYLK",-6.99559519424896,-1.14728854240195,-4.07144186832545,7.08904952171487
"RAB7A",-0.578181385222738,-24.1048243403227,-12.3415028627727,24.1117575093984
"PLIN3",1.95558405983786,-4.14189476932572,-1.09315535474393,4.58034947304893
"LAP3",23.7804971407301,-20.6888905578635,1.5458032914333,31.5205050209467
"WARS1",-0.441007701983381,5.16381157379744,2.36140193590703,5.18260916555484
"MAP4",0.571708398799629,-10.1422895082756,-4.78529055473798,10.1583899788763
"APOC2",-17.5244030187188,-3.07695874253582,-10.3006808806273,17.7924808912571
"ACP1",-1.32945221021122,-0.784832186081054,-1.05714219814613,1.5438279501111
"COL6A1",57.5744957030846,99.9545797265753,78.76453771483,115.350511762111
"ACTN3",90.0155880978519,-106.185188691359,-8.08480029675369,139.205245583712
"CAMK2D",3.56479811178243,-23.2196920841992,-9.82744698620839,23.4917408052871
"SPTB",-31.3346945212653,-26.3092782689014,-28.8219863950834,40.9150486223774
"MPI",7.31381696760497,-21.2467190151266,-6.96645102376082,22.4703134722987
"ANK2",6.3247996880578,-12.7011091060467,-3.18815470899444,14.1887724492909
"RAB10",19.3434261074081,2.08273689864344,10.7130815030258,19.4552287717654
"HP1BP3",38.1712372648647,12.7117342777172,25.441485771291,40.2322202056746
"MYL12B",-9.21493334074471,-30.2821225558337,-19.7485279482892,31.6531506008628
"PTGES3",-3.33960861160408,2.68029742148379,-0.329655595060142,4.28217000436844
"CRKL",-3.47689677099402,-9.88007977061988,-6.67848827080695,10.474005319359
"PSMA3",-2.32045078652509,-0.780194364879602,-1.55032257570235,2.4481003042512
"DYSF",7.14454870150648,-30.9733255616652,-11.9143884300794,31.7866555726944
"FASN",70.403938816393,-23.7448861261772,23.3295263451079,74.3002975633848
"DDT",28.1453240185435,6.22327583147126,17.1842999250074,28.8251353194287
"GNAI2",2.98505315028596,-38.108873967213,-17.5619104084635,38.2256042118233
"MUSTN1",8.40845848675114,-14.0322704175581,-2.81190596540346,16.3586914878572
"NDUFA8",-9.25577896985031,-20.6475648463437,-14.951671908097,22.6272264854244
"C1QA",19.6556285920821,-0.400592289795931,9.62751815114306,19.6597103115106
"TCP1",-3.71317538481786,-10.6869299662151,-7.20005267551648,11.3136264540245
"PSMB1",9.71948131715672,0.570465375765608,5.14497334646116,9.73620808217993
"NEDD8",-7.40730501490508,-25.6196714242782,-16.5134882195917,26.6690031960667
"RPS16",10.2499496273125,-1.6832928237401,4.2833284017862,10.3872490146765
"SPTAN1",3.79811673902048,-50.3015648839645,-23.251724072472,50.4447531517295
"TUBA8",4.83367183241907,-54.2710847745817,-24.7187064710813,54.4859158498171
"TLN1",1.30655516612724,-35.9324409841683,-17.3129429090205,35.9561872489683
"DCXR",39.4997145622357,-14.9467324864206,12.2764910379076,42.2330707209258
"CAV2",-24.067872565593,-69.4382724197741,-46.7530724926835,73.4910618135048
"TMEM43",14.13033449428,-27.4513295337694,-6.66049751974468,30.8746149140656
"ACOT13",27.3789203919264,12.994832604678,20.1868764983022,30.3062857547909
"MTPN",-12.8201832140429,-11.7241077441704,-12.2721454791067,17.3727315076975
"AK2",-0.999481288022416,-1.92291216103016,-1.46119672452629,2.16715343807138
"CPT1B",29.2491241509337,-11.309080706059,8.97002172243736,31.3593139276498
"SERPINF1",-35.5618491799101,-36.4505806249072,-36.0062149024086,50.9243551258878
"IDH3B",-7.49982997648032,-1.29696345877196,-4.39839671762614,7.61114734383079
"RPS25",5.39607845561494,0.876218789045634,3.13614862233029,5.46675608248881
"GPX1",-2.46498896848893,-13.4424173664492,-7.95370316746908,13.6665560866148
"JCHAIN",-16.7972566520164,-11.2885864460793,-14.0429215490478,20.2380832833624
"ACACA",29.4759980273806,-36.6927711667122,-3.60838656966579,47.0658465939247
"PSMC6",-2.2189140407636,3.11693186017502,0.449008909705711,3.82607419442853
"ASPN",17.2814192744708,-31.0831192474995,-6.90084998651434,35.5641357872552
"CAPN1",-14.4608834115999,6.1802878126026,-4.14029779949865,15.7261917351433
"SDHD",17.5931718235229,-6.20883880926626,5.69216650712831,18.6566174364875
"PRKCSH",9.13871352944646,-26.5010494009543,-8.68116793575394,28.0325115593503
"NDUFB1",-22.322197720991,-23.6756579367699,-22.9989278288804,32.539472795882
"COL1A2",80.3571970534789,98.920410082951,89.638803568215,127.446171575575
"RPLP1",11.0365727241596,-9.23340294546864,0.9015848893455,14.3896375023505
"IGLV1-51",8.05361731083543,-36.8394216959068,-14.3929021925357,37.7094648951458
"GLUD1",21.5866942007018,-38.8352488858822,-8.62427734259021,44.4315419780028
"VAT1",8.73855713052734,-26.9797245576859,-9.12058371357928,28.3596177324746
"RPL14",14.9979240538284,14.459529437117,14.7287267454727,20.8330438838701
"MYOC",69.5510217822794,7.0859442275258,38.3184830049026,69.9110523204644
"EIF4H",-11.9686519746946,-14.7203748475718,-13.3445134111332,18.9720337798662
"GNG2",-13.4972193698816,-6.87853343690718,-10.1878764033944,15.1488993976908
"SMYD1",30.5584905316964,3.71676455727847,17.1376275444874,30.7836918245687
"ECI2",21.942796801103,-13.8812455152718,4.03077564291564,25.9648860677213
"UBE2V1",2.10153770217239,-22.5392001279962,-10.2188312129119,22.6369609957591
"CAP1",19.2348268977373,-40.7861169342896,-10.7756450182761,45.0941892084053
"RBP4",-53.5311973147138,30.3813792728358,-11.574909020939,61.551744836899
"DGLUCY",19.6296672279944,-25.2958805089489,-2.83310664047722,32.0188289324394
"DSTN",11.7943563511065,-31.6730457723474,-9.93934471062045,33.7977613198582
"ETFDH",16.1364891791472,-11.9023427017258,2.1170732387107,20.0512354935565
"UCHL1",-28.535868610066,-15.1846562112437,-21.8602624106549,32.3244424790995
"CRYZ",3.12936596180949,-25.7449157474933,-11.3077748928419,25.9344099252028
"DHRS7",-7.36760116936964,6.90862493654387,-0.229488116412882,10.1000319556293
"CD81",49.8416740797596,-20.1590229408388,14.8413255694604,53.7641021593614
"IPO5",2.11038607821466,-15.426227485693,-6.65792070373915,15.5699140601183
"MFAP4",51.2937228540876,-81.0543785538426,-14.8803278498775,95.9211044920854
"BANF1",-2.51858451663366,-8.84229048259257,-5.68043749961312,9.19398547671107
"PPBP",15.4912196488753,74.8253811920091,45.1583004204422,76.4121427309767
"PPP2CA",-0.356448750007267,-11.6514048640059,-6.0039268070066,11.6568559661842
"GPD2",4.98387024536935,-28.8643355147849,-11.9402326347078,29.2914463168474
"DPYSL3",8.31688877635082,-32.393273855987,-12.0381925398181,33.4439057232728
"AKR7A2",-7.72435530479893,-5.28926678359695,-6.50681104419794,9.36173103559579
"IARS2",2.69304830737703,-4.95988671249545,-1.13341920255921,5.64384491164093
"NSFL1C",-1.24762243982651,-10.0561331616602,-5.65187780074338,10.1332312673402
"RPL22",9.37683774629027,0.0341033892791565,4.70547056778472,9.37689976279017
"METTL7A",-0.0427587089840813,-6.52684510309913,-3.2848019060416,6.52698516215895
"GNB1",9.41797143194391,-15.61156182311,-3.09679519558303,18.2323626677865
"PGP",4.54244718316501,-24.7365757228038,-10.0970642698194,25.1501889635416
"CLTC",5.33099896432855,-36.1305740562744,-15.3997875459729,36.5217460096529
"ATP1A2",7.73347135419682,-34.935017797069,-13.6007732214361,35.7807496800683
"MGST1",-16.2134883425829,-1.55907159369741,-8.88627996814013,16.2882751839888
"RAD23A",13.7350592878313,0.93386173094742,7.33446050938935,13.7667698234832
"CUTA",0.0467400202575874,7.4179212497536,3.7323306350056,7.4180685017759
"SERPINB6",10.6545831792061,-5.63084047382853,2.5118713526888,12.0509961067261
"ATIC",0.738460212435214,1.0994471912799,0.918953701857557,1.32442727688731
"LRPPRC",14.1342273566686,-14.9089301492267,-0.387351396279069,20.5439183498309
"NQO2",-3.97414444255149,-14.2731276472705,-9.12363604491102,14.8160722489309
"PPP1R1A",7.87532854458033,11.5979151124842,9.73662182853224,14.0190026264877
"ADSS2",22.2578704439945,-22.334430777689,-0.0382801668472368,31.5315650557505
"SOD3",13.2839554219425,-12.5476139262627,0.368170747839908,18.2730973536151
"FAM162A",4.33454564822487,-37.7106068820303,-16.6880306169027,37.9589008980447
"PSMA1",-4.69206343667231,3.38611942134392,-0.652972007664194,5.78629968368038
"NDUFS6",-2.94867608180073,-43.9563878111925,-23.4525319464966,44.0551781297425
"ANXA4",20.9477662156474,-26.7170782286125,-2.88465600648256,33.9501278127081
"PPIB",16.9718553784165,-31.2095547238299,-7.11884967270667,35.5257678459681
"RPL5",8.66324012351859,13.1936764019181,10.9284582627183,15.7836886194664
"ATP5IF1",28.4459183121305,30.590757405438,29.5183378587842,41.7727747134274
"SH3BGR",-1.83004228439679,-20.540125958509,-11.1850841214529,20.6214894989206
"IGHA2",-37.5002587683787,-12.7568673265945,-25.1285630474866,39.610693905607
"IMPA2",-8.36213860866101,-17.7465753457304,-13.0543569771957,19.6180095476617
"DYNLL2",-2.95542759006759,4.85906127245961,0.95181684119601,5.68726900099243
"LAMA4",-32.6328287563626,-64.9994560235311,-48.8161423899469,72.7312229788352
"RAB6A",17.4648900476921,-27.9874008458791,-5.26125539909348,32.9896497478511
"RPS3",11.6236593354867,3.02964512719844,7.32665223134255,12.0120025784298
"GFM1",12.6136956649892,-15.5269382784498,-1.45662130673031,20.0047776951347
"ATP1A1",-1.5094880116217,-30.5625307161297,-16.0360093638757,30.5997849311332
"RAD23B",-12.4823829900085,5.78005650315453,-3.351163243427,13.7556874887776
"KRT2",76.4356172601964,-110.648178752166,-17.106280745985,134.482054740098
"APOE",-19.8480321681232,-3.36155623222615,-11.6047942001747,20.1306840730581
"TACO1",67.150749905774,-27.57215583531,19.789297035232,72.5909566703349
"PSMB2",-12.3308760865364,-1.05764337981366,-6.69425973317504,12.3761510406257
"CNN1",-60.2966449069713,-26.5588114149163,-43.4277281609438,65.8866894813396
"ME1",-1.68524634747721,-5.57769130221697,-3.63146882484709,5.82672253625588
"NONO",37.2017659867675,-3.6638219730509,16.7689720068583,37.3817466684534
"HINT2",8.44759848886625,5.21814345701679,6.83287097294152,9.92929712351798
"CAVIN3",7.47270707890919,-15.505359112172,-4.01632601663141,17.2121327058734
"NDUFS7",26.4544293838229,-41.101327518349,-7.32344906726308,48.8789930112545
"CLEC3B",20.7288191945484,-40.0264919820564,-9.64883639375402,45.0755366644692
"PHKA1",-15.2678239485127,-13.2299711263381,-14.2488975374254,20.2024400537786
"CHCHD3",-3.94734566582485,-19.3054132021446,-11.6263794339847,19.7048348562236
"CAVIN4",9.87347756609574,-31.4302297854492,-10.7783761096767,32.9445732043129
"CAB39",4.03049472218959,-16.722611810775,-6.34605854429272,17.2014718404987
"GLRX5",1.66393948783143,-15.7647793920117,-7.05041995209013,15.852348844823
"ACO1",14.0772354425889,-38.0576058513048,-11.9901852043579,40.5777022617022
"BSG",1.23508784510695,-9.67499625580909,-4.21995420535107,9.75351190777203
"PLS3",24.6017674889553,-28.5854527734245,-1.99184264223458,37.7143881541554
"TUBB2A",-0.577896700429157,-78.2616530523059,-39.4197748763675,78.2637866645607
"GPX4",2.14670496367162,-26.6463601993033,-12.2498276178158,26.7326926079672
"FHOD1",2.49061794370863,-24.2627416314667,-10.886061843879,24.3902400401643
"PRPS1",-8.54741189584031,6.57458148934642,-0.986415203246944,10.7834767991223
"F13A1",-2.36606441779858,-69.1669912486223,-35.7665278332104,69.2074485818988
"MICOS13",17.8210747343344,19.2735030556197,18.5472888949771,26.2499261850717
"PCBD1",-1.31266304413285,-2.1212104616521,-1.71693675289248,2.49451760668359
"FKBP2",4.5092207162309,-12.4245547648285,-3.95766702429882,13.2175123443071
"PTGR2",22.357659560213,-46.5624381943945,-12.1023893170907,51.6519659995357
"ISOC2",28.787068309128,-6.58690668215786,11.1000808134851,29.5310453840337
"KPNB1",13.9673370424774,-0.254622006567857,6.85635751795479,13.9696577060568
"NDUFS2",3.0485266410799,-31.5509913621621,-14.2512323605411,31.6979269135475
"CFD",-6.69609353783042,-23.7811222702282,-15.2386079040293,24.7058585177467
"TBCA",8.87274744344052,1.58678963279689,5.2297685381187,9.01352031860094
"NAP1L4",2.51217064172766,-11.5906969829407,-4.5392631706065,11.8598169413996
"CPT2",7.37930651442032,-31.0894612947987,-11.8550773901892,31.9532278218422
"MYH4",67.2666005573551,-30.3619586669576,18.4523209451988,73.8013826742888
"CCT6A",-24.1595974360995,-4.14980470654565,-14.1547010713226,24.5134050547216
"MAP2K3",10.3100639485353,-27.5579082004623,-8.62392212596346,29.4233873476184
"TOLLIP",5.24774118098683,-20.662538398948,-7.70739860898058,21.3185196622708
"APOOL",1.9381319797657,-30.180131681709,-14.1209998509716,30.242299910825
"CACNB3",21.0409264654892,-4.11847375486028,8.46122635531444,21.4402055166362
"GSR",4.44124904934281,0.34123286576158,2.39124095755219,4.45433866998955
"PSMB4",-10.4688585552413,1.06293093171508,-4.70296381176312,10.522681294007
"FAH",11.8096288055886,-21.5617941413315,-4.87608266787142,24.5841066365842
"B2M",52.536388159271,15.8061037776081,34.1712459684396,54.8626010817033
"ITGB1",13.7948896834972,-39.4096037433276,-12.8073570299152,41.7542315051535
"KLHL40",-6.23737487295365,11.4711720589501,2.61689859299823,13.0572827844001
"APOM",-6.10407405614244,16.2984863636729,5.09720615376521,17.4040333782058
"CAND2",13.3507604889009,-22.1375293507499,-4.39338443092448,25.8517506445368
"RAB11B",20.1544900132885,-30.6348668759367,-5.24018843132409,36.670131390576
"PPP1CB",-3.10995407289704,-8.34986542730584,-5.72990975010144,8.91022261167734
"RIDA",9.52161518755616,-36.2123059811899,-13.3453453968169,37.4431871006625
"APRT",8.92857002405442,-8.05271214585365,0.437928939100381,12.023540891868
"FBN1",65.0074793606512,0.453691459180376,32.7305854099158,65.0090625125884
"MTHFD1",0.110125021753777,-0.319970706008579,-0.104922842127401,0.338391449537217
"NDUFB9",-15.9364098595611,-41.7959609569255,-28.8661854082433,44.731102283811
"HSPA4",-7.20475106234457,-4.85023821601343,-6.027494639179,8.68523163896233
"MCAM",20.0232578898972,-7.01328317872606,6.50498735558557,21.2159609131977
"HPR",-11.9241199239304,-16.6904442092226,-14.3072820665765,20.5123271195992
"ADPRH",6.81274084114641,-35.1205526081534,-14.1539058835035,35.775224014263
"RDX",-3.76884940152744,-21.4156870334713,-12.5922682174994,21.7447896500975
"IMPA1",11.5753956597551,-19.3185864782776,-3.87159540926125,22.5210472269512
"EIF3K",7.82933095857462,-1.35316124906122,3.2380848547567,7.9454055041172
"PSMB5",-13.2918479733851,-3.45668240237255,-8.37426518787884,13.7339679546173
"STBD1",-2.71840900994134,-39.6539212555283,-21.1861651327348,39.746990055663
"COL6A2",74.9494164541257,139.458372242215,107.20389434817,158.322621931492
"NOL3",11.2283268691274,-16.6627729982414,-2.71722306455696,20.0928675970079
"GSTK1",-9.68867252595395,-4.73002235361101,-7.20934743978248,10.7816272788867
"RPS20",12.1645481066573,-16.0418472807887,-1.93864958706568,20.1324885401514
"LANCL1",4.0841619048436,-10.8231345032761,-3.36948629921625,11.5680862263808
"MYH13",55.062133236547,36.2516517247017,45.6568924806244,65.9243564195232
"RPS10",17.8672073153268,51.7668727572126,34.8170400362697,54.7635482078208
"AKR1C2",41.6145137455581,-27.5457262329209,7.03439375631859,49.9052581195436
"FARSB",-8.89344780253165,-2.0586230858716,-5.47603544420162,9.1286002665271
"LIPE",31.343152185728,-1.60798378656784,14.8675841995801,31.3843719197242
"LGALS3",28.4337682213253,-56.2975502814638,-13.9318910300693,63.0705425928618
"SAA4",-32.7059223414698,-14.0207147590445,-23.3633185502571,35.5845162754918
"PLEC",37.1693718703834,63.0581125591138,50.1137422147486,73.1975939820204
"MTCH2",-22.2409607430408,0.153321864668044,-11.0438194391864,22.2414892120035
"GLOD4",-2.72682553533222,-3.32290420832969,-3.02486487183096,4.29851949837093
"SAR1B",20.2044644369976,-14.7719596406909,2.71625239815332,25.0286071288856
"CALR",14.4630296021355,-1.72290317331039,6.37006321441257,14.5652882091928
"SAMM50",-9.54880522895428,-18.2161331153671,-13.8824691721607,20.5671385218576
"GNPDA1",-10.8005911707807,2.64564374150912,-4.07747371463576,11.1199010987208
"RPS9",6.94284490207819,-7.52204943345958,-0.289602265690693,10.2364213968419
"TMEM11",-8.6044771747056,-21.9500564229271,-15.2772667988164,23.57630175451
"PPA1",1.9991589458307,-20.4853807774661,-9.24311091581768,20.5826981246014
"LYPLA1",17.8980737073573,-47.7606702073534,-14.9312982499981,51.0041435678472
"CYB5A",39.2530416860968,-61.0848221802282,-10.9158902470657,72.6096190762667
"USP5",3.80853227314452,9.19380349658922,6.50116788486687,9.95142908377884
"PDLIM7",50.2872422555818,69.5313282484561,59.9092852520189,85.8103277098166
"C11orf54",7.64945991196258,-22.5717374795276,-7.4611387837825,23.8326995908863
"RPS15A",17.7628464791101,-16.9551785224957,0.403833978307214,24.5559930316437
"RAC1",6.3280537514356,-0.671522031506154,2.82826585996473,6.3635843767374
"CUTC",6.92125895900415,-2.54489853271643,2.18818021314386,7.37430228017657
"TXNDC17",-0.652732327770362,-3.40293332838174,-2.02783282807605,3.46496965774994
"ATL3",11.7853903085642,31.2887026123127,21.5370464604384,33.4346876146158
"RPSA",11.0114257032186,2.4930937566267,6.75225972992266,11.2901289849512
"PPP1CA",5.41675160405109,-18.3189259075812,-6.45108715176506,19.1029904556182
"C1QB",-25.5587664594632,5.0148745585587,-10.2719459504523,26.0461035428999
"XIRP1",6.54415890447861,-11.486674693916,-2.47125789471869,13.2200495948736
"BGN",60.3355678758981,24.5403418094623,42.4379548426802,65.1353139781513
"TUBB6",5.1225261199951,-33.9741387008694,-14.4258062904371,34.3581485868483
"MPC2",12.9112307626548,-16.4457776381129,-1.76727343772904,20.90845479534
"CCT4",-2.08163468004079,-1.29598819368194,-1.68881143686137,2.45209876214469
"PSMB6",-9.45324267169714,6.48281927092367,-1.48521170038674,11.4625801070027
"CUL5",5.06739048113748,-27.9577546769943,-11.4451820979284,28.4132802201245
"SBDS",-5.49570808207337,-31.4226330509526,-18.459170566513,31.8996030567496
"RPL23A",-2.96767370046233,15.4631012643211,6.24771378192936,15.7453036777022
"BAG3",0.481663686170009,22.8844514144324,11.6830575503012,22.8895197950086
"HDGF",3.79493199952632,-1.53978266764443,1.12757466594095,4.09541689509225
"ATP1B1",-3.00372446956547,-37.3136364955208,-20.1586804825431,37.4343402400647
"NCL",17.9857393880623,-1.96732515810772,8.00920711497731,18.093014939833
"CLIC5",-2.60858435865718,-22.1790296094687,-12.3938069840629,22.3319069220234
"PSME1",-23.2592446791334,-14.5003243489243,-18.8797845140288,27.4089742469105
"RPS3A",-3.46194884294224,-2.26716533887496,-2.8645570909086,4.13825186098492
"CCT8",-3.828262177448,-4.44976859906732,-4.13901538825766,5.86992605443411
"EIF4G1",-10.434653140063,-15.017834284756,-12.7262437124095,18.2870810343756
"VAPA",9.05560501155448,11.9286345953962,10.4921198034754,14.9765251455661
"GCSH",25.1371945819198,-22.5512384113254,1.29297808529724,33.7703554220819
"EPB41",-29.831752021778,-12.1971405507748,-21.0144462862764,32.228925925389
"NME1",7.43045137488562,0.786389335867476,4.10842035537655,7.47194859605616
"CD9",13.6742564906597,-0.804671937182945,6.43479227673838,13.6979117933661
"MAP2K6",8.71777280774571,-36.6348504455765,-13.9585388189154,37.6578256129749
"CCT5",-2.11527830462863,-2.52849471097611,-2.32188650780237,3.29661763167443
"GDI1",5.66876874296894,-7.63162613640241,-0.981428696716733,9.50666379688911
"NAXD",14.6245084687023,-12.9262520407642,0.849128213969065,19.5183052484714
"SNTB2",10.5174133020508,-16.7291027897601,-3.10584474385464,19.7605380168788
"COQ6",32.6834968355844,-28.8888566583106,1.89732008863692,43.6208322298655
"RPS12",-8.90933789024547,1.76984892889353,-3.56974448067597,9.08342814545638
"DHRS7C",2.97694945117141,-39.4773909996585,-18.2502207742435,39.5894762301138
"CMPK1",9.21411893223732,16.3020129460725,12.7580659391549,18.7258007516723
"RSU1",-3.18100748634308,-22.5307012094187,-12.8558543478809,22.7541491956142
"RPL10A",13.1497937869264,-18.488408073149,-2.66930714311129,22.6878449773875
"CAPN2",-9.14449339603247,-0.340736847284745,-4.74261512165861,9.15083936418834
"PAFAH1B2",27.0001865517632,-15.4950864733003,5.75255003923145,31.1304959588676
"YBX1",-5.7705718056495,-25.9089277213038,-15.8397497634767,26.5437758171648
"BCAP31",27.4415036052579,-19.667354440793,3.88707458223242,33.7615306349869
"CCT7",-7.51922567446186,-9.07200271719781,-8.29561419582984,11.783038149999
"TSN",6.54654637850357,-19.1916625985292,-6.32255811001281,20.2775043528952
"PSMB3",-6.97003923343078,19.5442741028357,6.28711743470244,20.7499420992526
"CAPZB",28.4203117569979,47.9185466106771,38.1694291838375,55.7126666894037
"HPRT1",-7.10999087327715,3.3545730004444,-1.87770893641637,7.86162389289865
"MYLK2",6.93141624759949,-16.8900964013558,-4.97934007687817,18.2570503544406
"MFGE8",5.59308615044885,82.7802928112407,44.1866894808448,82.9690272969443
"NDUFB6",-46.3228976094825,-16.1707255892146,-31.2468115993485,49.0642763018092
"SEPTIN7",22.6250599702902,-21.6608949350691,0.482082517610571,31.3223196466566
"NPM1",-15.6365012540651,3.83378238456978,-5.90135943474765,16.0996291522698
"PHGDH",7.02762855894475,-47.7873578315056,-20.3798646362804,48.3013367483639
"BLMH",-6.22030799871992,-3.78598682538343,-5.00314741205167,7.28189040297338
"SYNPO2",41.1883194646162,34.1223224772423,37.6553209709292,53.4865455190386
"SUMO2",18.4267407881465,7.93433599142837,13.1805383897874,20.0623643596266
"EHD4",18.8378414214802,-37.0686330786161,-9.11539582856796,41.580618414568
"GANAB",12.4704281857612,-27.9612423337208,-7.74540707397977,30.6160521945806
"GNB2",12.716818777146,-12.7557272882761,-0.0194542555650479,18.0118310691514
"ACOT9",27.805095549911,-23.6901109695971,2.05749229015695,36.5286831995284
"UQCR11",5.42531240711704,-36.2316339426758,-15.4031607677794,36.6355744171
"TPD52L2",22.3988990464422,-33.7520086956092,-5.6765548245835,40.5081321401171
"RPLP0",8.04605132097682,6.76016840862043,7.40310986479863,10.5089875236724
"COL14A1",47.9421113545626,-25.7004866115205,11.1208123715211,54.3963330859924
"UCHL3",8.65796841802181,-4.36661535115974,2.14567653343104,9.69679053875286
"ACADSB",-0.223823705434043,-4.59058617736123,-2.40720494139764,4.59603943661216
"RPS5",-0.527192440394238,-6.90545483216641,-3.71632363628032,6.92554967553473
"FN1",-64.2837488081286,42.7161904271046,-10.783779190512,77.1820787840755
"DYNC1H1",10.9847033946521,-20.3557825241148,-4.68553956473136,23.1305337343853
"HNRNPD",3.18471867938561,-11.7874667622609,-4.30137404143765,12.2101107995887
"CHCHD2",26.131931502692,23.4345730113744,24.7832522570332,35.1006703110756
"VCAN",-2.76985373577656,41.6408758067289,19.4355110354762,41.7328962291023
"HSPB3",-2.42460626170718,2.33576139900986,-0.0444224313486625,3.36667444779179
"ALDH3A2",4.13537278993815,-7.61184780569117,-1.73823750787651,8.66265173770516
"CAND1",-2.6791911136432,-18.5623226896992,-10.6207569016712,18.7546764477542
"LAMB2",40.3653477905904,44.3058033551877,42.3355755728891,59.9363455109159
"NDUFS5",-1.52314218411334,-43.3126785893604,-22.4179103867369,43.3394518735328
"MAPRE2",-5.5882759079009,17.047669413691,5.72969675289507,17.9402302120492
"NIPSNAP3A",36.4477404470578,5.86347442112384,21.1556074340908,36.9163665057014
"CACNA1S",18.9883945516378,5.12029756882408,12.054346060231,19.6666360835293
"HSD17B10",-6.60432362912159,-0.106098427063472,-3.35521102809253,6.60517580949963
"COL12A1",36.4711900803196,-10.6222629130531,12.9244635836332,37.9865788834533
"NACA",-5.18046309070548,-34.0460239434684,-19.613243517087,34.4378998226284
"NDUFC2",-15.0375247348484,6.9481904711044,-4.04466713187198,16.5651592498811
"PPIF",22.222858296718,-48.5185498980107,-13.1478458006463,53.3657672584379
"PPP1R7",-5.33428679198023,-13.8219993893696,-9.57814309067491,14.8156094271828
"PIN1",-6.41071171205686,-25.4581286095162,-15.9344201607865,26.2528767367268
"CDH13",11.5818654902066,-15.3687678757552,-1.89345119277432,19.2441844267842
"ILK",-11.6574843670026,-40.0006859750316,-25.8290851710171,41.6647551323657
"GOSR2",40.6126406143841,-12.3073142180129,14.1526631981856,42.4365003379641
"CAST",-17.1990999304687,7.91590940505074,-4.641595262709,18.9333214235437
"NARS1",-1.21354631984134,7.86189225679057,3.32417296847462,7.95500122739048
"YWHAQ",23.7786392062851,-30.0650048056968,-3.14318279970585,38.3318170254067
"MAPT",9.32732794399397,-26.5865469978164,-8.62960952691119,28.1752289758559
"ERP44",-5.15292767776117,-0.900000599282833,-3.026464138522,5.23093344738266
"NDUFB11",5.90264240727905,-21.7706732235397,-7.93401540813034,22.5566708535271
"PA2G4",-11.3826454115154,-5.61815018230638,-8.50039779691091,12.6936294272065
"IQGAP1",19.791566195636,-35.0241845743438,-7.61630918935387,40.2293375234287
"KPNA4",13.0496993900052,-9.68640463473642,1.68164737763441,16.2518026359339
"CTSB",0.922966451692396,-29.7353446095903,-14.406189078949,29.7496653110928
"RPS6KA3",5.30956599356659,-25.2978663049,-9.9941501556667,25.8490527992929
"TXN2",20.5810975695556,5.55907225747427,13.0700849135149,21.3186505560598
"MPST",-2.37602656181469,-0.778499619472033,-1.57726309064336,2.50031275643009
"ASAH1",10.4297801728065,-53.0585429801764,-21.314381403685,54.0739243779504
"EIF3J",-15.8781813182992,-10.8769483020219,-13.3775648101605,19.2464190524275
"MT-ND1",-5.832779527634,5.25069481224246,-0.291042357695773,7.84800057526095
"ALDH1L1",-10.5346185710305,-5.51122819882784,-8.0229233849292,11.8891473494383
"IDH3G",35.2203198809729,-23.056953241729,6.08168331962195,42.096247164199
"CALU",-3.65702942995023,-6.71448412549627,-5.18575677772325,7.6457937013147
"MYO1C",-8.03369393106789,-29.0250994659216,-18.5293966984948,30.1163848624751
"TMOD4",72.4039978153765,32.0302591379524,52.2171284766644,79.1724472281451
"BZW2",16.271019707717,-55.8682740434881,-19.7986271678856,58.1894331208614
"OXSR1",-3.92464048259409,-29.5901494274797,-16.7573949550369,29.8492838449802
"TPP1",8.95990152850304,-17.4037438570517,-4.22192116427431,19.5747320707675
"C1S",-6.20832780582853,13.9893521917695,3.89051219297048,15.3050746123627
"JSRP1",12.7774397581394,-14.2653800312964,-0.743970136578524,19.1510844134266
"PHKG1",-1.47010068087737,-22.4320774165039,-11.9510890486906,22.4801978023313
"COX7A2",-3.93260703473293,-5.60906679511536,-4.77083691492415,6.85033053229526
"MT-ND5",-3.91578789184616,-11.971585466764,-7.94368667930506,12.5957236156548
"MAPK1",-12.5825121141785,7.0930118518006,-2.74475013118894,14.4440447324575
"SPR",18.3941810305693,0.484248910129303,9.4392149703493,18.4005541436207
"TOMM70",17.4522634273054,-23.4129226207182,-2.98032959670643,29.2018226208537
"PUDP",22.6551872197238,-22.7737572015229,-0.0592849908995312,32.123224075965
"FBLN1",1.32105560003509,-27.682844800478,-13.1808946002215,27.7143479834135
"PGRMC2",-4.46879861806074,-6.38640449634029,-5.42760155720051,7.79463427491355
"BLVRA",-2.6711633541825,-10.1549640825912,-6.41306371838686,10.5004004296715
"CLIC1",4.07710894631257,-27.0824996399354,-11.5026953468114,27.3876724842985
"NDUFA12",10.7525498573057,-28.5633283850842,-8.90538926388924,30.5201745877706
"SETD7",23.9740208363992,-10.6855255104881,6.64424766295556,26.2475547527649
"PGM5",4.93406662420168,-5.32597567728002,-0.195954526539168,7.26023624732965
"CAPZA2",26.1501091668881,64.8804121009358,45.515260633912,69.9520984948088
"COQ7",12.6149408381178,-21.2523577887649,-4.31870847532354,24.7143570406128
"EIF5",8.78425594429758,4.93884106610053,6.86154850519906,10.0774651361902
"SNCG",-22.8448795757304,-44.2797703157057,-33.562324945718,49.8255615326237
"HNRNPL",3.80639375334696,-18.5261181289075,-7.35986218778029,18.9131088489374
"TPPP3",-0.993335103139152,-13.3205390213228,-7.156937062231,13.3575250119816
"PSMD8",2.70051075629539,2.18668459976584,2.44359767803062,3.4748162374031
"GSTZ1",21.3951018541104,-37.9967633439981,-8.30083074494385,43.6062427637094
"MYH14",-3.52374076985755,2.30307080230568,-0.610334983775935,4.2096180507962
"SPTBN1",-3.32434967659825,-41.7092505558373,-22.5168001162178,41.8415210371458
"MAOA",1.38509409283156,-3.69363740247804,-1.15427165482324,3.94479947614344
"RRAS",-3.45831009787906,-13.6815106815765,-8.56991038972779,14.1118263617147
"SERPINB1",-2.11927963763636,-9.28454096967778,-5.70191030365707,9.52334222844718
"UGDH",52.9356085058056,-38.2359644235295,7.34982204113807,65.3005943562333
"DARS1",-2.18632207208742,-5.82634314156321,-4.00633260682532,6.2230441591023
"RAB2A",-3.92078938415905,0.0797632070334124,-1.92051308856282,3.92160063802149
"PPP2R2A",3.4636573927405,-17.4841910714455,-7.01026683935252,17.823968692665
"DIABLO",4.9949374565446,-30.7794888202186,-12.892275681837,31.1821476526033
"COQ3",-10.9624237429731,-25.2390680312999,-18.1007458871365,27.5170000074333
"SCRN2",1.77216738594986,-1.57397198696589,0.0990976994919812,2.3702246854629
"UNC45B",10.4058809803974,-36.1465114417702,-12.8703152306864,37.6145270924442
"ACTR1A",4.93452463394604,8.46504597079619,6.69978530237112,9.79829253751454
"PKIA",11.2389930343413,15.4989030597988,13.3689480470701,19.1449983150434
"PTGR1",2.79730783275039,4.00606538390415,3.40168660832727,4.88605065173109
"STRAP",5.6130590094768,-19.8703336013841,-7.12863729595365,20.6479197226782
"ALDH1B1",-21.088836460639,-7.92819733218553,-14.5085168964123,22.5298765243321
"PABPC1",5.6943167025522,-4.03913124072895,0.827592730911625,6.98139125739258
"GCLC",-27.3134975506497,-12.4052160883188,-19.8593568194843,29.9986088785336
"EPDR1",-4.80373318448173,-8.84183745581811,-6.82278532014992,10.0625017815054
"RPS2",2.67100506764762,-14.0819380819177,-5.70546650713504,14.3330125310195
"CNDP2",11.6254466859198,-20.2858043244047,-4.33017881924241,23.3808654188676
"OBSCN",7.50533879819079,65.4269908662849,36.4661648322379,65.8560645976706
"SERPINF2",-0.344806307838454,27.8452234901688,13.7502085911652,27.8473582698139
"COPS8",-2.89535714452224,-1.18159125729142,-2.03847420090683,3.12717938302929
"C1QC",-22.6131441746648,21.5165338950527,-0.548305139806061,31.2140276209452
"RPS6",-9.62706853754887,0.379243042767786,-4.62391274739054,9.63453547983249
"RPS18",1.80751697683388,2.06305338183066,1.93528517933227,2.74286472102173
"SNX3",4.96751348371235,-4.85938753941009,0.054062972151133,6.9490889668386
"LRRC47",11.8798783691004,-21.3253769432784,-4.72274928708902,24.4111288521758
"SGCD",18.852683522575,-45.7776194025892,-13.4624679400071,49.5077177233074
"PSMD10",1.73990452886281,-15.3348752920986,-6.79748538161789,15.4332649816483
"PSMC3",-11.6146190503489,0.29379084302778,-5.66041410366054,11.6183341639055
"NDUFB8",2.15203290080267,-29.6079205949547,-13.727943847076,29.6860271434775
"AGMAT",-10.2629283426901,37.0398199367935,13.3884457970517,38.4353477819217
"ADIPOQ",2.12961428283067,26.4406510852715,14.2851326840511,26.5262754039595
"PSMC2",-12.795508774115,-6.01238732684113,-9.40394805047804,14.1376747082543
"CDC37",16.0486968207904,-20.4322394488541,-2.19177131403189,25.9814756805875
"PDCD5",21.2590411111872,-10.9586951565121,5.15017297733756,23.9173541283418
"PSMB7",-15.6598556234863,3.48421071767672,-6.08782245290477,16.042780384759
"LRG1",44.1638772112178,-12.9690184421169,15.5974293845504,46.0287246149564
"TYMP",59.9428726717751,-13.6092845349126,23.1667940684313,61.468370807244
"OTUB1",6.47791882645307,-10.0311460104779,-1.7766135920124,11.940993367624
"GRB2",7.61700123469025,-23.4771040496691,-7.93005140748943,24.6818379049912
"TST",29.2411521384904,-7.42610491587138,10.9075236113095,30.1693886681164
"RPN1",12.9915269983359,-9.39332583312483,1.79910058260556,16.0316669113272
"AFG3L2",20.7939633606478,-12.6062607748782,4.09385129288478,24.3167991924964
"ECPAS",2.77222415101454,-41.4056285450614,-19.3167021970234,41.4983289055724
"LASP1",13.4209098352825,-40.5657697359233,-13.5724299503204,42.7282400184554
"DMD",18.0695909893329,-4.0528464949685,7.00837224718221,18.5185227065649
"MT-ND2",5.7526300406541,32.2079792656507,18.9803046531524,32.7176814698295
"MCTS1",23.2923210738729,-17.1021007714264,3.09511015122327,28.89661004001
"HNRNPH1",-3.14730241658922,12.9889393973766,4.9208184903937,13.3648067389765
"DNPH1",-10.5821614761266,7.4955671394775,-1.54329716832454,12.9678706135291
"RPS28",-13.1328705454627,12.117962195735,-0.507454174863845,17.8694514896553
"ASS1",8.98143843934817,10.2007192211492,9.59107883024867,13.5912070497261
"AOX1",-6.07527150355133,-52.8983981699412,-29.4868348367463,53.2461214811699
"GBE1",-4.93829456254386,-3.15515080187303,-4.04672268220844,5.86018171808778
"AQP1",-55.2687362832059,-1.31394589234688,-28.2913410877764,55.2843527967053
"KLKB1",1.02696734263758,46.7722953992544,23.899631370946,46.7835684705428
"L2HGDH",40.6112624185901,-26.9424128177588,6.83442480041564,48.7356978371514
"EIF1",1.02374310392991,-13.4623035302281,-6.2192802131491,13.5011727743495
"ELOB",4.78575707283433,-6.69135484929998,-0.952798888232826,8.22664576114921
"PPP3CB",14.4611365089798,-35.2329104761324,-10.3858869835763,38.0851998780432
"KPNA3",28.4218148283019,-35.5004365770468,-3.53931087437249,45.4761536994413
"YBX3",3.56047714014343,-34.9558949876355,-15.697708923746,35.1367555680955
"PDIA6",-1.12576746671949,-12.2072755106561,-6.66652148868782,12.2590753232937
"APMAP",-15.8463990892266,-55.2459483984895,-35.546173743858,57.4736737867313
"RPL18",11.6763079365358,-8.87980142247597,1.39825325702989,14.6692549344339
"THY1",15.7104164369262,-54.9409419805627,-19.6152627718183,57.143016111623
"RETSAT",-1.19166872433526,-19.4670737227192,-10.3293712235272,19.5035133674511
"PEA15",0.522398485233133,-35.7170361976145,-17.5973188561907,35.7208563015933
"TIMM13",35.592295531605,-5.60996649550516,14.9911645180499,36.0316975077473
"NIT2",3.9276985503151,-2.56666936687707,0.680514591719012,4.69197267053128
"DHRS7B",-2.85454209445432,4.28683975015394,0.716148827849807,5.15028209057636
"C4A",-43.4403514970636,53.8615078353351,5.21057816913574,69.1962872160371
"MYH10",0.98462628591048,-9.34761523744466,-4.18149447576709,9.39932973941299
"PGLS",-4.28861444688949,-10.4972789981809,-7.39294672253519,11.3395361562861
"PSMD14",4.53519976106487,0.555041687928096,2.54512072449648,4.56903798934753
"COQ10A",18.558443316265,-12.2713277936435,3.14355776131072,22.2486247696811
"TRIP10",10.1784985843532,-20.0477720940966,-4.9346367548717,22.483660719921
"NT5C1A",-7.93891423869487,-9.27121373667008,-8.60506398768248,12.2058085942871
"PCBP2",-11.1637409704454,11.280622655125,0.0584408423397553,15.8707769167902
"CIRBP",-9.05724356959878,-7.92934572351658,-8.49329464655768,12.0377815515189
"COX6A2",-44.4171311907685,-28.0611250631402,-36.2391281269544,52.538636097896
"TPM4",25.3708169911874,-21.1935033837359,2.08865680372573,33.0581750929592
"NDUFS8",-2.96705303058307,-18.451548280446,-10.7093006555146,18.6885804070808
"PNPO",17.1440719713971,-14.9668048875627,1.08863354191718,22.7579536053401
"BCL2L13",14.7554559074317,-34.4035471233957,-9.824045607982,37.4343095796873
"PABPC4",8.50956874844939,-6.53200547569196,0.988781636378711,10.7275279453869
"PHKA2",-49.7901651350561,-20.325378710473,-35.0577719227645,53.7790067210273
"ANXA3",19.3758155638758,-1.5673399257051,8.90423781908537,19.4391044857535
"DNAJA4",-5.62921594469336,-10.8609056124868,-8.24506077859007,12.2330430750217
"PCCA",-0.887566568780841,-21.0340738124503,-10.9608201906156,21.0527916334539
"SET",-0.985475410549853,23.2741377301308,11.1443311597905,23.2949919267189
"PHKB",-8.42441757429798,-14.0741990890398,-11.2493083316689,16.4028622948578
"COPS4",0.339605160976049,-24.1033189806004,-11.8818569098122,24.1057113055378
"GSS",-15.1635490446266,11.1957863428725,-1.98388135087703,18.8488421783421
"GALM",1.79819835957061,-11.2274077316672,-4.71460468604831,11.3704969862123
"RPS7",-24.0980810095683,11.1963453125684,-6.45086784849995,26.5720841618039
"TMED9",19.4730725594011,-27.2830182872174,-3.90497286390814,33.5196008592635
"ARPC3",-5.66904647013585,-15.9967873237447,-10.8329168969403,16.9716025336937
"RPS4X",5.98494247914304,-0.217393055768117,2.88377471168746,5.98888939782219
"PDXK",23.6503761039554,-12.2841226732962,5.68312671532962,26.6503275723045
"SNTA1",-5.57426002071331,-14.6691902685279,-10.1217251446206,15.6925943652665
"AKAP12",15.672957764682,-40.5591801594628,-12.4431111973904,43.4820503231076
"LAMB1",0.757209214290128,17.2847108485859,9.02096003143801,17.3012888223227
"COPS6",0.490399798929168,-22.1260462936615,-10.8178232473662,22.131480216019
"COL4A2",44.377082089872,70.5093704092845,57.4432262495783,83.3120443292861
"VAPB",7.94700860327296,-32.2713872932007,-12.1621893449639,33.2354838022293
"FXN",16.8899236526971,-8.05650641631681,4.41670861819015,18.7130119604005
"RPS24",2.39126479608712,22.3288063385139,12.3600355673005,22.4564854736413
"RAB21",-1.61261720486595,-10.1996075075719,-5.9061123562189,10.3263027051286
"KARS1",-0.344811646257579,-5.40041471017355,-2.87261317821556,5.41141147144196
"ADHFE1",22.72644273948,-34.6709708956796,-5.97226407809978,41.4556078527372
"NDUFB7",2.14493681630791,-2.88619210775109,-0.370627645721591,3.59595033736533
"AHNAK2",19.2490370835735,-51.3587291794713,-16.0548460479489,54.8474656805131
"DMTN",-21.5201306356181,-1.16228076939683,-11.3412057025075,21.5514945922778
"MAP1LC3B2",-5.57104679025473,-20.482257929383,-13.0266523598189,21.2263857551158
"LAMP2",11.7224790566544,10.7263561609843,11.2244176088193,15.8893433384135
"CAMK2B",-23.8475032691745,-32.5820374281413,-28.2147703486579,40.3768816916573
"RRBP1",41.7439405833601,25.4510891891565,33.5975148862583,48.8908428679798
"PRMT1",8.57923995800443,-9.86442119079354,-0.642590616394555,13.0732614020525
"TXNRD1",3.69749196519394,-18.5580790042766,-7.43029351954134,18.9228365516813
"CPA3",23.9542052892301,-13.2489762672481,5.35261451099103,27.3740629642127
"HSPG2",59.2041282959608,58.5406081024034,58.8723681991821,83.259423516403
"HDHD5",21.3414639119772,-21.0168809420699,0.162291484953627,29.9527522348009
"CFI",-14.1884533986548,42.336189981384,14.0738682913646,44.650478071188
"PPA2",-10.444632087434,-0.699743780498423,-5.5721879339662,10.4680457010944
"GPNMB",3.85269167582367,-23.4034844236714,-9.77539637392386,23.7184804807979
"ARL8B",-3.37954539061141,-2.64609188770625,-3.01281863915883,4.29221729708407
"PTGES2",3.39563532966171,-24.3907130927004,-10.4975388815193,24.6259461638019
"ACSL3",-1.81867973480478,-8.06701638618672,-4.94284806049575,8.26948301605333
"GNG12",9.74475590304073,-22.9355446974726,-6.59539439721595,24.9198611187866
"DNAJA2",-6.72519339215261,-22.7043531997887,-14.7147732959706,23.6794400352417
"RPL27A",10.6294668642601,7.57643621078802,9.10295153752405,13.0532735922658
"TXNL1",3.21378068607371,-17.7753186734764,-7.28076899370134,18.0635085252511
"MAP3K20",16.7618349056129,-12.7840275352665,1.9889036851732,21.0805708989457
"YWHAH",8.25659121307824,-1.10261365218471,3.57698878044676,8.3298892745261
"CSE1L",0.868012106984192,-13.3111351810814,-6.22156153704858,13.3394064645655
"TFG",15.5957829195099,-16.8510626214198,-0.627639850954926,22.9605478232443
"SNX2",17.6562329863479,-36.9019439222804,-9.62285546796623,40.9083857969405
"PDCD6IP",1.49719530417189,-10.5055800456531,-4.50419237074063,10.6117296363251
"RPS19",-0.795294197245273,-2.19000942738168,-1.49265181231348,2.32994295041587
"PTPA",3.47733064105939,0.194735813857072,1.83603322745823,3.48277912369548
"ARPC4",18.9605231380539,-26.9494244893976,-3.99445067567187,32.9510685407684
"CTBP1",24.7156094846901,-19.9037643985477,2.40592254307119,31.7335971713356
"TFAM",-0.166025759722743,-26.282683493951,-13.2243546268369,26.2832078749169
"PGRMC1",37.0083827709695,-12.6628028205903,12.1727899751896,39.1147922223261
"RPL12",-0.959015788789344,6.37601330145532,2.70849875633299,6.44773269479143
"GGCT",22.1439772055256,-4.59299785004215,8.77548967774174,22.6152903083142
"NAGK",12.0974975782768,-7.89024987785624,2.10362385021028,14.4431814636327
"LPP",6.16807666997483,-13.6344210422977,-3.73317218616145,14.9647120575485
"PAFAH1B3",-12.8324320433245,10.380628302993,-1.22590187016577,16.5054159629935
"ARPC5",36.3258345096401,-30.6616165558272,2.83210897690646,47.5363122532485
"PFDN2",4.59602913198036,-35.2081598319571,-15.3060653499884,35.5068726098857
"THBS1",36.3071122325512,16.3492703020627,26.328191267307,39.8184007473552
"RPL23",8.2628339360863,6.60955768345234,7.43619580976932,10.5811472641781
"RPL35",1.70089933315873,14.9691926692319,8.33504600119533,15.0655165099019
"ACSF2",-11.9262677690868,11.0317138946376,-0.447276937224625,16.2460633494118
"NDUFA7",-2.5504472435511,-21.9783910133531,-12.2644191284521,22.1258774442502
"ENOPH1",15.2597518371137,-20.4130093877203,-2.57662877530334,25.4862900084232
"PSMD2",-1.36943068125817,1.18088917771847,-0.0942707517698489,1.80826979204538
"PPME1",-0.105265276517919,-6.47775918136929,-3.29151222894361,6.47861441901388
"FDPS",6.67227923309672,-9.47288871441879,-1.40030474066103,11.5868430023098
"COPS2",18.4680521772624,-17.9558972763055,0.256077450478445,25.7581676021282
"DDX17",-0.633978496220891,3.91273159750567,1.63937655064239,3.96376049828818
"SGCG",0.0868443807458732,22.3002672532261,11.193555816986,22.3004363524971
"CBR4",8.8162073999688,-0.383376641223727,4.21641537937254,8.82453911364784
"UBL5",-17.83123879969,-31.4196790479168,-24.6254589238034,36.1268502447373
"CAB39L",13.3350647647134,3.29135597028063,8.313210367497,13.7352457714524
"MYH11",14.0766564316282,10.9987720199288,12.5377142257785,17.8640768650515
"NID2",44.4675314608219,24.5243426050758,34.4959370329489,50.7819331497957
"COL4A1",15.4392639504107,69.7311718619917,42.5852179062012,71.419935596282
"HHATL",-26.8466544409866,-2.25293108954702,-14.5497927652668,26.9410198984372
"FN3K",3.53028206848882,-2.23752247728296,0.646379795602929,4.17964093187921
"SH3BGRL",-7.35730602916337,-44.4691159573377,-25.9132109932505,45.0736311609561
"UTRN",-0.98049594911155,-3.78757236892209,-2.38403415901682,3.9124259425638
"MAT2A",-1.87482843734119,-12.4439558381566,-7.15939213774889,12.584395836569
"PSMD13",1.34466854310472,-7.353798039095,-3.00456474799514,7.47572599087292
"DDI2",-44.395682572928,-5.29176074452572,-24.8437216587269,44.7099470240515
"CAPN3",14.7826160263604,-13.4889154175654,0.646850304397498,20.0119108464195
"RPL13A",8.23549546926733,25.4368841288824,16.8361897990749,26.7368371317647
"COTL1",59.9031896499046,19.2757251563704,39.5894574031375,62.928099530626
"PSMD12",-4.85823459723344,-9.74207470887842,-7.30015465305593,10.8862511010506
"COMT",-11.2791620669059,14.4281424048684,1.57449016898124,18.3136776805395
"ALDH6A1",12.3891274192149,-6.05308948881033,3.16801896520229,13.7887769787276
"IMPDH2",2.5618864008582,-6.26971100638251,-1.85391230276216,6.7729268440207
"MYOF",1.73046595152937,-12.5470673882918,-5.4083007183812,12.6658364293772
"PSMD5",14.353996939357,36.116098472521,25.235047705939,38.8639910072538
"TXLNB",23.2029514243725,-39.6069564348478,-8.20200250523762,45.9030277087876
"ATP5F1E",-23.5137492054035,-36.0688896229668,-29.7913194141851,43.0564884811613
"CARM1",4.47218186100909,-21.0247755739599,-8.27629685647538,21.4951529078841
"SH3BGRL3",-1.27400573663417,-45.3445393495813,-23.3092725431077,45.3624331296581
"SGCB",23.2140881239029,-30.6033580382373,-3.69463495716719,38.4117092907993
"MYOM3",45.44435623985,40.1760863803577,42.8102213101038,60.65729495202
"FBXO7",-8.45952475243678,-38.6155627505503,-23.5375437514935,39.5313198056779
"MAP2K1",2.5018877741698,-26.5589226870701,-12.0285174564501,26.6765030829062
"DYNLL1",3.74049965233139,-18.1830828500287,-7.22129159884868,18.5638314897572
"PRKAR2B",24.7577412182372,77.3655499000967,51.061645559167,81.2303764707117
"SQOR",-13.8043873952154,-13.1757954209931,-13.4900914081042,19.0830473544726
"PSME2",-0.945794108471922,7.42074540915923,3.23747565034365,7.48077462053082
"CPNE3",2.58994490647394,13.3556118159501,7.97277836121204,13.6044177235528
"ECHDC1",10.5681964492893,-59.0189273184464,-24.2253654345786,59.9576563752356
"ASPH",-13.7153647303373,-26.3354631993025,-20.0254139648199,29.6928922742126
"GNAS",-8.95299527922881,-10.1137482158751,-9.53337174755194,13.5071842899995
"CAMK2G",8.51345173509143,-30.463230600221,-10.9748894325648,31.6304802215833
"APOO",4.13797907940464,-21.7621020261132,-8.81206147335429,22.1520192184945
"JPH2",-5.17013174580454,-13.1214436839077,-9.1457877148561,14.1032814131654
"PTMS",27.7669752990425,5.06806440035737,16.4175198496999,28.2257009483167
"ART3",-4.08708450951454,-10.3231912276573,-7.20513786858593,11.102816620601
"LAMC1",57.5762689988859,56.0193493366649,56.7978091677754,80.3317761034534
"SRSF2",2.72754641569165,13.5952071621657,8.16137678892865,13.8661157946973
"ENDOG",0.350243255935666,27.4477606425509,13.8990019492433,27.4499951662854
"SYNGR2",-5.62415666992084,-13.2179163893041,-9.42103652961248,14.3646946338044
"XRCC5",-4.80547925183923,-5.50249680025986,-5.15398802604955,7.3054843697545
"TMEM38A",3.81818823198819,16.5113489408592,10.1647685864237,16.9470706973714
"SDR39U1",28.2163807738835,-60.4777225881615,-16.130670907139,66.7361901326964
"TMLHE",36.1275860417693,-6.76067514303657,14.6834554493664,36.7547167258179
"SYNJ2BP",16.5016185066665,-26.0447441723429,-4.77156283283821,30.8323225259199
"PLCD4",1.08578793063537,-18.2045940252018,-8.55940304728319,18.2369454419518
"SNRPD1",-9.19956481297843,24.9278585198723,7.86414685344693,26.5712273546963
"PRKG1",23.6580978803059,4.98090390304251,14.3195008916742,24.1767450043524
"PC",55.5845894375034,-7.55405392671719,24.0152677553931,56.0955462908025
"OPA1",12.4864400852464,-39.9138218019783,-13.713690858366,41.8213385348021
"SEC22B",-5.62819550428877,-29.176787711565,-17.4024916079269,29.7146685292
"OXCT1",-3.56858088815593,-19.4330751508968,-11.5008280195264,19.7580155728179
"PFDN6",9.70643858876388,-20.8612818654265,-5.57742163833133,23.0088685325076
"TSPO",-19.6772966909322,0.202375221524179,-9.73746073470401,19.6783373482939
"ALDH7A1",-3.16507343200146,-2.26642971533586,-2.71575157366866,3.89286443181867
"PSMD11",6.88406167817952,-15.5781421767429,-4.34704024928168,17.0314068375985
"DNM1L",26.4388386553965,-33.0766526926358,-3.3189070186197,42.3447416191827
"NID1",18.3020312686295,37.573215135182,27.9376232019058,41.7936699052927
"HSD17B8",4.35783334516712,-8.76801302956871,-2.2050898422008,9.79125956917378
"SORBS1",9.56769310660654,-29.676280840659,-10.0542938670262,31.1804810084109
"PDAP1",10.7887058195086,-9.8520105094828,0.468347655012899,14.6102116459296
"HNRNPA3",-8.29677409590609,29.5821827141424,10.6427043091182,30.7236390183748
"H1-0",37.8729372991843,3.15091079466431,20.5119240469243,38.0037842655686
"PARVA",18.2120830786399,-43.9124644568692,-12.8501906891146,47.539294323108
"LACTB",-11.2786904848189,-24.5730640729127,-17.9258772788658,27.0378315880512
"FSCN1",20.0022645963108,-30.4637768287005,-5.23075611619483,36.4435493283749
"JPH1",26.9277564053528,-26.0993904307664,0.414182987293211,37.50042994265
"RPS13",-8.47748369555208,15.0345357145034,3.27852600947565,17.2599245061799
"RPL31",19.6011284318184,-6.24692534831886,6.67710154174979,20.5725135097321
"TGFBI",38.3580556894152,68.8158737876147,53.586964738515,78.7842936214141
"NSF",0.505256104942962,-4.13721623414964,-1.81598006460334,4.16795416237913
"PRMT5",4.14248754003811,-14.1908931148901,-5.02420278742597,14.7831542783536
"TOM1",4.80332853515868,-29.3082942205753,-12.2524828427083,29.69929418583
"SELENOW",-2.3829922727483,7.38569499543976,2.50135136134573,7.7606148427584
"COPS5",10.1094855147231,-9.79883739717793,0.155324058772596,14.0790238194532
"DAG1",0.997357011045601,-13.8946821562473,-6.44866257260087,13.9304311932768
"SRP9",-23.9246841919193,-5.02425387004288,-14.4744690309811,24.4465465993403
"PREB",0.729580919199002,5.20225959159179,2.9659202553954,5.25316982173316
"DCTN2",-2.99180716778164,-7.32365452791938,-5.15773084785051,7.91118358866128
"PSMD4",0.218985003466926,4.10337770046877,2.16118135196785,4.1092168334669
"LONP1",2.41323248736,-17.5719053025913,-7.57933640761567,17.7368415170596
"BCHE",-2.49145900224718,32.9518780315799,15.2302095146663,33.0459321818585
"FUS",-2.3636213146442,10.8915364347243,4.26395756004006,11.1450559275388
"CNN3",45.3113519803235,-11.2578731332198,17.0267394235518,46.6889529307355
"COBL",18.5876277745009,26.4970605641082,22.5423441693045,32.366558742341
"RTCB",-3.47844392860442,-6.30278910822554,-4.89061651841498,7.19893899871443
"SEPTIN9",22.8691322059672,-43.827234169618,-10.4790509818254,49.4350448853092
"RPL38",10.4943719929616,-11.6882978930156,-0.59696295002701,15.7082192231497
"EIF2S1",1.22080141476153,-15.2215468192946,-7.00037270226654,15.2704238207805
"SLC25A20",19.1977592353015,-11.995557085539,3.60110107488123,22.6372999593377
"ARHGAP1",14.4338784739435,-9.22752087498542,2.60317879947905,17.1313744135974
"COPS7A",-3.23860146802387,-6.4666127643387,-4.85260711618128,7.23226244771265
"ELOC",13.2309333140438,-30.4712867877138,-8.62017673683496,33.2198271347064
"DBT",5.39853603789776,-19.4656585692031,-7.03356126565267,20.2003973942413
"BDH1",32.9643662982027,7.58852930425681,20.2764478012298,33.8265461205197
"PAFAH1B1",0.701950985779806,-24.2379034602853,-11.7679762372527,24.2480658885724
"SAMHD1",57.3118259191782,3.56556422879085,30.4386950739845,57.4226317618743
"NEK7",10.0109565038208,-16.2105888349292,-3.0998161655542,19.0526229295738
"MRPS36",12.1068471752508,-4.99879814769236,3.55402451377922,13.0982339056168
"ERI3",26.6490355043453,-32.4543014827553,-2.902632989205,41.9934849476133
"UBE2M",0.519997514847155,-35.4462566776395,-17.4631295813962,35.4500706610375
"RPL8",29.7132272760946,-10.0536405408072,9.8297933676437,31.3680022201704
"NDUFS4",-9.58845818308912,-20.902851974296,-15.2456550786925,22.9971248417748
"RPS17",16.5018307247265,-7.76949713499009,4.3661667948682,18.2393942607244
"RAP2B",-5.66128701910672,15.457016164271,4.89786457258215,16.4611518252898
"TMED10",21.9433274579013,8.59171632630454,15.2675218921029,23.5653815873279
"VPS4A",-4.64801471499711,-19.4692452592459,-12.0586299871215,20.0163820845701
"SGCA",12.3263597140189,-21.8124657286679,-4.74305300732447,25.0543969187785
"ACLY",-32.181917137419,-5.86881303309663,-19.0253650852578,32.7126696718129
"PRKAA2",-2.36994060977898,17.1873720754057,7.40871573281338,17.3499964654843
"PROS1",-15.4699811416687,23.6999902921942,4.11500457526277,28.3021175245543
"DNPEP",3.96944652619797,-13.9115228628627,-4.97103816833239,14.4667540964896
"PLPBP",17.7986548936524,-33.2601120419268,-7.73072857413719,37.723032341858
"LYVE1",-8.60198466147517,-27.118774158033,-17.8603794097541,28.4503436174442
"RAB14",-16.9610961710395,-15.3151712213281,-16.1381336961838,22.8524233476856
"RPL13",18.1659318260116,-9.72499118257802,4.2204703217168,20.6052549755765
"RALA",1.42581913795768,-25.1653407927065,-11.8697608273744,25.2057004946743
"KIF5B",-2.38725376657511,-7.32597112106702,-4.85661244382107,7.70511735230133
"PSMD1",-12.7215011753505,-3.30430699804793,-8.01290408669919,13.1436310390923
"DIAPH2",-25.1737148462856,-33.2704820682286,-29.2220984572571,41.7209886773362
"PFDN1",16.9702485500537,-10.2302689526947,3.36998979867953,19.8153409936612
"SCCPDH",5.4831297979887,-16.6163785655333,-5.56662438377231,17.4976783892809
"SLMAP",-13.1367991675343,17.9689558227334,2.41607832759954,22.2589053128736
"DBN1",20.5088194928006,-18.2596941542839,1.12456266925834,27.4595722398633
"GCDH",35.777088526521,-7.4120586449805,14.1825149407703,36.5368126249561
"MGLL",35.1550610123739,-45.7803646546698,-5.31265182114798,57.7210542410503
"SCRN3",30.2301242024452,-33.8327096122103,-1.80129270488258,45.3708347840263
"MAP1B",19.3483098543041,-22.1465447938752,-1.39911746978558,29.4079332923156
"MECR",14.0003375713914,-18.7953098394987,-2.39748613405363,23.4365766287585
"TRAP1",12.6513226846559,-20.3374620044582,-3.84306965990114,23.9513742080505
"DENR",17.1910205104636,36.7548362238286,26.9729283671461,40.5764608120477
"ENDOD1",11.5628754781836,-27.361034624119,-7.89907957296772,29.7039779326982
"COQ10B",-10.0881497873573,7.7934845163193,-1.14733263551899,12.7479083397342
"SEPTIN2",21.3593423407406,-39.1929262412976,-8.91679195027854,44.635266018976
"UBE2K",8.56663944516027,-11.868555980351,-1.65095826759537,14.6372788605704
"EPRS1",1.45883827255406,-10.9613470558824,-4.75125439166415,11.0579988417873
"GPS1",9.17655380492639,-46.8061562170219,-18.8148012060478,47.6972263297036
"PANK4",8.09128804084714,-27.6958952371034,-9.80230359812815,28.8536229119424
"CYBRD1",28.8192002654084,-33.776026213281,-2.47841297393629,44.400070390687
"HNRNPR",15.3960954910836,-3.21632519061037,6.08988515023661,15.7284615936308
"AP2A1",-25.645431521315,-13.4942322760541,-19.5698318986845,28.9790003732799
"NAPRT",-14.1194079632238,15.5605726212221,0.720582328999152,21.0116420475001
"PEPD",-3.57809759740969,-14.4792948963733,-9.02869624689149,14.9148504220703
"SULT1A1",-44.594303092302,-32.0342861635449,-38.3142946279235,54.90762568438
"RPS21",5.74409150978385,15.3283665713676,10.5362290405757,16.369282483328
"ERAP1",-10.3486985781086,-23.6881913886004,-17.0184449833545,25.850067186054
"ERGIC1",9.88267627000734,8.81074717734143,9.34671172367439,13.2399605770107
"RPS15",7.65696841414997,8.72650178953239,8.19173510184118,11.6095219013533
"PLIN2",12.998168323051,28.771155917912,20.8846621204815,31.5710594153439
"EFEMP1",5.14290532699297,-42.2643705812491,-18.5607326271281,42.5761258903575
"IVD",23.7419964124246,-19.5742107327697,2.08389283982745,30.7706372936678
"RPL17",-9.44032527912596,9.56464006505567,0.0621573929648527,13.4388273651302
"PALM",14.9286019333837,34.3046240817332,24.6166130075584,37.412168997192
"SYNCRIP",-5.66724825180245,-0.476655489662225,-3.07195187073234,5.68725796877398
"PTBP1",4.30456250549192,-38.5926937961843,-17.1440656453462,38.8320135044492
"RPS8",17.0622379639544,2.1835689353128,9.6229034496336,17.2013934794211
"SPRYD4",11.1102438237302,-20.7216722699269,-4.80571422309833,23.5122355271674
"DPP3",-0.213811273041191,12.7963443361827,6.29126653157075,12.7981304740432
"CCS",-24.136009947421,16.7585863491049,-3.68871179915806,29.3836211621783
"MT-ATP8",-18.2120609442695,-33.0141163322463,-25.6130886382579,37.7042575982723
"OCIAD1",-4.53217539750509,2.61894806606183,-0.956613665721633,5.23445343913569
"TNS1",1.44215788007477,-32.9555507018791,-15.7566964109022,32.9870905266771
"EIF3A",-7.45054290084186,-14.3119393972437,-10.8812411490428,16.1351231426246
"PURA",-22.8177866270962,14.0761271134443,-4.37082975682594,26.8102357519201
"ESYT1",23.0763972930719,-30.8557210978173,-3.88966190237269,38.5304507694107
"SUCLG2",15.4928661853566,-8.56416495544339,3.46435061495663,17.7023677518408
"DDOST",-1.26118632930444,0.136031155436051,-0.562577586934193,1.26850125442337
"VARS1",-6.67054169151904,-22.2909522023755,-14.4807469469473,23.2676315199224
"RPL27",3.43201537314935,14.3146316100135,8.87332349158142,14.7203059632581
"C1R",9.83695337724149,21.9989465387389,15.9179499579902,24.0981181954176
"MRC1",-4.67079306521578,2.56722487820265,-1.05178409350656,5.32981720449495
"ITGA7",-3.1159223230529,-40.8286105448022,-21.9722664339275,40.9473370433589
"NPLOC4",2.33683401617181,-52.7245438212107,-25.1938549025194,52.7763044781832
"FECH",1.85743577318536,-26.0032722148242,-12.0729182208194,26.0695269141915
"GLIPR2",12.7454987196094,-26.4123626410739,-6.83343196073224,29.3267904465381
"NIBAN1",-6.8623627845443,3.32495057999226,-1.76870610227602,7.62543896087887
"ISOC1",1.00815232813107,-22.9062208429114,-10.9490342573901,22.9283955919498
"ABHD10",4.64475098670285,-11.0215149708482,-3.1883819920727,11.9602468194059
"NDUFA11",1.75013091801531,44.4414659107322,23.0957984143738,44.4759131499845
"TRIM54",19.6808874088962,-1.37908882168066,9.15089929360775,19.7291463368219
"SNRPD3",-4.87274361461506,-5.8092416628784,-5.34099263874673,7.58227663907708
"ME2",15.1657083028157,-22.747254644365,-3.79077317077462,27.339281303313
"PSMC4",-3.74996408051573,-19.0190336594322,-11.384498869974,19.3851972376805
"RTCA",26.7164610473562,-19.9018545743677,3.40730323649426,33.3144579183601
"NDUFB5",4.27007474673096,-40.0034989290282,-17.8667120911486,40.2307527260854
"ERLIN2",5.68288196817329,0.0163479892495495,2.84961497871142,5.68290548231638
"PDCD6",-9.50941788251196,-12.0057440854772,-10.7575809839946,15.3155776747144
"LXN",-3.50316812853342,-22.7906456670537,-13.1469068977935,23.0583112317005
"VAMP3",-7.75295257321272,3.80784023439991,-1.97255616940641,8.63758767557242
"LYPLA2",2.1302928108124,-25.736305670713,-11.8030064299503,25.8243214245055
"VAMP2",-0.669182769688852,-4.33654535062706,-2.50286406015795,4.38787319293682
"RPL7A",28.591052512353,25.8435963219167,27.2173244171348,38.5401057940208
"UBE2I",-14.228184390756,6.54389221295742,-3.84214608889928,15.6608989637299
"NRAP",-9.9763641654657,-0.878548630641035,-5.42745639805337,10.0149732729743
"PSMC5",1.99284333592368,-5.00760224909463,-1.50737945658548,5.3895737166007
"PRKAG1",13.330976104144,-31.0082266687245,-8.83862528229025,33.7524079885904
"XRCC6",7.16116728902455,3.94466694733858,5.55291711818157,8.17573937126305
"PAICS",-13.1210109373317,3.38116228939634,-4.86992432396766,13.5496563220184
"MTAP",-20.1060994136838,-6.74955663901679,-13.4278280263503,21.2087658400066
"SLC16A1",-13.1903976786289,-27.1640567190825,-20.1772271988557,30.1972278257112
"HLA-DRA",24.9239837258912,-9.21068924139765,7.85664724224678,26.5714463488552
"FAM114A2",18.1665721996443,-0.382567770414418,8.89200221461495,18.1705999786427
"CPPED1",-4.80805473692799,-23.7843370072058,-14.2961958720669,24.26545027865
"RPN2",6.70809440055339,24.0013081913376,15.3547012959455,24.9211020097889
"CYB5B",2.92090819492348,6.90188659357499,4.91139739424924,7.4945142093228
"NAMPT",4.89184804749046,6.56810846582144,5.72997825665595,8.18964139254775
"CAMK2A",-12.2145752581714,-27.3749617608428,-19.7947685095071,29.9763970507654
"SGTA",2.29021366602185,-24.9988794035689,-11.3543328687735,25.1035664810842
"CNN2",-5.43054691033156,-1.32547813782068,-3.37801252407612,5.58996708748381
"IAH1",33.5817680505322,-29.5256846417278,2.0280417044022,44.715782437105
"UBAC1",19.5311196265298,-23.9365380113265,-2.20270919239833,30.8937289078787
"CLTB",16.7227940771231,-38.8326895371516,-11.0549477300143,42.2803691851747
"HNRNPA1",-13.5453739788807,-8.15850703264049,-10.8519405057606,15.812602354748
"APOL1",3.30129823777321,-0.54403831369541,1.3786299620389,3.34582542005602
"SUOX",1.04512224843744,-19.8645212178724,-9.4096994847175,19.8919954687679
"HSPB8",32.4201195626948,74.9857553960364,53.7029374793656,81.6941103432409
"PSMD9",-13.7762055290934,-7.15978857498568,-10.4679970520395,15.5256694289914
"MCEE",13.9940616449099,-24.4666367448415,-5.23628754996581,28.1859907565012
"SIRT3",62.7323674976125,-19.7445545786888,21.4939064594619,65.7662327290102
"XPNPEP1",2.65510316763431,-11.5933277925272,-4.46911231244646,11.8934781344973
"MAPRE1",-2.00872002873371,2.77758457236768,0.384432271816982,3.42781741207009
"SRSF1",12.9410717403075,3.85252886909005,8.39680030469876,13.5023448509863
"SHMT1",9.44931547024149,-35.195157215382,-12.8729208725703,36.4415786468095
"SRSF6",17.3830776831647,-4.17904203052858,6.60201782631806,17.878360719928
"HNRNPH2",-25.0629956388883,4.90492955964622,-10.0790330396211,25.5384432646163
"TMEM205",-5.60227339697957,-32.4666796960375,-19.0344765465086,32.9464832372076
"CKAP4",48.5158124532768,-37.4761062946676,5.51985307930457,61.3045071834914
"G6PD",-3.93193080892616,8.51403648137161,2.29105283622273,9.3781073299632
"ERP29",-16.2489900774966,-0.465703973447432,-8.35734702547203,16.2556623589895
"DNM2",9.63347707139555,7.7794231940143,8.70645013270492,12.3823788391678
"CACNB1",2.74319635077317,-28.4229432715526,-12.8398734603897,28.5550141032497
"VTA1",2.33487967654005,9.56063862585673,5.94775915119839,9.84161948249085
"ACY1",10.5378846180356,-18.9353435603151,-4.19872947113975,21.6701233953616
"CALD1",22.5490607659174,-19.497549064715,1.52575585060119,29.8096387256874
"GGT5",-9.32435763488203,21.5059218358357,6.09078210047682,23.4403139764009
"RPL35A",14.9449996683926,-34.5014972729401,-9.77824880227371,37.5992862852867
"RANBP1",-40.5121737821431,-3.30179104324382,-21.9069824126935,40.6465010627952
"STUB1",10.3173968811917,-19.7266751281031,-4.70463912345571,22.2618595362954
"METAP2",14.0977600084433,-23.7132350569184,-4.80773752423758,27.5873948411286
"CARNS1",15.0069679358941,-26.2795478346903,-5.63628994939808,30.2625795500768
"BZW1",42.9710574005257,-25.6357576853939,8.66764985756593,50.0370247539111
"CTSG",-6.92635953779933,-14.1447920057459,-10.5355757717726,15.7495903861871
"MAPK12",-20.8961750606116,-14.5701327760481,-17.7331539183298,25.4742792101248
"MTX2",102.104328207886,-44.0767506709613,29.0137887684621,111.211752025106
"GCLM",-32.2421551530725,12.0524238723752,-10.0948656403487,34.4211779303701
"SYPL1",-0.495983900325065,-17.9633047998687,-9.2296443500969,17.9701507885262
"FERMT2",-8.25779690803703,-9.15708029399779,-8.70743860101741,12.3305851152777
"HNRNPU",-5.58735224445739,-12.7822074555774,-9.1847798500174,13.9500298401495
"NIT1",-21.0670466069237,-21.0972090580828,-21.0821278325033,29.8146387329907
"KLC1",-11.6688350641363,12.5966926763872,0.463928806125461,17.1708583983843
"COQ5",32.7598665394693,-27.2550748172315,2.7523958611189,42.6151142081859
"RNF123",1.42906429415764,-30.9282001527755,-14.7495679293089,30.9611981268003
"COPB2",-3.95172819320663,-17.8145226055056,-10.8831253993561,18.2475579564789
"SYNM",35.9242295492659,58.6381020999966,47.2811658246313,68.7675598418177
"SEC23A",4.60666442219643,18.6523803690988,11.6295223956476,19.2128251574898
"USO1",-10.5787150481925,-29.248292884965,-19.9135039665787,31.1026019611792
"SARS1",4.54039264990876,17.9964247404648,11.2684086951868,18.5603466792665
"GARS1",4.2038081331844,-8.6620784333266,-2.2291351500711,9.62827116390731
"GMFG",98.9392877811681,-24.8771785712056,37.0310546049812,102.018903543943
"ASPA",-10.5964039044364,0.921401401545623,-4.83750125144541,10.6363883084779
"PGM2",-5.52960609065368,-34.0396124622417,-19.7846092764477,34.4858196958894
"KRAS",28.105190446298,-43.8096643321236,-7.85223694291279,52.0498647348485
"THAP4",-26.2683263892838,3.53509827527726,-11.3666140570033,26.5051295244866
"NIF3L1",-6.21499872328678,0.0633798771883356,-3.07580942304922,6.21532188541259
"RNF7",38.923914524689,-43.2192325290161,-2.14765900216354,58.1633319396548
"RPS11",22.9290645420359,22.4752499993568,22.7021572706963,32.1073023361732
"RPL30",17.1583382511712,40.6654641869589,28.9119012190651,44.1371561055132
"LIMS1",7.04801349622351,-5.85606505087453,0.59597422267449,9.16340505069064
"DDAH2",-1.07350572946645,-32.7804379970178,-16.9269718632421,32.7980110651169
"TLN2",-1.32266455285072,-40.1937381438587,-20.7582013483547,40.2154948682277
"ANG",34.4735775251021,-22.4706901990493,6.0014436630264,41.1504491518728
"PTRHD1",8.98611147268962,-35.9564848333351,-13.4851866803228,37.0623663703421
"FAHD1",24.5670273260154,-8.05794216964879,8.25454257818328,25.8547725506644
"MCM3AP",-12.4704830823483,-40.172784468076,-26.3216337752121,42.0638272179984
"HSD17B12",3.75303226708045,-0.477517779183366,1.63775724394854,3.78328883739839
"EPB41L2",2.86052407238678,-34.9284881333522,-16.0339820304827,35.0454259675985
"HNRNPDL",-6.19828743971479,3.81780566082786,-1.19024088944346,7.27972576744312
"SEPTIN11",12.8065288514725,-31.2778899214476,-9.23568053498753,33.7981298175178
"DHCR24",-8.74288452093887,-32.3116027113998,-20.5272436161693,33.4735373022603
"UFM1",3.38764336371532,-2.25704172980889,0.565300816953215,4.07067131193654
"PPP5C",21.7193380206475,-17.2771111508838,2.22111343488188,27.7529856731693
"CNBP",19.784219852445,-41.519028591137,-10.867404369346,45.9917937280286
"SELENOP",19.401321665593,13.5294055059274,16.4653635857602,23.6528242650984
"ATP6V1E1",2.16254619815261,-13.0569273985167,-5.44719060018205,13.2348010619458
"RTN3",57.4647571379716,-38.075797570011,9.69447978398033,68.9344955266847
"C7",-15.9753700874785,13.5956504658296,-1.18985981082445,20.9774679363577
"MAPK3",2.38448177200421,-39.103895685047,-18.3597069565214,39.1765288287268
"PUF60",-3.80401761334456,34.6502100719559,15.4230962293057,34.8583936525094
"PICALM",-8.83028180823239,-31.5557693488434,-20.1930255785379,32.7679791261256
"COX19",7.28123985325222,-0.89352133684595,3.19385925820314,7.33585947111771
"ACAT2",-6.18978125110478,-3.23544440772248,-4.71261282941363,6.98437487911344
"VKORC1L1",-3.18456013932482,-28.3580385480655,-15.7712993436952,28.5362887141013
"PDIA4",39.021674822604,-22.1644165477696,8.4286291374172,44.8770817552132
"FAM136A",4.8657361210072,-2.3739779908748,1.2458790650662,5.41397815847387
"CD14",17.0700092738998,-31.1933098356816,-7.06165028089088,35.5585122736575
"VPS35",17.0731649033458,-12.2964243260495,2.38837028864817,21.0403187006067
"PRKAA1",18.9501118224064,-29.20861144528,-5.12924981143677,34.8173767053615
"COA6",25.5333296411389,-17.184591812496,4.17436891432145,30.7776074171656
"RPL6",0.916974626399099,10.533845891844,5.72541025912154,10.5736820331698
"MCU",18.7092849361789,-31.6439383078943,-6.46732668585769,36.7610687338786
"VPS26A",12.8050342673042,9.40673791742252,11.1058860923634,15.8888520930214
"ARPP19",-15.8673463575678,-12.622780619875,-14.2450634887214,20.2757804044261
"ARPC2",24.584324643337,-46.6695663442879,-11.0426208504754,52.7488145926795
"GSTM4",8.36466642618186,27.4462769165015,17.9054716713417,28.692608124717
"OPTN",35.5878815644464,8.16557151978049,21.8767265421135,36.5126535941955
"ARF6",1.1280734797851,-16.1792454888107,-7.52558600451279,16.2185244200265
"PRDX4",21.8208629888299,-11.852067385131,4.98439780184943,24.8318658759057
"DYNC1LI2",-13.0561915981981,1.08518013507557,-5.98550573156125,13.101211965861
"CD44",34.1494717262775,-16.2668120785519,8.94132982386278,37.8258588056206
"TPP2",-3.60825694474978,-10.3380206292044,-6.97313878697708,10.9496204824272
"SPARC",27.6904600108583,-34.193360822173,-3.25145040565731,43.999403404231
"HMBS",-25.3145760633357,-0.0864238160390229,-12.7004999396873,25.3147235881095
"AIMP1",4.85451365732853,-19.9207501871914,-7.53311826493144,20.5037213907543
"AHSA1",-1.17886279281615,-4.52761882792396,-2.85324081037005,4.67857347225175
"CRIP2",-3.87171255548056,-8.01894340874233,-5.94532798211145,8.90469603663583
"ACTR3",14.323480349737,-9.4203860346728,2.4515471575321,17.143679954186
"TIPRL",31.305884682868,-22.608413245684,4.34873571859197,38.6160428483376
"PPM1B",15.3776523078449,-48.3272822808252,-16.4748149864901,50.7148735890323
"HIKESHI",-1.99080848743007,1.37115623565423,-0.30982612588792,2.4173100455252
"QARS1",25.5185747409814,-15.7086371866663,4.90496877715755,29.9659630092772
"IGLV1-40",8.13829176075879,-34.6916459119526,-13.2766770755969,35.6334405981731
"LGALS3BP",-21.4649828697548,-29.4270008433158,-25.4459918565353,36.4238090845998
"USP9X",7.64740877819353,-5.42567109780563,1.11086884019395,9.3766074825789
"KCTD12",15.8367714437721,-11.4158955199325,2.21043796191982,19.5224486241939
"CORO1C",-7.13861459156863,-37.9503079719987,-22.5444612817837,38.6158735943718
"PITHD1",-9.15648603709728,-2.97466484725611,-6.0655754421767,9.62755771216453
"TMX4",-5.61546572079791,-1.76809600686232,-3.69178086383012,5.88724203264474
"TGM2",-19.5191762898531,16.3934924731876,-1.56284190833277,25.4900929481008
"MMUT",29.7261551360381,-12.311227484667,8.70746382568552,32.1746891414824
"TBCB",1.05437124527391,-22.0930393238913,-10.5193340393087,22.1181844935309
"STMN1",33.4109922928884,-13.9207476392354,9.74512232682651,36.1950496729971
"NUDT3",3.33371719927854,-3.3028361669597,0.0154405161594191,4.69280269247947
"NDUFA3",0.949772107437198,-48.9496593365759,-23.9999436145694,48.9588727017167
"ACAD8",16.2469133325947,-26.7299262690396,-5.24150646822249,31.2802038226278
"SUB1",-17.1119923059792,8.91441784886586,-4.09878722855666,19.2947434879054
"ADK",1.72401136458071,-20.2902618980745,-9.28312526674687,20.3633725860344
"SSB",6.66068501466727,-17.007685572094,-5.17350027871334,18.2654343880409
"LAMP1",31.0806445469535,-33.8259133682017,-1.37263441062408,45.9369010779695
"EIF1AX",15.9148763912716,-10.2908503827759,2.81201300424781,18.9521738106776
"CSDE1",8.26215467397545,-38.3427189281576,-15.0402821270911,39.222790500682
"FBLN2",11.9274178688895,-22.7506481678283,-5.4116151494694,25.6876485703813
"RAB1A",2.47663632962501,-0.883720950187694,0.796457689718657,2.62957985750938
"MPP1",-19.7557621350246,-24.8308870026912,-22.2933245688579,31.7311059825542
"HMGCL",8.56851370217936,-9.7440904940973,-0.58778839595897,12.9756204715456
"EYA3",-5.90704189718026,-19.5917120781373,-12.7493769876588,20.4628523458406
"LAMTOR3",-32.3927490012821,-16.3990995615151,-24.3959242813986,36.3073085519781
"REXO2",-26.2090812881501,-0.973827380655962,-13.591454334403,26.227166864459
"DDX1",-2.35264368116312,-14.1772712725081,-8.26495747683562,14.3711500244344
"AP2B1",3.10409915990439,-4.62645620620577,-0.761178523150694,5.57131300704412
"ITGA6",17.7851090035379,-45.7116214335491,-13.9632562150056,49.049591602294
"HINT3",-13.7304517681335,-26.8858879867413,-20.3081698774374,30.1890092350286
"MPC1",10.7590669785627,19.1661944825116,14.9626307305372,21.979548066115
"FCN3",-18.4940016284342,22.4272637314583,1.96663105151205,29.0690600933865
"PSMD6",1.35862639974327,-19.1091538122745,-8.87526370626562,19.1573908744183
"LDHD",39.2431556165238,7.6945901348469,23.4688728756853,39.9903985987385
"NAP1L1",4.17423479921643,-3.45337513657847,0.360429831318983,5.41756735010538
"HLA-A",17.5955014095723,-14.7901591004068,1.40267115458272,22.9858755776152
"HNRNPC",8.20427820357762,-39.9665926221131,-15.8811572092677,40.7999841502867
"APEX1",-1.86941430330177,-0.381867041283929,-1.12564067229285,1.90801789158493
"FXYD1",18.6870046878287,-21.7558060323476,-1.53440067225943,28.6795962370474
"COA3",46.1993614654574,-19.9974484357194,13.100956514869,50.3416223790538
"CNIH4",-8.22779138863303,-6.49816039661428,-7.36297589262366,10.4843998242622
"DTD1",9.59993041094951,0.140971894610431,4.87045115277997,9.60096541865157
"ACTR2",22.085433586834,-18.6804569629537,1.70248831194012,28.9262138736341
"C8G",-21.2316828442775,49.0130426994043,13.8906799275634,53.4140684750152
"CARHSP1",-29.6953951434015,-4.71734080803223,-17.2063679757168,30.0677534415506
"RAB12",5.62107790135293,-18.3272288836689,-6.35307549115796,19.1698679006263
"ADD3",8.52869399789515,-15.2866740884038,-3.37899004525434,17.5048857749718
"ECM1",9.39580950203928,-10.5896222036312,-0.596906350795964,14.1570242146523
"SLIRP",11.6826786645057,-14.5792647604223,-1.44829304795829,18.6826106776485
"UBXN1",-1.01863557262352,-20.197782514462,-10.6082090435428,20.2234526461562
"NPEPL1",10.202259482766,-58.4821520384049,-24.1399462778194,59.3653788465701
"MYL4",-1.16416391647063,25.3183885084475,12.0771122959885,25.3451390662806
"MSI2",-0.741653368019627,-1.93018611156836,-1.335919739794,2.06776888060205
"VPS29",58.4012683915971,-6.73737943751779,25.8319444770396,58.78860800727
"RPS14",-19.9670246794145,1.67950407498385,-9.14376030221532,20.0375349902685
"DDX19A",4.31571038870996,-40.4701763677769,-18.0772329895335,40.6996379762546
"EIF4E",-10.7181372946425,-5.95470620364236,-8.33642174914243,12.2611986786979
"DYNC1I2",-3.01314093397172,-2.12918901774611,-2.57116497585892,3.68950730603243
"FLOT1",-12.1099139140992,-1.87816148014823,-6.9940376971237,12.2546932051523
"TNXB",40.4756621871717,61.6697886943941,51.0727254407829,73.7661308942068
"DHX15",21.8299004126621,25.8640279559789,23.8469641843205,33.8451251162469
"SSBP1",-5.64705883485575,-29.060851056966,-17.3539549459109,29.6044310473869
"PPP1R2",-11.8999860683663,-35.5660195395681,-23.7330028039672,37.5040186422236
"TIMM44",43.667441080236,-29.3311058823928,7.16816759892158,52.6037943762616
"METTL26",2.72180152606133,-39.1782464244597,-18.2282224491992,39.2726774799345
"IBA57",-7.6037059725283,7.08405629057152,-0.259824840978391,10.3923143738365
"XPO1",10.877943183499,-15.4341972322322,-2.27812702436661,18.8823751712246
"RPL24",30.3068583579672,-11.476609948329,9.4151242048191,32.4070708246822
"FBLN5",8.53572839687981,-35.5006290700937,-13.4824503366069,36.5123721995392
"ATP6V1A",5.57998821666471,-1.01097002001556,2.28450909832458,5.67083140989814
"ARMT1",-4.15397901946694,-18.2250426682777,-11.1895108438723,18.6924509349286
"MLEC",-2.26996469033491,9.71905700713672,3.7245461584009,9.98062166417205
"NXN",-7.68138537944066,-1.99951324188761,-4.84044931066413,7.93736319894513
"EIF3B",0.8691875670245,-10.300116091552,-4.71546426226373,10.3367247484935
"DDX39B",8.08849224457294,-10.2840500130597,-1.09777888424336,13.0837835300661
"SNX12",27.0830228349489,47.9686280826061,37.5258254587775,55.0861090113084
"DTNA",1.9416595563573,16.0183631211722,8.98001133876474,16.1356127529921
"NT5DC1",-7.84959087352456,3.78437464863723,-2.03260811244366,8.71421645146414
"GLUL",144.289188222961,-12.5726510380968,65.8582685924321,144.83591195614
"GLRX3",-1.48336488326494,-2.80404420781676,-2.14370454554085,3.17222875850628
"GNA11",11.6343957956948,-21.0596428374616,-4.71262352088339,24.0596700304125
"FLOT2",-14.3916704645131,21.574196766064,3.59126315077543,25.9338802507451
"SPPL2A",-24.6980544014683,-0.78803945166581,-12.743046926567,24.7106231688978
"RPL9",7.62278273809963,21.0925351433529,14.3576589407263,22.4277028570883
"PPM1A",3.53451543975125,-18.9993604726581,-7.73242251645344,19.3253330569966
"ATP6V0D1",42.8453559347936,22.6776066900937,32.7614813124436,48.4767817658076
"VPS25",-3.89201208509289,-22.7043277303696,-13.2981699077312,23.03549990251
"MT-ND3",3.61580960024184,-27.9988887945343,-12.1915395971463,28.2313983499561
"GMPR",18.1513909175355,-6.4180425648701,5.86667417633269,19.2526430031223
"CHMP2A",-8.21196244739522,-41.3965340060936,-24.8042482267444,42.2031912887532
"TRMT112",-6.04972192138503,-14.3070362212333,-10.1783790713091,15.5335257028714
"RPL15",-6.77115684696319,-17.7175961543929,-12.2443765006781,18.9673872353663
"EPHX2",-16.3458373782759,8.64822298872167,-3.84880719477709,18.4926515259358
"FERMT3",-12.7140914721054,-50.4769408109336,-31.5955161415195,52.053527023551
"PFDN5",4.91705480166564,-18.1312760233254,-6.60711061082986,18.7861810423672
"CD248",5.79345667485196,0.68315193226263,3.2383043035573,5.83359552985471
"RPIA",-22.3170831429898,-3.15266568194811,-12.734874412469,22.538666795382
"RRAD",20.6248105686168,-12.4014227295389,4.11169391953898,24.0661192697961
"NT5E",9.18672262737169,-16.7099169919343,-3.76159718228129,19.0687492644273
"RRAS2",30.328028857263,-28.8511097637749,0.738459546744085,41.8589998562838
"VPS13C",-13.7980071634943,-16.2453011037941,-15.0216541336442,21.3141926808587
"IDI1",26.7038700838793,9.61702562088306,18.1604478523812,28.3828092205374
"HSPA12A",8.26598305627713,-21.202393276323,-6.46820511002296,22.7567123401103
"RPL4",6.79813388725348,12.1640832127739,9.48110855001367,13.934832067747
"RARS1",-6.84528409441273,-16.5027019779759,-11.6739930361943,17.8660876217238
"TXNDC5",64.6114332823615,-9.89335011011275,27.3590415861244,65.3644833774606
"ABCF1",24.2758045446328,-19.1185469313724,2.57862880663019,30.9003806296348
"PPIL3",-21.2769418754133,-28.894920201764,-25.0859310385886,35.8834874146316
"NT5C",64.3184831157877,-1.34244958816976,31.488016763809,64.3324913337938
"HDHD2",-0.711465092042737,3.22459373766798,1.25656432281262,3.30214889885404
"PAK2",2.72958876849836,-3.27200851460308,-0.271209873052363,4.26106730347544
"DEPTOR",6.20972193184285,-27.2627703313944,-10.5265241997758,27.9610316800573
"PRPSAP2",-14.4380093916558,0.403362490096256,-7.01732345077976,14.443642770851
"NLN",26.1086297995331,-38.1205925130165,-6.00598135674173,46.2043301385543
"BTF3L4",5.18603267865905,-21.7511409357105,-8.28255412852573,22.3608377962289
"CDV3",-17.8282250816927,17.3745354923687,-0.226844794662025,24.8941778964295
"EIF3E",4.63110406781849,-3.66333899612579,0.483882535846351,5.90484356164504
"RAB5B",13.0374190219208,-16.9736964561135,-1.96813871709634,21.4028191165889
"CAPG",16.5951069918154,-39.5704458136997,-11.4876694109421,42.9094133957194
"SH3GLB1",-9.8072392191329,-15.4781595758401,-12.6426993974865,18.323628596882
"SNTB1",-5.23668806141455,-18.476344133858,-11.8565160976363,19.2041192041007
"GSPT1",-2.03966035432576,-14.1111139116814,-8.07538713300356,14.2577610510716
"COL3A1",44.1815222319671,19.4065345697771,31.7940284008721,48.2557819410458
"PTGIS",62.7118102694627,16.8115623006817,39.7616862850722,64.9261101119018
"EIF2S3",5.88600925181733,-11.5916789244434,-2.85283483631305,13.0004663454764
"TIMM50",-7.7609209903656,-62.7183783647712,-35.2396496775684,63.1967315557166
"IPO7",-6.12049064843015,-9.25296637044871,-7.68672850943943,11.094043105657
"DCTN1",1.32677373147289,2.43974108332203,1.88325740739746,2.77716853794937
"LMAN2",15.3477693363476,-7.77097794850441,3.78839569392157,17.2029684030946
"NDUFV3",-38.1613442296938,-18.596147570336,-28.3787459000149,42.4512060826886
"DDX3X",-4.44245852623651,8.58226513396839,2.06990330386594,9.6638870330246
"CUL4A",24.8950667011366,-23.0288166247326,0.933125038201958,33.9129877950852
"ECHDC3",11.0518549400365,-3.73482673460321,3.65851410271663,11.6658659495605
"LRP1",-0.672494986903551,-30.749314331163,-15.7109046590333,30.7566672665307
"LNPK",-2.83215064600679,0.654109765155646,-1.08902044042557,2.90670550048481
"DCUN1D1",3.65441944586752,12.3449411627443,7.99968030430592,12.8744846031969
"MSRB2",7.83719063548387,-36.3439554506475,-14.2533824075818,37.1793579134385
"PIN4",6.45927288100409,-19.0481862136966,-6.29445666634627,20.1135676642146
"SMS",25.3301082654917,-24.5657915396837,0.382158362903997,35.2858682578837
"AGO2",-8.38508734108975,3.14636871052045,-2.61935931528465,8.95596593228478
"PPTC7",0.306700888502576,22.9139560175614,11.610328453032,22.9160085051858
"RCN1",11.8720054176086,-11.0078854882465,0.432059964681058,16.1900603938983
"UBXN6",1.3424472166151,-15.0441995919584,-6.85087618767167,15.1039764927015
"CUL3",12.1979470441898,7.45262576155752,9.82528640287368,14.2944584659472
"ADD1",-19.7052282037466,-15.4086482813085,-17.5569382425275,25.0144450351952
"ATP6V1G1",12.1002623446396,10.2076816081162,11.1539719763779,15.8307647516403
"CLIP1",11.2285075988614,-21.5439735550438,-5.1577329780912,24.2944886638537
"EIF3C",-3.64078783573462,23.9139547246081,10.1365834444367,24.1895135675655
"PSMD3",4.47539231953283,-5.94867522697613,-0.736641453721649,7.44418386190004
"CD163",105.505752929103,-21.928953753424,41.7883995878393,107.760581447284
"NUCB1",9.13857318109993,-21.6176886405433,-6.23955772972166,23.4699378342976
"C2",-1.11775084905939,33.5899012800615,16.236075215501,33.6084934944256
"DHX9",18.0495982793341,-19.0823972610123,-0.516399490839072,26.2664402474418
"ATPAF2",20.437943060522,0.252018317049135,10.3449806887856,20.4394968083186
"EIF3G",-16.3637989947936,-15.350331230356,-15.8570651125748,22.4367240573051
"COX17",40.7745180925392,-6.91536103165555,16.9295785304418,41.3567835291497
"SURF1",-26.3682521468688,6.49510158412387,-9.93657528137248,27.1564185022425
"AHCYL1",1.81530072033793,-14.3485968965178,-6.26664808808996,14.462971672655
"STXBP3",-11.0856941806688,-34.3427499684628,-22.7142220745658,36.0876307183454
"TMEM256",13.6073287062255,-12.8791021046967,0.364113300764389,18.7358123801044
"GYPC",-1.62931329778601,-12.3318461316456,-6.9805797147158,12.4390148660143
"TBC1D17",-5.3026256159788,-26.5639607853811,-15.93329320068,27.0880388922953
"EML1",5.55203900930999,-15.5395496985088,-4.99375534459943,16.5015981648241
"SCARB2",10.4039711662545,5.4503458225097,7.92715849438209,11.7451643501998
"CNP",14.9116183530546,-88.1813572179911,-36.6348694324682,89.4332607183373
"RCN2",12.5533489601977,-20.7384151894764,-4.09253311463935,24.2418735803898
"PITRM1",26.5084506742239,-29.7337194226752,-1.61263437422564,39.8345582108567
"MAT2B",3.10613898239924,-12.6971441508169,-4.79550258420881,13.0715557209004
"CHCHD10",-0.532641891582763,8.30756992029828,3.88746401435776,8.32462764124099
"CPNE1",4.15126672017125,5.78379755910433,4.96753213963779,7.11936300427943
"RBMX",29.1676487354788,-16.4996297275202,6.33400950397928,33.511035703206
"CD63",12.6076958271288,6.62536598582474,9.61653090647676,14.2425232496045
"AP1B1",1.80058663356311,-17.6232772449927,-7.91134530571479,17.71502224325
"PLIN5",10.0818821183475,-29.2827273694739,-9.60042262556318,30.9697024403399
"IST1",16.5666726046628,-11.9351757513929,2.31574842663495,20.4182041670349
"TMED2",11.3733884640946,7.9801173822694,9.67675292318199,13.8937481836255
"NDUFAF4",32.3591769324178,1.80462660817972,17.0819017702987,32.4094586338382
"CHMP3",-12.3751559685991,-9.94100373177417,-11.1580798501866,15.8735012030207
"SESN1",30.0281674803104,14.8027290114049,22.4154482458577,33.4785248840306
"GART",0.953070256525095,-10.1803605550811,-4.61364514927799,10.2248757422926
"OXSM",27.3197635985823,26.0803410720525,26.7000523353174,37.769745478584
"TMEM143",-13.9295341706712,-17.6672116253651,-15.7983728980181,22.498050778397
"SMIM20",-12.1359102157102,10.7282359547001,-0.703837130505072,16.1980049223198
"MT-ND4",2.41464098211994,-66.2724554405959,-31.928907229238,66.3164296475489
"TMX3",-2.03057060936358,18.6788134175732,8.32412140410482,18.7888607341724
"ATP6V1B2",0.0403607705574487,-8.8015617455128,-4.38060048747768,8.80165428495544
"STX7",3.02278566369618,-20.9995731003348,-8.98839371831932,21.2160152612349
"DYNLRB1",-6.15842075410458,-6.41102937182422,-6.2847250629644,8.88973811712014
"HNRNPF",11.813773482943,15.3304887054382,13.5721310941906,19.3543051503756
"RHOG",31.9963910541804,-57.5153996410894,-12.7595042934545,65.8163371539792
"RUVBL2",1.97913473942251,-16.2119847393784,-7.11642499997794,16.33234286643
"CUL2",7.8503215252876,25.480250264337,16.6652858948123,26.6621586069778
"HMGB2",19.8591941029857,14.0376165560702,16.948405329528,24.3195861189149
"CPT1A",51.6354212077473,19.5927127539233,35.6140669808353,55.2276300085313
"SLC44A2",18.6635738671945,-7.93378943394083,5.36489221662685,20.2798916239298
"SHMT2",14.0772680856017,-4.80824744255838,4.63451032152165,14.8757762897527
"CD38",-31.0946072811186,-33.9618713484624,-32.5282393147905,46.0465341524909
"COPS3",6.87141008777821,-29.7387831919126,-11.4336865520672,30.5223115495862
"KYAT1",17.2138059735779,1.38572172595624,9.29976384976709,17.2694916195519
"TMOD1",-40.557483361691,67.395674785808,13.4190957120585,78.6580347864618
"SRM",20.1743095573017,-19.1048302708108,0.534739643245484,27.7848394954933
"EEA1",16.7441562166331,-27.6395605433459,-5.44770216335637,32.3158177126357
"NNMT",41.0783254786202,-0.203560769595398,20.4373823545124,41.0788298411039
"RAB2B",23.8611145819535,-6.84179823939323,8.50965817128013,24.8226306470865
"RDH14",3.1735933833521,9.48896917528213,6.33128127931712,10.0056099750245
"GABARAPL2",-11.1466656253623,-29.2645866518686,-20.2056261386154,31.3155582174158
"CUL1",6.07770670574726,-24.1148032029353,-9.01854824859402,24.8689013090121
"INPP1",1.36916225973038,2.95792574897839,2.16354400435438,3.259437072554
"HNRNPH3",4.03623287051999,-2.53024192647172,0.752995472024134,4.7637485231214
"ALDH16A1",0.412160634723435,-5.91453808661495,-2.75118872594576,5.92888161180796
"HEBP1",18.5070767332519,-20.9753975067788,-1.23416038676347,27.9728294918097
"PARVB",-1.32301270234985,5.27923120043338,1.97810924904176,5.44248515645273
"RMDN1",17.1705062781824,-21.3383335815944,-2.08391365170601,27.3888803328742
"IGF2",27.3904187373527,46.3851851386248,36.8878019379888,53.8685477709584
"H6PD",-2.13065530909175,-15.987775965668,-9.05921563737988,16.1291249723769
"NAE1",2.45942114070093,-10.4418693372326,-3.99122409826585,10.7275993401677
"MIEN1",0.42332813190044,-7.77164619036509,-3.67415902923232,7.78316717124041
"RBBP4",25.5001190857967,-22.6737759263214,1.41317157973762,34.1226638489266
"EIF3F",3.07279253999134,-5.18735679589019,-1.05728212794942,6.02915620312615
"ITGA1",5.09836890398282,-3.91769024829689,0.590339327842965,6.42974823478334
"FN3KRP",-19.0288287629781,-5.89097876344391,-12.459903763211,19.9198382242951
"MPV17",26.2122054063205,-5.70245473632802,10.2548753349962,26.8253183072076
"VPS4B",10.6336959139336,0.0219156695712073,5.32780579175241,10.6337184976179
"RPS27",-1.09858905828651,-7.97924494233554,-4.53891700031103,8.05451722754221
"IDE",4.41099243172114,-24.7090964881587,-10.1490520282188,25.099727159749
"CLIC4",18.6843304415885,-3.33845418606357,7.67293812776246,18.9802392082638
"NFU1",6.66913960642128,-8.20794821487723,-0.769404304227972,10.5758137742702
"HBS1L",3.56208924904832,-14.6619074026409,-5.54990907679627,15.0884064268497
"NANS",8.04501325628898,-1.09068998467522,3.47716163580688,8.11861089944187
"RPL11",0.597342968674276,11.4639536279831,6.03064829832867,11.4795057126503
"MESD",-1.37383115579542,-35.4619712519675,-18.4179012038815,35.488573049927
"RASA4",46.0230951505158,1.3919016941162,23.707498422316,46.0441383626572
"YKT6",-18.3518882417888,-15.3643570171219,-16.8581226294553,23.9343950955249
"PYURF",15.583419875842,8.47150845232098,12.0274641640815,17.7372328869114
"LACTB2",1.64343398890814,-6.46973598867003,-2.41315099988094,6.67520479378653
"SNRPE",26.0928873204179,11.7245120542599,18.9086996873389,28.6059950294778
"TMX1",3.3017608689987,6.03589634897211,4.66882860898541,6.87994691633489
"C11orf68",0.126540685007708,-28.3251487014461,-14.0993040082192,28.3254313560093
"ARIH2",11.0195433453163,-8.57952891679711,1.22000721425957,13.9656239378505
"MRPS17",-4.10262122667919,-10.5787619676009,-7.34069159714004,11.3464402213539
"PRKCQ",0.702528915955597,-22.3263713887064,-10.8119212363754,22.3374216565878
"SRPRB",19.5672651695563,-30.7991818975169,-5.6159583639803,36.4892788606744
"ARHGDIB",-18.7688803298935,-16.713613469613,-17.7412468997532,25.1319665774386
"CSRP2",-29.2281923270496,-9.74168139245737,-19.4849368597535,30.8088880529492
"USP15",-16.2359371892652,11.2272790363061,-2.50432907647955,19.7397429307689
"HPCAL1",-3.68285515638968,9.24265075365694,2.77989779863363,9.94937259615003
"MDP1",-15.4204006956614,-8.81126372372485,-12.1158322096931,17.7602681855817
"COL15A1",62.5619013971355,71.4770019900776,67.0194516936066,94.9892273887648
"MRPL12",5.40412883661972,-76.7153580038704,-35.6556145836253,76.9054663996311
"CES2",3.93036321643121,-14.5166685174352,-5.293152650502,15.0393291026618
"PDZK1IP1",36.5713650092249,-5.2283030454464,15.6715309818892,36.9431981746705
"ACAA1",31.8029018203473,-6.97409913453384,12.4144013429068,32.5586029020435
"PTPN11",-9.56118951523421,-2.9452627912858,-6.25322615326,10.0045448600102
"IL18",-35.0199212849188,-65.9559052322549,-50.4879132585869,74.6764777008671
"SFXN3",22.1256419408235,18.1504376786768,20.1380398097502,28.6178688797936
"DEK",7.31926978473183,-4.10773953088943,1.6057651269212,8.3931659244483
"LRRC59",19.3080846763248,-4.48998707493902,7.40904880069291,19.8232721264994
"BDH2",3.08223821290687,-38.1644012491635,-17.5410815181283,38.2886630101948
"AIMP2",6.71486568086278,-20.736235693486,-7.01068500631163,21.7963504249641
"RPL19",11.053347598027,1.55611475009981,6.30473117406338,11.1623468069348
"TIMM8A",3.62136523877238,-8.06296295629264,-2.22079885876013,8.83887197707583
"FARSA",9.0227325333676,-10.0716539232389,-0.524460694935657,13.5221268711022
"MPO",67.9662698421882,-49.3335072896422,9.31638127627298,83.983383938481
"CTSZ",23.006628179404,-30.196246072625,-3.59480894661052,37.9620628662862
"VWF",15.8956580577333,-30.3640527208928,-7.23419733157978,34.2731329575447
"STOML2",-12.8848167226634,-14.9140791297009,-13.8994479261821,19.7090907518233
"SRSF3",-2.31778340492544,1.86336482972624,-0.227209287599599,2.9739281095562
"NHLRC2",15.2112411523845,-5.12414956128417,5.04354579555018,16.0511297459838
"MAPK9",32.0734652603728,1.84262734244976,16.9580463014113,32.1263513230414
"SSPN",-13.4987189885922,-21.9730687690999,-17.7358938788461,25.7881981818151
"PECAM1",19.6946872613537,-11.4382240090278,4.12823162616295,22.7752864922317
"PSMD7",19.5771198584966,-9.40605489248735,5.08553248300464,21.7195186547591
"MAPK14",-5.46802780230162,-10.5885009056347,-8.02826435396816,11.9170331658249
"EHBP1L1",-3.53743561052936,-21.2303804118192,-12.3839080111743,21.5230690917722
"RAB8A",-5.73406938759697,-29.7408134745564,-17.7374414310767,30.2885380609585
"SNX5",14.2044777776492,-15.5365583518468,-0.666040287098786,21.0511718048205
"OPLAH",9.03483307961823,-12.4333944130134,-1.69928066669757,15.3693690633713
"TMEM126A",33.9875600688044,-15.7006216452795,9.14346921176246,37.4388001874901
"EIF2S2",-10.144990165819,16.1703701279411,3.01268998106106,19.0893084091377
"EIF6",-10.868629931453,-16.4783367037576,-13.6734833176053,19.7398758129143
"BOLA2",-5.09786325010651,23.5225337581098,9.21233525400167,24.0686061939241
"PFKFB1",13.7168086176466,-3.84371041719011,4.93654910022825,14.2451728113196
"WDR77",-13.959723475768,-23.5195734082344,-18.7396484420012,27.3503969409081
"SFPQ",32.819771389276,-21.0924486195035,5.86366138488626,39.0131872936669
"LAMA2",61.8200726444193,97.5697850692318,79.6949288568255,115.505776220141
"LZIC",-9.77933277557155,4.64087233037115,-2.5692302226002,10.824649902984
"PDK2",49.6426555650967,43.1890197521786,46.4158376586376,65.8003395029911
"RPS26",-12.0446187409289,6.3164495843267,-2.86408457830112,13.6003814639766
"MYH8",24.0248263381759,32.592049830788,28.308438084482,40.4899245831859
"ABCF2",30.7411530073482,-26.8287686403917,1.95619218347822,40.8019768513838
"AP2M1",-0.129901782631421,4.24705537404198,2.05857679570528,4.24904151819085
"PITPNB",30.2937233089552,-5.00266809272797,12.6455276081136,30.7040121151216
"HSD17B4",7.54505909141775,-3.66614350001233,1.93945779570271,8.38859492738017
"ACAD9",7.69509343196687,-21.2602402654445,-6.78257341673883,22.6100039599981
"HNMT",27.9322499283966,-12.7678390660614,7.58220543116759,30.712022083856
"KHSRP",4.92336638805821,-26.2039682827351,-10.6403009473384,26.6624734477814
"BCKDK",6.34637715465065,-4.71536815716284,0.815504498743906,7.90640245918818
"LTF",24.8221915901688,-28.4855815491805,-1.83169497950586,37.7831913889504
"NPC2",18.8749744138855,-12.4336217268045,3.2206763435405,22.6022036175701
"UFD1",-10.4828494983563,-1.18141446248688,-5.83213198042157,10.5492119960384
"MVP",19.118130297557,-41.8318469552914,-11.3568583288672,45.9935465665052
"RPL29",106.810097288756,17.5153066721979,62.1627019804768,108.236698261979
"PRKAB2",6.17515896613676,-22.7334109749722,-8.2791260044177,23.5571764609862
"SIRT5",-2.40138267056616,-21.7596944529339,-12.08053856175,21.8918007805556
"RNF114",5.66112948955713,-4.28413421084302,0.688497639357053,7.0994501923775
"THEM6",-10.789523594215,-73.2292678916541,-42.0093957429345,74.0198587903122
"SCP2",2.37916305427711,-13.5089364066624,-5.56488667619266,13.7168429194945
"DMAC2L",4.72919513183547,-2.89175330905741,0.91872091138903,5.54324127162266
"HDLBP",22.4603866102219,-12.9217424898801,4.76932206017088,25.9121669424888
"PMM2",24.175063652414,-1.18200712648091,11.4965282629666,24.2039427252116
"ACSS1",-14.1335339094877,-10.6136248847907,-12.3735793971392,17.6750053455632
"CBR3",33.424199142307,-53.3289383838268,-9.95236962075987,62.937689482937
"RAB9A",-5.58976009074047,0.164553830892519,-2.71260312992397,5.59218167044815
"TOMM40",-53.9831630627374,1.05844791969871,-26.4623575715193,53.9935385602463
"ARPC1B",16.2596622575795,-23.0667186556899,-3.40352819905518,28.2214479832504
"LGALSL",25.8796528359803,-24.5909394916274,0.644356672176484,35.6997301949433
"COPB1",-27.8524873797994,34.759045897468,3.45327925883431,44.5415797311251
"RTN4IP1",9.74714158788922,-32.3716252620427,-11.3122418370768,33.8072313453865
"AARS1",0.216962726259867,5.80788526904693,3.0124239976534,5.81193634884265
"SERBP1",6.27111800230167,-16.3302232794191,-5.02955263855872,17.4929446736241
"TXNDC12",6.40472103775936,20.7830901592566,13.593905598508,21.7475812020395
"ZYX",8.48769452384402,-8.92565720878092,-0.218981342468449,12.3169929341035
"MCCC1",32.1466979980633,-5.56499593802705,13.2908510300181,32.6248275392981
"AARSD1",-5.41713984751556,-34.1618815602254,-19.7895107038705,34.5887200668427
"SRP14",41.2521224964156,26.9846408197648,34.1183816580902,49.2941015805237
"LMAN1",-4.70968153333446,-12.0505614678078,-8.38012150057111,12.9382043512554
"CORO1B",8.23145158589468,-13.7002220820057,-2.73438524805552,15.9828933646948
"PFAS",-13.0971493513958,-14.3579495153776,-13.7275494333867,19.4341461201386
"RPL21",5.76856404032182,-14.4900357651588,-4.36073586241849,15.5960721838184
"JUP",11.7237053236215,-55.1892074092078,-21.7327510427932,56.4206866403775
"KHDRBS1",-12.0130516486663,8.86987359098119,-1.57158902884258,14.9327849858461
"SUGT1",13.0781828401174,-4.38658041312229,4.34580121349758,13.7942362644813
"UBA3",-0.771307471757765,-39.9233720625696,-20.3473397671637,39.9308220809734
"NDRG1",0.49240987771681,3.39599388889818,1.9442018833075,3.43150724625592
"D2HGDH",13.7869085249674,-38.4803061146741,-12.3466987948534,40.8755771256485
"PLGRKT",-9.42556172506055,-15.3010880645851,-12.3633248948228,17.9712133645204
"EZR",19.9524261468202,-19.8044184454589,0.0740038506806417,28.1125292193204
"RDH13",-7.32076983544232,-5.30289292334414,-6.31183137939323,9.03959868246238
"DBNL",15.0909472222398,-27.9101068158591,-6.40957979680967,31.7287054658253
"LYPLAL1",5.44275092208338,-12.4878148267502,-3.52253195233341,13.6223733889158
"FAM98B",21.5423960616891,-17.4199329173644,2.06123157216234,27.7043117749594
"ATL2",-9.28398506125038,-2.35274575766669,-5.81836540945854,9.57746267117439
"PPP2R5A",-1.62226013121631,-14.4801533929546,-8.05120676208543,14.5707436398019
"DNAJB1",13.8201234523859,20.043381063347,16.9317522578665,24.3461072183979
"CRADD",78.5522671900353,-47.9189784985796,15.3166443457279,92.0146030858256
"LETM1",0.748326546314544,5.56818365812948,3.15825510222201,5.61824366422276
"CLYBL",12.6355782172786,-31.5094129683216,-9.43691737552149,33.9485042747571
"NFIC",-2.85817914617562,10.959885437534,4.0508531456792,11.3264414904022
"AUH",-0.921399887139003,13.2090965936734,6.14384835326719,13.2411936989462
"ENSA",-6.8607092408137,-20.4965145239114,-13.6786118823625,21.6142647091197
"PPIL1",-4.24229632921228,-3.12672638664667,-3.68451135792947,5.27005655015205
"STX12",-5.14863841740538,-32.0532961073941,-18.6009672623997,32.46416900063
"ABCA8",-3.25407199666351,-14.8814870817279,-9.06777953919572,15.2331100673206
"MTM1",-4.95079975442123,-42.5324610019537,-23.7416303781875,42.819629343224
"TXNRD2",-8.14221581360929,29.7226918900297,10.7902380382102,30.8177561082086
"BCKDHB",24.4866955572207,30.1891584596301,27.3379270084254,38.8713718282834
"C6orf136",-42.8149972439293,-5.54395091853312,-24.1794740812312,43.1724377442921
"PRPSAP1",29.2333956507075,-20.5486712671395,4.34236219178402,35.7328883819342
"ETF1",-9.45162804483833,3.33919951289157,-3.05621426597338,10.0241471500008
"EIF3L",7.79166024852744,-10.4504386569809,-1.32938920422674,13.035399401315
"SENP8",-7.09282682526302,-9.3699362269078,-8.23138152608541,11.7517614539051
"ARCN1",9.07884209665604,0.997608356798716,5.03822522672738,9.13348762793099
"TATDN1",12.2089228434792,-11.2576147075003,0.475654067989446,16.6069770247494
"DHTKD1",1.79019385775197,43.7997036244185,22.7949487410852,43.8362730126003
"MGST2",-17.7568862679133,-5.27282156251363,-11.5148539152134,18.5232194059703
"TNKS1BP1",4.16894356356472,-10.4809320005593,-3.15599421849728,11.2796288075688
"HNRNPM",4.63959092869744,-9.57312149817489,-2.46676528473873,10.6381605178936
"RPL36",-11.0121336929802,29.4773152002272,9.23259075362351,31.4671129893675
"NUDCD2",11.4710510167626,-15.3922369595777,-1.96059297140757,19.1965093193779
"PRKCD",-5.39556223278115,-5.2681675535818,-5.33186489318148,7.54093370746796
"EPB41L3",-16.8068541689587,10.4870772480753,-3.15988846044172,19.8103290296689
"SYNPO2L",58.025260010621,19.6764942081785,38.8508771093998,61.2706718065394
"CLIC6",15.5056891310286,-21.0449378394966,-2.76962435423398,26.1403099464481
"OPA3",0.184155840177311,-4.79101472822737,-2.30342944402503,4.79455269024786
"PLAA",3.44141693591863,-13.7512790069396,-5.15493103551047,14.1753668331202
"PFKFB2",5.31717201283094,-35.6051076171328,-15.1439678021509,35.9999445366467
"F10",-5.83266792066138,16.5643675685046,5.36584982392161,17.56127239175
"FAHD2A",3.30137966035397,-31.8747723389041,-14.2866963392751,32.0452838857571
"BROX",22.3886423881791,-24.1333595592243,-0.872358585522592,32.9191487071062
"HSPBP1",11.4140497420967,-23.6565618003179,-6.1212560291106,26.2662035271052
"EIF3M",1.35394298076498,-2.91136469599204,-0.778710857613529,3.21079522676729
"UBQLN1",7.74084011598104,-6.40256945590888,0.669135330036083,10.0455712300953
"BCKDHA",2.36562018106481,3.0020695030512,2.683844842058,3.82211723292355
"PRUNE1",7.76508017560152,-21.5714626808862,-6.90319125264232,22.9265015282835
"CSTA",7.39094973486492,-10.62121386304,-1.61513206408753,12.9397187723587
"CHMP4B",14.8448779932207,-11.7486594638804,1.54810926467017,18.9314923297619
"ATAD3A",-27.7985686955019,55.584777773807,13.8931045391525,62.1484347484476
"NAA50",21.7364654953026,-4.85576391514849,8.44035079007708,22.272233283354
"ATRN",-28.9827481215287,42.7379864805832,6.87761917952724,51.6385047913908
"PPP1R14B",14.4589567019507,-27.626698580149,-6.58387093909912,31.1816597272706
"LPCAT3",1.55084667030015,4.60086774519963,3.07585720774989,4.85521466091865
"PPP1R12B",32.3768448409976,-40.1885457854873,-3.90585047224487,51.6079382867621
"BPNT1",0.500749535757162,-3.7203028555016,-1.60977665987222,3.75385181303343
"EIF4E3",20.4672425980337,-24.2931735619799,-1.91296548197312,31.7658039608514
"KPNA6",8.80503935502318,-5.36530210422032,1.71986862540143,10.3109255022553
"LMNB2",47.5017728112408,58.9154012069043,53.2085870090726,75.6798712973353
"PGM2L1",-12.7007120301631,-21.5262821020511,-17.1134970661071,24.9937773697818
"PARP1",1.63455005203047,-9.91471236065455,-4.14008115431204,10.0485459180475
"TSG101",13.5594027534467,-1.99554920257796,5.78192677543436,13.7054594833624
"GLS",-24.1505667303826,12.6413234555188,-5.75462163743191,27.2589972688966
"SMTN",-14.6536163881473,5.114070646596,-4.76977287077563,15.5203798867603
"AP2A2",-0.201263714122078,-8.89251162723535,-4.54688767067872,8.89478893078066
"RO60",-0.808205246278085,-14.1406979283075,-7.47445158729278,14.1637754013452
"LSM3",53.8555892720743,16.9656633151535,35.4106262936139,56.4646635300832
"SERPINA5",-11.4992029498142,6.44235671423302,-2.52842311779058,13.1808811736711
"CSNK2A1",14.847545236444,-8.73732044265036,3.0551123968968,17.2276048267252
"HNRNPUL1",12.6004374699599,22.0289024756735,17.3146699728167,25.3780134903641
"STAT5B",-9.31979667463221,-2.27128436962387,-5.79554052212804,9.5925670570595
"CA14",-4.51898694722593,28.5703203481458,12.0256667004599,28.9254982295011
"UBE3A",0.854833007419582,17.4048111087052,9.1298220580624,17.4257909203652
"MME",8.63347440732317,-4.76594905657073,1.93376267537622,9.86159980691427
"LANCL2",8.15733609805048,-35.7251615382333,-13.7839127200914,36.6446353392884
"ATPAF1",14.8271182028757,-20.6365941134774,-2.90473795530082,25.4108726888011
"MICU2",43.778539909852,20.8963086101263,32.3374242599891,48.5099605253204
"ETFRF1",5.15519570423843,27.7253715557095,16.440283629974,28.2005721688611
"ETHE1",19.1805666845379,-15.3442958016686,1.91813544143466,24.5630118672183
"MLIP",-2.39231295178669,92.9011772042248,45.2544321262191,92.931974514642
"CTTN",-1.62205969716219,-10.5250586013788,-6.0735591492705,10.6493162326797
"EDF1",-16.5838639060305,-6.29310293530308,-11.4384834206668,17.7377475066047
"MYL9",-14.5424341187507,-5.77525314379413,-10.1588436312724,15.6472342275914
"IPO9",-13.9204934920245,6.24415100426981,-3.83817124387734,15.2567873690899
"COPZ1",32.4357890810373,34.4807809899109,33.4582850354741,47.3392508494139
"C9orf64",17.7353256235733,-0.92795815902813,8.40368373227259,17.7595856178877
"RHOC",50.2942696190899,-33.5414629302605,8.3764033444147,60.4528187268364
"EIF3D",13.7296216950162,-3.10271308611802,5.31345430444911,14.0758424395497
"GALK1",-3.72915790165542,0.976793549821494,-1.37618217591696,3.85496359184518
"TSNAX",13.7055009745913,-19.9269082836234,-3.11070365451604,24.1851696439876
"PCOLCE",40.7188236017135,-47.2315942940217,-3.2563853461541,62.360613331353
"BCO2",39.8070581446264,14.3608939448104,27.0839760447184,42.3182839092484
"ILF3",29.8708128031743,-2.84686804010118,13.5119723815365,30.00616795194
"G3BP2",3.28871830740602,-57.4284023806847,-27.0698420366394,57.522491845393
"STAT3",-8.97400866163473,-12.8349440003074,-10.9044763309711,15.6610542094114
"ACSS2",3.48841168718316,5.092353754729,4.29038272095608,6.17260746059383
"FITM1",15.2601161015615,-14.0819484147942,0.589083843383652,20.7646915361164
"SRP54",4.47792905906817,8.29068195402734,6.38430550654776,9.4226989722097
"LHPP",-20.3963645013383,-37.8700524358508,-29.1332084685946,43.013399730381
"ARRB1",3.56549418435506,-7.45433639571818,-1.94442110568156,8.26316403559789
"ARL8A",29.2721113818992,-7.70603653731622,10.7830374222915,30.2694483575232
"CHCHD7",-7.00642851396199,-34.838417806928,-20.922423160445,35.5359732638821
"TOM1L2",1.52422470883584,-53.4559480404128,-25.9658616657885,53.477674237595
"LAMB3",-13.9539556990061,-28.2340192141897,-21.0939874565979,31.4940108693233
"LAMTOR1",4.39785903245197,-8.06361204844838,-1.8328765079982,9.18493349661288
"UROD",12.6478813397955,-8.48603337789743,2.08092398094904,15.2309443199145
"MAP2K4",20.5326671150052,-33.2046400506383,-6.33598646781657,39.0402169531378
"HNRNPA0",10.2858993976355,-19.6575151999038,-4.68580790113416,22.1859782351991
"UQCC2",0.132678541351865,0.794238712363613,0.463458626857739,0.805244514139817
"TECR",-0.0790411974451466,-0.184632642130182,-0.131836919787665,0.200840044397363
"RCSD1",5.31253823320495,-20.2396486585345,-7.46355521266478,20.9252584285161
"QKI",7.89894780063984,21.5943700682854,14.7466589344626,22.9936990282837
"GNA13",17.5645654992233,-21.2422102463904,-1.83882237358356,27.5634805009883
"STIM1",4.41640648405045,30.0290412049351,17.2227238444928,30.3520668475815
"CLINT1",23.9926823527265,2.91032543897492,13.4515038958507,24.1685498249187
"PDP1",-10.4428772572327,3.73232742159671,-3.355274917818,11.0898130458377
"TARDBP",10.0555772202541,-20.5979353813934,-5.27117908056964,22.921378126294
"RAB18",-9.38516334152859,7.38896582129424,-0.998098760117175,11.9447941319818
"HARS1",-0.822093244493733,-15.8472092062982,-8.33465122539595,15.8685184226765
"PGPEP1",4.3390579053971,-13.3817071212098,-4.52132460790635,14.0676049483992
"MBNL1",-8.16529694062023,-19.5250620151222,-13.8451794778712,21.1636509332126
"PALMD",-4.22610000868438,-23.5965634159185,-13.9113317123014,23.9720196546905
"VPS36",7.73263248704806,13.8880544250152,10.8103434560316,15.8956491182945
"PCCB",-2.4362924283679,4.4928258803257,1.0282667259789,5.11087127478742
"SSR4",28.8839676638559,-17.5068873937346,5.68854013506066,33.7753563152719
"TIMM9",16.5979542025646,23.8210890804476,20.2095216415061,29.0333664718553
"SFXN1",-3.30365362711671,2.39752348950465,-0.453065068806032,4.08194147075726
"TKFC",8.26779064231368,10.2103233433386,9.23905699282616,13.1380007946664
"OSBP",-10.3113402457922,-19.2377274102837,-14.7745338280379,21.8269075587192
"HLA-DRB5",5.62367452279329,-51.4383955085644,-22.9073604928856,51.7448958606916
"AGK",37.6955592759927,33.087536281139,35.3915477785659,50.157155484393
"PCYT1A",-6.27235969206736,35.7945635814734,14.761101944703,36.3399680530241
"MRPS23",11.257992024924,-12.5052162158828,-0.623612095479391,16.8262538028889
"PLP2",-21.2035075681954,2.16297548940775,-9.52026603939384,21.3135448990143
"SIRT2",15.4863605213358,29.0772354111315,22.2817979662337,32.9440887163562
"ESYT2",6.41051479145192,-14.4803448008211,-4.03491500468459,15.8358796863986
"COPA",14.9604755846752,-21.8264470811945,-3.43298574825964,26.4614742958106
"MLYCD",42.3947575000577,-5.87937450595579,18.2576914970509,42.8004965867217
"UAP1",13.5302971594803,34.9467468946051,24.2385220270427,37.4745788467253
"LRPAP1",-10.8153044383645,14.3396220269316,1.76215879428354,17.9609456869555
"FKBP4",12.9366811833074,-10.3391183497632,1.29878141677212,16.5606487882858
"SYNPO",42.5250420712458,15.4768144716369,29.0009282714413,45.2538505472263
"EPM2A",-35.1413807396967,0.218593884426597,-17.461393427635,35.1420606051869
"DCAF6",-4.57180891576555,7.3387229838046,1.38345703401952,8.64628774650111
"DYNC1LI1",13.8768270903738,-5.19875493784155,4.33903607626613,14.8186835785054
"PIP4K2A",-8.56697190148314,-12.7604280431278,-10.6636999723055,15.3695000375628
"UBE3C",9.30858166001114,3.55788434167964,6.43323300084539,9.96535165008565
"LNPEP",-4.00239298491836,-19.7056761731544,-11.8540345790364,20.1080288205221
"CTNNA1",-18.0021273947182,-2.37792523040517,-10.1900263125617,18.1584999142842
"NUDT2",-23.8734627568934,2.19707257331564,-10.8381950917889,23.9743477887761
"BCS1L",-30.9426293422257,-49.7168298994224,-40.329729620824,58.5594525747848
"LSM2",7.1779177092014,-30.8515733719862,-11.8368278313924,31.6755754828088
"FYCO1",18.1668374202594,14.9045244029659,16.5356809116126,23.4984856859488
"TNPO1",2.02344988332359,-32.177151347277,-15.0768507319767,32.2407105730611
"EIF4B",42.2924216307472,17.7613619446846,30.0268917877159,45.8706322773405
"MAPKAPK2",-8.6046638246144,-29.6096287381271,-19.1071462813707,30.8345642671394
"RIC8A",9.11249417854259,3.34608282075081,6.2292884996467,9.70741059177453
"MYPN",24.082295292902,-1.73536807369591,11.173463609603,24.1447395704682
"RPL36AL",17.109992477459,15.853398281487,16.481695379473,23.3255670809984
"PYCARD",-17.1716997629714,0.50014161854517,-8.33577907221312,17.178981762265
"SDCBP",4.9949334991008,-4.00448488761095,0.495224305744927,6.4019731236193
"MFN2",-15.7384747062069,-14.3763904615703,-15.0574325838886,21.3161954574789
"EIF4G2",5.77980720187777,32.2287413672045,19.0042742845411,32.7429067342079
"BASP1",48.315804461442,-27.6732635320619,10.3212704646901,55.6796773991305
"NGLY1",14.381172855679,30.4134484877802,22.3973106717296,33.6421756374908
"NUDC",-1.17176501071893,12.5809218544322,5.70457842185663,12.6353720937563
"CYTH1",-20.1950377430569,1.6855342493008,-9.25475174687802,20.265255368464
"PRKRA",31.3673212346368,-5.76219576515275,12.802562734742,31.8921893490059
"LCMT1",23.959234656835,-24.2084951252169,-0.124630234190958,34.0601844030377
"LYZ",17.9717979120235,-12.6318244233245,2.66998674434952,21.9669867859093
"MRC2",-5.50299761053483,10.4638844847178,2.48044343709151,11.8226841796214
"JAGN1",15.8222846532496,30.6526473276467,23.2374659904481,34.4953544675445
"HYOU1",37.2059546186403,-23.4489360493544,6.87850928464295,43.9788092259333
"MTX1",-1.64026430273474,-4.42498055029991,-3.03262242651732,4.71920754506076
"U2AF2",-15.1043812553624,-61.9454057581561,-38.5248935067592,63.7602982086027
"ACOT1",14.5006680814846,75.1792635528968,44.8399658171907,76.5649465693361
"SEC13",-0.489611138199319,-8.34227972258814,-4.41594543039373,8.35663509054656
"CLASP2",4.60401385296328,9.05602545101867,6.83001965199097,10.1591604243547
"ATP2B4",15.0304574723725,-24.3844645153271,-4.67700352147731,28.644663753098
"HLA-B",5.13338222221122,-21.5890374321198,-8.22782760495428,22.1909474850621
"SNX1",23.154392162811,-27.5606860738489,-2.20314695551897,35.9960733037715
"PCYT2",1.95757447383338,-36.0075496782474,-17.024987602207,36.0607228387349
"LSS",-0.315775457413267,-26.7808741512717,-13.5483248043425,26.7827357535738
"GAA",-3.73751683378465,-19.2719155302458,-11.5047161820152,19.6309897938885
"PFDN4",-22.5859297418453,-8.47201181802651,-15.5289707799359,24.1225870616804
"FUBP1",-17.5971639167347,-16.9612872898785,-17.2792256033066,24.4406514733594
"SAE1",-11.0289684950225,0.539599330967377,-5.24468458202757,11.0421607261523
"ACSL4",-3.37897974000629,-53.1428880291718,-28.260933884589,53.2502023673569
"TMED7",29.2865449875307,-21.0695447900194,4.10850009875564,36.0780741582099
"CBX3",30.6065448099353,-20.0351389603319,5.28570292480168,36.5809701670471
"TRAPPC3",-0.704228633284805,1.81618840917085,0.555979887943022,1.9479420693503
"RANGAP1",-2.85237483222329,-17.0492014963545,-9.95078816428889,17.2861596037638
"HTRA2",9.18221045394727,-8.78446751547071,0.198871469238279,12.7074725398459
"ARPC1A",-19.1930635231395,-8.08275410604399,-13.6379088145917,20.8255756545177
"SCO1",-37.8718565809959,1.8943352672546,-17.9887606568707,37.9192039341056
"APIP",12.6160509821131,3.68323347728566,8.1496422296994,13.1427147588113
"RUVBL1",-18.6748958942117,-2.31057929756671,-10.4927375958892,18.8172929336286
"RPS23",41.2060062468269,-25.9830447804582,7.61148073318435,48.7139976482821
"OSTF1",24.9458382530993,-1.7974550412886,11.5741916059053,25.0105116056278
"NOMO2",-17.3999632561795,-23.8973527220722,-20.6486579891258,29.5608218498662
"GRSF1",34.8483357147505,-19.6901716555425,7.579082029604,40.0263583393829
"SLC37A4",29.6845821865559,0.544442158626225,15.1145121725911,29.6895745482229
"HSPA1L",-2.70887385167752,-29.7869558979834,-16.2479148748305,29.9098769508119
"THOP1",6.69307584689308,-10.857263559975,-2.08209385654094,12.7545065095841
"MXRA7",-5.95082768601416,-26.0663102678895,-16.0085689769518,26.7369572152576
"CLPP",0.065384608313046,-32.8006591808269,-16.3676372862569,32.8007243493763
"SNRPD2",3.41474209257782,-18.9208122306302,-7.75303506902619,19.2264817120967
"UFL1",0.505244179911223,16.6570479280635,8.58114605398735,16.6647087391031
"TOMM5",-39.1086385010058,-6.20005674275384,-22.6543476218798,39.5970492463229
"MOB2",4.71444316729844,7.49579345423989,6.10511831076917,8.85510552654866
"MAVS",1.4353298210778,-2.59926651607957,-0.581968347500883,2.96923527476144
"PLTP",-9.62002103679533,6.77651579469008,-1.42175262105262,11.7671564561736
"TIMM10",50.8080497259699,36.5807542069905,43.6944019664802,62.6067847386278
"FGGY",-14.1975100940651,-16.3293886988399,-15.2634493964525,21.6383508648159
"TRIM25",17.2605652971312,-19.3330048308497,-1.03621976685926,25.9170251025496
"ROMO1",-16.612118448089,24.8373651233047,4.11262333760787,29.8807159486129
"CARS1",-1.02421353716504,-1.6809589241693,-1.35258623066717,1.96840957995447
"RAP1A",15.4952389632039,1.93470041180348,8.7149696875037,15.6155530228752
"TPPP",-8.6025767968175,-5.50187074275289,-7.05222376978519,10.2115086649869
"LSM8",-1.54585267285855,3.73724023582514,1.09569378148329,4.04433246240393
"DHRS4",10.3378718411341,3.96725934351603,7.15256559232508,11.0729734444922
"TSTD1",47.3641332578697,-7.5127460944261,19.9256935817218,47.9562558291257
"COPG1",22.1157314723378,-1.99674303128163,10.0594942205281,22.205687588758
"PAK1",31.9868929556099,26.324261450642,29.1555772031259,41.4261760469803
"TMOD3",-19.3271671275917,33.7766420933398,7.22473748287405,38.9153047049542
"RABGGTA",4.27026386072297,-11.8177212027625,-3.77372867101977,12.5655755087628
"DUSP28",4.80854297275449,53.4731946455621,29.1408688091583,53.6889619113929
"MARCKS",34.4054334811064,0.430727286042504,17.4180803835745,34.4081295483753
"NMT1",-15.5449382812463,19.6545698006616,2.05481575970768,25.0588750788386
"PPID",3.08990445676779,49.183899770796,26.1369021137819,49.2808634889413
"CNPY2",9.29159714620081,7.79124040569361,8.54141877594721,12.1258898472071
"HDGFL2",-14.5891509645934,10.1065259685521,-2.24131249802063,17.7478222050119
"NUBPL",8.22388096655421,13.5382225262108,10.8810517463825,15.8403184097181
"LGMN",20.3544185346708,3.51111007702638,11.9327643058486,20.6550296019528
"RPA2",11.6594984828918,-5.53856086387891,3.06046880950644,12.9081199760247
"IGFBP5",-19.9775743338657,-5.47325324278021,-12.725413788323,20.7137629928687
"SNRNP70",-7.26017402894242,-39.898365770444,-23.5792698996932,40.5535413753555
"PDPR",-6.7692364348273,-13.0178992973011,-9.89356786606418,14.6727047276658
"UBE2O",11.0497904174251,16.8423660224359,13.9460782199305,20.1435637736405
"PELO",23.1421108544483,8.04792132492272,15.5950160896855,24.5015577556146
"S100A16",42.8804348033467,-32.4294372500857,5.2254987766305,53.762441251131
"LUC7L2",8.78554423370724,-21.7092150783235,-6.46183542230811,23.4195603459871
"LYRM7",-5.42339696192966,-3.13675134155582,-4.28007415174274,6.26517705938309
"HDDC2",40.0632951943947,43.7692481030249,41.9162716487098,59.3364533936547
"WBP2",26.2526787151007,16.9134614539652,21.5830700845329,31.2292862242009
"MAGT1",-12.0987859565834,-8.94160484881926,-10.5201954027013,15.0443650213509
"MCCC2",16.2110870626245,2.74589138430343,9.47848922346397,16.4419969360897
"CBFB",5.29495047253285,-5.00259170707024,0.146179382731303,7.28439594573386
"EPS15L1",7.89337913855813,19.7052212641276,13.7993002013429,21.227368637993
"SNF8",20.0396357918819,-7.04860140567903,6.49551719310143,21.2431114587156
"ABHD5",58.4508821497527,19.3849475325671,38.9179148411599,61.5815054616615
"MTARC2",-15.6627012006991,-2.72547188290969,-9.19408654180442,15.8980629602135
"COL18A1",-1.74977636891602,-38.8888444239859,-20.319310396451,38.9281895029065
"JPT1",81.2290343026062,-32.1134226933241,24.5578058046411,87.3465965611373
"CD34",-27.7691633195047,-15.1934514602403,-21.4813073898725,31.6538686220185
"ISYNA1",14.4392156018238,-17.1278505718768,-1.34431748502652,22.4021028568412
"EIF4EBP1",8.77022084027204,-7.48191571444901,0.644152562911515,11.5280456429206
"ACACB",49.7965006689884,-28.2537623394731,10.7713691647576,57.2535288450589
"RPL18A",8.14745031680759,38.7630878457035,23.4552690812555,39.6100735419486
"SND1",-0.547650052694742,-10.5108992150171,-5.5292746338559,10.5251566681196
"DNAJB4",-19.7347340581833,13.3424510269417,-3.19614151562083,23.8218539948837
"HLA-DRB1",-13.4177193827593,-37.882327025247,-25.6500232040032,40.1883800902977
"HLA-C",-5.11261183354787,-28.0039275334417,-16.5582696834948,28.4668009628547
"TUBB2B",15.6708134050863,-79.4875332284921,-31.9083599117029,81.0175433565328
"APPL1",5.06087681562695,-0.538840735073663,2.26101804027665,5.0894816514774
"SYNE2",-21.4619495377716,-26.9748426390148,-24.2183960883932,34.4711098365206
"BTD",-25.7642383531162,-38.3197230445309,-32.0419806988235,46.1757203747352
"RPL10",-8.81224903921704,-9.95517559434079,-9.38371231677892,13.2951590529538
"SMYD5",-4.45838581785783,76.2447422345214,35.8931782083318,76.3749823077523
"ABHD11",-0.910001830599114,-33.2725406415127,-17.0912712360559,33.2849825608007
"OSTC",32.2452247131187,-13.6306985262325,9.30726309344313,35.0078628184092
"MAPRE3",-5.89581496973661,-1.94380714546352,-3.91981105760007,6.20798037820074
"SLC27A1",5.00349829588387,-3.83869378843529,0.582402253724288,6.30639082187938
"SPG7",-18.2669314890579,16.3203786174965,-0.973276435780678,24.4956229609368
"LMOD3",44.2797408163167,0.888828754345874,22.5842847853313,44.2886606629139
"UGGT1",2.280945958371,-1.03482624745179,0.623059855459605,2.50471152578977
"EIF3I",1.64510637277924,-15.2814981948926,-6.81819591105666,15.3697938196406
"UBE2B",31.0195664703636,44.7761426102276,37.8978545402956,54.4712442584227
"HUWE1",-7.49267671792639,-9.83833236378361,-8.665504540855,12.3666077846606
"MYO18A",3.69078907392485,11.2620925971313,7.47644083552806,11.8514409948564
"TSFM",15.3202734643703,-21.0594437495304,-2.86958514258004,26.0424835617251
"RPA1",21.3913719588354,-41.3269629208947,-9.96779548102964,46.5350261474757
"PALLD",20.3808631311216,-8.35911019267866,6.01087646922148,22.0284884906536
"PGM3",4.27259885756489,-10.4654572452556,-3.09642919384535,11.304021246881
"CD58",-23.4573653151214,-21.8213738595463,-22.6393695873338,32.0377955646944
"EML2",7.87218556508994,1.39378144639395,4.63298350574195,7.99461895849467
"ABCE1",2.61206397346884,-22.30690175362,-9.84741889007558,22.4593130804829
"MAP2K2",-8.2778074346304,-22.0304996774161,-15.1541535560232,23.5343368710795
"AKT2",8.17516769610807,7.07106460875235,7.62311615243021,10.808946366813
"AHCYL2",-10.8946286799176,13.7992008322741,1.45228607617827,17.5815493538742
"HSDL1",16.2766934041155,57.8170710914524,37.0468822477839,60.0645024766345
"ATXN10",22.918178977722,-4.02667186713782,9.44575355529208,23.2692289081632
"CLCC1",13.3343377432543,-19.0659351476853,-2.86579870221553,23.2661652643257
"STAT1",0.397995284462084,-4.75949937020255,-2.18075204287024,4.77611081335144
"ANP32E",-21.7430120481229,-41.7295960846764,-31.7363040663996,47.0544127825973
"ATP6V1H",-14.6097219952947,37.9710770347952,11.6806775197503,40.6847227834005
"KTN1",-4.37154318703041,-11.37833904337,-7.87494111520021,12.1892161036693
"BCAP29",-12.4827913880676,0.427815181486771,-6.0274881032904,12.4901203624114
"ARPC5L",-9.19107795488758,10.0314436998037,0.420182872458064,13.6053583809892
"ATAD1",6.69490457227211,-19.5328166816413,-6.41895605468462,20.6483092467746
"GAPVD1",-29.9644338156193,-28.578208398049,-29.2713211068342,41.4075028120865
"PNPT1",5.5800963388351,-13.411773518871,-3.91583859001796,14.5262914769108
"MTDH",23.9261214543781,-5.08149164526298,9.42231490455755,24.4597801541741
"ILF2",10.4449060222149,-5.97581770537762,2.23454415841864,12.0335555452578
"AKT1",7.09453903785841,10.3060094554303,8.70027424664435,12.5118469881595
"ATG3",-13.3800109289598,11.969856077113,-0.705077425923399,17.9527754669267
"NTPCR",8.62041799255311,-21.7400475013073,-6.55981475437708,23.3867755735037
"SEC31A",17.171840346187,19.3709000751638,18.2713702106754,25.8863645689563
"CHDH",-20.1452770717431,10.6734099804921,-4.73593354562553,22.7981110820385
"MMAB",11.0975218573256,-7.14395553802535,1.97678315965013,13.1981472981287
"NAA10",-9.39080158126757,21.088088396772,5.84864340775221,23.0845105334466
"USP24",14.4358116979139,-0.35896015243816,7.03842577273786,14.44027395061
"GNAI3",14.5847759619408,17.1490176347068,15.8668967983238,22.5123187543063
"PPP2R5D",7.88604998547681,-22.809019214662,-7.46148461459257,24.1338173919556
"MRPL40",29.3579132033564,15.5924254465756,22.475169324966,33.2417027085381
"IFITM1",11.6056104482098,-9.26408775658295,1.17076134581343,14.8496974998573
"SLC25A24",-12.5468553426242,-15.036101757266,-13.7914785499451,19.5833586252102
"MRPS22",26.4238593568512,-29.8293779140482,-1.70275927859852,39.8498698874884
"ARL1",44.1784638792867,28.2182234897762,36.1983436845314,52.4214155441495
"SYNC",18.4801324046456,-26.3873623752368,-3.95361498529561,32.2150304487718
"RPA3",10.6660282617873,1.67437303005206,6.17020064591969,10.7966515144748
"PHYKPL",19.3028040149618,-13.5823468775419,2.86022856870995,23.6025081197295
"TARS1",-12.8916610001197,27.203008202875,7.15567360137768,30.1031323723577
"TUBA1C",-23.5748923249771,-17.8440048570107,-20.7094485909939,29.5666037527357
"ZBTB9",27.1176782933595,-61.2063793617368,-17.0443505341887,66.9446738030367
"TACC2",18.0973137873359,9.75820798923939,13.9277608882877,20.5605298929418
"SPEG",-9.94258947569307,1.9173352399854,-4.01262711785384,10.1257720646207
"MYBPH",-53.6687633022187,80.055148915092,13.1931928064366,96.3803041197066
"UBA2",-13.2304218695106,-14.6582955997642,-13.9443587346374,19.7461310827031
"SORD",25.9113519840171,13.8596412045995,19.8854965943083,29.3851631943718
"CSNK2B",15.8269261577884,-4.8254239852166,5.5007510862859,16.5461871209409
"NDUFAF3",-9.39966682104743,-12.8356746243769,-11.1176707227121,15.909377090558
"MINDY3",42.8807319075447,-32.5342160609664,5.17325792328916,53.825945264606
"ELAVL1",-1.40966360422646,-6.36142080296359,-3.88554220359503,6.51573680480256
"LARS1",-1.75406361398123,-21.0226640394396,-11.3883638267104,21.0957138413716
"GSK3B",4.50254860677206,-9.88408881172201,-2.69077010247498,10.8613146347186
"GNPDA2",-5.82053317400909,-38.642638454035,-22.231585814022,39.0785377556403
"TBC1D4",2.56848748042402,18.7531641964516,10.6608258384378,18.9282406820119
"SLC35A4",25.4848423856489,-14.7121339238421,5.38635423090338,29.4265879098212
"CHCHD4",9.62612927795251,-22.4563624125975,-6.41511656732251,24.4325720643934
"MOCS2",-28.1483443148507,18.212694692861,-4.96782481099485,33.526579539863
"GPLD1",-47.1835117887543,21.6949364282347,-12.7442876802598,51.9322063015299
"GMFB",-17.0151521835273,-2.09184445360756,-9.55349831856743,17.1432557306564
"TOMM7",-4.65869694675135,-0.387350364163822,-2.52302365545759,4.67477245930625
"SNRPB",-1.0328212384269,-16.3592258809881,-8.69602355970752,16.3917964584648
"CHP1",9.99081684660139,-4.58764684032733,2.70158500313703,10.9937675431992
"USP7",0.038497636597846,-15.4566779006438,-7.70909013202297,15.4567258432138
"DCTPP1",-8.06159611377546,-16.997942663017,-12.5297693883962,18.81274532536
"RBBP7",-13.3100289335267,-4.3950650764557,-8.85254700499118,14.0168993446339
"GUK1",9.39490191824773,-19.8079133315233,-5.20650570663778,21.9229927838932
"MRPS27",-1.35729171247622,12.8383285320866,5.7405184098052,12.9098768503246
"MEMO1",1.70309214830228,-38.2987883940324,-18.2978481228651,38.3366367241113
"DNAJA3",5.56589827599051,23.0527162282894,14.3093072521399,23.7151206853499
"DYNLT1",18.9524433675944,40.071487234501,29.5119653010477,44.3274091143014
"DERA",12.7201617100669,8.05866506675253,10.3894133884097,15.0580409279677
"GBP2",26.5509080455335,35.7031748886895,31.1270414671115,44.4934536215691
"SPAG7",4.39105401248501,-15.5740583812503,-5.59150218438267,16.1812437656428
"BCAM",1.47578349607167,-4.59664518083664,-1.56043084238248,4.82774107070649
"UCHL5",-19.0742547365355,-22.2541178971085,-20.664186316822,29.3099463857007
"SNU13",4.13532610968346,-25.0297033984121,-10.4471886443643,25.3690160283349
"PPIC",-7.70874642966123,51.0776822322757,21.6844679013073,51.6561167117521
"DRG1",19.1039022109252,21.8244256052887,20.4641639081069,29.0045622736385
"CLUH",21.0404365123291,-0.896326333671023,10.0720550893291,21.0595196888672
"NUDT16",13.9035204325836,-1.30523822632214,6.29914110313075,13.9646527793112
"PMPCB",11.5750044645527,14.4886899582324,13.0318472113925,18.5446182236302
"SNX9",15.8077839407998,-40.1004420076456,-12.1463290334229,43.1037293320143
"PBDC1",0.355757747445217,28.0197523624597,14.1877550549525,28.0220107420655
"THTPA",-10.129107969179,-23.4708890737015,-16.7999985214403,25.5632834777007
"HGS",18.2276213667064,-1.23471524697239,8.49645305986701,18.2693925030122
"BPHL",23.2125408010618,-31.3876691537674,-4.08756417635284,39.0385428179296
"CYFIP1",25.3178570719312,-21.1170578907093,2.10039959061097,32.968530763052
"ERO1A",30.437238134795,3.80086887506241,17.1190535049287,30.6736380215918
"UBE2F",47.7749608244063,-12.0531294442509,17.8609156900777,49.2719475074146
"DARS2",-35.6676449125236,-17.9214122722291,-26.7945285923763,39.9168875469653
"FXR1",34.7709369760242,5.6981459495909,20.2345414628075,35.2347403205059
"GSK3A",-0.813590842946542,-17.7525005533704,-9.28304569815848,17.7711340650264
"PTER",-1.31832404706649,-4.26735526684122,-2.79283965695386,4.46635189685176
"TIMM21",4.68264897708236,-5.45616336348604,-0.38675719320184,7.19005702978897
"CHMP5",-15.6432681260277,7.53846126282189,-4.05240343160291,17.364913932233
"RWDD1",16.6800828151745,-34.8047417598953,-9.06232947236042,38.5952744736202
"BUB3",-5.7018376557852,-1.90251627978416,-3.80217696778468,6.0108668965278
"NT5C2",11.9968899646647,-11.2783956607449,0.359247151959929,16.4659520679668
"PACSIN2",4.93126784178659,-0.617693497908494,2.15678717193905,4.96980359619945
"GPHN",1.32698461143358,1.73897098326166,1.53297779734762,2.18744331117575
"CCDC124",-15.793983980125,-5.34850472891348,-10.5712443545192,16.6750242218611
"GHITM",7.52354253613239,-25.7322312253159,-9.10434434459177,26.8095396477843
"AKAP1",6.00037444381071,2.27885943482892,4.13961693931982,6.41854296469576
"NUBP1",9.78341662381137,-12.498822598333,-1.35770298726079,15.8724858538185
"GPT2",31.3609737211992,57.910098218644,44.6355359699216,65.8565877375585
"NLRX1",5.7494898706589,-15.6741581355216,-4.96233413243137,16.6953846026424
"RGN",-12.3201797744952,-35.8476946161498,-24.0839371953225,37.9057256752672
"CLIP2",9.03247536207725,5.72899109675943,7.38073322941834,10.6961184620067
"PPP1CC",4.94731525615267,-25.2646608587591,-10.1586728013032,25.7444948785536
"NSUN2",-11.6646960658922,-31.0160534267203,-21.3403747463063,33.1369990264479
"TMPO",16.8093839301801,12.0354072425265,14.4223955863533,20.6738098957512
"FNTA",29.7908594403578,21.3420343288883,25.5664468846231,36.6466606321859
"SNX6",20.2901307853302,-35.4007089803676,-7.55528909751869,40.8031812926208
"STK38L",15.6122987028692,-14.585677716272,0.513310493298633,21.365529837347
"AP1M1",-8.29412050174371,-24.8945441437999,-16.5943323227718,26.2398697219527
"ECHDC2",8.18153524890842,16.3405638976159,12.2610495732622,18.2743412335766
"ADH1C",27.0753253783122,10.013677565293,18.5445014718026,28.8677498728794
"VASP",19.9005353639774,-1.75813071884338,9.071202322567,19.9780462357423
"YARS1",-0.19389280688506,6.03235359430878,2.91923039371186,6.03546885563432
"EPS15",-4.31271125481456,-4.65825099995577,-4.48548112738516,6.34813206746623
"GCN1",8.49568539003143,36.8193695686323,22.6575274793319,37.7868051795587
"UBE2R2",1.73030187452004,8.80852403970984,5.26941295711494,8.97686138553524
"UBA5",29.3986199356633,-9.95704376866905,9.72078808349712,31.0390330830838
"SLC16A3",-12.5246910671974,45.4553954153429,16.4653521740728,47.1493463230819
"TIAL1",-3.13474120381227,-9.27342401905022,-6.20408261143124,9.78892207814404
"PLEKHF1",14.737884530959,-26.471311280326,-5.8667133746835,30.2974514002051
"HCCS",-1.1565960954221,12.9450108869844,5.89420739578115,12.9965772952763
"STT3B",-10.3500713096685,5.03999062143788,-2.65504034411532,11.5119712290904
"PPP1R3A",-48.0274812695237,31.0101020919947,-8.50868958876448,57.1687448598479
"PMPCA",49.6942676453171,7.85176566466945,28.7730166549933,50.3107390211801
"PPCS",-8.18457320812287,-17.4737753224414,-12.8291742652821,19.2955969749134
"EIF2A",-3.11867467117955,-8.92010957199835,-6.01939212158895,9.44957599477952
"CCDC93",23.6921193202464,17.5821867188004,20.6371530195234,29.5033863768137
"ANK3",-12.5337296826655,-41.0597053136308,-26.7967174981482,42.9301034263876
"MRPL49",4.27608986831824,-14.5033248291577,-5.11361748041976,15.1205613540635
"BABAM2",19.5165321340246,0.180663209686589,9.84859767185559,19.51736830963
"DDRGK1",3.90452669564061,5.7137617394692,4.8091442175549,6.92043365204755
"VPS28",-11.2781846651286,18.9734203288156,3.8476178318435,22.0723385329842
"GET4",26.1024400787557,6.71765840872112,16.4100492437384,26.9530019211459
"FDXR",15.937716561423,8.79875840419402,12.3682374828085,18.2051904315125
"ATP2B2",0.43758438843139,12.4105111028945,6.42404774566294,12.4182231390834
"SCFD1",11.947597692021,-17.8583653254329,-2.95538381670595,21.4864213564524
"GMPR2",-3.2246881336335,25.8763761341614,11.325844000264,26.0765307392643
"OSBPL1A",-20.8212854765167,-4.5090294804775,-12.6651574784971,21.3039262989342
"API5",-7.58430394867167,-29.656079584102,-18.6201917663869,30.6105328716184
"GMPPB",12.8299948824954,-17.9498363590873,-2.55992073829596,22.0636668303995
"UBAP2L",24.154106228674,-19.5552886795492,2.29940877456238,31.0778082085364
"MRPL46",11.3912991574114,-11.6628560145867,-0.135778428587653,16.3028803255935
"SRSF7",6.83105340986087,9.08081175668862,7.95593258327474,11.3632932219839
"MOB4",11.6115676732563,-6.41398319859738,2.59879223732949,13.2652811618337
"UBE2H",-20.5325900389345,27.3125063718498,3.38995816645765,34.1695808873813
"GORASP2",12.0592784982427,0.222023561720775,6.14065102998171,12.0613221646773
"PTGDS",-34.9408742576897,-62.842101590021,-48.8914879238554,71.902673289261
"DAZAP1",23.393966980028,1.34832931543828,12.3711481477331,23.4327907643436
"NEK9",15.9245018422871,38.8098647397865,27.3671832910368,41.9499148991452
"CYGB",5.92934772260741,-60.1462154609046,-27.1084338691486,60.4377729461067
"STAM",-6.86518562642308,-3.09855813472607,-4.98187188057457,7.53205391639778
"HECTD1",22.7273592496675,-13.2347140459614,4.74632260185304,26.3000097783597
"MTCH1",10.3786119463707,-18.9743470504211,-4.29786755202518,21.6273306703156
"UBXN4",19.9473325119301,-29.4980722056523,-4.77536984686111,35.6094417000797
"ARL2",-8.66416342440352,-19.2715861252463,-13.9678747748249,21.1296417297492
"PDXP",-0.135447697656765,-12.8606416448626,-6.49804467125967,12.8613548896053
"MAN2C1",-8.78020777694218,15.1424575062564,3.18112486465709,17.5038872235585
"PPP2CB",14.2338619262159,-20.3252180530313,-3.04567806340767,24.8136517715117
"NTMT1",-23.8445621975281,-2.8432774901645,-13.3439198438463,24.0134831558827
"PAIP1",5.77650020058075,27.8395059916239,16.8080030961023,28.4324822768778
"FAM98A",13.720280873103,-19.3239698774454,-2.80184450217117,23.6994075677273
"TFRC",7.66994236024348,-17.6456137774867,-4.98783570862161,19.2404704046883
"C20orf27",-26.0033310456788,-12.1551537521068,-19.0792423988928,28.7040239027305
"SARS2",-14.7630860550428,-8.81773424244025,-11.7904101487415,17.1959631029757
"TPD52L1",4.90366015088188,40.5480689888613,22.7258645698716,40.843503542189
"MRPL37",-32.0059305470189,35.2261760616943,1.61012275733769,47.5947798619773
"CHMP6",6.60852091447777,4.97737991592,5.79295041519889,8.27326172101995
"SEC24C",-9.58178336575945,-6.54915340476357,-8.06546838526151,11.6061183342007
"NUDT9",31.5289046960254,-0.534116781809953,15.4973939571077,31.5334284857778
"FITM2",-17.1438697084385,1.81107271146899,-7.66639849848475,17.2392648609546
"PPT1",12.2098089736883,-18.0772883825806,-2.93373970444615,21.8143941112501
"RPL37A",9.70483137239542,-19.1455828943908,-4.72037576099769,21.4647873581972
"PM20D2",-3.58949665080829,-27.844348757005,-15.7169227039067,28.0747616892449
"RTRAF",-14.1597929548281,-7.2271133484986,-10.6934531516634,15.8975125059126
"CRK",28.3086460720735,-27.8024670608975,0.25308950558802,39.678162975448
"EPN1",-19.8005117925373,-20.479700274623,-20.1401060335802,28.4864597762657
"KPNA1",2.48560058860524,-17.2212724229761,-7.36783591718541,17.3997251171514
"DPP7",-28.7928617379606,-25.5674312203023,-27.1801464791315,38.5061349172597
"CARS2",-28.262440655209,8.82506188017581,-9.71868938751658,29.6082297508335
"SMIM4",18.345033347343,1.67376963961291,10.009401493478,18.4212310479408
"SHOC2",3.82984726894581,4.31320032762129,4.07152379828355,5.7681389693422
"PHYHD1",10.3697673516952,-29.262072658288,-9.44615265329641,31.0451440838532
"CRYL1",24.5220155534641,4.22854907053091,14.3752823119975,24.8839280268655
"NUDT19",61.7207120638114,-1.47549808914118,30.1226069873351,61.7383462061867
"MRPL55",-22.8625132343773,-31.0709148668414,-26.9667140506093,38.5758507625507
"DAD1",1.76562066182378,6.53190054233502,4.1487606020794,6.76632404015767
"MANF",9.59542821003325,-15.4911487475519,-2.94786026875931,18.2221824173912
"L3HYPDH",-17.515649401808,2.08794390601833,-7.71385274789482,17.6396565647332
"AP3B1",-32.1072583066586,41.7589350526765,4.82583837300893,52.6752759148365
"STAMBP",0.107807599389306,-16.9141674081823,-8.40317990439649,16.9145109769837
"COMMD6",-18.276008350225,-10.1194053994272,-14.1977068748261,20.8905444365495
"ABRAXAS2",11.5504905185202,-1.82851417239618,4.86098817306202,11.6943274837452
"LPIN1",11.9103119505134,-10.5968835628559,0.656714193828754,15.942066114631
"DCTN4",0.228126197950285,-10.0681679091811,-4.92002085561539,10.0707520379391
"USP47",14.6324509300421,-25.6042730951869,-5.4859110825724,29.490463220387
"NUDT4",-1.06473381148228,-17.4965342292045,-9.28063402034337,17.528900938822
"ESAM",-47.6553807014091,-12.5002973759781,-30.0778390386936,49.2675628003266
"STRN3",3.47567019310113,-59.5490486426873,-28.0366892247931,59.650393775233
"STT3A",46.4624913085592,-14.3812242203075,16.0406335441259,48.6372563851283
"LRRC40",11.0249459131487,38.7355023752194,24.880224144184,40.273919310746
"EMD",-30.5280256022202,-3.13916134934917,-16.8335934757847,30.6889993506967
"SPCS1",27.188293801164,-15.3342325299413,5.92703063561134,31.2144518949271
"TTC38",11.805483247659,59.6045061367305,35.7049946921947,60.7623780518365
"PRKDC",5.01955458184831,11.2947003128214,8.15712744733488,12.3598617854976
"MOGS",0.566368572412493,23.4236765837091,11.9950225780608,23.430522786699
"UFSP2",4.43207888297363,19.1288130160397,11.7804459495067,19.6355496645118
"DNAJB2",2.87722356977003,24.7028508079014,13.7900371888357,24.8698462702904
"CORO1A",17.5908650285187,-23.3556039684266,-2.88236946995395,29.2390623854724
"POLDIP2",33.4473602723851,29.9524623853701,31.6999113288776,44.8985067918493
"ARAF",10.2519935038322,-22.9332798488641,-6.34064317251593,25.1204835827046
"DCTN3",-11.25124846612,26.9778375553994,7.8632945446397,29.230024139776
"MYCBP",1.37258477373907,-1.15365793834673,0.109463417696167,1.79301857207636
"ARIH1",-17.4657204080752,26.948581166178,4.74143037905142,32.1135083141524
"CAPRIN1",29.4051374634582,56.5949926873379,43.000065075398,63.7781726496197
"RNF126",16.662241769667,-0.707105946509362,7.97756791157883,16.6772389684391
"UROS",7.63042694231272,5.46821142637722,6.54931918434497,9.3874784434125
"CCAR2",-2.93260242414233,-22.370580402828,-12.6515914134851,22.5619818397559
"PPCDC",9.53258368240178,-4.28886351432383,2.62186008403897,10.4529661774298
"G3BP1",3.74271715534323,-17.8453044932889,-7.05129366897283,18.2335631230732
"MRPS18B",20.8174455010607,17.1462728456541,18.9818591733574,26.9696256868212
"SUPV3L1",-15.9327185106229,0.839659674877886,-7.54652941787251,15.9548283446849
"XPO7",-14.4033863308454,1.01479259695619,-6.6942968669446,14.439090754283
"DCPS",4.46402185315115,3.7720612881411,4.11804157064612,5.84430812559568
"SARNP",-2.32364902744018,19.6683323667191,8.67234166963948,19.8051165836118
"JPT2",-0.298534373317018,-20.1327387960815,-10.2156365846992,20.1349520536627
"NCK1",-23.3527922135073,62.3359224787211,19.4915651326069,66.566659338143
"ARF5",0.828984331878548,-4.23641119746596,-1.70371343279371,4.31675744703303
"MRI1",-37.8585885735168,-11.2809806458796,-24.5697846096982,39.503585319709
"EIPR1",-2.35497322327518,14.8991147488043,6.27207076276454,15.0840816485585
"PIP4K2B",-5.55739815350424,33.7622272786588,14.1024145625773,34.2165554235429
"SCN1B",30.1631592967804,29.8360614070179,29.9996103518991,42.4264862915407
"UBFD1",-0.420925340581014,17.4448535593703,8.51196410939465,17.449931055744
"TOMM22",2.32912240964081,36.471472244108,19.4002973268744,36.5457671810544
"COPE",26.6700070697484,-22.4497803129246,2.1101133784119,34.8608937521545
"AGFG1",55.5189352521348,-28.6163039313715,13.4513156603816,62.4599473440649
"MAP1S",25.418479742797,-30.2289413357945,-2.40523079649875,39.4954175407463
"NUBP2",14.6563318676007,-60.4848093999763,-22.9142387661878,62.2352009072415
"LSM6",13.233785134935,5.50315829170501,9.36847171332003,14.3324045498719
"SF1",-19.9727514379137,-4.39123702600565,-12.1819942319597,20.4497863709929
"EIF5B",-9.84206800339798,2.43781240806997,-3.70212779766401,10.139488740585
"RBM8A",19.769462045369,14.5716764736822,17.1705692595256,24.5594255799469
"ATP2B1",15.7754391667471,-22.6307478866018,-3.42765435992736,27.5865045051139
"SRSF11",10.5466727115426,-3.41398143954498,3.56634563599879,11.0854668171419
"TSC22D1",-11.9873210300897,3.3482197987512,-4.31955061566924,12.4461416229762
"ENPP4",30.6553058908654,0.73881505381032,15.6970604723379,30.6642075871245
"SEPHS1",11.2927910862036,10.6320886985434,10.9624398923735,15.5102688761457
"NRP1",-15.5430517857865,-7.44888014299544,-11.495965964391,17.2357846992922
"RPRD1B",7.15527867591041,22.326902589166,14.7410906325382,23.4454386215325
"MYLK3",4.95783127241928,35.4384835176836,20.1981573950514,35.7836024592118
"CD99L2",13.5437494088329,-9.84346780564421,1.85014080159434,16.7429688672593
"PSPC1",20.2652338330434,-65.7398001790475,-22.7372831730021,68.792448930744
"GFPT1",12.1753136475473,-26.0504884384564,-6.93758739545456,28.7552814331264
"MECP2",-25.5220191293587,-19.4035740622766,-22.4627965958176,32.0604452063536
"DNAAF5",-30.1552388430617,-16.4455297618732,-23.3003843024675,34.3481277339938
"TCEA3",-14.4427108709363,-20.2470093198843,-17.3448600954103,24.8703293846491
"RDH11",4.43899074452698,24.6457369793479,14.5423638619374,25.0423040091201
"CTPS1",23.6658821693658,-19.4381743082978,2.11385393053403,30.6254240671713
"PPP6R2",50.8249411374772,7.16174307682892,28.9933421071531,51.3270416596021
"PMVK",5.13918443041128,36.4764871625189,20.8078357964651,36.8367388937618
"RELA",-15.6586805974034,-11.7656644015165,-13.71217249946,19.5863507795763
"RAB24",-10.572125696331,-9.16985807869132,-9.87099188751117,13.9948611612393
"C12orf57",6.45957247045699,31.7484708791474,19.1040216748022,32.3989425701698
"CLIC2",18.4583536867649,8.83763619099291,13.6479949388789,20.4649611353175
"TIGAR",16.8223037791194,-31.3379545266671,-7.25782537377385,35.5676439809053
