replicate,null_frac
1,0.5658153241650294
2,0.5677799607072691
3,0.5697445972495089
4,0.5579567779960707
5,0.5992141453831041
6,0.587426326129666
7,0.550098231827112
8,0.5776031434184676
9,0.5618860510805501
10,0.5579567779960707
11,0.5579567779960707
12,0.5736738703339882
13,0.593320235756385
14,0.5540275049115914
15,0.5540275049115914
16,0.5481335952848723
17,0.5756385068762279
18,0.5893909626719057
19,0.5677799607072691
20,0.5638506876227898
21,0.5363457760314342
22,0.5795677799607073
23,0.5658153241650294
24,0.5756385068762279
25,0.5618860510805501
26,0.5599214145383105
27,0.5834970530451866
28,0.5599214145383105
29,0.5992141453831041
30,0.5402750491159135
31,0.5736738703339882
32,0.5854616895874263
33,0.555992141453831
34,0.5461689587426326
35,0.5893909626719057
36,0.5717092337917485
37,0.5834970530451866
38,0.5736738703339882
39,0.6011787819253438
40,0.5992141453831041
41,0.5540275049115914
42,0.5795677799607073
43,0.5599214145383105
44,0.5697445972495089
45,0.555992141453831
46,0.5834970530451866
47,0.5442043222003929
48,0.587426326129666
49,0.5697445972495089
50,0.5442043222003929
51,0.5854616895874263
52,0.6090373280943026
53,0.581532416502947
54,0.5834970530451866
55,0.5717092337917485
56,0.5579567779960707
57,0.5893909626719057
58,0.6011787819253438
59,0.5854616895874263
60,0.581532416502947
61,0.5717092337917485
62,0.5442043222003929
63,0.5579567779960707
64,0.5952848722986247
65,0.5717092337917485
66,0.5795677799607073
67,0.5913555992141454
68,0.587426326129666
69,0.593320235756385
70,0.5756385068762279
71,0.581532416502947
72,0.5736738703339882
73,0.5756385068762279
74,0.6031434184675835
75,0.5992141453831041
76,0.5422396856581533
77,0.550098231827112
78,0.5913555992141454
79,0.5520628683693517
80,0.5599214145383105
81,0.587426326129666
82,0.5540275049115914
83,0.5893909626719057
84,0.5658153241650294
85,0.5461689587426326
86,0.5795677799607073
87,0.5834970530451866
88,0.6051080550098232
89,0.5599214145383105
90,0.5697445972495089
91,0.5834970530451866
92,0.518664047151277
93,0.5834970530451866
94,0.5658153241650294
95,0.550098231827112
96,0.5638506876227898
97,0.5618860510805501
98,0.5834970530451866
99,0.5442043222003929
100,0.5854616895874263
101,0.5638506876227898
102,0.5717092337917485
103,0.5795677799607073
104,0.5795677799607073
105,0.593320235756385
106,0.5893909626719057
107,0.5658153241650294
108,0.5363457760314342
109,0.550098231827112
110,0.5579567779960707
111,0.6129666011787819
112,0.5776031434184676
113,0.5756385068762279
114,0.5756385068762279
115,0.5638506876227898
116,0.5461689587426326
117,0.5540275049115914
118,0.5324165029469549
119,0.593320235756385
120,0.587426326129666
121,0.593320235756385
122,0.5520628683693517
123,0.587426326129666
124,0.6070726915520629
125,0.6031434184675835
126,0.5834970530451866
127,0.5422396856581533
128,0.5736738703339882
129,0.550098231827112
130,0.581532416502947
131,0.587426326129666
132,0.5854616895874263
133,0.5579567779960707
134,0.587426326129666
135,0.5893909626719057
136,0.5913555992141454
137,0.5756385068762279
138,0.5736738703339882
139,0.581532416502947
140,0.5795677799607073
141,0.5520628683693517
142,0.5697445972495089
143,0.581532416502947
144,0.5776031434184676
145,0.5638506876227898
146,0.5540275049115914
147,0.5540275049115914
148,0.593320235756385
149,0.6129666011787819
150,0.5579567779960707
151,0.5776031434184676
152,0.5893909626719057
153,0.5638506876227898
154,0.5520628683693517
155,0.5540275049115914
156,0.5225933202357563
157,0.550098231827112
158,0.5442043222003929
159,0.5795677799607073
160,0.5618860510805501
161,0.5756385068762279
162,0.6011787819253438
163,0.581532416502947
164,0.550098231827112
165,0.5697445972495089
166,0.5599214145383105
167,0.5913555992141454
168,0.5717092337917485
169,0.5677799607072691
170,0.5776031434184676
171,0.5677799607072691
172,0.5638506876227898
173,0.5756385068762279
174,0.5599214145383105
175,0.5717092337917485
176,0.5442043222003929
177,0.5461689587426326
178,0.5736738703339882
179,0.5481335952848723
180,0.5952848722986247
181,0.5736738703339882
182,0.5599214145383105
183,0.5579567779960707
184,0.5677799607072691
185,0.6031434184675835
186,0.5736738703339882
187,0.5461689587426326
188,0.555992141453831
189,0.5834970530451866
190,0.5638506876227898
191,0.587426326129666
192,0.5717092337917485
193,0.5952848722986247
194,0.5481335952848723
195,0.593320235756385
196,0.5599214145383105
197,0.5520628683693517
198,0.5481335952848723
199,0.5756385068762279
200,0.5834970530451866
201,0.555992141453831
202,0.5697445972495089
203,0.581532416502947
204,0.5677799607072691
205,0.5677799607072691
206,0.5795677799607073
207,0.5893909626719057
208,0.5658153241650294
209,0.6070726915520629
210,0.6031434184675835
211,0.5854616895874263
212,0.5834970530451866
213,0.5736738703339882
214,0.5697445972495089
215,0.5972495088408645
216,0.5717092337917485
217,0.5461689587426326
218,0.550098231827112
219,0.5756385068762279
220,0.5717092337917485
221,0.6011787819253438
222,0.6031434184675835
223,0.5756385068762279
224,0.5913555992141454
225,0.5324165029469549
226,0.550098231827112
227,0.5834970530451866
228,0.5736738703339882
229,0.6208251473477406
230,0.5520628683693517
231,0.5717092337917485
232,0.5422396856581533
233,0.5717092337917485
234,0.5697445972495089
235,0.550098231827112
236,0.618860510805501
237,0.5697445972495089
238,0.5677799607072691
239,0.5736738703339882
240,0.5638506876227898
241,0.593320235756385
242,0.5717092337917485
243,0.5893909626719057
244,0.5756385068762279
245,0.5717092337917485
246,0.5225933202357563
247,0.5776031434184676
248,0.6149312377210217
249,0.5952848722986247
250,0.5697445972495089
251,0.587426326129666
252,0.5402750491159135
253,0.5363457760314342
254,0.5776031434184676
255,0.5952848722986247
256,0.5540275049115914
257,0.5992141453831041
258,0.5422396856581533
259,0.550098231827112
260,0.5913555992141454
261,0.5481335952848723
262,0.5992141453831041
263,0.5952848722986247
264,0.5697445972495089
265,0.581532416502947
266,0.5540275049115914
267,0.5540275049115914
268,0.5422396856581533
269,0.5618860510805501
270,0.5756385068762279
271,0.5854616895874263
272,0.5992141453831041
273,0.550098231827112
274,0.5992141453831041
275,0.587426326129666
276,0.5795677799607073
277,0.5717092337917485
278,0.5992141453831041
279,0.5913555992141454
280,0.5776031434184676
281,0.5854616895874263
282,0.618860510805501
283,0.555992141453831
284,0.5697445972495089
285,0.5795677799607073
286,0.5756385068762279
287,0.5795677799607073
288,0.5677799607072691
289,0.5520628683693517
290,0.550098231827112
291,0.581532416502947
292,0.5776031434184676
293,0.5540275049115914
294,0.5324165029469549
295,0.6090373280943026
296,0.6011787819253438
297,0.5717092337917485
298,0.5422396856581533
299,0.5658153241650294
300,0.5422396856581533
301,0.5756385068762279
302,0.5402750491159135
303,0.5893909626719057
304,0.5717092337917485
305,0.593320235756385
306,0.5540275049115914
307,0.581532416502947
308,0.5677799607072691
309,0.5579567779960707
310,0.5697445972495089
311,0.5717092337917485
312,0.5776031434184676
313,0.581532416502947
314,0.5834970530451866
315,0.5697445972495089
316,0.5952848722986247
317,0.5029469548133595
318,0.5756385068762279
319,0.5776031434184676
320,0.5677799607072691
321,0.5697445972495089
322,0.550098231827112
323,0.5363457760314342
324,0.5383104125736738
325,0.5756385068762279
326,0.5952848722986247
327,0.5756385068762279
328,0.5638506876227898
329,0.5245579567779961
330,0.5402750491159135
331,0.5638506876227898
332,0.5677799607072691
333,0.5795677799607073
334,0.5658153241650294
335,0.5658153241650294
336,0.5579567779960707
337,0.5579567779960707
338,0.5717092337917485
339,0.5697445972495089
340,0.587426326129666
341,0.5776031434184676
342,0.5717092337917485
343,0.5638506876227898
344,0.5658153241650294
345,0.5540275049115914
346,0.5717092337917485
347,0.5677799607072691
348,0.5402750491159135
349,0.5540275049115914
350,0.5756385068762279
351,0.6149312377210217
352,0.5913555992141454
353,0.5756385068762279
354,0.5422396856581533
355,0.5658153241650294
356,0.5461689587426326
357,0.5461689587426326
358,0.550098231827112
359,0.5893909626719057
360,0.5461689587426326
361,0.5677799607072691
362,0.5579567779960707
363,0.5952848722986247
364,0.5442043222003929
365,0.5638506876227898
366,0.5736738703339882
367,0.555992141453831
368,0.5304518664047151
369,0.5795677799607073
370,0.5697445972495089
371,0.5776031434184676
372,0.5697445972495089
373,0.555992141453831
374,0.5795677799607073
375,0.5520628683693517
376,0.5795677799607073
377,0.5736738703339882
378,0.5776031434184676
379,0.5461689587426326
380,0.5402750491159135
381,0.5736738703339882
382,0.5717092337917485
383,0.550098231827112
384,0.5736738703339882
385,0.5579567779960707
386,0.5697445972495089
387,0.581532416502947
388,0.5520628683693517
389,0.5913555992141454
390,0.5304518664047151
391,0.5658153241650294
392,0.5913555992141454
393,0.5363457760314342
394,0.5540275049115914
395,0.581532416502947
396,0.5913555992141454
397,0.5383104125736738
398,0.5776031434184676
399,0.5736738703339882
400,0.5854616895874263
401,0.6129666011787819
402,0.5599214145383105
403,0.5972495088408645
404,0.5992141453831041
405,0.5658153241650294
406,0.5697445972495089
407,0.587426326129666
408,0.5658153241650294
409,0.5599214145383105
410,0.5972495088408645
411,0.5776031434184676
412,0.593320235756385
413,0.587426326129666
414,0.5461689587426326
415,0.581532416502947
416,0.5992141453831041
417,0.5481335952848723
418,0.5834970530451866
419,0.555992141453831
420,0.593320235756385
421,0.5756385068762279
422,0.5834970530451866
423,0.5717092337917485
424,0.5834970530451866
425,0.5756385068762279
426,0.5913555992141454
427,0.6129666011787819
428,0.555992141453831
429,0.555992141453831
430,0.5658153241650294
431,0.5540275049115914
432,0.5638506876227898
433,0.5442043222003929
434,0.5834970530451866
435,0.5618860510805501
436,0.5481335952848723
437,0.5972495088408645
438,0.581532416502947
439,0.5697445972495089
440,0.5972495088408645
441,0.5677799607072691
442,0.5834970530451866
443,0.5383104125736738
444,0.593320235756385
445,0.5579567779960707
446,0.5658153241650294
447,0.5717092337917485
448,0.581532416502947
449,0.4931237721021611
450,0.5795677799607073
451,0.5795677799607073
452,0.5599214145383105
453,0.5324165029469549
454,0.5952848722986247
455,0.5834970530451866
456,0.5697445972495089
457,0.618860510805501
458,0.6070726915520629
459,0.5697445972495089
460,0.5795677799607073
461,0.5834970530451866
462,0.5697445972495089
463,0.581532416502947
464,0.5638506876227898
465,0.5579567779960707
466,0.5422396856581533
467,0.5795677799607073
468,0.5599214145383105
469,0.5442043222003929
470,0.5402750491159135
471,0.5756385068762279
472,0.587426326129666
473,0.6051080550098232
474,0.5658153241650294
475,0.587426326129666
476,0.5795677799607073
477,0.581532416502947
478,0.5854616895874263
479,0.5638506876227898
480,0.5717092337917485
481,0.5854616895874263
482,0.5638506876227898
483,0.5638506876227898
484,0.6090373280943026
485,0.6070726915520629
486,0.5677799607072691
487,0.5618860510805501
488,0.555992141453831
489,0.5893909626719057
490,0.5540275049115914
491,0.5736738703339882
492,0.6011787819253438
493,0.581532416502947
494,0.5992141453831041
495,0.5677799607072691
496,0.5638506876227898
497,0.5834970530451866
498,0.5776031434184676
499,0.5638506876227898
500,0.5618860510805501
501,0.555992141453831
502,0.5795677799607073
503,0.5383104125736738
504,0.5658153241650294
505,0.5795677799607073
506,0.5736738703339882
507,0.5697445972495089
508,0.5717092337917485
509,0.5776031434184676
510,0.5442043222003929
511,0.5893909626719057
512,0.587426326129666
513,0.555992141453831
514,0.5756385068762279
515,0.5893909626719057
516,0.5893909626719057
517,0.5658153241650294
518,0.5893909626719057
519,0.5972495088408645
520,0.5756385068762279
521,0.5913555992141454
522,0.5677799607072691
523,0.5461689587426326
524,0.5834970530451866
525,0.555992141453831
526,0.5579567779960707
527,0.5717092337917485
528,0.5677799607072691
529,0.555992141453831
530,0.550098231827112
531,0.5697445972495089
532,0.5854616895874263
533,0.5481335952848723
534,0.6110019646365422
535,0.5402750491159135
536,0.5383104125736738
537,0.550098231827112
538,0.5618860510805501
539,0.5854616895874263
540,0.5363457760314342
541,0.5481335952848723
542,0.5717092337917485
543,0.5795677799607073
544,0.5717092337917485
545,0.5481335952848723
546,0.6031434184675835
547,0.5913555992141454
548,0.5579567779960707
549,0.5795677799607073
550,0.5658153241650294
551,0.5893909626719057
552,0.5756385068762279
553,0.5520628683693517
554,0.581532416502947
555,0.5658153241650294
556,0.593320235756385
557,0.5284872298624754
558,0.5442043222003929
559,0.5481335952848723
560,0.5776031434184676
561,0.5579567779960707
562,0.6267190569744597
563,0.6011787819253438
564,0.5638506876227898
565,0.5677799607072691
566,0.5540275049115914
567,0.5697445972495089
568,0.581532416502947
569,0.5893909626719057
570,0.5442043222003929
571,0.5225933202357563
572,0.555992141453831
573,0.5638506876227898
574,0.5461689587426326
575,0.5736738703339882
576,0.5913555992141454
577,0.5520628683693517
578,0.5677799607072691
579,0.5717092337917485
580,0.550098231827112
581,0.587426326129666
582,0.5422396856581533
583,0.5972495088408645
584,0.5893909626719057
585,0.5658153241650294
586,0.5952848722986247
587,0.5677799607072691
588,0.5697445972495089
589,0.5795677799607073
590,0.5736738703339882
591,0.5363457760314342
592,0.5599214145383105
593,0.5658153241650294
594,0.5579567779960707
595,0.5913555992141454
596,0.587426326129666
597,0.5756385068762279
598,0.587426326129666
599,0.5717092337917485
600,0.5756385068762279
601,0.5599214145383105
602,0.5658153241650294
603,0.5893909626719057
604,0.5697445972495089
605,0.5834970530451866
606,0.5442043222003929
607,0.5677799607072691
608,0.555992141453831
609,0.5658153241650294
610,0.5579567779960707
611,0.5599214145383105
612,0.5658153241650294
613,0.5736738703339882
614,0.6090373280943026
615,0.5756385068762279
616,0.5540275049115914
617,0.581532416502947
618,0.6031434184675835
619,0.5658153241650294
620,0.5540275049115914
621,0.5677799607072691
622,0.5638506876227898
623,0.5697445972495089
624,0.5834970530451866
625,0.5697445972495089
626,0.593320235756385
627,0.6227897838899804
628,0.5658153241650294
629,0.5795677799607073
630,0.5383104125736738
631,0.5992141453831041
632,0.5795677799607073
633,0.5638506876227898
634,0.5618860510805501
635,0.5442043222003929
636,0.5481335952848723
637,0.5638506876227898
638,0.5756385068762279
639,0.5952848722986247
640,0.5147347740667977
641,0.5383104125736738
642,0.5756385068762279
643,0.5442043222003929
644,0.5756385068762279
645,0.5618860510805501
646,0.550098231827112
647,0.5599214145383105
648,0.5579567779960707
649,0.5717092337917485
650,0.5677799607072691
651,0.555992141453831
652,0.5009823182711198
653,0.5834970530451866
654,0.5776031434184676
655,0.5166994106090373
656,0.6090373280943026
657,0.5952848722986247
658,0.5618860510805501
659,0.5756385068762279
660,0.5658153241650294
661,0.5304518664047151
662,0.581532416502947
663,0.593320235756385
664,0.5343811394891945
665,0.587426326129666
666,0.5402750491159135
667,0.6031434184675835
668,0.5618860510805501
669,0.5795677799607073
670,0.5717092337917485
671,0.5834970530451866
672,0.5736738703339882
673,0.5618860510805501
674,0.5599214145383105
675,0.5579567779960707
676,0.5854616895874263
677,0.5677799607072691
678,0.5343811394891945
679,0.5618860510805501
680,0.6129666011787819
681,0.5599214145383105
682,0.5776031434184676
683,0.5834970530451866
684,0.6011787819253438
685,0.5776031434184676
686,0.5265225933202358
687,0.5717092337917485
688,0.5992141453831041
689,0.5245579567779961
690,0.5579567779960707
691,0.5736738703339882
692,0.581532416502947
693,0.550098231827112
694,0.5756385068762279
695,0.5599214145383105
696,0.6031434184675835
697,0.5756385068762279
698,0.5442043222003929
699,0.5520628683693517
700,0.5658153241650294
701,0.5481335952848723
702,0.5677799607072691
703,0.5697445972495089
704,0.5442043222003929
705,0.550098231827112
706,0.5618860510805501
707,0.5324165029469549
708,0.581532416502947
709,0.5579567779960707
710,0.5520628683693517
711,0.555992141453831
712,0.6031434184675835
713,0.5854616895874263
714,0.5913555992141454
715,0.5717092337917485
716,0.5442043222003929
717,0.555992141453831
718,0.5756385068762279
719,0.5618860510805501
720,0.5618860510805501
721,0.5481335952848723
722,0.5481335952848723
723,0.5736738703339882
724,0.5638506876227898
725,0.6129666011787819
726,0.5481335952848723
727,0.5697445972495089
728,0.6011787819253438
729,0.5677799607072691
730,0.5618860510805501
731,0.5520628683693517
732,0.5697445972495089
733,0.5972495088408645
734,0.5795677799607073
735,0.5776031434184676
736,0.5952848722986247
737,0.5579567779960707
738,0.5579567779960707
739,0.6110019646365422
740,0.5638506876227898
741,0.5795677799607073
742,0.5343811394891945
743,0.5736738703339882
744,0.6031434184675835
745,0.5265225933202358
746,0.6051080550098232
747,0.5893909626719057
748,0.5618860510805501
749,0.555992141453831
750,0.5756385068762279
751,0.5599214145383105
752,0.581532416502947
753,0.581532416502947
754,0.5540275049115914
755,0.587426326129666
756,0.5638506876227898
757,0.6031434184675835
758,0.5736738703339882
759,0.5834970530451866
760,0.5736738703339882
761,0.5638506876227898
762,0.5579567779960707
763,0.5677799607072691
764,0.555992141453831
765,0.5717092337917485
766,0.5795677799607073
767,0.5776031434184676
768,0.555992141453831
769,0.5756385068762279
770,0.5579567779960707
771,0.5776031434184676
772,0.5658153241650294
773,0.555992141453831
774,0.5854616895874263
775,0.5618860510805501
776,0.5481335952848723
777,0.5481335952848723
778,0.5520628683693517
779,0.5756385068762279
780,0.5697445972495089
781,0.5776031434184676
782,0.593320235756385
783,0.5795677799607073
784,0.5304518664047151
785,0.5992141453831041
786,0.5854616895874263
787,0.5520628683693517
788,0.5304518664047151
789,0.5893909626719057
790,0.5795677799607073
791,0.5481335952848723
792,0.5402750491159135
793,0.550098231827112
794,0.5697445972495089
795,0.581532416502947
796,0.5736738703339882
797,0.5913555992141454
798,0.5776031434184676
799,0.5697445972495089
800,0.5854616895874263
801,0.6051080550098232
802,0.5579567779960707
803,0.5697445972495089
804,0.6110019646365422
805,0.5402750491159135
806,0.5599214145383105
807,0.5599214145383105
808,0.5481335952848723
809,0.5952848722986247
810,0.5599214145383105
811,0.555992141453831
812,0.5618860510805501
813,0.5677799607072691
814,0.6110019646365422
815,0.581532416502947
816,0.5736738703339882
817,0.5422396856581533
818,0.593320235756385
819,0.593320235756385
820,0.5834970530451866
821,0.5717092337917485
822,0.5952848722986247
823,0.593320235756385
824,0.5736738703339882
825,0.5697445972495089
826,0.5756385068762279
827,0.5599214145383105
828,0.5736738703339882
829,0.5952848722986247
830,0.5717092337917485
831,0.5736738703339882
832,0.5736738703339882
833,0.5147347740667977
834,0.5952848722986247
835,0.5756385068762279
836,0.5599214145383105
837,0.5540275049115914
838,0.5520628683693517
839,0.5540275049115914
840,0.6031434184675835
841,0.5638506876227898
842,0.6345776031434185
843,0.5540275049115914
844,0.581532416502947
845,0.5736738703339882
846,0.5658153241650294
847,0.5697445972495089
848,0.5422396856581533
849,0.5658153241650294
850,0.5677799607072691
851,0.587426326129666
852,0.593320235756385
853,0.5756385068762279
854,0.5736738703339882
855,0.5776031434184676
856,0.587426326129666
857,0.593320235756385
858,0.6149312377210217
859,0.5952848722986247
860,0.5913555992141454
861,0.5284872298624754
862,0.555992141453831
863,0.5795677799607073
864,0.555992141453831
865,0.5677799607072691
866,0.5402750491159135
867,0.6110019646365422
868,0.6031434184675835
869,0.5520628683693517
870,0.5776031434184676
871,0.5520628683693517
872,0.581532416502947
873,0.5893909626719057
874,0.6070726915520629
875,0.5442043222003929
876,0.5717092337917485
877,0.5697445972495089
878,0.5520628683693517
879,0.5834970530451866
880,0.5697445972495089
881,0.5913555992141454
882,0.5756385068762279
883,0.6070726915520629
884,0.5677799607072691
885,0.6267190569744597
886,0.5776031434184676
887,0.593320235756385
888,0.5776031434184676
889,0.6208251473477406
890,0.5697445972495089
891,0.5736738703339882
892,0.5776031434184676
893,0.5834970530451866
894,0.5363457760314342
895,0.5795677799607073
896,0.5972495088408645
897,0.5618860510805501
898,0.5402750491159135
899,0.593320235756385
900,0.5618860510805501
901,0.5972495088408645
902,0.550098231827112
903,0.5913555992141454
904,0.5383104125736738
905,0.5776031434184676
906,0.5658153241650294
907,0.5893909626719057
908,0.5756385068762279
909,0.6267190569744597
910,0.581532416502947
911,0.5422396856581533
912,0.5599214145383105
913,0.5442043222003929
914,0.5776031434184676
915,0.5756385068762279
916,0.5638506876227898
917,0.555992141453831
918,0.5913555992141454
919,0.6011787819253438
920,0.5913555992141454
921,0.5697445972495089
922,0.5422396856581533
923,0.5638506876227898
924,0.5972495088408645
925,0.6011787819253438
926,0.5658153241650294
927,0.5697445972495089
928,0.5579567779960707
929,0.6011787819253438
930,0.5913555992141454
931,0.581532416502947
932,0.5540275049115914
933,0.581532416502947
934,0.593320235756385
935,0.5795677799607073
936,0.5343811394891945
937,0.5834970530451866
938,0.5599214145383105
939,0.5992141453831041
940,0.5618860510805501
941,0.5952848722986247
942,0.5638506876227898
943,0.5697445972495089
944,0.5834970530451866
945,0.581532416502947
946,0.5343811394891945
947,0.5383104125736738
948,0.5638506876227898
949,0.6051080550098232
950,0.5540275049115914
951,0.5992141453831041
952,0.5599214145383105
953,0.5893909626719057
954,0.5442043222003929
955,0.5776031434184676
956,0.5618860510805501
957,0.5658153241650294
958,0.5992141453831041
959,0.5599214145383105
960,0.618860510805501
961,0.5717092337917485
962,0.5383104125736738
963,0.5717092337917485
964,0.5834970530451866
965,0.5717092337917485
966,0.5834970530451866
967,0.5776031434184676
968,0.5618860510805501
969,0.555992141453831
970,0.5834970530451866
971,0.6011787819253438
972,0.5402750491159135
973,0.5854616895874263
974,0.5383104125736738
975,0.5952848722986247
976,0.5776031434184676
977,0.5284872298624754
978,0.5461689587426326
979,0.5599214145383105
980,0.5638506876227898
981,0.5992141453831041
982,0.581532416502947
983,0.5638506876227898
984,0.5952848722986247
985,0.5520628683693517
986,0.5638506876227898
987,0.5658153241650294
988,0.5677799607072691
989,0.5736738703339882
990,0.5972495088408645
991,0.550098231827112
992,0.6070726915520629
993,0.5756385068762279
994,0.5717092337917485
995,0.5972495088408645
996,0.5913555992141454
997,0.5638506876227898
998,0.5638506876227898
999,0.5795677799607073
1000,0.5540275049115914
1001,0.5913555992141454
1002,0.5658153241650294
1003,0.5854616895874263
1004,0.5658153241650294
1005,0.5913555992141454
1006,0.5717092337917485
1007,0.5324165029469549
1008,0.5913555992141454
1009,0.5697445972495089
1010,0.5776031434184676
1011,0.5520628683693517
1012,0.6011787819253438
1013,0.5618860510805501
1014,0.5756385068762279
1015,0.555992141453831
1016,0.5756385068762279
1017,0.5834970530451866
1018,0.6011787819253438
1019,0.5677799607072691
1020,0.5717092337917485
1021,0.5520628683693517
1022,0.5795677799607073
1023,0.5579567779960707
1024,0.5972495088408645
1025,0.5834970530451866
1026,0.5854616895874263
1027,0.6208251473477406
1028,0.5677799607072691
1029,0.5736738703339882
1030,0.5520628683693517
1031,0.5736738703339882
1032,0.5579567779960707
1033,0.5638506876227898
1034,0.5776031434184676
1035,0.5245579567779961
1036,0.5599214145383105
1037,0.5540275049115914
1038,0.5461689587426326
1039,0.5756385068762279
1040,0.5854616895874263
1041,0.5756385068762279
1042,0.5736738703339882
1043,0.5579567779960707
1044,0.5461689587426326
1045,0.5854616895874263
1046,0.555992141453831
1047,0.555992141453831
1048,0.5422396856581533
1049,0.5854616895874263
1050,0.5599214145383105
1051,0.5795677799607073
1052,0.5972495088408645
1053,0.581532416502947
1054,0.5638506876227898
1055,0.5736738703339882
1056,0.5402750491159135
1057,0.5520628683693517
1058,0.5854616895874263
1059,0.5893909626719057
1060,0.5834970530451866
1061,0.5952848722986247
1062,0.6011787819253438
1063,0.5599214145383105
1064,0.5776031434184676
1065,0.5952848722986247
1066,0.5618860510805501
1067,0.5658153241650294
1068,0.5756385068762279
1069,0.5795677799607073
1070,0.555992141453831
1071,0.5756385068762279
1072,0.5442043222003929
1073,0.5972495088408645
1074,0.5717092337917485
1075,0.5579567779960707
1076,0.5481335952848723
1077,0.5658153241650294
1078,0.587426326129666
1079,0.5599214145383105
1080,0.5481335952848723
1081,0.5461689587426326
1082,0.593320235756385
1083,0.5461689587426326
1084,0.5658153241650294
1085,0.5834970530451866
1086,0.5697445972495089
1087,0.5638506876227898
1088,0.5893909626719057
1089,0.5442043222003929
1090,0.5422396856581533
1091,0.5618860510805501
1092,0.5520628683693517
1093,0.5834970530451866
1094,0.555992141453831
1095,0.5520628683693517
1096,0.5697445972495089
1097,0.5658153241650294
1098,0.5756385068762279
1099,0.5834970530451866
1100,0.6011787819253438
1101,0.5677799607072691
1102,0.5520628683693517
1103,0.5717092337917485
1104,0.5383104125736738
1105,0.555992141453831
1106,0.5540275049115914
1107,0.5972495088408645
1108,0.5776031434184676
1109,0.5756385068762279
1110,0.5913555992141454
1111,0.5638506876227898
1112,0.5913555992141454
1113,0.5697445972495089
1114,0.5599214145383105
1115,0.5854616895874263
1116,0.5618860510805501
1117,0.555992141453831
1118,0.587426326129666
1119,0.6149312377210217
1120,0.5658153241650294
1121,0.6031434184675835
1122,0.5677799607072691
1123,0.5834970530451866
1124,0.6168958742632613
1125,0.555992141453831
1126,0.5658153241650294
1127,0.6011787819253438
1128,0.587426326129666
1129,0.555992141453831
1130,0.5677799607072691
1131,0.5952848722986247
1132,0.5834970530451866
1133,0.5540275049115914
1134,0.5638506876227898
1135,0.6149312377210217
1136,0.5422396856581533
1137,0.5677799607072691
1138,0.5717092337917485
1139,0.5618860510805501
1140,0.5481335952848723
1141,0.5402750491159135
1142,0.555992141453831
1143,0.5579567779960707
1144,0.5697445972495089
1145,0.5481335952848723
1146,0.5717092337917485
1147,0.5736738703339882
1148,0.5697445972495089
1149,0.5383104125736738
1150,0.581532416502947
1151,0.587426326129666
1152,0.5422396856581533
1153,0.593320235756385
1154,0.5363457760314342
1155,0.5776031434184676
1156,0.5442043222003929
1157,0.5756385068762279
1158,0.5717092337917485
1159,0.5265225933202358
1160,0.5736738703339882
1161,0.5736738703339882
1162,0.5461689587426326
1163,0.5834970530451866
1164,0.5677799607072691
1165,0.5795677799607073
1166,0.5756385068762279
1167,0.5618860510805501
1168,0.5638506876227898
1169,0.5677799607072691
1170,0.5913555992141454
1171,0.6011787819253438
1172,0.555992141453831
1173,0.5913555992141454
1174,0.6110019646365422
1175,0.5461689587426326
1176,0.5324165029469549
1177,0.5795677799607073
1178,0.5599214145383105
1179,0.5540275049115914
1180,0.6011787819253438
1181,0.5658153241650294
1182,0.5520628683693517
1183,0.555992141453831
1184,0.5442043222003929
1185,0.5540275049115914
1186,0.5834970530451866
1187,0.5599214145383105
1188,0.5481335952848723
1189,0.5992141453831041
1190,0.5658153241650294
1191,0.5618860510805501
1192,0.5913555992141454
1193,0.5540275049115914
1194,0.555992141453831
1195,0.5795677799607073
1196,0.5717092337917485
1197,0.5776031434184676
1198,0.5854616895874263
1199,0.6070726915520629
1200,0.5461689587426326
1201,0.5618860510805501
1202,0.5638506876227898
1203,0.5442043222003929
1204,0.5658153241650294
1205,0.5992141453831041
1206,0.5834970530451866
1207,0.5717092337917485
1208,0.581532416502947
1209,0.5795677799607073
1210,0.6070726915520629
1211,0.5481335952848723
1212,0.6031434184675835
1213,0.5795677799607073
1214,0.5776031434184676
1215,0.6031434184675835
1216,0.5638506876227898
1217,0.5638506876227898
1218,0.5795677799607073
1219,0.5834970530451866
1220,0.5854616895874263
1221,0.5618860510805501
1222,0.5618860510805501
1223,0.5481335952848723
1224,0.5579567779960707
1225,0.5618860510805501
1226,0.5599214145383105
1227,0.5599214145383105
1228,0.593320235756385
1229,0.550098231827112
1230,0.5658153241650294
1231,0.5481335952848723
1232,0.5520628683693517
1233,0.5540275049115914
1234,0.5736738703339882
1235,0.550098231827112
1236,0.6110019646365422
1237,0.5540275049115914
1238,0.6090373280943026
1239,0.5481335952848723
1240,0.587426326129666
1241,0.5677799607072691
1242,0.5992141453831041
1243,0.5599214145383105
1244,0.5854616895874263
1245,0.5795677799607073
1246,0.5717092337917485
1247,0.5599214145383105
1248,0.5540275049115914
1249,0.5795677799607073
1250,0.5363457760314342
1251,0.5638506876227898
1252,0.5776031434184676
1253,0.5952848722986247
1254,0.5402750491159135
1255,0.5520628683693517
1256,0.581532416502947
1257,0.5834970530451866
1258,0.5913555992141454
1259,0.5402750491159135
1260,0.5756385068762279
1261,0.550098231827112
1262,0.5540275049115914
1263,0.5697445972495089
1264,0.5579567779960707
1265,0.5854616895874263
1266,0.5638506876227898
1267,0.5422396856581533
1268,0.5952848722986247
1269,0.5893909626719057
1270,0.5795677799607073
1271,0.5481335952848723
1272,0.5795677799607073
1273,0.581532416502947
1274,0.5795677799607073
1275,0.5461689587426326
1276,0.5658153241650294
1277,0.5481335952848723
1278,0.555992141453831
1279,0.555992141453831
1280,0.5795677799607073
1281,0.5658153241650294
1282,0.5854616895874263
1283,0.5481335952848723
1284,0.5599214145383105
1285,0.5599214145383105
1286,0.5854616895874263
1287,0.555992141453831
1288,0.5658153241650294
1289,0.5776031434184676
1290,0.5834970530451866
1291,0.5736738703339882
1292,0.5579567779960707
1293,0.5834970530451866
1294,0.6090373280943026
1295,0.5697445972495089
1296,0.5599214145383105
1297,0.5442043222003929
1298,0.5854616895874263
1299,0.581532416502947
1300,0.5697445972495089
1301,0.593320235756385
1302,0.5717092337917485
1303,0.5638506876227898
1304,0.5952848722986247
1305,0.593320235756385
1306,0.5638506876227898
1307,0.5834970530451866
1308,0.5166994106090373
1309,0.5599214145383105
1310,0.5579567779960707
1311,0.581532416502947
1312,0.5442043222003929
1313,0.5638506876227898
1314,0.5776031434184676
1315,0.5834970530451866
1316,0.5618860510805501
1317,0.5638506876227898
1318,0.5618860510805501
1319,0.5756385068762279
1320,0.550098231827112
1321,0.5638506876227898
1322,0.5422396856581533
1323,0.5697445972495089
1324,0.5461689587426326
1325,0.587426326129666
1326,0.5343811394891945
1327,0.5854616895874263
1328,0.5697445972495089
1329,0.5756385068762279
1330,0.5599214145383105
1331,0.550098231827112
1332,0.5795677799607073
1333,0.5658153241650294
1334,0.5736738703339882
1335,0.5795677799607073
1336,0.5481335952848723
1337,0.587426326129666
1338,0.593320235756385
1339,0.587426326129666
1340,0.5795677799607073
1341,0.5638506876227898
1342,0.5520628683693517
1343,0.6051080550098232
1344,0.5383104125736738
1345,0.5697445972495089
1346,0.5756385068762279
1347,0.6051080550098232
1348,0.5913555992141454
1349,0.6267190569744597
1350,0.5481335952848723
1351,0.5520628683693517
1352,0.5834970530451866
1353,0.5736738703339882
1354,0.5893909626719057
1355,0.5834970530451866
1356,0.555992141453831
1357,0.5854616895874263
1358,0.5893909626719057
1359,0.5736738703339882
1360,0.550098231827112
1361,0.5618860510805501
1362,0.6051080550098232
1363,0.6208251473477406
1364,0.5992141453831041
1365,0.6031434184675835
1366,0.5599214145383105
1367,0.5658153241650294
1368,0.5481335952848723
1369,0.5697445972495089
1370,0.5795677799607073
1371,0.5540275049115914
1372,0.5736738703339882
1373,0.6011787819253438
1374,0.5540275049115914
1375,0.5618860510805501
1376,0.5697445972495089
1377,0.587426326129666
1378,0.5677799607072691
1379,0.5579567779960707
1380,0.5402750491159135
1381,0.6051080550098232
1382,0.5834970530451866
1383,0.5717092337917485
1384,0.5854616895874263
1385,0.5658153241650294
1386,0.581532416502947
1387,0.5795677799607073
1388,0.587426326129666
1389,0.5697445972495089
1390,0.5952848722986247
1391,0.5677799607072691
1392,0.5854616895874263
1393,0.5579567779960707
1394,0.5952848722986247
1395,0.581532416502947
1396,0.5658153241650294
1397,0.6031434184675835
1398,0.5658153241650294
1399,0.5658153241650294
1400,0.5834970530451866
1401,0.5677799607072691
1402,0.5834970530451866
1403,0.5756385068762279
1404,0.6051080550098232
1405,0.581532416502947
1406,0.5638506876227898
1407,0.5658153241650294
1408,0.5677799607072691
1409,0.5717092337917485
1410,0.5343811394891945
1411,0.5913555992141454
1412,0.5697445972495089
1413,0.5736738703339882
1414,0.5225933202357563
1415,0.5363457760314342
1416,0.5383104125736738
1417,0.5736738703339882
1418,0.5736738703339882
1419,0.5363457760314342
1420,0.5893909626719057
1421,0.5658153241650294
1422,0.555992141453831
1423,0.5343811394891945
1424,0.5776031434184676
1425,0.587426326129666
1426,0.5972495088408645
1427,0.5795677799607073
1428,0.5540275049115914
1429,0.5442043222003929
1430,0.5913555992141454
1431,0.5756385068762279
1432,0.5520628683693517
1433,0.5599214145383105
1434,0.5776031434184676
1435,0.5776031434184676
1436,0.5736738703339882
1437,0.5697445972495089
1438,0.5756385068762279
1439,0.5736738703339882
1440,0.5756385068762279
1441,0.6110019646365422
1442,0.5579567779960707
1443,0.5363457760314342
1444,0.5540275049115914
1445,0.5992141453831041
1446,0.5618860510805501
1447,0.5677799607072691
1448,0.5736738703339882
1449,0.555992141453831
1450,0.5854616895874263
1451,0.5383104125736738
1452,0.618860510805501
1453,0.5618860510805501
1454,0.5540275049115914
1455,0.5736738703339882
1456,0.5717092337917485
1457,0.5952848722986247
1458,0.5736738703339882
1459,0.5756385068762279
1460,0.5972495088408645
1461,0.5756385068762279
1462,0.581532416502947
1463,0.587426326129666
1464,0.5972495088408645
1465,0.5756385068762279
1466,0.5579567779960707
1467,0.5952848722986247
1468,0.5756385068762279
1469,0.5736738703339882
1470,0.5343811394891945
1471,0.5952848722986247
1472,0.5717092337917485
1473,0.581532416502947
1474,0.5618860510805501
1475,0.5618860510805501
1476,0.5245579567779961
1477,0.5854616895874263
1478,0.5893909626719057
1479,0.5893909626719057
1480,0.5992141453831041
1481,0.6031434184675835
1482,0.5834970530451866
1483,0.5618860510805501
1484,0.5638506876227898
1485,0.5088408644400786
1486,0.5461689587426326
1487,0.587426326129666
1488,0.5697445972495089
1489,0.5579567779960707
1490,0.5579567779960707
1491,0.5913555992141454
1492,0.5736738703339882
1493,0.5697445972495089
1494,0.5540275049115914
1495,0.6051080550098232
1496,0.5422396856581533
1497,0.5736738703339882
1498,0.5697445972495089
1499,0.5677799607072691
1500,0.5776031434184676
1501,0.5422396856581533
1502,0.5540275049115914
1503,0.5736738703339882
1504,0.5697445972495089
1505,0.5618860510805501
1506,0.581532416502947
1507,0.5756385068762279
1508,0.5736738703339882
1509,0.5736738703339882
1510,0.587426326129666
1511,0.5697445972495089
1512,0.5776031434184676
1513,0.5383104125736738
1514,0.5599214145383105
1515,0.5854616895874263
1516,0.5540275049115914
1517,0.6051080550098232
1518,0.5756385068762279
1519,0.5736738703339882
1520,0.5579567779960707
1521,0.5776031434184676
1522,0.5756385068762279
1523,0.587426326129666
1524,0.5893909626719057
1525,0.5834970530451866
1526,0.5520628683693517
1527,0.5697445972495089
1528,0.6070726915520629
1529,0.5756385068762279
1530,0.5913555992141454
1531,0.5677799607072691
1532,0.5520628683693517
1533,0.550098231827112
1534,0.587426326129666
1535,0.5618860510805501
1536,0.5363457760314342
1537,0.581532416502947
1538,0.5540275049115914
1539,0.5854616895874263
1540,0.6011787819253438
1541,0.581532416502947
1542,0.5461689587426326
1543,0.5972495088408645
1544,0.5776031434184676
1545,0.5540275049115914
1546,0.5717092337917485
1547,0.5618860510805501
1548,0.5540275049115914
1549,0.5540275049115914
1550,0.5717092337917485
1551,0.5717092337917485
1552,0.5834970530451866
1553,0.5461689587426326
1554,0.5756385068762279
1555,0.5717092337917485
1556,0.5913555992141454
1557,0.5952848722986247
1558,0.5383104125736738
1559,0.5717092337917485
1560,0.5304518664047151
1561,0.5913555992141454
1562,0.6051080550098232
1563,0.6011787819253438
1564,0.5992141453831041
1565,0.5383104125736738
1566,0.5638506876227898
1567,0.5952848722986247
1568,0.581532416502947
1569,0.5834970530451866
1570,0.5481335952848723
1571,0.5422396856581533
1572,0.5520628683693517
1573,0.5599214145383105
1574,0.5717092337917485
1575,0.5834970530451866
1576,0.581532416502947
1577,0.5638506876227898
1578,0.5520628683693517
1579,0.5756385068762279
1580,0.555992141453831
1581,0.5618860510805501
1582,0.5677799607072691
1583,0.5520628683693517
1584,0.5697445972495089
1585,0.581532416502947
1586,0.5717092337917485
1587,0.5717092337917485
1588,0.587426326129666
1589,0.5422396856581533
1590,0.5599214145383105
1591,0.5442043222003929
1592,0.5913555992141454
1593,0.6129666011787819
1594,0.587426326129666
1595,0.5776031434184676
1596,0.5442043222003929
1597,0.5422396856581533
1598,0.5618860510805501
1599,0.5952848722986247
1600,0.5717092337917485
1601,0.5599214145383105
1602,0.5402750491159135
1603,0.5422396856581533
1604,0.5520628683693517
1605,0.5697445972495089
1606,0.5854616895874263
1607,0.5893909626719057
1608,0.5520628683693517
1609,0.5658153241650294
1610,0.5442043222003929
1611,0.581532416502947
1612,0.587426326129666
1613,0.6090373280943026
1614,0.5756385068762279
1615,0.5756385068762279
1616,0.5795677799607073
1617,0.5677799607072691
1618,0.6011787819253438
1619,0.5461689587426326
1620,0.5677799607072691
1621,0.5854616895874263
1622,0.6286836935166994
1623,0.5697445972495089
1624,0.5952848722986247
1625,0.5599214145383105
1626,0.581532416502947
1627,0.5756385068762279
1628,0.5677799607072691
1629,0.5461689587426326
1630,0.5697445972495089
1631,0.593320235756385
1632,0.5972495088408645
1633,0.5658153241650294
1634,0.5697445972495089
1635,0.5834970530451866
1636,0.5324165029469549
1637,0.593320235756385
1638,0.593320235756385
1639,0.6070726915520629
1640,0.6011787819253438
1641,0.6227897838899804
1642,0.5579567779960707
1643,0.5697445972495089
1644,0.5540275049115914
1645,0.5677799607072691
1646,0.5363457760314342
1647,0.5599214145383105
1648,0.5579567779960707
1649,0.5992141453831041
1650,0.6090373280943026
1651,0.5952848722986247
1652,0.593320235756385
1653,0.5658153241650294
1654,0.5304518664047151
1655,0.5795677799607073
1656,0.5756385068762279
1657,0.5658153241650294
1658,0.5795677799607073
1659,0.5461689587426326
1660,0.5324165029469549
1661,0.6168958742632613
1662,0.581532416502947
1663,0.5854616895874263
1664,0.5166994106090373
1665,0.5972495088408645
1666,0.5540275049115914
1667,0.5677799607072691
1668,0.5618860510805501
1669,0.5284872298624754
1670,0.5658153241650294
1671,0.5756385068762279
1672,0.5776031434184676
1673,0.5893909626719057
1674,0.5697445972495089
1675,0.5461689587426326
1676,0.5618860510805501
1677,0.5717092337917485
1678,0.5677799607072691
1679,0.5834970530451866
1680,0.5913555992141454
1681,0.581532416502947
1682,0.6090373280943026
1683,0.5992141453831041
1684,0.5697445972495089
1685,0.5776031434184676
1686,0.5618860510805501
1687,0.5540275049115914
1688,0.593320235756385
1689,0.5795677799607073
1690,0.5697445972495089
1691,0.5756385068762279
1692,0.5992141453831041
1693,0.5442043222003929
1694,0.5834970530451866
1695,0.5854616895874263
1696,0.5776031434184676
1697,0.593320235756385
1698,0.5756385068762279
1699,0.5776031434184676
1700,0.5795677799607073
1701,0.5579567779960707
1702,0.5658153241650294
1703,0.5618860510805501
1704,0.5717092337917485
1705,0.5618860510805501
1706,0.587426326129666
1707,0.5717092337917485
1708,0.5638506876227898
1709,0.5520628683693517
1710,0.5481335952848723
1711,0.5834970530451866
1712,0.5776031434184676
1713,0.5658153241650294
1714,0.587426326129666
1715,0.6031434184675835
1716,0.5658153241650294
1717,0.5304518664047151
1718,0.5540275049115914
1719,0.5776031434184676
1720,0.555992141453831
1721,0.5481335952848723
1722,0.6031434184675835
1723,0.593320235756385
1724,0.5638506876227898
1725,0.5658153241650294
1726,0.518664047151277
1727,0.5658153241650294
1728,0.550098231827112
1729,0.5854616895874263
1730,0.5481335952848723
1731,0.587426326129666
1732,0.5618860510805501
1733,0.5618860510805501
1734,0.5363457760314342
1735,0.5834970530451866
1736,0.5736738703339882
1737,0.5343811394891945
1738,0.5481335952848723
1739,0.5284872298624754
1740,0.5638506876227898
1741,0.5461689587426326
1742,0.5834970530451866
1743,0.5992141453831041
1744,0.5913555992141454
1745,0.5697445972495089
1746,0.5952848722986247
1747,0.555992141453831
1748,0.5834970530451866
1749,0.5776031434184676
1750,0.5854616895874263
1751,0.5795677799607073
1752,0.5756385068762279
1753,0.555992141453831
1754,0.5638506876227898
1755,0.581532416502947
1756,0.5442043222003929
1757,0.5952848722986247
1758,0.5599214145383105
1759,0.5599214145383105
1760,0.5893909626719057
1761,0.5854616895874263
1762,0.5422396856581533
1763,0.5461689587426326
1764,0.5795677799607073
1765,0.5697445972495089
1766,0.5756385068762279
1767,0.5795677799607073
1768,0.6110019646365422
1769,0.5638506876227898
1770,0.5599214145383105
1771,0.593320235756385
1772,0.5520628683693517
1773,0.5618860510805501
1774,0.581532416502947
1775,0.5402750491159135
1776,0.5717092337917485
1777,0.5677799607072691
1778,0.5717092337917485
1779,0.5736738703339882
1780,0.6031434184675835
1781,0.5776031434184676
1782,0.593320235756385
1783,0.5383104125736738
1784,0.5736738703339882
1785,0.5795677799607073
1786,0.6011787819253438
1787,0.5952848722986247
1788,0.5461689587426326
1789,0.5717092337917485
1790,0.5972495088408645
1791,0.5776031434184676
1792,0.5776031434184676
1793,0.5579567779960707
1794,0.5834970530451866
1795,0.5717092337917485
1796,0.5599214145383105
1797,0.5638506876227898
1798,0.5697445972495089
1799,0.5834970530451866
1800,0.5795677799607073
1801,0.5658153241650294
1802,0.5795677799607073
1803,0.5972495088408645
1804,0.5618860510805501
1805,0.5638506876227898
1806,0.5795677799607073
1807,0.6011787819253438
1808,0.5677799607072691
1809,0.5461689587426326
1810,0.5540275049115914
1811,0.5245579567779961
1812,0.5697445972495089
1813,0.555992141453831
1814,0.618860510805501
1815,0.5618860510805501
1816,0.5658153241650294
1817,0.5834970530451866
1818,0.5756385068762279
1819,0.5776031434184676
1820,0.5854616895874263
1821,0.581532416502947
1822,0.5579567779960707
1823,0.5834970530451866
1824,0.5677799607072691
1825,0.5756385068762279
1826,0.5520628683693517
1827,0.6051080550098232
1828,0.6011787819253438
1829,0.5540275049115914
1830,0.5952848722986247
1831,0.5854616895874263
1832,0.5461689587426326
1833,0.5756385068762279
1834,0.5599214145383105
1835,0.5736738703339882
1836,0.5736738703339882
1837,0.5776031434184676
1838,0.5520628683693517
1839,0.5481335952848723
1840,0.5618860510805501
1841,0.555992141453831
1842,0.5383104125736738
1843,0.5736738703339882
1844,0.6090373280943026
1845,0.5736738703339882
1846,0.593320235756385
1847,0.5697445972495089
1848,0.5795677799607073
1849,0.5913555992141454
1850,0.5834970530451866
1851,0.5520628683693517
1852,0.5834970530451866
1853,0.5697445972495089
1854,0.5952848722986247
1855,0.5481335952848723
1856,0.5540275049115914
1857,0.5756385068762279
1858,0.5992141453831041
1859,0.581532416502947
1860,0.581532416502947
1861,0.5658153241650294
1862,0.5795677799607073
1863,0.5206286836935167
1864,0.5795677799607073
1865,0.587426326129666
1866,0.5442043222003929
1867,0.5717092337917485
1868,0.5854616895874263
1869,0.587426326129666
1870,0.5756385068762279
1871,0.5363457760314342
1872,0.5795677799607073
1873,0.5697445972495089
1874,0.5717092337917485
1875,0.581532416502947
1876,0.5343811394891945
1877,0.5697445972495089
1878,0.5952848722986247
1879,0.5717092337917485
1880,0.5717092337917485
1881,0.5540275049115914
1882,0.5461689587426326
1883,0.5481335952848723
1884,0.5422396856581533
1885,0.5481335952848723
1886,0.5952848722986247
1887,0.5756385068762279
1888,0.550098231827112
1889,0.5913555992141454
1890,0.5756385068762279
1891,0.5854616895874263
1892,0.555992141453831
1893,0.5599214145383105
1894,0.555992141453831
1895,0.5304518664047151
1896,0.5461689587426326
1897,0.5442043222003929
1898,0.5481335952848723
1899,0.5795677799607073
1900,0.5579567779960707
1901,0.5658153241650294
1902,0.5658153241650294
1903,0.5795677799607073
1904,0.5658153241650294
1905,0.581532416502947
1906,0.5481335952848723
1907,0.5795677799607073
1908,0.5677799607072691
1909,0.5756385068762279
1910,0.5697445972495089
1911,0.555992141453831
1912,0.5481335952848723
1913,0.5383104125736738
1914,0.550098231827112
1915,0.5481335952848723
1916,0.5658153241650294
1917,0.581532416502947
1918,0.5697445972495089
1919,0.5265225933202358
1920,0.5992141453831041
1921,0.5776031434184676
1922,0.555992141453831
1923,0.5717092337917485
1924,0.5638506876227898
1925,0.5893909626719057
1926,0.5717092337917485
1927,0.5834970530451866
1928,0.587426326129666
1929,0.5481335952848723
1930,0.5952848722986247
1931,0.5834970530451866
1932,0.5756385068762279
1933,0.5618860510805501
1934,0.587426326129666
1935,0.5599214145383105
1936,0.5343811394891945
1937,0.5618860510805501
1938,0.6129666011787819
1939,0.5776031434184676
1940,0.5854616895874263
1941,0.581532416502947
1942,0.5363457760314342
1943,0.5461689587426326
1944,0.5736738703339882
1945,0.5776031434184676
1946,0.5854616895874263
1947,0.5363457760314342
1948,0.5992141453831041
1949,0.5324165029469549
1950,0.5618860510805501
1951,0.5638506876227898
1952,0.6031434184675835
1953,0.5658153241650294
1954,0.555992141453831
1955,0.550098231827112
1956,0.5972495088408645
1957,0.550098231827112
1958,0.550098231827112
1959,0.5717092337917485
1960,0.5913555992141454
1961,0.587426326129666
1962,0.5677799607072691
1963,0.5834970530451866
1964,0.5363457760314342
1965,0.5893909626719057
1966,0.581532416502947
1967,0.6051080550098232
1968,0.5599214145383105
1969,0.6090373280943026
1970,0.5618860510805501
1971,0.5658153241650294
1972,0.5481335952848723
1973,0.5658153241650294
1974,0.5638506876227898
1975,0.5756385068762279
1976,0.5697445972495089
1977,0.5677799607072691
1978,0.5579567779960707
1979,0.5795677799607073
1980,0.5834970530451866
1981,0.5795677799607073
1982,0.5697445972495089
1983,0.555992141453831
1984,0.5677799607072691
1985,0.550098231827112
1986,0.5225933202357563
1987,0.5795677799607073
1988,0.6267190569744597
1989,0.5717092337917485
1990,0.5776031434184676
1991,0.5579567779960707
1992,0.5795677799607073
1993,0.5638506876227898
1994,0.5461689587426326
1995,0.5756385068762279
1996,0.5756385068762279
1997,0.5363457760314342
1998,0.5638506876227898
1999,0.5658153241650294
2000,0.550098231827112
2001,0.5736738703339882
2002,0.581532416502947
2003,0.5599214145383105
2004,0.5599214145383105
2005,0.5658153241650294
2006,0.5717092337917485
2007,0.555992141453831
2008,0.5756385068762279
2009,0.5638506876227898
2010,0.5658153241650294
2011,0.5540275049115914
2012,0.5324165029469549
2013,0.6129666011787819
2014,0.5677799607072691
2015,0.581532416502947
2016,0.5756385068762279
2017,0.550098231827112
2018,0.593320235756385
2019,0.6149312377210217
2020,0.5776031434184676
2021,0.5618860510805501
2022,0.5736738703339882
2023,0.5854616895874263
2024,0.5579567779960707
2025,0.5127701375245579
2026,0.5481335952848723
2027,0.5913555992141454
2028,0.5579567779960707
2029,0.5776031434184676
2030,0.550098231827112
2031,0.5756385068762279
2032,0.6051080550098232
2033,0.5520628683693517
2034,0.555992141453831
2035,0.5265225933202358
2036,0.593320235756385
2037,0.587426326129666
2038,0.5304518664047151
2039,0.5383104125736738
2040,0.5677799607072691
2041,0.5756385068762279
2042,0.5383104125736738
2043,0.5540275049115914
2044,0.5677799607072691
2045,0.5913555992141454
2046,0.5599214145383105
2047,0.5658153241650294
2048,0.5383104125736738
2049,0.5579567779960707
2050,0.5540275049115914
2051,0.5677799607072691
2052,0.6070726915520629
2053,0.5854616895874263
2054,0.5579567779960707
2055,0.5717092337917485
2056,0.5952848722986247
2057,0.5540275049115914
2058,0.5776031434184676
2059,0.6051080550098232
2060,0.555992141453831
2061,0.5461689587426326
2062,0.550098231827112
2063,0.5618860510805501
2064,0.5677799607072691
2065,0.5756385068762279
2066,0.5952848722986247
2067,0.6011787819253438
2068,0.5618860510805501
2069,0.5402750491159135
2070,0.5854616895874263
2071,0.5658153241650294
2072,0.5481335952848723
2073,0.518664047151277
2074,0.5893909626719057
2075,0.587426326129666
2076,0.5756385068762279
2077,0.5795677799607073
2078,0.5913555992141454
2079,0.5677799607072691
2080,0.593320235756385
2081,0.5422396856581533
2082,0.5736738703339882
2083,0.5658153241650294
2084,0.5854616895874263
2085,0.5579567779960707
2086,0.5834970530451866
2087,0.5697445972495089
2088,0.5481335952848723
2089,0.587426326129666
2090,0.5893909626719057
2091,0.5756385068762279
2092,0.5049115913555993
2093,0.5834970530451866
2094,0.5422396856581533
2095,0.5677799607072691
2096,0.5658153241650294
2097,0.5795677799607073
2098,0.5658153241650294
2099,0.5776031434184676
2100,0.5383104125736738
2101,0.5540275049115914
2102,0.5717092337917485
2103,0.5520628683693517
2104,0.5618860510805501
2105,0.5697445972495089
2106,0.5638506876227898
2107,0.5638506876227898
2108,0.5736738703339882
2109,0.5638506876227898
2110,0.5618860510805501
2111,0.5854616895874263
2112,0.550098231827112
2113,0.5658153241650294
2114,0.5658153241650294
2115,0.550098231827112
2116,0.5599214145383105
2117,0.5697445972495089
2118,0.6011787819253438
2119,0.5795677799607073
2120,0.581532416502947
2121,0.5697445972495089
2122,0.5599214145383105
2123,0.5972495088408645
2124,0.5854616895874263
2125,0.5638506876227898
2126,0.593320235756385
2127,0.581532416502947
2128,0.5717092337917485
2129,0.5520628683693517
2130,0.6090373280943026
2131,0.593320235756385
2132,0.5402750491159135
2133,0.5913555992141454
2134,0.5520628683693517
2135,0.6031434184675835
2136,0.5952848722986247
2137,0.581532416502947
2138,0.618860510805501
2139,0.5972495088408645
2140,0.581532416502947
2141,0.5638506876227898
2142,0.5658153241650294
2143,0.5658153241650294
2144,0.5697445972495089
2145,0.5756385068762279
2146,0.5697445972495089
2147,0.587426326129666
2148,0.5658153241650294
2149,0.6129666011787819
2150,0.550098231827112
2151,0.5383104125736738
2152,0.5952848722986247
2153,0.5952848722986247
2154,0.6129666011787819
2155,0.5834970530451866
2156,0.5913555992141454
2157,0.6110019646365422
2158,0.581532416502947
2159,0.5893909626719057
2160,0.5402750491159135
2161,0.587426326129666
2162,0.593320235756385
2163,0.5461689587426326
2164,0.5736738703339882
2165,0.6070726915520629
2166,0.5697445972495089
2167,0.5834970530451866
2168,0.5736738703339882
2169,0.5481335952848723
2170,0.5697445972495089
2171,0.5618860510805501
2172,0.6110019646365422
2173,0.5736738703339882
2174,0.5893909626719057
2175,0.5697445972495089
2176,0.5579567779960707
2177,0.5697445972495089
2178,0.5736738703339882
2179,0.5324165029469549
2180,0.5677799607072691
2181,0.5913555992141454
2182,0.5658153241650294
2183,0.587426326129666
2184,0.5599214145383105
2185,0.5854616895874263
2186,0.5638506876227898
2187,0.5913555992141454
2188,0.5658153241650294
2189,0.587426326129666
2190,0.5992141453831041
2191,0.5717092337917485
2192,0.5972495088408645
2193,0.5383104125736738
2194,0.593320235756385
2195,0.5540275049115914
2196,0.5638506876227898
2197,0.5992141453831041
2198,0.6031434184675835
2199,0.587426326129666
2200,0.5992141453831041
2201,0.581532416502947
2202,0.5776031434184676
2203,0.555992141453831
2204,0.5736738703339882
2205,0.6070726915520629
2206,0.5422396856581533
2207,0.593320235756385
2208,0.5284872298624754
2209,0.5736738703339882
2210,0.5579567779960707
2211,0.587426326129666
2212,0.5756385068762279
2213,0.5658153241650294
2214,0.6051080550098232
2215,0.5834970530451866
2216,0.5540275049115914
2217,0.5540275049115914
2218,0.581532416502947
2219,0.5913555992141454
2220,0.5854616895874263
2221,0.5776031434184676
2222,0.5697445972495089
2223,0.5618860510805501
2224,0.5893909626719057
2225,0.5952848722986247
2226,0.6129666011787819
2227,0.5776031434184676
2228,0.5520628683693517
2229,0.5756385068762279
2230,0.5658153241650294
2231,0.5952848722986247
2232,0.5618860510805501
2233,0.5697445972495089
2234,0.5717092337917485
2235,0.5579567779960707
2236,0.5736738703339882
2237,0.5363457760314342
2238,0.5540275049115914
2239,0.5520628683693517
2240,0.5461689587426326
2241,0.5599214145383105
2242,0.5952848722986247
2243,0.5736738703339882
2244,0.581532416502947
2245,0.5893909626719057
2246,0.5697445972495089
2247,0.5795677799607073
2248,0.5795677799607073
2249,0.5442043222003929
2250,0.5697445972495089
2251,0.5697445972495089
2252,0.5658153241650294
2253,0.6149312377210217
2254,0.587426326129666
2255,0.5756385068762279
2256,0.5461689587426326
2257,0.555992141453831
2258,0.5697445972495089
2259,0.581532416502947
2260,0.5579567779960707
2261,0.5520628683693517
2262,0.593320235756385
2263,0.5677799607072691
2264,0.6129666011787819
2265,0.5795677799607073
2266,0.5520628683693517
2267,0.5992141453831041
2268,0.5618860510805501
2269,0.5481335952848723
2270,0.5697445972495089
2271,0.5304518664047151
2272,0.5481335952848723
2273,0.5599214145383105
2274,0.587426326129666
2275,0.5618860510805501
2276,0.5972495088408645
2277,0.5658153241650294
2278,0.5520628683693517
2279,0.5795677799607073
2280,0.6051080550098232
2281,0.5481335952848723
2282,0.5776031434184676
2283,0.5599214145383105
2284,0.5697445972495089
2285,0.5756385068762279
2286,0.5992141453831041
2287,0.5952848722986247
2288,0.550098231827112
2289,0.5913555992141454
2290,0.6011787819253438
2291,0.587426326129666
2292,0.6070726915520629
2293,0.5717092337917485
2294,0.5677799607072691
2295,0.5913555992141454
2296,0.5658153241650294
2297,0.5913555992141454
2298,0.6031434184675835
2299,0.5756385068762279
2300,0.555992141453831
2301,0.5756385068762279
2302,0.5913555992141454
2303,0.5481335952848723
2304,0.5540275049115914
2305,0.5677799607072691
2306,0.5599214145383105
2307,0.5717092337917485
2308,0.5540275049115914
2309,0.593320235756385
2310,0.5756385068762279
2311,0.5579567779960707
2312,0.5638506876227898
2313,0.581532416502947
2314,0.5776031434184676
2315,0.5854616895874263
2316,0.5520628683693517
2317,0.5442043222003929
2318,0.555992141453831
2319,0.5540275049115914
2320,0.6168958742632613
2321,0.5442043222003929
2322,0.5520628683693517
2323,0.5088408644400786
2324,0.5638506876227898
2325,0.550098231827112
2326,0.5520628683693517
2327,0.5618860510805501
2328,0.5992141453831041
2329,0.581532416502947
2330,0.5481335952848723
2331,0.5677799607072691
2332,0.5776031434184676
2333,0.5540275049115914
2334,0.5540275049115914
2335,0.5972495088408645
2336,0.5658153241650294
2337,0.5736738703339882
2338,0.5795677799607073
2339,0.5442043222003929
2340,0.5461689587426326
2341,0.5717092337917485
2342,0.5795677799607073
2343,0.5697445972495089
2344,0.5540275049115914
2345,0.5540275049115914
2346,0.5284872298624754
2347,0.5717092337917485
2348,0.5992141453831041
2349,0.5854616895874263
2350,0.6110019646365422
2351,0.5618860510805501
2352,0.5697445972495089
2353,0.5854616895874263
2354,0.5795677799607073
2355,0.5893909626719057
2356,0.5913555992141454
2357,0.5795677799607073
2358,0.5658153241650294
2359,0.5599214145383105
2360,0.5697445972495089
2361,0.5442043222003929
2362,0.5717092337917485
2363,0.5618860510805501
2364,0.5383104125736738
2365,0.550098231827112
2366,0.5677799607072691
2367,0.5736738703339882
2368,0.5972495088408645
2369,0.5461689587426326
2370,0.5776031434184676
2371,0.5677799607072691
2372,0.5854616895874263
2373,0.5284872298624754
2374,0.5461689587426326
2375,0.5540275049115914
2376,0.5795677799607073
2377,0.5854616895874263
2378,0.5776031434184676
2379,0.5579567779960707
2380,0.5638506876227898
2381,0.5756385068762279
2382,0.5579567779960707
2383,0.6070726915520629
2384,0.5834970530451866
2385,0.5383104125736738
2386,0.5776031434184676
2387,0.5736738703339882
2388,0.5736738703339882
2389,0.5952848722986247
2390,0.5756385068762279
2391,0.5697445972495089
2392,0.5697445972495089
2393,0.6031434184675835
2394,0.5599214145383105
2395,0.5736738703339882
2396,0.5618860510805501
2397,0.5638506876227898
2398,0.5677799607072691
2399,0.6227897838899804
2400,0.5599214145383105
2401,0.5834970530451866
2402,0.5795677799607073
2403,0.5658153241650294
2404,0.555992141453831
2405,0.555992141453831
2406,0.5638506876227898
2407,0.5697445972495089
2408,0.5854616895874263
2409,0.5697445972495089
2410,0.6011787819253438
2411,0.6070726915520629
2412,0.5599214145383105
2413,0.5756385068762279
2414,0.5442043222003929
2415,0.555992141453831
2416,0.5618860510805501
2417,0.5481335952848723
2418,0.5599214145383105
2419,0.5599214145383105
2420,0.5697445972495089
2421,0.581532416502947
2422,0.5638506876227898
2423,0.5540275049115914
2424,0.5795677799607073
2425,0.6090373280943026
2426,0.6090373280943026
2427,0.5677799607072691
2428,0.5638506876227898
2429,0.5972495088408645
2430,0.581532416502947
2431,0.593320235756385
2432,0.5677799607072691
2433,0.555992141453831
2434,0.5520628683693517
2435,0.5736738703339882
2436,0.5893909626719057
2437,0.5952848722986247
2438,0.5638506876227898
2439,0.5854616895874263
2440,0.5383104125736738
2441,0.5756385068762279
2442,0.5402750491159135
2443,0.5834970530451866
2444,0.5697445972495089
2445,0.5834970530451866
2446,0.5736738703339882
2447,0.5579567779960707
2448,0.5422396856581533
2449,0.5717092337917485
2450,0.5717092337917485
2451,0.5697445972495089
2452,0.5343811394891945
2453,0.5638506876227898
2454,0.550098231827112
2455,0.5579567779960707
2456,0.5579567779960707
2457,0.587426326129666
2458,0.5638506876227898
2459,0.587426326129666
2460,0.5304518664047151
2461,0.5992141453831041
2462,0.5383104125736738
2463,0.6227897838899804
2464,0.6031434184675835
2465,0.6011787819253438
2466,0.5893909626719057
2467,0.5579567779960707
2468,0.5402750491159135
2469,0.5697445972495089
2470,0.5697445972495089
2471,0.5481335952848723
2472,0.5756385068762279
2473,0.5952848722986247
2474,0.6011787819253438
2475,0.5618860510805501
2476,0.5599214145383105
2477,0.5540275049115914
2478,0.5992141453831041
2479,0.5618860510805501
2480,0.5717092337917485
2481,0.5343811394891945
2482,0.5461689587426326
2483,0.555992141453831
2484,0.5834970530451866
2485,0.5972495088408645
2486,0.5461689587426326
2487,0.5697445972495089
2488,0.5422396856581533
2489,0.5638506876227898
2490,0.5795677799607073
2491,0.5343811394891945
2492,0.5461689587426326
2493,0.5638506876227898
2494,0.5442043222003929
2495,0.5677799607072691
2496,0.581532416502947
2497,0.5363457760314342
2498,0.593320235756385
2499,0.5618860510805501
2500,0.6031434184675835
2501,0.581532416502947
2502,0.5677799607072691
2503,0.5677799607072691
2504,0.5893909626719057
2505,0.5442043222003929
2506,0.5638506876227898
2507,0.5658153241650294
2508,0.587426326129666
2509,0.5893909626719057
2510,0.5756385068762279
2511,0.5658153241650294
2512,0.5638506876227898
2513,0.5579567779960707
2514,0.5736738703339882
2515,0.5461689587426326
2516,0.581532416502947
2517,0.5992141453831041
2518,0.5952848722986247
2519,0.550098231827112
2520,0.5697445972495089
2521,0.5952848722986247
2522,0.5756385068762279
2523,0.587426326129666
2524,0.5520628683693517
2525,0.5540275049115914
2526,0.5893909626719057
2527,0.5618860510805501
2528,0.5677799607072691
2529,0.5638506876227898
2530,0.5697445972495089
2531,0.5717092337917485
2532,0.5481335952848723
2533,0.5658153241650294
2534,0.5147347740667977
2535,0.555992141453831
2536,0.5834970530451866
2537,0.5756385068762279
2538,0.6011787819253438
2539,0.5952848722986247
2540,0.5834970530451866
2541,0.5265225933202358
2542,0.555992141453831
2543,0.550098231827112
2544,0.5736738703339882
2545,0.5658153241650294
2546,0.5972495088408645
2547,0.5599214145383105
2548,0.5599214145383105
2549,0.5579567779960707
2550,0.5658153241650294
2551,0.5795677799607073
2552,0.5776031434184676
2553,0.5324165029469549
2554,0.5913555992141454
2555,0.5677799607072691
2556,0.587426326129666
2557,0.5972495088408645
2558,0.5540275049115914
2559,0.5540275049115914
2560,0.5638506876227898
2561,0.5776031434184676
2562,0.555992141453831
2563,0.5618860510805501
2564,0.587426326129666
2565,0.5658153241650294
2566,0.5638506876227898
2567,0.6090373280943026
2568,0.581532416502947
2569,0.550098231827112
2570,0.5599214145383105
2571,0.5658153241650294
2572,0.5402750491159135
2573,0.5972495088408645
2574,0.5834970530451866
2575,0.593320235756385
2576,0.5618860510805501
2577,0.5677799607072691
2578,0.5265225933202358
2579,0.5265225933202358
2580,0.5795677799607073
2581,0.5481335952848723
2582,0.581532416502947
2583,0.5343811394891945
2584,0.5736738703339882
2585,0.555992141453831
2586,0.555992141453831
2587,0.5520628683693517
2588,0.5677799607072691
2589,0.555992141453831
2590,0.5736738703339882
2591,0.5599214145383105
2592,0.5736738703339882
2593,0.5540275049115914
2594,0.5913555992141454
2595,0.5481335952848723
2596,0.5540275049115914
2597,0.6090373280943026
2598,0.5776031434184676
2599,0.5952848722986247
2600,0.5854616895874263
2601,0.550098231827112
2602,0.5481335952848723
2603,0.5795677799607073
2604,0.5717092337917485
2605,0.5972495088408645
2606,0.5304518664047151
2607,0.581532416502947
2608,0.593320235756385
2609,0.593320235756385
2610,0.5854616895874263
2611,0.5717092337917485
2612,0.5972495088408645
2613,0.5736738703339882
2614,0.5599214145383105
2615,0.5677799607072691
2616,0.5893909626719057
2617,0.587426326129666
2618,0.5776031434184676
2619,0.5618860510805501
2620,0.5893909626719057
2621,0.5599214145383105
2622,0.5834970530451866
2623,0.5776031434184676
2624,0.555992141453831
2625,0.5520628683693517
2626,0.5363457760314342
2627,0.5422396856581533
2628,0.5343811394891945
2629,0.5717092337917485
2630,0.5658153241650294
2631,0.5383104125736738
2632,0.5854616895874263
2633,0.5599214145383105
2634,0.5697445972495089
2635,0.5834970530451866
2636,0.5834970530451866
2637,0.5972495088408645
2638,0.5618860510805501
2639,0.5599214145383105
2640,0.5952848722986247
2641,0.5717092337917485
2642,0.5776031434184676
2643,0.6031434184675835
2644,0.5579567779960707
2645,0.5893909626719057
2646,0.5893909626719057
2647,0.5383104125736738
2648,0.5854616895874263
2649,0.5736738703339882
2650,0.5697445972495089
2651,0.5795677799607073
2652,0.5854616895874263
2653,0.5952848722986247
2654,0.5540275049115914
2655,0.5540275049115914
2656,0.5579567779960707
2657,0.5658153241650294
2658,0.581532416502947
2659,0.5481335952848723
2660,0.5461689587426326
2661,0.5795677799607073
2662,0.5972495088408645
2663,0.5540275049115914
2664,0.5520628683693517
2665,0.5599214145383105
2666,0.5540275049115914
2667,0.5343811394891945
2668,0.5579567779960707
2669,0.5795677799607073
2670,0.5461689587426326
2671,0.5697445972495089
2672,0.5461689587426326
2673,0.5658153241650294
2674,0.6011787819253438
2675,0.5658153241650294
2676,0.6129666011787819
2677,0.5579567779960707
2678,0.6051080550098232
2679,0.5324165029469549
2680,0.5383104125736738
2681,0.5697445972495089
2682,0.5422396856581533
2683,0.5972495088408645
2684,0.5736738703339882
2685,0.587426326129666
2686,0.5402750491159135
2687,0.5677799607072691
2688,0.550098231827112
2689,0.5618860510805501
2690,0.5579567779960707
2691,0.5952848722986247
2692,0.5481335952848723
2693,0.5952848722986247
2694,0.5736738703339882
2695,0.5834970530451866
2696,0.5795677799607073
2697,0.5697445972495089
2698,0.5422396856581533
2699,0.5992141453831041
2700,0.5834970530451866
2701,0.5697445972495089
2702,0.593320235756385
2703,0.5658153241650294
2704,0.5697445972495089
2705,0.6110019646365422
2706,0.5618860510805501
2707,0.5992141453831041
2708,0.5579567779960707
2709,0.5520628683693517
2710,0.5618860510805501
2711,0.5599214145383105
2712,0.5658153241650294
2713,0.5618860510805501
2714,0.5795677799607073
2715,0.5756385068762279
2716,0.5697445972495089
2717,0.5618860510805501
2718,0.5481335952848723
2719,0.6326129666011788
2720,0.5520628683693517
2721,0.5854616895874263
2722,0.5776031434184676
2723,0.5383104125736738
2724,0.5834970530451866
2725,0.6208251473477406
2726,0.5697445972495089
2727,0.5638506876227898
2728,0.555992141453831
2729,0.5756385068762279
2730,0.5461689587426326
2731,0.5736738703339882
2732,0.5952848722986247
2733,0.5893909626719057
2734,0.5697445972495089
2735,0.5599214145383105
2736,0.5402750491159135
2737,0.5540275049115914
2738,0.5442043222003929
2739,0.5658153241650294
2740,0.5343811394891945
2741,0.6031434184675835
2742,0.550098231827112
2743,0.5972495088408645
2744,0.5442043222003929
2745,0.5442043222003929
2746,0.5795677799607073
2747,0.5599214145383105
2748,0.5972495088408645
2749,0.5638506876227898
2750,0.555992141453831
2751,0.5717092337917485
2752,0.5343811394891945
2753,0.5540275049115914
2754,0.5717092337917485
2755,0.5697445972495089
2756,0.5972495088408645
2757,0.5834970530451866
2758,0.5913555992141454
2759,0.5677799607072691
2760,0.5795677799607073
2761,0.5638506876227898
2762,0.5834970530451866
2763,0.5638506876227898
2764,0.5343811394891945
2765,0.5677799607072691
2766,0.6208251473477406
2767,0.5461689587426326
2768,0.5618860510805501
2769,0.5717092337917485
2770,0.581532416502947
2771,0.5422396856581533
2772,0.5795677799607073
2773,0.5658153241650294
2774,0.6227897838899804
2775,0.5461689587426326
2776,0.5579567779960707
2777,0.5579567779960707
2778,0.6051080550098232
2779,0.6051080550098232
2780,0.5893909626719057
2781,0.5952848722986247
2782,0.5736738703339882
2783,0.581532416502947
2784,0.5756385068762279
2785,0.5893909626719057
2786,0.5343811394891945
2787,0.5520628683693517
2788,0.5481335952848723
2789,0.593320235756385
2790,0.5422396856581533
2791,0.5677799607072691
2792,0.5854616895874263
2793,0.5697445972495089
2794,0.5717092337917485
2795,0.5638506876227898
2796,0.5442043222003929
2797,0.5736738703339882
2798,0.5697445972495089
2799,0.6011787819253438
2800,0.5225933202357563
2801,0.5776031434184676
2802,0.5540275049115914
2803,0.5599214145383105
2804,0.5579567779960707
2805,0.5677799607072691
2806,0.5992141453831041
2807,0.5422396856581533
2808,0.5658153241650294
2809,0.5992141453831041
2810,0.5717092337917485
2811,0.5913555992141454
2812,0.5363457760314342
2813,0.5599214145383105
2814,0.5893909626719057
2815,0.5756385068762279
2816,0.5540275049115914
2817,0.5697445972495089
2818,0.5442043222003929
2819,0.5540275049115914
2820,0.587426326129666
2821,0.5756385068762279
2822,0.5520628683693517
2823,0.5952848722986247
2824,0.5677799607072691
2825,0.5383104125736738
2826,0.5599214145383105
2827,0.5677799607072691
2828,0.550098231827112
2829,0.5795677799607073
2830,0.5795677799607073
2831,0.5579567779960707
2832,0.5481335952848723
2833,0.593320235756385
2834,0.5540275049115914
2835,0.6011787819253438
2836,0.5599214145383105
2837,0.5579567779960707
2838,0.5893909626719057
2839,0.5658153241650294
2840,0.6051080550098232
2841,0.5245579567779961
2842,0.5461689587426326
2843,0.5677799607072691
2844,0.5383104125736738
2845,0.5422396856581533
2846,0.5952848722986247
2847,0.5618860510805501
2848,0.5245579567779961
2849,0.5638506876227898
2850,0.5756385068762279
2851,0.5697445972495089
2852,0.5854616895874263
2853,0.5402750491159135
2854,0.518664047151277
2855,0.5834970530451866
2856,0.5795677799607073
2857,0.5776031434184676
2858,0.5756385068762279
2859,0.5677799607072691
2860,0.5697445972495089
2861,0.5756385068762279
2862,0.5736738703339882
2863,0.5520628683693517
2864,0.6051080550098232
2865,0.555992141453831
2866,0.5795677799607073
2867,0.5383104125736738
2868,0.581532416502947
2869,0.5658153241650294
2870,0.5972495088408645
2871,0.5599214145383105
2872,0.5717092337917485
2873,0.5461689587426326
2874,0.5717092337917485
2875,0.5776031434184676
2876,0.5618860510805501
2877,0.5776031434184676
2878,0.5481335952848723
2879,0.587426326129666
2880,0.5717092337917485
2881,0.555992141453831
2882,0.5776031434184676
2883,0.5717092337917485
2884,0.5481335952848723
2885,0.5579567779960707
2886,0.5481335952848723
2887,0.5717092337917485
2888,0.581532416502947
2889,0.5795677799607073
2890,0.5913555992141454
2891,0.5776031434184676
2892,0.581532416502947
2893,0.5972495088408645
2894,0.5638506876227898
2895,0.5736738703339882
2896,0.5717092337917485
2897,0.5658153241650294
2898,0.5952848722986247
2899,0.5854616895874263
2900,0.555992141453831
2901,0.587426326129666
2902,0.5461689587426326
2903,0.5834970530451866
2904,0.555992141453831
2905,0.5756385068762279
2906,0.5834970530451866
2907,0.5677799607072691
2908,0.5677799607072691
2909,0.5717092337917485
2910,0.5402750491159135
2911,0.5717092337917485
2912,0.5579567779960707
2913,0.5225933202357563
2914,0.5658153241650294
2915,0.5717092337917485
2916,0.5834970530451866
2917,0.5520628683693517
2918,0.5834970530451866
2919,0.5893909626719057
2920,0.5717092337917485
2921,0.5402750491159135
2922,0.5638506876227898
2923,0.581532416502947
2924,0.5579567779960707
2925,0.5736738703339882
2926,0.5677799607072691
2927,0.5776031434184676
2928,0.581532416502947
2929,0.5461689587426326
2930,0.5618860510805501
2931,0.6011787819253438
2932,0.5697445972495089
2933,0.6129666011787819
2934,0.5717092337917485
2935,0.5717092337917485
2936,0.5834970530451866
2937,0.5481335952848723
2938,0.5579567779960707
2939,0.5599214145383105
2940,0.5599214145383105
2941,0.5618860510805501
2942,0.5461689587426326
2943,0.5658153241650294
2944,0.5363457760314342
2945,0.6051080550098232
2946,0.5776031434184676
2947,0.5736738703339882
2948,0.5854616895874263
2949,0.5913555992141454
2950,0.5677799607072691
2951,0.5520628683693517
2952,0.5363457760314342
2953,0.5618860510805501
2954,0.555992141453831
2955,0.5638506876227898
2956,0.5952848722986247
2957,0.5579567779960707
2958,0.5736738703339882
2959,0.5422396856581533
2960,0.5795677799607073
2961,0.5520628683693517
2962,0.5618860510805501
2963,0.5284872298624754
2964,0.5717092337917485
2965,0.5717092337917485
2966,0.5854616895874263
2967,0.5442043222003929
2968,0.5540275049115914
2969,0.5854616895874263
2970,0.5717092337917485
2971,0.5658153241650294
2972,0.581532416502947
2973,0.5677799607072691
2974,0.5520628683693517
2975,0.5697445972495089
2976,0.5677799607072691
2977,0.5383104125736738
2978,0.5854616895874263
2979,0.5717092337917485
2980,0.6090373280943026
2981,0.5461689587426326
2982,0.5736738703339882
2983,0.5952848722986247
2984,0.5756385068762279
2985,0.5520628683693517
2986,0.5599214145383105
2987,0.5442043222003929
2988,0.5677799607072691
2989,0.5677799607072691
2990,0.5658153241650294
2991,0.5677799607072691
2992,0.5776031434184676
2993,0.6365422396856582
2994,0.5579567779960707
2995,0.5677799607072691
2996,0.5638506876227898
2997,0.555992141453831
2998,0.6110019646365422
2999,0.550098231827112
3000,0.5618860510805501
3001,0.5972495088408645
3002,0.5756385068762279
3003,0.5402750491159135
3004,0.5618860510805501
3005,0.6031434184675835
3006,0.6129666011787819
3007,0.5658153241650294
3008,0.5638506876227898
3009,0.5697445972495089
3010,0.587426326129666
3011,0.555992141453831
3012,0.5795677799607073
3013,0.5638506876227898
3014,0.5442043222003929
3015,0.5776031434184676
3016,0.5756385068762279
3017,0.5540275049115914
3018,0.6090373280943026
3019,0.5952848722986247
3020,0.6031434184675835
3021,0.5776031434184676
3022,0.5422396856581533
3023,0.6090373280943026
3024,0.5677799607072691
3025,0.5913555992141454
3026,0.5599214145383105
3027,0.5795677799607073
3028,0.5225933202357563
3029,0.5461689587426326
3030,0.5776031434184676
3031,0.5854616895874263
3032,0.555992141453831
3033,0.5952848722986247
3034,0.5579567779960707
3035,0.6051080550098232
3036,0.5736738703339882
3037,0.5599214145383105
3038,0.5697445972495089
3039,0.5717092337917485
3040,0.550098231827112
3041,0.593320235756385
3042,0.5461689587426326
3043,0.5599214145383105
3044,0.5972495088408645
3045,0.5461689587426326
3046,0.5540275049115914
3047,0.5618860510805501
3048,0.581532416502947
3049,0.5756385068762279
3050,0.5756385068762279
3051,0.5579567779960707
3052,0.5579567779960707
3053,0.5658153241650294
3054,0.5638506876227898
3055,0.5795677799607073
3056,0.5658153241650294
3057,0.5422396856581533
3058,0.5579567779960707
3059,0.5972495088408645
3060,0.5795677799607073
3061,0.5638506876227898
3062,0.555992141453831
3063,0.5422396856581533
3064,0.6110019646365422
3065,0.5952848722986247
3066,0.5893909626719057
3067,0.5854616895874263
3068,0.5756385068762279
3069,0.6011787819253438
3070,0.581532416502947
3071,0.5913555992141454
3072,0.5599214145383105
3073,0.5736738703339882
3074,0.6031434184675835
3075,0.593320235756385
3076,0.5893909626719057
3077,0.5677799607072691
3078,0.5736738703339882
3079,0.550098231827112
3080,0.5638506876227898
3081,0.5717092337917485
3082,0.587426326129666
3083,0.5658153241650294
3084,0.5795677799607073
3085,0.5697445972495089
3086,0.5756385068762279
3087,0.5736738703339882
3088,0.5461689587426326
3089,0.5756385068762279
3090,0.5893909626719057
3091,0.5697445972495089
3092,0.5717092337917485
3093,0.5697445972495089
3094,0.593320235756385
3095,0.5599214145383105
3096,0.5992141453831041
3097,0.5717092337917485
3098,0.587426326129666
3099,0.5677799607072691
3100,0.5265225933202358
3101,0.6129666011787819
3102,0.5284872298624754
3103,0.5265225933202358
3104,0.5854616895874263
3105,0.5756385068762279
3106,0.5638506876227898
3107,0.5677799607072691
3108,0.5599214145383105
3109,0.593320235756385
3110,0.5756385068762279
3111,0.5717092337917485
3112,0.5795677799607073
3113,0.5638506876227898
3114,0.5677799607072691
3115,0.618860510805501
3116,0.6129666011787819
3117,0.5618860510805501
3118,0.5736738703339882
3119,0.5756385068762279
3120,0.5756385068762279
3121,0.5658153241650294
3122,0.5422396856581533
3123,0.5677799607072691
3124,0.5717092337917485
3125,0.5599214145383105
3126,0.581532416502947
3127,0.5736738703339882
3128,0.5618860510805501
3129,0.5952848722986247
3130,0.5834970530451866
3131,0.5992141453831041
3132,0.5658153241650294
3133,0.5677799607072691
3134,0.5402750491159135
3135,0.6090373280943026
3136,0.5677799607072691
3137,0.5952848722986247
3138,0.5736738703339882
3139,0.5638506876227898
3140,0.5658153241650294
3141,0.5717092337917485
3142,0.6267190569744597
3143,0.5952848722986247
3144,0.5520628683693517
3145,0.5638506876227898
3146,0.5618860510805501
3147,0.5834970530451866
3148,0.581532416502947
3149,0.5579567779960707
3150,0.5756385068762279
3151,0.5579567779960707
3152,0.5795677799607073
3153,0.5776031434184676
3154,0.5952848722986247
3155,0.5893909626719057
3156,0.5677799607072691
3157,0.5776031434184676
3158,0.6110019646365422
3159,0.555992141453831
3160,0.5520628683693517
3161,0.581532416502947
3162,0.5854616895874263
3163,0.5618860510805501
3164,0.5795677799607073
3165,0.581532416502947
3166,0.5717092337917485
3167,0.5952848722986247
3168,0.5618860510805501
3169,0.5834970530451866
3170,0.5776031434184676
3171,0.6011787819253438
3172,0.5206286836935167
3173,0.5481335952848723
3174,0.5618860510805501
3175,0.550098231827112
3176,0.5697445972495089
3177,0.593320235756385
3178,0.5795677799607073
3179,0.581532416502947
3180,0.550098231827112
3181,0.5893909626719057
3182,0.5913555992141454
3183,0.6070726915520629
3184,0.5697445972495089
3185,0.5206286836935167
3186,0.5913555992141454
3187,0.5854616895874263
3188,0.5697445972495089
3189,0.6031434184675835
3190,0.5461689587426326
3191,0.5540275049115914
3192,0.555992141453831
3193,0.5717092337917485
3194,0.5776031434184676
3195,0.5422396856581533
3196,0.5736738703339882
3197,0.5717092337917485
3198,0.5736738703339882
3199,0.5717092337917485
3200,0.5520628683693517
3201,0.5776031434184676
3202,0.5913555992141454
3203,0.5638506876227898
3204,0.5717092337917485
3205,0.5618860510805501
3206,0.5776031434184676
3207,0.5402750491159135
3208,0.5618860510805501
3209,0.5776031434184676
3210,0.5618860510805501
3211,0.5383104125736738
3212,0.5756385068762279
3213,0.5717092337917485
3214,0.5677799607072691
3215,0.5442043222003929
3216,0.587426326129666
3217,0.5776031434184676
3218,0.5461689587426326
3219,0.5717092337917485
3220,0.5579567779960707
3221,0.587426326129666
3222,0.5599214145383105
3223,0.5599214145383105
3224,0.5481335952848723
3225,0.5736738703339882
3226,0.5736738703339882
3227,0.5658153241650294
3228,0.5834970530451866
3229,0.5697445972495089
3230,0.5834970530451866
3231,0.5618860510805501
3232,0.555992141453831
3233,0.5697445972495089
3234,0.5383104125736738
3235,0.5402750491159135
3236,0.5658153241650294
3237,0.5972495088408645
3238,0.5658153241650294
3239,0.5245579567779961
3240,0.6070726915520629
3241,0.5520628683693517
3242,0.5736738703339882
3243,0.5638506876227898
3244,0.5481335952848723
3245,0.5658153241650294
3246,0.5245579567779961
3247,0.555992141453831
3248,0.6011787819253438
3249,0.5756385068762279
3250,0.555992141453831
3251,0.5756385068762279
3252,0.5363457760314342
3253,0.5658153241650294
3254,0.5520628683693517
3255,0.550098231827112
3256,0.550098231827112
3257,0.6031434184675835
3258,0.5992141453831041
3259,0.5658153241650294
3260,0.5206286836935167
3261,0.581532416502947
3262,0.555992141453831
3263,0.5776031434184676
3264,0.555992141453831
3265,0.5776031434184676
3266,0.555992141453831
3267,0.5913555992141454
3268,0.5795677799607073
3269,0.550098231827112
3270,0.5520628683693517
3271,0.5579567779960707
3272,0.5952848722986247
3273,0.581532416502947
3274,0.5736738703339882
3275,0.5854616895874263
3276,0.5834970530451866
3277,0.5854616895874263
3278,0.5520628683693517
3279,0.555992141453831
3280,0.6070726915520629
3281,0.5658153241650294
3282,0.5776031434184676
3283,0.5383104125736738
3284,0.5776031434184676
3285,0.5618860510805501
3286,0.5756385068762279
3287,0.5658153241650294
3288,0.5658153241650294
3289,0.587426326129666
3290,0.5854616895874263
3291,0.5402750491159135
3292,0.5717092337917485
3293,0.5638506876227898
3294,0.5834970530451866
3295,0.6011787819253438
3296,0.5913555992141454
3297,0.593320235756385
3298,0.5579567779960707
3299,0.5756385068762279
3300,0.5540275049115914
3301,0.5658153241650294
3302,0.5756385068762279
3303,0.6129666011787819
3304,0.5677799607072691
3305,0.5893909626719057
3306,0.5481335952848723
3307,0.5952848722986247
3308,0.5618860510805501
3309,0.555992141453831
3310,0.5442043222003929
3311,0.5717092337917485
3312,0.5599214145383105
3313,0.6011787819253438
3314,0.5972495088408645
3315,0.5481335952848723
3316,0.5717092337917485
3317,0.5776031434184676
3318,0.5834970530451866
3319,0.5736738703339882
3320,0.5540275049115914
3321,0.5618860510805501
3322,0.5461689587426326
3323,0.5854616895874263
3324,0.5893909626719057
3325,0.555992141453831
3326,0.6051080550098232
3327,0.5579567779960707
3328,0.5540275049115914
3329,0.5854616895874263
3330,0.5540275049115914
3331,0.5677799607072691
3332,0.5658153241650294
3333,0.5658153241650294
3334,0.593320235756385
3335,0.581532416502947
3336,0.5893909626719057
3337,0.5736738703339882
3338,0.5579567779960707
3339,0.5677799607072691
3340,0.5618860510805501
3341,0.5442043222003929
3342,0.5599214145383105
3343,0.5756385068762279
3344,0.5776031434184676
3345,0.550098231827112
3346,0.5638506876227898
3347,0.5658153241650294
3348,0.5697445972495089
3349,0.5343811394891945
3350,0.5736738703339882
3351,0.6070726915520629
3352,0.555992141453831
3353,0.5697445972495089
3354,0.5638506876227898
3355,0.5913555992141454
3356,0.6090373280943026
3357,0.5677799607072691
3358,0.5697445972495089
3359,0.5736738703339882
3360,0.5461689587426326
3361,0.5795677799607073
3362,0.5599214145383105
3363,0.555992141453831
3364,0.581532416502947
3365,0.5638506876227898
3366,0.5520628683693517
3367,0.5461689587426326
3368,0.5579567779960707
3369,0.5854616895874263
3370,0.5776031434184676
3371,0.555992141453831
3372,0.5736738703339882
3373,0.555992141453831
3374,0.5717092337917485
3375,0.5579567779960707
3376,0.5913555992141454
3377,0.5658153241650294
3378,0.5697445972495089
3379,0.5756385068762279
3380,0.5677799607072691
3381,0.5834970530451866
3382,0.5540275049115914
3383,0.5599214145383105
3384,0.5402750491159135
3385,0.5638506876227898
3386,0.5284872298624754
3387,0.5834970530451866
3388,0.5363457760314342
3389,0.5677799607072691
3390,0.6051080550098232
3391,0.5913555992141454
3392,0.5717092337917485
3393,0.5913555992141454
3394,0.5697445972495089
3395,0.5677799607072691
3396,0.5540275049115914
3397,0.587426326129666
3398,0.6090373280943026
3399,0.5736738703339882
3400,0.5599214145383105
3401,0.550098231827112
3402,0.555992141453831
3403,0.5579567779960707
3404,0.5795677799607073
3405,0.5579567779960707
3406,0.5638506876227898
3407,0.5324165029469549
3408,0.6129666011787819
3409,0.5481335952848723
3410,0.581532416502947
3411,0.5461689587426326
3412,0.6051080550098232
3413,0.6168958742632613
3414,0.6070726915520629
3415,0.581532416502947
3416,0.581532416502947
3417,0.5540275049115914
3418,0.555992141453831
3419,0.555992141453831
3420,0.5717092337917485
3421,0.5540275049115914
3422,0.5756385068762279
3423,0.5422396856581533
3424,0.5834970530451866
3425,0.5579567779960707
3426,0.5402750491159135
3427,0.5658153241650294
3428,0.5618860510805501
3429,0.6326129666011788
3430,0.5776031434184676
3431,0.5854616895874263
3432,0.5658153241650294
3433,0.5776031434184676
3434,0.593320235756385
3435,0.5776031434184676
3436,0.5795677799607073
3437,0.5363457760314342
3438,0.5638506876227898
3439,0.5638506876227898
3440,0.5776031434184676
3441,0.5697445972495089
3442,0.5972495088408645
3443,0.5893909626719057
3444,0.5402750491159135
3445,0.6051080550098232
3446,0.6168958742632613
3447,0.5422396856581533
3448,0.6051080550098232
3449,0.5854616895874263
3450,0.581532416502947
3451,0.5638506876227898
3452,0.5520628683693517
3453,0.5854616895874263
3454,0.5756385068762279
3455,0.5638506876227898
3456,0.5540275049115914
3457,0.6168958742632613
3458,0.5658153241650294
3459,0.5697445972495089
3460,0.5658153241650294
3461,0.5343811394891945
3462,0.5834970530451866
3463,0.5776031434184676
3464,0.6051080550098232
3465,0.5697445972495089
3466,0.5893909626719057
3467,0.5618860510805501
3468,0.5638506876227898
3469,0.5717092337917485
3470,0.5697445972495089
3471,0.6031434184675835
3472,0.593320235756385
3473,0.550098231827112
3474,0.5717092337917485
3475,0.5658153241650294
3476,0.5638506876227898
3477,0.6090373280943026
3478,0.5795677799607073
3479,0.593320235756385
3480,0.5736738703339882
3481,0.5795677799607073
3482,0.581532416502947
3483,0.5834970530451866
3484,0.593320235756385
3485,0.5638506876227898
3486,0.5481335952848723
3487,0.5854616895874263
3488,0.5893909626719057
3489,0.587426326129666
3490,0.5736738703339882
3491,0.5893909626719057
3492,0.5795677799607073
3493,0.5717092337917485
3494,0.5697445972495089
3495,0.5717092337917485
3496,0.5795677799607073
3497,0.5952848722986247
3498,0.5638506876227898
3499,0.5756385068762279
3500,0.587426326129666
3501,0.5638506876227898
3502,0.5756385068762279
3503,0.5520628683693517
3504,0.5736738703339882
3505,0.5854616895874263
3506,0.5736738703339882
3507,0.587426326129666
3508,0.5717092337917485
3509,0.581532416502947
3510,0.5756385068762279
3511,0.5540275049115914
3512,0.5834970530451866
3513,0.5618860510805501
3514,0.5638506876227898
3515,0.581532416502947
3516,0.5540275049115914
3517,0.5795677799607073
3518,0.5638506876227898
3519,0.5284872298624754
3520,0.5913555992141454
3521,0.5618860510805501
3522,0.5520628683693517
3523,0.5834970530451866
3524,0.5854616895874263
3525,0.5717092337917485
3526,0.5697445972495089
3527,0.5599214145383105
3528,0.5717092337917485
3529,0.5756385068762279
3530,0.5854616895874263
3531,0.5540275049115914
3532,0.5520628683693517
3533,0.550098231827112
3534,0.5736738703339882
3535,0.5736738703339882
3536,0.5481335952848723
3537,0.5599214145383105
3538,0.5952848722986247
3539,0.5756385068762279
3540,0.5717092337917485
3541,0.5402750491159135
3542,0.5776031434184676
3543,0.5992141453831041
3544,0.5481335952848723
3545,0.5658153241650294
3546,0.550098231827112
3547,0.593320235756385
3548,0.5717092337917485
3549,0.5854616895874263
3550,0.5776031434184676
3551,0.618860510805501
3552,0.5442043222003929
3553,0.5697445972495089
3554,0.5520628683693517
3555,0.5854616895874263
3556,0.5658153241650294
3557,0.5717092337917485
3558,0.555992141453831
3559,0.5677799607072691
3560,0.5697445972495089
3561,0.5992141453831041
3562,0.5579567779960707
3563,0.5834970530451866
3564,0.6129666011787819
3565,0.581532416502947
3566,0.5579567779960707
3567,0.555992141453831
3568,0.5893909626719057
3569,0.5697445972495089
3570,0.6011787819253438
3571,0.5461689587426326
3572,0.5658153241650294
3573,0.5972495088408645
3574,0.5618860510805501
3575,0.5618860510805501
3576,0.5756385068762279
3577,0.5834970530451866
3578,0.5402750491159135
3579,0.5343811394891945
3580,0.5717092337917485
3581,0.5893909626719057
3582,0.587426326129666
3583,0.5618860510805501
3584,0.555992141453831
3585,0.5776031434184676
3586,0.5756385068762279
3587,0.5461689587426326
3588,0.5913555992141454
3589,0.5658153241650294
3590,0.5776031434184676
3591,0.550098231827112
3592,0.5952848722986247
3593,0.5795677799607073
3594,0.5697445972495089
3595,0.6070726915520629
3596,0.581532416502947
3597,0.5854616895874263
3598,0.5913555992141454
3599,0.5579567779960707
3600,0.5481335952848723
3601,0.5638506876227898
3602,0.5324165029469549
3603,0.5383104125736738
3604,0.5717092337917485
3605,0.5422396856581533
3606,0.5599214145383105
3607,0.5677799607072691
3608,0.630648330058939
3609,0.5540275049115914
3610,0.5599214145383105
3611,0.5992141453831041
3612,0.5658153241650294
3613,0.5697445972495089
3614,0.5717092337917485
3615,0.5893909626719057
3616,0.5795677799607073
3617,0.5599214145383105
3618,0.5736738703339882
3619,0.5618860510805501
3620,0.587426326129666
3621,0.5579567779960707
3622,0.555992141453831
3623,0.5638506876227898
3624,0.5579567779960707
3625,0.5776031434184676
3626,0.5599214145383105
3627,0.5893909626719057
3628,0.5658153241650294
3629,0.5913555992141454
3630,0.5972495088408645
3631,0.6110019646365422
3632,0.5834970530451866
3633,0.5618860510805501
3634,0.5795677799607073
3635,0.5540275049115914
3636,0.5520628683693517
3637,0.5717092337917485
3638,0.5795677799607073
3639,0.5343811394891945
3640,0.5618860510805501
3641,0.5972495088408645
3642,0.587426326129666
3643,0.587426326129666
3644,0.5658153241650294
3645,0.5717092337917485
3646,0.5736738703339882
3647,0.581532416502947
3648,0.5854616895874263
3649,0.6031434184675835
3650,0.581532416502947
3651,0.5402750491159135
3652,0.5618860510805501
3653,0.5461689587426326
3654,0.5520628683693517
3655,0.5736738703339882
3656,0.5422396856581533
3657,0.5893909626719057
3658,0.5854616895874263
3659,0.5972495088408645
3660,0.581532416502947
3661,0.5756385068762279
3662,0.5913555992141454
3663,0.5795677799607073
3664,0.5579567779960707
3665,0.5736738703339882
3666,0.5834970530451866
3667,0.5795677799607073
3668,0.5658153241650294
3669,0.5736738703339882
3670,0.5717092337917485
3671,0.5972495088408645
3672,0.5658153241650294
3673,0.5658153241650294
3674,0.5618860510805501
3675,0.5599214145383105
3676,0.593320235756385
3677,0.587426326129666
3678,0.5677799607072691
3679,0.5638506876227898
3680,0.555992141453831
3681,0.5638506876227898
3682,0.5854616895874263
3683,0.5579567779960707
3684,0.5638506876227898
3685,0.5638506876227898
3686,0.5854616895874263
3687,0.550098231827112
3688,0.5697445972495089
3689,0.5697445972495089
3690,0.5736738703339882
3691,0.6129666011787819
3692,0.618860510805501
3693,0.593320235756385
3694,0.5893909626719057
3695,0.581532416502947
3696,0.5697445972495089
3697,0.5481335952848723
3698,0.5776031434184676
3699,0.593320235756385
3700,0.5795677799607073
3701,0.593320235756385
3702,0.5717092337917485
3703,0.587426326129666
3704,0.5913555992141454
3705,0.5579567779960707
3706,0.5756385068762279
3707,0.593320235756385
3708,0.593320235756385
3709,0.5402750491159135
3710,0.5736738703339882
3711,0.5461689587426326
3712,0.5540275049115914
3713,0.593320235756385
3714,0.5461689587426326
3715,0.5638506876227898
3716,0.5579567779960707
3717,0.5363457760314342
3718,0.5402750491159135
3719,0.5756385068762279
3720,0.5834970530451866
3721,0.5854616895874263
3722,0.5579567779960707
3723,0.5658153241650294
3724,0.6070726915520629
3725,0.5442043222003929
3726,0.5677799607072691
3727,0.5776031434184676
3728,0.5972495088408645
3729,0.5756385068762279
3730,0.5795677799607073
3731,0.555992141453831
3732,0.5677799607072691
3733,0.5834970530451866
3734,0.593320235756385
3735,0.5520628683693517
3736,0.5776031434184676
3737,0.5481335952848723
3738,0.555992141453831
3739,0.6070726915520629
3740,0.5618860510805501
3741,0.5638506876227898
3742,0.5697445972495089
3743,0.5795677799607073
3744,0.5795677799607073
3745,0.5383104125736738
3746,0.587426326129666
3747,0.587426326129666
3748,0.5776031434184676
3749,0.5658153241650294
3750,0.5520628683693517
3751,0.550098231827112
3752,0.587426326129666
3753,0.581532416502947
3754,0.5638506876227898
3755,0.5402750491159135
3756,0.5520628683693517
3757,0.5972495088408645
3758,0.5520628683693517
3759,0.5834970530451866
3760,0.587426326129666
3761,0.5913555992141454
3762,0.5442043222003929
3763,0.5913555992141454
3764,0.5972495088408645
3765,0.5913555992141454
3766,0.5854616895874263
3767,0.5854616895874263
3768,0.5992141453831041
3769,0.5520628683693517
3770,0.5677799607072691
3771,0.5677799607072691
3772,0.5756385068762279
3773,0.5952848722986247
3774,0.5972495088408645
3775,0.5422396856581533
3776,0.5992141453831041
3777,0.6031434184675835
3778,0.5756385068762279
3779,0.5343811394891945
3780,0.5717092337917485
3781,0.581532416502947
3782,0.581532416502947
3783,0.5834970530451866
3784,0.5461689587426326
3785,0.5638506876227898
3786,0.5442043222003929
3787,0.5579567779960707
3788,0.5658153241650294
3789,0.5540275049115914
3790,0.5834970530451866
3791,0.5776031434184676
3792,0.587426326129666
3793,0.5520628683693517
3794,0.5854616895874263
3795,0.581532416502947
3796,0.587426326129666
3797,0.5481335952848723
3798,0.5717092337917485
3799,0.6011787819253438
3800,0.581532416502947
3801,0.5756385068762279
3802,0.5579567779960707
3803,0.555992141453831
3804,0.5579567779960707
3805,0.5658153241650294
3806,0.5952848722986247
3807,0.6110019646365422
3808,0.550098231827112
3809,0.5717092337917485
3810,0.5697445972495089
3811,0.5677799607072691
3812,0.5795677799607073
3813,0.587426326129666
3814,0.5795677799607073
3815,0.5677799607072691
3816,0.5599214145383105
3817,0.5383104125736738
3818,0.5540275049115914
3819,0.5854616895874263
3820,0.581532416502947
3821,0.5618860510805501
3822,0.5776031434184676
3823,0.5697445972495089
3824,0.5383104125736738
3825,0.5481335952848723
3826,0.5579567779960707
3827,0.6031434184675835
3828,0.5284872298624754
3829,0.5795677799607073
3830,0.5834970530451866
3831,0.5854616895874263
3832,0.5756385068762279
3833,0.5658153241650294
3834,0.5697445972495089
3835,0.5736738703339882
3836,0.5343811394891945
3837,0.5736738703339882
3838,0.5540275049115914
3839,0.5952848722986247
3840,0.5442043222003929
3841,0.555992141453831
3842,0.5834970530451866
3843,0.5795677799607073
3844,0.6110019646365422
3845,0.5599214145383105
3846,0.5638506876227898
3847,0.5834970530451866
3848,0.6011787819253438
3849,0.5697445972495089
3850,0.5776031434184676
3851,0.5599214145383105
3852,0.5422396856581533
3853,0.5677799607072691
3854,0.5638506876227898
3855,0.5972495088408645
3856,0.5834970530451866
3857,0.5952848722986247
3858,0.5697445972495089
3859,0.5854616895874263
3860,0.5776031434184676
3861,0.5893909626719057
3862,0.6051080550098232
3863,0.5540275049115914
3864,0.5795677799607073
3865,0.5599214145383105
3866,0.5579567779960707
3867,0.5383104125736738
3868,0.6051080550098232
3869,0.5638506876227898
3870,0.5776031434184676
3871,0.5677799607072691
3872,0.5717092337917485
3873,0.555992141453831
3874,0.5736738703339882
3875,0.5717092337917485
3876,0.5893909626719057
3877,0.587426326129666
3878,0.5913555992141454
3879,0.5677799607072691
3880,0.5422396856581533
3881,0.5736738703339882
3882,0.5599214145383105
3883,0.5265225933202358
3884,0.6110019646365422
3885,0.5677799607072691
3886,0.581532416502947
3887,0.6031434184675835
3888,0.5402750491159135
3889,0.5343811394891945
3890,0.6110019646365422
3891,0.5579567779960707
3892,0.5540275049115914
3893,0.5952848722986247
3894,0.593320235756385
3895,0.5638506876227898
3896,0.5756385068762279
3897,0.5834970530451866
3898,0.5442043222003929
3899,0.5461689587426326
3900,0.5776031434184676
3901,0.5736738703339882
3902,0.5717092337917485
3903,0.5972495088408645
3904,0.5658153241650294
3905,0.5893909626719057
3906,0.5893909626719057
3907,0.5893909626719057
3908,0.5265225933202358
3909,0.5481335952848723
3910,0.5756385068762279
3911,0.550098231827112
3912,0.581532416502947
3913,0.5422396856581533
3914,0.5677799607072691
3915,0.5717092337917485
3916,0.5776031434184676
3917,0.5913555992141454
3918,0.555992141453831
3919,0.5795677799607073
3920,0.593320235756385
3921,0.5520628683693517
3922,0.5638506876227898
3923,0.5854616895874263
3924,0.5618860510805501
3925,0.5717092337917485
3926,0.5599214145383105
3927,0.5677799607072691
3928,0.5324165029469549
3929,0.5677799607072691
3930,0.5736738703339882
3931,0.5422396856581533
3932,0.5736738703339882
3933,0.5658153241650294
3934,0.5658153241650294
3935,0.5913555992141454
3936,0.5972495088408645
3937,0.5913555992141454
3938,0.6168958742632613
3939,0.5599214145383105
3940,0.6149312377210217
3941,0.550098231827112
3942,0.5540275049115914
3943,0.550098231827112
3944,0.5461689587426326
3945,0.581532416502947
3946,0.555992141453831
3947,0.581532416502947
3948,0.5697445972495089
3949,0.5893909626719057
3950,0.5481335952848723
3951,0.5756385068762279
3952,0.5697445972495089
3953,0.5893909626719057
3954,0.5736738703339882
3955,0.5638506876227898
3956,0.5520628683693517
3957,0.5579567779960707
3958,0.5677799607072691
3959,0.5717092337917485
3960,0.5697445972495089
3961,0.5363457760314342
3962,0.5913555992141454
3963,0.5579567779960707
3964,0.5834970530451866
3965,0.5343811394891945
3966,0.5972495088408645
3967,0.5736738703339882
3968,0.5461689587426326
3969,0.5717092337917485
3970,0.5658153241650294
3971,0.5913555992141454
3972,0.5834970530451866
3973,0.5638506876227898
3974,0.5599214145383105
3975,0.5697445972495089
3976,0.5893909626719057
3977,0.5618860510805501
3978,0.5618860510805501
3979,0.5717092337917485
3980,0.5618860510805501
3981,0.5618860510805501
3982,0.5304518664047151
3983,0.5776031434184676
3984,0.5697445972495089
3985,0.5422396856581533
3986,0.5756385068762279
3987,0.5658153241650294
3988,0.5618860510805501
3989,0.5795677799607073
3990,0.5992141453831041
3991,0.5795677799607073
3992,0.5363457760314342
3993,0.5324165029469549
3994,0.5717092337917485
3995,0.5579567779960707
3996,0.5893909626719057
3997,0.5422396856581533
3998,0.5324165029469549
3999,0.5383104125736738
4000,0.5717092337917485
4001,0.5461689587426326
4002,0.5717092337917485
4003,0.5343811394891945
4004,0.5599214145383105
4005,0.5992141453831041
4006,0.587426326129666
4007,0.5834970530451866
4008,0.5540275049115914
4009,0.555992141453831
4010,0.6051080550098232
4011,0.6031434184675835
4012,0.5756385068762279
4013,0.5658153241650294
4014,0.618860510805501
4015,0.5638506876227898
4016,0.5638506876227898
4017,0.5363457760314342
4018,0.5854616895874263
4019,0.5599214145383105
4020,0.5756385068762279
4021,0.5461689587426326
4022,0.5972495088408645
4023,0.5952848722986247
4024,0.593320235756385
4025,0.5618860510805501
4026,0.5717092337917485
4027,0.5658153241650294
4028,0.5756385068762279
4029,0.5481335952848723
4030,0.6011787819253438
4031,0.5736738703339882
4032,0.550098231827112
4033,0.587426326129666
4034,0.5481335952848723
4035,0.5717092337917485
4036,0.5893909626719057
4037,0.5422396856581533
4038,0.5913555992141454
4039,0.5579567779960707
4040,0.5658153241650294
4041,0.5893909626719057
4042,0.5972495088408645
4043,0.5952848722986247
4044,0.5913555992141454
4045,0.550098231827112
4046,0.5402750491159135
4047,0.5736738703339882
4048,0.5776031434184676
4049,0.587426326129666
4050,0.5422396856581533
4051,0.5618860510805501
4052,0.5422396856581533
4053,0.6011787819253438
4054,0.5422396856581533
4055,0.5579567779960707
4056,0.5854616895874263
4057,0.5795677799607073
4058,0.5343811394891945
4059,0.5677799607072691
4060,0.581532416502947
4061,0.5540275049115914
4062,0.5461689587426326
4063,0.5638506876227898
4064,0.5481335952848723
4065,0.5599214145383105
4066,0.593320235756385
4067,0.5579567779960707
4068,0.5677799607072691
4069,0.5717092337917485
4070,0.5540275049115914
4071,0.5913555992141454
4072,0.5599214145383105
4073,0.5834970530451866
4074,0.5736738703339882
4075,0.5756385068762279
4076,0.5776031434184676
4077,0.5834970530451866
4078,0.5579567779960707
4079,0.5913555992141454
4080,0.5383104125736738
4081,0.5677799607072691
4082,0.5893909626719057
4083,0.5677799607072691
4084,0.5854616895874263
4085,0.550098231827112
4086,0.5893909626719057
4087,0.5893909626719057
4088,0.5383104125736738
4089,0.555992141453831
4090,0.5442043222003929
4091,0.5599214145383105
4092,0.5658153241650294
4093,0.555992141453831
4094,0.5658153241650294
4095,0.5599214145383105
4096,0.5736738703339882
4097,0.5697445972495089
4098,0.5599214145383105
4099,0.5638506876227898
4100,0.593320235756385
4101,0.5697445972495089
4102,0.5284872298624754
4103,0.5834970530451866
4104,0.5658153241650294
4105,0.555992141453831
4106,0.5343811394891945
4107,0.5599214145383105
4108,0.5677799607072691
4109,0.593320235756385
4110,0.5776031434184676
4111,0.6011787819253438
4112,0.6051080550098232
4113,0.5795677799607073
4114,0.5677799607072691
4115,0.5618860510805501
4116,0.5461689587426326
4117,0.5461689587426326
4118,0.550098231827112
4119,0.5736738703339882
4120,0.5717092337917485
4121,0.5343811394891945
4122,0.5402750491159135
4123,0.5383104125736738
4124,0.587426326129666
4125,0.581532416502947
4126,0.5834970530451866
4127,0.5618860510805501
4128,0.5893909626719057
4129,0.5383104125736738
4130,0.5952848722986247
4131,0.5717092337917485
4132,0.5893909626719057
4133,0.5697445972495089
4134,0.5795677799607073
4135,0.5776031434184676
4136,0.5677799607072691
4137,0.5992141453831041
4138,0.550098231827112
4139,0.5736738703339882
4140,0.587426326129666
4141,0.5225933202357563
4142,0.5422396856581533
4143,0.5677799607072691
4144,0.5481335952848723
4145,0.5834970530451866
4146,0.5677799607072691
4147,0.5756385068762279
4148,0.5756385068762279
4149,0.5225933202357563
4150,0.555992141453831
4151,0.587426326129666
4152,0.5854616895874263
4153,0.5717092337917485
4154,0.5461689587426326
4155,0.5618860510805501
4156,0.5697445972495089
4157,0.5893909626719057
4158,0.581532416502947
4159,0.5756385068762279
4160,0.5402750491159135
4161,0.550098231827112
4162,0.5422396856581533
4163,0.550098231827112
4164,0.5834970530451866
4165,0.5736738703339882
4166,0.555992141453831
4167,0.5893909626719057
4168,0.5442043222003929
4169,0.5756385068762279
4170,0.587426326129666
4171,0.5599214145383105
4172,0.5481335952848723
4173,0.5422396856581533
4174,0.581532416502947
4175,0.5697445972495089
4176,0.5618860510805501
4177,0.587426326129666
4178,0.6267190569744597
4179,0.5697445972495089
4180,0.6011787819253438
4181,0.5481335952848723
4182,0.5579567779960707
4183,0.5854616895874263
4184,0.5343811394891945
4185,0.5442043222003929
4186,0.5717092337917485
4187,0.5834970530451866
4188,0.5795677799607073
4189,0.5992141453831041
4190,0.5579567779960707
4191,0.5225933202357563
4192,0.5638506876227898
4193,0.5697445972495089
4194,0.550098231827112
4195,0.5599214145383105
4196,0.5284872298624754
4197,0.5442043222003929
4198,0.5579567779960707
4199,0.5992141453831041
4200,0.587426326129666
4201,0.5952848722986247
4202,0.5913555992141454
4203,0.5638506876227898
4204,0.5658153241650294
4205,0.5717092337917485
4206,0.5717092337917485
4207,0.581532416502947
4208,0.5913555992141454
4209,0.555992141453831
4210,0.587426326129666
4211,0.5677799607072691
4212,0.5520628683693517
4213,0.5402750491159135
4214,0.5756385068762279
4215,0.5992141453831041
4216,0.5599214145383105
4217,0.5736738703339882
4218,0.6070726915520629
4219,0.6070726915520629
4220,0.5343811394891945
4221,0.5422396856581533
4222,0.581532416502947
4223,0.5776031434184676
4224,0.5599214145383105
4225,0.5442043222003929
4226,0.555992141453831
4227,0.6129666011787819
4228,0.5442043222003929
4229,0.5776031434184676
4230,0.5854616895874263
4231,0.5540275049115914
4232,0.5893909626719057
4233,0.6129666011787819
4234,0.6208251473477406
4235,0.5618860510805501
4236,0.5893909626719057
4237,0.5540275049115914
4238,0.5540275049115914
4239,0.5795677799607073
4240,0.5677799607072691
4241,0.5618860510805501
4242,0.5520628683693517
4243,0.5736738703339882
4244,0.5854616895874263
4245,0.5854616895874263
4246,0.6129666011787819
4247,0.5736738703339882
4248,0.5638506876227898
4249,0.5284872298624754
4250,0.5618860510805501
4251,0.5952848722986247
4252,0.581532416502947
4253,0.5913555992141454
4254,0.5363457760314342
4255,0.5736738703339882
4256,0.5618860510805501
4257,0.5599214145383105
4258,0.5638506876227898
4259,0.5618860510805501
4260,0.5697445972495089
4261,0.5618860510805501
4262,0.550098231827112
4263,0.581532416502947
4264,0.5540275049115914
4265,0.5422396856581533
4266,0.5579567779960707
4267,0.5736738703339882
4268,0.6051080550098232
4269,0.5520628683693517
4270,0.5599214145383105
4271,0.5442043222003929
4272,0.5736738703339882
4273,0.587426326129666
4274,0.5618860510805501
4275,0.593320235756385
4276,0.6011787819253438
4277,0.5717092337917485
4278,0.5736738703339882
4279,0.5893909626719057
4280,0.5442043222003929
4281,0.6051080550098232
4282,0.5461689587426326
4283,0.5854616895874263
4284,0.550098231827112
4285,0.6168958742632613
4286,0.5854616895874263
4287,0.5776031434184676
4288,0.5717092337917485
4289,0.5579567779960707
4290,0.5324165029469549
4291,0.550098231827112
4292,0.5776031434184676
4293,0.5638506876227898
4294,0.5481335952848723
4295,0.5736738703339882
4296,0.581532416502947
4297,0.5736738703339882
4298,0.5402750491159135
4299,0.5834970530451866
4300,0.5834970530451866
4301,0.5540275049115914
4302,0.5756385068762279
4303,0.5599214145383105
4304,0.5893909626719057
4305,0.5402750491159135
4306,0.5893909626719057
4307,0.5658153241650294
4308,0.5834970530451866
4309,0.5795677799607073
4310,0.5893909626719057
4311,0.5834970530451866
4312,0.550098231827112
4313,0.555992141453831
4314,0.5442043222003929
4315,0.581532416502947
4316,0.593320235756385
4317,0.5422396856581533
4318,0.5422396856581533
4319,0.593320235756385
4320,0.5658153241650294
4321,0.581532416502947
4322,0.6090373280943026
4323,0.593320235756385
4324,0.550098231827112
4325,0.5736738703339882
4326,0.593320235756385
4327,0.5481335952848723
4328,0.5776031434184676
4329,0.587426326129666
4330,0.5618860510805501
4331,0.6129666011787819
4332,0.5756385068762279
4333,0.5638506876227898
4334,0.5854616895874263
4335,0.5776031434184676
4336,0.581532416502947
4337,0.5736738703339882
4338,0.5599214145383105
4339,0.587426326129666
4340,0.5402750491159135
4341,0.5579567779960707
4342,0.5383104125736738
4343,0.550098231827112
4344,0.5717092337917485
4345,0.5658153241650294
4346,0.5481335952848723
4347,0.5481335952848723
4348,0.5795677799607073
4349,0.555992141453831
4350,0.5736738703339882
4351,0.5324165029469549
4352,0.5776031434184676
4353,0.5677799607072691
4354,0.5913555992141454
4355,0.5304518664047151
4356,0.5992141453831041
4357,0.5579567779960707
4358,0.5756385068762279
4359,0.5363457760314342
4360,0.5776031434184676
4361,0.5520628683693517
4362,0.5795677799607073
4363,0.5304518664047151
4364,0.5854616895874263
4365,0.5776031434184676
4366,0.5677799607072691
4367,0.5481335952848723
4368,0.5913555992141454
4369,0.5756385068762279
4370,0.5776031434184676
4371,0.5618860510805501
4372,0.5658153241650294
4373,0.5658153241650294
4374,0.5992141453831041
4375,0.5638506876227898
4376,0.5952848722986247
4377,0.5717092337917485
4378,0.5540275049115914
4379,0.5776031434184676
4380,0.5599214145383105
4381,0.5893909626719057
4382,0.5284872298624754
4383,0.587426326129666
4384,0.555992141453831
4385,0.5756385068762279
4386,0.581532416502947
4387,0.5677799607072691
4388,0.5992141453831041
4389,0.5697445972495089
4390,0.5520628683693517
4391,0.5658153241650294
4392,0.5461689587426326
4393,0.593320235756385
4394,0.5599214145383105
4395,0.593320235756385
4396,0.550098231827112
4397,0.5540275049115914
4398,0.593320235756385
4399,0.5854616895874263
4400,0.6031434184675835
4401,0.581532416502947
4402,0.5893909626719057
4403,0.5913555992141454
4404,0.5520628683693517
4405,0.5658153241650294
4406,0.5520628683693517
4407,0.5540275049115914
4408,0.5952848722986247
4409,0.550098231827112
4410,0.5658153241650294
4411,0.5893909626719057
4412,0.5481335952848723
4413,0.5795677799607073
4414,0.587426326129666
4415,0.5677799607072691
4416,0.5776031434184676
4417,0.550098231827112
4418,0.555992141453831
4419,0.5913555992141454
4420,0.5913555992141454
4421,0.5756385068762279
4422,0.5579567779960707
4423,0.5579567779960707
4424,0.5422396856581533
4425,0.5363457760314342
4426,0.5717092337917485
4427,0.5776031434184676
4428,0.6011787819253438
4429,0.5442043222003929
4430,0.5677799607072691
4431,0.5618860510805501
4432,0.5540275049115914
4433,0.5776031434184676
4434,0.5697445972495089
4435,0.5736738703339882
4436,0.5697445972495089
4437,0.587426326129666
4438,0.5697445972495089
4439,0.5461689587426326
4440,0.5854616895874263
4441,0.5717092337917485
4442,0.5776031434184676
4443,0.5776031434184676
4444,0.5658153241650294
4445,0.5618860510805501
4446,0.5913555992141454
4447,0.5520628683693517
4448,0.5422396856581533
4449,0.587426326129666
4450,0.6070726915520629
4451,0.5324165029469549
4452,0.5618860510805501
4453,0.5658153241650294
4454,0.5442043222003929
4455,0.5363457760314342
4456,0.5756385068762279
4457,0.5736738703339882
4458,0.555992141453831
4459,0.5795677799607073
4460,0.5422396856581533
4461,0.5736738703339882
4462,0.5834970530451866
4463,0.6051080550098232
4464,0.5383104125736738
4465,0.5520628683693517
4466,0.5579567779960707
4467,0.5952848722986247
4468,0.5304518664047151
4469,0.5756385068762279
4470,0.6031434184675835
4471,0.5540275049115914
4472,0.555992141453831
4473,0.550098231827112
4474,0.5658153241650294
4475,0.5540275049115914
4476,0.550098231827112
4477,0.5697445972495089
4478,0.5795677799607073
4479,0.5795677799607073
4480,0.5638506876227898
4481,0.5579567779960707
4482,0.5579567779960707
4483,0.5677799607072691
4484,0.5422396856581533
4485,0.5422396856581533
4486,0.6031434184675835
4487,0.593320235756385
4488,0.5913555992141454
4489,0.5776031434184676
4490,0.5736738703339882
4491,0.5029469548133595
4492,0.5383104125736738
4493,0.5540275049115914
4494,0.5481335952848723
4495,0.5854616895874263
4496,0.5618860510805501
4497,0.555992141453831
4498,0.5736738703339882
4499,0.5834970530451866
4500,0.5776031434184676
4501,0.5599214145383105
4502,0.5579567779960707
4503,0.6011787819253438
4504,0.5854616895874263
4505,0.5834970530451866
4506,0.5599214145383105
4507,0.6267190569744597
4508,0.5677799607072691
4509,0.5284872298624754
4510,0.5756385068762279
4511,0.5304518664047151
4512,0.5265225933202358
4513,0.550098231827112
4514,0.5952848722986247
4515,0.550098231827112
4516,0.5756385068762279
4517,0.5854616895874263
4518,0.5677799607072691
4519,0.5442043222003929
4520,0.6031434184675835
4521,0.555992141453831
4522,0.5579567779960707
4523,0.5618860510805501
4524,0.5383104125736738
4525,0.5599214145383105
4526,0.5599214145383105
4527,0.5599214145383105
4528,0.6031434184675835
4529,0.5402750491159135
4530,0.5736738703339882
4531,0.5834970530451866
4532,0.5520628683693517
4533,0.5776031434184676
4534,0.5658153241650294
4535,0.5402750491159135
4536,0.5717092337917485
4537,0.5736738703339882
4538,0.5834970530451866
4539,0.5618860510805501
4540,0.5697445972495089
4541,0.5913555992141454
4542,0.5363457760314342
4543,0.5913555992141454
4544,0.5284872298624754
4545,0.5795677799607073
4546,0.5265225933202358
4547,0.5834970530451866
4548,0.5599214145383105
4549,0.5461689587426326
4550,0.5540275049115914
4551,0.550098231827112
4552,0.5795677799607073
4553,0.5422396856581533
4554,0.555992141453831
4555,0.5972495088408645
4556,0.581532416502947
4557,0.550098231827112
4558,0.6011787819253438
4559,0.555992141453831
4560,0.5834970530451866
4561,0.5383104125736738
4562,0.5363457760314342
4563,0.5225933202357563
4564,0.5697445972495089
4565,0.5618860510805501
4566,0.5717092337917485
4567,0.5736738703339882
4568,0.5776031434184676
4569,0.5618860510805501
4570,0.5756385068762279
4571,0.5736738703339882
4572,0.5913555992141454
4573,0.5599214145383105
4574,0.6070726915520629
4575,0.5540275049115914
4576,0.5952848722986247
4577,0.5992141453831041
4578,0.5717092337917485
4579,0.5756385068762279
4580,0.581532416502947
4581,0.5972495088408645
4582,0.555992141453831
4583,0.6227897838899804
4584,0.5638506876227898
4585,0.5383104125736738
4586,0.5834970530451866
4587,0.5638506876227898
4588,0.5776031434184676
4589,0.5736738703339882
4590,0.5952848722986247
4591,0.5599214145383105
4592,0.5422396856581533
4593,0.5736738703339882
4594,0.5717092337917485
4595,0.555992141453831
4596,0.593320235756385
4597,0.5717092337917485
4598,0.5658153241650294
4599,0.5834970530451866
4600,0.5618860510805501
4601,0.5776031434184676
4602,0.5913555992141454
4603,0.5245579567779961
4604,0.5776031434184676
4605,0.5854616895874263
4606,0.5520628683693517
4607,0.5599214145383105
4608,0.6149312377210217
4609,0.5854616895874263
4610,0.555992141453831
4611,0.5992141453831041
4612,0.5736738703339882
4613,0.5893909626719057
4614,0.5697445972495089
4615,0.5854616895874263
4616,0.555992141453831
4617,0.555992141453831
4618,0.5776031434184676
4619,0.5756385068762279
4620,0.5697445972495089
4621,0.5363457760314342
4622,0.5638506876227898
4623,0.5854616895874263
4624,0.581532416502947
4625,0.5717092337917485
4626,0.5599214145383105
4627,0.6070726915520629
4628,0.5717092337917485
4629,0.581532416502947
4630,0.6031434184675835
4631,0.5893909626719057
4632,0.5265225933202358
4633,0.5736738703339882
4634,0.5697445972495089
4635,0.5324165029469549
4636,0.6208251473477406
4637,0.5736738703339882
4638,0.5992141453831041
4639,0.6011787819253438
4640,0.5618860510805501
4641,0.5854616895874263
4642,0.5697445972495089
4643,0.5461689587426326
4644,0.5756385068762279
4645,0.5756385068762279
4646,0.5638506876227898
4647,0.5795677799607073
4648,0.5756385068762279
4649,0.5677799607072691
4650,0.5972495088408645
4651,0.5795677799607073
4652,0.5972495088408645
4653,0.5677799607072691
4654,0.5520628683693517
4655,0.5579567779960707
4656,0.5540275049115914
4657,0.581532416502947
4658,0.593320235756385
4659,0.5834970530451866
4660,0.5658153241650294
4661,0.5756385068762279
4662,0.5717092337917485
4663,0.5343811394891945
4664,0.5520628683693517
4665,0.555992141453831
4666,0.5736738703339882
4667,0.5834970530451866
4668,0.593320235756385
4669,0.5913555992141454
4670,0.5776031434184676
4671,0.5481335952848723
4672,0.5756385068762279
4673,0.5304518664047151
4674,0.5618860510805501
4675,0.5756385068762279
4676,0.5776031434184676
4677,0.5736738703339882
4678,0.5992141453831041
4679,0.5697445972495089
4680,0.5736738703339882
4681,0.550098231827112
4682,0.555992141453831
4683,0.5834970530451866
4684,0.5736738703339882
4685,0.587426326129666
4686,0.5520628683693517
4687,0.5579567779960707
4688,0.581532416502947
4689,0.5952848722986247
4690,0.555992141453831
4691,0.581532416502947
4692,0.5520628683693517
4693,0.5893909626719057
4694,0.5579567779960707
4695,0.5756385068762279
4696,0.5736738703339882
4697,0.5834970530451866
4698,0.581532416502947
4699,0.5599214145383105
4700,0.5893909626719057
4701,0.5677799607072691
4702,0.5481335952848723
4703,0.587426326129666
4704,0.5658153241650294
4705,0.5776031434184676
4706,0.5756385068762279
4707,0.5697445972495089
4708,0.5992141453831041
4709,0.5520628683693517
4710,0.5677799607072691
4711,0.5402750491159135
4712,0.5776031434184676
4713,0.6051080550098232
4714,0.6031434184675835
4715,0.581532416502947
4716,0.587426326129666
4717,0.5736738703339882
4718,0.5658153241650294
4719,0.5461689587426326
4720,0.5717092337917485
4721,0.5618860510805501
4722,0.5717092337917485
4723,0.5756385068762279
4724,0.5854616895874263
4725,0.5461689587426326
4726,0.5992141453831041
4727,0.5579567779960707
4728,0.5795677799607073
4729,0.618860510805501
4730,0.581532416502947
4731,0.5697445972495089
4732,0.593320235756385
4733,0.5658153241650294
4734,0.5893909626719057
4735,0.593320235756385
4736,0.6070726915520629
4737,0.5599214145383105
4738,0.5736738703339882
4739,0.5913555992141454
4740,0.581532416502947
4741,0.5717092337917485
4742,0.587426326129666
4743,0.5599214145383105
4744,0.5658153241650294
4745,0.5834970530451866
4746,0.593320235756385
4747,0.587426326129666
4748,0.5834970530451866
4749,0.5599214145383105
4750,0.5776031434184676
4751,0.5520628683693517
4752,0.5599214145383105
4753,0.5776031434184676
4754,0.5520628683693517
4755,0.5540275049115914
4756,0.5618860510805501
4757,0.5579567779960707
4758,0.5736738703339882
4759,0.5776031434184676
4760,0.5756385068762279
4761,0.5481335952848723
4762,0.581532416502947
4763,0.5540275049115914
4764,0.5265225933202358
4765,0.6011787819253438
4766,0.5658153241650294
4767,0.581532416502947
4768,0.5658153241650294
4769,0.581532416502947
4770,0.5540275049115914
4771,0.5854616895874263
4772,0.6070726915520629
4773,0.5893909626719057
4774,0.5579567779960707
4775,0.5658153241650294
4776,0.5677799607072691
4777,0.5481335952848723
4778,0.5658153241650294
4779,0.593320235756385
4780,0.5599214145383105
4781,0.5461689587426326
4782,0.5913555992141454
4783,0.5776031434184676
4784,0.550098231827112
4785,0.5599214145383105
4786,0.5677799607072691
4787,0.5520628683693517
4788,0.5972495088408645
4789,0.5834970530451866
4790,0.6129666011787819
4791,0.5363457760314342
4792,0.5677799607072691
4793,0.5402750491159135
4794,0.5638506876227898
4795,0.5579567779960707
4796,0.5776031434184676
4797,0.5834970530451866
4798,0.6110019646365422
4799,0.5756385068762279
4800,0.5442043222003929
4801,0.5854616895874263
4802,0.6031434184675835
4803,0.5618860510805501
4804,0.5658153241650294
4805,0.5638506876227898
4806,0.5422396856581533
4807,0.5952848722986247
4808,0.5697445972495089
4809,0.5736738703339882
4810,0.6051080550098232
4811,0.587426326129666
4812,0.5638506876227898
4813,0.5540275049115914
4814,0.5893909626719057
4815,0.5717092337917485
4816,0.5579567779960707
4817,0.5599214145383105
4818,0.5658153241650294
4819,0.5658153241650294
4820,0.5677799607072691
4821,0.5540275049115914
4822,0.5717092337917485
4823,0.5658153241650294
4824,0.6090373280943026
4825,0.550098231827112
4826,0.5599214145383105
4827,0.5599214145383105
4828,0.555992141453831
4829,0.5402750491159135
4830,0.555992141453831
4831,0.6031434184675835
4832,0.5717092337917485
4833,0.5481335952848723
4834,0.5402750491159135
4835,0.581532416502947
4836,0.5618860510805501
4837,0.5599214145383105
4838,0.5795677799607073
4839,0.5992141453831041
4840,0.593320235756385
4841,0.5795677799607073
4842,0.5776031434184676
4843,0.5697445972495089
4844,0.5324165029469549
4845,0.5834970530451866
4846,0.5736738703339882
4847,0.5618860510805501
4848,0.6090373280943026
4849,0.5618860510805501
4850,0.5599214145383105
4851,0.587426326129666
4852,0.6070726915520629
4853,0.5481335952848723
4854,0.581532416502947
4855,0.5972495088408645
4856,0.5638506876227898
4857,0.550098231827112
4858,0.5658153241650294
4859,0.5776031434184676
4860,0.5638506876227898
4861,0.6110019646365422
4862,0.5677799607072691
4863,0.5461689587426326
4864,0.5854616895874263
4865,0.5383104125736738
4866,0.5776031434184676
4867,0.5579567779960707
4868,0.6011787819253438
4869,0.550098231827112
4870,0.6011787819253438
4871,0.555992141453831
4872,0.5579567779960707
4873,0.5618860510805501
4874,0.5776031434184676
4875,0.5579567779960707
4876,0.5658153241650294
4877,0.6031434184675835
4878,0.5658153241650294
4879,0.5638506876227898
4880,0.5618860510805501
4881,0.5834970530451866
4882,0.5756385068762279
4883,0.5658153241650294
4884,0.5618860510805501
4885,0.5677799607072691
4886,0.5658153241650294
4887,0.618860510805501
4888,0.5717092337917485
4889,0.5618860510805501
4890,0.555992141453831
4891,0.5579567779960707
4892,0.5402750491159135
4893,0.5717092337917485
4894,0.5658153241650294
4895,0.5776031434184676
4896,0.5638506876227898
4897,0.5383104125736738
4898,0.5756385068762279
4899,0.5697445972495089
4900,0.5854616895874263
4901,0.5972495088408645
4902,0.5383104125736738
4903,0.6247544204322201
4904,0.5658153241650294
4905,0.587426326129666
4906,0.593320235756385
4907,0.5913555992141454
4908,0.5579567779960707
4909,0.5422396856581533
4910,0.5618860510805501
4911,0.5697445972495089
4912,0.5677799607072691
4913,0.5599214145383105
4914,0.5402750491159135
4915,0.587426326129666
4916,0.5795677799607073
4917,0.5520628683693517
4918,0.550098231827112
4919,0.5343811394891945
4920,0.5717092337917485
4921,0.5736738703339882
4922,0.5972495088408645
4923,0.5992141453831041
4924,0.5697445972495089
4925,0.5461689587426326
4926,0.5618860510805501
4927,0.5579567779960707
4928,0.555992141453831
4929,0.555992141453831
4930,0.5618860510805501
4931,0.6011787819253438
4932,0.5579567779960707
4933,0.5442043222003929
4934,0.587426326129666
4935,0.5756385068762279
4936,0.5756385068762279
4937,0.5697445972495089
4938,0.5795677799607073
4939,0.5442043222003929
4940,0.5834970530451866
4941,0.5736738703339882
4942,0.5383104125736738
4943,0.5992141453831041
4944,0.5638506876227898
4945,0.5402750491159135
4946,0.5540275049115914
4947,0.618860510805501
4948,0.6129666011787819
4949,0.5638506876227898
4950,0.587426326129666
4951,0.5776031434184676
4952,0.5854616895874263
4953,0.550098231827112
4954,0.5343811394891945
4955,0.5834970530451866
4956,0.6011787819253438
4957,0.5834970530451866
4958,0.5225933202357563
4959,0.5952848722986247
4960,0.5677799607072691
4961,0.5736738703339882
4962,0.5108055009823183
4963,0.593320235756385
4964,0.5756385068762279
4965,0.555992141453831
4966,0.5913555992141454
4967,0.5638506876227898
4968,0.5736738703339882
4969,0.5442043222003929
4970,0.5520628683693517
4971,0.5756385068762279
4972,0.5461689587426326
4973,0.581532416502947
4974,0.581532416502947
4975,0.5992141453831041
4976,0.5579567779960707
4977,0.5618860510805501
4978,0.5638506876227898
4979,0.5599214145383105
4980,0.5461689587426326
4981,0.5461689587426326
4982,0.5658153241650294
4983,0.5697445972495089
4984,0.5756385068762279
4985,0.5579567779960707
4986,0.5422396856581533
4987,0.5697445972495089
4988,0.581532416502947
4989,0.5854616895874263
4990,0.5599214145383105
4991,0.581532416502947
4992,0.6149312377210217
4993,0.555992141453831
4994,0.5795677799607073
4995,0.5756385068762279
4996,0.5697445972495089
4997,0.555992141453831
4998,0.5776031434184676
4999,0.5638506876227898
5000,0.5442043222003929
5001,0.5638506876227898
5002,0.5520628683693517
5003,0.5736738703339882
5004,0.5579567779960707
5005,0.5834970530451866
5006,0.5245579567779961
5007,0.5736738703339882
5008,0.5717092337917485
5009,0.555992141453831
5010,0.5540275049115914
5011,0.5677799607072691
5012,0.5638506876227898
5013,0.5776031434184676
5014,0.5834970530451866
5015,0.5520628683693517
5016,0.5776031434184676
5017,0.5756385068762279
5018,0.5854616895874263
5019,0.555992141453831
5020,0.5834970530451866
5021,0.6051080550098232
5022,0.5363457760314342
5023,0.5520628683693517
5024,0.6031434184675835
5025,0.581532416502947
5026,0.5834970530451866
5027,0.5540275049115914
5028,0.5461689587426326
5029,0.581532416502947
5030,0.6011787819253438
5031,0.555992141453831
5032,0.5756385068762279
5033,0.5579567779960707
5034,0.5245579567779961
5035,0.5756385068762279
5036,0.5363457760314342
5037,0.5776031434184676
5038,0.5383104125736738
5039,0.5343811394891945
5040,0.5717092337917485
5041,0.555992141453831
5042,0.5736738703339882
5043,0.5854616895874263
5044,0.5756385068762279
5045,0.5638506876227898
5046,0.5481335952848723
5047,0.5579567779960707
5048,0.581532416502947
5049,0.5618860510805501
5050,0.5284872298624754
5051,0.5461689587426326
5052,0.5756385068762279
5053,0.5834970530451866
5054,0.5658153241650294
5055,0.550098231827112
5056,0.5461689587426326
5057,0.5599214145383105
5058,0.5304518664047151
5059,0.5854616895874263
5060,0.5795677799607073
5061,0.5579567779960707
5062,0.5422396856581533
5063,0.6031434184675835
5064,0.5717092337917485
5065,0.5422396856581533
5066,0.581532416502947
5067,0.5540275049115914
5068,0.5834970530451866
5069,0.5776031434184676
5070,0.5756385068762279
5071,0.555992141453831
5072,0.5834970530451866
5073,0.593320235756385
5074,0.5756385068762279
5075,0.5520628683693517
5076,0.550098231827112
5077,0.5638506876227898
5078,0.6070726915520629
5079,0.5756385068762279
5080,0.5756385068762279
5081,0.5658153241650294
5082,0.5520628683693517
5083,0.5834970530451866
5084,0.6051080550098232
5085,0.5638506876227898
5086,0.5736738703339882
5087,0.5854616895874263
5088,0.5520628683693517
5089,0.5913555992141454
5090,0.5461689587426326
5091,0.5579567779960707
5092,0.5795677799607073
5093,0.5952848722986247
5094,0.5520628683693517
5095,0.5972495088408645
5096,0.5776031434184676
5097,0.5677799607072691
5098,0.5383104125736738
5099,0.5638506876227898
5100,0.5677799607072691
5101,0.5579567779960707
5102,0.5717092337917485
5103,0.550098231827112
5104,0.5461689587426326
5105,0.593320235756385
5106,0.5658153241650294
5107,0.5579567779960707
5108,0.5834970530451866
5109,0.5756385068762279
5110,0.5717092337917485
5111,0.5599214145383105
5112,0.518664047151277
5113,0.5481335952848723
5114,0.5736738703339882
5115,0.5834970530451866
5116,0.5540275049115914
5117,0.5638506876227898
5118,0.5717092337917485
5119,0.5795677799607073
5120,0.5834970530451866
5121,0.5834970530451866
5122,0.5697445972495089
5123,0.5697445972495089
5124,0.550098231827112
5125,0.5265225933202358
5126,0.5461689587426326
5127,0.5776031434184676
5128,0.6070726915520629
5129,0.5893909626719057
5130,0.5658153241650294
5131,0.6011787819253438
5132,0.5402750491159135
5133,0.5893909626719057
5134,0.5697445972495089
5135,0.5579567779960707
5136,0.5756385068762279
5137,0.5717092337917485
5138,0.5893909626719057
5139,0.555992141453831
5140,0.5461689587426326
5141,0.5952848722986247
5142,0.5952848722986247
5143,0.5638506876227898
5144,0.5717092337917485
5145,0.5834970530451866
5146,0.5736738703339882
5147,0.5834970530451866
5148,0.6031434184675835
5149,0.593320235756385
5150,0.5481335952848723
5151,0.587426326129666
5152,0.5658153241650294
5153,0.5461689587426326
5154,0.5834970530451866
5155,0.5383104125736738
5156,0.587426326129666
5157,0.5717092337917485
5158,0.5658153241650294
5159,0.5363457760314342
5160,0.5854616895874263
5161,0.5638506876227898
5162,0.5972495088408645
5163,0.5638506876227898
5164,0.5795677799607073
5165,0.6070726915520629
5166,0.555992141453831
5167,0.5834970530451866
5168,0.5697445972495089
5169,0.5442043222003929
5170,0.5834970530451866
5171,0.5618860510805501
5172,0.5697445972495089
5173,0.5893909626719057
5174,0.5717092337917485
5175,0.6070726915520629
5176,0.5795677799607073
5177,0.6110019646365422
5178,0.5540275049115914
5179,0.5540275049115914
5180,0.5579567779960707
5181,0.6031434184675835
5182,0.5402750491159135
5183,0.5481335952848723
5184,0.5638506876227898
5185,0.593320235756385
5186,0.587426326129666
5187,0.5893909626719057
5188,0.5638506876227898
5189,0.5972495088408645
5190,0.550098231827112
5191,0.5442043222003929
5192,0.5638506876227898
5193,0.5540275049115914
5194,0.5952848722986247
5195,0.581532416502947
5196,0.5304518664047151
5197,0.5913555992141454
5198,0.5520628683693517
5199,0.5854616895874263
5200,0.5658153241650294
5201,0.5736738703339882
5202,0.5422396856581533
5203,0.5481335952848723
5204,0.5599214145383105
5205,0.5717092337917485
5206,0.5736738703339882
5207,0.5834970530451866
5208,0.5697445972495089
5209,0.5638506876227898
5210,0.5854616895874263
5211,0.5992141453831041
5212,0.5481335952848723
5213,0.5854616895874263
5214,0.5854616895874263
5215,0.5913555992141454
5216,0.5736738703339882
5217,0.5854616895874263
5218,0.6483300589390962
5219,0.550098231827112
5220,0.5697445972495089
5221,0.5893909626719057
5222,0.5717092337917485
5223,0.5442043222003929
5224,0.5717092337917485
5225,0.5756385068762279
5226,0.5579567779960707
5227,0.5795677799607073
5228,0.5756385068762279
5229,0.5736738703339882
5230,0.5166994106090373
5231,0.518664047151277
5232,0.5677799607072691
5233,0.5579567779960707
5234,0.5736738703339882
5235,0.5795677799607073
5236,0.5717092337917485
5237,0.5618860510805501
5238,0.5677799607072691
5239,0.5952848722986247
5240,0.5618860510805501
5241,0.587426326129666
5242,0.5795677799607073
5243,0.5893909626719057
5244,0.5795677799607073
5245,0.5638506876227898
5246,0.5677799607072691
5247,0.5893909626719057
5248,0.5304518664047151
5249,0.5638506876227898
5250,0.5422396856581533
5251,0.6208251473477406
5252,0.5363457760314342
5253,0.5658153241650294
5254,0.5795677799607073
5255,0.5618860510805501
5256,0.5776031434184676
5257,0.5776031434184676
5258,0.5697445972495089
5259,0.5717092337917485
5260,0.5402750491159135
5261,0.5618860510805501
5262,0.593320235756385
5263,0.5736738703339882
5264,0.6267190569744597
5265,0.5913555992141454
5266,0.5756385068762279
5267,0.5913555992141454
5268,0.5579567779960707
5269,0.555992141453831
5270,0.5677799607072691
5271,0.5658153241650294
5272,0.5520628683693517
5273,0.5677799607072691
5274,0.5697445972495089
5275,0.5677799607072691
5276,0.5697445972495089
5277,0.5834970530451866
5278,0.6070726915520629
5279,0.5776031434184676
5280,0.5638506876227898
5281,0.587426326129666
5282,0.5697445972495089
5283,0.5776031434184676
5284,0.6090373280943026
5285,0.5697445972495089
5286,0.5343811394891945
5287,0.5383104125736738
5288,0.5520628683693517
5289,0.555992141453831
5290,0.5579567779960707
5291,0.5304518664047151
5292,0.5658153241650294
5293,0.5972495088408645
5294,0.5834970530451866
5295,0.5756385068762279
5296,0.5677799607072691
5297,0.5854616895874263
5298,0.5304518664047151
5299,0.5402750491159135
5300,0.555992141453831
5301,0.5618860510805501
5302,0.6011787819253438
5303,0.5697445972495089
5304,0.5658153241650294
5305,0.5756385068762279
5306,0.581532416502947
5307,0.6070726915520629
5308,0.5520628683693517
5309,0.555992141453831
5310,0.5697445972495089
5311,0.5599214145383105
5312,0.5677799607072691
5313,0.5776031434184676
5314,0.5579567779960707
5315,0.5638506876227898
5316,0.5834970530451866
5317,0.587426326129666
5318,0.587426326129666
5319,0.5854616895874263
5320,0.5383104125736738
5321,0.5717092337917485
5322,0.5913555992141454
5323,0.5363457760314342
5324,0.581532416502947
5325,0.581532416502947
5326,0.5324165029469549
5327,0.593320235756385
5328,0.5166994106090373
5329,0.5756385068762279
5330,0.5795677799607073
5331,0.5422396856581533
5332,0.5481335952848723
5333,0.5736738703339882
5334,0.5402750491159135
5335,0.5206286836935167
5336,0.6208251473477406
5337,0.6326129666011788
5338,0.6031434184675835
5339,0.593320235756385
5340,0.5992141453831041
5341,0.5756385068762279
5342,0.5717092337917485
5343,0.5756385068762279
5344,0.5638506876227898
5345,0.5913555992141454
5346,0.581532416502947
5347,0.5736738703339882
5348,0.5697445972495089
5349,0.593320235756385
5350,0.5756385068762279
5351,0.5776031434184676
5352,0.555992141453831
5353,0.5893909626719057
5354,0.5579567779960707
5355,0.581532416502947
5356,0.5717092337917485
5357,0.5913555992141454
5358,0.5402750491159135
5359,0.550098231827112
5360,0.5599214145383105
5361,0.5992141453831041
5362,0.550098231827112
5363,0.5658153241650294
5364,0.6031434184675835
5365,0.5854616895874263
5366,0.5854616895874263
5367,0.5736738703339882
5368,0.5795677799607073
5369,0.5422396856581533
5370,0.5795677799607073
5371,0.5697445972495089
5372,0.593320235756385
5373,0.5579567779960707
5374,0.5520628683693517
5375,0.5520628683693517
5376,0.5540275049115914
5377,0.5736738703339882
5378,0.593320235756385
5379,0.5756385068762279
5380,0.5658153241650294
5381,0.5520628683693517
5382,0.5579567779960707
5383,0.5638506876227898
5384,0.6051080550098232
5385,0.587426326129666
5386,0.5972495088408645
5387,0.5972495088408645
5388,0.5677799607072691
5389,0.5834970530451866
5390,0.5599214145383105
5391,0.5481335952848723
5392,0.5893909626719057
5393,0.5343811394891945
5394,0.5756385068762279
5395,0.6011787819253438
5396,0.5913555992141454
5397,0.5343811394891945
5398,0.5717092337917485
5399,0.5363457760314342
5400,0.5952848722986247
5401,0.6129666011787819
5402,0.6070726915520629
5403,0.5658153241650294
5404,0.5677799607072691
5405,0.5284872298624754
5406,0.5795677799607073
5407,0.5776031434184676
5408,0.5697445972495089
5409,0.5776031434184676
5410,0.5658153241650294
5411,0.6129666011787819
5412,0.5638506876227898
5413,0.5717092337917485
5414,0.5599214145383105
5415,0.5756385068762279
5416,0.5795677799607073
5417,0.5756385068762279
5418,0.5618860510805501
5419,0.5540275049115914
5420,0.5579567779960707
5421,0.5952848722986247
5422,0.5638506876227898
5423,0.5913555992141454
5424,0.5717092337917485
5425,0.5697445972495089
5426,0.5717092337917485
5427,0.593320235756385
5428,0.5618860510805501
5429,0.5952848722986247
5430,0.5756385068762279
5431,0.5481335952848723
5432,0.518664047151277
5433,0.5540275049115914
5434,0.5383104125736738
5435,0.6227897838899804
5436,0.5717092337917485
5437,0.5363457760314342
5438,0.5658153241650294
5439,0.5618860510805501
5440,0.5618860510805501
5441,0.5658153241650294
5442,0.5913555992141454
5443,0.5736738703339882
5444,0.5363457760314342
5445,0.5697445972495089
5446,0.5540275049115914
5447,0.5736738703339882
5448,0.5717092337917485
5449,0.5795677799607073
5450,0.5363457760314342
5451,0.5893909626719057
5452,0.5834970530451866
5453,0.5579567779960707
5454,0.5618860510805501
5455,0.555992141453831
5456,0.5913555992141454
5457,0.5068762278978389
5458,0.5776031434184676
5459,0.5658153241650294
5460,0.5854616895874263
5461,0.5795677799607073
5462,0.5579567779960707
5463,0.5618860510805501
5464,0.593320235756385
5465,0.581532416502947
5466,0.555992141453831
5467,0.5658153241650294
5468,0.6011787819253438
5469,0.5717092337917485
5470,0.5520628683693517
5471,0.5736738703339882
5472,0.5854616895874263
5473,0.5952848722986247
5474,0.5736738703339882
5475,0.5677799607072691
5476,0.5952848722986247
5477,0.5638506876227898
5478,0.5893909626719057
5479,0.518664047151277
5480,0.5697445972495089
5481,0.5756385068762279
5482,0.5834970530451866
5483,0.5776031434184676
5484,0.5952848722986247
5485,0.5697445972495089
5486,0.5324165029469549
5487,0.5756385068762279
5488,0.581532416502947
5489,0.5599214145383105
5490,0.5638506876227898
5491,0.5697445972495089
5492,0.5854616895874263
5493,0.5677799607072691
5494,0.5717092337917485
5495,0.5776031434184676
5496,0.5677799607072691
5497,0.5638506876227898
5498,0.5756385068762279
5499,0.5461689587426326
5500,0.5677799607072691
5501,0.6011787819253438
5502,0.5756385068762279
5503,0.5717092337917485
5504,0.5834970530451866
5505,0.581532416502947
5506,0.5717092337917485
5507,0.5284872298624754
5508,0.581532416502947
5509,0.5540275049115914
5510,0.5717092337917485
5511,0.5776031434184676
5512,0.5952848722986247
5513,0.5638506876227898
5514,0.6090373280943026
5515,0.5540275049115914
5516,0.5520628683693517
5517,0.593320235756385
5518,0.6051080550098232
5519,0.555992141453831
5520,0.5461689587426326
5521,0.5854616895874263
5522,0.587426326129666
5523,0.6031434184675835
5524,0.5736738703339882
5525,0.5402750491159135
5526,0.555992141453831
5527,0.5697445972495089
5528,0.5697445972495089
5529,0.5540275049115914
5530,0.5893909626719057
5531,0.587426326129666
5532,0.6070726915520629
5533,0.5893909626719057
5534,0.550098231827112
5535,0.5304518664047151
5536,0.5776031434184676
5537,0.6070726915520629
5538,0.5893909626719057
5539,0.5697445972495089
5540,0.5638506876227898
5541,0.6168958742632613
5542,0.5893909626719057
5543,0.5520628683693517
5544,0.5520628683693517
5545,0.587426326129666
5546,0.5618860510805501
5547,0.6168958742632613
5548,0.6051080550098232
5549,0.5717092337917485
5550,0.6090373280943026
5551,0.5343811394891945
5552,0.550098231827112
5553,0.5579567779960707
5554,0.5520628683693517
5555,0.5481335952848723
5556,0.5717092337917485
5557,0.5324165029469549
5558,0.5736738703339882
5559,0.5540275049115914
5560,0.5618860510805501
5561,0.5599214145383105
5562,0.5442043222003929
5563,0.550098231827112
5564,0.5540275049115914
5565,0.6090373280943026
5566,0.5579567779960707
5567,0.5618860510805501
5568,0.5972495088408645
5569,0.518664047151277
5570,0.5599214145383105
5571,0.5599214145383105
5572,0.5363457760314342
5573,0.581532416502947
5574,0.5677799607072691
5575,0.5422396856581533
5576,0.5618860510805501
5577,0.5795677799607073
5578,0.555992141453831
5579,0.5422396856581533
5580,0.5717092337917485
5581,0.5638506876227898
5582,0.5343811394891945
5583,0.581532416502947
5584,0.5638506876227898
5585,0.5952848722986247
5586,0.5579567779960707
5587,0.5579567779960707
5588,0.587426326129666
5589,0.5618860510805501
5590,0.618860510805501
5591,0.5697445972495089
5592,0.550098231827112
5593,0.5442043222003929
5594,0.6011787819253438
5595,0.5756385068762279
5596,0.5343811394891945
5597,0.5677799607072691
5598,0.5579567779960707
5599,0.5756385068762279
5600,0.5599214145383105
5601,0.5638506876227898
5602,0.581532416502947
5603,0.5756385068762279
5604,0.5481335952848723
5605,0.5992141453831041
5606,0.5245579567779961
5607,0.5717092337917485
5608,0.5520628683693517
5609,0.5677799607072691
5610,0.5913555992141454
5611,0.5717092337917485
5612,0.5972495088408645
5613,0.5658153241650294
5614,0.5618860510805501
5615,0.5697445972495089
5616,0.5402750491159135
5617,0.5756385068762279
5618,0.5677799607072691
5619,0.5304518664047151
5620,0.5913555992141454
5621,0.5756385068762279
5622,0.5383104125736738
5623,0.5756385068762279
5624,0.5972495088408645
5625,0.5618860510805501
5626,0.5284872298624754
5627,0.5618860510805501
5628,0.5717092337917485
5629,0.550098231827112
5630,0.581532416502947
5631,0.5893909626719057
5632,0.5952848722986247
5633,0.5717092337917485
5634,0.550098231827112
5635,0.5677799607072691
5636,0.5854616895874263
5637,0.5245579567779961
5638,0.5638506876227898
5639,0.5697445972495089
5640,0.587426326129666
5641,0.5756385068762279
5642,0.5854616895874263
5643,0.5952848722986247
5644,0.5638506876227898
5645,0.6129666011787819
5646,0.5913555992141454
5647,0.5795677799607073
5648,0.5776031434184676
5649,0.5481335952848723
5650,0.5658153241650294
5651,0.5717092337917485
5652,0.5422396856581533
5653,0.5245579567779961
5654,0.5736738703339882
5655,0.5363457760314342
5656,0.587426326129666
5657,0.5579567779960707
5658,0.5540275049115914
5659,0.5442043222003929
5660,0.6031434184675835
5661,0.5677799607072691
5662,0.5599214145383105
5663,0.5893909626719057
5664,0.5834970530451866
5665,0.587426326129666
5666,0.5658153241650294
5667,0.5717092337917485
5668,0.5677799607072691
5669,0.5284872298624754
5670,0.5677799607072691
5671,0.581532416502947
5672,0.5913555992141454
5673,0.5481335952848723
5674,0.587426326129666
5675,0.5795677799607073
5676,0.581532416502947
5677,0.555992141453831
5678,0.555992141453831
5679,0.5579567779960707
5680,0.5756385068762279
5681,0.5677799607072691
5682,0.6031434184675835
5683,0.5481335952848723
5684,0.5658153241650294
5685,0.587426326129666
5686,0.5756385068762279
5687,0.5776031434184676
5688,0.550098231827112
5689,0.5854616895874263
5690,0.5834970530451866
5691,0.5972495088408645
5692,0.5854616895874263
5693,0.5972495088408645
5694,0.5343811394891945
5695,0.5972495088408645
5696,0.550098231827112
5697,0.5225933202357563
5698,0.5677799607072691
5699,0.5854616895874263
5700,0.5540275049115914
5701,0.5776031434184676
5702,0.5736738703339882
5703,0.5618860510805501
5704,0.5618860510805501
5705,0.593320235756385
5706,0.5697445972495089
5707,0.5481335952848723
5708,0.5776031434184676
5709,0.5697445972495089
5710,0.5638506876227898
5711,0.581532416502947
5712,0.5638506876227898
5713,0.5736738703339882
5714,0.581532416502947
5715,0.5540275049115914
5716,0.5638506876227898
5717,0.6110019646365422
5718,0.5677799607072691
5719,0.5756385068762279
5720,0.5717092337917485
5721,0.5599214145383105
5722,0.5776031434184676
5723,0.5736738703339882
5724,0.5618860510805501
5725,0.5638506876227898
5726,0.5717092337917485
5727,0.5952848722986247
5728,0.5854616895874263
5729,0.5913555992141454
5730,0.5854616895874263
5731,0.5893909626719057
5732,0.5402750491159135
5733,0.5756385068762279
5734,0.5677799607072691
5735,0.5913555992141454
5736,0.5618860510805501
5737,0.5736738703339882
5738,0.5697445972495089
5739,0.587426326129666
5740,0.5893909626719057
5741,0.5893909626719057
5742,0.587426326129666
5743,0.6090373280943026
5744,0.550098231827112
5745,0.5893909626719057
5746,0.5540275049115914
5747,0.581532416502947
5748,0.5972495088408645
5749,0.5717092337917485
5750,0.5618860510805501
5751,0.5795677799607073
5752,0.587426326129666
5753,0.5363457760314342
5754,0.5677799607072691
5755,0.5756385068762279
5756,0.6011787819253438
5757,0.6051080550098232
5758,0.5717092337917485
5759,0.5913555992141454
5760,0.6051080550098232
5761,0.5638506876227898
5762,0.5579567779960707
5763,0.6129666011787819
5764,0.5913555992141454
5765,0.5461689587426326
5766,0.5776031434184676
5767,0.5972495088408645
5768,0.5461689587426326
5769,0.5697445972495089
5770,0.5402750491159135
5771,0.5618860510805501
5772,0.5776031434184676
5773,0.5992141453831041
5774,0.555992141453831
5775,0.5893909626719057
5776,0.5854616895874263
5777,0.5795677799607073
5778,0.5913555992141454
5779,0.5795677799607073
5780,0.5579567779960707
5781,0.5756385068762279
5782,0.5599214145383105
5783,0.581532416502947
5784,0.5893909626719057
5785,0.581532416502947
5786,0.5776031434184676
5787,0.5756385068762279
5788,0.5854616895874263
5789,0.5520628683693517
5790,0.5893909626719057
5791,0.5579567779960707
5792,0.5952848722986247
5793,0.5756385068762279
5794,0.5461689587426326
5795,0.5520628683693517
5796,0.5972495088408645
5797,0.5599214145383105
5798,0.581532416502947
5799,0.6129666011787819
5800,0.587426326129666
5801,0.5304518664047151
5802,0.5697445972495089
5803,0.5736738703339882
5804,0.5579567779960707
5805,0.5540275049115914
5806,0.5225933202357563
5807,0.5834970530451866
5808,0.5618860510805501
5809,0.5795677799607073
5810,0.5618860510805501
5811,0.5854616895874263
5812,0.5795677799607073
5813,0.6129666011787819
5814,0.5854616895874263
5815,0.593320235756385
5816,0.5736738703339882
5817,0.5952848722986247
5818,0.5402750491159135
5819,0.5854616895874263
5820,0.5952848722986247
5821,0.555992141453831
5822,0.5795677799607073
5823,0.5697445972495089
5824,0.5618860510805501
5825,0.5677799607072691
5826,0.581532416502947
5827,0.5736738703339882
5828,0.5776031434184676
5829,0.5717092337917485
5830,0.5618860510805501
5831,0.5658153241650294
5832,0.587426326129666
5833,0.593320235756385
5834,0.5834970530451866
5835,0.5795677799607073
5836,0.5481335952848723
5837,0.550098231827112
5838,0.5402750491159135
5839,0.5972495088408645
5840,0.5795677799607073
5841,0.593320235756385
5842,0.5972495088408645
5843,0.5972495088408645
5844,0.550098231827112
5845,0.5834970530451866
5846,0.5756385068762279
5847,0.5579567779960707
5848,0.5638506876227898
5849,0.581532416502947
5850,0.5540275049115914
5851,0.5717092337917485
5852,0.5638506876227898
5853,0.593320235756385
5854,0.5481335952848723
5855,0.5422396856581533
5856,0.5913555992141454
5857,0.5834970530451866
5858,0.5893909626719057
5859,0.5795677799607073
5860,0.5756385068762279
5861,0.5736738703339882
5862,0.5658153241650294
5863,0.5461689587426326
5864,0.5422396856581533
5865,0.6129666011787819
5866,0.6070726915520629
5867,0.5481335952848723
5868,0.5442043222003929
5869,0.5658153241650294
5870,0.5795677799607073
5871,0.5677799607072691
5872,0.5992141453831041
5873,0.5658153241650294
5874,0.5736738703339882
5875,0.593320235756385
5876,0.5795677799607073
5877,0.555992141453831
5878,0.5854616895874263
5879,0.5481335952848723
5880,0.5697445972495089
5881,0.5854616895874263
5882,0.5579567779960707
5883,0.5599214145383105
5884,0.5658153241650294
5885,0.5972495088408645
5886,0.5618860510805501
5887,0.5952848722986247
5888,0.5402750491159135
5889,0.5658153241650294
5890,0.5795677799607073
5891,0.5834970530451866
5892,0.5756385068762279
5893,0.5579567779960707
5894,0.593320235756385
5895,0.5776031434184676
5896,0.5736738703339882
5897,0.5658153241650294
5898,0.6129666011787819
5899,0.6129666011787819
5900,0.5697445972495089
5901,0.5893909626719057
5902,0.581532416502947
5903,0.5952848722986247
5904,0.593320235756385
5905,0.5795677799607073
5906,0.5540275049115914
5907,0.555992141453831
5908,0.5697445972495089
5909,0.5992141453831041
5910,0.5658153241650294
5911,0.5697445972495089
5912,0.5599214145383105
5913,0.5599214145383105
5914,0.5638506876227898
5915,0.6051080550098232
5916,0.5795677799607073
5917,0.5972495088408645
5918,0.5638506876227898
5919,0.5736738703339882
5920,0.5520628683693517
5921,0.5618860510805501
5922,0.5795677799607073
5923,0.5854616895874263
5924,0.5717092337917485
5925,0.5893909626719057
5926,0.5952848722986247
5927,0.6011787819253438
5928,0.581532416502947
5929,0.5343811394891945
5930,0.6051080550098232
5931,0.6011787819253438
5932,0.5540275049115914
5933,0.593320235756385
5934,0.6011787819253438
5935,0.5638506876227898
5936,0.5638506876227898
5937,0.555992141453831
5938,0.587426326129666
5939,0.5638506876227898
5940,0.5913555992141454
5941,0.5245579567779961
5942,0.5795677799607073
5943,0.5776031434184676
5944,0.5736738703339882
5945,0.5461689587426326
5946,0.5618860510805501
5947,0.5461689587426326
5948,0.5834970530451866
5949,0.5245579567779961
5950,0.5658153241650294
5951,0.5756385068762279
5952,0.5599214145383105
5953,0.5756385068762279
5954,0.5854616895874263
5955,0.5893909626719057
5956,0.5049115913555993
5957,0.550098231827112
5958,0.5697445972495089
5959,0.5776031434184676
5960,0.5776031434184676
5961,0.5697445972495089
5962,0.555992141453831
5963,0.5756385068762279
5964,0.581532416502947
5965,0.555992141453831
5966,0.555992141453831
5967,0.5579567779960707
5968,0.5638506876227898
5969,0.593320235756385
5970,0.5756385068762279
5971,0.5972495088408645
5972,0.5579567779960707
5973,0.5677799607072691
5974,0.5677799607072691
5975,0.593320235756385
5976,0.5776031434184676
5977,0.5736738703339882
5978,0.6051080550098232
5979,0.555992141453831
5980,0.5913555992141454
5981,0.5736738703339882
5982,0.5599214145383105
5983,0.5540275049115914
5984,0.5618860510805501
5985,0.6070726915520629
5986,0.5697445972495089
5987,0.5697445972495089
5988,0.5776031434184676
5989,0.5599214145383105
5990,0.5206286836935167
5991,0.5717092337917485
5992,0.5481335952848723
5993,0.5776031434184676
5994,0.5579567779960707
5995,0.5893909626719057
5996,0.6070726915520629
5997,0.5717092337917485
5998,0.5618860510805501
5999,0.581532416502947
6000,0.5795677799607073
6001,0.593320235756385
6002,0.5717092337917485
6003,0.5756385068762279
6004,0.5756385068762279
6005,0.5638506876227898
6006,0.5540275049115914
6007,0.5736738703339882
6008,0.5795677799607073
6009,0.5972495088408645
6010,0.5677799607072691
6011,0.5618860510805501
6012,0.5697445972495089
6013,0.5972495088408645
6014,0.5952848722986247
6015,0.5776031434184676
6016,0.5618860510805501
6017,0.587426326129666
6018,0.6090373280943026
6019,0.5579567779960707
6020,0.5540275049115914
6021,0.5756385068762279
6022,0.6011787819253438
6023,0.5599214145383105
6024,0.587426326129666
6025,0.581532416502947
6026,0.5481335952848723
6027,0.5520628683693517
6028,0.5677799607072691
6029,0.5579567779960707
6030,0.5383104125736738
6031,0.5795677799607073
6032,0.5383104125736738
6033,0.5422396856581533
6034,0.5717092337917485
6035,0.5599214145383105
6036,0.5638506876227898
6037,0.5599214145383105
6038,0.518664047151277
6039,0.5776031434184676
6040,0.5697445972495089
6041,0.5579567779960707
6042,0.5461689587426326
6043,0.5579567779960707
6044,0.5658153241650294
6045,0.5776031434184676
6046,0.5834970530451866
6047,0.5834970530451866
6048,0.5697445972495089
6049,0.5697445972495089
6050,0.5697445972495089
6051,0.5324165029469549
6052,0.5834970530451866
6053,0.5343811394891945
6054,0.5422396856581533
6055,0.5618860510805501
6056,0.5972495088408645
6057,0.5697445972495089
6058,0.5599214145383105
6059,0.5284872298624754
6060,0.5854616895874263
6061,0.6149312377210217
6062,0.5422396856581533
6063,0.5658153241650294
6064,0.5893909626719057
6065,0.5717092337917485
6066,0.5618860510805501
6067,0.5599214145383105
6068,0.5717092337917485
6069,0.5638506876227898
6070,0.5579567779960707
6071,0.6070726915520629
6072,0.5363457760314342
6073,0.555992141453831
6074,0.581532416502947
6075,0.5461689587426326
6076,0.550098231827112
6077,0.5697445972495089
6078,0.6011787819253438
6079,0.6090373280943026
6080,0.5834970530451866
6081,0.5638506876227898
6082,0.5854616895874263
6083,0.5540275049115914
6084,0.555992141453831
6085,0.5638506876227898
6086,0.5618860510805501
6087,0.5736738703339882
6088,0.5776031434184676
6089,0.550098231827112
6090,0.5422396856581533
6091,0.5795677799607073
6092,0.5540275049115914
6093,0.550098231827112
6094,0.5795677799607073
6095,0.5717092337917485
6096,0.5834970530451866
6097,0.5481335952848723
6098,0.5677799607072691
6099,0.5677799607072691
6100,0.5540275049115914
6101,0.5795677799607073
6102,0.5638506876227898
6103,0.5913555992141454
6104,0.5402750491159135
6105,0.6090373280943026
6106,0.5756385068762279
6107,0.6051080550098232
6108,0.587426326129666
6109,0.5461689587426326
6110,0.5736738703339882
6111,0.5697445972495089
6112,0.5540275049115914
6113,0.5638506876227898
6114,0.5442043222003929
6115,0.5854616895874263
6116,0.5422396856581533
6117,0.555992141453831
6118,0.5579567779960707
6119,0.5736738703339882
6120,0.5265225933202358
6121,0.5638506876227898
6122,0.5599214145383105
6123,0.5599214145383105
6124,0.5658153241650294
6125,0.5540275049115914
6126,0.5599214145383105
6127,0.5658153241650294
6128,0.5893909626719057
6129,0.5717092337917485
6130,0.5795677799607073
6131,0.5618860510805501
6132,0.5756385068762279
6133,0.5952848722986247
6134,0.581532416502947
6135,0.5442043222003929
6136,0.5638506876227898
6137,0.5677799607072691
6138,0.5952848722986247
6139,0.5992141453831041
6140,0.5756385068762279
6141,0.5599214145383105
6142,0.5697445972495089
6143,0.5952848722986247
6144,0.5854616895874263
6145,0.6051080550098232
6146,0.5697445972495089
6147,0.5481335952848723
6148,0.555992141453831
6149,0.5677799607072691
6150,0.5658153241650294
6151,0.5756385068762279
6152,0.5854616895874263
6153,0.5795677799607073
6154,0.5461689587426326
6155,0.5854616895874263
6156,0.5697445972495089
6157,0.6031434184675835
6158,0.5854616895874263
6159,0.581532416502947
6160,0.555992141453831
6161,0.5697445972495089
6162,0.587426326129666
6163,0.593320235756385
6164,0.5579567779960707
6165,0.5638506876227898
6166,0.5736738703339882
6167,0.5854616895874263
6168,0.5756385068762279
6169,0.5795677799607073
6170,0.5736738703339882
6171,0.5717092337917485
6172,0.5540275049115914
6173,0.5540275049115914
6174,0.6110019646365422
6175,0.5854616895874263
6176,0.5658153241650294
6177,0.6051080550098232
6178,0.5481335952848723
6179,0.6011787819253438
6180,0.5893909626719057
6181,0.5736738703339882
6182,0.5795677799607073
6183,0.5795677799607073
6184,0.5697445972495089
6185,0.5265225933202358
6186,0.5618860510805501
6187,0.5638506876227898
6188,0.5756385068762279
6189,0.5520628683693517
6190,0.5834970530451866
6191,0.5461689587426326
6192,0.5913555992141454
6193,0.5717092337917485
6194,0.5658153241650294
6195,0.5677799607072691
6196,0.5893909626719057
6197,0.5697445972495089
6198,0.587426326129666
6199,0.5579567779960707
6200,0.550098231827112
6201,0.5717092337917485
6202,0.5776031434184676
6203,0.5579567779960707
6204,0.5913555992141454
6205,0.5324165029469549
6206,0.581532416502947
6207,0.550098231827112
6208,0.6168958742632613
6209,0.5913555992141454
6210,0.5952848722986247
6211,0.581532416502947
6212,0.5952848722986247
6213,0.5618860510805501
6214,0.5638506876227898
6215,0.5638506876227898
6216,0.5736738703339882
6217,0.5481335952848723
6218,0.5520628683693517
6219,0.6031434184675835
6220,0.5461689587426326
6221,0.5992141453831041
6222,0.5520628683693517
6223,0.5736738703339882
6224,0.581532416502947
6225,0.5658153241650294
6226,0.5540275049115914
6227,0.5638506876227898
6228,0.5166994106090373
6229,0.5638506876227898
6230,0.5736738703339882
6231,0.5618860510805501
6232,0.5461689587426326
6233,0.5736738703339882
6234,0.550098231827112
6235,0.5893909626719057
6236,0.5736738703339882
6237,0.5736738703339882
6238,0.5461689587426326
6239,0.5324165029469549
6240,0.5481335952848723
6241,0.5658153241650294
6242,0.581532416502947
6243,0.5383104125736738
6244,0.5383104125736738
6245,0.581532416502947
6246,0.5343811394891945
6247,0.5795677799607073
6248,0.5579567779960707
6249,0.5913555992141454
6250,0.6090373280943026
6251,0.5736738703339882
6252,0.5736738703339882
6253,0.5520628683693517
6254,0.5638506876227898
6255,0.5461689587426326
6256,0.5756385068762279
6257,0.5736738703339882
6258,0.5736738703339882
6259,0.5442043222003929
6260,0.587426326129666
6261,0.5776031434184676
6262,0.5520628683693517
6263,0.5579567779960707
6264,0.587426326129666
6265,0.5599214145383105
6266,0.5756385068762279
6267,0.5599214145383105
6268,0.5717092337917485
6269,0.5265225933202358
6270,0.5481335952848723
6271,0.581532416502947
6272,0.587426326129666
6273,0.5402750491159135
6274,0.581532416502947
6275,0.5972495088408645
6276,0.5304518664047151
6277,0.555992141453831
6278,0.5442043222003929
6279,0.587426326129666
6280,0.5776031434184676
6281,0.5795677799607073
6282,0.5795677799607073
6283,0.5913555992141454
6284,0.550098231827112
6285,0.5677799607072691
6286,0.5992141453831041
6287,0.5265225933202358
6288,0.5756385068762279
6289,0.555992141453831
6290,0.5520628683693517
6291,0.5795677799607073
6292,0.5913555992141454
6293,0.5402750491159135
6294,0.5717092337917485
6295,0.5893909626719057
6296,0.593320235756385
6297,0.555992141453831
6298,0.5638506876227898
6299,0.587426326129666
6300,0.5638506876227898
6301,0.5461689587426326
6302,0.5383104125736738
6303,0.5952848722986247
6304,0.5638506876227898
6305,0.5893909626719057
6306,0.5972495088408645
6307,0.5913555992141454
6308,0.5717092337917485
6309,0.555992141453831
6310,0.6070726915520629
6311,0.581532416502947
6312,0.581532416502947
6313,0.5245579567779961
6314,0.5658153241650294
6315,0.6208251473477406
6316,0.5854616895874263
6317,0.5481335952848723
6318,0.5913555992141454
6319,0.5913555992141454
6320,0.5795677799607073
6321,0.5599214145383105
6322,0.5717092337917485
6323,0.5913555992141454
6324,0.5540275049115914
6325,0.5834970530451866
6326,0.5677799607072691
6327,0.5736738703339882
6328,0.5893909626719057
6329,0.5972495088408645
6330,0.5442043222003929
6331,0.5579567779960707
6332,0.5717092337917485
6333,0.587426326129666
6334,0.581532416502947
6335,0.5854616895874263
6336,0.5638506876227898
6337,0.5795677799607073
6338,0.5854616895874263
6339,0.5972495088408645
6340,0.5442043222003929
6341,0.5618860510805501
6342,0.5834970530451866
6343,0.5717092337917485
6344,0.593320235756385
6345,0.6168958742632613
6346,0.5972495088408645
6347,0.5992141453831041
6348,0.5324165029469549
6349,0.5599214145383105
6350,0.5834970530451866
6351,0.5913555992141454
6352,0.6031434184675835
6353,0.581532416502947
6354,0.5992141453831041
6355,0.5795677799607073
6356,0.5972495088408645
6357,0.581532416502947
6358,0.5638506876227898
6359,0.581532416502947
6360,0.5461689587426326
6361,0.5579567779960707
6362,0.5854616895874263
6363,0.5658153241650294
6364,0.5540275049115914
6365,0.5834970530451866
6366,0.5677799607072691
6367,0.5324165029469549
6368,0.5638506876227898
6369,0.593320235756385
6370,0.5736738703339882
6371,0.5520628683693517
6372,0.5756385068762279
6373,0.5618860510805501
6374,0.5854616895874263
6375,0.5658153241650294
6376,0.5697445972495089
6377,0.587426326129666
6378,0.5402750491159135
6379,0.5618860510805501
6380,0.5893909626719057
6381,0.5756385068762279
6382,0.593320235756385
6383,0.555992141453831
6384,0.6090373280943026
6385,0.5677799607072691
6386,0.5599214145383105
6387,0.5717092337917485
6388,0.581532416502947
6389,0.5343811394891945
6390,0.5952848722986247
6391,0.5658153241650294
6392,0.5442043222003929
6393,0.5284872298624754
6394,0.5461689587426326
6395,0.5972495088408645
6396,0.5736738703339882
6397,0.5992141453831041
6398,0.5893909626719057
6399,0.555992141453831
6400,0.5913555992141454
6401,0.5658153241650294
6402,0.5697445972495089
6403,0.5795677799607073
6404,0.5677799607072691
6405,0.5834970530451866
6406,0.6110019646365422
6407,0.550098231827112
6408,0.5776031434184676
6409,0.5343811394891945
6410,0.6090373280943026
6411,0.555992141453831
6412,0.5520628683693517
6413,0.6031434184675835
6414,0.581532416502947
6415,0.5776031434184676
6416,0.593320235756385
6417,0.5893909626719057
6418,0.5461689587426326
6419,0.5952848722986247
6420,0.5677799607072691
6421,0.5992141453831041
6422,0.5913555992141454
6423,0.5697445972495089
6424,0.5599214145383105
6425,0.5795677799607073
6426,0.555992141453831
6427,0.5658153241650294
6428,0.550098231827112
6429,0.5599214145383105
6430,0.5658153241650294
6431,0.5579567779960707
6432,0.5795677799607073
6433,0.5677799607072691
6434,0.6110019646365422
6435,0.5442043222003929
6436,0.6149312377210217
6437,0.5697445972495089
6438,0.555992141453831
6439,0.5677799607072691
6440,0.5795677799607073
6441,0.5658153241650294
6442,0.5834970530451866
6443,0.5540275049115914
6444,0.5638506876227898
6445,0.555992141453831
6446,0.5776031434184676
6447,0.5638506876227898
6448,0.581532416502947
6449,0.5579567779960707
6450,0.5618860510805501
6451,0.5658153241650294
6452,0.5677799607072691
6453,0.5422396856581533
6454,0.5854616895874263
6455,0.5579567779960707
6456,0.6070726915520629
6457,0.5677799607072691
6458,0.587426326129666
6459,0.593320235756385
6460,0.5383104125736738
6461,0.5776031434184676
6462,0.6051080550098232
6463,0.5776031434184676
6464,0.555992141453831
6465,0.5599214145383105
6466,0.5913555992141454
6467,0.5658153241650294
6468,0.5717092337917485
6469,0.593320235756385
6470,0.5854616895874263
6471,0.5677799607072691
6472,0.581532416502947
6473,0.5284872298624754
6474,0.555992141453831
6475,0.581532416502947
6476,0.6110019646365422
6477,0.5834970530451866
6478,0.5717092337917485
6479,0.550098231827112
6480,0.5834970530451866
6481,0.5795677799607073
6482,0.5599214145383105
6483,0.5795677799607073
6484,0.5717092337917485
6485,0.5736738703339882
6486,0.5658153241650294
6487,0.5756385068762279
6488,0.550098231827112
6489,0.6168958742632613
6490,0.5854616895874263
6491,0.5697445972495089
6492,0.5579567779960707
6493,0.5422396856581533
6494,0.5776031434184676
6495,0.5717092337917485
6496,0.5795677799607073
6497,0.5618860510805501
6498,0.6011787819253438
6499,0.5697445972495089
6500,0.581532416502947
6501,0.5461689587426326
6502,0.5402750491159135
6503,0.555992141453831
6504,0.5599214145383105
6505,0.593320235756385
6506,0.5540275049115914
6507,0.5756385068762279
6508,0.550098231827112
6509,0.5658153241650294
6510,0.593320235756385
6511,0.5972495088408645
6512,0.5795677799607073
6513,0.5599214145383105
6514,0.5383104125736738
6515,0.550098231827112
6516,0.5540275049115914
6517,0.5776031434184676
6518,0.5304518664047151
6519,0.5893909626719057
6520,0.5599214145383105
6521,0.5952848722986247
6522,0.5697445972495089
6523,0.5717092337917485
6524,0.5677799607072691
6525,0.5363457760314342
6526,0.5756385068762279
6527,0.5618860510805501
6528,0.5540275049115914
6529,0.5893909626719057
6530,0.5756385068762279
6531,0.5776031434184676
6532,0.5579567779960707
6533,0.5520628683693517
6534,0.5088408644400786
6535,0.5442043222003929
6536,0.5972495088408645
6537,0.5540275049115914
6538,0.5756385068762279
6539,0.5540275049115914
6540,0.5854616895874263
6541,0.5972495088408645
6542,0.5658153241650294
6543,0.5540275049115914
6544,0.5442043222003929
6545,0.581532416502947
6546,0.5972495088408645
6547,0.5756385068762279
6548,0.5717092337917485
6549,0.5540275049115914
6550,0.5717092337917485
6551,0.5599214145383105
6552,0.5697445972495089
6553,0.5618860510805501
6554,0.5677799607072691
6555,0.5913555992141454
6556,0.5992141453831041
6557,0.5992141453831041
6558,0.5992141453831041
6559,0.581532416502947
6560,0.5697445972495089
6561,0.5638506876227898
6562,0.581532416502947
6563,0.5736738703339882
6564,0.5618860510805501
6565,0.5461689587426326
6566,0.5422396856581533
6567,0.5736738703339882
6568,0.5402750491159135
6569,0.5618860510805501
6570,0.5717092337917485
6571,0.6051080550098232
6572,0.5795677799607073
6573,0.587426326129666
6574,0.5638506876227898
6575,0.5756385068762279
6576,0.6070726915520629
6577,0.5776031434184676
6578,0.5834970530451866
6579,0.5756385068762279
6580,0.5854616895874263
6581,0.5756385068762279
6582,0.5972495088408645
6583,0.5677799607072691
6584,0.5618860510805501
6585,0.6031434184675835
6586,0.5677799607072691
6587,0.581532416502947
6588,0.5599214145383105
6589,0.5422396856581533
6590,0.5795677799607073
6591,0.5540275049115914
6592,0.5422396856581533
6593,0.5540275049115914
6594,0.5776031434184676
6595,0.5834970530451866
6596,0.5540275049115914
6597,0.550098231827112
6598,0.581532416502947
6599,0.5756385068762279
6600,0.5736738703339882
6601,0.5756385068762279
6602,0.5795677799607073
6603,0.5520628683693517
6604,0.5893909626719057
6605,0.5893909626719057
6606,0.5461689587426326
6607,0.5461689587426326
6608,0.5677799607072691
6609,0.6326129666011788
6610,0.5579567779960707
6611,0.5638506876227898
6612,0.5481335952848723
6613,0.555992141453831
6614,0.5402750491159135
6615,0.5795677799607073
6616,0.5952848722986247
6617,0.5854616895874263
6618,0.5677799607072691
6619,0.5795677799607073
6620,0.5442043222003929
6621,0.5540275049115914
6622,0.5638506876227898
6623,0.5717092337917485
6624,0.5736738703339882
6625,0.5618860510805501
6626,0.5638506876227898
6627,0.587426326129666
6628,0.5776031434184676
6629,0.581532416502947
6630,0.5795677799607073
6631,0.5776031434184676
6632,0.581532416502947
6633,0.5245579567779961
6634,0.5579567779960707
6635,0.6070726915520629
6636,0.5658153241650294
6637,0.5343811394891945
6638,0.5952848722986247
6639,0.550098231827112
6640,0.5697445972495089
6641,0.587426326129666
6642,0.5834970530451866
6643,0.6011787819253438
6644,0.5834970530451866
6645,0.5893909626719057
6646,0.5795677799607073
6647,0.5363457760314342
6648,0.550098231827112
6649,0.5599214145383105
6650,0.6090373280943026
6651,0.5736738703339882
6652,0.5638506876227898
6653,0.5324165029469549
6654,0.5893909626719057
6655,0.5697445972495089
6656,0.5618860510805501
6657,0.5795677799607073
6658,0.5854616895874263
6659,0.5520628683693517
6660,0.5972495088408645
6661,0.6129666011787819
6662,0.5697445972495089
6663,0.5638506876227898
6664,0.5697445972495089
6665,0.5717092337917485
6666,0.5697445972495089
6667,0.6011787819253438
6668,0.5658153241650294
6669,0.5717092337917485
6670,0.593320235756385
6671,0.581532416502947
6672,0.5893909626719057
6673,0.5658153241650294
6674,0.5834970530451866
6675,0.5520628683693517
6676,0.5972495088408645
6677,0.5265225933202358
6678,0.5697445972495089
6679,0.5618860510805501
6680,0.5854616895874263
6681,0.5540275049115914
6682,0.5677799607072691
6683,0.5638506876227898
6684,0.5795677799607073
6685,0.5402750491159135
6686,0.5697445972495089
6687,0.587426326129666
6688,0.581532416502947
6689,0.5658153241650294
6690,0.518664047151277
6691,0.5697445972495089
6692,0.5658153241650294
6693,0.5756385068762279
6694,0.581532416502947
6695,0.5520628683693517
6696,0.555992141453831
6697,0.5461689587426326
6698,0.5776031434184676
6699,0.5776031434184676
6700,0.555992141453831
6701,0.5893909626719057
6702,0.555992141453831
6703,0.5952848722986247
6704,0.5736738703339882
6705,0.5697445972495089
6706,0.5952848722986247
6707,0.5599214145383105
6708,0.5834970530451866
6709,0.5638506876227898
6710,0.5481335952848723
6711,0.5736738703339882
6712,0.5992141453831041
6713,0.5697445972495089
6714,0.5599214145383105
6715,0.5599214145383105
6716,0.5461689587426326
6717,0.5736738703339882
6718,0.5618860510805501
6719,0.5520628683693517
6720,0.5834970530451866
6721,0.5618860510805501
6722,0.6129666011787819
6723,0.5756385068762279
6724,0.5304518664047151
6725,0.555992141453831
6726,0.5756385068762279
6727,0.5383104125736738
6728,0.5834970530451866
6729,0.6031434184675835
6730,0.6011787819253438
6731,0.5265225933202358
6732,0.5520628683693517
6733,0.5834970530451866
6734,0.5756385068762279
6735,0.6031434184675835
6736,0.5893909626719057
6737,0.5776031434184676
6738,0.5599214145383105
6739,0.5225933202357563
6740,0.581532416502947
6741,0.6168958742632613
6742,0.5952848722986247
6743,0.5520628683693517
6744,0.5638506876227898
6745,0.5658153241650294
6746,0.550098231827112
6747,0.5795677799607073
6748,0.5520628683693517
6749,0.5913555992141454
6750,0.5618860510805501
6751,0.5658153241650294
6752,0.6051080550098232
6753,0.5795677799607073
6754,0.5834970530451866
6755,0.5736738703339882
6756,0.5834970530451866
6757,0.5992141453831041
6758,0.5461689587426326
6759,0.5402750491159135
6760,0.5913555992141454
6761,0.550098231827112
6762,0.5717092337917485
6763,0.5697445972495089
6764,0.5717092337917485
6765,0.6070726915520629
6766,0.5638506876227898
6767,0.5795677799607073
6768,0.550098231827112
6769,0.5638506876227898
6770,0.5658153241650294
6771,0.581532416502947
6772,0.5245579567779961
6773,0.5756385068762279
6774,0.5736738703339882
6775,0.5383104125736738
6776,0.5618860510805501
6777,0.6011787819253438
6778,0.5638506876227898
6779,0.5795677799607073
6780,0.5442043222003929
6781,0.5284872298624754
6782,0.5972495088408645
6783,0.5540275049115914
6784,0.5599214145383105
6785,0.5658153241650294
6786,0.555992141453831
6787,0.5658153241650294
6788,0.5776031434184676
6789,0.5795677799607073
6790,0.5481335952848723
6791,0.5795677799607073
6792,0.5579567779960707
6793,0.5913555992141454
6794,0.5717092337917485
6795,0.5284872298624754
6796,0.5599214145383105
6797,0.587426326129666
6798,0.6129666011787819
6799,0.5540275049115914
6800,0.555992141453831
6801,0.6031434184675835
6802,0.5540275049115914
6803,0.5893909626719057
6804,0.5893909626719057
6805,0.5520628683693517
6806,0.5658153241650294
6807,0.5697445972495089
6808,0.5579567779960707
6809,0.5618860510805501
6810,0.5540275049115914
6811,0.5717092337917485
6812,0.5599214145383105
6813,0.5756385068762279
6814,0.5520628683693517
6815,0.5795677799607073
6816,0.5442043222003929
6817,0.5324165029469549
6818,0.5520628683693517
6819,0.5520628683693517
6820,0.5756385068762279
6821,0.5363457760314342
6822,0.5579567779960707
6823,0.5658153241650294
6824,0.5618860510805501
6825,0.5520628683693517
6826,0.6168958742632613
6827,0.5834970530451866
6828,0.5717092337917485
6829,0.6011787819253438
6830,0.5717092337917485
6831,0.555992141453831
6832,0.5834970530451866
6833,0.5717092337917485
6834,0.5952848722986247
6835,0.5736738703339882
6836,0.6110019646365422
6837,0.5913555992141454
6838,0.550098231827112
6839,0.5677799607072691
6840,0.587426326129666
6841,0.5618860510805501
6842,0.5795677799607073
6843,0.5677799607072691
6844,0.5834970530451866
6845,0.5697445972495089
6846,0.5579567779960707
6847,0.5893909626719057
6848,0.5422396856581533
6849,0.6110019646365422
6850,0.5893909626719057
6851,0.581532416502947
6852,0.5776031434184676
6853,0.5697445972495089
6854,0.5461689587426326
6855,0.5265225933202358
6856,0.550098231827112
6857,0.5284872298624754
6858,0.5972495088408645
6859,0.5402750491159135
6860,0.5736738703339882
6861,0.555992141453831
6862,0.5677799607072691
6863,0.5756385068762279
6864,0.5913555992141454
6865,0.5952848722986247
6866,0.5677799607072691
6867,0.6227897838899804
6868,0.5893909626719057
6869,0.593320235756385
6870,0.5697445972495089
6871,0.5756385068762279
6872,0.5618860510805501
6873,0.581532416502947
6874,0.5795677799607073
6875,0.5481335952848723
6876,0.587426326129666
6877,0.587426326129666
6878,0.5343811394891945
6879,0.5402750491159135
6880,0.5717092337917485
6881,0.5658153241650294
6882,0.5520628683693517
6883,0.5618860510805501
6884,0.5658153241650294
6885,0.5579567779960707
6886,0.5795677799607073
6887,0.5618860510805501
6888,0.5834970530451866
6889,0.5776031434184676
6890,0.5658153241650294
6891,0.5795677799607073
6892,0.5913555992141454
6893,0.5854616895874263
6894,0.5854616895874263
6895,0.5776031434184676
6896,0.5677799607072691
6897,0.5579567779960707
6898,0.587426326129666
6899,0.5736738703339882
6900,0.5658153241650294
6901,0.5599214145383105
6902,0.5540275049115914
6903,0.5618860510805501
6904,0.5481335952848723
6905,0.587426326129666
6906,0.5324165029469549
6907,0.5834970530451866
6908,0.5952848722986247
6909,0.5854616895874263
6910,0.5795677799607073
6911,0.5834970530451866
6912,0.5756385068762279
6913,0.550098231827112
6914,0.5245579567779961
6915,0.5677799607072691
6916,0.550098231827112
6917,0.5540275049115914
6918,0.5893909626719057
6919,0.5461689587426326
6920,0.5913555992141454
6921,0.6051080550098232
6922,0.5343811394891945
6923,0.5913555992141454
6924,0.593320235756385
6925,0.5913555992141454
6926,0.5776031434184676
6927,0.5618860510805501
6928,0.5618860510805501
6929,0.5736738703339882
6930,0.5972495088408645
6931,0.593320235756385
6932,0.5795677799607073
6933,0.5383104125736738
6934,0.5736738703339882
6935,0.587426326129666
6936,0.5638506876227898
6937,0.5717092337917485
6938,0.5383104125736738
6939,0.5795677799607073
6940,0.5618860510805501
6941,0.555992141453831
6942,0.5697445972495089
6943,0.5579567779960707
6944,0.5677799607072691
6945,0.5677799607072691
6946,0.5599214145383105
6947,0.5834970530451866
6948,0.5442043222003929
6949,0.5834970530451866
6950,0.5736738703339882
6951,0.6129666011787819
6952,0.5599214145383105
6953,0.5658153241650294
6954,0.5776031434184676
6955,0.5736738703339882
6956,0.5795677799607073
6957,0.581532416502947
6958,0.5599214145383105
6959,0.581532416502947
6960,0.5756385068762279
6961,0.5736738703339882
6962,0.5736738703339882
6963,0.5756385068762279
6964,0.5540275049115914
6965,0.5599214145383105
6966,0.5618860510805501
6967,0.5638506876227898
6968,0.5638506876227898
6969,0.5893909626719057
6970,0.5776031434184676
6971,0.5952848722986247
6972,0.5658153241650294
6973,0.5481335952848723
6974,0.5697445972495089
6975,0.5854616895874263
6976,0.5540275049115914
6977,0.5677799607072691
6978,0.5461689587426326
6979,0.5854616895874263
6980,0.5992141453831041
6981,0.5265225933202358
6982,0.550098231827112
6983,0.5677799607072691
6984,0.5461689587426326
6985,0.5618860510805501
6986,0.5736738703339882
6987,0.550098231827112
6988,0.5618860510805501
6989,0.5461689587426326
6990,0.5697445972495089
6991,0.550098231827112
6992,0.5697445972495089
6993,0.5756385068762279
6994,0.6090373280943026
6995,0.5599214145383105
6996,0.5677799607072691
6997,0.5579567779960707
6998,0.5697445972495089
6999,0.5422396856581533
7000,0.5893909626719057
7001,0.6090373280943026
7002,0.5972495088408645
7003,0.5795677799607073
7004,0.593320235756385
7005,0.5756385068762279
7006,0.5795677799607073
7007,0.5736738703339882
7008,0.5913555992141454
7009,0.5854616895874263
7010,0.6208251473477406
7011,0.5579567779960707
7012,0.5834970530451866
7013,0.5795677799607073
7014,0.581532416502947
7015,0.5913555992141454
7016,0.550098231827112
7017,0.581532416502947
7018,0.5481335952848723
7019,0.5717092337917485
7020,0.6031434184675835
7021,0.5599214145383105
7022,0.5736738703339882
7023,0.5363457760314342
7024,0.581532416502947
7025,0.6051080550098232
7026,0.5638506876227898
7027,0.5304518664047151
7028,0.5776031434184676
7029,0.5992141453831041
7030,0.5972495088408645
7031,0.6031434184675835
7032,0.581532416502947
7033,0.5599214145383105
7034,0.5677799607072691
7035,0.5756385068762279
7036,0.5756385068762279
7037,0.5461689587426326
7038,0.5717092337917485
7039,0.5913555992141454
7040,0.5343811394891945
7041,0.5913555992141454
7042,0.5618860510805501
7043,0.587426326129666
7044,0.5618860510805501
7045,0.5795677799607073
7046,0.5677799607072691
7047,0.5324165029469549
7048,0.587426326129666
7049,0.5658153241650294
7050,0.5677799607072691
7051,0.5540275049115914
7052,0.6129666011787819
7053,0.555992141453831
7054,0.5422396856581533
7055,0.550098231827112
7056,0.6070726915520629
7057,0.5677799607072691
7058,0.587426326129666
7059,0.5834970530451866
7060,0.5972495088408645
7061,0.5795677799607073
7062,0.593320235756385
7063,0.5854616895874263
7064,0.5481335952848723
7065,0.5736738703339882
7066,0.5776031434184676
7067,0.5697445972495089
7068,0.587426326129666
7069,0.5166994106090373
7070,0.5383104125736738
7071,0.5677799607072691
7072,0.5992141453831041
7073,0.581532416502947
7074,0.5697445972495089
7075,0.5363457760314342
7076,0.5481335952848723
7077,0.555992141453831
7078,0.5854616895874263
7079,0.6011787819253438
7080,0.5599214145383105
7081,0.5540275049115914
7082,0.593320235756385
7083,0.5795677799607073
7084,0.581532416502947
7085,0.5658153241650294
7086,0.5540275049115914
7087,0.5756385068762279
7088,0.5422396856581533
7089,0.5913555992141454
7090,0.5893909626719057
7091,0.5599214145383105
7092,0.581532416502947
7093,0.5579567779960707
7094,0.5952848722986247
7095,0.5520628683693517
7096,0.5422396856581533
7097,0.5717092337917485
7098,0.5618860510805501
7099,0.5461689587426326
7100,0.5677799607072691
7101,0.5717092337917485
7102,0.5992141453831041
7103,0.593320235756385
7104,0.5579567779960707
7105,0.5658153241650294
7106,0.5618860510805501
7107,0.5756385068762279
7108,0.5756385068762279
7109,0.5913555992141454
7110,0.5854616895874263
7111,0.5795677799607073
7112,0.5520628683693517
7113,0.5992141453831041
7114,0.5736738703339882
7115,0.5834970530451866
7116,0.5618860510805501
7117,0.5697445972495089
7118,0.5697445972495089
7119,0.587426326129666
7120,0.5618860510805501
7121,0.581532416502947
7122,0.5481335952848723
7123,0.5952848722986247
7124,0.5442043222003929
7125,0.5972495088408645
7126,0.5992141453831041
7127,0.5854616895874263
7128,0.5481335952848723
7129,0.5756385068762279
7130,0.5677799607072691
7131,0.5677799607072691
7132,0.581532416502947
7133,0.555992141453831
7134,0.5481335952848723
7135,0.5677799607072691
7136,0.5795677799607073
7137,0.5717092337917485
7138,0.5972495088408645
7139,0.6070726915520629
7140,0.5363457760314342
7141,0.5756385068762279
7142,0.5618860510805501
7143,0.5756385068762279
7144,0.5776031434184676
7145,0.5579567779960707
7146,0.593320235756385
7147,0.5658153241650294
7148,0.5461689587426326
7149,0.5952848722986247
7150,0.6011787819253438
7151,0.5658153241650294
7152,0.5658153241650294
7153,0.5834970530451866
7154,0.5540275049115914
7155,0.5834970530451866
7156,0.593320235756385
7157,0.5717092337917485
7158,0.5756385068762279
7159,0.5992141453831041
7160,0.6031434184675835
7161,0.555992141453831
7162,0.5795677799607073
7163,0.5481335952848723
7164,0.5834970530451866
7165,0.550098231827112
7166,0.5422396856581533
7167,0.5520628683693517
7168,0.5795677799607073
7169,0.5736738703339882
7170,0.593320235756385
7171,0.5756385068762279
7172,0.550098231827112
7173,0.555992141453831
7174,0.5717092337917485
7175,0.5756385068762279
7176,0.5422396856581533
7177,0.5638506876227898
7178,0.6070726915520629
7179,0.5952848722986247
7180,0.587426326129666
7181,0.5383104125736738
7182,0.5658153241650294
7183,0.5579567779960707
7184,0.5736738703339882
7185,0.5893909626719057
7186,0.5972495088408645
7187,0.5481335952848723
7188,0.5697445972495089
7189,0.5717092337917485
7190,0.593320235756385
7191,0.5540275049115914
7192,0.5717092337917485
7193,0.5677799607072691
7194,0.5461689587426326
7195,0.5717092337917485
7196,0.555992141453831
7197,0.5638506876227898
7198,0.5697445972495089
7199,0.5913555992141454
7200,0.5383104125736738
7201,0.5461689587426326
7202,0.5579567779960707
7203,0.5461689587426326
7204,0.5677799607072691
7205,0.618860510805501
7206,0.5579567779960707
7207,0.5776031434184676
7208,0.555992141453831
7209,0.5952848722986247
7210,0.5952848722986247
7211,0.550098231827112
7212,0.5540275049115914
7213,0.5992141453831041
7214,0.6031434184675835
7215,0.5540275049115914
7216,0.5481335952848723
7217,0.6247544204322201
7218,0.5854616895874263
7219,0.5854616895874263
7220,0.5461689587426326
7221,0.5776031434184676
7222,0.5717092337917485
7223,0.5618860510805501
7224,0.5736738703339882
7225,0.5736738703339882
7226,0.5893909626719057
7227,0.581532416502947
7228,0.5913555992141454
7229,0.5520628683693517
7230,0.5677799607072691
7231,0.5658153241650294
7232,0.581532416502947
7233,0.587426326129666
7234,0.5363457760314342
7235,0.5854616895874263
7236,0.5599214145383105
7237,0.5913555992141454
7238,0.5245579567779961
7239,0.5776031434184676
7240,0.5658153241650294
7241,0.5717092337917485
7242,0.5520628683693517
7243,0.5638506876227898
7244,0.6011787819253438
7245,0.6031434184675835
7246,0.5638506876227898
7247,0.6051080550098232
7248,0.5913555992141454
7249,0.5756385068762279
7250,0.5913555992141454
7251,0.5717092337917485
7252,0.5776031434184676
7253,0.5658153241650294
7254,0.5776031434184676
7255,0.5756385068762279
7256,0.5579567779960707
7257,0.5736738703339882
7258,0.5481335952848723
7259,0.5481335952848723
7260,0.5893909626719057
7261,0.5618860510805501
7262,0.5972495088408645
7263,0.5756385068762279
7264,0.581532416502947
7265,0.5422396856581533
7266,0.5776031434184676
7267,0.5638506876227898
7268,0.5638506876227898
7269,0.5520628683693517
7270,0.5756385068762279
7271,0.5304518664047151
7272,0.5972495088408645
7273,0.5795677799607073
7274,0.5481335952848723
7275,0.5952848722986247
7276,0.5343811394891945
7277,0.5952848722986247
7278,0.5677799607072691
7279,0.5736738703339882
7280,0.5697445972495089
7281,0.5756385068762279
7282,0.5481335952848723
7283,0.5481335952848723
7284,0.5992141453831041
7285,0.5697445972495089
7286,0.5776031434184676
7287,0.593320235756385
7288,0.5658153241650294
7289,0.5795677799607073
7290,0.587426326129666
7291,0.5540275049115914
7292,0.593320235756385
7293,0.5402750491159135
7294,0.5677799607072691
7295,0.555992141453831
7296,0.5481335952848723
7297,0.5795677799607073
7298,0.587426326129666
7299,0.5599214145383105
7300,0.5461689587426326
7301,0.5579567779960707
7302,0.5481335952848723
7303,0.5481335952848723
7304,0.5599214145383105
7305,0.5776031434184676
7306,0.5756385068762279
7307,0.5893909626719057
7308,0.593320235756385
7309,0.5304518664047151
7310,0.593320235756385
7311,0.5618860510805501
7312,0.6051080550098232
7313,0.5402750491159135
7314,0.5697445972495089
7315,0.555992141453831
7316,0.5677799607072691
7317,0.5893909626719057
7318,0.5540275049115914
7319,0.5717092337917485
7320,0.5717092337917485
7321,0.5343811394891945
7322,0.5697445972495089
7323,0.5481335952848723
7324,0.5854616895874263
7325,0.5579567779960707
7326,0.5677799607072691
7327,0.5893909626719057
7328,0.6110019646365422
7329,0.5520628683693517
7330,0.550098231827112
7331,0.5520628683693517
7332,0.5461689587426326
7333,0.555992141453831
7334,0.587426326129666
7335,0.555992141453831
7336,0.5893909626719057
7337,0.5972495088408645
7338,0.5599214145383105
7339,0.5461689587426326
7340,0.5304518664047151
7341,0.581532416502947
7342,0.555992141453831
7343,0.5776031434184676
7344,0.5638506876227898
7345,0.5658153241650294
7346,0.5618860510805501
7347,0.5579567779960707
7348,0.5736738703339882
7349,0.5834970530451866
7350,0.5658153241650294
7351,0.581532416502947
7352,0.5343811394891945
7353,0.593320235756385
7354,0.5658153241650294
7355,0.593320235756385
7356,0.5481335952848723
7357,0.555992141453831
7358,0.5756385068762279
7359,0.5834970530451866
7360,0.5795677799607073
7361,0.550098231827112
7362,0.581532416502947
7363,0.6011787819253438
7364,0.5795677799607073
7365,0.550098231827112
7366,0.5756385068762279
7367,0.5736738703339882
7368,0.5717092337917485
7369,0.6031434184675835
7370,0.5697445972495089
7371,0.5618860510805501
7372,0.5972495088408645
7373,0.5618860510805501
7374,0.5599214145383105
7375,0.5108055009823183
7376,0.5402750491159135
7377,0.5677799607072691
7378,0.587426326129666
7379,0.5638506876227898
7380,0.5461689587426326
7381,0.5717092337917485
7382,0.5756385068762279
7383,0.581532416502947
7384,0.555992141453831
7385,0.5854616895874263
7386,0.5363457760314342
7387,0.587426326129666
7388,0.5618860510805501
7389,0.5756385068762279
7390,0.5540275049115914
7391,0.555992141453831
7392,0.5795677799607073
7393,0.5520628683693517
7394,0.5481335952848723
7395,0.5599214145383105
7396,0.5599214145383105
7397,0.5579567779960707
7398,0.5795677799607073
7399,0.5442043222003929
7400,0.5579567779960707
7401,0.5717092337917485
7402,0.5776031434184676
7403,0.5520628683693517
7404,0.5697445972495089
7405,0.5834970530451866
7406,0.5677799607072691
7407,0.5442043222003929
7408,0.5952848722986247
7409,0.587426326129666
7410,0.5599214145383105
7411,0.593320235756385
7412,0.5913555992141454
7413,0.5756385068762279
7414,0.5461689587426326
7415,0.5638506876227898
7416,0.555992141453831
7417,0.5952848722986247
7418,0.5658153241650294
7419,0.5422396856581533
7420,0.5618860510805501
7421,0.587426326129666
7422,0.5697445972495089
7423,0.5893909626719057
7424,0.581532416502947
7425,0.5324165029469549
7426,0.5972495088408645
7427,0.5343811394891945
7428,0.555992141453831
7429,0.5854616895874263
7430,0.581532416502947
7431,0.5756385068762279
7432,0.5854616895874263
7433,0.581532416502947
7434,0.5795677799607073
7435,0.5717092337917485
7436,0.6070726915520629
7437,0.6031434184675835
7438,0.5540275049115914
7439,0.5579567779960707
7440,0.5992141453831041
7441,0.5461689587426326
7442,0.5795677799607073
7443,0.5697445972495089
7444,0.5520628683693517
7445,0.5795677799607073
7446,0.555992141453831
7447,0.5599214145383105
7448,0.5736738703339882
7449,0.550098231827112
7450,0.5520628683693517
7451,0.5854616895874263
7452,0.5697445972495089
7453,0.5913555992141454
7454,0.5756385068762279
7455,0.5717092337917485
7456,0.5481335952848723
7457,0.5658153241650294
7458,0.5834970530451866
7459,0.5972495088408645
7460,0.5599214145383105
7461,0.5697445972495089
7462,0.6227897838899804
7463,0.5756385068762279
7464,0.5972495088408645
7465,0.5992141453831041
7466,0.5834970530451866
7467,0.6149312377210217
7468,0.593320235756385
7469,0.5854616895874263
7470,0.5854616895874263
7471,0.5717092337917485
7472,0.5383104125736738
7473,0.5913555992141454
7474,0.587426326129666
7475,0.5795677799607073
7476,0.5540275049115914
7477,0.581532416502947
7478,0.5795677799607073
7479,0.6051080550098232
7480,0.5520628683693517
7481,0.5913555992141454
7482,0.5756385068762279
7483,0.593320235756385
7484,0.5972495088408645
7485,0.5913555992141454
7486,0.5481335952848723
7487,0.5717092337917485
7488,0.5992141453831041
7489,0.5697445972495089
7490,0.5697445972495089
7491,0.5658153241650294
7492,0.5776031434184676
7493,0.5893909626719057
7494,0.5776031434184676
7495,0.6070726915520629
7496,0.5677799607072691
7497,0.6090373280943026
7498,0.5343811394891945
7499,0.6129666011787819
7500,0.5540275049115914
7501,0.5697445972495089
7502,0.5127701375245579
7503,0.5481335952848723
7504,0.6051080550098232
7505,0.6011787819253438
7506,0.5481335952848723
7507,0.5638506876227898
7508,0.5540275049115914
7509,0.5402750491159135
7510,0.5697445972495089
7511,0.5795677799607073
7512,0.5422396856581533
7513,0.6051080550098232
7514,0.5736738703339882
7515,0.5520628683693517
7516,0.5638506876227898
7517,0.5736738703339882
7518,0.5776031434184676
7519,0.587426326129666
7520,0.5461689587426326
7521,0.5854616895874263
7522,0.5442043222003929
7523,0.5677799607072691
7524,0.5795677799607073
7525,0.5834970530451866
7526,0.5481335952848723
7527,0.593320235756385
7528,0.5795677799607073
7529,0.5658153241650294
7530,0.581532416502947
7531,0.6031434184675835
7532,0.5697445972495089
7533,0.5697445972495089
7534,0.593320235756385
7535,0.5638506876227898
7536,0.5717092337917485
7537,0.555992141453831
7538,0.5540275049115914
7539,0.5579567779960707
7540,0.5756385068762279
7541,0.5599214145383105
7542,0.581532416502947
7543,0.5913555992141454
7544,0.581532416502947
7545,0.581532416502947
7546,0.5618860510805501
7547,0.5834970530451866
7548,0.5677799607072691
7549,0.5776031434184676
7550,0.587426326129666
7551,0.5618860510805501
7552,0.6031434184675835
7553,0.5756385068762279
7554,0.5952848722986247
7555,0.5599214145383105
7556,0.5383104125736738
7557,0.5677799607072691
7558,0.5795677799607073
7559,0.5363457760314342
7560,0.5795677799607073
7561,0.6011787819253438
7562,0.5638506876227898
7563,0.5677799607072691
7564,0.593320235756385
7565,0.550098231827112
7566,0.5520628683693517
7567,0.5599214145383105
7568,0.5893909626719057
7569,0.5756385068762279
7570,0.6011787819253438
7571,0.5363457760314342
7572,0.5776031434184676
7573,0.5599214145383105
7574,0.5638506876227898
7575,0.5638506876227898
7576,0.5422396856581533
7577,0.581532416502947
7578,0.5795677799607073
7579,0.5756385068762279
7580,0.5618860510805501
7581,0.5834970530451866
7582,0.5638506876227898
7583,0.6011787819253438
7584,0.5893909626719057
7585,0.6051080550098232
7586,0.5854616895874263
7587,0.5834970530451866
7588,0.5834970530451866
7589,0.5442043222003929
7590,0.550098231827112
7591,0.5776031434184676
7592,0.5677799607072691
7593,0.5992141453831041
7594,0.5756385068762279
7595,0.5952848722986247
7596,0.6031434184675835
7597,0.593320235756385
7598,0.5795677799607073
7599,0.5540275049115914
7600,0.5618860510805501
7601,0.5461689587426326
7602,0.5913555992141454
7603,0.5913555992141454
7604,0.5893909626719057
7605,0.5795677799607073
7606,0.5618860510805501
7607,0.593320235756385
7608,0.5854616895874263
7609,0.5756385068762279
7610,0.5461689587426326
7611,0.581532416502947
7612,0.5599214145383105
7613,0.5756385068762279
7614,0.5324165029469549
7615,0.5952848722986247
7616,0.5363457760314342
7617,0.5776031434184676
7618,0.5638506876227898
7619,0.5893909626719057
7620,0.581532416502947
7621,0.6110019646365422
7622,0.6031434184675835
7623,0.5618860510805501
7624,0.5776031434184676
7625,0.5618860510805501
7626,0.5717092337917485
7627,0.5697445972495089
7628,0.5795677799607073
7629,0.5776031434184676
7630,0.5461689587426326
7631,0.5756385068762279
7632,0.5697445972495089
7633,0.5383104125736738
7634,0.5638506876227898
7635,0.5736738703339882
7636,0.5893909626719057
7637,0.5756385068762279
7638,0.550098231827112
7639,0.5677799607072691
7640,0.5481335952848723
7641,0.6031434184675835
7642,0.5638506876227898
7643,0.5834970530451866
7644,0.5265225933202358
7645,0.6051080550098232
7646,0.5677799607072691
7647,0.5776031434184676
7648,0.593320235756385
7649,0.5776031434184676
7650,0.5776031434184676
7651,0.593320235756385
7652,0.5736738703339882
7653,0.5677799607072691
7654,0.5795677799607073
7655,0.5972495088408645
7656,0.6011787819253438
7657,0.5343811394891945
7658,0.5618860510805501
7659,0.5697445972495089
7660,0.5481335952848723
7661,0.5442043222003929
7662,0.5540275049115914
7663,0.581532416502947
7664,0.5697445972495089
7665,0.5992141453831041
7666,0.5599214145383105
7667,0.5422396856581533
7668,0.593320235756385
7669,0.5854616895874263
7670,0.5422396856581533
7671,0.5717092337917485
7672,0.581532416502947
7673,0.5854616895874263
7674,0.5579567779960707
7675,0.5795677799607073
7676,0.5422396856581533
7677,0.5363457760314342
7678,0.5324165029469549
7679,0.5422396856581533
7680,0.5599214145383105
7681,0.5756385068762279
7682,0.581532416502947
7683,0.5854616895874263
7684,0.5618860510805501
7685,0.5599214145383105
7686,0.5795677799607073
7687,0.550098231827112
7688,0.5717092337917485
7689,0.5697445972495089
7690,0.5776031434184676
7691,0.5599214145383105
7692,0.5756385068762279
7693,0.5579567779960707
7694,0.5992141453831041
7695,0.5756385068762279
7696,0.5972495088408645
7697,0.5481335952848723
7698,0.5756385068762279
7699,0.5284872298624754
7700,0.5579567779960707
7701,0.5795677799607073
7702,0.5854616895874263
7703,0.5795677799607073
7704,0.6011787819253438
7705,0.5697445972495089
7706,0.5677799607072691
7707,0.5736738703339882
7708,0.5618860510805501
7709,0.5520628683693517
7710,0.5402750491159135
7711,0.5677799607072691
7712,0.5520628683693517
7713,0.5402750491159135
7714,0.5599214145383105
7715,0.5756385068762279
7716,0.5972495088408645
7717,0.5638506876227898
7718,0.550098231827112
7719,0.5638506876227898
7720,0.5756385068762279
7721,0.587426326129666
7722,0.5599214145383105
7723,0.5677799607072691
7724,0.587426326129666
7725,0.5481335952848723
7726,0.5658153241650294
7727,0.5756385068762279
7728,0.5697445972495089
7729,0.5618860510805501
7730,0.5736738703339882
7731,0.5579567779960707
7732,0.5717092337917485
7733,0.5677799607072691
7734,0.5383104125736738
7735,0.5834970530451866
7736,0.5579567779960707
7737,0.5658153241650294
7738,0.5834970530451866
7739,0.5540275049115914
7740,0.5422396856581533
7741,0.5599214145383105
7742,0.5776031434184676
7743,0.5638506876227898
7744,0.5776031434184676
7745,0.5736738703339882
7746,0.5324165029469549
7747,0.5618860510805501
7748,0.5952848722986247
7749,0.5795677799607073
7750,0.550098231827112
7751,0.550098231827112
7752,0.5717092337917485
7753,0.5717092337917485
7754,0.5363457760314342
7755,0.5776031434184676
7756,0.5638506876227898
7757,0.550098231827112
7758,0.555992141453831
7759,0.5795677799607073
7760,0.5481335952848723
7761,0.5677799607072691
7762,0.5658153241650294
7763,0.5618860510805501
7764,0.5599214145383105
7765,0.5324165029469549
7766,0.5756385068762279
7767,0.5717092337917485
7768,0.5913555992141454
7769,0.5658153241650294
7770,0.5697445972495089
7771,0.5638506876227898
7772,0.581532416502947
7773,0.5756385068762279
7774,0.5638506876227898
7775,0.5579567779960707
7776,0.5618860510805501
7777,0.555992141453831
7778,0.593320235756385
7779,0.5717092337917485
7780,0.5776031434184676
7781,0.581532416502947
7782,0.581532416502947
7783,0.6168958742632613
7784,0.5756385068762279
7785,0.5265225933202358
7786,0.5599214145383105
7787,0.5638506876227898
7788,0.5697445972495089
7789,0.5461689587426326
7790,0.5638506876227898
7791,0.550098231827112
7792,0.5540275049115914
7793,0.5776031434184676
7794,0.5756385068762279
7795,0.5913555992141454
7796,0.5658153241650294
7797,0.5736738703339882
7798,0.5756385068762279
7799,0.5952848722986247
7800,0.5677799607072691
7801,0.5952848722986247
7802,0.5717092337917485
7803,0.555992141453831
7804,0.5540275049115914
7805,0.5736738703339882
7806,0.5854616895874263
7807,0.5697445972495089
7808,0.5383104125736738
7809,0.5717092337917485
7810,0.5893909626719057
7811,0.5442043222003929
7812,0.5618860510805501
7813,0.5677799607072691
7814,0.581532416502947
7815,0.5677799607072691
7816,0.5166994106090373
7817,0.6011787819253438
7818,0.5697445972495089
7819,0.5677799607072691
7820,0.5540275049115914
7821,0.5697445972495089
7822,0.5481335952848723
7823,0.5579567779960707
7824,0.5658153241650294
7825,0.5245579567779961
7826,0.5540275049115914
7827,0.5736738703339882
7828,0.5893909626719057
7829,0.5834970530451866
7830,0.581532416502947
7831,0.6129666011787819
7832,0.550098231827112
7833,0.593320235756385
7834,0.5618860510805501
7835,0.5795677799607073
7836,0.5697445972495089
7837,0.5658153241650294
7838,0.6011787819253438
7839,0.5756385068762279
7840,0.5776031434184676
7841,0.581532416502947
7842,0.5599214145383105
7843,0.5776031434184676
7844,0.5756385068762279
7845,0.581532416502947
7846,0.6090373280943026
7847,0.555992141453831
7848,0.5834970530451866
7849,0.587426326129666
7850,0.5795677799607073
7851,0.5618860510805501
7852,0.5422396856581533
7853,0.5579567779960707
7854,0.5952848722986247
7855,0.5795677799607073
7856,0.5638506876227898
7857,0.5795677799607073
7858,0.5854616895874263
7859,0.5363457760314342
7860,0.6031434184675835
7861,0.5618860510805501
7862,0.6011787819253438
7863,0.5402750491159135
7864,0.5422396856581533
7865,0.5540275049115914
7866,0.5736738703339882
7867,0.5795677799607073
7868,0.5776031434184676
7869,0.5972495088408645
7870,0.5972495088408645
7871,0.5913555992141454
7872,0.5893909626719057
7873,0.5540275049115914
7874,0.5776031434184676
7875,0.5756385068762279
7876,0.5579567779960707
7877,0.5658153241650294
7878,0.5697445972495089
7879,0.6031434184675835
7880,0.5618860510805501
7881,0.5579567779960707
7882,0.5717092337917485
7883,0.5717092337917485
7884,0.5854616895874263
7885,0.5618860510805501
7886,0.555992141453831
7887,0.5913555992141454
7888,0.5776031434184676
7889,0.5834970530451866
7890,0.5658153241650294
7891,0.5638506876227898
7892,0.5481335952848723
7893,0.5736738703339882
7894,0.5717092337917485
7895,0.5893909626719057
7896,0.555992141453831
7897,0.5756385068762279
7898,0.5638506876227898
7899,0.5481335952848723
7900,0.5854616895874263
7901,0.5776031434184676
7902,0.581532416502947
7903,0.5697445972495089
7904,0.555992141453831
7905,0.5638506876227898
7906,0.5834970530451866
7907,0.5913555992141454
7908,0.5913555992141454
7909,0.5599214145383105
7910,0.5599214145383105
7911,0.5834970530451866
7912,0.5697445972495089
7913,0.5854616895874263
7914,0.5461689587426326
7915,0.5520628683693517
7916,0.5658153241650294
7917,0.5756385068762279
7918,0.6070726915520629
7919,0.6051080550098232
7920,0.5677799607072691
7921,0.5736738703339882
7922,0.5717092337917485
7923,0.5677799607072691
7924,0.5776031434184676
7925,0.5697445972495089
7926,0.5402750491159135
7927,0.550098231827112
7928,0.5736738703339882
7929,0.587426326129666
7930,0.5834970530451866
7931,0.593320235756385
7932,0.5677799607072691
7933,0.5992141453831041
7934,0.5599214145383105
7935,0.587426326129666
7936,0.6011787819253438
7937,0.5854616895874263
7938,0.5834970530451866
7939,0.5736738703339882
7940,0.5717092337917485
7941,0.6090373280943026
7942,0.5717092337917485
7943,0.5736738703339882
7944,0.5618860510805501
7945,0.5579567779960707
7946,0.5697445972495089
7947,0.550098231827112
7948,0.5893909626719057
7949,0.5658153241650294
7950,0.5579567779960707
7951,0.5776031434184676
7952,0.5343811394891945
7953,0.587426326129666
7954,0.5599214145383105
7955,0.5736738703339882
7956,0.5697445972495089
7957,0.5776031434184676
7958,0.5618860510805501
7959,0.5363457760314342
7960,0.5854616895874263
7961,0.5697445972495089
7962,0.5481335952848723
7963,0.5677799607072691
7964,0.5579567779960707
7965,0.5736738703339882
7966,0.5795677799607073
7967,0.5717092337917485
7968,0.5422396856581533
7969,0.5677799607072691
7970,0.5736738703339882
7971,0.5697445972495089
7972,0.5913555992141454
7973,0.5893909626719057
7974,0.5677799607072691
7975,0.5461689587426326
7976,0.5913555992141454
7977,0.5756385068762279
7978,0.5618860510805501
7979,0.5284872298624754
7980,0.5461689587426326
7981,0.5638506876227898
7982,0.5893909626719057
7983,0.5756385068762279
7984,0.5540275049115914
7985,0.5893909626719057
7986,0.5992141453831041
7987,0.5402750491159135
7988,0.5736738703339882
7989,0.5579567779960707
7990,0.5677799607072691
7991,0.5776031434184676
7992,0.5265225933202358
7993,0.5756385068762279
7994,0.6090373280943026
7995,0.587426326129666
7996,0.5717092337917485
7997,0.587426326129666
7998,0.555992141453831
7999,0.593320235756385
8000,0.5461689587426326
8001,0.5618860510805501
8002,0.5579567779960707
8003,0.5776031434184676
8004,0.5265225933202358
8005,0.5697445972495089
8006,0.5776031434184676
8007,0.581532416502947
8008,0.5736738703339882
8009,0.5795677799607073
8010,0.5854616895874263
8011,0.5658153241650294
8012,0.5992141453831041
8013,0.5579567779960707
8014,0.5697445972495089
8015,0.5677799607072691
8016,0.555992141453831
8017,0.6031434184675835
8018,0.5913555992141454
8019,0.5461689587426326
8020,0.5618860510805501
8021,0.555992141453831
8022,0.5363457760314342
8023,0.5677799607072691
8024,0.5442043222003929
8025,0.5717092337917485
8026,0.5795677799607073
8027,0.587426326129666
8028,0.5540275049115914
8029,0.5677799607072691
8030,0.5579567779960707
8031,0.6208251473477406
8032,0.5834970530451866
8033,0.5952848722986247
8034,0.5992141453831041
8035,0.5717092337917485
8036,0.5717092337917485
8037,0.5776031434184676
8038,0.5520628683693517
8039,0.6110019646365422
8040,0.5442043222003929
8041,0.581532416502947
8042,0.5658153241650294
8043,0.5913555992141454
8044,0.5834970530451866
8045,0.6031434184675835
8046,0.5697445972495089
8047,0.5599214145383105
8048,0.5697445972495089
8049,0.5736738703339882
8050,0.5736738703339882
8051,0.5795677799607073
8052,0.5756385068762279
8053,0.6011787819253438
8054,0.555992141453831
8055,0.6247544204322201
8056,0.5776031434184676
8057,0.5736738703339882
8058,0.5579567779960707
8059,0.5677799607072691
8060,0.5363457760314342
8061,0.5579567779960707
8062,0.5540275049115914
8063,0.5324165029469549
8064,0.5736738703339882
8065,0.5304518664047151
8066,0.5618860510805501
8067,0.5383104125736738
8068,0.5756385068762279
8069,0.587426326129666
8070,0.581532416502947
8071,0.5952848722986247
8072,0.5265225933202358
8073,0.5717092337917485
8074,0.5658153241650294
8075,0.5422396856581533
8076,0.5618860510805501
8077,0.6051080550098232
8078,0.555992141453831
8079,0.5481335952848723
8080,0.5579567779960707
8081,0.5834970530451866
8082,0.5736738703339882
8083,0.587426326129666
8084,0.550098231827112
8085,0.587426326129666
8086,0.5697445972495089
8087,0.5756385068762279
8088,0.5638506876227898
8089,0.5756385068762279
8090,0.5972495088408645
8091,0.5854616895874263
8092,0.5854616895874263
8093,0.581532416502947
8094,0.5638506876227898
8095,0.5206286836935167
8096,0.5677799607072691
8097,0.5776031434184676
8098,0.6090373280943026
8099,0.5481335952848723
8100,0.5520628683693517
8101,0.5893909626719057
8102,0.5952848722986247
8103,0.5658153241650294
8104,0.5638506876227898
8105,0.5717092337917485
8106,0.5834970530451866
8107,0.5677799607072691
8108,0.587426326129666
8109,0.5756385068762279
8110,0.5442043222003929
8111,0.5638506876227898
8112,0.5834970530451866
8113,0.5363457760314342
8114,0.550098231827112
8115,0.5795677799607073
8116,0.5913555992141454
8117,0.5913555992141454
8118,0.5834970530451866
8119,0.6051080550098232
8120,0.5677799607072691
8121,0.5697445972495089
8122,0.5383104125736738
8123,0.5854616895874263
8124,0.5834970530451866
8125,0.5481335952848723
8126,0.5618860510805501
8127,0.555992141453831
8128,0.5343811394891945
8129,0.5638506876227898
8130,0.5520628683693517
8131,0.6011787819253438
8132,0.5972495088408645
8133,0.5972495088408645
8134,0.593320235756385
8135,0.6168958742632613
8136,0.518664047151277
8137,0.5756385068762279
8138,0.6129666011787819
8139,0.5383104125736738
8140,0.555992141453831
8141,0.555992141453831
8142,0.5618860510805501
8143,0.5795677799607073
8144,0.5540275049115914
8145,0.5599214145383105
8146,0.5795677799607073
8147,0.5992141453831041
8148,0.555992141453831
8149,0.5854616895874263
8150,0.550098231827112
8151,0.5854616895874263
8152,0.5736738703339882
8153,0.5717092337917485
8154,0.5834970530451866
8155,0.581532416502947
8156,0.581532416502947
8157,0.5893909626719057
8158,0.555992141453831
8159,0.5677799607072691
8160,0.5717092337917485
8161,0.5795677799607073
8162,0.5952848722986247
8163,0.5776031434184676
8164,0.5913555992141454
8165,0.5442043222003929
8166,0.593320235756385
8167,0.5677799607072691
8168,0.587426326129666
8169,0.5893909626719057
8170,0.5776031434184676
8171,0.5579567779960707
8172,0.550098231827112
8173,0.5697445972495089
8174,0.5422396856581533
8175,0.5893909626719057
8176,0.5697445972495089
8177,0.555992141453831
8178,0.6011787819253438
8179,0.5677799607072691
8180,0.5540275049115914
8181,0.5717092337917485
8182,0.5206286836935167
8183,0.5795677799607073
8184,0.6247544204322201
8185,0.587426326129666
8186,0.581532416502947
8187,0.587426326129666
8188,0.5697445972495089
8189,0.6011787819253438
8190,0.5343811394891945
8191,0.5599214145383105
8192,0.5677799607072691
8193,0.5206286836935167
8194,0.5520628683693517
8195,0.5579567779960707
8196,0.5520628683693517
8197,0.5540275049115914
8198,0.5402750491159135
8199,0.555992141453831
8200,0.5736738703339882
8201,0.5422396856581533
8202,0.5697445972495089
8203,0.5697445972495089
8204,0.5776031434184676
8205,0.5795677799607073
8206,0.5304518664047151
8207,0.5972495088408645
8208,0.5520628683693517
8209,0.5461689587426326
8210,0.5697445972495089
8211,0.5540275049115914
8212,0.5638506876227898
8213,0.5442043222003929
8214,0.5776031434184676
8215,0.581532416502947
8216,0.5893909626719057
8217,0.5736738703339882
8218,0.5795677799607073
8219,0.5638506876227898
8220,0.5717092337917485
8221,0.581532416502947
8222,0.5795677799607073
8223,0.5658153241650294
8224,0.5736738703339882
8225,0.5736738703339882
8226,0.587426326129666
8227,0.5952848722986247
8228,0.5461689587426326
8229,0.5579567779960707
8230,0.5677799607072691
8231,0.5893909626719057
8232,0.581532416502947
8233,0.550098231827112
8234,0.5992141453831041
8235,0.5776031434184676
8236,0.5697445972495089
8237,0.581532416502947
8238,0.5540275049115914
8239,0.581532416502947
8240,0.5972495088408645
8241,0.6149312377210217
8242,0.555992141453831
8243,0.5952848722986247
8244,0.5520628683693517
8245,0.555992141453831
8246,0.5972495088408645
8247,0.5442043222003929
8248,0.5736738703339882
8249,0.5245579567779961
8250,0.4931237721021611
8251,0.5442043222003929
8252,0.5854616895874263
8253,0.5776031434184676
8254,0.5461689587426326
8255,0.6070726915520629
8256,0.5166994106090373
8257,0.5540275049115914
8258,0.5952848722986247
8259,0.5952848722986247
8260,0.5599214145383105
8261,0.5461689587426326
8262,0.587426326129666
8263,0.5854616895874263
8264,0.5658153241650294
8265,0.5834970530451866
8266,0.5402750491159135
8267,0.5599214145383105
8268,0.6070726915520629
8269,0.593320235756385
8270,0.5579567779960707
8271,0.581532416502947
8272,0.5756385068762279
8273,0.5540275049115914
8274,0.6168958742632613
8275,0.581532416502947
8276,0.5638506876227898
8277,0.5834970530451866
8278,0.5913555992141454
8279,0.5952848722986247
8280,0.5618860510805501
8281,0.5952848722986247
8282,0.581532416502947
8283,0.5579567779960707
8284,0.5658153241650294
8285,0.5461689587426326
8286,0.5658153241650294
8287,0.5402750491159135
8288,0.5717092337917485
8289,0.5442043222003929
8290,0.5383104125736738
8291,0.5776031434184676
8292,0.6011787819253438
8293,0.5834970530451866
8294,0.5677799607072691
8295,0.5893909626719057
8296,0.5638506876227898
8297,0.5481335952848723
8298,0.5756385068762279
8299,0.5717092337917485
8300,0.5481335952848723
8301,0.5461689587426326
8302,0.6011787819253438
8303,0.5461689587426326
8304,0.5756385068762279
8305,0.5776031434184676
8306,0.581532416502947
8307,0.5284872298624754
8308,0.581532416502947
8309,0.5618860510805501
8310,0.5913555992141454
8311,0.5756385068762279
8312,0.5638506876227898
8313,0.5520628683693517
8314,0.5402750491159135
8315,0.5658153241650294
8316,0.5717092337917485
8317,0.5481335952848723
8318,0.5579567779960707
8319,0.555992141453831
8320,0.6011787819253438
8321,0.6110019646365422
8322,0.5599214145383105
8323,0.5736738703339882
8324,0.5736738703339882
8325,0.5992141453831041
8326,0.581532416502947
8327,0.5638506876227898
8328,0.5854616895874263
8329,0.5756385068762279
8330,0.5697445972495089
8331,0.550098231827112
8332,0.5893909626719057
8333,0.5638506876227898
8334,0.5736738703339882
8335,0.5972495088408645
8336,0.5756385068762279
8337,0.5540275049115914
8338,0.6011787819253438
8339,0.5658153241650294
8340,0.5579567779960707
8341,0.550098231827112
8342,0.5481335952848723
8343,0.5795677799607073
8344,0.5677799607072691
8345,0.5599214145383105
8346,0.5442043222003929
8347,0.593320235756385
8348,0.5776031434184676
8349,0.5756385068762279
8350,0.5677799607072691
8351,0.587426326129666
8352,0.5481335952848723
8353,0.555992141453831
8354,0.5697445972495089
8355,0.5776031434184676
8356,0.5677799607072691
8357,0.5520628683693517
8358,0.5265225933202358
8359,0.5736738703339882
8360,0.593320235756385
8361,0.5422396856581533
8362,0.5854616895874263
8363,0.550098231827112
8364,0.5638506876227898
8365,0.5697445972495089
8366,0.5756385068762279
8367,0.5618860510805501
8368,0.5756385068762279
8369,0.5717092337917485
8370,0.5402750491159135
8371,0.5579567779960707
8372,0.581532416502947
8373,0.5795677799607073
8374,0.555992141453831
8375,0.5697445972495089
8376,0.5677799607072691
8377,0.5717092337917485
8378,0.5481335952848723
8379,0.5677799607072691
8380,0.5599214145383105
8381,0.5599214145383105
8382,0.5363457760314342
8383,0.5442043222003929
8384,0.5618860510805501
8385,0.5540275049115914
8386,0.5736738703339882
8387,0.5717092337917485
8388,0.587426326129666
8389,0.5677799607072691
8390,0.5422396856581533
8391,0.5638506876227898
8392,0.5147347740667977
8393,0.5618860510805501
8394,0.5618860510805501
8395,0.5717092337917485
8396,0.5618860510805501
8397,0.5893909626719057
8398,0.5442043222003929
8399,0.5638506876227898
8400,0.5736738703339882
8401,0.5717092337917485
8402,0.5717092337917485
8403,0.5677799607072691
8404,0.555992141453831
8405,0.5893909626719057
8406,0.581532416502947
8407,0.5658153241650294
8408,0.5834970530451866
8409,0.5677799607072691
8410,0.5972495088408645
8411,0.587426326129666
8412,0.5834970530451866
8413,0.5756385068762279
8414,0.5343811394891945
8415,0.5540275049115914
8416,0.5717092337917485
8417,0.5893909626719057
8418,0.587426326129666
8419,0.5599214145383105
8420,0.5618860510805501
8421,0.587426326129666
8422,0.5717092337917485
8423,0.5756385068762279
8424,0.5776031434184676
8425,0.5461689587426326
8426,0.5638506876227898
8427,0.550098231827112
8428,0.5481335952848723
8429,0.5677799607072691
8430,0.5422396856581533
8431,0.5481335952848723
8432,0.5343811394891945
8433,0.5736738703339882
8434,0.5854616895874263
8435,0.5618860510805501
8436,0.5677799607072691
8437,0.5756385068762279
8438,0.5952848722986247
8439,0.555992141453831
8440,0.5776031434184676
8441,0.5972495088408645
8442,0.5717092337917485
8443,0.5756385068762279
8444,0.5736738703339882
8445,0.5520628683693517
8446,0.550098231827112
8447,0.5913555992141454
8448,0.6011787819253438
8449,0.5697445972495089
8450,0.5343811394891945
8451,0.5717092337917485
8452,0.581532416502947
8453,0.5952848722986247
8454,0.5599214145383105
8455,0.5540275049115914
8456,0.5756385068762279
8457,0.5618860510805501
8458,0.550098231827112
8459,0.5756385068762279
8460,0.5913555992141454
8461,0.5442043222003929
8462,0.5383104125736738
8463,0.5461689587426326
8464,0.5599214145383105
8465,0.5284872298624754
8466,0.5599214145383105
8467,0.5736738703339882
8468,0.587426326129666
8469,0.5520628683693517
8470,0.6070726915520629
8471,0.5776031434184676
8472,0.5618860510805501
8473,0.5638506876227898
8474,0.5893909626719057
8475,0.5481335952848723
8476,0.5677799607072691
8477,0.5972495088408645
8478,0.6011787819253438
8479,0.5776031434184676
8480,0.5520628683693517
8481,0.5776031434184676
8482,0.550098231827112
8483,0.5717092337917485
8484,0.5834970530451866
8485,0.5618860510805501
8486,0.5618860510805501
8487,0.581532416502947
8488,0.581532416502947
8489,0.5697445972495089
8490,0.5795677799607073
8491,0.5893909626719057
8492,0.5520628683693517
8493,0.5736738703339882
8494,0.587426326129666
8495,0.618860510805501
8496,0.6011787819253438
8497,0.5658153241650294
8498,0.5206286836935167
8499,0.5599214145383105
8500,0.5579567779960707
8501,0.587426326129666
8502,0.5520628683693517
8503,0.5520628683693517
8504,0.5284872298624754
8505,0.5481335952848723
8506,0.5972495088408645
8507,0.5481335952848723
8508,0.6031434184675835
8509,0.5736738703339882
8510,0.5736738703339882
8511,0.5599214145383105
8512,0.5834970530451866
8513,0.5677799607072691
8514,0.5540275049115914
8515,0.5854616895874263
8516,0.6208251473477406
8517,0.6070726915520629
8518,0.587426326129666
8519,0.5599214145383105
8520,0.5579567779960707
8521,0.5638506876227898
8522,0.5520628683693517
8523,0.5776031434184676
8524,0.5579567779960707
8525,0.587426326129666
8526,0.5677799607072691
8527,0.5697445972495089
8528,0.5638506876227898
8529,0.5736738703339882
8530,0.587426326129666
8531,0.5579567779960707
8532,0.5756385068762279
8533,0.5461689587426326
8534,0.5776031434184676
8535,0.5638506876227898
8536,0.5324165029469549
8537,0.5834970530451866
8538,0.587426326129666
8539,0.5422396856581533
8540,0.5638506876227898
8541,0.581532416502947
8542,0.555992141453831
8543,0.5913555992141454
8544,0.5599214145383105
8545,0.5383104125736738
8546,0.587426326129666
8547,0.555992141453831
8548,0.5638506876227898
8549,0.593320235756385
8550,0.5717092337917485
8551,0.5697445972495089
8552,0.5893909626719057
8553,0.5697445972495089
8554,0.581532416502947
8555,0.5520628683693517
8556,0.5756385068762279
8557,0.5677799607072691
8558,0.5461689587426326
8559,0.6208251473477406
8560,0.5677799607072691
8561,0.5579567779960707
8562,0.5442043222003929
8563,0.5736738703339882
8564,0.5854616895874263
8565,0.5599214145383105
8566,0.5913555992141454
8567,0.5776031434184676
8568,0.5618860510805501
8569,0.5324165029469549
8570,0.5638506876227898
8571,0.5363457760314342
8572,0.5540275049115914
8573,0.5481335952848723
8574,0.5736738703339882
8575,0.5913555992141454
8576,0.5854616895874263
8577,0.5520628683693517
8578,0.5658153241650294
8579,0.5481335952848723
8580,0.5638506876227898
8581,0.593320235756385
8582,0.5442043222003929
8583,0.5717092337917485
8584,0.5540275049115914
8585,0.5618860510805501
8586,0.5697445972495089
8587,0.5579567779960707
8588,0.6070726915520629
8589,0.5756385068762279
8590,0.6090373280943026
8591,0.5127701375245579
8592,0.5383104125736738
8593,0.5972495088408645
8594,0.5677799607072691
8595,0.5776031434184676
8596,0.5363457760314342
8597,0.581532416502947
8598,0.581532416502947
8599,0.5520628683693517
8600,0.5658153241650294
8601,0.6070726915520629
8602,0.5068762278978389
8603,0.5618860510805501
8604,0.5540275049115914
8605,0.587426326129666
8606,0.5618860510805501
8607,0.5599214145383105
8608,0.5972495088408645
8609,0.593320235756385
8610,0.587426326129666
8611,0.5736738703339882
8612,0.5697445972495089
8613,0.5834970530451866
8614,0.5952848722986247
8615,0.5717092337917485
8616,0.5756385068762279
8617,0.5422396856581533
8618,0.5736738703339882
8619,0.581532416502947
8620,0.5795677799607073
8621,0.5442043222003929
8622,0.5756385068762279
8623,0.5756385068762279
8624,0.5717092337917485
8625,0.5638506876227898
8626,0.5461689587426326
8627,0.5717092337917485
8628,0.5481335952848723
8629,0.550098231827112
8630,0.5736738703339882
8631,0.5343811394891945
8632,0.5776031434184676
8633,0.5736738703339882
8634,0.6051080550098232
8635,0.5756385068762279
8636,0.5834970530451866
8637,0.5776031434184676
8638,0.5697445972495089
8639,0.5599214145383105
8640,0.5717092337917485
8641,0.5284872298624754
8642,0.5540275049115914
8643,0.5736738703339882
8644,0.5717092337917485
8645,0.5658153241650294
8646,0.587426326129666
8647,0.5992141453831041
8648,0.5972495088408645
8649,0.5579567779960707
8650,0.5520628683693517
8651,0.5599214145383105
8652,0.5540275049115914
8653,0.5893909626719057
8654,0.5658153241650294
8655,0.5795677799607073
8656,0.5795677799607073
8657,0.5854616895874263
8658,0.5579567779960707
8659,0.5658153241650294
8660,0.5579567779960707
8661,0.6011787819253438
8662,0.5677799607072691
8663,0.550098231827112
8664,0.5795677799607073
8665,0.5638506876227898
8666,0.593320235756385
8667,0.587426326129666
8668,0.5540275049115914
8669,0.5638506876227898
8670,0.550098231827112
8671,0.5618860510805501
8672,0.581532416502947
8673,0.581532416502947
8674,0.555992141453831
8675,0.5854616895874263
8676,0.5422396856581533
8677,0.5324165029469549
8678,0.5756385068762279
8679,0.5579567779960707
8680,0.593320235756385
8681,0.5579567779960707
8682,0.5422396856581533
8683,0.5736738703339882
8684,0.5854616895874263
8685,0.5992141453831041
8686,0.5952848722986247
8687,0.5461689587426326
8688,0.6090373280943026
8689,0.5697445972495089
8690,0.5854616895874263
8691,0.581532416502947
8692,0.5952848722986247
8693,0.5893909626719057
8694,0.5402750491159135
8695,0.5795677799607073
8696,0.581532416502947
8697,0.5776031434184676
8698,0.5599214145383105
8699,0.5776031434184676
8700,0.5795677799607073
8701,0.5618860510805501
8702,0.5854616895874263
8703,0.618860510805501
8704,0.5952848722986247
8705,0.5677799607072691
8706,0.581532416502947
8707,0.550098231827112
8708,0.5658153241650294
8709,0.550098231827112
8710,0.5324165029469549
8711,0.5795677799607073
8712,0.5952848722986247
8713,0.5854616895874263
8714,0.581532416502947
8715,0.5599214145383105
8716,0.5520628683693517
8717,0.581532416502947
8718,0.5795677799607073
8719,0.5717092337917485
8720,0.5402750491159135
8721,0.581532416502947
8722,0.5952848722986247
8723,0.5952848722986247
8724,0.581532416502947
8725,0.5697445972495089
8726,0.5913555992141454
8727,0.5972495088408645
8728,0.5638506876227898
8729,0.5599214145383105
8730,0.5677799607072691
8731,0.5402750491159135
8732,0.5363457760314342
8733,0.5618860510805501
8734,0.5461689587426326
8735,0.550098231827112
8736,0.5618860510805501
8737,0.5402750491159135
8738,0.5658153241650294
8739,0.6090373280943026
8740,0.5736738703339882
8741,0.5442043222003929
8742,0.5834970530451866
8743,0.5579567779960707
8744,0.5658153241650294
8745,0.6227897838899804
8746,0.5893909626719057
8747,0.5756385068762279
8748,0.5540275049115914
8749,0.587426326129666
8750,0.5677799607072691
8751,0.550098231827112
8752,0.5736738703339882
8753,0.5579567779960707
8754,0.5520628683693517
8755,0.5481335952848723
8756,0.581532416502947
8757,0.5756385068762279
8758,0.587426326129666
8759,0.5697445972495089
8760,0.581532416502947
8761,0.5736738703339882
8762,0.5481335952848723
8763,0.5834970530451866
8764,0.581532416502947
8765,0.5893909626719057
8766,0.5343811394891945
8767,0.5284872298624754
8768,0.5599214145383105
8769,0.5677799607072691
8770,0.5795677799607073
8771,0.5383104125736738
8772,0.5952848722986247
8773,0.5245579567779961
8774,0.5442043222003929
8775,0.6051080550098232
8776,0.593320235756385
8777,0.5677799607072691
8778,0.5795677799607073
8779,0.5442043222003929
8780,0.5658153241650294
8781,0.5599214145383105
8782,0.5893909626719057
8783,0.5540275049115914
8784,0.550098231827112
8785,0.5599214145383105
8786,0.5854616895874263
8787,0.593320235756385
8788,0.5481335952848723
8789,0.5520628683693517
8790,0.5638506876227898
8791,0.5952848722986247
8792,0.5481335952848723
8793,0.5992141453831041
8794,0.5834970530451866
8795,0.5776031434184676
8796,0.5854616895874263
8797,0.5854616895874263
8798,0.5834970530451866
8799,0.5579567779960707
8800,0.5697445972495089
8801,0.5736738703339882
8802,0.5618860510805501
8803,0.5972495088408645
8804,0.5520628683693517
8805,0.5677799607072691
8806,0.5599214145383105
8807,0.581532416502947
8808,0.5697445972495089
8809,0.5972495088408645
8810,0.5579567779960707
8811,0.5834970530451866
8812,0.5363457760314342
8813,0.5717092337917485
8814,0.5658153241650294
8815,0.5992141453831041
8816,0.5304518664047151
8817,0.5618860510805501
8818,0.5658153241650294
8819,0.5795677799607073
8820,0.6090373280943026
8821,0.5343811394891945
8822,0.5697445972495089
8823,0.5520628683693517
8824,0.5540275049115914
8825,0.5677799607072691
8826,0.5756385068762279
8827,0.555992141453831
8828,0.5638506876227898
8829,0.5677799607072691
8830,0.5579567779960707
8831,0.5520628683693517
8832,0.6070726915520629
8833,0.5717092337917485
8834,0.5481335952848723
8835,0.5442043222003929
8836,0.5579567779960707
8837,0.5638506876227898
8838,0.5834970530451866
8839,0.5756385068762279
8840,0.587426326129666
8841,0.593320235756385
8842,0.5677799607072691
8843,0.5618860510805501
8844,0.5913555992141454
8845,0.6110019646365422
8846,0.5481335952848723
8847,0.5756385068762279
8848,0.5402750491159135
8849,0.5717092337917485
8850,0.5697445972495089
8851,0.5520628683693517
8852,0.5776031434184676
8853,0.5324165029469549
8854,0.5736738703339882
8855,0.5854616895874263
8856,0.5834970530451866
8857,0.6208251473477406
8858,0.587426326129666
8859,0.5795677799607073
8860,0.6090373280943026
8861,0.587426326129666
8862,0.6011787819253438
8863,0.587426326129666
8864,0.5638506876227898
8865,0.5972495088408645
8866,0.5717092337917485
8867,0.5756385068762279
8868,0.5952848722986247
8869,0.5992141453831041
8870,0.5952848722986247
8871,0.5717092337917485
8872,0.587426326129666
8873,0.5658153241650294
8874,0.587426326129666
8875,0.555992141453831
8876,0.5697445972495089
8877,0.5913555992141454
8878,0.5717092337917485
8879,0.5795677799607073
8880,0.5776031434184676
8881,0.5638506876227898
8882,0.6011787819253438
8883,0.6168958742632613
8884,0.5618860510805501
8885,0.5697445972495089
8886,0.5992141453831041
8887,0.5795677799607073
8888,0.5697445972495089
8889,0.5618860510805501
8890,0.5717092337917485
8891,0.555992141453831
8892,0.581532416502947
8893,0.5697445972495089
8894,0.5422396856581533
8895,0.5618860510805501
8896,0.5579567779960707
8897,0.555992141453831
8898,0.5736738703339882
8899,0.5893909626719057
8900,0.5579567779960707
8901,0.593320235756385
8902,0.5972495088408645
8903,0.5795677799607073
8904,0.5599214145383105
8905,0.5520628683693517
8906,0.5952848722986247
8907,0.5776031434184676
8908,0.6129666011787819
8909,0.555992141453831
8910,0.5618860510805501
8911,0.5795677799607073
8912,0.5834970530451866
8913,0.5697445972495089
8914,0.550098231827112
8915,0.5717092337917485
8916,0.5697445972495089
8917,0.5383104125736738
8918,0.555992141453831
8919,0.5520628683693517
8920,0.593320235756385
8921,0.5363457760314342
8922,0.5893909626719057
8923,0.555992141453831
8924,0.5854616895874263
8925,0.5854616895874263
8926,0.5658153241650294
8927,0.5520628683693517
8928,0.5697445972495089
8929,0.5697445972495089
8930,0.5952848722986247
8931,0.5697445972495089
8932,0.6168958742632613
8933,0.5717092337917485
8934,0.5540275049115914
8935,0.5834970530451866
8936,0.5520628683693517
8937,0.5520628683693517
8938,0.581532416502947
8939,0.5579567779960707
8940,0.555992141453831
8941,0.5599214145383105
8942,0.5481335952848723
8943,0.581532416502947
8944,0.6149312377210217
8945,0.6051080550098232
8946,0.5265225933202358
8947,0.5618860510805501
8948,0.5972495088408645
8949,0.5520628683693517
8950,0.5638506876227898
8951,0.5363457760314342
8952,0.555992141453831
8953,0.5756385068762279
8954,0.5717092337917485
8955,0.5618860510805501
8956,0.5677799607072691
8957,0.5834970530451866
8958,0.5972495088408645
8959,0.6227897838899804
8960,0.5717092337917485
8961,0.5795677799607073
8962,0.5638506876227898
8963,0.593320235756385
8964,0.5913555992141454
8965,0.5481335952848723
8966,0.5520628683693517
8967,0.5952848722986247
8968,0.5834970530451866
8969,0.5756385068762279
8970,0.5442043222003929
8971,0.593320235756385
8972,0.5834970530451866
8973,0.5992141453831041
8974,0.5893909626719057
8975,0.5854616895874263
8976,0.5618860510805501
8977,0.5972495088408645
8978,0.5540275049115914
8979,0.5284872298624754
8980,0.5638506876227898
8981,0.5363457760314342
8982,0.5697445972495089
8983,0.6129666011787819
8984,0.5638506876227898
8985,0.5658153241650294
8986,0.5520628683693517
8987,0.5776031434184676
8988,0.5717092337917485
8989,0.5717092337917485
8990,0.5756385068762279
8991,0.5618860510805501
8992,0.5618860510805501
8993,0.5618860510805501
8994,0.5618860510805501
8995,0.555992141453831
8996,0.5697445972495089
8997,0.5677799607072691
8998,0.6168958742632613
8999,0.5717092337917485
9000,0.5893909626719057
9001,0.5776031434184676
9002,0.587426326129666
9003,0.5520628683693517
9004,0.5402750491159135
9005,0.5795677799607073
9006,0.555992141453831
9007,0.5776031434184676
9008,0.5599214145383105
9009,0.5854616895874263
9010,0.5579567779960707
9011,0.5461689587426326
9012,0.5992141453831041
9013,0.5677799607072691
9014,0.5776031434184676
9015,0.5618860510805501
9016,0.5893909626719057
9017,0.5618860510805501
9018,0.5992141453831041
9019,0.587426326129666
9020,0.5736738703339882
9021,0.5540275049115914
9022,0.5638506876227898
9023,0.5540275049115914
9024,0.5677799607072691
9025,0.593320235756385
9026,0.6070726915520629
9027,0.5776031434184676
9028,0.5324165029469549
9029,0.555992141453831
9030,0.5618860510805501
9031,0.5599214145383105
9032,0.5795677799607073
9033,0.5618860510805501
9034,0.5677799607072691
9035,0.5638506876227898
9036,0.6011787819253438
9037,0.5756385068762279
9038,0.5893909626719057
9039,0.5893909626719057
9040,0.581532416502947
9041,0.5795677799607073
9042,0.5992141453831041
9043,0.5579567779960707
9044,0.5697445972495089
9045,0.5658153241650294
9046,0.5599214145383105
9047,0.5618860510805501
9048,0.5540275049115914
9049,0.5697445972495089
9050,0.5658153241650294
9051,0.5579567779960707
9052,0.5579567779960707
9053,0.5618860510805501
9054,0.5913555992141454
9055,0.5324165029469549
9056,0.5540275049115914
9057,0.5638506876227898
9058,0.5756385068762279
9059,0.5618860510805501
9060,0.5658153241650294
9061,0.5952848722986247
9062,0.5658153241650294
9063,0.593320235756385
9064,0.5618860510805501
9065,0.5795677799607073
9066,0.5913555992141454
9067,0.5579567779960707
9068,0.5992141453831041
9069,0.593320235756385
9070,0.550098231827112
9071,0.5736738703339882
9072,0.5658153241650294
9073,0.5579567779960707
9074,0.5284872298624754
9075,0.5579567779960707
9076,0.5697445972495089
9077,0.5677799607072691
9078,0.5913555992141454
9079,0.5677799607072691
9080,0.5717092337917485
9081,0.5972495088408645
9082,0.5736738703339882
9083,0.5677799607072691
9084,0.5442043222003929
9085,0.550098231827112
9086,0.5658153241650294
9087,0.5540275049115914
9088,0.5520628683693517
9089,0.5697445972495089
9090,0.6070726915520629
9091,0.5854616895874263
9092,0.5677799607072691
9093,0.5795677799607073
9094,0.5461689587426326
9095,0.5599214145383105
9096,0.5913555992141454
9097,0.581532416502947
9098,0.5599214145383105
9099,0.5776031434184676
9100,0.5638506876227898
9101,0.5717092337917485
9102,0.5795677799607073
9103,0.5756385068762279
9104,0.5952848722986247
9105,0.5677799607072691
9106,0.555992141453831
9107,0.5324165029469549
9108,0.5304518664047151
9109,0.5658153241650294
9110,0.5481335952848723
9111,0.5795677799607073
9112,0.5461689587426326
9113,0.5697445972495089
9114,0.555992141453831
9115,0.5599214145383105
9116,0.5638506876227898
9117,0.5520628683693517
9118,0.5638506876227898
9119,0.5913555992141454
9120,0.5658153241650294
9121,0.6051080550098232
9122,0.5677799607072691
9123,0.5834970530451866
9124,0.5579567779960707
9125,0.5442043222003929
9126,0.5363457760314342
9127,0.6031434184675835
9128,0.5736738703339882
9129,0.5776031434184676
9130,0.5461689587426326
9131,0.5540275049115914
9132,0.5854616895874263
9133,0.5677799607072691
9134,0.5697445972495089
9135,0.5854616895874263
9136,0.5579567779960707
9137,0.5736738703339882
9138,0.5599214145383105
9139,0.5677799607072691
9140,0.5383104125736738
9141,0.5402750491159135
9142,0.5854616895874263
9143,0.5481335952848723
9144,0.593320235756385
9145,0.5442043222003929
9146,0.5658153241650294
9147,0.5402750491159135
9148,0.6070726915520629
9149,0.5776031434184676
9150,0.587426326129666
9151,0.550098231827112
9152,0.555992141453831
9153,0.5540275049115914
9154,0.5618860510805501
9155,0.5992141453831041
9156,0.5461689587426326
9157,0.5952848722986247
9158,0.5677799607072691
9159,0.5795677799607073
9160,0.5717092337917485
9161,0.5776031434184676
9162,0.593320235756385
9163,0.5677799607072691
9164,0.5913555992141454
9165,0.5795677799607073
9166,0.5992141453831041
9167,0.5658153241650294
9168,0.581532416502947
9169,0.5618860510805501
9170,0.5638506876227898
9171,0.5992141453831041
9172,0.5795677799607073
9173,0.5677799607072691
9174,0.5992141453831041
9175,0.5324165029469549
9176,0.581532416502947
9177,0.5658153241650294
9178,0.5893909626719057
9179,0.5658153241650294
9180,0.5324165029469549
9181,0.5618860510805501
9182,0.5795677799607073
9183,0.5422396856581533
9184,0.5736738703339882
9185,0.555992141453831
9186,0.5972495088408645
9187,0.5599214145383105
9188,0.5795677799607073
9189,0.5854616895874263
9190,0.5697445972495089
9191,0.6011787819253438
9192,0.5717092337917485
9193,0.5658153241650294
9194,0.5736738703339882
9195,0.581532416502947
9196,0.550098231827112
9197,0.5913555992141454
9198,0.6051080550098232
9199,0.5618860510805501
9200,0.5717092337917485
9201,0.5952848722986247
9202,0.581532416502947
9203,0.5599214145383105
9204,0.5638506876227898
9205,0.5913555992141454
9206,0.5795677799607073
9207,0.5717092337917485
9208,0.5992141453831041
9209,0.5717092337917485
9210,0.5697445972495089
9211,0.5599214145383105
9212,0.5677799607072691
9213,0.5599214145383105
9214,0.5717092337917485
9215,0.581532416502947
9216,0.5854616895874263
9217,0.5736738703339882
9218,0.555992141453831
9219,0.5540275049115914
9220,0.555992141453831
9221,0.5599214145383105
9222,0.6051080550098232
9223,0.5697445972495089
9224,0.5893909626719057
9225,0.5697445972495089
9226,0.6051080550098232
9227,0.5834970530451866
9228,0.5952848722986247
9229,0.5677799607072691
9230,0.550098231827112
9231,0.5599214145383105
9232,0.5697445972495089
9233,0.5834970530451866
9234,0.5638506876227898
9235,0.5756385068762279
9236,0.5834970530451866
9237,0.5599214145383105
9238,0.5736738703339882
9239,0.5776031434184676
9240,0.5736738703339882
9241,0.5540275049115914
9242,0.5834970530451866
9243,0.5658153241650294
9244,0.5677799607072691
9245,0.5952848722986247
9246,0.5717092337917485
9247,0.5638506876227898
9248,0.5795677799607073
9249,0.5795677799607073
9250,0.5618860510805501
9251,0.5834970530451866
9252,0.6011787819253438
9253,0.5913555992141454
9254,0.6090373280943026
9255,0.5638506876227898
9256,0.5383104125736738
9257,0.5442043222003929
9258,0.5736738703339882
9259,0.550098231827112
9260,0.5658153241650294
9261,0.5442043222003929
9262,0.5795677799607073
9263,0.5618860510805501
9264,0.5284872298624754
9265,0.5913555992141454
9266,0.5284872298624754
9267,0.5717092337917485
9268,0.5913555992141454
9269,0.5540275049115914
9270,0.5756385068762279
9271,0.5658153241650294
9272,0.5618860510805501
9273,0.5579567779960707
9274,0.5893909626719057
9275,0.5618860510805501
9276,0.5717092337917485
9277,0.5638506876227898
9278,0.5540275049115914
9279,0.6090373280943026
9280,0.5383104125736738
9281,0.550098231827112
9282,0.5324165029469549
9283,0.5854616895874263
9284,0.5717092337917485
9285,0.5736738703339882
9286,0.6051080550098232
9287,0.5658153241650294
9288,0.5756385068762279
9289,0.5402750491159135
9290,0.5717092337917485
9291,0.5618860510805501
9292,0.5579567779960707
9293,0.5854616895874263
9294,0.5481335952848723
9295,0.5854616895874263
9296,0.5599214145383105
9297,0.5697445972495089
9298,0.5638506876227898
9299,0.5363457760314342
9300,0.581532416502947
9301,0.550098231827112
9302,0.5756385068762279
9303,0.5677799607072691
9304,0.555992141453831
9305,0.5756385068762279
9306,0.581532416502947
9307,0.5638506876227898
9308,0.581532416502947
9309,0.5795677799607073
9310,0.5736738703339882
9311,0.5599214145383105
9312,0.6129666011787819
9313,0.5992141453831041
9314,0.5599214145383105
9315,0.6031434184675835
9316,0.5854616895874263
9317,0.5756385068762279
9318,0.555992141453831
9319,0.555992141453831
9320,0.5402750491159135
9321,0.6051080550098232
9322,0.5579567779960707
9323,0.6051080550098232
9324,0.5618860510805501
9325,0.5697445972495089
9326,0.5952848722986247
9327,0.5736738703339882
9328,0.5717092337917485
9329,0.5618860510805501
9330,0.5854616895874263
9331,0.5599214145383105
9332,0.581532416502947
9333,0.6011787819253438
9334,0.5854616895874263
9335,0.5461689587426326
9336,0.5913555992141454
9337,0.5992141453831041
9338,0.5854616895874263
9339,0.593320235756385
9340,0.5834970530451866
9341,0.5854616895874263
9342,0.5913555992141454
9343,0.5343811394891945
9344,0.5756385068762279
9345,0.5540275049115914
9346,0.593320235756385
9347,0.5736738703339882
9348,0.587426326129666
9349,0.5343811394891945
9350,0.587426326129666
9351,0.5697445972495089
9352,0.5834970530451866
9353,0.5992141453831041
9354,0.5913555992141454
9355,0.5893909626719057
9356,0.587426326129666
9357,0.5442043222003929
9358,0.5697445972495089
9359,0.5658153241650294
9360,0.5697445972495089
9361,0.5618860510805501
9362,0.5717092337917485
9363,0.5952848722986247
9364,0.5697445972495089
9365,0.5618860510805501
9366,0.5383104125736738
9367,0.5481335952848723
9368,0.5540275049115914
9369,0.5481335952848723
9370,0.5442043222003929
9371,0.5854616895874263
9372,0.587426326129666
9373,0.5776031434184676
9374,0.5442043222003929
9375,0.5952848722986247
9376,0.6070726915520629
9377,0.5658153241650294
9378,0.5736738703339882
9379,0.5893909626719057
9380,0.581532416502947
9381,0.5834970530451866
9382,0.6070726915520629
9383,0.5893909626719057
9384,0.5776031434184676
9385,0.5599214145383105
9386,0.5658153241650294
9387,0.5854616895874263
9388,0.5520628683693517
9389,0.5854616895874263
9390,0.5736738703339882
9391,0.6110019646365422
9392,0.593320235756385
9393,0.5402750491159135
9394,0.6090373280943026
9395,0.550098231827112
9396,0.593320235756385
9397,0.5324165029469549
9398,0.5677799607072691
9399,0.5383104125736738
9400,0.5776031434184676
9401,0.5972495088408645
9402,0.5697445972495089
9403,0.5756385068762279
9404,0.5776031434184676
9405,0.5540275049115914
9406,0.593320235756385
9407,0.5913555992141454
9408,0.550098231827112
9409,0.5461689587426326
9410,0.5422396856581533
9411,0.5442043222003929
9412,0.5736738703339882
9413,0.581532416502947
9414,0.5579567779960707
9415,0.5736738703339882
9416,0.5599214145383105
9417,0.5795677799607073
9418,0.5834970530451866
9419,0.5795677799607073
9420,0.5736738703339882
9421,0.5442043222003929
9422,0.5343811394891945
9423,0.5658153241650294
9424,0.5756385068762279
9425,0.5658153241650294
9426,0.5618860510805501
9427,0.5756385068762279
9428,0.5952848722986247
9429,0.5658153241650294
9430,0.5599214145383105
9431,0.6110019646365422
9432,0.5638506876227898
9433,0.5776031434184676
9434,0.5481335952848723
9435,0.5972495088408645
9436,0.581532416502947
9437,0.5618860510805501
9438,0.6110019646365422
9439,0.5658153241650294
9440,0.5834970530451866
9441,0.6247544204322201
9442,0.5461689587426326
9443,0.5736738703339882
9444,0.6129666011787819
9445,0.5756385068762279
9446,0.5795677799607073
9447,0.550098231827112
9448,0.6031434184675835
9449,0.5520628683693517
9450,0.5952848722986247
9451,0.5913555992141454
9452,0.5697445972495089
9453,0.5913555992141454
9454,0.5481335952848723
9455,0.5579567779960707
9456,0.5383104125736738
9457,0.5736738703339882
9458,0.5776031434184676
9459,0.5461689587426326
9460,0.5579567779960707
9461,0.6031434184675835
9462,0.5893909626719057
9463,0.5658153241650294
9464,0.5658153241650294
9465,0.5776031434184676
9466,0.550098231827112
9467,0.5697445972495089
9468,0.581532416502947
9469,0.5717092337917485
9470,0.6011787819253438
9471,0.5952848722986247
9472,0.5992141453831041
9473,0.5658153241650294
9474,0.5579567779960707
9475,0.5893909626719057
9476,0.6070726915520629
9477,0.5972495088408645
9478,0.5776031434184676
9479,0.5736738703339882
9480,0.5540275049115914
9481,0.5677799607072691
9482,0.593320235756385
9483,0.5540275049115914
9484,0.581532416502947
9485,0.5481335952848723
9486,0.5913555992141454
9487,0.5677799607072691
9488,0.550098231827112
9489,0.5599214145383105
9490,0.5952848722986247
9491,0.5717092337917485
9492,0.5618860510805501
9493,0.5736738703339882
9494,0.5540275049115914
9495,0.6110019646365422
9496,0.5756385068762279
9497,0.5834970530451866
9498,0.5461689587426326
9499,0.5599214145383105
9500,0.587426326129666
9501,0.5225933202357563
9502,0.550098231827112
9503,0.6011787819253438
9504,0.5697445972495089
9505,0.5756385068762279
9506,0.5540275049115914
9507,0.6031434184675835
9508,0.5383104125736738
9509,0.5284872298624754
9510,0.5756385068762279
9511,0.5422396856581533
9512,0.5284872298624754
9513,0.5579567779960707
9514,0.5402750491159135
9515,0.581532416502947
9516,0.5795677799607073
9517,0.5422396856581533
9518,0.5540275049115914
9519,0.6070726915520629
9520,0.5677799607072691
9521,0.5992141453831041
9522,0.5736738703339882
9523,0.5481335952848723
9524,0.593320235756385
9525,0.5658153241650294
9526,0.5834970530451866
9527,0.5461689587426326
9528,0.5363457760314342
9529,0.5893909626719057
9530,0.5677799607072691
9531,0.5854616895874263
9532,0.550098231827112
9533,0.5854616895874263
9534,0.5638506876227898
9535,0.5599214145383105
9536,0.5697445972495089
9537,0.5697445972495089
9538,0.5952848722986247
9539,0.5677799607072691
9540,0.5618860510805501
9541,0.550098231827112
9542,0.5717092337917485
9543,0.5540275049115914
9544,0.5795677799607073
9545,0.5717092337917485
9546,0.5599214145383105
9547,0.6110019646365422
9548,0.5893909626719057
9549,0.5658153241650294
9550,0.5952848722986247
9551,0.5913555992141454
9552,0.5520628683693517
9553,0.5717092337917485
9554,0.5284872298624754
9555,0.5854616895874263
9556,0.5717092337917485
9557,0.5893909626719057
9558,0.5913555992141454
9559,0.5854616895874263
9560,0.5795677799607073
9561,0.5756385068762279
9562,0.5638506876227898
9563,0.5913555992141454
9564,0.5618860510805501
9565,0.5677799607072691
9566,0.5402750491159135
9567,0.5893909626719057
9568,0.5697445972495089
9569,0.5795677799607073
9570,0.581532416502947
9571,0.5461689587426326
9572,0.5776031434184676
9573,0.5638506876227898
9574,0.5540275049115914
9575,0.5618860510805501
9576,0.555992141453831
9577,0.550098231827112
9578,0.5618860510805501
9579,0.5481335952848723
9580,0.5579567779960707
9581,0.5756385068762279
9582,0.555992141453831
9583,0.5736738703339882
9584,0.5795677799607073
9585,0.6168958742632613
9586,0.587426326129666
9587,0.5284872298624754
9588,0.5736738703339882
9589,0.5992141453831041
9590,0.555992141453831
9591,0.5520628683693517
9592,0.5461689587426326
9593,0.5422396856581533
9594,0.5854616895874263
9595,0.5638506876227898
9596,0.5658153241650294
9597,0.5579567779960707
9598,0.5383104125736738
9599,0.555992141453831
9600,0.5481335952848723
9601,0.581532416502947
9602,0.6070726915520629
9603,0.5697445972495089
9604,0.5658153241650294
9605,0.581532416502947
9606,0.5854616895874263
9607,0.5481335952848723
9608,0.5363457760314342
9609,0.587426326129666
9610,0.5284872298624754
9611,0.6149312377210217
9612,0.5913555992141454
9613,0.5697445972495089
9614,0.5383104125736738
9615,0.5697445972495089
9616,0.5834970530451866
9617,0.5717092337917485
9618,0.6011787819253438
9619,0.593320235756385
9620,0.581532416502947
9621,0.5795677799607073
9622,0.5402750491159135
9623,0.5834970530451866
9624,0.5854616895874263
9625,0.5579567779960707
9626,0.555992141453831
9627,0.5677799607072691
9628,0.555992141453831
9629,0.5893909626719057
9630,0.5658153241650294
9631,0.5717092337917485
9632,0.5442043222003929
9633,0.5422396856581533
9634,0.5658153241650294
9635,0.5756385068762279
9636,0.5795677799607073
9637,0.593320235756385
9638,0.5422396856581533
9639,0.5677799607072691
9640,0.5638506876227898
9641,0.5795677799607073
9642,0.5992141453831041
9643,0.5540275049115914
9644,0.5697445972495089
9645,0.5795677799607073
9646,0.5893909626719057
9647,0.5520628683693517
9648,0.5579567779960707
9649,0.5697445972495089
9650,0.5265225933202358
9651,0.5913555992141454
9652,0.5913555992141454
9653,0.5540275049115914
9654,0.6031434184675835
9655,0.5540275049115914
9656,0.6227897838899804
9657,0.5697445972495089
9658,0.5776031434184676
9659,0.6031434184675835
9660,0.550098231827112
9661,0.5776031434184676
9662,0.5599214145383105
9663,0.5540275049115914
9664,0.5736738703339882
9665,0.6031434184675835
9666,0.5736738703339882
9667,0.5717092337917485
9668,0.5442043222003929
9669,0.5736738703339882
9670,0.5736738703339882
9671,0.581532416502947
9672,0.6011787819253438
9673,0.5834970530451866
9674,0.5697445972495089
9675,0.6070726915520629
9676,0.550098231827112
9677,0.587426326129666
9678,0.5776031434184676
9679,0.550098231827112
9680,0.587426326129666
9681,0.587426326129666
9682,0.5736738703339882
9683,0.5343811394891945
9684,0.6031434184675835
9685,0.5638506876227898
9686,0.5579567779960707
9687,0.5540275049115914
9688,0.5540275049115914
9689,0.581532416502947
9690,0.5913555992141454
9691,0.5952848722986247
9692,0.6129666011787819
9693,0.5992141453831041
9694,0.5677799607072691
9695,0.5638506876227898
9696,0.581532416502947
9697,0.5520628683693517
9698,0.5481335952848723
9699,0.5481335952848723
9700,0.5206286836935167
9701,0.5540275049115914
9702,0.5658153241650294
9703,0.5658153241650294
9704,0.5776031434184676
9705,0.5697445972495089
9706,0.5442043222003929
9707,0.5795677799607073
9708,0.5677799607072691
9709,0.581532416502947
9710,0.5481335952848723
9711,0.5422396856581533
9712,0.5736738703339882
9713,0.5795677799607073
9714,0.5383104125736738
9715,0.5893909626719057
9716,0.5717092337917485
9717,0.5776031434184676
9718,0.6011787819253438
9719,0.5638506876227898
9720,0.5225933202357563
9721,0.5579567779960707
9722,0.6129666011787819
9723,0.5579567779960707
9724,0.6051080550098232
9725,0.5795677799607073
9726,0.5854616895874263
9727,0.587426326129666
9728,0.5618860510805501
9729,0.5893909626719057
9730,0.5697445972495089
9731,0.5245579567779961
9732,0.5736738703339882
9733,0.5599214145383105
9734,0.5383104125736738
9735,0.5579567779960707
9736,0.5893909626719057
9737,0.5854616895874263
9738,0.5579567779960707
9739,0.5756385068762279
9740,0.5834970530451866
9741,0.587426326129666
9742,0.5736738703339882
9743,0.5756385068762279
9744,0.5324165029469549
9745,0.5343811394891945
9746,0.5756385068762279
9747,0.5442043222003929
9748,0.5677799607072691
9749,0.581532416502947
9750,0.5677799607072691
9751,0.5952848722986247
9752,0.5756385068762279
9753,0.5618860510805501
9754,0.5952848722986247
9755,0.5461689587426326
9756,0.5697445972495089
9757,0.581532416502947
9758,0.5540275049115914
9759,0.5834970530451866
9760,0.5972495088408645
9761,0.5776031434184676
9762,0.5893909626719057
9763,0.5697445972495089
9764,0.6444007858546169
9765,0.6011787819253438
9766,0.5854616895874263
9767,0.5658153241650294
9768,0.5520628683693517
9769,0.5461689587426326
9770,0.5343811394891945
9771,0.5618860510805501
9772,0.5638506876227898
9773,0.5481335952848723
9774,0.555992141453831
9775,0.555992141453831
9776,0.5618860510805501
9777,0.5717092337917485
9778,0.5756385068762279
9779,0.555992141453831
9780,0.5520628683693517
9781,0.6051080550098232
9782,0.5579567779960707
9783,0.5599214145383105
9784,0.5618860510805501
9785,0.6168958742632613
9786,0.6051080550098232
9787,0.5717092337917485
9788,0.555992141453831
9789,0.555992141453831
9790,0.5756385068762279
9791,0.5540275049115914
9792,0.5481335952848723
9793,0.5952848722986247
9794,0.5972495088408645
9795,0.5697445972495089
9796,0.6011787819253438
9797,0.5854616895874263
9798,0.5697445972495089
9799,0.587426326129666
9800,0.587426326129666
9801,0.5834970530451866
9802,0.5834970530451866
9803,0.5343811394891945
9804,0.5717092337917485
9805,0.555992141453831
9806,0.5677799607072691
9807,0.5834970530451866
9808,0.5972495088408645
9809,0.5461689587426326
9810,0.5776031434184676
9811,0.5776031434184676
9812,0.5736738703339882
9813,0.618860510805501
9814,0.5402750491159135
9815,0.5383104125736738
9816,0.5658153241650294
9817,0.6011787819253438
9818,0.5658153241650294
9819,0.587426326129666
9820,0.587426326129666
9821,0.5795677799607073
9822,0.5343811394891945
9823,0.5599214145383105
9824,0.555992141453831
9825,0.5658153241650294
9826,0.5697445972495089
9827,0.5697445972495089
9828,0.5736738703339882
9829,0.6070726915520629
9830,0.5697445972495089
9831,0.5363457760314342
9832,0.5952848722986247
9833,0.5717092337917485
9834,0.5638506876227898
9835,0.5677799607072691
9836,0.5795677799607073
9837,0.593320235756385
9838,0.5952848722986247
9839,0.5717092337917485
9840,0.587426326129666
9841,0.6011787819253438
9842,0.5776031434184676
9843,0.5442043222003929
9844,0.550098231827112
9845,0.5618860510805501
9846,0.5579567779960707
9847,0.5834970530451866
9848,0.5756385068762279
9849,0.581532416502947
9850,0.581532416502947
9851,0.5599214145383105
9852,0.5952848722986247
9853,0.581532416502947
9854,0.5363457760314342
9855,0.5481335952848723
9856,0.5756385068762279
9857,0.5717092337917485
9858,0.5697445972495089
9859,0.5658153241650294
9860,0.5402750491159135
9861,0.6011787819253438
9862,0.5324165029469549
9863,0.5795677799607073
9864,0.5697445972495089
9865,0.5579567779960707
9866,0.5697445972495089
9867,0.6031434184675835
9868,0.5618860510805501
9869,0.5893909626719057
9870,0.555992141453831
9871,0.5776031434184676
9872,0.5913555992141454
9873,0.5736738703339882
9874,0.581532416502947
9875,0.5776031434184676
9876,0.5618860510805501
9877,0.5697445972495089
9878,0.5324165029469549
9879,0.5834970530451866
9880,0.5736738703339882
9881,0.5520628683693517
9882,0.5481335952848723
9883,0.5677799607072691
9884,0.581532416502947
9885,0.5481335952848723
9886,0.5736738703339882
9887,0.555992141453831
9888,0.5854616895874263
9889,0.5540275049115914
9890,0.5992141453831041
9891,0.5756385068762279
9892,0.5795677799607073
9893,0.5893909626719057
9894,0.6051080550098232
9895,0.581532416502947
9896,0.6011787819253438
9897,0.5481335952848723
9898,0.5736738703339882
9899,0.555992141453831
9900,0.5442043222003929
9901,0.5599214145383105
9902,0.5618860510805501
9903,0.5618860510805501
9904,0.5658153241650294
9905,0.5520628683693517
9906,0.5854616895874263
9907,0.5795677799607073
9908,0.5540275049115914
9909,0.593320235756385
9910,0.5697445972495089
9911,0.5756385068762279
9912,0.5618860510805501
9913,0.5422396856581533
9914,0.5736738703339882
9915,0.555992141453831
9916,0.5599214145383105
9917,0.581532416502947
9918,0.5618860510805501
9919,0.5304518664047151
9920,0.5422396856581533
9921,0.5599214145383105
9922,0.5756385068762279
9923,0.6031434184675835
9924,0.587426326129666
9925,0.5461689587426326
9926,0.5834970530451866
9927,0.5952848722986247
9928,0.5776031434184676
9929,0.5756385068762279
9930,0.5697445972495089
9931,0.5854616895874263
9932,0.5854616895874263
9933,0.5736738703339882
9934,0.5795677799607073
9935,0.5324165029469549
9936,0.5736738703339882
9937,0.5776031434184676
9938,0.5776031434184676
9939,0.5599214145383105
9940,0.5854616895874263
9941,0.555992141453831
9942,0.5756385068762279
9943,0.5461689587426326
9944,0.5795677799607073
9945,0.581532416502947
9946,0.593320235756385
9947,0.5795677799607073
9948,0.5638506876227898
9949,0.5717092337917485
9950,0.5579567779960707
9951,0.5461689587426326
9952,0.5736738703339882
9953,0.5736738703339882
9954,0.5540275049115914
9955,0.593320235756385
9956,0.5992141453831041
9957,0.5992141453831041
9958,0.5952848722986247
9959,0.5776031434184676
9960,0.550098231827112
9961,0.5383104125736738
9962,0.5756385068762279
9963,0.5599214145383105
9964,0.5579567779960707
9965,0.5658153241650294
9966,0.5363457760314342
9967,0.5736738703339882
9968,0.550098231827112
9969,0.5795677799607073
9970,0.5540275049115914
9971,0.593320235756385
9972,0.5795677799607073
9973,0.5756385068762279
9974,0.5736738703339882
9975,0.593320235756385
9976,0.5992141453831041
9977,0.587426326129666
9978,0.5481335952848723
9979,0.5854616895874263
9980,0.5618860510805501
9981,0.5284872298624754
9982,0.5834970530451866
9983,0.5776031434184676
9984,0.5776031434184676
9985,0.5481335952848723
9986,0.5677799607072691
9987,0.581532416502947
9988,0.6031434184675835
9989,0.5736738703339882
9990,0.5677799607072691
9991,0.5481335952848723
9992,0.587426326129666
9993,0.581532416502947
9994,0.5736738703339882
9995,0.5599214145383105
9996,0.6070726915520629
9997,0.6168958742632613
9998,0.550098231827112
9999,0.5422396856581533
10000,0.555992141453831
